{"_runtime":2982.102560004,"Validating_Accuracy":0.9942202568054199,"Training_Precision":0.9993184804916382,"Training_AUROC":0.9999987483024597,"Training_Loss":0.0021246779429313664,"Training_Accuracy":0.9993184208869934,"Validating_F1_Score":0.9942178726196289,"Validating_Recall":0.9942203164100647,"Validating_AUROC":0.9999433755874634,"Training_Recall":0.9993184208869934,"Validating_Loss":0.0198924096475821,"_timestamp":1.737650667263608e+09,"Training_F1_Score":0.9993184804916382,"Epoch":100,"Validating_Precision":0.9942432045936584,"_wandb":{"runtime":2982},"_step":100}