{"Epoch":1,"Validating_Recall":0.5415485501289368,"_wandb":{"runtime":245},"Training_AUROC":0.6623854637145996,"Validating_Precision":0.5449863076210022,"Training_Loss":3.25764274846386,"Validating_AUROC":0.9047162532806396,"_step":1,"_runtime":245.238549926,"Training_F1_Score":0.23689834773540497,"_timestamp":1.7376701534392745e+09,"Training_Recall":0.24562431871891022,"Training_Precision":0.23818758130073547,"Validating_Loss":1.1247471537854936,"Validating_F1_Score":0.5262746810913086,"Training_Accuracy":0.24562431871891022,"Validating_Accuracy":0.5415485501289368}