{"Validating_AUROC":0.9788733124732971,"Training_Loss":0.9233359888663275,"_runtime":64.602814312,"Training_Precision":0.6661456227302551,"Training_Recall":0.6525763273239136,"Training_F1_Score":0.6510151028633118,"Validating_Accuracy":0.8537622690200806,"Validating_F1_Score":0.84050452709198,"_timestamp":1.7376473648733041e+09,"Validating_Precision":0.8600665330886841,"Validating_Loss":0.3263881595598327,"_step":0,"_wandb":{"runtime":83},"Training_Accuracy":0.6525763273239136,"Training_AUROC":0.9416614770889282,"Epoch":1,"Validating_Recall":0.8537622690200806}