{"_timestamp":1.7376932155159547e+09,"Training_Recall":0.9989912509918213,"Training_Loss":0.20523404151870203,"_step":100,"Validating_F1_Score":0.9992369413375854,"Training_Accuracy":0.9989912509918213,"Training_AUROC":0.9996364116668701,"Validating_Recall":0.9992366433143616,"Training_Precision":0.9989913105964661,"Validating_Accuracy":0.9992366433143616,"Training_F1_Score":0.9989912509918213,"Validating_Loss":0.08098180195884197,"Validating_Precision":0.9992396831512451,"Epoch":100,"Validating_AUROC":0.9998364448547363,"_wandb":{"runtime":13522},"_runtime":13522.881464474}