{"Validating_Precision":0.8354171514511108,"Training_F1_Score":0.9352913498878479,"Validating_AUROC":0.9684411883354187,"Training_Accuracy":0.9353189468383789,"_runtime":114.750519775,"_wandb":{"runtime":114},"Training_Precision":0.9352678656578064,"Validating_Loss":0.8510097331470914,"Validating_F1_Score":0.7460503578186035,"Epoch":3,"Training_Recall":0.9353189468383789,"_step":3,"_timestamp":1.7376795812609942e+09,"Training_AUROC":0.9941061735153198,"Training_Loss":0.1591370760200331,"Validating_Accuracy":0.7846238017082214,"Validating_Recall":0.7846237421035767}