{"_timestamp":1.737647603943347e+09,"Epoch":3,"Training_Precision":0.953613817691803,"Validating_F1_Score":0.9491572380065918,"Training_Recall":0.9535850286483765,"Training_Loss":0.11984217486211232,"Training_F1_Score":0.9535976052284241,"Training_AUROC":0.9966776967048645,"Training_Accuracy":0.9535850882530212,"Validating_AUROC":0.9980294704437256,"Validating_Loss":0.12217768995712201,"Validating_Precision":0.9565644264221191,"_wandb":{"runtime":133},"Validating_Recall":0.9496182799339294,"Validating_Accuracy":0.9496183395385742,"_runtime":118.215543649,"_step":2}