{"Training_Recall":0.9473690986633301,"Training_Loss":0.13457047427884378,"Validating_F1_Score":0.867857813835144,"Training_F1_Score":0.9473656415939331,"Validating_Accuracy":0.8833151459693909,"_timestamp":1.7376794504896014e+09,"Training_Accuracy":0.9473691582679749,"Training_Precision":0.9473644495010376,"_step":3,"Validating_AUROC":0.9972134232521057,"Epoch":3,"Validating_Recall":0.8833150863647461,"Validating_Precision":0.926164984703064,"Validating_Loss":0.283945447868771,"_runtime":108.096385577,"_wandb":{"runtime":108},"Training_AUROC":0.9958057999610901}