{"_wandb":{"runtime":2874},"Validating_Loss":0.052320366699455514,"Validating_Recall":0.9878953695297241,"Training_Accuracy":0.9991957545280457,"Training_Precision":0.9991958737373352,"Validating_F1_Score":0.9878755807876587,"_runtime":2874.521351946,"_timestamp":1.7376766293232477e+09,"Training_Recall":0.9991958141326904,"Validating_Accuracy":0.9878953099250793,"Epoch":100,"Training_Loss":0.0022944069525287778,"Validating_AUROC":0.9998496770858765,"Training_F1_Score":0.9991958141326904,"_step":100,"Validating_Precision":0.9885491132736206,"Training_AUROC":0.9999983906745911}