{"Validating_AUROC":0.9999202489852905,"Training_Precision":0.9992640018463135,"Training_Accuracy":0.9992638826370239,"Epoch":100,"Validating_Precision":0.993274986743927,"Training_Recall":0.9992638826370239,"_wandb":{"runtime":2933},"_timestamp":1.7376603014370785e+09,"_step":100,"Validating_Loss":0.025431900226976722,"Training_Loss":0.002134563789633881,"_runtime":2933.52503851,"Validating_Accuracy":0.9932388067245483,"Training_F1_Score":0.9992639422416687,"Validating_F1_Score":0.993239164352417,"Training_AUROC":0.9999986886978149,"Validating_Recall":0.9932388067245483}