path,label
/USERSPACE/DATASETS/CodecFake/C2/C2/F02_p240_069.wav,2
/USERSPACE/DATASETS/CodecFake/C2/C2/F02_p312_163.wav,2
/USERSPACE/DATASETS/CodecFake/C2/C2/F02_SSB09350218.wav,2
/USERSPACE/DATASETS/CodecFake/C2/C2/F02_SSB07620400.wav,2
/USERSPACE/DATASETS/CodecFake/C2/C2/F02_p362_316.wav,2
/USERSPACE/DATASETS/CodecFake/C2/C2/F02_SSB01490391.wav,2
/USERSPACE/DATASETS/CodecFake/C2/C2/F02_p362_215.wav,2
/USERSPACE/DATASETS/CodecFake/C2/C2/F02_p317_115.wav,2
/USERSPACE/DATASETS/CodecFake/C2/C2/F02_SSB07940039.wav,2
/USERSPACE/DATASETS/CodecFake/C2/C2/F02_p314_297.wav,2
/USERSPACE/DATASETS/CodecFake/C2/C2/F02_SSB04070415.wav,2
/USERSPACE/DATASETS/CodecFake/C2/C2/F02_SSB13770231.wav,2
/USERSPACE/DATASETS/CodecFake/C2/C2/F02_p345_308.wav,2
/USERSPACE/DATASETS/CodecFake/C2/C2/F02_SSB19560311.wav,2
/USERSPACE/DATASETS/CodecFake/C2/C2/F02_p287_390.wav,2
/USERSPACE/DATASETS/CodecFake/C2/C2/F02_p288_107.wav,2
/USERSPACE/DATASETS/CodecFake/C2/C2/F02_p267_212.wav,2
/USERSPACE/DATASETS/CodecFake/C2/C2/F02_p343_080.wav,2
/USERSPACE/DATASETS/CodecFake/C2/C2/F02_p257_115.wav,2
/USERSPACE/DATASETS/CodecFake/C2/C2/F02_p312_279.wav,2
/USERSPACE/DATASETS/CodecFake/C2/C2/F02_SSB04070423.wav,2
/USERSPACE/DATASETS/CodecFake/C2/C2/F02_p340_219.wav,2
/USERSPACE/DATASETS/CodecFake/C2/C2/F02_SSB02460390.wav,2
/USERSPACE/DATASETS/CodecFake/C2/C2/F02_SSB05780362.wav,2
/USERSPACE/DATASETS/CodecFake/C2/C2/F02_SSB03850104.wav,2
/USERSPACE/DATASETS/CodecFake/C2/C2/F02_SSB09870211.wav,2
/USERSPACE/DATASETS/CodecFake/C2/C2/F02_SSB05880437.wav,2
/USERSPACE/DATASETS/CodecFake/C2/C2/F02_p260_213.wav,2
/USERSPACE/DATASETS/CodecFake/C2/C2/F02_SSB05350306.wav,2
/USERSPACE/DATASETS/CodecFake/C2/C2/F02_p281_105.wav,2
/USERSPACE/DATASETS/CodecFake/C2/C2/F02_SSB07800164.wav,2
/USERSPACE/DATASETS/CodecFake/C2/C2/F02_SSB10560384.wav,2
/USERSPACE/DATASETS/CodecFake/C2/C2/F02_SSB01450065.wav,2
/USERSPACE/DATASETS/CodecFake/C2/C2/F02_SSB06290254.wav,2
/USERSPACE/DATASETS/CodecFake/C2/C2/F02_p335_255.wav,2
/USERSPACE/DATASETS/CodecFake/C2/C2/F02_SSB04260155.wav,2
/USERSPACE/DATASETS/CodecFake/C2/C2/F02_SSB07800085.wav,2
/USERSPACE/DATASETS/CodecFake/C2/C2/F02_p311_250.wav,2
/USERSPACE/DATASETS/CodecFake/C2/C2/F02_SSB18320399.wav,2
/USERSPACE/DATASETS/CodecFake/C2/C2/F02_SSB01490061.wav,2
/USERSPACE/DATASETS/CodecFake/C2/C2/F02_SSB14020194.wav,2
/USERSPACE/DATASETS/CodecFake/C2/C2/F02_SSB18370074.wav,2
/USERSPACE/DATASETS/CodecFake/C2/C2/F02_SSB04150288.wav,2
/USERSPACE/DATASETS/CodecFake/C2/C2/F02_p254_305.wav,2
/USERSPACE/DATASETS/CodecFake/C2/C2/F02_SSB10640238.wav,2
/USERSPACE/DATASETS/CodecFake/C2/C2/F02_SSB10640070.wav,2
/USERSPACE/DATASETS/CodecFake/C2/C2/F02_p226_279.wav,2
/USERSPACE/DATASETS/CodecFake/C2/C2/F02_p307_232.wav,2
/USERSPACE/DATASETS/CodecFake/C2/C2/F02_p275_054.wav,2
/USERSPACE/DATASETS/CodecFake/C2/C2/F02_SSB02990290.wav,2
/USERSPACE/DATASETS/CodecFake/C2/C2/F02_SSB15930310.wav,2
/USERSPACE/DATASETS/CodecFake/C2/C2/F02_SSB03540207.wav,2
/USERSPACE/DATASETS/CodecFake/C2/C2/F02_SSB03230235.wav,2
/USERSPACE/DATASETS/CodecFake/C2/C2/F02_SSB09130306.wav,2
/USERSPACE/DATASETS/CodecFake/C2/C2/F02_SSB07200207.wav,2
/USERSPACE/DATASETS/CodecFake/C2/C2/F02_p286_288.wav,2
/USERSPACE/DATASETS/CodecFake/C2/C2/F02_SSB07480323.wav,2
/USERSPACE/DATASETS/CodecFake/C2/C2/F02_p279_199.wav,2
/USERSPACE/DATASETS/CodecFake/C2/C2/F02_p256_039.wav,2
/USERSPACE/DATASETS/CodecFake/C2/C2/F02_p251_158.wav,2
/USERSPACE/DATASETS/CodecFake/C2/C2/F02_p340_056.wav,2
/USERSPACE/DATASETS/CodecFake/C2/C2/F02_SSB11610128.wav,2
/USERSPACE/DATASETS/CodecFake/C2/C2/F02_SSB19560357.wav,2
/USERSPACE/DATASETS/CodecFake/C2/C2/F02_p302_036.wav,2
/USERSPACE/DATASETS/CodecFake/C2/C2/F02_p265_167.wav,2
/USERSPACE/DATASETS/CodecFake/C2/C2/F02_p241_269.wav,2
/USERSPACE/DATASETS/CodecFake/C2/C2/F02_p254_030.wav,2
/USERSPACE/DATASETS/CodecFake/C2/C2/F02_p310_016.wav,2
/USERSPACE/DATASETS/CodecFake/C2/C2/F02_SSB16240010.wav,2
/USERSPACE/DATASETS/CodecFake/C2/C2/F02_p374_097.wav,2
/USERSPACE/DATASETS/CodecFake/C2/C2/F02_SSB05780471.wav,2
/USERSPACE/DATASETS/CodecFake/C2/C2/F02_SSB18100401.wav,2
/USERSPACE/DATASETS/CodecFake/C2/C2/F02_SSB02670373.wav,2
/USERSPACE/DATASETS/CodecFake/C2/C2/F02_p281_058.wav,2
/USERSPACE/DATASETS/CodecFake/C2/C2/F02_SSB02610058.wav,2
/USERSPACE/DATASETS/CodecFake/C2/C2/F02_p253_278.wav,2
/USERSPACE/DATASETS/CodecFake/C2/C2/F02_p272_019.wav,2
/USERSPACE/DATASETS/CodecFake/C2/C2/F02_SSB16860058.wav,2
/USERSPACE/DATASETS/CodecFake/C2/C2/F02_SSB14310120.wav,2
/USERSPACE/DATASETS/CodecFake/C2/C2/F02_p267_224.wav,2
/USERSPACE/DATASETS/CodecFake/C2/C2/F02_SSB03070471.wav,2
/USERSPACE/DATASETS/CodecFake/C2/C2/F02_SSB16300196.wav,2
/USERSPACE/DATASETS/CodecFake/C2/C2/F02_SSB07370508.wav,2
/USERSPACE/DATASETS/CodecFake/C2/C2/F02_p339_273.wav,2
/USERSPACE/DATASETS/CodecFake/C2/C2/F02_SSB06140421.wav,2
/USERSPACE/DATASETS/CodecFake/C2/C2/F02_p341_369.wav,2
/USERSPACE/DATASETS/CodecFake/C2/C2/F02_p276_421.wav,2
/USERSPACE/DATASETS/CodecFake/C2/C2/F02_SSB07230387.wav,2
/USERSPACE/DATASETS/CodecFake/C2/C2/F02_SSB11000170.wav,2
/USERSPACE/DATASETS/CodecFake/C2/C2/F02_p304_393.wav,2
/USERSPACE/DATASETS/CodecFake/C2/C2/F02_p288_237.wav,2
/USERSPACE/DATASETS/CodecFake/C2/C2/F02_SSB06090390.wav,2
/USERSPACE/DATASETS/CodecFake/C2/C2/F02_SSB11360129.wav,2
/USERSPACE/DATASETS/CodecFake/C2/C2/F02_SSB00180418.wav,2
/USERSPACE/DATASETS/CodecFake/C2/C2/F02_p277_380.wav,2
/USERSPACE/DATASETS/CodecFake/C2/C2/F02_SSB17590334.wav,2
/USERSPACE/DATASETS/CodecFake/C2/C2/F02_p318_087.wav,2
/USERSPACE/DATASETS/CodecFake/C2/C2/F02_SSB10560336.wav,2
/USERSPACE/DATASETS/CodecFake/C2/C2/F02_SSB06680141.wav,2
/USERSPACE/DATASETS/CodecFake/C2/C2/F02_SSB17590181.wav,2
/USERSPACE/DATASETS/CodecFake/C2/C2/F02_p303_228.wav,2
/USERSPACE/DATASETS/CodecFake/C2/C2/F02_SSB01930446.wav,2
/USERSPACE/DATASETS/CodecFake/C2/C2/F02_p295_282.wav,2
/USERSPACE/DATASETS/CodecFake/C2/C2/F02_p329_209.wav,2
/USERSPACE/DATASETS/CodecFake/C2/C2/F02_p305_027.wav,2
/USERSPACE/DATASETS/CodecFake/C2/C2/F02_SSB04150303.wav,2
/USERSPACE/DATASETS/CodecFake/C2/C2/F02_SSB03790411.wav,2
/USERSPACE/DATASETS/CodecFake/C2/C2/F02_p266_379.wav,2
/USERSPACE/DATASETS/CodecFake/C2/C2/F02_p233_275.wav,2
/USERSPACE/DATASETS/CodecFake/C2/C2/F02_p307_051.wav,2
/USERSPACE/DATASETS/CodecFake/C2/C2/F02_SSB03090075.wav,2
/USERSPACE/DATASETS/CodecFake/C2/C2/F02_SSB04340231.wav,2
/USERSPACE/DATASETS/CodecFake/C2/C2/F02_SSB00110144.wav,2
/USERSPACE/DATASETS/CodecFake/C2/C2/F02_p297_423.wav,2
/USERSPACE/DATASETS/CodecFake/C2/C2/F02_SSB01970245.wav,2
/USERSPACE/DATASETS/CodecFake/C2/C2/F02_SSB17390081.wav,2
/USERSPACE/DATASETS/CodecFake/C2/C2/F02_SSB16070377.wav,2
/USERSPACE/DATASETS/CodecFake/C2/C2/F02_p314_340.wav,2
/USERSPACE/DATASETS/CodecFake/C2/C2/F02_SSB00050111.wav,2
/USERSPACE/DATASETS/CodecFake/C2/C2/F02_SSB10080101.wav,2
/USERSPACE/DATASETS/CodecFake/C2/C2/F02_SSB07490389.wav,2
/USERSPACE/DATASETS/CodecFake/C2/C2/F02_p298_238.wav,2
/USERSPACE/DATASETS/CodecFake/C2/C2/F02_SSB19350377.wav,2
/USERSPACE/DATASETS/CodecFake/C2/C2/F02_SSB03850189.wav,2
/USERSPACE/DATASETS/CodecFake/C2/C2/F02_SSB06860420.wav,2
/USERSPACE/DATASETS/CodecFake/C2/C2/F02_SSB10010388.wav,2
/USERSPACE/DATASETS/CodecFake/C2/C2/F02_p339_180.wav,2
/USERSPACE/DATASETS/CodecFake/C2/C2/F02_p261_166.wav,2
/USERSPACE/DATASETS/CodecFake/C2/C2/F02_p301_097.wav,2
/USERSPACE/DATASETS/CodecFake/C2/C2/F02_SSB15750351.wav,2
/USERSPACE/DATASETS/CodecFake/C2/C2/F02_p310_127.wav,2
/USERSPACE/DATASETS/CodecFake/C2/C2/F02_SSB10500259.wav,2
/USERSPACE/DATASETS/CodecFake/C2/C2/F02_SSB03750196.wav,2
/USERSPACE/DATASETS/CodecFake/C2/C2/F02_SSB18460472.wav,2
/USERSPACE/DATASETS/CodecFake/C2/C2/F02_p339_315.wav,2
/USERSPACE/DATASETS/CodecFake/C2/C2/F02_p347_293.wav,2
/USERSPACE/DATASETS/CodecFake/C2/C2/F02_p340_185.wav,2
/USERSPACE/DATASETS/CodecFake/C2/C2/F02_SSB11250073.wav,2
/USERSPACE/DATASETS/CodecFake/C2/C2/F02_SSB02410093.wav,2
/USERSPACE/DATASETS/CodecFake/C2/C2/F02_p268_121.wav,2
/USERSPACE/DATASETS/CodecFake/C2/C2/F02_SSB03160086.wav,2
/USERSPACE/DATASETS/CodecFake/C2/C2/F02_p306_324.wav,2
/USERSPACE/DATASETS/CodecFake/C2/C2/F02_SSB10560090.wav,2
/USERSPACE/DATASETS/CodecFake/C2/C2/F02_SSB13660470.wav,2
/USERSPACE/DATASETS/CodecFake/C2/C2/F02_p233_171.wav,2
/USERSPACE/DATASETS/CodecFake/C2/C2/F02_p269_039.wav,2
/USERSPACE/DATASETS/CodecFake/C2/C2/F02_p297_318.wav,2
/USERSPACE/DATASETS/CodecFake/C2/C2/F02_SSB00160258.wav,2
/USERSPACE/DATASETS/CodecFake/C2/C2/F02_p279_228.wav,2
/USERSPACE/DATASETS/CodecFake/C2/C2/F02_SSB05340153.wav,2
/USERSPACE/DATASETS/CodecFake/C2/C2/F02_SSB00570225.wav,2
/USERSPACE/DATASETS/CodecFake/C2/C2/F02_SSB12030079.wav,2
/USERSPACE/DATASETS/CodecFake/C2/C2/F02_SSB07840320.wav,2
/USERSPACE/DATASETS/CodecFake/C2/C2/F02_p329_267.wav,2
/USERSPACE/DATASETS/CodecFake/C2/C2/F02_SSB06140503.wav,2
/USERSPACE/DATASETS/CodecFake/C2/C2/F02_SSB18310094.wav,2
/USERSPACE/DATASETS/CodecFake/C2/C2/F02_SSB07460206.wav,2
/USERSPACE/DATASETS/CodecFake/C2/C2/F02_SSB14080149.wav,2
/USERSPACE/DATASETS/CodecFake/C2/C2/F02_p339_391.wav,2
/USERSPACE/DATASETS/CodecFake/C2/C2/F02_SSB11100234.wav,2
/USERSPACE/DATASETS/CodecFake/C2/C2/F02_p230_118.wav,2
/USERSPACE/DATASETS/CodecFake/C2/C2/F02_p293_250.wav,2
/USERSPACE/DATASETS/CodecFake/C2/C2/F02_SSB07480219.wav,2
/USERSPACE/DATASETS/CodecFake/C2/C2/F02_SSB12740459.wav,2
/USERSPACE/DATASETS/CodecFake/C2/C2/F02_SSB06060475.wav,2
/USERSPACE/DATASETS/CodecFake/C2/C2/F02_p312_152.wav,2
/USERSPACE/DATASETS/CodecFake/C2/C2/F02_p252_263.wav,2
/USERSPACE/DATASETS/CodecFake/C2/C2/F02_SSB06710158.wav,2
/USERSPACE/DATASETS/CodecFake/C2/C2/F02_SSB03420062.wav,2
/USERSPACE/DATASETS/CodecFake/C2/C2/F02_SSB06310480.wav,2
/USERSPACE/DATASETS/CodecFake/C2/C2/F02_SSB13400226.wav,2
/USERSPACE/DATASETS/CodecFake/C2/C2/F02_SSB10640476.wav,2
/USERSPACE/DATASETS/CodecFake/C2/C2/F02_SSB13280104.wav,2
/USERSPACE/DATASETS/CodecFake/C2/C2/F02_SSB11760275.wav,2
/USERSPACE/DATASETS/CodecFake/C2/C2/F02_SSB02000240.wav,2
/USERSPACE/DATASETS/CodecFake/C2/C2/F02_SSB03420059.wav,2
/USERSPACE/DATASETS/CodecFake/C2/C2/F02_SSB00570433.wav,2
/USERSPACE/DATASETS/CodecFake/C2/C2/F02_p284_178.wav,2
/USERSPACE/DATASETS/CodecFake/C2/C2/F02_p360_265.wav,2
/USERSPACE/DATASETS/CodecFake/C2/C2/F02_SSB05700288.wav,2
/USERSPACE/DATASETS/CodecFake/C2/C2/F02_SSB00110046.wav,2
/USERSPACE/DATASETS/CodecFake/C2/C2/F02_SSB09130059.wav,2
/USERSPACE/DATASETS/CodecFake/C2/C2/F02_SSB03090012.wav,2
/USERSPACE/DATASETS/CodecFake/C2/C2/F02_p294_162.wav,2
/USERSPACE/DATASETS/CodecFake/C2/C2/F02_SSB05880216.wav,2
/USERSPACE/DATASETS/CodecFake/C2/C2/F02_p343_199.wav,2
/USERSPACE/DATASETS/CodecFake/C2/C2/F02_SSB16070349.wav,2
/USERSPACE/DATASETS/CodecFake/C2/C2/F02_SSB10080066.wav,2
/USERSPACE/DATASETS/CodecFake/C2/C2/F02_SSB11760090.wav,2
/USERSPACE/DATASETS/CodecFake/C2/C2/F02_p336_016.wav,2
/USERSPACE/DATASETS/CodecFake/C2/C2/F02_SSB11870132.wav,2
/USERSPACE/DATASETS/CodecFake/C2/C2/F02_p245_100.wav,2
/USERSPACE/DATASETS/CodecFake/C2/C2/F02_SSB03800318.wav,2
/USERSPACE/DATASETS/CodecFake/C2/C2/F02_p273_038.wav,2
/USERSPACE/DATASETS/CodecFake/C2/C2/F02_SSB13770235.wav,2
/USERSPACE/DATASETS/CodecFake/C2/C2/F02_SSB06290313.wav,2
/USERSPACE/DATASETS/CodecFake/C2/C2/F02_SSB03790331.wav,2
/USERSPACE/DATASETS/CodecFake/C2/C2/F02_SSB12180194.wav,2
/USERSPACE/DATASETS/CodecFake/C2/C2/F02_p253_335.wav,2
/USERSPACE/DATASETS/CodecFake/C2/C2/F02_SSB06710030.wav,2
/USERSPACE/DATASETS/CodecFake/C2/C2/F02_p363_155.wav,2
/USERSPACE/DATASETS/CodecFake/C2/C2/F02_p343_091.wav,2
/USERSPACE/DATASETS/CodecFake/C2/C2/F02_SSB00330137.wav,2
/USERSPACE/DATASETS/CodecFake/C2/C2/F02_p287_126.wav,2
/USERSPACE/DATASETS/CodecFake/C2/C2/F02_p361_255.wav,2
/USERSPACE/DATASETS/CodecFake/C2/C2/F02_SSB14520228.wav,2
/USERSPACE/DATASETS/CodecFake/C2/C2/F02_p339_224.wav,2
/USERSPACE/DATASETS/CodecFake/C2/C2/F02_p318_324.wav,2
/USERSPACE/DATASETS/CodecFake/C2/C2/F02_p264_171.wav,2
/USERSPACE/DATASETS/CodecFake/C2/C2/F02_SSB03850343.wav,2
/USERSPACE/DATASETS/CodecFake/C2/C2/F02_SSB09150340.wav,2
/USERSPACE/DATASETS/CodecFake/C2/C2/F02_SSB13830132.wav,2
/USERSPACE/DATASETS/CodecFake/C2/C2/F02_p307_200.wav,2
/USERSPACE/DATASETS/CodecFake/C2/C2/F02_SSB07840309.wav,2
/USERSPACE/DATASETS/CodecFake/C2/C2/F02_SSB06680494.wav,2
/USERSPACE/DATASETS/CodecFake/C2/C2/F02_p273_025.wav,2
/USERSPACE/DATASETS/CodecFake/C2/C2/F02_p335_135.wav,2
/USERSPACE/DATASETS/CodecFake/C2/C2/F02_SSB03660013.wav,2
/USERSPACE/DATASETS/CodecFake/C2/C2/F02_SSB10020189.wav,2
/USERSPACE/DATASETS/CodecFake/C2/C2/F02_SSB02730197.wav,2
/USERSPACE/DATASETS/CodecFake/C2/C2/F02_SSB17450329.wav,2
/USERSPACE/DATASETS/CodecFake/C2/C2/F02_SSB03660147.wav,2
/USERSPACE/DATASETS/CodecFake/C2/C2/F02_p271_102.wav,2
/USERSPACE/DATASETS/CodecFake/C2/C2/F02_SSB00120365.wav,2
/USERSPACE/DATASETS/CodecFake/C2/C2/F02_p294_015.wav,2
/USERSPACE/DATASETS/CodecFake/C2/C2/F02_SSB09350116.wav,2
/USERSPACE/DATASETS/CodecFake/C2/C2/F02_p329_087.wav,2
/USERSPACE/DATASETS/CodecFake/C2/C2/F02_p312_029.wav,2
/USERSPACE/DATASETS/CodecFake/C2/C2/F02_SSB00380145.wav,2
/USERSPACE/DATASETS/CodecFake/C2/C2/F02_SSB07020360.wav,2
/USERSPACE/DATASETS/CodecFake/C2/C2/F02_SSB06090176.wav,2
/USERSPACE/DATASETS/CodecFake/C2/C2/F02_p251_220.wav,2
/USERSPACE/DATASETS/CodecFake/C2/C2/F02_SSB02410138.wav,2
/USERSPACE/DATASETS/CodecFake/C2/C2/F02_p345_311.wav,2
/USERSPACE/DATASETS/CodecFake/C2/C2/F02_SSB11260121.wav,2
/USERSPACE/DATASETS/CodecFake/C2/C2/F02_SSB00050001.wav,2
/USERSPACE/DATASETS/CodecFake/C2/C2/F02_SSB13410435.wav,2
/USERSPACE/DATASETS/CodecFake/C2/C2/F02_SSB11310491.wav,2
/USERSPACE/DATASETS/CodecFake/C2/C2/F02_SSB13770258.wav,2
/USERSPACE/DATASETS/CodecFake/C2/C2/F02_p339_221.wav,2
/USERSPACE/DATASETS/CodecFake/C2/C2/F02_SSB06660019.wav,2
/USERSPACE/DATASETS/CodecFake/C2/C2/F02_SSB18320081.wav,2
/USERSPACE/DATASETS/CodecFake/C2/C2/F02_SSB18630073.wav,2
/USERSPACE/DATASETS/CodecFake/C2/C2/F02_SSB05940223.wav,2
/USERSPACE/DATASETS/CodecFake/C2/C2/F02_SSB03800141.wav,2
/USERSPACE/DATASETS/CodecFake/C2/C2/F02_SSB09870112.wav,2
/USERSPACE/DATASETS/CodecFake/C2/C2/F02_SSB00120457.wav,2
/USERSPACE/DATASETS/CodecFake/C2/C2/F02_SSB05990077.wav,2
/USERSPACE/DATASETS/CodecFake/C2/C2/F02_SSB07600193.wav,2
/USERSPACE/DATASETS/CodecFake/C2/C2/F02_SSB07020356.wav,2
/USERSPACE/DATASETS/CodecFake/C2/C2/F02_SSB06320391.wav,2
/USERSPACE/DATASETS/CodecFake/C2/C2/F02_SSB13990397.wav,2
/USERSPACE/DATASETS/CodecFake/C2/C2/F02_SSB07940041.wav,2
/USERSPACE/DATASETS/CodecFake/C2/C2/F02_SSB06680495.wav,2
/USERSPACE/DATASETS/CodecFake/C2/C2/F02_SSB00120288.wav,2
/USERSPACE/DATASETS/CodecFake/C2/C2/F02_SSB01330104.wav,2
/USERSPACE/DATASETS/CodecFake/C2/C2/F02_p275_317.wav,2
/USERSPACE/DATASETS/CodecFake/C2/C2/F02_SSB03660397.wav,2
/USERSPACE/DATASETS/CodecFake/C2/C2/F02_SSB03160140.wav,2
/USERSPACE/DATASETS/CodecFake/C2/C2/F02_SSB04340046.wav,2
/USERSPACE/DATASETS/CodecFake/C2/C2/F02_SSB02000175.wav,2
/USERSPACE/DATASETS/CodecFake/C2/C2/F02_SSB07230094.wav,2
/USERSPACE/DATASETS/CodecFake/C2/C2/F02_SSB18370322.wav,2
/USERSPACE/DATASETS/CodecFake/C2/C2/F02_SSB10960221.wav,2
/USERSPACE/DATASETS/CodecFake/C2/C2/F02_SSB00380408.wav,2
/USERSPACE/DATASETS/CodecFake/C2/C2/F02_p263_459.wav,2
/USERSPACE/DATASETS/CodecFake/C2/C2/F02_SSB16990072.wav,2
/USERSPACE/DATASETS/CodecFake/C2/C2/F02_p231_092.wav,2
/USERSPACE/DATASETS/CodecFake/C2/C2/F02_SSB03950139.wav,2
/USERSPACE/DATASETS/CodecFake/C2/C2/F02_p243_080.wav,2
/USERSPACE/DATASETS/CodecFake/C2/C2/F02_SSB04350045.wav,2
/USERSPACE/DATASETS/CodecFake/C2/C2/F02_SSB01930349.wav,2
/USERSPACE/DATASETS/CodecFake/C2/C2/F02_p255_356.wav,2
/USERSPACE/DATASETS/CodecFake/C2/C2/F02_p288_292.wav,2
/USERSPACE/DATASETS/CodecFake/C2/C2/F02_SSB04260435.wav,2
/USERSPACE/DATASETS/CodecFake/C2/C2/F02_p323_307.wav,2
/USERSPACE/DATASETS/CodecFake/C2/C2/F02_SSB07170140.wav,2
/USERSPACE/DATASETS/CodecFake/C2/C2/F02_p314_247.wav,2
/USERSPACE/DATASETS/CodecFake/C2/C2/F02_SSB08220236.wav,2
/USERSPACE/DATASETS/CodecFake/C2/C2/F02_p227_204.wav,2
/USERSPACE/DATASETS/CodecFake/C2/C2/F02_SSB09660500.wav,2
/USERSPACE/DATASETS/CodecFake/C2/C2/F02_p286_055.wav,2
/USERSPACE/DATASETS/CodecFake/C2/C2/F02_p239_272.wav,2
/USERSPACE/DATASETS/CodecFake/C2/C2/F02_SSB05900407.wav,2
/USERSPACE/DATASETS/CodecFake/C2/C2/F02_SSB03660030.wav,2
/USERSPACE/DATASETS/CodecFake/C2/C2/F02_SSB07100378.wav,2
/USERSPACE/DATASETS/CodecFake/C2/C2/F02_SSB07000287.wav,2
/USERSPACE/DATASETS/CodecFake/C2/C2/F02_SSB01390224.wav,2
/USERSPACE/DATASETS/CodecFake/C2/C2/F02_p257_421.wav,2
/USERSPACE/DATASETS/CodecFake/C2/C2/F02_SSB15930045.wav,2
/USERSPACE/DATASETS/CodecFake/C2/C2/F02_SSB05990018.wav,2
/USERSPACE/DATASETS/CodecFake/C2/C2/F02_SSB12150369.wav,2
/USERSPACE/DATASETS/CodecFake/C2/C2/F02_p260_126.wav,2
/USERSPACE/DATASETS/CodecFake/C2/C2/F02_p294_167.wav,2
/USERSPACE/DATASETS/CodecFake/C2/C2/F02_SSB06030176.wav,2
/USERSPACE/DATASETS/CodecFake/C2/C2/F02_p302_252.wav,2
/USERSPACE/DATASETS/CodecFake/C2/C2/F02_SSB18780485.wav,2
/USERSPACE/DATASETS/CodecFake/C2/C2/F02_SSB14480227.wav,2
/USERSPACE/DATASETS/CodecFake/C2/C2/F02_p267_008.wav,2
/USERSPACE/DATASETS/CodecFake/C2/C2/F02_SSB11000367.wav,2
/USERSPACE/DATASETS/CodecFake/C2/C2/F02_SSB04820276.wav,2
/USERSPACE/DATASETS/CodecFake/C2/C2/F02_p271_225.wav,2
/USERSPACE/DATASETS/CodecFake/C2/C2/F02_SSB10720383.wav,2
/USERSPACE/DATASETS/CodecFake/C2/C2/F02_SSB16070136.wav,2
/USERSPACE/DATASETS/CodecFake/C2/C2/F02_SSB05350195.wav,2
/USERSPACE/DATASETS/CodecFake/C2/C2/F02_SSB02410244.wav,2
/USERSPACE/DATASETS/CodecFake/C2/C2/F02_SSB07620244.wav,2
/USERSPACE/DATASETS/CodecFake/C2/C2/F02_p281_436.wav,2
/USERSPACE/DATASETS/CodecFake/C2/C2/F02_SSB07020057.wav,2
/USERSPACE/DATASETS/CodecFake/C2/C2/F02_SSB16700021.wav,2
/USERSPACE/DATASETS/CodecFake/C2/C2/F02_p312_299.wav,2
/USERSPACE/DATASETS/CodecFake/C2/C2/F02_p283_439.wav,2
/USERSPACE/DATASETS/CodecFake/C2/C2/F02_p258_302.wav,2
/USERSPACE/DATASETS/CodecFake/C2/C2/F02_SSB06010345.wav,2
/USERSPACE/DATASETS/CodecFake/C2/C2/F02_p227_257.wav,2
/USERSPACE/DATASETS/CodecFake/C2/C2/F02_SSB13820331.wav,2
/USERSPACE/DATASETS/CodecFake/C2/C2/F02_SSB03850455.wav,2
/USERSPACE/DATASETS/CodecFake/C2/C2/F02_p287_362.wav,2
/USERSPACE/DATASETS/CodecFake/C2/C2/F02_p284_384.wav,2
/USERSPACE/DATASETS/CodecFake/C2/C2/F02_SSB04820101.wav,2
/USERSPACE/DATASETS/CodecFake/C2/C2/F02_SSB11260427.wav,2
/USERSPACE/DATASETS/CodecFake/C2/C2/F02_p306_318.wav,2
/USERSPACE/DATASETS/CodecFake/C2/C2/F02_SSB13820386.wav,2
/USERSPACE/DATASETS/CodecFake/C2/C2/F02_p241_114.wav,2
/USERSPACE/DATASETS/CodecFake/C2/C2/F02_p374_371.wav,2
/USERSPACE/DATASETS/CodecFake/C2/C2/F02_p306_125.wav,2
/USERSPACE/DATASETS/CodecFake/C2/C2/F02_SSB01120276.wav,2
/USERSPACE/DATASETS/CodecFake/C2/C2/F02_SSB01390031.wav,2
/USERSPACE/DATASETS/CodecFake/C2/C2/F02_SSB12210327.wav,2
/USERSPACE/DATASETS/CodecFake/C2/C2/F02_p255_340.wav,2
/USERSPACE/DATASETS/CodecFake/C2/C2/F02_SSB01330194.wav,2
/USERSPACE/DATASETS/CodecFake/C2/C2/F02_SSB04260368.wav,2
/USERSPACE/DATASETS/CodecFake/C2/C2/F02_SSB00430153.wav,2
/USERSPACE/DATASETS/CodecFake/C2/C2/F02_SSB18780366.wav,2
/USERSPACE/DATASETS/CodecFake/C2/C2/F02_SSB05650284.wav,2
/USERSPACE/DATASETS/CodecFake/C2/C2/F02_SSB15930409.wav,2
/USERSPACE/DATASETS/CodecFake/C2/C2/F02_p241_280.wav,2
/USERSPACE/DATASETS/CodecFake/C2/C2/F02_p252_085.wav,2
/USERSPACE/DATASETS/CodecFake/C2/C2/F02_SSB03230384.wav,2
/USERSPACE/DATASETS/CodecFake/C2/C2/F02_SSB09350414.wav,2
/USERSPACE/DATASETS/CodecFake/C2/C2/F02_SSB15550483.wav,2
/USERSPACE/DATASETS/CodecFake/C2/C2/F02_SSB11310490.wav,2
/USERSPACE/DATASETS/CodecFake/C2/C2/F02_SSB03230372.wav,2
/USERSPACE/DATASETS/CodecFake/C2/C2/F02_p343_311.wav,2
/USERSPACE/DATASETS/CodecFake/C2/C2/F02_SSB09970123.wav,2
/USERSPACE/DATASETS/CodecFake/C2/C2/F02_SSB13650306.wav,2
/USERSPACE/DATASETS/CodecFake/C2/C2/F02_SSB01120240.wav,2
/USERSPACE/DATASETS/CodecFake/C2/C2/F02_SSB03390319.wav,2
/USERSPACE/DATASETS/CodecFake/C2/C2/F02_SSB00330350.wav,2
/USERSPACE/DATASETS/CodecFake/C2/C2/F02_SSB06140184.wav,2
/USERSPACE/DATASETS/CodecFake/C2/C2/F02_SSB00160081.wav,2
/USERSPACE/DATASETS/CodecFake/C2/C2/F02_p339_218.wav,2
/USERSPACE/DATASETS/CodecFake/C2/C2/F02_SSB05990456.wav,2
/USERSPACE/DATASETS/CodecFake/C2/C2/F02_SSB11310084.wav,2
/USERSPACE/DATASETS/CodecFake/C2/C2/F02_SSB10200100.wav,2
/USERSPACE/DATASETS/CodecFake/C2/C2/F02_p305_319.wav,2
/USERSPACE/DATASETS/CodecFake/C2/C2/F02_SSB15930211.wav,2
/USERSPACE/DATASETS/CodecFake/C2/C2/F02_SSB15850406.wav,2
/USERSPACE/DATASETS/CodecFake/C2/C2/F02_SSB19350089.wav,2
/USERSPACE/DATASETS/CodecFake/C2/C2/F02_SSB07110078.wav,2
/USERSPACE/DATASETS/CodecFake/C2/C2/F02_SSB02880216.wav,2
/USERSPACE/DATASETS/CodecFake/C2/C2/F02_p311_229.wav,2
/USERSPACE/DATASETS/CodecFake/C2/C2/F02_SSB02670485.wav,2
/USERSPACE/DATASETS/CodecFake/C2/C2/F02_SSB11310468.wav,2
/USERSPACE/DATASETS/CodecFake/C2/C2/F02_p256_007.wav,2
/USERSPACE/DATASETS/CodecFake/C2/C2/F02_p312_362.wav,2
/USERSPACE/DATASETS/CodecFake/C2/C2/F02_SSB03390402.wav,2
/USERSPACE/DATASETS/CodecFake/C2/C2/F02_SSB05650236.wav,2
/USERSPACE/DATASETS/CodecFake/C2/C2/F02_p297_290.wav,2
/USERSPACE/DATASETS/CodecFake/C2/C2/F02_SSB04260029.wav,2
/USERSPACE/DATASETS/CodecFake/C2/C2/F02_SSB03820373.wav,2
/USERSPACE/DATASETS/CodecFake/C2/C2/F02_p333_390.wav,2
/USERSPACE/DATASETS/CodecFake/C2/C2/F02_p351_223.wav,2
/USERSPACE/DATASETS/CodecFake/C2/C2/F02_p262_356.wav,2
/USERSPACE/DATASETS/CodecFake/C2/C2/F02_p245_228.wav,2
/USERSPACE/DATASETS/CodecFake/C2/C2/F02_p287_102.wav,2
/USERSPACE/DATASETS/CodecFake/C2/C2/F02_SSB05780396.wav,2
/USERSPACE/DATASETS/CodecFake/C2/C2/F02_SSB06660238.wav,2
/USERSPACE/DATASETS/CodecFake/C2/C2/F02_p250_257.wav,2
/USERSPACE/DATASETS/CodecFake/C2/C2/F02_p340_258.wav,2
/USERSPACE/DATASETS/CodecFake/C2/C2/F02_p288_119.wav,2
/USERSPACE/DATASETS/CodecFake/C2/C2/F02_SSB03750399.wav,2
/USERSPACE/DATASETS/CodecFake/C2/C2/F02_SSB06710337.wav,2
/USERSPACE/DATASETS/CodecFake/C2/C2/F02_SSB05780442.wav,2
/USERSPACE/DATASETS/CodecFake/C2/C2/F02_SSB07600236.wav,2
/USERSPACE/DATASETS/CodecFake/C2/C2/F02_p278_165.wav,2
/USERSPACE/DATASETS/CodecFake/C2/C2/F02_SSB11610087.wav,2
/USERSPACE/DATASETS/CodecFake/C2/C2/F02_p312_411.wav,2
/USERSPACE/DATASETS/CodecFake/C2/C2/F02_SSB16300182.wav,2
/USERSPACE/DATASETS/CodecFake/C2/C2/F02_SSB12150063.wav,2
/USERSPACE/DATASETS/CodecFake/C2/C2/F02_p247_262.wav,2
/USERSPACE/DATASETS/CodecFake/C2/C2/F02_SSB03820084.wav,2
/USERSPACE/DATASETS/CodecFake/C2/C2/F02_p278_021.wav,2
/USERSPACE/DATASETS/CodecFake/C2/C2/F02_SSB06030027.wav,2
/USERSPACE/DATASETS/CodecFake/C2/C2/F02_p284_310.wav,2
/USERSPACE/DATASETS/CodecFake/C2/C2/F02_SSB17450016.wav,2
/USERSPACE/DATASETS/CodecFake/C2/C2/F02_SSB04700261.wav,2
/USERSPACE/DATASETS/CodecFake/C2/C2/F02_p303_236.wav,2
/USERSPACE/DATASETS/CodecFake/C2/C2/F02_p282_090.wav,2
/USERSPACE/DATASETS/CodecFake/C2/C2/F02_p298_032.wav,2
/USERSPACE/DATASETS/CodecFake/C2/C2/F02_p248_145.wav,2
/USERSPACE/DATASETS/CodecFake/C2/C2/F02_SSB03660208.wav,2
/USERSPACE/DATASETS/CodecFake/C2/C2/F02_p343_346.wav,2
/USERSPACE/DATASETS/CodecFake/C2/C2/F02_p263_444.wav,2
/USERSPACE/DATASETS/CodecFake/C2/C2/F02_p326_118.wav,2
/USERSPACE/DATASETS/CodecFake/C2/C2/F02_SSB02610472.wav,2
/USERSPACE/DATASETS/CodecFake/C2/C2/F02_p330_229.wav,2
/USERSPACE/DATASETS/CodecFake/C2/C2/F02_SSB07800256.wav,2
/USERSPACE/DATASETS/CodecFake/C2/C2/F02_SSB13650089.wav,2
/USERSPACE/DATASETS/CodecFake/C2/C2/F02_SSB11260268.wav,2
/USERSPACE/DATASETS/CodecFake/C2/C2/F02_SSB04700300.wav,2
/USERSPACE/DATASETS/CodecFake/C2/C2/F02_SSB03820222.wav,2
/USERSPACE/DATASETS/CodecFake/C2/C2/F02_SSB00160473.wav,2
/USERSPACE/DATASETS/CodecFake/C2/C2/F02_p351_035.wav,2
/USERSPACE/DATASETS/CodecFake/C2/C2/F02_p270_290.wav,2
/USERSPACE/DATASETS/CodecFake/C2/C2/F02_p255_252.wav,2
/USERSPACE/DATASETS/CodecFake/C2/C2/F02_p304_104.wav,2
/USERSPACE/DATASETS/CodecFake/C2/C2/F02_SSB18370344.wav,2
/USERSPACE/DATASETS/CodecFake/C2/C2/F02_SSB18280116.wav,2
/USERSPACE/DATASETS/CodecFake/C2/C2/F02_SSB13200186.wav,2
/USERSPACE/DATASETS/CodecFake/C2/C2/F02_p298_217.wav,2
/USERSPACE/DATASETS/CodecFake/C2/C2/F02_p259_360.wav,2
/USERSPACE/DATASETS/CodecFake/C2/C2/F02_SSB07160003.wav,2
/USERSPACE/DATASETS/CodecFake/C2/C2/F02_SSB12740246.wav,2
/USERSPACE/DATASETS/CodecFake/C2/C2/F02_p270_261.wav,2
/USERSPACE/DATASETS/CodecFake/C2/C2/F02_SSB11350215.wav,2
/USERSPACE/DATASETS/CodecFake/C2/C2/F02_SSB03800172.wav,2
/USERSPACE/DATASETS/CodecFake/C2/C2/F02_SSB02730159.wav,2
/USERSPACE/DATASETS/CodecFake/C2/C2/F02_SSB03950484.wav,2
/USERSPACE/DATASETS/CodecFake/C2/C2/F02_SSB06060443.wav,2
/USERSPACE/DATASETS/CodecFake/C2/C2/F02_SSB12160320.wav,2
/USERSPACE/DATASETS/CodecFake/C2/C2/F02_SSB04070395.wav,2
/USERSPACE/DATASETS/CodecFake/C2/C2/F02_SSB07200159.wav,2
/USERSPACE/DATASETS/CodecFake/C2/C2/F02_SSB06030011.wav,2
/USERSPACE/DATASETS/CodecFake/C2/C2/F02_p243_372.wav,2
/USERSPACE/DATASETS/CodecFake/C2/C2/F02_SSB07200017.wav,2
/USERSPACE/DATASETS/CodecFake/C2/C2/F02_p306_073.wav,2
/USERSPACE/DATASETS/CodecFake/C2/C2/F02_SSB01930411.wav,2
/USERSPACE/DATASETS/CodecFake/C2/C2/F02_SSB13280159.wav,2
/USERSPACE/DATASETS/CodecFake/C2/C2/F02_p313_291.wav,2
/USERSPACE/DATASETS/CodecFake/C2/C2/F02_p304_341.wav,2
/USERSPACE/DATASETS/CodecFake/C2/C2/F02_p313_104.wav,2
/USERSPACE/DATASETS/CodecFake/C2/C2/F02_SSB07110384.wav,2
/USERSPACE/DATASETS/CodecFake/C2/C2/F02_SSB16240168.wav,2
/USERSPACE/DATASETS/CodecFake/C2/C2/F02_SSB03820146.wav,2
/USERSPACE/DATASETS/CodecFake/C2/C2/F02_p361_015.wav,2
/USERSPACE/DATASETS/CodecFake/C2/C2/F02_SSB07230125.wav,2
/USERSPACE/DATASETS/CodecFake/C2/C2/F02_SSB12030093.wav,2
/USERSPACE/DATASETS/CodecFake/C2/C2/F02_SSB02870114.wav,2
/USERSPACE/DATASETS/CodecFake/C2/C2/F02_p226_159.wav,2
/USERSPACE/DATASETS/CodecFake/C2/C2/F02_SSB08170265.wav,2
/USERSPACE/DATASETS/CodecFake/C2/C2/F02_SSB18090198.wav,2
/USERSPACE/DATASETS/CodecFake/C2/C2/F02_SSB10640367.wav,2
/USERSPACE/DATASETS/CodecFake/C2/C2/F02_SSB19350024.wav,2
/USERSPACE/DATASETS/CodecFake/C2/C2/F02_SSB00180493.wav,2
/USERSPACE/DATASETS/CodecFake/C2/C2/F02_p231_194.wav,2
/USERSPACE/DATASETS/CodecFake/C2/C2/F02_SSB07600251.wav,2
/USERSPACE/DATASETS/CodecFake/C2/C2/F02_SSB07230434.wav,2
/USERSPACE/DATASETS/CodecFake/C2/C2/F02_SSB10720127.wav,2
/USERSPACE/DATASETS/CodecFake/C2/C2/F02_SSB04700468.wav,2
/USERSPACE/DATASETS/CodecFake/C2/C2/F02_p340_105.wav,2
/USERSPACE/DATASETS/CodecFake/C2/C2/F02_p317_343.wav,2
/USERSPACE/DATASETS/CodecFake/C2/C2/F02_SSB03090200.wav,2
/USERSPACE/DATASETS/CodecFake/C2/C2/F02_SSB08170339.wav,2
/USERSPACE/DATASETS/CodecFake/C2/C2/F02_SSB10010510.wav,2
/USERSPACE/DATASETS/CodecFake/C2/C2/F02_SSB16840228.wav,2
/USERSPACE/DATASETS/CodecFake/C2/C2/F02_SSB06710367.wav,2
/USERSPACE/DATASETS/CodecFake/C2/C2/F02_SSB07580129.wav,2
/USERSPACE/DATASETS/CodecFake/C2/C2/F02_p281_368.wav,2
/USERSPACE/DATASETS/CodecFake/C2/C2/F02_SSB10550094.wav,2
/USERSPACE/DATASETS/CodecFake/C2/C2/F02_p305_225.wav,2
/USERSPACE/DATASETS/CodecFake/C2/C2/F02_SSB03380346.wav,2
/USERSPACE/DATASETS/CodecFake/C2/C2/F02_SSB00430426.wav,2
/USERSPACE/DATASETS/CodecFake/C2/C2/F02_SSB05880496.wav,2
/USERSPACE/DATASETS/CodecFake/C2/C2/F02_SSB03540043.wav,2
/USERSPACE/DATASETS/CodecFake/C2/C2/F02_SSB07360347.wav,2
/USERSPACE/DATASETS/CodecFake/C2/C2/F02_SSB19390395.wav,2
/USERSPACE/DATASETS/CodecFake/C2/C2/F02_SSB03660068.wav,2
/USERSPACE/DATASETS/CodecFake/C2/C2/F02_SSB10240406.wav,2
/USERSPACE/DATASETS/CodecFake/C2/C2/F02_SSB00050438.wav,2
/USERSPACE/DATASETS/CodecFake/C2/C2/F02_p285_085.wav,2
/USERSPACE/DATASETS/CodecFake/C2/C2/F02_SSB04700326.wav,2
/USERSPACE/DATASETS/CodecFake/C2/C2/F02_SSB07370119.wav,2
/USERSPACE/DATASETS/CodecFake/C2/C2/F02_p266_354.wav,2
/USERSPACE/DATASETS/CodecFake/C2/C2/F02_p281_130.wav,2
/USERSPACE/DATASETS/CodecFake/C2/C2/F02_p278_005.wav,2
/USERSPACE/DATASETS/CodecFake/C2/C2/F02_p270_400.wav,2
/USERSPACE/DATASETS/CodecFake/C2/C2/F02_SSB09150268.wav,2
/USERSPACE/DATASETS/CodecFake/C2/C2/F02_p307_027.wav,2
/USERSPACE/DATASETS/CodecFake/C2/C2/F02_p281_335.wav,2
/USERSPACE/DATASETS/CodecFake/C2/C2/F02_SSB04270145.wav,2
/USERSPACE/DATASETS/CodecFake/C2/C2/F02_SSB07860335.wav,2
/USERSPACE/DATASETS/CodecFake/C2/C2/F02_SSB02990365.wav,2
/USERSPACE/DATASETS/CodecFake/C2/C2/F02_p280_360.wav,2
/USERSPACE/DATASETS/CodecFake/C2/C2/F02_SSB03950006.wav,2
/USERSPACE/DATASETS/CodecFake/C2/C2/F02_SSB00090085.wav,2
/USERSPACE/DATASETS/CodecFake/C2/C2/F02_SSB05880417.wav,2
/USERSPACE/DATASETS/CodecFake/C2/C2/F02_SSB10550372.wav,2
/USERSPACE/DATASETS/CodecFake/C2/C2/F02_SSB10560353.wav,2
/USERSPACE/DATASETS/CodecFake/C2/C2/F02_SSB00430043.wav,2
/USERSPACE/DATASETS/CodecFake/C2/C2/F02_SSB05940266.wav,2
/USERSPACE/DATASETS/CodecFake/C2/C2/F02_SSB07110272.wav,2
/USERSPACE/DATASETS/CodecFake/C2/C2/F02_SSB01390303.wav,2
/USERSPACE/DATASETS/CodecFake/C2/C2/F02_SSB01970354.wav,2
/USERSPACE/DATASETS/CodecFake/C2/C2/F02_SSB04820091.wav,2
/USERSPACE/DATASETS/CodecFake/C2/C2/F02_SSB07800043.wav,2
/USERSPACE/DATASETS/CodecFake/C2/C2/F02_SSB12190334.wav,2
/USERSPACE/DATASETS/CodecFake/C2/C2/F02_SSB03150174.wav,2
/USERSPACE/DATASETS/CodecFake/C2/C2/F02_SSB13280479.wav,2
/USERSPACE/DATASETS/CodecFake/C2/C2/F02_SSB07000352.wav,2
/USERSPACE/DATASETS/CodecFake/C2/C2/F02_SSB18910355.wav,2
/USERSPACE/DATASETS/CodecFake/C2/C2/F02_SSB11350286.wav,2
/USERSPACE/DATASETS/CodecFake/C2/C2/F02_p374_188.wav,2
/USERSPACE/DATASETS/CodecFake/C2/C2/F02_p255_157.wav,2
/USERSPACE/DATASETS/CodecFake/C2/C2/F02_SSB06710117.wav,2
/USERSPACE/DATASETS/CodecFake/C2/C2/F02_SSB18320441.wav,2
/USERSPACE/DATASETS/CodecFake/C2/C2/F02_SSB02460214.wav,2
/USERSPACE/DATASETS/CodecFake/C2/C2/F02_p284_317.wav,2
/USERSPACE/DATASETS/CodecFake/C2/C2/F02_SSB06660124.wav,2
/USERSPACE/DATASETS/CodecFake/C2/C2/F02_p294_297.wav,2
/USERSPACE/DATASETS/CodecFake/C2/C2/F02_SSB11310241.wav,2
/USERSPACE/DATASETS/CodecFake/C2/C2/F02_p336_012.wav,2
/USERSPACE/DATASETS/CodecFake/C2/C2/F02_p276_089.wav,2
/USERSPACE/DATASETS/CodecFake/C2/C2/F02_SSB11610372.wav,2
/USERSPACE/DATASETS/CodecFake/C2/C2/F02_SSB10720217.wav,2
/USERSPACE/DATASETS/CodecFake/C2/C2/F02_p277_410.wav,2
/USERSPACE/DATASETS/CodecFake/C2/C2/F02_SSB07800332.wav,2
/USERSPACE/DATASETS/CodecFake/C2/C2/F02_p253_063.wav,2
/USERSPACE/DATASETS/CodecFake/C2/C2/F02_SSB06070378.wav,2
/USERSPACE/DATASETS/CodecFake/C2/C2/F02_SSB05440383.wav,2
/USERSPACE/DATASETS/CodecFake/C2/C2/F02_SSB02880044.wav,2
/USERSPACE/DATASETS/CodecFake/C2/C2/F02_p241_310.wav,2
/USERSPACE/DATASETS/CodecFake/C2/C2/F02_SSB00430072.wav,2
/USERSPACE/DATASETS/CodecFake/C2/C2/F02_p326_081.wav,2
/USERSPACE/DATASETS/CodecFake/C2/C2/F02_SSB19350003.wav,2
/USERSPACE/DATASETS/CodecFake/C2/C2/F02_p336_322.wav,2
/USERSPACE/DATASETS/CodecFake/C2/C2/F02_SSB09150347.wav,2
/USERSPACE/DATASETS/CodecFake/C2/C2/F02_SSB07600052.wav,2
/USERSPACE/DATASETS/CodecFake/C2/C2/F02_SSB18910260.wav,2
/USERSPACE/DATASETS/CodecFake/C2/C2/F02_p315_230.wav,2
/USERSPACE/DATASETS/CodecFake/C2/C2/F02_SSB11350042.wav,2
/USERSPACE/DATASETS/CodecFake/C2/C2/F02_p228_050.wav,2
/USERSPACE/DATASETS/CodecFake/C2/C2/F02_SSB03410390.wav,2
/USERSPACE/DATASETS/CodecFake/C2/C2/F02_SSB11380317.wav,2
/USERSPACE/DATASETS/CodecFake/C2/C2/F02_p236_431.wav,2
/USERSPACE/DATASETS/CodecFake/C2/C2/F02_p255_321.wav,2
/USERSPACE/DATASETS/CodecFake/C2/C2/F02_SSB00050420.wav,2
/USERSPACE/DATASETS/CodecFake/C2/C2/F02_SSB03540134.wav,2
/USERSPACE/DATASETS/CodecFake/C2/C2/F02_SSB03940136.wav,2
/USERSPACE/DATASETS/CodecFake/C2/C2/F02_p318_316.wav,2
/USERSPACE/DATASETS/CodecFake/C2/C2/F02_SSB03230067.wav,2
/USERSPACE/DATASETS/CodecFake/C2/C2/F02_SSB01390326.wav,2
/USERSPACE/DATASETS/CodecFake/C2/C2/F02_p278_146.wav,2
/USERSPACE/DATASETS/CodecFake/C2/C2/F02_SSB16500220.wav,2
/USERSPACE/DATASETS/CodecFake/C2/C2/F02_p244_260.wav,2
/USERSPACE/DATASETS/CodecFake/C2/C2/F02_p329_424.wav,2
/USERSPACE/DATASETS/CodecFake/C2/C2/F02_SSB07620485.wav,2
/USERSPACE/DATASETS/CodecFake/C2/C2/F02_SSB03160184.wav,2
/USERSPACE/DATASETS/CodecFake/C2/C2/F02_SSB19020448.wav,2
/USERSPACE/DATASETS/CodecFake/C2/C2/F02_p351_415.wav,2
/USERSPACE/DATASETS/CodecFake/C2/C2/F02_SSB05440398.wav,2
/USERSPACE/DATASETS/CodecFake/C2/C2/F02_p307_019.wav,2
/USERSPACE/DATASETS/CodecFake/C2/C2/F02_SSB00800446.wav,2
/USERSPACE/DATASETS/CodecFake/C2/C2/F02_SSB02880392.wav,2
/USERSPACE/DATASETS/CodecFake/C2/C2/F02_SSB18280362.wav,2
/USERSPACE/DATASETS/CodecFake/C2/C2/F02_p240_081.wav,2
/USERSPACE/DATASETS/CodecFake/C2/C2/F02_SSB19020150.wav,2
/USERSPACE/DATASETS/CodecFake/C2/C2/F02_p333_169.wav,2
/USERSPACE/DATASETS/CodecFake/C2/C2/F02_p234_228.wav,2
/USERSPACE/DATASETS/CodecFake/C2/C2/F02_p288_168.wav,2
/USERSPACE/DATASETS/CodecFake/C2/C2/F02_SSB06710335.wav,2
/USERSPACE/DATASETS/CodecFake/C2/C2/F02_p249_279.wav,2
/USERSPACE/DATASETS/CodecFake/C2/C2/F02_p272_392.wav,2
/USERSPACE/DATASETS/CodecFake/C2/C2/F02_SSB18460385.wav,2
/USERSPACE/DATASETS/CodecFake/C2/C2/F02_p317_263.wav,2
/USERSPACE/DATASETS/CodecFake/C2/C2/F02_SSB15670134.wav,2
/USERSPACE/DATASETS/CodecFake/C2/C2/F02_p287_326.wav,2
/USERSPACE/DATASETS/CodecFake/C2/C2/F02_SSB00120436.wav,2
/USERSPACE/DATASETS/CodecFake/C2/C2/F02_SSB07000290.wav,2
/USERSPACE/DATASETS/CodecFake/C2/C2/F02_SSB07020157.wav,2
/USERSPACE/DATASETS/CodecFake/C2/C2/F02_p281_080.wav,2
/USERSPACE/DATASETS/CodecFake/C2/C2/F02_SSB07200327.wav,2
/USERSPACE/DATASETS/CodecFake/C2/C2/F02_SSB05340212.wav,2
/USERSPACE/DATASETS/CodecFake/C2/C2/F02_SSB09350108.wav,2
/USERSPACE/DATASETS/CodecFake/C2/C2/F02_SSB04700050.wav,2
/USERSPACE/DATASETS/CodecFake/C2/C2/F02_SSB05390298.wav,2
/USERSPACE/DATASETS/CodecFake/C2/C2/F02_SSB07460509.wav,2
/USERSPACE/DATASETS/CodecFake/C2/C2/F02_SSB13650214.wav,2
/USERSPACE/DATASETS/CodecFake/C2/C2/F02_SSB07510106.wav,2
/USERSPACE/DATASETS/CodecFake/C2/C2/F02_SSB00430169.wav,2
/USERSPACE/DATASETS/CodecFake/C2/C2/F02_p236_207.wav,2
/USERSPACE/DATASETS/CodecFake/C2/C2/F02_SSB11610407.wav,2
/USERSPACE/DATASETS/CodecFake/C2/C2/F02_p345_145.wav,2
/USERSPACE/DATASETS/CodecFake/C2/C2/F02_p273_403.wav,2
/USERSPACE/DATASETS/CodecFake/C2/C2/F02_SSB00330045.wav,2
/USERSPACE/DATASETS/CodecFake/C2/C2/F02_p233_065.wav,2
/USERSPACE/DATASETS/CodecFake/C2/C2/F02_p304_111.wav,2
/USERSPACE/DATASETS/CodecFake/C2/C2/F02_p243_358.wav,2
/USERSPACE/DATASETS/CodecFake/C2/C2/F02_SSB02460436.wav,2
/USERSPACE/DATASETS/CodecFake/C2/C2/F02_SSB15750496.wav,2
/USERSPACE/DATASETS/CodecFake/C2/C2/F02_p277_354.wav,2
/USERSPACE/DATASETS/CodecFake/C2/C2/F02_SSB05440273.wav,2
/USERSPACE/DATASETS/CodecFake/C2/C2/F02_SSB08870147.wav,2
/USERSPACE/DATASETS/CodecFake/C2/C2/F02_p312_085.wav,2
/USERSPACE/DATASETS/CodecFake/C2/C2/F02_p247_209.wav,2
/USERSPACE/DATASETS/CodecFake/C2/C2/F02_SSB00430274.wav,2
/USERSPACE/DATASETS/CodecFake/C2/C2/F02_SSB10020173.wav,2
/USERSPACE/DATASETS/CodecFake/C2/C2/F02_p229_172.wav,2
/USERSPACE/DATASETS/CodecFake/C2/C2/F02_p334_142.wav,2
/USERSPACE/DATASETS/CodecFake/C2/C2/F02_SSB15850309.wav,2
/USERSPACE/DATASETS/CodecFake/C2/C2/F02_SSB05700197.wav,2
/USERSPACE/DATASETS/CodecFake/C2/C2/F02_SSB14520051.wav,2
/USERSPACE/DATASETS/CodecFake/C2/C2/F02_SSB10550460.wav,2
/USERSPACE/DATASETS/CodecFake/C2/C2/F02_SSB06680237.wav,2
/USERSPACE/DATASETS/CodecFake/C2/C2/F02_p233_026.wav,2
/USERSPACE/DATASETS/CodecFake/C2/C2/F02_p283_052.wav,2
/USERSPACE/DATASETS/CodecFake/C2/C2/F02_p266_412.wav,2
/USERSPACE/DATASETS/CodecFake/C2/C2/F02_SSB19390256.wav,2
/USERSPACE/DATASETS/CodecFake/C2/C2/F02_p233_009.wav,2
/USERSPACE/DATASETS/CodecFake/C2/C2/F02_SSB11000409.wav,2
/USERSPACE/DATASETS/CodecFake/C2/C2/F02_SSB04350485.wav,2
/USERSPACE/DATASETS/CodecFake/C2/C2/F02_p314_083.wav,2
/USERSPACE/DATASETS/CodecFake/C2/C2/F02_SSB18780129.wav,2
/USERSPACE/DATASETS/CodecFake/C2/C2/F02_p340_087.wav,2
/USERSPACE/DATASETS/CodecFake/C2/C2/F02_SSB05650445.wav,2
/USERSPACE/DATASETS/CodecFake/C2/C2/F02_SSB18320366.wav,2
/USERSPACE/DATASETS/CodecFake/C2/C2/F02_SSB10080218.wav,2
/USERSPACE/DATASETS/CodecFake/C2/C2/F02_SSB13650474.wav,2
/USERSPACE/DATASETS/CodecFake/C2/C2/F02_SSB06680300.wav,2
/USERSPACE/DATASETS/CodecFake/C2/C2/F02_SSB07800154.wav,2
/USERSPACE/DATASETS/CodecFake/C2/C2/F02_SSB10080328.wav,2
/USERSPACE/DATASETS/CodecFake/C2/C2/F02_p225_176.wav,2
/USERSPACE/DATASETS/CodecFake/C2/C2/F02_SSB07370135.wav,2
/USERSPACE/DATASETS/CodecFake/C2/C2/F02_SSB09190061.wav,2
/USERSPACE/DATASETS/CodecFake/C2/C2/F02_SSB05350405.wav,2
/USERSPACE/DATASETS/CodecFake/C2/C2/F02_SSB13820266.wav,2
/USERSPACE/DATASETS/CodecFake/C2/C2/F02_SSB07160433.wav,2
/USERSPACE/DATASETS/CodecFake/C2/C2/F02_p261_382.wav,2
/USERSPACE/DATASETS/CodecFake/C2/C2/F02_SSB07360427.wav,2
/USERSPACE/DATASETS/CodecFake/C2/C2/F02_p286_270.wav,2
/USERSPACE/DATASETS/CodecFake/C2/C2/F02_SSB17110157.wav,2
/USERSPACE/DATASETS/CodecFake/C2/C2/F02_SSB07370001.wav,2
/USERSPACE/DATASETS/CodecFake/C2/C2/F02_SSB15670132.wav,2
/USERSPACE/DATASETS/CodecFake/C2/C2/F02_SSB02460310.wav,2
/USERSPACE/DATASETS/CodecFake/C2/C2/F02_SSB07370458.wav,2
/USERSPACE/DATASETS/CodecFake/C2/C2/F02_SSB00180065.wav,2
/USERSPACE/DATASETS/CodecFake/C2/C2/F02_SSB11250031.wav,2
/USERSPACE/DATASETS/CodecFake/C2/C2/F02_p293_345.wav,2
/USERSPACE/DATASETS/CodecFake/C2/C2/F02_SSB07600280.wav,2
/USERSPACE/DATASETS/CodecFake/C2/C2/F02_SSB00570127.wav,2
/USERSPACE/DATASETS/CodecFake/C2/C2/F02_SSB16070352.wav,2
/USERSPACE/DATASETS/CodecFake/C2/C2/F02_p273_028.wav,2
/USERSPACE/DATASETS/CodecFake/C2/C2/F02_p323_310.wav,2
/USERSPACE/DATASETS/CodecFake/C2/C2/F02_SSB04700132.wav,2
/USERSPACE/DATASETS/CodecFake/C2/C2/F02_SSB00110142.wav,2
/USERSPACE/DATASETS/CodecFake/C2/C2/F02_SSB03850461.wav,2
/USERSPACE/DATASETS/CodecFake/C2/C2/F02_SSB15850099.wav,2
/USERSPACE/DATASETS/CodecFake/C2/C2/F02_SSB09350417.wav,2
/USERSPACE/DATASETS/CodecFake/C2/C2/F02_p277_298.wav,2
/USERSPACE/DATASETS/CodecFake/C2/C2/F02_SSB04340130.wav,2
/USERSPACE/DATASETS/CodecFake/C2/C2/F02_SSB04270259.wav,2
/USERSPACE/DATASETS/CodecFake/C2/C2/F02_SSB11360262.wav,2
/USERSPACE/DATASETS/CodecFake/C2/C2/F02_SSB03820185.wav,2
/USERSPACE/DATASETS/CodecFake/C2/C2/F02_SSB19180050.wav,2
/USERSPACE/DATASETS/CodecFake/C2/C2/F02_p301_255.wav,2
/USERSPACE/DATASETS/CodecFake/C2/C2/F02_SSB07460094.wav,2
/USERSPACE/DATASETS/CodecFake/C2/C2/F02_p292_167.wav,2
/USERSPACE/DATASETS/CodecFake/C2/C2/F02_SSB03150150.wav,2
/USERSPACE/DATASETS/CodecFake/C2/C2/F02_SSB07620208.wav,2
/USERSPACE/DATASETS/CodecFake/C2/C2/F02_p231_261.wav,2
/USERSPACE/DATASETS/CodecFake/C2/C2/F02_p286_314.wav,2
/USERSPACE/DATASETS/CodecFake/C2/C2/F02_SSB03950229.wav,2
/USERSPACE/DATASETS/CodecFake/C2/C2/F02_SSB12180155.wav,2
/USERSPACE/DATASETS/CodecFake/C2/C2/F02_SSB13280412.wav,2
/USERSPACE/DATASETS/CodecFake/C2/C2/F02_SSB03070169.wav,2
/USERSPACE/DATASETS/CodecFake/C2/C2/F02_SSB00160209.wav,2
/USERSPACE/DATASETS/CodecFake/C2/C2/F02_SSB03070237.wav,2
/USERSPACE/DATASETS/CodecFake/C2/C2/F02_p360_121.wav,2
/USERSPACE/DATASETS/CodecFake/C2/C2/F02_SSB06290236.wav,2
/USERSPACE/DATASETS/CodecFake/C2/C2/F02_SSB09660455.wav,2
/USERSPACE/DATASETS/CodecFake/C2/C2/F02_SSB10960294.wav,2
/USERSPACE/DATASETS/CodecFake/C2/C2/F02_p226_363.wav,2
/USERSPACE/DATASETS/CodecFake/C2/C2/F02_SSB12210174.wav,2
/USERSPACE/DATASETS/CodecFake/C2/C2/F02_SSB12030399.wav,2
/USERSPACE/DATASETS/CodecFake/C2/C2/F02_SSB03790464.wav,2
/USERSPACE/DATASETS/CodecFake/C2/C2/F02_p268_265.wav,2
/USERSPACE/DATASETS/CodecFake/C2/C2/F02_SSB07620081.wav,2
/USERSPACE/DATASETS/CodecFake/C2/C2/F02_p236_250.wav,2
/USERSPACE/DATASETS/CodecFake/C2/C2/F02_p231_171.wav,2
/USERSPACE/DATASETS/CodecFake/C2/C2/F02_p292_026.wav,2
/USERSPACE/DATASETS/CodecFake/C2/C2/F02_p281_132.wav,2
/USERSPACE/DATASETS/CodecFake/C2/C2/F02_SSB15750273.wav,2
/USERSPACE/DATASETS/CodecFake/C2/C2/F02_SSB05350341.wav,2
/USERSPACE/DATASETS/CodecFake/C2/C2/F02_SSB06320104.wav,2
/USERSPACE/DATASETS/CodecFake/C2/C2/F02_SSB18780250.wav,2
/USERSPACE/DATASETS/CodecFake/C2/C2/F02_SSB13400135.wav,2
/USERSPACE/DATASETS/CodecFake/C2/C2/F02_SSB03790187.wav,2
/USERSPACE/DATASETS/CodecFake/C2/C2/F02_p345_068.wav,2
/USERSPACE/DATASETS/CodecFake/C2/C2/F02_SSB01970169.wav,2
/USERSPACE/DATASETS/CodecFake/C2/C2/F02_SSB07860359.wav,2
/USERSPACE/DATASETS/CodecFake/C2/C2/F02_p335_268.wav,2
/USERSPACE/DATASETS/CodecFake/C2/C2/F02_p360_114.wav,2
/USERSPACE/DATASETS/CodecFake/C2/C2/F02_p239_338.wav,2
/USERSPACE/DATASETS/CodecFake/C2/C2/F02_SSB06290046.wav,2
/USERSPACE/DATASETS/CodecFake/C2/C2/F02_SSB10640493.wav,2
/USERSPACE/DATASETS/CodecFake/C2/C2/F02_SSB00570167.wav,2
/USERSPACE/DATASETS/CodecFake/C2/C2/F02_SSB03940160.wav,2
/USERSPACE/DATASETS/CodecFake/C2/C2/F02_SSB04260180.wav,2
/USERSPACE/DATASETS/CodecFake/C2/C2/F02_SSB03540025.wav,2
/USERSPACE/DATASETS/CodecFake/C2/C2/F02_SSB06930097.wav,2
/USERSPACE/DATASETS/CodecFake/C2/C2/F02_SSB13850130.wav,2
/USERSPACE/DATASETS/CodecFake/C2/C2/F02_SSB02000482.wav,2
/USERSPACE/DATASETS/CodecFake/C2/C2/F02_SSB18090334.wav,2
/USERSPACE/DATASETS/CodecFake/C2/C2/F02_p270_238.wav,2
/USERSPACE/DATASETS/CodecFake/C2/C2/F02_SSB08630339.wav,2
/USERSPACE/DATASETS/CodecFake/C2/C2/F02_p362_134.wav,2
/USERSPACE/DATASETS/CodecFake/C2/C2/F02_p360_416.wav,2
/USERSPACE/DATASETS/CodecFake/C2/C2/F02_p244_196.wav,2
/USERSPACE/DATASETS/CodecFake/C2/C2/F02_SSB16500161.wav,2
/USERSPACE/DATASETS/CodecFake/C2/C2/F02_SSB14480362.wav,2
/USERSPACE/DATASETS/CodecFake/C2/C2/F02_SSB09190309.wav,2
/USERSPACE/DATASETS/CodecFake/C2/C2/F02_p260_142.wav,2
/USERSPACE/DATASETS/CodecFake/C2/C2/F02_SSB01930327.wav,2
/USERSPACE/DATASETS/CodecFake/C2/C2/F02_SSB16700459.wav,2
/USERSPACE/DATASETS/CodecFake/C2/C2/F02_SSB11000458.wav,2
/USERSPACE/DATASETS/CodecFake/C2/C2/F02_p374_147.wav,2
/USERSPACE/DATASETS/CodecFake/C2/C2/F02_SSB07230131.wav,2
/USERSPACE/DATASETS/CodecFake/C2/C2/F02_SSB18060285.wav,2
/USERSPACE/DATASETS/CodecFake/C2/C2/F02_SSB04260329.wav,2
/USERSPACE/DATASETS/CodecFake/C2/C2/F02_p298_134.wav,2
/USERSPACE/DATASETS/CodecFake/C2/C2/F02_SSB07490085.wav,2
/USERSPACE/DATASETS/CodecFake/C2/C2/F02_p281_054.wav,2
/USERSPACE/DATASETS/CodecFake/C2/C2/F02_p300_053.wav,2
/USERSPACE/DATASETS/CodecFake/C2/C2/F02_p312_184.wav,2
/USERSPACE/DATASETS/CodecFake/C2/C2/F02_p257_427.wav,2
/USERSPACE/DATASETS/CodecFake/C2/C2/F02_SSB05780192.wav,2
/USERSPACE/DATASETS/CodecFake/C2/C2/F02_SSB12530234.wav,2
/USERSPACE/DATASETS/CodecFake/C2/C2/F02_SSB11870140.wav,2
/USERSPACE/DATASETS/CodecFake/C2/C2/F02_p314_372.wav,2
/USERSPACE/DATASETS/CodecFake/C2/C2/F02_SSB10240316.wav,2
/USERSPACE/DATASETS/CodecFake/C2/C2/F02_SSB13920093.wav,2
/USERSPACE/DATASETS/CodecFake/C2/C2/F02_p317_386.wav,2
/USERSPACE/DATASETS/CodecFake/C2/C2/F02_SSB18460043.wav,2
/USERSPACE/DATASETS/CodecFake/C2/C2/F02_SSB02990082.wav,2
/USERSPACE/DATASETS/CodecFake/C2/C2/F02_p240_040.wav,2
/USERSPACE/DATASETS/CodecFake/C2/C2/F02_p283_145.wav,2
/USERSPACE/DATASETS/CodecFake/C2/C2/F02_SSB00180376.wav,2
/USERSPACE/DATASETS/CodecFake/C2/C2/F02_SSB11310420.wav,2
/USERSPACE/DATASETS/CodecFake/C2/C2/F02_p361_235.wav,2
/USERSPACE/DATASETS/CodecFake/C2/C2/F02_SSB01220273.wav,2
/USERSPACE/DATASETS/CodecFake/C2/C2/F02_SSB00160365.wav,2
/USERSPACE/DATASETS/CodecFake/C2/C2/F02_SSB18910431.wav,2
/USERSPACE/DATASETS/CodecFake/C2/C2/F02_p360_306.wav,2
/USERSPACE/DATASETS/CodecFake/C2/C2/F02_SSB03790216.wav,2
/USERSPACE/DATASETS/CodecFake/C2/C2/F02_SSB03410149.wav,2
/USERSPACE/DATASETS/CodecFake/C2/C2/F02_SSB01490146.wav,2
/USERSPACE/DATASETS/CodecFake/C2/C2/F02_SSB03940158.wav,2
/USERSPACE/DATASETS/CodecFake/C2/C2/F02_SSB05020371.wav,2
/USERSPACE/DATASETS/CodecFake/C2/C2/F02_SSB03540298.wav,2
/USERSPACE/DATASETS/CodecFake/C2/C2/F02_SSB12160262.wav,2
/USERSPACE/DATASETS/CodecFake/C2/C2/F02_p297_313.wav,2
/USERSPACE/DATASETS/CodecFake/C2/C2/F02_p326_314.wav,2
/USERSPACE/DATASETS/CodecFake/C2/C2/F02_SSB06860054.wav,2
/USERSPACE/DATASETS/CodecFake/C2/C2/F02_SSB11260342.wav,2
/USERSPACE/DATASETS/CodecFake/C2/C2/F02_SSB05650401.wav,2
/USERSPACE/DATASETS/CodecFake/C2/C2/F02_SSB00050402.wav,2
/USERSPACE/DATASETS/CodecFake/C2/C2/F02_SSB03150250.wav,2
/USERSPACE/DATASETS/CodecFake/C2/C2/F02_SSB19020181.wav,2
/USERSPACE/DATASETS/CodecFake/C2/C2/F02_SSB00180112.wav,2
/USERSPACE/DATASETS/CodecFake/C2/C2/F02_SSB07370080.wav,2
/USERSPACE/DATASETS/CodecFake/C2/C2/F02_SSB06030263.wav,2
/USERSPACE/DATASETS/CodecFake/C2/C2/F02_SSB05340299.wav,2
/USERSPACE/DATASETS/CodecFake/C2/C2/F02_SSB06230205.wav,2
/USERSPACE/DATASETS/CodecFake/C2/C2/F02_SSB06660044.wav,2
/USERSPACE/DATASETS/CodecFake/C2/C2/F02_SSB13660415.wav,2
/USERSPACE/DATASETS/CodecFake/C2/C2/F02_p323_011.wav,2
/USERSPACE/DATASETS/CodecFake/C2/C2/F02_SSB15670414.wav,2
/USERSPACE/DATASETS/CodecFake/C2/C2/F02_SSB12040258.wav,2
/USERSPACE/DATASETS/CodecFake/C2/C2/F02_SSB01220076.wav,2
/USERSPACE/DATASETS/CodecFake/C2/C2/F02_SSB09350350.wav,2
/USERSPACE/DATASETS/CodecFake/C2/C2/F02_p234_014.wav,2
/USERSPACE/DATASETS/CodecFake/C2/C2/F02_p307_371.wav,2
/USERSPACE/DATASETS/CodecFake/C2/C2/F02_SSB12190250.wav,2
/USERSPACE/DATASETS/CodecFake/C2/C2/F02_SSB09190333.wav,2
/USERSPACE/DATASETS/CodecFake/C2/C2/F02_p343_254.wav,2
/USERSPACE/DATASETS/CodecFake/C2/C2/F02_p228_358.wav,2
/USERSPACE/DATASETS/CodecFake/C2/C2/F02_SSB12530090.wav,2
/USERSPACE/DATASETS/CodecFake/C2/C2/F02_SSB09190016.wav,2
/USERSPACE/DATASETS/CodecFake/C2/C2/F02_p376_198.wav,2
/USERSPACE/DATASETS/CodecFake/C2/C2/F02_SSB18310137.wav,2
/USERSPACE/DATASETS/CodecFake/C2/C2/F02_SSB10200326.wav,2
/USERSPACE/DATASETS/CodecFake/C2/C2/F02_p299_090.wav,2
/USERSPACE/DATASETS/CodecFake/C2/C2/F02_p256_059.wav,2
/USERSPACE/DATASETS/CodecFake/C2/C2/F02_p334_413.wav,2
/USERSPACE/DATASETS/CodecFake/C2/C2/F02_SSB03540027.wav,2
/USERSPACE/DATASETS/CodecFake/C2/C2/F02_SSB06660222.wav,2
/USERSPACE/DATASETS/CodecFake/C2/C2/F02_SSB16500248.wav,2
/USERSPACE/DATASETS/CodecFake/C2/C2/F02_p295_089.wav,2
/USERSPACE/DATASETS/CodecFake/C2/C2/F02_SSB05990396.wav,2
/USERSPACE/DATASETS/CodecFake/C2/C2/F02_p269_241.wav,2
/USERSPACE/DATASETS/CodecFake/C2/C2/F02_SSB06070455.wav,2
/USERSPACE/DATASETS/CodecFake/C2/C2/F02_SSB10500029.wav,2
/USERSPACE/DATASETS/CodecFake/C2/C2/F02_p279_351.wav,2
/USERSPACE/DATASETS/CodecFake/C2/C2/F02_SSB05900066.wav,2
/USERSPACE/DATASETS/CodecFake/C2/C2/F02_p247_238.wav,2
/USERSPACE/DATASETS/CodecFake/C2/C2/F02_p265_082.wav,2
/USERSPACE/DATASETS/CodecFake/C2/C2/F02_SSB06030068.wav,2
/USERSPACE/DATASETS/CodecFake/C2/C2/F02_p270_166.wav,2
/USERSPACE/DATASETS/CodecFake/C2/C2/F02_p302_087.wav,2
/USERSPACE/DATASETS/CodecFake/C2/C2/F02_p311_325.wav,2
/USERSPACE/DATASETS/CodecFake/C2/C2/F02_SSB00800297.wav,2
/USERSPACE/DATASETS/CodecFake/C2/C2/F02_SSB16250108.wav,2
/USERSPACE/DATASETS/CodecFake/C2/C2/F02_SSB08870272.wav,2
/USERSPACE/DATASETS/CodecFake/C2/C2/F02_SSB00330375.wav,2
/USERSPACE/DATASETS/CodecFake/C2/C2/F02_p264_026.wav,2
/USERSPACE/DATASETS/CodecFake/C2/C2/F02_SSB06660282.wav,2
/USERSPACE/DATASETS/CodecFake/C2/C2/F02_SSB18630223.wav,2
/USERSPACE/DATASETS/CodecFake/C2/C2/F02_SSB08710009.wav,2
/USERSPACE/DATASETS/CodecFake/C2/C2/F02_SSB07600059.wav,2
/USERSPACE/DATASETS/CodecFake/C2/C2/F02_SSB18720451.wav,2
/USERSPACE/DATASETS/CodecFake/C2/C2/F02_p347_082.wav,2
/USERSPACE/DATASETS/CodecFake/C2/C2/F02_p316_297.wav,2
/USERSPACE/DATASETS/CodecFake/C2/C2/F02_p312_358.wav,2
/USERSPACE/DATASETS/CodecFake/C2/C2/F02_SSB04270047.wav,2
/USERSPACE/DATASETS/CodecFake/C2/C2/F02_p239_342.wav,2
/USERSPACE/DATASETS/CodecFake/C2/C2/F02_p229_203.wav,2
/USERSPACE/DATASETS/CodecFake/C2/C2/F02_SSB11610158.wav,2
/USERSPACE/DATASETS/CodecFake/C2/C2/F02_SSB14480162.wav,2
/USERSPACE/DATASETS/CodecFake/C2/C2/F02_p283_344.wav,2
/USERSPACE/DATASETS/CodecFake/C2/C2/F02_p265_346.wav,2
/USERSPACE/DATASETS/CodecFake/C2/C2/F02_p250_345.wav,2
/USERSPACE/DATASETS/CodecFake/C2/C2/F02_SSB00800163.wav,2
/USERSPACE/DATASETS/CodecFake/C2/C2/F02_p340_193.wav,2
/USERSPACE/DATASETS/CodecFake/C2/C2/F02_SSB17590323.wav,2
/USERSPACE/DATASETS/CodecFake/C2/C2/F02_SSB14570123.wav,2
/USERSPACE/DATASETS/CodecFake/C2/C2/F02_SSB19390117.wav,2
/USERSPACE/DATASETS/CodecFake/C2/C2/F02_SSB18310089.wav,2
/USERSPACE/DATASETS/CodecFake/C2/C2/F02_p263_056.wav,2
/USERSPACE/DATASETS/CodecFake/C2/C2/F02_SSB09660019.wav,2
/USERSPACE/DATASETS/CodecFake/C2/C2/F02_SSB09190046.wav,2
/USERSPACE/DATASETS/CodecFake/C2/C2/F02_SSB01490346.wav,2
/USERSPACE/DATASETS/CodecFake/C2/C2/F02_SSB13020204.wav,2
/USERSPACE/DATASETS/CodecFake/C2/C2/F02_SSB02880071.wav,2
/USERSPACE/DATASETS/CodecFake/C2/C2/F02_p293_294.wav,2
/USERSPACE/DATASETS/CodecFake/C2/C2/F02_p234_177.wav,2
/USERSPACE/DATASETS/CodecFake/C2/C2/F02_SSB01330014.wav,2
/USERSPACE/DATASETS/CodecFake/C2/C2/F02_SSB10560062.wav,2
/USERSPACE/DATASETS/CodecFake/C2/C2/F02_SSB04700088.wav,2
/USERSPACE/DATASETS/CodecFake/C2/C2/F02_SSB03660426.wav,2
/USERSPACE/DATASETS/CodecFake/C2/C2/F02_SSB16840266.wav,2
/USERSPACE/DATASETS/CodecFake/C2/C2/F02_SSB06310168.wav,2
/USERSPACE/DATASETS/CodecFake/C2/C2/F02_SSB03070502.wav,2
/USERSPACE/DATASETS/CodecFake/C2/C2/F02_p318_225.wav,2
/USERSPACE/DATASETS/CodecFake/C2/C2/F02_SSB07200141.wav,2
/USERSPACE/DATASETS/CodecFake/C2/C2/F02_SSB11360066.wav,2
/USERSPACE/DATASETS/CodecFake/C2/C2/F02_SSB11360067.wav,2
/USERSPACE/DATASETS/CodecFake/C2/C2/F02_SSB01120380.wav,2
/USERSPACE/DATASETS/CodecFake/C2/C2/F02_SSB13200123.wav,2
/USERSPACE/DATASETS/CodecFake/C2/C2/F02_p314_312.wav,2
/USERSPACE/DATASETS/CodecFake/C2/C2/F02_p286_143.wav,2
/USERSPACE/DATASETS/CodecFake/C2/C2/F02_SSB11870219.wav,2
/USERSPACE/DATASETS/CodecFake/C2/C2/F02_SSB13200236.wav,2
/USERSPACE/DATASETS/CodecFake/C2/C2/F02_SSB04260105.wav,2
/USERSPACE/DATASETS/CodecFake/C2/C2/F02_p236_471.wav,2
/USERSPACE/DATASETS/CodecFake/C2/C2/F02_SSB16860141.wav,2
/USERSPACE/DATASETS/CodecFake/C2/C2/F02_SSB07600501.wav,2
/USERSPACE/DATASETS/CodecFake/C2/C2/F02_SSB10720178.wav,2
/USERSPACE/DATASETS/CodecFake/C2/C2/F02_SSB18780386.wav,2
/USERSPACE/DATASETS/CodecFake/C2/C2/F02_p234_060.wav,2
/USERSPACE/DATASETS/CodecFake/C2/C2/F02_SSB12740366.wav,2
/USERSPACE/DATASETS/CodecFake/C2/C2/F02_SSB08510133.wav,2
/USERSPACE/DATASETS/CodecFake/C2/C2/F02_SSB18630357.wav,2
/USERSPACE/DATASETS/CodecFake/C2/C2/F02_p364_127.wav,2
/USERSPACE/DATASETS/CodecFake/C2/C2/F02_SSB07000341.wav,2
/USERSPACE/DATASETS/CodecFake/C2/C2/F02_p316_373.wav,2
/USERSPACE/DATASETS/CodecFake/C2/C2/F02_p311_306.wav,2
/USERSPACE/DATASETS/CodecFake/C2/C2/F02_SSB03540196.wav,2
/USERSPACE/DATASETS/CodecFake/C2/C2/F02_p236_194.wav,2
/USERSPACE/DATASETS/CodecFake/C2/C2/F02_p275_056.wav,2
/USERSPACE/DATASETS/CodecFake/C2/C2/F02_SSB03660496.wav,2
/USERSPACE/DATASETS/CodecFake/C2/C2/F02_p374_113.wav,2
/USERSPACE/DATASETS/CodecFake/C2/C2/F02_SSB03410269.wav,2
/USERSPACE/DATASETS/CodecFake/C2/C2/F02_SSB03380343.wav,2
/USERSPACE/DATASETS/CodecFake/C2/C2/F02_SSB18460181.wav,2
/USERSPACE/DATASETS/CodecFake/C2/C2/F02_p244_259.wav,2
/USERSPACE/DATASETS/CodecFake/C2/C2/F02_SSB04700142.wav,2
/USERSPACE/DATASETS/CodecFake/C2/C2/F02_SSB16700045.wav,2
/USERSPACE/DATASETS/CodecFake/C2/C2/F02_p281_435.wav,2
/USERSPACE/DATASETS/CodecFake/C2/C2/F02_p307_304.wav,2
/USERSPACE/DATASETS/CodecFake/C2/C2/F02_SSB06320200.wav,2
/USERSPACE/DATASETS/CodecFake/C2/C2/F02_SSB03230416.wav,2
/USERSPACE/DATASETS/CodecFake/C2/C2/F02_p284_222.wav,2
/USERSPACE/DATASETS/CodecFake/C2/C2/F02_SSB03660470.wav,2
/USERSPACE/DATASETS/CodecFake/C2/C2/F02_SSB13990108.wav,2
/USERSPACE/DATASETS/CodecFake/C2/C2/F02_SSB04150084.wav,2
/USERSPACE/DATASETS/CodecFake/C2/C2/F02_SSB07000099.wav,2
/USERSPACE/DATASETS/CodecFake/C2/C2/F02_SSB19020472.wav,2
/USERSPACE/DATASETS/CodecFake/C2/C2/F02_SSB05340402.wav,2
/USERSPACE/DATASETS/CodecFake/C2/C2/F02_SSB05440469.wav,2
/USERSPACE/DATASETS/CodecFake/C2/C2/F02_SSB05650193.wav,2
/USERSPACE/DATASETS/CodecFake/C2/C2/F02_p251_056.wav,2
/USERSPACE/DATASETS/CodecFake/C2/C2/F02_p306_219.wav,2
/USERSPACE/DATASETS/CodecFake/C2/C2/F02_SSB14080096.wav,2
/USERSPACE/DATASETS/CodecFake/C2/C2/F02_SSB05900090.wav,2
/USERSPACE/DATASETS/CodecFake/C2/C2/F02_p272_180.wav,2
/USERSPACE/DATASETS/CodecFake/C2/C2/F02_SSB00380044.wav,2
/USERSPACE/DATASETS/CodecFake/C2/C2/F02_SSB03850382.wav,2
/USERSPACE/DATASETS/CodecFake/C2/C2/F02_SSB05900217.wav,2
/USERSPACE/DATASETS/CodecFake/C2/C2/F02_SSB09190148.wav,2
/USERSPACE/DATASETS/CodecFake/C2/C2/F02_SSB09130409.wav,2
/USERSPACE/DATASETS/CodecFake/C2/C2/F02_SSB03790135.wav,2
/USERSPACE/DATASETS/CodecFake/C2/C2/F02_SSB13200392.wav,2
/USERSPACE/DATASETS/CodecFake/C2/C2/F02_SSB02610233.wav,2
/USERSPACE/DATASETS/CodecFake/C2/C2/F02_SSB04150351.wav,2
/USERSPACE/DATASETS/CodecFake/C2/C2/F02_SSB07020194.wav,2
/USERSPACE/DATASETS/CodecFake/C2/C2/F02_SSB13650210.wav,2
/USERSPACE/DATASETS/CodecFake/C2/C2/F02_SSB12190280.wav,2
/USERSPACE/DATASETS/CodecFake/C2/C2/F02_p313_203.wav,2
/USERSPACE/DATASETS/CodecFake/C2/C2/F02_SSB05020283.wav,2
/USERSPACE/DATASETS/CodecFake/C2/C2/F02_SSB13930384.wav,2
/USERSPACE/DATASETS/CodecFake/C2/C2/F02_SSB16700116.wav,2
/USERSPACE/DATASETS/CodecFake/C2/C2/F02_SSB08220180.wav,2
/USERSPACE/DATASETS/CodecFake/C2/C2/F02_SSB01930247.wav,2
/USERSPACE/DATASETS/CodecFake/C2/C2/F02_SSB01390353.wav,2
/USERSPACE/DATASETS/CodecFake/C2/C2/F02_SSB07000358.wav,2
/USERSPACE/DATASETS/CodecFake/C2/C2/F02_SSB11350483.wav,2
/USERSPACE/DATASETS/CodecFake/C2/C2/F02_p257_210.wav,2
/USERSPACE/DATASETS/CodecFake/C2/C2/F02_SSB08710467.wav,2
/USERSPACE/DATASETS/CodecFake/C2/C2/F02_p292_072.wav,2
/USERSPACE/DATASETS/CodecFake/C2/C2/F02_p329_345.wav,2
/USERSPACE/DATASETS/CodecFake/C2/C2/F02_p313_057.wav,2
/USERSPACE/DATASETS/CodecFake/C2/C2/F02_p330_128.wav,2
/USERSPACE/DATASETS/CodecFake/C2/C2/F02_SSB03150048.wav,2
/USERSPACE/DATASETS/CodecFake/C2/C2/F02_SSB00800140.wav,2
/USERSPACE/DATASETS/CodecFake/C2/C2/F02_p229_045.wav,2
/USERSPACE/DATASETS/CodecFake/C2/C2/F02_SSB01450294.wav,2
/USERSPACE/DATASETS/CodecFake/C2/C2/F02_p252_215.wav,2
/USERSPACE/DATASETS/CodecFake/C2/C2/F02_SSB06930440.wav,2
/USERSPACE/DATASETS/CodecFake/C2/C2/F02_SSB06710004.wav,2
/USERSPACE/DATASETS/CodecFake/C2/C2/F02_SSB03420226.wav,2
/USERSPACE/DATASETS/CodecFake/C2/C2/F02_SSB12180202.wav,2
/USERSPACE/DATASETS/CodecFake/C2/C2/F02_p363_305.wav,2
/USERSPACE/DATASETS/CodecFake/C2/C2/F02_SSB12390475.wav,2
/USERSPACE/DATASETS/CodecFake/C2/C2/F02_SSB15630449.wav,2
/USERSPACE/DATASETS/CodecFake/C2/C2/F02_p255_062.wav,2
/USERSPACE/DATASETS/CodecFake/C2/C2/F02_p270_302.wav,2
/USERSPACE/DATASETS/CodecFake/C2/C2/F02_p259_199.wav,2
/USERSPACE/DATASETS/CodecFake/C2/C2/F02_SSB11250157.wav,2
/USERSPACE/DATASETS/CodecFake/C2/C2/F02_p265_288.wav,2
/USERSPACE/DATASETS/CodecFake/C2/C2/F02_p281_107.wav,2
/USERSPACE/DATASETS/CodecFake/C2/C2/F02_p257_252.wav,2
/USERSPACE/DATASETS/CodecFake/C2/C2/F02_p248_332.wav,2
/USERSPACE/DATASETS/CodecFake/C2/C2/F02_p228_016.wav,2
/USERSPACE/DATASETS/CodecFake/C2/C2/F02_SSB05650198.wav,2
/USERSPACE/DATASETS/CodecFake/C2/C2/F02_p374_071.wav,2
/USERSPACE/DATASETS/CodecFake/C2/C2/F02_p343_277.wav,2
/USERSPACE/DATASETS/CodecFake/C2/C2/F02_SSB07780255.wav,2
/USERSPACE/DATASETS/CodecFake/C2/C2/F02_SSB04700221.wav,2
/USERSPACE/DATASETS/CodecFake/C2/C2/F02_SSB03390205.wav,2
/USERSPACE/DATASETS/CodecFake/C2/C2/F02_SSB06320023.wav,2
/USERSPACE/DATASETS/CodecFake/C2/C2/F02_p335_331.wav,2
/USERSPACE/DATASETS/CodecFake/C2/C2/F02_p351_138.wav,2
/USERSPACE/DATASETS/CodecFake/C2/C2/F02_SSB03800145.wav,2
/USERSPACE/DATASETS/CodecFake/C2/C2/F02_p275_087.wav,2
/USERSPACE/DATASETS/CodecFake/C2/C2/F02_SSB00180286.wav,2
/USERSPACE/DATASETS/CodecFake/C2/C2/F02_SSB01120034.wav,2
/USERSPACE/DATASETS/CodecFake/C2/C2/F02_p306_004.wav,2
/USERSPACE/DATASETS/CodecFake/C2/C2/F02_p254_077.wav,2
/USERSPACE/DATASETS/CodecFake/C2/C2/F02_SSB02410165.wav,2
/USERSPACE/DATASETS/CodecFake/C2/C2/F02_p341_374.wav,2
/USERSPACE/DATASETS/CodecFake/C2/C2/F02_SSB11100394.wav,2
/USERSPACE/DATASETS/CodecFake/C2/C2/F02_p232_384.wav,2
/USERSPACE/DATASETS/CodecFake/C2/C2/F02_SSB15630234.wav,2
/USERSPACE/DATASETS/CodecFake/C2/C2/F02_SSB01220283.wav,2
/USERSPACE/DATASETS/CodecFake/C2/C2/F02_SSB10240095.wav,2
/USERSPACE/DATASETS/CodecFake/C2/C2/F02_SSB14480024.wav,2
/USERSPACE/DATASETS/CodecFake/C2/C2/F02_SSB12530131.wav,2
/USERSPACE/DATASETS/CodecFake/C2/C2/F02_SSB08170420.wav,2
/USERSPACE/DATASETS/CodecFake/C2/C2/F02_p334_227.wav,2
/USERSPACE/DATASETS/CodecFake/C2/C2/F02_p347_016.wav,2
/USERSPACE/DATASETS/CodecFake/C2/C2/F02_SSB09130035.wav,2
/USERSPACE/DATASETS/CodecFake/C2/C2/F02_SSB13830401.wav,2
/USERSPACE/DATASETS/CodecFake/C2/C2/F02_SSB08510095.wav,2
/USERSPACE/DATASETS/CodecFake/C2/C2/F02_SSB17450444.wav,2
/USERSPACE/DATASETS/CodecFake/C2/C2/F02_SSB07840207.wav,2
/USERSPACE/DATASETS/CodecFake/C2/C2/F02_SSB09150298.wav,2
/USERSPACE/DATASETS/CodecFake/C2/C2/F02_p270_417.wav,2
/USERSPACE/DATASETS/CodecFake/C2/C2/F02_SSB18100420.wav,2
/USERSPACE/DATASETS/CodecFake/C2/C2/F02_SSB04350194.wav,2
/USERSPACE/DATASETS/CodecFake/C2/C2/F02_SSB02990208.wav,2
/USERSPACE/DATASETS/CodecFake/C2/C2/F02_SSB03950323.wav,2
/USERSPACE/DATASETS/CodecFake/C2/C2/F02_p277_274.wav,2
/USERSPACE/DATASETS/CodecFake/C2/C2/F02_p263_053.wav,2
/USERSPACE/DATASETS/CodecFake/C2/C2/F02_SSB05390163.wav,2
/USERSPACE/DATASETS/CodecFake/C2/C2/F02_p252_247.wav,2
/USERSPACE/DATASETS/CodecFake/C2/C2/F02_SSB01220451.wav,2
/USERSPACE/DATASETS/CodecFake/C2/C2/F02_p260_146.wav,2
/USERSPACE/DATASETS/CodecFake/C2/C2/F02_p345_015.wav,2
/USERSPACE/DATASETS/CodecFake/C2/C2/F02_SSB07490008.wav,2
/USERSPACE/DATASETS/CodecFake/C2/C2/F02_p282_307.wav,2
/USERSPACE/DATASETS/CodecFake/C2/C2/F02_SSB18630190.wav,2
/USERSPACE/DATASETS/CodecFake/C2/C2/F02_SSB03070214.wav,2
/USERSPACE/DATASETS/CodecFake/C2/C2/F02_SSB07020001.wav,2
/USERSPACE/DATASETS/CodecFake/C2/C2/F02_SSB03930083.wav,2
/USERSPACE/DATASETS/CodecFake/C2/C2/F02_p266_140.wav,2
/USERSPACE/DATASETS/CodecFake/C2/C2/F02_SSB15630358.wav,2
/USERSPACE/DATASETS/CodecFake/C2/C2/F02_SSB10500445.wav,2
/USERSPACE/DATASETS/CodecFake/C2/C2/F02_p265_266.wav,2
/USERSPACE/DATASETS/CodecFake/C2/C2/F02_SSB14310016.wav,2
/USERSPACE/DATASETS/CodecFake/C2/C2/F02_SSB10720282.wav,2
/USERSPACE/DATASETS/CodecFake/C2/C2/F02_SSB09870414.wav,2
/USERSPACE/DATASETS/CodecFake/C2/C2/F02_SSB10020040.wav,2
/USERSPACE/DATASETS/CodecFake/C2/C2/F02_SSB07020091.wav,2
/USERSPACE/DATASETS/CodecFake/C2/C2/F02_SSB19560424.wav,2
/USERSPACE/DATASETS/CodecFake/C2/C2/F02_p272_207.wav,2
/USERSPACE/DATASETS/CodecFake/C2/C2/F02_SSB13410125.wav,2
/USERSPACE/DATASETS/CodecFake/C2/C2/F02_SSB03850360.wav,2
/USERSPACE/DATASETS/CodecFake/C2/C2/F02_p276_362.wav,2
/USERSPACE/DATASETS/CodecFake/C2/C2/F02_SSB02410356.wav,2
/USERSPACE/DATASETS/CodecFake/C2/C2/F02_SSB01120162.wav,2
/USERSPACE/DATASETS/CodecFake/C2/C2/F02_SSB03850299.wav,2
/USERSPACE/DATASETS/CodecFake/C2/C2/F02_SSB16860340.wav,2
/USERSPACE/DATASETS/CodecFake/C2/C2/F02_p283_423.wav,2
/USERSPACE/DATASETS/CodecFake/C2/C2/F02_p258_249.wav,2
/USERSPACE/DATASETS/CodecFake/C2/C2/F02_p362_255.wav,2
/USERSPACE/DATASETS/CodecFake/C2/C2/F02_SSB13770425.wav,2
/USERSPACE/DATASETS/CodecFake/C2/C2/F02_SSB14080305.wav,2
/USERSPACE/DATASETS/CodecFake/C2/C2/F02_SSB02990298.wav,2
/USERSPACE/DATASETS/CodecFake/C2/C2/F02_p266_171.wav,2
/USERSPACE/DATASETS/CodecFake/C2/C2/F02_p334_410.wav,2
/USERSPACE/DATASETS/CodecFake/C2/C2/F02_SSB06320287.wav,2
/USERSPACE/DATASETS/CodecFake/C2/C2/F02_SSB07100278.wav,2
/USERSPACE/DATASETS/CodecFake/C2/C2/F02_SSB18090317.wav,2
/USERSPACE/DATASETS/CodecFake/C2/C2/F02_SSB05390491.wav,2
/USERSPACE/DATASETS/CodecFake/C2/C2/F02_p305_218.wav,2
/USERSPACE/DATASETS/CodecFake/C2/C2/F02_SSB11380462.wav,2
/USERSPACE/DATASETS/CodecFake/C2/C2/F02_SSB00570284.wav,2
/USERSPACE/DATASETS/CodecFake/C2/C2/F02_SSB03230370.wav,2
/USERSPACE/DATASETS/CodecFake/C2/C2/F02_SSB09660044.wav,2
/USERSPACE/DATASETS/CodecFake/C2/C2/F02_SSB19020174.wav,2
/USERSPACE/DATASETS/CodecFake/C2/C2/F02_p363_394.wav,2
/USERSPACE/DATASETS/CodecFake/C2/C2/F02_SSB00430239.wav,2
/USERSPACE/DATASETS/CodecFake/C2/C2/F02_SSB00730389.wav,2
/USERSPACE/DATASETS/CodecFake/C2/C2/F02_SSB06230412.wav,2
/USERSPACE/DATASETS/CodecFake/C2/C2/F02_SSB06010105.wav,2
/USERSPACE/DATASETS/CodecFake/C2/C2/F02_SSB00800334.wav,2
/USERSPACE/DATASETS/CodecFake/C2/C2/F02_SSB06320300.wav,2
/USERSPACE/DATASETS/CodecFake/C2/C2/F02_SSB04700401.wav,2
/USERSPACE/DATASETS/CodecFake/C2/C2/F02_SSB02610075.wav,2
/USERSPACE/DATASETS/CodecFake/C2/C2/F02_SSB11080243.wav,2
/USERSPACE/DATASETS/CodecFake/C2/C2/F02_p258_080.wav,2
/USERSPACE/DATASETS/CodecFake/C2/C2/F02_p329_149.wav,2
/USERSPACE/DATASETS/CodecFake/C2/C2/F02_SSB13650338.wav,2
/USERSPACE/DATASETS/CodecFake/C2/C2/F02_SSB02410058.wav,2
/USERSPACE/DATASETS/CodecFake/C2/C2/F02_SSB09970258.wav,2
/USERSPACE/DATASETS/CodecFake/C2/C2/F02_SSB03940056.wav,2
/USERSPACE/DATASETS/CodecFake/C2/C2/F02_SSB16250225.wav,2
/USERSPACE/DATASETS/CodecFake/C2/C2/F02_p252_073.wav,2
/USERSPACE/DATASETS/CodecFake/C2/C2/F02_p376_279.wav,2
/USERSPACE/DATASETS/CodecFake/C2/C2/F02_SSB18060018.wav,2
/USERSPACE/DATASETS/CodecFake/C2/C2/F02_SSB09660194.wav,2
/USERSPACE/DATASETS/CodecFake/C2/C2/F02_SSB11250392.wav,2
/USERSPACE/DATASETS/CodecFake/C2/C2/F02_p249_035.wav,2
/USERSPACE/DATASETS/CodecFake/C2/C2/F02_p238_073.wav,2
/USERSPACE/DATASETS/CodecFake/C2/C2/F02_SSB16500442.wav,2
/USERSPACE/DATASETS/CodecFake/C2/C2/F02_p345_195.wav,2
/USERSPACE/DATASETS/CodecFake/C2/C2/F02_SSB07000093.wav,2
/USERSPACE/DATASETS/CodecFake/C2/C2/F02_SSB13770141.wav,2
/USERSPACE/DATASETS/CodecFake/C2/C2/F02_p231_297.wav,2
/USERSPACE/DATASETS/CodecFake/C2/C2/F02_SSB14480255.wav,2
/USERSPACE/DATASETS/CodecFake/C2/C2/F02_p254_175.wav,2
/USERSPACE/DATASETS/CodecFake/C2/C2/F02_SSB00090077.wav,2
/USERSPACE/DATASETS/CodecFake/C2/C2/F02_p248_092.wav,2
/USERSPACE/DATASETS/CodecFake/C2/C2/F02_SSB07460388.wav,2
/USERSPACE/DATASETS/CodecFake/C2/C2/F02_SSB05020007.wav,2
/USERSPACE/DATASETS/CodecFake/C2/C2/F02_SSB16300339.wav,2
/USERSPACE/DATASETS/CodecFake/C2/C2/F02_p313_318.wav,2
/USERSPACE/DATASETS/CodecFake/C2/C2/F02_p251_249.wav,2
/USERSPACE/DATASETS/CodecFake/C2/C2/F02_SSB03660339.wav,2
/USERSPACE/DATASETS/CodecFake/C2/C2/F02_SSB06090416.wav,2
/USERSPACE/DATASETS/CodecFake/C2/C2/F02_p239_366.wav,2
/USERSPACE/DATASETS/CodecFake/C2/C2/F02_SSB07510181.wav,2
/USERSPACE/DATASETS/CodecFake/C2/C2/F02_SSB08510473.wav,2
/USERSPACE/DATASETS/CodecFake/C2/C2/F02_SSB16250058.wav,2
/USERSPACE/DATASETS/CodecFake/C2/C2/F02_p314_287.wav,2
/USERSPACE/DATASETS/CodecFake/C2/C2/F02_p233_378.wav,2
/USERSPACE/DATASETS/CodecFake/C2/C2/F02_SSB18720182.wav,2
/USERSPACE/DATASETS/CodecFake/C2/C2/F02_p232_200.wav,2
/USERSPACE/DATASETS/CodecFake/C2/C2/F02_p306_193.wav,2
/USERSPACE/DATASETS/CodecFake/C2/C2/F02_p334_240.wav,2
/USERSPACE/DATASETS/CodecFake/C2/C2/F02_p263_270.wav,2
/USERSPACE/DATASETS/CodecFake/C2/C2/F02_SSB01970091.wav,2
/USERSPACE/DATASETS/CodecFake/C2/C2/F02_p248_272.wav,2
/USERSPACE/DATASETS/CodecFake/C2/C2/F02_SSB10010171.wav,2
/USERSPACE/DATASETS/CodecFake/C2/C2/F02_SSB06930037.wav,2
/USERSPACE/DATASETS/CodecFake/C2/C2/F02_SSB10000403.wav,2
/USERSPACE/DATASETS/CodecFake/C2/C2/F02_p310_404.wav,2
/USERSPACE/DATASETS/CodecFake/C2/C2/F02_p232_141.wav,2
/USERSPACE/DATASETS/CodecFake/C2/C2/F02_SSB02730160.wav,2
/USERSPACE/DATASETS/CodecFake/C2/C2/F02_p270_106.wav,2
/USERSPACE/DATASETS/CodecFake/C2/C2/F02_p252_305.wav,2
/USERSPACE/DATASETS/CodecFake/C2/C2/F02_p281_430.wav,2
/USERSPACE/DATASETS/CodecFake/C2/C2/F02_SSB04260131.wav,2
/USERSPACE/DATASETS/CodecFake/C2/C2/F02_SSB19180498.wav,2
/USERSPACE/DATASETS/CodecFake/C2/C2/F02_SSB05780505.wav,2
/USERSPACE/DATASETS/CodecFake/C2/C2/F02_SSB06680060.wav,2
/USERSPACE/DATASETS/CodecFake/C2/C2/F02_SSB15850445.wav,2
/USERSPACE/DATASETS/CodecFake/C2/C2/F02_SSB02610212.wav,2
/USERSPACE/DATASETS/CodecFake/C2/C2/F02_p311_285.wav,2
/USERSPACE/DATASETS/CodecFake/C2/C2/F02_SSB07110197.wav,2
/USERSPACE/DATASETS/CodecFake/C2/C2/F02_p271_411.wav,2
/USERSPACE/DATASETS/CodecFake/C2/C2/F02_p233_126.wav,2
/USERSPACE/DATASETS/CodecFake/C2/C2/F02_SSB16990455.wav,2
/USERSPACE/DATASETS/CodecFake/C2/C2/F02_SSB19020227.wav,2
/USERSPACE/DATASETS/CodecFake/C2/C2/F02_p330_058.wav,2
/USERSPACE/DATASETS/CodecFake/C2/C2/F02_p299_167.wav,2
/USERSPACE/DATASETS/CodecFake/C2/C2/F02_SSB02870176.wav,2
/USERSPACE/DATASETS/CodecFake/C2/C2/F02_SSB18060351.wav,2
/USERSPACE/DATASETS/CodecFake/C2/C2/F02_SSB17820393.wav,2
/USERSPACE/DATASETS/CodecFake/C2/C2/F02_p245_291.wav,2
/USERSPACE/DATASETS/CodecFake/C2/C2/F02_SSB06090173.wav,2
/USERSPACE/DATASETS/CodecFake/C2/C2/F02_SSB11080219.wav,2
/USERSPACE/DATASETS/CodecFake/C2/C2/F02_SSB05390192.wav,2
/USERSPACE/DATASETS/CodecFake/C2/C2/F02_SSB10640006.wav,2
/USERSPACE/DATASETS/CodecFake/C2/C2/F02_p295_151.wav,2
/USERSPACE/DATASETS/CodecFake/C2/C2/F02_p317_248.wav,2
/USERSPACE/DATASETS/CodecFake/C2/C2/F02_SSB06930223.wav,2
/USERSPACE/DATASETS/CodecFake/C2/C2/F02_SSB15550329.wav,2
/USERSPACE/DATASETS/CodecFake/C2/C2/F02_p244_074.wav,2
/USERSPACE/DATASETS/CodecFake/C2/C2/F02_p292_380.wav,2
/USERSPACE/DATASETS/CodecFake/C2/C2/F02_SSB13660430.wav,2
/USERSPACE/DATASETS/CodecFake/C2/C2/F02_SSB13020467.wav,2
/USERSPACE/DATASETS/CodecFake/C2/C2/F02_p314_217.wav,2
/USERSPACE/DATASETS/CodecFake/C2/C2/F02_SSB00570230.wav,2
/USERSPACE/DATASETS/CodecFake/C2/C2/F02_SSB03660001.wav,2
/USERSPACE/DATASETS/CodecFake/C2/C2/F02_p264_335.wav,2
/USERSPACE/DATASETS/CodecFake/C2/C2/F02_p294_357.wav,2
/USERSPACE/DATASETS/CodecFake/C2/C2/F02_SSB05390503.wav,2
/USERSPACE/DATASETS/CodecFake/C2/C2/F02_p274_138.wav,2
/USERSPACE/DATASETS/CodecFake/C2/C2/F02_p334_331.wav,2
/USERSPACE/DATASETS/CodecFake/C2/C2/F02_SSB06090148.wav,2
/USERSPACE/DATASETS/CodecFake/C2/C2/F02_p292_151.wav,2
/USERSPACE/DATASETS/CodecFake/C2/C2/F02_SSB16300208.wav,2
/USERSPACE/DATASETS/CodecFake/C2/C2/F02_SSB15630190.wav,2
/USERSPACE/DATASETS/CodecFake/C2/C2/F02_SSB13820140.wav,2
/USERSPACE/DATASETS/CodecFake/C2/C2/F02_SSB18720086.wav,2
/USERSPACE/DATASETS/CodecFake/C2/C2/F02_SSB06320062.wav,2
/USERSPACE/DATASETS/CodecFake/C2/C2/F02_p278_112.wav,2
/USERSPACE/DATASETS/CodecFake/C2/C2/F02_p312_294.wav,2
/USERSPACE/DATASETS/CodecFake/C2/C2/F02_SSB07230246.wav,2
/USERSPACE/DATASETS/CodecFake/C2/C2/F02_SSB08170274.wav,2
/USERSPACE/DATASETS/CodecFake/C2/C2/F02_p270_230.wav,2
/USERSPACE/DATASETS/CodecFake/C2/C2/F02_p280_163.wav,2
/USERSPACE/DATASETS/CodecFake/C2/C2/F02_SSB12030076.wav,2
/USERSPACE/DATASETS/CodecFake/C2/C2/F02_SSB07490091.wav,2
/USERSPACE/DATASETS/CodecFake/C2/C2/F02_SSB05650344.wav,2
/USERSPACE/DATASETS/CodecFake/C2/C2/F02_p312_218.wav,2
/USERSPACE/DATASETS/CodecFake/C2/C2/F02_p306_123.wav,2
/USERSPACE/DATASETS/CodecFake/C2/C2/F02_SSB07600126.wav,2
/USERSPACE/DATASETS/CodecFake/C2/C2/F02_SSB09870324.wav,2
/USERSPACE/DATASETS/CodecFake/C2/C2/F02_SSB01490320.wav,2
/USERSPACE/DATASETS/CodecFake/C2/C2/F02_p343_388.wav,2
/USERSPACE/DATASETS/CodecFake/C2/C2/F02_SSB01970203.wav,2
/USERSPACE/DATASETS/CodecFake/C2/C2/F02_p269_358.wav,2
/USERSPACE/DATASETS/CodecFake/C2/C2/F02_SSB16500326.wav,2
/USERSPACE/DATASETS/CodecFake/C2/C2/F02_SSB03850388.wav,2
/USERSPACE/DATASETS/CodecFake/C2/C2/F02_p273_252.wav,2
/USERSPACE/DATASETS/CodecFake/C2/C2/F02_SSB01120012.wav,2
/USERSPACE/DATASETS/CodecFake/C2/C2/F02_SSB03390436.wav,2
/USERSPACE/DATASETS/CodecFake/C2/C2/F02_p351_337.wav,2
/USERSPACE/DATASETS/CodecFake/C2/C2/F02_SSB10910413.wav,2
/USERSPACE/DATASETS/CodecFake/C2/C2/F02_p250_116.wav,2
/USERSPACE/DATASETS/CodecFake/C2/C2/F02_SSB07230411.wav,2
/USERSPACE/DATASETS/CodecFake/C2/C2/F02_p246_230.wav,2
/USERSPACE/DATASETS/CodecFake/C2/C2/F02_SSB11260326.wav,2
/USERSPACE/DATASETS/CodecFake/C2/C2/F02_SSB07100024.wav,2
/USERSPACE/DATASETS/CodecFake/C2/C2/F02_SSB02730082.wav,2
/USERSPACE/DATASETS/CodecFake/C2/C2/F02_SSB08090043.wav,2
/USERSPACE/DATASETS/CodecFake/C2/C2/F02_SSB07860253.wav,2
/USERSPACE/DATASETS/CodecFake/C2/C2/F02_p228_052.wav,2
/USERSPACE/DATASETS/CodecFake/C2/C2/F02_SSB13400332.wav,2
/USERSPACE/DATASETS/CodecFake/C2/C2/F02_SSB02460159.wav,2
/USERSPACE/DATASETS/CodecFake/C2/C2/F02_SSB15630125.wav,2
/USERSPACE/DATASETS/CodecFake/C2/C2/F02_SSB07020288.wav,2
/USERSPACE/DATASETS/CodecFake/C2/C2/F02_p314_271.wav,2
/USERSPACE/DATASETS/CodecFake/C2/C2/F02_p247_210.wav,2
/USERSPACE/DATASETS/CodecFake/C2/C2/F02_SSB13850122.wav,2
/USERSPACE/DATASETS/CodecFake/C2/C2/F02_p264_259.wav,2
/USERSPACE/DATASETS/CodecFake/C2/C2/F02_SSB03820300.wav,2
/USERSPACE/DATASETS/CodecFake/C2/C2/F02_SSB00380320.wav,2
/USERSPACE/DATASETS/CodecFake/C2/C2/F02_SSB13850312.wav,2
/USERSPACE/DATASETS/CodecFake/C2/C2/F02_p330_175.wav,2
/USERSPACE/DATASETS/CodecFake/C2/C2/F02_SSB11360161.wav,2
/USERSPACE/DATASETS/CodecFake/C2/C2/F02_SSB13200478.wav,2
/USERSPACE/DATASETS/CodecFake/C2/C2/F02_SSB17280384.wav,2
/USERSPACE/DATASETS/CodecFake/C2/C2/F02_p250_484.wav,2
/USERSPACE/DATASETS/CodecFake/C2/C2/F02_SSB15930418.wav,2
/USERSPACE/DATASETS/CodecFake/C2/C2/F02_SSB02880340.wav,2
/USERSPACE/DATASETS/CodecFake/C2/C2/F02_SSB10500449.wav,2
/USERSPACE/DATASETS/CodecFake/C2/C2/F02_p315_048.wav,2
/USERSPACE/DATASETS/CodecFake/C2/C2/F02_p263_402.wav,2
/USERSPACE/DATASETS/CodecFake/C2/C2/F02_SSB06090398.wav,2
/USERSPACE/DATASETS/CodecFake/C2/C2/F02_SSB00800350.wav,2
/USERSPACE/DATASETS/CodecFake/C2/C2/F02_SSB19560444.wav,2
/USERSPACE/DATASETS/CodecFake/C2/C2/F02_SSB14480270.wav,2
/USERSPACE/DATASETS/CodecFake/C2/C2/F02_SSB03660127.wav,2
/USERSPACE/DATASETS/CodecFake/C2/C2/F02_p260_219.wav,2
/USERSPACE/DATASETS/CodecFake/C2/C2/F02_SSB12160081.wav,2
/USERSPACE/DATASETS/CodecFake/C2/C2/F02_SSB04700176.wav,2
/USERSPACE/DATASETS/CodecFake/C2/C2/F02_SSB07200031.wav,2
/USERSPACE/DATASETS/CodecFake/C2/C2/F02_SSB03380088.wav,2
/USERSPACE/DATASETS/CodecFake/C2/C2/F02_p256_310.wav,2
/USERSPACE/DATASETS/CodecFake/C2/C2/F02_SSB06140061.wav,2
/USERSPACE/DATASETS/CodecFake/C2/C2/F02_SSB10550153.wav,2
/USERSPACE/DATASETS/CodecFake/C2/C2/F02_SSB10240418.wav,2
/USERSPACE/DATASETS/CodecFake/C2/C2/F02_p351_220.wav,2
/USERSPACE/DATASETS/CodecFake/C2/C2/F02_SSB01970397.wav,2
/USERSPACE/DATASETS/CodecFake/C2/C2/F02_SSB18280173.wav,2
/USERSPACE/DATASETS/CodecFake/C2/C2/F02_SSB12210181.wav,2
/USERSPACE/DATASETS/CodecFake/C2/C2/F02_SSB07370326.wav,2
/USERSPACE/DATASETS/CodecFake/C2/C2/F02_SSB16240319.wav,2
/USERSPACE/DATASETS/CodecFake/C2/C2/F02_SSB07860257.wav,2
/USERSPACE/DATASETS/CodecFake/C2/C2/F02_SSB03790027.wav,2
/USERSPACE/DATASETS/CodecFake/C2/C2/F02_SSB18280302.wav,2
/USERSPACE/DATASETS/CodecFake/C2/C2/F02_SSB17110032.wav,2
/USERSPACE/DATASETS/CodecFake/C2/C2/F02_SSB15930249.wav,2
/USERSPACE/DATASETS/CodecFake/C2/C2/F02_SSB06930363.wav,2
/USERSPACE/DATASETS/CodecFake/C2/C2/F02_SSB10720064.wav,2
/USERSPACE/DATASETS/CodecFake/C2/C2/F02_p246_169.wav,2
/USERSPACE/DATASETS/CodecFake/C2/C2/F02_p230_114.wav,2
/USERSPACE/DATASETS/CodecFake/C2/C2/F02_SSB07800448.wav,2
/USERSPACE/DATASETS/CodecFake/C2/C2/F02_SSB16840014.wav,2
/USERSPACE/DATASETS/CodecFake/C2/C2/F02_SSB19180506.wav,2
/USERSPACE/DATASETS/CodecFake/C2/C2/F02_SSB00120459.wav,2
/USERSPACE/DATASETS/CodecFake/C2/C2/F02_SSB00180364.wav,2
/USERSPACE/DATASETS/CodecFake/C2/C2/F02_SSB11080253.wav,2
/USERSPACE/DATASETS/CodecFake/C2/C2/F02_SSB06140156.wav,2
/USERSPACE/DATASETS/CodecFake/C2/C2/F02_SSB06290250.wav,2
/USERSPACE/DATASETS/CodecFake/C2/C2/F02_SSB14020404.wav,2
/USERSPACE/DATASETS/CodecFake/C2/C2/F02_SSB07620476.wav,2
/USERSPACE/DATASETS/CodecFake/C2/C2/F02_SSB01970262.wav,2
/USERSPACE/DATASETS/CodecFake/C2/C2/F02_p243_305.wav,2
/USERSPACE/DATASETS/CodecFake/C2/C2/F02_SSB15750280.wav,2
/USERSPACE/DATASETS/CodecFake/C2/C2/F02_SSB05440186.wav,2
/USERSPACE/DATASETS/CodecFake/C2/C2/F02_p234_162.wav,2
/USERSPACE/DATASETS/CodecFake/C2/C2/F02_SSB00380291.wav,2
/USERSPACE/DATASETS/CodecFake/C2/C2/F02_SSB06140475.wav,2
/USERSPACE/DATASETS/CodecFake/C2/C2/F02_p335_351.wav,2
/USERSPACE/DATASETS/CodecFake/C2/C2/F02_SSB03230167.wav,2
/USERSPACE/DATASETS/CodecFake/C2/C2/F02_SSB08090215.wav,2
/USERSPACE/DATASETS/CodecFake/C2/C2/F02_SSB06860170.wav,2
/USERSPACE/DATASETS/CodecFake/C2/C2/F02_p237_069.wav,2
/USERSPACE/DATASETS/CodecFake/C2/C2/F02_p264_315.wav,2
/USERSPACE/DATASETS/CodecFake/C2/C2/F02_SSB18320320.wav,2
/USERSPACE/DATASETS/CodecFake/C2/C2/F02_SSB06930356.wav,2
/USERSPACE/DATASETS/CodecFake/C2/C2/F02_SSB02670063.wav,2
/USERSPACE/DATASETS/CodecFake/C2/C2/F02_SSB00800087.wav,2
/USERSPACE/DATASETS/CodecFake/C2/C2/F02_SSB00180378.wav,2
/USERSPACE/DATASETS/CodecFake/C2/C2/F02_SSB05650360.wav,2
/USERSPACE/DATASETS/CodecFake/C2/C2/F02_SSB16840011.wav,2
/USERSPACE/DATASETS/CodecFake/C2/C2/F02_SSB03410023.wav,2
/USERSPACE/DATASETS/CodecFake/C2/C2/F02_p269_022.wav,2
/USERSPACE/DATASETS/CodecFake/C2/C2/F02_SSB19180007.wav,2
/USERSPACE/DATASETS/CodecFake/C2/C2/F02_SSB07510286.wav,2
/USERSPACE/DATASETS/CodecFake/C2/C2/F02_SSB18910364.wav,2
/USERSPACE/DATASETS/CodecFake/C2/C2/F02_p259_221.wav,2
/USERSPACE/DATASETS/CodecFake/C2/C2/F02_p249_032.wav,2
/USERSPACE/DATASETS/CodecFake/C2/C2/F02_SSB09190214.wav,2
/USERSPACE/DATASETS/CodecFake/C2/C2/F02_p323_039.wav,2
/USERSPACE/DATASETS/CodecFake/C2/C2/F02_SSB17280250.wav,2
/USERSPACE/DATASETS/CodecFake/C2/C2/F02_SSB03800439.wav,2
/USERSPACE/DATASETS/CodecFake/C2/C2/F02_SSB09350094.wav,2
/USERSPACE/DATASETS/CodecFake/C2/C2/F02_p258_370.wav,2
/USERSPACE/DATASETS/CodecFake/C2/C2/F02_SSB06060123.wav,2
/USERSPACE/DATASETS/CodecFake/C2/C2/F02_SSB18780242.wav,2
/USERSPACE/DATASETS/CodecFake/C2/C2/F02_SSB16700279.wav,2
/USERSPACE/DATASETS/CodecFake/C2/C2/F02_SSB05350300.wav,2
/USERSPACE/DATASETS/CodecFake/C2/C2/F02_SSB01330146.wav,2
/USERSPACE/DATASETS/CodecFake/C2/C2/F02_p236_190.wav,2
/USERSPACE/DATASETS/CodecFake/C2/C2/F02_SSB17390171.wav,2
/USERSPACE/DATASETS/CodecFake/C2/C2/F02_p229_247.wav,2
/USERSPACE/DATASETS/CodecFake/C2/C2/F02_SSB13990091.wav,2
/USERSPACE/DATASETS/CodecFake/C2/C2/F02_SSB10560468.wav,2
/USERSPACE/DATASETS/CodecFake/C2/C2/F02_SSB04700115.wav,2
/USERSPACE/DATASETS/CodecFake/C2/C2/F02_p266_153.wav,2
/USERSPACE/DATASETS/CodecFake/C2/C2/F02_SSB10200188.wav,2
/USERSPACE/DATASETS/CodecFake/C2/C2/F02_SSB11610169.wav,2
/USERSPACE/DATASETS/CodecFake/C2/C2/F02_p339_270.wav,2
/USERSPACE/DATASETS/CodecFake/C2/C2/F02_SSB02880333.wav,2
/USERSPACE/DATASETS/CodecFake/C2/C2/F02_SSB03410290.wav,2
/USERSPACE/DATASETS/CodecFake/C2/C2/F02_SSB03750485.wav,2
/USERSPACE/DATASETS/CodecFake/C2/C2/F02_SSB00730146.wav,2
/USERSPACE/DATASETS/CodecFake/C2/C2/F02_SSB13220421.wav,2
/USERSPACE/DATASETS/CodecFake/C2/C2/F02_SSB01120001.wav,2
/USERSPACE/DATASETS/CodecFake/C2/C2/F02_SSB15930376.wav,2
/USERSPACE/DATASETS/CodecFake/C2/C2/F02_SSB09970137.wav,2
/USERSPACE/DATASETS/CodecFake/C2/C2/F02_SSB00430226.wav,2
/USERSPACE/DATASETS/CodecFake/C2/C2/F02_SSB06070365.wav,2
/USERSPACE/DATASETS/CodecFake/C2/C2/F02_p362_186.wav,2
/USERSPACE/DATASETS/CodecFake/C2/C2/F02_p310_245.wav,2
/USERSPACE/DATASETS/CodecFake/C2/C2/F02_p241_077.wav,2
/USERSPACE/DATASETS/CodecFake/C2/C2/F02_p249_248.wav,2
/USERSPACE/DATASETS/CodecFake/C2/C2/F02_p340_276.wav,2
/USERSPACE/DATASETS/CodecFake/C2/C2/F02_SSB03540188.wav,2
/USERSPACE/DATASETS/CodecFake/C2/C2/F02_p260_231.wav,2
/USERSPACE/DATASETS/CodecFake/C2/C2/F02_SSB11350048.wav,2
/USERSPACE/DATASETS/CodecFake/C2/C2/F02_SSB03390396.wav,2
/USERSPACE/DATASETS/CodecFake/C2/C2/F02_SSB10560420.wav,2
/USERSPACE/DATASETS/CodecFake/C2/C2/F02_p230_161.wav,2
/USERSPACE/DATASETS/CodecFake/C2/C2/F02_SSB12040298.wav,2
/USERSPACE/DATASETS/CodecFake/C2/C2/F02_SSB04260314.wav,2
/USERSPACE/DATASETS/CodecFake/C2/C2/F02_p259_119.wav,2
/USERSPACE/DATASETS/CodecFake/C2/C2/F02_SSB17810092.wav,2
/USERSPACE/DATASETS/CodecFake/C2/C2/F02_p292_409.wav,2
/USERSPACE/DATASETS/CodecFake/C2/C2/F02_p301_392.wav,2
/USERSPACE/DATASETS/CodecFake/C2/C2/F02_p306_201.wav,2
/USERSPACE/DATASETS/CodecFake/C2/C2/F02_SSB14370093.wav,2
/USERSPACE/DATASETS/CodecFake/C2/C2/F02_SSB18280473.wav,2
/USERSPACE/DATASETS/CodecFake/C2/C2/F02_p341_270.wav,2
/USERSPACE/DATASETS/CodecFake/C2/C2/F02_SSB00800075.wav,2
/USERSPACE/DATASETS/CodecFake/C2/C2/F02_p323_344.wav,2
/USERSPACE/DATASETS/CodecFake/C2/C2/F02_SSB16860364.wav,2
/USERSPACE/DATASETS/CodecFake/C2/C2/F02_p376_220.wav,2
/USERSPACE/DATASETS/CodecFake/C2/C2/F02_p341_006.wav,2
/USERSPACE/DATASETS/CodecFake/C2/C2/F02_p299_062.wav,2
/USERSPACE/DATASETS/CodecFake/C2/C2/F02_p260_159.wav,2
/USERSPACE/DATASETS/CodecFake/C2/C2/F02_SSB04350453.wav,2
/USERSPACE/DATASETS/CodecFake/C2/C2/F02_SSB00160456.wav,2
/USERSPACE/DATASETS/CodecFake/C2/C2/F02_p351_409.wav,2
/USERSPACE/DATASETS/CodecFake/C2/C2/F02_p280_211.wav,2
/USERSPACE/DATASETS/CodecFake/C2/C2/F02_SSB02870465.wav,2
/USERSPACE/DATASETS/CodecFake/C2/C2/F02_SSB16860139.wav,2
/USERSPACE/DATASETS/CodecFake/C2/C2/F02_SSB00090067.wav,2
/USERSPACE/DATASETS/CodecFake/C2/C2/F02_p276_180.wav,2
/USERSPACE/DATASETS/CodecFake/C2/C2/F02_SSB13400311.wav,2
/USERSPACE/DATASETS/CodecFake/C2/C2/F02_SSB00110449.wav,2
/USERSPACE/DATASETS/CodecFake/C2/C2/F02_SSB03540271.wav,2
/USERSPACE/DATASETS/CodecFake/C2/C2/F02_SSB16500130.wav,2
/USERSPACE/DATASETS/CodecFake/C2/C2/F02_SSB07490297.wav,2
/USERSPACE/DATASETS/CodecFake/C2/C2/F02_SSB10200103.wav,2
/USERSPACE/DATASETS/CodecFake/C2/C2/F02_SSB01390276.wav,2
/USERSPACE/DATASETS/CodecFake/C2/C2/F02_SSB03750009.wav,2
/USERSPACE/DATASETS/CodecFake/C2/C2/F02_SSB00330138.wav,2
/USERSPACE/DATASETS/CodecFake/C2/C2/F02_SSB06710388.wav,2
/USERSPACE/DATASETS/CodecFake/C2/C2/F02_SSB09350113.wav,2
/USERSPACE/DATASETS/CodecFake/C2/C2/F02_p269_078.wav,2
/USERSPACE/DATASETS/CodecFake/C2/C2/F02_SSB05390315.wav,2
/USERSPACE/DATASETS/CodecFake/C2/C2/F02_p295_357.wav,2
/USERSPACE/DATASETS/CodecFake/C2/C2/F02_SSB01970152.wav,2
/USERSPACE/DATASETS/CodecFake/C2/C2/F02_p251_012.wav,2
/USERSPACE/DATASETS/CodecFake/C2/C2/F02_SSB07170248.wav,2
/USERSPACE/DATASETS/CodecFake/C2/C2/F02_SSB18630450.wav,2
/USERSPACE/DATASETS/CodecFake/C2/C2/F02_p326_325.wav,2
/USERSPACE/DATASETS/CodecFake/C2/C2/F02_SSB00430243.wav,2
/USERSPACE/DATASETS/CodecFake/C2/C2/F02_SSB10640134.wav,2
/USERSPACE/DATASETS/CodecFake/C2/C2/F02_p273_371.wav,2
/USERSPACE/DATASETS/CodecFake/C2/C2/F02_SSB15670409.wav,2
/USERSPACE/DATASETS/CodecFake/C2/C2/F02_p311_233.wav,2
/USERSPACE/DATASETS/CodecFake/C2/C2/F02_SSB10010484.wav,2
/USERSPACE/DATASETS/CodecFake/C2/C2/F02_SSB00090276.wav,2
/USERSPACE/DATASETS/CodecFake/C2/C2/F02_SSB10500008.wav,2
/USERSPACE/DATASETS/CodecFake/C2/C2/F02_SSB07370277.wav,2
/USERSPACE/DATASETS/CodecFake/C2/C2/F02_SSB07490366.wav,2
/USERSPACE/DATASETS/CodecFake/C2/C2/F02_p233_103.wav,2
/USERSPACE/DATASETS/CodecFake/C2/C2/F02_SSB04340387.wav,2
/USERSPACE/DATASETS/CodecFake/C2/C2/F02_p297_236.wav,2
/USERSPACE/DATASETS/CodecFake/C2/C2/F02_p361_066.wav,2
/USERSPACE/DATASETS/CodecFake/C2/C2/F02_SSB12530183.wav,2
/USERSPACE/DATASETS/CodecFake/C2/C2/F02_SSB07620432.wav,2
/USERSPACE/DATASETS/CodecFake/C2/C2/F02_SSB05340499.wav,2
/USERSPACE/DATASETS/CodecFake/C2/C2/F02_p351_097.wav,2
/USERSPACE/DATASETS/CodecFake/C2/C2/F02_SSB16250117.wav,2
/USERSPACE/DATASETS/CodecFake/C2/C2/F02_SSB03070417.wav,2
/USERSPACE/DATASETS/CodecFake/C2/C2/F02_p257_103.wav,2
/USERSPACE/DATASETS/CodecFake/C2/C2/F02_SSB12530400.wav,2
/USERSPACE/DATASETS/CodecFake/C2/C2/F02_SSB05440100.wav,2
/USERSPACE/DATASETS/CodecFake/C2/C2/F02_SSB03790459.wav,2
/USERSPACE/DATASETS/CodecFake/C2/C2/F02_SSB01450244.wav,2
/USERSPACE/DATASETS/CodecFake/C2/C2/F02_p238_121.wav,2
/USERSPACE/DATASETS/CodecFake/C2/C2/F02_SSB02410384.wav,2
/USERSPACE/DATASETS/CodecFake/C2/C2/F02_p347_177.wav,2
/USERSPACE/DATASETS/CodecFake/C2/C2/F02_SSB18280150.wav,2
/USERSPACE/DATASETS/CodecFake/C2/C2/F02_SSB10910007.wav,2
/USERSPACE/DATASETS/CodecFake/C2/C2/F02_SSB07160020.wav,2
/USERSPACE/DATASETS/CodecFake/C2/C2/F02_SSB12740257.wav,2
/USERSPACE/DATASETS/CodecFake/C2/C2/F02_SSB18100395.wav,2
/USERSPACE/DATASETS/CodecFake/C2/C2/F02_p347_167.wav,2
/USERSPACE/DATASETS/CodecFake/C2/C2/F02_SSB19180249.wav,2
/USERSPACE/DATASETS/CodecFake/C2/C2/F02_p345_284.wav,2
/USERSPACE/DATASETS/CodecFake/C2/C2/F02_SSB07510295.wav,2
/USERSPACE/DATASETS/CodecFake/C2/C2/F02_SSB01330034.wav,2
/USERSPACE/DATASETS/CodecFake/C2/C2/F02_SSB00570076.wav,2
/USERSPACE/DATASETS/CodecFake/C2/C2/F02_SSB07800015.wav,2
/USERSPACE/DATASETS/CodecFake/C2/C2/F02_SSB07170243.wav,2
/USERSPACE/DATASETS/CodecFake/C2/C2/F02_SSB18720186.wav,2
/USERSPACE/DATASETS/CodecFake/C2/C2/F02_p245_227.wav,2
/USERSPACE/DATASETS/CodecFake/C2/C2/F02_SSB06310401.wav,2
/USERSPACE/DATASETS/CodecFake/C2/C2/F02_p236_474.wav,2
/USERSPACE/DATASETS/CodecFake/C2/C2/F02_p264_060.wav,2
/USERSPACE/DATASETS/CodecFake/C2/C2/F02_SSB08510404.wav,2
/USERSPACE/DATASETS/CodecFake/C2/C2/F02_SSB06290201.wav,2
/USERSPACE/DATASETS/CodecFake/C2/C2/F02_p245_191.wav,2
/USERSPACE/DATASETS/CodecFake/C2/C2/F02_p318_124.wav,2
/USERSPACE/DATASETS/CodecFake/C2/C2/F02_SSB10200006.wav,2
/USERSPACE/DATASETS/CodecFake/C2/C2/F02_SSB03850047.wav,2
/USERSPACE/DATASETS/CodecFake/C2/C2/F02_SSB10960407.wav,2
/USERSPACE/DATASETS/CodecFake/C2/C2/F02_SSB07000105.wav,2
/USERSPACE/DATASETS/CodecFake/C2/C2/F02_SSB13920361.wav,2
/USERSPACE/DATASETS/CodecFake/C2/C2/F02_SSB01390275.wav,2
/USERSPACE/DATASETS/CodecFake/C2/C2/F02_SSB02000004.wav,2
/USERSPACE/DATASETS/CodecFake/C2/C2/F02_SSB00180143.wav,2
/USERSPACE/DATASETS/CodecFake/C2/C2/F02_SSB00570157.wav,2
/USERSPACE/DATASETS/CodecFake/C2/C2/F02_p343_313.wav,2
/USERSPACE/DATASETS/CodecFake/C2/C2/F02_SSB06140283.wav,2
/USERSPACE/DATASETS/CodecFake/C2/C2/F02_SSB03420007.wav,2
/USERSPACE/DATASETS/CodecFake/C2/C2/F02_p257_411.wav,2
/USERSPACE/DATASETS/CodecFake/C2/C2/F02_SSB07100171.wav,2
/USERSPACE/DATASETS/CodecFake/C2/C2/F02_SSB11250460.wav,2
/USERSPACE/DATASETS/CodecFake/C2/C2/F02_SSB12030321.wav,2
/USERSPACE/DATASETS/CodecFake/C2/C2/F02_SSB11350386.wav,2
/USERSPACE/DATASETS/CodecFake/C2/C2/F02_p305_023.wav,2
/USERSPACE/DATASETS/CodecFake/C2/C2/F02_SSB16990221.wav,2
/USERSPACE/DATASETS/CodecFake/C2/C2/F02_p374_153.wav,2
/USERSPACE/DATASETS/CodecFake/C2/C2/F02_SSB10080430.wav,2
/USERSPACE/DATASETS/CodecFake/C2/C2/F02_SSB07480143.wav,2
/USERSPACE/DATASETS/CodecFake/C2/C2/F02_SSB04070177.wav,2
/USERSPACE/DATASETS/CodecFake/C2/C2/F02_SSB04070284.wav,2
/USERSPACE/DATASETS/CodecFake/C2/C2/F02_SSB05780106.wav,2
/USERSPACE/DATASETS/CodecFake/C2/C2/F02_SSB07000257.wav,2
/USERSPACE/DATASETS/CodecFake/C2/C2/F02_p345_036.wav,2
/USERSPACE/DATASETS/CodecFake/C2/C2/F02_p248_038.wav,2
/USERSPACE/DATASETS/CodecFake/C2/C2/F02_SSB03800438.wav,2
/USERSPACE/DATASETS/CodecFake/C2/C2/F02_SSB18460188.wav,2
/USERSPACE/DATASETS/CodecFake/C2/C2/F02_SSB01220348.wav,2
/USERSPACE/DATASETS/CodecFake/C2/C2/F02_SSB06680073.wav,2
/USERSPACE/DATASETS/CodecFake/C2/C2/F02_p237_351.wav,2
/USERSPACE/DATASETS/CodecFake/C2/C2/F02_p277_048.wav,2
/USERSPACE/DATASETS/CodecFake/C2/C2/F02_SSB15630361.wav,2
/USERSPACE/DATASETS/CodecFake/C2/C2/F02_SSB01220421.wav,2
/USERSPACE/DATASETS/CodecFake/C2/C2/F02_SSB03850297.wav,2
/USERSPACE/DATASETS/CodecFake/C2/C2/F02_p310_328.wav,2
/USERSPACE/DATASETS/CodecFake/C2/C2/F02_p376_104.wav,2
/USERSPACE/DATASETS/CodecFake/C2/C2/F02_p255_182.wav,2
/USERSPACE/DATASETS/CodecFake/C2/C2/F02_p244_348.wav,2
/USERSPACE/DATASETS/CodecFake/C2/C2/F02_SSB06710124.wav,2
/USERSPACE/DATASETS/CodecFake/C2/C2/F02_p323_231.wav,2
/USERSPACE/DATASETS/CodecFake/C2/C2/F02_p302_153.wav,2
/USERSPACE/DATASETS/CodecFake/C2/C2/F02_p330_019.wav,2
/USERSPACE/DATASETS/CodecFake/C2/C2/F02_SSB03090371.wav,2
/USERSPACE/DATASETS/CodecFake/C2/C2/F02_SSB02670272.wav,2
/USERSPACE/DATASETS/CodecFake/C2/C2/F02_p231_151.wav,2
/USERSPACE/DATASETS/CodecFake/C2/C2/F02_SSB10910180.wav,2
/USERSPACE/DATASETS/CodecFake/C2/C2/F02_p278_193.wav,2
/USERSPACE/DATASETS/CodecFake/C2/C2/F02_p227_005.wav,2
/USERSPACE/DATASETS/CodecFake/C2/C2/F02_SSB07170231.wav,2
/USERSPACE/DATASETS/CodecFake/C2/C2/F02_SSB16500299.wav,2
/USERSPACE/DATASETS/CodecFake/C2/C2/F02_SSB06860316.wav,2
/USERSPACE/DATASETS/CodecFake/C2/C2/F02_SSB00570246.wav,2
/USERSPACE/DATASETS/CodecFake/C2/C2/F02_p364_276.wav,2
/USERSPACE/DATASETS/CodecFake/C2/C2/F02_SSB02730372.wav,2
/USERSPACE/DATASETS/CodecFake/C2/C2/F02_SSB13850318.wav,2
/USERSPACE/DATASETS/CodecFake/C2/C2/F02_SSB13200485.wav,2
/USERSPACE/DATASETS/CodecFake/C2/C2/F02_p286_045.wav,2
/USERSPACE/DATASETS/CodecFake/C2/C2/F02_SSB11360047.wav,2
/USERSPACE/DATASETS/CodecFake/C2/C2/F02_p274_312.wav,2
/USERSPACE/DATASETS/CodecFake/C2/C2/F02_p362_418.wav,2
/USERSPACE/DATASETS/CodecFake/C2/C2/F02_SSB01390462.wav,2
/USERSPACE/DATASETS/CodecFake/C2/C2/F02_SSB07360259.wav,2
/USERSPACE/DATASETS/CodecFake/C2/C2/F02_SSB05020238.wav,2
/USERSPACE/DATASETS/CodecFake/C2/C2/F02_SSB13650181.wav,2
/USERSPACE/DATASETS/CodecFake/C2/C2/F02_p275_256.wav,2
/USERSPACE/DATASETS/CodecFake/C2/C2/F02_SSB07170139.wav,2
/USERSPACE/DATASETS/CodecFake/C2/C2/F02_p260_129.wav,2
/USERSPACE/DATASETS/CodecFake/C2/C2/F02_p249_140.wav,2
/USERSPACE/DATASETS/CodecFake/C2/C2/F02_SSB15670182.wav,2
/USERSPACE/DATASETS/CodecFake/C2/C2/F02_SSB01450208.wav,2
/USERSPACE/DATASETS/CodecFake/C2/C2/F02_SSB05700150.wav,2
/USERSPACE/DATASETS/CodecFake/C2/C2/F02_SSB05880309.wav,2
/USERSPACE/DATASETS/CodecFake/C2/C2/F02_p323_045.wav,2
/USERSPACE/DATASETS/CodecFake/C2/C2/F02_p362_212.wav,2
/USERSPACE/DATASETS/CodecFake/C2/C2/F02_p255_348.wav,2
/USERSPACE/DATASETS/CodecFake/C2/C2/F02_SSB10240189.wav,2
/USERSPACE/DATASETS/CodecFake/C2/C2/F02_SSB03750098.wav,2
/USERSPACE/DATASETS/CodecFake/C2/C2/F02_p333_020.wav,2
/USERSPACE/DATASETS/CodecFake/C2/C2/F02_p259_176.wav,2
/USERSPACE/DATASETS/CodecFake/C2/C2/F02_SSB08630418.wav,2
/USERSPACE/DATASETS/CodecFake/C2/C2/F02_p308_215.wav,2
/USERSPACE/DATASETS/CodecFake/C2/C2/F02_SSB03090030.wav,2
/USERSPACE/DATASETS/CodecFake/C2/C2/F02_SSB02670274.wav,2
/USERSPACE/DATASETS/CodecFake/C2/C2/F02_SSB15750103.wav,2
/USERSPACE/DATASETS/CodecFake/C2/C2/F02_SSB05340202.wav,2
/USERSPACE/DATASETS/CodecFake/C2/C2/F02_SSB05880292.wav,2
/USERSPACE/DATASETS/CodecFake/C2/C2/F02_SSB15930228.wav,2
/USERSPACE/DATASETS/CodecFake/C2/C2/F02_SSB12390039.wav,2
/USERSPACE/DATASETS/CodecFake/C2/C2/F02_SSB00120043.wav,2
/USERSPACE/DATASETS/CodecFake/C2/C2/F02_SSB02880213.wav,2
/USERSPACE/DATASETS/CodecFake/C2/C2/F02_p230_026.wav,2
/USERSPACE/DATASETS/CodecFake/C2/C2/F02_SSB05440285.wav,2
/USERSPACE/DATASETS/CodecFake/C2/C2/F02_p226_210.wav,2
/USERSPACE/DATASETS/CodecFake/C2/C2/F02_SSB11970249.wav,2
/USERSPACE/DATASETS/CodecFake/C2/C2/F02_p284_400.wav,2
/USERSPACE/DATASETS/CodecFake/C2/C2/F02_SSB06930213.wav,2
/USERSPACE/DATASETS/CodecFake/C2/C2/F02_SSB03950405.wav,2
/USERSPACE/DATASETS/CodecFake/C2/C2/F02_SSB00110264.wav,2
/USERSPACE/DATASETS/CodecFake/C2/C2/F02_p241_368.wav,2
/USERSPACE/DATASETS/CodecFake/C2/C2/F02_SSB08220126.wav,2
/USERSPACE/DATASETS/CodecFake/C2/C2/F02_SSB15750170.wav,2
/USERSPACE/DATASETS/CodecFake/C2/C2/F02_SSB00430293.wav,2
/USERSPACE/DATASETS/CodecFake/C2/C2/F02_SSB01490210.wav,2
/USERSPACE/DATASETS/CodecFake/C2/C2/F02_p343_039.wav,2
/USERSPACE/DATASETS/CodecFake/C2/C2/F02_p341_403.wav,2
/USERSPACE/DATASETS/CodecFake/C2/C2/F02_SSB00330116.wav,2
/USERSPACE/DATASETS/CodecFake/C2/C2/F02_SSB12040245.wav,2
/USERSPACE/DATASETS/CodecFake/C2/C2/F02_SSB11100324.wav,2
/USERSPACE/DATASETS/CodecFake/C2/C2/F02_SSB10550234.wav,2
/USERSPACE/DATASETS/CodecFake/C2/C2/F02_p237_217.wav,2
/USERSPACE/DATASETS/CodecFake/C2/C2/F02_p232_351.wav,2
/USERSPACE/DATASETS/CodecFake/C2/C2/F02_SSB00160386.wav,2
/USERSPACE/DATASETS/CodecFake/C2/C2/F02_SSB07490402.wav,2
/USERSPACE/DATASETS/CodecFake/C2/C2/F02_p334_301.wav,2
/USERSPACE/DATASETS/CodecFake/C2/C2/F02_p247_417.wav,2
/USERSPACE/DATASETS/CodecFake/C2/C2/F02_SSB09130127.wav,2
/USERSPACE/DATASETS/CodecFake/C2/C2/F02_p317_075.wav,2
/USERSPACE/DATASETS/CodecFake/C2/C2/F02_SSB07480404.wav,2
/USERSPACE/DATASETS/CodecFake/C2/C2/F02_SSB01450001.wav,2
/USERSPACE/DATASETS/CodecFake/C2/C2/F02_p252_331.wav,2
/USERSPACE/DATASETS/CodecFake/C2/C2/F02_p330_402.wav,2
/USERSPACE/DATASETS/CodecFake/C2/C2/F02_SSB15550029.wav,2
/USERSPACE/DATASETS/CodecFake/C2/C2/F02_SSB07800333.wav,2
/USERSPACE/DATASETS/CodecFake/C2/C2/F02_p255_038.wav,2
/USERSPACE/DATASETS/CodecFake/C2/C2/F02_SSB03380094.wav,2
/USERSPACE/DATASETS/CodecFake/C2/C2/F02_SSB03660260.wav,2
/USERSPACE/DATASETS/CodecFake/C2/C2/F02_p334_123.wav,2
/USERSPACE/DATASETS/CodecFake/C2/C2/F02_SSB02880193.wav,2
/USERSPACE/DATASETS/CodecFake/C2/C2/F02_p310_036.wav,2
/USERSPACE/DATASETS/CodecFake/C2/C2/F02_SSB12190340.wav,2
/USERSPACE/DATASETS/CodecFake/C2/C2/F02_p282_200.wav,2
/USERSPACE/DATASETS/CodecFake/C2/C2/F02_SSB03750241.wav,2
/USERSPACE/DATASETS/CodecFake/C2/C2/F02_p281_220.wav,2
/USERSPACE/DATASETS/CodecFake/C2/C2/F02_SSB07100069.wav,2
/USERSPACE/DATASETS/CodecFake/C2/C2/F02_SSB07510164.wav,2
/USERSPACE/DATASETS/CodecFake/C2/C2/F02_SSB09660138.wav,2
/USERSPACE/DATASETS/CodecFake/C2/C2/F02_SSB00180339.wav,2
/USERSPACE/DATASETS/CodecFake/C2/C2/F02_p302_059.wav,2
/USERSPACE/DATASETS/CodecFake/C2/C2/F02_SSB08510042.wav,2
/USERSPACE/DATASETS/CodecFake/C2/C2/F02_SSB00110031.wav,2
/USERSPACE/DATASETS/CodecFake/C2/C2/F02_SSB04150162.wav,2
/USERSPACE/DATASETS/CodecFake/C2/C2/F02_SSB12160034.wav,2
/USERSPACE/DATASETS/CodecFake/C2/C2/F02_SSB17280143.wav,2
/USERSPACE/DATASETS/CodecFake/C2/C2/F02_SSB14310411.wav,2
/USERSPACE/DATASETS/CodecFake/C2/C2/F02_p306_154.wav,2
/USERSPACE/DATASETS/CodecFake/C2/C2/F02_SSB01930276.wav,2
/USERSPACE/DATASETS/CodecFake/C2/C2/F02_SSB06230387.wav,2
/USERSPACE/DATASETS/CodecFake/C2/C2/F02_p228_328.wav,2
/USERSPACE/DATASETS/CodecFake/C2/C2/F02_p347_024.wav,2
/USERSPACE/DATASETS/CodecFake/C2/C2/F02_p239_293.wav,2
/USERSPACE/DATASETS/CodecFake/C2/C2/F02_p294_139.wav,2
/USERSPACE/DATASETS/CodecFake/C2/C2/F02_p326_109.wav,2
/USERSPACE/DATASETS/CodecFake/C2/C2/F02_p282_028.wav,2
/USERSPACE/DATASETS/CodecFake/C2/C2/F02_SSB02990470.wav,2
/USERSPACE/DATASETS/CodecFake/C2/C2/F02_SSB16860156.wav,2
/USERSPACE/DATASETS/CodecFake/C2/C2/F02_p286_309.wav,2
/USERSPACE/DATASETS/CodecFake/C2/C2/F02_p317_337.wav,2
/USERSPACE/DATASETS/CodecFake/C2/C2/F02_SSB18320127.wav,2
/USERSPACE/DATASETS/CodecFake/C2/C2/F02_SSB02460320.wav,2
/USERSPACE/DATASETS/CodecFake/C2/C2/F02_SSB12390148.wav,2
/USERSPACE/DATASETS/CodecFake/C2/C2/F02_SSB06930017.wav,2
/USERSPACE/DATASETS/CodecFake/C2/C2/F02_p266_381.wav,2
/USERSPACE/DATASETS/CodecFake/C2/C2/F02_SSB10560225.wav,2
/USERSPACE/DATASETS/CodecFake/C2/C2/F02_p301_361.wav,2
/USERSPACE/DATASETS/CodecFake/C2/C2/F02_SSB03850364.wav,2
/USERSPACE/DATASETS/CodecFake/C2/C2/F02_p300_062.wav,2
/USERSPACE/DATASETS/CodecFake/C2/C2/F02_p280_365.wav,2
/USERSPACE/DATASETS/CodecFake/C2/C2/F02_p298_188.wav,2
/USERSPACE/DATASETS/CodecFake/C2/C2/F02_p280_174.wav,2
/USERSPACE/DATASETS/CodecFake/C2/C2/F02_SSB02870260.wav,2
/USERSPACE/DATASETS/CodecFake/C2/C2/F02_p241_007.wav,2
/USERSPACE/DATASETS/CodecFake/C2/C2/F02_SSB07620169.wav,2
/USERSPACE/DATASETS/CodecFake/C2/C2/F02_SSB18370099.wav,2
/USERSPACE/DATASETS/CodecFake/C2/C2/F02_SSB08090175.wav,2
/USERSPACE/DATASETS/CodecFake/C2/C2/F02_SSB08630423.wav,2
/USERSPACE/DATASETS/CodecFake/C2/C2/F02_p241_139.wav,2
/USERSPACE/DATASETS/CodecFake/C2/C2/F02_SSB15750150.wav,2
/USERSPACE/DATASETS/CodecFake/C2/C2/F02_p310_398.wav,2
/USERSPACE/DATASETS/CodecFake/C2/C2/F02_p229_124.wav,2
/USERSPACE/DATASETS/CodecFake/C2/C2/F02_SSB13410242.wav,2
/USERSPACE/DATASETS/CodecFake/C2/C2/F02_p360_215.wav,2
/USERSPACE/DATASETS/CodecFake/C2/C2/F02_p310_291.wav,2
/USERSPACE/DATASETS/CodecFake/C2/C2/F02_SSB10960462.wav,2
/USERSPACE/DATASETS/CodecFake/C2/C2/F02_p277_124.wav,2
/USERSPACE/DATASETS/CodecFake/C2/C2/F02_SSB16990265.wav,2
/USERSPACE/DATASETS/CodecFake/C2/C2/F02_SSB06680305.wav,2
/USERSPACE/DATASETS/CodecFake/C2/C2/F02_SSB04700029.wav,2
/USERSPACE/DATASETS/CodecFake/C2/C2/F02_SSB00050398.wav,2
/USERSPACE/DATASETS/CodecFake/C2/C2/F02_SSB01390360.wav,2
/USERSPACE/DATASETS/CodecFake/C2/C2/F02_SSB09190345.wav,2
/USERSPACE/DATASETS/CodecFake/C2/C2/F02_SSB00160001.wav,2
/USERSPACE/DATASETS/CodecFake/C2/C2/F02_p280_381.wav,2
/USERSPACE/DATASETS/CodecFake/C2/C2/F02_p333_403.wav,2
/USERSPACE/DATASETS/CodecFake/C2/C2/F02_SSB17820406.wav,2
/USERSPACE/DATASETS/CodecFake/C2/C2/F02_SSB00380138.wav,2
/USERSPACE/DATASETS/CodecFake/C2/C2/F02_p230_274.wav,2
/USERSPACE/DATASETS/CodecFake/C2/C2/F02_SSB07940181.wav,2
/USERSPACE/DATASETS/CodecFake/C2/C2/F02_SSB07460337.wav,2
/USERSPACE/DATASETS/CodecFake/C2/C2/F02_p233_001.wav,2
/USERSPACE/DATASETS/CodecFake/C2/C2/F02_SSB00800101.wav,2
/USERSPACE/DATASETS/CodecFake/C2/C2/F02_SSB04340017.wav,2
/USERSPACE/DATASETS/CodecFake/C2/C2/F02_p318_051.wav,2
/USERSPACE/DATASETS/CodecFake/C2/C2/F02_SSB08870301.wav,2
/USERSPACE/DATASETS/CodecFake/C2/C2/F02_SSB11100060.wav,2
/USERSPACE/DATASETS/CodecFake/C2/C2/F02_SSB12210095.wav,2
/USERSPACE/DATASETS/CodecFake/C2/C2/F02_SSB11080121.wav,2
/USERSPACE/DATASETS/CodecFake/C2/C2/F02_p374_235.wav,2
/USERSPACE/DATASETS/CodecFake/C2/C2/F02_SSB01970272.wav,2
/USERSPACE/DATASETS/CodecFake/C2/C2/F02_SSB07000237.wav,2
/USERSPACE/DATASETS/CodecFake/C2/C2/F02_p283_406.wav,2
/USERSPACE/DATASETS/CodecFake/C2/C2/F02_SSB01390293.wav,2
/USERSPACE/DATASETS/CodecFake/C2/C2/F02_SSB07170031.wav,2
/USERSPACE/DATASETS/CodecFake/C2/C2/F02_p347_389.wav,2
/USERSPACE/DATASETS/CodecFake/C2/C2/F02_SSB06930164.wav,2
/USERSPACE/DATASETS/CodecFake/C2/C2/F02_p304_009.wav,2
/USERSPACE/DATASETS/CodecFake/C2/C2/F02_SSB01490209.wav,2
/USERSPACE/DATASETS/CodecFake/C2/C2/F02_p336_412.wav,2
/USERSPACE/DATASETS/CodecFake/C2/C2/F02_p278_379.wav,2
/USERSPACE/DATASETS/CodecFake/C2/C2/F02_SSB03950284.wav,2
/USERSPACE/DATASETS/CodecFake/C2/C2/F02_SSB01120419.wav,2
/USERSPACE/DATASETS/CodecFake/C2/C2/F02_p249_288.wav,2
/USERSPACE/DATASETS/CodecFake/C2/C2/F02_SSB00050463.wav,2
/USERSPACE/DATASETS/CodecFake/C2/C2/F02_SSB05900177.wav,2
/USERSPACE/DATASETS/CodecFake/C2/C2/F02_p285_263.wav,2
/USERSPACE/DATASETS/CodecFake/C2/C2/F02_SSB02730292.wav,2
/USERSPACE/DATASETS/CodecFake/C2/C2/F02_p257_180.wav,2
/USERSPACE/DATASETS/CodecFake/C2/C2/F02_p229_364.wav,2
/USERSPACE/DATASETS/CodecFake/C2/C2/F02_SSB00050024.wav,2
/USERSPACE/DATASETS/CodecFake/C2/C2/F02_SSB01390296.wav,2
/USERSPACE/DATASETS/CodecFake/C2/C2/F02_SSB03750116.wav,2
/USERSPACE/DATASETS/CodecFake/C2/C2/F02_SSB02410144.wav,2
/USERSPACE/DATASETS/CodecFake/C2/C2/F02_p302_214.wav,2
/USERSPACE/DATASETS/CodecFake/C2/C2/F02_p312_081.wav,2
/USERSPACE/DATASETS/CodecFake/C2/C2/F02_SSB18370273.wav,2
/USERSPACE/DATASETS/CodecFake/C2/C2/F02_p302_287.wav,2
/USERSPACE/DATASETS/CodecFake/C2/C2/F02_p246_242.wav,2
/USERSPACE/DATASETS/CodecFake/C2/C2/F02_SSB07490319.wav,2
/USERSPACE/DATASETS/CodecFake/C2/C2/F02_SSB19180181.wav,2
/USERSPACE/DATASETS/CodecFake/C2/C2/F02_p264_319.wav,2
/USERSPACE/DATASETS/CodecFake/C2/C2/F02_SSB13280107.wav,2
/USERSPACE/DATASETS/CodecFake/C2/C2/F02_SSB05940335.wav,2
/USERSPACE/DATASETS/CodecFake/C2/C2/F02_p361_095.wav,2
/USERSPACE/DATASETS/CodecFake/C2/C2/F02_SSB11250485.wav,2
/USERSPACE/DATASETS/CodecFake/C2/C2/F02_SSB18630319.wav,2
/USERSPACE/DATASETS/CodecFake/C2/C2/F02_SSB09150271.wav,2
/USERSPACE/DATASETS/CodecFake/C2/C2/F02_p376_045.wav,2
/USERSPACE/DATASETS/CodecFake/C2/C2/F02_SSB17590029.wav,2
/USERSPACE/DATASETS/CodecFake/C2/C2/F02_p287_331.wav,2
/USERSPACE/DATASETS/CodecFake/C2/C2/F02_SSB10720172.wav,2
/USERSPACE/DATASETS/CodecFake/C2/C2/F02_SSB18370410.wav,2
/USERSPACE/DATASETS/CodecFake/C2/C2/F02_SSB03390207.wav,2
/USERSPACE/DATASETS/CodecFake/C2/C2/F02_p343_182.wav,2
/USERSPACE/DATASETS/CodecFake/C2/C2/F02_p374_039.wav,2
/USERSPACE/DATASETS/CodecFake/C2/C2/F02_SSB06060307.wav,2
/USERSPACE/DATASETS/CodecFake/C2/C2/F02_SSB07860039.wav,2
/USERSPACE/DATASETS/CodecFake/C2/C2/F02_SSB10240194.wav,2
/USERSPACE/DATASETS/CodecFake/C2/C2/F02_SSB11970506.wav,2
/USERSPACE/DATASETS/CodecFake/C2/C2/F02_SSB01330144.wav,2
/USERSPACE/DATASETS/CodecFake/C2/C2/F02_SSB13930049.wav,2
/USERSPACE/DATASETS/CodecFake/C2/C2/F02_SSB06310098.wav,2
/USERSPACE/DATASETS/CodecFake/C2/C2/F02_p271_096.wav,2
/USERSPACE/DATASETS/CodecFake/C2/C2/F02_SSB00120448.wav,2
/USERSPACE/DATASETS/CodecFake/C2/C2/F02_p341_194.wav,2
/USERSPACE/DATASETS/CodecFake/C2/C2/F02_p229_274.wav,2
/USERSPACE/DATASETS/CodecFake/C2/C2/F02_p323_096.wav,2
/USERSPACE/DATASETS/CodecFake/C2/C2/F02_SSB05390436.wav,2
/USERSPACE/DATASETS/CodecFake/C2/C2/F02_p282_194.wav,2
/USERSPACE/DATASETS/CodecFake/C2/C2/F02_p304_418.wav,2
/USERSPACE/DATASETS/CodecFake/C2/C2/F02_SSB06060324.wav,2
/USERSPACE/DATASETS/CodecFake/C2/C2/F02_SSB03160170.wav,2
/USERSPACE/DATASETS/CodecFake/C2/C2/F02_p229_237.wav,2
/USERSPACE/DATASETS/CodecFake/C2/C2/F02_p341_057.wav,2
/USERSPACE/DATASETS/CodecFake/C2/C2/F02_SSB04270099.wav,2
/USERSPACE/DATASETS/CodecFake/C2/C2/F02_SSB07860429.wav,2
/USERSPACE/DATASETS/CodecFake/C2/C2/F02_SSB00050411.wav,2
/USERSPACE/DATASETS/CodecFake/C2/C2/F02_SSB07480345.wav,2
/USERSPACE/DATASETS/CodecFake/C2/C2/F02_SSB03940085.wav,2
/USERSPACE/DATASETS/CodecFake/C2/C2/F02_SSB01450416.wav,2
/USERSPACE/DATASETS/CodecFake/C2/C2/F02_SSB05780233.wav,2
/USERSPACE/DATASETS/CodecFake/C2/C2/F02_SSB07100469.wav,2
/USERSPACE/DATASETS/CodecFake/C2/C2/F02_SSB02460283.wav,2
/USERSPACE/DATASETS/CodecFake/C2/C2/F02_p247_462.wav,2
/USERSPACE/DATASETS/CodecFake/C2/C2/F02_SSB14020499.wav,2
/USERSPACE/DATASETS/CodecFake/C2/C2/F02_SSB18280335.wav,2
/USERSPACE/DATASETS/CodecFake/C2/C2/F02_p285_202.wav,2
/USERSPACE/DATASETS/CodecFake/C2/C2/F02_SSB16840090.wav,2
/USERSPACE/DATASETS/CodecFake/C2/C2/F02_p259_194.wav,2
/USERSPACE/DATASETS/CodecFake/C2/C2/F02_p240_074.wav,2
/USERSPACE/DATASETS/CodecFake/C2/C2/F02_p263_227.wav,2
/USERSPACE/DATASETS/CodecFake/C2/C2/F02_p283_123.wav,2
/USERSPACE/DATASETS/CodecFake/C2/C2/F02_SSB05020466.wav,2
/USERSPACE/DATASETS/CodecFake/C2/C2/F02_p318_420.wav,2
/USERSPACE/DATASETS/CodecFake/C2/C2/F02_SSB07110278.wav,2
/USERSPACE/DATASETS/CodecFake/C2/C2/F02_p241_018.wav,2
/USERSPACE/DATASETS/CodecFake/C2/C2/F02_p268_028.wav,2
/USERSPACE/DATASETS/CodecFake/C2/C2/F02_p284_207.wav,2
/USERSPACE/DATASETS/CodecFake/C2/C2/F02_SSB06320448.wav,2
/USERSPACE/DATASETS/CodecFake/C2/C2/F02_SSB04270003.wav,2
/USERSPACE/DATASETS/CodecFake/C2/C2/F02_SSB03950391.wav,2
/USERSPACE/DATASETS/CodecFake/C2/C2/F02_SSB06090137.wav,2
/USERSPACE/DATASETS/CodecFake/C2/C2/F02_p246_284.wav,2
/USERSPACE/DATASETS/CodecFake/C2/C2/F02_p231_013.wav,2
/USERSPACE/DATASETS/CodecFake/C2/C2/F02_SSB10200496.wav,2
/USERSPACE/DATASETS/CodecFake/C2/C2/F02_p239_276.wav,2
/USERSPACE/DATASETS/CodecFake/C2/C2/F02_SSB07800101.wav,2
/USERSPACE/DATASETS/CodecFake/C2/C2/F02_SSB07490445.wav,2
/USERSPACE/DATASETS/CodecFake/C2/C2/F02_SSB11080372.wav,2
/USERSPACE/DATASETS/CodecFake/C2/C2/F02_SSB12040042.wav,2
/USERSPACE/DATASETS/CodecFake/C2/C2/F02_SSB03410100.wav,2
/USERSPACE/DATASETS/CodecFake/C2/C2/F02_p329_029.wav,2
/USERSPACE/DATASETS/CodecFake/C2/C2/F02_SSB00430395.wav,2
/USERSPACE/DATASETS/CodecFake/C2/C2/F02_SSB09970023.wav,2
/USERSPACE/DATASETS/CodecFake/C2/C2/F02_SSB00050040.wav,2
/USERSPACE/DATASETS/CodecFake/C2/C2/F02_SSB16240134.wav,2
/USERSPACE/DATASETS/CodecFake/C2/C2/F02_SSB07480031.wav,2
/USERSPACE/DATASETS/CodecFake/C2/C2/F02_SSB08170408.wav,2
/USERSPACE/DATASETS/CodecFake/C2/C2/F02_p314_240.wav,2
/USERSPACE/DATASETS/CodecFake/C2/C2/F02_SSB15930367.wav,2
/USERSPACE/DATASETS/CodecFake/C2/C2/F02_SSB06660383.wav,2
/USERSPACE/DATASETS/CodecFake/C2/C2/F02_SSB01490021.wav,2
/USERSPACE/DATASETS/CodecFake/C2/C2/F02_p301_172.wav,2
/USERSPACE/DATASETS/CodecFake/C2/C2/F02_p255_328.wav,2
/USERSPACE/DATASETS/CodecFake/C2/C2/F02_p288_221.wav,2
/USERSPACE/DATASETS/CodecFake/C2/C2/F02_p272_357.wav,2
/USERSPACE/DATASETS/CodecFake/C2/C2/F02_p330_164.wav,2
/USERSPACE/DATASETS/CodecFake/C2/C2/F02_SSB15850074.wav,2
/USERSPACE/DATASETS/CodecFake/C2/C2/F02_p262_106.wav,2
/USERSPACE/DATASETS/CodecFake/C2/C2/F02_SSB03390316.wav,2
/USERSPACE/DATASETS/CodecFake/C2/C2/F02_SSB16860136.wav,2
/USERSPACE/DATASETS/CodecFake/C2/C2/F02_p293_104.wav,2
/USERSPACE/DATASETS/CodecFake/C2/C2/F02_SSB16840322.wav,2
/USERSPACE/DATASETS/CodecFake/C2/C2/F02_SSB08710034.wav,2
/USERSPACE/DATASETS/CodecFake/C2/C2/F02_SSB03850077.wav,2
/USERSPACE/DATASETS/CodecFake/C2/C2/F02_p238_383.wav,2
/USERSPACE/DATASETS/CodecFake/C2/C2/F02_SSB05700465.wav,2
/USERSPACE/DATASETS/CodecFake/C2/C2/F02_SSB18100084.wav,2
/USERSPACE/DATASETS/CodecFake/C2/C2/F02_SSB16500115.wav,2
/USERSPACE/DATASETS/CodecFake/C2/C2/F02_SSB09870499.wav,2
/USERSPACE/DATASETS/CodecFake/C2/C2/F02_SSB00380349.wav,2
/USERSPACE/DATASETS/CodecFake/C2/C2/F02_SSB13660146.wav,2
/USERSPACE/DATASETS/CodecFake/C2/C2/F02_SSB03660346.wav,2
/USERSPACE/DATASETS/CodecFake/C2/C2/F02_SSB03850389.wav,2
/USERSPACE/DATASETS/CodecFake/C2/C2/F02_p285_387.wav,2
/USERSPACE/DATASETS/CodecFake/C2/C2/F02_p318_359.wav,2
/USERSPACE/DATASETS/CodecFake/C2/C2/F02_SSB18310161.wav,2
/USERSPACE/DATASETS/CodecFake/C2/C2/F02_SSB12180267.wav,2
/USERSPACE/DATASETS/CodecFake/C2/C2/F02_SSB09190299.wav,2
/USERSPACE/DATASETS/CodecFake/C2/C2/F02_p248_151.wav,2
/USERSPACE/DATASETS/CodecFake/C2/C2/F02_SSB10080372.wav,2
/USERSPACE/DATASETS/CodecFake/C2/C2/F02_p316_286.wav,2
/USERSPACE/DATASETS/CodecFake/C2/C2/F02_SSB11000001.wav,2
/USERSPACE/DATASETS/CodecFake/C2/C2/F02_p280_102.wav,2
/USERSPACE/DATASETS/CodecFake/C2/C2/F02_SSB01220047.wav,2
/USERSPACE/DATASETS/CodecFake/C2/C2/F02_SSB00430143.wav,2
/USERSPACE/DATASETS/CodecFake/C2/C2/F02_SSB18780351.wav,2
/USERSPACE/DATASETS/CodecFake/C2/C2/F02_p226_021.wav,2
/USERSPACE/DATASETS/CodecFake/C2/C2/F02_SSB11100274.wav,2
/USERSPACE/DATASETS/CodecFake/C2/C2/F02_p305_344.wav,2
/USERSPACE/DATASETS/CodecFake/C2/C2/F02_p323_013.wav,2
/USERSPACE/DATASETS/CodecFake/C2/C2/F02_p304_255.wav,2
/USERSPACE/DATASETS/CodecFake/C2/C2/F02_SSB03790194.wav,2
/USERSPACE/DATASETS/CodecFake/C2/C2/F02_p299_120.wav,2
/USERSPACE/DATASETS/CodecFake/C2/C2/F02_SSB11080307.wav,2
/USERSPACE/DATASETS/CodecFake/C2/C2/F02_SSB19560133.wav,2
/USERSPACE/DATASETS/CodecFake/C2/C2/F02_SSB05390133.wav,2
/USERSPACE/DATASETS/CodecFake/C2/C2/F02_SSB00800313.wav,2
/USERSPACE/DATASETS/CodecFake/C2/C2/F02_SSB05340121.wav,2
/USERSPACE/DATASETS/CodecFake/C2/C2/F02_SSB11000360.wav,2
/USERSPACE/DATASETS/CodecFake/C2/C2/F02_SSB06320338.wav,2
/USERSPACE/DATASETS/CodecFake/C2/C2/F02_p278_149.wav,2
/USERSPACE/DATASETS/CodecFake/C2/C2/F02_SSB07490009.wav,2
/USERSPACE/DATASETS/CodecFake/C2/C2/F02_SSB01970201.wav,2
/USERSPACE/DATASETS/CodecFake/C2/C2/F02_p268_100.wav,2
/USERSPACE/DATASETS/CodecFake/C2/C2/F02_p258_037.wav,2
/USERSPACE/DATASETS/CodecFake/C2/C2/F02_SSB03410460.wav,2
/USERSPACE/DATASETS/CodecFake/C2/C2/F02_p330_165.wav,2
/USERSPACE/DATASETS/CodecFake/C2/C2/F02_p281_219.wav,2
/USERSPACE/DATASETS/CodecFake/C2/C2/F02_SSB05020226.wav,2
/USERSPACE/DATASETS/CodecFake/C2/C2/F02_p326_260.wav,2
/USERSPACE/DATASETS/CodecFake/C2/C2/F02_SSB07020300.wav,2
/USERSPACE/DATASETS/CodecFake/C2/C2/F02_SSB05340442.wav,2
/USERSPACE/DATASETS/CodecFake/C2/C2/F02_SSB17110424.wav,2
/USERSPACE/DATASETS/CodecFake/C2/C2/F02_SSB02870122.wav,2
/USERSPACE/DATASETS/CodecFake/C2/C2/F02_p229_246.wav,2
/USERSPACE/DATASETS/CodecFake/C2/C2/F02_SSB06230399.wav,2
/USERSPACE/DATASETS/CodecFake/C2/C2/F02_SSB07600161.wav,2
/USERSPACE/DATASETS/CodecFake/C2/C2/F02_p364_169.wav,2
/USERSPACE/DATASETS/CodecFake/C2/C2/F02_SSB07860436.wav,2
/USERSPACE/DATASETS/CodecFake/C2/C2/F02_SSB07020257.wav,2
/USERSPACE/DATASETS/CodecFake/C2/C2/F02_SSB03150405.wav,2
/USERSPACE/DATASETS/CodecFake/C2/C2/F02_SSB11360139.wav,2
/USERSPACE/DATASETS/CodecFake/C2/C2/F02_SSB18060234.wav,2
/USERSPACE/DATASETS/CodecFake/C2/C2/F02_SSB18720434.wav,2
/USERSPACE/DATASETS/CodecFake/C2/C2/F02_p257_163.wav,2
/USERSPACE/DATASETS/CodecFake/C2/C2/F02_SSB18370449.wav,2
/USERSPACE/DATASETS/CodecFake/C2/C2/F02_p316_312.wav,2
/USERSPACE/DATASETS/CodecFake/C2/C2/F02_p281_181.wav,2
/USERSPACE/DATASETS/CodecFake/C2/C2/F02_SSB01930227.wav,2
/USERSPACE/DATASETS/CodecFake/C2/C2/F02_p361_116.wav,2
/USERSPACE/DATASETS/CodecFake/C2/C2/F02_SSB01450042.wav,2
/USERSPACE/DATASETS/CodecFake/C2/C2/F02_SSB03070510.wav,2
/USERSPACE/DATASETS/CodecFake/C2/C2/F02_SSB04350033.wav,2
/USERSPACE/DATASETS/CodecFake/C2/C2/F02_SSB10560419.wav,2
/USERSPACE/DATASETS/CodecFake/C2/C2/F02_SSB07840416.wav,2
/USERSPACE/DATASETS/CodecFake/C2/C2/F02_p360_291.wav,2
/USERSPACE/DATASETS/CodecFake/C2/C2/F02_p260_355.wav,2
/USERSPACE/DATASETS/CodecFake/C2/C2/F02_SSB11610353.wav,2
/USERSPACE/DATASETS/CodecFake/C2/C2/F02_SSB05780047.wav,2
/USERSPACE/DATASETS/CodecFake/C2/C2/F02_p304_266.wav,2
/USERSPACE/DATASETS/CodecFake/C2/C2/F02_p343_328.wav,2
/USERSPACE/DATASETS/CodecFake/C2/C2/F02_SSB18090375.wav,2
/USERSPACE/DATASETS/CodecFake/C2/C2/F02_p288_066.wav,2
/USERSPACE/DATASETS/CodecFake/C2/C2/F02_p293_215.wav,2
/USERSPACE/DATASETS/CodecFake/C2/C2/F02_p376_167.wav,2
/USERSPACE/DATASETS/CodecFake/C2/C2/F02_SSB18060034.wav,2
/USERSPACE/DATASETS/CodecFake/C2/C2/F02_p237_102.wav,2
/USERSPACE/DATASETS/CodecFake/C2/C2/F02_p226_120.wav,2
/USERSPACE/DATASETS/CodecFake/C2/C2/F02_SSB16990070.wav,2
/USERSPACE/DATASETS/CodecFake/C2/C2/F02_SSB04270430.wav,2
/USERSPACE/DATASETS/CodecFake/C2/C2/F02_p360_210.wav,2
/USERSPACE/DATASETS/CodecFake/C2/C2/F02_SSB05780384.wav,2
/USERSPACE/DATASETS/CodecFake/C2/C2/F02_SSB13850485.wav,2
/USERSPACE/DATASETS/CodecFake/C2/C2/F02_SSB01490256.wav,2
/USERSPACE/DATASETS/CodecFake/C2/C2/F02_SSB07580112.wav,2
/USERSPACE/DATASETS/CodecFake/C2/C2/F02_SSB12210381.wav,2
/USERSPACE/DATASETS/CodecFake/C2/C2/F02_p237_026.wav,2
/USERSPACE/DATASETS/CodecFake/C2/C2/F02_SSB07480373.wav,2
/USERSPACE/DATASETS/CodecFake/C2/C2/F02_SSB05990049.wav,2
/USERSPACE/DATASETS/CodecFake/C2/C2/F02_SSB13650223.wav,2
/USERSPACE/DATASETS/CodecFake/C2/C2/F02_p364_190.wav,2
/USERSPACE/DATASETS/CodecFake/C2/C2/F02_SSB02000058.wav,2
/USERSPACE/DATASETS/CodecFake/C2/C2/F02_SSB07200214.wav,2
/USERSPACE/DATASETS/CodecFake/C2/C2/F02_SSB03540414.wav,2
/USERSPACE/DATASETS/CodecFake/C2/C2/F02_p301_017.wav,2
/USERSPACE/DATASETS/CodecFake/C2/C2/F02_p329_423.wav,2
/USERSPACE/DATASETS/CodecFake/C2/C2/F02_SSB15850482.wav,2
/USERSPACE/DATASETS/CodecFake/C2/C2/F02_SSB00380338.wav,2
/USERSPACE/DATASETS/CodecFake/C2/C2/F02_SSB10910146.wav,2
/USERSPACE/DATASETS/CodecFake/C2/C2/F02_p308_291.wav,2
/USERSPACE/DATASETS/CodecFake/C2/C2/F02_p300_049.wav,2
/USERSPACE/DATASETS/CodecFake/C2/C2/F02_p263_160.wav,2
/USERSPACE/DATASETS/CodecFake/C2/C2/F02_SSB07780004.wav,2
/USERSPACE/DATASETS/CodecFake/C2/C2/F02_SSB19180100.wav,2
/USERSPACE/DATASETS/CodecFake/C2/C2/F02_p302_239.wav,2
/USERSPACE/DATASETS/CodecFake/C2/C2/F02_SSB06680347.wav,2
/USERSPACE/DATASETS/CodecFake/C2/C2/F02_SSB01220051.wav,2
/USERSPACE/DATASETS/CodecFake/C2/C2/F02_SSB03230041.wav,2
/USERSPACE/DATASETS/CodecFake/C2/C2/F02_SSB07780013.wav,2
/USERSPACE/DATASETS/CodecFake/C2/C2/F02_SSB15930237.wav,2
/USERSPACE/DATASETS/CodecFake/C2/C2/F02_SSB11000075.wav,2
/USERSPACE/DATASETS/CodecFake/C2/C2/F02_p239_464.wav,2
/USERSPACE/DATASETS/CodecFake/C2/C2/F02_p281_221.wav,2
/USERSPACE/DATASETS/CodecFake/C2/C2/F02_SSB07460429.wav,2
/USERSPACE/DATASETS/CodecFake/C2/C2/F02_SSB06070484.wav,2
/USERSPACE/DATASETS/CodecFake/C2/C2/F02_SSB12180142.wav,2
/USERSPACE/DATASETS/CodecFake/C2/C2/F02_SSB13020498.wav,2
/USERSPACE/DATASETS/CodecFake/C2/C2/F02_p270_082.wav,2
/USERSPACE/DATASETS/CodecFake/C2/C2/F02_SSB18280266.wav,2
/USERSPACE/DATASETS/CodecFake/C2/C2/F02_p229_320.wav,2
/USERSPACE/DATASETS/CodecFake/C2/C2/F02_SSB17820421.wav,2
/USERSPACE/DATASETS/CodecFake/C2/C2/F02_SSB02610187.wav,2
/USERSPACE/DATASETS/CodecFake/C2/C2/F02_SSB04340373.wav,2
/USERSPACE/DATASETS/CodecFake/C2/C2/F02_p303_064.wav,2
/USERSPACE/DATASETS/CodecFake/C2/C2/F02_SSB00430005.wav,2
/USERSPACE/DATASETS/CodecFake/C2/C2/F02_SSB05390207.wav,2
/USERSPACE/DATASETS/CodecFake/C2/C2/F02_p231_392.wav,2
/USERSPACE/DATASETS/CodecFake/C2/C2/F02_SSB12190035.wav,2
/USERSPACE/DATASETS/CodecFake/C2/C2/F02_SSB15750083.wav,2
/USERSPACE/DATASETS/CodecFake/C2/C2/F02_SSB05650339.wav,2
/USERSPACE/DATASETS/CodecFake/C2/C2/F02_SSB05390497.wav,2
/USERSPACE/DATASETS/CodecFake/C2/C2/F02_SSB11350059.wav,2
/USERSPACE/DATASETS/CodecFake/C2/C2/F02_SSB05350192.wav,2
/USERSPACE/DATASETS/CodecFake/C2/C2/F02_SSB08090320.wav,2
/USERSPACE/DATASETS/CodecFake/C2/C2/F02_p308_181.wav,2
/USERSPACE/DATASETS/CodecFake/C2/C2/F02_SSB19020292.wav,2
/USERSPACE/DATASETS/CodecFake/C2/C2/F02_SSB00180023.wav,2
/USERSPACE/DATASETS/CodecFake/C2/C2/F02_p278_252.wav,2
/USERSPACE/DATASETS/CodecFake/C2/C2/F02_SSB00430471.wav,2
/USERSPACE/DATASETS/CodecFake/C2/C2/F02_SSB05650448.wav,2
/USERSPACE/DATASETS/CodecFake/C2/C2/F02_SSB14520238.wav,2
/USERSPACE/DATASETS/CodecFake/C2/C2/F02_SSB12190156.wav,2
/USERSPACE/DATASETS/CodecFake/C2/C2/F02_SSB10010453.wav,2
/USERSPACE/DATASETS/CodecFake/C2/C2/F02_p231_416.wav,2
/USERSPACE/DATASETS/CodecFake/C2/C2/F02_SSB10080169.wav,2
/USERSPACE/DATASETS/CodecFake/C2/C2/F02_p292_015.wav,2
/USERSPACE/DATASETS/CodecFake/C2/C2/F02_SSB03230276.wav,2
/USERSPACE/DATASETS/CodecFake/C2/C2/F02_p268_238.wav,2
/USERSPACE/DATASETS/CodecFake/C2/C2/F02_SSB16070070.wav,2
/USERSPACE/DATASETS/CodecFake/C2/C2/F02_SSB00050425.wav,2
/USERSPACE/DATASETS/CodecFake/C2/C2/F02_SSB11250148.wav,2
/USERSPACE/DATASETS/CodecFake/C2/C2/F02_SSB03930347.wav,2
/USERSPACE/DATASETS/CodecFake/C2/C2/F02_SSB04270456.wav,2
/USERSPACE/DATASETS/CodecFake/C2/C2/F02_SSB06290398.wav,2
/USERSPACE/DATASETS/CodecFake/C2/C2/F02_p299_048.wav,2
/USERSPACE/DATASETS/CodecFake/C2/C2/F02_p269_381.wav,2
/USERSPACE/DATASETS/CodecFake/C2/C2/F02_SSB00330017.wav,2
/USERSPACE/DATASETS/CodecFake/C2/C2/F02_SSB01450395.wav,2
/USERSPACE/DATASETS/CodecFake/C2/C2/F02_p334_310.wav,2
/USERSPACE/DATASETS/CodecFake/C2/C2/F02_p271_160.wav,2
/USERSPACE/DATASETS/CodecFake/C2/C2/F02_SSB06010367.wav,2
/USERSPACE/DATASETS/CodecFake/C2/C2/F02_p249_023.wav,2
/USERSPACE/DATASETS/CodecFake/C2/C2/F02_SSB18720195.wav,2
/USERSPACE/DATASETS/CodecFake/C2/C2/F02_SSB13920267.wav,2
/USERSPACE/DATASETS/CodecFake/C2/C2/F02_SSB04340188.wav,2
/USERSPACE/DATASETS/CodecFake/C2/C2/F02_SSB06230373.wav,2
/USERSPACE/DATASETS/CodecFake/C2/C2/F02_p249_161.wav,2
/USERSPACE/DATASETS/CodecFake/C2/C2/F02_SSB00430028.wav,2
/USERSPACE/DATASETS/CodecFake/C2/C2/F02_SSB04150071.wav,2
/USERSPACE/DATASETS/CodecFake/C2/C2/F02_SSB19350006.wav,2
/USERSPACE/DATASETS/CodecFake/C2/C2/F02_SSB16070163.wav,2
/USERSPACE/DATASETS/CodecFake/C2/C2/F02_SSB12180205.wav,2
/USERSPACE/DATASETS/CodecFake/C2/C2/F02_SSB12530163.wav,2
/USERSPACE/DATASETS/CodecFake/C2/C2/F02_SSB05990238.wav,2
/USERSPACE/DATASETS/CodecFake/C2/C2/F02_p279_083.wav,2
/USERSPACE/DATASETS/CodecFake/C2/C2/F02_SSB12150365.wav,2
/USERSPACE/DATASETS/CodecFake/C2/C2/F02_SSB11260113.wav,2
/USERSPACE/DATASETS/CodecFake/C2/C2/F02_p288_021.wav,2
/USERSPACE/DATASETS/CodecFake/C2/C2/F02_SSB10500433.wav,2
/USERSPACE/DATASETS/CodecFake/C2/C2/F02_p285_278.wav,2
/USERSPACE/DATASETS/CodecFake/C2/C2/F02_SSB13820273.wav,2
/USERSPACE/DATASETS/CodecFake/C2/C2/F02_SSB05650016.wav,2
/USERSPACE/DATASETS/CodecFake/C2/C2/F02_SSB16070300.wav,2
/USERSPACE/DATASETS/CodecFake/C2/C2/F02_SSB11150411.wav,2
/USERSPACE/DATASETS/CodecFake/C2/C2/F02_p307_179.wav,2
/USERSPACE/DATASETS/CodecFake/C2/C2/F02_SSB07230247.wav,2
/USERSPACE/DATASETS/CodecFake/C2/C2/F02_SSB02410092.wav,2
/USERSPACE/DATASETS/CodecFake/C2/C2/F02_p341_274.wav,2
/USERSPACE/DATASETS/CodecFake/C2/C2/F02_SSB18320077.wav,2
/USERSPACE/DATASETS/CodecFake/C2/C2/F02_p295_186.wav,2
/USERSPACE/DATASETS/CodecFake/C2/C2/F02_SSB07110255.wav,2
/USERSPACE/DATASETS/CodecFake/C2/C2/F02_SSB02880362.wav,2
/USERSPACE/DATASETS/CodecFake/C2/C2/F02_p287_057.wav,2
/USERSPACE/DATASETS/CodecFake/C2/C2/F02_p307_174.wav,2
/USERSPACE/DATASETS/CodecFake/C2/C2/F02_SSB07110338.wav,2
/USERSPACE/DATASETS/CodecFake/C2/C2/F02_p351_299.wav,2
/USERSPACE/DATASETS/CodecFake/C2/C2/F02_SSB00570297.wav,2
/USERSPACE/DATASETS/CodecFake/C2/C2/F02_SSB03390376.wav,2
/USERSPACE/DATASETS/CodecFake/C2/C2/F02_p316_251.wav,2
/USERSPACE/DATASETS/CodecFake/C2/C2/F02_p256_179.wav,2
/USERSPACE/DATASETS/CodecFake/C2/C2/F02_SSB16070157.wav,2
/USERSPACE/DATASETS/CodecFake/C2/C2/F02_SSB10550143.wav,2
/USERSPACE/DATASETS/CodecFake/C2/C2/F02_p275_346.wav,2
/USERSPACE/DATASETS/CodecFake/C2/C2/F02_SSB02000023.wav,2
/USERSPACE/DATASETS/CodecFake/C2/C2/F02_SSB00730368.wav,2
/USERSPACE/DATASETS/CodecFake/C2/C2/F02_p227_063.wav,2
/USERSPACE/DATASETS/CodecFake/C2/C2/F02_SSB05990105.wav,2
/USERSPACE/DATASETS/CodecFake/C2/C2/F02_SSB05700391.wav,2
/USERSPACE/DATASETS/CodecFake/C2/C2/F02_p287_399.wav,2
/USERSPACE/DATASETS/CodecFake/C2/C2/F02_p233_147.wav,2
/USERSPACE/DATASETS/CodecFake/C2/C2/F02_SSB02610168.wav,2
/USERSPACE/DATASETS/CodecFake/C2/C2/F02_SSB00730102.wav,2
/USERSPACE/DATASETS/CodecFake/C2/C2/F02_SSB00800355.wav,2
/USERSPACE/DATASETS/CodecFake/C2/C2/F02_SSB03070294.wav,2
/USERSPACE/DATASETS/CodecFake/C2/C2/F02_SSB18720069.wav,2
/USERSPACE/DATASETS/CodecFake/C2/C2/F02_SSB09130085.wav,2
/USERSPACE/DATASETS/CodecFake/C2/C2/F02_SSB18280413.wav,2
/USERSPACE/DATASETS/CodecFake/C2/C2/F02_SSB07370433.wav,2
/USERSPACE/DATASETS/CodecFake/C2/C2/F02_p361_390.wav,2
/USERSPACE/DATASETS/CodecFake/C2/C2/F02_p304_384.wav,2
/USERSPACE/DATASETS/CodecFake/C2/C2/F02_SSB14520145.wav,2
/USERSPACE/DATASETS/CodecFake/C2/C2/F02_SSB09190104.wav,2
/USERSPACE/DATASETS/CodecFake/C2/C2/F02_p288_345.wav,2
/USERSPACE/DATASETS/CodecFake/C2/C2/F02_p347_129.wav,2
/USERSPACE/DATASETS/CodecFake/C2/C2/F02_p243_195.wav,2
/USERSPACE/DATASETS/CodecFake/C2/C2/F02_p227_027.wav,2
/USERSPACE/DATASETS/CodecFake/C2/C2/F02_SSB07840189.wav,2
/USERSPACE/DATASETS/CodecFake/C2/C2/F02_p314_330.wav,2
/USERSPACE/DATASETS/CodecFake/C2/C2/F02_SSB10720330.wav,2
/USERSPACE/DATASETS/CodecFake/C2/C2/F02_p268_309.wav,2
/USERSPACE/DATASETS/CodecFake/C2/C2/F02_SSB17820203.wav,2
/USERSPACE/DATASETS/CodecFake/C2/C2/F02_SSB10560205.wav,2
/USERSPACE/DATASETS/CodecFake/C2/C2/F02_p252_153.wav,2
/USERSPACE/DATASETS/CodecFake/C2/C2/F02_SSB09930094.wav,2
/USERSPACE/DATASETS/CodecFake/C2/C2/F02_p244_405.wav,2
/USERSPACE/DATASETS/CodecFake/C2/C2/F02_SSB00800273.wav,2
/USERSPACE/DATASETS/CodecFake/C2/C2/F02_SSB07600070.wav,2
/USERSPACE/DATASETS/CodecFake/C2/C2/F02_SSB06860244.wav,2
/USERSPACE/DATASETS/CodecFake/C2/C2/F02_p236_428.wav,2
/USERSPACE/DATASETS/CodecFake/C2/C2/F02_SSB03420370.wav,2
/USERSPACE/DATASETS/CodecFake/C2/C2/F02_SSB02670362.wav,2
/USERSPACE/DATASETS/CodecFake/C2/C2/F02_SSB11150347.wav,2
/USERSPACE/DATASETS/CodecFake/C2/C2/F02_SSB16300060.wav,2
/USERSPACE/DATASETS/CodecFake/C2/C2/F02_p298_248.wav,2
/USERSPACE/DATASETS/CodecFake/C2/C2/F02_SSB07860281.wav,2
/USERSPACE/DATASETS/CodecFake/C2/C2/F02_SSB07620107.wav,2
/USERSPACE/DATASETS/CodecFake/C2/C2/F02_p341_195.wav,2
/USERSPACE/DATASETS/CodecFake/C2/C2/F02_p334_367.wav,2
/USERSPACE/DATASETS/CodecFake/C2/C2/F02_SSB05340138.wav,2
/USERSPACE/DATASETS/CodecFake/C2/C2/F02_SSB06860270.wav,2
/USERSPACE/DATASETS/CodecFake/C2/C2/F02_SSB05780401.wav,2
/USERSPACE/DATASETS/CodecFake/C2/C2/F02_SSB17450139.wav,2
/USERSPACE/DATASETS/CodecFake/C2/C2/F02_SSB03230263.wav,2
/USERSPACE/DATASETS/CodecFake/C2/C2/F02_p254_333.wav,2
/USERSPACE/DATASETS/CodecFake/C2/C2/F02_p256_116.wav,2
/USERSPACE/DATASETS/CodecFake/C2/C2/F02_SSB19390445.wav,2
/USERSPACE/DATASETS/CodecFake/C2/C2/F02_p246_263.wav,2
/USERSPACE/DATASETS/CodecFake/C2/C2/F02_p297_404.wav,2
/USERSPACE/DATASETS/CodecFake/C2/C2/F02_p267_374.wav,2
/USERSPACE/DATASETS/CodecFake/C2/C2/F02_SSB03160102.wav,2
/USERSPACE/DATASETS/CodecFake/C2/C2/F02_SSB09350053.wav,2
/USERSPACE/DATASETS/CodecFake/C2/C2/F02_SSB03940471.wav,2
/USERSPACE/DATASETS/CodecFake/C2/C2/F02_p279_406.wav,2
/USERSPACE/DATASETS/CodecFake/C2/C2/F02_SSB11250179.wav,2
/USERSPACE/DATASETS/CodecFake/C2/C2/F02_p298_335.wav,2
/USERSPACE/DATASETS/CodecFake/C2/C2/F02_SSB07800155.wav,2
/USERSPACE/DATASETS/CodecFake/C2/C2/F02_SSB00380029.wav,2
/USERSPACE/DATASETS/CodecFake/C2/C2/F02_SSB13280396.wav,2
/USERSPACE/DATASETS/CodecFake/C2/C2/F02_SSB13280440.wav,2
/USERSPACE/DATASETS/CodecFake/C2/C2/F02_p329_390.wav,2
/USERSPACE/DATASETS/CodecFake/C2/C2/F02_p228_028.wav,2
/USERSPACE/DATASETS/CodecFake/C2/C2/F02_SSB06710023.wav,2
/USERSPACE/DATASETS/CodecFake/C2/C2/F02_SSB00050047.wav,2
/USERSPACE/DATASETS/CodecFake/C2/C2/F02_p351_076.wav,2
/USERSPACE/DATASETS/CodecFake/C2/C2/F02_SSB06060058.wav,2
/USERSPACE/DATASETS/CodecFake/C2/C2/F02_SSB12030330.wav,2
/USERSPACE/DATASETS/CodecFake/C2/C2/F02_SSB01930478.wav,2
/USERSPACE/DATASETS/CodecFake/C2/C2/F02_p293_342.wav,2
/USERSPACE/DATASETS/CodecFake/C2/C2/F02_p243_290.wav,2
/USERSPACE/DATASETS/CodecFake/C2/C2/F02_SSB16840127.wav,2
/USERSPACE/DATASETS/CodecFake/C2/C2/F02_SSB09660363.wav,2
/USERSPACE/DATASETS/CodecFake/C2/C2/F02_SSB02000238.wav,2
/USERSPACE/DATASETS/CodecFake/C2/C2/F02_p267_064.wav,2
/USERSPACE/DATASETS/CodecFake/C2/C2/F02_SSB03070079.wav,2
/USERSPACE/DATASETS/CodecFake/C2/C2/F02_p265_275.wav,2
/USERSPACE/DATASETS/CodecFake/C2/C2/F02_SSB13660337.wav,2
/USERSPACE/DATASETS/CodecFake/C2/C2/F02_p275_041.wav,2
/USERSPACE/DATASETS/CodecFake/C2/C2/F02_SSB08630035.wav,2
/USERSPACE/DATASETS/CodecFake/C2/C2/F02_SSB01330375.wav,2
/USERSPACE/DATASETS/CodecFake/C2/C2/F02_p250_342.wav,2
/USERSPACE/DATASETS/CodecFake/C2/C2/F02_p248_213.wav,2
/USERSPACE/DATASETS/CodecFake/C2/C2/F02_p249_076.wav,2
/USERSPACE/DATASETS/CodecFake/C2/C2/F02_p271_050.wav,2
/USERSPACE/DATASETS/CodecFake/C2/C2/F02_SSB18910357.wav,2
/USERSPACE/DATASETS/CodecFake/C2/C2/F02_SSB05880454.wav,2
/USERSPACE/DATASETS/CodecFake/C2/C2/F02_SSB05880237.wav,2
/USERSPACE/DATASETS/CodecFake/C2/C2/F02_SSB11150309.wav,2
/USERSPACE/DATASETS/CodecFake/C2/C2/F02_p313_189.wav,2
/USERSPACE/DATASETS/CodecFake/C2/C2/F02_SSB10020119.wav,2
/USERSPACE/DATASETS/CodecFake/C2/C2/F02_SSB02610034.wav,2
/USERSPACE/DATASETS/CodecFake/C2/C2/F02_SSB07620016.wav,2
/USERSPACE/DATASETS/CodecFake/C2/C2/F02_SSB10020279.wav,2
/USERSPACE/DATASETS/CodecFake/C2/C2/F02_SSB12210369.wav,2
/USERSPACE/DATASETS/CodecFake/C2/C2/F02_SSB02990209.wav,2
/USERSPACE/DATASETS/CodecFake/C2/C2/F02_p245_203.wav,2
/USERSPACE/DATASETS/CodecFake/C2/C2/F02_SSB06030271.wav,2
/USERSPACE/DATASETS/CodecFake/C2/C2/F02_p293_015.wav,2
/USERSPACE/DATASETS/CodecFake/C2/C2/F02_SSB12150195.wav,2
/USERSPACE/DATASETS/CodecFake/C2/C2/F02_SSB00430160.wav,2
/USERSPACE/DATASETS/CodecFake/C2/C2/F02_SSB01490216.wav,2
/USERSPACE/DATASETS/CodecFake/C2/C2/F02_SSB10080144.wav,2
/USERSPACE/DATASETS/CodecFake/C2/C2/F02_SSB11000336.wav,2
/USERSPACE/DATASETS/CodecFake/C2/C2/F02_p267_308.wav,2
/USERSPACE/DATASETS/CodecFake/C2/C2/F02_SSB08090285.wav,2
/USERSPACE/DATASETS/CodecFake/C2/C2/F02_SSB19180207.wav,2
/USERSPACE/DATASETS/CodecFake/C2/C2/F02_SSB00180157.wav,2
/USERSPACE/DATASETS/CodecFake/C2/C2/F02_SSB09660244.wav,2
/USERSPACE/DATASETS/CodecFake/C2/C2/F02_p280_406.wav,2
/USERSPACE/DATASETS/CodecFake/C2/C2/F02_p298_035.wav,2
/USERSPACE/DATASETS/CodecFake/C2/C2/F02_SSB10550017.wav,2
/USERSPACE/DATASETS/CodecFake/C2/C2/F02_SSB16500035.wav,2
/USERSPACE/DATASETS/CodecFake/C2/C2/F02_SSB15630505.wav,2
/USERSPACE/DATASETS/CodecFake/C2/C2/F02_SSB19390410.wav,2
/USERSPACE/DATASETS/CodecFake/C2/C2/F02_SSB06310245.wav,2
/USERSPACE/DATASETS/CodecFake/C2/C2/F02_p287_115.wav,2
/USERSPACE/DATASETS/CodecFake/C2/C2/F02_p329_385.wav,2
/USERSPACE/DATASETS/CodecFake/C2/C2/F02_SSB11310086.wav,2
/USERSPACE/DATASETS/CodecFake/C2/C2/F02_SSB07620302.wav,2
/USERSPACE/DATASETS/CodecFake/C2/C2/F02_p245_014.wav,2
/USERSPACE/DATASETS/CodecFake/C2/C2/F02_SSB04820282.wav,2
/USERSPACE/DATASETS/CodecFake/C2/C2/F02_SSB08090344.wav,2
/USERSPACE/DATASETS/CodecFake/C2/C2/F02_SSB12030290.wav,2
/USERSPACE/DATASETS/CodecFake/C2/C2/F02_p276_068.wav,2
/USERSPACE/DATASETS/CodecFake/C2/C2/F02_SSB06230344.wav,2
/USERSPACE/DATASETS/CodecFake/C2/C2/F02_p236_071.wav,2
/USERSPACE/DATASETS/CodecFake/C2/C2/F02_p265_180.wav,2
/USERSPACE/DATASETS/CodecFake/C2/C2/F02_SSB07360170.wav,2
/USERSPACE/DATASETS/CodecFake/C2/C2/F02_SSB09130367.wav,2
/USERSPACE/DATASETS/CodecFake/C2/C2/F02_SSB00430422.wav,2
/USERSPACE/DATASETS/CodecFake/C2/C2/F02_SSB03800230.wav,2
/USERSPACE/DATASETS/CodecFake/C2/C2/F02_SSB03820404.wav,2
/USERSPACE/DATASETS/CodecFake/C2/C2/F02_p263_315.wav,2
/USERSPACE/DATASETS/CodecFake/C2/C2/F02_p286_339.wav,2
/USERSPACE/DATASETS/CodecFake/C2/C2/F02_p226_217.wav,2
/USERSPACE/DATASETS/CodecFake/C2/C2/F02_SSB19180061.wav,2
/USERSPACE/DATASETS/CodecFake/C2/C2/F02_SSB03800010.wav,2
/USERSPACE/DATASETS/CodecFake/C2/C2/F02_SSB07510417.wav,2
/USERSPACE/DATASETS/CodecFake/C2/C2/F02_SSB05390096.wav,2
/USERSPACE/DATASETS/CodecFake/C2/C2/F02_p340_375.wav,2
/USERSPACE/DATASETS/CodecFake/C2/C2/F02_SSB05780417.wav,2
/USERSPACE/DATASETS/CodecFake/C2/C2/F02_p334_039.wav,2
/USERSPACE/DATASETS/CodecFake/C2/C2/F02_SSB18280422.wav,2
/USERSPACE/DATASETS/CodecFake/C2/C2/F02_SSB01390270.wav,2
/USERSPACE/DATASETS/CodecFake/C2/C2/F02_SSB04270340.wav,2
/USERSPACE/DATASETS/CodecFake/C2/C2/F02_SSB07000175.wav,2
/USERSPACE/DATASETS/CodecFake/C2/C2/F02_SSB03820441.wav,2
/USERSPACE/DATASETS/CodecFake/C2/C2/F02_SSB11380324.wav,2
/USERSPACE/DATASETS/CodecFake/C2/C2/F02_p315_066.wav,2
/USERSPACE/DATASETS/CodecFake/C2/C2/F02_SSB10200159.wav,2
/USERSPACE/DATASETS/CodecFake/C2/C2/F02_SSB02870181.wav,2
/USERSPACE/DATASETS/CodecFake/C2/C2/F02_SSB10010387.wav,2
/USERSPACE/DATASETS/CodecFake/C2/C2/F02_SSB05900145.wav,2
/USERSPACE/DATASETS/CodecFake/C2/C2/F02_p236_476.wav,2
/USERSPACE/DATASETS/CodecFake/C2/C2/F02_SSB13850225.wav,2
/USERSPACE/DATASETS/CodecFake/C2/C2/F02_SSB05900492.wav,2
/USERSPACE/DATASETS/CodecFake/C2/C2/F02_SSB13820263.wav,2
/USERSPACE/DATASETS/CodecFake/C2/C2/F02_p267_050.wav,2
/USERSPACE/DATASETS/CodecFake/C2/C2/F02_SSB03230044.wav,2
/USERSPACE/DATASETS/CodecFake/C2/C2/F02_p311_151.wav,2
/USERSPACE/DATASETS/CodecFake/C2/C2/F02_SSB02460087.wav,2
/USERSPACE/DATASETS/CodecFake/C2/C2/F02_SSB16240422.wav,2
/USERSPACE/DATASETS/CodecFake/C2/C2/F02_SSB05650434.wav,2
/USERSPACE/DATASETS/CodecFake/C2/C2/F02_p240_201.wav,2
/USERSPACE/DATASETS/CodecFake/C2/C2/F02_SSB02730238.wav,2
/USERSPACE/DATASETS/CodecFake/C2/C2/F02_SSB07370221.wav,2
/USERSPACE/DATASETS/CodecFake/C2/C2/F02_p255_224.wav,2
/USERSPACE/DATASETS/CodecFake/C2/C2/F02_SSB11610013.wav,2
/USERSPACE/DATASETS/CodecFake/C2/C2/F02_SSB15550121.wav,2
/USERSPACE/DATASETS/CodecFake/C2/C2/F02_SSB02410465.wav,2
/USERSPACE/DATASETS/CodecFake/C2/C2/F02_p278_268.wav,2
/USERSPACE/DATASETS/CodecFake/C2/C2/F02_SSB00160197.wav,2
/USERSPACE/DATASETS/CodecFake/C2/C2/F02_p285_059.wav,2
/USERSPACE/DATASETS/CodecFake/C2/C2/F02_p261_085.wav,2
/USERSPACE/DATASETS/CodecFake/C2/C2/F02_SSB05780031.wav,2
/USERSPACE/DATASETS/CodecFake/C2/C2/F02_p302_035.wav,2
/USERSPACE/DATASETS/CodecFake/C2/C2/F02_p339_217.wav,2
/USERSPACE/DATASETS/CodecFake/C2/C2/F02_p364_069.wav,2
/USERSPACE/DATASETS/CodecFake/C2/C2/F02_SSB03940343.wav,2
/USERSPACE/DATASETS/CodecFake/C2/C2/F02_p314_112.wav,2
/USERSPACE/DATASETS/CodecFake/C2/C2/F02_p260_292.wav,2
/USERSPACE/DATASETS/CodecFake/C2/C2/F02_SSB11150049.wav,2
/USERSPACE/DATASETS/CodecFake/C2/C2/F02_p273_421.wav,2
/USERSPACE/DATASETS/CodecFake/C2/C2/F02_SSB01330364.wav,2
/USERSPACE/DATASETS/CodecFake/C2/C2/F02_SSB10080236.wav,2
/USERSPACE/DATASETS/CodecFake/C2/C2/F02_SSB13410398.wav,2
/USERSPACE/DATASETS/CodecFake/C2/C2/F02_SSB01120492.wav,2
/USERSPACE/DATASETS/CodecFake/C2/C2/F02_p299_328.wav,2
/USERSPACE/DATASETS/CodecFake/C2/C2/F02_SSB03160298.wav,2
/USERSPACE/DATASETS/CodecFake/C2/C2/F02_SSB14480233.wav,2
/USERSPACE/DATASETS/CodecFake/C2/C2/F02_p263_261.wav,2
/USERSPACE/DATASETS/CodecFake/C2/C2/F02_p248_025.wav,2
/USERSPACE/DATASETS/CodecFake/C2/C2/F02_SSB10200201.wav,2
/USERSPACE/DATASETS/CodecFake/C2/C2/F02_SSB03380480.wav,2
/USERSPACE/DATASETS/CodecFake/C2/C2/F02_SSB04260342.wav,2
/USERSPACE/DATASETS/CodecFake/C2/C2/F02_SSB03070174.wav,2
/USERSPACE/DATASETS/CodecFake/C2/C2/F02_SSB05780431.wav,2
/USERSPACE/DATASETS/CodecFake/C2/C2/F02_SSB01490068.wav,2
/USERSPACE/DATASETS/CodecFake/C2/C2/F02_SSB16250440.wav,2
/USERSPACE/DATASETS/CodecFake/C2/C2/F02_p244_048.wav,2
/USERSPACE/DATASETS/CodecFake/C2/C2/F02_SSB10560189.wav,2
/USERSPACE/DATASETS/CodecFake/C2/C2/F02_SSB15550081.wav,2
/USERSPACE/DATASETS/CodecFake/C2/C2/F02_SSB03150050.wav,2
/USERSPACE/DATASETS/CodecFake/C2/C2/F02_SSB14520203.wav,2
/USERSPACE/DATASETS/CodecFake/C2/C2/F02_SSB19180105.wav,2
/USERSPACE/DATASETS/CodecFake/C2/C2/F02_p239_278.wav,2
/USERSPACE/DATASETS/CodecFake/C2/C2/F02_SSB06140241.wav,2
/USERSPACE/DATASETS/CodecFake/C2/C2/F02_p233_156.wav,2
/USERSPACE/DATASETS/CodecFake/C2/C2/F02_p247_466.wav,2
/USERSPACE/DATASETS/CodecFake/C2/C2/F02_SSB09350463.wav,2
/USERSPACE/DATASETS/CodecFake/C2/C2/F02_p275_364.wav,2
/USERSPACE/DATASETS/CodecFake/C2/C2/F02_SSB03380355.wav,2
/USERSPACE/DATASETS/CodecFake/C2/C2/F02_SSB11970202.wav,2
/USERSPACE/DATASETS/CodecFake/C2/C2/F02_p284_199.wav,2
/USERSPACE/DATASETS/CodecFake/C2/C2/F02_p253_142.wav,2
/USERSPACE/DATASETS/CodecFake/C2/C2/F02_p241_140.wav,2
/USERSPACE/DATASETS/CodecFake/C2/C2/F02_SSB13990343.wav,2
/USERSPACE/DATASETS/CodecFake/C2/C2/F02_SSB11000442.wav,2
/USERSPACE/DATASETS/CodecFake/C2/C2/F02_SSB01330116.wav,2
/USERSPACE/DATASETS/CodecFake/C2/C2/F02_SSB03800349.wav,2
/USERSPACE/DATASETS/CodecFake/C2/C2/F02_p236_063.wav,2
/USERSPACE/DATASETS/CodecFake/C2/C2/F02_p267_013.wav,2
/USERSPACE/DATASETS/CodecFake/C2/C2/F02_SSB13400394.wav,2
/USERSPACE/DATASETS/CodecFake/C2/C2/F02_p361_023.wav,2
/USERSPACE/DATASETS/CodecFake/C2/C2/F02_p326_166.wav,2
/USERSPACE/DATASETS/CodecFake/C2/C2/F02_SSB03410493.wav,2
/USERSPACE/DATASETS/CodecFake/C2/C2/F02_SSB05940334.wav,2
/USERSPACE/DATASETS/CodecFake/C2/C2/F02_SSB15630416.wav,2
/USERSPACE/DATASETS/CodecFake/C2/C2/F02_SSB13020491.wav,2
/USERSPACE/DATASETS/CodecFake/C2/C2/F02_SSB09130297.wav,2
/USERSPACE/DATASETS/CodecFake/C2/C2/F02_p314_127.wav,2
/USERSPACE/DATASETS/CodecFake/C2/C2/F02_p278_354.wav,2
/USERSPACE/DATASETS/CodecFake/C2/C2/F02_SSB00110419.wav,2
/USERSPACE/DATASETS/CodecFake/C2/C2/F02_SSB17110482.wav,2
/USERSPACE/DATASETS/CodecFake/C2/C2/F02_p323_101.wav,2
/USERSPACE/DATASETS/CodecFake/C2/C2/F02_p336_306.wav,2
/USERSPACE/DATASETS/CodecFake/C2/C2/F02_SSB18910263.wav,2
/USERSPACE/DATASETS/CodecFake/C2/C2/F02_SSB06090079.wav,2
/USERSPACE/DATASETS/CodecFake/C2/C2/F02_SSB05440086.wav,2
/USERSPACE/DATASETS/CodecFake/C2/C2/F02_p300_396.wav,2
/USERSPACE/DATASETS/CodecFake/C2/C2/F02_p253_352.wav,2
/USERSPACE/DATASETS/CodecFake/C2/C2/F02_SSB00730025.wav,2
/USERSPACE/DATASETS/CodecFake/C2/C2/F02_p334_172.wav,2
/USERSPACE/DATASETS/CodecFake/C2/C2/F02_SSB06860172.wav,2
/USERSPACE/DATASETS/CodecFake/C2/C2/F02_SSB11380218.wav,2
/USERSPACE/DATASETS/CodecFake/C2/C2/F02_SSB09190430.wav,2
/USERSPACE/DATASETS/CodecFake/C2/C2/F02_p241_084.wav,2
/USERSPACE/DATASETS/CodecFake/C2/C2/F02_p285_141.wav,2
/USERSPACE/DATASETS/CodecFake/C2/C2/F02_SSB05700437.wav,2
/USERSPACE/DATASETS/CodecFake/C2/C2/F02_p345_108.wav,2
/USERSPACE/DATASETS/CodecFake/C2/C2/F02_SSB11610404.wav,2
/USERSPACE/DATASETS/CodecFake/C2/C2/F02_p285_084.wav,2
/USERSPACE/DATASETS/CodecFake/C2/C2/F02_p244_391.wav,2
/USERSPACE/DATASETS/CodecFake/C2/C2/F02_SSB19180191.wav,2
/USERSPACE/DATASETS/CodecFake/C2/C2/F02_SSB05780079.wav,2
/USERSPACE/DATASETS/CodecFake/C2/C2/F02_SSB11150434.wav,2
/USERSPACE/DATASETS/CodecFake/C2/C2/F02_p307_061.wav,2
/USERSPACE/DATASETS/CodecFake/C2/C2/F02_SSB10560374.wav,2
/USERSPACE/DATASETS/CodecFake/C2/C2/F02_p318_353.wav,2
/USERSPACE/DATASETS/CodecFake/C2/C2/F02_SSB02000130.wav,2
/USERSPACE/DATASETS/CodecFake/C2/C2/F02_SSB05020214.wav,2
/USERSPACE/DATASETS/CodecFake/C2/C2/F02_SSB07200084.wav,2
/USERSPACE/DATASETS/CodecFake/C2/C2/F02_SSB19180373.wav,2
/USERSPACE/DATASETS/CodecFake/C2/C2/F02_SSB03390357.wav,2
/USERSPACE/DATASETS/CodecFake/C2/C2/F02_SSB07490486.wav,2
/USERSPACE/DATASETS/CodecFake/C2/C2/F02_SSB00430167.wav,2
/USERSPACE/DATASETS/CodecFake/C2/C2/F02_SSB05700304.wav,2
/USERSPACE/DATASETS/CodecFake/C2/C2/F02_p279_081.wav,2
/USERSPACE/DATASETS/CodecFake/C2/C2/F02_SSB19020435.wav,2
/USERSPACE/DATASETS/CodecFake/C2/C2/F02_p307_257.wav,2
/USERSPACE/DATASETS/CodecFake/C2/C2/F02_SSB16500095.wav,2
/USERSPACE/DATASETS/CodecFake/C2/C2/F02_p269_355.wav,2
/USERSPACE/DATASETS/CodecFake/C2/C2/F02_SSB07200225.wav,2
/USERSPACE/DATASETS/CodecFake/C2/C2/F02_SSB07780088.wav,2
/USERSPACE/DATASETS/CodecFake/C2/C2/F02_SSB16990447.wav,2
/USERSPACE/DATASETS/CodecFake/C2/C2/F02_p339_054.wav,2
/USERSPACE/DATASETS/CodecFake/C2/C2/F02_SSB06070208.wav,2
/USERSPACE/DATASETS/CodecFake/C2/C2/F02_p362_398.wav,2
/USERSPACE/DATASETS/CodecFake/C2/C2/F02_p306_014.wav,2
/USERSPACE/DATASETS/CodecFake/C2/C2/F02_SSB11970012.wav,2
/USERSPACE/DATASETS/CodecFake/C2/C2/F02_SSB04070456.wav,2
/USERSPACE/DATASETS/CodecFake/C2/C2/F02_p283_242.wav,2
/USERSPACE/DATASETS/CodecFake/C2/C2/F02_p284_171.wav,2
/USERSPACE/DATASETS/CodecFake/C2/C2/F02_p317_384.wav,2
/USERSPACE/DATASETS/CodecFake/C2/C2/F02_SSB07840062.wav,2
/USERSPACE/DATASETS/CodecFake/C2/C2/F02_p257_183.wav,2
/USERSPACE/DATASETS/CodecFake/C2/C2/F02_SSB12210300.wav,2
/USERSPACE/DATASETS/CodecFake/C2/C2/F02_p317_125.wav,2
/USERSPACE/DATASETS/CodecFake/C2/C2/F02_SSB13850303.wav,2
/USERSPACE/DATASETS/CodecFake/C2/C2/F02_p274_092.wav,2
/USERSPACE/DATASETS/CodecFake/C2/C2/F02_p299_364.wav,2
/USERSPACE/DATASETS/CodecFake/C2/C2/F02_SSB00380230.wav,2
/USERSPACE/DATASETS/CodecFake/C2/C2/F02_p287_237.wav,2
/USERSPACE/DATASETS/CodecFake/C2/C2/F02_p244_242.wav,2
/USERSPACE/DATASETS/CodecFake/C2/C2/F02_SSB00430367.wav,2
/USERSPACE/DATASETS/CodecFake/C2/C2/F02_p298_230.wav,2
/USERSPACE/DATASETS/CodecFake/C2/C2/F02_SSB06710418.wav,2
/USERSPACE/DATASETS/CodecFake/C2/C2/F02_SSB07800474.wav,2
/USERSPACE/DATASETS/CodecFake/C2/C2/F02_SSB07360009.wav,2
/USERSPACE/DATASETS/CodecFake/C2/C2/F02_SSB07110481.wav,2
/USERSPACE/DATASETS/CodecFake/C2/C2/F02_SSB08170468.wav,2
/USERSPACE/DATASETS/CodecFake/C2/C2/F02_p294_136.wav,2
/USERSPACE/DATASETS/CodecFake/C2/C2/F02_p374_422.wav,2
/USERSPACE/DATASETS/CodecFake/C2/C2/F02_SSB13400002.wav,2
/USERSPACE/DATASETS/CodecFake/C2/C2/F02_SSB05940037.wav,2
/USERSPACE/DATASETS/CodecFake/C2/C2/F02_SSB16840197.wav,2
/USERSPACE/DATASETS/CodecFake/C2/C2/F02_SSB07510402.wav,2
/USERSPACE/DATASETS/CodecFake/C2/C2/F02_p259_091.wav,2
/USERSPACE/DATASETS/CodecFake/C2/C2/F02_SSB12530207.wav,2
/USERSPACE/DATASETS/CodecFake/C2/C2/F02_SSB07780279.wav,2
/USERSPACE/DATASETS/CodecFake/C2/C2/F02_SSB07840319.wav,2
/USERSPACE/DATASETS/CodecFake/C2/C2/F02_SSB04150457.wav,2
/USERSPACE/DATASETS/CodecFake/C2/C2/F02_p271_243.wav,2
/USERSPACE/DATASETS/CodecFake/C2/C2/F02_SSB12150387.wav,2
/USERSPACE/DATASETS/CodecFake/C2/C2/F02_p311_341.wav,2
/USERSPACE/DATASETS/CodecFake/C2/C2/F02_SSB15850207.wav,2
/USERSPACE/DATASETS/CodecFake/C2/C2/F02_p374_342.wav,2
/USERSPACE/DATASETS/CodecFake/C2/C2/F02_p253_408.wav,2
/USERSPACE/DATASETS/CodecFake/C2/C2/F02_SSB01120307.wav,2
/USERSPACE/DATASETS/CodecFake/C2/C2/F02_SSB19560070.wav,2
/USERSPACE/DATASETS/CodecFake/C2/C2/F02_SSB03390214.wav,2
/USERSPACE/DATASETS/CodecFake/C2/C2/F02_SSB05340075.wav,2
/USERSPACE/DATASETS/CodecFake/C2/C2/F02_SSB07230196.wav,2
/USERSPACE/DATASETS/CodecFake/C2/C2/F02_p230_377.wav,2
/USERSPACE/DATASETS/CodecFake/C2/C2/F02_SSB00180043.wav,2
/USERSPACE/DATASETS/CodecFake/C2/C2/F02_SSB15930483.wav,2
/USERSPACE/DATASETS/CodecFake/C2/C2/F02_p274_181.wav,2
/USERSPACE/DATASETS/CodecFake/C2/C2/F02_SSB06030387.wav,2
/USERSPACE/DATASETS/CodecFake/C2/C2/F02_p311_147.wav,2
/USERSPACE/DATASETS/CodecFake/C2/C2/F02_SSB01120170.wav,2
/USERSPACE/DATASETS/CodecFake/C2/C2/F02_SSB03930279.wav,2
/USERSPACE/DATASETS/CodecFake/C2/C2/F02_SSB16070454.wav,2
/USERSPACE/DATASETS/CodecFake/C2/C2/F02_SSB13280309.wav,2
/USERSPACE/DATASETS/CodecFake/C2/C2/F02_SSB07020189.wav,2
/USERSPACE/DATASETS/CodecFake/C2/C2/F02_SSB10550063.wav,2
/USERSPACE/DATASETS/CodecFake/C2/C2/F02_SSB11310216.wav,2
/USERSPACE/DATASETS/CodecFake/C2/C2/F02_p279_352.wav,2
/USERSPACE/DATASETS/CodecFake/C2/C2/F02_p336_375.wav,2
/USERSPACE/DATASETS/CodecFake/C2/C2/F02_SSB10640023.wav,2
/USERSPACE/DATASETS/CodecFake/C2/C2/F02_SSB11380349.wav,2
/USERSPACE/DATASETS/CodecFake/C2/C2/F02_SSB05650376.wav,2
/USERSPACE/DATASETS/CodecFake/C2/C2/F02_SSB07780016.wav,2
/USERSPACE/DATASETS/CodecFake/C2/C2/F02_p314_105.wav,2
/USERSPACE/DATASETS/CodecFake/C2/C2/F02_SSB02460049.wav,2
/USERSPACE/DATASETS/CodecFake/C2/C2/F02_SSB13400045.wav,2
/USERSPACE/DATASETS/CodecFake/C2/C2/F02_p345_318.wav,2
/USERSPACE/DATASETS/CodecFake/C2/C2/F02_SSB10010150.wav,2
/USERSPACE/DATASETS/CodecFake/C2/C2/F02_p239_019.wav,2
/USERSPACE/DATASETS/CodecFake/C2/C2/F02_SSB08510472.wav,2
/USERSPACE/DATASETS/CodecFake/C2/C2/F02_SSB00570021.wav,2
/USERSPACE/DATASETS/CodecFake/C2/C2/F02_p310_363.wav,2
/USERSPACE/DATASETS/CodecFake/C2/C2/F02_SSB15630010.wav,2
/USERSPACE/DATASETS/CodecFake/C2/C2/F02_SSB07200174.wav,2
/USERSPACE/DATASETS/CodecFake/C2/C2/F02_SSB00160120.wav,2
/USERSPACE/DATASETS/CodecFake/C2/C2/F02_SSB01930363.wav,2
/USERSPACE/DATASETS/CodecFake/C2/C2/F02_SSB07110130.wav,2
/USERSPACE/DATASETS/CodecFake/C2/C2/F02_SSB01930156.wav,2
/USERSPACE/DATASETS/CodecFake/C2/C2/F02_SSB15930059.wav,2
/USERSPACE/DATASETS/CodecFake/C2/C2/F02_p323_127.wav,2
/USERSPACE/DATASETS/CodecFake/C2/C2/F02_p345_327.wav,2
/USERSPACE/DATASETS/CodecFake/C2/C2/F02_p233_343.wav,2
/USERSPACE/DATASETS/CodecFake/C2/C2/F02_SSB07840014.wav,2
/USERSPACE/DATASETS/CodecFake/C2/C2/F02_p317_162.wav,2
/USERSPACE/DATASETS/CodecFake/C2/C2/F02_SSB06930042.wav,2
/USERSPACE/DATASETS/CodecFake/C2/C2/F02_SSB06030210.wav,2
/USERSPACE/DATASETS/CodecFake/C2/C2/F02_p281_367.wav,2
/USERSPACE/DATASETS/CodecFake/C2/C2/F02_SSB07840274.wav,2
/USERSPACE/DATASETS/CodecFake/C2/C2/F02_SSB13930260.wav,2
/USERSPACE/DATASETS/CodecFake/C2/C2/F02_p361_260.wav,2
/USERSPACE/DATASETS/CodecFake/C2/C2/F02_p270_461.wav,2
/USERSPACE/DATASETS/CodecFake/C2/C2/F02_SSB07860336.wav,2
/USERSPACE/DATASETS/CodecFake/C2/C2/F02_SSB02000464.wav,2
/USERSPACE/DATASETS/CodecFake/C2/C2/F02_SSB15630465.wav,2
/USERSPACE/DATASETS/CodecFake/C2/C2/F02_SSB03940126.wav,2
/USERSPACE/DATASETS/CodecFake/C2/C2/F02_p311_320.wav,2
/USERSPACE/DATASETS/CodecFake/C2/C2/F02_SSB07100111.wav,2
/USERSPACE/DATASETS/CodecFake/C2/C2/F02_SSB04150359.wav,2
/USERSPACE/DATASETS/CodecFake/C2/C2/F02_SSB07230199.wav,2
/USERSPACE/DATASETS/CodecFake/C2/C2/F02_p268_002.wav,2
/USERSPACE/DATASETS/CodecFake/C2/C2/F02_SSB18090299.wav,2
/USERSPACE/DATASETS/CodecFake/C2/C2/F02_SSB03660026.wav,2
/USERSPACE/DATASETS/CodecFake/C2/C2/F02_p305_159.wav,2
/USERSPACE/DATASETS/CodecFake/C2/C2/F02_SSB14080118.wav,2
/USERSPACE/DATASETS/CodecFake/C2/C2/F02_p248_231.wav,2
/USERSPACE/DATASETS/CodecFake/C2/C2/F02_SSB06860357.wav,2
/USERSPACE/DATASETS/CodecFake/C2/C2/F02_SSB11250318.wav,2
/USERSPACE/DATASETS/CodecFake/C2/C2/F02_SSB03070109.wav,2
/USERSPACE/DATASETS/CodecFake/C2/C2/F02_SSB13400416.wav,2
/USERSPACE/DATASETS/CodecFake/C2/C2/F02_SSB18720234.wav,2
/USERSPACE/DATASETS/CodecFake/C2/C2/F02_SSB12030051.wav,2
/USERSPACE/DATASETS/CodecFake/C2/C2/F02_SSB13660242.wav,2
/USERSPACE/DATASETS/CodecFake/C2/C2/F02_SSB07200016.wav,2
/USERSPACE/DATASETS/CodecFake/C2/C2/F02_SSB16860124.wav,2
/USERSPACE/DATASETS/CodecFake/C2/C2/F02_SSB15550144.wav,2
/USERSPACE/DATASETS/CodecFake/C2/C2/F02_SSB10960410.wav,2
/USERSPACE/DATASETS/CodecFake/C2/C2/F02_p253_233.wav,2
/USERSPACE/DATASETS/CodecFake/C2/C2/F02_p233_385.wav,2
/USERSPACE/DATASETS/CodecFake/C2/C2/F02_p238_343.wav,2
/USERSPACE/DATASETS/CodecFake/C2/C2/F02_p304_325.wav,2
/USERSPACE/DATASETS/CodecFake/C2/C2/F02_SSB11350061.wav,2
/USERSPACE/DATASETS/CodecFake/C2/C2/F02_p227_071.wav,2
/USERSPACE/DATASETS/CodecFake/C2/C2/F02_SSB13410441.wav,2
/USERSPACE/DATASETS/CodecFake/C2/C2/F02_SSB05650168.wav,2
/USERSPACE/DATASETS/CodecFake/C2/C2/F02_SSB03950159.wav,2
/USERSPACE/DATASETS/CodecFake/C2/C2/F02_p255_245.wav,2
/USERSPACE/DATASETS/CodecFake/C2/C2/F02_SSB07000199.wav,2
/USERSPACE/DATASETS/CodecFake/C2/C2/F02_SSB10960504.wav,2
/USERSPACE/DATASETS/CodecFake/C2/C2/F02_SSB19180058.wav,2
/USERSPACE/DATASETS/CodecFake/C2/C2/F02_SSB16250364.wav,2
/USERSPACE/DATASETS/CodecFake/C2/C2/F02_SSB02880446.wav,2
/USERSPACE/DATASETS/CodecFake/C2/C2/F02_p283_063.wav,2
/USERSPACE/DATASETS/CodecFake/C2/C2/F02_p261_327.wav,2
/USERSPACE/DATASETS/CodecFake/C2/C2/F02_SSB01450202.wav,2
/USERSPACE/DATASETS/CodecFake/C2/C2/F02_SSB03790282.wav,2
/USERSPACE/DATASETS/CodecFake/C2/C2/F02_SSB09970256.wav,2
/USERSPACE/DATASETS/CodecFake/C2/C2/F02_SSB04070464.wav,2
/USERSPACE/DATASETS/CodecFake/C2/C2/F02_p248_355.wav,2
/USERSPACE/DATASETS/CodecFake/C2/C2/F02_p239_129.wav,2
/USERSPACE/DATASETS/CodecFake/C2/C2/F02_SSB10560145.wav,2
/USERSPACE/DATASETS/CodecFake/C2/C2/F02_SSB13400470.wav,2
/USERSPACE/DATASETS/CodecFake/C2/C2/F02_SSB07000251.wav,2
/USERSPACE/DATASETS/CodecFake/C2/C2/F02_SSB07600362.wav,2
/USERSPACE/DATASETS/CodecFake/C2/C2/F02_SSB06930380.wav,2
/USERSPACE/DATASETS/CodecFake/C2/C2/F02_SSB03820001.wav,2
/USERSPACE/DATASETS/CodecFake/C2/C2/F02_p347_015.wav,2
/USERSPACE/DATASETS/CodecFake/C2/C2/F02_p276_134.wav,2
/USERSPACE/DATASETS/CodecFake/C2/C2/F02_SSB05990060.wav,2
/USERSPACE/DATASETS/CodecFake/C2/C2/F02_SSB03150172.wav,2
/USERSPACE/DATASETS/CodecFake/C2/C2/F02_SSB06860089.wav,2
/USERSPACE/DATASETS/CodecFake/C2/C2/F02_SSB11360001.wav,2
/USERSPACE/DATASETS/CodecFake/C2/C2/F02_SSB10080064.wav,2
/USERSPACE/DATASETS/CodecFake/C2/C2/F02_SSB03540004.wav,2
/USERSPACE/DATASETS/CodecFake/C2/C2/F02_SSB04270220.wav,2
/USERSPACE/DATASETS/CodecFake/C2/C2/F02_p303_100.wav,2
/USERSPACE/DATASETS/CodecFake/C2/C2/F02_SSB12190450.wav,2
/USERSPACE/DATASETS/CodecFake/C2/C2/F02_p239_011.wav,2
/USERSPACE/DATASETS/CodecFake/C2/C2/F02_p345_176.wav,2
/USERSPACE/DATASETS/CodecFake/C2/C2/F02_SSB00380004.wav,2
/USERSPACE/DATASETS/CodecFake/C2/C2/F02_p362_179.wav,2
/USERSPACE/DATASETS/CodecFake/C2/C2/F02_SSB15630468.wav,2
/USERSPACE/DATASETS/CodecFake/C2/C2/F02_SSB07840025.wav,2
/USERSPACE/DATASETS/CodecFake/C2/C2/F02_p230_073.wav,2
/USERSPACE/DATASETS/CodecFake/C2/C2/F02_SSB11970507.wav,2
/USERSPACE/DATASETS/CodecFake/C2/C2/F02_p310_147.wav,2
/USERSPACE/DATASETS/CodecFake/C2/C2/F02_p326_263.wav,2
/USERSPACE/DATASETS/CodecFake/C2/C2/F02_SSB07840034.wav,2
/USERSPACE/DATASETS/CodecFake/C2/C2/F02_p245_235.wav,2
/USERSPACE/DATASETS/CodecFake/C2/C2/F02_p340_347.wav,2
/USERSPACE/DATASETS/CodecFake/C2/C2/F02_p239_334.wav,2
/USERSPACE/DATASETS/CodecFake/C2/C2/F02_SSB00050344.wav,2
/USERSPACE/DATASETS/CodecFake/C2/C2/F02_SSB10240052.wav,2
/USERSPACE/DATASETS/CodecFake/C2/C2/F02_p323_223.wav,2
/USERSPACE/DATASETS/CodecFake/C2/C2/F02_SSB13400427.wav,2
/USERSPACE/DATASETS/CodecFake/C2/C2/F02_SSB09930163.wav,2
/USERSPACE/DATASETS/CodecFake/C2/C2/F02_p362_009.wav,2
/USERSPACE/DATASETS/CodecFake/C2/C2/F02_p260_223.wav,2
/USERSPACE/DATASETS/CodecFake/C2/C2/F02_SSB15630462.wav,2
/USERSPACE/DATASETS/CodecFake/C2/C2/F02_SSB00380430.wav,2
/USERSPACE/DATASETS/CodecFake/C2/C2/F02_SSB12150022.wav,2
/USERSPACE/DATASETS/CodecFake/C2/C2/F02_SSB11350014.wav,2
/USERSPACE/DATASETS/CodecFake/C2/C2/F02_SSB04070067.wav,2
/USERSPACE/DATASETS/CodecFake/C2/C2/F02_SSB09350229.wav,2
/USERSPACE/DATASETS/CodecFake/C2/C2/F02_SSB03410319.wav,2
/USERSPACE/DATASETS/CodecFake/C2/C2/F02_SSB06930071.wav,2
/USERSPACE/DATASETS/CodecFake/C2/C2/F02_SSB10200264.wav,2
/USERSPACE/DATASETS/CodecFake/C2/C2/F02_p330_119.wav,2
/USERSPACE/DATASETS/CodecFake/C2/C2/F02_SSB06310475.wav,2
/USERSPACE/DATASETS/CodecFake/C2/C2/F02_SSB07600199.wav,2
/USERSPACE/DATASETS/CodecFake/C2/C2/F02_SSB07110087.wav,2
/USERSPACE/DATASETS/CodecFake/C2/C2/F02_SSB03660039.wav,2
/USERSPACE/DATASETS/CodecFake/C2/C2/F02_p363_189.wav,2
/USERSPACE/DATASETS/CodecFake/C2/C2/F02_SSB10910095.wav,2
/USERSPACE/DATASETS/CodecFake/C2/C2/F02_SSB02410355.wav,2
/USERSPACE/DATASETS/CodecFake/C2/C2/F02_SSB06930252.wav,2
/USERSPACE/DATASETS/CodecFake/C2/C2/F02_SSB09190405.wav,2
/USERSPACE/DATASETS/CodecFake/C2/C2/F02_p265_052.wav,2
/USERSPACE/DATASETS/CodecFake/C2/C2/F02_p287_318.wav,2
/USERSPACE/DATASETS/CodecFake/C2/C2/F02_SSB03090089.wav,2
/USERSPACE/DATASETS/CodecFake/C2/C2/F02_SSB07800180.wav,2
/USERSPACE/DATASETS/CodecFake/C2/C2/F02_SSB18780093.wav,2
/USERSPACE/DATASETS/CodecFake/C2/C2/F02_SSB13410117.wav,2
/USERSPACE/DATASETS/CodecFake/C2/C2/F02_SSB02460068.wav,2
/USERSPACE/DATASETS/CodecFake/C2/C2/F02_p297_296.wav,2
/USERSPACE/DATASETS/CodecFake/C2/C2/F02_SSB07170390.wav,2
/USERSPACE/DATASETS/CodecFake/C2/C2/F02_SSB03790294.wav,2
/USERSPACE/DATASETS/CodecFake/C2/C2/F02_SSB04150348.wav,2
/USERSPACE/DATASETS/CodecFake/C2/C2/F02_SSB08710103.wav,2
/USERSPACE/DATASETS/CodecFake/C2/C2/F02_SSB17820110.wav,2
/USERSPACE/DATASETS/CodecFake/C2/C2/F02_SSB13770208.wav,2
/USERSPACE/DATASETS/CodecFake/C2/C2/F02_p263_188.wav,2
/USERSPACE/DATASETS/CodecFake/C2/C2/F02_SSB16070462.wav,2
/USERSPACE/DATASETS/CodecFake/C2/C2/F02_SSB09870242.wav,2
/USERSPACE/DATASETS/CodecFake/C2/C2/F02_SSB07510354.wav,2
/USERSPACE/DATASETS/CodecFake/C2/C2/F02_SSB07510361.wav,2
/USERSPACE/DATASETS/CodecFake/C2/C2/F02_p260_038.wav,2
/USERSPACE/DATASETS/CodecFake/C2/C2/F02_SSB03160173.wav,2
/USERSPACE/DATASETS/CodecFake/C2/C2/F02_SSB07580254.wav,2
/USERSPACE/DATASETS/CodecFake/C2/C2/F02_p347_320.wav,2
/USERSPACE/DATASETS/CodecFake/C2/C2/F02_SSB15850040.wav,2
/USERSPACE/DATASETS/CodecFake/C2/C2/F02_SSB05650129.wav,2
/USERSPACE/DATASETS/CodecFake/C2/C2/F02_SSB05900427.wav,2
/USERSPACE/DATASETS/CodecFake/C2/C2/F02_p298_101.wav,2
/USERSPACE/DATASETS/CodecFake/C2/C2/F02_SSB17810075.wav,2
/USERSPACE/DATASETS/CodecFake/C2/C2/F02_p251_055.wav,2
/USERSPACE/DATASETS/CodecFake/C2/C2/F02_SSB11970315.wav,2
/USERSPACE/DATASETS/CodecFake/C2/C2/F02_SSB02870165.wav,2
/USERSPACE/DATASETS/CodecFake/C2/C2/F02_SSB07800165.wav,2
/USERSPACE/DATASETS/CodecFake/C2/C2/F02_p287_042.wav,2
/USERSPACE/DATASETS/CodecFake/C2/C2/F02_p276_079.wav,2
/USERSPACE/DATASETS/CodecFake/C2/C2/F02_SSB05700283.wav,2
/USERSPACE/DATASETS/CodecFake/C2/C2/F02_SSB17810102.wav,2
/USERSPACE/DATASETS/CodecFake/C2/C2/F02_SSB03820328.wav,2
/USERSPACE/DATASETS/CodecFake/C2/C2/F02_SSB18310151.wav,2
/USERSPACE/DATASETS/CodecFake/C2/C2/F02_SSB18090203.wav,2
/USERSPACE/DATASETS/CodecFake/C2/C2/F02_p339_225.wav,2
/USERSPACE/DATASETS/CodecFake/C2/C2/F02_SSB01220049.wav,2
/USERSPACE/DATASETS/CodecFake/C2/C2/F02_p231_302.wav,2
/USERSPACE/DATASETS/CodecFake/C2/C2/F02_SSB12160166.wav,2
/USERSPACE/DATASETS/CodecFake/C2/C2/F02_SSB02000455.wav,2
/USERSPACE/DATASETS/CodecFake/C2/C2/F02_SSB07000339.wav,2
/USERSPACE/DATASETS/CodecFake/C2/C2/F02_SSB18370193.wav,2
/USERSPACE/DATASETS/CodecFake/C2/C2/F02_SSB00110136.wav,2
/USERSPACE/DATASETS/CodecFake/C2/C2/F02_p317_285.wav,2
/USERSPACE/DATASETS/CodecFake/C2/C2/F02_p326_385.wav,2
/USERSPACE/DATASETS/CodecFake/C2/C2/F02_p312_221.wav,2
/USERSPACE/DATASETS/CodecFake/C2/C2/F02_SSB18100266.wav,2
/USERSPACE/DATASETS/CodecFake/C2/C2/F02_SSB19180094.wav,2
/USERSPACE/DATASETS/CodecFake/C2/C2/F02_SSB11760079.wav,2
/USERSPACE/DATASETS/CodecFake/C2/C2/F02_SSB06680092.wav,2
/USERSPACE/DATASETS/CodecFake/C2/C2/F02_SSB09350311.wav,2
/USERSPACE/DATASETS/CodecFake/C2/C2/F02_SSB07360360.wav,2
/USERSPACE/DATASETS/CodecFake/C2/C2/F02_p225_028.wav,2
/USERSPACE/DATASETS/CodecFake/C2/C2/F02_SSB15750089.wav,2
/USERSPACE/DATASETS/CodecFake/C2/C2/F02_SSB18280218.wav,2
/USERSPACE/DATASETS/CodecFake/C2/C2/F02_SSB06060346.wav,2
/USERSPACE/DATASETS/CodecFake/C2/C2/F02_p267_302.wav,2
/USERSPACE/DATASETS/CodecFake/C2/C2/F02_SSB09870317.wav,2
/USERSPACE/DATASETS/CodecFake/C2/C2/F02_SSB15930121.wav,2
/USERSPACE/DATASETS/CodecFake/C2/C2/F02_SSB03940429.wav,2
/USERSPACE/DATASETS/CodecFake/C2/C2/F02_p313_078.wav,2
/USERSPACE/DATASETS/CodecFake/C2/C2/F02_p360_043.wav,2
/USERSPACE/DATASETS/CodecFake/C2/C2/F02_SSB09870217.wav,2
/USERSPACE/DATASETS/CodecFake/C2/C2/F02_p288_390.wav,2
/USERSPACE/DATASETS/CodecFake/C2/C2/F02_SSB16240176.wav,2
/USERSPACE/DATASETS/CodecFake/C2/C2/F02_p364_027.wav,2
/USERSPACE/DATASETS/CodecFake/C2/C2/F02_SSB11080268.wav,2
/USERSPACE/DATASETS/CodecFake/C2/C2/F02_p229_011.wav,2
/USERSPACE/DATASETS/CodecFake/C2/C2/F02_SSB04070017.wav,2
/USERSPACE/DATASETS/CodecFake/C2/C2/F02_SSB13770080.wav,2
/USERSPACE/DATASETS/CodecFake/C2/C2/F02_SSB15550108.wav,2
/USERSPACE/DATASETS/CodecFake/C2/C2/F02_SSB05440038.wav,2
/USERSPACE/DATASETS/CodecFake/C2/C2/F02_SSB09660481.wav,2
/USERSPACE/DATASETS/CodecFake/C2/C2/F02_SSB07110504.wav,2
/USERSPACE/DATASETS/CodecFake/C2/C2/F02_SSB03390452.wav,2
/USERSPACE/DATASETS/CodecFake/C2/C2/F02_SSB16840093.wav,2
/USERSPACE/DATASETS/CodecFake/C2/C2/F02_SSB05390446.wav,2
/USERSPACE/DATASETS/CodecFake/C2/C2/F02_p277_105.wav,2
/USERSPACE/DATASETS/CodecFake/C2/C2/F02_p226_361.wav,2
/USERSPACE/DATASETS/CodecFake/C2/C2/F02_SSB15670051.wav,2
/USERSPACE/DATASETS/CodecFake/C2/C2/F02_SSB15550308.wav,2
/USERSPACE/DATASETS/CodecFake/C2/C2/F02_SSB09350338.wav,2
/USERSPACE/DATASETS/CodecFake/C2/C2/F02_SSB13200044.wav,2
/USERSPACE/DATASETS/CodecFake/C2/C2/F02_p304_190.wav,2
/USERSPACE/DATASETS/CodecFake/C2/C2/F02_SSB09870273.wav,2
/USERSPACE/DATASETS/CodecFake/C2/C2/F02_p259_377.wav,2
/USERSPACE/DATASETS/CodecFake/C2/C2/F02_SSB19020427.wav,2
/USERSPACE/DATASETS/CodecFake/C2/C2/F02_SSB10560047.wav,2
/USERSPACE/DATASETS/CodecFake/C2/C2/F02_SSB02610387.wav,2
/USERSPACE/DATASETS/CodecFake/C2/C2/F02_p278_256.wav,2
/USERSPACE/DATASETS/CodecFake/C2/C2/F02_SSB03160126.wav,2
/USERSPACE/DATASETS/CodecFake/C2/C2/F02_SSB18060430.wav,2
/USERSPACE/DATASETS/CodecFake/C2/C2/F02_SSB03390080.wav,2
/USERSPACE/DATASETS/CodecFake/C2/C2/F02_SSB09970218.wav,2
/USERSPACE/DATASETS/CodecFake/C2/C2/F02_p267_244.wav,2
/USERSPACE/DATASETS/CodecFake/C2/C2/F02_SSB10960023.wav,2
/USERSPACE/DATASETS/CodecFake/C2/C2/F02_SSB03750172.wav,2
/USERSPACE/DATASETS/CodecFake/C2/C2/F02_p277_061.wav,2
/USERSPACE/DATASETS/CodecFake/C2/C2/F02_SSB00570386.wav,2
/USERSPACE/DATASETS/CodecFake/C2/C2/F02_SSB16240198.wav,2
/USERSPACE/DATASETS/CodecFake/C2/C2/F02_SSB06290317.wav,2
/USERSPACE/DATASETS/CodecFake/C2/C2/F02_SSB12150367.wav,2
/USERSPACE/DATASETS/CodecFake/C2/C2/F02_SSB10200442.wav,2
/USERSPACE/DATASETS/CodecFake/C2/C2/F02_p376_190.wav,2
/USERSPACE/DATASETS/CodecFake/C2/C2/F02_SSB00800429.wav,2
/USERSPACE/DATASETS/CodecFake/C2/C2/F02_p253_196.wav,2
/USERSPACE/DATASETS/CodecFake/C2/C2/F02_p240_082.wav,2
/USERSPACE/DATASETS/CodecFake/C2/C2/F02_SSB16300405.wav,2
/USERSPACE/DATASETS/CodecFake/C2/C2/F02_p264_082.wav,2
/USERSPACE/DATASETS/CodecFake/C2/C2/F02_SSB14370033.wav,2
/USERSPACE/DATASETS/CodecFake/C2/C2/F02_SSB10500416.wav,2
/USERSPACE/DATASETS/CodecFake/C2/C2/F02_p245_250.wav,2
/USERSPACE/DATASETS/CodecFake/C2/C2/F02_p238_055.wav,2
/USERSPACE/DATASETS/CodecFake/C2/C2/F02_SSB13850493.wav,2
/USERSPACE/DATASETS/CodecFake/C2/C2/F02_SSB02870040.wav,2
/USERSPACE/DATASETS/CodecFake/C2/C2/F02_p312_273.wav,2
/USERSPACE/DATASETS/CodecFake/C2/C2/F02_SSB00380215.wav,2
/USERSPACE/DATASETS/CodecFake/C2/C2/F02_p312_305.wav,2
/USERSPACE/DATASETS/CodecFake/C2/C2/F02_p285_075.wav,2
/USERSPACE/DATASETS/CodecFake/C2/C2/F02_SSB03150256.wav,2
/USERSPACE/DATASETS/CodecFake/C2/C2/F02_SSB10910383.wav,2
/USERSPACE/DATASETS/CodecFake/C2/C2/F02_SSB07800078.wav,2
/USERSPACE/DATASETS/CodecFake/C2/C2/F02_SSB11360241.wav,2
/USERSPACE/DATASETS/CodecFake/C2/C2/F02_p361_206.wav,2
/USERSPACE/DATASETS/CodecFake/C2/C2/F02_SSB02610287.wav,2
/USERSPACE/DATASETS/CodecFake/C2/C2/F02_p285_043.wav,2
/USERSPACE/DATASETS/CodecFake/C2/C2/F02_SSB06660359.wav,2
/USERSPACE/DATASETS/CodecFake/C2/C2/F02_SSB00380240.wav,2
/USERSPACE/DATASETS/CodecFake/C2/C2/F02_SSB02990451.wav,2
/USERSPACE/DATASETS/CodecFake/C2/C2/F02_p293_043.wav,2
/USERSPACE/DATASETS/CodecFake/C2/C2/F02_SSB17110221.wav,2
/USERSPACE/DATASETS/CodecFake/C2/C2/F02_SSB03410362.wav,2
/USERSPACE/DATASETS/CodecFake/C2/C2/F02_p270_260.wav,2
/USERSPACE/DATASETS/CodecFake/C2/C2/F02_SSB05440204.wav,2
/USERSPACE/DATASETS/CodecFake/C2/C2/F02_p248_042.wav,2
/USERSPACE/DATASETS/CodecFake/C2/C2/F02_SSB01450305.wav,2
/USERSPACE/DATASETS/CodecFake/C2/C2/F02_SSB07460257.wav,2
/USERSPACE/DATASETS/CodecFake/C2/C2/F02_SSB04350347.wav,2
/USERSPACE/DATASETS/CodecFake/C2/C2/F02_p307_396.wav,2
/USERSPACE/DATASETS/CodecFake/C2/C2/F02_SSB00090484.wav,2
/USERSPACE/DATASETS/CodecFake/C2/C2/F02_SSB04820210.wav,2
/USERSPACE/DATASETS/CodecFake/C2/C2/F02_SSB16240240.wav,2
/USERSPACE/DATASETS/CodecFake/C2/C2/F02_SSB13280467.wav,2
/USERSPACE/DATASETS/CodecFake/C2/C2/F02_SSB03540084.wav,2
/USERSPACE/DATASETS/CodecFake/C2/C2/F02_p262_039.wav,2
/USERSPACE/DATASETS/CodecFake/C2/C2/F02_SSB03090298.wav,2
/USERSPACE/DATASETS/CodecFake/C2/C2/F02_SSB13200281.wav,2
/USERSPACE/DATASETS/CodecFake/C2/C2/F02_SSB06310061.wav,2
/USERSPACE/DATASETS/CodecFake/C2/C2/F02_p306_237.wav,2
/USERSPACE/DATASETS/CodecFake/C2/C2/F02_SSB11870235.wav,2
/USERSPACE/DATASETS/CodecFake/C2/C2/F02_p287_008.wav,2
/USERSPACE/DATASETS/CodecFake/C2/C2/F02_SSB10010147.wav,2
/USERSPACE/DATASETS/CodecFake/C2/C2/F02_p361_123.wav,2
/USERSPACE/DATASETS/CodecFake/C2/C2/F02_SSB13200477.wav,2
/USERSPACE/DATASETS/CodecFake/C2/C2/F02_SSB11610225.wav,2
/USERSPACE/DATASETS/CodecFake/C2/C2/F02_SSB05350079.wav,2
/USERSPACE/DATASETS/CodecFake/C2/C2/F02_SSB18370075.wav,2
/USERSPACE/DATASETS/CodecFake/C2/C2/F02_p266_230.wav,2
/USERSPACE/DATASETS/CodecFake/C2/C2/F02_p232_112.wav,2
/USERSPACE/DATASETS/CodecFake/C2/C2/F02_SSB01930475.wav,2
/USERSPACE/DATASETS/CodecFake/C2/C2/F02_SSB04700485.wav,2
/USERSPACE/DATASETS/CodecFake/C2/C2/F02_p351_078.wav,2
/USERSPACE/DATASETS/CodecFake/C2/C2/F02_SSB14480288.wav,2
/USERSPACE/DATASETS/CodecFake/C2/C2/F02_SSB00380070.wav,2
/USERSPACE/DATASETS/CodecFake/C2/C2/F02_SSB07600198.wav,2
/USERSPACE/DATASETS/CodecFake/C2/C2/F02_SSB11100355.wav,2
/USERSPACE/DATASETS/CodecFake/C2/C2/F02_SSB13410464.wav,2
/USERSPACE/DATASETS/CodecFake/C2/C2/F02_SSB00110131.wav,2
/USERSPACE/DATASETS/CodecFake/C2/C2/F02_SSB12190234.wav,2
/USERSPACE/DATASETS/CodecFake/C2/C2/F02_SSB06070432.wav,2
/USERSPACE/DATASETS/CodecFake/C2/C2/F02_SSB05700446.wav,2
/USERSPACE/DATASETS/CodecFake/C2/C2/F02_p227_009.wav,2
/USERSPACE/DATASETS/CodecFake/C2/C2/F02_SSB03230452.wav,2
/USERSPACE/DATASETS/CodecFake/C2/C2/F02_p272_329.wav,2
/USERSPACE/DATASETS/CodecFake/C2/C2/F02_SSB16860347.wav,2
/USERSPACE/DATASETS/CodecFake/C2/C2/F02_p271_271.wav,2
/USERSPACE/DATASETS/CodecFake/C2/C2/F02_SSB16860002.wav,2
/USERSPACE/DATASETS/CodecFake/C2/C2/F02_p250_420.wav,2
/USERSPACE/DATASETS/CodecFake/C2/C2/F02_SSB15750014.wav,2
/USERSPACE/DATASETS/CodecFake/C2/C2/F02_SSB09130129.wav,2
/USERSPACE/DATASETS/CodecFake/C2/C2/F02_p250_093.wav,2
/USERSPACE/DATASETS/CodecFake/C2/C2/F02_SSB14020441.wav,2
/USERSPACE/DATASETS/CodecFake/C2/C2/F02_SSB13660277.wav,2
/USERSPACE/DATASETS/CodecFake/C2/C2/F02_p273_310.wav,2
/USERSPACE/DATASETS/CodecFake/C2/C2/F02_p326_141.wav,2
/USERSPACE/DATASETS/CodecFake/C2/C2/F02_SSB03750461.wav,2
/USERSPACE/DATASETS/CodecFake/C2/C2/F02_SSB00050202.wav,2
/USERSPACE/DATASETS/CodecFake/C2/C2/F02_p256_311.wav,2
/USERSPACE/DATASETS/CodecFake/C2/C2/F02_SSB03750075.wav,2
/USERSPACE/DATASETS/CodecFake/C2/C2/F02_p233_146.wav,2
/USERSPACE/DATASETS/CodecFake/C2/C2/F02_SSB01450382.wav,2
/USERSPACE/DATASETS/CodecFake/C2/C2/F02_SSB00180479.wav,2
/USERSPACE/DATASETS/CodecFake/C2/C2/F02_SSB18280476.wav,2
/USERSPACE/DATASETS/CodecFake/C2/C2/F02_p246_232.wav,2
/USERSPACE/DATASETS/CodecFake/C2/C2/F02_p225_016.wav,2
/USERSPACE/DATASETS/CodecFake/C2/C2/F02_p295_166.wav,2
/USERSPACE/DATASETS/CodecFake/C2/C2/F02_SSB02410200.wav,2
/USERSPACE/DATASETS/CodecFake/C2/C2/F02_SSB02610345.wav,2
/USERSPACE/DATASETS/CodecFake/C2/C2/F02_SSB05440104.wav,2
/USERSPACE/DATASETS/CodecFake/C2/C2/F02_SSB05650162.wav,2
/USERSPACE/DATASETS/CodecFake/C2/C2/F02_p257_059.wav,2
/USERSPACE/DATASETS/CodecFake/C2/C2/F02_SSB03930359.wav,2
/USERSPACE/DATASETS/CodecFake/C2/C2/F02_SSB00380206.wav,2
/USERSPACE/DATASETS/CodecFake/C2/C2/F02_p307_191.wav,2
/USERSPACE/DATASETS/CodecFake/C2/C2/F02_p247_094.wav,2
/USERSPACE/DATASETS/CodecFake/C2/C2/F02_SSB09190355.wav,2
/USERSPACE/DATASETS/CodecFake/C2/C2/F02_SSB01390435.wav,2
/USERSPACE/DATASETS/CodecFake/C2/C2/F02_SSB15850434.wav,2
/USERSPACE/DATASETS/CodecFake/C2/C2/F02_SSB02670466.wav,2
/USERSPACE/DATASETS/CodecFake/C2/C2/F02_SSB02670156.wav,2
/USERSPACE/DATASETS/CodecFake/C2/C2/F02_SSB03950175.wav,2
/USERSPACE/DATASETS/CodecFake/C2/C2/F02_SSB12190369.wav,2
/USERSPACE/DATASETS/CodecFake/C2/C2/F02_SSB03160452.wav,2
/USERSPACE/DATASETS/CodecFake/C2/C2/F02_SSB05990218.wav,2
/USERSPACE/DATASETS/CodecFake/C2/C2/F02_p267_065.wav,2
/USERSPACE/DATASETS/CodecFake/C2/C2/F02_p310_156.wav,2
/USERSPACE/DATASETS/CodecFake/C2/C2/F02_p275_384.wav,2
/USERSPACE/DATASETS/CodecFake/C2/C2/F02_SSB12040275.wav,2
/USERSPACE/DATASETS/CodecFake/C2/C2/F02_p239_268.wav,2
/USERSPACE/DATASETS/CodecFake/C2/C2/F02_SSB11760368.wav,2
/USERSPACE/DATASETS/CodecFake/C2/C2/F02_SSB10550292.wav,2
/USERSPACE/DATASETS/CodecFake/C2/C2/F02_p250_075.wav,2
/USERSPACE/DATASETS/CodecFake/C2/C2/F02_p275_014.wav,2
/USERSPACE/DATASETS/CodecFake/C2/C2/F02_SSB06090056.wav,2
/USERSPACE/DATASETS/CodecFake/C2/C2/F02_SSB07780464.wav,2
/USERSPACE/DATASETS/CodecFake/C2/C2/F02_SSB08220288.wav,2
/USERSPACE/DATASETS/CodecFake/C2/C2/F02_p258_198.wav,2
/USERSPACE/DATASETS/CodecFake/C2/C2/F02_p374_086.wav,2
/USERSPACE/DATASETS/CodecFake/C2/C2/F02_p284_005.wav,2
/USERSPACE/DATASETS/CodecFake/C2/C2/F02_p316_263.wav,2
/USERSPACE/DATASETS/CodecFake/C2/C2/F02_SSB09870125.wav,2
/USERSPACE/DATASETS/CodecFake/C2/C2/F02_p302_033.wav,2
/USERSPACE/DATASETS/CodecFake/C2/C2/F02_SSB06310111.wav,2
/USERSPACE/DATASETS/CodecFake/C2/C2/F02_p361_172.wav,2
/USERSPACE/DATASETS/CodecFake/C2/C2/F02_SSB15630326.wav,2
/USERSPACE/DATASETS/CodecFake/C2/C2/F02_SSB11000197.wav,2
/USERSPACE/DATASETS/CodecFake/C2/C2/F02_SSB03410336.wav,2
/USERSPACE/DATASETS/CodecFake/C2/C2/F02_p292_196.wav,2
/USERSPACE/DATASETS/CodecFake/C2/C2/F02_SSB03420274.wav,2
/USERSPACE/DATASETS/CodecFake/C2/C2/F02_SSB13020044.wav,2
/USERSPACE/DATASETS/CodecFake/C2/C2/F02_SSB13920030.wav,2
/USERSPACE/DATASETS/CodecFake/C2/C2/F02_SSB07370454.wav,2
/USERSPACE/DATASETS/CodecFake/C2/C2/F02_SSB11000119.wav,2
/USERSPACE/DATASETS/CodecFake/C2/C2/F02_p280_410.wav,2
/USERSPACE/DATASETS/CodecFake/C2/C2/F02_SSB11360038.wav,2
/USERSPACE/DATASETS/CodecFake/C2/C2/F02_SSB03950266.wav,2
/USERSPACE/DATASETS/CodecFake/C2/C2/F02_SSB13400141.wav,2
/USERSPACE/DATASETS/CodecFake/C2/C2/F02_SSB00120015.wav,2
/USERSPACE/DATASETS/CodecFake/C2/C2/F02_p333_104.wav,2
/USERSPACE/DATASETS/CodecFake/C2/C2/F02_SSB16240028.wav,2
/USERSPACE/DATASETS/CodecFake/C2/C2/F02_SSB01450007.wav,2
/USERSPACE/DATASETS/CodecFake/C2/C2/F02_p250_040.wav,2
/USERSPACE/DATASETS/CodecFake/C2/C2/F02_p308_420.wav,2
/USERSPACE/DATASETS/CodecFake/C2/C2/F02_SSB10200415.wav,2
/USERSPACE/DATASETS/CodecFake/C2/C2/F02_SSB03850081.wav,2
/USERSPACE/DATASETS/CodecFake/C2/C2/F02_SSB10640287.wav,2
/USERSPACE/DATASETS/CodecFake/C2/C2/F02_SSB04260330.wav,2
/USERSPACE/DATASETS/CodecFake/C2/C2/F02_SSB08630438.wav,2
/USERSPACE/DATASETS/CodecFake/C2/C2/F02_SSB17810495.wav,2
/USERSPACE/DATASETS/CodecFake/C2/C2/F02_SSB09970436.wav,2
/USERSPACE/DATASETS/CodecFake/C2/C2/F02_SSB03390328.wav,2
/USERSPACE/DATASETS/CodecFake/C2/C2/F02_p304_006.wav,2
/USERSPACE/DATASETS/CodecFake/C2/C2/F02_SSB01390199.wav,2
/USERSPACE/DATASETS/CodecFake/C2/C2/F02_SSB15930162.wav,2
/USERSPACE/DATASETS/CodecFake/C2/C2/F02_p252_313.wav,2
/USERSPACE/DATASETS/CodecFake/C2/C2/F02_SSB07020018.wav,2
/USERSPACE/DATASETS/CodecFake/C2/C2/F02_p323_370.wav,2
/USERSPACE/DATASETS/CodecFake/C2/C2/F02_SSB15630040.wav,2
/USERSPACE/DATASETS/CodecFake/C2/C2/F02_SSB07370152.wav,2
/USERSPACE/DATASETS/CodecFake/C2/C2/F02_SSB12390116.wav,2
/USERSPACE/DATASETS/CodecFake/C2/C2/F02_SSB13220203.wav,2
/USERSPACE/DATASETS/CodecFake/C2/C2/F02_SSB10640399.wav,2
/USERSPACE/DATASETS/CodecFake/C2/C2/F02_SSB19560394.wav,2
/USERSPACE/DATASETS/CodecFake/C2/C2/F02_p329_256.wav,2
/USERSPACE/DATASETS/CodecFake/C2/C2/F02_SSB13930449.wav,2
/USERSPACE/DATASETS/CodecFake/C2/C2/F02_SSB11870044.wav,2
/USERSPACE/DATASETS/CodecFake/C2/C2/F02_SSB08630455.wav,2
/USERSPACE/DATASETS/CodecFake/C2/C2/F02_SSB06060234.wav,2
/USERSPACE/DATASETS/CodecFake/C2/C2/F02_SSB02730214.wav,2
/USERSPACE/DATASETS/CodecFake/C2/C2/F02_p266_340.wav,2
/USERSPACE/DATASETS/CodecFake/C2/C2/F02_p306_002.wav,2
/USERSPACE/DATASETS/CodecFake/C2/C2/F02_SSB13650323.wav,2
/USERSPACE/DATASETS/CodecFake/C2/C2/F02_SSB12040437.wav,2
/USERSPACE/DATASETS/CodecFake/C2/C2/F02_SSB03160393.wav,2
/USERSPACE/DATASETS/CodecFake/C2/C2/F02_SSB11760304.wav,2
/USERSPACE/DATASETS/CodecFake/C2/C2/F02_p304_133.wav,2
/USERSPACE/DATASETS/CodecFake/C2/C2/F02_SSB05650487.wav,2
/USERSPACE/DATASETS/CodecFake/C2/C2/F02_SSB06710101.wav,2
/USERSPACE/DATASETS/CodecFake/C2/C2/F02_SSB03230108.wav,2
/USERSPACE/DATASETS/CodecFake/C2/C2/F02_SSB05900242.wav,2
/USERSPACE/DATASETS/CodecFake/C2/C2/F02_SSB00160079.wav,2
/USERSPACE/DATASETS/CodecFake/C2/C2/F02_SSB01120205.wav,2
/USERSPACE/DATASETS/CodecFake/C2/C2/F02_SSB17110018.wav,2
/USERSPACE/DATASETS/CodecFake/C2/C2/F02_SSB07170272.wav,2
/USERSPACE/DATASETS/CodecFake/C2/C2/F02_p279_156.wav,2
/USERSPACE/DATASETS/CodecFake/C2/C2/F02_SSB09350421.wav,2
/USERSPACE/DATASETS/CodecFake/C2/C2/F02_p271_013.wav,2
/USERSPACE/DATASETS/CodecFake/C2/C2/F02_SSB12530107.wav,2
/USERSPACE/DATASETS/CodecFake/C2/C2/F02_SSB16990093.wav,2
/USERSPACE/DATASETS/CodecFake/C2/C2/F02_p304_117.wav,2
/USERSPACE/DATASETS/CodecFake/C2/C2/F02_p340_006.wav,2
/USERSPACE/DATASETS/CodecFake/C2/C2/F02_SSB07620057.wav,2
/USERSPACE/DATASETS/CodecFake/C2/C2/F02_SSB12150442.wav,2
/USERSPACE/DATASETS/CodecFake/C2/C2/F02_SSB11610057.wav,2
/USERSPACE/DATASETS/CodecFake/C2/C2/F02_SSB03410310.wav,2
/USERSPACE/DATASETS/CodecFake/C2/C2/F02_SSB09660197.wav,2
/USERSPACE/DATASETS/CodecFake/C2/C2/F02_SSB07940134.wav,2
/USERSPACE/DATASETS/CodecFake/C2/C2/F02_SSB16250019.wav,2
/USERSPACE/DATASETS/CodecFake/C2/C2/F02_SSB19020315.wav,2
/USERSPACE/DATASETS/CodecFake/C2/C2/F02_SSB03420244.wav,2
/USERSPACE/DATASETS/CodecFake/C2/C2/F02_SSB12150020.wav,2
/USERSPACE/DATASETS/CodecFake/C2/C2/F02_p287_315.wav,2
/USERSPACE/DATASETS/CodecFake/C2/C2/F02_SSB12390271.wav,2
/USERSPACE/DATASETS/CodecFake/C2/C2/F02_SSB09870138.wav,2
/USERSPACE/DATASETS/CodecFake/C2/C2/F02_SSB05440375.wav,2
/USERSPACE/DATASETS/CodecFake/C2/C2/F02_p362_354.wav,2
/USERSPACE/DATASETS/CodecFake/C2/C2/F02_p312_011.wav,2
/USERSPACE/DATASETS/CodecFake/C2/C2/F02_SSB05900468.wav,2
/USERSPACE/DATASETS/CodecFake/C2/C2/F02_p233_356.wav,2
/USERSPACE/DATASETS/CodecFake/C2/C2/F02_SSB08630094.wav,2
/USERSPACE/DATASETS/CodecFake/C2/C2/F02_p275_416.wav,2
/USERSPACE/DATASETS/CodecFake/C2/C2/F02_p230_158.wav,2
/USERSPACE/DATASETS/CodecFake/C2/C2/F02_p228_196.wav,2
/USERSPACE/DATASETS/CodecFake/C2/C2/F02_SSB00120198.wav,2
/USERSPACE/DATASETS/CodecFake/C2/C2/F02_SSB06320149.wav,2
/USERSPACE/DATASETS/CodecFake/C2/C2/F02_SSB15850237.wav,2
/USERSPACE/DATASETS/CodecFake/C2/C2/F02_SSB05340227.wav,2
/USERSPACE/DATASETS/CodecFake/C2/C2/F02_p276_233.wav,2
/USERSPACE/DATASETS/CodecFake/C2/C2/F02_p241_126.wav,2
/USERSPACE/DATASETS/CodecFake/C2/C2/F02_SSB16250036.wav,2
/USERSPACE/DATASETS/CodecFake/C2/C2/F02_SSB15670091.wav,2
/USERSPACE/DATASETS/CodecFake/C2/C2/F02_SSB07780344.wav,2
/USERSPACE/DATASETS/CodecFake/C2/C2/F02_SSB18320221.wav,2
/USERSPACE/DATASETS/CodecFake/C2/C2/F02_p284_189.wav,2
/USERSPACE/DATASETS/CodecFake/C2/C2/F02_p304_249.wav,2
/USERSPACE/DATASETS/CodecFake/C2/C2/F02_SSB00180055.wav,2
/USERSPACE/DATASETS/CodecFake/C2/C2/F02_SSB10010339.wav,2
/USERSPACE/DATASETS/CodecFake/C2/C2/F02_p294_355.wav,2
/USERSPACE/DATASETS/CodecFake/C2/C2/F02_SSB08710356.wav,2
/USERSPACE/DATASETS/CodecFake/C2/C2/F02_SSB01120181.wav,2
/USERSPACE/DATASETS/CodecFake/C2/C2/F02_SSB07860206.wav,2
/USERSPACE/DATASETS/CodecFake/C2/C2/F02_p347_222.wav,2
/USERSPACE/DATASETS/CodecFake/C2/C2/F02_p374_067.wav,2
/USERSPACE/DATASETS/CodecFake/C2/C2/F02_SSB15930377.wav,2
/USERSPACE/DATASETS/CodecFake/C2/C2/F02_p317_183.wav,2
/USERSPACE/DATASETS/CodecFake/C2/C2/F02_p270_376.wav,2
/USERSPACE/DATASETS/CodecFake/C2/C2/F02_p287_136.wav,2
/USERSPACE/DATASETS/CodecFake/C2/C2/F02_p326_172.wav,2
/USERSPACE/DATASETS/CodecFake/C2/C2/F02_SSB19020456.wav,2
/USERSPACE/DATASETS/CodecFake/C2/C2/F02_SSB00160010.wav,2
/USERSPACE/DATASETS/CodecFake/C2/C2/F02_p307_272.wav,2
/USERSPACE/DATASETS/CodecFake/C2/C2/F02_SSB05990053.wav,2
/USERSPACE/DATASETS/CodecFake/C2/C2/F02_SSB16990373.wav,2
/USERSPACE/DATASETS/CodecFake/C2/C2/F02_SSB19350437.wav,2
/USERSPACE/DATASETS/CodecFake/C2/C2/F02_p277_310.wav,2
/USERSPACE/DATASETS/CodecFake/C2/C2/F02_SSB06070401.wav,2
/USERSPACE/DATASETS/CodecFake/C2/C2/F02_p251_033.wav,2
/USERSPACE/DATASETS/CodecFake/C2/C2/F02_p364_049.wav,2
/USERSPACE/DATASETS/CodecFake/C2/C2/F02_SSB15550107.wav,2
/USERSPACE/DATASETS/CodecFake/C2/C2/F02_SSB09970104.wav,2
/USERSPACE/DATASETS/CodecFake/C2/C2/F02_p345_155.wav,2
/USERSPACE/DATASETS/CodecFake/C2/C2/F02_SSB06660402.wav,2
/USERSPACE/DATASETS/CodecFake/C2/C2/F02_SSB00730443.wav,2
/USERSPACE/DATASETS/CodecFake/C2/C2/F02_SSB03380385.wav,2
/USERSPACE/DATASETS/CodecFake/C2/C2/F02_p236_368.wav,2
/USERSPACE/DATASETS/CodecFake/C2/C2/F02_SSB05900383.wav,2
/USERSPACE/DATASETS/CodecFake/C2/C2/F02_SSB05880003.wav,2
/USERSPACE/DATASETS/CodecFake/C2/C2/F02_SSB09190337.wav,2
/USERSPACE/DATASETS/CodecFake/C2/C2/F02_SSB03160288.wav,2
/USERSPACE/DATASETS/CodecFake/C2/C2/F02_SSB05780439.wav,2
/USERSPACE/DATASETS/CodecFake/C2/C2/F02_SSB03410055.wav,2
/USERSPACE/DATASETS/CodecFake/C2/C2/F02_p316_207.wav,2
/USERSPACE/DATASETS/CodecFake/C2/C2/F02_p276_057.wav,2
/USERSPACE/DATASETS/CodecFake/C2/C2/F02_p254_149.wav,2
/USERSPACE/DATASETS/CodecFake/C2/C2/F02_SSB03940113.wav,2
/USERSPACE/DATASETS/CodecFake/C2/C2/F02_p311_014.wav,2
/USERSPACE/DATASETS/CodecFake/C2/C2/F02_SSB01450078.wav,2
/USERSPACE/DATASETS/CodecFake/C2/C2/F02_SSB07510310.wav,2
/USERSPACE/DATASETS/CodecFake/C2/C2/F02_SSB02730156.wav,2
/USERSPACE/DATASETS/CodecFake/C2/C2/F02_SSB05350156.wav,2
/USERSPACE/DATASETS/CodecFake/C2/C2/F02_SSB15750139.wav,2
/USERSPACE/DATASETS/CodecFake/C2/C2/F02_SSB03230443.wav,2
/USERSPACE/DATASETS/CodecFake/C2/C2/F02_p269_132.wav,2
/USERSPACE/DATASETS/CodecFake/C2/C2/F02_SSB08090263.wav,2
/USERSPACE/DATASETS/CodecFake/C2/C2/F02_SSB07110361.wav,2
/USERSPACE/DATASETS/CodecFake/C2/C2/F02_SSB03950149.wav,2
/USERSPACE/DATASETS/CodecFake/C2/C2/F02_SSB02730320.wav,2
/USERSPACE/DATASETS/CodecFake/C2/C2/F02_SSB00090431.wav,2
/USERSPACE/DATASETS/CodecFake/C2/C2/F02_SSB08710166.wav,2
/USERSPACE/DATASETS/CodecFake/C2/C2/F02_SSB17450036.wav,2
/USERSPACE/DATASETS/CodecFake/C2/C2/F02_SSB18630424.wav,2
/USERSPACE/DATASETS/CodecFake/C2/C2/F02_p259_280.wav,2
/USERSPACE/DATASETS/CodecFake/C2/C2/F02_p256_069.wav,2
/USERSPACE/DATASETS/CodecFake/C2/C2/F02_p361_001.wav,2
/USERSPACE/DATASETS/CodecFake/C2/C2/F02_SSB03660241.wav,2
/USERSPACE/DATASETS/CodecFake/C2/C2/F02_SSB07000212.wav,2
/USERSPACE/DATASETS/CodecFake/C2/C2/F02_SSB03790419.wav,2
/USERSPACE/DATASETS/CodecFake/C2/C2/F02_SSB08220250.wav,2
/USERSPACE/DATASETS/CodecFake/C2/C2/F02_SSB07480412.wav,2
/USERSPACE/DATASETS/CodecFake/C2/C2/F02_p270_165.wav,2
/USERSPACE/DATASETS/CodecFake/C2/C2/F02_SSB07110508.wav,2
/USERSPACE/DATASETS/CodecFake/C2/C2/F02_p240_107.wav,2
/USERSPACE/DATASETS/CodecFake/C2/C2/F02_p273_047.wav,2
/USERSPACE/DATASETS/CodecFake/C2/C2/F02_SSB10240427.wav,2
/USERSPACE/DATASETS/CodecFake/C2/C2/F02_SSB11310429.wav,2
/USERSPACE/DATASETS/CodecFake/C2/C2/F02_SSB10960299.wav,2
/USERSPACE/DATASETS/CodecFake/C2/C2/F02_SSB10010159.wav,2
/USERSPACE/DATASETS/CodecFake/C2/C2/F02_SSB02730108.wav,2
/USERSPACE/DATASETS/CodecFake/C2/C2/F02_p273_275.wav,2
/USERSPACE/DATASETS/CodecFake/C2/C2/F02_SSB10910118.wav,2
/USERSPACE/DATASETS/CodecFake/C2/C2/F02_SSB00330362.wav,2
/USERSPACE/DATASETS/CodecFake/C2/C2/F02_SSB00380344.wav,2
/USERSPACE/DATASETS/CodecFake/C2/C2/F02_SSB06070241.wav,2
/USERSPACE/DATASETS/CodecFake/C2/C2/F02_SSB07510382.wav,2
/USERSPACE/DATASETS/CodecFake/C2/C2/F02_SSB14480203.wav,2
/USERSPACE/DATASETS/CodecFake/C2/C2/F02_p276_151.wav,2
/USERSPACE/DATASETS/CodecFake/C2/C2/F02_SSB03150071.wav,2
/USERSPACE/DATASETS/CodecFake/C2/C2/F02_SSB07860418.wav,2
/USERSPACE/DATASETS/CodecFake/C2/C2/F02_p259_098.wav,2
/USERSPACE/DATASETS/CodecFake/C2/C2/F02_SSB18370389.wav,2
/USERSPACE/DATASETS/CodecFake/C2/C2/F02_p254_007.wav,2
/USERSPACE/DATASETS/CodecFake/C2/C2/F02_SSB17590258.wav,2
/USERSPACE/DATASETS/CodecFake/C2/C2/F02_SSB03850315.wav,2
/USERSPACE/DATASETS/CodecFake/C2/C2/F02_SSB04350144.wav,2
/USERSPACE/DATASETS/CodecFake/C2/C2/F02_SSB01930304.wav,2
/USERSPACE/DATASETS/CodecFake/C2/C2/F02_SSB07110473.wav,2
/USERSPACE/DATASETS/CodecFake/C2/C2/F02_p281_324.wav,2
/USERSPACE/DATASETS/CodecFake/C2/C2/F02_SSB03820238.wav,2
/USERSPACE/DATASETS/CodecFake/C2/C2/F02_p345_338.wav,2
/USERSPACE/DATASETS/CodecFake/C2/C2/F02_p272_336.wav,2
/USERSPACE/DATASETS/CodecFake/C2/C2/F02_SSB08090326.wav,2
/USERSPACE/DATASETS/CodecFake/C2/C2/F02_p340_403.wav,2
/USERSPACE/DATASETS/CodecFake/C2/C2/F02_SSB17590252.wav,2
/USERSPACE/DATASETS/CodecFake/C2/C2/F02_SSB16240383.wav,2
/USERSPACE/DATASETS/CodecFake/C2/C2/F02_SSB10010162.wav,2
/USERSPACE/DATASETS/CodecFake/C2/C2/F02_SSB09970212.wav,2
/USERSPACE/DATASETS/CodecFake/C2/C2/F02_SSB04700161.wav,2
/USERSPACE/DATASETS/CodecFake/C2/C2/F02_SSB04340469.wav,2
/USERSPACE/DATASETS/CodecFake/C2/C2/F02_SSB00800282.wav,2
/USERSPACE/DATASETS/CodecFake/C2/C2/F02_p265_303.wav,2
/USERSPACE/DATASETS/CodecFake/C2/C2/F02_SSB08220168.wav,2
/USERSPACE/DATASETS/CodecFake/C2/C2/F02_SSB02000225.wav,2
/USERSPACE/DATASETS/CodecFake/C2/C2/F02_p374_263.wav,2
/USERSPACE/DATASETS/CodecFake/C2/C2/F02_SSB03750335.wav,2
/USERSPACE/DATASETS/CodecFake/C2/C2/F02_SSB19020340.wav,2
/USERSPACE/DATASETS/CodecFake/C2/C2/F02_p285_349.wav,2
/USERSPACE/DATASETS/CodecFake/C2/C2/F02_SSB18720377.wav,2
/USERSPACE/DATASETS/CodecFake/C2/C2/F02_SSB05390260.wav,2
/USERSPACE/DATASETS/CodecFake/C2/C2/F02_SSB06310043.wav,2
/USERSPACE/DATASETS/CodecFake/C2/C2/F02_p287_268.wav,2
/USERSPACE/DATASETS/CodecFake/C2/C2/F02_p264_463.wav,2
/USERSPACE/DATASETS/CodecFake/C2/C2/F02_SSB08090129.wav,2
/USERSPACE/DATASETS/CodecFake/C2/C2/F02_SSB03230226.wav,2
/USERSPACE/DATASETS/CodecFake/C2/C2/F02_SSB14480258.wav,2
/USERSPACE/DATASETS/CodecFake/C2/C2/F02_SSB02460386.wav,2
/USERSPACE/DATASETS/CodecFake/C2/C2/F02_p229_119.wav,2
/USERSPACE/DATASETS/CodecFake/C2/C2/F02_SSB04350506.wav,2
/USERSPACE/DATASETS/CodecFake/C2/C2/F02_p267_225.wav,2
/USERSPACE/DATASETS/CodecFake/C2/C2/F02_SSB11970010.wav,2
/USERSPACE/DATASETS/CodecFake/C2/C2/F02_p264_304.wav,2
/USERSPACE/DATASETS/CodecFake/C2/C2/F02_SSB11250230.wav,2
/USERSPACE/DATASETS/CodecFake/C2/C2/F02_SSB03150212.wav,2
/USERSPACE/DATASETS/CodecFake/C2/C2/F02_SSB10080006.wav,2
/USERSPACE/DATASETS/CodecFake/C2/C2/F02_SSB04270455.wav,2
/USERSPACE/DATASETS/CodecFake/C2/C2/F02_SSB16860040.wav,2
/USERSPACE/DATASETS/CodecFake/C2/C2/F02_p275_393.wav,2
/USERSPACE/DATASETS/CodecFake/C2/C2/F02_p281_156.wav,2
/USERSPACE/DATASETS/CodecFake/C2/C2/F02_SSB01330209.wav,2
/USERSPACE/DATASETS/CodecFake/C2/C2/F02_SSB07110301.wav,2
/USERSPACE/DATASETS/CodecFake/C2/C2/F02_p267_282.wav,2
/USERSPACE/DATASETS/CodecFake/C2/C2/F02_SSB08710058.wav,2
/USERSPACE/DATASETS/CodecFake/C2/C2/F02_p234_066.wav,2
/USERSPACE/DATASETS/CodecFake/C2/C2/F02_p323_342.wav,2
/USERSPACE/DATASETS/CodecFake/C2/C2/F02_SSB07020095.wav,2
/USERSPACE/DATASETS/CodecFake/C2/C2/F02_SSB10500479.wav,2
/USERSPACE/DATASETS/CodecFake/C2/C2/F02_SSB15670326.wav,2
/USERSPACE/DATASETS/CodecFake/C2/C2/F02_SSB17590448.wav,2
/USERSPACE/DATASETS/CodecFake/C2/C2/F02_p275_294.wav,2
/USERSPACE/DATASETS/CodecFake/C2/C2/F02_SSB07800252.wav,2
/USERSPACE/DATASETS/CodecFake/C2/C2/F02_SSB03090197.wav,2
/USERSPACE/DATASETS/CodecFake/C2/C2/F02_p247_002.wav,2
/USERSPACE/DATASETS/CodecFake/C2/C2/F02_SSB04700333.wav,2
/USERSPACE/DATASETS/CodecFake/C2/C2/F02_p260_158.wav,2
/USERSPACE/DATASETS/CodecFake/C2/C2/F02_SSB09970230.wav,2
/USERSPACE/DATASETS/CodecFake/C2/C2/F02_SSB03540343.wav,2
/USERSPACE/DATASETS/CodecFake/C2/C2/F02_SSB04150148.wav,2
/USERSPACE/DATASETS/CodecFake/C2/C2/F02_p267_090.wav,2
/USERSPACE/DATASETS/CodecFake/C2/C2/F02_SSB18630279.wav,2
/USERSPACE/DATASETS/CodecFake/C2/C2/F02_SSB05650139.wav,2
/USERSPACE/DATASETS/CodecFake/C2/C2/F02_p267_398.wav,2
/USERSPACE/DATASETS/CodecFake/C2/C2/F02_p241_242.wav,2
/USERSPACE/DATASETS/CodecFake/C2/C2/F02_p266_150.wav,2
/USERSPACE/DATASETS/CodecFake/C2/C2/F02_SSB10550083.wav,2
/USERSPACE/DATASETS/CodecFake/C2/C2/F02_SSB13660282.wav,2
/USERSPACE/DATASETS/CodecFake/C2/C2/F02_SSB17590435.wav,2
/USERSPACE/DATASETS/CodecFake/C2/C2/F02_p333_096.wav,2
/USERSPACE/DATASETS/CodecFake/C2/C2/F02_SSB00120308.wav,2
/USERSPACE/DATASETS/CodecFake/C2/C2/F02_p272_309.wav,2
/USERSPACE/DATASETS/CodecFake/C2/C2/F02_SSB05780060.wav,2
/USERSPACE/DATASETS/CodecFake/C2/C2/F02_SSB07200166.wav,2
/USERSPACE/DATASETS/CodecFake/C2/C2/F02_SSB06320341.wav,2
/USERSPACE/DATASETS/CodecFake/C2/C2/F02_SSB03410081.wav,2
/USERSPACE/DATASETS/CodecFake/C2/C2/F02_SSB02990339.wav,2
/USERSPACE/DATASETS/CodecFake/C2/C2/F02_SSB07160004.wav,2
/USERSPACE/DATASETS/CodecFake/C2/C2/F02_SSB05700222.wav,2
/USERSPACE/DATASETS/CodecFake/C2/C2/F02_SSB02990106.wav,2
/USERSPACE/DATASETS/CodecFake/C2/C2/F02_p310_052.wav,2
/USERSPACE/DATASETS/CodecFake/C2/C2/F02_p272_386.wav,2
/USERSPACE/DATASETS/CodecFake/C2/C2/F02_SSB05880393.wav,2
/USERSPACE/DATASETS/CodecFake/C2/C2/F02_p236_364.wav,2
/USERSPACE/DATASETS/CodecFake/C2/C2/F02_SSB11760326.wav,2
/USERSPACE/DATASETS/CodecFake/C2/C2/F02_p317_067.wav,2
/USERSPACE/DATASETS/CodecFake/C2/C2/F02_SSB06680373.wav,2
/USERSPACE/DATASETS/CodecFake/C2/C2/F02_SSB03420052.wav,2
/USERSPACE/DATASETS/CodecFake/C2/C2/F02_SSB13820074.wav,2
/USERSPACE/DATASETS/CodecFake/C2/C2/F02_p237_243.wav,2
/USERSPACE/DATASETS/CodecFake/C2/C2/F02_p236_132.wav,2
/USERSPACE/DATASETS/CodecFake/C2/C2/F02_p267_214.wav,2
/USERSPACE/DATASETS/CodecFake/C2/C2/F02_SSB02730144.wav,2
/USERSPACE/DATASETS/CodecFake/C2/C2/F02_p225_330.wav,2
/USERSPACE/DATASETS/CodecFake/C2/C2/F02_p287_098.wav,2
/USERSPACE/DATASETS/CodecFake/C2/C2/F02_p227_207.wav,2
/USERSPACE/DATASETS/CodecFake/C2/C2/F02_p261_181.wav,2
/USERSPACE/DATASETS/CodecFake/C2/C2/F02_SSB16250153.wav,2
/USERSPACE/DATASETS/CodecFake/C2/C2/F02_SSB05880366.wav,2
/USERSPACE/DATASETS/CodecFake/C2/C2/F02_p298_206.wav,2
/USERSPACE/DATASETS/CodecFake/C2/C2/F02_SSB07490273.wav,2
/USERSPACE/DATASETS/CodecFake/C2/C2/F02_p339_277.wav,2
/USERSPACE/DATASETS/CodecFake/C2/C2/F02_p304_068.wav,2
/USERSPACE/DATASETS/CodecFake/C2/C2/F02_SSB00330179.wav,2
/USERSPACE/DATASETS/CodecFake/C2/C2/F02_SSB03380024.wav,2
/USERSPACE/DATASETS/CodecFake/C2/C2/F02_p312_343.wav,2
/USERSPACE/DATASETS/CodecFake/C2/C2/F02_SSB13280117.wav,2
/USERSPACE/DATASETS/CodecFake/C2/C2/F02_SSB03750300.wav,2
/USERSPACE/DATASETS/CodecFake/C2/C2/F02_SSB09190076.wav,2
/USERSPACE/DATASETS/CodecFake/C2/C2/F02_p311_293.wav,2
/USERSPACE/DATASETS/CodecFake/C2/C2/F02_SSB06010143.wav,2
/USERSPACE/DATASETS/CodecFake/C2/C2/F02_SSB06930077.wav,2
/USERSPACE/DATASETS/CodecFake/C2/C2/F02_SSB00730354.wav,2
/USERSPACE/DATASETS/CodecFake/C2/C2/F02_p269_065.wav,2
/USERSPACE/DATASETS/CodecFake/C2/C2/F02_SSB19390213.wav,2
/USERSPACE/DATASETS/CodecFake/C2/C2/F02_p297_004.wav,2
/USERSPACE/DATASETS/CodecFake/C2/C2/F02_p271_204.wav,2
/USERSPACE/DATASETS/CodecFake/C2/C2/F02_SSB03070469.wav,2
/USERSPACE/DATASETS/CodecFake/C2/C2/F02_SSB03380411.wav,2
/USERSPACE/DATASETS/CodecFake/C2/C2/F02_p304_099.wav,2
/USERSPACE/DATASETS/CodecFake/C2/C2/F02_p267_172.wav,2
/USERSPACE/DATASETS/CodecFake/C2/C2/F02_SSB07370379.wav,2
/USERSPACE/DATASETS/CodecFake/C2/C2/F02_SSB11610216.wav,2
/USERSPACE/DATASETS/CodecFake/C2/C2/F02_SSB13200507.wav,2
/USERSPACE/DATASETS/CodecFake/C2/C2/F02_SSB05020090.wav,2
/USERSPACE/DATASETS/CodecFake/C2/C2/F02_p283_184.wav,2
/USERSPACE/DATASETS/CodecFake/C2/C2/F02_SSB00800412.wav,2
/USERSPACE/DATASETS/CodecFake/C2/C2/F02_SSB10560473.wav,2
/USERSPACE/DATASETS/CodecFake/C2/C2/F02_SSB15550390.wav,2
/USERSPACE/DATASETS/CodecFake/C2/C2/F02_SSB17820479.wav,2
/USERSPACE/DATASETS/CodecFake/C2/C2/F02_SSB01330057.wav,2
/USERSPACE/DATASETS/CodecFake/C2/C2/F02_SSB06070336.wav,2
/USERSPACE/DATASETS/CodecFake/C2/C2/F02_SSB06060396.wav,2
/USERSPACE/DATASETS/CodecFake/C2/C2/F02_SSB05440446.wav,2
/USERSPACE/DATASETS/CodecFake/C2/C2/F02_SSB12740206.wav,2
/USERSPACE/DATASETS/CodecFake/C2/C2/F02_SSB15850466.wav,2
/USERSPACE/DATASETS/CodecFake/C2/C2/F02_SSB15550368.wav,2
/USERSPACE/DATASETS/CodecFake/C2/C2/F02_SSB12190484.wav,2
/USERSPACE/DATASETS/CodecFake/C2/C2/F02_SSB16250392.wav,2
/USERSPACE/DATASETS/CodecFake/C2/C2/F02_p275_216.wav,2
/USERSPACE/DATASETS/CodecFake/C2/C2/F02_SSB12040283.wav,2
/USERSPACE/DATASETS/CodecFake/C2/C2/F02_p314_167.wav,2
/USERSPACE/DATASETS/CodecFake/C2/C2/F02_p274_337.wav,2
/USERSPACE/DATASETS/CodecFake/C2/C2/F02_p240_088.wav,2
/USERSPACE/DATASETS/CodecFake/C2/C2/F02_p274_103.wav,2
/USERSPACE/DATASETS/CodecFake/C2/C2/F02_p255_041.wav,2
/USERSPACE/DATASETS/CodecFake/C2/C2/F02_SSB03930169.wav,2
/USERSPACE/DATASETS/CodecFake/C2/C2/F02_SSB06070158.wav,2
/USERSPACE/DATASETS/CodecFake/C2/C2/F02_p341_237.wav,2
/USERSPACE/DATASETS/CodecFake/C2/C2/F02_SSB07020064.wav,2
/USERSPACE/DATASETS/CodecFake/C2/C2/F02_p362_171.wav,2
/USERSPACE/DATASETS/CodecFake/C2/C2/F02_SSB04340116.wav,2
/USERSPACE/DATASETS/CodecFake/C2/C2/F02_SSB07600081.wav,2
/USERSPACE/DATASETS/CodecFake/C2/C2/F02_p300_174.wav,2
/USERSPACE/DATASETS/CodecFake/C2/C2/F02_p252_069.wav,2
/USERSPACE/DATASETS/CodecFake/C2/C2/F02_SSB04340006.wav,2
/USERSPACE/DATASETS/CodecFake/C2/C2/F02_SSB03410344.wav,2
/USERSPACE/DATASETS/CodecFake/C2/C2/F02_p267_418.wav,2
/USERSPACE/DATASETS/CodecFake/C2/C2/F02_SSB19390214.wav,2
/USERSPACE/DATASETS/CodecFake/C2/C2/F02_SSB00430178.wav,2
/USERSPACE/DATASETS/CodecFake/C2/C2/F02_p362_236.wav,2
/USERSPACE/DATASETS/CodecFake/C2/C2/F02_SSB11100233.wav,2
/USERSPACE/DATASETS/CodecFake/C2/C2/F02_SSB03940117.wav,2
/USERSPACE/DATASETS/CodecFake/C2/C2/F02_SSB12530430.wav,2
/USERSPACE/DATASETS/CodecFake/C2/C2/F02_p330_376.wav,2
/USERSPACE/DATASETS/CodecFake/C2/C2/F02_SSB04350296.wav,2
/USERSPACE/DATASETS/CodecFake/C2/C2/F02_p333_121.wav,2
/USERSPACE/DATASETS/CodecFake/C2/C2/F02_p282_073.wav,2
/USERSPACE/DATASETS/CodecFake/C2/C2/F02_p340_394.wav,2
/USERSPACE/DATASETS/CodecFake/C2/C2/F02_p257_365.wav,2
/USERSPACE/DATASETS/CodecFake/C2/C2/F02_SSB06030314.wav,2
/USERSPACE/DATASETS/CodecFake/C2/C2/F02_p226_045.wav,2
/USERSPACE/DATASETS/CodecFake/C2/C2/F02_SSB06710136.wav,2
/USERSPACE/DATASETS/CodecFake/C2/C2/F02_SSB07230376.wav,2
/USERSPACE/DATASETS/CodecFake/C2/C2/F02_SSB03150352.wav,2
/USERSPACE/DATASETS/CodecFake/C2/C2/F02_SSB11150475.wav,2
/USERSPACE/DATASETS/CodecFake/C2/C2/F02_p299_138.wav,2
/USERSPACE/DATASETS/CodecFake/C2/C2/F02_SSB02460212.wav,2
/USERSPACE/DATASETS/CodecFake/C2/C2/F02_SSB03150343.wav,2
/USERSPACE/DATASETS/CodecFake/C2/C2/F02_SSB13650011.wav,2
/USERSPACE/DATASETS/CodecFake/C2/C2/F02_p234_225.wav,2
/USERSPACE/DATASETS/CodecFake/C2/C2/F02_SSB07370261.wav,2
/USERSPACE/DATASETS/CodecFake/C2/C2/F02_SSB01490178.wav,2
/USERSPACE/DATASETS/CodecFake/C2/C2/F02_SSB07510182.wav,2
/USERSPACE/DATASETS/CodecFake/C2/C2/F02_SSB16700224.wav,2
/USERSPACE/DATASETS/CodecFake/C2/C2/F02_SSB06060001.wav,2
/USERSPACE/DATASETS/CodecFake/C2/C2/F02_SSB18910172.wav,2
/USERSPACE/DATASETS/CodecFake/C2/C2/F02_SSB08170098.wav,2
/USERSPACE/DATASETS/CodecFake/C2/C2/F02_p288_099.wav,2
/USERSPACE/DATASETS/CodecFake/C2/C2/F02_SSB05440403.wav,2
/USERSPACE/DATASETS/CodecFake/C2/C2/F02_SSB10960229.wav,2
/USERSPACE/DATASETS/CodecFake/C2/C2/F02_SSB08710119.wav,2
/USERSPACE/DATASETS/CodecFake/C2/C2/F02_SSB07360324.wav,2
/USERSPACE/DATASETS/CodecFake/C2/C2/F02_SSB18280186.wav,2
/USERSPACE/DATASETS/CodecFake/C2/C2/F02_p305_057.wav,2
/USERSPACE/DATASETS/CodecFake/C2/C2/F02_SSB06290419.wav,2
/USERSPACE/DATASETS/CodecFake/C2/C2/F02_p230_253.wav,2
/USERSPACE/DATASETS/CodecFake/C2/C2/F02_p228_338.wav,2
/USERSPACE/DATASETS/CodecFake/C2/C2/F02_SSB03950225.wav,2
/USERSPACE/DATASETS/CodecFake/C2/C2/F02_SSB13770215.wav,2
/USERSPACE/DATASETS/CodecFake/C2/C2/F02_SSB01490187.wav,2
/USERSPACE/DATASETS/CodecFake/C2/C2/F02_SSB11250346.wav,2
/USERSPACE/DATASETS/CodecFake/C2/C2/F02_SSB07460499.wav,2
/USERSPACE/DATASETS/CodecFake/C2/C2/F02_p264_096.wav,2
/USERSPACE/DATASETS/CodecFake/C2/C2/F02_p303_013.wav,2
/USERSPACE/DATASETS/CodecFake/C2/C2/F02_SSB11150459.wav,2
/USERSPACE/DATASETS/CodecFake/C2/C2/F02_SSB05940172.wav,2
/USERSPACE/DATASETS/CodecFake/C2/C2/F02_SSB03090256.wav,2
/USERSPACE/DATASETS/CodecFake/C2/C2/F02_p250_346.wav,2
/USERSPACE/DATASETS/CodecFake/C2/C2/F02_SSB03800030.wav,2
/USERSPACE/DATASETS/CodecFake/C2/C2/F02_SSB08510154.wav,2
/USERSPACE/DATASETS/CodecFake/C2/C2/F02_SSB00730013.wav,2
/USERSPACE/DATASETS/CodecFake/C2/C2/F02_p363_366.wav,2
/USERSPACE/DATASETS/CodecFake/C2/C2/F02_SSB19180009.wav,2
/USERSPACE/DATASETS/CodecFake/C2/C2/F02_SSB07170458.wav,2
/USERSPACE/DATASETS/CodecFake/C2/C2/F02_SSB19390049.wav,2
/USERSPACE/DATASETS/CodecFake/C2/C2/F02_SSB00120114.wav,2
/USERSPACE/DATASETS/CodecFake/C2/C2/F02_p267_259.wav,2
/USERSPACE/DATASETS/CodecFake/C2/C2/F02_p271_060.wav,2
/USERSPACE/DATASETS/CodecFake/C2/C2/F02_SSB00730126.wav,2
/USERSPACE/DATASETS/CodecFake/C2/C2/F02_p293_316.wav,2
/USERSPACE/DATASETS/CodecFake/C2/C2/F02_SSB18370351.wav,2
/USERSPACE/DATASETS/CodecFake/C2/C2/F02_p251_265.wav,2
/USERSPACE/DATASETS/CodecFake/C2/C2/F02_p326_035.wav,2
/USERSPACE/DATASETS/CodecFake/C2/C2/F02_SSB07360418.wav,2
/USERSPACE/DATASETS/CodecFake/C2/C2/F02_p374_365.wav,2
/USERSPACE/DATASETS/CodecFake/C2/C2/F02_p261_412.wav,2
/USERSPACE/DATASETS/CodecFake/C2/C2/F02_SSB02880218.wav,2
/USERSPACE/DATASETS/CodecFake/C2/C2/F02_SSB10500295.wav,2
/USERSPACE/DATASETS/CodecFake/C2/C2/F02_p303_210.wav,2
/USERSPACE/DATASETS/CodecFake/C2/C2/F02_SSB07510263.wav,2
/USERSPACE/DATASETS/CodecFake/C2/C2/F02_SSB18310254.wav,2
/USERSPACE/DATASETS/CodecFake/C2/C2/F02_p227_265.wav,2
/USERSPACE/DATASETS/CodecFake/C2/C2/F02_p323_386.wav,2
/USERSPACE/DATASETS/CodecFake/C2/C2/F02_SSB06660499.wav,2
/USERSPACE/DATASETS/CodecFake/C2/C2/F02_SSB03090159.wav,2
/USERSPACE/DATASETS/CodecFake/C2/C2/F02_p244_118.wav,2
/USERSPACE/DATASETS/CodecFake/C2/C2/F02_SSB06140504.wav,2
/USERSPACE/DATASETS/CodecFake/C2/C2/F02_SSB18630138.wav,2
/USERSPACE/DATASETS/CodecFake/C2/C2/F02_SSB10560168.wav,2
/USERSPACE/DATASETS/CodecFake/C2/C2/F02_p310_418.wav,2
/USERSPACE/DATASETS/CodecFake/C2/C2/F02_SSB03380388.wav,2
/USERSPACE/DATASETS/CodecFake/C2/C2/F02_SSB08630447.wav,2
/USERSPACE/DATASETS/CodecFake/C2/C2/F02_SSB00570402.wav,2
/USERSPACE/DATASETS/CodecFake/C2/C2/F02_SSB11100345.wav,2
/USERSPACE/DATASETS/CodecFake/C2/C2/F02_p316_144.wav,2
/USERSPACE/DATASETS/CodecFake/C2/C2/F02_p292_152.wav,2
/USERSPACE/DATASETS/CodecFake/C2/C2/F02_SSB07480254.wav,2
/USERSPACE/DATASETS/CodecFake/C2/C2/F02_SSB11080062.wav,2
/USERSPACE/DATASETS/CodecFake/C2/C2/F02_SSB00180359.wav,2
/USERSPACE/DATASETS/CodecFake/C2/C2/F02_p313_393.wav,2
/USERSPACE/DATASETS/CodecFake/C2/C2/F02_SSB14480095.wav,2
/USERSPACE/DATASETS/CodecFake/C2/C2/F02_SSB12030392.wav,2
/USERSPACE/DATASETS/CodecFake/C2/C2/F02_SSB13770061.wav,2
/USERSPACE/DATASETS/CodecFake/C2/C2/F02_p335_177.wav,2
/USERSPACE/DATASETS/CodecFake/C2/C2/F02_p330_155.wav,2
/USERSPACE/DATASETS/CodecFake/C2/C2/F02_p360_391.wav,2
/USERSPACE/DATASETS/CodecFake/C2/C2/F02_SSB06090311.wav,2
/USERSPACE/DATASETS/CodecFake/C2/C2/F02_SSB03930335.wav,2
/USERSPACE/DATASETS/CodecFake/C2/C2/F02_p339_250.wav,2
/USERSPACE/DATASETS/CodecFake/C2/C2/F02_p287_394.wav,2
/USERSPACE/DATASETS/CodecFake/C2/C2/F02_SSB05020429.wav,2
/USERSPACE/DATASETS/CodecFake/C2/C2/F02_SSB03090236.wav,2
/USERSPACE/DATASETS/CodecFake/C2/C2/F02_SSB07370172.wav,2
/USERSPACE/DATASETS/CodecFake/C2/C2/F02_SSB03160467.wav,2
/USERSPACE/DATASETS/CodecFake/C2/C2/F02_SSB00730125.wav,2
/USERSPACE/DATASETS/CodecFake/C2/C2/F02_SSB15630145.wav,2
/USERSPACE/DATASETS/CodecFake/C2/C2/F02_p295_283.wav,2
/USERSPACE/DATASETS/CodecFake/C2/C2/F02_p248_016.wav,2
/USERSPACE/DATASETS/CodecFake/C2/C2/F02_p281_212.wav,2
/USERSPACE/DATASETS/CodecFake/C2/C2/F02_SSB10960472.wav,2
/USERSPACE/DATASETS/CodecFake/C2/C2/F02_SSB07860299.wav,2
/USERSPACE/DATASETS/CodecFake/C2/C2/F02_SSB15930444.wav,2
/USERSPACE/DATASETS/CodecFake/C2/C2/F02_SSB05440205.wav,2
/USERSPACE/DATASETS/CodecFake/C2/C2/F02_p233_200.wav,2
/USERSPACE/DATASETS/CodecFake/C2/C2/F02_SSB05350268.wav,2
/USERSPACE/DATASETS/CodecFake/C2/C2/F02_SSB00050374.wav,2
/USERSPACE/DATASETS/CodecFake/C2/C2/F02_SSB17450282.wav,2
/USERSPACE/DATASETS/CodecFake/C2/C2/F02_p236_381.wav,2
/USERSPACE/DATASETS/CodecFake/C2/C2/F02_p258_070.wav,2
/USERSPACE/DATASETS/CodecFake/C2/C2/F02_p261_370.wav,2
/USERSPACE/DATASETS/CodecFake/C2/C2/F02_p261_043.wav,2
/USERSPACE/DATASETS/CodecFake/C2/C2/F02_SSB17590005.wav,2
/USERSPACE/DATASETS/CodecFake/C2/C2/F02_SSB10640267.wav,2
/USERSPACE/DATASETS/CodecFake/C2/C2/F02_SSB02880258.wav,2
/USERSPACE/DATASETS/CodecFake/C2/C2/F02_p326_398.wav,2
/USERSPACE/DATASETS/CodecFake/C2/C2/F02_p238_405.wav,2
/USERSPACE/DATASETS/CodecFake/C2/C2/F02_p286_017.wav,2
/USERSPACE/DATASETS/CodecFake/C2/C2/F02_SSB18320164.wav,2
/USERSPACE/DATASETS/CodecFake/C2/C2/F02_p362_297.wav,2
/USERSPACE/DATASETS/CodecFake/C2/C2/F02_p282_263.wav,2
/USERSPACE/DATASETS/CodecFake/C2/C2/F02_p340_143.wav,2
/USERSPACE/DATASETS/CodecFake/C2/C2/F02_p234_269.wav,2
/USERSPACE/DATASETS/CodecFake/C2/C2/F02_SSB06310422.wav,2
/USERSPACE/DATASETS/CodecFake/C2/C2/F02_p259_336.wav,2
/USERSPACE/DATASETS/CodecFake/C2/C2/F02_p254_078.wav,2
/USERSPACE/DATASETS/CodecFake/C2/C2/F02_SSB07110054.wav,2
/USERSPACE/DATASETS/CodecFake/C2/C2/F02_SSB01120196.wav,2
/USERSPACE/DATASETS/CodecFake/C2/C2/F02_SSB06680498.wav,2
/USERSPACE/DATASETS/CodecFake/C2/C2/F02_SSB07780477.wav,2
/USERSPACE/DATASETS/CodecFake/C2/C2/F02_SSB07780126.wav,2
/USERSPACE/DATASETS/CodecFake/C2/C2/F02_p271_242.wav,2
/USERSPACE/DATASETS/CodecFake/C2/C2/F02_SSB03230249.wav,2
/USERSPACE/DATASETS/CodecFake/C2/C2/F02_SSB18320255.wav,2
/USERSPACE/DATASETS/CodecFake/C2/C2/F02_p230_129.wav,2
/USERSPACE/DATASETS/CodecFake/C2/C2/F02_p246_057.wav,2
/USERSPACE/DATASETS/CodecFake/C2/C2/F02_SSB18910250.wav,2
/USERSPACE/DATASETS/CodecFake/C2/C2/F02_p283_148.wav,2
/USERSPACE/DATASETS/CodecFake/C2/C2/F02_SSB06680184.wav,2
/USERSPACE/DATASETS/CodecFake/C2/C2/F02_p336_276.wav,2
/USERSPACE/DATASETS/CodecFake/C2/C2/F02_SSB05900314.wav,2
/USERSPACE/DATASETS/CodecFake/C2/C2/F02_SSB15930141.wav,2
/USERSPACE/DATASETS/CodecFake/C2/C2/F02_SSB19350204.wav,2
/USERSPACE/DATASETS/CodecFake/C2/C2/F02_SSB00800482.wav,2
/USERSPACE/DATASETS/CodecFake/C2/C2/F02_SSB03790460.wav,2
/USERSPACE/DATASETS/CodecFake/C2/C2/F02_SSB18910195.wav,2
/USERSPACE/DATASETS/CodecFake/C2/C2/F02_p269_222.wav,2
/USERSPACE/DATASETS/CodecFake/C2/C2/F02_SSB19350198.wav,2
/USERSPACE/DATASETS/CodecFake/C2/C2/F02_SSB06230208.wav,2
/USERSPACE/DATASETS/CodecFake/C2/C2/F02_p317_198.wav,2
/USERSPACE/DATASETS/CodecFake/C2/C2/F02_SSB15930116.wav,2
/USERSPACE/DATASETS/CodecFake/C2/C2/F02_SSB10200435.wav,2
/USERSPACE/DATASETS/CodecFake/C2/C2/F02_SSB08870432.wav,2
/USERSPACE/DATASETS/CodecFake/C2/C2/F02_SSB15850280.wav,2
/USERSPACE/DATASETS/CodecFake/C2/C2/F02_SSB17450237.wav,2
/USERSPACE/DATASETS/CodecFake/C2/C2/F02_SSB03850347.wav,2
/USERSPACE/DATASETS/CodecFake/C2/C2/F02_p238_258.wav,2
/USERSPACE/DATASETS/CodecFake/C2/C2/F02_p232_240.wav,2
/USERSPACE/DATASETS/CodecFake/C2/C2/F02_SSB07620017.wav,2
/USERSPACE/DATASETS/CodecFake/C2/C2/F02_SSB06320139.wav,2
/USERSPACE/DATASETS/CodecFake/C2/C2/F02_p250_081.wav,2
/USERSPACE/DATASETS/CodecFake/C2/C2/F02_p329_169.wav,2
/USERSPACE/DATASETS/CodecFake/C2/C2/F02_SSB09660089.wav,2
/USERSPACE/DATASETS/CodecFake/C2/C2/F02_SSB03790431.wav,2
/USERSPACE/DATASETS/CodecFake/C2/C2/F02_SSB13020458.wav,2
/USERSPACE/DATASETS/CodecFake/C2/C2/F02_SSB00180226.wav,2
/USERSPACE/DATASETS/CodecFake/C2/C2/F02_SSB00160315.wav,2
/USERSPACE/DATASETS/CodecFake/C2/C2/F02_p263_241.wav,2
/USERSPACE/DATASETS/CodecFake/C2/C2/F02_SSB13990237.wav,2
/USERSPACE/DATASETS/CodecFake/C2/C2/F02_p270_286.wav,2
/USERSPACE/DATASETS/CodecFake/C2/C2/F02_SSB00120348.wav,2
/USERSPACE/DATASETS/CodecFake/C2/C2/F02_SSB08510083.wav,2
/USERSPACE/DATASETS/CodecFake/C2/C2/F02_SSB17280260.wav,2
/USERSPACE/DATASETS/CodecFake/C2/C2/F02_SSB03930056.wav,2
/USERSPACE/DATASETS/CodecFake/C2/C2/F02_SSB15630367.wav,2
/USERSPACE/DATASETS/CodecFake/C2/C2/F02_SSB14520173.wav,2
/USERSPACE/DATASETS/CodecFake/C2/C2/F02_p266_069.wav,2
/USERSPACE/DATASETS/CodecFake/C2/C2/F02_SSB07490112.wav,2
/USERSPACE/DATASETS/CodecFake/C2/C2/F02_p287_411.wav,2
/USERSPACE/DATASETS/CodecFake/C2/C2/F02_p329_377.wav,2
/USERSPACE/DATASETS/CodecFake/C2/C2/F02_SSB13200374.wav,2
/USERSPACE/DATASETS/CodecFake/C2/C2/F02_p244_157.wav,2
/USERSPACE/DATASETS/CodecFake/C2/C2/F02_SSB13930210.wav,2
/USERSPACE/DATASETS/CodecFake/C2/C2/F02_p298_123.wav,2
/USERSPACE/DATASETS/CodecFake/C2/C2/F02_p282_216.wav,2
/USERSPACE/DATASETS/CodecFake/C2/C2/F02_SSB08170330.wav,2
/USERSPACE/DATASETS/CodecFake/C2/C2/F02_SSB06070480.wav,2
/USERSPACE/DATASETS/CodecFake/C2/C2/F02_p270_006.wav,2
/USERSPACE/DATASETS/CodecFake/C2/C2/F02_SSB11080033.wav,2
/USERSPACE/DATASETS/CodecFake/C2/C2/F02_p281_037.wav,2
/USERSPACE/DATASETS/CodecFake/C2/C2/F02_p277_454.wav,2
/USERSPACE/DATASETS/CodecFake/C2/C2/F02_SSB06010149.wav,2
/USERSPACE/DATASETS/CodecFake/C2/C2/F02_SSB03070010.wav,2
/USERSPACE/DATASETS/CodecFake/C2/C2/F02_SSB07110346.wav,2
/USERSPACE/DATASETS/CodecFake/C2/C2/F02_SSB17110279.wav,2
/USERSPACE/DATASETS/CodecFake/C2/C2/F02_p231_156.wav,2
/USERSPACE/DATASETS/CodecFake/C2/C2/F02_SSB12030284.wav,2
/USERSPACE/DATASETS/CodecFake/C2/C2/F02_SSB04340411.wav,2
/USERSPACE/DATASETS/CodecFake/C2/C2/F02_SSB15850174.wav,2
/USERSPACE/DATASETS/CodecFake/C2/C2/F02_p254_135.wav,2
/USERSPACE/DATASETS/CodecFake/C2/C2/F02_SSB12190442.wav,2
/USERSPACE/DATASETS/CodecFake/C2/C2/F02_SSB02990015.wav,2
/USERSPACE/DATASETS/CodecFake/C2/C2/F02_SSB10960306.wav,2
/USERSPACE/DATASETS/CodecFake/C2/C2/F02_p278_031.wav,2
/USERSPACE/DATASETS/CodecFake/C2/C2/F02_SSB03540399.wav,2
/USERSPACE/DATASETS/CodecFake/C2/C2/F02_p228_269.wav,2
/USERSPACE/DATASETS/CodecFake/C2/C2/F02_p250_007.wav,2
/USERSPACE/DATASETS/CodecFake/C2/C2/F02_p333_118.wav,2
/USERSPACE/DATASETS/CodecFake/C2/C2/F02_SSB11360085.wav,2
/USERSPACE/DATASETS/CodecFake/C2/C2/F02_SSB15750015.wav,2
/USERSPACE/DATASETS/CodecFake/C2/C2/F02_p306_023.wav,2
/USERSPACE/DATASETS/CodecFake/C2/C2/F02_p293_045.wav,2
/USERSPACE/DATASETS/CodecFake/C2/C2/F02_SSB01450074.wav,2
/USERSPACE/DATASETS/CodecFake/C2/C2/F02_p273_154.wav,2
/USERSPACE/DATASETS/CodecFake/C2/C2/F02_p304_273.wav,2
/USERSPACE/DATASETS/CodecFake/C2/C2/F02_SSB08220213.wav,2
/USERSPACE/DATASETS/CodecFake/C2/C2/F02_SSB07620256.wav,2
/USERSPACE/DATASETS/CodecFake/C2/C2/F02_p250_474.wav,2
/USERSPACE/DATASETS/CodecFake/C2/C2/F02_SSB09190330.wav,2
/USERSPACE/DATASETS/CodecFake/C2/C2/F02_SSB01120463.wav,2
/USERSPACE/DATASETS/CodecFake/C2/C2/F02_p313_212.wav,2
/USERSPACE/DATASETS/CodecFake/C2/C2/F02_p255_016.wav,2
/USERSPACE/DATASETS/CodecFake/C2/C2/F02_SSB15850051.wav,2
/USERSPACE/DATASETS/CodecFake/C2/C2/F02_SSB19180153.wav,2
/USERSPACE/DATASETS/CodecFake/C2/C2/F02_p255_364.wav,2
/USERSPACE/DATASETS/CodecFake/C2/C2/F02_SSB10000341.wav,2
/USERSPACE/DATASETS/CodecFake/C2/C2/F02_SSB09130118.wav,2
/USERSPACE/DATASETS/CodecFake/C2/C2/F02_SSB07860194.wav,2
/USERSPACE/DATASETS/CodecFake/C2/C2/F02_p336_044.wav,2
/USERSPACE/DATASETS/CodecFake/C2/C2/F02_SSB18720127.wav,2
/USERSPACE/DATASETS/CodecFake/C2/C2/F02_p288_165.wav,2
/USERSPACE/DATASETS/CodecFake/C2/C2/F02_SSB16990243.wav,2
/USERSPACE/DATASETS/CodecFake/C2/C2/F02_p318_037.wav,2
/USERSPACE/DATASETS/CodecFake/C2/C2/F02_SSB09350358.wav,2
/USERSPACE/DATASETS/CodecFake/C2/C2/F02_SSB09150440.wav,2
/USERSPACE/DATASETS/CodecFake/C2/C2/F02_SSB03930436.wav,2
/USERSPACE/DATASETS/CodecFake/C2/C2/F02_SSB18630007.wav,2
/USERSPACE/DATASETS/CodecFake/C2/C2/F02_p269_306.wav,2
/USERSPACE/DATASETS/CodecFake/C2/C2/F02_p326_390.wav,2
/USERSPACE/DATASETS/CodecFake/C2/C2/F02_SSB03540091.wav,2
/USERSPACE/DATASETS/CodecFake/C2/C2/F02_SSB18280474.wav,2
/USERSPACE/DATASETS/CodecFake/C2/C2/F02_p277_456.wav,2
/USERSPACE/DATASETS/CodecFake/C2/C2/F02_p280_291.wav,2
/USERSPACE/DATASETS/CodecFake/C2/C2/F02_SSB14370025.wav,2
/USERSPACE/DATASETS/CodecFake/C2/C2/F02_SSB03420116.wav,2
/USERSPACE/DATASETS/CodecFake/C2/C2/F02_p326_347.wav,2
/USERSPACE/DATASETS/CodecFake/C2/C2/F02_SSB10720467.wav,2
/USERSPACE/DATASETS/CodecFake/C2/C2/F02_SSB10910489.wav,2
/USERSPACE/DATASETS/CodecFake/C2/C2/F02_p317_044.wav,2
/USERSPACE/DATASETS/CodecFake/C2/C2/F02_SSB02000195.wav,2
/USERSPACE/DATASETS/CodecFake/C2/C2/F02_SSB07000454.wav,2
/USERSPACE/DATASETS/CodecFake/C2/C2/F02_SSB09130078.wav,2
/USERSPACE/DATASETS/CodecFake/C2/C2/F02_p264_258.wav,2
/USERSPACE/DATASETS/CodecFake/C2/C2/F02_p301_049.wav,2
/USERSPACE/DATASETS/CodecFake/C2/C2/F02_p298_380.wav,2
/USERSPACE/DATASETS/CodecFake/C2/C2/F02_SSB11870131.wav,2
/USERSPACE/DATASETS/CodecFake/C2/C2/F02_SSB07370346.wav,2
/USERSPACE/DATASETS/CodecFake/C2/C2/F02_SSB12210472.wav,2
/USERSPACE/DATASETS/CodecFake/C2/C2/F02_SSB08510415.wav,2
/USERSPACE/DATASETS/CodecFake/C2/C2/F02_SSB07170405.wav,2
/USERSPACE/DATASETS/CodecFake/C2/C2/F02_SSB11000202.wav,2
/USERSPACE/DATASETS/CodecFake/C2/C2/F02_SSB10550197.wav,2
/USERSPACE/DATASETS/CodecFake/C2/C2/F02_SSB00730028.wav,2
/USERSPACE/DATASETS/CodecFake/C2/C2/F02_SSB06680310.wav,2
/USERSPACE/DATASETS/CodecFake/C2/C2/F02_p255_184.wav,2
/USERSPACE/DATASETS/CodecFake/C2/C2/F02_SSB07860427.wav,2
/USERSPACE/DATASETS/CodecFake/C2/C2/F02_p326_212.wav,2
/USERSPACE/DATASETS/CodecFake/C2/C2/F02_p302_004.wav,2
/USERSPACE/DATASETS/CodecFake/C2/C2/F02_SSB04340103.wav,2
/USERSPACE/DATASETS/CodecFake/C2/C2/F02_p234_084.wav,2
/USERSPACE/DATASETS/CodecFake/C2/C2/F02_SSB03070118.wav,2
/USERSPACE/DATASETS/CodecFake/C2/C2/F02_p330_391.wav,2
/USERSPACE/DATASETS/CodecFake/C2/C2/F02_SSB13820062.wav,2
/USERSPACE/DATASETS/CodecFake/C2/C2/F02_SSB11080454.wav,2
/USERSPACE/DATASETS/CodecFake/C2/C2/F02_SSB08220138.wav,2
/USERSPACE/DATASETS/CodecFake/C2/C2/F02_SSB06230476.wav,2
/USERSPACE/DATASETS/CodecFake/C2/C2/F02_SSB00800223.wav,2
/USERSPACE/DATASETS/CodecFake/C2/C2/F02_SSB11080102.wav,2
/USERSPACE/DATASETS/CodecFake/C2/C2/F02_SSB02410364.wav,2
/USERSPACE/DATASETS/CodecFake/C2/C2/F02_SSB07160450.wav,2
/USERSPACE/DATASETS/CodecFake/C2/C2/F02_p233_341.wav,2
/USERSPACE/DATASETS/CodecFake/C2/C2/F02_p280_282.wav,2
/USERSPACE/DATASETS/CodecFake/C2/C2/F02_p361_205.wav,2
/USERSPACE/DATASETS/CodecFake/C2/C2/F02_p267_077.wav,2
/USERSPACE/DATASETS/CodecFake/C2/C2/F02_SSB03230019.wav,2
/USERSPACE/DATASETS/CodecFake/C2/C2/F02_SSB05350328.wav,2
/USERSPACE/DATASETS/CodecFake/C2/C2/F02_SSB10910111.wav,2
/USERSPACE/DATASETS/CodecFake/C2/C2/F02_SSB11970082.wav,2
/USERSPACE/DATASETS/CodecFake/C2/C2/F02_SSB09970046.wav,2
/USERSPACE/DATASETS/CodecFake/C2/C2/F02_p227_045.wav,2
/USERSPACE/DATASETS/CodecFake/C2/C2/F02_SSB02000140.wav,2
/USERSPACE/DATASETS/CodecFake/C2/C2/F02_SSB05020253.wav,2
/USERSPACE/DATASETS/CodecFake/C2/C2/F02_p277_443.wav,2
/USERSPACE/DATASETS/CodecFake/C2/C2/F02_p318_218.wav,2
/USERSPACE/DATASETS/CodecFake/C2/C2/F02_SSB03750042.wav,2
/USERSPACE/DATASETS/CodecFake/C2/C2/F02_p364_068.wav,2
/USERSPACE/DATASETS/CodecFake/C2/C2/F02_p271_329.wav,2
/USERSPACE/DATASETS/CodecFake/C2/C2/F02_SSB06310402.wav,2
/USERSPACE/DATASETS/CodecFake/C2/C2/F02_SSB11380073.wav,2
/USERSPACE/DATASETS/CodecFake/C2/C2/F02_SSB03930442.wav,2
/USERSPACE/DATASETS/CodecFake/C2/C2/F02_p277_360.wav,2
/USERSPACE/DATASETS/CodecFake/C2/C2/F02_SSB07940197.wav,2
/USERSPACE/DATASETS/CodecFake/C2/C2/F02_SSB04150236.wav,2
/USERSPACE/DATASETS/CodecFake/C2/C2/F02_p323_332.wav,2
/USERSPACE/DATASETS/CodecFake/C2/C2/F02_SSB15850062.wav,2
/USERSPACE/DATASETS/CodecFake/C2/C2/F02_p297_098.wav,2
/USERSPACE/DATASETS/CodecFake/C2/C2/F02_p360_090.wav,2
/USERSPACE/DATASETS/CodecFake/C2/C2/F02_p295_392.wav,2
/USERSPACE/DATASETS/CodecFake/C2/C2/F02_SSB03930431.wav,2
/USERSPACE/DATASETS/CodecFake/C2/C2/F02_p252_346.wav,2
/USERSPACE/DATASETS/CodecFake/C2/C2/F02_p339_290.wav,2
/USERSPACE/DATASETS/CodecFake/C2/C2/F02_p339_155.wav,2
/USERSPACE/DATASETS/CodecFake/C2/C2/F02_p270_292.wav,2
/USERSPACE/DATASETS/CodecFake/C2/C2/F02_SSB00120364.wav,2
/USERSPACE/DATASETS/CodecFake/C2/C2/F02_SSB02730068.wav,2
/USERSPACE/DATASETS/CodecFake/C2/C2/F02_SSB17590065.wav,2
/USERSPACE/DATASETS/CodecFake/C2/C2/F02_SSB07230439.wav,2
/USERSPACE/DATASETS/CodecFake/C2/C2/F02_p336_070.wav,2
/USERSPACE/DATASETS/CodecFake/C2/C2/F02_p301_021.wav,2
/USERSPACE/DATASETS/CodecFake/C2/C2/F02_SSB03070433.wav,2
/USERSPACE/DATASETS/CodecFake/C2/C2/F02_SSB03390482.wav,2
/USERSPACE/DATASETS/CodecFake/C2/C2/F02_SSB00330003.wav,2
/USERSPACE/DATASETS/CodecFake/C2/C2/F02_SSB05020375.wav,2
/USERSPACE/DATASETS/CodecFake/C2/C2/F02_p345_356.wav,2
/USERSPACE/DATASETS/CodecFake/C2/C2/F02_p283_271.wav,2
/USERSPACE/DATASETS/CodecFake/C2/C2/F02_p298_279.wav,2
/USERSPACE/DATASETS/CodecFake/C2/C2/F02_SSB13660027.wav,2
/USERSPACE/DATASETS/CodecFake/C2/C2/F02_SSB03950258.wav,2
/USERSPACE/DATASETS/CodecFake/C2/C2/F02_SSB07940122.wav,2
/USERSPACE/DATASETS/CodecFake/C2/C2/F02_SSB13400325.wav,2
/USERSPACE/DATASETS/CodecFake/C2/C2/F02_SSB13020081.wav,2
/USERSPACE/DATASETS/CodecFake/C2/C2/F02_SSB03230360.wav,2
/USERSPACE/DATASETS/CodecFake/C2/C2/F02_SSB14080347.wav,2
/USERSPACE/DATASETS/CodecFake/C2/C2/F02_p351_002.wav,2
/USERSPACE/DATASETS/CodecFake/C2/C2/F02_p238_006.wav,2
/USERSPACE/DATASETS/CodecFake/C2/C2/F02_SSB02460369.wav,2
/USERSPACE/DATASETS/CodecFake/C2/C2/F02_p295_096.wav,2
/USERSPACE/DATASETS/CodecFake/C2/C2/F02_SSB05650246.wav,2
/USERSPACE/DATASETS/CodecFake/C2/C2/F02_SSB16700137.wav,2
/USERSPACE/DATASETS/CodecFake/C2/C2/F02_SSB07940355.wav,2
/USERSPACE/DATASETS/CodecFake/C2/C2/F02_SSB03420117.wav,2
/USERSPACE/DATASETS/CodecFake/C2/C2/F02_p273_338.wav,2
/USERSPACE/DATASETS/CodecFake/C2/C2/F02_SSB15850377.wav,2
/USERSPACE/DATASETS/CodecFake/C2/C2/F02_SSB00120454.wav,2
/USERSPACE/DATASETS/CodecFake/C2/C2/F02_p247_345.wav,2
/USERSPACE/DATASETS/CodecFake/C2/C2/F02_SSB03850402.wav,2
/USERSPACE/DATASETS/CodecFake/C2/C2/F02_SSB03420345.wav,2
/USERSPACE/DATASETS/CodecFake/C2/C2/F02_SSB07860428.wav,2
/USERSPACE/DATASETS/CodecFake/C2/C2/F02_SSB07230027.wav,2
/USERSPACE/DATASETS/CodecFake/C2/C2/F02_SSB18720071.wav,2
/USERSPACE/DATASETS/CodecFake/C2/C2/F02_p256_031.wav,2
/USERSPACE/DATASETS/CodecFake/C2/C2/F02_SSB00180232.wav,2
/USERSPACE/DATASETS/CodecFake/C2/C2/F02_SSB13400084.wav,2
/USERSPACE/DATASETS/CodecFake/C2/C2/F02_SSB05700310.wav,2
/USERSPACE/DATASETS/CodecFake/C2/C2/F02_SSB15630106.wav,2
/USERSPACE/DATASETS/CodecFake/C2/C2/F02_p307_216.wav,2
/USERSPACE/DATASETS/CodecFake/C2/C2/F02_SSB01970002.wav,2
/USERSPACE/DATASETS/CodecFake/C2/C2/F02_p260_315.wav,2
/USERSPACE/DATASETS/CodecFake/C2/C2/F02_SSB18460151.wav,2
/USERSPACE/DATASETS/CodecFake/C2/C2/F02_SSB10200482.wav,2
/USERSPACE/DATASETS/CodecFake/C2/C2/F02_p329_263.wav,2
/USERSPACE/DATASETS/CodecFake/C2/C2/F02_SSB19560059.wav,2
/USERSPACE/DATASETS/CodecFake/C2/C2/F02_SSB07940378.wav,2
/USERSPACE/DATASETS/CodecFake/C2/C2/F02_p301_411.wav,2
/USERSPACE/DATASETS/CodecFake/C2/C2/F02_SSB05900344.wav,2
/USERSPACE/DATASETS/CodecFake/C2/C2/F02_p227_092.wav,2
/USERSPACE/DATASETS/CodecFake/C2/C2/F02_SSB11380314.wav,2
/USERSPACE/DATASETS/CodecFake/C2/C2/F02_p271_088.wav,2
/USERSPACE/DATASETS/CodecFake/C2/C2/F02_SSB03410454.wav,2
/USERSPACE/DATASETS/CodecFake/C2/C2/F02_p311_024.wav,2
/USERSPACE/DATASETS/CodecFake/C2/C2/F02_SSB00110289.wav,2
/USERSPACE/DATASETS/CodecFake/C2/C2/F02_p276_035.wav,2
/USERSPACE/DATASETS/CodecFake/C2/C2/F02_SSB06860255.wav,2
/USERSPACE/DATASETS/CodecFake/C2/C2/F02_SSB07940344.wav,2
/USERSPACE/DATASETS/CodecFake/C2/C2/F02_p268_087.wav,2
/USERSPACE/DATASETS/CodecFake/C2/C2/F02_SSB14480025.wav,2
/USERSPACE/DATASETS/CodecFake/C2/C2/F02_SSB06660189.wav,2
/USERSPACE/DATASETS/CodecFake/C2/C2/F02_SSB02990214.wav,2
/USERSPACE/DATASETS/CodecFake/C2/C2/F02_SSB00120402.wav,2
/USERSPACE/DATASETS/CodecFake/C2/C2/F02_SSB06010471.wav,2
/USERSPACE/DATASETS/CodecFake/C2/C2/F02_SSB18630284.wav,2
/USERSPACE/DATASETS/CodecFake/C2/C2/F02_SSB00160043.wav,2
/USERSPACE/DATASETS/CodecFake/C2/C2/F02_SSB06140444.wav,2
/USERSPACE/DATASETS/CodecFake/C2/C2/F02_p264_452.wav,2
/USERSPACE/DATASETS/CodecFake/C2/C2/F02_p270_445.wav,2
/USERSPACE/DATASETS/CodecFake/C2/C2/F02_SSB06060373.wav,2
/USERSPACE/DATASETS/CodecFake/C2/C2/F02_SSB17280307.wav,2
/USERSPACE/DATASETS/CodecFake/C2/C2/F02_p251_266.wav,2
/USERSPACE/DATASETS/CodecFake/C2/C2/F02_p258_267.wav,2
/USERSPACE/DATASETS/CodecFake/C2/C2/F02_p329_290.wav,2
/USERSPACE/DATASETS/CodecFake/C2/C2/F02_SSB11250024.wav,2
/USERSPACE/DATASETS/CodecFake/C2/C2/F02_SSB12740359.wav,2
/USERSPACE/DATASETS/CodecFake/C2/C2/F02_p314_252.wav,2
/USERSPACE/DATASETS/CodecFake/C2/C2/F02_SSB01450342.wav,2
/USERSPACE/DATASETS/CodecFake/C2/C2/F02_SSB05780181.wav,2
/USERSPACE/DATASETS/CodecFake/C2/C2/F02_SSB15670233.wav,2
/USERSPACE/DATASETS/CodecFake/C2/C2/F02_SSB05780019.wav,2
/USERSPACE/DATASETS/CodecFake/C2/C2/F02_SSB05650420.wav,2
/USERSPACE/DATASETS/CodecFake/C2/C2/F02_p351_130.wav,2
/USERSPACE/DATASETS/CodecFake/C2/C2/F02_p277_452.wav,2
/USERSPACE/DATASETS/CodecFake/C2/C2/F02_SSB00570015.wav,2
/USERSPACE/DATASETS/CodecFake/C2/C2/F02_SSB02410015.wav,2
/USERSPACE/DATASETS/CodecFake/C2/C2/F02_SSB05350365.wav,2
/USERSPACE/DATASETS/CodecFake/C2/C2/F02_SSB15670244.wav,2
/USERSPACE/DATASETS/CodecFake/C2/C2/F02_SSB10910468.wav,2
/USERSPACE/DATASETS/CodecFake/C2/C2/F02_SSB05880277.wav,2
/USERSPACE/DATASETS/CodecFake/C2/C2/F02_SSB18630221.wav,2
/USERSPACE/DATASETS/CodecFake/C2/C2/F02_SSB10640298.wav,2
/USERSPACE/DATASETS/CodecFake/C2/C2/F02_SSB06320243.wav,2
/USERSPACE/DATASETS/CodecFake/C2/C2/F02_SSB00180444.wav,2
/USERSPACE/DATASETS/CodecFake/C2/C2/F02_SSB19350224.wav,2
/USERSPACE/DATASETS/CodecFake/C2/C2/F02_SSB18370023.wav,2
/USERSPACE/DATASETS/CodecFake/C2/C2/F02_SSB03750096.wav,2
/USERSPACE/DATASETS/CodecFake/C2/C2/F02_SSB05390081.wav,2
/USERSPACE/DATASETS/CodecFake/C2/C2/F02_SSB07100376.wav,2
/USERSPACE/DATASETS/CodecFake/C2/C2/F02_SSB16990155.wav,2
/USERSPACE/DATASETS/CodecFake/C2/C2/F02_SSB16070359.wav,2
/USERSPACE/DATASETS/CodecFake/C2/C2/F02_SSB06140449.wav,2
/USERSPACE/DATASETS/CodecFake/C2/C2/F02_SSB16860371.wav,2
/USERSPACE/DATASETS/CodecFake/C2/C2/F02_p255_240.wav,2
/USERSPACE/DATASETS/CodecFake/C2/C2/F02_p298_398.wav,2
/USERSPACE/DATASETS/CodecFake/C2/C2/F02_p310_069.wav,2
/USERSPACE/DATASETS/CodecFake/C2/C2/F02_SSB15630232.wav,2
/USERSPACE/DATASETS/CodecFake/C2/C2/F02_SSB03070418.wav,2
/USERSPACE/DATASETS/CodecFake/C2/C2/F02_SSB08510375.wav,2
/USERSPACE/DATASETS/CodecFake/C2/C2/F02_SSB11610368.wav,2
/USERSPACE/DATASETS/CodecFake/C2/C2/F02_SSB14480121.wav,2
/USERSPACE/DATASETS/CodecFake/C2/C2/F02_SSB10200282.wav,2
/USERSPACE/DATASETS/CodecFake/C2/C2/F02_SSB13220261.wav,2
/USERSPACE/DATASETS/CodecFake/C2/C2/F02_SSB03940145.wav,2
/USERSPACE/DATASETS/CodecFake/C2/C2/F02_SSB01930012.wav,2
/USERSPACE/DATASETS/CodecFake/C2/C2/F02_SSB09870423.wav,2
/USERSPACE/DATASETS/CodecFake/C2/C2/F02_p323_205.wav,2
/USERSPACE/DATASETS/CodecFake/C2/C2/F02_SSB05900057.wav,2
/USERSPACE/DATASETS/CodecFake/C2/C2/F02_p271_400.wav,2
/USERSPACE/DATASETS/CodecFake/C2/C2/F02_p361_341.wav,2
/USERSPACE/DATASETS/CodecFake/C2/C2/F02_SSB04150298.wav,2
/USERSPACE/DATASETS/CodecFake/C2/C2/F02_p253_301.wav,2
/USERSPACE/DATASETS/CodecFake/C2/C2/F02_SSB07160132.wav,2
/USERSPACE/DATASETS/CodecFake/C2/C2/F02_p284_052.wav,2
/USERSPACE/DATASETS/CodecFake/C2/C2/F02_SSB07360344.wav,2
/USERSPACE/DATASETS/CodecFake/C2/C2/F02_SSB03410483.wav,2
/USERSPACE/DATASETS/CodecFake/C2/C2/F02_p341_134.wav,2
/USERSPACE/DATASETS/CodecFake/C2/C2/F02_SSB05900174.wav,2
/USERSPACE/DATASETS/CodecFake/C2/C2/F02_SSB09930366.wav,2
/USERSPACE/DATASETS/CodecFake/C2/C2/F02_SSB10960066.wav,2
/USERSPACE/DATASETS/CodecFake/C2/C2/F02_p360_273.wav,2
/USERSPACE/DATASETS/CodecFake/C2/C2/F02_SSB18280480.wav,2
/USERSPACE/DATASETS/CodecFake/C2/C2/F02_p305_083.wav,2
/USERSPACE/DATASETS/CodecFake/C2/C2/F02_p294_325.wav,2
/USERSPACE/DATASETS/CodecFake/C2/C2/F02_SSB00730124.wav,2
/USERSPACE/DATASETS/CodecFake/C2/C2/F02_SSB13400322.wav,2
/USERSPACE/DATASETS/CodecFake/C2/C2/F02_SSB05990264.wav,2
/USERSPACE/DATASETS/CodecFake/C2/C2/F02_SSB07940489.wav,2
/USERSPACE/DATASETS/CodecFake/C2/C2/F02_SSB16860137.wav,2
/USERSPACE/DATASETS/CodecFake/C2/C2/F02_SSB18910221.wav,2
/USERSPACE/DATASETS/CodecFake/C2/C2/F02_p304_087.wav,2
/USERSPACE/DATASETS/CodecFake/C2/C2/F02_SSB07230467.wav,2
/USERSPACE/DATASETS/CodecFake/C2/C2/F02_SSB04700355.wav,2
/USERSPACE/DATASETS/CodecFake/C2/C2/F02_SSB16250479.wav,2
/USERSPACE/DATASETS/CodecFake/C2/C2/F02_SSB02990317.wav,2
/USERSPACE/DATASETS/CodecFake/C2/C2/F02_p227_184.wav,2
/USERSPACE/DATASETS/CodecFake/C2/C2/F02_SSB02000111.wav,2
/USERSPACE/DATASETS/CodecFake/C2/C2/F02_SSB06680248.wav,2
/USERSPACE/DATASETS/CodecFake/C2/C2/F02_SSB02610452.wav,2
/USERSPACE/DATASETS/CodecFake/C2/C2/F02_SSB18090120.wav,2
/USERSPACE/DATASETS/CodecFake/C2/C2/F02_SSB12740312.wav,2
/USERSPACE/DATASETS/CodecFake/C2/C2/F02_p304_050.wav,2
/USERSPACE/DATASETS/CodecFake/C2/C2/F02_SSB02990115.wav,2
/USERSPACE/DATASETS/CodecFake/C2/C2/F02_SSB00430251.wav,2
/USERSPACE/DATASETS/CodecFake/C2/C2/F02_SSB19350449.wav,2
/USERSPACE/DATASETS/CodecFake/C2/C2/F02_SSB13220188.wav,2
/USERSPACE/DATASETS/CodecFake/C2/C2/F02_p244_212.wav,2
/USERSPACE/DATASETS/CodecFake/C2/C2/F02_p304_166.wav,2
/USERSPACE/DATASETS/CodecFake/C2/C2/F02_p287_359.wav,2
/USERSPACE/DATASETS/CodecFake/C2/C2/F02_p301_056.wav,2
/USERSPACE/DATASETS/CodecFake/C2/C2/F02_SSB03820130.wav,2
/USERSPACE/DATASETS/CodecFake/C2/C2/F02_SSB03820478.wav,2
/USERSPACE/DATASETS/CodecFake/C2/C2/F02_SSB07230429.wav,2
/USERSPACE/DATASETS/CodecFake/C2/C2/F02_SSB07200385.wav,2
/USERSPACE/DATASETS/CodecFake/C2/C2/F02_SSB11870431.wav,2
/USERSPACE/DATASETS/CodecFake/C2/C2/F02_SSB06680412.wav,2
/USERSPACE/DATASETS/CodecFake/C2/C2/F02_SSB03820360.wav,2
/USERSPACE/DATASETS/CodecFake/C2/C2/F02_p255_268.wav,2
/USERSPACE/DATASETS/CodecFake/C2/C2/F02_SSB09870263.wav,2
/USERSPACE/DATASETS/CodecFake/C2/C2/F02_p263_193.wav,2
/USERSPACE/DATASETS/CodecFake/C2/C2/F02_SSB11000201.wav,2
/USERSPACE/DATASETS/CodecFake/C2/C2/F02_SSB07230398.wav,2
/USERSPACE/DATASETS/CodecFake/C2/C2/F02_p334_134.wav,2
/USERSPACE/DATASETS/CodecFake/C2/C2/F02_p275_119.wav,2
/USERSPACE/DATASETS/CodecFake/C2/C2/F02_p238_351.wav,2
/USERSPACE/DATASETS/CodecFake/C2/C2/F02_p299_245.wav,2
/USERSPACE/DATASETS/CodecFake/C2/C2/F02_SSB17390331.wav,2
/USERSPACE/DATASETS/CodecFake/C2/C2/F02_SSB13920032.wav,2
/USERSPACE/DATASETS/CodecFake/C2/C2/F02_SSB08710289.wav,2
/USERSPACE/DATASETS/CodecFake/C2/C2/F02_SSB11150327.wav,2
/USERSPACE/DATASETS/CodecFake/C2/C2/F02_p363_333.wav,2
/USERSPACE/DATASETS/CodecFake/C2/C2/F02_SSB00800069.wav,2
/USERSPACE/DATASETS/CodecFake/C2/C2/F02_SSB09870093.wav,2
/USERSPACE/DATASETS/CodecFake/C2/C2/F02_SSB18780297.wav,2
/USERSPACE/DATASETS/CodecFake/C2/C2/F02_SSB10720500.wav,2
/USERSPACE/DATASETS/CodecFake/C2/C2/F02_SSB06090434.wav,2
/USERSPACE/DATASETS/CodecFake/C2/C2/F02_p313_243.wav,2
/USERSPACE/DATASETS/CodecFake/C2/C2/F02_SSB15930226.wav,2
/USERSPACE/DATASETS/CodecFake/C2/C2/F02_SSB04340283.wav,2
/USERSPACE/DATASETS/CodecFake/C2/C2/F02_p244_350.wav,2
/USERSPACE/DATASETS/CodecFake/C2/C2/F02_p287_167.wav,2
/USERSPACE/DATASETS/CodecFake/C2/C2/F02_p288_015.wav,2
/USERSPACE/DATASETS/CodecFake/C2/C2/F02_SSB00180150.wav,2
/USERSPACE/DATASETS/CodecFake/C2/C2/F02_SSB07000416.wav,2
/USERSPACE/DATASETS/CodecFake/C2/C2/F02_p287_150.wav,2
/USERSPACE/DATASETS/CodecFake/C2/C2/F02_p250_252.wav,2
/USERSPACE/DATASETS/CodecFake/C2/C2/F02_SSB16990085.wav,2
/USERSPACE/DATASETS/CodecFake/C2/C2/F02_SSB11760247.wav,2
/USERSPACE/DATASETS/CodecFake/C2/C2/F02_SSB18060110.wav,2
/USERSPACE/DATASETS/CodecFake/C2/C2/F02_SSB02870142.wav,2
/USERSPACE/DATASETS/CodecFake/C2/C2/F02_p286_320.wav,2
/USERSPACE/DATASETS/CodecFake/C2/C2/F02_p240_215.wav,2
/USERSPACE/DATASETS/CodecFake/C2/C2/F02_SSB07170084.wav,2
/USERSPACE/DATASETS/CodecFake/C2/C2/F02_SSB00050247.wav,2
/USERSPACE/DATASETS/CodecFake/C2/C2/F02_p314_120.wav,2
/USERSPACE/DATASETS/CodecFake/C2/C2/F02_SSB13280081.wav,2
/USERSPACE/DATASETS/CodecFake/C2/C2/F02_p361_174.wav,2
/USERSPACE/DATASETS/CodecFake/C2/C2/F02_SSB00160156.wav,2
/USERSPACE/DATASETS/CodecFake/C2/C2/F02_SSB00730236.wav,2
/USERSPACE/DATASETS/CodecFake/C2/C2/F02_p284_274.wav,2
/USERSPACE/DATASETS/CodecFake/C2/C2/F02_p330_112.wav,2
/USERSPACE/DATASETS/CodecFake/C2/C2/F02_p231_137.wav,2
/USERSPACE/DATASETS/CodecFake/C2/C2/F02_p311_179.wav,2
/USERSPACE/DATASETS/CodecFake/C2/C2/F02_p361_118.wav,2
/USERSPACE/DATASETS/CodecFake/C2/C2/F02_SSB07200252.wav,2
/USERSPACE/DATASETS/CodecFake/C2/C2/F02_SSB00180361.wav,2
/USERSPACE/DATASETS/CodecFake/C2/C2/F02_SSB11080233.wav,2
/USERSPACE/DATASETS/CodecFake/C2/C2/F02_p301_028.wav,2
/USERSPACE/DATASETS/CodecFake/C2/C2/F02_p247_164.wav,2
/USERSPACE/DATASETS/CodecFake/C2/C2/F02_p292_127.wav,2
/USERSPACE/DATASETS/CodecFake/C2/C2/F02_SSB00430410.wav,2
/USERSPACE/DATASETS/CodecFake/C2/C2/F02_SSB07360492.wav,2
/USERSPACE/DATASETS/CodecFake/C2/C2/F02_p363_381.wav,2
/USERSPACE/DATASETS/CodecFake/C2/C2/F02_SSB06140040.wav,2
/USERSPACE/DATASETS/CodecFake/C2/C2/F02_p271_070.wav,2
/USERSPACE/DATASETS/CodecFake/C2/C2/F02_SSB06660182.wav,2
/USERSPACE/DATASETS/CodecFake/C2/C2/F02_SSB01930306.wav,2
/USERSPACE/DATASETS/CodecFake/C2/C2/F02_SSB02670302.wav,2
/USERSPACE/DATASETS/CodecFake/C2/C2/F02_p293_033.wav,2
/USERSPACE/DATASETS/CodecFake/C2/C2/F02_p285_192.wav,2
/USERSPACE/DATASETS/CodecFake/C2/C2/F02_SSB02870201.wav,2
/USERSPACE/DATASETS/CodecFake/C2/C2/F02_SSB10960177.wav,2
/USERSPACE/DATASETS/CodecFake/C2/C2/F02_SSB10200228.wav,2
/USERSPACE/DATASETS/CodecFake/C2/C2/F02_SSB03150419.wav,2
/USERSPACE/DATASETS/CodecFake/C2/C2/F02_SSB11870394.wav,2
/USERSPACE/DATASETS/CodecFake/C2/C2/F02_p271_098.wav,2
/USERSPACE/DATASETS/CodecFake/C2/C2/F02_p376_166.wav,2
/USERSPACE/DATASETS/CodecFake/C2/C2/F02_SSB06090157.wav,2
/USERSPACE/DATASETS/CodecFake/C2/C2/F02_SSB06070069.wav,2
/USERSPACE/DATASETS/CodecFake/C2/C2/F02_p263_134.wav,2
/USERSPACE/DATASETS/CodecFake/C2/C2/F02_SSB09660366.wav,2
/USERSPACE/DATASETS/CodecFake/C2/C2/F02_SSB10640381.wav,2
/USERSPACE/DATASETS/CodecFake/C2/C2/F02_p233_080.wav,2
/USERSPACE/DATASETS/CodecFake/C2/C2/F02_p244_172.wav,2
/USERSPACE/DATASETS/CodecFake/C2/C2/F02_SSB07580239.wav,2
/USERSPACE/DATASETS/CodecFake/C2/C2/F02_p362_083.wav,2
/USERSPACE/DATASETS/CodecFake/C2/C2/F02_SSB04340316.wav,2
/USERSPACE/DATASETS/CodecFake/C2/C2/F02_SSB06710060.wav,2
/USERSPACE/DATASETS/CodecFake/C2/C2/F02_SSB17390121.wav,2
/USERSPACE/DATASETS/CodecFake/C2/C2/F02_SSB07480247.wav,2
/USERSPACE/DATASETS/CodecFake/C2/C2/F02_SSB09150184.wav,2
/USERSPACE/DATASETS/CodecFake/C2/C2/F02_SSB12150278.wav,2
/USERSPACE/DATASETS/CodecFake/C2/C2/F02_p339_373.wav,2
/USERSPACE/DATASETS/CodecFake/C2/C2/F02_p239_436.wav,2
/USERSPACE/DATASETS/CodecFake/C2/C2/F02_SSB10200028.wav,2
/USERSPACE/DATASETS/CodecFake/C2/C2/F02_SSB09930279.wav,2
/USERSPACE/DATASETS/CodecFake/C2/C2/F02_SSB17110120.wav,2
/USERSPACE/DATASETS/CodecFake/C2/C2/F02_p333_079.wav,2
/USERSPACE/DATASETS/CodecFake/C2/C2/F02_SSB15930083.wav,2
/USERSPACE/DATASETS/CodecFake/C2/C2/F02_p351_069.wav,2
/USERSPACE/DATASETS/CodecFake/C2/C2/F02_p262_038.wav,2
/USERSPACE/DATASETS/CodecFake/C2/C2/F02_SSB03420212.wav,2
/USERSPACE/DATASETS/CodecFake/C2/C2/F02_p310_135.wav,2
/USERSPACE/DATASETS/CodecFake/C2/C2/F02_SSB07460394.wav,2
/USERSPACE/DATASETS/CodecFake/C2/C2/F02_SSB00430102.wav,2
/USERSPACE/DATASETS/CodecFake/C2/C2/F02_SSB05020299.wav,2
/USERSPACE/DATASETS/CodecFake/C2/C2/F02_SSB14080326.wav,2
/USERSPACE/DATASETS/CodecFake/C2/C2/F02_SSB07780010.wav,2
/USERSPACE/DATASETS/CodecFake/C2/C2/F02_SSB18630438.wav,2
/USERSPACE/DATASETS/CodecFake/C2/C2/F02_p364_019.wav,2
/USERSPACE/DATASETS/CodecFake/C2/C2/F02_SSB18320347.wav,2
/USERSPACE/DATASETS/CodecFake/C2/C2/F02_p301_005.wav,2
/USERSPACE/DATASETS/CodecFake/C2/C2/F02_SSB00160054.wav,2
/USERSPACE/DATASETS/CodecFake/C2/C2/F02_p334_074.wav,2
/USERSPACE/DATASETS/CodecFake/C2/C2/F02_SSB15630393.wav,2
/USERSPACE/DATASETS/CodecFake/C2/C2/F02_SSB02990096.wav,2
/USERSPACE/DATASETS/CodecFake/C2/C2/F02_SSB14080380.wav,2
/USERSPACE/DATASETS/CodecFake/C2/C2/F02_SSB15550372.wav,2
/USERSPACE/DATASETS/CodecFake/C2/C2/F02_SSB06680235.wav,2
/USERSPACE/DATASETS/CodecFake/C2/C2/F02_p255_335.wav,2
/USERSPACE/DATASETS/CodecFake/C2/C2/F02_SSB10720327.wav,2
/USERSPACE/DATASETS/CodecFake/C2/C2/F02_p307_183.wav,2
/USERSPACE/DATASETS/CodecFake/C2/C2/F02_SSB02610203.wav,2
/USERSPACE/DATASETS/CodecFake/C2/C2/F02_SSB06660152.wav,2
/USERSPACE/DATASETS/CodecFake/C2/C2/F02_p266_218.wav,2
/USERSPACE/DATASETS/CodecFake/C2/C2/F02_p293_148.wav,2
/USERSPACE/DATASETS/CodecFake/C2/C2/F02_p230_033.wav,2
/USERSPACE/DATASETS/CodecFake/C2/C2/F02_p256_189.wav,2
/USERSPACE/DATASETS/CodecFake/C2/C2/F02_p333_197.wav,2
/USERSPACE/DATASETS/CodecFake/C2/C2/F02_SSB11150269.wav,2
/USERSPACE/DATASETS/CodecFake/C2/C2/F02_p286_325.wav,2
/USERSPACE/DATASETS/CodecFake/C2/C2/F02_SSB06030385.wav,2
/USERSPACE/DATASETS/CodecFake/C2/C2/F02_p283_346.wav,2
/USERSPACE/DATASETS/CodecFake/C2/C2/F02_SSB07360297.wav,2
/USERSPACE/DATASETS/CodecFake/C2/C2/F02_SSB12030264.wav,2
/USERSPACE/DATASETS/CodecFake/C2/C2/F02_p300_284.wav,2
/USERSPACE/DATASETS/CodecFake/C2/C2/F02_p311_161.wav,2
/USERSPACE/DATASETS/CodecFake/C2/C2/F02_SSB08510505.wav,2
/USERSPACE/DATASETS/CodecFake/C2/C2/F02_SSB01220433.wav,2
/USERSPACE/DATASETS/CodecFake/C2/C2/F02_SSB11260148.wav,2
/USERSPACE/DATASETS/CodecFake/C2/C2/F02_SSB07170384.wav,2
/USERSPACE/DATASETS/CodecFake/C2/C2/F02_SSB03150271.wav,2
/USERSPACE/DATASETS/CodecFake/C2/C2/F02_p311_379.wav,2
/USERSPACE/DATASETS/CodecFake/C2/C2/F02_SSB11610166.wav,2
/USERSPACE/DATASETS/CodecFake/C2/C2/F02_SSB09190162.wav,2
/USERSPACE/DATASETS/CodecFake/C2/C2/F02_SSB03940026.wav,2
/USERSPACE/DATASETS/CodecFake/C2/C2/F02_SSB10560360.wav,2
/USERSPACE/DATASETS/CodecFake/C2/C2/F02_SSB18320202.wav,2
/USERSPACE/DATASETS/CodecFake/C2/C2/F02_p285_351.wav,2
/USERSPACE/DATASETS/CodecFake/C2/C2/F02_p303_170.wav,2
/USERSPACE/DATASETS/CodecFake/C2/C2/F02_SSB14480014.wav,2
/USERSPACE/DATASETS/CodecFake/C2/C2/F02_p274_077.wav,2
/USERSPACE/DATASETS/CodecFake/C2/C2/F02_p243_185.wav,2
/USERSPACE/DATASETS/CodecFake/C2/C2/F02_SSB03750259.wav,2
/USERSPACE/DATASETS/CodecFake/C2/C2/F02_SSB03660320.wav,2
/USERSPACE/DATASETS/CodecFake/C2/C2/F02_SSB15930194.wav,2
/USERSPACE/DATASETS/CodecFake/C2/C2/F02_p341_014.wav,2
/USERSPACE/DATASETS/CodecFake/C2/C2/F02_SSB02670178.wav,2
/USERSPACE/DATASETS/CodecFake/C2/C2/F02_SSB06230045.wav,2
/USERSPACE/DATASETS/CodecFake/C2/C2/F02_SSB19180356.wav,2
/USERSPACE/DATASETS/CodecFake/C2/C2/F02_p262_103.wav,2
/USERSPACE/DATASETS/CodecFake/C2/C2/F02_p295_413.wav,2
/USERSPACE/DATASETS/CodecFake/C2/C2/F02_SSB07020050.wav,2
/USERSPACE/DATASETS/CodecFake/C2/C2/F02_SSB12040093.wav,2
/USERSPACE/DATASETS/CodecFake/C2/C2/F02_SSB00800251.wav,2
/USERSPACE/DATASETS/CodecFake/C2/C2/F02_p287_007.wav,2
/USERSPACE/DATASETS/CodecFake/C2/C2/F02_SSB07800311.wav,2
/USERSPACE/DATASETS/CodecFake/C2/C2/F02_p234_190.wav,2
/USERSPACE/DATASETS/CodecFake/C2/C2/F02_SSB18320309.wav,2
/USERSPACE/DATASETS/CodecFake/C2/C2/F02_p249_022.wav,2
/USERSPACE/DATASETS/CodecFake/C2/C2/F02_SSB07780064.wav,2
/USERSPACE/DATASETS/CodecFake/C2/C2/F02_SSB10720387.wav,2
/USERSPACE/DATASETS/CodecFake/C2/C2/F02_p239_126.wav,2
/USERSPACE/DATASETS/CodecFake/C2/C2/F02_p239_389.wav,2
/USERSPACE/DATASETS/CodecFake/C2/C2/F02_SSB10550490.wav,2
/USERSPACE/DATASETS/CodecFake/C2/C2/F02_SSB11000474.wav,2
/USERSPACE/DATASETS/CodecFake/C2/C2/F02_SSB00330081.wav,2
/USERSPACE/DATASETS/CodecFake/C2/C2/F02_p305_021.wav,2
/USERSPACE/DATASETS/CodecFake/C2/C2/F02_SSB03410183.wav,2
/USERSPACE/DATASETS/CodecFake/C2/C2/F02_SSB16500225.wav,2
/USERSPACE/DATASETS/CodecFake/C2/C2/F02_SSB18100098.wav,2
/USERSPACE/DATASETS/CodecFake/C2/C2/F02_SSB12210093.wav,2
/USERSPACE/DATASETS/CodecFake/C2/C2/F02_SSB14480452.wav,2
/USERSPACE/DATASETS/CodecFake/C2/C2/F02_SSB02410433.wav,2
/USERSPACE/DATASETS/CodecFake/C2/C2/F02_SSB18100486.wav,2
/USERSPACE/DATASETS/CodecFake/C2/C2/F02_SSB19350131.wav,2
/USERSPACE/DATASETS/CodecFake/C2/C2/F02_SSB07110368.wav,2
/USERSPACE/DATASETS/CodecFake/C2/C2/F02_p310_113.wav,2
/USERSPACE/DATASETS/CodecFake/C2/C2/F02_SSB16250076.wav,2
/USERSPACE/DATASETS/CodecFake/C2/C2/F02_SSB13650253.wav,2
/USERSPACE/DATASETS/CodecFake/C2/C2/F02_p238_091.wav,2
/USERSPACE/DATASETS/CodecFake/C2/C2/F02_SSB02880150.wav,2
/USERSPACE/DATASETS/CodecFake/C2/C2/F02_SSB03150127.wav,2
/USERSPACE/DATASETS/CodecFake/C2/C2/F02_p308_415.wav,2
/USERSPACE/DATASETS/CodecFake/C2/C2/F02_SSB15930238.wav,2
/USERSPACE/DATASETS/CodecFake/C2/C2/F02_SSB06680471.wav,2
/USERSPACE/DATASETS/CodecFake/C2/C2/F02_SSB11000417.wav,2
/USERSPACE/DATASETS/CodecFake/C2/C2/F02_SSB03160392.wav,2
/USERSPACE/DATASETS/CodecFake/C2/C2/F02_SSB13280114.wav,2
/USERSPACE/DATASETS/CodecFake/C2/C2/F02_SSB06930454.wav,2
/USERSPACE/DATASETS/CodecFake/C2/C2/F02_p234_277.wav,2
/USERSPACE/DATASETS/CodecFake/C2/C2/F02_SSB13410080.wav,2
/USERSPACE/DATASETS/CodecFake/C2/C2/F02_SSB09870294.wav,2
/USERSPACE/DATASETS/CodecFake/C2/C2/F02_SSB15930493.wav,2
/USERSPACE/DATASETS/CodecFake/C2/C2/F02_SSB11350397.wav,2
/USERSPACE/DATASETS/CodecFake/C2/C2/F02_SSB06310126.wav,2
/USERSPACE/DATASETS/CodecFake/C2/C2/F02_SSB06290472.wav,2
/USERSPACE/DATASETS/CodecFake/C2/C2/F02_SSB13410367.wav,2
/USERSPACE/DATASETS/CodecFake/C2/C2/F02_SSB07600371.wav,2
/USERSPACE/DATASETS/CodecFake/C2/C2/F02_SSB03090090.wav,2
/USERSPACE/DATASETS/CodecFake/C2/C2/F02_SSB09660168.wav,2
/USERSPACE/DATASETS/CodecFake/C2/C2/F02_p363_311.wav,2
/USERSPACE/DATASETS/CodecFake/C2/C2/F02_SSB18280450.wav,2
/USERSPACE/DATASETS/CodecFake/C2/C2/F02_SSB03540248.wav,2
/USERSPACE/DATASETS/CodecFake/C2/C2/F02_p341_242.wav,2
/USERSPACE/DATASETS/CodecFake/C2/C2/F02_p312_386.wav,2
/USERSPACE/DATASETS/CodecFake/C2/C2/F02_SSB13850058.wav,2
/USERSPACE/DATASETS/CodecFake/C2/C2/F02_p266_232.wav,2
/USERSPACE/DATASETS/CodecFake/C2/C2/F02_SSB05940481.wav,2
/USERSPACE/DATASETS/CodecFake/C2/C2/F02_SSB07860401.wav,2
/USERSPACE/DATASETS/CodecFake/C2/C2/F02_SSB19390140.wav,2
/USERSPACE/DATASETS/CodecFake/C2/C2/F02_p283_291.wav,2
/USERSPACE/DATASETS/CodecFake/C2/C2/F02_SSB02870295.wav,2
/USERSPACE/DATASETS/CodecFake/C2/C2/F02_p281_355.wav,2
/USERSPACE/DATASETS/CodecFake/C2/C2/F02_SSB11260429.wav,2
/USERSPACE/DATASETS/CodecFake/C2/C2/F02_p339_424.wav,2
/USERSPACE/DATASETS/CodecFake/C2/C2/F02_p237_091.wav,2
/USERSPACE/DATASETS/CodecFake/C2/C2/F02_p264_057.wav,2
/USERSPACE/DATASETS/CodecFake/C2/C2/F02_SSB07490260.wav,2
/USERSPACE/DATASETS/CodecFake/C2/C2/F02_SSB14520220.wav,2
/USERSPACE/DATASETS/CodecFake/C2/C2/F02_SSB07170332.wav,2
/USERSPACE/DATASETS/CodecFake/C2/C2/F02_SSB19350019.wav,2
/USERSPACE/DATASETS/CodecFake/C2/C2/F02_SSB08220368.wav,2
/USERSPACE/DATASETS/CodecFake/C2/C2/F02_p308_331.wav,2
/USERSPACE/DATASETS/CodecFake/C2/C2/F02_SSB11310406.wav,2
/USERSPACE/DATASETS/CodecFake/C2/C2/F02_SSB02730404.wav,2
/USERSPACE/DATASETS/CodecFake/C2/C2/F02_SSB12160300.wav,2
/USERSPACE/DATASETS/CodecFake/C2/C2/F02_SSB07000321.wav,2
/USERSPACE/DATASETS/CodecFake/C2/C2/F02_p339_061.wav,2
/USERSPACE/DATASETS/CodecFake/C2/C2/F02_p299_265.wav,2
/USERSPACE/DATASETS/CodecFake/C2/C2/F02_SSB10020383.wav,2
/USERSPACE/DATASETS/CodecFake/C2/C2/F02_p341_034.wav,2
/USERSPACE/DATASETS/CodecFake/C2/C2/F02_SSB18780039.wav,2
/USERSPACE/DATASETS/CodecFake/C2/C2/F02_p263_086.wav,2
/USERSPACE/DATASETS/CodecFake/C2/C2/F02_SSB03410133.wav,2
/USERSPACE/DATASETS/CodecFake/C2/C2/F02_SSB08170044.wav,2
/USERSPACE/DATASETS/CodecFake/C2/C2/F02_SSB06680449.wav,2
/USERSPACE/DATASETS/CodecFake/C2/C2/F02_p360_173.wav,2
/USERSPACE/DATASETS/CodecFake/C2/C2/F02_SSB01930322.wav,2
/USERSPACE/DATASETS/CodecFake/C2/C2/F02_SSB11100486.wav,2
/USERSPACE/DATASETS/CodecFake/C2/C2/F02_p362_034.wav,2
/USERSPACE/DATASETS/CodecFake/C2/C2/F02_p330_226.wav,2
/USERSPACE/DATASETS/CodecFake/C2/C2/F02_p270_455.wav,2
/USERSPACE/DATASETS/CodecFake/C2/C2/F02_SSB13850009.wav,2
/USERSPACE/DATASETS/CodecFake/C2/C2/F02_p318_381.wav,2
/USERSPACE/DATASETS/CodecFake/C2/C2/F02_p232_307.wav,2
/USERSPACE/DATASETS/CodecFake/C2/C2/F02_p343_270.wav,2
/USERSPACE/DATASETS/CodecFake/C2/C2/F02_SSB03800194.wav,2
/USERSPACE/DATASETS/CodecFake/C2/C2/F02_p226_157.wav,2
/USERSPACE/DATASETS/CodecFake/C2/C2/F02_SSB00430112.wav,2
/USERSPACE/DATASETS/CodecFake/C2/C2/F02_p261_454.wav,2
/USERSPACE/DATASETS/CodecFake/C2/C2/F02_p236_373.wav,2
/USERSPACE/DATASETS/CodecFake/C2/C2/F02_p286_389.wav,2
/USERSPACE/DATASETS/CodecFake/C2/C2/F02_SSB07230153.wav,2
/USERSPACE/DATASETS/CodecFake/C2/C2/F02_p241_163.wav,2
/USERSPACE/DATASETS/CodecFake/C2/C2/F02_p255_227.wav,2
/USERSPACE/DATASETS/CodecFake/C2/C2/F02_SSB05700260.wav,2
/USERSPACE/DATASETS/CodecFake/C2/C2/F02_SSB06710232.wav,2
/USERSPACE/DATASETS/CodecFake/C2/C2/F02_SSB11970179.wav,2
/USERSPACE/DATASETS/CodecFake/C2/C2/F02_SSB19560126.wav,2
/USERSPACE/DATASETS/CodecFake/C2/C2/F02_SSB00380228.wav,2
/USERSPACE/DATASETS/CodecFake/C2/C2/F02_p245_074.wav,2
/USERSPACE/DATASETS/CodecFake/C2/C2/F02_SSB02000352.wav,2
/USERSPACE/DATASETS/CodecFake/C2/C2/F02_p376_077.wav,2
/USERSPACE/DATASETS/CodecFake/C2/C2/F02_SSB13280162.wav,2
/USERSPACE/DATASETS/CodecFake/C2/C2/F02_SSB11610281.wav,2
/USERSPACE/DATASETS/CodecFake/C2/C2/F02_SSB15750276.wav,2
/USERSPACE/DATASETS/CodecFake/C2/C2/F02_SSB01490004.wav,2
/USERSPACE/DATASETS/CodecFake/C2/C2/F02_SSB10720036.wav,2
/USERSPACE/DATASETS/CodecFake/C2/C2/F02_p288_225.wav,2
/USERSPACE/DATASETS/CodecFake/C2/C2/F02_p253_279.wav,2
/USERSPACE/DATASETS/CodecFake/C2/C2/F02_p284_229.wav,2
/USERSPACE/DATASETS/CodecFake/C2/C2/F02_SSB06710431.wav,2
/USERSPACE/DATASETS/CodecFake/C2/C2/F02_p268_076.wav,2
/USERSPACE/DATASETS/CodecFake/C2/C2/F02_SSB06310368.wav,2
/USERSPACE/DATASETS/CodecFake/C2/C2/F02_p326_243.wav,2
/USERSPACE/DATASETS/CodecFake/C2/C2/F02_p302_259.wav,2
/USERSPACE/DATASETS/CodecFake/C2/C2/F02_SSB05900020.wav,2
/USERSPACE/DATASETS/CodecFake/C2/C2/F02_SSB03390103.wav,2
/USERSPACE/DATASETS/CodecFake/C2/C2/F02_p282_046.wav,2
/USERSPACE/DATASETS/CodecFake/C2/C2/F02_p260_347.wav,2
/USERSPACE/DATASETS/CodecFake/C2/C2/F02_SSB18060434.wav,2
/USERSPACE/DATASETS/CodecFake/C2/C2/F02_p253_235.wav,2
/USERSPACE/DATASETS/CodecFake/C2/C2/F02_SSB03750254.wav,2
/USERSPACE/DATASETS/CodecFake/C2/C2/F02_SSB06860465.wav,2
/USERSPACE/DATASETS/CodecFake/C2/C2/F02_SSB01930034.wav,2
/USERSPACE/DATASETS/CodecFake/C2/C2/F02_SSB19560319.wav,2
/USERSPACE/DATASETS/CodecFake/C2/C2/F02_SSB05780178.wav,2
/USERSPACE/DATASETS/CodecFake/C2/C2/F02_SSB06710252.wav,2
/USERSPACE/DATASETS/CodecFake/C2/C2/F02_p282_003.wav,2
/USERSPACE/DATASETS/CodecFake/C2/C2/F02_SSB03750441.wav,2
/USERSPACE/DATASETS/CodecFake/C2/C2/F02_p314_211.wav,2
/USERSPACE/DATASETS/CodecFake/C2/C2/F02_p329_008.wav,2
/USERSPACE/DATASETS/CodecFake/C2/C2/F02_p252_297.wav,2
/USERSPACE/DATASETS/CodecFake/C2/C2/F02_SSB10550316.wav,2
/USERSPACE/DATASETS/CodecFake/C2/C2/F02_SSB12040232.wav,2
/USERSPACE/DATASETS/CodecFake/C2/C2/F02_SSB03750243.wav,2
/USERSPACE/DATASETS/CodecFake/C2/C2/F02_p274_056.wav,2
/USERSPACE/DATASETS/CodecFake/C2/C2/F02_SSB06090128.wav,2
/USERSPACE/DATASETS/CodecFake/C2/C2/F02_SSB07600232.wav,2
/USERSPACE/DATASETS/CodecFake/C2/C2/F02_p283_463.wav,2
/USERSPACE/DATASETS/CodecFake/C2/C2/F02_SSB03410313.wav,2
/USERSPACE/DATASETS/CodecFake/C2/C2/F02_p336_339.wav,2
/USERSPACE/DATASETS/CodecFake/C2/C2/F02_SSB05780326.wav,2
/USERSPACE/DATASETS/CodecFake/C2/C2/F02_SSB15750045.wav,2
/USERSPACE/DATASETS/CodecFake/C2/C2/F02_p314_321.wav,2
/USERSPACE/DATASETS/CodecFake/C2/C2/F02_SSB01220132.wav,2
/USERSPACE/DATASETS/CodecFake/C2/C2/F02_p265_092.wav,2
/USERSPACE/DATASETS/CodecFake/C2/C2/F02_SSB01390507.wav,2
/USERSPACE/DATASETS/CodecFake/C2/C2/F02_SSB04820213.wav,2
/USERSPACE/DATASETS/CodecFake/C2/C2/F02_p305_164.wav,2
/USERSPACE/DATASETS/CodecFake/C2/C2/F02_p276_186.wav,2
/USERSPACE/DATASETS/CodecFake/C2/C2/F02_SSB07490240.wav,2
/USERSPACE/DATASETS/CodecFake/C2/C2/F02_SSB03230340.wav,2
/USERSPACE/DATASETS/CodecFake/C2/C2/F02_SSB12180433.wav,2
/USERSPACE/DATASETS/CodecFake/C2/C2/F02_SSB06010479.wav,2
/USERSPACE/DATASETS/CodecFake/C2/C2/F02_p330_064.wav,2
/USERSPACE/DATASETS/CodecFake/C2/C2/F02_p293_185.wav,2
/USERSPACE/DATASETS/CodecFake/C2/C2/F02_p227_281.wav,2
/USERSPACE/DATASETS/CodecFake/C2/C2/F02_SSB09870046.wav,2
/USERSPACE/DATASETS/CodecFake/C2/C2/F02_p279_253.wav,2
/USERSPACE/DATASETS/CodecFake/C2/C2/F02_SSB10200488.wav,2
/USERSPACE/DATASETS/CodecFake/C2/C2/F02_SSB08870464.wav,2
/USERSPACE/DATASETS/CodecFake/C2/C2/F02_p307_024.wav,2
/USERSPACE/DATASETS/CodecFake/C2/C2/F02_p329_097.wav,2
/USERSPACE/DATASETS/CodecFake/C2/C2/F02_p335_334.wav,2
/USERSPACE/DATASETS/CodecFake/C2/C2/F02_SSB02870076.wav,2
/USERSPACE/DATASETS/CodecFake/C2/C2/F02_p280_089.wav,2
/USERSPACE/DATASETS/CodecFake/C2/C2/F02_SSB15850168.wav,2
/USERSPACE/DATASETS/CodecFake/C2/C2/F02_p313_195.wav,2
/USERSPACE/DATASETS/CodecFake/C2/C2/F02_SSB11260468.wav,2
/USERSPACE/DATASETS/CodecFake/C2/C2/F02_SSB07000470.wav,2
/USERSPACE/DATASETS/CodecFake/C2/C2/F02_SSB06860104.wav,2
/USERSPACE/DATASETS/CodecFake/C2/C2/F02_SSB03820377.wav,2
/USERSPACE/DATASETS/CodecFake/C2/C2/F02_SSB06930004.wav,2
/USERSPACE/DATASETS/CodecFake/C2/C2/F02_SSB13650356.wav,2
/USERSPACE/DATASETS/CodecFake/C2/C2/F02_SSB15850078.wav,2
/USERSPACE/DATASETS/CodecFake/C2/C2/F02_p268_326.wav,2
/USERSPACE/DATASETS/CodecFake/C2/C2/F02_SSB06030142.wav,2
/USERSPACE/DATASETS/CodecFake/C2/C2/F02_p301_219.wav,2
/USERSPACE/DATASETS/CodecFake/C2/C2/F02_SSB18060472.wav,2
/USERSPACE/DATASETS/CodecFake/C2/C2/F02_SSB11100147.wav,2
/USERSPACE/DATASETS/CodecFake/C2/C2/F02_SSB05700194.wav,2
/USERSPACE/DATASETS/CodecFake/C2/C2/F02_p339_266.wav,2
/USERSPACE/DATASETS/CodecFake/C2/C2/F02_SSB10550193.wav,2
/USERSPACE/DATASETS/CodecFake/C2/C2/F02_p264_034.wav,2
/USERSPACE/DATASETS/CodecFake/C2/C2/F02_SSB07100323.wav,2
/USERSPACE/DATASETS/CodecFake/C2/C2/F02_SSB19390143.wav,2
/USERSPACE/DATASETS/CodecFake/C2/C2/F02_p292_259.wav,2
/USERSPACE/DATASETS/CodecFake/C2/C2/F02_p306_231.wav,2
/USERSPACE/DATASETS/CodecFake/C2/C2/F02_p285_220.wav,2
/USERSPACE/DATASETS/CodecFake/C2/C2/F02_p285_042.wav,2
/USERSPACE/DATASETS/CodecFake/C2/C2/F02_SSB11350248.wav,2
/USERSPACE/DATASETS/CodecFake/C2/C2/F02_SSB02460362.wav,2
/USERSPACE/DATASETS/CodecFake/C2/C2/F02_SSB06010013.wav,2
/USERSPACE/DATASETS/CodecFake/C2/C2/F02_p363_242.wav,2
/USERSPACE/DATASETS/CodecFake/C2/C2/F02_SSB19350130.wav,2
/USERSPACE/DATASETS/CodecFake/C2/C2/F02_SSB19390354.wav,2
/USERSPACE/DATASETS/CodecFake/C2/C2/F02_p239_157.wav,2
/USERSPACE/DATASETS/CodecFake/C2/C2/F02_p228_313.wav,2
/USERSPACE/DATASETS/CodecFake/C2/C2/F02_SSB16300378.wav,2
/USERSPACE/DATASETS/CodecFake/C2/C2/F02_p269_307.wav,2
/USERSPACE/DATASETS/CodecFake/C2/C2/F02_p305_375.wav,2
/USERSPACE/DATASETS/CodecFake/C2/C2/F02_SSB10500412.wav,2
/USERSPACE/DATASETS/CodecFake/C2/C2/F02_SSB03940031.wav,2
/USERSPACE/DATASETS/CodecFake/C2/C2/F02_SSB12390200.wav,2
/USERSPACE/DATASETS/CodecFake/C2/C2/F02_SSB10240097.wav,2
/USERSPACE/DATASETS/CodecFake/C2/C2/F02_SSB15750303.wav,2
/USERSPACE/DATASETS/CodecFake/C2/C2/F02_p281_013.wav,2
/USERSPACE/DATASETS/CodecFake/C2/C2/F02_SSB17590396.wav,2
/USERSPACE/DATASETS/CodecFake/C2/C2/F02_SSB10960381.wav,2
/USERSPACE/DATASETS/CodecFake/C2/C2/F02_SSB06010453.wav,2
/USERSPACE/DATASETS/CodecFake/C2/C2/F02_SSB06070446.wav,2
/USERSPACE/DATASETS/CodecFake/C2/C2/F02_SSB07840441.wav,2
/USERSPACE/DATASETS/CodecFake/C2/C2/F02_p362_151.wav,2
/USERSPACE/DATASETS/CodecFake/C2/C2/F02_SSB17820210.wav,2
/USERSPACE/DATASETS/CodecFake/C2/C2/F02_p303_307.wav,2
/USERSPACE/DATASETS/CodecFake/C2/C2/F02_SSB18370255.wav,2
/USERSPACE/DATASETS/CodecFake/C2/C2/F02_SSB15930148.wav,2
/USERSPACE/DATASETS/CodecFake/C2/C2/F02_SSB15630002.wav,2
/USERSPACE/DATASETS/CodecFake/C2/C2/F02_p247_388.wav,2
/USERSPACE/DATASETS/CodecFake/C2/C2/F02_SSB14570300.wav,2
/USERSPACE/DATASETS/CodecFake/C2/C2/F02_SSB19560276.wav,2
/USERSPACE/DATASETS/CodecFake/C2/C2/F02_SSB14310054.wav,2
/USERSPACE/DATASETS/CodecFake/C2/C2/F02_SSB03390280.wav,2
/USERSPACE/DATASETS/CodecFake/C2/C2/F02_SSB08710435.wav,2
/USERSPACE/DATASETS/CodecFake/C2/C2/F02_SSB07230173.wav,2
/USERSPACE/DATASETS/CodecFake/C2/C2/F02_SSB05650025.wav,2
/USERSPACE/DATASETS/CodecFake/C2/C2/F02_SSB18320250.wav,2
/USERSPACE/DATASETS/CodecFake/C2/C2/F02_SSB12390175.wav,2
/USERSPACE/DATASETS/CodecFake/C2/C2/F02_SSB11610180.wav,2
/USERSPACE/DATASETS/CodecFake/C2/C2/F02_SSB10550349.wav,2
/USERSPACE/DATASETS/CodecFake/C2/C2/F02_p297_195.wav,2
/USERSPACE/DATASETS/CodecFake/C2/C2/F02_SSB03410084.wav,2
/USERSPACE/DATASETS/CodecFake/C2/C2/F02_SSB03090347.wav,2
/USERSPACE/DATASETS/CodecFake/C2/C2/F02_p272_396.wav,2
/USERSPACE/DATASETS/CodecFake/C2/C2/F02_SSB13650154.wav,2
/USERSPACE/DATASETS/CodecFake/C2/C2/F02_SSB06680094.wav,2
/USERSPACE/DATASETS/CodecFake/C2/C2/F02_p363_114.wav,2
/USERSPACE/DATASETS/CodecFake/C2/C2/F02_SSB06060224.wav,2
/USERSPACE/DATASETS/CodecFake/C2/C2/F02_SSB01450248.wav,2
/USERSPACE/DATASETS/CodecFake/C2/C2/F02_p329_233.wav,2
/USERSPACE/DATASETS/CodecFake/C2/C2/F02_SSB00570221.wav,2
/USERSPACE/DATASETS/CodecFake/C2/C2/F02_SSB07000428.wav,2
/USERSPACE/DATASETS/CodecFake/C2/C2/F02_SSB08510329.wav,2
/USERSPACE/DATASETS/CodecFake/C2/C2/F02_SSB07460433.wav,2
/USERSPACE/DATASETS/CodecFake/C2/C2/F02_SSB18780003.wav,2
/USERSPACE/DATASETS/CodecFake/C2/C2/F02_p315_128.wav,2
/USERSPACE/DATASETS/CodecFake/C2/C2/F02_SSB09350362.wav,2
/USERSPACE/DATASETS/CodecFake/C2/C2/F02_p300_170.wav,2
/USERSPACE/DATASETS/CodecFake/C2/C2/F02_SSB10720297.wav,2
/USERSPACE/DATASETS/CodecFake/C2/C2/F02_SSB07370469.wav,2
/USERSPACE/DATASETS/CodecFake/C2/C2/F02_p277_174.wav,2
/USERSPACE/DATASETS/CodecFake/C2/C2/F02_SSB19390089.wav,2
/USERSPACE/DATASETS/CodecFake/C2/C2/F02_SSB03850213.wav,2
/USERSPACE/DATASETS/CodecFake/C2/C2/F02_p282_174.wav,2
/USERSPACE/DATASETS/CodecFake/C2/C2/F02_p295_327.wav,2
/USERSPACE/DATASETS/CodecFake/C2/C2/F02_p254_247.wav,2
/USERSPACE/DATASETS/CodecFake/C2/C2/F02_p329_313.wav,2
/USERSPACE/DATASETS/CodecFake/C2/C2/F02_SSB04820309.wav,2
/USERSPACE/DATASETS/CodecFake/C2/C2/F02_p238_099.wav,2
/USERSPACE/DATASETS/CodecFake/C2/C2/F02_SSB03090006.wav,2
/USERSPACE/DATASETS/CodecFake/C2/C2/F02_SSB16860161.wav,2
/USERSPACE/DATASETS/CodecFake/C2/C2/F02_p269_369.wav,2
/USERSPACE/DATASETS/CodecFake/C2/C2/F02_SSB07620100.wav,2
/USERSPACE/DATASETS/CodecFake/C2/C2/F02_SSB10550429.wav,2
/USERSPACE/DATASETS/CodecFake/C2/C2/F02_SSB05020164.wav,2
/USERSPACE/DATASETS/CodecFake/C2/C2/F02_SSB02990429.wav,2
/USERSPACE/DATASETS/CodecFake/C2/C2/F02_SSB06930271.wav,2
/USERSPACE/DATASETS/CodecFake/C2/C2/F02_p313_422.wav,2
/USERSPACE/DATASETS/CodecFake/C2/C2/F02_SSB04700101.wav,2
/USERSPACE/DATASETS/CodecFake/C2/C2/F02_p259_466.wav,2
/USERSPACE/DATASETS/CodecFake/C2/C2/F02_p276_243.wav,2
/USERSPACE/DATASETS/CodecFake/C2/C2/F02_p258_273.wav,2
/USERSPACE/DATASETS/CodecFake/C2/C2/F02_SSB09660172.wav,2
/USERSPACE/DATASETS/CodecFake/C2/C2/F02_SSB09350327.wav,2
/USERSPACE/DATASETS/CodecFake/C2/C2/F02_SSB05900144.wav,2
/USERSPACE/DATASETS/CodecFake/C2/C2/F02_SSB07510248.wav,2
/USERSPACE/DATASETS/CodecFake/C2/C2/F02_SSB02610189.wav,2
/USERSPACE/DATASETS/CodecFake/C2/C2/F02_SSB02000404.wav,2
/USERSPACE/DATASETS/CodecFake/C2/C2/F02_SSB19560035.wav,2
/USERSPACE/DATASETS/CodecFake/C2/C2/F02_p281_326.wav,2
/USERSPACE/DATASETS/CodecFake/C2/C2/F02_SSB12390372.wav,2
/USERSPACE/DATASETS/CodecFake/C2/C2/F02_SSB03160059.wav,2
/USERSPACE/DATASETS/CodecFake/C2/C2/F02_SSB18720044.wav,2
/USERSPACE/DATASETS/CodecFake/C2/C2/F02_p341_340.wav,2
/USERSPACE/DATASETS/CodecFake/C2/C2/F02_p243_035.wav,2
/USERSPACE/DATASETS/CodecFake/C2/C2/F02_SSB15850419.wav,2
/USERSPACE/DATASETS/CodecFake/C2/C2/F02_SSB10500425.wav,2
/USERSPACE/DATASETS/CodecFake/C2/C2/F02_p258_371.wav,2
/USERSPACE/DATASETS/CodecFake/C2/C2/F02_p339_233.wav,2
/USERSPACE/DATASETS/CodecFake/C2/C2/F02_p307_368.wav,2
/USERSPACE/DATASETS/CodecFake/C2/C2/F02_SSB03230011.wav,2
/USERSPACE/DATASETS/CodecFake/C2/C2/F02_SSB15930092.wav,2
/USERSPACE/DATASETS/CodecFake/C2/C2/F02_SSB01120362.wav,2
/USERSPACE/DATASETS/CodecFake/C2/C2/F02_p237_143.wav,2
/USERSPACE/DATASETS/CodecFake/C2/C2/F02_p254_118.wav,2
/USERSPACE/DATASETS/CodecFake/C2/C2/F02_p341_383.wav,2
/USERSPACE/DATASETS/CodecFake/C2/C2/F02_SSB03160087.wav,2
/USERSPACE/DATASETS/CodecFake/C2/C2/F02_SSB12740294.wav,2
/USERSPACE/DATASETS/CodecFake/C2/C2/F02_p376_092.wav,2
/USERSPACE/DATASETS/CodecFake/C2/C2/F02_p276_241.wav,2
/USERSPACE/DATASETS/CodecFake/C2/C2/F02_SSB02730249.wav,2
/USERSPACE/DATASETS/CodecFake/C2/C2/F02_SSB07230475.wav,2
/USERSPACE/DATASETS/CodecFake/C2/C2/F02_p275_027.wav,2
/USERSPACE/DATASETS/CodecFake/C2/C2/F02_p278_206.wav,2
/USERSPACE/DATASETS/CodecFake/C2/C2/F02_p297_294.wav,2
/USERSPACE/DATASETS/CodecFake/C2/C2/F02_p314_386.wav,2
/USERSPACE/DATASETS/CodecFake/C2/C2/F02_SSB07620338.wav,2
/USERSPACE/DATASETS/CodecFake/C2/C2/F02_SSB15930275.wav,2
/USERSPACE/DATASETS/CodecFake/C2/C2/F02_p329_364.wav,2
/USERSPACE/DATASETS/CodecFake/C2/C2/F02_SSB07860239.wav,2
/USERSPACE/DATASETS/CodecFake/C2/C2/F02_p272_068.wav,2
/USERSPACE/DATASETS/CodecFake/C2/C2/F02_SSB08090481.wav,2
/USERSPACE/DATASETS/CodecFake/C2/C2/F02_SSB07600338.wav,2
/USERSPACE/DATASETS/CodecFake/C2/C2/F02_p305_351.wav,2
/USERSPACE/DATASETS/CodecFake/C2/C2/F02_p264_309.wav,2
/USERSPACE/DATASETS/CodecFake/C2/C2/F02_SSB03090284.wav,2
/USERSPACE/DATASETS/CodecFake/C2/C2/F02_p254_292.wav,2
/USERSPACE/DATASETS/CodecFake/C2/C2/F02_p323_258.wav,2
/USERSPACE/DATASETS/CodecFake/C2/C2/F02_SSB15670352.wav,2
/USERSPACE/DATASETS/CodecFake/C2/C2/F02_p313_091.wav,2
/USERSPACE/DATASETS/CodecFake/C2/C2/F02_p363_296.wav,2
/USERSPACE/DATASETS/CodecFake/C2/C2/F02_p255_101.wav,2
/USERSPACE/DATASETS/CodecFake/C2/C2/F02_SSB16240300.wav,2
/USERSPACE/DATASETS/CodecFake/C2/C2/F02_SSB11000391.wav,2
/USERSPACE/DATASETS/CodecFake/C2/C2/F02_SSB07170368.wav,2
/USERSPACE/DATASETS/CodecFake/C2/C2/F02_p277_140.wav,2
/USERSPACE/DATASETS/CodecFake/C2/C2/F02_SSB06710097.wav,2
/USERSPACE/DATASETS/CodecFake/C2/C2/F02_SSB06290145.wav,2
/USERSPACE/DATASETS/CodecFake/C2/C2/F02_p293_377.wav,2
/USERSPACE/DATASETS/CodecFake/C2/C2/F02_p336_391.wav,2
/USERSPACE/DATASETS/CodecFake/C2/C2/F02_SSB07600257.wav,2
/USERSPACE/DATASETS/CodecFake/C2/C2/F02_SSB07510056.wav,2
/USERSPACE/DATASETS/CodecFake/C2/C2/F02_p335_076.wav,2
/USERSPACE/DATASETS/CodecFake/C2/C2/F02_p333_264.wav,2
/USERSPACE/DATASETS/CodecFake/C2/C2/F02_SSB00330461.wav,2
/USERSPACE/DATASETS/CodecFake/C2/C2/F02_SSB06290108.wav,2
/USERSPACE/DATASETS/CodecFake/C2/C2/F02_SSB05350254.wav,2
/USERSPACE/DATASETS/CodecFake/C2/C2/F02_p282_247.wav,2
/USERSPACE/DATASETS/CodecFake/C2/C2/F02_p362_123.wav,2
/USERSPACE/DATASETS/CodecFake/C2/C2/F02_p274_380.wav,2
/USERSPACE/DATASETS/CodecFake/C2/C2/F02_p323_089.wav,2
/USERSPACE/DATASETS/CodecFake/C2/C2/F02_SSB00120392.wav,2
/USERSPACE/DATASETS/CodecFake/C2/C2/F02_p311_397.wav,2
/USERSPACE/DATASETS/CodecFake/C2/C2/F02_p305_378.wav,2
/USERSPACE/DATASETS/CodecFake/C2/C2/F02_p335_402.wav,2
/USERSPACE/DATASETS/CodecFake/C2/C2/F02_SSB05440484.wav,2
/USERSPACE/DATASETS/CodecFake/C2/C2/F02_p318_168.wav,2
/USERSPACE/DATASETS/CodecFake/C2/C2/F02_p228_097.wav,2
/USERSPACE/DATASETS/CodecFake/C2/C2/F02_SSB07000094.wav,2
/USERSPACE/DATASETS/CodecFake/C2/C2/F02_SSB13400090.wav,2
/USERSPACE/DATASETS/CodecFake/C2/C2/F02_SSB12210274.wav,2
/USERSPACE/DATASETS/CodecFake/C2/C2/F02_p252_136.wav,2
/USERSPACE/DATASETS/CodecFake/C2/C2/F02_SSB03410104.wav,2
/USERSPACE/DATASETS/CodecFake/C2/C2/F02_SSB06680407.wav,2
/USERSPACE/DATASETS/CodecFake/C2/C2/F02_p304_304.wav,2
/USERSPACE/DATASETS/CodecFake/C2/C2/F02_p330_066.wav,2
/USERSPACE/DATASETS/CodecFake/C2/C2/F02_SSB11360232.wav,2
/USERSPACE/DATASETS/CodecFake/C2/C2/F02_SSB00050100.wav,2
/USERSPACE/DATASETS/CodecFake/C2/C2/F02_SSB13650026.wav,2
/USERSPACE/DATASETS/CodecFake/C2/C2/F02_p339_109.wav,2
/USERSPACE/DATASETS/CodecFake/C2/C2/F02_p276_398.wav,2
/USERSPACE/DATASETS/CodecFake/C2/C2/F02_SSB15930034.wav,2
/USERSPACE/DATASETS/CodecFake/C2/C2/F02_SSB03800078.wav,2
/USERSPACE/DATASETS/CodecFake/C2/C2/F02_p361_283.wav,2
/USERSPACE/DATASETS/CodecFake/C2/C2/F02_SSB05780016.wav,2
/USERSPACE/DATASETS/CodecFake/C2/C2/F02_p247_431.wav,2
/USERSPACE/DATASETS/CodecFake/C2/C2/F02_SSB16700206.wav,2
/USERSPACE/DATASETS/CodecFake/C2/C2/F02_SSB10020420.wav,2
/USERSPACE/DATASETS/CodecFake/C2/C2/F02_p323_144.wav,2
/USERSPACE/DATASETS/CodecFake/C2/C2/F02_p343_002.wav,2
/USERSPACE/DATASETS/CodecFake/C2/C2/F02_SSB07000116.wav,2
/USERSPACE/DATASETS/CodecFake/C2/C2/F02_SSB12210414.wav,2
/USERSPACE/DATASETS/CodecFake/C2/C2/F02_SSB03420357.wav,2
/USERSPACE/DATASETS/CodecFake/C2/C2/F02_SSB07170334.wav,2
/USERSPACE/DATASETS/CodecFake/C2/C2/F02_SSB05780257.wav,2
/USERSPACE/DATASETS/CodecFake/C2/C2/F02_SSB07460274.wav,2
/USERSPACE/DATASETS/CodecFake/C2/C2/F02_SSB01970379.wav,2
/USERSPACE/DATASETS/CodecFake/C2/C2/F02_SSB15930122.wav,2
/USERSPACE/DATASETS/CodecFake/C2/C2/F02_SSB00110431.wav,2
/USERSPACE/DATASETS/CodecFake/C2/C2/F02_p302_237.wav,2
/USERSPACE/DATASETS/CodecFake/C2/C2/F02_SSB18720339.wav,2
/USERSPACE/DATASETS/CodecFake/C2/C2/F02_SSB11000465.wav,2
/USERSPACE/DATASETS/CodecFake/C2/C2/F02_SSB01970183.wav,2
/USERSPACE/DATASETS/CodecFake/C2/C2/F02_SSB03820153.wav,2
/USERSPACE/DATASETS/CodecFake/C2/C2/F02_p261_077.wav,2
/USERSPACE/DATASETS/CodecFake/C2/C2/F02_p312_067.wav,2
/USERSPACE/DATASETS/CodecFake/C2/C2/F02_SSB07100435.wav,2
/USERSPACE/DATASETS/CodecFake/C2/C2/F02_SSB15750126.wav,2
/USERSPACE/DATASETS/CodecFake/C2/C2/F02_p244_355.wav,2
/USERSPACE/DATASETS/CodecFake/C2/C2/F02_SSB09150466.wav,2
/USERSPACE/DATASETS/CodecFake/C2/C2/F02_p251_346.wav,2
/USERSPACE/DATASETS/CodecFake/C2/C2/F02_SSB19180142.wav,2
/USERSPACE/DATASETS/CodecFake/C2/C2/F02_p238_290.wav,2
/USERSPACE/DATASETS/CodecFake/C2/C2/F02_SSB01220058.wav,2
/USERSPACE/DATASETS/CodecFake/C2/C2/F02_p281_390.wav,2
/USERSPACE/DATASETS/CodecFake/C2/C2/F02_p257_394.wav,2
/USERSPACE/DATASETS/CodecFake/C2/C2/F02_SSB07620314.wav,2
/USERSPACE/DATASETS/CodecFake/C2/C2/F02_p255_265.wav,2
/USERSPACE/DATASETS/CodecFake/C2/C2/F02_SSB09130303.wav,2
/USERSPACE/DATASETS/CodecFake/C2/C2/F02_SSB03160471.wav,2
/USERSPACE/DATASETS/CodecFake/C2/C2/F02_SSB04270474.wav,2
/USERSPACE/DATASETS/CodecFake/C2/C2/F02_SSB19390134.wav,2
/USERSPACE/DATASETS/CodecFake/C2/C2/F02_SSB13280052.wav,2
/USERSPACE/DATASETS/CodecFake/C2/C2/F02_SSB02880073.wav,2
/USERSPACE/DATASETS/CodecFake/C2/C2/F02_SSB03660333.wav,2
/USERSPACE/DATASETS/CodecFake/C2/C2/F02_SSB07860059.wav,2
/USERSPACE/DATASETS/CodecFake/C2/C2/F02_p264_307.wav,2
/USERSPACE/DATASETS/CodecFake/C2/C2/F02_SSB00800021.wav,2
/USERSPACE/DATASETS/CodecFake/C2/C2/F02_SSB10500218.wav,2
/USERSPACE/DATASETS/CodecFake/C2/C2/F02_p360_311.wav,2
/USERSPACE/DATASETS/CodecFake/C2/C2/F02_p339_153.wav,2
/USERSPACE/DATASETS/CodecFake/C2/C2/F02_p239_400.wav,2
/USERSPACE/DATASETS/CodecFake/C2/C2/F02_p351_111.wav,2
/USERSPACE/DATASETS/CodecFake/C2/C2/F02_p329_084.wav,2
/USERSPACE/DATASETS/CodecFake/C2/C2/F02_p260_179.wav,2
/USERSPACE/DATASETS/CodecFake/C2/C2/F02_p259_256.wav,2
/USERSPACE/DATASETS/CodecFake/C2/C2/F02_SSB10200074.wav,2
/USERSPACE/DATASETS/CodecFake/C2/C2/F02_p272_322.wav,2
/USERSPACE/DATASETS/CodecFake/C2/C2/F02_p233_286.wav,2
/USERSPACE/DATASETS/CodecFake/C2/C2/F02_SSB19350209.wav,2
/USERSPACE/DATASETS/CodecFake/C2/C2/F02_SSB02730053.wav,2
/USERSPACE/DATASETS/CodecFake/C2/C2/F02_p247_119.wav,2
/USERSPACE/DATASETS/CodecFake/C2/C2/F02_p226_150.wav,2
/USERSPACE/DATASETS/CodecFake/C2/C2/F02_p263_152.wav,2
/USERSPACE/DATASETS/CodecFake/C2/C2/F02_SSB04260021.wav,2
/USERSPACE/DATASETS/CodecFake/C2/C2/F02_SSB08510271.wav,2
/USERSPACE/DATASETS/CodecFake/C2/C2/F02_SSB18280224.wav,2
/USERSPACE/DATASETS/CodecFake/C2/C2/F02_SSB04820474.wav,2
/USERSPACE/DATASETS/CodecFake/C2/C2/F02_SSB10080342.wav,2
/USERSPACE/DATASETS/CodecFake/C2/C2/F02_SSB02880280.wav,2
/USERSPACE/DATASETS/CodecFake/C2/C2/F02_p280_242.wav,2
/USERSPACE/DATASETS/CodecFake/C2/C2/F02_p263_257.wav,2
/USERSPACE/DATASETS/CodecFake/C2/C2/F02_SSB04820071.wav,2
/USERSPACE/DATASETS/CodecFake/C2/C2/F02_SSB02880249.wav,2
/USERSPACE/DATASETS/CodecFake/C2/C2/F02_SSB10640328.wav,2
/USERSPACE/DATASETS/CodecFake/C2/C2/F02_SSB01330018.wav,2
/USERSPACE/DATASETS/CodecFake/C2/C2/F02_SSB06070456.wav,2
/USERSPACE/DATASETS/CodecFake/C2/C2/F02_SSB18280385.wav,2
/USERSPACE/DATASETS/CodecFake/C2/C2/F02_p278_292.wav,2
/USERSPACE/DATASETS/CodecFake/C2/C2/F02_SSB03380308.wav,2
/USERSPACE/DATASETS/CodecFake/C2/C2/F02_SSB01330159.wav,2
/USERSPACE/DATASETS/CodecFake/C2/C2/F02_p334_145.wav,2
/USERSPACE/DATASETS/CodecFake/C2/C2/F02_p300_027.wav,2
/USERSPACE/DATASETS/CodecFake/C2/C2/F02_SSB18780034.wav,2
/USERSPACE/DATASETS/CodecFake/C2/C2/F02_p307_328.wav,2
/USERSPACE/DATASETS/CodecFake/C2/C2/F02_SSB05990254.wav,2
/USERSPACE/DATASETS/CodecFake/C2/C2/F02_p335_116.wav,2
/USERSPACE/DATASETS/CodecFake/C2/C2/F02_SSB06090319.wav,2
/USERSPACE/DATASETS/CodecFake/C2/C2/F02_SSB05700231.wav,2
/USERSPACE/DATASETS/CodecFake/C2/C2/F02_p286_028.wav,2
/USERSPACE/DATASETS/CodecFake/C2/C2/F02_SSB19350386.wav,2
/USERSPACE/DATASETS/CodecFake/C2/C2/F02_SSB14020258.wav,2
/USERSPACE/DATASETS/CodecFake/C2/C2/F02_SSB05340141.wav,2
/USERSPACE/DATASETS/CodecFake/C2/C2/F02_p308_341.wav,2
/USERSPACE/DATASETS/CodecFake/C2/C2/F02_SSB17590253.wav,2
/USERSPACE/DATASETS/CodecFake/C2/C2/F02_SSB07860358.wav,2
/USERSPACE/DATASETS/CodecFake/C2/C2/F02_SSB13650390.wav,2
/USERSPACE/DATASETS/CodecFake/C2/C2/F02_SSB00050049.wav,2
/USERSPACE/DATASETS/CodecFake/C2/C2/F02_SSB11100458.wav,2
/USERSPACE/DATASETS/CodecFake/C2/C2/F02_SSB16500033.wav,2
/USERSPACE/DATASETS/CodecFake/C2/C2/F02_SSB19020339.wav,2
/USERSPACE/DATASETS/CodecFake/C2/C2/F02_p288_203.wav,2
/USERSPACE/DATASETS/CodecFake/C2/C2/F02_SSB04270227.wav,2
/USERSPACE/DATASETS/CodecFake/C2/C2/F02_p257_159.wav,2
/USERSPACE/DATASETS/CodecFake/C2/C2/F02_p288_163.wav,2
/USERSPACE/DATASETS/CodecFake/C2/C2/F02_SSB06860020.wav,2
/USERSPACE/DATASETS/CodecFake/C2/C2/F02_p233_128.wav,2
/USERSPACE/DATASETS/CodecFake/C2/C2/F02_SSB00430444.wav,2
/USERSPACE/DATASETS/CodecFake/C2/C2/F02_p299_330.wav,2
/USERSPACE/DATASETS/CodecFake/C2/C2/F02_SSB11260062.wav,2
/USERSPACE/DATASETS/CodecFake/C2/C2/F02_SSB07110047.wav,2
/USERSPACE/DATASETS/CodecFake/C2/C2/F02_SSB10720174.wav,2
/USERSPACE/DATASETS/CodecFake/C2/C2/F02_p334_153.wav,2
/USERSPACE/DATASETS/CodecFake/C2/C2/F02_SSB07620222.wav,2
/USERSPACE/DATASETS/CodecFake/C2/C2/F02_SSB13200101.wav,2
/USERSPACE/DATASETS/CodecFake/C2/C2/F02_SSB03540249.wav,2
/USERSPACE/DATASETS/CodecFake/C2/C2/F02_SSB18060124.wav,2
/USERSPACE/DATASETS/CodecFake/C2/C2/F02_SSB16840427.wav,2
/USERSPACE/DATASETS/CodecFake/C2/C2/F02_SSB12180268.wav,2
/USERSPACE/DATASETS/CodecFake/C2/C2/F02_p308_088.wav,2
/USERSPACE/DATASETS/CodecFake/C2/C2/F02_SSB11000276.wav,2
/USERSPACE/DATASETS/CodecFake/C2/C2/F02_SSB17820316.wav,2
/USERSPACE/DATASETS/CodecFake/C2/C2/F02_SSB07020223.wav,2
/USERSPACE/DATASETS/CodecFake/C2/C2/F02_SSB17450097.wav,2
/USERSPACE/DATASETS/CodecFake/C2/C2/F02_SSB00110459.wav,2
/USERSPACE/DATASETS/CodecFake/C2/C2/F02_p345_396.wav,2
/USERSPACE/DATASETS/CodecFake/C2/C2/F02_SSB10500213.wav,2
/USERSPACE/DATASETS/CodecFake/C2/C2/F02_SSB16240413.wav,2
/USERSPACE/DATASETS/CodecFake/C2/C2/F02_SSB01930248.wav,2
/USERSPACE/DATASETS/CodecFake/C2/C2/F02_SSB12390485.wav,2
/USERSPACE/DATASETS/CodecFake/C2/C2/F02_p256_258.wav,2
/USERSPACE/DATASETS/CodecFake/C2/C2/F02_p233_272.wav,2
/USERSPACE/DATASETS/CodecFake/C2/C2/F02_SSB18370151.wav,2
/USERSPACE/DATASETS/CodecFake/C2/C2/F02_SSB06090345.wav,2
/USERSPACE/DATASETS/CodecFake/C2/C2/F02_p308_163.wav,2
/USERSPACE/DATASETS/CodecFake/C2/C2/F02_SSB09190445.wav,2
/USERSPACE/DATASETS/CodecFake/C2/C2/F02_p270_053.wav,2
/USERSPACE/DATASETS/CodecFake/C2/C2/F02_p269_389.wav,2
/USERSPACE/DATASETS/CodecFake/C2/C2/F02_SSB07230236.wav,2
/USERSPACE/DATASETS/CodecFake/C2/C2/F02_p240_155.wav,2
/USERSPACE/DATASETS/CodecFake/C2/C2/F02_SSB07840270.wav,2
/USERSPACE/DATASETS/CodecFake/C2/C2/F02_p247_087.wav,2
/USERSPACE/DATASETS/CodecFake/C2/C2/F02_SSB04270284.wav,2
/USERSPACE/DATASETS/CodecFake/C2/C2/F02_p245_049.wav,2
/USERSPACE/DATASETS/CodecFake/C2/C2/F02_SSB10560317.wav,2
/USERSPACE/DATASETS/CodecFake/C2/C2/F02_SSB02460467.wav,2
/USERSPACE/DATASETS/CodecFake/C2/C2/F02_SSB11150265.wav,2
/USERSPACE/DATASETS/CodecFake/C2/C2/F02_p286_202.wav,2
/USERSPACE/DATASETS/CodecFake/C2/C2/F02_SSB02410284.wav,2
/USERSPACE/DATASETS/CodecFake/C2/C2/F02_SSB06310333.wav,2
/USERSPACE/DATASETS/CodecFake/C2/C2/F02_p260_139.wav,2
/USERSPACE/DATASETS/CodecFake/C2/C2/F02_SSB09350196.wav,2
/USERSPACE/DATASETS/CodecFake/C2/C2/F02_SSB12190366.wav,2
/USERSPACE/DATASETS/CodecFake/C2/C2/F02_p300_022.wav,2
/USERSPACE/DATASETS/CodecFake/C2/C2/F02_p330_282.wav,2
/USERSPACE/DATASETS/CodecFake/C2/C2/F02_p267_170.wav,2
/USERSPACE/DATASETS/CodecFake/C2/C2/F02_p341_223.wav,2
/USERSPACE/DATASETS/CodecFake/C2/C2/F02_p234_017.wav,2
/USERSPACE/DATASETS/CodecFake/C2/C2/F02_SSB10240222.wav,2
/USERSPACE/DATASETS/CodecFake/C2/C2/F02_SSB08630322.wav,2
/USERSPACE/DATASETS/CodecFake/C2/C2/F02_SSB05900402.wav,2
/USERSPACE/DATASETS/CodecFake/C2/C2/F02_SSB00380061.wav,2
/USERSPACE/DATASETS/CodecFake/C2/C2/F02_SSB14370354.wav,2
/USERSPACE/DATASETS/CodecFake/C2/C2/F02_p295_216.wav,2
/USERSPACE/DATASETS/CodecFake/C2/C2/F02_SSB13660369.wav,2
/USERSPACE/DATASETS/CodecFake/C2/C2/F02_SSB04820402.wav,2
/USERSPACE/DATASETS/CodecFake/C2/C2/F02_SSB06660156.wav,2
/USERSPACE/DATASETS/CodecFake/C2/C2/F02_SSB02670146.wav,2
/USERSPACE/DATASETS/CodecFake/C2/C2/F02_SSB10240349.wav,2
/USERSPACE/DATASETS/CodecFake/C2/C2/F02_SSB18090293.wav,2
/USERSPACE/DATASETS/CodecFake/C2/C2/F02_p260_176.wav,2
/USERSPACE/DATASETS/CodecFake/C2/C2/F02_SSB08090250.wav,2
/USERSPACE/DATASETS/CodecFake/C2/C2/F02_SSB05340270.wav,2
/USERSPACE/DATASETS/CodecFake/C2/C2/F02_p307_349.wav,2
/USERSPACE/DATASETS/CodecFake/C2/C2/F02_SSB06090446.wav,2
/USERSPACE/DATASETS/CodecFake/C2/C2/F02_SSB00430106.wav,2
/USERSPACE/DATASETS/CodecFake/C2/C2/F02_SSB06710442.wav,2
/USERSPACE/DATASETS/CodecFake/C2/C2/F02_SSB00120184.wav,2
/USERSPACE/DATASETS/CodecFake/C2/C2/F02_p351_261.wav,2
/USERSPACE/DATASETS/CodecFake/C2/C2/F02_SSB07620436.wav,2
/USERSPACE/DATASETS/CodecFake/C2/C2/F02_SSB14020088.wav,2
/USERSPACE/DATASETS/CodecFake/C2/C2/F02_SSB08510111.wav,2
/USERSPACE/DATASETS/CodecFake/C2/C2/F02_SSB18720036.wav,2
/USERSPACE/DATASETS/CodecFake/C2/C2/F02_p274_352.wav,2
/USERSPACE/DATASETS/CodecFake/C2/C2/F02_SSB11310471.wav,2
/USERSPACE/DATASETS/CodecFake/C2/C2/F02_SSB16840483.wav,2
/USERSPACE/DATASETS/CodecFake/C2/C2/F02_SSB18370262.wav,2
/USERSPACE/DATASETS/CodecFake/C2/C2/F02_SSB06230430.wav,2
/USERSPACE/DATASETS/CodecFake/C2/C2/F02_SSB00430478.wav,2
/USERSPACE/DATASETS/CodecFake/C2/C2/F02_p297_304.wav,2
/USERSPACE/DATASETS/CodecFake/C2/C2/F02_p250_140.wav,2
/USERSPACE/DATASETS/CodecFake/C2/C2/F02_SSB06230308.wav,2
/USERSPACE/DATASETS/CodecFake/C2/C2/F02_SSB09870406.wav,2
/USERSPACE/DATASETS/CodecFake/C2/C2/F02_SSB00090165.wav,2
/USERSPACE/DATASETS/CodecFake/C2/C2/F02_p303_320.wav,2
/USERSPACE/DATASETS/CodecFake/C2/C2/F02_p277_155.wav,2
/USERSPACE/DATASETS/CodecFake/C2/C2/F02_p274_255.wav,2
/USERSPACE/DATASETS/CodecFake/C2/C2/F02_SSB05020379.wav,2
/USERSPACE/DATASETS/CodecFake/C2/C2/F02_SSB03800418.wav,2
/USERSPACE/DATASETS/CodecFake/C2/C2/F02_SSB18280088.wav,2
/USERSPACE/DATASETS/CodecFake/C2/C2/F02_SSB07020346.wav,2
/USERSPACE/DATASETS/CodecFake/C2/C2/F02_p311_041.wav,2
/USERSPACE/DATASETS/CodecFake/C2/C2/F02_p268_060.wav,2
/USERSPACE/DATASETS/CodecFake/C2/C2/F02_SSB03380501.wav,2
/USERSPACE/DATASETS/CodecFake/C2/C2/F02_SSB03090388.wav,2
/USERSPACE/DATASETS/CodecFake/C2/C2/F02_SSB13200400.wav,2
/USERSPACE/DATASETS/CodecFake/C2/C2/F02_SSB01450068.wav,2
/USERSPACE/DATASETS/CodecFake/C2/C2/F02_SSB07860311.wav,2
/USERSPACE/DATASETS/CodecFake/C2/C2/F02_SSB05900162.wav,2
/USERSPACE/DATASETS/CodecFake/C2/C2/F02_p282_346.wav,2
/USERSPACE/DATASETS/CodecFake/C2/C2/F02_SSB03410250.wav,2
/USERSPACE/DATASETS/CodecFake/C2/C2/F02_SSB00800052.wav,2
/USERSPACE/DATASETS/CodecFake/C2/C2/F02_SSB01930102.wav,2
/USERSPACE/DATASETS/CodecFake/C2/C2/F02_SSB03930028.wav,2
/USERSPACE/DATASETS/CodecFake/C2/C2/F02_p236_009.wav,2
/USERSPACE/DATASETS/CodecFake/C2/C2/F02_SSB03380032.wav,2
/USERSPACE/DATASETS/CodecFake/C2/C2/F02_SSB06680399.wav,2
/USERSPACE/DATASETS/CodecFake/C2/C2/F02_p228_007.wav,2
/USERSPACE/DATASETS/CodecFake/C2/C2/F02_SSB18280103.wav,2
/USERSPACE/DATASETS/CodecFake/C2/C2/F02_SSB09190347.wav,2
/USERSPACE/DATASETS/CodecFake/C2/C2/F02_SSB01390340.wav,2
/USERSPACE/DATASETS/CodecFake/C2/C2/F02_p316_060.wav,2
/USERSPACE/DATASETS/CodecFake/C2/C2/F02_p374_196.wav,2
/USERSPACE/DATASETS/CodecFake/C2/C2/F02_SSB07840064.wav,2
/USERSPACE/DATASETS/CodecFake/C2/C2/F02_p269_094.wav,2
/USERSPACE/DATASETS/CodecFake/C2/C2/F02_p274_318.wav,2
/USERSPACE/DATASETS/CodecFake/C2/C2/F02_SSB17280330.wav,2
/USERSPACE/DATASETS/CodecFake/C2/C2/F02_p267_088.wav,2
/USERSPACE/DATASETS/CodecFake/C2/C2/F02_SSB07230019.wav,2
/USERSPACE/DATASETS/CodecFake/C2/C2/F02_p250_455.wav,2
/USERSPACE/DATASETS/CodecFake/C2/C2/F02_SSB09350329.wav,2
/USERSPACE/DATASETS/CodecFake/C2/C2/F02_SSB07780482.wav,2
/USERSPACE/DATASETS/CodecFake/C2/C2/F02_p341_331.wav,2
/USERSPACE/DATASETS/CodecFake/C2/C2/F02_p345_066.wav,2
/USERSPACE/DATASETS/CodecFake/C2/C2/F02_SSB07510447.wav,2
/USERSPACE/DATASETS/CodecFake/C2/C2/F02_SSB03070431.wav,2
/USERSPACE/DATASETS/CodecFake/C2/C2/F02_SSB01450315.wav,2
/USERSPACE/DATASETS/CodecFake/C2/C2/F02_SSB09870234.wav,2
/USERSPACE/DATASETS/CodecFake/C2/C2/F02_p247_425.wav,2
/USERSPACE/DATASETS/CodecFake/C2/C2/F02_p247_098.wav,2
/USERSPACE/DATASETS/CodecFake/C2/C2/F02_p333_009.wav,2
/USERSPACE/DATASETS/CodecFake/C2/C2/F02_SSB07200330.wav,2
/USERSPACE/DATASETS/CodecFake/C2/C2/F02_SSB12390076.wav,2
/USERSPACE/DATASETS/CodecFake/C2/C2/F02_SSB03090040.wav,2
/USERSPACE/DATASETS/CodecFake/C2/C2/F02_p313_202.wav,2
/USERSPACE/DATASETS/CodecFake/C2/C2/F02_p260_285.wav,2
/USERSPACE/DATASETS/CodecFake/C2/C2/F02_SSB03230033.wav,2
/USERSPACE/DATASETS/CodecFake/C2/C2/F02_SSB07600458.wav,2
/USERSPACE/DATASETS/CodecFake/C2/C2/F02_SSB07580452.wav,2
/USERSPACE/DATASETS/CodecFake/C2/C2/F02_SSB00380204.wav,2
/USERSPACE/DATASETS/CodecFake/C2/C2/F02_SSB13410284.wav,2
/USERSPACE/DATASETS/CodecFake/C2/C2/F02_p260_236.wav,2
/USERSPACE/DATASETS/CodecFake/C2/C2/F02_p345_221.wav,2
/USERSPACE/DATASETS/CodecFake/C2/C2/F02_p278_348.wav,2
/USERSPACE/DATASETS/CodecFake/C2/C2/F02_SSB05880499.wav,2
/USERSPACE/DATASETS/CodecFake/C2/C2/F02_SSB12210259.wav,2
/USERSPACE/DATASETS/CodecFake/C2/C2/F02_SSB07170236.wav,2
/USERSPACE/DATASETS/CodecFake/C2/C2/F02_SSB12180372.wav,2
/USERSPACE/DATASETS/CodecFake/C2/C2/F02_SSB07110075.wav,2
/USERSPACE/DATASETS/CodecFake/C2/C2/F02_SSB01490026.wav,2
/USERSPACE/DATASETS/CodecFake/C2/C2/F02_SSB14480109.wav,2
/USERSPACE/DATASETS/CodecFake/C2/C2/F02_SSB19180155.wav,2
/USERSPACE/DATASETS/CodecFake/C2/C2/F02_p281_408.wav,2
/USERSPACE/DATASETS/CodecFake/C2/C2/F02_SSB07160055.wav,2
/USERSPACE/DATASETS/CodecFake/C2/C2/F02_SSB11610242.wav,2
/USERSPACE/DATASETS/CodecFake/C2/C2/F02_p364_103.wav,2
/USERSPACE/DATASETS/CodecFake/C2/C2/F02_p280_082.wav,2
/USERSPACE/DATASETS/CodecFake/C2/C2/F02_p362_174.wav,2
/USERSPACE/DATASETS/CodecFake/C2/C2/F02_SSB16500241.wav,2
/USERSPACE/DATASETS/CodecFake/C2/C2/F02_p317_306.wav,2
/USERSPACE/DATASETS/CodecFake/C2/C2/F02_p300_267.wav,2
/USERSPACE/DATASETS/CodecFake/C2/C2/F02_SSB10020193.wav,2
/USERSPACE/DATASETS/CodecFake/C2/C2/F02_p226_346.wav,2
/USERSPACE/DATASETS/CodecFake/C2/C2/F02_SSB01220101.wav,2
/USERSPACE/DATASETS/CodecFake/C2/C2/F02_p258_260.wav,2
/USERSPACE/DATASETS/CodecFake/C2/C2/F02_p273_413.wav,2
/USERSPACE/DATASETS/CodecFake/C2/C2/F02_SSB07230413.wav,2
/USERSPACE/DATASETS/CodecFake/C2/C2/F02_p305_071.wav,2
/USERSPACE/DATASETS/CodecFake/C2/C2/F02_SSB04340351.wav,2
/USERSPACE/DATASETS/CodecFake/C2/C2/F02_SSB05700371.wav,2
/USERSPACE/DATASETS/CodecFake/C2/C2/F02_SSB07360145.wav,2
/USERSPACE/DATASETS/CodecFake/C2/C2/F02_p311_137.wav,2
/USERSPACE/DATASETS/CodecFake/C2/C2/F02_SSB01450111.wav,2
/USERSPACE/DATASETS/CodecFake/C2/C2/F02_SSB19350334.wav,2
/USERSPACE/DATASETS/CodecFake/C2/C2/F02_SSB07200013.wav,2
/USERSPACE/DATASETS/CodecFake/C2/C2/F02_p314_084.wav,2
/USERSPACE/DATASETS/CodecFake/C2/C2/F02_SSB02880356.wav,2
/USERSPACE/DATASETS/CodecFake/C2/C2/F02_SSB15550429.wav,2
/USERSPACE/DATASETS/CodecFake/C2/C2/F02_p364_298.wav,2
/USERSPACE/DATASETS/CodecFake/C2/C2/F02_SSB05340106.wav,2
/USERSPACE/DATASETS/CodecFake/C2/C2/F02_SSB10010099.wav,2
/USERSPACE/DATASETS/CodecFake/C2/C2/F02_SSB07230075.wav,2
/USERSPACE/DATASETS/CodecFake/C2/C2/F02_SSB01930222.wav,2
/USERSPACE/DATASETS/CodecFake/C2/C2/F02_SSB14310156.wav,2
/USERSPACE/DATASETS/CodecFake/C2/C2/F02_SSB00120055.wav,2
/USERSPACE/DATASETS/CodecFake/C2/C2/F02_SSB03390024.wav,2
/USERSPACE/DATASETS/CodecFake/C2/C2/F02_SSB17110109.wav,2
/USERSPACE/DATASETS/CodecFake/C2/C2/F02_SSB03950313.wav,2
/USERSPACE/DATASETS/CodecFake/C2/C2/F02_SSB07800373.wav,2
/USERSPACE/DATASETS/CodecFake/C2/C2/F02_p323_366.wav,2
/USERSPACE/DATASETS/CodecFake/C2/C2/F02_SSB09930430.wav,2
/USERSPACE/DATASETS/CodecFake/C2/C2/F02_p333_339.wav,2
/USERSPACE/DATASETS/CodecFake/C2/C2/F02_SSB04070217.wav,2
/USERSPACE/DATASETS/CodecFake/C2/C2/F02_p280_195.wav,2
/USERSPACE/DATASETS/CodecFake/C2/C2/F02_SSB04070242.wav,2
/USERSPACE/DATASETS/CodecFake/C2/C2/F02_SSB06010197.wav,2
/USERSPACE/DATASETS/CodecFake/C2/C2/F02_SSB03660032.wav,2
/USERSPACE/DATASETS/CodecFake/C2/C2/F02_SSB00800240.wav,2
/USERSPACE/DATASETS/CodecFake/C2/C2/F02_p257_423.wav,2
/USERSPACE/DATASETS/CodecFake/C2/C2/F02_SSB11360243.wav,2
/USERSPACE/DATASETS/CodecFake/C2/C2/F02_SSB03390202.wav,2
/USERSPACE/DATASETS/CodecFake/C2/C2/F02_SSB03410320.wav,2
/USERSPACE/DATASETS/CodecFake/C2/C2/F02_SSB06310011.wav,2
/USERSPACE/DATASETS/CodecFake/C2/C2/F02_p273_354.wav,2
/USERSPACE/DATASETS/CodecFake/C2/C2/F02_p280_240.wav,2
/USERSPACE/DATASETS/CodecFake/C2/C2/F02_p376_226.wav,2
/USERSPACE/DATASETS/CodecFake/C2/C2/F02_SSB18280169.wav,2
/USERSPACE/DATASETS/CodecFake/C2/C2/F02_p228_133.wav,2
/USERSPACE/DATASETS/CodecFake/C2/C2/F02_p238_118.wav,2
/USERSPACE/DATASETS/CodecFake/C2/C2/F02_SSB07800341.wav,2
/USERSPACE/DATASETS/CodecFake/C2/C2/F02_SSB02870136.wav,2
/USERSPACE/DATASETS/CodecFake/C2/C2/F02_p225_326.wav,2
/USERSPACE/DATASETS/CodecFake/C2/C2/F02_p318_138.wav,2
/USERSPACE/DATASETS/CodecFake/C2/C2/F02_p295_214.wav,2
/USERSPACE/DATASETS/CodecFake/C2/C2/F02_SSB07200058.wav,2
/USERSPACE/DATASETS/CodecFake/C2/C2/F02_SSB11350173.wav,2
/USERSPACE/DATASETS/CodecFake/C2/C2/F02_SSB11360203.wav,2
/USERSPACE/DATASETS/CodecFake/C2/C2/F02_SSB11310152.wav,2
/USERSPACE/DATASETS/CodecFake/C2/C2/F02_SSB03930179.wav,2
/USERSPACE/DATASETS/CodecFake/C2/C2/F02_SSB11380102.wav,2
/USERSPACE/DATASETS/CodecFake/C2/C2/F02_SSB08170178.wav,2
/USERSPACE/DATASETS/CodecFake/C2/C2/F02_SSB14020018.wav,2
/USERSPACE/DATASETS/CodecFake/C2/C2/F02_SSB12160386.wav,2
/USERSPACE/DATASETS/CodecFake/C2/C2/F02_SSB16070125.wav,2
/USERSPACE/DATASETS/CodecFake/C2/C2/F02_SSB03090421.wav,2
/USERSPACE/DATASETS/CodecFake/C2/C2/F02_p229_170.wav,2
/USERSPACE/DATASETS/CodecFake/C2/C2/F02_p257_291.wav,2
/USERSPACE/DATASETS/CodecFake/C2/C2/F02_p310_153.wav,2
/USERSPACE/DATASETS/CodecFake/C2/C2/F02_SSB06860111.wav,2
/USERSPACE/DATASETS/CodecFake/C2/C2/F02_SSB18370384.wav,2
/USERSPACE/DATASETS/CodecFake/C2/C2/F02_p228_191.wav,2
/USERSPACE/DATASETS/CodecFake/C2/C2/F02_SSB01120120.wav,2
/USERSPACE/DATASETS/CodecFake/C2/C2/F02_SSB00180056.wav,2
/USERSPACE/DATASETS/CodecFake/C2/C2/F02_SSB07370025.wav,2
/USERSPACE/DATASETS/CodecFake/C2/C2/F02_p303_130.wav,2
/USERSPACE/DATASETS/CodecFake/C2/C2/F02_SSB06860012.wav,2
/USERSPACE/DATASETS/CodecFake/C2/C2/F02_SSB00730424.wav,2
/USERSPACE/DATASETS/CodecFake/C2/C2/F02_p234_052.wav,2
/USERSPACE/DATASETS/CodecFake/C2/C2/F02_p245_192.wav,2
/USERSPACE/DATASETS/CodecFake/C2/C2/F02_SSB02870466.wav,2
/USERSPACE/DATASETS/CodecFake/C2/C2/F02_SSB09130470.wav,2
/USERSPACE/DATASETS/CodecFake/C2/C2/F02_p315_221.wav,2
/USERSPACE/DATASETS/CodecFake/C2/C2/F02_SSB07200215.wav,2
/USERSPACE/DATASETS/CodecFake/C2/C2/F02_SSB13660193.wav,2
/USERSPACE/DATASETS/CodecFake/C2/C2/F02_SSB04340415.wav,2
/USERSPACE/DATASETS/CodecFake/C2/C2/F02_SSB03930268.wav,2
/USERSPACE/DATASETS/CodecFake/C2/C2/F02_SSB01490083.wav,2
/USERSPACE/DATASETS/CodecFake/C2/C2/F02_SSB05900328.wav,2
/USERSPACE/DATASETS/CodecFake/C2/C2/F02_SSB04340403.wav,2
/USERSPACE/DATASETS/CodecFake/C2/C2/F02_SSB13830294.wav,2
/USERSPACE/DATASETS/CodecFake/C2/C2/F02_SSB15930192.wav,2
/USERSPACE/DATASETS/CodecFake/C2/C2/F02_SSB01930401.wav,2
/USERSPACE/DATASETS/CodecFake/C2/C2/F02_SSB07840447.wav,2
/USERSPACE/DATASETS/CodecFake/C2/C2/F02_SSB16070029.wav,2
/USERSPACE/DATASETS/CodecFake/C2/C2/F02_p323_022.wav,2
/USERSPACE/DATASETS/CodecFake/C2/C2/F02_SSB07160374.wav,2
/USERSPACE/DATASETS/CodecFake/C2/C2/F02_SSB13930475.wav,2
/USERSPACE/DATASETS/CodecFake/C2/C2/F02_SSB19350242.wav,2
/USERSPACE/DATASETS/CodecFake/C2/C2/F02_p254_284.wav,2
/USERSPACE/DATASETS/CodecFake/C2/C2/F02_p274_462.wav,2
/USERSPACE/DATASETS/CodecFake/C2/C2/F02_SSB16250185.wav,2
/USERSPACE/DATASETS/CodecFake/C2/C2/F02_SSB01450200.wav,2
/USERSPACE/DATASETS/CodecFake/C2/C2/F02_p281_201.wav,2
/USERSPACE/DATASETS/CodecFake/C2/C2/F02_SSB11250053.wav,2
/USERSPACE/DATASETS/CodecFake/C2/C2/F02_SSB10550084.wav,2
/USERSPACE/DATASETS/CodecFake/C2/C2/F02_SSB03390060.wav,2
/USERSPACE/DATASETS/CodecFake/C2/C2/F02_SSB00730002.wav,2
/USERSPACE/DATASETS/CodecFake/C2/C2/F02_SSB07480070.wav,2
/USERSPACE/DATASETS/CodecFake/C2/C2/F02_SSB03380451.wav,2
/USERSPACE/DATASETS/CodecFake/C2/C2/F02_SSB00330227.wav,2
/USERSPACE/DATASETS/CodecFake/C2/C2/F02_p275_063.wav,2
/USERSPACE/DATASETS/CodecFake/C2/C2/F02_SSB00730267.wav,2
/USERSPACE/DATASETS/CodecFake/C2/C2/F02_SSB10960297.wav,2
/USERSPACE/DATASETS/CodecFake/C2/C2/F02_SSB03820302.wav,2
/USERSPACE/DATASETS/CodecFake/C2/C2/F02_SSB03820112.wav,2
/USERSPACE/DATASETS/CodecFake/C2/C2/F02_SSB13220468.wav,2
/USERSPACE/DATASETS/CodecFake/C2/C2/F02_SSB07620258.wav,2
/USERSPACE/DATASETS/CodecFake/C2/C2/F02_SSB13990020.wav,2
/USERSPACE/DATASETS/CodecFake/C2/C2/F02_p275_390.wav,2
/USERSPACE/DATASETS/CodecFake/C2/C2/F02_SSB06930274.wav,2
/USERSPACE/DATASETS/CodecFake/C2/C2/F02_SSB05700244.wav,2
/USERSPACE/DATASETS/CodecFake/C2/C2/F02_SSB06290284.wav,2
/USERSPACE/DATASETS/CodecFake/C2/C2/F02_p274_034.wav,2
/USERSPACE/DATASETS/CodecFake/C2/C2/F02_p236_300.wav,2
/USERSPACE/DATASETS/CodecFake/C2/C2/F02_p360_384.wav,2
/USERSPACE/DATASETS/CodecFake/C2/C2/F02_SSB02670056.wav,2
/USERSPACE/DATASETS/CodecFake/C2/C2/F02_p279_380.wav,2
/USERSPACE/DATASETS/CodecFake/C2/C2/F02_p330_076.wav,2
/USERSPACE/DATASETS/CodecFake/C2/C2/F02_SSB00050116.wav,2
/USERSPACE/DATASETS/CodecFake/C2/C2/F02_SSB15930368.wav,2
/USERSPACE/DATASETS/CodecFake/C2/C2/F02_SSB08870109.wav,2
/USERSPACE/DATASETS/CodecFake/C2/C2/F02_SSB09970442.wav,2
/USERSPACE/DATASETS/CodecFake/C2/C2/F02_SSB00570123.wav,2
/USERSPACE/DATASETS/CodecFake/C2/C2/F02_SSB08220295.wav,2
/USERSPACE/DATASETS/CodecFake/C2/C2/F02_SSB01450362.wav,2
/USERSPACE/DATASETS/CodecFake/C2/C2/F02_p335_169.wav,2
/USERSPACE/DATASETS/CodecFake/C2/C2/F02_p266_229.wav,2
/USERSPACE/DATASETS/CodecFake/C2/C2/F02_p329_118.wav,2
/USERSPACE/DATASETS/CodecFake/C2/C2/F02_SSB02870009.wav,2
/USERSPACE/DATASETS/CodecFake/C2/C2/F02_SSB02990382.wav,2
/USERSPACE/DATASETS/CodecFake/C2/C2/F02_SSB11380309.wav,2
/USERSPACE/DATASETS/CodecFake/C2/C2/F02_SSB11000262.wav,2
/USERSPACE/DATASETS/CodecFake/C2/C2/F02_SSB06060128.wav,2
/USERSPACE/DATASETS/CodecFake/C2/C2/F02_p278_111.wav,2
/USERSPACE/DATASETS/CodecFake/C2/C2/F02_SSB12210078.wav,2
/USERSPACE/DATASETS/CodecFake/C2/C2/F02_p231_045.wav,2
/USERSPACE/DATASETS/CodecFake/C2/C2/F02_SSB01390077.wav,2
/USERSPACE/DATASETS/CodecFake/C2/C2/F02_SSB15630291.wav,2
/USERSPACE/DATASETS/CodecFake/C2/C2/F02_SSB16860151.wav,2
/USERSPACE/DATASETS/CodecFake/C2/C2/F02_SSB09970129.wav,2
/USERSPACE/DATASETS/CodecFake/C2/C2/F02_SSB07620026.wav,2
/USERSPACE/DATASETS/CodecFake/C2/C2/F02_p330_320.wav,2
/USERSPACE/DATASETS/CodecFake/C2/C2/F02_SSB03820311.wav,2
/USERSPACE/DATASETS/CodecFake/C2/C2/F02_SSB07200095.wav,2
/USERSPACE/DATASETS/CodecFake/C2/C2/F02_p336_129.wav,2
/USERSPACE/DATASETS/CodecFake/C2/C2/F02_p252_246.wav,2
/USERSPACE/DATASETS/CodecFake/C2/C2/F02_SSB10910139.wav,2
/USERSPACE/DATASETS/CodecFake/C2/C2/F02_SSB06010368.wav,2
/USERSPACE/DATASETS/CodecFake/C2/C2/F02_p267_049.wav,2
/USERSPACE/DATASETS/CodecFake/C2/C2/F02_SSB13770066.wav,2
/USERSPACE/DATASETS/CodecFake/C2/C2/F02_SSB07940083.wav,2
/USERSPACE/DATASETS/CodecFake/C2/C2/F02_p236_282.wav,2
/USERSPACE/DATASETS/CodecFake/C2/C2/F02_SSB04270201.wav,2
/USERSPACE/DATASETS/CodecFake/C2/C2/F02_p231_260.wav,2
/USERSPACE/DATASETS/CodecFake/C2/C2/F02_SSB16500086.wav,2
/USERSPACE/DATASETS/CodecFake/C2/C2/F02_SSB10000015.wav,2
/USERSPACE/DATASETS/CodecFake/C2/C2/F02_SSB11260147.wav,2
/USERSPACE/DATASETS/CodecFake/C2/C2/F02_SSB16250177.wav,2
/USERSPACE/DATASETS/CodecFake/C2/C2/F02_SSB06030449.wav,2
/USERSPACE/DATASETS/CodecFake/C2/C2/F02_SSB03160463.wav,2
/USERSPACE/DATASETS/CodecFake/C2/C2/F02_SSB10560230.wav,2
/USERSPACE/DATASETS/CodecFake/C2/C2/F02_SSB13200293.wav,2
/USERSPACE/DATASETS/CodecFake/C2/C2/F02_SSB05440422.wav,2
/USERSPACE/DATASETS/CodecFake/C2/C2/F02_p260_343.wav,2
/USERSPACE/DATASETS/CodecFake/C2/C2/F02_SSB07840286.wav,2
/USERSPACE/DATASETS/CodecFake/C2/C2/F02_SSB18320408.wav,2
/USERSPACE/DATASETS/CodecFake/C2/C2/F02_SSB15750335.wav,2
/USERSPACE/DATASETS/CodecFake/C2/C2/F02_p308_024.wav,2
/USERSPACE/DATASETS/CodecFake/C2/C2/F02_p277_444.wav,2
/USERSPACE/DATASETS/CodecFake/C2/C2/F02_p318_284.wav,2
/USERSPACE/DATASETS/CodecFake/C2/C2/F02_SSB10560488.wav,2
/USERSPACE/DATASETS/CodecFake/C2/C2/F02_p287_103.wav,2
/USERSPACE/DATASETS/CodecFake/C2/C2/F02_SSB08170352.wav,2
/USERSPACE/DATASETS/CodecFake/C2/C2/F02_SSB03070162.wav,2
/USERSPACE/DATASETS/CodecFake/C2/C2/F02_p298_095.wav,2
/USERSPACE/DATASETS/CodecFake/C2/C2/F02_p307_231.wav,2
/USERSPACE/DATASETS/CodecFake/C2/C2/F02_p226_298.wav,2
/USERSPACE/DATASETS/CodecFake/C2/C2/F02_SSB00120489.wav,2
/USERSPACE/DATASETS/CodecFake/C2/C2/F02_SSB07480338.wav,2
/USERSPACE/DATASETS/CodecFake/C2/C2/F02_SSB06230420.wav,2
/USERSPACE/DATASETS/CodecFake/C2/C2/F02_p282_249.wav,2
/USERSPACE/DATASETS/CodecFake/C2/C2/F02_SSB07360429.wav,2
/USERSPACE/DATASETS/CodecFake/C2/C2/F02_SSB07510179.wav,2
/USERSPACE/DATASETS/CodecFake/C2/C2/F02_p274_323.wav,2
/USERSPACE/DATASETS/CodecFake/C2/C2/F02_SSB16300123.wav,2
/USERSPACE/DATASETS/CodecFake/C2/C2/F02_SSB03230304.wav,2
/USERSPACE/DATASETS/CodecFake/C2/C2/F02_SSB13280360.wav,2
/USERSPACE/DATASETS/CodecFake/C2/C2/F02_SSB18910239.wav,2
/USERSPACE/DATASETS/CodecFake/C2/C2/F02_p251_124.wav,2
/USERSPACE/DATASETS/CodecFake/C2/C2/F02_SSB03390433.wav,2
/USERSPACE/DATASETS/CodecFake/C2/C2/F02_SSB01930326.wav,2
/USERSPACE/DATASETS/CodecFake/C2/C2/F02_p279_149.wav,2
/USERSPACE/DATASETS/CodecFake/C2/C2/F02_p247_396.wav,2
/USERSPACE/DATASETS/CodecFake/C2/C2/F02_SSB18280118.wav,2
/USERSPACE/DATASETS/CodecFake/C2/C2/F02_p233_094.wav,2
/USERSPACE/DATASETS/CodecFake/C2/C2/F02_SSB14570451.wav,2
/USERSPACE/DATASETS/CodecFake/C2/C2/F02_p283_373.wav,2
/USERSPACE/DATASETS/CodecFake/C2/C2/F02_SSB10720162.wav,2
/USERSPACE/DATASETS/CodecFake/C2/C2/F02_SSB03420308.wav,2
/USERSPACE/DATASETS/CodecFake/C2/C2/F02_SSB08090409.wav,2
/USERSPACE/DATASETS/CodecFake/C2/C2/F02_p292_074.wav,2
/USERSPACE/DATASETS/CodecFake/C2/C2/F02_p227_330.wav,2
/USERSPACE/DATASETS/CodecFake/C2/C2/F02_SSB12040465.wav,2
/USERSPACE/DATASETS/CodecFake/C2/C2/F02_p237_327.wav,2
/USERSPACE/DATASETS/CodecFake/C2/C2/F02_SSB12190296.wav,2
/USERSPACE/DATASETS/CodecFake/C2/C2/F02_p256_261.wav,2
/USERSPACE/DATASETS/CodecFake/C2/C2/F02_p302_023.wav,2
/USERSPACE/DATASETS/CodecFake/C2/C2/F02_p251_137.wav,2
/USERSPACE/DATASETS/CodecFake/C2/C2/F02_p238_293.wav,2
/USERSPACE/DATASETS/CodecFake/C2/C2/F02_SSB02610409.wav,2
/USERSPACE/DATASETS/CodecFake/C2/C2/F02_SSB06060473.wav,2
/USERSPACE/DATASETS/CodecFake/C2/C2/F02_p247_187.wav,2
/USERSPACE/DATASETS/CodecFake/C2/C2/F02_p286_301.wav,2
/USERSPACE/DATASETS/CodecFake/C2/C2/F02_SSB04270140.wav,2
/USERSPACE/DATASETS/CodecFake/C2/C2/F02_SSB04270335.wav,2
/USERSPACE/DATASETS/CodecFake/C2/C2/F02_SSB13850185.wav,2
/USERSPACE/DATASETS/CodecFake/C2/C2/F02_p248_220.wav,2
/USERSPACE/DATASETS/CodecFake/C2/C2/F02_p246_123.wav,2
/USERSPACE/DATASETS/CodecFake/C2/C2/F02_SSB02870249.wav,2
/USERSPACE/DATASETS/CodecFake/C2/C2/F02_p234_349.wav,2
/USERSPACE/DATASETS/CodecFake/C2/C2/F02_SSB07580164.wav,2
/USERSPACE/DATASETS/CodecFake/C2/C2/F02_SSB18060007.wav,2
/USERSPACE/DATASETS/CodecFake/C2/C2/F02_SSB03380137.wav,2
/USERSPACE/DATASETS/CodecFake/C2/C2/F02_SSB18280143.wav,2
/USERSPACE/DATASETS/CodecFake/C2/C2/F02_SSB01390392.wav,2
/USERSPACE/DATASETS/CodecFake/C2/C2/F02_p265_348.wav,2
/USERSPACE/DATASETS/CodecFake/C2/C2/F02_SSB03390496.wav,2
/USERSPACE/DATASETS/CodecFake/C2/C2/F02_p333_294.wav,2
/USERSPACE/DATASETS/CodecFake/C2/C2/F02_p313_295.wav,2
/USERSPACE/DATASETS/CodecFake/C2/C2/F02_SSB02000037.wav,2
/USERSPACE/DATASETS/CodecFake/C2/C2/F02_SSB07860236.wav,2
/USERSPACE/DATASETS/CodecFake/C2/C2/F02_p255_097.wav,2
/USERSPACE/DATASETS/CodecFake/C2/C2/F02_p259_094.wav,2
/USERSPACE/DATASETS/CodecFake/C2/C2/F02_p229_346.wav,2
/USERSPACE/DATASETS/CodecFake/C2/C2/F02_SSB00160265.wav,2
/USERSPACE/DATASETS/CodecFake/C2/C2/F02_p250_461.wav,2
/USERSPACE/DATASETS/CodecFake/C2/C2/F02_SSB08710306.wav,2
/USERSPACE/DATASETS/CodecFake/C2/C2/F02_SSB07860026.wav,2
/USERSPACE/DATASETS/CodecFake/C2/C2/F02_SSB12390194.wav,2
/USERSPACE/DATASETS/CodecFake/C2/C2/F02_SSB03800029.wav,2
/USERSPACE/DATASETS/CodecFake/C2/C2/F02_p250_055.wav,2
/USERSPACE/DATASETS/CodecFake/C2/C2/F02_SSB03950432.wav,2
/USERSPACE/DATASETS/CodecFake/C2/C2/F02_p266_324.wav,2
/USERSPACE/DATASETS/CodecFake/C2/C2/F02_SSB02610096.wav,2
/USERSPACE/DATASETS/CodecFake/C2/C2/F02_SSB07780447.wav,2
/USERSPACE/DATASETS/CodecFake/C2/C2/F02_p317_224.wav,2
/USERSPACE/DATASETS/CodecFake/C2/C2/F02_p263_415.wav,2
/USERSPACE/DATASETS/CodecFake/C2/C2/F02_SSB02990491.wav,2
/USERSPACE/DATASETS/CodecFake/C2/C2/F02_p267_228.wav,2
/USERSPACE/DATASETS/CodecFake/C2/C2/F02_p292_085.wav,2
/USERSPACE/DATASETS/CodecFake/C2/C2/F02_SSB07600118.wav,2
/USERSPACE/DATASETS/CodecFake/C2/C2/F02_SSB07170312.wav,2
/USERSPACE/DATASETS/CodecFake/C2/C2/F02_p293_151.wav,2
/USERSPACE/DATASETS/CodecFake/C2/C2/F02_p264_047.wav,2
/USERSPACE/DATASETS/CodecFake/C2/C2/F02_SSB02990257.wav,2
/USERSPACE/DATASETS/CodecFake/C2/C2/F02_SSB00120154.wav,2
/USERSPACE/DATASETS/CodecFake/C2/C2/F02_SSB06290364.wav,2
/USERSPACE/DATASETS/CodecFake/C2/C2/F02_SSB01930201.wav,2
/USERSPACE/DATASETS/CodecFake/C2/C2/F02_SSB05940281.wav,2
/USERSPACE/DATASETS/CodecFake/C2/C2/F02_SSB13280149.wav,2
/USERSPACE/DATASETS/CodecFake/C2/C2/F02_SSB04150151.wav,2
/USERSPACE/DATASETS/CodecFake/C2/C2/F02_SSB07460081.wav,2
/USERSPACE/DATASETS/CodecFake/C2/C2/F02_SSB16500136.wav,2
/USERSPACE/DATASETS/CodecFake/C2/C2/F02_SSB13400384.wav,2
/USERSPACE/DATASETS/CodecFake/C2/C2/F02_p248_208.wav,2
/USERSPACE/DATASETS/CodecFake/C2/C2/F02_SSB04820322.wav,2
/USERSPACE/DATASETS/CodecFake/C2/C2/F02_SSB07600245.wav,2
/USERSPACE/DATASETS/CodecFake/C2/C2/F02_SSB15850081.wav,2
/USERSPACE/DATASETS/CodecFake/C2/C2/F02_SSB00180298.wav,2
/USERSPACE/DATASETS/CodecFake/C2/C2/F02_SSB18320331.wav,2
/USERSPACE/DATASETS/CodecFake/C2/C2/F02_p333_158.wav,2
/USERSPACE/DATASETS/CodecFake/C2/C2/F02_SSB00110328.wav,2
/USERSPACE/DATASETS/CodecFake/C2/C2/F02_p249_150.wav,2
/USERSPACE/DATASETS/CodecFake/C2/C2/F02_p258_187.wav,2
/USERSPACE/DATASETS/CodecFake/C2/C2/F02_SSB10550356.wav,2
/USERSPACE/DATASETS/CodecFake/C2/C2/F02_p335_271.wav,2
/USERSPACE/DATASETS/CodecFake/C2/C2/F02_p266_330.wav,2
/USERSPACE/DATASETS/CodecFake/C2/C2/F02_SSB13850234.wav,2
/USERSPACE/DATASETS/CodecFake/C2/C2/F02_SSB13410430.wav,2
/USERSPACE/DATASETS/CodecFake/C2/C2/F02_SSB07000226.wav,2
/USERSPACE/DATASETS/CodecFake/C2/C2/F02_SSB07620388.wav,2
/USERSPACE/DATASETS/CodecFake/C2/C2/F02_SSB05390249.wav,2
/USERSPACE/DATASETS/CodecFake/C2/C2/F02_SSB14570365.wav,2
/USERSPACE/DATASETS/CodecFake/C2/C2/F02_SSB01330378.wav,2
/USERSPACE/DATASETS/CodecFake/C2/C2/F02_SSB08170344.wav,2
/USERSPACE/DATASETS/CodecFake/C2/C2/F02_SSB03930234.wav,2
/USERSPACE/DATASETS/CodecFake/C2/C2/F02_SSB05880296.wav,2
/USERSPACE/DATASETS/CodecFake/C2/C2/F02_p275_131.wav,2
/USERSPACE/DATASETS/CodecFake/C2/C2/F02_SSB07460479.wav,2
/USERSPACE/DATASETS/CodecFake/C2/C2/F02_SSB00160438.wav,2
/USERSPACE/DATASETS/CodecFake/C2/C2/F02_SSB03950441.wav,2
/USERSPACE/DATASETS/CodecFake/C2/C2/F02_p261_242.wav,2
/USERSPACE/DATASETS/CodecFake/C2/C2/F02_SSB06090293.wav,2
/USERSPACE/DATASETS/CodecFake/C2/C2/F02_p267_071.wav,2
/USERSPACE/DATASETS/CodecFake/C2/C2/F02_SSB18910349.wav,2
/USERSPACE/DATASETS/CodecFake/C2/C2/F02_SSB00110005.wav,2
/USERSPACE/DATASETS/CodecFake/C2/C2/F02_SSB07460381.wav,2
/USERSPACE/DATASETS/CodecFake/C2/C2/F02_SSB05900336.wav,2
/USERSPACE/DATASETS/CodecFake/C2/C2/F02_SSB16990331.wav,2
/USERSPACE/DATASETS/CodecFake/C2/C2/F02_SSB17450488.wav,2
/USERSPACE/DATASETS/CodecFake/C2/C2/F02_SSB16250278.wav,2
/USERSPACE/DATASETS/CodecFake/C2/C2/F02_SSB03800348.wav,2
/USERSPACE/DATASETS/CodecFake/C2/C2/F02_SSB03090312.wav,2
/USERSPACE/DATASETS/CodecFake/C2/C2/F02_SSB05440485.wav,2
/USERSPACE/DATASETS/CodecFake/C2/C2/F02_SSB03380185.wav,2
/USERSPACE/DATASETS/CodecFake/C2/C2/F02_p323_243.wav,2
/USERSPACE/DATASETS/CodecFake/C2/C2/F02_SSB04150260.wav,2
/USERSPACE/DATASETS/CodecFake/C2/C2/F02_SSB15930035.wav,2
/USERSPACE/DATASETS/CodecFake/C2/C2/F02_p317_192.wav,2
/USERSPACE/DATASETS/CodecFake/C2/C2/F02_SSB04820354.wav,2
/USERSPACE/DATASETS/CodecFake/C2/C2/F02_p236_252.wav,2
/USERSPACE/DATASETS/CodecFake/C2/C2/F02_SSB15630491.wav,2
/USERSPACE/DATASETS/CodecFake/C2/C2/F02_p245_217.wav,2
/USERSPACE/DATASETS/CodecFake/C2/C2/F02_SSB07940084.wav,2
/USERSPACE/DATASETS/CodecFake/C2/C2/F02_SSB07200050.wav,2
/USERSPACE/DATASETS/CodecFake/C2/C2/F02_p333_108.wav,2
/USERSPACE/DATASETS/CodecFake/C2/C2/F02_SSB13280372.wav,2
/USERSPACE/DATASETS/CodecFake/C2/C2/F02_SSB01120104.wav,2
/USERSPACE/DATASETS/CodecFake/C2/C2/F02_SSB17450400.wav,2
/USERSPACE/DATASETS/CodecFake/C2/C2/F02_SSB06010014.wav,2
/USERSPACE/DATASETS/CodecFake/C2/C2/F02_SSB06320097.wav,2
/USERSPACE/DATASETS/CodecFake/C2/C2/F02_p267_114.wav,2
/USERSPACE/DATASETS/CodecFake/C2/C2/F02_SSB10240332.wav,2
/USERSPACE/DATASETS/CodecFake/C2/C2/F02_p229_267.wav,2
/USERSPACE/DATASETS/CodecFake/C2/C2/F02_SSB04150107.wav,2
/USERSPACE/DATASETS/CodecFake/C2/C2/F02_p262_060.wav,2
/USERSPACE/DATASETS/CodecFake/C2/C2/F02_p236_370.wav,2
/USERSPACE/DATASETS/CodecFake/C2/C2/F02_SSB06140282.wav,2
/USERSPACE/DATASETS/CodecFake/C2/C2/F02_SSB05650312.wav,2
/USERSPACE/DATASETS/CodecFake/C2/C2/F02_SSB18320288.wav,2
/USERSPACE/DATASETS/CodecFake/C2/C2/F02_SSB13020178.wav,2
/USERSPACE/DATASETS/CodecFake/C2/C2/F02_SSB03930404.wav,2
/USERSPACE/DATASETS/CodecFake/C2/C2/F02_SSB12150157.wav,2
/USERSPACE/DATASETS/CodecFake/C2/C2/F02_SSB13410240.wav,2
/USERSPACE/DATASETS/CodecFake/C2/C2/F02_p316_386.wav,2
/USERSPACE/DATASETS/CodecFake/C2/C2/F02_p247_108.wav,2
/USERSPACE/DATASETS/CodecFake/C2/C2/F02_p293_089.wav,2
/USERSPACE/DATASETS/CodecFake/C2/C2/F02_p351_293.wav,2
/USERSPACE/DATASETS/CodecFake/C2/C2/F02_SSB19390201.wav,2
/USERSPACE/DATASETS/CodecFake/C2/C2/F02_SSB15750286.wav,2
/USERSPACE/DATASETS/CodecFake/C2/C2/F02_p347_316.wav,2
/USERSPACE/DATASETS/CodecFake/C2/C2/F02_SSB07000381.wav,2
/USERSPACE/DATASETS/CodecFake/C2/C2/F02_SSB01490355.wav,2
/USERSPACE/DATASETS/CodecFake/C2/C2/F02_SSB18310283.wav,2
/USERSPACE/DATASETS/CodecFake/C2/C2/F02_p303_159.wav,2
/USERSPACE/DATASETS/CodecFake/C2/C2/F02_SSB05650443.wav,2
/USERSPACE/DATASETS/CodecFake/C2/C2/F02_SSB04340087.wav,2
/USERSPACE/DATASETS/CodecFake/C2/C2/F02_SSB16840304.wav,2
/USERSPACE/DATASETS/CodecFake/C2/C2/F02_p297_246.wav,2
/USERSPACE/DATASETS/CodecFake/C2/C2/F02_SSB05340103.wav,2
/USERSPACE/DATASETS/CodecFake/C2/C2/F02_SSB07460349.wav,2
/USERSPACE/DATASETS/CodecFake/C2/C2/F02_SSB00120243.wav,2
/USERSPACE/DATASETS/CodecFake/C2/C2/F02_SSB05440241.wav,2
/USERSPACE/DATASETS/CodecFake/C2/C2/F02_SSB11610109.wav,2
/USERSPACE/DATASETS/CodecFake/C2/C2/F02_p271_125.wav,2
/USERSPACE/DATASETS/CodecFake/C2/C2/F02_p334_251.wav,2
/USERSPACE/DATASETS/CodecFake/C2/C2/F02_SSB00730021.wav,2
/USERSPACE/DATASETS/CodecFake/C2/C2/F02_p243_012.wav,2
/USERSPACE/DATASETS/CodecFake/C2/C2/F02_SSB03090327.wav,2
/USERSPACE/DATASETS/CodecFake/C2/C2/F02_SSB02610115.wav,2
/USERSPACE/DATASETS/CodecFake/C2/C2/F02_SSB06060245.wav,2
/USERSPACE/DATASETS/CodecFake/C2/C2/F02_p318_192.wav,2
/USERSPACE/DATASETS/CodecFake/C2/C2/F02_SSB13020333.wav,2
/USERSPACE/DATASETS/CodecFake/C2/C2/F02_SSB02870457.wav,2
/USERSPACE/DATASETS/CodecFake/C2/C2/F02_SSB09190448.wav,2
/USERSPACE/DATASETS/CodecFake/C2/C2/F02_SSB07110445.wav,2
/USERSPACE/DATASETS/CodecFake/C2/C2/F02_SSB05390174.wav,2
/USERSPACE/DATASETS/CodecFake/C2/C2/F02_SSB01390070.wav,2
/USERSPACE/DATASETS/CodecFake/C2/C2/F02_SSB11970188.wav,2
/USERSPACE/DATASETS/CodecFake/C2/C2/F02_SSB07460005.wav,2
/USERSPACE/DATASETS/CodecFake/C2/C2/F02_p245_214.wav,2
/USERSPACE/DATASETS/CodecFake/C2/C2/F02_SSB07800431.wav,2
/USERSPACE/DATASETS/CodecFake/C2/C2/F02_SSB11150282.wav,2
/USERSPACE/DATASETS/CodecFake/C2/C2/F02_SSB16840015.wav,2
/USERSPACE/DATASETS/CodecFake/C2/C2/F02_SSB07020435.wav,2
/USERSPACE/DATASETS/CodecFake/C2/C2/F02_SSB10240385.wav,2
/USERSPACE/DATASETS/CodecFake/C2/C2/F02_SSB04260265.wav,2
/USERSPACE/DATASETS/CodecFake/C2/C2/F02_SSB06310324.wav,2
/USERSPACE/DATASETS/CodecFake/C2/C2/F02_SSB00120346.wav,2
/USERSPACE/DATASETS/CodecFake/C2/C2/F02_SSB00110219.wav,2
/USERSPACE/DATASETS/CodecFake/C2/C2/F02_SSB04350364.wav,2
/USERSPACE/DATASETS/CodecFake/C2/C2/F02_p313_086.wav,2
/USERSPACE/DATASETS/CodecFake/C2/C2/F02_SSB02730389.wav,2
/USERSPACE/DATASETS/CodecFake/C2/C2/F02_p317_111.wav,2
/USERSPACE/DATASETS/CodecFake/C2/C2/F02_p345_306.wav,2
/USERSPACE/DATASETS/CodecFake/C2/C2/F02_SSB00800397.wav,2
/USERSPACE/DATASETS/CodecFake/C2/C2/F02_SSB12390164.wav,2
/USERSPACE/DATASETS/CodecFake/C2/C2/F02_SSB10020052.wav,2
/USERSPACE/DATASETS/CodecFake/C2/C2/F02_SSB02990050.wav,2
/USERSPACE/DATASETS/CodecFake/C2/C2/F02_SSB03390352.wav,2
/USERSPACE/DATASETS/CodecFake/C2/C2/F02_SSB10640024.wav,2
/USERSPACE/DATASETS/CodecFake/C2/C2/F02_SSB00050099.wav,2
/USERSPACE/DATASETS/CodecFake/C2/C2/F02_p258_320.wav,2
/USERSPACE/DATASETS/CodecFake/C2/C2/F02_SSB03750430.wav,2
/USERSPACE/DATASETS/CodecFake/C2/C2/F02_SSB05390349.wav,2
/USERSPACE/DATASETS/CodecFake/C2/C2/F02_SSB02460001.wav,2
/USERSPACE/DATASETS/CodecFake/C2/C2/F02_p334_140.wav,2
/USERSPACE/DATASETS/CodecFake/C2/C2/F02_SSB03150110.wav,2
/USERSPACE/DATASETS/CodecFake/C2/C2/F02_p241_121.wav,2
/USERSPACE/DATASETS/CodecFake/C2/C2/F02_p343_323.wav,2
/USERSPACE/DATASETS/CodecFake/C2/C2/F02_p252_239.wav,2
/USERSPACE/DATASETS/CodecFake/C2/C2/F02_SSB09190039.wav,2
/USERSPACE/DATASETS/CodecFake/C2/C2/F02_p282_038.wav,2
/USERSPACE/DATASETS/CodecFake/C2/C2/F02_SSB03150159.wav,2
/USERSPACE/DATASETS/CodecFake/C2/C2/F02_SSB04340421.wav,2
/USERSPACE/DATASETS/CodecFake/C2/C2/F02_SSB07510027.wav,2
/USERSPACE/DATASETS/CodecFake/C2/C2/F02_SSB10000081.wav,2
/USERSPACE/DATASETS/CodecFake/C2/C2/F02_p272_035.wav,2
/USERSPACE/DATASETS/CodecFake/C2/C2/F02_p326_261.wav,2
/USERSPACE/DATASETS/CodecFake/C2/C2/F02_SSB18460384.wav,2
/USERSPACE/DATASETS/CodecFake/C2/C2/F02_p243_236.wav,2
/USERSPACE/DATASETS/CodecFake/C2/C2/F02_p305_213.wav,2
/USERSPACE/DATASETS/CodecFake/C2/C2/F02_p231_471.wav,2
/USERSPACE/DATASETS/CodecFake/C2/C2/F02_SSB06930278.wav,2
/USERSPACE/DATASETS/CodecFake/C2/C2/F02_SSB00430164.wav,2
/USERSPACE/DATASETS/CodecFake/C2/C2/F02_SSB13400040.wav,2
/USERSPACE/DATASETS/CodecFake/C2/C2/F02_SSB01490077.wav,2
/USERSPACE/DATASETS/CodecFake/C2/C2/F02_p266_288.wav,2
/USERSPACE/DATASETS/CodecFake/C2/C2/F02_SSB03930063.wav,2
/USERSPACE/DATASETS/CodecFake/C2/C2/F02_SSB10960117.wav,2
/USERSPACE/DATASETS/CodecFake/C2/C2/F02_p361_017.wav,2
/USERSPACE/DATASETS/CodecFake/C2/C2/F02_p234_155.wav,2
/USERSPACE/DATASETS/CodecFake/C2/C2/F02_SSB03850438.wav,2
/USERSPACE/DATASETS/CodecFake/C2/C2/F02_SSB00110340.wav,2
/USERSPACE/DATASETS/CodecFake/C2/C2/F02_SSB01330448.wav,2
/USERSPACE/DATASETS/CodecFake/C2/C2/F02_SSB05780358.wav,2
/USERSPACE/DATASETS/CodecFake/C2/C2/F02_SSB08220257.wav,2
/USERSPACE/DATASETS/CodecFake/C2/C2/F02_SSB03940357.wav,2
/USERSPACE/DATASETS/CodecFake/C2/C2/F02_p236_040.wav,2
/USERSPACE/DATASETS/CodecFake/C2/C2/F02_SSB06030201.wav,2
/USERSPACE/DATASETS/CodecFake/C2/C2/F02_p270_064.wav,2
/USERSPACE/DATASETS/CodecFake/C2/C2/F02_SSB07200190.wav,2
/USERSPACE/DATASETS/CodecFake/C2/C2/F02_SSB16840246.wav,2
/USERSPACE/DATASETS/CodecFake/C2/C2/F02_SSB11970493.wav,2
/USERSPACE/DATASETS/CodecFake/C2/C2/F02_SSB01220010.wav,2
/USERSPACE/DATASETS/CodecFake/C2/C2/F02_SSB05350066.wav,2
/USERSPACE/DATASETS/CodecFake/C2/C2/F02_SSB10720433.wav,2
/USERSPACE/DATASETS/CodecFake/C2/C2/F02_SSB19020274.wav,2
/USERSPACE/DATASETS/CodecFake/C2/C2/F02_SSB18090177.wav,2
/USERSPACE/DATASETS/CodecFake/C2/C2/F02_p297_216.wav,2
/USERSPACE/DATASETS/CodecFake/C2/C2/F02_p303_093.wav,2
/USERSPACE/DATASETS/CodecFake/C2/C2/F02_p314_061.wav,2
/USERSPACE/DATASETS/CodecFake/C2/C2/F02_p336_155.wav,2
/USERSPACE/DATASETS/CodecFake/C2/C2/F02_p271_435.wav,2
/USERSPACE/DATASETS/CodecFake/C2/C2/F02_SSB13930322.wav,2
/USERSPACE/DATASETS/CodecFake/C2/C2/F02_SSB19560050.wav,2
/USERSPACE/DATASETS/CodecFake/C2/C2/F02_SSB07840055.wav,2
/USERSPACE/DATASETS/CodecFake/C2/C2/F02_SSB12160349.wav,2
/USERSPACE/DATASETS/CodecFake/C2/C2/F02_SSB07100156.wav,2
/USERSPACE/DATASETS/CodecFake/C2/C2/F02_p364_151.wav,2
/USERSPACE/DATASETS/CodecFake/C2/C2/F02_SSB13660394.wav,2
/USERSPACE/DATASETS/CodecFake/C2/C2/F02_SSB03820483.wav,2
/USERSPACE/DATASETS/CodecFake/C2/C2/F02_p275_186.wav,2
/USERSPACE/DATASETS/CodecFake/C2/C2/F02_SSB07110008.wav,2
/USERSPACE/DATASETS/CodecFake/C2/C2/F02_SSB09130361.wav,2
/USERSPACE/DATASETS/CodecFake/C2/C2/F02_p253_373.wav,2
/USERSPACE/DATASETS/CodecFake/C2/C2/F02_p343_154.wav,2
/USERSPACE/DATASETS/CodecFake/C2/C2/F02_p244_408.wav,2
/USERSPACE/DATASETS/CodecFake/C2/C2/F02_SSB13020290.wav,2
/USERSPACE/DATASETS/CodecFake/C2/C2/F02_p253_135.wav,2
/USERSPACE/DATASETS/CodecFake/C2/C2/F02_p285_208.wav,2
/USERSPACE/DATASETS/CodecFake/C2/C2/F02_SSB07160223.wav,2
/USERSPACE/DATASETS/CodecFake/C2/C2/F02_SSB10640171.wav,2
/USERSPACE/DATASETS/CodecFake/C2/C2/F02_SSB13410467.wav,2
/USERSPACE/DATASETS/CodecFake/C2/C2/F02_SSB02670192.wav,2
/USERSPACE/DATASETS/CodecFake/C2/C2/F02_SSB03410467.wav,2
/USERSPACE/DATASETS/CodecFake/C2/C2/F02_SSB07370317.wav,2
/USERSPACE/DATASETS/CodecFake/C2/C2/F02_SSB09870014.wav,2
/USERSPACE/DATASETS/CodecFake/C2/C2/F02_SSB06010123.wav,2
/USERSPACE/DATASETS/CodecFake/C2/C2/F02_SSB16860452.wav,2
/USERSPACE/DATASETS/CodecFake/C2/C2/F02_SSB07620115.wav,2
/USERSPACE/DATASETS/CodecFake/C2/C2/F02_p288_031.wav,2
/USERSPACE/DATASETS/CodecFake/C2/C2/F02_SSB00330279.wav,2
/USERSPACE/DATASETS/CodecFake/C2/C2/F02_p236_294.wav,2
/USERSPACE/DATASETS/CodecFake/C2/C2/F02_p229_314.wav,2
/USERSPACE/DATASETS/CodecFake/C2/C2/F02_SSB05020116.wav,2
/USERSPACE/DATASETS/CodecFake/C2/C2/F02_SSB00120216.wav,2
/USERSPACE/DATASETS/CodecFake/C2/C2/F02_SSB00160471.wav,2
/USERSPACE/DATASETS/CodecFake/C2/C2/F02_SSB06860324.wav,2
/USERSPACE/DATASETS/CodecFake/C2/C2/F02_p310_260.wav,2
/USERSPACE/DATASETS/CodecFake/C2/C2/F02_SSB18910123.wav,2
/USERSPACE/DATASETS/CodecFake/C2/C2/F02_p257_131.wav,2
/USERSPACE/DATASETS/CodecFake/C2/C2/F02_SSB09930291.wav,2
/USERSPACE/DATASETS/CodecFake/C2/C2/F02_p287_124.wav,2
/USERSPACE/DATASETS/CodecFake/C2/C2/F02_p286_336.wav,2
/USERSPACE/DATASETS/CodecFake/C2/C2/F02_p272_288.wav,2
/USERSPACE/DATASETS/CodecFake/C2/C2/F02_SSB03160239.wav,2
/USERSPACE/DATASETS/CodecFake/C2/C2/F02_SSB04350363.wav,2
/USERSPACE/DATASETS/CodecFake/C2/C2/F02_SSB15750059.wav,2
/USERSPACE/DATASETS/CodecFake/C2/C2/F02_p262_191.wav,2
/USERSPACE/DATASETS/CodecFake/C2/C2/F02_SSB07840372.wav,2
/USERSPACE/DATASETS/CodecFake/C2/C2/F02_SSB02460062.wav,2
/USERSPACE/DATASETS/CodecFake/C2/C2/F02_SSB12530197.wav,2
/USERSPACE/DATASETS/CodecFake/C2/C2/F02_SSB14480315.wav,2
/USERSPACE/DATASETS/CodecFake/C2/C2/F02_SSB13850492.wav,2
/USERSPACE/DATASETS/CodecFake/C2/C2/F02_SSB19350360.wav,2
/USERSPACE/DATASETS/CodecFake/C2/C2/F02_p251_258.wav,2
/USERSPACE/DATASETS/CodecFake/C2/C2/F02_SSB12040066.wav,2
/USERSPACE/DATASETS/CodecFake/C2/C2/F02_p360_367.wav,2
/USERSPACE/DATASETS/CodecFake/C2/C2/F02_SSB01450390.wav,2
/USERSPACE/DATASETS/CodecFake/C2/C2/F02_SSB03070077.wav,2
/USERSPACE/DATASETS/CodecFake/C2/C2/F02_SSB01330052.wav,2
/USERSPACE/DATASETS/CodecFake/C2/C2/F02_SSB02880118.wav,2
/USERSPACE/DATASETS/CodecFake/C2/C2/F02_SSB00570269.wav,2
/USERSPACE/DATASETS/CodecFake/C2/C2/F02_SSB18320358.wav,2
/USERSPACE/DATASETS/CodecFake/C2/C2/F02_SSB11150214.wav,2
/USERSPACE/DATASETS/CodecFake/C2/C2/F02_p335_010.wav,2
/USERSPACE/DATASETS/CodecFake/C2/C2/F02_p238_143.wav,2
/USERSPACE/DATASETS/CodecFake/C2/C2/F02_SSB03750403.wav,2
/USERSPACE/DATASETS/CodecFake/C2/C2/F02_SSB16700066.wav,2
/USERSPACE/DATASETS/CodecFake/C2/C2/F02_SSB03660338.wav,2
/USERSPACE/DATASETS/CodecFake/C2/C2/F02_SSB10550037.wav,2
/USERSPACE/DATASETS/CodecFake/C2/C2/F02_SSB03160337.wav,2
/USERSPACE/DATASETS/CodecFake/C2/C2/F02_p286_230.wav,2
/USERSPACE/DATASETS/CodecFake/C2/C2/F02_SSB05390433.wav,2
/USERSPACE/DATASETS/CodecFake/C2/C2/F02_p236_327.wav,2
/USERSPACE/DATASETS/CodecFake/C2/C2/F02_SSB04150369.wav,2
/USERSPACE/DATASETS/CodecFake/C2/C2/F02_SSB03800365.wav,2
/USERSPACE/DATASETS/CodecFake/C2/C2/F02_p259_331.wav,2
/USERSPACE/DATASETS/CodecFake/C2/C2/F02_SSB01390354.wav,2
/USERSPACE/DATASETS/CodecFake/C2/C2/F02_p303_035.wav,2
/USERSPACE/DATASETS/CodecFake/C2/C2/F02_p304_224.wav,2
/USERSPACE/DATASETS/CodecFake/C2/C2/F02_SSB10010034.wav,2
/USERSPACE/DATASETS/CodecFake/C2/C2/F02_p258_005.wav,2
/USERSPACE/DATASETS/CodecFake/C2/C2/F02_p285_209.wav,2
/USERSPACE/DATASETS/CodecFake/C2/C2/F02_SSB18370170.wav,2
/USERSPACE/DATASETS/CodecFake/C2/C2/F02_SSB03940019.wav,2
/USERSPACE/DATASETS/CodecFake/C2/C2/F02_SSB15750091.wav,2
/USERSPACE/DATASETS/CodecFake/C2/C2/F02_SSB18090071.wav,2
/USERSPACE/DATASETS/CodecFake/C2/C2/F02_SSB04350051.wav,2
/USERSPACE/DATASETS/CodecFake/C2/C2/F02_SSB17390452.wav,2
/USERSPACE/DATASETS/CodecFake/C2/C2/F02_SSB07780324.wav,2
/USERSPACE/DATASETS/CodecFake/C2/C2/F02_SSB10000043.wav,2
/USERSPACE/DATASETS/CodecFake/C2/C2/F02_SSB10200263.wav,2
/USERSPACE/DATASETS/CodecFake/C2/C2/F02_p307_379.wav,2
/USERSPACE/DATASETS/CodecFake/C2/C2/F02_SSB06010481.wav,2
/USERSPACE/DATASETS/CodecFake/C2/C2/F02_p307_386.wav,2
/USERSPACE/DATASETS/CodecFake/C2/C2/F02_p343_177.wav,2
/USERSPACE/DATASETS/CodecFake/C2/C2/F02_SSB15670251.wav,2
/USERSPACE/DATASETS/CodecFake/C2/C2/F02_p249_237.wav,2
/USERSPACE/DATASETS/CodecFake/C2/C2/F02_p326_143.wav,2
/USERSPACE/DATASETS/CodecFake/C2/C2/F02_SSB08710116.wav,2
/USERSPACE/DATASETS/CodecFake/C2/C2/F02_p259_201.wav,2
/USERSPACE/DATASETS/CodecFake/C2/C2/F02_SSB13770419.wav,2
/USERSPACE/DATASETS/CodecFake/C2/C2/F02_SSB04820161.wav,2
/USERSPACE/DATASETS/CodecFake/C2/C2/F02_SSB13400048.wav,2
/USERSPACE/DATASETS/CodecFake/C2/C2/F02_p302_169.wav,2
/USERSPACE/DATASETS/CodecFake/C2/C2/F02_SSB14310448.wav,2
/USERSPACE/DATASETS/CodecFake/C2/C2/F02_p292_264.wav,2
/USERSPACE/DATASETS/CodecFake/C2/C2/F02_p258_408.wav,2
/USERSPACE/DATASETS/CodecFake/C2/C2/F02_SSB14020155.wav,2
/USERSPACE/DATASETS/CodecFake/C2/C2/F02_SSB05390190.wav,2
/USERSPACE/DATASETS/CodecFake/C2/C2/F02_p312_245.wav,2
/USERSPACE/DATASETS/CodecFake/C2/C2/F02_p273_057.wav,2
/USERSPACE/DATASETS/CodecFake/C2/C2/F02_SSB11760442.wav,2
/USERSPACE/DATASETS/CodecFake/C2/C2/F02_SSB13400277.wav,2
/USERSPACE/DATASETS/CodecFake/C2/C2/F02_SSB07160015.wav,2
/USERSPACE/DATASETS/CodecFake/C2/C2/F02_SSB06140403.wav,2
/USERSPACE/DATASETS/CodecFake/C2/C2/F02_SSB18310380.wav,2
/USERSPACE/DATASETS/CodecFake/C2/C2/F02_p323_098.wav,2
/USERSPACE/DATASETS/CodecFake/C2/C2/F02_p299_109.wav,2
/USERSPACE/DATASETS/CodecFake/C2/C2/F02_SSB08510057.wav,2
/USERSPACE/DATASETS/CodecFake/C2/C2/F02_p267_354.wav,2
/USERSPACE/DATASETS/CodecFake/C2/C2/F02_p254_202.wav,2
/USERSPACE/DATASETS/CodecFake/C2/C2/F02_p258_326.wav,2
/USERSPACE/DATASETS/CodecFake/C2/C2/F02_SSB06230338.wav,2
/USERSPACE/DATASETS/CodecFake/C2/C2/F02_SSB18320252.wav,2
/USERSPACE/DATASETS/CodecFake/C2/C2/F02_SSB02410220.wav,2
/USERSPACE/DATASETS/CodecFake/C2/C2/F02_SSB03230364.wav,2
/USERSPACE/DATASETS/CodecFake/C2/C2/F02_SSB10960149.wav,2
/USERSPACE/DATASETS/CodecFake/C2/C2/F02_SSB18630203.wav,2
/USERSPACE/DATASETS/CodecFake/C2/C2/F02_p268_003.wav,2
/USERSPACE/DATASETS/CodecFake/C2/C2/F02_SSB10240043.wav,2
/USERSPACE/DATASETS/CodecFake/C2/C2/F02_p264_401.wav,2
/USERSPACE/DATASETS/CodecFake/C2/C2/F02_SSB03660476.wav,2
/USERSPACE/DATASETS/CodecFake/C2/C2/F02_p275_081.wav,2
/USERSPACE/DATASETS/CodecFake/C2/C2/F02_SSB08630473.wav,2
/USERSPACE/DATASETS/CodecFake/C2/C2/F02_SSB04070053.wav,2
/USERSPACE/DATASETS/CodecFake/C2/C2/F02_SSB00570295.wav,2
/USERSPACE/DATASETS/CodecFake/C2/C2/F02_p273_284.wav,2
/USERSPACE/DATASETS/CodecFake/C2/C2/F02_SSB11360137.wav,2
/USERSPACE/DATASETS/CodecFake/C2/C2/F02_p270_192.wav,2
/USERSPACE/DATASETS/CodecFake/C2/C2/F02_p229_075.wav,2
/USERSPACE/DATASETS/CodecFake/C2/C2/F02_SSB15930026.wav,2
/USERSPACE/DATASETS/CodecFake/C2/C2/F02_SSB01490219.wav,2
/USERSPACE/DATASETS/CodecFake/C2/C2/F02_SSB07940281.wav,2
/USERSPACE/DATASETS/CodecFake/C2/C2/F02_SSB15550447.wav,2
/USERSPACE/DATASETS/CodecFake/C2/C2/F02_SSB00730174.wav,2
/USERSPACE/DATASETS/CodecFake/C2/C2/F02_SSB16500071.wav,2
/USERSPACE/DATASETS/CodecFake/C2/C2/F02_SSB13650383.wav,2
/USERSPACE/DATASETS/CodecFake/C2/C2/F02_SSB11150372.wav,2
/USERSPACE/DATASETS/CodecFake/C2/C2/F02_p248_104.wav,2
/USERSPACE/DATASETS/CodecFake/C2/C2/F02_SSB15930039.wav,2
/USERSPACE/DATASETS/CodecFake/C2/C2/F02_p244_294.wav,2
/USERSPACE/DATASETS/CodecFake/C2/C2/F02_p268_130.wav,2
/USERSPACE/DATASETS/CodecFake/C2/C2/F02_p318_083.wav,2
/USERSPACE/DATASETS/CodecFake/C2/C2/F02_p230_100.wav,2
/USERSPACE/DATASETS/CodecFake/C2/C2/F02_SSB04350124.wav,2
/USERSPACE/DATASETS/CodecFake/C2/C2/F02_SSB03930103.wav,2
/USERSPACE/DATASETS/CodecFake/C2/C2/F02_p283_249.wav,2
/USERSPACE/DATASETS/CodecFake/C2/C2/F02_SSB03410280.wav,2
/USERSPACE/DATASETS/CodecFake/C2/C2/F02_SSB15550279.wav,2
/USERSPACE/DATASETS/CodecFake/C2/C2/F02_SSB10550058.wav,2
/USERSPACE/DATASETS/CodecFake/C2/C2/F02_SSB07170076.wav,2
/USERSPACE/DATASETS/CodecFake/C2/C2/F02_p252_148.wav,2
/USERSPACE/DATASETS/CodecFake/C2/C2/F02_SSB06090028.wav,2
/USERSPACE/DATASETS/CodecFake/C2/C2/F02_SSB00120059.wav,2
/USERSPACE/DATASETS/CodecFake/C2/C2/F02_SSB15750235.wav,2
/USERSPACE/DATASETS/CodecFake/C2/C2/F02_p240_293.wav,2
/USERSPACE/DATASETS/CodecFake/C2/C2/F02_SSB04260078.wav,2
/USERSPACE/DATASETS/CodecFake/C2/C2/F02_SSB07230160.wav,2
/USERSPACE/DATASETS/CodecFake/C2/C2/F02_SSB11080018.wav,2
/USERSPACE/DATASETS/CodecFake/C2/C2/F02_p335_215.wav,2
/USERSPACE/DATASETS/CodecFake/C2/C2/F02_SSB02730360.wav,2
/USERSPACE/DATASETS/CodecFake/C2/C2/F02_SSB12150329.wav,2
/USERSPACE/DATASETS/CodecFake/C2/C2/F02_SSB06930311.wav,2
/USERSPACE/DATASETS/CodecFake/C2/C2/F02_SSB13850192.wav,2
/USERSPACE/DATASETS/CodecFake/C2/C2/F02_SSB04150392.wav,2
/USERSPACE/DATASETS/CodecFake/C2/C2/F02_SSB05880182.wav,2
/USERSPACE/DATASETS/CodecFake/C2/C2/F02_SSB15550461.wav,2
/USERSPACE/DATASETS/CodecFake/C2/C2/F02_p333_299.wav,2
/USERSPACE/DATASETS/CodecFake/C2/C2/F02_SSB05700311.wav,2
/USERSPACE/DATASETS/CodecFake/C2/C2/F02_SSB17110284.wav,2
/USERSPACE/DATASETS/CodecFake/C2/C2/F02_p230_135.wav,2
/USERSPACE/DATASETS/CodecFake/C2/C2/F02_SSB05780206.wav,2
/USERSPACE/DATASETS/CodecFake/C2/C2/F02_p345_320.wav,2
/USERSPACE/DATASETS/CodecFake/C2/C2/F02_SSB00160123.wav,2
/USERSPACE/DATASETS/CodecFake/C2/C2/F02_SSB18630320.wav,2
/USERSPACE/DATASETS/CodecFake/C2/C2/F02_SSB09150118.wav,2
/USERSPACE/DATASETS/CodecFake/C2/C2/F02_SSB12740267.wav,2
/USERSPACE/DATASETS/CodecFake/C2/C2/F02_SSB18910450.wav,2
/USERSPACE/DATASETS/CodecFake/C2/C2/F02_SSB03230136.wav,2
/USERSPACE/DATASETS/CodecFake/C2/C2/F02_SSB11000107.wav,2
/USERSPACE/DATASETS/CodecFake/C2/C2/F02_SSB09190266.wav,2
/USERSPACE/DATASETS/CodecFake/C2/C2/F02_p231_155.wav,2
/USERSPACE/DATASETS/CodecFake/C2/C2/F02_SSB19350234.wav,2
/USERSPACE/DATASETS/CodecFake/C2/C2/F02_SSB01220341.wav,2
/USERSPACE/DATASETS/CodecFake/C2/C2/F02_SSB18780017.wav,2
/USERSPACE/DATASETS/CodecFake/C2/C2/F02_SSB06230108.wav,2
/USERSPACE/DATASETS/CodecFake/C2/C2/F02_SSB02410261.wav,2
/USERSPACE/DATASETS/CodecFake/C2/C2/F02_SSB06060292.wav,2
/USERSPACE/DATASETS/CodecFake/C2/C2/F02_SSB03930322.wav,2
/USERSPACE/DATASETS/CodecFake/C2/C2/F02_SSB00380315.wav,2
/USERSPACE/DATASETS/CodecFake/C2/C2/F02_SSB05390222.wav,2
/USERSPACE/DATASETS/CodecFake/C2/C2/F02_SSB06010446.wav,2
/USERSPACE/DATASETS/CodecFake/C2/C2/F02_SSB02880217.wav,2
/USERSPACE/DATASETS/CodecFake/C2/C2/F02_p363_354.wav,2
/USERSPACE/DATASETS/CodecFake/C2/C2/F02_p238_171.wav,2
/USERSPACE/DATASETS/CodecFake/C2/C2/F02_SSB03800171.wav,2
/USERSPACE/DATASETS/CodecFake/C2/C2/F02_p267_147.wav,2
/USERSPACE/DATASETS/CodecFake/C2/C2/F02_p312_239.wav,2
/USERSPACE/DATASETS/CodecFake/C2/C2/F02_p265_025.wav,2
/USERSPACE/DATASETS/CodecFake/C2/C2/F02_p276_234.wav,2
/USERSPACE/DATASETS/CodecFake/C2/C2/F02_p308_151.wav,2
/USERSPACE/DATASETS/CodecFake/C2/C2/F02_SSB07020259.wav,2
/USERSPACE/DATASETS/CodecFake/C2/C2/F02_SSB10010008.wav,2
/USERSPACE/DATASETS/CodecFake/C2/C2/F02_p293_139.wav,2
/USERSPACE/DATASETS/CodecFake/C2/C2/F02_p283_253.wav,2
/USERSPACE/DATASETS/CodecFake/C2/C2/F02_SSB06290429.wav,2
/USERSPACE/DATASETS/CodecFake/C2/C2/F02_SSB07370437.wav,2
/USERSPACE/DATASETS/CodecFake/C2/C2/F02_SSB13770147.wav,2
/USERSPACE/DATASETS/CodecFake/C2/C2/F02_SSB06320250.wav,2
/USERSPACE/DATASETS/CodecFake/C2/C2/F02_p329_210.wav,2
/USERSPACE/DATASETS/CodecFake/C2/C2/F02_SSB08170164.wav,2
/USERSPACE/DATASETS/CodecFake/C2/C2/F02_SSB07110364.wav,2
/USERSPACE/DATASETS/CodecFake/C2/C2/F02_SSB07800134.wav,2
/USERSPACE/DATASETS/CodecFake/C2/C2/F02_p264_033.wav,2
/USERSPACE/DATASETS/CodecFake/C2/C2/F02_SSB04820308.wav,2
/USERSPACE/DATASETS/CodecFake/C2/C2/F02_SSB14520119.wav,2
/USERSPACE/DATASETS/CodecFake/C2/C2/F02_SSB04340059.wav,2
/USERSPACE/DATASETS/CodecFake/C2/C2/F02_SSB07580220.wav,2
/USERSPACE/DATASETS/CodecFake/C2/C2/F02_SSB15930006.wav,2
/USERSPACE/DATASETS/CodecFake/C2/C2/F02_SSB05390071.wav,2
/USERSPACE/DATASETS/CodecFake/C2/C2/F02_p232_349.wav,2
/USERSPACE/DATASETS/CodecFake/C2/C2/F02_p231_223.wav,2
/USERSPACE/DATASETS/CodecFake/C2/C2/F02_p229_308.wav,2
/USERSPACE/DATASETS/CodecFake/C2/C2/F02_SSB07020241.wav,2
/USERSPACE/DATASETS/CodecFake/C2/C2/F02_SSB07110083.wav,2
/USERSPACE/DATASETS/CodecFake/C2/C2/F02_SSB00110202.wav,2
/USERSPACE/DATASETS/CodecFake/C2/C2/F02_SSB03420176.wav,2
/USERSPACE/DATASETS/CodecFake/C2/C2/F02_p262_306.wav,2
/USERSPACE/DATASETS/CodecFake/C2/C2/F02_SSB04820166.wav,2
/USERSPACE/DATASETS/CodecFake/C2/C2/F02_SSB11000325.wav,2
/USERSPACE/DATASETS/CodecFake/C2/C2/F02_p276_304.wav,2
/USERSPACE/DATASETS/CodecFake/C2/C2/F02_p362_268.wav,2
/USERSPACE/DATASETS/CodecFake/C2/C2/F02_SSB05780140.wav,2
/USERSPACE/DATASETS/CodecFake/C2/C2/F02_SSB00050486.wav,2
/USERSPACE/DATASETS/CodecFake/C2/C2/F02_SSB02610179.wav,2
/USERSPACE/DATASETS/CodecFake/C2/C2/F02_SSB11260213.wav,2
/USERSPACE/DATASETS/CodecFake/C2/C2/F02_SSB01450195.wav,2
/USERSPACE/DATASETS/CodecFake/C2/C2/F02_SSB16700439.wav,2
/USERSPACE/DATASETS/CodecFake/C2/C2/F02_p316_389.wav,2
/USERSPACE/DATASETS/CodecFake/C2/C2/F02_SSB16240167.wav,2
/USERSPACE/DATASETS/CodecFake/C2/C2/F02_SSB12530238.wav,2
/USERSPACE/DATASETS/CodecFake/C2/C2/F02_SSB03390190.wav,2
/USERSPACE/DATASETS/CodecFake/C2/C2/F02_SSB16860019.wav,2
/USERSPACE/DATASETS/CodecFake/C2/C2/F02_SSB13770357.wav,2
/USERSPACE/DATASETS/CodecFake/C2/C2/F02_SSB13660163.wav,2
/USERSPACE/DATASETS/CodecFake/C2/C2/F02_SSB13020133.wav,2
/USERSPACE/DATASETS/CodecFake/C2/C2/F02_SSB14480350.wav,2
/USERSPACE/DATASETS/CodecFake/C2/C2/F02_SSB07940030.wav,2
/USERSPACE/DATASETS/CodecFake/C2/C2/F02_SSB07170300.wav,2
/USERSPACE/DATASETS/CodecFake/C2/C2/F02_SSB00120151.wav,2
/USERSPACE/DATASETS/CodecFake/C2/C2/F02_SSB05020307.wav,2
/USERSPACE/DATASETS/CodecFake/C2/C2/F02_p263_201.wav,2
/USERSPACE/DATASETS/CodecFake/C2/C2/F02_SSB07370089.wav,2
/USERSPACE/DATASETS/CodecFake/C2/C2/F02_SSB13200488.wav,2
/USERSPACE/DATASETS/CodecFake/C2/C2/F02_p294_059.wav,2
/USERSPACE/DATASETS/CodecFake/C2/C2/F02_p259_087.wav,2
/USERSPACE/DATASETS/CodecFake/C2/C2/F02_SSB01490344.wav,2
/USERSPACE/DATASETS/CodecFake/C2/C2/F02_SSB08220428.wav,2
/USERSPACE/DATASETS/CodecFake/C2/C2/F02_SSB18910017.wav,2
/USERSPACE/DATASETS/CodecFake/C2/C2/F02_p284_318.wav,2
/USERSPACE/DATASETS/CodecFake/C2/C2/F02_SSB07490148.wav,2
/USERSPACE/DATASETS/CodecFake/C2/C2/F02_SSB19350369.wav,2
/USERSPACE/DATASETS/CodecFake/C2/C2/F02_SSB00330348.wav,2
/USERSPACE/DATASETS/CodecFake/C2/C2/F02_SSB18910452.wav,2
/USERSPACE/DATASETS/CodecFake/C2/C2/F02_SSB05440313.wav,2
/USERSPACE/DATASETS/CodecFake/C2/C2/F02_p272_150.wav,2
/USERSPACE/DATASETS/CodecFake/C2/C2/F02_SSB10020310.wav,2
/USERSPACE/DATASETS/CodecFake/C2/C2/F02_SSB02880065.wav,2
/USERSPACE/DATASETS/CodecFake/C2/C2/F02_SSB07480062.wav,2
/USERSPACE/DATASETS/CodecFake/C2/C2/F02_p277_332.wav,2
/USERSPACE/DATASETS/CodecFake/C2/C2/F02_SSB02870088.wav,2
/USERSPACE/DATASETS/CodecFake/C2/C2/F02_SSB11360214.wav,2
/USERSPACE/DATASETS/CodecFake/C2/C2/F02_p266_139.wav,2
/USERSPACE/DATASETS/CodecFake/C2/C2/F02_SSB07360385.wav,2
/USERSPACE/DATASETS/CodecFake/C2/C2/F02_SSB00160113.wav,2
/USERSPACE/DATASETS/CodecFake/C2/C2/F02_SSB03820117.wav,2
/USERSPACE/DATASETS/CodecFake/C2/C2/F02_SSB07840431.wav,2
/USERSPACE/DATASETS/CodecFake/C2/C2/F02_SSB05990224.wav,2
/USERSPACE/DATASETS/CodecFake/C2/C2/F02_p237_036.wav,2
/USERSPACE/DATASETS/CodecFake/C2/C2/F02_SSB02870039.wav,2
/USERSPACE/DATASETS/CodecFake/C2/C2/F02_SSB10000190.wav,2
/USERSPACE/DATASETS/CodecFake/C2/C2/F02_SSB11310436.wav,2
/USERSPACE/DATASETS/CodecFake/C2/C2/F02_SSB03390139.wav,2
/USERSPACE/DATASETS/CodecFake/C2/C2/F02_SSB13770030.wav,2
/USERSPACE/DATASETS/CodecFake/C2/C2/F02_p225_049.wav,2
/USERSPACE/DATASETS/CodecFake/C2/C2/F02_SSB16240142.wav,2
/USERSPACE/DATASETS/CodecFake/C2/C2/F02_SSB16860078.wav,2
/USERSPACE/DATASETS/CodecFake/C2/C2/F02_SSB09130028.wav,2
/USERSPACE/DATASETS/CodecFake/C2/C2/F02_p351_034.wav,2
/USERSPACE/DATASETS/CodecFake/C2/C2/F02_SSB05940405.wav,2
/USERSPACE/DATASETS/CodecFake/C2/C2/F02_SSB00120213.wav,2
/USERSPACE/DATASETS/CodecFake/C2/C2/F02_SSB06320434.wav,2
/USERSPACE/DATASETS/CodecFake/C2/C2/F02_SSB12030132.wav,2
/USERSPACE/DATASETS/CodecFake/C2/C2/F02_SSB00110399.wav,2
/USERSPACE/DATASETS/CodecFake/C2/C2/F02_p276_120.wav,2
/USERSPACE/DATASETS/CodecFake/C2/C2/F02_p305_142.wav,2
/USERSPACE/DATASETS/CodecFake/C2/C2/F02_p226_029.wav,2
/USERSPACE/DATASETS/CodecFake/C2/C2/F02_SSB07460314.wav,2
/USERSPACE/DATASETS/CodecFake/C2/C2/F02_p245_288.wav,2
/USERSPACE/DATASETS/CodecFake/C2/C2/F02_p316_364.wav,2
/USERSPACE/DATASETS/CodecFake/C2/C2/F02_p238_432.wav,2
/USERSPACE/DATASETS/CodecFake/C2/C2/F02_p265_278.wav,2
/USERSPACE/DATASETS/CodecFake/C2/C2/F02_SSB09970188.wav,2
/USERSPACE/DATASETS/CodecFake/C2/C2/F02_SSB17110346.wav,2
/USERSPACE/DATASETS/CodecFake/C2/C2/F02_SSB15930430.wav,2
/USERSPACE/DATASETS/CodecFake/C2/C2/F02_SSB14080481.wav,2
/USERSPACE/DATASETS/CodecFake/C2/C2/F02_SSB06930190.wav,2
/USERSPACE/DATASETS/CodecFake/C2/C2/F02_SSB05780478.wav,2
/USERSPACE/DATASETS/CodecFake/C2/C2/F02_SSB03540045.wav,2
/USERSPACE/DATASETS/CodecFake/C2/C2/F02_SSB11310296.wav,2
/USERSPACE/DATASETS/CodecFake/C2/C2/F02_SSB11380150.wav,2
/USERSPACE/DATASETS/CodecFake/C2/C2/F02_SSB00570304.wav,2
/USERSPACE/DATASETS/CodecFake/C2/C2/F02_SSB07510088.wav,2
/USERSPACE/DATASETS/CodecFake/C2/C2/F02_p299_380.wav,2
/USERSPACE/DATASETS/CodecFake/C2/C2/F02_p315_213.wav,2
/USERSPACE/DATASETS/CodecFake/C2/C2/F02_SSB07160287.wav,2
/USERSPACE/DATASETS/CodecFake/C2/C2/F02_SSB03940412.wav,2
/USERSPACE/DATASETS/CodecFake/C2/C2/F02_SSB15850195.wav,2
/USERSPACE/DATASETS/CodecFake/C2/C2/F02_p362_352.wav,2
/USERSPACE/DATASETS/CodecFake/C2/C2/F02_SSB06660289.wav,2
/USERSPACE/DATASETS/CodecFake/C2/C2/F02_p248_343.wav,2
/USERSPACE/DATASETS/CodecFake/C2/C2/F02_p277_003.wav,2
/USERSPACE/DATASETS/CodecFake/C2/C2/F02_SSB18090278.wav,2
/USERSPACE/DATASETS/CodecFake/C2/C2/F02_p275_243.wav,2
/USERSPACE/DATASETS/CodecFake/C2/C2/F02_SSB07000146.wav,2
/USERSPACE/DATASETS/CodecFake/C2/C2/F02_SSB19350070.wav,2
/USERSPACE/DATASETS/CodecFake/C2/C2/F02_SSB07460013.wav,2
/USERSPACE/DATASETS/CodecFake/C2/C2/F02_SSB04820450.wav,2
/USERSPACE/DATASETS/CodecFake/C2/C2/F02_SSB00330222.wav,2
/USERSPACE/DATASETS/CodecFake/C2/C2/F02_SSB10000462.wav,2
/USERSPACE/DATASETS/CodecFake/C2/C2/F02_SSB09660404.wav,2
/USERSPACE/DATASETS/CodecFake/C2/C2/F02_SSB17810229.wav,2
/USERSPACE/DATASETS/CodecFake/C2/C2/F02_SSB18100212.wav,2
/USERSPACE/DATASETS/CodecFake/C2/C2/F02_SSB14310208.wav,2
/USERSPACE/DATASETS/CodecFake/C2/C2/F02_SSB06290031.wav,2
/USERSPACE/DATASETS/CodecFake/C2/C2/F02_p239_408.wav,2
/USERSPACE/DATASETS/CodecFake/C2/C2/F02_SSB05880168.wav,2
/USERSPACE/DATASETS/CodecFake/C2/C2/F02_SSB18280073.wav,2
/USERSPACE/DATASETS/CodecFake/C2/C2/F02_SSB00330049.wav,2
/USERSPACE/DATASETS/CodecFake/C2/C2/F02_SSB11970394.wav,2
/USERSPACE/DATASETS/CodecFake/C2/C2/F02_SSB09190186.wav,2
/USERSPACE/DATASETS/CodecFake/C2/C2/F02_SSB03410272.wav,2
/USERSPACE/DATASETS/CodecFake/C2/C2/F02_SSB13410270.wav,2
/USERSPACE/DATASETS/CodecFake/C2/C2/F02_SSB06060448.wav,2
/USERSPACE/DATASETS/CodecFake/C2/C2/F02_SSB14370240.wav,2
/USERSPACE/DATASETS/CodecFake/C2/C2/F02_p230_120.wav,2
/USERSPACE/DATASETS/CodecFake/C2/C2/F02_SSB07780234.wav,2
/USERSPACE/DATASETS/CodecFake/C2/C2/F02_SSB07600435.wav,2
/USERSPACE/DATASETS/CodecFake/C2/C2/F02_p307_247.wav,2
/USERSPACE/DATASETS/CodecFake/C2/C2/F02_SSB08510220.wav,2
/USERSPACE/DATASETS/CodecFake/C2/C2/F02_p259_229.wav,2
/USERSPACE/DATASETS/CodecFake/C2/C2/F02_SSB16500126.wav,2
/USERSPACE/DATASETS/CodecFake/C2/C2/F02_SSB16700303.wav,2
/USERSPACE/DATASETS/CodecFake/C2/C2/F02_p316_335.wav,2
/USERSPACE/DATASETS/CodecFake/C2/C2/F02_SSB09870092.wav,2
/USERSPACE/DATASETS/CodecFake/C2/C2/F02_SSB03930101.wav,2
/USERSPACE/DATASETS/CodecFake/C2/C2/F02_p287_395.wav,2
/USERSPACE/DATASETS/CodecFake/C2/C2/F02_SSB05780062.wav,2
/USERSPACE/DATASETS/CodecFake/C2/C2/F02_SSB07370211.wav,2
/USERSPACE/DATASETS/CodecFake/C2/C2/F02_SSB06070141.wav,2
/USERSPACE/DATASETS/CodecFake/C2/C2/F02_SSB05350041.wav,2
/USERSPACE/DATASETS/CodecFake/C2/C2/F02_SSB10550157.wav,2
/USERSPACE/DATASETS/CodecFake/C2/C2/F02_SSB15850347.wav,2
/USERSPACE/DATASETS/CodecFake/C2/C2/F02_SSB04150398.wav,2
/USERSPACE/DATASETS/CodecFake/C2/C2/F02_SSB07110356.wav,2
/USERSPACE/DATASETS/CodecFake/C2/C2/F02_SSB15630376.wav,2
/USERSPACE/DATASETS/CodecFake/C2/C2/F02_p271_062.wav,2
/USERSPACE/DATASETS/CodecFake/C2/C2/F02_SSB07860252.wav,2
/USERSPACE/DATASETS/CodecFake/C2/C2/F02_SSB11350334.wav,2
/USERSPACE/DATASETS/CodecFake/C2/C2/F02_p240_043.wav,2
/USERSPACE/DATASETS/CodecFake/C2/C2/F02_p248_019.wav,2
/USERSPACE/DATASETS/CodecFake/C2/C2/F02_SSB18910293.wav,2
/USERSPACE/DATASETS/CodecFake/C2/C2/F02_SSB02410215.wav,2
/USERSPACE/DATASETS/CodecFake/C2/C2/F02_SSB18320082.wav,2
/USERSPACE/DATASETS/CodecFake/C2/C2/F02_p307_083.wav,2
/USERSPACE/DATASETS/CodecFake/C2/C2/F02_SSB01330403.wav,2
/USERSPACE/DATASETS/CodecFake/C2/C2/F02_SSB10560292.wav,2
/USERSPACE/DATASETS/CodecFake/C2/C2/F02_SSB15930482.wav,2
/USERSPACE/DATASETS/CodecFake/C2/C2/F02_SSB03750341.wav,2
/USERSPACE/DATASETS/CodecFake/C2/C2/F02_SSB18630093.wav,2
/USERSPACE/DATASETS/CodecFake/C2/C2/F02_SSB03070498.wav,2
/USERSPACE/DATASETS/CodecFake/C2/C2/F02_SSB15550147.wav,2
/USERSPACE/DATASETS/CodecFake/C2/C2/F02_p241_218.wav,2
/USERSPACE/DATASETS/CodecFake/C2/C2/F02_SSB11310303.wav,2
/USERSPACE/DATASETS/CodecFake/C2/C2/F02_SSB09870206.wav,2
/USERSPACE/DATASETS/CodecFake/C2/C2/F02_SSB07360374.wav,2
/USERSPACE/DATASETS/CodecFake/C2/C2/F02_p283_114.wav,2
/USERSPACE/DATASETS/CodecFake/C2/C2/F02_SSB13770054.wav,2
/USERSPACE/DATASETS/CodecFake/C2/C2/F02_SSB10960400.wav,2
/USERSPACE/DATASETS/CodecFake/C2/C2/F02_SSB03800262.wav,2
/USERSPACE/DATASETS/CodecFake/C2/C2/F02_SSB07860430.wav,2
/USERSPACE/DATASETS/CodecFake/C2/C2/F02_SSB10910145.wav,2
/USERSPACE/DATASETS/CodecFake/C2/C2/F02_SSB09660088.wav,2
/USERSPACE/DATASETS/CodecFake/C2/C2/F02_SSB11870118.wav,2
/USERSPACE/DATASETS/CodecFake/C2/C2/F02_p303_224.wav,2
/USERSPACE/DATASETS/CodecFake/C2/C2/F02_p230_107.wav,2
/USERSPACE/DATASETS/CodecFake/C2/C2/F02_SSB02610466.wav,2
/USERSPACE/DATASETS/CodecFake/C2/C2/F02_SSB10910484.wav,2
/USERSPACE/DATASETS/CodecFake/C2/C2/F02_p231_324.wav,2
/USERSPACE/DATASETS/CodecFake/C2/C2/F02_SSB03930496.wav,2
/USERSPACE/DATASETS/CodecFake/C2/C2/F02_SSB18320188.wav,2
/USERSPACE/DATASETS/CodecFake/C2/C2/F02_SSB11250394.wav,2
/USERSPACE/DATASETS/CodecFake/C2/C2/F02_SSB03660451.wav,2
/USERSPACE/DATASETS/CodecFake/C2/C2/F02_p313_317.wav,2
/USERSPACE/DATASETS/CodecFake/C2/C2/F02_p238_421.wav,2
/USERSPACE/DATASETS/CodecFake/C2/C2/F02_p351_070.wav,2
/USERSPACE/DATASETS/CodecFake/C2/C2/F02_SSB09130453.wav,2
/USERSPACE/DATASETS/CodecFake/C2/C2/F02_SSB00730470.wav,2
/USERSPACE/DATASETS/CodecFake/C2/C2/F02_SSB00330147.wav,2
/USERSPACE/DATASETS/CodecFake/C2/C2/F02_SSB04150423.wav,2
/USERSPACE/DATASETS/CodecFake/C2/C2/F02_SSB18630057.wav,2
/USERSPACE/DATASETS/CodecFake/C2/C2/F02_SSB07780186.wav,2
/USERSPACE/DATASETS/CodecFake/C2/C2/F02_SSB11870088.wav,2
/USERSPACE/DATASETS/CodecFake/C2/C2/F02_SSB10910216.wav,2
/USERSPACE/DATASETS/CodecFake/C2/C2/F02_SSB13650358.wav,2
/USERSPACE/DATASETS/CodecFake/C2/C2/F02_SSB06060476.wav,2
/USERSPACE/DATASETS/CodecFake/C2/C2/F02_p276_436.wav,2
/USERSPACE/DATASETS/CodecFake/C2/C2/F02_SSB07170294.wav,2
/USERSPACE/DATASETS/CodecFake/C2/C2/F02_SSB03090273.wav,2
/USERSPACE/DATASETS/CodecFake/C2/C2/F02_SSB03940009.wav,2
/USERSPACE/DATASETS/CodecFake/C2/C2/F02_SSB09870069.wav,2
/USERSPACE/DATASETS/CodecFake/C2/C2/F02_SSB09870059.wav,2
/USERSPACE/DATASETS/CodecFake/C2/C2/F02_SSB00330464.wav,2
/USERSPACE/DATASETS/CodecFake/C2/C2/F02_SSB05340399.wav,2
/USERSPACE/DATASETS/CodecFake/C2/C2/F02_p257_301.wav,2
/USERSPACE/DATASETS/CodecFake/C2/C2/F02_SSB00110353.wav,2
/USERSPACE/DATASETS/CodecFake/C2/C2/F02_p229_092.wav,2
/USERSPACE/DATASETS/CodecFake/C2/C2/F02_p230_019.wav,2
/USERSPACE/DATASETS/CodecFake/C2/C2/F02_p305_031.wav,2
/USERSPACE/DATASETS/CodecFake/C2/C2/F02_SSB19020040.wav,2
/USERSPACE/DATASETS/CodecFake/C2/C2/F02_SSB07110126.wav,2
/USERSPACE/DATASETS/CodecFake/C2/C2/F02_SSB04340026.wav,2
/USERSPACE/DATASETS/CodecFake/C2/C2/F02_SSB02410315.wav,2
/USERSPACE/DATASETS/CodecFake/C2/C2/F02_p281_275.wav,2
/USERSPACE/DATASETS/CodecFake/C2/C2/F02_p279_190.wav,2
/USERSPACE/DATASETS/CodecFake/C2/C2/F02_SSB07170318.wav,2
/USERSPACE/DATASETS/CodecFake/C2/C2/F02_SSB02880459.wav,2
/USERSPACE/DATASETS/CodecFake/C2/C2/F02_p267_106.wav,2
/USERSPACE/DATASETS/CodecFake/C2/C2/F02_SSB19180311.wav,2
/USERSPACE/DATASETS/CodecFake/C2/C2/F02_SSB07160009.wav,2
/USERSPACE/DATASETS/CodecFake/C2/C2/F02_SSB03800203.wav,2
/USERSPACE/DATASETS/CodecFake/C2/C2/F02_p261_098.wav,2
/USERSPACE/DATASETS/CodecFake/C2/C2/F02_SSB01970053.wav,2
/USERSPACE/DATASETS/CodecFake/C2/C2/F02_SSB10200303.wav,2
/USERSPACE/DATASETS/CodecFake/C2/C2/F02_SSB09870489.wav,2
/USERSPACE/DATASETS/CodecFake/C2/C2/F02_SSB14080215.wav,2
/USERSPACE/DATASETS/CodecFake/C2/C2/F02_SSB10080397.wav,2
/USERSPACE/DATASETS/CodecFake/C2/C2/F02_p329_147.wav,2
/USERSPACE/DATASETS/CodecFake/C2/C2/F02_SSB13410040.wav,2
/USERSPACE/DATASETS/CodecFake/C2/C2/F02_SSB05390049.wav,2
/USERSPACE/DATASETS/CodecFake/C2/C2/F02_SSB11100313.wav,2
/USERSPACE/DATASETS/CodecFake/C2/C2/F02_SSB13280230.wav,2
/USERSPACE/DATASETS/CodecFake/C2/C2/F02_SSB06860168.wav,2
/USERSPACE/DATASETS/CodecFake/C2/C2/F02_p334_288.wav,2
/USERSPACE/DATASETS/CodecFake/C2/C2/F02_SSB06290166.wav,2
/USERSPACE/DATASETS/CodecFake/C2/C2/F02_SSB17110317.wav,2
/USERSPACE/DATASETS/CodecFake/C2/C2/F02_SSB10000395.wav,2
/USERSPACE/DATASETS/CodecFake/C2/C2/F02_SSB19350327.wav,2
/USERSPACE/DATASETS/CodecFake/C2/C2/F02_SSB06290381.wav,2
/USERSPACE/DATASETS/CodecFake/C2/C2/F02_SSB03540221.wav,2
/USERSPACE/DATASETS/CodecFake/C2/C2/F02_SSB13400118.wav,2
/USERSPACE/DATASETS/CodecFake/C2/C2/F02_SSB06290466.wav,2
/USERSPACE/DATASETS/CodecFake/C2/C2/F02_SSB15670262.wav,2
/USERSPACE/DATASETS/CodecFake/C2/C2/F02_SSB03070072.wav,2
/USERSPACE/DATASETS/CodecFake/C2/C2/F02_SSB16860195.wav,2
/USERSPACE/DATASETS/CodecFake/C2/C2/F02_p334_073.wav,2
/USERSPACE/DATASETS/CodecFake/C2/C2/F02_SSB13410185.wav,2
/USERSPACE/DATASETS/CodecFake/C2/C2/F02_SSB07460232.wav,2
/USERSPACE/DATASETS/CodecFake/C2/C2/F02_p266_399.wav,2
/USERSPACE/DATASETS/CodecFake/C2/C2/F02_SSB07600252.wav,2
/USERSPACE/DATASETS/CodecFake/C2/C2/F02_SSB03800175.wav,2
/USERSPACE/DATASETS/CodecFake/C2/C2/F02_SSB11250161.wav,2
/USERSPACE/DATASETS/CodecFake/C2/C2/F02_SSB13650240.wav,2
/USERSPACE/DATASETS/CodecFake/C2/C2/F02_SSB07510226.wav,2
/USERSPACE/DATASETS/CodecFake/C2/C2/F02_SSB11150234.wav,2
/USERSPACE/DATASETS/CodecFake/C2/C2/F02_p263_263.wav,2
/USERSPACE/DATASETS/CodecFake/C2/C2/F02_SSB11970415.wav,2
/USERSPACE/DATASETS/CodecFake/C2/C2/F02_SSB02990181.wav,2
/USERSPACE/DATASETS/CodecFake/C2/C2/F02_SSB00180253.wav,2
/USERSPACE/DATASETS/CodecFake/C2/C2/F02_SSB03660028.wav,2
/USERSPACE/DATASETS/CodecFake/C2/C2/F02_p312_054.wav,2
/USERSPACE/DATASETS/CodecFake/C2/C2/F02_SSB02670379.wav,2
/USERSPACE/DATASETS/CodecFake/C2/C2/F02_p287_128.wav,2
/USERSPACE/DATASETS/CodecFake/C2/C2/F02_p261_457.wav,2
/USERSPACE/DATASETS/CodecFake/C2/C2/F02_SSB00430381.wav,2
/USERSPACE/DATASETS/CodecFake/C2/C2/F02_p244_042.wav,2
/USERSPACE/DATASETS/CodecFake/C2/C2/F02_SSB06290286.wav,2
/USERSPACE/DATASETS/CodecFake/C2/C2/F02_SSB00430509.wav,2
/USERSPACE/DATASETS/CodecFake/C2/C2/F02_p347_043.wav,2
/USERSPACE/DATASETS/CodecFake/C2/C2/F02_SSB11000421.wav,2
/USERSPACE/DATASETS/CodecFake/C2/C2/F02_p302_084.wav,2
/USERSPACE/DATASETS/CodecFake/C2/C2/F02_p351_276.wav,2
/USERSPACE/DATASETS/CodecFake/C2/C2/F02_SSB07170240.wav,2
/USERSPACE/DATASETS/CodecFake/C2/C2/F02_p311_055.wav,2
/USERSPACE/DATASETS/CodecFake/C2/C2/F02_p273_376.wav,2
/USERSPACE/DATASETS/CodecFake/C2/C2/F02_SSB18910063.wav,2
/USERSPACE/DATASETS/CodecFake/C2/C2/F02_SSB14480019.wav,2
/USERSPACE/DATASETS/CodecFake/C2/C2/F02_SSB18100301.wav,2
/USERSPACE/DATASETS/CodecFake/C2/C2/F02_SSB15550069.wav,2
/USERSPACE/DATASETS/CodecFake/C2/C2/F02_SSB16070383.wav,2
/USERSPACE/DATASETS/CodecFake/C2/C2/F02_p330_033.wav,2
/USERSPACE/DATASETS/CodecFake/C2/C2/F02_SSB00160060.wav,2
/USERSPACE/DATASETS/CodecFake/C2/C2/F02_SSB02870188.wav,2
/USERSPACE/DATASETS/CodecFake/C2/C2/F02_SSB13820001.wav,2
/USERSPACE/DATASETS/CodecFake/C2/C2/F02_SSB13920141.wav,2
/USERSPACE/DATASETS/CodecFake/C2/C2/F02_SSB19180332.wav,2
/USERSPACE/DATASETS/CodecFake/C2/C2/F02_SSB08090430.wav,2
/USERSPACE/DATASETS/CodecFake/C2/C2/F02_SSB13200309.wav,2
/USERSPACE/DATASETS/CodecFake/C2/C2/F02_p238_271.wav,2
/USERSPACE/DATASETS/CodecFake/C2/C2/F02_SSB13410366.wav,2
/USERSPACE/DATASETS/CodecFake/C2/C2/F02_SSB16070290.wav,2
/USERSPACE/DATASETS/CodecFake/C2/C2/F02_SSB02410403.wav,2
/USERSPACE/DATASETS/CodecFake/C2/C2/F02_SSB10000376.wav,2
/USERSPACE/DATASETS/CodecFake/C2/C2/F02_SSB03950165.wav,2
/USERSPACE/DATASETS/CodecFake/C2/C2/F02_SSB05880406.wav,2
/USERSPACE/DATASETS/CodecFake/C2/C2/F02_SSB05700361.wav,2
/USERSPACE/DATASETS/CodecFake/C2/C2/F02_SSB18100273.wav,2
/USERSPACE/DATASETS/CodecFake/C2/C2/F02_p234_080.wav,2
/USERSPACE/DATASETS/CodecFake/C2/C2/F02_p262_025.wav,2
/USERSPACE/DATASETS/CodecFake/C2/C2/F02_p362_281.wav,2
/USERSPACE/DATASETS/CodecFake/C2/C2/F02_SSB03820348.wav,2
/USERSPACE/DATASETS/CodecFake/C2/C2/F02_SSB02000427.wav,2
/USERSPACE/DATASETS/CodecFake/C2/C2/F02_SSB07480200.wav,2
/USERSPACE/DATASETS/CodecFake/C2/C2/F02_SSB18090246.wav,2
/USERSPACE/DATASETS/CodecFake/C2/C2/F02_p226_099.wav,2
/USERSPACE/DATASETS/CodecFake/C2/C2/F02_SSB04340133.wav,2
/USERSPACE/DATASETS/CodecFake/C2/C2/F02_SSB15750114.wav,2
/USERSPACE/DATASETS/CodecFake/C2/C2/F02_p264_440.wav,2
/USERSPACE/DATASETS/CodecFake/C2/C2/F02_SSB01120453.wav,2
/USERSPACE/DATASETS/CodecFake/C2/C2/F02_SSB05990160.wav,2
/USERSPACE/DATASETS/CodecFake/C2/C2/F02_SSB12180383.wav,2
/USERSPACE/DATASETS/CodecFake/C2/C2/F02_SSB06060028.wav,2
/USERSPACE/DATASETS/CodecFake/C2/C2/F02_SSB09970224.wav,2
/USERSPACE/DATASETS/CodecFake/C2/C2/F02_p275_100.wav,2
/USERSPACE/DATASETS/CodecFake/C2/C2/F02_SSB03420340.wav,2
/USERSPACE/DATASETS/CodecFake/C2/C2/F02_p293_308.wav,2
/USERSPACE/DATASETS/CodecFake/C2/C2/F02_SSB16990079.wav,2
/USERSPACE/DATASETS/CodecFake/C2/C2/F02_SSB02990129.wav,2
/USERSPACE/DATASETS/CodecFake/C2/C2/F02_SSB09350178.wav,2
/USERSPACE/DATASETS/CodecFake/C2/C2/F02_SSB07580135.wav,2
/USERSPACE/DATASETS/CodecFake/C2/C2/F02_SSB19020207.wav,2
/USERSPACE/DATASETS/CodecFake/C2/C2/F02_SSB09150042.wav,2
/USERSPACE/DATASETS/CodecFake/C2/C2/F02_p313_160.wav,2
/USERSPACE/DATASETS/CodecFake/C2/C2/F02_SSB00570125.wav,2
/USERSPACE/DATASETS/CodecFake/C2/C2/F02_SSB17110057.wav,2
/USERSPACE/DATASETS/CodecFake/C2/C2/F02_SSB10720246.wav,2
/USERSPACE/DATASETS/CodecFake/C2/C2/F02_SSB13770035.wav,2
/USERSPACE/DATASETS/CodecFake/C2/C2/F02_SSB18780065.wav,2
/USERSPACE/DATASETS/CodecFake/C2/C2/F02_p313_364.wav,2
/USERSPACE/DATASETS/CodecFake/C2/C2/F02_SSB01120207.wav,2
/USERSPACE/DATASETS/CodecFake/C2/C2/F02_SSB00120271.wav,2
/USERSPACE/DATASETS/CodecFake/C2/C2/F02_SSB13650451.wav,2
/USERSPACE/DATASETS/CodecFake/C2/C2/F02_SSB11360130.wav,2
/USERSPACE/DATASETS/CodecFake/C2/C2/F02_p253_078.wav,2
/USERSPACE/DATASETS/CodecFake/C2/C2/F02_SSB07860346.wav,2
/USERSPACE/DATASETS/CodecFake/C2/C2/F02_p275_139.wav,2
/USERSPACE/DATASETS/CodecFake/C2/C2/F02_SSB00160019.wav,2
/USERSPACE/DATASETS/CodecFake/C2/C2/F02_SSB07600301.wav,2
/USERSPACE/DATASETS/CodecFake/C2/C2/F02_SSB06310082.wav,2
/USERSPACE/DATASETS/CodecFake/C2/C2/F02_SSB14080394.wav,2
/USERSPACE/DATASETS/CodecFake/C2/C2/F02_p226_249.wav,2
/USERSPACE/DATASETS/CodecFake/C2/C2/F02_SSB09660356.wav,2
/USERSPACE/DATASETS/CodecFake/C2/C2/F02_SSB10960432.wav,2
/USERSPACE/DATASETS/CodecFake/C2/C2/F02_SSB02460057.wav,2
/USERSPACE/DATASETS/CodecFake/C2/C2/F02_p335_403.wav,2
/USERSPACE/DATASETS/CodecFake/C2/C2/F02_SSB07160094.wav,2
/USERSPACE/DATASETS/CodecFake/C2/C2/F02_p227_214.wav,2
/USERSPACE/DATASETS/CodecFake/C2/C2/F02_p241_058.wav,2
/USERSPACE/DATASETS/CodecFake/C2/C2/F02_SSB10010331.wav,2
/USERSPACE/DATASETS/CodecFake/C2/C2/F02_SSB00120373.wav,2
/USERSPACE/DATASETS/CodecFake/C2/C2/F02_SSB15670057.wav,2
/USERSPACE/DATASETS/CodecFake/C2/C2/F02_p276_175.wav,2
/USERSPACE/DATASETS/CodecFake/C2/C2/F02_p263_175.wav,2
/USERSPACE/DATASETS/CodecFake/C2/C2/F02_p293_247.wav,2
/USERSPACE/DATASETS/CodecFake/C2/C2/F02_SSB17110382.wav,2
/USERSPACE/DATASETS/CodecFake/C2/C2/F02_p330_043.wav,2
/USERSPACE/DATASETS/CodecFake/C2/C2/F02_SSB04260050.wav,2
/USERSPACE/DATASETS/CodecFake/C2/C2/F02_p308_409.wav,2
/USERSPACE/DATASETS/CodecFake/C2/C2/F02_p363_291.wav,2
/USERSPACE/DATASETS/CodecFake/C2/C2/F02_p240_321.wav,2
/USERSPACE/DATASETS/CodecFake/C2/C2/F02_SSB18460391.wav,2
/USERSPACE/DATASETS/CodecFake/C2/C2/F02_SSB10960223.wav,2
/USERSPACE/DATASETS/CodecFake/C2/C2/F02_SSB00430374.wav,2
/USERSPACE/DATASETS/CodecFake/C2/C2/F02_p313_386.wav,2
/USERSPACE/DATASETS/CodecFake/C2/C2/F02_p237_339.wav,2
/USERSPACE/DATASETS/CodecFake/C2/C2/F02_SSB03090299.wav,2
/USERSPACE/DATASETS/CodecFake/C2/C2/F02_p376_187.wav,2
/USERSPACE/DATASETS/CodecFake/C2/C2/F02_p269_112.wav,2
/USERSPACE/DATASETS/CodecFake/C2/C2/F02_SSB14080223.wav,2
/USERSPACE/DATASETS/CodecFake/C2/C2/F02_p270_218.wav,2
/USERSPACE/DATASETS/CodecFake/C2/C2/F02_SSB07580056.wav,2
/USERSPACE/DATASETS/CodecFake/C2/C2/F02_SSB03930292.wav,2
/USERSPACE/DATASETS/CodecFake/C2/C2/F02_SSB06090198.wav,2
/USERSPACE/DATASETS/CodecFake/C2/C2/F02_SSB11000456.wav,2
/USERSPACE/DATASETS/CodecFake/C2/C2/F02_SSB12530230.wav,2
/USERSPACE/DATASETS/CodecFake/C2/C2/F02_SSB05940407.wav,2
/USERSPACE/DATASETS/CodecFake/C2/C2/F02_SSB06660462.wav,2
/USERSPACE/DATASETS/CodecFake/C2/C2/F02_p250_103.wav,2
/USERSPACE/DATASETS/CodecFake/C2/C2/F02_SSB06710479.wav,2
/USERSPACE/DATASETS/CodecFake/C2/C2/F02_SSB10560349.wav,2
/USERSPACE/DATASETS/CodecFake/C2/C2/F02_SSB12740087.wav,2
/USERSPACE/DATASETS/CodecFake/C2/C2/F02_SSB04340378.wav,2
/USERSPACE/DATASETS/CodecFake/C2/C2/F02_SSB07580202.wav,2
/USERSPACE/DATASETS/CodecFake/C2/C2/F02_SSB07940428.wav,2
/USERSPACE/DATASETS/CodecFake/C2/C2/F02_SSB07840495.wav,2
/USERSPACE/DATASETS/CodecFake/C2/C2/F02_SSB07110309.wav,2
/USERSPACE/DATASETS/CodecFake/C2/C2/F02_SSB16700032.wav,2
/USERSPACE/DATASETS/CodecFake/C2/C2/F02_SSB10200132.wav,2
/USERSPACE/DATASETS/CodecFake/C2/C2/F02_p282_087.wav,2
/USERSPACE/DATASETS/CodecFake/C2/C2/F02_SSB10200390.wav,2
/USERSPACE/DATASETS/CodecFake/C2/C2/F02_SSB00180276.wav,2
/USERSPACE/DATASETS/CodecFake/C2/C2/F02_p270_338.wav,2
/USERSPACE/DATASETS/CodecFake/C2/C2/F02_p274_399.wav,2
/USERSPACE/DATASETS/CodecFake/C2/C2/F02_SSB15630337.wav,2
/USERSPACE/DATASETS/CodecFake/C2/C2/F02_SSB03940190.wav,2
/USERSPACE/DATASETS/CodecFake/C2/C2/F02_SSB07100109.wav,2
/USERSPACE/DATASETS/CodecFake/C2/C2/F02_p279_196.wav,2
/USERSPACE/DATASETS/CodecFake/C2/C2/F02_p310_234.wav,2
/USERSPACE/DATASETS/CodecFake/C2/C2/F02_SSB05350135.wav,2
/USERSPACE/DATASETS/CodecFake/C2/C2/F02_p285_102.wav,2
/USERSPACE/DATASETS/CodecFake/C2/C2/F02_SSB08510299.wav,2
/USERSPACE/DATASETS/CodecFake/C2/C2/F02_SSB10560474.wav,2
/USERSPACE/DATASETS/CodecFake/C2/C2/F02_p275_047.wav,2
/USERSPACE/DATASETS/CodecFake/C2/C2/F02_SSB06070285.wav,2
/USERSPACE/DATASETS/CodecFake/C2/C2/F02_p274_408.wav,2
/USERSPACE/DATASETS/CodecFake/C2/C2/F02_p270_274.wav,2
/USERSPACE/DATASETS/CodecFake/C2/C2/F02_SSB07580322.wav,2
/USERSPACE/DATASETS/CodecFake/C2/C2/F02_SSB07460494.wav,2
/USERSPACE/DATASETS/CodecFake/C2/C2/F02_SSB04350054.wav,2
/USERSPACE/DATASETS/CodecFake/C2/C2/F02_p339_306.wav,2
/USERSPACE/DATASETS/CodecFake/C2/C2/F02_p308_052.wav,2
/USERSPACE/DATASETS/CodecFake/C2/C2/F02_p362_413.wav,2
/USERSPACE/DATASETS/CodecFake/C2/C2/F02_p273_175.wav,2
/USERSPACE/DATASETS/CodecFake/C2/C2/F02_p285_280.wav,2
/USERSPACE/DATASETS/CodecFake/C2/C2/F02_SSB07370366.wav,2
/USERSPACE/DATASETS/CodecFake/C2/C2/F02_SSB05700337.wav,2
/USERSPACE/DATASETS/CodecFake/C2/C2/F02_SSB03390353.wav,2
/USERSPACE/DATASETS/CodecFake/C2/C2/F02_SSB00730152.wav,2
/USERSPACE/DATASETS/CodecFake/C2/C2/F02_p298_149.wav,2
/USERSPACE/DATASETS/CodecFake/C2/C2/F02_SSB11100052.wav,2
/USERSPACE/DATASETS/CodecFake/C2/C2/F02_p230_416.wav,2
/USERSPACE/DATASETS/CodecFake/C2/C2/F02_SSB05390026.wav,2
/USERSPACE/DATASETS/CodecFake/C2/C2/F02_SSB11610081.wav,2
/USERSPACE/DATASETS/CodecFake/C2/C2/F02_SSB11380187.wav,2
/USERSPACE/DATASETS/CodecFake/C2/C2/F02_p313_040.wav,2
/USERSPACE/DATASETS/CodecFake/C2/C2/F02_SSB05990394.wav,2
/USERSPACE/DATASETS/CodecFake/C2/C2/F02_SSB10560244.wav,2
/USERSPACE/DATASETS/CodecFake/C2/C2/F02_SSB07200329.wav,2
/USERSPACE/DATASETS/CodecFake/C2/C2/F02_SSB16840223.wav,2
/USERSPACE/DATASETS/CodecFake/C2/C2/F02_p293_202.wav,2
/USERSPACE/DATASETS/CodecFake/C2/C2/F02_SSB17110364.wav,2
/USERSPACE/DATASETS/CodecFake/C2/C2/F02_SSB05780274.wav,2
/USERSPACE/DATASETS/CodecFake/C2/C2/F02_SSB04820468.wav,2
/USERSPACE/DATASETS/CodecFake/C2/C2/F02_SSB07860319.wav,2
/USERSPACE/DATASETS/CodecFake/C2/C2/F02_SSB19020225.wav,2
/USERSPACE/DATASETS/CodecFake/C2/C2/F02_SSB10640460.wav,2
/USERSPACE/DATASETS/CodecFake/C2/C2/F02_SSB06060390.wav,2
/USERSPACE/DATASETS/CodecFake/C2/C2/F02_SSB14520088.wav,2
/USERSPACE/DATASETS/CodecFake/C2/C2/F02_SSB06030140.wav,2
/USERSPACE/DATASETS/CodecFake/C2/C2/F02_p258_124.wav,2
/USERSPACE/DATASETS/CodecFake/C2/C2/F02_SSB04340245.wav,2
/USERSPACE/DATASETS/CodecFake/C2/C2/F02_SSB16700230.wav,2
/USERSPACE/DATASETS/CodecFake/C2/C2/F02_SSB13280391.wav,2
/USERSPACE/DATASETS/CodecFake/C2/C2/F02_SSB07780098.wav,2
/USERSPACE/DATASETS/CodecFake/C2/C2/F02_SSB07840120.wav,2
/USERSPACE/DATASETS/CodecFake/C2/C2/F02_p265_229.wav,2
/USERSPACE/DATASETS/CodecFake/C2/C2/F02_p249_348.wav,2
/USERSPACE/DATASETS/CodecFake/C2/C2/F02_p326_004.wav,2
/USERSPACE/DATASETS/CodecFake/C2/C2/F02_SSB02730429.wav,2
/USERSPACE/DATASETS/CodecFake/C2/C2/F02_SSB18780196.wav,2
/USERSPACE/DATASETS/CodecFake/C2/C2/F02_SSB10720037.wav,2
/USERSPACE/DATASETS/CodecFake/C2/C2/F02_SSB03390417.wav,2
/USERSPACE/DATASETS/CodecFake/C2/C2/F02_SSB18370104.wav,2
/USERSPACE/DATASETS/CodecFake/C2/C2/F02_SSB07160292.wav,2
/USERSPACE/DATASETS/CodecFake/C2/C2/F02_p249_100.wav,2
/USERSPACE/DATASETS/CodecFake/C2/C2/F02_p374_329.wav,2
/USERSPACE/DATASETS/CodecFake/C2/C2/F02_SSB04700066.wav,2
/USERSPACE/DATASETS/CodecFake/C2/C2/F02_p277_067.wav,2
/USERSPACE/DATASETS/CodecFake/C2/C2/F02_SSB06710394.wav,2
/USERSPACE/DATASETS/CodecFake/C2/C2/F02_SSB13660217.wav,2
/USERSPACE/DATASETS/CodecFake/C2/C2/F02_SSB03820097.wav,2
/USERSPACE/DATASETS/CodecFake/C2/C2/F02_p278_324.wav,2
/USERSPACE/DATASETS/CodecFake/C2/C2/F02_SSB07620386.wav,2
/USERSPACE/DATASETS/CodecFake/C2/C2/F02_SSB06290219.wav,2
/USERSPACE/DATASETS/CodecFake/C2/C2/F02_SSB04820437.wav,2
/USERSPACE/DATASETS/CodecFake/C2/C2/F02_SSB17450210.wav,2
/USERSPACE/DATASETS/CodecFake/C2/C2/F02_SSB02670417.wav,2
/USERSPACE/DATASETS/CodecFake/C2/C2/F02_p345_011.wav,2
/USERSPACE/DATASETS/CodecFake/C2/C2/F02_p288_038.wav,2
/USERSPACE/DATASETS/CodecFake/C2/C2/F02_p268_103.wav,2
/USERSPACE/DATASETS/CodecFake/C2/C2/F02_SSB10560184.wav,2
/USERSPACE/DATASETS/CodecFake/C2/C2/F02_p351_042.wav,2
/USERSPACE/DATASETS/CodecFake/C2/C2/F02_p265_197.wav,2
/USERSPACE/DATASETS/CodecFake/C2/C2/F02_p323_132.wav,2
/USERSPACE/DATASETS/CodecFake/C2/C2/F02_SSB02610183.wav,2
/USERSPACE/DATASETS/CodecFake/C2/C2/F02_p230_092.wav,2
/USERSPACE/DATASETS/CodecFake/C2/C2/F02_p347_062.wav,2
/USERSPACE/DATASETS/CodecFake/C2/C2/F02_SSB06010434.wav,2
/USERSPACE/DATASETS/CodecFake/C2/C2/F02_SSB06060381.wav,2
/USERSPACE/DATASETS/CodecFake/C2/C2/F02_SSB19020229.wav,2
/USERSPACE/DATASETS/CodecFake/C2/C2/F02_SSB03790075.wav,2
/USERSPACE/DATASETS/CodecFake/C2/C2/F02_p311_087.wav,2
/USERSPACE/DATASETS/CodecFake/C2/C2/F02_p326_002.wav,2
/USERSPACE/DATASETS/CodecFake/C2/C2/F02_SSB06290004.wav,2
/USERSPACE/DATASETS/CodecFake/C2/C2/F02_SSB13280132.wav,2
/USERSPACE/DATASETS/CodecFake/C2/C2/F02_SSB03850303.wav,2
/USERSPACE/DATASETS/CodecFake/C2/C2/F02_p336_355.wav,2
/USERSPACE/DATASETS/CodecFake/C2/C2/F02_SSB00800095.wav,2
/USERSPACE/DATASETS/CodecFake/C2/C2/F02_SSB12160321.wav,2
/USERSPACE/DATASETS/CodecFake/C2/C2/F02_SSB06230305.wav,2
/USERSPACE/DATASETS/CodecFake/C2/C2/F02_SSB15850009.wav,2
/USERSPACE/DATASETS/CodecFake/C2/C2/F02_SSB18910329.wav,2
/USERSPACE/DATASETS/CodecFake/C2/C2/F02_p329_137.wav,2
/USERSPACE/DATASETS/CodecFake/C2/C2/F02_SSB00180105.wav,2
/USERSPACE/DATASETS/CodecFake/C2/C2/F02_SSB15750406.wav,2
/USERSPACE/DATASETS/CodecFake/C2/C2/F02_SSB04260334.wav,2
/USERSPACE/DATASETS/CodecFake/C2/C2/F02_SSB07160076.wav,2
/USERSPACE/DATASETS/CodecFake/C2/C2/F02_p254_332.wav,2
/USERSPACE/DATASETS/CodecFake/C2/C2/F02_p351_291.wav,2
/USERSPACE/DATASETS/CodecFake/C2/C2/F02_SSB11150425.wav,2
/USERSPACE/DATASETS/CodecFake/C2/C2/F02_SSB15850233.wav,2
/USERSPACE/DATASETS/CodecFake/C2/C2/F02_p306_279.wav,2
/USERSPACE/DATASETS/CodecFake/C2/C2/F02_SSB12740504.wav,2
/USERSPACE/DATASETS/CodecFake/C2/C2/F02_SSB00120260.wav,2
/USERSPACE/DATASETS/CodecFake/C2/C2/F02_SSB03930465.wav,2
/USERSPACE/DATASETS/CodecFake/C2/C2/F02_p247_415.wav,2
/USERSPACE/DATASETS/CodecFake/C2/C2/F02_p258_111.wav,2
/USERSPACE/DATASETS/CodecFake/C2/C2/F02_p284_079.wav,2
/USERSPACE/DATASETS/CodecFake/C2/C2/F02_p277_026.wav,2
/USERSPACE/DATASETS/CodecFake/C2/C2/F02_SSB06310426.wav,2
/USERSPACE/DATASETS/CodecFake/C2/C2/F02_SSB14370401.wav,2
/USERSPACE/DATASETS/CodecFake/C2/C2/F02_p299_261.wav,2
/USERSPACE/DATASETS/CodecFake/C2/C2/F02_SSB03950384.wav,2
/USERSPACE/DATASETS/CodecFake/C2/C2/F02_SSB09350336.wav,2
/USERSPACE/DATASETS/CodecFake/C2/C2/F02_p292_220.wav,2
/USERSPACE/DATASETS/CodecFake/C2/C2/F02_SSB09970177.wav,2
/USERSPACE/DATASETS/CodecFake/C2/C2/F02_SSB07510192.wav,2
/USERSPACE/DATASETS/CodecFake/C2/C2/F02_SSB07230450.wav,2
/USERSPACE/DATASETS/CodecFake/C2/C2/F02_SSB13020277.wav,2
/USERSPACE/DATASETS/CodecFake/C2/C2/F02_SSB18100107.wav,2
/USERSPACE/DATASETS/CodecFake/C2/C2/F02_SSB07000317.wav,2
/USERSPACE/DATASETS/CodecFake/C2/C2/F02_p263_450.wav,2
/USERSPACE/DATASETS/CodecFake/C2/C2/F02_SSB17810376.wav,2
/USERSPACE/DATASETS/CodecFake/C2/C2/F02_SSB01390192.wav,2
/USERSPACE/DATASETS/CodecFake/C2/C2/F02_SSB03540214.wav,2
/USERSPACE/DATASETS/CodecFake/C2/C2/F02_SSB07200180.wav,2
/USERSPACE/DATASETS/CodecFake/C2/C2/F02_SSB16700017.wav,2
/USERSPACE/DATASETS/CodecFake/C2/C2/F02_p302_117.wav,2
/USERSPACE/DATASETS/CodecFake/C2/C2/F02_SSB11260038.wav,2
/USERSPACE/DATASETS/CodecFake/C2/C2/F02_SSB08870390.wav,2
/USERSPACE/DATASETS/CodecFake/C2/C2/F02_p339_209.wav,2
/USERSPACE/DATASETS/CodecFake/C2/C2/F02_SSB02870052.wav,2
/USERSPACE/DATASETS/CodecFake/C2/C2/F02_p339_009.wav,2
/USERSPACE/DATASETS/CodecFake/C2/C2/F02_p253_211.wav,2
/USERSPACE/DATASETS/CodecFake/C2/C2/F02_SSB10960034.wav,2
/USERSPACE/DATASETS/CodecFake/C2/C2/F02_SSB01490160.wav,2
/USERSPACE/DATASETS/CodecFake/C2/C2/F02_SSB07480311.wav,2
/USERSPACE/DATASETS/CodecFake/C2/C2/F02_SSB03800504.wav,2
/USERSPACE/DATASETS/CodecFake/C2/C2/F02_SSB02000184.wav,2
/USERSPACE/DATASETS/CodecFake/C2/C2/F02_p347_283.wav,2
/USERSPACE/DATASETS/CodecFake/C2/C2/F02_SSB01220300.wav,2
/USERSPACE/DATASETS/CodecFake/C2/C2/F02_SSB00110251.wav,2
/USERSPACE/DATASETS/CodecFake/C2/C2/F02_SSB01390277.wav,2
/USERSPACE/DATASETS/CodecFake/C2/C2/F02_SSB11000035.wav,2
/USERSPACE/DATASETS/CodecFake/C2/C2/F02_SSB12740490.wav,2
/USERSPACE/DATASETS/CodecFake/C2/C2/F02_p261_450.wav,2
/USERSPACE/DATASETS/CodecFake/C2/C2/F02_SSB06290470.wav,2
/USERSPACE/DATASETS/CodecFake/C2/C2/F02_SSB15670020.wav,2
/USERSPACE/DATASETS/CodecFake/C2/C2/F02_p316_065.wav,2
/USERSPACE/DATASETS/CodecFake/C2/C2/F02_SSB01490365.wav,2
/USERSPACE/DATASETS/CodecFake/C2/C2/F02_p305_216.wav,2
/USERSPACE/DATASETS/CodecFake/C2/C2/F02_p345_243.wav,2
/USERSPACE/DATASETS/CodecFake/C2/C2/F02_p339_269.wav,2
/USERSPACE/DATASETS/CodecFake/C2/C2/F02_SSB04340254.wav,2
/USERSPACE/DATASETS/CodecFake/C2/C2/F02_p336_317.wav,2
/USERSPACE/DATASETS/CodecFake/C2/C2/F02_SSB06930379.wav,2
/USERSPACE/DATASETS/CodecFake/C2/C2/F02_SSB10000290.wav,2
/USERSPACE/DATASETS/CodecFake/C2/C2/F02_p326_394.wav,2
/USERSPACE/DATASETS/CodecFake/C2/C2/F02_SSB17810491.wav,2
/USERSPACE/DATASETS/CodecFake/C2/C2/F02_p335_422.wav,2
/USERSPACE/DATASETS/CodecFake/C2/C2/F02_SSB05020245.wav,2
/USERSPACE/DATASETS/CodecFake/C2/C2/F02_SSB12190117.wav,2
/USERSPACE/DATASETS/CodecFake/C2/C2/F02_p341_234.wav,2
/USERSPACE/DATASETS/CodecFake/C2/C2/F02_p255_349.wav,2
/USERSPACE/DATASETS/CodecFake/C2/C2/F02_SSB00430195.wav,2
/USERSPACE/DATASETS/CodecFake/C2/C2/F02_p264_365.wav,2
/USERSPACE/DATASETS/CodecFake/C2/C2/F02_SSB03410136.wav,2
/USERSPACE/DATASETS/CodecFake/C2/C2/F02_SSB06090103.wav,2
/USERSPACE/DATASETS/CodecFake/C2/C2/F02_SSB13660446.wav,2
/USERSPACE/DATASETS/CodecFake/C2/C2/F02_SSB02670157.wav,2
/USERSPACE/DATASETS/CodecFake/C2/C2/F02_SSB03820413.wav,2
/USERSPACE/DATASETS/CodecFake/C2/C2/F02_p273_218.wav,2
/USERSPACE/DATASETS/CodecFake/C2/C2/F02_SSB17390120.wav,2
/USERSPACE/DATASETS/CodecFake/C2/C2/F02_SSB06140007.wav,2
/USERSPACE/DATASETS/CodecFake/C2/C2/F02_p362_318.wav,2
/USERSPACE/DATASETS/CodecFake/C2/C2/F02_SSB19180364.wav,2
/USERSPACE/DATASETS/CodecFake/C2/C2/F02_SSB09350035.wav,2
/USERSPACE/DATASETS/CodecFake/C2/C2/F02_SSB07100445.wav,2
/USERSPACE/DATASETS/CodecFake/C2/C2/F02_SSB07940128.wav,2
/USERSPACE/DATASETS/CodecFake/C2/C2/F02_p236_496.wav,2
/USERSPACE/DATASETS/CodecFake/C2/C2/F02_SSB17280318.wav,2
/USERSPACE/DATASETS/CodecFake/C2/C2/F02_SSB13400063.wav,2
/USERSPACE/DATASETS/CodecFake/C2/C2/F02_SSB07480036.wav,2
/USERSPACE/DATASETS/CodecFake/C2/C2/F02_SSB17820165.wav,2
/USERSPACE/DATASETS/CodecFake/C2/C2/F02_SSB10720211.wav,2
/USERSPACE/DATASETS/CodecFake/C2/C2/F02_SSB09660362.wav,2
/USERSPACE/DATASETS/CodecFake/C2/C2/F02_SSB07100028.wav,2
/USERSPACE/DATASETS/CodecFake/C2/C2/F02_p306_335.wav,2
/USERSPACE/DATASETS/CodecFake/C2/C2/F02_SSB03090228.wav,2
/USERSPACE/DATASETS/CodecFake/C2/C2/F02_p284_425.wav,2
/USERSPACE/DATASETS/CodecFake/C2/C2/F02_p362_420.wav,2
/USERSPACE/DATASETS/CodecFake/C2/C2/F02_p272_189.wav,2
/USERSPACE/DATASETS/CodecFake/C2/C2/F02_SSB07200247.wav,2
/USERSPACE/DATASETS/CodecFake/C2/C2/F02_p262_180.wav,2
/USERSPACE/DATASETS/CodecFake/C2/C2/F02_p246_171.wav,2
/USERSPACE/DATASETS/CodecFake/C2/C2/F02_p330_049.wav,2
/USERSPACE/DATASETS/CodecFake/C2/C2/F02_SSB03070362.wav,2
/USERSPACE/DATASETS/CodecFake/C2/C2/F02_SSB13410088.wav,2
/USERSPACE/DATASETS/CodecFake/C2/C2/F02_p263_317.wav,2
/USERSPACE/DATASETS/CodecFake/C2/C2/F02_SSB08090431.wav,2
/USERSPACE/DATASETS/CodecFake/C2/C2/F02_SSB05700238.wav,2
/USERSPACE/DATASETS/CodecFake/C2/C2/F02_p269_098.wav,2
/USERSPACE/DATASETS/CodecFake/C2/C2/F02_SSB00160243.wav,2
/USERSPACE/DATASETS/CodecFake/C2/C2/F02_SSB07160344.wav,2
/USERSPACE/DATASETS/CodecFake/C2/C2/F02_p281_419.wav,2
/USERSPACE/DATASETS/CodecFake/C2/C2/F02_SSB01120129.wav,2
/USERSPACE/DATASETS/CodecFake/C2/C2/F02_SSB18310460.wav,2
/USERSPACE/DATASETS/CodecFake/C2/C2/F02_p249_016.wav,2
/USERSPACE/DATASETS/CodecFake/C2/C2/F02_SSB04350117.wav,2
/USERSPACE/DATASETS/CodecFake/C2/C2/F02_p316_331.wav,2
/USERSPACE/DATASETS/CodecFake/C2/C2/F02_SSB10500347.wav,2
/USERSPACE/DATASETS/CodecFake/C2/C2/F02_SSB18780510.wav,2
/USERSPACE/DATASETS/CodecFake/C2/C2/F02_p240_278.wav,2
/USERSPACE/DATASETS/CodecFake/C2/C2/F02_p262_245.wav,2
/USERSPACE/DATASETS/CodecFake/C2/C2/F02_p318_295.wav,2
/USERSPACE/DATASETS/CodecFake/C2/C2/F02_SSB07490130.wav,2
/USERSPACE/DATASETS/CodecFake/C2/C2/F02_SSB03790165.wav,2
/USERSPACE/DATASETS/CodecFake/C2/C2/F02_SSB07780473.wav,2
/USERSPACE/DATASETS/CodecFake/C2/C2/F02_SSB13990336.wav,2
/USERSPACE/DATASETS/CodecFake/C2/C2/F02_p330_070.wav,2
/USERSPACE/DATASETS/CodecFake/C2/C2/F02_SSB19350258.wav,2
/USERSPACE/DATASETS/CodecFake/C2/C2/F02_SSB07000189.wav,2
/USERSPACE/DATASETS/CodecFake/C2/C2/F02_SSB02870461.wav,2
/USERSPACE/DATASETS/CodecFake/C2/C2/F02_SSB02460405.wav,2
/USERSPACE/DATASETS/CodecFake/C2/C2/F02_p256_187.wav,2
/USERSPACE/DATASETS/CodecFake/C2/C2/F02_SSB05390058.wav,2
/USERSPACE/DATASETS/CodecFake/C2/C2/F02_SSB04270039.wav,2
/USERSPACE/DATASETS/CodecFake/C2/C2/F02_p374_085.wav,2
/USERSPACE/DATASETS/CodecFake/C2/C2/F02_p294_255.wav,2
/USERSPACE/DATASETS/CodecFake/C2/C2/F02_SSB08510439.wav,2
/USERSPACE/DATASETS/CodecFake/C2/C2/F02_SSB03380009.wav,2
/USERSPACE/DATASETS/CodecFake/C2/C2/F02_p335_390.wav,2
/USERSPACE/DATASETS/CodecFake/C2/C2/F02_SSB01120484.wav,2
/USERSPACE/DATASETS/CodecFake/C2/C2/F02_p262_158.wav,2
/USERSPACE/DATASETS/CodecFake/C2/C2/F02_SSB03540468.wav,2
/USERSPACE/DATASETS/CodecFake/C2/C2/F02_SSB13660417.wav,2
/USERSPACE/DATASETS/CodecFake/C2/C2/F02_p295_003.wav,2
/USERSPACE/DATASETS/CodecFake/C2/C2/F02_SSB11380456.wav,2
/USERSPACE/DATASETS/CodecFake/C2/C2/F02_p252_077.wav,2
/USERSPACE/DATASETS/CodecFake/C2/C2/F02_SSB07460361.wav,2
/USERSPACE/DATASETS/CodecFake/C2/C2/F02_SSB04700378.wav,2
/USERSPACE/DATASETS/CodecFake/C2/C2/F02_SSB05990220.wav,2
/USERSPACE/DATASETS/CodecFake/C2/C2/F02_SSB16240327.wav,2
/USERSPACE/DATASETS/CodecFake/C2/C2/F02_p252_399.wav,2
/USERSPACE/DATASETS/CodecFake/C2/C2/F02_SSB04340327.wav,2
/USERSPACE/DATASETS/CodecFake/C2/C2/F02_SSB10550493.wav,2
/USERSPACE/DATASETS/CodecFake/C2/C2/F02_SSB03070472.wav,2
/USERSPACE/DATASETS/CodecFake/C2/C2/F02_SSB07000307.wav,2
/USERSPACE/DATASETS/CodecFake/C2/C2/F02_SSB12030428.wav,2
/USERSPACE/DATASETS/CodecFake/C2/C2/F02_p280_080.wav,2
/USERSPACE/DATASETS/CodecFake/C2/C2/F02_p277_263.wav,2
/USERSPACE/DATASETS/CodecFake/C2/C2/F02_SSB07600502.wav,2
/USERSPACE/DATASETS/CodecFake/C2/C2/F02_SSB16990294.wav,2
/USERSPACE/DATASETS/CodecFake/C2/C2/F02_SSB03090417.wav,2
/USERSPACE/DATASETS/CodecFake/C2/C2/F02_p274_235.wav,2
/USERSPACE/DATASETS/CodecFake/C2/C2/F02_p333_119.wav,2
/USERSPACE/DATASETS/CodecFake/C2/C2/F02_SSB15670183.wav,2
/USERSPACE/DATASETS/CodecFake/C2/C2/F02_SSB12530052.wav,2
/USERSPACE/DATASETS/CodecFake/C2/C2/F02_SSB12190069.wav,2
/USERSPACE/DATASETS/CodecFake/C2/C2/F02_SSB11380202.wav,2
/USERSPACE/DATASETS/CodecFake/C2/C2/F02_SSB07480081.wav,2
/USERSPACE/DATASETS/CodecFake/C2/C2/F02_p341_371.wav,2
/USERSPACE/DATASETS/CodecFake/C2/C2/F02_p314_218.wav,2
/USERSPACE/DATASETS/CodecFake/C2/C2/F02_SSB18910169.wav,2
/USERSPACE/DATASETS/CodecFake/C2/C2/F02_p326_057.wav,2
/USERSPACE/DATASETS/CodecFake/C2/C2/F02_SSB03070473.wav,2
/USERSPACE/DATASETS/CodecFake/C2/C2/F02_p345_273.wav,2
/USERSPACE/DATASETS/CodecFake/C2/C2/F02_p276_236.wav,2
/USERSPACE/DATASETS/CodecFake/C2/C2/F02_SSB03160038.wav,2
/USERSPACE/DATASETS/CodecFake/C2/C2/F02_SSB18280236.wav,2
/USERSPACE/DATASETS/CodecFake/C2/C2/F02_p295_393.wav,2
/USERSPACE/DATASETS/CodecFake/C2/C2/F02_SSB05390445.wav,2
/USERSPACE/DATASETS/CodecFake/C2/C2/F02_p273_303.wav,2
/USERSPACE/DATASETS/CodecFake/C2/C2/F02_p278_200.wav,2
/USERSPACE/DATASETS/CodecFake/C2/C2/F02_p334_141.wav,2
/USERSPACE/DATASETS/CodecFake/C2/C2/F02_SSB14570170.wav,2
/USERSPACE/DATASETS/CodecFake/C2/C2/F02_SSB07230219.wav,2
/USERSPACE/DATASETS/CodecFake/C2/C2/F02_SSB03390475.wav,2
/USERSPACE/DATASETS/CodecFake/C2/C2/F02_SSB18100388.wav,2
/USERSPACE/DATASETS/CodecFake/C2/C2/F02_SSB09930320.wav,2
/USERSPACE/DATASETS/CodecFake/C2/C2/F02_SSB11080158.wav,2
/USERSPACE/DATASETS/CodecFake/C2/C2/F02_SSB18280175.wav,2
/USERSPACE/DATASETS/CodecFake/C2/C2/F02_SSB05990028.wav,2
/USERSPACE/DATASETS/CodecFake/C2/C2/F02_SSB06680297.wav,2
/USERSPACE/DATASETS/CodecFake/C2/C2/F02_SSB13820438.wav,2
/USERSPACE/DATASETS/CodecFake/C2/C2/F02_SSB16070033.wav,2
/USERSPACE/DATASETS/CodecFake/C2/C2/F02_p278_199.wav,2
/USERSPACE/DATASETS/CodecFake/C2/C2/F02_p282_310.wav,2
/USERSPACE/DATASETS/CodecFake/C2/C2/F02_p244_120.wav,2
/USERSPACE/DATASETS/CodecFake/C2/C2/F02_p376_207.wav,2
/USERSPACE/DATASETS/CodecFake/C2/C2/F02_SSB07860416.wav,2
/USERSPACE/DATASETS/CodecFake/C2/C2/F02_SSB07840313.wav,2
/USERSPACE/DATASETS/CodecFake/C2/C2/F02_SSB13220035.wav,2
/USERSPACE/DATASETS/CodecFake/C2/C2/F02_p271_016.wav,2
/USERSPACE/DATASETS/CodecFake/C2/C2/F02_p262_277.wav,2
/USERSPACE/DATASETS/CodecFake/C2/C2/F02_SSB07510285.wav,2
/USERSPACE/DATASETS/CodecFake/C2/C2/F02_p277_064.wav,2
/USERSPACE/DATASETS/CodecFake/C2/C2/F02_p304_024.wav,2
/USERSPACE/DATASETS/CodecFake/C2/C2/F02_SSB10080286.wav,2
/USERSPACE/DATASETS/CodecFake/C2/C2/F02_SSB03380157.wav,2
/USERSPACE/DATASETS/CodecFake/C2/C2/F02_SSB04150230.wav,2
/USERSPACE/DATASETS/CodecFake/C2/C2/F02_SSB07370498.wav,2
/USERSPACE/DATASETS/CodecFake/C2/C2/F02_SSB15930244.wav,2
/USERSPACE/DATASETS/CodecFake/C2/C2/F02_p306_258.wav,2
/USERSPACE/DATASETS/CodecFake/C2/C2/F02_p340_074.wav,2
/USERSPACE/DATASETS/CodecFake/C2/C2/F02_SSB02670448.wav,2
/USERSPACE/DATASETS/CodecFake/C2/C2/F02_SSB07510262.wav,2
/USERSPACE/DATASETS/CodecFake/C2/C2/F02_SSB07360221.wav,2
/USERSPACE/DATASETS/CodecFake/C2/C2/F02_SSB03150239.wav,2
/USERSPACE/DATASETS/CodecFake/C2/C2/F02_SSB05020056.wav,2
/USERSPACE/DATASETS/CodecFake/C2/C2/F02_SSB01490108.wav,2
/USERSPACE/DATASETS/CodecFake/C2/C2/F02_SSB04340192.wav,2
/USERSPACE/DATASETS/CodecFake/C2/C2/F02_SSB19390033.wav,2
/USERSPACE/DATASETS/CodecFake/C2/C2/F02_SSB06680238.wav,2
/USERSPACE/DATASETS/CodecFake/C2/C2/F02_SSB00050194.wav,2
/USERSPACE/DATASETS/CodecFake/C2/C2/F02_SSB05900463.wav,2
/USERSPACE/DATASETS/CodecFake/C2/C2/F02_SSB12390007.wav,2
/USERSPACE/DATASETS/CodecFake/C2/C2/F02_SSB16240328.wav,2
/USERSPACE/DATASETS/CodecFake/C2/C2/F02_SSB19350048.wav,2
/USERSPACE/DATASETS/CodecFake/C2/C2/F02_SSB03380439.wav,2
/USERSPACE/DATASETS/CodecFake/C2/C2/F02_SSB06140103.wav,2
/USERSPACE/DATASETS/CodecFake/C2/C2/F02_SSB07620033.wav,2
/USERSPACE/DATASETS/CodecFake/C2/C2/F02_SSB00380235.wav,2
/USERSPACE/DATASETS/CodecFake/C2/C2/F02_SSB15550257.wav,2
/USERSPACE/DATASETS/CodecFake/C2/C2/F02_SSB08220205.wav,2
/USERSPACE/DATASETS/CodecFake/C2/C2/F02_p300_253.wav,2
/USERSPACE/DATASETS/CodecFake/C2/C2/F02_SSB02410394.wav,2
/USERSPACE/DATASETS/CodecFake/C2/C2/F02_p249_160.wav,2
/USERSPACE/DATASETS/CodecFake/C2/C2/F02_SSB07100045.wav,2
/USERSPACE/DATASETS/CodecFake/C2/C2/F02_SSB16070118.wav,2
/USERSPACE/DATASETS/CodecFake/C2/C2/F02_SSB03070211.wav,2
/USERSPACE/DATASETS/CodecFake/C2/C2/F02_SSB03540295.wav,2
/USERSPACE/DATASETS/CodecFake/C2/C2/F02_p295_176.wav,2
/USERSPACE/DATASETS/CodecFake/C2/C2/F02_SSB17590463.wav,2
/USERSPACE/DATASETS/CodecFake/C2/C2/F02_p330_401.wav,2
/USERSPACE/DATASETS/CodecFake/C2/C2/F02_p307_048.wav,2
/USERSPACE/DATASETS/CodecFake/C2/C2/F02_SSB11380023.wav,2
/USERSPACE/DATASETS/CodecFake/C2/C2/F02_SSB06860186.wav,2
/USERSPACE/DATASETS/CodecFake/C2/C2/F02_p364_125.wav,2
/USERSPACE/DATASETS/CodecFake/C2/C2/F02_p293_188.wav,2
/USERSPACE/DATASETS/CodecFake/C2/C2/F02_p251_347.wav,2
/USERSPACE/DATASETS/CodecFake/C2/C2/F02_SSB00800162.wav,2
/USERSPACE/DATASETS/CodecFake/C2/C2/F02_SSB18460104.wav,2
/USERSPACE/DATASETS/CodecFake/C2/C2/F02_p298_119.wav,2
/USERSPACE/DATASETS/CodecFake/C2/C2/F02_p280_199.wav,2
/USERSPACE/DATASETS/CodecFake/C2/C2/F02_SSB10720052.wav,2
/USERSPACE/DATASETS/CodecFake/C2/C2/F02_p361_209.wav,2
/USERSPACE/DATASETS/CodecFake/C2/C2/F02_SSB00330427.wav,2
/USERSPACE/DATASETS/CodecFake/C2/C2/F02_p275_219.wav,2
/USERSPACE/DATASETS/CodecFake/C2/C2/F02_SSB13930495.wav,2
/USERSPACE/DATASETS/CodecFake/C2/C2/F02_SSB01970479.wav,2
/USERSPACE/DATASETS/CodecFake/C2/C2/F02_p334_046.wav,2
/USERSPACE/DATASETS/CodecFake/C2/C2/F02_SSB03540187.wav,2
/USERSPACE/DATASETS/CodecFake/C2/C2/F02_p279_186.wav,2
/USERSPACE/DATASETS/CodecFake/C2/C2/F02_SSB03150426.wav,2
/USERSPACE/DATASETS/CodecFake/C2/C2/F02_p275_039.wav,2
/USERSPACE/DATASETS/CodecFake/C2/C2/F02_p255_244.wav,2
/USERSPACE/DATASETS/CodecFake/C2/C2/F02_SSB02610242.wav,2
/USERSPACE/DATASETS/CodecFake/C2/C2/F02_SSB12180291.wav,2
/USERSPACE/DATASETS/CodecFake/C2/C2/F02_p272_188.wav,2
/USERSPACE/DATASETS/CodecFake/C2/C2/F02_p335_329.wav,2
/USERSPACE/DATASETS/CodecFake/C2/C2/F02_p288_236.wav,2
/USERSPACE/DATASETS/CodecFake/C2/C2/F02_p249_266.wav,2
/USERSPACE/DATASETS/CodecFake/C2/C2/F02_SSB05880390.wav,2
/USERSPACE/DATASETS/CodecFake/C2/C2/F02_p225_009.wav,2
/USERSPACE/DATASETS/CodecFake/C2/C2/F02_p225_172.wav,2
/USERSPACE/DATASETS/CodecFake/C2/C2/F02_p281_396.wav,2
/USERSPACE/DATASETS/CodecFake/C2/C2/F02_p361_407.wav,2
/USERSPACE/DATASETS/CodecFake/C2/C2/F02_p376_060.wav,2
/USERSPACE/DATASETS/CodecFake/C2/C2/F02_p317_089.wav,2
/USERSPACE/DATASETS/CodecFake/C2/C2/F02_SSB03090357.wav,2
/USERSPACE/DATASETS/CodecFake/C2/C2/F02_p264_267.wav,2
/USERSPACE/DATASETS/CodecFake/C2/C2/F02_p293_131.wav,2
/USERSPACE/DATASETS/CodecFake/C2/C2/F02_SSB01390379.wav,2
/USERSPACE/DATASETS/CodecFake/C2/C2/F02_SSB07840448.wav,2
/USERSPACE/DATASETS/CodecFake/C2/C2/F02_SSB16990038.wav,2
/USERSPACE/DATASETS/CodecFake/C2/C2/F02_SSB08220421.wav,2
/USERSPACE/DATASETS/CodecFake/C2/C2/F02_SSB02870206.wav,2
/USERSPACE/DATASETS/CodecFake/C2/C2/F02_SSB00330386.wav,2
/USERSPACE/DATASETS/CodecFake/C2/C2/F02_p303_010.wav,2
/USERSPACE/DATASETS/CodecFake/C2/C2/F02_p287_342.wav,2
/USERSPACE/DATASETS/CodecFake/C2/C2/F02_SSB05880004.wav,2
/USERSPACE/DATASETS/CodecFake/C2/C2/F02_p259_309.wav,2
/USERSPACE/DATASETS/CodecFake/C2/C2/F02_SSB00430216.wav,2
/USERSPACE/DATASETS/CodecFake/C2/C2/F02_SSB07510328.wav,2
/USERSPACE/DATASETS/CodecFake/C2/C2/F02_SSB03160208.wav,2
/USERSPACE/DATASETS/CodecFake/C2/C2/F02_p236_230.wav,2
/USERSPACE/DATASETS/CodecFake/C2/C2/F02_SSB05020045.wav,2
/USERSPACE/DATASETS/CodecFake/C2/C2/F02_SSB02000399.wav,2
/USERSPACE/DATASETS/CodecFake/C2/C2/F02_p308_230.wav,2
/USERSPACE/DATASETS/CodecFake/C2/C2/F02_p293_392.wav,2
/USERSPACE/DATASETS/CodecFake/C2/C2/F02_SSB11260159.wav,2
/USERSPACE/DATASETS/CodecFake/C2/C2/F02_SSB07510191.wav,2
/USERSPACE/DATASETS/CodecFake/C2/C2/F02_p300_154.wav,2
/USERSPACE/DATASETS/CodecFake/C2/C2/F02_SSB02610054.wav,2
/USERSPACE/DATASETS/CodecFake/C2/C2/F02_SSB03390072.wav,2
/USERSPACE/DATASETS/CodecFake/C2/C2/F02_p299_379.wav,2
/USERSPACE/DATASETS/CodecFake/C2/C2/F02_SSB13850212.wav,2
/USERSPACE/DATASETS/CodecFake/C2/C2/F02_SSB07480388.wav,2
/USERSPACE/DATASETS/CodecFake/C2/C2/F02_p275_109.wav,2
/USERSPACE/DATASETS/CodecFake/C2/C2/F02_SSB13650037.wav,2
/USERSPACE/DATASETS/CodecFake/C2/C2/F02_SSB06860472.wav,2
/USERSPACE/DATASETS/CodecFake/C2/C2/F02_p364_277.wav,2
/USERSPACE/DATASETS/CodecFake/C2/C2/F02_SSB18280141.wav,2
/USERSPACE/DATASETS/CodecFake/C2/C2/F02_SSB01450203.wav,2
/USERSPACE/DATASETS/CodecFake/C2/C2/F02_SSB18780112.wav,2
/USERSPACE/DATASETS/CodecFake/C2/C2/F02_p302_268.wav,2
/USERSPACE/DATASETS/CodecFake/C2/C2/F02_SSB02880298.wav,2
/USERSPACE/DATASETS/CodecFake/C2/C2/F02_SSB02610057.wav,2
/USERSPACE/DATASETS/CodecFake/C2/C2/F02_SSB05990185.wav,2
/USERSPACE/DATASETS/CodecFake/C2/C2/F02_p228_237.wav,2
/USERSPACE/DATASETS/CodecFake/C2/C2/F02_SSB16300280.wav,2
/USERSPACE/DATASETS/CodecFake/C2/C2/F02_p258_240.wav,2
/USERSPACE/DATASETS/CodecFake/C2/C2/F02_SSB05390159.wav,2
/USERSPACE/DATASETS/CodecFake/C2/C2/F02_SSB04340223.wav,2
/USERSPACE/DATASETS/CodecFake/C2/C2/F02_SSB06010060.wav,2
/USERSPACE/DATASETS/CodecFake/C2/C2/F02_SSB02460397.wav,2
/USERSPACE/DATASETS/CodecFake/C2/C2/F02_SSB03750179.wav,2
/USERSPACE/DATASETS/CodecFake/C2/C2/F02_p271_359.wav,2
/USERSPACE/DATASETS/CodecFake/C2/C2/F02_SSB13220280.wav,2
/USERSPACE/DATASETS/CodecFake/C2/C2/F02_SSB08630318.wav,2
/USERSPACE/DATASETS/CodecFake/C2/C2/F02_SSB09660236.wav,2
/USERSPACE/DATASETS/CodecFake/C2/C2/F02_SSB14570105.wav,2
/USERSPACE/DATASETS/CodecFake/C2/C2/F02_p266_105.wav,2
/USERSPACE/DATASETS/CodecFake/C2/C2/F02_SSB11310419.wav,2
/USERSPACE/DATASETS/CodecFake/C2/C2/F02_SSB07460235.wav,2
/USERSPACE/DATASETS/CodecFake/C2/C2/F02_p376_083.wav,2
/USERSPACE/DATASETS/CodecFake/C2/C2/F02_SSB03660259.wav,2
/USERSPACE/DATASETS/CodecFake/C2/C2/F02_p335_229.wav,2
/USERSPACE/DATASETS/CodecFake/C2/C2/F02_SSB07160313.wav,2
/USERSPACE/DATASETS/CodecFake/C2/C2/F02_p345_037.wav,2
/USERSPACE/DATASETS/CodecFake/C2/C2/F02_p360_242.wav,2
/USERSPACE/DATASETS/CodecFake/C2/C2/F02_SSB18460349.wav,2
/USERSPACE/DATASETS/CodecFake/C2/C2/F02_SSB07100473.wav,2
/USERSPACE/DATASETS/CodecFake/C2/C2/F02_SSB00430240.wav,2
/USERSPACE/DATASETS/CodecFake/C2/C2/F02_p308_034.wav,2
/USERSPACE/DATASETS/CodecFake/C2/C2/F02_SSB05340214.wav,2
/USERSPACE/DATASETS/CodecFake/C2/C2/F02_p351_277.wav,2
/USERSPACE/DATASETS/CodecFake/C2/C2/F02_p318_291.wav,2
/USERSPACE/DATASETS/CodecFake/C2/C2/F02_SSB18780356.wav,2
/USERSPACE/DATASETS/CodecFake/C2/C2/F02_p329_393.wav,2
/USERSPACE/DATASETS/CodecFake/C2/C2/F02_p260_208.wav,2
/USERSPACE/DATASETS/CodecFake/C2/C2/F02_p339_383.wav,2
/USERSPACE/DATASETS/CodecFake/C2/C2/F02_p244_284.wav,2
/USERSPACE/DATASETS/CodecFake/C2/C2/F02_p268_329.wav,2
/USERSPACE/DATASETS/CodecFake/C2/C2/F02_SSB11150002.wav,2
/USERSPACE/DATASETS/CodecFake/C2/C2/F02_SSB13930344.wav,2
/USERSPACE/DATASETS/CodecFake/C2/C2/F02_SSB07110236.wav,2
/USERSPACE/DATASETS/CodecFake/C2/C2/F02_p266_264.wav,2
/USERSPACE/DATASETS/CodecFake/C2/C2/F02_p302_101.wav,2
/USERSPACE/DATASETS/CodecFake/C2/C2/F02_p330_160.wav,2
/USERSPACE/DATASETS/CodecFake/C2/C2/F02_SSB03820442.wav,2
/USERSPACE/DATASETS/CodecFake/C2/C2/F02_SSB13930434.wav,2
/USERSPACE/DATASETS/CodecFake/C2/C2/F02_p245_058.wav,2
/USERSPACE/DATASETS/CodecFake/C2/C2/F02_SSB12040103.wav,2
/USERSPACE/DATASETS/CodecFake/C2/C2/F02_SSB03420285.wav,2
/USERSPACE/DATASETS/CodecFake/C2/C2/F02_SSB06320346.wav,2
/USERSPACE/DATASETS/CodecFake/C2/C2/F02_SSB16990376.wav,2
/USERSPACE/DATASETS/CodecFake/C2/C2/F02_SSB03850367.wav,2
/USERSPACE/DATASETS/CodecFake/C2/C2/F02_p251_016.wav,2
/USERSPACE/DATASETS/CodecFake/C2/C2/F02_SSB06310017.wav,2
/USERSPACE/DATASETS/CodecFake/C2/C2/F02_SSB14020226.wav,2
/USERSPACE/DATASETS/CodecFake/C2/C2/F02_p326_366.wav,2
/USERSPACE/DATASETS/CodecFake/C2/C2/F02_SSB00800455.wav,2
/USERSPACE/DATASETS/CodecFake/C2/C2/F02_p233_311.wav,2
/USERSPACE/DATASETS/CodecFake/C2/C2/F02_SSB10560490.wav,2
/USERSPACE/DATASETS/CodecFake/C2/C2/F02_SSB01220438.wav,2
/USERSPACE/DATASETS/CodecFake/C2/C2/F02_SSB03540481.wav,2
/USERSPACE/DATASETS/CodecFake/C2/C2/F02_SSB17590226.wav,2
/USERSPACE/DATASETS/CodecFake/C2/C2/F02_p313_136.wav,2
/USERSPACE/DATASETS/CodecFake/C2/C2/F02_SSB01970117.wav,2
/USERSPACE/DATASETS/CodecFake/C2/C2/F02_p305_297.wav,2
/USERSPACE/DATASETS/CodecFake/C2/C2/F02_SSB01220067.wav,2
/USERSPACE/DATASETS/CodecFake/C2/C2/F02_p294_346.wav,2
/USERSPACE/DATASETS/CodecFake/C2/C2/F02_SSB11970125.wav,2
/USERSPACE/DATASETS/CodecFake/C2/C2/F02_SSB10240108.wav,2
/USERSPACE/DATASETS/CodecFake/C2/C2/F02_SSB18320026.wav,2
/USERSPACE/DATASETS/CodecFake/C2/C2/F02_SSB10720054.wav,2
/USERSPACE/DATASETS/CodecFake/C2/C2/F02_SSB10720484.wav,2
/USERSPACE/DATASETS/CodecFake/C2/C2/F02_SSB15550116.wav,2
/USERSPACE/DATASETS/CodecFake/C2/C2/F02_p360_181.wav,2
/USERSPACE/DATASETS/CodecFake/C2/C2/F02_SSB04820022.wav,2
/USERSPACE/DATASETS/CodecFake/C2/C2/F02_SSB06230024.wav,2
/USERSPACE/DATASETS/CodecFake/C2/C2/F02_p284_109.wav,2
/USERSPACE/DATASETS/CodecFake/C2/C2/F02_SSB02870453.wav,2
/USERSPACE/DATASETS/CodecFake/C2/C2/F02_p287_387.wav,2
/USERSPACE/DATASETS/CodecFake/C2/C2/F02_p306_209.wav,2
/USERSPACE/DATASETS/CodecFake/C2/C2/F02_SSB00730170.wav,2
/USERSPACE/DATASETS/CodecFake/C2/C2/F02_SSB07170174.wav,2
/USERSPACE/DATASETS/CodecFake/C2/C2/F02_SSB03940475.wav,2
/USERSPACE/DATASETS/CodecFake/C2/C2/F02_SSB13660328.wav,2
/USERSPACE/DATASETS/CodecFake/C2/C2/F02_SSB05390251.wav,2
/USERSPACE/DATASETS/CodecFake/C2/C2/F02_p329_091.wav,2
/USERSPACE/DATASETS/CodecFake/C2/C2/F02_SSB07230249.wav,2
/USERSPACE/DATASETS/CodecFake/C2/C2/F02_p230_248.wav,2
/USERSPACE/DATASETS/CodecFake/C2/C2/F02_SSB04270378.wav,2
/USERSPACE/DATASETS/CodecFake/C2/C2/F02_SSB06310470.wav,2
/USERSPACE/DATASETS/CodecFake/C2/C2/F02_SSB04070348.wav,2
/USERSPACE/DATASETS/CodecFake/C2/C2/F02_SSB03790375.wav,2
/USERSPACE/DATASETS/CodecFake/C2/C2/F02_p283_223.wav,2
/USERSPACE/DATASETS/CodecFake/C2/C2/F02_p249_190.wav,2
/USERSPACE/DATASETS/CodecFake/C2/C2/F02_p244_054.wav,2
/USERSPACE/DATASETS/CodecFake/C2/C2/F02_SSB06290401.wav,2
/USERSPACE/DATASETS/CodecFake/C2/C2/F02_SSB06030099.wav,2
/USERSPACE/DATASETS/CodecFake/C2/C2/F02_p376_109.wav,2
/USERSPACE/DATASETS/CodecFake/C2/C2/F02_SSB12390236.wav,2
/USERSPACE/DATASETS/CodecFake/C2/C2/F02_p276_103.wav,2
/USERSPACE/DATASETS/CodecFake/C2/C2/F02_SSB09130005.wav,2
/USERSPACE/DATASETS/CodecFake/C2/C2/F02_SSB05020160.wav,2
/USERSPACE/DATASETS/CodecFake/C2/C2/F02_SSB10010254.wav,2
/USERSPACE/DATASETS/CodecFake/C2/C2/F02_SSB19350100.wav,2
/USERSPACE/DATASETS/CodecFake/C2/C2/F02_p301_007.wav,2
/USERSPACE/DATASETS/CodecFake/C2/C2/F02_SSB08170441.wav,2
/USERSPACE/DATASETS/CodecFake/C2/C2/F02_p303_045.wav,2
/USERSPACE/DATASETS/CodecFake/C2/C2/F02_p292_078.wav,2
/USERSPACE/DATASETS/CodecFake/C2/C2/F02_SSB12210371.wav,2
/USERSPACE/DATASETS/CodecFake/C2/C2/F02_SSB11080226.wav,2
/USERSPACE/DATASETS/CodecFake/C2/C2/F02_SSB01450119.wav,2
/USERSPACE/DATASETS/CodecFake/C2/C2/F02_p343_382.wav,2
/USERSPACE/DATASETS/CodecFake/C2/C2/F02_SSB00430050.wav,2
/USERSPACE/DATASETS/CodecFake/C2/C2/F02_p252_059.wav,2
/USERSPACE/DATASETS/CodecFake/C2/C2/F02_p285_010.wav,2
/USERSPACE/DATASETS/CodecFake/C2/C2/F02_p284_102.wav,2
/USERSPACE/DATASETS/CodecFake/C2/C2/F02_SSB03150236.wav,2
/USERSPACE/DATASETS/CodecFake/C2/C2/F02_p238_002.wav,2
/USERSPACE/DATASETS/CodecFake/C2/C2/F02_SSB03160030.wav,2
/USERSPACE/DATASETS/CodecFake/C2/C2/F02_p294_216.wav,2
/USERSPACE/DATASETS/CodecFake/C2/C2/F02_SSB00180333.wav,2
/USERSPACE/DATASETS/CodecFake/C2/C2/F02_SSB07200010.wav,2
/USERSPACE/DATASETS/CodecFake/C2/C2/F02_SSB18720193.wav,2
/USERSPACE/DATASETS/CodecFake/C2/C2/F02_SSB18910060.wav,2
/USERSPACE/DATASETS/CodecFake/C2/C2/F02_SSB03230346.wav,2
/USERSPACE/DATASETS/CodecFake/C2/C2/F02_SSB03540280.wav,2
/USERSPACE/DATASETS/CodecFake/C2/C2/F02_p254_147.wav,2
/USERSPACE/DATASETS/CodecFake/C2/C2/F02_SSB08510296.wav,2
/USERSPACE/DATASETS/CodecFake/C2/C2/F02_p351_127.wav,2
/USERSPACE/DATASETS/CodecFake/C2/C2/F02_p294_179.wav,2
/USERSPACE/DATASETS/CodecFake/C2/C2/F02_SSB16840142.wav,2
/USERSPACE/DATASETS/CodecFake/C2/C2/F02_SSB05940007.wav,2
/USERSPACE/DATASETS/CodecFake/C2/C2/F02_p263_131.wav,2
/USERSPACE/DATASETS/CodecFake/C2/C2/F02_p340_342.wav,2
/USERSPACE/DATASETS/CodecFake/C2/C2/F02_p256_276.wav,2
/USERSPACE/DATASETS/CodecFake/C2/C2/F02_SSB10720376.wav,2
/USERSPACE/DATASETS/CodecFake/C2/C2/F02_p294_373.wav,2
/USERSPACE/DATASETS/CodecFake/C2/C2/F02_SSB10720503.wav,2
/USERSPACE/DATASETS/CodecFake/C2/C2/F02_SSB04340358.wav,2
/USERSPACE/DATASETS/CodecFake/C2/C2/F02_SSB17110088.wav,2
/USERSPACE/DATASETS/CodecFake/C2/C2/F02_p252_007.wav,2
/USERSPACE/DATASETS/CodecFake/C2/C2/F02_SSB03410464.wav,2
/USERSPACE/DATASETS/CodecFake/C2/C2/F02_SSB06070253.wav,2
/USERSPACE/DATASETS/CodecFake/C2/C2/F02_p274_002.wav,2
/USERSPACE/DATASETS/CodecFake/C2/C2/F02_p300_149.wav,2
/USERSPACE/DATASETS/CodecFake/C2/C2/F02_SSB01970436.wav,2
/USERSPACE/DATASETS/CodecFake/C2/C2/F02_p313_199.wav,2
/USERSPACE/DATASETS/CodecFake/C2/C2/F02_SSB10560122.wav,2
/USERSPACE/DATASETS/CodecFake/C2/C2/F02_SSB09130430.wav,2
/USERSPACE/DATASETS/CodecFake/C2/C2/F02_SSB17590188.wav,2
/USERSPACE/DATASETS/CodecFake/C2/C2/F02_SSB05880392.wav,2
/USERSPACE/DATASETS/CodecFake/C2/C2/F02_SSB07170445.wav,2
/USERSPACE/DATASETS/CodecFake/C2/C2/F02_SSB15930231.wav,2
/USERSPACE/DATASETS/CodecFake/C2/C2/F02_SSB04350418.wav,2
/USERSPACE/DATASETS/CodecFake/C2/C2/F02_SSB18320126.wav,2
/USERSPACE/DATASETS/CodecFake/C2/C2/F02_SSB10010452.wav,2
/USERSPACE/DATASETS/CodecFake/C2/C2/F02_SSB05340126.wav,2
/USERSPACE/DATASETS/CodecFake/C2/C2/F02_SSB06680341.wav,2
/USERSPACE/DATASETS/CodecFake/C2/C2/F02_SSB03380414.wav,2
/USERSPACE/DATASETS/CodecFake/C2/C2/F02_SSB06860199.wav,2
/USERSPACE/DATASETS/CodecFake/C2/C2/F02_p279_318.wav,2
/USERSPACE/DATASETS/CodecFake/C2/C2/F02_SSB05780234.wav,2
/USERSPACE/DATASETS/CodecFake/C2/C2/F02_SSB06010299.wav,2
/USERSPACE/DATASETS/CodecFake/C2/C2/F02_SSB00430086.wav,2
/USERSPACE/DATASETS/CodecFake/C2/C2/F02_p310_059.wav,2
/USERSPACE/DATASETS/CodecFake/C2/C2/F02_p362_314.wav,2
/USERSPACE/DATASETS/CodecFake/C2/C2/F02_p306_184.wav,2
/USERSPACE/DATASETS/CodecFake/C2/C2/F02_SSB11000455.wav,2
/USERSPACE/DATASETS/CodecFake/C2/C2/F02_p299_134.wav,2
/USERSPACE/DATASETS/CodecFake/C2/C2/F02_p281_303.wav,2
/USERSPACE/DATASETS/CodecFake/C2/C2/F02_p246_115.wav,2
/USERSPACE/DATASETS/CodecFake/C2/C2/F02_SSB00380012.wav,2
/USERSPACE/DATASETS/CodecFake/C2/C2/F02_SSB19350316.wav,2
/USERSPACE/DATASETS/CodecFake/C2/C2/F02_SSB19350265.wav,2
/USERSPACE/DATASETS/CodecFake/C2/C2/F02_SSB10200511.wav,2
/USERSPACE/DATASETS/CodecFake/C2/C2/F02_SSB19390063.wav,2
/USERSPACE/DATASETS/CodecFake/C2/C2/F02_SSB16300177.wav,2
/USERSPACE/DATASETS/CodecFake/C2/C2/F02_SSB01490329.wav,2
/USERSPACE/DATASETS/CodecFake/C2/C2/F02_SSB05700007.wav,2
/USERSPACE/DATASETS/CodecFake/C2/C2/F02_SSB03800185.wav,2
/USERSPACE/DATASETS/CodecFake/C2/C2/F02_SSB07840363.wav,2
/USERSPACE/DATASETS/CodecFake/C2/C2/F02_SSB13650239.wav,2
/USERSPACE/DATASETS/CodecFake/C2/C2/F02_SSB07460483.wav,2
/USERSPACE/DATASETS/CodecFake/C2/C2/F02_SSB03410179.wav,2
/USERSPACE/DATASETS/CodecFake/C2/C2/F02_SSB18720066.wav,2
/USERSPACE/DATASETS/CodecFake/C2/C2/F02_p244_040.wav,2
/USERSPACE/DATASETS/CodecFake/C2/C2/F02_SSB06860505.wav,2
/USERSPACE/DATASETS/CodecFake/C2/C2/F02_p254_211.wav,2
/USERSPACE/DATASETS/CodecFake/C2/C2/F02_p330_302.wav,2
/USERSPACE/DATASETS/CodecFake/C2/C2/F02_p254_051.wav,2
/USERSPACE/DATASETS/CodecFake/C2/C2/F02_SSB19180008.wav,2
/USERSPACE/DATASETS/CodecFake/C2/C2/F02_SSB10080274.wav,2
/USERSPACE/DATASETS/CodecFake/C2/C2/F02_SSB04700312.wav,2
/USERSPACE/DATASETS/CodecFake/C2/C2/F02_SSB19390136.wav,2
/USERSPACE/DATASETS/CodecFake/C2/C2/F02_SSB04340118.wav,2
/USERSPACE/DATASETS/CodecFake/C2/C2/F02_SSB06010018.wav,2
/USERSPACE/DATASETS/CodecFake/C2/C2/F02_p272_183.wav,2
/USERSPACE/DATASETS/CodecFake/C2/C2/F02_p245_140.wav,2
/USERSPACE/DATASETS/CodecFake/C2/C2/F02_SSB05350385.wav,2
/USERSPACE/DATASETS/CodecFake/C2/C2/F02_SSB00050136.wav,2
/USERSPACE/DATASETS/CodecFake/C2/C2/F02_SSB14310313.wav,2
/USERSPACE/DATASETS/CodecFake/C2/C2/F02_SSB07490347.wav,2
/USERSPACE/DATASETS/CodecFake/C2/C2/F02_SSB17390354.wav,2
/USERSPACE/DATASETS/CodecFake/C2/C2/F02_SSB19180247.wav,2
/USERSPACE/DATASETS/CodecFake/C2/C2/F02_p253_392.wav,2
/USERSPACE/DATASETS/CodecFake/C2/C2/F02_p230_336.wav,2
/USERSPACE/DATASETS/CodecFake/C2/C2/F02_SSB08170250.wav,2
/USERSPACE/DATASETS/CodecFake/C2/C2/F02_SSB04700399.wav,2
/USERSPACE/DATASETS/CodecFake/C2/C2/F02_p271_020.wav,2
/USERSPACE/DATASETS/CodecFake/C2/C2/F02_SSB01390194.wav,2
/USERSPACE/DATASETS/CodecFake/C2/C2/F02_SSB06060359.wav,2
/USERSPACE/DATASETS/CodecFake/C2/C2/F02_SSB07780323.wav,2
/USERSPACE/DATASETS/CodecFake/C2/C2/F02_p361_164.wav,2
/USERSPACE/DATASETS/CodecFake/C2/C2/F02_SSB19020112.wav,2
/USERSPACE/DATASETS/CodecFake/C2/C2/F02_SSB18370403.wav,2
/USERSPACE/DATASETS/CodecFake/C2/C2/F02_SSB09660190.wav,2
/USERSPACE/DATASETS/CodecFake/C2/C2/F02_SSB04070064.wav,2
/USERSPACE/DATASETS/CodecFake/C2/C2/F02_SSB04350011.wav,2
/USERSPACE/DATASETS/CodecFake/C2/C2/F02_SSB07600239.wav,2
/USERSPACE/DATASETS/CodecFake/C2/C2/F02_p304_343.wav,2
/USERSPACE/DATASETS/CodecFake/C2/C2/F02_SSB03390493.wav,2
/USERSPACE/DATASETS/CodecFake/C2/C2/F02_SSB11760069.wav,2
/USERSPACE/DATASETS/CodecFake/C2/C2/F02_p269_259.wav,2
/USERSPACE/DATASETS/CodecFake/C2/C2/F02_p225_114.wav,2
/USERSPACE/DATASETS/CodecFake/C2/C2/F02_p333_168.wav,2
/USERSPACE/DATASETS/CodecFake/C2/C2/F02_p300_365.wav,2
/USERSPACE/DATASETS/CodecFake/C2/C2/F02_SSB18720125.wav,2
/USERSPACE/DATASETS/CodecFake/C2/C2/F02_SSB06070345.wav,2
/USERSPACE/DATASETS/CodecFake/C2/C2/F02_SSB06860469.wav,2
/USERSPACE/DATASETS/CodecFake/C2/C2/F02_SSB03790153.wav,2
/USERSPACE/DATASETS/CodecFake/C2/C2/F02_SSB00800248.wav,2
/USERSPACE/DATASETS/CodecFake/C2/C2/F02_SSB03750428.wav,2
/USERSPACE/DATASETS/CodecFake/C2/C2/F02_SSB02670410.wav,2
/USERSPACE/DATASETS/CodecFake/C2/C2/F02_p267_233.wav,2
/USERSPACE/DATASETS/CodecFake/C2/C2/F02_p333_205.wav,2
/USERSPACE/DATASETS/CodecFake/C2/C2/F02_p285_391.wav,2
/USERSPACE/DATASETS/CodecFake/C2/C2/F02_SSB02610338.wav,2
/USERSPACE/DATASETS/CodecFake/C2/C2/F02_SSB00120204.wav,2
/USERSPACE/DATASETS/CodecFake/C2/C2/F02_SSB15670410.wav,2
/USERSPACE/DATASETS/CodecFake/C2/C2/F02_SSB14080070.wav,2
/USERSPACE/DATASETS/CodecFake/C2/C2/F02_SSB16700447.wav,2
/USERSPACE/DATASETS/CodecFake/C2/C2/F02_SSB07200477.wav,2
/USERSPACE/DATASETS/CodecFake/C2/C2/F02_SSB16070005.wav,2
/USERSPACE/DATASETS/CodecFake/C2/C2/F02_SSB07580028.wav,2
/USERSPACE/DATASETS/CodecFake/C2/C2/F02_p253_086.wav,2
/USERSPACE/DATASETS/CodecFake/C2/C2/F02_SSB05020385.wav,2
/USERSPACE/DATASETS/CodecFake/C2/C2/F02_p261_110.wav,2
/USERSPACE/DATASETS/CodecFake/C2/C2/F02_SSB06680274.wav,2
/USERSPACE/DATASETS/CodecFake/C2/C2/F02_p271_156.wav,2
/USERSPACE/DATASETS/CodecFake/C2/C2/F02_SSB09660378.wav,2
/USERSPACE/DATASETS/CodecFake/C2/C2/F02_SSB18100448.wav,2
/USERSPACE/DATASETS/CodecFake/C2/C2/F02_p333_352.wav,2
/USERSPACE/DATASETS/CodecFake/C2/C2/F02_SSB05390158.wav,2
/USERSPACE/DATASETS/CodecFake/C2/C2/F02_SSB06140302.wav,2
/USERSPACE/DATASETS/CodecFake/C2/C2/F02_SSB02610331.wav,2
/USERSPACE/DATASETS/CodecFake/C2/C2/F02_SSB07000394.wav,2
/USERSPACE/DATASETS/CodecFake/C2/C2/F02_p301_372.wav,2
/USERSPACE/DATASETS/CodecFake/C2/C2/F02_SSB13990038.wav,2
/USERSPACE/DATASETS/CodecFake/C2/C2/F02_SSB01220223.wav,2
/USERSPACE/DATASETS/CodecFake/C2/C2/F02_p275_130.wav,2
/USERSPACE/DATASETS/CodecFake/C2/C2/F02_SSB03850318.wav,2
/USERSPACE/DATASETS/CodecFake/C2/C2/F02_SSB06030335.wav,2
/USERSPACE/DATASETS/CodecFake/C2/C2/F02_SSB13280010.wav,2
/USERSPACE/DATASETS/CodecFake/C2/C2/F02_SSB03230012.wav,2
/USERSPACE/DATASETS/CodecFake/C2/C2/F02_SSB16240080.wav,2
/USERSPACE/DATASETS/CodecFake/C2/C2/F02_SSB03930398.wav,2
/USERSPACE/DATASETS/CodecFake/C2/C2/F02_p272_197.wav,2
/USERSPACE/DATASETS/CodecFake/C2/C2/F02_SSB07780039.wav,2
/USERSPACE/DATASETS/CodecFake/C2/C2/F02_SSB03150030.wav,2
/USERSPACE/DATASETS/CodecFake/C2/C2/F02_p282_081.wav,2
/USERSPACE/DATASETS/CodecFake/C2/C2/F02_p264_329.wav,2
/USERSPACE/DATASETS/CodecFake/C2/C2/F02_p330_368.wav,2
/USERSPACE/DATASETS/CodecFake/C2/C2/F02_p232_178.wav,2
/USERSPACE/DATASETS/CodecFake/C2/C2/F02_p293_051.wav,2
/USERSPACE/DATASETS/CodecFake/C2/C2/F02_SSB06010161.wav,2
/USERSPACE/DATASETS/CodecFake/C2/C2/F02_p329_318.wav,2
/USERSPACE/DATASETS/CodecFake/C2/C2/F02_p341_385.wav,2
/USERSPACE/DATASETS/CodecFake/C2/C2/F02_SSB14480324.wav,2
/USERSPACE/DATASETS/CodecFake/C2/C2/F02_SSB04270405.wav,2
/USERSPACE/DATASETS/CodecFake/C2/C2/F02_SSB00090305.wav,2
/USERSPACE/DATASETS/CodecFake/C2/C2/F02_p305_238.wav,2
/USERSPACE/DATASETS/CodecFake/C2/C2/F02_SSB19020013.wav,2
/USERSPACE/DATASETS/CodecFake/C2/C2/F02_SSB09970171.wav,2
/USERSPACE/DATASETS/CodecFake/C2/C2/F02_p236_232.wav,2
/USERSPACE/DATASETS/CodecFake/C2/C2/F02_SSB00180504.wav,2
/USERSPACE/DATASETS/CodecFake/C2/C2/F02_SSB19560251.wav,2
/USERSPACE/DATASETS/CodecFake/C2/C2/F02_p299_404.wav,2
/USERSPACE/DATASETS/CodecFake/C2/C2/F02_SSB02990403.wav,2
/USERSPACE/DATASETS/CodecFake/C2/C2/F02_SSB03750199.wav,2
/USERSPACE/DATASETS/CodecFake/C2/C2/F02_SSB06310143.wav,2
/USERSPACE/DATASETS/CodecFake/C2/C2/F02_SSB03800209.wav,2
/USERSPACE/DATASETS/CodecFake/C2/C2/F02_SSB07460137.wav,2
/USERSPACE/DATASETS/CodecFake/C2/C2/F02_SSB11970115.wav,2
/USERSPACE/DATASETS/CodecFake/C2/C2/F02_SSB10240065.wav,2
/USERSPACE/DATASETS/CodecFake/C2/C2/F02_SSB11000089.wav,2
/USERSPACE/DATASETS/CodecFake/C2/C2/F02_p273_331.wav,2
/USERSPACE/DATASETS/CodecFake/C2/C2/F02_SSB18060309.wav,2
/USERSPACE/DATASETS/CodecFake/C2/C2/F02_SSB00090092.wav,2
/USERSPACE/DATASETS/CodecFake/C2/C2/F02_p240_192.wav,2
/USERSPACE/DATASETS/CodecFake/C2/C2/F02_p308_299.wav,2
/USERSPACE/DATASETS/CodecFake/C2/C2/F02_SSB07460045.wav,2
/USERSPACE/DATASETS/CodecFake/C2/C2/F02_p243_381.wav,2
/USERSPACE/DATASETS/CodecFake/C2/C2/F02_p362_392.wav,2
/USERSPACE/DATASETS/CodecFake/C2/C2/F02_p305_318.wav,2
/USERSPACE/DATASETS/CodecFake/C2/C2/F02_SSB06230162.wav,2
/USERSPACE/DATASETS/CodecFake/C2/C2/F02_SSB09190450.wav,2
/USERSPACE/DATASETS/CodecFake/C2/C2/F02_SSB15750420.wav,2
/USERSPACE/DATASETS/CodecFake/C2/C2/F02_p267_306.wav,2
/USERSPACE/DATASETS/CodecFake/C2/C2/F02_SSB19020414.wav,2
/USERSPACE/DATASETS/CodecFake/C2/C2/F02_SSB04700125.wav,2
/USERSPACE/DATASETS/CodecFake/C2/C2/F02_p279_243.wav,2
/USERSPACE/DATASETS/CodecFake/C2/C2/F02_SSB16500250.wav,2
/USERSPACE/DATASETS/CodecFake/C2/C2/F02_SSB01930047.wav,2
/USERSPACE/DATASETS/CodecFake/C2/C2/F02_SSB19180046.wav,2
/USERSPACE/DATASETS/CodecFake/C2/C2/F02_SSB06230075.wav,2
/USERSPACE/DATASETS/CodecFake/C2/C2/F02_SSB06060113.wav,2
/USERSPACE/DATASETS/CodecFake/C2/C2/F02_SSB18630006.wav,2
/USERSPACE/DATASETS/CodecFake/C2/C2/F02_SSB06710222.wav,2
/USERSPACE/DATASETS/CodecFake/C2/C2/F02_SSB14370241.wav,2
/USERSPACE/DATASETS/CodecFake/C2/C2/F02_SSB19180253.wav,2
/USERSPACE/DATASETS/CodecFake/C2/C2/F02_SSB19180413.wav,2
/USERSPACE/DATASETS/CodecFake/C2/C2/F02_p323_267.wav,2
/USERSPACE/DATASETS/CodecFake/C2/C2/F02_SSB15850157.wav,2
/USERSPACE/DATASETS/CodecFake/C2/C2/F02_p250_002.wav,2
/USERSPACE/DATASETS/CodecFake/C2/C2/F02_SSB04070125.wav,2
/USERSPACE/DATASETS/CodecFake/C2/C2/F02_p307_223.wav,2
/USERSPACE/DATASETS/CodecFake/C2/C2/F02_p269_363.wav,2
/USERSPACE/DATASETS/CodecFake/C2/C2/F02_SSB16240011.wav,2
/USERSPACE/DATASETS/CodecFake/C2/C2/F02_p277_177.wav,2
/USERSPACE/DATASETS/CodecFake/C2/C2/F02_SSB07940098.wav,2
/USERSPACE/DATASETS/CodecFake/C2/C2/F02_p227_187.wav,2
/USERSPACE/DATASETS/CodecFake/C2/C2/F02_p295_328.wav,2
/USERSPACE/DATASETS/CodecFake/C2/C2/F02_SSB07510236.wav,2
/USERSPACE/DATASETS/CodecFake/C2/C2/F02_SSB13820108.wav,2
/USERSPACE/DATASETS/CodecFake/C2/C2/F02_p299_354.wav,2
/USERSPACE/DATASETS/CodecFake/C2/C2/F02_SSB10500127.wav,2
/USERSPACE/DATASETS/CodecFake/C2/C2/F02_SSB10200291.wav,2
/USERSPACE/DATASETS/CodecFake/C2/C2/F02_p252_254.wav,2
/USERSPACE/DATASETS/CodecFake/C2/C2/F02_SSB07360390.wav,2
/USERSPACE/DATASETS/CodecFake/C2/C2/F02_p227_357.wav,2
/USERSPACE/DATASETS/CodecFake/C2/C2/F02_p339_176.wav,2
/USERSPACE/DATASETS/CodecFake/C2/C2/F02_p227_094.wav,2
/USERSPACE/DATASETS/CodecFake/C2/C2/F02_p258_131.wav,2
/USERSPACE/DATASETS/CodecFake/C2/C2/F02_SSB10240241.wav,2
/USERSPACE/DATASETS/CodecFake/C2/C2/F02_SSB00180267.wav,2
/USERSPACE/DATASETS/CodecFake/C2/C2/F02_SSB08510053.wav,2
/USERSPACE/DATASETS/CodecFake/C2/C2/F02_SSB00180296.wav,2
/USERSPACE/DATASETS/CodecFake/C2/C2/F02_SSB00570458.wav,2
/USERSPACE/DATASETS/CodecFake/C2/C2/F02_SSB07600387.wav,2
/USERSPACE/DATASETS/CodecFake/C2/C2/F02_SSB03950329.wav,2
/USERSPACE/DATASETS/CodecFake/C2/C2/F02_p257_038.wav,2
/USERSPACE/DATASETS/CodecFake/C2/C2/F02_SSB06030121.wav,2
/USERSPACE/DATASETS/CodecFake/C2/C2/F02_p271_253.wav,2
/USERSPACE/DATASETS/CodecFake/C2/C2/F02_p374_410.wav,2
/USERSPACE/DATASETS/CodecFake/C2/C2/F02_p295_414.wav,2
/USERSPACE/DATASETS/CodecFake/C2/C2/F02_p283_111.wav,2
/USERSPACE/DATASETS/CodecFake/C2/C2/F02_p361_241.wav,2
/USERSPACE/DATASETS/CodecFake/C2/C2/F02_p240_264.wav,2
/USERSPACE/DATASETS/CodecFake/C2/C2/F02_SSB04070219.wav,2
/USERSPACE/DATASETS/CodecFake/C2/C2/F02_SSB05780511.wav,2
/USERSPACE/DATASETS/CodecFake/C2/C2/F02_p233_326.wav,2
/USERSPACE/DATASETS/CodecFake/C2/C2/F02_SSB11150190.wav,2
/USERSPACE/DATASETS/CodecFake/C2/C2/F02_p277_014.wav,2
/USERSPACE/DATASETS/CodecFake/C2/C2/F02_p326_014.wav,2
/USERSPACE/DATASETS/CodecFake/C2/C2/F02_SSB13920206.wav,2
/USERSPACE/DATASETS/CodecFake/C2/C2/F02_p285_322.wav,2
/USERSPACE/DATASETS/CodecFake/C2/C2/F02_SSB05700357.wav,2
/USERSPACE/DATASETS/CodecFake/C2/C2/F02_p339_419.wav,2
/USERSPACE/DATASETS/CodecFake/C2/C2/F02_p334_027.wav,2
/USERSPACE/DATASETS/CodecFake/C2/C2/F02_p270_136.wav,2
/USERSPACE/DATASETS/CodecFake/C2/C2/F02_SSB02990003.wav,2
/USERSPACE/DATASETS/CodecFake/C2/C2/F02_SSB03420354.wav,2
/USERSPACE/DATASETS/CodecFake/C2/C2/F02_p229_096.wav,2
/USERSPACE/DATASETS/CodecFake/C2/C2/F02_p231_342.wav,2
/USERSPACE/DATASETS/CodecFake/C2/C2/F02_p275_117.wav,2
/USERSPACE/DATASETS/CodecFake/C2/C2/F02_SSB01930484.wav,2
/USERSPACE/DATASETS/CodecFake/C2/C2/F02_SSB00800024.wav,2
/USERSPACE/DATASETS/CodecFake/C2/C2/F02_p257_086.wav,2
/USERSPACE/DATASETS/CodecFake/C2/C2/F02_SSB04260207.wav,2
/USERSPACE/DATASETS/CodecFake/C2/C2/F02_SSB00180024.wav,2
/USERSPACE/DATASETS/CodecFake/C2/C2/F02_SSB03790045.wav,2
/USERSPACE/DATASETS/CodecFake/C2/C2/F02_SSB18780083.wav,2
/USERSPACE/DATASETS/CodecFake/C2/C2/F02_SSB03750352.wav,2
/USERSPACE/DATASETS/CodecFake/C2/C2/F02_SSB07000004.wav,2
/USERSPACE/DATASETS/CodecFake/C2/C2/F02_SSB15850045.wav,2
/USERSPACE/DATASETS/CodecFake/C2/C2/F02_SSB09350013.wav,2
/USERSPACE/DATASETS/CodecFake/C2/C2/F02_SSB18910284.wav,2
/USERSPACE/DATASETS/CodecFake/C2/C2/F02_SSB07860185.wav,2
/USERSPACE/DATASETS/CodecFake/C2/C2/F02_SSB11000043.wav,2
/USERSPACE/DATASETS/CodecFake/C2/C2/F02_SSB00160121.wav,2
/USERSPACE/DATASETS/CodecFake/C2/C2/F02_p317_133.wav,2
/USERSPACE/DATASETS/CodecFake/C2/C2/F02_p263_050.wav,2
/USERSPACE/DATASETS/CodecFake/C2/C2/F02_SSB12160511.wav,2
/USERSPACE/DATASETS/CodecFake/C2/C2/F02_p347_381.wav,2
/USERSPACE/DATASETS/CodecFake/C2/C2/F02_SSB03160279.wav,2
/USERSPACE/DATASETS/CodecFake/C2/C2/F02_SSB08220437.wav,2
/USERSPACE/DATASETS/CodecFake/C2/C2/F02_p347_310.wav,2
/USERSPACE/DATASETS/CodecFake/C2/C2/F02_p314_238.wav,2
/USERSPACE/DATASETS/CodecFake/C2/C2/F02_SSB16070441.wav,2
/USERSPACE/DATASETS/CodecFake/C2/C2/F02_SSB18780188.wav,2
/USERSPACE/DATASETS/CodecFake/C2/C2/F02_SSB09130184.wav,2
/USERSPACE/DATASETS/CodecFake/C2/C2/F02_SSB09660333.wav,2
/USERSPACE/DATASETS/CodecFake/C2/C2/F02_SSB13820103.wav,2
/USERSPACE/DATASETS/CodecFake/C2/C2/F02_SSB18630478.wav,2
/USERSPACE/DATASETS/CodecFake/C2/C2/F02_p271_158.wav,2
/USERSPACE/DATASETS/CodecFake/C2/C2/F02_SSB06090412.wav,2
/USERSPACE/DATASETS/CodecFake/C2/C2/F02_p257_125.wav,2
/USERSPACE/DATASETS/CodecFake/C2/C2/F02_SSB01450228.wav,2
/USERSPACE/DATASETS/CodecFake/C2/C2/F02_p284_288.wav,2
/USERSPACE/DATASETS/CodecFake/C2/C2/F02_p259_239.wav,2
/USERSPACE/DATASETS/CodecFake/C2/C2/F02_SSB09150144.wav,2
/USERSPACE/DATASETS/CodecFake/C2/C2/F02_SSB01220395.wav,2
/USERSPACE/DATASETS/CodecFake/C2/C2/F02_p305_312.wav,2
/USERSPACE/DATASETS/CodecFake/C2/C2/F02_p259_319.wav,2
/USERSPACE/DATASETS/CodecFake/C2/C2/F02_SSB19020264.wav,2
/USERSPACE/DATASETS/CodecFake/C2/C2/F02_SSB07200421.wav,2
/USERSPACE/DATASETS/CodecFake/C2/C2/F02_SSB05340261.wav,2
/USERSPACE/DATASETS/CodecFake/C2/C2/F02_p374_029.wav,2
/USERSPACE/DATASETS/CodecFake/C2/C2/F02_p247_090.wav,2
/USERSPACE/DATASETS/CodecFake/C2/C2/F02_SSB17820401.wav,2
/USERSPACE/DATASETS/CodecFake/C2/C2/F02_p304_137.wav,2
/USERSPACE/DATASETS/CodecFake/C2/C2/F02_p313_249.wav,2
/USERSPACE/DATASETS/CodecFake/C2/C2/F02_SSB01930406.wav,2
/USERSPACE/DATASETS/CodecFake/C2/C2/F02_SSB06140174.wav,2
/USERSPACE/DATASETS/CodecFake/C2/C2/F02_SSB04270383.wav,2
/USERSPACE/DATASETS/CodecFake/C2/C2/F02_p234_034.wav,2
/USERSPACE/DATASETS/CodecFake/C2/C2/F02_SSB02670288.wav,2
/USERSPACE/DATASETS/CodecFake/C2/C2/F02_p268_253.wav,2
/USERSPACE/DATASETS/CodecFake/C2/C2/F02_p376_251.wav,2
/USERSPACE/DATASETS/CodecFake/C2/C2/F02_SSB09660252.wav,2
/USERSPACE/DATASETS/CodecFake/C2/C2/F02_SSB02870054.wav,2
/USERSPACE/DATASETS/CodecFake/C2/C2/F02_p298_325.wav,2
/USERSPACE/DATASETS/CodecFake/C2/C2/F02_SSB06230378.wav,2
/USERSPACE/DATASETS/CodecFake/C2/C2/F02_p225_004.wav,2
/USERSPACE/DATASETS/CodecFake/C2/C2/F02_p283_309.wav,2
/USERSPACE/DATASETS/CodecFake/C2/C2/F02_p306_042.wav,2
/USERSPACE/DATASETS/CodecFake/C2/C2/F02_SSB06860019.wav,2
/USERSPACE/DATASETS/CodecFake/C2/C2/F02_SSB09930301.wav,2
/USERSPACE/DATASETS/CodecFake/C2/C2/F02_SSB18320379.wav,2
/USERSPACE/DATASETS/CodecFake/C2/C2/F02_SSB05440262.wav,2
/USERSPACE/DATASETS/CodecFake/C2/C2/F02_SSB13220266.wav,2
/USERSPACE/DATASETS/CodecFake/C2/C2/F02_SSB19390464.wav,2
/USERSPACE/DATASETS/CodecFake/C2/C2/F02_p230_250.wav,2
/USERSPACE/DATASETS/CodecFake/C2/C2/F02_SSB06090277.wav,2
/USERSPACE/DATASETS/CodecFake/C2/C2/F02_SSB06230048.wav,2
/USERSPACE/DATASETS/CodecFake/C2/C2/F02_p239_350.wav,2
/USERSPACE/DATASETS/CodecFake/C2/C2/F02_p280_276.wav,2
/USERSPACE/DATASETS/CodecFake/C2/C2/F02_SSB05780287.wav,2
/USERSPACE/DATASETS/CodecFake/C2/C2/F02_p270_096.wav,2
/USERSPACE/DATASETS/CodecFake/C2/C2/F02_SSB12740401.wav,2
/USERSPACE/DATASETS/CodecFake/C2/C2/F02_p253_110.wav,2
/USERSPACE/DATASETS/CodecFake/C2/C2/F02_SSB10080411.wav,2
/USERSPACE/DATASETS/CodecFake/C2/C2/F02_SSB07160110.wav,2
/USERSPACE/DATASETS/CodecFake/C2/C2/F02_SSB10910209.wav,2
/USERSPACE/DATASETS/CodecFake/C2/C2/F02_SSB05650040.wav,2
/USERSPACE/DATASETS/CodecFake/C2/C2/F02_SSB11150312.wav,2
/USERSPACE/DATASETS/CodecFake/C2/C2/F02_p307_352.wav,2
/USERSPACE/DATASETS/CodecFake/C2/C2/F02_SSB00160201.wav,2
/USERSPACE/DATASETS/CodecFake/C2/C2/F02_SSB12180459.wav,2
/USERSPACE/DATASETS/CodecFake/C2/C2/F02_SSB18910024.wav,2
/USERSPACE/DATASETS/CodecFake/C2/C2/F02_SSB05880109.wav,2
/USERSPACE/DATASETS/CodecFake/C2/C2/F02_p253_146.wav,2
/USERSPACE/DATASETS/CodecFake/C2/C2/F02_p270_222.wav,2
/USERSPACE/DATASETS/CodecFake/C2/C2/F02_SSB02410432.wav,2
/USERSPACE/DATASETS/CodecFake/C2/C2/F02_p281_378.wav,2
/USERSPACE/DATASETS/CodecFake/C2/C2/F02_SSB10550439.wav,2
/USERSPACE/DATASETS/CodecFake/C2/C2/F02_SSB11350080.wav,2
/USERSPACE/DATASETS/CodecFake/C2/C2/F02_SSB19020312.wav,2
/USERSPACE/DATASETS/CodecFake/C2/C2/F02_SSB13410001.wav,2
/USERSPACE/DATASETS/CodecFake/C2/C2/F02_SSB02670143.wav,2
/USERSPACE/DATASETS/CodecFake/C2/C2/F02_p279_051.wav,2
/USERSPACE/DATASETS/CodecFake/C2/C2/F02_p261_213.wav,2
/USERSPACE/DATASETS/CodecFake/C2/C2/F02_SSB00730266.wav,2
/USERSPACE/DATASETS/CodecFake/C2/C2/F02_p286_463.wav,2
/USERSPACE/DATASETS/CodecFake/C2/C2/F02_SSB03790218.wav,2
/USERSPACE/DATASETS/CodecFake/C2/C2/F02_p273_118.wav,2
/USERSPACE/DATASETS/CodecFake/C2/C2/F02_SSB02730055.wav,2
/USERSPACE/DATASETS/CodecFake/C2/C2/F02_SSB16860305.wav,2
/USERSPACE/DATASETS/CodecFake/C2/C2/F02_p225_281.wav,2
/USERSPACE/DATASETS/CodecFake/C2/C2/F02_SSB06860161.wav,2
/USERSPACE/DATASETS/CodecFake/C2/C2/F02_SSB00110120.wav,2
/USERSPACE/DATASETS/CodecFake/C2/C2/F02_SSB07020041.wav,2
/USERSPACE/DATASETS/CodecFake/C2/C2/F02_SSB13200334.wav,2
/USERSPACE/DATASETS/CodecFake/C2/C2/F02_SSB12030149.wav,2
/USERSPACE/DATASETS/CodecFake/C2/C2/F02_SSB05440462.wav,2
/USERSPACE/DATASETS/CodecFake/C2/C2/F02_p249_044.wav,2
/USERSPACE/DATASETS/CodecFake/C2/C2/F02_SSB11350195.wav,2
/USERSPACE/DATASETS/CodecFake/C2/C2/F02_SSB10910080.wav,2
/USERSPACE/DATASETS/CodecFake/C2/C2/F02_p279_078.wav,2
/USERSPACE/DATASETS/CodecFake/C2/C2/F02_p292_129.wav,2
/USERSPACE/DATASETS/CodecFake/C2/C2/F02_SSB16500240.wav,2
/USERSPACE/DATASETS/CodecFake/C2/C2/F02_SSB10000331.wav,2
/USERSPACE/DATASETS/CodecFake/C2/C2/F02_SSB09350407.wav,2
/USERSPACE/DATASETS/CodecFake/C2/C2/F02_SSB06310129.wav,2
/USERSPACE/DATASETS/CodecFake/C2/C2/F02_SSB18720309.wav,2
/USERSPACE/DATASETS/CodecFake/C2/C2/F02_SSB00380096.wav,2
/USERSPACE/DATASETS/CodecFake/C2/C2/F02_SSB00330020.wav,2
/USERSPACE/DATASETS/CodecFake/C2/C2/F02_SSB08510284.wav,2
/USERSPACE/DATASETS/CodecFake/C2/C2/F02_p374_201.wav,2
/USERSPACE/DATASETS/CodecFake/C2/C2/F02_p284_025.wav,2
/USERSPACE/DATASETS/CodecFake/C2/C2/F02_SSB07620039.wav,2
/USERSPACE/DATASETS/CodecFake/C2/C2/F02_p250_106.wav,2
/USERSPACE/DATASETS/CodecFake/C2/C2/F02_p351_347.wav,2
/USERSPACE/DATASETS/CodecFake/C2/C2/F02_SSB03930161.wav,2
/USERSPACE/DATASETS/CodecFake/C2/C2/F02_SSB03090126.wav,2
/USERSPACE/DATASETS/CodecFake/C2/C2/F02_p254_028.wav,2
/USERSPACE/DATASETS/CodecFake/C2/C2/F02_p330_137.wav,2
/USERSPACE/DATASETS/CodecFake/C2/C2/F02_SSB09190314.wav,2
/USERSPACE/DATASETS/CodecFake/C2/C2/F02_SSB03660429.wav,2
/USERSPACE/DATASETS/CodecFake/C2/C2/F02_SSB19560063.wav,2
/USERSPACE/DATASETS/CodecFake/C2/C2/F02_p233_122.wav,2
/USERSPACE/DATASETS/CodecFake/C2/C2/F02_SSB00800078.wav,2
/USERSPACE/DATASETS/CodecFake/C2/C2/F02_p248_200.wav,2
/USERSPACE/DATASETS/CodecFake/C2/C2/F02_SSB14080399.wav,2
/USERSPACE/DATASETS/CodecFake/C2/C2/F02_p238_365.wav,2
/USERSPACE/DATASETS/CodecFake/C2/C2/F02_SSB03750219.wav,2
/USERSPACE/DATASETS/CodecFake/C2/C2/F02_p376_262.wav,2
/USERSPACE/DATASETS/CodecFake/C2/C2/F02_SSB07100233.wav,2
/USERSPACE/DATASETS/CodecFake/C2/C2/F02_p270_147.wav,2
/USERSPACE/DATASETS/CodecFake/C2/C2/F02_SSB11760225.wav,2
/USERSPACE/DATASETS/CodecFake/C2/C2/F02_SSB08510078.wav,2
/USERSPACE/DATASETS/CodecFake/C2/C2/F02_p318_262.wav,2
/USERSPACE/DATASETS/CodecFake/C2/C2/F02_SSB00090136.wav,2
/USERSPACE/DATASETS/CodecFake/C2/C2/F02_SSB10960200.wav,2
/USERSPACE/DATASETS/CodecFake/C2/C2/F02_p268_278.wav,2
/USERSPACE/DATASETS/CodecFake/C2/C2/F02_p301_146.wav,2
/USERSPACE/DATASETS/CodecFake/C2/C2/F02_SSB09930357.wav,2
/USERSPACE/DATASETS/CodecFake/C2/C2/F02_SSB07000456.wav,2
/USERSPACE/DATASETS/CodecFake/C2/C2/F02_SSB02990230.wav,2
/USERSPACE/DATASETS/CodecFake/C2/C2/F02_SSB19180186.wav,2
/USERSPACE/DATASETS/CodecFake/C2/C2/F02_SSB07800090.wav,2
/USERSPACE/DATASETS/CodecFake/C2/C2/F02_SSB03090419.wav,2
/USERSPACE/DATASETS/CodecFake/C2/C2/F02_SSB15850370.wav,2
/USERSPACE/DATASETS/CodecFake/C2/C2/F02_SSB12390334.wav,2
/USERSPACE/DATASETS/CodecFake/C2/C2/F02_SSB06310041.wav,2
/USERSPACE/DATASETS/CodecFake/C2/C2/F02_p262_246.wav,2
/USERSPACE/DATASETS/CodecFake/C2/C2/F02_SSB03390348.wav,2
/USERSPACE/DATASETS/CodecFake/C2/C2/F02_p363_284.wav,2
/USERSPACE/DATASETS/CodecFake/C2/C2/F02_p237_009.wav,2
/USERSPACE/DATASETS/CodecFake/C2/C2/F02_p244_138.wav,2
/USERSPACE/DATASETS/CodecFake/C2/C2/F02_p323_173.wav,2
/USERSPACE/DATASETS/CodecFake/C2/C2/F02_SSB11080310.wav,2
/USERSPACE/DATASETS/CodecFake/C2/C2/F02_SSB02730210.wav,2
/USERSPACE/DATASETS/CodecFake/C2/C2/F02_p283_452.wav,2
/USERSPACE/DATASETS/CodecFake/C2/C2/F02_SSB09130057.wav,2
/USERSPACE/DATASETS/CodecFake/C2/C2/F02_p237_055.wav,2
/USERSPACE/DATASETS/CodecFake/C2/C2/F02_p314_114.wav,2
/USERSPACE/DATASETS/CodecFake/C2/C2/F02_SSB18720295.wav,2
/USERSPACE/DATASETS/CodecFake/C2/C2/F02_SSB16700012.wav,2
/USERSPACE/DATASETS/CodecFake/C2/C2/F02_p316_381.wav,2
/USERSPACE/DATASETS/CodecFake/C2/C2/F02_SSB09870076.wav,2
/USERSPACE/DATASETS/CodecFake/C2/C2/F02_SSB13820436.wav,2
/USERSPACE/DATASETS/CodecFake/C2/C2/F02_p270_355.wav,2
/USERSPACE/DATASETS/CodecFake/C2/C2/F02_SSB05390316.wav,2
/USERSPACE/DATASETS/CodecFake/C2/C2/F02_SSB03850021.wav,2
/USERSPACE/DATASETS/CodecFake/C2/C2/F02_p312_290.wav,2
/USERSPACE/DATASETS/CodecFake/C2/C2/F02_p225_318.wav,2
/USERSPACE/DATASETS/CodecFake/C2/C2/F02_SSB00050137.wav,2
/USERSPACE/DATASETS/CodecFake/C2/C2/F02_p313_133.wav,2
/USERSPACE/DATASETS/CodecFake/C2/C2/F02_p258_366.wav,2
/USERSPACE/DATASETS/CodecFake/C2/C2/F02_SSB10720226.wav,2
/USERSPACE/DATASETS/CodecFake/C2/C2/F02_p258_088.wav,2
/USERSPACE/DATASETS/CodecFake/C2/C2/F02_SSB01220112.wav,2
/USERSPACE/DATASETS/CodecFake/C2/C2/F02_SSB02990183.wav,2
/USERSPACE/DATASETS/CodecFake/C2/C2/F02_SSB15850479.wav,2
/USERSPACE/DATASETS/CodecFake/C2/C2/F02_SSB07940022.wav,2
/USERSPACE/DATASETS/CodecFake/C2/C2/F02_p340_399.wav,2
/USERSPACE/DATASETS/CodecFake/C2/C2/F02_SSB03090128.wav,2
/USERSPACE/DATASETS/CodecFake/C2/C2/F02_SSB10080171.wav,2
/USERSPACE/DATASETS/CodecFake/C2/C2/F02_SSB00180367.wav,2
/USERSPACE/DATASETS/CodecFake/C2/C2/F02_SSB02880145.wav,2
/USERSPACE/DATASETS/CodecFake/C2/C2/F02_p280_375.wav,2
/USERSPACE/DATASETS/CodecFake/C2/C2/F02_SSB01330248.wav,2
/USERSPACE/DATASETS/CodecFake/C2/C2/F02_SSB15550152.wav,2
/USERSPACE/DATASETS/CodecFake/C2/C2/F02_SSB14080297.wav,2
/USERSPACE/DATASETS/CodecFake/C2/C2/F02_SSB13020427.wav,2
/USERSPACE/DATASETS/CodecFake/C2/C2/F02_p247_091.wav,2
/USERSPACE/DATASETS/CodecFake/C2/C2/F02_SSB05340115.wav,2
/USERSPACE/DATASETS/CodecFake/C2/C2/F02_SSB05350021.wav,2
/USERSPACE/DATASETS/CodecFake/C2/C2/F02_p277_382.wav,2
/USERSPACE/DATASETS/CodecFake/C2/C2/F02_p264_115.wav,2
/USERSPACE/DATASETS/CodecFake/C2/C2/F02_SSB00730157.wav,2
/USERSPACE/DATASETS/CodecFake/C2/C2/F02_SSB18720082.wav,2
/USERSPACE/DATASETS/CodecFake/C2/C2/F02_SSB13990178.wav,2
/USERSPACE/DATASETS/CodecFake/C2/C2/F02_SSB09930326.wav,2
/USERSPACE/DATASETS/CodecFake/C2/C2/F02_SSB10640310.wav,2
/USERSPACE/DATASETS/CodecFake/C2/C2/F02_SSB16990259.wav,2
/USERSPACE/DATASETS/CodecFake/C2/C2/F02_p376_169.wav,2
/USERSPACE/DATASETS/CodecFake/C2/C2/F02_p312_087.wav,2
/USERSPACE/DATASETS/CodecFake/C2/C2/F02_p374_274.wav,2
/USERSPACE/DATASETS/CodecFake/C2/C2/F02_SSB06710286.wav,2
/USERSPACE/DATASETS/CodecFake/C2/C2/F02_p253_247.wav,2
/USERSPACE/DATASETS/CodecFake/C2/C2/F02_p276_453.wav,2
/USERSPACE/DATASETS/CodecFake/C2/C2/F02_SSB02410276.wav,2
/USERSPACE/DATASETS/CodecFake/C2/C2/F02_p266_319.wav,2
/USERSPACE/DATASETS/CodecFake/C2/C2/F02_p286_308.wav,2
/USERSPACE/DATASETS/CodecFake/C2/C2/F02_SSB03150349.wav,2
/USERSPACE/DATASETS/CodecFake/C2/C2/F02_SSB11870303.wav,2
/USERSPACE/DATASETS/CodecFake/C2/C2/F02_SSB05700188.wav,2
/USERSPACE/DATASETS/CodecFake/C2/C2/F02_p374_250.wav,2
/USERSPACE/DATASETS/CodecFake/C2/C2/F02_p254_396.wav,2
/USERSPACE/DATASETS/CodecFake/C2/C2/F02_SSB12030203.wav,2
/USERSPACE/DATASETS/CodecFake/C2/C2/F02_SSB00330002.wav,2
/USERSPACE/DATASETS/CodecFake/C2/C2/F02_SSB01970481.wav,2
/USERSPACE/DATASETS/CodecFake/C2/C2/F02_SSB02670482.wav,2
/USERSPACE/DATASETS/CodecFake/C2/C2/F02_SSB01220183.wav,2
/USERSPACE/DATASETS/CodecFake/C2/C2/F02_p312_052.wav,2
/USERSPACE/DATASETS/CodecFake/C2/C2/F02_SSB00090153.wav,2
/USERSPACE/DATASETS/CodecFake/C2/C2/F02_SSB14020163.wav,2
/USERSPACE/DATASETS/CodecFake/C2/C2/F02_SSB07480236.wav,2
/USERSPACE/DATASETS/CodecFake/C2/C2/F02_SSB11870283.wav,2
/USERSPACE/DATASETS/CodecFake/C2/C2/F02_SSB04270188.wav,2
/USERSPACE/DATASETS/CodecFake/C2/C2/F02_p267_099.wav,2
/USERSPACE/DATASETS/CodecFake/C2/C2/F02_SSB07600472.wav,2
/USERSPACE/DATASETS/CodecFake/C2/C2/F02_SSB11080089.wav,2
/USERSPACE/DATASETS/CodecFake/C2/C2/F02_SSB05880346.wav,2
/USERSPACE/DATASETS/CodecFake/C2/C2/F02_SSB01330398.wav,2
/USERSPACE/DATASETS/CodecFake/C2/C2/F02_p335_267.wav,2
/USERSPACE/DATASETS/CodecFake/C2/C2/F02_p271_063.wav,2
/USERSPACE/DATASETS/CodecFake/C2/C2/F02_SSB09190353.wav,2
/USERSPACE/DATASETS/CodecFake/C2/C2/F02_p274_374.wav,2
/USERSPACE/DATASETS/CodecFake/C2/C2/F02_p341_375.wav,2
/USERSPACE/DATASETS/CodecFake/C2/C2/F02_SSB15550169.wav,2
/USERSPACE/DATASETS/CodecFake/C2/C2/F02_SSB03940363.wav,2
/USERSPACE/DATASETS/CodecFake/C2/C2/F02_SSB13990195.wav,2
/USERSPACE/DATASETS/CodecFake/C2/C2/F02_SSB07110326.wav,2
/USERSPACE/DATASETS/CodecFake/C2/C2/F02_p264_282.wav,2
/USERSPACE/DATASETS/CodecFake/C2/C2/F02_p308_417.wav,2
/USERSPACE/DATASETS/CodecFake/C2/C2/F02_SSB11080152.wav,2
/USERSPACE/DATASETS/CodecFake/C2/C2/F02_SSB07230406.wav,2
/USERSPACE/DATASETS/CodecFake/C2/C2/F02_SSB09130206.wav,2
/USERSPACE/DATASETS/CodecFake/C2/C2/F02_p347_312.wav,2
/USERSPACE/DATASETS/CodecFake/C2/C2/F02_SSB07160368.wav,2
/USERSPACE/DATASETS/CodecFake/C2/C2/F02_SSB07170090.wav,2
/USERSPACE/DATASETS/CodecFake/C2/C2/F02_SSB03940062.wav,2
/USERSPACE/DATASETS/CodecFake/C2/C2/F02_p292_141.wav,2
/USERSPACE/DATASETS/CodecFake/C2/C2/F02_SSB00050355.wav,2
/USERSPACE/DATASETS/CodecFake/C2/C2/F02_SSB07460192.wav,2
/USERSPACE/DATASETS/CodecFake/C2/C2/F02_p265_190.wav,2
/USERSPACE/DATASETS/CodecFake/C2/C2/F02_p305_371.wav,2
/USERSPACE/DATASETS/CodecFake/C2/C2/F02_SSB08870312.wav,2
/USERSPACE/DATASETS/CodecFake/C2/C2/F02_p304_351.wav,2
/USERSPACE/DATASETS/CodecFake/C2/C2/F02_SSB13020198.wav,2
/USERSPACE/DATASETS/CodecFake/C2/C2/F02_SSB11310399.wav,2
/USERSPACE/DATASETS/CodecFake/C2/C2/F02_p265_026.wav,2
/USERSPACE/DATASETS/CodecFake/C2/C2/F02_SSB07490259.wav,2
/USERSPACE/DATASETS/CodecFake/C2/C2/F02_SSB03800191.wav,2
/USERSPACE/DATASETS/CodecFake/C2/C2/F02_p326_355.wav,2
/USERSPACE/DATASETS/CodecFake/C2/C2/F02_p247_182.wav,2
/USERSPACE/DATASETS/CodecFake/C2/C2/F02_SSB06680441.wav,2
/USERSPACE/DATASETS/CodecFake/C2/C2/F02_SSB04820065.wav,2
/USERSPACE/DATASETS/CodecFake/C2/C2/F02_SSB01450036.wav,2
/USERSPACE/DATASETS/CodecFake/C2/C2/F02_p335_301.wav,2
/USERSPACE/DATASETS/CodecFake/C2/C2/F02_SSB18460388.wav,2
/USERSPACE/DATASETS/CodecFake/C2/C2/F02_p269_046.wav,2
/USERSPACE/DATASETS/CodecFake/C2/C2/F02_SSB19560415.wav,2
/USERSPACE/DATASETS/CodecFake/C2/C2/F02_p361_324.wav,2
/USERSPACE/DATASETS/CodecFake/C2/C2/F02_SSB14520157.wav,2
/USERSPACE/DATASETS/CodecFake/C2/C2/F02_SSB12180316.wav,2
/USERSPACE/DATASETS/CodecFake/C2/C2/F02_p277_228.wav,2
/USERSPACE/DATASETS/CodecFake/C2/C2/F02_SSB03820201.wav,2
/USERSPACE/DATASETS/CodecFake/C2/C2/F02_SSB00110428.wav,2
/USERSPACE/DATASETS/CodecFake/C2/C2/F02_SSB09930091.wav,2
/USERSPACE/DATASETS/CodecFake/C2/C2/F02_p301_006.wav,2
/USERSPACE/DATASETS/CodecFake/C2/C2/F02_p259_403.wav,2
/USERSPACE/DATASETS/CodecFake/C2/C2/F02_SSB06060434.wav,2
/USERSPACE/DATASETS/CodecFake/C2/C2/F02_SSB09350028.wav,2
/USERSPACE/DATASETS/CodecFake/C2/C2/F02_SSB05440256.wav,2
/USERSPACE/DATASETS/CodecFake/C2/C2/F02_SSB16840242.wav,2
/USERSPACE/DATASETS/CodecFake/C2/C2/F02_SSB08510110.wav,2
/USERSPACE/DATASETS/CodecFake/C2/C2/F02_SSB04270174.wav,2
/USERSPACE/DATASETS/CodecFake/C2/C2/F02_p241_233.wav,2
/USERSPACE/DATASETS/CodecFake/C2/C2/F02_SSB10910114.wav,2
/USERSPACE/DATASETS/CodecFake/C2/C2/F02_SSB06310218.wav,2
/USERSPACE/DATASETS/CodecFake/C2/C2/F02_SSB04070324.wav,2
/USERSPACE/DATASETS/CodecFake/C2/C2/F02_SSB18460379.wav,2
/USERSPACE/DATASETS/CodecFake/C2/C2/F02_SSB06320118.wav,2
/USERSPACE/DATASETS/CodecFake/C2/C2/F02_SSB03750366.wav,2
/USERSPACE/DATASETS/CodecFake/C2/C2/F02_SSB17820484.wav,2
/USERSPACE/DATASETS/CodecFake/C2/C2/F02_SSB01220460.wav,2
/USERSPACE/DATASETS/CodecFake/C2/C2/F02_p364_176.wav,2
/USERSPACE/DATASETS/CodecFake/C2/C2/F02_SSB11100110.wav,2
/USERSPACE/DATASETS/CodecFake/C2/C2/F02_SSB08510087.wav,2
/USERSPACE/DATASETS/CodecFake/C2/C2/F02_SSB00180294.wav,2
/USERSPACE/DATASETS/CodecFake/C2/C2/F02_p304_424.wav,2
/USERSPACE/DATASETS/CodecFake/C2/C2/F02_SSB00110366.wav,2
/USERSPACE/DATASETS/CodecFake/C2/C2/F02_SSB00330323.wav,2
/USERSPACE/DATASETS/CodecFake/C2/C2/F02_SSB06320274.wav,2
/USERSPACE/DATASETS/CodecFake/C2/C2/F02_SSB13650252.wav,2
/USERSPACE/DATASETS/CodecFake/C2/C2/F02_SSB14370277.wav,2
/USERSPACE/DATASETS/CodecFake/C2/C2/F02_SSB05700137.wav,2
/USERSPACE/DATASETS/CodecFake/C2/C2/F02_p247_443.wav,2
/USERSPACE/DATASETS/CodecFake/C2/C2/F02_SSB18720118.wav,2
/USERSPACE/DATASETS/CodecFake/C2/C2/F02_SSB06070187.wav,2
/USERSPACE/DATASETS/CodecFake/C2/C2/F02_p361_093.wav,2
/USERSPACE/DATASETS/CodecFake/C2/C2/F02_p262_305.wav,2
/USERSPACE/DATASETS/CodecFake/C2/C2/F02_SSB03540227.wav,2
/USERSPACE/DATASETS/CodecFake/C2/C2/F02_SSB11150001.wav,2
/USERSPACE/DATASETS/CodecFake/C2/C2/F02_p302_210.wav,2
/USERSPACE/DATASETS/CodecFake/C2/C2/F02_p271_361.wav,2
/USERSPACE/DATASETS/CodecFake/C2/C2/F02_SSB02000016.wav,2
/USERSPACE/DATASETS/CodecFake/C2/C2/F02_SSB13830350.wav,2
/USERSPACE/DATASETS/CodecFake/C2/C2/F02_SSB03940296.wav,2
/USERSPACE/DATASETS/CodecFake/C2/C2/F02_SSB15750262.wav,2
/USERSPACE/DATASETS/CodecFake/C2/C2/F02_p316_379.wav,2
/USERSPACE/DATASETS/CodecFake/C2/C2/F02_SSB13410325.wav,2
/USERSPACE/DATASETS/CodecFake/C2/C2/F02_p335_164.wav,2
/USERSPACE/DATASETS/CodecFake/C2/C2/F02_SSB11260406.wav,2
/USERSPACE/DATASETS/CodecFake/C2/C2/F02_SSB12210115.wav,2
/USERSPACE/DATASETS/CodecFake/C2/C2/F02_SSB05990002.wav,2
/USERSPACE/DATASETS/CodecFake/C2/C2/F02_SSB00120498.wav,2
/USERSPACE/DATASETS/CodecFake/C2/C2/F02_SSB17810247.wav,2
/USERSPACE/DATASETS/CodecFake/C2/C2/F02_SSB12180452.wav,2
/USERSPACE/DATASETS/CodecFake/C2/C2/F02_p269_210.wav,2
/USERSPACE/DATASETS/CodecFake/C2/C2/F02_SSB04150257.wav,2
/USERSPACE/DATASETS/CodecFake/C2/C2/F02_SSB15850408.wav,2
/USERSPACE/DATASETS/CodecFake/C2/C2/F02_SSB07370224.wav,2
/USERSPACE/DATASETS/CodecFake/C2/C2/F02_SSB11970170.wav,2
/USERSPACE/DATASETS/CodecFake/C2/C2/F02_SSB04700262.wav,2
/USERSPACE/DATASETS/CodecFake/C2/C2/F02_SSB05940467.wav,2
/USERSPACE/DATASETS/CodecFake/C2/C2/F02_SSB01970371.wav,2
/USERSPACE/DATASETS/CodecFake/C2/C2/F02_SSB06010397.wav,2
/USERSPACE/DATASETS/CodecFake/C2/C2/F02_SSB09130121.wav,2
/USERSPACE/DATASETS/CodecFake/C2/C2/F02_SSB05340275.wav,2
/USERSPACE/DATASETS/CodecFake/C2/C2/F02_p340_102.wav,2
/USERSPACE/DATASETS/CodecFake/C2/C2/F02_SSB11380045.wav,2
/USERSPACE/DATASETS/CodecFake/C2/C2/F02_p232_123.wav,2
/USERSPACE/DATASETS/CodecFake/C2/C2/F02_SSB03160398.wav,2
/USERSPACE/DATASETS/CodecFake/C2/C2/F02_SSB04700051.wav,2
/USERSPACE/DATASETS/CodecFake/C2/C2/F02_SSB19390107.wav,2
/USERSPACE/DATASETS/CodecFake/C2/C2/F02_SSB10200059.wav,2
/USERSPACE/DATASETS/CodecFake/C2/C2/F02_SSB12210354.wav,2
/USERSPACE/DATASETS/CodecFake/C2/C2/F02_SSB10910310.wav,2
/USERSPACE/DATASETS/CodecFake/C2/C2/F02_p339_089.wav,2
/USERSPACE/DATASETS/CodecFake/C2/C2/F02_SSB17280197.wav,2
/USERSPACE/DATASETS/CodecFake/C2/C2/F02_SSB00570321.wav,2
/USERSPACE/DATASETS/CodecFake/C2/C2/F02_SSB10020333.wav,2
/USERSPACE/DATASETS/CodecFake/C2/C2/F02_SSB06710275.wav,2
/USERSPACE/DATASETS/CodecFake/C2/C2/F02_p264_285.wav,2
/USERSPACE/DATASETS/CodecFake/C2/C2/F02_SSB02880027.wav,2
/USERSPACE/DATASETS/CodecFake/C2/C2/F02_SSB10560252.wav,2
/USERSPACE/DATASETS/CodecFake/C2/C2/F02_p278_110.wav,2
/USERSPACE/DATASETS/CodecFake/C2/C2/F02_p267_299.wav,2
/USERSPACE/DATASETS/CodecFake/C2/C2/F02_SSB06860071.wav,2
/USERSPACE/DATASETS/CodecFake/C2/C2/F02_SSB18630408.wav,2
/USERSPACE/DATASETS/CodecFake/C2/C2/F02_SSB03790089.wav,2
/USERSPACE/DATASETS/CodecFake/C2/C2/F02_SSB12530130.wav,2
/USERSPACE/DATASETS/CodecFake/C2/C2/F02_p254_143.wav,2
/USERSPACE/DATASETS/CodecFake/C2/C2/F02_p239_038.wav,2
/USERSPACE/DATASETS/CodecFake/C2/C2/F02_SSB16070139.wav,2
/USERSPACE/DATASETS/CodecFake/C2/C2/F02_SSB06320232.wav,2
/USERSPACE/DATASETS/CodecFake/C2/C2/F02_SSB04150149.wav,2
/USERSPACE/DATASETS/CodecFake/C2/C2/F02_p361_129.wav,2
/USERSPACE/DATASETS/CodecFake/C2/C2/F02_p318_395.wav,2
/USERSPACE/DATASETS/CodecFake/C2/C2/F02_p279_198.wav,2
/USERSPACE/DATASETS/CodecFake/C2/C2/F02_SSB00160186.wav,2
/USERSPACE/DATASETS/CodecFake/C2/C2/F02_p347_011.wav,2
/USERSPACE/DATASETS/CodecFake/C2/C2/F02_SSB12150134.wav,2
/USERSPACE/DATASETS/CodecFake/C2/C2/F02_SSB07100124.wav,2
/USERSPACE/DATASETS/CodecFake/C2/C2/F02_SSB16840109.wav,2
/USERSPACE/DATASETS/CodecFake/C2/C2/F02_SSB09350083.wav,2
/USERSPACE/DATASETS/CodecFake/C2/C2/F02_SSB10200422.wav,2
/USERSPACE/DATASETS/CodecFake/C2/C2/F02_SSB06140227.wav,2
/USERSPACE/DATASETS/CodecFake/C2/C2/F02_p374_155.wav,2
/USERSPACE/DATASETS/CodecFake/C2/C2/F02_p340_360.wav,2
/USERSPACE/DATASETS/CodecFake/C2/C2/F02_p241_173.wav,2
/USERSPACE/DATASETS/CodecFake/C2/C2/F02_p333_142.wav,2
/USERSPACE/DATASETS/CodecFake/C2/C2/F02_SSB05780109.wav,2
/USERSPACE/DATASETS/CodecFake/C2/C2/F02_SSB18090232.wav,2
/USERSPACE/DATASETS/CodecFake/C2/C2/F02_p226_169.wav,2
/USERSPACE/DATASETS/CodecFake/C2/C2/F02_p305_093.wav,2
/USERSPACE/DATASETS/CodecFake/C2/C2/F02_p278_101.wav,2
/USERSPACE/DATASETS/CodecFake/C2/C2/F02_SSB06710221.wav,2
/USERSPACE/DATASETS/CodecFake/C2/C2/F02_p360_005.wav,2
/USERSPACE/DATASETS/CodecFake/C2/C2/F02_p323_382.wav,2
/USERSPACE/DATASETS/CodecFake/C2/C2/F02_SSB03380294.wav,2
/USERSPACE/DATASETS/CodecFake/C2/C2/F02_p245_305.wav,2
/USERSPACE/DATASETS/CodecFake/C2/C2/F02_p227_086.wav,2
/USERSPACE/DATASETS/CodecFake/C2/C2/F02_p236_011.wav,2
/USERSPACE/DATASETS/CodecFake/C2/C2/F02_SSB03420398.wav,2
/USERSPACE/DATASETS/CodecFake/C2/C2/F02_SSB02670174.wav,2
/USERSPACE/DATASETS/CodecFake/C2/C2/F02_SSB01390216.wav,2
/USERSPACE/DATASETS/CodecFake/C2/C2/F02_p237_070.wav,2
/USERSPACE/DATASETS/CodecFake/C2/C2/F02_SSB11350460.wav,2
/USERSPACE/DATASETS/CodecFake/C2/C2/F02_p255_223.wav,2
/USERSPACE/DATASETS/CodecFake/C2/C2/F02_p250_235.wav,2
/USERSPACE/DATASETS/CodecFake/C2/C2/F02_p237_157.wav,2
/USERSPACE/DATASETS/CodecFake/C2/C2/F02_p266_322.wav,2
/USERSPACE/DATASETS/CodecFake/C2/C2/F02_SSB19180352.wav,2
/USERSPACE/DATASETS/CodecFake/C2/C2/F02_SSB06070057.wav,2
/USERSPACE/DATASETS/CodecFake/C2/C2/F02_SSB07100343.wav,2
/USERSPACE/DATASETS/CodecFake/C2/C2/F02_p274_159.wav,2
/USERSPACE/DATASETS/CodecFake/C2/C2/F02_SSB19180360.wav,2
/USERSPACE/DATASETS/CodecFake/C2/C2/F02_p269_146.wav,2
/USERSPACE/DATASETS/CodecFake/C2/C2/F02_p307_336.wav,2
/USERSPACE/DATASETS/CodecFake/C2/C2/F02_SSB07230392.wav,2
/USERSPACE/DATASETS/CodecFake/C2/C2/F02_p305_310.wav,2
/USERSPACE/DATASETS/CodecFake/C2/C2/F02_p343_010.wav,2
/USERSPACE/DATASETS/CodecFake/C2/C2/F02_SSB04700289.wav,2
/USERSPACE/DATASETS/CodecFake/C2/C2/F02_SSB05390146.wav,2
/USERSPACE/DATASETS/CodecFake/C2/C2/F02_p261_439.wav,2
/USERSPACE/DATASETS/CodecFake/C2/C2/F02_SSB01930387.wav,2
/USERSPACE/DATASETS/CodecFake/C2/C2/F02_SSB00110222.wav,2
/USERSPACE/DATASETS/CodecFake/C2/C2/F02_SSB06230478.wav,2
/USERSPACE/DATASETS/CodecFake/C2/C2/F02_SSB02730098.wav,2
/USERSPACE/DATASETS/CodecFake/C2/C2/F02_SSB07000062.wav,2
/USERSPACE/DATASETS/CodecFake/C2/C2/F02_SSB04070369.wav,2
/USERSPACE/DATASETS/CodecFake/C2/C2/F02_SSB16840092.wav,2
/USERSPACE/DATASETS/CodecFake/C2/C2/F02_SSB00160268.wav,2
/USERSPACE/DATASETS/CodecFake/C2/C2/F02_SSB03230300.wav,2
/USERSPACE/DATASETS/CodecFake/C2/C2/F02_SSB12040306.wav,2
/USERSPACE/DATASETS/CodecFake/C2/C2/F02_SSB00160412.wav,2
/USERSPACE/DATASETS/CodecFake/C2/C2/F02_SSB07230178.wav,2
/USERSPACE/DATASETS/CodecFake/C2/C2/F02_p269_156.wav,2
/USERSPACE/DATASETS/CodecFake/C2/C2/F02_SSB03380206.wav,2
/USERSPACE/DATASETS/CodecFake/C2/C2/F02_SSB12030418.wav,2
/USERSPACE/DATASETS/CodecFake/C2/C2/F02_SSB11610448.wav,2
/USERSPACE/DATASETS/CodecFake/C2/C2/F02_SSB06010239.wav,2
/USERSPACE/DATASETS/CodecFake/C2/C2/F02_SSB07510144.wav,2
/USERSPACE/DATASETS/CodecFake/C2/C2/F02_p259_323.wav,2
/USERSPACE/DATASETS/CodecFake/C2/C2/F02_SSB01390420.wav,2
/USERSPACE/DATASETS/CodecFake/C2/C2/F02_SSB18280238.wav,2
/USERSPACE/DATASETS/CodecFake/C2/C2/F02_p282_088.wav,2
/USERSPACE/DATASETS/CodecFake/C2/C2/F02_SSB13280274.wav,2
/USERSPACE/DATASETS/CodecFake/C2/C2/F02_SSB05700422.wav,2
/USERSPACE/DATASETS/CodecFake/C2/C2/F02_p316_146.wav,2
/USERSPACE/DATASETS/CodecFake/C2/C2/F02_SSB13660019.wav,2
/USERSPACE/DATASETS/CodecFake/C2/C2/F02_p280_355.wav,2
/USERSPACE/DATASETS/CodecFake/C2/C2/F02_p361_071.wav,2
/USERSPACE/DATASETS/CodecFake/C2/C2/F02_SSB01930307.wav,2
/USERSPACE/DATASETS/CodecFake/C2/C2/F02_p269_395.wav,2
/USERSPACE/DATASETS/CodecFake/C2/C2/F02_SSB07100309.wav,2
/USERSPACE/DATASETS/CodecFake/C2/C2/F02_SSB00090187.wav,2
/USERSPACE/DATASETS/CodecFake/C2/C2/F02_SSB11250066.wav,2
/USERSPACE/DATASETS/CodecFake/C2/C2/F02_SSB01970118.wav,2
/USERSPACE/DATASETS/CodecFake/C2/C2/F02_SSB10010061.wav,2
/USERSPACE/DATASETS/CodecFake/C2/C2/F02_p336_020.wav,2
/USERSPACE/DATASETS/CodecFake/C2/C2/F02_SSB07800264.wav,2
/USERSPACE/DATASETS/CodecFake/C2/C2/F02_SSB06060041.wav,2
/USERSPACE/DATASETS/CodecFake/C2/C2/F02_SSB05700230.wav,2
/USERSPACE/DATASETS/CodecFake/C2/C2/F02_SSB10500027.wav,2
/USERSPACE/DATASETS/CodecFake/C2/C2/F02_SSB03950047.wav,2
/USERSPACE/DATASETS/CodecFake/C2/C2/F02_SSB08170201.wav,2
/USERSPACE/DATASETS/CodecFake/C2/C2/F02_SSB17810236.wav,2
/USERSPACE/DATASETS/CodecFake/C2/C2/F02_SSB10200148.wav,2
/USERSPACE/DATASETS/CodecFake/C2/C2/F02_SSB15850477.wav,2
/USERSPACE/DATASETS/CodecFake/C2/C2/F02_p376_273.wav,2
/USERSPACE/DATASETS/CodecFake/C2/C2/F02_p313_392.wav,2
/USERSPACE/DATASETS/CodecFake/C2/C2/F02_p269_221.wav,2
/USERSPACE/DATASETS/CodecFake/C2/C2/F02_p228_321.wav,2
/USERSPACE/DATASETS/CodecFake/C2/C2/F02_SSB13220048.wav,2
/USERSPACE/DATASETS/CodecFake/C2/C2/F02_p252_303.wav,2
/USERSPACE/DATASETS/CodecFake/C2/C2/F02_p329_042.wav,2
/USERSPACE/DATASETS/CodecFake/C2/C2/F02_p270_110.wav,2
/USERSPACE/DATASETS/CodecFake/C2/C2/F02_SSB11310469.wav,2
/USERSPACE/DATASETS/CodecFake/C2/C2/F02_p250_403.wav,2
/USERSPACE/DATASETS/CodecFake/C2/C2/F02_SSB13220489.wav,2
/USERSPACE/DATASETS/CodecFake/C2/C2/F02_SSB06230409.wav,2
/USERSPACE/DATASETS/CodecFake/C2/C2/F02_p339_406.wav,2
/USERSPACE/DATASETS/CodecFake/C2/C2/F02_SSB05940070.wav,2
/USERSPACE/DATASETS/CodecFake/C2/C2/F02_SSB03930136.wav,2
/USERSPACE/DATASETS/CodecFake/C2/C2/F02_SSB01930064.wav,2
/USERSPACE/DATASETS/CodecFake/C2/C2/F02_SSB06710046.wav,2
/USERSPACE/DATASETS/CodecFake/C2/C2/F02_SSB03540087.wav,2
/USERSPACE/DATASETS/CodecFake/C2/C2/F02_SSB09350325.wav,2
/USERSPACE/DATASETS/CodecFake/C2/C2/F02_SSB12740335.wav,2
/USERSPACE/DATASETS/CodecFake/C2/C2/F02_SSB01930072.wav,2
/USERSPACE/DATASETS/CodecFake/C2/C2/F02_SSB16240470.wav,2
/USERSPACE/DATASETS/CodecFake/C2/C2/F02_SSB10910297.wav,2
/USERSPACE/DATASETS/CodecFake/C2/C2/F02_SSB10560433.wav,2
/USERSPACE/DATASETS/CodecFake/C2/C2/F02_SSB07490330.wav,2
/USERSPACE/DATASETS/CodecFake/C2/C2/F02_SSB16250189.wav,2
/USERSPACE/DATASETS/CodecFake/C2/C2/F02_SSB03090368.wav,2
/USERSPACE/DATASETS/CodecFake/C2/C2/F02_SSB10720357.wav,2
/USERSPACE/DATASETS/CodecFake/C2/C2/F02_p336_130.wav,2
/USERSPACE/DATASETS/CodecFake/C2/C2/F02_p292_121.wav,2
/USERSPACE/DATASETS/CodecFake/C2/C2/F02_p274_280.wav,2
/USERSPACE/DATASETS/CodecFake/C2/C2/F02_SSB02990256.wav,2
/USERSPACE/DATASETS/CodecFake/C2/C2/F02_p227_365.wav,2
/USERSPACE/DATASETS/CodecFake/C2/C2/F02_SSB07110200.wav,2
/USERSPACE/DATASETS/CodecFake/C2/C2/F02_SSB02410354.wav,2
/USERSPACE/DATASETS/CodecFake/C2/C2/F02_SSB09350211.wav,2
/USERSPACE/DATASETS/CodecFake/C2/C2/F02_p364_115.wav,2
/USERSPACE/DATASETS/CodecFake/C2/C2/F02_SSB09870023.wav,2
/USERSPACE/DATASETS/CodecFake/C2/C2/F02_SSB17450009.wav,2
/USERSPACE/DATASETS/CodecFake/C2/C2/F02_SSB03380339.wav,2
/USERSPACE/DATASETS/CodecFake/C2/C2/F02_SSB13650053.wav,2
/USERSPACE/DATASETS/CodecFake/C2/C2/F02_p252_403.wav,2
/USERSPACE/DATASETS/CodecFake/C2/C2/F02_SSB05650090.wav,2
/USERSPACE/DATASETS/CodecFake/C2/C2/F02_SSB10080008.wav,2
/USERSPACE/DATASETS/CodecFake/C2/C2/F02_SSB05350456.wav,2
/USERSPACE/DATASETS/CodecFake/C2/C2/F02_p326_312.wav,2
/USERSPACE/DATASETS/CodecFake/C2/C2/F02_SSB10550383.wav,2
/USERSPACE/DATASETS/CodecFake/C2/C2/F02_SSB07800284.wav,2
/USERSPACE/DATASETS/CodecFake/C2/C2/F02_SSB03410485.wav,2
/USERSPACE/DATASETS/CodecFake/C2/C2/F02_SSB04340414.wav,2
/USERSPACE/DATASETS/CodecFake/C2/C2/F02_SSB07580025.wav,2
/USERSPACE/DATASETS/CodecFake/C2/C2/F02_p279_163.wav,2
/USERSPACE/DATASETS/CodecFake/C2/C2/F02_SSB06660279.wav,2
/USERSPACE/DATASETS/CodecFake/C2/C2/F02_SSB10000375.wav,2
/USERSPACE/DATASETS/CodecFake/C2/C2/F02_p250_372.wav,2
/USERSPACE/DATASETS/CodecFake/C2/C2/F02_SSB10550390.wav,2
/USERSPACE/DATASETS/CodecFake/C2/C2/F02_p318_219.wav,2
/USERSPACE/DATASETS/CodecFake/C2/C2/F02_SSB09970291.wav,2
/USERSPACE/DATASETS/CodecFake/C2/C2/F02_SSB06140034.wav,2
/USERSPACE/DATASETS/CodecFake/C2/C2/F02_p286_158.wav,2
/USERSPACE/DATASETS/CodecFake/C2/C2/F02_SSB18460025.wav,2
/USERSPACE/DATASETS/CodecFake/C2/C2/F02_p271_044.wav,2
/USERSPACE/DATASETS/CodecFake/C2/C2/F02_p302_306.wav,2
/USERSPACE/DATASETS/CodecFake/C2/C2/F02_SSB14480092.wav,2
/USERSPACE/DATASETS/CodecFake/C2/C2/F02_p284_231.wav,2
/USERSPACE/DATASETS/CodecFake/C2/C2/F02_SSB06010124.wav,2
/USERSPACE/DATASETS/CodecFake/C2/C2/F02_SSB10720368.wav,2
/USERSPACE/DATASETS/CodecFake/C2/C2/F02_SSB07460490.wav,2
/USERSPACE/DATASETS/CodecFake/C2/C2/F02_SSB03930177.wav,2
/USERSPACE/DATASETS/CodecFake/C2/C2/F02_SSB07230353.wav,2
/USERSPACE/DATASETS/CodecFake/C2/C2/F02_p312_263.wav,2
/USERSPACE/DATASETS/CodecFake/C2/C2/F02_SSB14480453.wav,2
/USERSPACE/DATASETS/CodecFake/C2/C2/F02_SSB17450221.wav,2
/USERSPACE/DATASETS/CodecFake/C2/C2/F02_SSB07110212.wav,2
/USERSPACE/DATASETS/CodecFake/C2/C2/F02_SSB02880163.wav,2
/USERSPACE/DATASETS/CodecFake/C2/C2/F02_SSB01330161.wav,2
/USERSPACE/DATASETS/CodecFake/C2/C2/F02_SSB11610266.wav,2
/USERSPACE/DATASETS/CodecFake/C2/C2/F02_SSB07480111.wav,2
/USERSPACE/DATASETS/CodecFake/C2/C2/F02_SSB06860076.wav,2
/USERSPACE/DATASETS/CodecFake/C2/C2/F02_p268_209.wav,2
/USERSPACE/DATASETS/CodecFake/C2/C2/F02_SSB08220003.wav,2
/USERSPACE/DATASETS/CodecFake/C2/C2/F02_SSB12210023.wav,2
/USERSPACE/DATASETS/CodecFake/C2/C2/F02_SSB00120357.wav,2
/USERSPACE/DATASETS/CodecFake/C2/C2/F02_SSB07100441.wav,2
/USERSPACE/DATASETS/CodecFake/C2/C2/F02_SSB06680394.wav,2
/USERSPACE/DATASETS/CodecFake/C2/C2/F02_SSB09350404.wav,2
/USERSPACE/DATASETS/CodecFake/C2/C2/F02_SSB03410265.wav,2
/USERSPACE/DATASETS/CodecFake/C2/C2/F02_SSB06680174.wav,2
/USERSPACE/DATASETS/CodecFake/C2/C2/F02_SSB04350067.wav,2
/USERSPACE/DATASETS/CodecFake/C2/C2/F02_p230_243.wav,2
/USERSPACE/DATASETS/CodecFake/C2/C2/F02_SSB02990226.wav,2
/USERSPACE/DATASETS/CodecFake/C2/C2/F02_SSB03820041.wav,2
/USERSPACE/DATASETS/CodecFake/C2/C2/F02_SSB07160414.wav,2
/USERSPACE/DATASETS/CodecFake/C2/C2/F02_SSB00180014.wav,2
/USERSPACE/DATASETS/CodecFake/C2/C2/F02_SSB04350484.wav,2
/USERSPACE/DATASETS/CodecFake/C2/C2/F02_p251_112.wav,2
/USERSPACE/DATASETS/CodecFake/C2/C2/F02_SSB06070334.wav,2
/USERSPACE/DATASETS/CodecFake/C2/C2/F02_SSB13400402.wav,2
/USERSPACE/DATASETS/CodecFake/C2/C2/F02_SSB06930109.wav,2
/USERSPACE/DATASETS/CodecFake/C2/C2/F02_SSB17110370.wav,2
/USERSPACE/DATASETS/CodecFake/C2/C2/F02_SSB10010154.wav,2
/USERSPACE/DATASETS/CodecFake/C2/C2/F02_SSB13400037.wav,2
/USERSPACE/DATASETS/CodecFake/C2/C2/F02_p227_278.wav,2
/USERSPACE/DATASETS/CodecFake/C2/C2/F02_p341_157.wav,2
/USERSPACE/DATASETS/CodecFake/C2/C2/F02_SSB13410237.wav,2
/USERSPACE/DATASETS/CodecFake/C2/C2/F02_SSB14020469.wav,2
/USERSPACE/DATASETS/CodecFake/C2/C2/F02_SSB01390313.wav,2
/USERSPACE/DATASETS/CodecFake/C2/C2/F02_SSB00430495.wav,2
/USERSPACE/DATASETS/CodecFake/C2/C2/F02_SSB06710466.wav,2
/USERSPACE/DATASETS/CodecFake/C2/C2/F02_SSB11870265.wav,2
/USERSPACE/DATASETS/CodecFake/C2/C2/F02_SSB11000280.wav,2
/USERSPACE/DATASETS/CodecFake/C2/C2/F02_SSB11150140.wav,2
/USERSPACE/DATASETS/CodecFake/C2/C2/F02_SSB09150155.wav,2
/USERSPACE/DATASETS/CodecFake/C2/C2/F02_SSB10640390.wav,2
/USERSPACE/DATASETS/CodecFake/C2/C2/F02_p250_419.wav,2
/USERSPACE/DATASETS/CodecFake/C2/C2/F02_p254_012.wav,2
/USERSPACE/DATASETS/CodecFake/C2/C2/F02_SSB10010138.wav,2
/USERSPACE/DATASETS/CodecFake/C2/C2/F02_p231_249.wav,2
/USERSPACE/DATASETS/CodecFake/C2/C2/F02_p259_469.wav,2
/USERSPACE/DATASETS/CodecFake/C2/C2/F02_p272_165.wav,2
/USERSPACE/DATASETS/CodecFake/C2/C2/F02_SSB03820022.wav,2
/USERSPACE/DATASETS/CodecFake/C2/C2/F02_SSB03660484.wav,2
/USERSPACE/DATASETS/CodecFake/C2/C2/F02_SSB06710446.wav,2
/USERSPACE/DATASETS/CodecFake/C2/C2/F02_SSB15550305.wav,2
/USERSPACE/DATASETS/CodecFake/C2/C2/F02_p278_156.wav,2
/USERSPACE/DATASETS/CodecFake/C2/C2/F02_p234_324.wav,2
/USERSPACE/DATASETS/CodecFake/C2/C2/F02_SSB10560403.wav,2
/USERSPACE/DATASETS/CodecFake/C2/C2/F02_p255_189.wav,2
/USERSPACE/DATASETS/CodecFake/C2/C2/F02_SSB02460021.wav,2
/USERSPACE/DATASETS/CodecFake/C2/C2/F02_SSB03750227.wav,2
/USERSPACE/DATASETS/CodecFake/C2/C2/F02_SSB19180449.wav,2
/USERSPACE/DATASETS/CodecFake/C2/C2/F02_SSB07100003.wav,2
/USERSPACE/DATASETS/CodecFake/C2/C2/F02_p330_084.wav,2
/USERSPACE/DATASETS/CodecFake/C2/C2/F02_p269_194.wav,2
/USERSPACE/DATASETS/CodecFake/C2/C2/F02_SSB06030350.wav,2
/USERSPACE/DATASETS/CodecFake/C2/C2/F02_p298_064.wav,2
/USERSPACE/DATASETS/CodecFake/C2/C2/F02_SSB07160364.wav,2
/USERSPACE/DATASETS/CodecFake/C2/C2/F02_SSB07510246.wav,2
/USERSPACE/DATASETS/CodecFake/C2/C2/F02_SSB12390189.wav,2
/USERSPACE/DATASETS/CodecFake/C2/C2/F02_SSB07620058.wav,2
/USERSPACE/DATASETS/CodecFake/C2/C2/F02_SSB06660036.wav,2
/USERSPACE/DATASETS/CodecFake/C2/C2/F02_SSB07620475.wav,2
/USERSPACE/DATASETS/CodecFake/C2/C2/F02_p273_320.wav,2
/USERSPACE/DATASETS/CodecFake/C2/C2/F02_p301_008.wav,2
/USERSPACE/DATASETS/CodecFake/C2/C2/F02_p297_035.wav,2
/USERSPACE/DATASETS/CodecFake/C2/C2/F02_p284_071.wav,2
/USERSPACE/DATASETS/CodecFake/C2/C2/F02_SSB18320433.wav,2
/USERSPACE/DATASETS/CodecFake/C2/C2/F02_p269_278.wav,2
/USERSPACE/DATASETS/CodecFake/C2/C2/F02_SSB16070250.wav,2
/USERSPACE/DATASETS/CodecFake/C2/C2/F02_SSB03790131.wav,2
/USERSPACE/DATASETS/CodecFake/C2/C2/F02_SSB06070370.wav,2
/USERSPACE/DATASETS/CodecFake/C2/C2/F02_SSB13850271.wav,2
/USERSPACE/DATASETS/CodecFake/C2/C2/F02_SSB11150246.wav,2
/USERSPACE/DATASETS/CodecFake/C2/C2/F02_SSB00430186.wav,2
/USERSPACE/DATASETS/CodecFake/C2/C2/F02_p340_226.wav,2
/USERSPACE/DATASETS/CodecFake/C2/C2/F02_SSB03150400.wav,2
/USERSPACE/DATASETS/CodecFake/C2/C2/F02_SSB19560012.wav,2
/USERSPACE/DATASETS/CodecFake/C2/C2/F02_p266_181.wav,2
/USERSPACE/DATASETS/CodecFake/C2/C2/F02_p300_283.wav,2
/USERSPACE/DATASETS/CodecFake/C2/C2/F02_p264_107.wav,2
/USERSPACE/DATASETS/CodecFake/C2/C2/F02_p230_415.wav,2
/USERSPACE/DATASETS/CodecFake/C2/C2/F02_p274_044.wav,2
/USERSPACE/DATASETS/CodecFake/C2/C2/F02_SSB19020233.wav,2
/USERSPACE/DATASETS/CodecFake/C2/C2/F02_p301_196.wav,2
/USERSPACE/DATASETS/CodecFake/C2/C2/F02_SSB11360036.wav,2
/USERSPACE/DATASETS/CodecFake/C2/C2/F02_SSB01330064.wav,2
/USERSPACE/DATASETS/CodecFake/C2/C2/F02_p360_168.wav,2
/USERSPACE/DATASETS/CodecFake/C2/C2/F02_p326_076.wav,2
/USERSPACE/DATASETS/CodecFake/C2/C2/F02_SSB01220219.wav,2
/USERSPACE/DATASETS/CodecFake/C2/C2/F02_SSB12030328.wav,2
/USERSPACE/DATASETS/CodecFake/C2/C2/F02_SSB06230288.wav,2
/USERSPACE/DATASETS/CodecFake/C2/C2/F02_p263_172.wav,2
/USERSPACE/DATASETS/CodecFake/C2/C2/F02_SSB12040091.wav,2
/USERSPACE/DATASETS/CodecFake/C2/C2/F02_SSB03800256.wav,2
/USERSPACE/DATASETS/CodecFake/C2/C2/F02_p374_230.wav,2
/USERSPACE/DATASETS/CodecFake/C2/C2/F02_SSB04700452.wav,2
/USERSPACE/DATASETS/CodecFake/C2/C2/F02_SSB01390168.wav,2
/USERSPACE/DATASETS/CodecFake/C2/C2/F02_SSB18460106.wav,2
/USERSPACE/DATASETS/CodecFake/C2/C2/F02_SSB11310209.wav,2
/USERSPACE/DATASETS/CodecFake/C2/C2/F02_SSB03850268.wav,2
/USERSPACE/DATASETS/CodecFake/C2/C2/F02_SSB10000243.wav,2
/USERSPACE/DATASETS/CodecFake/C2/C2/F02_p292_186.wav,2
/USERSPACE/DATASETS/CodecFake/C2/C2/F02_SSB15750199.wav,2
/USERSPACE/DATASETS/CodecFake/C2/C2/F02_p306_118.wav,2
/USERSPACE/DATASETS/CodecFake/C2/C2/F02_SSB07370177.wav,2
/USERSPACE/DATASETS/CodecFake/C2/C2/F02_SSB13280451.wav,2
/USERSPACE/DATASETS/CodecFake/C2/C2/F02_SSB04820111.wav,2
/USERSPACE/DATASETS/CodecFake/C2/C2/F02_SSB13410319.wav,2
/USERSPACE/DATASETS/CodecFake/C2/C2/F02_p343_276.wav,2
/USERSPACE/DATASETS/CodecFake/C2/C2/F02_SSB02460138.wav,2
/USERSPACE/DATASETS/CodecFake/C2/C2/F02_SSB06320064.wav,2
/USERSPACE/DATASETS/CodecFake/C2/C2/F02_p278_106.wav,2
/USERSPACE/DATASETS/CodecFake/C2/C2/F02_p226_338.wav,2
/USERSPACE/DATASETS/CodecFake/C2/C2/F02_SSB00160256.wav,2
/USERSPACE/DATASETS/CodecFake/C2/C2/F02_p362_319.wav,2
/USERSPACE/DATASETS/CodecFake/C2/C2/F02_SSB18320001.wav,2
/USERSPACE/DATASETS/CodecFake/C2/C2/F02_SSB05700279.wav,2
/USERSPACE/DATASETS/CodecFake/C2/C2/F02_SSB07490409.wav,2
/USERSPACE/DATASETS/CodecFake/C2/C2/F02_p243_217.wav,2
/USERSPACE/DATASETS/CodecFake/C2/C2/F02_p288_185.wav,2
/USERSPACE/DATASETS/CodecFake/C2/C2/F02_p339_348.wav,2
/USERSPACE/DATASETS/CodecFake/C2/C2/F02_SSB03380230.wav,2
/USERSPACE/DATASETS/CodecFake/C2/C2/F02_SSB01330165.wav,2
/USERSPACE/DATASETS/CodecFake/C2/C2/F02_SSB18910411.wav,2
/USERSPACE/DATASETS/CodecFake/C2/C2/F02_SSB07840024.wav,2
/USERSPACE/DATASETS/CodecFake/C2/C2/F02_SSB13850328.wav,2
/USERSPACE/DATASETS/CodecFake/C2/C2/F02_SSB05940317.wav,2
/USERSPACE/DATASETS/CodecFake/C2/C2/F02_SSB01930110.wav,2
/USERSPACE/DATASETS/CodecFake/C2/C2/F02_SSB10000416.wav,2
/USERSPACE/DATASETS/CodecFake/C2/C2/F02_SSB11150238.wav,2
/USERSPACE/DATASETS/CodecFake/C2/C2/F02_SSB12040029.wav,2
/USERSPACE/DATASETS/CodecFake/C2/C2/F02_SSB07480085.wav,2
/USERSPACE/DATASETS/CodecFake/C2/C2/F02_p240_114.wav,2
/USERSPACE/DATASETS/CodecFake/C2/C2/F02_SSB05350096.wav,2
/USERSPACE/DATASETS/CodecFake/C2/C2/F02_SSB03950356.wav,2
/USERSPACE/DATASETS/CodecFake/C2/C2/F02_SSB17110326.wav,2
/USERSPACE/DATASETS/CodecFake/C2/C2/F02_SSB11380374.wav,2
/USERSPACE/DATASETS/CodecFake/C2/C2/F02_SSB05440009.wav,2
/USERSPACE/DATASETS/CodecFake/C2/C2/F02_SSB09350274.wav,2
/USERSPACE/DATASETS/CodecFake/C2/C2/F02_p280_255.wav,2
/USERSPACE/DATASETS/CodecFake/C2/C2/F02_SSB05780219.wav,2
/USERSPACE/DATASETS/CodecFake/C2/C2/F02_SSB03150301.wav,2
/USERSPACE/DATASETS/CodecFake/C2/C2/F02_SSB07480177.wav,2
/USERSPACE/DATASETS/CodecFake/C2/C2/F02_SSB00090064.wav,2
/USERSPACE/DATASETS/CodecFake/C2/C2/F02_p265_021.wav,2
/USERSPACE/DATASETS/CodecFake/C2/C2/F02_SSB04700041.wav,2
/USERSPACE/DATASETS/CodecFake/C2/C2/F02_p228_246.wav,2
/USERSPACE/DATASETS/CodecFake/C2/C2/F02_SSB03930059.wav,2
/USERSPACE/DATASETS/CodecFake/C2/C2/F02_p311_423.wav,2
/USERSPACE/DATASETS/CodecFake/C2/C2/F02_p303_190.wav,2
/USERSPACE/DATASETS/CodecFake/C2/C2/F02_p270_202.wav,2
/USERSPACE/DATASETS/CodecFake/C2/C2/F02_SSB07620417.wav,2
/USERSPACE/DATASETS/CodecFake/C2/C2/F02_p260_172.wav,2
/USERSPACE/DATASETS/CodecFake/C2/C2/F02_p343_350.wav,2
/USERSPACE/DATASETS/CodecFake/C2/C2/F02_SSB00120478.wav,2
/USERSPACE/DATASETS/CodecFake/C2/C2/F02_p345_081.wav,2
/USERSPACE/DATASETS/CodecFake/C2/C2/F02_SSB03950096.wav,2
/USERSPACE/DATASETS/CodecFake/C2/C2/F02_p264_232.wav,2
/USERSPACE/DATASETS/CodecFake/C2/C2/F02_p340_021.wav,2
/USERSPACE/DATASETS/CodecFake/C2/C2/F02_SSB15930437.wav,2
/USERSPACE/DATASETS/CodecFake/C2/C2/F02_p241_013.wav,2
/USERSPACE/DATASETS/CodecFake/C2/C2/F02_p347_392.wav,2
/USERSPACE/DATASETS/CodecFake/C2/C2/F02_p285_396.wav,2
/USERSPACE/DATASETS/CodecFake/C2/C2/F02_p339_421.wav,2
/USERSPACE/DATASETS/CodecFake/C2/C2/F02_SSB13020341.wav,2
/USERSPACE/DATASETS/CodecFake/C2/C2/F02_p257_249.wav,2
/USERSPACE/DATASETS/CodecFake/C2/C2/F02_SSB02870444.wav,2
/USERSPACE/DATASETS/CodecFake/C2/C2/F02_p316_396.wav,2
/USERSPACE/DATASETS/CodecFake/C2/C2/F02_SSB05350017.wav,2
/USERSPACE/DATASETS/CodecFake/C2/C2/F02_p330_345.wav,2
/USERSPACE/DATASETS/CodecFake/C2/C2/F02_SSB14480250.wav,2
/USERSPACE/DATASETS/CodecFake/C2/C2/F02_SSB07360459.wav,2
/USERSPACE/DATASETS/CodecFake/C2/C2/F02_SSB18780213.wav,2
/USERSPACE/DATASETS/CodecFake/C2/C2/F02_SSB13220407.wav,2
/USERSPACE/DATASETS/CodecFake/C2/C2/F02_SSB11380015.wav,2
/USERSPACE/DATASETS/CodecFake/C2/C2/F02_SSB15850310.wav,2
/USERSPACE/DATASETS/CodecFake/C2/C2/F02_SSB10200113.wav,2
/USERSPACE/DATASETS/CodecFake/C2/C2/F02_SSB13020451.wav,2
/USERSPACE/DATASETS/CodecFake/C2/C2/F02_SSB10640325.wav,2
/USERSPACE/DATASETS/CodecFake/C2/C2/F02_SSB07600361.wav,2
/USERSPACE/DATASETS/CodecFake/C2/C2/F02_p272_097.wav,2
/USERSPACE/DATASETS/CodecFake/C2/C2/F02_SSB04340154.wav,2
/USERSPACE/DATASETS/CodecFake/C2/C2/F02_SSB07200270.wav,2
/USERSPACE/DATASETS/CodecFake/C2/C2/F02_SSB11760418.wav,2
/USERSPACE/DATASETS/CodecFake/C2/C2/F02_SSB10550394.wav,2
/USERSPACE/DATASETS/CodecFake/C2/C2/F02_SSB06660107.wav,2
/USERSPACE/DATASETS/CodecFake/C2/C2/F02_p286_390.wav,2
/USERSPACE/DATASETS/CodecFake/C2/C2/F02_SSB07860374.wav,2
/USERSPACE/DATASETS/CodecFake/C2/C2/F02_p336_265.wav,2
/USERSPACE/DATASETS/CodecFake/C2/C2/F02_p268_079.wav,2
/USERSPACE/DATASETS/CodecFake/C2/C2/F02_SSB07230083.wav,2
/USERSPACE/DATASETS/CodecFake/C2/C2/F02_SSB07100057.wav,2
/USERSPACE/DATASETS/CodecFake/C2/C2/F02_SSB05350283.wav,2
/USERSPACE/DATASETS/CodecFake/C2/C2/F02_SSB17590151.wav,2
/USERSPACE/DATASETS/CodecFake/C2/C2/F02_SSB13650123.wav,2
/USERSPACE/DATASETS/CodecFake/C2/C2/F02_SSB09970136.wav,2
/USERSPACE/DATASETS/CodecFake/C2/C2/F02_SSB11610203.wav,2
/USERSPACE/DATASETS/CodecFake/C2/C2/F02_SSB05700016.wav,2
/USERSPACE/DATASETS/CodecFake/C2/C2/F02_SSB05650041.wav,2
/USERSPACE/DATASETS/CodecFake/C2/C2/F02_p256_165.wav,2
/USERSPACE/DATASETS/CodecFake/C2/C2/F02_SSB13930091.wav,2
/USERSPACE/DATASETS/CodecFake/C2/C2/F02_SSB04820207.wav,2
/USERSPACE/DATASETS/CodecFake/C2/C2/F02_SSB13850296.wav,2
/USERSPACE/DATASETS/CodecFake/C2/C2/F02_p311_132.wav,2
/USERSPACE/DATASETS/CodecFake/C2/C2/F02_p271_222.wav,2
/USERSPACE/DATASETS/CodecFake/C2/C2/F02_SSB12040417.wav,2
/USERSPACE/DATASETS/CodecFake/C2/C2/F02_p343_111.wav,2
/USERSPACE/DATASETS/CodecFake/C2/C2/F02_SSB15630437.wav,2
/USERSPACE/DATASETS/CodecFake/C2/C2/F02_SSB18090047.wav,2
/USERSPACE/DATASETS/CodecFake/C2/C2/F02_SSB09870465.wav,2
/USERSPACE/DATASETS/CodecFake/C2/C2/F02_SSB01450430.wav,2
/USERSPACE/DATASETS/CodecFake/C2/C2/F02_SSB09870413.wav,2
/USERSPACE/DATASETS/CodecFake/C2/C2/F02_SSB05940003.wav,2
/USERSPACE/DATASETS/CodecFake/C2/C2/F02_p236_070.wav,2
/USERSPACE/DATASETS/CodecFake/C2/C2/F02_SSB14080258.wav,2
/USERSPACE/DATASETS/CodecFake/C2/C2/F02_SSB04070325.wav,2
/USERSPACE/DATASETS/CodecFake/C2/C2/F02_SSB03750070.wav,2
/USERSPACE/DATASETS/CodecFake/C2/C2/F02_SSB02460260.wav,2
/USERSPACE/DATASETS/CodecFake/C2/C2/F02_SSB10960159.wav,2
/USERSPACE/DATASETS/CodecFake/C2/C2/F02_SSB11080291.wav,2
/USERSPACE/DATASETS/CodecFake/C2/C2/F02_p360_308.wav,2
/USERSPACE/DATASETS/CodecFake/C2/C2/F02_SSB03950161.wav,2
/USERSPACE/DATASETS/CodecFake/C2/C2/F02_SSB08870018.wav,2
/USERSPACE/DATASETS/CodecFake/C2/C2/F02_SSB16240503.wav,2
/USERSPACE/DATASETS/CodecFake/C2/C2/F02_SSB00730229.wav,2
/USERSPACE/DATASETS/CodecFake/C2/C2/F02_p295_258.wav,2
/USERSPACE/DATASETS/CodecFake/C2/C2/F02_p236_322.wav,2
/USERSPACE/DATASETS/CodecFake/C2/C2/F02_p279_301.wav,2
/USERSPACE/DATASETS/CodecFake/C2/C2/F02_SSB08170153.wav,2
/USERSPACE/DATASETS/CodecFake/C2/C2/F02_SSB03070477.wav,2
/USERSPACE/DATASETS/CodecFake/C2/C2/F02_p253_003.wav,2
/USERSPACE/DATASETS/CodecFake/C2/C2/F02_SSB13830346.wav,2
/USERSPACE/DATASETS/CodecFake/C2/C2/F02_SSB04350512.wav,2
/USERSPACE/DATASETS/CodecFake/C2/C2/F02_SSB15750388.wav,2
/USERSPACE/DATASETS/CodecFake/C2/C2/F02_p351_393.wav,2
/USERSPACE/DATASETS/CodecFake/C2/C2/F02_SSB06230270.wav,2
/USERSPACE/DATASETS/CodecFake/C2/C2/F02_SSB17110174.wav,2
/USERSPACE/DATASETS/CodecFake/C2/C2/F02_p237_039.wav,2
/USERSPACE/DATASETS/CodecFake/C2/C2/F02_p360_424.wav,2
/USERSPACE/DATASETS/CodecFake/C2/C2/F02_p274_450.wav,2
/USERSPACE/DATASETS/CodecFake/C2/C2/F02_SSB10960429.wav,2
/USERSPACE/DATASETS/CodecFake/C2/C2/F02_SSB05020376.wav,2
/USERSPACE/DATASETS/CodecFake/C2/C2/F02_p306_222.wav,2
/USERSPACE/DATASETS/CodecFake/C2/C2/F02_SSB07000391.wav,2
/USERSPACE/DATASETS/CodecFake/C2/C2/F02_p274_171.wav,2
/USERSPACE/DATASETS/CodecFake/C2/C2/F02_p263_038.wav,2
/USERSPACE/DATASETS/CodecFake/C2/C2/F02_SSB06310348.wav,2
/USERSPACE/DATASETS/CodecFake/C2/C2/F02_SSB16700036.wav,2
/USERSPACE/DATASETS/CodecFake/C2/C2/F02_SSB13020194.wav,2
/USERSPACE/DATASETS/CodecFake/C2/C2/F02_SSB19390180.wav,2
/USERSPACE/DATASETS/CodecFake/C2/C2/F02_p276_016.wav,2
/USERSPACE/DATASETS/CodecFake/C2/C2/F02_SSB07480450.wav,2
/USERSPACE/DATASETS/CodecFake/C2/C2/F02_p252_214.wav,2
/USERSPACE/DATASETS/CodecFake/C2/C2/F02_SSB06930065.wav,2
/USERSPACE/DATASETS/CodecFake/C2/C2/F02_SSB07600183.wav,2
/USERSPACE/DATASETS/CodecFake/C2/C2/F02_SSB13410474.wav,2
/USERSPACE/DATASETS/CodecFake/C2/C2/F02_SSB18910273.wav,2
/USERSPACE/DATASETS/CodecFake/C2/C2/F02_SSB09660137.wav,2
/USERSPACE/DATASETS/CodecFake/C2/C2/F02_p301_357.wav,2
/USERSPACE/DATASETS/CodecFake/C2/C2/F02_SSB07490250.wav,2
/USERSPACE/DATASETS/CodecFake/C2/C2/F02_SSB04820198.wav,2
/USERSPACE/DATASETS/CodecFake/C2/C2/F02_SSB01930037.wav,2
/USERSPACE/DATASETS/CodecFake/C2/C2/F02_SSB07200401.wav,2
/USERSPACE/DATASETS/CodecFake/C2/C2/F02_SSB02990433.wav,2
/USERSPACE/DATASETS/CodecFake/C2/C2/F02_SSB16250413.wav,2
/USERSPACE/DATASETS/CodecFake/C2/C2/F02_p330_290.wav,2
/USERSPACE/DATASETS/CodecFake/C2/C2/F02_p279_184.wav,2
/USERSPACE/DATASETS/CodecFake/C2/C2/F02_SSB03790028.wav,2
/USERSPACE/DATASETS/CodecFake/C2/C2/F02_SSB10240048.wav,2
/USERSPACE/DATASETS/CodecFake/C2/C2/F02_SSB10560279.wav,2
/USERSPACE/DATASETS/CodecFake/C2/C2/F02_SSB03160385.wav,2
/USERSPACE/DATASETS/CodecFake/C2/C2/F02_p271_173.wav,2
/USERSPACE/DATASETS/CodecFake/C2/C2/F02_SSB18370393.wav,2
/USERSPACE/DATASETS/CodecFake/C2/C2/F02_p341_124.wav,2
/USERSPACE/DATASETS/CodecFake/C2/C2/F02_SSB11970348.wav,2
/USERSPACE/DATASETS/CodecFake/C2/C2/F02_p265_300.wav,2
/USERSPACE/DATASETS/CodecFake/C2/C2/F02_SSB01220355.wav,2
/USERSPACE/DATASETS/CodecFake/C2/C2/F02_SSB01220186.wav,2
/USERSPACE/DATASETS/CodecFake/C2/C2/F02_SSB01450027.wav,2
/USERSPACE/DATASETS/CodecFake/C2/C2/F02_p297_207.wav,2
/USERSPACE/DATASETS/CodecFake/C2/C2/F02_p334_087.wav,2
/USERSPACE/DATASETS/CodecFake/C2/C2/F02_SSB17810274.wav,2
/USERSPACE/DATASETS/CodecFake/C2/C2/F02_SSB03410380.wav,2
/USERSPACE/DATASETS/CodecFake/C2/C2/F02_p245_087.wav,2
/USERSPACE/DATASETS/CodecFake/C2/C2/F02_SSB13650085.wav,2
/USERSPACE/DATASETS/CodecFake/C2/C2/F02_p317_135.wav,2
/USERSPACE/DATASETS/CodecFake/C2/C2/F02_SSB10500170.wav,2
/USERSPACE/DATASETS/CodecFake/C2/C2/F02_SSB01220288.wav,2
/USERSPACE/DATASETS/CodecFake/C2/C2/F02_SSB03930071.wav,2
/USERSPACE/DATASETS/CodecFake/C2/C2/F02_SSB06290406.wav,2
/USERSPACE/DATASETS/CodecFake/C2/C2/F02_SSB00380128.wav,2
/USERSPACE/DATASETS/CodecFake/C2/C2/F02_SSB06680293.wav,2
/USERSPACE/DATASETS/CodecFake/C2/C2/F02_SSB12740494.wav,2
/USERSPACE/DATASETS/CodecFake/C2/C2/F02_p287_011.wav,2
/USERSPACE/DATASETS/CodecFake/C2/C2/F02_p282_320.wav,2
/USERSPACE/DATASETS/CodecFake/C2/C2/F02_p277_179.wav,2
/USERSPACE/DATASETS/CodecFake/C2/C2/F02_SSB07860264.wav,2
/USERSPACE/DATASETS/CodecFake/C2/C2/F02_SSB03380460.wav,2
/USERSPACE/DATASETS/CodecFake/C2/C2/F02_SSB18720215.wav,2
/USERSPACE/DATASETS/CodecFake/C2/C2/F02_p312_197.wav,2
/USERSPACE/DATASETS/CodecFake/C2/C2/F02_SSB07460104.wav,2
/USERSPACE/DATASETS/CodecFake/C2/C2/F02_SSB07160359.wav,2
/USERSPACE/DATASETS/CodecFake/C2/C2/F02_SSB03940058.wav,2
/USERSPACE/DATASETS/CodecFake/C2/C2/F02_SSB11360110.wav,2
/USERSPACE/DATASETS/CodecFake/C2/C2/F02_p256_032.wav,2
/USERSPACE/DATASETS/CodecFake/C2/C2/F02_p278_236.wav,2
/USERSPACE/DATASETS/CodecFake/C2/C2/F02_SSB07840360.wav,2
/USERSPACE/DATASETS/CodecFake/C2/C2/F02_SSB09930432.wav,2
/USERSPACE/DATASETS/CodecFake/C2/C2/F02_SSB01330275.wav,2
/USERSPACE/DATASETS/CodecFake/C2/C2/F02_SSB01120273.wav,2
/USERSPACE/DATASETS/CodecFake/C2/C2/F02_SSB10550199.wav,2
/USERSPACE/DATASETS/CodecFake/C2/C2/F02_SSB04700103.wav,2
/USERSPACE/DATASETS/CodecFake/C2/C2/F02_SSB10720408.wav,2
/USERSPACE/DATASETS/CodecFake/C2/C2/F02_SSB04260262.wav,2
/USERSPACE/DATASETS/CodecFake/C2/C2/F02_p227_220.wav,2
/USERSPACE/DATASETS/CodecFake/C2/C2/F02_p330_207.wav,2
/USERSPACE/DATASETS/CodecFake/C2/C2/F02_SSB13820313.wav,2
/USERSPACE/DATASETS/CodecFake/C2/C2/F02_p285_021.wav,2
/USERSPACE/DATASETS/CodecFake/C2/C2/F02_SSB10960412.wav,2
/USERSPACE/DATASETS/CodecFake/C2/C2/F02_SSB03150298.wav,2
/USERSPACE/DATASETS/CodecFake/C2/C2/F02_SSB07480182.wav,2
/USERSPACE/DATASETS/CodecFake/C2/C2/F02_SSB01120206.wav,2
/USERSPACE/DATASETS/CodecFake/C2/C2/F02_p336_047.wav,2
/USERSPACE/DATASETS/CodecFake/C2/C2/F02_SSB02870141.wav,2
/USERSPACE/DATASETS/CodecFake/C2/C2/F02_p247_284.wav,2
/USERSPACE/DATASETS/CodecFake/C2/C2/F02_SSB01330252.wav,2
/USERSPACE/DATASETS/CodecFake/C2/C2/F02_SSB09930190.wav,2
/USERSPACE/DATASETS/CodecFake/C2/C2/F02_SSB03950208.wav,2
/USERSPACE/DATASETS/CodecFake/C2/C2/F02_SSB13930293.wav,2
/USERSPACE/DATASETS/CodecFake/C2/C2/F02_SSB10560313.wav,2
/USERSPACE/DATASETS/CodecFake/C2/C2/F02_p288_229.wav,2
/USERSPACE/DATASETS/CodecFake/C2/C2/F02_SSB10560259.wav,2
/USERSPACE/DATASETS/CodecFake/C2/C2/F02_SSB05940238.wav,2
/USERSPACE/DATASETS/CodecFake/C2/C2/F02_SSB05940191.wav,2
/USERSPACE/DATASETS/CodecFake/C2/C2/F02_SSB15750320.wav,2
/USERSPACE/DATASETS/CodecFake/C2/C2/F02_SSB06290076.wav,2
/USERSPACE/DATASETS/CodecFake/C2/C2/F02_SSB05350131.wav,2
/USERSPACE/DATASETS/CodecFake/C2/C2/F02_SSB08710228.wav,2
/USERSPACE/DATASETS/CodecFake/C2/C2/F02_SSB10500206.wav,2
/USERSPACE/DATASETS/CodecFake/C2/C2/F02_SSB18720091.wav,2
/USERSPACE/DATASETS/CodecFake/C2/C2/F02_SSB03940497.wav,2
/USERSPACE/DATASETS/CodecFake/C2/C2/F02_SSB07490469.wav,2
/USERSPACE/DATASETS/CodecFake/C2/C2/F02_SSB07940252.wav,2
/USERSPACE/DATASETS/CodecFake/C2/C2/F02_SSB18630476.wav,2
/USERSPACE/DATASETS/CodecFake/C2/C2/F02_p361_086.wav,2
/USERSPACE/DATASETS/CodecFake/C2/C2/F02_p347_099.wav,2
/USERSPACE/DATASETS/CodecFake/C2/C2/F02_SSB06140109.wav,2
/USERSPACE/DATASETS/CodecFake/C2/C2/F02_p286_384.wav,2
/USERSPACE/DATASETS/CodecFake/C2/C2/F02_SSB12180126.wav,2
/USERSPACE/DATASETS/CodecFake/C2/C2/F02_SSB08170263.wav,2
/USERSPACE/DATASETS/CodecFake/C2/C2/F02_SSB03420086.wav,2
/USERSPACE/DATASETS/CodecFake/C2/C2/F02_SSB03660279.wav,2
/USERSPACE/DATASETS/CodecFake/C2/C2/F02_SSB11970117.wav,2
/USERSPACE/DATASETS/CodecFake/C2/C2/F02_SSB01930020.wav,2
/USERSPACE/DATASETS/CodecFake/C2/C2/F02_SSB03410004.wav,2
/USERSPACE/DATASETS/CodecFake/C2/C2/F02_p315_261.wav,2
/USERSPACE/DATASETS/CodecFake/C2/C2/F02_SSB15930379.wav,2
/USERSPACE/DATASETS/CodecFake/C2/C2/F02_p258_391.wav,2
/USERSPACE/DATASETS/CodecFake/C2/C2/F02_SSB03820137.wav,2
/USERSPACE/DATASETS/CodecFake/C2/C2/F02_p244_110.wav,2
/USERSPACE/DATASETS/CodecFake/C2/C2/F02_SSB15750223.wav,2
/USERSPACE/DATASETS/CodecFake/C2/C2/F02_SSB03390101.wav,2
/USERSPACE/DATASETS/CodecFake/C2/C2/F02_SSB07580187.wav,2
/USERSPACE/DATASETS/CodecFake/C2/C2/F02_SSB15670160.wav,2
/USERSPACE/DATASETS/CodecFake/C2/C2/F02_SSB14020473.wav,2
/USERSPACE/DATASETS/CodecFake/C2/C2/F02_SSB10910316.wav,2
/USERSPACE/DATASETS/CodecFake/C2/C2/F02_p263_366.wav,2
/USERSPACE/DATASETS/CodecFake/C2/C2/F02_p343_317.wav,2
/USERSPACE/DATASETS/CodecFake/C2/C2/F02_SSB15550085.wav,2
/USERSPACE/DATASETS/CodecFake/C2/C2/F02_SSB13280118.wav,2
/USERSPACE/DATASETS/CodecFake/C2/C2/F02_SSB08630149.wav,2
/USERSPACE/DATASETS/CodecFake/C2/C2/F02_p302_174.wav,2
/USERSPACE/DATASETS/CodecFake/C2/C2/F02_SSB07460482.wav,2
/USERSPACE/DATASETS/CodecFake/C2/C2/F02_p310_246.wav,2
/USERSPACE/DATASETS/CodecFake/C2/C2/F02_p258_142.wav,2
/USERSPACE/DATASETS/CodecFake/C2/C2/F02_SSB11970052.wav,2
/USERSPACE/DATASETS/CodecFake/C2/C2/F02_p347_411.wav,2
/USERSPACE/DATASETS/CodecFake/C2/C2/F02_SSB06320061.wav,2
/USERSPACE/DATASETS/CodecFake/C2/C2/F02_p360_241.wav,2
/USERSPACE/DATASETS/CodecFake/C2/C2/F02_SSB09130062.wav,2
/USERSPACE/DATASETS/CodecFake/C2/C2/F02_SSB07000273.wav,2
/USERSPACE/DATASETS/CodecFake/C2/C2/F02_p267_061.wav,2
/USERSPACE/DATASETS/CodecFake/C2/C2/F02_p264_287.wav,2
/USERSPACE/DATASETS/CodecFake/C2/C2/F02_SSB10550243.wav,2
/USERSPACE/DATASETS/CodecFake/C2/C2/F02_SSB06310407.wav,2
/USERSPACE/DATASETS/CodecFake/C2/C2/F02_p238_152.wav,2
/USERSPACE/DATASETS/CodecFake/C2/C2/F02_p274_197.wav,2
/USERSPACE/DATASETS/CodecFake/C2/C2/F02_p247_376.wav,2
/USERSPACE/DATASETS/CodecFake/C2/C2/F02_p256_050.wav,2
/USERSPACE/DATASETS/CodecFake/C2/C2/F02_SSB03850036.wav,2
/USERSPACE/DATASETS/CodecFake/C2/C2/F02_SSB06030058.wav,2
/USERSPACE/DATASETS/CodecFake/C2/C2/F02_p302_272.wav,2
/USERSPACE/DATASETS/CodecFake/C2/C2/F02_SSB07510126.wav,2
/USERSPACE/DATASETS/CodecFake/C2/C2/F02_p363_298.wav,2
/USERSPACE/DATASETS/CodecFake/C2/C2/F02_SSB05780368.wav,2
/USERSPACE/DATASETS/CodecFake/C2/C2/F02_SSB03820186.wav,2
/USERSPACE/DATASETS/CodecFake/C2/C2/F02_SSB10080433.wav,2
/USERSPACE/DATASETS/CodecFake/C2/C2/F02_SSB08090355.wav,2
/USERSPACE/DATASETS/CodecFake/C2/C2/F02_p249_099.wav,2
/USERSPACE/DATASETS/CodecFake/C2/C2/F02_SSB16070132.wav,2
/USERSPACE/DATASETS/CodecFake/C2/C2/F02_SSB13020168.wav,2
/USERSPACE/DATASETS/CodecFake/C2/C2/F02_SSB18280271.wav,2
/USERSPACE/DATASETS/CodecFake/C2/C2/F02_SSB12390081.wav,2
/USERSPACE/DATASETS/CodecFake/C2/C2/F02_SSB16240273.wav,2
/USERSPACE/DATASETS/CodecFake/C2/C2/F02_SSB06030097.wav,2
/USERSPACE/DATASETS/CodecFake/C2/C2/F02_SSB04260216.wav,2
/USERSPACE/DATASETS/CodecFake/C2/C2/F02_p262_276.wav,2
/USERSPACE/DATASETS/CodecFake/C2/C2/F02_p228_288.wav,2
/USERSPACE/DATASETS/CodecFake/C2/C2/F02_p318_098.wav,2
/USERSPACE/DATASETS/CodecFake/C2/C2/F02_SSB01120456.wav,2
/USERSPACE/DATASETS/CodecFake/C2/C2/F02_SSB07780268.wav,2
/USERSPACE/DATASETS/CodecFake/C2/C2/F02_SSB03070086.wav,2
/USERSPACE/DATASETS/CodecFake/C2/C2/F02_SSB06010410.wav,2
/USERSPACE/DATASETS/CodecFake/C2/C2/F02_SSB03160136.wav,2
/USERSPACE/DATASETS/CodecFake/C2/C2/F02_p361_309.wav,2
/USERSPACE/DATASETS/CodecFake/C2/C2/F02_SSB18720366.wav,2
/USERSPACE/DATASETS/CodecFake/C2/C2/F02_p238_266.wav,2
/USERSPACE/DATASETS/CodecFake/C2/C2/F02_SSB08710041.wav,2
/USERSPACE/DATASETS/CodecFake/C2/C2/F02_p230_093.wav,2
/USERSPACE/DATASETS/CodecFake/C2/C2/F02_p236_224.wav,2
/USERSPACE/DATASETS/CodecFake/C2/C2/F02_SSB13410097.wav,2
/USERSPACE/DATASETS/CodecFake/C2/C2/F02_p236_245.wav,2
/USERSPACE/DATASETS/CodecFake/C2/C2/F02_SSB00160032.wav,2
/USERSPACE/DATASETS/CodecFake/C2/C2/F02_p317_140.wav,2
/USERSPACE/DATASETS/CodecFake/C2/C2/F02_SSB05700165.wav,2
/USERSPACE/DATASETS/CodecFake/C2/C2/F02_SSB18100361.wav,2
/USERSPACE/DATASETS/CodecFake/C2/C2/F02_p339_122.wav,2
/USERSPACE/DATASETS/CodecFake/C2/C2/F02_SSB16250129.wav,2
/USERSPACE/DATASETS/CodecFake/C2/C2/F02_SSB19560300.wav,2
/USERSPACE/DATASETS/CodecFake/C2/C2/F02_SSB16250043.wav,2
/USERSPACE/DATASETS/CodecFake/C2/C2/F02_p318_104.wav,2
/USERSPACE/DATASETS/CodecFake/C2/C2/F02_SSB09190317.wav,2
/USERSPACE/DATASETS/CodecFake/C2/C2/F02_p317_382.wav,2
/USERSPACE/DATASETS/CodecFake/C2/C2/F02_SSB13650116.wav,2
/USERSPACE/DATASETS/CodecFake/C2/C2/F02_SSB13200367.wav,2
/USERSPACE/DATASETS/CodecFake/C2/C2/F02_p298_251.wav,2
/USERSPACE/DATASETS/CodecFake/C2/C2/F02_SSB18780410.wav,2
/USERSPACE/DATASETS/CodecFake/C2/C2/F02_SSB09350162.wav,2
/USERSPACE/DATASETS/CodecFake/C2/C2/F02_SSB07230270.wav,2
/USERSPACE/DATASETS/CodecFake/C2/C2/F02_SSB10000234.wav,2
/USERSPACE/DATASETS/CodecFake/C2/C2/F02_SSB07800016.wav,2
/USERSPACE/DATASETS/CodecFake/C2/C2/F02_SSB04340362.wav,2
/USERSPACE/DATASETS/CodecFake/C2/C2/F02_p351_157.wav,2
/USERSPACE/DATASETS/CodecFake/C2/C2/F02_SSB11260458.wav,2
/USERSPACE/DATASETS/CodecFake/C2/C2/F02_SSB11080058.wav,2
/USERSPACE/DATASETS/CodecFake/C2/C2/F02_p244_276.wav,2
/USERSPACE/DATASETS/CodecFake/C2/C2/F02_SSB02870079.wav,2
/USERSPACE/DATASETS/CodecFake/C2/C2/F02_p255_198.wav,2
/USERSPACE/DATASETS/CodecFake/C2/C2/F02_p248_232.wav,2
/USERSPACE/DATASETS/CodecFake/C2/C2/F02_SSB15930072.wav,2
/USERSPACE/DATASETS/CodecFake/C2/C2/F02_SSB08090271.wav,2
/USERSPACE/DATASETS/CodecFake/C2/C2/F02_SSB18370134.wav,2
/USERSPACE/DATASETS/CodecFake/C2/C2/F02_p303_237.wav,2
/USERSPACE/DATASETS/CodecFake/C2/C2/F02_SSB04260465.wav,2
/USERSPACE/DATASETS/CodecFake/C2/C2/F02_SSB04820176.wav,2
/USERSPACE/DATASETS/CodecFake/C2/C2/F02_SSB00570326.wav,2
/USERSPACE/DATASETS/CodecFake/C2/C2/F02_SSB03160135.wav,2
/USERSPACE/DATASETS/CodecFake/C2/C2/F02_SSB01120439.wav,2
/USERSPACE/DATASETS/CodecFake/C2/C2/F02_p254_157.wav,2
/USERSPACE/DATASETS/CodecFake/C2/C2/F02_p343_041.wav,2
/USERSPACE/DATASETS/CodecFake/C2/C2/F02_p272_298.wav,2
/USERSPACE/DATASETS/CodecFake/C2/C2/F02_SSB03540398.wav,2
/USERSPACE/DATASETS/CodecFake/C2/C2/F02_p236_483.wav,2
/USERSPACE/DATASETS/CodecFake/C2/C2/F02_SSB00120501.wav,2
/USERSPACE/DATASETS/CodecFake/C2/C2/F02_SSB07230407.wav,2
/USERSPACE/DATASETS/CodecFake/C2/C2/F02_SSB11000034.wav,2
/USERSPACE/DATASETS/CodecFake/C2/C2/F02_SSB15750143.wav,2
/USERSPACE/DATASETS/CodecFake/C2/C2/F02_SSB01970480.wav,2
/USERSPACE/DATASETS/CodecFake/C2/C2/F02_SSB12150381.wav,2
/USERSPACE/DATASETS/CodecFake/C2/C2/F02_SSB10080141.wav,2
/USERSPACE/DATASETS/CodecFake/C2/C2/F02_p256_067.wav,2
/USERSPACE/DATASETS/CodecFake/C2/C2/F02_SSB07200303.wav,2
/USERSPACE/DATASETS/CodecFake/C2/C2/F02_p339_008.wav,2
/USERSPACE/DATASETS/CodecFake/C2/C2/F02_p278_123.wav,2
/USERSPACE/DATASETS/CodecFake/C2/C2/F02_p232_148.wav,2
/USERSPACE/DATASETS/CodecFake/C2/C2/F02_SSB10500086.wav,2
/USERSPACE/DATASETS/CodecFake/C2/C2/F02_SSB00380050.wav,2
/USERSPACE/DATASETS/CodecFake/C2/C2/F02_p260_328.wav,2
/USERSPACE/DATASETS/CodecFake/C2/C2/F02_SSB12160328.wav,2
/USERSPACE/DATASETS/CodecFake/C2/C2/F02_SSB14480277.wav,2
/USERSPACE/DATASETS/CodecFake/C2/C2/F02_SSB13930418.wav,2
/USERSPACE/DATASETS/CodecFake/C2/C2/F02_SSB07460283.wav,2
/USERSPACE/DATASETS/CodecFake/C2/C2/F02_p287_160.wav,2
/USERSPACE/DATASETS/CodecFake/C2/C2/F02_p313_276.wav,2
/USERSPACE/DATASETS/CodecFake/C2/C2/F02_SSB07110193.wav,2
/USERSPACE/DATASETS/CodecFake/C2/C2/F02_SSB07110437.wav,2
/USERSPACE/DATASETS/CodecFake/C2/C2/F02_SSB11000198.wav,2
/USERSPACE/DATASETS/CodecFake/C2/C2/F02_SSB17280419.wav,2
/USERSPACE/DATASETS/CodecFake/C2/C2/F02_SSB02880121.wav,2
/USERSPACE/DATASETS/CodecFake/C2/C2/F02_SSB06060052.wav,2
/USERSPACE/DATASETS/CodecFake/C2/C2/F02_SSB10720355.wav,2
/USERSPACE/DATASETS/CodecFake/C2/C2/F02_p280_394.wav,2
/USERSPACE/DATASETS/CodecFake/C2/C2/F02_SSB04150142.wav,2
/USERSPACE/DATASETS/CodecFake/C2/C2/F02_SSB07170362.wav,2
/USERSPACE/DATASETS/CodecFake/C2/C2/F02_p252_273.wav,2
/USERSPACE/DATASETS/CodecFake/C2/C2/F02_SSB02870043.wav,2
/USERSPACE/DATASETS/CodecFake/C2/C2/F02_SSB02610082.wav,2
/USERSPACE/DATASETS/CodecFake/C2/C2/F02_p312_146.wav,2
/USERSPACE/DATASETS/CodecFake/C2/C2/F02_p304_141.wav,2
/USERSPACE/DATASETS/CodecFake/C2/C2/F02_SSB02730361.wav,2
/USERSPACE/DATASETS/CodecFake/C2/C2/F02_p259_158.wav,2
/USERSPACE/DATASETS/CodecFake/C2/C2/F02_SSB03420160.wav,2
/USERSPACE/DATASETS/CodecFake/C2/C2/F02_p314_331.wav,2
/USERSPACE/DATASETS/CodecFake/C2/C2/F02_SSB07780292.wav,2
/USERSPACE/DATASETS/CodecFake/C2/C2/F02_SSB06680350.wav,2
/USERSPACE/DATASETS/CodecFake/C2/C2/F02_SSB09190071.wav,2
/USERSPACE/DATASETS/CodecFake/C2/C2/F02_p243_398.wav,2
/USERSPACE/DATASETS/CodecFake/C2/C2/F02_SSB04270011.wav,2
/USERSPACE/DATASETS/CodecFake/C2/C2/F02_p308_056.wav,2
/USERSPACE/DATASETS/CodecFake/C2/C2/F02_SSB03950158.wav,2
/USERSPACE/DATASETS/CodecFake/C2/C2/F02_p305_227.wav,2
/USERSPACE/DATASETS/CodecFake/C2/C2/F02_SSB10000191.wav,2
/USERSPACE/DATASETS/CodecFake/C2/C2/F02_SSB11610264.wav,2
/USERSPACE/DATASETS/CodecFake/C2/C2/F02_p303_299.wav,2
/USERSPACE/DATASETS/CodecFake/C2/C2/F02_SSB04700454.wav,2
/USERSPACE/DATASETS/CodecFake/C2/C2/F02_p284_015.wav,2
/USERSPACE/DATASETS/CodecFake/C2/C2/F02_p374_192.wav,2
/USERSPACE/DATASETS/CodecFake/C2/C2/F02_SSB15850431.wav,2
/USERSPACE/DATASETS/CodecFake/C2/C2/F02_SSB07620094.wav,2
/USERSPACE/DATASETS/CodecFake/C2/C2/F02_SSB03540104.wav,2
/USERSPACE/DATASETS/CodecFake/C2/C2/F02_SSB02000085.wav,2
/USERSPACE/DATASETS/CodecFake/C2/C2/F02_SSB19350179.wav,2
/USERSPACE/DATASETS/CodecFake/C2/C2/F02_p288_283.wav,2
/USERSPACE/DATASETS/CodecFake/C2/C2/F02_SSB00050246.wav,2
/USERSPACE/DATASETS/CodecFake/C2/C2/F02_SSB04340384.wav,2
/USERSPACE/DATASETS/CodecFake/C2/C2/F02_SSB03380397.wav,2
/USERSPACE/DATASETS/CodecFake/C2/C2/F02_SSB03540164.wav,2
/USERSPACE/DATASETS/CodecFake/C2/C2/F02_SSB13400049.wav,2
/USERSPACE/DATASETS/CodecFake/C2/C2/F02_SSB07370144.wav,2
/USERSPACE/DATASETS/CodecFake/C2/C2/F02_p273_010.wav,2
/USERSPACE/DATASETS/CodecFake/C2/C2/F02_SSB06140095.wav,2
/USERSPACE/DATASETS/CodecFake/C2/C2/F02_p281_009.wav,2
/USERSPACE/DATASETS/CodecFake/C2/C2/F02_SSB00120106.wav,2
/USERSPACE/DATASETS/CodecFake/C2/C2/F02_p258_343.wav,2
/USERSPACE/DATASETS/CodecFake/C2/C2/F02_p274_041.wav,2
/USERSPACE/DATASETS/CodecFake/C2/C2/F02_SSB06070321.wav,2
/USERSPACE/DATASETS/CodecFake/C2/C2/F02_SSB08870364.wav,2
/USERSPACE/DATASETS/CodecFake/C2/C2/F02_p303_263.wav,2
/USERSPACE/DATASETS/CodecFake/C2/C2/F02_p275_357.wav,2
/USERSPACE/DATASETS/CodecFake/C2/C2/F02_SSB07200117.wav,2
/USERSPACE/DATASETS/CodecFake/C2/C2/F02_SSB05020482.wav,2
/USERSPACE/DATASETS/CodecFake/C2/C2/F02_SSB04700098.wav,2
/USERSPACE/DATASETS/CodecFake/C2/C2/F02_SSB16250268.wav,2
/USERSPACE/DATASETS/CodecFake/C2/C2/F02_SSB11610198.wav,2
/USERSPACE/DATASETS/CodecFake/C2/C2/F02_SSB05650126.wav,2
/USERSPACE/DATASETS/CodecFake/C2/C2/F02_SSB10720272.wav,2
/USERSPACE/DATASETS/CodecFake/C2/C2/F02_p266_102.wav,2
/USERSPACE/DATASETS/CodecFake/C2/C2/F02_SSB07860080.wav,2
/USERSPACE/DATASETS/CodecFake/C2/C2/F02_SSB15850087.wav,2
/USERSPACE/DATASETS/CodecFake/C2/C2/F02_SSB18630277.wav,2
/USERSPACE/DATASETS/CodecFake/C2/C2/F02_p297_308.wav,2
/USERSPACE/DATASETS/CodecFake/C2/C2/F02_SSB13650206.wav,2
/USERSPACE/DATASETS/CodecFake/C2/C2/F02_p261_093.wav,2
/USERSPACE/DATASETS/CodecFake/C2/C2/F02_SSB01970362.wav,2
/USERSPACE/DATASETS/CodecFake/C2/C2/F02_p274_083.wav,2
/USERSPACE/DATASETS/CodecFake/C2/C2/F02_SSB11260162.wav,2
/USERSPACE/DATASETS/CodecFake/C2/C2/F02_SSB18280460.wav,2
/USERSPACE/DATASETS/CodecFake/C2/C2/F02_SSB03070155.wav,2
/USERSPACE/DATASETS/CodecFake/C2/C2/F02_p364_239.wav,2
/USERSPACE/DATASETS/CodecFake/C2/C2/F02_SSB09350272.wav,2
/USERSPACE/DATASETS/CodecFake/C2/C2/F02_SSB02610280.wav,2
/USERSPACE/DATASETS/CodecFake/C2/C2/F02_SSB13200225.wav,2
/USERSPACE/DATASETS/CodecFake/C2/C2/F02_SSB07020124.wav,2
/USERSPACE/DATASETS/CodecFake/C2/C2/F02_SSB06710480.wav,2
/USERSPACE/DATASETS/CodecFake/C2/C2/F02_SSB06320204.wav,2
/USERSPACE/DATASETS/CodecFake/C2/C2/F02_p340_201.wav,2
/USERSPACE/DATASETS/CodecFake/C2/C2/F02_p282_018.wav,2
/USERSPACE/DATASETS/CodecFake/C2/C2/F02_SSB06090124.wav,2
/USERSPACE/DATASETS/CodecFake/C2/C2/F02_p308_278.wav,2
/USERSPACE/DATASETS/CodecFake/C2/C2/F02_SSB11970271.wav,2
/USERSPACE/DATASETS/CodecFake/C2/C2/F02_p274_042.wav,2
/USERSPACE/DATASETS/CodecFake/C2/C2/F02_SSB11310414.wav,2
/USERSPACE/DATASETS/CodecFake/C2/C2/F02_SSB13200402.wav,2
/USERSPACE/DATASETS/CodecFake/C2/C2/F02_SSB14570065.wav,2
/USERSPACE/DATASETS/CodecFake/C2/C2/F02_SSB04340207.wav,2
/USERSPACE/DATASETS/CodecFake/C2/C2/F02_p317_219.wav,2
/USERSPACE/DATASETS/CodecFake/C2/C2/F02_p227_299.wav,2
/USERSPACE/DATASETS/CodecFake/C2/C2/F02_SSB04150330.wav,2
/USERSPACE/DATASETS/CodecFake/C2/C2/F02_SSB06060200.wav,2
/USERSPACE/DATASETS/CodecFake/C2/C2/F02_p303_201.wav,2
/USERSPACE/DATASETS/CodecFake/C2/C2/F02_SSB05390050.wav,2
/USERSPACE/DATASETS/CodecFake/C2/C2/F02_p303_024.wav,2
/USERSPACE/DATASETS/CodecFake/C2/C2/F02_p286_146.wav,2
/USERSPACE/DATASETS/CodecFake/C2/C2/F02_p343_374.wav,2
/USERSPACE/DATASETS/CodecFake/C2/C2/F02_p347_206.wav,2
/USERSPACE/DATASETS/CodecFake/C2/C2/F02_SSB14570186.wav,2
/USERSPACE/DATASETS/CodecFake/C2/C2/F02_SSB05990356.wav,2
/USERSPACE/DATASETS/CodecFake/C2/C2/F02_p245_325.wav,2
/USERSPACE/DATASETS/CodecFake/C2/C2/F02_SSB12150004.wav,2
/USERSPACE/DATASETS/CodecFake/C2/C2/F02_SSB16070447.wav,2
/USERSPACE/DATASETS/CodecFake/C2/C2/F02_SSB11250150.wav,2
/USERSPACE/DATASETS/CodecFake/C2/C2/F02_SSB03090148.wav,2
/USERSPACE/DATASETS/CodecFake/C2/C2/F02_SSB07940066.wav,2
/USERSPACE/DATASETS/CodecFake/C2/C2/F02_SSB16860138.wav,2
/USERSPACE/DATASETS/CodecFake/C2/C2/F02_SSB19390375.wav,2
/USERSPACE/DATASETS/CodecFake/C2/C2/F02_SSB00570381.wav,2
/USERSPACE/DATASETS/CodecFake/C2/C2/F02_SSB01330265.wav,2
/USERSPACE/DATASETS/CodecFake/C2/C2/F02_p237_305.wav,2
/USERSPACE/DATASETS/CodecFake/C2/C2/F02_SSB07600174.wav,2
/USERSPACE/DATASETS/CodecFake/C2/C2/F02_p284_282.wav,2
/USERSPACE/DATASETS/CodecFake/C2/C2/F02_SSB12190267.wav,2
/USERSPACE/DATASETS/CodecFake/C2/C2/F02_SSB18090140.wav,2
/USERSPACE/DATASETS/CodecFake/C2/C2/F02_SSB03390068.wav,2
/USERSPACE/DATASETS/CodecFake/C2/C2/F02_SSB05940105.wav,2
/USERSPACE/DATASETS/CodecFake/C2/C2/F02_SSB07480163.wav,2
/USERSPACE/DATASETS/CodecFake/C2/C2/F02_p247_445.wav,2
/USERSPACE/DATASETS/CodecFake/C2/C2/F02_p284_283.wav,2
/USERSPACE/DATASETS/CodecFake/C2/C2/F02_p248_078.wav,2
/USERSPACE/DATASETS/CodecFake/C2/C2/F02_SSB03160003.wav,2
/USERSPACE/DATASETS/CodecFake/C2/C2/F02_SSB11380302.wav,2
/USERSPACE/DATASETS/CodecFake/C2/C2/F02_SSB02670113.wav,2
/USERSPACE/DATASETS/CodecFake/C2/C2/F02_p259_150.wav,2
/USERSPACE/DATASETS/CodecFake/C2/C2/F02_SSB03380406.wav,2
/USERSPACE/DATASETS/CodecFake/C2/C2/F02_SSB15630485.wav,2
/USERSPACE/DATASETS/CodecFake/C2/C2/F02_SSB01930441.wav,2
/USERSPACE/DATASETS/CodecFake/C2/C2/F02_SSB03950134.wav,2
/USERSPACE/DATASETS/CodecFake/C2/C2/F02_SSB03230381.wav,2
/USERSPACE/DATASETS/CodecFake/C2/C2/F02_SSB05900190.wav,2
/USERSPACE/DATASETS/CodecFake/C2/C2/F02_p347_334.wav,2
/USERSPACE/DATASETS/CodecFake/C2/C2/F02_SSB13410211.wav,2
/USERSPACE/DATASETS/CodecFake/C2/C2/F02_p239_384.wav,2
/USERSPACE/DATASETS/CodecFake/C2/C2/F02_p277_218.wav,2
/USERSPACE/DATASETS/CodecFake/C2/C2/F02_SSB05700038.wav,2
/USERSPACE/DATASETS/CodecFake/C2/C2/F02_SSB06090249.wav,2
/USERSPACE/DATASETS/CodecFake/C2/C2/F02_p287_229.wav,2
/USERSPACE/DATASETS/CodecFake/C2/C2/F02_SSB09870166.wav,2
/USERSPACE/DATASETS/CodecFake/C2/C2/F02_SSB05350212.wav,2
/USERSPACE/DATASETS/CodecFake/C2/C2/F02_SSB11870150.wav,2
/USERSPACE/DATASETS/CodecFake/C2/C2/F02_SSB03230094.wav,2
/USERSPACE/DATASETS/CodecFake/C2/C2/F02_SSB07160333.wav,2
/USERSPACE/DATASETS/CodecFake/C2/C2/F02_SSB02990280.wav,2
/USERSPACE/DATASETS/CodecFake/C2/C2/F02_SSB01120035.wav,2
/USERSPACE/DATASETS/CodecFake/C2/C2/F02_SSB05020166.wav,2
/USERSPACE/DATASETS/CodecFake/C2/C2/F02_SSB09870188.wav,2
/USERSPACE/DATASETS/CodecFake/C2/C2/F02_SSB11870338.wav,2
/USERSPACE/DATASETS/CodecFake/C2/C2/F02_SSB09190156.wav,2
/USERSPACE/DATASETS/CodecFake/C2/C2/F02_SSB02730152.wav,2
/USERSPACE/DATASETS/CodecFake/C2/C2/F02_SSB00090116.wav,2
/USERSPACE/DATASETS/CodecFake/C2/C2/F02_SSB06710437.wav,2
/USERSPACE/DATASETS/CodecFake/C2/C2/F02_SSB00570071.wav,2
/USERSPACE/DATASETS/CodecFake/C2/C2/F02_p305_108.wav,2
/USERSPACE/DATASETS/CodecFake/C2/C2/F02_p347_318.wav,2
/USERSPACE/DATASETS/CodecFake/C2/C2/F02_SSB07840040.wav,2
/USERSPACE/DATASETS/CodecFake/C2/C2/F02_p376_044.wav,2
/USERSPACE/DATASETS/CodecFake/C2/C2/F02_SSB09870024.wav,2
/USERSPACE/DATASETS/CodecFake/C2/C2/F02_SSB07860116.wav,2
/USERSPACE/DATASETS/CodecFake/C2/C2/F02_p255_080.wav,2
/USERSPACE/DATASETS/CodecFake/C2/C2/F02_p277_188.wav,2
/USERSPACE/DATASETS/CodecFake/C2/C2/F02_SSB05350303.wav,2
/USERSPACE/DATASETS/CodecFake/C2/C2/F02_SSB07170443.wav,2
/USERSPACE/DATASETS/CodecFake/C2/C2/F02_SSB05390038.wav,2
/USERSPACE/DATASETS/CodecFake/C2/C2/F02_p312_242.wav,2
/USERSPACE/DATASETS/CodecFake/C2/C2/F02_SSB02670501.wav,2
/USERSPACE/DATASETS/CodecFake/C2/C2/F02_SSB18370137.wav,2
/USERSPACE/DATASETS/CodecFake/C2/C2/F02_p326_220.wav,2
/USERSPACE/DATASETS/CodecFake/C2/C2/F02_SSB15670378.wav,2
/USERSPACE/DATASETS/CodecFake/C2/C2/F02_SSB07160318.wav,2
/USERSPACE/DATASETS/CodecFake/C2/C2/F02_SSB11360353.wav,2
/USERSPACE/DATASETS/CodecFake/C2/C2/F02_p228_156.wav,2
/USERSPACE/DATASETS/CodecFake/C2/C2/F02_SSB16990440.wav,2
/USERSPACE/DATASETS/CodecFake/C2/C2/F02_p266_024.wav,2
/USERSPACE/DATASETS/CodecFake/C2/C2/F02_SSB03150308.wav,2
/USERSPACE/DATASETS/CodecFake/C2/C2/F02_p293_355.wav,2
/USERSPACE/DATASETS/CodecFake/C2/C2/F02_SSB10960224.wav,2
/USERSPACE/DATASETS/CodecFake/C2/C2/F02_SSB11150428.wav,2
/USERSPACE/DATASETS/CodecFake/C2/C2/F02_SSB01930372.wav,2
/USERSPACE/DATASETS/CodecFake/C2/C2/F02_SSB04820313.wav,2
/USERSPACE/DATASETS/CodecFake/C2/C2/F02_p339_197.wav,2
/USERSPACE/DATASETS/CodecFake/C2/C2/F02_SSB18280281.wav,2
/USERSPACE/DATASETS/CodecFake/C2/C2/F02_SSB16840419.wav,2
/USERSPACE/DATASETS/CodecFake/C2/C2/F02_p316_259.wav,2
/USERSPACE/DATASETS/CodecFake/C2/C2/F02_SSB03790365.wav,2
/USERSPACE/DATASETS/CodecFake/C2/C2/F02_SSB18720397.wav,2
/USERSPACE/DATASETS/CodecFake/C2/C2/F02_p248_314.wav,2
/USERSPACE/DATASETS/CodecFake/C2/C2/F02_SSB02460304.wav,2
/USERSPACE/DATASETS/CodecFake/C2/C2/F02_SSB11610219.wav,2
/USERSPACE/DATASETS/CodecFake/C2/C2/F02_p334_263.wav,2
/USERSPACE/DATASETS/CodecFake/C2/C2/F02_SSB15550276.wav,2
/USERSPACE/DATASETS/CodecFake/C2/C2/F02_SSB18370086.wav,2
/USERSPACE/DATASETS/CodecFake/C2/C2/F02_SSB02730051.wav,2
/USERSPACE/DATASETS/CodecFake/C2/C2/F02_SSB16300268.wav,2
/USERSPACE/DATASETS/CodecFake/C2/C2/F02_SSB07100287.wav,2
/USERSPACE/DATASETS/CodecFake/C2/C2/F02_p299_146.wav,2
/USERSPACE/DATASETS/CodecFake/C2/C2/F02_SSB17390144.wav,2
/USERSPACE/DATASETS/CodecFake/C2/C2/F02_SSB15850084.wav,2
/USERSPACE/DATASETS/CodecFake/C2/C2/F02_SSB13400193.wav,2
/USERSPACE/DATASETS/CodecFake/C2/C2/F02_SSB09870366.wav,2
/USERSPACE/DATASETS/CodecFake/C2/C2/F02_SSB10960476.wav,2
/USERSPACE/DATASETS/CodecFake/C2/C2/F02_SSB13850218.wav,2
/USERSPACE/DATASETS/CodecFake/C2/C2/F02_p312_006.wav,2
/USERSPACE/DATASETS/CodecFake/C2/C2/F02_SSB06680440.wav,2
/USERSPACE/DATASETS/CodecFake/C2/C2/F02_SSB01220144.wav,2
/USERSPACE/DATASETS/CodecFake/C2/C2/F02_SSB11080286.wav,2
/USERSPACE/DATASETS/CodecFake/C2/C2/F02_p301_409.wav,2
/USERSPACE/DATASETS/CodecFake/C2/C2/F02_SSB02460143.wav,2
/USERSPACE/DATASETS/CodecFake/C2/C2/F02_p286_191.wav,2
/USERSPACE/DATASETS/CodecFake/C2/C2/F02_SSB07160485.wav,2
/USERSPACE/DATASETS/CodecFake/C2/C2/F02_p314_194.wav,2
/USERSPACE/DATASETS/CodecFake/C2/C2/F02_SSB09970115.wav,2
/USERSPACE/DATASETS/CodecFake/C2/C2/F02_SSB09350402.wav,2
/USERSPACE/DATASETS/CodecFake/C2/C2/F02_SSB06060214.wav,2
/USERSPACE/DATASETS/CodecFake/C2/C2/F02_SSB01390220.wav,2
/USERSPACE/DATASETS/CodecFake/C2/C2/F02_SSB12150463.wav,2
/USERSPACE/DATASETS/CodecFake/C2/C2/F02_SSB05350387.wav,2
/USERSPACE/DATASETS/CodecFake/C2/C2/F02_SSB07360168.wav,2
/USERSPACE/DATASETS/CodecFake/C2/C2/F02_SSB18370464.wav,2
/USERSPACE/DATASETS/CodecFake/C2/C2/F02_p280_221.wav,2
/USERSPACE/DATASETS/CodecFake/C2/C2/F02_SSB13410120.wav,2
/USERSPACE/DATASETS/CodecFake/C2/C2/F02_SSB13660140.wav,2
/USERSPACE/DATASETS/CodecFake/C2/C2/F02_SSB10020424.wav,2
/USERSPACE/DATASETS/CodecFake/C2/C2/F02_SSB08220202.wav,2
/USERSPACE/DATASETS/CodecFake/C2/C2/F02_SSB16700100.wav,2
/USERSPACE/DATASETS/CodecFake/C2/C2/F02_SSB17390020.wav,2
/USERSPACE/DATASETS/CodecFake/C2/C2/F02_p294_192.wav,2
/USERSPACE/DATASETS/CodecFake/C2/C2/F02_SSB06320337.wav,2
/USERSPACE/DATASETS/CodecFake/C2/C2/F02_SSB14570402.wav,2
/USERSPACE/DATASETS/CodecFake/C2/C2/F02_SSB14020230.wav,2
/USERSPACE/DATASETS/CodecFake/C2/C2/F02_p252_204.wav,2
/USERSPACE/DATASETS/CodecFake/C2/C2/F02_p336_348.wav,2
/USERSPACE/DATASETS/CodecFake/C2/C2/F02_SSB13820415.wav,2
/USERSPACE/DATASETS/CodecFake/C2/C2/F02_SSB11080205.wav,2
/USERSPACE/DATASETS/CodecFake/C2/C2/F02_SSB07780472.wav,2
/USERSPACE/DATASETS/CodecFake/C2/C2/F02_p304_170.wav,2
/USERSPACE/DATASETS/CodecFake/C2/C2/F02_SSB04270305.wav,2
/USERSPACE/DATASETS/CodecFake/C2/C2/F02_p268_374.wav,2
/USERSPACE/DATASETS/CodecFake/C2/C2/F02_SSB00730171.wav,2
/USERSPACE/DATASETS/CodecFake/C2/C2/F02_p249_071.wav,2
/USERSPACE/DATASETS/CodecFake/C2/C2/F02_SSB15750462.wav,2
/USERSPACE/DATASETS/CodecFake/C2/C2/F02_SSB08090067.wav,2
/USERSPACE/DATASETS/CodecFake/C2/C2/F02_p310_283.wav,2
/USERSPACE/DATASETS/CodecFake/C2/C2/F02_SSB06860173.wav,2
/USERSPACE/DATASETS/CodecFake/C2/C2/F02_p317_073.wav,2
/USERSPACE/DATASETS/CodecFake/C2/C2/F02_SSB02730201.wav,2
/USERSPACE/DATASETS/CodecFake/C2/C2/F02_SSB19350168.wav,2
/USERSPACE/DATASETS/CodecFake/C2/C2/F02_SSB07480434.wav,2
/USERSPACE/DATASETS/CodecFake/C2/C2/F02_p277_009.wav,2
/USERSPACE/DATASETS/CodecFake/C2/C2/F02_SSB03410370.wav,2
/USERSPACE/DATASETS/CodecFake/C2/C2/F02_SSB07360023.wav,2
/USERSPACE/DATASETS/CodecFake/C2/C2/F02_SSB09130019.wav,2
/USERSPACE/DATASETS/CodecFake/C2/C2/F02_p298_040.wav,2
/USERSPACE/DATASETS/CodecFake/C2/C2/F02_SSB06030406.wav,2
/USERSPACE/DATASETS/CodecFake/C2/C2/F02_p323_152.wav,2
/USERSPACE/DATASETS/CodecFake/C2/C2/F02_SSB14480468.wav,2
/USERSPACE/DATASETS/CodecFake/C2/C2/F02_SSB05700262.wav,2
/USERSPACE/DATASETS/CodecFake/C2/C2/F02_p312_123.wav,2
/USERSPACE/DATASETS/CodecFake/C2/C2/F02_SSB03950116.wav,2
/USERSPACE/DATASETS/CodecFake/C2/C2/F02_SSB00570220.wav,2
/USERSPACE/DATASETS/CodecFake/C2/C2/F02_SSB03540386.wav,2
/USERSPACE/DATASETS/CodecFake/C2/C2/F02_SSB05440154.wav,2
/USERSPACE/DATASETS/CodecFake/C2/C2/F02_SSB17390162.wav,2
/USERSPACE/DATASETS/CodecFake/C2/C2/F02_SSB04820196.wav,2
/USERSPACE/DATASETS/CodecFake/C2/C2/F02_SSB18630474.wav,2
/USERSPACE/DATASETS/CodecFake/C2/C2/F02_p351_362.wav,2
/USERSPACE/DATASETS/CodecFake/C2/C2/F02_p308_275.wav,2
/USERSPACE/DATASETS/CodecFake/C2/C2/F02_SSB01330404.wav,2
/USERSPACE/DATASETS/CodecFake/C2/C2/F02_p257_112.wav,2
/USERSPACE/DATASETS/CodecFake/C2/C2/F02_SSB07480216.wav,2
/USERSPACE/DATASETS/CodecFake/C2/C2/F02_SSB04340289.wav,2
/USERSPACE/DATASETS/CodecFake/C2/C2/F02_SSB07110492.wav,2
/USERSPACE/DATASETS/CodecFake/C2/C2/F02_SSB10240085.wav,2
/USERSPACE/DATASETS/CodecFake/C2/C2/F02_SSB03150084.wav,2
/USERSPACE/DATASETS/CodecFake/C2/C2/F02_p231_081.wav,2
/USERSPACE/DATASETS/CodecFake/C2/C2/F02_p254_238.wav,2
/USERSPACE/DATASETS/CodecFake/C2/C2/F02_SSB07100119.wav,2
/USERSPACE/DATASETS/CodecFake/C2/C2/F02_SSB03150281.wav,2
/USERSPACE/DATASETS/CodecFake/C2/C2/F02_SSB04340189.wav,2
/USERSPACE/DATASETS/CodecFake/C2/C2/F02_SSB06660010.wav,2
/USERSPACE/DATASETS/CodecFake/C2/C2/F02_p361_102.wav,2
/USERSPACE/DATASETS/CodecFake/C2/C2/F02_p334_111.wav,2
/USERSPACE/DATASETS/CodecFake/C2/C2/F02_p261_376.wav,2
/USERSPACE/DATASETS/CodecFake/C2/C2/F02_SSB05440452.wav,2
/USERSPACE/DATASETS/CodecFake/C2/C2/F02_SSB07460067.wav,2
/USERSPACE/DATASETS/CodecFake/C2/C2/F02_p263_036.wav,2
/USERSPACE/DATASETS/CodecFake/C2/C2/F02_SSB11380254.wav,2
/USERSPACE/DATASETS/CodecFake/C2/C2/F02_p308_247.wav,2
/USERSPACE/DATASETS/CodecFake/C2/C2/F02_SSB05650470.wav,2
/USERSPACE/DATASETS/CodecFake/C2/C2/F02_SSB07940308.wav,2
/USERSPACE/DATASETS/CodecFake/C2/C2/F02_SSB07020094.wav,2
/USERSPACE/DATASETS/CodecFake/C2/C2/F02_SSB16500073.wav,2
/USERSPACE/DATASETS/CodecFake/C2/C2/F02_SSB13020004.wav,2
/USERSPACE/DATASETS/CodecFake/C2/C2/F02_SSB00330341.wav,2
/USERSPACE/DATASETS/CodecFake/C2/C2/F02_SSB05940312.wav,2
/USERSPACE/DATASETS/CodecFake/C2/C2/F02_SSB17280482.wav,2
/USERSPACE/DATASETS/CodecFake/C2/C2/F02_p252_166.wav,2
/USERSPACE/DATASETS/CodecFake/C2/C2/F02_SSB05340394.wav,2
/USERSPACE/DATASETS/CodecFake/C2/C2/F02_SSB18060003.wav,2
/USERSPACE/DATASETS/CodecFake/C2/C2/F02_p292_407.wav,2
/USERSPACE/DATASETS/CodecFake/C2/C2/F02_p311_267.wav,2
/USERSPACE/DATASETS/CodecFake/C2/C2/F02_p323_236.wav,2
/USERSPACE/DATASETS/CodecFake/C2/C2/F02_p236_502.wav,2
/USERSPACE/DATASETS/CodecFake/C2/C2/F02_SSB04150411.wav,2
/USERSPACE/DATASETS/CodecFake/C2/C2/F02_SSB03390360.wav,2
/USERSPACE/DATASETS/CodecFake/C2/C2/F02_SSB00180409.wav,2
/USERSPACE/DATASETS/CodecFake/C2/C2/F02_SSB17390110.wav,2
/USERSPACE/DATASETS/CodecFake/C2/C2/F02_p234_122.wav,2
/USERSPACE/DATASETS/CodecFake/C2/C2/F02_p299_297.wav,2
/USERSPACE/DATASETS/CodecFake/C2/C2/F02_SSB03420147.wav,2
/USERSPACE/DATASETS/CodecFake/C2/C2/F02_p228_303.wav,2
/USERSPACE/DATASETS/CodecFake/C2/C2/F02_p274_061.wav,2
/USERSPACE/DATASETS/CodecFake/C2/C2/F02_SSB07360231.wav,2
/USERSPACE/DATASETS/CodecFake/C2/C2/F02_SSB17110403.wav,2
/USERSPACE/DATASETS/CodecFake/C2/C2/F02_p334_281.wav,2
/USERSPACE/DATASETS/CodecFake/C2/C2/F02_SSB17110435.wav,2
/USERSPACE/DATASETS/CodecFake/C2/C2/F02_SSB05350281.wav,2
/USERSPACE/DATASETS/CodecFake/C2/C2/F02_p283_302.wav,2
/USERSPACE/DATASETS/CodecFake/C2/C2/F02_SSB03790070.wav,2
/USERSPACE/DATASETS/CodecFake/C2/C2/F02_SSB15550180.wav,2
/USERSPACE/DATASETS/CodecFake/C2/C2/F02_p226_036.wav,2
/USERSPACE/DATASETS/CodecFake/C2/C2/F02_SSB03230402.wav,2
/USERSPACE/DATASETS/CodecFake/C2/C2/F02_SSB19350246.wav,2
/USERSPACE/DATASETS/CodecFake/C2/C2/F02_p275_052.wav,2
/USERSPACE/DATASETS/CodecFake/C2/C2/F02_SSB12040153.wav,2
/USERSPACE/DATASETS/CodecFake/C2/C2/F02_p264_181.wav,2
/USERSPACE/DATASETS/CodecFake/C2/C2/F02_p361_068.wav,2
/USERSPACE/DATASETS/CodecFake/C2/C2/F02_SSB01390217.wav,2
/USERSPACE/DATASETS/CodecFake/C2/C2/F02_SSB15670304.wav,2
/USERSPACE/DATASETS/CodecFake/C2/C2/F02_SSB04700305.wav,2
/USERSPACE/DATASETS/CodecFake/C2/C2/F02_SSB03660497.wav,2
/USERSPACE/DATASETS/CodecFake/C2/C2/F02_p329_164.wav,2
/USERSPACE/DATASETS/CodecFake/C2/C2/F02_SSB15750246.wav,2
/USERSPACE/DATASETS/CodecFake/C2/C2/F02_SSB00160463.wav,2
/USERSPACE/DATASETS/CodecFake/C2/C2/F02_SSB07940362.wav,2
/USERSPACE/DATASETS/CodecFake/C2/C2/F02_SSB15670376.wav,2
/USERSPACE/DATASETS/CodecFake/C2/C2/F02_SSB06060405.wav,2
/USERSPACE/DATASETS/CodecFake/C2/C2/F02_p226_276.wav,2
/USERSPACE/DATASETS/CodecFake/C2/C2/F02_p238_183.wav,2
/USERSPACE/DATASETS/CodecFake/C2/C2/F02_SSB06290021.wav,2
/USERSPACE/DATASETS/CodecFake/C2/C2/F02_SSB09130317.wav,2
/USERSPACE/DATASETS/CodecFake/C2/C2/F02_SSB16840340.wav,2
/USERSPACE/DATASETS/CodecFake/C2/C2/F02_SSB00180417.wav,2
/USERSPACE/DATASETS/CodecFake/C2/C2/F02_p347_408.wav,2
/USERSPACE/DATASETS/CodecFake/C2/C2/F02_SSB17110399.wav,2
/USERSPACE/DATASETS/CodecFake/C2/C2/F02_SSB07200436.wav,2
/USERSPACE/DATASETS/CodecFake/C2/C2/F02_SSB04350127.wav,2
/USERSPACE/DATASETS/CodecFake/C2/C2/F02_p294_335.wav,2
/USERSPACE/DATASETS/CodecFake/C2/C2/F02_p351_145.wav,2
/USERSPACE/DATASETS/CodecFake/C2/C2/F02_SSB12530182.wav,2
/USERSPACE/DATASETS/CodecFake/C2/C2/F02_SSB02000104.wav,2
/USERSPACE/DATASETS/CodecFake/C2/C2/F02_p230_310.wav,2
/USERSPACE/DATASETS/CodecFake/C2/C2/F02_SSB00430265.wav,2
/USERSPACE/DATASETS/CodecFake/C2/C2/F02_p376_100.wav,2
/USERSPACE/DATASETS/CodecFake/C2/C2/F02_SSB11260209.wav,2
/USERSPACE/DATASETS/CodecFake/C2/C2/F02_p294_178.wav,2
/USERSPACE/DATASETS/CodecFake/C2/C2/F02_p237_047.wav,2
/USERSPACE/DATASETS/CodecFake/C2/C2/F02_p264_347.wav,2
/USERSPACE/DATASETS/CodecFake/C2/C2/F02_p339_388.wav,2
/USERSPACE/DATASETS/CodecFake/C2/C2/F02_p244_030.wav,2
/USERSPACE/DATASETS/CodecFake/C2/C2/F02_SSB03410052.wav,2
/USERSPACE/DATASETS/CodecFake/C2/C2/F02_p330_339.wav,2
/USERSPACE/DATASETS/CodecFake/C2/C2/F02_SSB07000106.wav,2
/USERSPACE/DATASETS/CodecFake/C2/C2/F02_SSB01390363.wav,2
/USERSPACE/DATASETS/CodecFake/C2/C2/F02_p231_358.wav,2
/USERSPACE/DATASETS/CodecFake/C2/C2/F02_SSB09870377.wav,2
/USERSPACE/DATASETS/CodecFake/C2/C2/F02_p339_024.wav,2
/USERSPACE/DATASETS/CodecFake/C2/C2/F02_SSB03820232.wav,2
/USERSPACE/DATASETS/CodecFake/C2/C2/F02_p276_181.wav,2
/USERSPACE/DATASETS/CodecFake/C2/C2/F02_SSB05940190.wav,2
/USERSPACE/DATASETS/CodecFake/C2/C2/F02_SSB04700342.wav,2
/USERSPACE/DATASETS/CodecFake/C2/C2/F02_p364_124.wav,2
/USERSPACE/DATASETS/CodecFake/C2/C2/F02_SSB06230485.wav,2
/USERSPACE/DATASETS/CodecFake/C2/C2/F02_p268_045.wav,2
/USERSPACE/DATASETS/CodecFake/C2/C2/F02_SSB10560397.wav,2
/USERSPACE/DATASETS/CodecFake/C2/C2/F02_p246_096.wav,2
/USERSPACE/DATASETS/CodecFake/C2/C2/F02_SSB04150217.wav,2
/USERSPACE/DATASETS/CodecFake/C2/C2/F02_SSB18780305.wav,2
/USERSPACE/DATASETS/CodecFake/C2/C2/F02_SSB01390337.wav,2
/USERSPACE/DATASETS/CodecFake/C2/C2/F02_SSB18370258.wav,2
/USERSPACE/DATASETS/CodecFake/C2/C2/F02_SSB04700483.wav,2
/USERSPACE/DATASETS/CodecFake/C2/C2/F02_p227_320.wav,2
/USERSPACE/DATASETS/CodecFake/C2/C2/F02_p270_316.wav,2
/USERSPACE/DATASETS/CodecFake/C2/C2/F02_p239_257.wav,2
/USERSPACE/DATASETS/CodecFake/C2/C2/F02_SSB00180095.wav,2
/USERSPACE/DATASETS/CodecFake/C2/C2/F02_SSB10640347.wav,2
/USERSPACE/DATASETS/CodecFake/C2/C2/F02_SSB05650449.wav,2
/USERSPACE/DATASETS/CodecFake/C2/C2/F02_SSB00110205.wav,2
/USERSPACE/DATASETS/CodecFake/C2/C2/F02_p230_383.wav,2
/USERSPACE/DATASETS/CodecFake/C2/C2/F02_SSB16700029.wav,2
/USERSPACE/DATASETS/CodecFake/C2/C2/F02_SSB18910414.wav,2
/USERSPACE/DATASETS/CodecFake/C2/C2/F02_SSB15670338.wav,2
/USERSPACE/DATASETS/CodecFake/C2/C2/F02_SSB06070436.wav,2
/USERSPACE/DATASETS/CodecFake/C2/C2/F02_p364_078.wav,2
/USERSPACE/DATASETS/CodecFake/C2/C2/F02_SSB10200438.wav,2
/USERSPACE/DATASETS/CodecFake/C2/C2/F02_SSB12210460.wav,2
/USERSPACE/DATASETS/CodecFake/C2/C2/F02_p225_083.wav,2
/USERSPACE/DATASETS/CodecFake/C2/C2/F02_SSB12530394.wav,2
/USERSPACE/DATASETS/CodecFake/C2/C2/F02_p258_137.wav,2
/USERSPACE/DATASETS/CodecFake/C2/C2/F02_SSB06060105.wav,2
/USERSPACE/DATASETS/CodecFake/C2/C2/F02_p317_212.wav,2
/USERSPACE/DATASETS/CodecFake/C2/C2/F02_p341_089.wav,2
/USERSPACE/DATASETS/CodecFake/C2/C2/F02_SSB16860197.wav,2
/USERSPACE/DATASETS/CodecFake/C2/C2/F02_SSB12740454.wav,2
/USERSPACE/DATASETS/CodecFake/C2/C2/F02_SSB13770450.wav,2
/USERSPACE/DATASETS/CodecFake/C2/C2/F02_SSB06140492.wav,2
/USERSPACE/DATASETS/CodecFake/C2/C2/F02_SSB10000333.wav,2
/USERSPACE/DATASETS/CodecFake/C2/C2/F02_SSB11870074.wav,2
/USERSPACE/DATASETS/CodecFake/C2/C2/F02_p288_351.wav,2
/USERSPACE/DATASETS/CodecFake/C2/C2/F02_SSB02880212.wav,2
/USERSPACE/DATASETS/CodecFake/C2/C2/F02_SSB04150172.wav,2
/USERSPACE/DATASETS/CodecFake/C2/C2/F02_p275_342.wav,2
/USERSPACE/DATASETS/CodecFake/C2/C2/F02_p277_172.wav,2
/USERSPACE/DATASETS/CodecFake/C2/C2/F02_SSB05350099.wav,2
/USERSPACE/DATASETS/CodecFake/C2/C2/F02_SSB19020204.wav,2
/USERSPACE/DATASETS/CodecFake/C2/C2/F02_SSB02460475.wav,2
/USERSPACE/DATASETS/CodecFake/C2/C2/F02_SSB11350218.wav,2
/USERSPACE/DATASETS/CodecFake/C2/C2/F02_SSB11250287.wav,2
/USERSPACE/DATASETS/CodecFake/C2/C2/F02_SSB05990351.wav,2
/USERSPACE/DATASETS/CodecFake/C2/C2/F02_p329_101.wav,2
/USERSPACE/DATASETS/CodecFake/C2/C2/F02_SSB02880007.wav,2
/USERSPACE/DATASETS/CodecFake/C2/C2/F02_SSB01970237.wav,2
/USERSPACE/DATASETS/CodecFake/C2/C2/F02_SSB19560291.wav,2
/USERSPACE/DATASETS/CodecFake/C2/C2/F02_SSB06010291.wav,2
/USERSPACE/DATASETS/CodecFake/C2/C2/F02_SSB05340140.wav,2
/USERSPACE/DATASETS/CodecFake/C2/C2/F02_p234_231.wav,2
/USERSPACE/DATASETS/CodecFake/C2/C2/F02_SSB06060360.wav,2
/USERSPACE/DATASETS/CodecFake/C2/C2/F02_p285_247.wav,2
/USERSPACE/DATASETS/CodecFake/C2/C2/F02_p238_423.wav,2
/USERSPACE/DATASETS/CodecFake/C2/C2/F02_p285_096.wav,2
/USERSPACE/DATASETS/CodecFake/C2/C2/F02_SSB07100253.wav,2
/USERSPACE/DATASETS/CodecFake/C2/C2/F02_p330_011.wav,2
/USERSPACE/DATASETS/CodecFake/C2/C2/F02_SSB04700117.wav,2
/USERSPACE/DATASETS/CodecFake/C2/C2/F02_SSB02000146.wav,2
/USERSPACE/DATASETS/CodecFake/C2/C2/F02_SSB10020373.wav,2
/USERSPACE/DATASETS/CodecFake/C2/C2/F02_p240_347.wav,2
/USERSPACE/DATASETS/CodecFake/C2/C2/F02_p285_195.wav,2
/USERSPACE/DATASETS/CodecFake/C2/C2/F02_SSB19180387.wav,2
/USERSPACE/DATASETS/CodecFake/C2/C2/F02_p254_350.wav,2
/USERSPACE/DATASETS/CodecFake/C2/C2/F02_p335_226.wav,2
/USERSPACE/DATASETS/CodecFake/C2/C2/F02_p280_254.wav,2
/USERSPACE/DATASETS/CodecFake/C2/C2/F02_SSB13830410.wav,2
/USERSPACE/DATASETS/CodecFake/C2/C2/F02_SSB03540218.wav,2
/USERSPACE/DATASETS/CodecFake/C2/C2/F02_SSB03230092.wav,2
/USERSPACE/DATASETS/CodecFake/C2/C2/F02_p308_316.wav,2
/USERSPACE/DATASETS/CodecFake/C2/C2/F02_SSB13410293.wav,2
/USERSPACE/DATASETS/CodecFake/C2/C2/F02_SSB05020469.wav,2
/USERSPACE/DATASETS/CodecFake/C2/C2/F02_SSB02880296.wav,2
/USERSPACE/DATASETS/CodecFake/C2/C2/F02_SSB03800293.wav,2
/USERSPACE/DATASETS/CodecFake/C2/C2/F02_p304_291.wav,2
/USERSPACE/DATASETS/CodecFake/C2/C2/F02_p333_052.wav,2
/USERSPACE/DATASETS/CodecFake/C2/C2/F02_p239_402.wav,2
/USERSPACE/DATASETS/CodecFake/C2/C2/F02_p305_074.wav,2
/USERSPACE/DATASETS/CodecFake/C2/C2/F02_SSB00090225.wav,2
/USERSPACE/DATASETS/CodecFake/C2/C2/F02_SSB07160158.wav,2
/USERSPACE/DATASETS/CodecFake/C2/C2/F02_SSB15930017.wav,2
/USERSPACE/DATASETS/CodecFake/C2/C2/F02_SSB10720308.wav,2
/USERSPACE/DATASETS/CodecFake/C2/C2/F02_SSB05650347.wav,2
/USERSPACE/DATASETS/CodecFake/C2/C2/F02_p318_060.wav,2
/USERSPACE/DATASETS/CodecFake/C2/C2/F02_p294_171.wav,2
/USERSPACE/DATASETS/CodecFake/C2/C2/F02_SSB18780228.wav,2
/USERSPACE/DATASETS/CodecFake/C2/C2/F02_SSB07200251.wav,2
/USERSPACE/DATASETS/CodecFake/C2/C2/F02_p241_252.wav,2
/USERSPACE/DATASETS/CodecFake/C2/C2/F02_SSB13770222.wav,2
/USERSPACE/DATASETS/CodecFake/C2/C2/F02_p329_346.wav,2
/USERSPACE/DATASETS/CodecFake/C2/C2/F02_SSB10720029.wav,2
/USERSPACE/DATASETS/CodecFake/C2/C2/F02_SSB01390312.wav,2
/USERSPACE/DATASETS/CodecFake/C2/C2/F02_SSB00730164.wav,2
/USERSPACE/DATASETS/CodecFake/C2/C2/F02_p259_236.wav,2
/USERSPACE/DATASETS/CodecFake/C2/C2/F02_SSB01490128.wav,2
/USERSPACE/DATASETS/CodecFake/C2/C2/F02_SSB18910486.wav,2
/USERSPACE/DATASETS/CodecFake/C2/C2/F02_SSB00180322.wav,2
/USERSPACE/DATASETS/CodecFake/C2/C2/F02_p334_268.wav,2
/USERSPACE/DATASETS/CodecFake/C2/C2/F02_SSB06140507.wav,2
/USERSPACE/DATASETS/CodecFake/C2/C2/F02_SSB00050046.wav,2
/USERSPACE/DATASETS/CodecFake/C2/C2/F02_SSB04270190.wav,2
/USERSPACE/DATASETS/CodecFake/C2/C2/F02_SSB07360232.wav,2
/USERSPACE/DATASETS/CodecFake/C2/C2/F02_SSB07490377.wav,2
/USERSPACE/DATASETS/CodecFake/C2/C2/F02_SSB15750317.wav,2
/USERSPACE/DATASETS/CodecFake/C2/C2/F02_SSB19390365.wav,2
/USERSPACE/DATASETS/CodecFake/C2/C2/F02_p265_268.wav,2
/USERSPACE/DATASETS/CodecFake/C2/C2/F02_SSB12040044.wav,2
/USERSPACE/DATASETS/CodecFake/C2/C2/F02_p345_098.wav,2
/USERSPACE/DATASETS/CodecFake/C2/C2/F02_SSB16700050.wav,2
/USERSPACE/DATASETS/CodecFake/C2/C2/F02_SSB13770127.wav,2
/USERSPACE/DATASETS/CodecFake/C2/C2/F02_p341_326.wav,2
/USERSPACE/DATASETS/CodecFake/C2/C2/F02_p280_001.wav,2
/USERSPACE/DATASETS/CodecFake/C2/C2/F02_SSB16250217.wav,2
/USERSPACE/DATASETS/CodecFake/C2/C2/F02_SSB03540283.wav,2
/USERSPACE/DATASETS/CodecFake/C2/C2/F02_p306_130.wav,2
/USERSPACE/DATASETS/CodecFake/C2/C2/F02_p281_284.wav,2
/USERSPACE/DATASETS/CodecFake/C2/C2/F02_p276_416.wav,2
/USERSPACE/DATASETS/CodecFake/C2/C2/F02_SSB00050098.wav,2
/USERSPACE/DATASETS/CodecFake/C2/C2/F02_p261_394.wav,2
/USERSPACE/DATASETS/CodecFake/C2/C2/F02_SSB15850416.wav,2
/USERSPACE/DATASETS/CodecFake/C2/C2/F02_SSB18310202.wav,2
/USERSPACE/DATASETS/CodecFake/C2/C2/F02_p339_367.wav,2
/USERSPACE/DATASETS/CodecFake/C2/C2/F02_SSB00160327.wav,2
/USERSPACE/DATASETS/CodecFake/C2/C2/F02_SSB03940441.wav,2
/USERSPACE/DATASETS/CodecFake/C2/C2/F02_SSB11760001.wav,2
/USERSPACE/DATASETS/CodecFake/C2/C2/F02_p297_023.wav,2
/USERSPACE/DATASETS/CodecFake/C2/C2/F02_SSB09190444.wav,2
/USERSPACE/DATASETS/CodecFake/C2/C2/F02_SSB06010310.wav,2
/USERSPACE/DATASETS/CodecFake/C2/C2/F02_SSB07860330.wav,2
/USERSPACE/DATASETS/CodecFake/C2/C2/F02_SSB00050235.wav,2
/USERSPACE/DATASETS/CodecFake/C2/C2/F02_SSB16070140.wav,2
/USERSPACE/DATASETS/CodecFake/C2/C2/F02_SSB03930092.wav,2
/USERSPACE/DATASETS/CodecFake/C2/C2/F02_p364_168.wav,2
/USERSPACE/DATASETS/CodecFake/C2/C2/F02_p268_256.wav,2
/USERSPACE/DATASETS/CodecFake/C2/C2/F02_p329_347.wav,2
/USERSPACE/DATASETS/CodecFake/C2/C2/F02_SSB16860215.wav,2
/USERSPACE/DATASETS/CodecFake/C2/C2/F02_p227_053.wav,2
/USERSPACE/DATASETS/CodecFake/C2/C2/F02_SSB02990340.wav,2
/USERSPACE/DATASETS/CodecFake/C2/C2/F02_SSB02730202.wav,2
/USERSPACE/DATASETS/CodecFake/C2/C2/F02_SSB07460315.wav,2
/USERSPACE/DATASETS/CodecFake/C2/C2/F02_p297_229.wav,2
/USERSPACE/DATASETS/CodecFake/C2/C2/F02_SSB03090131.wav,2
/USERSPACE/DATASETS/CodecFake/C2/C2/F02_SSB04150030.wav,2
/USERSPACE/DATASETS/CodecFake/C2/C2/F02_SSB08090397.wav,2
/USERSPACE/DATASETS/CodecFake/C2/C2/F02_p239_283.wav,2
/USERSPACE/DATASETS/CodecFake/C2/C2/F02_p333_058.wav,2
/USERSPACE/DATASETS/CodecFake/C2/C2/F02_SSB00110466.wav,2
/USERSPACE/DATASETS/CodecFake/C2/C2/F02_SSB11260001.wav,2
/USERSPACE/DATASETS/CodecFake/C2/C2/F02_SSB02000391.wav,2
/USERSPACE/DATASETS/CodecFake/C2/C2/F02_p317_279.wav,2
/USERSPACE/DATASETS/CodecFake/C2/C2/F02_p360_103.wav,2
/USERSPACE/DATASETS/CodecFake/C2/C2/F02_SSB12040170.wav,2
/USERSPACE/DATASETS/CodecFake/C2/C2/F02_SSB04260123.wav,2
/USERSPACE/DATASETS/CodecFake/C2/C2/F02_SSB10910446.wav,2
/USERSPACE/DATASETS/CodecFake/C2/C2/F02_SSB02670355.wav,2
/USERSPACE/DATASETS/CodecFake/C2/C2/F02_SSB08710162.wav,2
/USERSPACE/DATASETS/CodecFake/C2/C2/F02_SSB07000073.wav,2
/USERSPACE/DATASETS/CodecFake/C2/C2/F02_SSB07360460.wav,2
/USERSPACE/DATASETS/CodecFake/C2/C2/F02_p282_116.wav,2
/USERSPACE/DATASETS/CodecFake/C2/C2/F02_p238_428.wav,2
/USERSPACE/DATASETS/CodecFake/C2/C2/F02_SSB07460073.wav,2
/USERSPACE/DATASETS/CodecFake/C2/C2/F02_SSB09130395.wav,2
/USERSPACE/DATASETS/CodecFake/C2/C2/F02_SSB16700127.wav,2
/USERSPACE/DATASETS/CodecFake/C2/C2/F02_p274_456.wav,2
/USERSPACE/DATASETS/CodecFake/C2/C2/F02_p247_066.wav,2
/USERSPACE/DATASETS/CodecFake/C2/C2/F02_SSB17110015.wav,2
/USERSPACE/DATASETS/CodecFake/C2/C2/F02_SSB07600225.wav,2
/USERSPACE/DATASETS/CodecFake/C2/C2/F02_SSB07860241.wav,2
/USERSPACE/DATASETS/CodecFake/C2/C2/F02_SSB06030193.wav,2
/USERSPACE/DATASETS/CodecFake/C2/C2/F02_SSB18720248.wav,2
/USERSPACE/DATASETS/CodecFake/C2/C2/F02_SSB00180347.wav,2
/USERSPACE/DATASETS/CodecFake/C2/C2/F02_p295_035.wav,2
/USERSPACE/DATASETS/CodecFake/C2/C2/F02_p266_222.wav,2
/USERSPACE/DATASETS/CodecFake/C2/C2/F02_p299_393.wav,2
/USERSPACE/DATASETS/CodecFake/C2/C2/F02_p236_124.wav,2
/USERSPACE/DATASETS/CodecFake/C2/C2/F02_SSB04350171.wav,2
/USERSPACE/DATASETS/CodecFake/C2/C2/F02_p286_140.wav,2
/USERSPACE/DATASETS/CodecFake/C2/C2/F02_SSB18720058.wav,2
/USERSPACE/DATASETS/CodecFake/C2/C2/F02_SSB11970149.wav,2
/USERSPACE/DATASETS/CodecFake/C2/C2/F02_SSB06140424.wav,2
/USERSPACE/DATASETS/CodecFake/C2/C2/F02_SSB01930499.wav,2
/USERSPACE/DATASETS/CodecFake/C2/C2/F02_p278_126.wav,2
/USERSPACE/DATASETS/CodecFake/C2/C2/F02_SSB16250377.wav,2
/USERSPACE/DATASETS/CodecFake/C2/C2/F02_SSB13850334.wav,2
/USERSPACE/DATASETS/CodecFake/C2/C2/F02_SSB10560111.wav,2
/USERSPACE/DATASETS/CodecFake/C2/C2/F02_p292_370.wav,2
/USERSPACE/DATASETS/CodecFake/C2/C2/F02_SSB07490505.wav,2
/USERSPACE/DATASETS/CodecFake/C2/C2/F02_p314_121.wav,2
/USERSPACE/DATASETS/CodecFake/C2/C2/F02_SSB09660274.wav,2
/USERSPACE/DATASETS/CodecFake/C2/C2/F02_SSB10720303.wav,2
/USERSPACE/DATASETS/CodecFake/C2/C2/F02_SSB18280098.wav,2
/USERSPACE/DATASETS/CodecFake/C2/C2/F02_p303_158.wav,2
/USERSPACE/DATASETS/CodecFake/C2/C2/F02_p335_140.wav,2
/USERSPACE/DATASETS/CodecFake/C2/C2/F02_p259_017.wav,2
/USERSPACE/DATASETS/CodecFake/C2/C2/F02_SSB05900480.wav,2
/USERSPACE/DATASETS/CodecFake/C2/C2/F02_SSB01490276.wav,2
/USERSPACE/DATASETS/CodecFake/C2/C2/F02_p244_180.wav,2
/USERSPACE/DATASETS/CodecFake/C2/C2/F02_p278_160.wav,2
/USERSPACE/DATASETS/CodecFake/C2/C2/F02_SSB13280453.wav,2
/USERSPACE/DATASETS/CodecFake/C2/C2/F02_SSB11260317.wav,2
/USERSPACE/DATASETS/CodecFake/C2/C2/F02_SSB04340185.wav,2
/USERSPACE/DATASETS/CodecFake/C2/C2/F02_SSB06010374.wav,2
/USERSPACE/DATASETS/CodecFake/C2/C2/F02_SSB12030065.wav,2
/USERSPACE/DATASETS/CodecFake/C2/C2/F02_SSB10200391.wav,2
/USERSPACE/DATASETS/CodecFake/C2/C2/F02_SSB01450432.wav,2
/USERSPACE/DATASETS/CodecFake/C2/C2/F02_p316_080.wav,2
/USERSPACE/DATASETS/CodecFake/C2/C2/F02_SSB03160212.wav,2
/USERSPACE/DATASETS/CodecFake/C2/C2/F02_p237_300.wav,2
/USERSPACE/DATASETS/CodecFake/C2/C2/F02_p351_400.wav,2
/USERSPACE/DATASETS/CodecFake/C2/C2/F02_SSB07620272.wav,2
/USERSPACE/DATASETS/CodecFake/C2/C2/F02_SSB06090326.wav,2
/USERSPACE/DATASETS/CodecFake/C2/C2/F02_p281_391.wav,2
/USERSPACE/DATASETS/CodecFake/C2/C2/F02_SSB04070382.wav,2
/USERSPACE/DATASETS/CodecFake/C2/C2/F02_SSB11310253.wav,2
/USERSPACE/DATASETS/CodecFake/C2/C2/F02_SSB04350156.wav,2
/USERSPACE/DATASETS/CodecFake/C2/C2/F02_SSB11080057.wav,2
/USERSPACE/DATASETS/CodecFake/C2/C2/F02_SSB10640495.wav,2
/USERSPACE/DATASETS/CodecFake/C2/C2/F02_p263_288.wav,2
/USERSPACE/DATASETS/CodecFake/C2/C2/F02_SSB11260229.wav,2
/USERSPACE/DATASETS/CodecFake/C2/C2/F02_p300_038.wav,2
/USERSPACE/DATASETS/CodecFake/C2/C2/F02_SSB01330293.wav,2
/USERSPACE/DATASETS/CodecFake/C2/C2/F02_p282_245.wav,2
/USERSPACE/DATASETS/CodecFake/C2/C2/F02_SSB00090082.wav,2
/USERSPACE/DATASETS/CodecFake/C2/C2/F02_SSB18060497.wav,2
/USERSPACE/DATASETS/CodecFake/C2/C2/F02_p247_293.wav,2
/USERSPACE/DATASETS/CodecFake/C2/C2/F02_SSB09660300.wav,2
/USERSPACE/DATASETS/CodecFake/C2/C2/F02_SSB16860087.wav,2
/USERSPACE/DATASETS/CodecFake/C2/C2/F02_p275_104.wav,2
/USERSPACE/DATASETS/CodecFake/C2/C2/F02_SSB18320062.wav,2
/USERSPACE/DATASETS/CodecFake/C2/C2/F02_SSB07100247.wav,2
/USERSPACE/DATASETS/CodecFake/C2/C2/F02_SSB00330392.wav,2
/USERSPACE/DATASETS/CodecFake/C2/C2/F02_p262_086.wav,2
/USERSPACE/DATASETS/CodecFake/C2/C2/F02_SSB10200324.wav,2
/USERSPACE/DATASETS/CodecFake/C2/C2/F02_SSB06290421.wav,2
/USERSPACE/DATASETS/CodecFake/C2/C2/F02_p250_266.wav,2
/USERSPACE/DATASETS/CodecFake/C2/C2/F02_p334_407.wav,2
/USERSPACE/DATASETS/CodecFake/C2/C2/F02_SSB11610074.wav,2
/USERSPACE/DATASETS/CodecFake/C2/C2/F02_SSB05940360.wav,2
/USERSPACE/DATASETS/CodecFake/C2/C2/F02_SSB07110411.wav,2
/USERSPACE/DATASETS/CodecFake/C2/C2/F02_p287_408.wav,2
/USERSPACE/DATASETS/CodecFake/C2/C2/F02_SSB00090095.wav,2
/USERSPACE/DATASETS/CodecFake/C2/C2/F02_p376_111.wav,2
/USERSPACE/DATASETS/CodecFake/C2/C2/F02_p264_312.wav,2
/USERSPACE/DATASETS/CodecFake/C2/C2/F02_SSB01220056.wav,2
/USERSPACE/DATASETS/CodecFake/C2/C2/F02_p267_083.wav,2
/USERSPACE/DATASETS/CodecFake/C2/C2/F02_p274_240.wav,2
/USERSPACE/DATASETS/CodecFake/C2/C2/F02_SSB18090248.wav,2
/USERSPACE/DATASETS/CodecFake/C2/C2/F02_SSB06860204.wav,2
/USERSPACE/DATASETS/CodecFake/C2/C2/F02_p226_318.wav,2
/USERSPACE/DATASETS/CodecFake/C2/C2/F02_SSB10640297.wav,2
/USERSPACE/DATASETS/CodecFake/C2/C2/F02_SSB06660125.wav,2
/USERSPACE/DATASETS/CodecFake/C2/C2/F02_SSB07170355.wav,2
/USERSPACE/DATASETS/CodecFake/C2/C2/F02_SSB06310059.wav,2
/USERSPACE/DATASETS/CodecFake/C2/C2/F02_SSB12190050.wav,2
/USERSPACE/DATASETS/CodecFake/C2/C2/F02_SSB09930055.wav,2
/USERSPACE/DATASETS/CodecFake/C2/C2/F02_SSB16500372.wav,2
/USERSPACE/DATASETS/CodecFake/C2/C2/F02_SSB09970312.wav,2
/USERSPACE/DATASETS/CodecFake/C2/C2/F02_SSB00380248.wav,2
/USERSPACE/DATASETS/CodecFake/C2/C2/F02_SSB18320066.wav,2
/USERSPACE/DATASETS/CodecFake/C2/C2/F02_SSB18370358.wav,2
/USERSPACE/DATASETS/CodecFake/C2/C2/F02_SSB07230100.wav,2
/USERSPACE/DATASETS/CodecFake/C2/C2/F02_p363_099.wav,2
/USERSPACE/DATASETS/CodecFake/C2/C2/F02_p253_107.wav,2
/USERSPACE/DATASETS/CodecFake/C2/C2/F02_p236_020.wav,2
/USERSPACE/DATASETS/CodecFake/C2/C2/F02_SSB04350507.wav,2
/USERSPACE/DATASETS/CodecFake/C2/C2/F02_SSB06660415.wav,2
/USERSPACE/DATASETS/CodecFake/C2/C2/F02_SSB07840374.wav,2
/USERSPACE/DATASETS/CodecFake/C2/C2/F02_SSB14480111.wav,2
/USERSPACE/DATASETS/CodecFake/C2/C2/F02_SSB03420326.wav,2
/USERSPACE/DATASETS/CodecFake/C2/C2/F02_SSB14480262.wav,2
/USERSPACE/DATASETS/CodecFake/C2/C2/F02_SSB05440037.wav,2
/USERSPACE/DATASETS/CodecFake/C2/C2/F02_SSB08170375.wav,2
/USERSPACE/DATASETS/CodecFake/C2/C2/F02_SSB05990436.wav,2
/USERSPACE/DATASETS/CodecFake/C2/C2/F02_SSB18630125.wav,2
/USERSPACE/DATASETS/CodecFake/C2/C2/F02_SSB16500257.wav,2
/USERSPACE/DATASETS/CodecFake/C2/C2/F02_SSB02460193.wav,2
/USERSPACE/DATASETS/CodecFake/C2/C2/F02_SSB02410389.wav,2
/USERSPACE/DATASETS/CodecFake/C2/C2/F02_SSB13920341.wav,2
/USERSPACE/DATASETS/CodecFake/C2/C2/F02_SSB01450424.wav,2
/USERSPACE/DATASETS/CodecFake/C2/C2/F02_SSB06860181.wav,2
/USERSPACE/DATASETS/CodecFake/C2/C2/F02_SSB11000496.wav,2
/USERSPACE/DATASETS/CodecFake/C2/C2/F02_SSB11150110.wav,2
/USERSPACE/DATASETS/CodecFake/C2/C2/F02_p250_226.wav,2
/USERSPACE/DATASETS/CodecFake/C2/C2/F02_p265_072.wav,2
/USERSPACE/DATASETS/CodecFake/C2/C2/F02_SSB05880421.wav,2
/USERSPACE/DATASETS/CodecFake/C2/C2/F02_SSB07510400.wav,2
/USERSPACE/DATASETS/CodecFake/C2/C2/F02_p362_040.wav,2
/USERSPACE/DATASETS/CodecFake/C2/C2/F02_p278_056.wav,2
/USERSPACE/DATASETS/CodecFake/C2/C2/F02_p256_118.wav,2
/USERSPACE/DATASETS/CodecFake/C2/C2/F02_SSB19560041.wav,2
/USERSPACE/DATASETS/CodecFake/C2/C2/F02_SSB03950059.wav,2
/USERSPACE/DATASETS/CodecFake/C2/C2/F02_p246_145.wav,2
/USERSPACE/DATASETS/CodecFake/C2/C2/F02_SSB19020015.wav,2
/USERSPACE/DATASETS/CodecFake/C2/C2/F02_SSB13660479.wav,2
/USERSPACE/DATASETS/CodecFake/C2/C2/F02_p230_052.wav,2
/USERSPACE/DATASETS/CodecFake/C2/C2/F02_p230_400.wav,2
/USERSPACE/DATASETS/CodecFake/C2/C2/F02_SSB03820181.wav,2
/USERSPACE/DATASETS/CodecFake/C2/C2/F02_SSB19390217.wav,2
/USERSPACE/DATASETS/CodecFake/C2/C2/F02_p228_214.wav,2
/USERSPACE/DATASETS/CodecFake/C2/C2/F02_p304_017.wav,2
/USERSPACE/DATASETS/CodecFake/C2/C2/F02_SSB13220228.wav,2
/USERSPACE/DATASETS/CodecFake/C2/C2/F02_p234_303.wav,2
/USERSPACE/DATASETS/CodecFake/C2/C2/F02_p238_456.wav,2
/USERSPACE/DATASETS/CodecFake/C2/C2/F02_SSB15550057.wav,2
/USERSPACE/DATASETS/CodecFake/C2/C2/F02_SSB10720317.wav,2
/USERSPACE/DATASETS/CodecFake/C2/C2/F02_p276_356.wav,2
/USERSPACE/DATASETS/CodecFake/C2/C2/F02_SSB12740056.wav,2
/USERSPACE/DATASETS/CodecFake/C2/C2/F02_SSB15630009.wav,2
/USERSPACE/DATASETS/CodecFake/C2/C2/F02_SSB19560327.wav,2
/USERSPACE/DATASETS/CodecFake/C2/C2/F02_p255_284.wav,2
/USERSPACE/DATASETS/CodecFake/C2/C2/F02_p274_009.wav,2
/USERSPACE/DATASETS/CodecFake/C2/C2/F02_SSB02730096.wav,2
/USERSPACE/DATASETS/CodecFake/C2/C2/F02_SSB06060230.wav,2
/USERSPACE/DATASETS/CodecFake/C2/C2/F02_SSB06320096.wav,2
/USERSPACE/DATASETS/CodecFake/C2/C2/F02_SSB07800003.wav,2
/USERSPACE/DATASETS/CodecFake/C2/C2/F02_SSB19180254.wav,2
/USERSPACE/DATASETS/CodecFake/C2/C2/F02_SSB16500146.wav,2
/USERSPACE/DATASETS/CodecFake/C2/C2/F02_p300_335.wav,2
/USERSPACE/DATASETS/CodecFake/C2/C2/F02_SSB03750421.wav,2
/USERSPACE/DATASETS/CodecFake/C2/C2/F02_p313_010.wav,2
/USERSPACE/DATASETS/CodecFake/C2/C2/F02_SSB18060313.wav,2
/USERSPACE/DATASETS/CodecFake/C2/C2/F02_SSB15630426.wav,2
/USERSPACE/DATASETS/CodecFake/C2/C2/F02_p315_309.wav,2
/USERSPACE/DATASETS/CodecFake/C2/C2/F02_p292_285.wav,2
/USERSPACE/DATASETS/CodecFake/C2/C2/F02_SSB03420219.wav,2
/USERSPACE/DATASETS/CodecFake/C2/C2/F02_SSB05020054.wav,2
/USERSPACE/DATASETS/CodecFake/C2/C2/F02_p243_167.wav,2
/USERSPACE/DATASETS/CodecFake/C2/C2/F02_SSB19390105.wav,2
/USERSPACE/DATASETS/CodecFake/C2/C2/F02_p267_245.wav,2
/USERSPACE/DATASETS/CodecFake/C2/C2/F02_SSB10000236.wav,2
/USERSPACE/DATASETS/CodecFake/C2/C2/F02_SSB02460355.wav,2
/USERSPACE/DATASETS/CodecFake/C2/C2/F02_SSB07460011.wav,2
/USERSPACE/DATASETS/CodecFake/C2/C2/F02_p238_067.wav,2
/USERSPACE/DATASETS/CodecFake/C2/C2/F02_SSB11350169.wav,2
/USERSPACE/DATASETS/CodecFake/C2/C2/F02_SSB19390268.wav,2
/USERSPACE/DATASETS/CodecFake/C2/C2/F02_SSB16860351.wav,2
/USERSPACE/DATASETS/CodecFake/C2/C2/F02_SSB07860134.wav,2
/USERSPACE/DATASETS/CodecFake/C2/C2/F02_p329_193.wav,2
/USERSPACE/DATASETS/CodecFake/C2/C2/F02_SSB18280283.wav,2
/USERSPACE/DATASETS/CodecFake/C2/C2/F02_p280_189.wav,2
/USERSPACE/DATASETS/CodecFake/C2/C2/F02_p333_031.wav,2
/USERSPACE/DATASETS/CodecFake/C2/C2/F02_p274_162.wav,2
/USERSPACE/DATASETS/CodecFake/C2/C2/F02_SSB11150124.wav,2
/USERSPACE/DATASETS/CodecFake/C2/C2/F02_SSB03940339.wav,2
/USERSPACE/DATASETS/CodecFake/C2/C2/F02_SSB12210420.wav,2
/USERSPACE/DATASETS/CodecFake/C2/C2/F02_SSB04350138.wav,2
/USERSPACE/DATASETS/CodecFake/C2/C2/F02_p311_406.wav,2
/USERSPACE/DATASETS/CodecFake/C2/C2/F02_SSB03410472.wav,2
/USERSPACE/DATASETS/CodecFake/C2/C2/F02_p285_201.wav,2
/USERSPACE/DATASETS/CodecFake/C2/C2/F02_p364_073.wav,2
/USERSPACE/DATASETS/CodecFake/C2/C2/F02_p323_003.wav,2
/USERSPACE/DATASETS/CodecFake/C2/C2/F02_p239_221.wav,2
/USERSPACE/DATASETS/CodecFake/C2/C2/F02_p283_014.wav,2
/USERSPACE/DATASETS/CodecFake/C2/C2/F02_SSB06030444.wav,2
/USERSPACE/DATASETS/CodecFake/C2/C2/F02_SSB15750013.wav,2
/USERSPACE/DATASETS/CodecFake/C2/C2/F02_SSB15670115.wav,2
/USERSPACE/DATASETS/CodecFake/C2/C2/F02_p245_349.wav,2
/USERSPACE/DATASETS/CodecFake/C2/C2/F02_SSB03380053.wav,2
/USERSPACE/DATASETS/CodecFake/C2/C2/F02_SSB17810219.wav,2
/USERSPACE/DATASETS/CodecFake/C2/C2/F02_SSB05650051.wav,2
/USERSPACE/DATASETS/CodecFake/C2/C2/F02_SSB06060375.wav,2
/USERSPACE/DATASETS/CodecFake/C2/C2/F02_p292_197.wav,2
/USERSPACE/DATASETS/CodecFake/C2/C2/F02_SSB03380472.wav,2
/USERSPACE/DATASETS/CodecFake/C2/C2/F02_SSB07490018.wav,2
/USERSPACE/DATASETS/CodecFake/C2/C2/F02_p228_107.wav,2
/USERSPACE/DATASETS/CodecFake/C2/C2/F02_SSB10240027.wav,2
/USERSPACE/DATASETS/CodecFake/C2/C2/F02_SSB12190241.wav,2
/USERSPACE/DATASETS/CodecFake/C2/C2/F02_SSB07860391.wav,2
/USERSPACE/DATASETS/CodecFake/C2/C2/F02_p270_228.wav,2
/USERSPACE/DATASETS/CodecFake/C2/C2/F02_SSB02870430.wav,2
/USERSPACE/DATASETS/CodecFake/C2/C2/F02_SSB19180428.wav,2
/USERSPACE/DATASETS/CodecFake/C2/C2/F02_SSB11150480.wav,2
/USERSPACE/DATASETS/CodecFake/C2/C2/F02_SSB07580246.wav,2
/USERSPACE/DATASETS/CodecFake/C2/C2/F02_p233_135.wav,2
/USERSPACE/DATASETS/CodecFake/C2/C2/F02_SSB13410443.wav,2
/USERSPACE/DATASETS/CodecFake/C2/C2/F02_SSB06930483.wav,2
/USERSPACE/DATASETS/CodecFake/C2/C2/F02_SSB19180306.wav,2
/USERSPACE/DATASETS/CodecFake/C2/C2/F02_p234_244.wav,2
/USERSPACE/DATASETS/CodecFake/C2/C2/F02_SSB11260337.wav,2
/USERSPACE/DATASETS/CodecFake/C2/C2/F02_SSB16250414.wav,2
/USERSPACE/DATASETS/CodecFake/C2/C2/F02_SSB14370258.wav,2
/USERSPACE/DATASETS/CodecFake/C2/C2/F02_SSB01930357.wav,2
/USERSPACE/DATASETS/CodecFake/C2/C2/F02_p282_126.wav,2
/USERSPACE/DATASETS/CodecFake/C2/C2/F02_SSB12740030.wav,2
/USERSPACE/DATASETS/CodecFake/C2/C2/F02_SSB10640013.wav,2
/USERSPACE/DATASETS/CodecFake/C2/C2/F02_SSB07860343.wav,2
/USERSPACE/DATASETS/CodecFake/C2/C2/F02_p240_160.wav,2
/USERSPACE/DATASETS/CodecFake/C2/C2/F02_SSB09150065.wav,2
/USERSPACE/DATASETS/CodecFake/C2/C2/F02_p305_359.wav,2
/USERSPACE/DATASETS/CodecFake/C2/C2/F02_SSB07360280.wav,2
/USERSPACE/DATASETS/CodecFake/C2/C2/F02_SSB04350027.wav,2
/USERSPACE/DATASETS/CodecFake/C2/C2/F02_p270_235.wav,2
/USERSPACE/DATASETS/CodecFake/C2/C2/F02_SSB12740384.wav,2
/USERSPACE/DATASETS/CodecFake/C2/C2/F02_p326_088.wav,2
/USERSPACE/DATASETS/CodecFake/C2/C2/F02_SSB16700354.wav,2
/USERSPACE/DATASETS/CodecFake/C2/C2/F02_SSB09150100.wav,2
/USERSPACE/DATASETS/CodecFake/C2/C2/F02_p270_406.wav,2
/USERSPACE/DATASETS/CodecFake/C2/C2/F02_SSB07480068.wav,2
/USERSPACE/DATASETS/CodecFake/C2/C2/F02_SSB07110018.wav,2
/USERSPACE/DATASETS/CodecFake/C2/C2/F02_p262_223.wav,2
/USERSPACE/DATASETS/CodecFake/C2/C2/F02_SSB03750049.wav,2
/USERSPACE/DATASETS/CodecFake/C2/C2/F02_SSB13220077.wav,2
/USERSPACE/DATASETS/CodecFake/C2/C2/F02_SSB06230149.wav,2
/USERSPACE/DATASETS/CodecFake/C2/C2/F02_SSB07000234.wav,2
/USERSPACE/DATASETS/CodecFake/C2/C2/F02_SSB07170357.wav,2
/USERSPACE/DATASETS/CodecFake/C2/C2/F02_SSB17820148.wav,2
/USERSPACE/DATASETS/CodecFake/C2/C2/F02_SSB13200081.wav,2
/USERSPACE/DATASETS/CodecFake/C2/C2/F02_SSB04340233.wav,2
/USERSPACE/DATASETS/CodecFake/C2/C2/F02_p318_201.wav,2
/USERSPACE/DATASETS/CodecFake/C2/C2/F02_SSB08510189.wav,2
/USERSPACE/DATASETS/CodecFake/C2/C2/F02_SSB16240366.wav,2
/USERSPACE/DATASETS/CodecFake/C2/C2/F02_SSB03420479.wav,2
/USERSPACE/DATASETS/CodecFake/C2/C2/F02_p374_121.wav,2
/USERSPACE/DATASETS/CodecFake/C2/C2/F02_SSB18060278.wav,2
/USERSPACE/DATASETS/CodecFake/C2/C2/F02_p274_271.wav,2
/USERSPACE/DATASETS/CodecFake/C2/C2/F02_p284_286.wav,2
/USERSPACE/DATASETS/CodecFake/C2/C2/F02_SSB02730128.wav,2
/USERSPACE/DATASETS/CodecFake/C2/C2/F02_SSB05990375.wav,2
/USERSPACE/DATASETS/CodecFake/C2/C2/F02_SSB03390337.wav,2
/USERSPACE/DATASETS/CodecFake/C2/C2/F02_SSB16860121.wav,2
/USERSPACE/DATASETS/CodecFake/C2/C2/F02_SSB07100324.wav,2
/USERSPACE/DATASETS/CodecFake/C2/C2/F02_p374_034.wav,2
/USERSPACE/DATASETS/CodecFake/C2/C2/F02_SSB15630425.wav,2
/USERSPACE/DATASETS/CodecFake/C2/C2/F02_p274_451.wav,2
/USERSPACE/DATASETS/CodecFake/C2/C2/F02_SSB05900228.wav,2
/USERSPACE/DATASETS/CodecFake/C2/C2/F02_SSB02880304.wav,2
/USERSPACE/DATASETS/CodecFake/C2/C2/F02_SSB13220335.wav,2
/USERSPACE/DATASETS/CodecFake/C2/C2/F02_SSB03800231.wav,2
/USERSPACE/DATASETS/CodecFake/C2/C2/F02_p239_100.wav,2
/USERSPACE/DATASETS/CodecFake/C2/C2/F02_p294_185.wav,2
/USERSPACE/DATASETS/CodecFake/C2/C2/F02_p260_180.wav,2
/USERSPACE/DATASETS/CodecFake/C2/C2/F02_SSB09190101.wav,2
/USERSPACE/DATASETS/CodecFake/C2/C2/F02_p347_058.wav,2
/USERSPACE/DATASETS/CodecFake/C2/C2/F02_p240_008.wav,2
/USERSPACE/DATASETS/CodecFake/C2/C2/F02_p267_164.wav,2
/USERSPACE/DATASETS/CodecFake/C2/C2/F02_p229_093.wav,2
/USERSPACE/DATASETS/CodecFake/C2/C2/F02_p284_353.wav,2
/USERSPACE/DATASETS/CodecFake/C2/C2/F02_SSB19560353.wav,2
/USERSPACE/DATASETS/CodecFake/C2/C2/F02_SSB13400410.wav,2
/USERSPACE/DATASETS/CodecFake/C2/C2/F02_p360_339.wav,2
/USERSPACE/DATASETS/CodecFake/C2/C2/F02_SSB03540114.wav,2
/USERSPACE/DATASETS/CodecFake/C2/C2/F02_SSB03930298.wav,2
/USERSPACE/DATASETS/CodecFake/C2/C2/F02_SSB06140254.wav,2
/USERSPACE/DATASETS/CodecFake/C2/C2/F02_SSB13280359.wav,2
/USERSPACE/DATASETS/CodecFake/C2/C2/F02_SSB02870083.wav,2
/USERSPACE/DATASETS/CodecFake/C2/C2/F02_SSB03750319.wav,2
/USERSPACE/DATASETS/CodecFake/C2/C2/F02_p234_354.wav,2
/USERSPACE/DATASETS/CodecFake/C2/C2/F02_SSB12150485.wav,2
/USERSPACE/DATASETS/CodecFake/C2/C2/F02_SSB10500308.wav,2
/USERSPACE/DATASETS/CodecFake/C2/C2/F02_SSB07600324.wav,2
/USERSPACE/DATASETS/CodecFake/C2/C2/F02_SSB17820059.wav,2
/USERSPACE/DATASETS/CodecFake/C2/C2/F02_SSB01390479.wav,2
/USERSPACE/DATASETS/CodecFake/C2/C2/F02_SSB18060126.wav,2
/USERSPACE/DATASETS/CodecFake/C2/C2/F02_p304_222.wav,2
/USERSPACE/DATASETS/CodecFake/C2/C2/F02_SSB14570005.wav,2
/USERSPACE/DATASETS/CodecFake/C2/C2/F02_SSB09870470.wav,2
/USERSPACE/DATASETS/CodecFake/C2/C2/F02_SSB00090328.wav,2
/USERSPACE/DATASETS/CodecFake/C2/C2/F02_SSB07360204.wav,2
/USERSPACE/DATASETS/CodecFake/C2/C2/F02_p314_086.wav,2
/USERSPACE/DATASETS/CodecFake/C2/C2/F02_SSB02880335.wav,2
/USERSPACE/DATASETS/CodecFake/C2/C2/F02_p274_134.wav,2
/USERSPACE/DATASETS/CodecFake/C2/C2/F02_p312_205.wav,2
/USERSPACE/DATASETS/CodecFake/C2/C2/F02_SSB06230223.wav,2
/USERSPACE/DATASETS/CodecFake/C2/C2/F02_SSB07200199.wav,2
/USERSPACE/DATASETS/CodecFake/C2/C2/F02_SSB16070313.wav,2
/USERSPACE/DATASETS/CodecFake/C2/C2/F02_p341_101.wav,2
/USERSPACE/DATASETS/CodecFake/C2/C2/F02_SSB18320262.wav,2
/USERSPACE/DATASETS/CodecFake/C2/C2/F02_SSB14020154.wav,2
/USERSPACE/DATASETS/CodecFake/C2/C2/F02_SSB19180472.wav,2
/USERSPACE/DATASETS/CodecFake/C2/C2/F02_p374_213.wav,2
/USERSPACE/DATASETS/CodecFake/C2/C2/F02_SSB06660278.wav,2
/USERSPACE/DATASETS/CodecFake/C2/C2/F02_p295_080.wav,2
/USERSPACE/DATASETS/CodecFake/C2/C2/F02_SSB16990188.wav,2
/USERSPACE/DATASETS/CodecFake/C2/C2/F02_SSB01390405.wav,2
/USERSPACE/DATASETS/CodecFake/C2/C2/F02_SSB10960226.wav,2
/USERSPACE/DATASETS/CodecFake/C2/C2/F02_p239_048.wav,2
/USERSPACE/DATASETS/CodecFake/C2/C2/F02_p241_040.wav,2
/USERSPACE/DATASETS/CodecFake/C2/C2/F02_p252_276.wav,2
/USERSPACE/DATASETS/CodecFake/C2/C2/F02_p345_034.wav,2
/USERSPACE/DATASETS/CodecFake/C2/C2/F02_SSB19390274.wav,2
/USERSPACE/DATASETS/CodecFake/C2/C2/F02_p286_264.wav,2
/USERSPACE/DATASETS/CodecFake/C2/C2/F02_SSB14520094.wav,2
/USERSPACE/DATASETS/CodecFake/C2/C2/F02_SSB16700326.wav,2
/USERSPACE/DATASETS/CodecFake/C2/C2/F02_SSB12160177.wav,2
/USERSPACE/DATASETS/CodecFake/C2/C2/F02_p277_432.wav,2
/USERSPACE/DATASETS/CodecFake/C2/C2/F02_SSB03950346.wav,2
/USERSPACE/DATASETS/CodecFake/C2/C2/F02_SSB09190373.wav,2
/USERSPACE/DATASETS/CodecFake/C2/C2/F02_SSB11380480.wav,2
/USERSPACE/DATASETS/CodecFake/C2/C2/F02_SSB03850179.wav,2
/USERSPACE/DATASETS/CodecFake/C2/C2/F02_SSB15670170.wav,2
/USERSPACE/DATASETS/CodecFake/C2/C2/F02_SSB03420181.wav,2
/USERSPACE/DATASETS/CodecFake/C2/C2/F02_p271_279.wav,2
/USERSPACE/DATASETS/CodecFake/C2/C2/F02_SSB19350156.wav,2
/USERSPACE/DATASETS/CodecFake/C2/C2/F02_SSB07510410.wav,2
/USERSPACE/DATASETS/CodecFake/C2/C2/F02_p360_365.wav,2
/USERSPACE/DATASETS/CodecFake/C2/C2/F02_SSB00180063.wav,2
/USERSPACE/DATASETS/CodecFake/C2/C2/F02_SSB01330313.wav,2
/USERSPACE/DATASETS/CodecFake/C2/C2/F02_SSB07200312.wav,2
/USERSPACE/DATASETS/CodecFake/C2/C2/F02_p240_239.wav,2
/USERSPACE/DATASETS/CodecFake/C2/C2/F02_p374_305.wav,2
/USERSPACE/DATASETS/CodecFake/C2/C2/F02_SSB10960254.wav,2
/USERSPACE/DATASETS/CodecFake/C2/C2/F02_SSB06680483.wav,2
/USERSPACE/DATASETS/CodecFake/C2/C2/F02_SSB12740387.wav,2
/USERSPACE/DATASETS/CodecFake/C2/C2/F02_SSB07840178.wav,2
/USERSPACE/DATASETS/CodecFake/C2/C2/F02_SSB00730327.wav,2
/USERSPACE/DATASETS/CodecFake/C2/C2/F02_SSB03410311.wav,2
/USERSPACE/DATASETS/CodecFake/C2/C2/F02_SSB07200212.wav,2
/USERSPACE/DATASETS/CodecFake/C2/C2/F02_SSB11100412.wav,2
/USERSPACE/DATASETS/CodecFake/C2/C2/F02_SSB15550445.wav,2
/USERSPACE/DATASETS/CodecFake/C2/C2/F02_p351_255.wav,2
/USERSPACE/DATASETS/CodecFake/C2/C2/F02_p241_282.wav,2
/USERSPACE/DATASETS/CodecFake/C2/C2/F02_SSB03390106.wav,2
/USERSPACE/DATASETS/CodecFake/C2/C2/F02_p276_446.wav,2
/USERSPACE/DATASETS/CodecFake/C2/C2/F02_p261_424.wav,2
/USERSPACE/DATASETS/CodecFake/C2/C2/F02_p318_392.wav,2
/USERSPACE/DATASETS/CodecFake/C2/C2/F02_SSB01330366.wav,2
/USERSPACE/DATASETS/CodecFake/C2/C2/F02_SSB10020125.wav,2
/USERSPACE/DATASETS/CodecFake/C2/C2/F02_SSB01930367.wav,2
/USERSPACE/DATASETS/CodecFake/C2/C2/F02_SSB01450399.wav,2
/USERSPACE/DATASETS/CodecFake/C2/C2/F02_SSB03540052.wav,2
/USERSPACE/DATASETS/CodecFake/C2/C2/F02_SSB03660251.wav,2
/USERSPACE/DATASETS/CodecFake/C2/C2/F02_p249_129.wav,2
/USERSPACE/DATASETS/CodecFake/C2/C2/F02_SSB18630443.wav,2
/USERSPACE/DATASETS/CodecFake/C2/C2/F02_p345_377.wav,2
/USERSPACE/DATASETS/CodecFake/C2/C2/F02_SSB06320143.wav,2
/USERSPACE/DATASETS/CodecFake/C2/C2/F02_SSB10960189.wav,2
/USERSPACE/DATASETS/CodecFake/C2/C2/F02_SSB14570212.wav,2
/USERSPACE/DATASETS/CodecFake/C2/C2/F02_p246_118.wav,2
/USERSPACE/DATASETS/CodecFake/C2/C2/F02_SSB03930363.wav,2
/USERSPACE/DATASETS/CodecFake/C2/C2/F02_SSB05990082.wav,2
/USERSPACE/DATASETS/CodecFake/C2/C2/F02_p262_009.wav,2
/USERSPACE/DATASETS/CodecFake/C2/C2/F02_p261_307.wav,2
/USERSPACE/DATASETS/CodecFake/C2/C2/F02_SSB12180321.wav,2
/USERSPACE/DATASETS/CodecFake/C2/C2/F02_SSB10200085.wav,2
/USERSPACE/DATASETS/CodecFake/C2/C2/F02_SSB11310477.wav,2
/USERSPACE/DATASETS/CodecFake/C2/C2/F02_SSB07200471.wav,2
/USERSPACE/DATASETS/CodecFake/C2/C2/F02_SSB04150154.wav,2
/USERSPACE/DATASETS/CodecFake/C2/C2/F02_p232_024.wav,2
/USERSPACE/DATASETS/CodecFake/C2/C2/F02_SSB03070217.wav,2
/USERSPACE/DATASETS/CodecFake/C2/C2/F02_SSB05990134.wav,2
/USERSPACE/DATASETS/CodecFake/C2/C2/F02_SSB05020292.wav,2
/USERSPACE/DATASETS/CodecFake/C2/C2/F02_p280_201.wav,2
/USERSPACE/DATASETS/CodecFake/C2/C2/F02_SSB03800082.wav,2
/USERSPACE/DATASETS/CodecFake/C2/C2/F02_p306_061.wav,2
/USERSPACE/DATASETS/CodecFake/C2/C2/F02_SSB19350016.wav,2
/USERSPACE/DATASETS/CodecFake/C2/C2/F02_SSB07490470.wav,2
/USERSPACE/DATASETS/CodecFake/C2/C2/F02_p280_350.wav,2
/USERSPACE/DATASETS/CodecFake/C2/C2/F02_SSB02460263.wav,2
/USERSPACE/DATASETS/CodecFake/C2/C2/F02_SSB06030009.wav,2
/USERSPACE/DATASETS/CodecFake/C2/C2/F02_SSB05440478.wav,2
/USERSPACE/DATASETS/CodecFake/C2/C2/F02_SSB10960427.wav,2
/USERSPACE/DATASETS/CodecFake/C2/C2/F02_SSB04150323.wav,2
/USERSPACE/DATASETS/CodecFake/C2/C2/F02_SSB13920050.wav,2
/USERSPACE/DATASETS/CodecFake/C2/C2/F02_SSB00090495.wav,2
/USERSPACE/DATASETS/CodecFake/C2/C2/F02_p286_276.wav,2
/USERSPACE/DATASETS/CodecFake/C2/C2/F02_p264_051.wav,2
/USERSPACE/DATASETS/CodecFake/C2/C2/F02_p277_341.wav,2
/USERSPACE/DATASETS/CodecFake/C2/C2/F02_SSB02870455.wav,2
/USERSPACE/DATASETS/CodecFake/C2/C2/F02_p227_190.wav,2
/USERSPACE/DATASETS/CodecFake/C2/C2/F02_SSB07600214.wav,2
/USERSPACE/DATASETS/CodecFake/C2/C2/F02_p261_411.wav,2
/USERSPACE/DATASETS/CodecFake/C2/C2/F02_SSB06060436.wav,2
/USERSPACE/DATASETS/CodecFake/C2/C2/F02_p298_144.wav,2
/USERSPACE/DATASETS/CodecFake/C2/C2/F02_SSB15670045.wav,2
/USERSPACE/DATASETS/CodecFake/C2/C2/F02_SSB06660072.wav,2
/USERSPACE/DATASETS/CodecFake/C2/C2/F02_SSB11970502.wav,2
/USERSPACE/DATASETS/CodecFake/C2/C2/F02_SSB03790058.wav,2
/USERSPACE/DATASETS/CodecFake/C2/C2/F02_SSB09350117.wav,2
/USERSPACE/DATASETS/CodecFake/C2/C2/F02_p300_113.wav,2
/USERSPACE/DATASETS/CodecFake/C2/C2/F02_SSB07200447.wav,2
/USERSPACE/DATASETS/CodecFake/C2/C2/F02_SSB06140380.wav,2
/USERSPACE/DATASETS/CodecFake/C2/C2/F02_SSB15630284.wav,2
/USERSPACE/DATASETS/CodecFake/C2/C2/F02_p272_184.wav,2
/USERSPACE/DATASETS/CodecFake/C2/C2/F02_SSB04820241.wav,2
/USERSPACE/DATASETS/CodecFake/C2/C2/F02_SSB06030310.wav,2
/USERSPACE/DATASETS/CodecFake/C2/C2/F02_p244_228.wav,2
/USERSPACE/DATASETS/CodecFake/C2/C2/F02_SSB11870370.wav,2
/USERSPACE/DATASETS/CodecFake/C2/C2/F02_SSB07840453.wav,2
/USERSPACE/DATASETS/CodecFake/C2/C2/F02_SSB02410410.wav,2
/USERSPACE/DATASETS/CodecFake/C2/C2/F02_SSB02410388.wav,2
/USERSPACE/DATASETS/CodecFake/C2/C2/F02_SSB11150041.wav,2
/USERSPACE/DATASETS/CodecFake/C2/C2/F02_p285_078.wav,2
/USERSPACE/DATASETS/CodecFake/C2/C2/F02_SSB07940051.wav,2
/USERSPACE/DATASETS/CodecFake/C2/C2/F02_SSB11610482.wav,2
/USERSPACE/DATASETS/CodecFake/C2/C2/F02_p329_277.wav,2
/USERSPACE/DATASETS/CodecFake/C2/C2/F02_p247_429.wav,2
/USERSPACE/DATASETS/CodecFake/C2/C2/F02_p256_009.wav,2
/USERSPACE/DATASETS/CodecFake/C2/C2/F02_SSB13200264.wav,2
/USERSPACE/DATASETS/CodecFake/C2/C2/F02_p294_414.wav,2
/USERSPACE/DATASETS/CodecFake/C2/C2/F02_p317_363.wav,2
/USERSPACE/DATASETS/CodecFake/C2/C2/F02_p339_243.wav,2
/USERSPACE/DATASETS/CodecFake/C2/C2/F02_SSB07110196.wav,2
/USERSPACE/DATASETS/CodecFake/C2/C2/F02_p248_162.wav,2
/USERSPACE/DATASETS/CodecFake/C2/C2/F02_p251_333.wav,2
/USERSPACE/DATASETS/CodecFake/C2/C2/F02_SSB04350236.wav,2
/USERSPACE/DATASETS/CodecFake/C2/C2/F02_SSB11100332.wav,2
/USERSPACE/DATASETS/CodecFake/C2/C2/F02_SSB18280395.wav,2
/USERSPACE/DATASETS/CodecFake/C2/C2/F02_p247_062.wav,2
/USERSPACE/DATASETS/CodecFake/C2/C2/F02_SSB11360080.wav,2
/USERSPACE/DATASETS/CodecFake/C2/C2/F02_p257_293.wav,2
/USERSPACE/DATASETS/CodecFake/C2/C2/F02_p351_224.wav,2
/USERSPACE/DATASETS/CodecFake/C2/C2/F02_SSB07840084.wav,2
/USERSPACE/DATASETS/CodecFake/C2/C2/F02_SSB03850321.wav,2
/USERSPACE/DATASETS/CodecFake/C2/C2/F02_SSB05780433.wav,2
/USERSPACE/DATASETS/CodecFake/C2/C2/F02_SSB16700105.wav,2
/USERSPACE/DATASETS/CodecFake/C2/C2/F02_p304_147.wav,2
/USERSPACE/DATASETS/CodecFake/C2/C2/F02_SSB14080482.wav,2
/USERSPACE/DATASETS/CodecFake/C2/C2/F02_SSB08710108.wav,2
/USERSPACE/DATASETS/CodecFake/C2/C2/F02_p257_388.wav,2
/USERSPACE/DATASETS/CodecFake/C2/C2/F02_p282_053.wav,2
/USERSPACE/DATASETS/CodecFake/C2/C2/F02_SSB16240243.wav,2
/USERSPACE/DATASETS/CodecFake/C2/C2/F02_p261_186.wav,2
/USERSPACE/DATASETS/CodecFake/C2/C2/F02_SSB05340455.wav,2
/USERSPACE/DATASETS/CodecFake/C2/C2/F02_SSB03410422.wav,2
/USERSPACE/DATASETS/CodecFake/C2/C2/F02_p376_153.wav,2
/USERSPACE/DATASETS/CodecFake/C2/C2/F02_SSB07800156.wav,2
/USERSPACE/DATASETS/CodecFake/C2/C2/F02_SSB07510104.wav,2
/USERSPACE/DATASETS/CodecFake/C2/C2/F02_p311_144.wav,2
/USERSPACE/DATASETS/CodecFake/C2/C2/F02_SSB02610195.wav,2
/USERSPACE/DATASETS/CodecFake/C2/C2/F02_SSB03800042.wav,2
/USERSPACE/DATASETS/CodecFake/C2/C2/F02_SSB00430101.wav,2
/USERSPACE/DATASETS/CodecFake/C2/C2/F02_p266_287.wav,2
/USERSPACE/DATASETS/CodecFake/C2/C2/F02_SSB03420133.wav,2
/USERSPACE/DATASETS/CodecFake/C2/C2/F02_SSB03380490.wav,2
/USERSPACE/DATASETS/CodecFake/C2/C2/F02_SSB03930352.wav,2
/USERSPACE/DATASETS/CodecFake/C2/C2/F02_SSB02880223.wav,2
/USERSPACE/DATASETS/CodecFake/C2/C2/F02_SSB01220469.wav,2
/USERSPACE/DATASETS/CodecFake/C2/C2/F02_SSB07200001.wav,2
/USERSPACE/DATASETS/CodecFake/C2/C2/F02_p275_290.wav,2
/USERSPACE/DATASETS/CodecFake/C2/C2/F02_p285_352.wav,2
/USERSPACE/DATASETS/CodecFake/C2/C2/F02_SSB10720032.wav,2
/USERSPACE/DATASETS/CodecFake/C2/C2/F02_SSB15630113.wav,2
/USERSPACE/DATASETS/CodecFake/C2/C2/F02_SSB09350082.wav,2
/USERSPACE/DATASETS/CodecFake/C2/C2/F02_SSB02610257.wav,2
/USERSPACE/DATASETS/CodecFake/C2/C2/F02_SSB10720378.wav,2
/USERSPACE/DATASETS/CodecFake/C2/C2/F02_SSB15750266.wav,2
/USERSPACE/DATASETS/CodecFake/C2/C2/F02_SSB10200434.wav,2
/USERSPACE/DATASETS/CodecFake/C2/C2/F02_SSB18280076.wav,2
/USERSPACE/DATASETS/CodecFake/C2/C2/F02_SSB04070385.wav,2
/USERSPACE/DATASETS/CodecFake/C2/C2/F02_SSB10960405.wav,2
/USERSPACE/DATASETS/CodecFake/C2/C2/F02_SSB00050352.wav,2
/USERSPACE/DATASETS/CodecFake/C2/C2/F02_SSB07800393.wav,2
/USERSPACE/DATASETS/CodecFake/C2/C2/F02_p251_309.wav,2
/USERSPACE/DATASETS/CodecFake/C2/C2/F02_p250_027.wav,2
/USERSPACE/DATASETS/CodecFake/C2/C2/F02_SSB19560020.wav,2
/USERSPACE/DATASETS/CodecFake/C2/C2/F02_SSB15850381.wav,2
/USERSPACE/DATASETS/CodecFake/C2/C2/F02_SSB03380118.wav,2
/USERSPACE/DATASETS/CodecFake/C2/C2/F02_SSB07020206.wav,2
/USERSPACE/DATASETS/CodecFake/C2/C2/F02_p284_315.wav,2
/USERSPACE/DATASETS/CodecFake/C2/C2/F02_SSB09660082.wav,2
/USERSPACE/DATASETS/CodecFake/C2/C2/F02_SSB02610108.wav,2
/USERSPACE/DATASETS/CodecFake/C2/C2/F02_SSB13220310.wav,2
/USERSPACE/DATASETS/CodecFake/C2/C2/F02_p261_415.wav,2
/USERSPACE/DATASETS/CodecFake/C2/C2/F02_p279_260.wav,2
/USERSPACE/DATASETS/CodecFake/C2/C2/F02_p244_333.wav,2
/USERSPACE/DATASETS/CodecFake/C2/C2/F02_SSB05340037.wav,2
/USERSPACE/DATASETS/CodecFake/C2/C2/F02_SSB12740049.wav,2
/USERSPACE/DATASETS/CodecFake/C2/C2/F02_SSB11610481.wav,2
/USERSPACE/DATASETS/CodecFake/C2/C2/F02_SSB07100194.wav,2
/USERSPACE/DATASETS/CodecFake/C2/C2/F02_SSB15850483.wav,2
/USERSPACE/DATASETS/CodecFake/C2/C2/F02_SSB16700404.wav,2
/USERSPACE/DATASETS/CodecFake/C2/C2/F02_SSB11870197.wav,2
/USERSPACE/DATASETS/CodecFake/C2/C2/F02_SSB15850352.wav,2
/USERSPACE/DATASETS/CodecFake/C2/C2/F02_SSB03790305.wav,2
/USERSPACE/DATASETS/CodecFake/C2/C2/F02_SSB01490019.wav,2
/USERSPACE/DATASETS/CodecFake/C2/C2/F02_SSB10720146.wav,2
/USERSPACE/DATASETS/CodecFake/C2/C2/F02_p253_300.wav,2
/USERSPACE/DATASETS/CodecFake/C2/C2/F02_SSB03090409.wav,2
/USERSPACE/DATASETS/CodecFake/C2/C2/F02_SSB12030228.wav,2
/USERSPACE/DATASETS/CodecFake/C2/C2/F02_p285_270.wav,2
/USERSPACE/DATASETS/CodecFake/C2/C2/F02_SSB00380254.wav,2
/USERSPACE/DATASETS/CodecFake/C2/C2/F02_SSB01220277.wav,2
/USERSPACE/DATASETS/CodecFake/C2/C2/F02_SSB01390123.wav,2
/USERSPACE/DATASETS/CodecFake/C2/C2/F02_SSB00180202.wav,2
/USERSPACE/DATASETS/CodecFake/C2/C2/F02_SSB07600256.wav,2
/USERSPACE/DATASETS/CodecFake/C2/C2/F02_SSB06660138.wav,2
/USERSPACE/DATASETS/CodecFake/C2/C2/F02_SSB06030101.wav,2
/USERSPACE/DATASETS/CodecFake/C2/C2/F02_SSB15550075.wav,2
/USERSPACE/DATASETS/CodecFake/C2/C2/F02_p225_169.wav,2
/USERSPACE/DATASETS/CodecFake/C2/C2/F02_p330_188.wav,2
/USERSPACE/DATASETS/CodecFake/C2/C2/F02_p266_048.wav,2
/USERSPACE/DATASETS/CodecFake/C2/C2/F02_SSB07100417.wav,2
/USERSPACE/DATASETS/CodecFake/C2/C2/F02_SSB12530235.wav,2
/USERSPACE/DATASETS/CodecFake/C2/C2/F02_p268_112.wav,2
/USERSPACE/DATASETS/CodecFake/C2/C2/F02_p281_020.wav,2
/USERSPACE/DATASETS/CodecFake/C2/C2/F02_p273_363.wav,2
/USERSPACE/DATASETS/CodecFake/C2/C2/F02_SSB07460168.wav,2
/USERSPACE/DATASETS/CodecFake/C2/C2/F02_SSB16070327.wav,2
/USERSPACE/DATASETS/CodecFake/C2/C2/F02_p267_376.wav,2
/USERSPACE/DATASETS/CodecFake/C2/C2/F02_SSB11310013.wav,2
/USERSPACE/DATASETS/CodecFake/C2/C2/F02_SSB14480170.wav,2
/USERSPACE/DATASETS/CodecFake/C2/C2/F02_SSB10960382.wav,2
/USERSPACE/DATASETS/CodecFake/C2/C2/F02_SSB15850057.wav,2
/USERSPACE/DATASETS/CodecFake/C2/C2/F02_SSB07860102.wav,2
/USERSPACE/DATASETS/CodecFake/C2/C2/F02_SSB18780244.wav,2
/USERSPACE/DATASETS/CodecFake/C2/C2/F02_p303_132.wav,2
/USERSPACE/DATASETS/CodecFake/C2/C2/F02_SSB07780332.wav,2
/USERSPACE/DATASETS/CodecFake/C2/C2/F02_SSB11150122.wav,2
/USERSPACE/DATASETS/CodecFake/C2/C2/F02_SSB01450102.wav,2
/USERSPACE/DATASETS/CodecFake/C2/C2/F02_SSB06930211.wav,2
/USERSPACE/DATASETS/CodecFake/C2/C2/F02_p303_123.wav,2
/USERSPACE/DATASETS/CodecFake/C2/C2/F02_SSB16840346.wav,2
/USERSPACE/DATASETS/CodecFake/C2/C2/F02_p248_357.wav,2
/USERSPACE/DATASETS/CodecFake/C2/C2/F02_SSB03070140.wav,2
/USERSPACE/DATASETS/CodecFake/C2/C2/F02_p311_155.wav,2
/USERSPACE/DATASETS/CodecFake/C2/C2/F02_SSB03420436.wav,2
/USERSPACE/DATASETS/CodecFake/C2/C2/F02_SSB17450305.wav,2
/USERSPACE/DATASETS/CodecFake/C2/C2/F02_SSB07480015.wav,2
/USERSPACE/DATASETS/CodecFake/C2/C2/F02_p237_148.wav,2
/USERSPACE/DATASETS/CodecFake/C2/C2/F02_SSB06930081.wav,2
/USERSPACE/DATASETS/CodecFake/C2/C2/F02_p307_030.wav,2
/USERSPACE/DATASETS/CodecFake/C2/C2/F02_SSB08170110.wav,2
/USERSPACE/DATASETS/CodecFake/C2/C2/F02_SSB12030280.wav,2
/USERSPACE/DATASETS/CodecFake/C2/C2/F02_p288_098.wav,2
/USERSPACE/DATASETS/CodecFake/C2/C2/F02_SSB18780362.wav,2
/USERSPACE/DATASETS/CodecFake/C2/C2/F02_SSB14520013.wav,2
/USERSPACE/DATASETS/CodecFake/C2/C2/F02_SSB05900379.wav,2
/USERSPACE/DATASETS/CodecFake/C2/C2/F02_SSB11100368.wav,2
/USERSPACE/DATASETS/CodecFake/C2/C2/F02_p259_270.wav,2
/USERSPACE/DATASETS/CodecFake/C2/C2/F02_SSB06290206.wav,2
/USERSPACE/DATASETS/CodecFake/C2/C2/F02_p317_160.wav,2
/USERSPACE/DATASETS/CodecFake/C2/C2/F02_p237_233.wav,2
/USERSPACE/DATASETS/CodecFake/C2/C2/F02_p314_102.wav,2
/USERSPACE/DATASETS/CodecFake/C2/C2/F02_SSB11000303.wav,2
/USERSPACE/DATASETS/CodecFake/C2/C2/F02_p313_100.wav,2
/USERSPACE/DATASETS/CodecFake/C2/C2/F02_p249_040.wav,2
/USERSPACE/DATASETS/CodecFake/C2/C2/F02_p228_268.wav,2
/USERSPACE/DATASETS/CodecFake/C2/C2/F02_SSB11380006.wav,2
/USERSPACE/DATASETS/CodecFake/C2/C2/F02_SSB17450038.wav,2
/USERSPACE/DATASETS/CodecFake/C2/C2/F02_SSB04150186.wav,2
/USERSPACE/DATASETS/CodecFake/C2/C2/F02_SSB17810327.wav,2
/USERSPACE/DATASETS/CodecFake/C2/C2/F02_SSB05390250.wav,2
/USERSPACE/DATASETS/CodecFake/C2/C2/F02_SSB02990388.wav,2
/USERSPACE/DATASETS/CodecFake/C2/C2/F02_SSB17810347.wav,2
/USERSPACE/DATASETS/CodecFake/C2/C2/F02_p297_200.wav,2
/USERSPACE/DATASETS/CodecFake/C2/C2/F02_SSB06860197.wav,2
/USERSPACE/DATASETS/CodecFake/C2/C2/F02_p279_178.wav,2
/USERSPACE/DATASETS/CodecFake/C2/C2/F02_SSB06290043.wav,2
/USERSPACE/DATASETS/CodecFake/C2/C2/F02_SSB07370252.wav,2
/USERSPACE/DATASETS/CodecFake/C2/C2/F02_SSB03390447.wav,2
/USERSPACE/DATASETS/CodecFake/C2/C2/F02_p260_040.wav,2
/USERSPACE/DATASETS/CodecFake/C2/C2/F02_SSB18320007.wav,2
/USERSPACE/DATASETS/CodecFake/C2/C2/F02_p236_137.wav,2
/USERSPACE/DATASETS/CodecFake/C2/C2/F02_SSB16500058.wav,2
/USERSPACE/DATASETS/CodecFake/C2/C2/F02_SSB04700046.wav,2
/USERSPACE/DATASETS/CodecFake/C2/C2/F02_SSB04270293.wav,2
/USERSPACE/DATASETS/CodecFake/C2/C2/F02_SSB00380445.wav,2
/USERSPACE/DATASETS/CodecFake/C2/C2/F02_p266_201.wav,2
/USERSPACE/DATASETS/CodecFake/C2/C2/F02_p293_315.wav,2
/USERSPACE/DATASETS/CodecFake/C2/C2/F02_SSB00330174.wav,2
/USERSPACE/DATASETS/CodecFake/C2/C2/F02_SSB10720316.wav,2
/USERSPACE/DATASETS/CodecFake/C2/C2/F02_p283_326.wav,2
/USERSPACE/DATASETS/CodecFake/C2/C2/F02_p233_379.wav,2
/USERSPACE/DATASETS/CodecFake/C2/C2/F02_SSB16500389.wav,2
/USERSPACE/DATASETS/CodecFake/C2/C2/F02_SSB10000139.wav,2
/USERSPACE/DATASETS/CodecFake/C2/C2/F02_SSB17280387.wav,2
/USERSPACE/DATASETS/CodecFake/C2/C2/F02_SSB18780209.wav,2
/USERSPACE/DATASETS/CodecFake/C2/C2/F02_p317_013.wav,2
/USERSPACE/DATASETS/CodecFake/C2/C2/F02_SSB19350124.wav,2
/USERSPACE/DATASETS/CodecFake/C2/C2/F02_SSB04350046.wav,2
/USERSPACE/DATASETS/CodecFake/C2/C2/F02_SSB00380283.wav,2
/USERSPACE/DATASETS/CodecFake/C2/C2/F02_SSB00730120.wav,2
/USERSPACE/DATASETS/CodecFake/C2/C2/F02_SSB05940119.wav,2
/USERSPACE/DATASETS/CodecFake/C2/C2/F02_p254_294.wav,2
/USERSPACE/DATASETS/CodecFake/C2/C2/F02_SSB11250077.wav,2
/USERSPACE/DATASETS/CodecFake/C2/C2/F02_SSB07510433.wav,2
/USERSPACE/DATASETS/CodecFake/C2/C2/F02_SSB11000049.wav,2
/USERSPACE/DATASETS/CodecFake/C2/C2/F02_p326_077.wav,2
/USERSPACE/DATASETS/CodecFake/C2/C2/F02_p284_206.wav,2
/USERSPACE/DATASETS/CodecFake/C2/C2/F02_SSB03150434.wav,2
/USERSPACE/DATASETS/CodecFake/C2/C2/F02_SSB09350284.wav,2
/USERSPACE/DATASETS/CodecFake/C2/C2/F02_SSB05940146.wav,2
/USERSPACE/DATASETS/CodecFake/C2/C2/F02_SSB02670491.wav,2
/USERSPACE/DATASETS/CodecFake/C2/C2/F02_p314_336.wav,2
/USERSPACE/DATASETS/CodecFake/C2/C2/F02_p336_216.wav,2
/USERSPACE/DATASETS/CodecFake/C2/C2/F02_SSB00570234.wav,2
/USERSPACE/DATASETS/CodecFake/C2/C2/F02_p318_226.wav,2
/USERSPACE/DATASETS/CodecFake/C2/C2/F02_p323_350.wav,2
/USERSPACE/DATASETS/CodecFake/C2/C2/F02_SSB10720114.wav,2
/USERSPACE/DATASETS/CodecFake/C2/C2/F02_SSB16840411.wav,2
/USERSPACE/DATASETS/CodecFake/C2/C2/F02_SSB05900283.wav,2
/USERSPACE/DATASETS/CodecFake/C2/C2/F02_SSB07480374.wav,2
/USERSPACE/DATASETS/CodecFake/C2/C2/F02_SSB07100336.wav,2
/USERSPACE/DATASETS/CodecFake/C2/C2/F02_SSB13200136.wav,2
/USERSPACE/DATASETS/CodecFake/C2/C2/F02_p374_021.wav,2
/USERSPACE/DATASETS/CodecFake/C2/C2/F02_p251_027.wav,2
/USERSPACE/DATASETS/CodecFake/C2/C2/F02_p335_005.wav,2
/USERSPACE/DATASETS/CodecFake/C2/C2/F02_SSB13650360.wav,2
/USERSPACE/DATASETS/CodecFake/C2/C2/F02_SSB03790336.wav,2
/USERSPACE/DATASETS/CodecFake/C2/C2/F02_SSB14520208.wav,2
/USERSPACE/DATASETS/CodecFake/C2/C2/F02_SSB03150120.wav,2
/USERSPACE/DATASETS/CodecFake/C2/C2/F02_p270_200.wav,2
/USERSPACE/DATASETS/CodecFake/C2/C2/F02_SSB07160196.wav,2
/USERSPACE/DATASETS/CodecFake/C2/C2/F02_SSB00730235.wav,2
/USERSPACE/DATASETS/CodecFake/C2/C2/F02_SSB16840002.wav,2
/USERSPACE/DATASETS/CodecFake/C2/C2/F02_p229_028.wav,2
/USERSPACE/DATASETS/CodecFake/C2/C2/F02_SSB05940375.wav,2
/USERSPACE/DATASETS/CodecFake/C2/C2/F02_p279_348.wav,2
/USERSPACE/DATASETS/CodecFake/C2/C2/F02_SSB09130460.wav,2
/USERSPACE/DATASETS/CodecFake/C2/C2/F02_SSB05440084.wav,2
/USERSPACE/DATASETS/CodecFake/C2/C2/F02_p287_107.wav,2
/USERSPACE/DATASETS/CodecFake/C2/C2/F02_SSB03800463.wav,2
/USERSPACE/DATASETS/CodecFake/C2/C2/F02_p260_107.wav,2
/USERSPACE/DATASETS/CodecFake/C2/C2/F02_SSB05350144.wav,2
/USERSPACE/DATASETS/CodecFake/C2/C2/F02_p248_139.wav,2
/USERSPACE/DATASETS/CodecFake/C2/C2/F02_SSB14020077.wav,2
/USERSPACE/DATASETS/CodecFake/C2/C2/F02_SSB07490300.wav,2
/USERSPACE/DATASETS/CodecFake/C2/C2/F02_SSB17810157.wav,2
/USERSPACE/DATASETS/CodecFake/C2/C2/F02_p302_276.wav,2
/USERSPACE/DATASETS/CodecFake/C2/C2/F02_p376_206.wav,2
/USERSPACE/DATASETS/CodecFake/C2/C2/F02_SSB02670430.wav,2
/USERSPACE/DATASETS/CodecFake/C2/C2/F02_SSB02990137.wav,2
/USERSPACE/DATASETS/CodecFake/C2/C2/F02_SSB17280079.wav,2
/USERSPACE/DATASETS/CodecFake/C2/C2/F02_p275_283.wav,2
/USERSPACE/DATASETS/CodecFake/C2/C2/F02_SSB04340177.wav,2
/USERSPACE/DATASETS/CodecFake/C2/C2/F02_p330_407.wav,2
/USERSPACE/DATASETS/CodecFake/C2/C2/F02_SSB03750122.wav,2
/USERSPACE/DATASETS/CodecFake/C2/C2/F02_SSB11310504.wav,2
/USERSPACE/DATASETS/CodecFake/C2/C2/F02_SSB03940254.wav,2
/USERSPACE/DATASETS/CodecFake/C2/C2/F02_SSB10240242.wav,2
/USERSPACE/DATASETS/CodecFake/C2/C2/F02_SSB06230313.wav,2
/USERSPACE/DATASETS/CodecFake/C2/C2/F02_p376_219.wav,2
/USERSPACE/DATASETS/CodecFake/C2/C2/F02_p271_368.wav,2
/USERSPACE/DATASETS/CodecFake/C2/C2/F02_SSB14020307.wav,2
/USERSPACE/DATASETS/CodecFake/C2/C2/F02_SSB00160366.wav,2
/USERSPACE/DATASETS/CodecFake/C2/C2/F02_p298_265.wav,2
/USERSPACE/DATASETS/CodecFake/C2/C2/F02_SSB05390225.wav,2
/USERSPACE/DATASETS/CodecFake/C2/C2/F02_SSB09660185.wav,2
/USERSPACE/DATASETS/CodecFake/C2/C2/F02_SSB12740094.wav,2
/USERSPACE/DATASETS/CodecFake/C2/C2/F02_SSB11970251.wav,2
/USERSPACE/DATASETS/CodecFake/C2/C2/F02_p272_209.wav,2
/USERSPACE/DATASETS/CodecFake/C2/C2/F02_SSB16240211.wav,2
/USERSPACE/DATASETS/CodecFake/C2/C2/F02_p301_011.wav,2
/USERSPACE/DATASETS/CodecFake/C2/C2/F02_SSB17590193.wav,2
/USERSPACE/DATASETS/CodecFake/C2/C2/F02_SSB19390330.wav,2
/USERSPACE/DATASETS/CodecFake/C2/C2/F02_SSB17280417.wav,2
/USERSPACE/DATASETS/CodecFake/C2/C2/F02_SSB03540069.wav,2
/USERSPACE/DATASETS/CodecFake/C2/C2/F02_SSB06860027.wav,2
/USERSPACE/DATASETS/CodecFake/C2/C2/F02_p286_413.wav,2
/USERSPACE/DATASETS/CodecFake/C2/C2/F02_SSB02880358.wav,2
/USERSPACE/DATASETS/CodecFake/C2/C2/F02_SSB08170276.wav,2
/USERSPACE/DATASETS/CodecFake/C2/C2/F02_SSB07160074.wav,2
/USERSPACE/DATASETS/CodecFake/C2/C2/F02_p269_246.wav,2
/USERSPACE/DATASETS/CodecFake/C2/C2/F02_SSB16240455.wav,2
/USERSPACE/DATASETS/CodecFake/C2/C2/F02_SSB07460098.wav,2
/USERSPACE/DATASETS/CodecFake/C2/C2/F02_p345_030.wav,2
/USERSPACE/DATASETS/CodecFake/C2/C2/F02_SSB18280232.wav,2
/USERSPACE/DATASETS/CodecFake/C2/C2/F02_SSB00730298.wav,2
/USERSPACE/DATASETS/CodecFake/C2/C2/F02_SSB13650294.wav,2
/USERSPACE/DATASETS/CodecFake/C2/C2/F02_SSB01450347.wav,2
/USERSPACE/DATASETS/CodecFake/C2/C2/F02_p251_157.wav,2
/USERSPACE/DATASETS/CodecFake/C2/C2/F02_SSB03380149.wav,2
/USERSPACE/DATASETS/CodecFake/C2/C2/F02_SSB03390016.wav,2
/USERSPACE/DATASETS/CodecFake/C2/C2/F02_SSB03150019.wav,2
/USERSPACE/DATASETS/CodecFake/C2/C2/F02_SSB04820102.wav,2
/USERSPACE/DATASETS/CodecFake/C2/C2/F02_p329_402.wav,2
/USERSPACE/DATASETS/CodecFake/C2/C2/F02_SSB03090180.wav,2
/USERSPACE/DATASETS/CodecFake/C2/C2/F02_SSB06030089.wav,2
/USERSPACE/DATASETS/CodecFake/C2/C2/F02_p363_003.wav,2
/USERSPACE/DATASETS/CodecFake/C2/C2/F02_SSB14570047.wav,2
/USERSPACE/DATASETS/CodecFake/C2/C2/F02_SSB03420438.wav,2
/USERSPACE/DATASETS/CodecFake/C2/C2/F02_p248_235.wav,2
/USERSPACE/DATASETS/CodecFake/C2/C2/F02_p272_060.wav,2
/USERSPACE/DATASETS/CodecFake/C2/C2/F02_SSB17390192.wav,2
/USERSPACE/DATASETS/CodecFake/C2/C2/F02_p285_273.wav,2
/USERSPACE/DATASETS/CodecFake/C2/C2/F02_SSB11150099.wav,2
/USERSPACE/DATASETS/CodecFake/C2/C2/F02_SSB00180263.wav,2
/USERSPACE/DATASETS/CodecFake/C2/C2/F02_SSB03070313.wav,2
/USERSPACE/DATASETS/CodecFake/C2/C2/F02_SSB07020485.wav,2
/USERSPACE/DATASETS/CodecFake/C2/C2/F02_SSB13280306.wav,2
/USERSPACE/DATASETS/CodecFake/C2/C2/F02_SSB03850208.wav,2
/USERSPACE/DATASETS/CodecFake/C2/C2/F02_SSB05340200.wav,2
/USERSPACE/DATASETS/CodecFake/C2/C2/F02_p274_339.wav,2
/USERSPACE/DATASETS/CodecFake/C2/C2/F02_SSB06030276.wav,2
/USERSPACE/DATASETS/CodecFake/C2/C2/F02_p295_398.wav,2
/USERSPACE/DATASETS/CodecFake/C2/C2/F02_SSB10240403.wav,2
/USERSPACE/DATASETS/CodecFake/C2/C2/F02_SSB00800387.wav,2
/USERSPACE/DATASETS/CodecFake/C2/C2/F02_SSB19180118.wav,2
/USERSPACE/DATASETS/CodecFake/C2/C2/F02_SSB07860288.wav,2
/USERSPACE/DATASETS/CodecFake/C2/C2/F02_p231_114.wav,2
/USERSPACE/DATASETS/CodecFake/C2/C2/F02_SSB10000467.wav,2
/USERSPACE/DATASETS/CodecFake/C2/C2/F02_SSB04350430.wav,2
/USERSPACE/DATASETS/CodecFake/C2/C2/F02_SSB03750141.wav,2
/USERSPACE/DATASETS/CodecFake/C2/C2/F02_SSB01970119.wav,2
/USERSPACE/DATASETS/CodecFake/C2/C2/F02_SSB07800158.wav,2
/USERSPACE/DATASETS/CodecFake/C2/C2/F02_SSB12210473.wav,2
/USERSPACE/DATASETS/CodecFake/C2/C2/F02_SSB03930503.wav,2
/USERSPACE/DATASETS/CodecFake/C2/C2/F02_SSB09660343.wav,2
/USERSPACE/DATASETS/CodecFake/C2/C2/F02_p251_018.wav,2
/USERSPACE/DATASETS/CodecFake/C2/C2/F02_SSB01390032.wav,2
/USERSPACE/DATASETS/CodecFake/C2/C2/F02_SSB10560265.wav,2
/USERSPACE/DATASETS/CodecFake/C2/C2/F02_SSB11350225.wav,2
/USERSPACE/DATASETS/CodecFake/C2/C2/F02_SSB01220088.wav,2
/USERSPACE/DATASETS/CodecFake/C2/C2/F02_SSB03950154.wav,2
/USERSPACE/DATASETS/CodecFake/C2/C2/F02_SSB04150218.wav,2
/USERSPACE/DATASETS/CodecFake/C2/C2/F02_SSB05390130.wav,2
/USERSPACE/DATASETS/CodecFake/C2/C2/F02_SSB10080241.wav,2
/USERSPACE/DATASETS/CodecFake/C2/C2/F02_p273_350.wav,2
/USERSPACE/DATASETS/CodecFake/C2/C2/F02_SSB01450319.wav,2
/USERSPACE/DATASETS/CodecFake/C2/C2/F02_p243_389.wav,2
/USERSPACE/DATASETS/CodecFake/C2/C2/F02_p239_182.wav,2
/USERSPACE/DATASETS/CodecFake/C2/C2/F02_SSB12150051.wav,2
/USERSPACE/DATASETS/CodecFake/C2/C2/F02_p285_100.wav,2
/USERSPACE/DATASETS/CodecFake/C2/C2/F02_SSB12530149.wav,2
/USERSPACE/DATASETS/CodecFake/C2/C2/F02_SSB06710177.wav,2
/USERSPACE/DATASETS/CodecFake/C2/C2/F02_SSB03410466.wav,2
/USERSPACE/DATASETS/CodecFake/C2/C2/F02_SSB17390441.wav,2
/USERSPACE/DATASETS/CodecFake/C2/C2/F02_SSB16700347.wav,2
/USERSPACE/DATASETS/CodecFake/C2/C2/F02_SSB06290249.wav,2
/USERSPACE/DATASETS/CodecFake/C2/C2/F02_SSB18320405.wav,2
/USERSPACE/DATASETS/CodecFake/C2/C2/F02_SSB10500413.wav,2
/USERSPACE/DATASETS/CodecFake/C2/C2/F02_SSB02000014.wav,2
/USERSPACE/DATASETS/CodecFake/C2/C2/F02_SSB02670058.wav,2
/USERSPACE/DATASETS/CodecFake/C2/C2/F02_SSB17110063.wav,2
/USERSPACE/DATASETS/CodecFake/C2/C2/F02_SSB01970307.wav,2
/USERSPACE/DATASETS/CodecFake/C2/C2/F02_SSB13820283.wav,2
/USERSPACE/DATASETS/CodecFake/C2/C2/F02_SSB10960248.wav,2
/USERSPACE/DATASETS/CodecFake/C2/C2/F02_p323_334.wav,2
/USERSPACE/DATASETS/CodecFake/C2/C2/F02_p250_133.wav,2
/USERSPACE/DATASETS/CodecFake/C2/C2/F02_SSB11310105.wav,2
/USERSPACE/DATASETS/CodecFake/C2/C2/F02_SSB01450178.wav,2
/USERSPACE/DATASETS/CodecFake/C2/C2/F02_SSB13410327.wav,2
/USERSPACE/DATASETS/CodecFake/C2/C2/F02_SSB11360253.wav,2
/USERSPACE/DATASETS/CodecFake/C2/C2/F02_SSB15670050.wav,2
/USERSPACE/DATASETS/CodecFake/C2/C2/F02_SSB07170353.wav,2
/USERSPACE/DATASETS/CodecFake/C2/C2/F02_SSB12030431.wav,2
/USERSPACE/DATASETS/CodecFake/C2/C2/F02_SSB03660101.wav,2
/USERSPACE/DATASETS/CodecFake/C2/C2/F02_SSB10640112.wav,2
/USERSPACE/DATASETS/CodecFake/C2/C2/F02_SSB05650138.wav,2
/USERSPACE/DATASETS/CodecFake/C2/C2/F02_SSB03410499.wav,2
/USERSPACE/DATASETS/CodecFake/C2/C2/F02_SSB02670001.wav,2
/USERSPACE/DATASETS/CodecFake/C2/C2/F02_p314_051.wav,2
/USERSPACE/DATASETS/CodecFake/C2/C2/F02_p323_186.wav,2
/USERSPACE/DATASETS/CodecFake/C2/C2/F02_SSB10720192.wav,2
/USERSPACE/DATASETS/CodecFake/C2/C2/F02_SSB10960246.wav,2
/USERSPACE/DATASETS/CodecFake/C2/C2/F02_p284_226.wav,2
/USERSPACE/DATASETS/CodecFake/C2/C2/F02_SSB10500075.wav,2
/USERSPACE/DATASETS/CodecFake/C2/C2/F02_SSB09870003.wav,2
/USERSPACE/DATASETS/CodecFake/C2/C2/F02_p323_355.wav,2
/USERSPACE/DATASETS/CodecFake/C2/C2/F02_SSB10010226.wav,2
/USERSPACE/DATASETS/CodecFake/C2/C2/F02_SSB04350132.wav,2
/USERSPACE/DATASETS/CodecFake/C2/C2/F02_SSB11310187.wav,2
/USERSPACE/DATASETS/CodecFake/C2/C2/F02_SSB02610290.wav,2
/USERSPACE/DATASETS/CodecFake/C2/C2/F02_SSB09870411.wav,2
/USERSPACE/DATASETS/CodecFake/C2/C2/F02_p317_229.wav,2
/USERSPACE/DATASETS/CodecFake/C2/C2/F02_SSB03150296.wav,2
/USERSPACE/DATASETS/CodecFake/C2/C2/F02_SSB13820337.wav,2
/USERSPACE/DATASETS/CodecFake/C2/C2/F02_SSB01970404.wav,2
/USERSPACE/DATASETS/CodecFake/C2/C2/F02_SSB06310197.wav,2
/USERSPACE/DATASETS/CodecFake/C2/C2/F02_p229_040.wav,2
/USERSPACE/DATASETS/CodecFake/C2/C2/F02_p275_367.wav,2
/USERSPACE/DATASETS/CodecFake/C2/C2/F02_p262_092.wav,2
/USERSPACE/DATASETS/CodecFake/C2/C2/F02_p343_359.wav,2
/USERSPACE/DATASETS/CodecFake/C2/C2/F02_SSB01120334.wav,2
/USERSPACE/DATASETS/CodecFake/C2/C2/F02_SSB00730481.wav,2
/USERSPACE/DATASETS/CodecFake/C2/C2/F02_p279_020.wav,2
/USERSPACE/DATASETS/CodecFake/C2/C2/F02_SSB06070418.wav,2
/USERSPACE/DATASETS/CodecFake/C2/C2/F02_p250_080.wav,2
/USERSPACE/DATASETS/CodecFake/C2/C2/F02_SSB16860295.wav,2
/USERSPACE/DATASETS/CodecFake/C2/C2/F02_SSB03070030.wav,2
/USERSPACE/DATASETS/CodecFake/C2/C2/F02_SSB07840258.wav,2
/USERSPACE/DATASETS/CodecFake/C2/C2/F02_SSB01220440.wav,2
/USERSPACE/DATASETS/CodecFake/C2/C2/F02_p282_002.wav,2
/USERSPACE/DATASETS/CodecFake/C2/C2/F02_SSB15550074.wav,2
/USERSPACE/DATASETS/CodecFake/C2/C2/F02_SSB03790168.wav,2
/USERSPACE/DATASETS/CodecFake/C2/C2/F02_SSB15630477.wav,2
/USERSPACE/DATASETS/CodecFake/C2/C2/F02_SSB01450242.wav,2
/USERSPACE/DATASETS/CodecFake/C2/C2/F02_SSB07860234.wav,2
/USERSPACE/DATASETS/CodecFake/C2/C2/F02_p261_146.wav,2
/USERSPACE/DATASETS/CodecFake/C2/C2/F02_SSB10200314.wav,2
/USERSPACE/DATASETS/CodecFake/C2/C2/F02_p263_272.wav,2
/USERSPACE/DATASETS/CodecFake/C2/C2/F02_SSB06140067.wav,2
/USERSPACE/DATASETS/CodecFake/C2/C2/F02_SSB06230443.wav,2
/USERSPACE/DATASETS/CodecFake/C2/C2/F02_SSB09660134.wav,2
/USERSPACE/DATASETS/CodecFake/C2/C2/F02_SSB03150280.wav,2
/USERSPACE/DATASETS/CodecFake/C2/C2/F02_p316_276.wav,2
/USERSPACE/DATASETS/CodecFake/C2/C2/F02_p258_407.wav,2
/USERSPACE/DATASETS/CodecFake/C2/C2/F02_SSB07860345.wav,2
/USERSPACE/DATASETS/CodecFake/C2/C2/F02_SSB19350444.wav,2
/USERSPACE/DATASETS/CodecFake/C2/C2/F02_SSB06660005.wav,2
/USERSPACE/DATASETS/CodecFake/C2/C2/F02_SSB13410070.wav,2
/USERSPACE/DATASETS/CodecFake/C2/C2/F02_SSB11000318.wav,2
/USERSPACE/DATASETS/CodecFake/C2/C2/F02_p252_132.wav,2
/USERSPACE/DATASETS/CodecFake/C2/C2/F02_SSB15550319.wav,2
/USERSPACE/DATASETS/CodecFake/C2/C2/F02_p257_311.wav,2
/USERSPACE/DATASETS/CodecFake/C2/C2/F02_SSB07780336.wav,2
/USERSPACE/DATASETS/CodecFake/C2/C2/F02_SSB12180412.wav,2
/USERSPACE/DATASETS/CodecFake/C2/C2/F02_SSB00430138.wav,2
/USERSPACE/DATASETS/CodecFake/C2/C2/F02_SSB14310005.wav,2
/USERSPACE/DATASETS/CodecFake/C2/C2/F02_p305_055.wav,2
/USERSPACE/DATASETS/CodecFake/C2/C2/F02_SSB13820205.wav,2
/USERSPACE/DATASETS/CodecFake/C2/C2/F02_SSB06140460.wav,2
/USERSPACE/DATASETS/CodecFake/C2/C2/F02_SSB15750378.wav,2
/USERSPACE/DATASETS/CodecFake/C2/C2/F02_p362_161.wav,2
/USERSPACE/DATASETS/CodecFake/C2/C2/F02_SSB19390236.wav,2
/USERSPACE/DATASETS/CodecFake/C2/C2/F02_SSB06290065.wav,2
/USERSPACE/DATASETS/CodecFake/C2/C2/F02_p281_395.wav,2
/USERSPACE/DATASETS/CodecFake/C2/C2/F02_SSB07580418.wav,2
/USERSPACE/DATASETS/CodecFake/C2/C2/F02_SSB10720346.wav,2
/USERSPACE/DATASETS/CodecFake/C2/C2/F02_p351_329.wav,2
/USERSPACE/DATASETS/CodecFake/C2/C2/F02_p292_060.wav,2
/USERSPACE/DATASETS/CodecFake/C2/C2/F02_SSB04820014.wav,2
/USERSPACE/DATASETS/CodecFake/C2/C2/F02_SSB00120278.wav,2
/USERSPACE/DATASETS/CodecFake/C2/C2/F02_SSB15550321.wav,2
/USERSPACE/DATASETS/CodecFake/C2/C2/F02_SSB07840278.wav,2
/USERSPACE/DATASETS/CodecFake/C2/C2/F02_SSB07620055.wav,2
/USERSPACE/DATASETS/CodecFake/C2/C2/F02_p281_336.wav,2
/USERSPACE/DATASETS/CodecFake/C2/C2/F02_SSB10720062.wav,2
/USERSPACE/DATASETS/CodecFake/C2/C2/F02_SSB03070372.wav,2
/USERSPACE/DATASETS/CodecFake/C2/C2/F02_SSB13400016.wav,2
/USERSPACE/DATASETS/CodecFake/C2/C2/F02_SSB04150131.wav,2
/USERSPACE/DATASETS/CodecFake/C2/C2/F02_SSB07940110.wav,2
/USERSPACE/DATASETS/CodecFake/C2/C2/F02_p228_291.wav,2
/USERSPACE/DATASETS/CodecFake/C2/C2/F02_SSB11760461.wav,2
/USERSPACE/DATASETS/CodecFake/C2/C2/F02_p249_109.wav,2
/USERSPACE/DATASETS/CodecFake/C2/C2/F02_SSB06060391.wav,2
/USERSPACE/DATASETS/CodecFake/C2/C2/F02_SSB15750404.wav,2
/USERSPACE/DATASETS/CodecFake/C2/C2/F02_p336_312.wav,2
/USERSPACE/DATASETS/CodecFake/C2/C2/F02_SSB06230091.wav,2
/USERSPACE/DATASETS/CodecFake/C2/C2/F02_SSB07360254.wav,2
/USERSPACE/DATASETS/CodecFake/C2/C2/F02_p274_328.wav,2
/USERSPACE/DATASETS/CodecFake/C2/C2/F02_p280_128.wav,2
/USERSPACE/DATASETS/CodecFake/C2/C2/F02_p245_068.wav,2
/USERSPACE/DATASETS/CodecFake/C2/C2/F02_SSB13770266.wav,2
/USERSPACE/DATASETS/CodecFake/C2/C2/F02_p246_252.wav,2
/USERSPACE/DATASETS/CodecFake/C2/C2/F02_p305_354.wav,2
/USERSPACE/DATASETS/CodecFake/C2/C2/F02_p287_402.wav,2
/USERSPACE/DATASETS/CodecFake/C2/C2/F02_SSB03070302.wav,2
/USERSPACE/DATASETS/CodecFake/C2/C2/F02_p341_222.wav,2
/USERSPACE/DATASETS/CodecFake/C2/C2/F02_SSB00430081.wav,2
/USERSPACE/DATASETS/CodecFake/C2/C2/F02_SSB11870350.wav,2
/USERSPACE/DATASETS/CodecFake/C2/C2/F02_SSB18780148.wav,2
/USERSPACE/DATASETS/CodecFake/C2/C2/F02_p285_070.wav,2
/USERSPACE/DATASETS/CodecFake/C2/C2/F02_p311_420.wav,2
/USERSPACE/DATASETS/CodecFake/C2/C2/F02_p277_325.wav,2
/USERSPACE/DATASETS/CodecFake/C2/C2/F02_SSB00120426.wav,2
/USERSPACE/DATASETS/CodecFake/C2/C2/F02_SSB02610013.wav,2
/USERSPACE/DATASETS/CodecFake/C2/C2/F02_SSB07480396.wav,2
/USERSPACE/DATASETS/CodecFake/C2/C2/F02_SSB11000365.wav,2
/USERSPACE/DATASETS/CodecFake/C2/C2/F02_SSB13920205.wav,2
/USERSPACE/DATASETS/CodecFake/C2/C2/F02_SSB10560057.wav,2
/USERSPACE/DATASETS/CodecFake/C2/C2/F02_SSB12190386.wav,2
/USERSPACE/DATASETS/CodecFake/C2/C2/F02_p259_398.wav,2
/USERSPACE/DATASETS/CodecFake/C2/C2/F02_SSB03790036.wav,2
/USERSPACE/DATASETS/CodecFake/C2/C2/F02_SSB04820395.wav,2
/USERSPACE/DATASETS/CodecFake/C2/C2/F02_SSB18100451.wav,2
/USERSPACE/DATASETS/CodecFake/C2/C2/F02_p249_267.wav,2
/USERSPACE/DATASETS/CodecFake/C2/C2/F02_SSB00330211.wav,2
/USERSPACE/DATASETS/CodecFake/C2/C2/F02_SSB06860457.wav,2
/USERSPACE/DATASETS/CodecFake/C2/C2/F02_p283_387.wav,2
/USERSPACE/DATASETS/CodecFake/C2/C2/F02_SSB13920014.wav,2
/USERSPACE/DATASETS/CodecFake/C2/C2/F02_SSB19020263.wav,2
/USERSPACE/DATASETS/CodecFake/C2/C2/F02_SSB09660031.wav,2
/USERSPACE/DATASETS/CodecFake/C2/C2/F02_SSB05340297.wav,2
/USERSPACE/DATASETS/CodecFake/C2/C2/F02_p276_137.wav,2
/USERSPACE/DATASETS/CodecFake/C2/C2/F02_SSB19390126.wav,2
/USERSPACE/DATASETS/CodecFake/C2/C2/F02_SSB07100275.wav,2
/USERSPACE/DATASETS/CodecFake/C2/C2/F02_SSB04340068.wav,2
/USERSPACE/DATASETS/CodecFake/C2/C2/F02_p276_028.wav,2
/USERSPACE/DATASETS/CodecFake/C2/C2/F02_p243_133.wav,2
/USERSPACE/DATASETS/CodecFake/C2/C2/F02_SSB16250404.wav,2
/USERSPACE/DATASETS/CodecFake/C2/C2/F02_p264_486.wav,2
/USERSPACE/DATASETS/CodecFake/C2/C2/F02_SSB15550301.wav,2
/USERSPACE/DATASETS/CodecFake/C2/C2/F02_SSB12390344.wav,2
/USERSPACE/DATASETS/CodecFake/C2/C2/F02_SSB03070114.wav,2
/USERSPACE/DATASETS/CodecFake/C2/C2/F02_SSB09930065.wav,2
/USERSPACE/DATASETS/CodecFake/C2/C2/F02_p282_302.wav,2
/USERSPACE/DATASETS/CodecFake/C2/C2/F02_SSB05880208.wav,2
/USERSPACE/DATASETS/CodecFake/C2/C2/F02_p268_300.wav,2
/USERSPACE/DATASETS/CodecFake/C2/C2/F02_SSB06030137.wav,2
/USERSPACE/DATASETS/CodecFake/C2/C2/F02_SSB13400008.wav,2
/USERSPACE/DATASETS/CodecFake/C2/C2/F02_p293_088.wav,2
/USERSPACE/DATASETS/CodecFake/C2/C2/F02_p307_230.wav,2
/USERSPACE/DATASETS/CodecFake/C2/C2/F02_SSB10200322.wav,2
/USERSPACE/DATASETS/CodecFake/C2/C2/F02_SSB11000476.wav,2
/USERSPACE/DATASETS/CodecFake/C2/C2/F02_SSB18100002.wav,2
/USERSPACE/DATASETS/CodecFake/C2/C2/F02_SSB03750164.wav,2
/USERSPACE/DATASETS/CodecFake/C2/C2/F02_SSB10560329.wav,2
/USERSPACE/DATASETS/CodecFake/C2/C2/F02_SSB08710408.wav,2
/USERSPACE/DATASETS/CodecFake/C2/C2/F02_SSB12180149.wav,2
/USERSPACE/DATASETS/CodecFake/C2/C2/F02_SSB01330070.wav,2
/USERSPACE/DATASETS/CodecFake/C2/C2/F02_SSB16250170.wav,2
/USERSPACE/DATASETS/CodecFake/C2/C2/F02_SSB19390206.wav,2
/USERSPACE/DATASETS/CodecFake/C2/C2/F02_p363_383.wav,2
/USERSPACE/DATASETS/CodecFake/C2/C2/F02_p326_370.wav,2
/USERSPACE/DATASETS/CodecFake/C2/C2/F02_p270_174.wav,2
/USERSPACE/DATASETS/CodecFake/C2/C2/F02_SSB16240021.wav,2
/USERSPACE/DATASETS/CodecFake/C2/C2/F02_SSB00180264.wav,2
/USERSPACE/DATASETS/CodecFake/C2/C2/F02_SSB07230316.wav,2
/USERSPACE/DATASETS/CodecFake/C2/C2/F02_SSB17450239.wav,2
/USERSPACE/DATASETS/CodecFake/C2/C2/F02_SSB15670105.wav,2
/USERSPACE/DATASETS/CodecFake/C2/C2/F02_p233_189.wav,2
/USERSPACE/DATASETS/CodecFake/C2/C2/F02_p246_342.wav,2
/USERSPACE/DATASETS/CodecFake/C2/C2/F02_SSB11000298.wav,2
/USERSPACE/DATASETS/CodecFake/C2/C2/F02_SSB10200494.wav,2
/USERSPACE/DATASETS/CodecFake/C2/C2/F02_p239_484.wav,2
/USERSPACE/DATASETS/CodecFake/C2/C2/F02_p301_397.wav,2
/USERSPACE/DATASETS/CodecFake/C2/C2/F02_SSB05990290.wav,2
/USERSPACE/DATASETS/CodecFake/C2/C2/F02_SSB07580435.wav,2
/USERSPACE/DATASETS/CodecFake/C2/C2/F02_SSB05900261.wav,2
/USERSPACE/DATASETS/CodecFake/C2/C2/F02_SSB00120418.wav,2
/USERSPACE/DATASETS/CodecFake/C2/C2/F02_SSB02730044.wav,2
/USERSPACE/DATASETS/CodecFake/C2/C2/F02_p376_112.wav,2
/USERSPACE/DATASETS/CodecFake/C2/C2/F02_p256_158.wav,2
/USERSPACE/DATASETS/CodecFake/C2/C2/F02_SSB03950123.wav,2
/USERSPACE/DATASETS/CodecFake/C2/C2/F02_SSB15670023.wav,2
/USERSPACE/DATASETS/CodecFake/C2/C2/F02_SSB17390145.wav,2
/USERSPACE/DATASETS/CodecFake/C2/C2/F02_p266_035.wav,2
/USERSPACE/DATASETS/CodecFake/C2/C2/F02_SSB02410431.wav,2
/USERSPACE/DATASETS/CodecFake/C2/C2/F02_SSB16990209.wav,2
/USERSPACE/DATASETS/CodecFake/C2/C2/F02_SSB16990322.wav,2
/USERSPACE/DATASETS/CodecFake/C2/C2/F02_SSB02730050.wav,2
/USERSPACE/DATASETS/CodecFake/C2/C2/F02_SSB07100034.wav,2
/USERSPACE/DATASETS/CodecFake/C2/C2/F02_SSB06710332.wav,2
/USERSPACE/DATASETS/CodecFake/C2/C2/F02_p259_263.wav,2
/USERSPACE/DATASETS/CodecFake/C2/C2/F02_p351_246.wav,2
/USERSPACE/DATASETS/CodecFake/C2/C2/F02_SSB05390236.wav,2
/USERSPACE/DATASETS/CodecFake/C2/C2/F02_p253_181.wav,2
/USERSPACE/DATASETS/CodecFake/C2/C2/F02_SSB13200424.wav,2
/USERSPACE/DATASETS/CodecFake/C2/C2/F02_SSB06310302.wav,2
/USERSPACE/DATASETS/CodecFake/C2/C2/F02_SSB18100188.wav,2
/USERSPACE/DATASETS/CodecFake/C2/C2/F02_SSB03850458.wav,2
/USERSPACE/DATASETS/CodecFake/C2/C2/F02_p275_231.wav,2
/USERSPACE/DATASETS/CodecFake/C2/C2/F02_p230_286.wav,2
/USERSPACE/DATASETS/CodecFake/C2/C2/F02_SSB01120245.wav,2
/USERSPACE/DATASETS/CodecFake/C2/C2/F02_SSB03790302.wav,2
/USERSPACE/DATASETS/CodecFake/C2/C2/F02_SSB07100496.wav,2
/USERSPACE/DATASETS/CodecFake/C2/C2/F02_SSB09150035.wav,2
/USERSPACE/DATASETS/CodecFake/C2/C2/F02_SSB07160206.wav,2
/USERSPACE/DATASETS/CodecFake/C2/C2/F02_p264_289.wav,2
/USERSPACE/DATASETS/CodecFake/C2/C2/F02_SSB19390072.wav,2
/USERSPACE/DATASETS/CodecFake/C2/C2/F02_SSB09190416.wav,2
/USERSPACE/DATASETS/CodecFake/C2/C2/F02_SSB11360267.wav,2
/USERSPACE/DATASETS/CodecFake/C2/C2/F02_SSB03160396.wav,2
/USERSPACE/DATASETS/CodecFake/C2/C2/F02_p263_052.wav,2
/USERSPACE/DATASETS/CodecFake/C2/C2/F02_p279_250.wav,2
/USERSPACE/DATASETS/CodecFake/C2/C2/F02_SSB07510138.wav,2
/USERSPACE/DATASETS/CodecFake/C2/C2/F02_p252_238.wav,2
/USERSPACE/DATASETS/CodecFake/C2/C2/F02_SSB18630028.wav,2
/USERSPACE/DATASETS/CodecFake/C2/C2/F02_SSB06090321.wav,2
/USERSPACE/DATASETS/CodecFake/C2/C2/F02_p299_310.wav,2
/USERSPACE/DATASETS/CodecFake/C2/C2/F02_p247_409.wav,2
/USERSPACE/DATASETS/CodecFake/C2/C2/F02_SSB07860170.wav,2
/USERSPACE/DATASETS/CodecFake/C2/C2/F02_p262_321.wav,2
/USERSPACE/DATASETS/CodecFake/C2/C2/F02_SSB13850060.wav,2
/USERSPACE/DATASETS/CodecFake/C2/C2/F02_SSB05350070.wav,2
/USERSPACE/DATASETS/CodecFake/C2/C2/F02_SSB18630391.wav,2
/USERSPACE/DATASETS/CodecFake/C2/C2/F02_p247_031.wav,2
/USERSPACE/DATASETS/CodecFake/C2/C2/F02_SSB03950133.wav,2
/USERSPACE/DATASETS/CodecFake/C2/C2/F02_SSB02730028.wav,2
/USERSPACE/DATASETS/CodecFake/C2/C2/F02_SSB05440418.wav,2
/USERSPACE/DATASETS/CodecFake/C2/C2/F02_SSB16840450.wav,2
/USERSPACE/DATASETS/CodecFake/C2/C2/F02_SSB13930431.wav,2
/USERSPACE/DATASETS/CodecFake/C2/C2/F02_SSB19390402.wav,2
/USERSPACE/DATASETS/CodecFake/C2/C2/F02_SSB17450166.wav,2
/USERSPACE/DATASETS/CodecFake/C2/C2/F02_p264_392.wav,2
/USERSPACE/DATASETS/CodecFake/C2/C2/F02_SSB08090136.wav,2
/USERSPACE/DATASETS/CodecFake/C2/C2/F02_SSB10910181.wav,2
/USERSPACE/DATASETS/CodecFake/C2/C2/F02_SSB16860276.wav,2
/USERSPACE/DATASETS/CodecFake/C2/C2/F02_p376_063.wav,2
/USERSPACE/DATASETS/CodecFake/C2/C2/F02_SSB06070127.wav,2
/USERSPACE/DATASETS/CodecFake/C2/C2/F02_SSB03090223.wav,2
/USERSPACE/DATASETS/CodecFake/C2/C2/F02_p252_299.wav,2
/USERSPACE/DATASETS/CodecFake/C2/C2/F02_SSB07840176.wav,2
/USERSPACE/DATASETS/CodecFake/C2/C2/F02_SSB05020256.wav,2
/USERSPACE/DATASETS/CodecFake/C2/C2/F02_SSB13410012.wav,2
/USERSPACE/DATASETS/CodecFake/C2/C2/F02_SSB07580205.wav,2
/USERSPACE/DATASETS/CodecFake/C2/C2/F02_SSB03820308.wav,2
/USERSPACE/DATASETS/CodecFake/C2/C2/F02_p292_359.wav,2
/USERSPACE/DATASETS/CodecFake/C2/C2/F02_SSB10960122.wav,2
/USERSPACE/DATASETS/CodecFake/C2/C2/F02_SSB18280336.wav,2
/USERSPACE/DATASETS/CodecFake/C2/C2/F02_SSB06070088.wav,2
/USERSPACE/DATASETS/CodecFake/C2/C2/F02_SSB02730390.wav,2
/USERSPACE/DATASETS/CodecFake/C2/C2/F02_SSB02410019.wav,2
/USERSPACE/DATASETS/CodecFake/C2/C2/F02_SSB13650137.wav,2
/USERSPACE/DATASETS/CodecFake/C2/C2/F02_p264_218.wav,2
/USERSPACE/DATASETS/CodecFake/C2/C2/F02_SSB06070214.wav,2
/USERSPACE/DATASETS/CodecFake/C2/C2/F02_p317_274.wav,2
/USERSPACE/DATASETS/CodecFake/C2/C2/F02_SSB09870487.wav,2
/USERSPACE/DATASETS/CodecFake/C2/C2/F02_SSB17810322.wav,2
/USERSPACE/DATASETS/CodecFake/C2/C2/F02_p341_297.wav,2
/USERSPACE/DATASETS/CodecFake/C2/C2/F02_SSB15750125.wav,2
/USERSPACE/DATASETS/CodecFake/C2/C2/F02_p343_261.wav,2
/USERSPACE/DATASETS/CodecFake/C2/C2/F02_SSB17820472.wav,2
/USERSPACE/DATASETS/CodecFake/C2/C2/F02_SSB18910384.wav,2
/USERSPACE/DATASETS/CodecFake/C2/C2/F02_p360_071.wav,2
/USERSPACE/DATASETS/CodecFake/C2/C2/F02_SSB07620182.wav,2
/USERSPACE/DATASETS/CodecFake/C2/C2/F02_SSB13410312.wav,2
/USERSPACE/DATASETS/CodecFake/C2/C2/F02_SSB15850344.wav,2
/USERSPACE/DATASETS/CodecFake/C2/C2/F02_SSB13850280.wav,2
/USERSPACE/DATASETS/CodecFake/C2/C2/F02_p265_113.wav,2
/USERSPACE/DATASETS/CodecFake/C2/C2/F02_SSB00800393.wav,2
/USERSPACE/DATASETS/CodecFake/C2/C2/F02_p238_022.wav,2
/USERSPACE/DATASETS/CodecFake/C2/C2/F02_SSB05900065.wav,2
/USERSPACE/DATASETS/CodecFake/C2/C2/F02_SSB01490030.wav,2
/USERSPACE/DATASETS/CodecFake/C2/C2/F02_SSB07370236.wav,2
/USERSPACE/DATASETS/CodecFake/C2/C2/F02_SSB11870340.wav,2
/USERSPACE/DATASETS/CodecFake/C2/C2/F02_SSB00380276.wav,2
/USERSPACE/DATASETS/CodecFake/C2/C2/F02_SSB11100029.wav,2
/USERSPACE/DATASETS/CodecFake/C2/C2/F02_SSB01450103.wav,2
/USERSPACE/DATASETS/CodecFake/C2/C2/F02_SSB08170133.wav,2
/USERSPACE/DATASETS/CodecFake/C2/C2/F02_SSB07840490.wav,2
/USERSPACE/DATASETS/CodecFake/C2/C2/F02_SSB09190165.wav,2
/USERSPACE/DATASETS/CodecFake/C2/C2/F02_SSB00120196.wav,2
/USERSPACE/DATASETS/CodecFake/C2/C2/F02_SSB06090171.wav,2
/USERSPACE/DATASETS/CodecFake/C2/C2/F02_p252_099.wav,2
/USERSPACE/DATASETS/CodecFake/C2/C2/F02_SSB07940062.wav,2
/USERSPACE/DATASETS/CodecFake/C2/C2/F02_p293_278.wav,2
/USERSPACE/DATASETS/CodecFake/C2/C2/F02_SSB07020208.wav,2
/USERSPACE/DATASETS/CodecFake/C2/C2/F02_SSB06680062.wav,2
/USERSPACE/DATASETS/CodecFake/C2/C2/F02_SSB03070215.wav,2
/USERSPACE/DATASETS/CodecFake/C2/C2/F02_SSB00430391.wav,2
/USERSPACE/DATASETS/CodecFake/C2/C2/F02_SSB06010121.wav,2
/USERSPACE/DATASETS/CodecFake/C2/C2/F02_p334_115.wav,2
/USERSPACE/DATASETS/CodecFake/C2/C2/F02_SSB07580384.wav,2
/USERSPACE/DATASETS/CodecFake/C2/C2/F02_SSB07100490.wav,2
/USERSPACE/DATASETS/CodecFake/C2/C2/F02_p313_067.wav,2
/USERSPACE/DATASETS/CodecFake/C2/C2/F02_SSB15630329.wav,2
/USERSPACE/DATASETS/CodecFake/C2/C2/F02_SSB04150417.wav,2
/USERSPACE/DATASETS/CodecFake/C2/C2/F02_SSB10960327.wav,2
/USERSPACE/DATASETS/CodecFake/C2/C2/F02_SSB04340366.wav,2
/USERSPACE/DATASETS/CodecFake/C2/C2/F02_SSB15930084.wav,2
/USERSPACE/DATASETS/CodecFake/C2/C2/F02_p246_102.wav,2
/USERSPACE/DATASETS/CodecFake/C2/C2/F02_SSB10960147.wav,2
/USERSPACE/DATASETS/CodecFake/C2/C2/F02_SSB03930209.wav,2
/USERSPACE/DATASETS/CodecFake/C2/C2/F02_p239_227.wav,2
/USERSPACE/DATASETS/CodecFake/C2/C2/F02_SSB07510025.wav,2
/USERSPACE/DATASETS/CodecFake/C2/C2/F02_p259_217.wav,2
/USERSPACE/DATASETS/CodecFake/C2/C2/F02_SSB06090101.wav,2
/USERSPACE/DATASETS/CodecFake/C2/C2/F02_SSB00380119.wav,2
/USERSPACE/DATASETS/CodecFake/C2/C2/F02_SSB18310124.wav,2
/USERSPACE/DATASETS/CodecFake/C2/C2/F02_p310_362.wav,2
/USERSPACE/DATASETS/CodecFake/C2/C2/F02_SSB03090418.wav,2
/USERSPACE/DATASETS/CodecFake/C2/C2/F02_SSB03750456.wav,2
/USERSPACE/DATASETS/CodecFake/C2/C2/F02_p313_280.wav,2
/USERSPACE/DATASETS/CodecFake/C2/C2/F02_p247_156.wav,2
/USERSPACE/DATASETS/CodecFake/C2/C2/F02_SSB16070059.wav,2
/USERSPACE/DATASETS/CodecFake/C2/C2/F02_p278_246.wav,2
/USERSPACE/DATASETS/CodecFake/C2/C2/F02_SSB05350116.wav,2
/USERSPACE/DATASETS/CodecFake/C2/C2/F02_SSB06290316.wav,2
/USERSPACE/DATASETS/CodecFake/C2/C2/F02_p305_110.wav,2
/USERSPACE/DATASETS/CodecFake/C2/C2/F02_p339_199.wav,2
/USERSPACE/DATASETS/CodecFake/C2/C2/F02_SSB07100389.wav,2
/USERSPACE/DATASETS/CodecFake/C2/C2/F02_p236_173.wav,2
/USERSPACE/DATASETS/CodecFake/C2/C2/F02_SSB03160082.wav,2
/USERSPACE/DATASETS/CodecFake/C2/C2/F02_p364_234.wav,2
/USERSPACE/DATASETS/CodecFake/C2/C2/F02_SSB03800115.wav,2
/USERSPACE/DATASETS/CodecFake/C2/C2/F02_p263_340.wav,2
/USERSPACE/DATASETS/CodecFake/C2/C2/F02_SSB03750206.wav,2
/USERSPACE/DATASETS/CodecFake/C2/C2/F02_SSB10960344.wav,2
/USERSPACE/DATASETS/CodecFake/C2/C2/F02_SSB13660189.wav,2
/USERSPACE/DATASETS/CodecFake/C2/C2/F02_SSB07480209.wav,2
/USERSPACE/DATASETS/CodecFake/C2/C2/F02_SSB07480057.wav,2
/USERSPACE/DATASETS/CodecFake/C2/C2/F02_SSB15630116.wav,2
/USERSPACE/DATASETS/CodecFake/C2/C2/F02_p271_401.wav,2
/USERSPACE/DATASETS/CodecFake/C2/C2/F02_SSB10240284.wav,2
/USERSPACE/DATASETS/CodecFake/C2/C2/F02_p294_021.wav,2
/USERSPACE/DATASETS/CodecFake/C2/C2/F02_SSB09190200.wav,2
/USERSPACE/DATASETS/CodecFake/C2/C2/F02_p345_149.wav,2
/USERSPACE/DATASETS/CodecFake/C2/C2/F02_SSB10960074.wav,2
/USERSPACE/DATASETS/CodecFake/C2/C2/F02_SSB19020267.wav,2
/USERSPACE/DATASETS/CodecFake/C2/C2/F02_SSB05350075.wav,2
/USERSPACE/DATASETS/CodecFake/C2/C2/F02_SSB14080114.wav,2
/USERSPACE/DATASETS/CodecFake/C2/C2/F02_SSB07490448.wav,2
/USERSPACE/DATASETS/CodecFake/C2/C2/F02_p249_211.wav,2
/USERSPACE/DATASETS/CodecFake/C2/C2/F02_SSB07580065.wav,2
/USERSPACE/DATASETS/CodecFake/C2/C2/F02_SSB07100143.wav,2
/USERSPACE/DATASETS/CodecFake/C2/C2/F02_SSB07160322.wav,2
/USERSPACE/DATASETS/CodecFake/C2/C2/F02_p226_178.wav,2
/USERSPACE/DATASETS/CodecFake/C2/C2/F02_p303_002.wav,2
/USERSPACE/DATASETS/CodecFake/C2/C2/F02_SSB05390088.wav,2
/USERSPACE/DATASETS/CodecFake/C2/C2/F02_SSB02990221.wav,2
/USERSPACE/DATASETS/CodecFake/C2/C2/F02_SSB11080245.wav,2
/USERSPACE/DATASETS/CodecFake/C2/C2/F02_SSB03750011.wav,2
/USERSPACE/DATASETS/CodecFake/C2/C2/F02_SSB19560392.wav,2
/USERSPACE/DATASETS/CodecFake/C2/C2/F02_SSB04820234.wav,2
/USERSPACE/DATASETS/CodecFake/C2/C2/F02_p281_295.wav,2
/USERSPACE/DATASETS/CodecFake/C2/C2/F02_p239_165.wav,2
/USERSPACE/DATASETS/CodecFake/C2/C2/F02_SSB03800468.wav,2
/USERSPACE/DATASETS/CodecFake/C2/C2/F02_SSB05390441.wav,2
/USERSPACE/DATASETS/CodecFake/C2/C2/F02_SSB15630352.wav,2
/USERSPACE/DATASETS/CodecFake/C2/C2/F02_SSB04350362.wav,2
/USERSPACE/DATASETS/CodecFake/C2/C2/F02_SSB09350370.wav,2
/USERSPACE/DATASETS/CodecFake/C2/C2/F02_SSB03380039.wav,2
/USERSPACE/DATASETS/CodecFake/C2/C2/F02_SSB13650013.wav,2
/USERSPACE/DATASETS/CodecFake/C2/C2/F02_SSB06070308.wav,2
/USERSPACE/DATASETS/CodecFake/C2/C2/F02_p315_111.wav,2
/USERSPACE/DATASETS/CodecFake/C2/C2/F02_SSB06010468.wav,2
/USERSPACE/DATASETS/CodecFake/C2/C2/F02_p267_395.wav,2
/USERSPACE/DATASETS/CodecFake/C2/C2/F02_SSB02610147.wav,2
/USERSPACE/DATASETS/CodecFake/C2/C2/F02_SSB05780437.wav,2
/USERSPACE/DATASETS/CodecFake/C2/C2/F02_SSB10200029.wav,2
/USERSPACE/DATASETS/CodecFake/C2/C2/F02_SSB13220283.wav,2
/USERSPACE/DATASETS/CodecFake/C2/C2/F02_SSB03090340.wav,2
/USERSPACE/DATASETS/CodecFake/C2/C2/F02_SSB14520428.wav,2
/USERSPACE/DATASETS/CodecFake/C2/C2/F02_p233_236.wav,2
/USERSPACE/DATASETS/CodecFake/C2/C2/F02_SSB12190220.wav,2
/USERSPACE/DATASETS/CodecFake/C2/C2/F02_SSB05780435.wav,2
/USERSPACE/DATASETS/CodecFake/C2/C2/F02_p261_333.wav,2
/USERSPACE/DATASETS/CodecFake/C2/C2/F02_p286_004.wav,2
/USERSPACE/DATASETS/CodecFake/C2/C2/F02_SSB15630369.wav,2
/USERSPACE/DATASETS/CodecFake/C2/C2/F02_SSB11310411.wav,2
/USERSPACE/DATASETS/CodecFake/C2/C2/F02_SSB17820397.wav,2
/USERSPACE/DATASETS/CodecFake/C2/C2/F02_SSB16240333.wav,2
/USERSPACE/DATASETS/CodecFake/C2/C2/F02_SSB03940233.wav,2
/USERSPACE/DATASETS/CodecFake/C2/C2/F02_SSB16860041.wav,2
/USERSPACE/DATASETS/CodecFake/C2/C2/F02_SSB18280338.wav,2
/USERSPACE/DATASETS/CodecFake/C2/C2/F02_p304_365.wav,2
/USERSPACE/DATASETS/CodecFake/C2/C2/F02_p308_029.wav,2
/USERSPACE/DATASETS/CodecFake/C2/C2/F02_SSB11610132.wav,2
/USERSPACE/DATASETS/CodecFake/C2/C2/F02_SSB00050036.wav,2
/USERSPACE/DATASETS/CodecFake/C2/C2/F02_SSB01220175.wav,2
/USERSPACE/DATASETS/CodecFake/C2/C2/F02_p267_329.wav,2
/USERSPACE/DATASETS/CodecFake/C2/C2/F02_SSB13410359.wav,2
/USERSPACE/DATASETS/CodecFake/C2/C2/F02_SSB16860218.wav,2
/USERSPACE/DATASETS/CodecFake/C2/C2/F02_p303_097.wav,2
/USERSPACE/DATASETS/CodecFake/C2/C2/F02_SSB01970309.wav,2
/USERSPACE/DATASETS/CodecFake/C2/C2/F02_SSB00110473.wav,2
/USERSPACE/DATASETS/CodecFake/C2/C2/F02_SSB00800474.wav,2
/USERSPACE/DATASETS/CodecFake/C2/C2/F02_SSB08630161.wav,2
/USERSPACE/DATASETS/CodecFake/C2/C2/F02_p312_051.wav,2
/USERSPACE/DATASETS/CodecFake/C2/C2/F02_p304_049.wav,2
/USERSPACE/DATASETS/CodecFake/C2/C2/F02_p241_249.wav,2
/USERSPACE/DATASETS/CodecFake/C2/C2/F02_SSB00330065.wav,2
/USERSPACE/DATASETS/CodecFake/C2/C2/F02_SSB11150366.wav,2
/USERSPACE/DATASETS/CodecFake/C2/C2/F02_SSB03930314.wav,2
/USERSPACE/DATASETS/CodecFake/C2/C2/F02_SSB07020160.wav,2
/USERSPACE/DATASETS/CodecFake/C2/C2/F02_SSB11260256.wav,2
/USERSPACE/DATASETS/CodecFake/C2/C2/F02_SSB12390157.wav,2
/USERSPACE/DATASETS/CodecFake/C2/C2/F02_SSB03800159.wav,2
/USERSPACE/DATASETS/CodecFake/C2/C2/F02_SSB09660247.wav,2
/USERSPACE/DATASETS/CodecFake/C2/C2/F02_SSB00380216.wav,2
/USERSPACE/DATASETS/CodecFake/C2/C2/F02_p275_223.wav,2
/USERSPACE/DATASETS/CodecFake/C2/C2/F02_SSB18090283.wav,2
/USERSPACE/DATASETS/CodecFake/C2/C2/F02_SSB07800199.wav,2
/USERSPACE/DATASETS/CodecFake/C2/C2/F02_p228_088.wav,2
/USERSPACE/DATASETS/CodecFake/C2/C2/F02_SSB13280143.wav,2
/USERSPACE/DATASETS/CodecFake/C2/C2/F02_SSB18630086.wav,2
/USERSPACE/DATASETS/CodecFake/C2/C2/F02_SSB07620326.wav,2
/USERSPACE/DATASETS/CodecFake/C2/C2/F02_SSB15550193.wav,2
/USERSPACE/DATASETS/CodecFake/C2/C2/F02_p238_391.wav,2
/USERSPACE/DATASETS/CodecFake/C2/C2/F02_p228_074.wav,2
/USERSPACE/DATASETS/CodecFake/C2/C2/F02_SSB10200466.wav,2
/USERSPACE/DATASETS/CodecFake/C2/C2/F02_p312_217.wav,2
/USERSPACE/DATASETS/CodecFake/C2/C2/F02_SSB06070477.wav,2
/USERSPACE/DATASETS/CodecFake/C2/C2/F02_SSB10960277.wav,2
/USERSPACE/DATASETS/CodecFake/C2/C2/F02_p250_313.wav,2
/USERSPACE/DATASETS/CodecFake/C2/C2/F02_SSB17810458.wav,2
/USERSPACE/DATASETS/CodecFake/C2/C2/F02_p267_290.wav,2
/USERSPACE/DATASETS/CodecFake/C2/C2/F02_p272_092.wav,2
/USERSPACE/DATASETS/CodecFake/C2/C2/F02_SSB00430224.wav,2
/USERSPACE/DATASETS/CodecFake/C2/C2/F02_SSB00570113.wav,2
/USERSPACE/DATASETS/CodecFake/C2/C2/F02_p271_277.wav,2
/USERSPACE/DATASETS/CodecFake/C2/C2/F02_p231_252.wav,2
/USERSPACE/DATASETS/CodecFake/C2/C2/F02_SSB11310139.wav,2
/USERSPACE/DATASETS/CodecFake/C2/C2/F02_SSB14480366.wav,2
/USERSPACE/DATASETS/CodecFake/C2/C2/F02_p298_322.wav,2
/USERSPACE/DATASETS/CodecFake/C2/C2/F02_SSB03800261.wav,2
/USERSPACE/DATASETS/CodecFake/C2/C2/F02_p238_114.wav,2
/USERSPACE/DATASETS/CodecFake/C2/C2/F02_SSB13220273.wav,2
/USERSPACE/DATASETS/CodecFake/C2/C2/F02_p272_330.wav,2
/USERSPACE/DATASETS/CodecFake/C2/C2/F02_p330_093.wav,2
/USERSPACE/DATASETS/CodecFake/C2/C2/F02_SSB07600146.wav,2
/USERSPACE/DATASETS/CodecFake/C2/C2/F02_p227_255.wav,2
/USERSPACE/DATASETS/CodecFake/C2/C2/F02_SSB10960175.wav,2
/USERSPACE/DATASETS/CodecFake/C2/C2/F02_SSB07200439.wav,2
/USERSPACE/DATASETS/CodecFake/C2/C2/F02_SSB05390345.wav,2
/USERSPACE/DATASETS/CodecFake/C2/C2/F02_SSB00570219.wav,2
/USERSPACE/DATASETS/CodecFake/C2/C2/F02_SSB15750364.wav,2
/USERSPACE/DATASETS/CodecFake/C2/C2/F02_SSB03660444.wav,2
/USERSPACE/DATASETS/CodecFake/C2/C2/F02_SSB17590441.wav,2
/USERSPACE/DATASETS/CodecFake/C2/C2/F02_SSB04820456.wav,2
/USERSPACE/DATASETS/CodecFake/C2/C2/F02_SSB09870034.wav,2
/USERSPACE/DATASETS/CodecFake/C2/C2/F02_SSB16860146.wav,2
/USERSPACE/DATASETS/CodecFake/C2/C2/F02_SSB03410074.wav,2
/USERSPACE/DATASETS/CodecFake/C2/C2/F02_SSB13650192.wav,2
/USERSPACE/DATASETS/CodecFake/C2/C2/F02_p274_107.wav,2
/USERSPACE/DATASETS/CodecFake/C2/C2/F02_SSB18370119.wav,2
/USERSPACE/DATASETS/CodecFake/C2/C2/F02_SSB11000017.wav,2
/USERSPACE/DATASETS/CodecFake/C2/C2/F02_p314_391.wav,2
/USERSPACE/DATASETS/CodecFake/C2/C2/F02_SSB05440001.wav,2
/USERSPACE/DATASETS/CodecFake/C2/C2/F02_SSB10560235.wav,2
/USERSPACE/DATASETS/CodecFake/C2/C2/F02_p305_389.wav,2
/USERSPACE/DATASETS/CodecFake/C2/C2/F02_SSB16700110.wav,2
/USERSPACE/DATASETS/CodecFake/C2/C2/F02_SSB06090094.wav,2
/USERSPACE/DATASETS/CodecFake/C2/C2/F02_p336_188.wav,2
/USERSPACE/DATASETS/CodecFake/C2/C2/F02_SSB17110075.wav,2
/USERSPACE/DATASETS/CodecFake/C2/C2/F02_p277_132.wav,2
/USERSPACE/DATASETS/CodecFake/C2/C2/F02_SSB18630208.wav,2
/USERSPACE/DATASETS/CodecFake/C2/C2/F02_SSB05650062.wav,2
/USERSPACE/DATASETS/CodecFake/C2/C2/F02_p360_383.wav,2
/USERSPACE/DATASETS/CodecFake/C2/C2/F02_SSB00050321.wav,2
/USERSPACE/DATASETS/CodecFake/C2/C2/F02_p238_042.wav,2
/USERSPACE/DATASETS/CodecFake/C2/C2/F02_p334_207.wav,2
/USERSPACE/DATASETS/CodecFake/C2/C2/F02_SSB05900323.wav,2
/USERSPACE/DATASETS/CodecFake/C2/C2/F02_SSB07360235.wav,2
/USERSPACE/DATASETS/CodecFake/C2/C2/F02_SSB09660448.wav,2
/USERSPACE/DATASETS/CodecFake/C2/C2/F02_p343_209.wav,2
/USERSPACE/DATASETS/CodecFake/C2/C2/F02_SSB14020089.wav,2
/USERSPACE/DATASETS/CodecFake/C2/C2/F02_SSB09930137.wav,2
/USERSPACE/DATASETS/CodecFake/C2/C2/F02_SSB08710032.wav,2
/USERSPACE/DATASETS/CodecFake/C2/C2/F02_p340_194.wav,2
/USERSPACE/DATASETS/CodecFake/C2/C2/F02_SSB07860441.wav,2
/USERSPACE/DATASETS/CodecFake/C2/C2/F02_SSB06140397.wav,2
/USERSPACE/DATASETS/CodecFake/C2/C2/F02_p333_287.wav,2
/USERSPACE/DATASETS/CodecFake/C2/C2/F02_p284_248.wav,2
/USERSPACE/DATASETS/CodecFake/C2/C2/F02_SSB00430469.wav,2
/USERSPACE/DATASETS/CodecFake/C2/C2/F02_SSB19180021.wav,2
/USERSPACE/DATASETS/CodecFake/C2/C2/F02_SSB04270258.wav,2
/USERSPACE/DATASETS/CodecFake/C2/C2/F02_p233_170.wav,2
/USERSPACE/DATASETS/CodecFake/C2/C2/F02_SSB03950348.wav,2
/USERSPACE/DATASETS/CodecFake/C2/C2/F02_SSB01490228.wav,2
/USERSPACE/DATASETS/CodecFake/C2/C2/F02_SSB06930372.wav,2
/USERSPACE/DATASETS/CodecFake/C2/C2/F02_SSB03540182.wav,2
/USERSPACE/DATASETS/CodecFake/C2/C2/F02_SSB02410023.wav,2
/USERSPACE/DATASETS/CodecFake/C2/C2/F02_p239_473.wav,2
/USERSPACE/DATASETS/CodecFake/C2/C2/F02_p336_320.wav,2
/USERSPACE/DATASETS/CodecFake/C2/C2/F02_SSB18280157.wav,2
/USERSPACE/DATASETS/CodecFake/C2/C2/F02_p276_245.wav,2
/USERSPACE/DATASETS/CodecFake/C2/C2/F02_SSB13410153.wav,2
/USERSPACE/DATASETS/CodecFake/C2/C2/F02_SSB03820166.wav,2
/USERSPACE/DATASETS/CodecFake/C2/C2/F02_SSB10560441.wav,2
/USERSPACE/DATASETS/CodecFake/C2/C2/F02_SSB01330200.wav,2
/USERSPACE/DATASETS/CodecFake/C2/C2/F02_SSB16860327.wav,2
/USERSPACE/DATASETS/CodecFake/C2/C2/F02_SSB13990220.wav,2
/USERSPACE/DATASETS/CodecFake/C2/C2/F02_SSB18780073.wav,2
/USERSPACE/DATASETS/CodecFake/C2/C2/F02_p240_303.wav,2
/USERSPACE/DATASETS/CodecFake/C2/C2/F02_SSB10550075.wav,2
/USERSPACE/DATASETS/CodecFake/C2/C2/F02_p267_178.wav,2
/USERSPACE/DATASETS/CodecFake/C2/C2/F02_SSB16990146.wav,2
/USERSPACE/DATASETS/CodecFake/C2/C2/F02_SSB00120123.wav,2
/USERSPACE/DATASETS/CodecFake/C2/C2/F02_p250_139.wav,2
/USERSPACE/DATASETS/CodecFake/C2/C2/F02_SSB14020269.wav,2
/USERSPACE/DATASETS/CodecFake/C2/C2/F02_p268_077.wav,2
/USERSPACE/DATASETS/CodecFake/C2/C2/F02_p285_261.wav,2
/USERSPACE/DATASETS/CodecFake/C2/C2/F02_SSB05440460.wav,2
/USERSPACE/DATASETS/CodecFake/C2/C2/F02_p298_297.wav,2
/USERSPACE/DATASETS/CodecFake/C2/C2/F02_SSB05880011.wav,2
/USERSPACE/DATASETS/CodecFake/C2/C2/F02_p249_018.wav,2
/USERSPACE/DATASETS/CodecFake/C2/C2/F02_SSB05020373.wav,2
/USERSPACE/DATASETS/CodecFake/C2/C2/F02_SSB07460211.wav,2
/USERSPACE/DATASETS/CodecFake/C2/C2/F02_p232_338.wav,2
/USERSPACE/DATASETS/CodecFake/C2/C2/F02_SSB07600176.wav,2
/USERSPACE/DATASETS/CodecFake/C2/C2/F02_SSB14570406.wav,2
/USERSPACE/DATASETS/CodecFake/C2/C2/F02_SSB13200167.wav,2
/USERSPACE/DATASETS/CodecFake/C2/C2/F02_SSB16070143.wav,2
/USERSPACE/DATASETS/CodecFake/C2/C2/F02_SSB11380276.wav,2
/USERSPACE/DATASETS/CodecFake/C2/C2/F02_p305_295.wav,2
/USERSPACE/DATASETS/CodecFake/C2/C2/F02_SSB18910479.wav,2
/USERSPACE/DATASETS/CodecFake/C2/C2/F02_SSB09130210.wav,2
/USERSPACE/DATASETS/CodecFake/C2/C2/F02_p297_331.wav,2
/USERSPACE/DATASETS/CodecFake/C2/C2/F02_SSB15670369.wav,2
/USERSPACE/DATASETS/CodecFake/C2/C2/F02_SSB10020428.wav,2
/USERSPACE/DATASETS/CodecFake/C2/C2/F02_SSB01120418.wav,2
/USERSPACE/DATASETS/CodecFake/C2/C2/F02_SSB12040263.wav,2
/USERSPACE/DATASETS/CodecFake/C2/C2/F02_p275_349.wav,2
/USERSPACE/DATASETS/CodecFake/C2/C2/F02_SSB06680149.wav,2
/USERSPACE/DATASETS/CodecFake/C2/C2/F02_SSB18060251.wav,2
/USERSPACE/DATASETS/CodecFake/C2/C2/F02_p265_237.wav,2
/USERSPACE/DATASETS/CodecFake/C2/C2/F02_SSB07620320.wav,2
/USERSPACE/DATASETS/CodecFake/C2/C2/F02_SSB03420290.wav,2
/USERSPACE/DATASETS/CodecFake/C2/C2/F02_p301_202.wav,2
/USERSPACE/DATASETS/CodecFake/C2/C2/F02_SSB16990452.wav,2
/USERSPACE/DATASETS/CodecFake/C2/C2/F02_SSB13930146.wav,2
/USERSPACE/DATASETS/CodecFake/C2/C2/F02_SSB12040270.wav,2
/USERSPACE/DATASETS/CodecFake/C2/C2/F02_SSB03090349.wav,2
/USERSPACE/DATASETS/CodecFake/C2/C2/F02_SSB16700358.wav,2
/USERSPACE/DATASETS/CodecFake/C2/C2/F02_p279_364.wav,2
/USERSPACE/DATASETS/CodecFake/C2/C2/F02_SSB03410243.wav,2
/USERSPACE/DATASETS/CodecFake/C2/C2/F02_SSB13280187.wav,2
/USERSPACE/DATASETS/CodecFake/C2/C2/F02_SSB00730024.wav,2
/USERSPACE/DATASETS/CodecFake/C2/C2/F02_SSB14570037.wav,2
/USERSPACE/DATASETS/CodecFake/C2/C2/F02_SSB03390329.wav,2
/USERSPACE/DATASETS/CodecFake/C2/C2/F02_p305_379.wav,2
/USERSPACE/DATASETS/CodecFake/C2/C2/F02_SSB07800056.wav,2
/USERSPACE/DATASETS/CodecFake/C2/C2/F02_p310_171.wav,2
/USERSPACE/DATASETS/CodecFake/C2/C2/F02_SSB03390479.wav,2
/USERSPACE/DATASETS/CodecFake/C2/C2/F02_p298_368.wav,2
/USERSPACE/DATASETS/CodecFake/C2/C2/F02_SSB15750270.wav,2
/USERSPACE/DATASETS/CodecFake/C2/C2/F02_SSB02000377.wav,2
/USERSPACE/DATASETS/CodecFake/C2/C2/F02_SSB03420336.wav,2
/USERSPACE/DATASETS/CodecFake/C2/C2/F02_SSB03410327.wav,2
/USERSPACE/DATASETS/CodecFake/C2/C2/F02_p329_351.wav,2
/USERSPACE/DATASETS/CodecFake/C2/C2/F02_SSB08220438.wav,2
/USERSPACE/DATASETS/CodecFake/C2/C2/F02_SSB05700109.wav,2
/USERSPACE/DATASETS/CodecFake/C2/C2/F02_p239_101.wav,2
/USERSPACE/DATASETS/CodecFake/C2/C2/F02_SSB03750367.wav,2
/USERSPACE/DATASETS/CodecFake/C2/C2/F02_SSB16070256.wav,2
/USERSPACE/DATASETS/CodecFake/C2/C2/F02_p230_041.wav,2
/USERSPACE/DATASETS/CodecFake/C2/C2/F02_SSB07170093.wav,2
/USERSPACE/DATASETS/CodecFake/C2/C2/F02_SSB18460289.wav,2
/USERSPACE/DATASETS/CodecFake/C2/C2/F02_SSB03540316.wav,2
/USERSPACE/DATASETS/CodecFake/C2/C2/F02_SSB12180095.wav,2
/USERSPACE/DATASETS/CodecFake/C2/C2/F02_SSB16500342.wav,2
/USERSPACE/DATASETS/CodecFake/C2/C2/F02_SSB05020333.wav,2
/USERSPACE/DATASETS/CodecFake/C2/C2/F02_p236_181.wav,2
/USERSPACE/DATASETS/CodecFake/C2/C2/F02_p281_447.wav,2
/USERSPACE/DATASETS/CodecFake/C2/C2/F02_SSB11760192.wav,2
/USERSPACE/DATASETS/CodecFake/C2/C2/F02_p308_112.wav,2
/USERSPACE/DATASETS/CodecFake/C2/C2/F02_SSB00730215.wav,2
/USERSPACE/DATASETS/CodecFake/C2/C2/F02_SSB08170254.wav,2
/USERSPACE/DATASETS/CodecFake/C2/C2/F02_p263_143.wav,2
/USERSPACE/DATASETS/CodecFake/C2/C2/F02_SSB10010001.wav,2
/USERSPACE/DATASETS/CodecFake/C2/C2/F02_p339_075.wav,2
/USERSPACE/DATASETS/CodecFake/C2/C2/F02_p246_352.wav,2
/USERSPACE/DATASETS/CodecFake/C2/C2/F02_SSB10000298.wav,2
/USERSPACE/DATASETS/CodecFake/C2/C2/F02_p293_098.wav,2
/USERSPACE/DATASETS/CodecFake/C2/C2/F02_SSB10560371.wav,2
/USERSPACE/DATASETS/CodecFake/C2/C2/F02_p329_215.wav,2
/USERSPACE/DATASETS/CodecFake/C2/C2/F02_SSB03070488.wav,2
/USERSPACE/DATASETS/CodecFake/C2/C2/F02_SSB08220188.wav,2
/USERSPACE/DATASETS/CodecFake/C2/C2/F02_p316_305.wav,2
/USERSPACE/DATASETS/CodecFake/C2/C2/F02_p351_004.wav,2
/USERSPACE/DATASETS/CodecFake/C2/C2/F02_SSB06660316.wav,2
/USERSPACE/DATASETS/CodecFake/C2/C2/F02_SSB11250325.wav,2
/USERSPACE/DATASETS/CodecFake/C2/C2/F02_p270_333.wav,2
/USERSPACE/DATASETS/CodecFake/C2/C2/F02_SSB06680083.wav,2
/USERSPACE/DATASETS/CodecFake/C2/C2/F02_SSB06060040.wav,2
/USERSPACE/DATASETS/CodecFake/C2/C2/F02_SSB04070390.wav,2
/USERSPACE/DATASETS/CodecFake/C2/C2/F02_SSB06230102.wav,2
/USERSPACE/DATASETS/CodecFake/C2/C2/F02_p361_234.wav,2
/USERSPACE/DATASETS/CodecFake/C2/C2/F02_SSB05940433.wav,2
/USERSPACE/DATASETS/CodecFake/C2/C2/F02_SSB11610466.wav,2
/USERSPACE/DATASETS/CodecFake/C2/C2/F02_SSB02730119.wav,2
/USERSPACE/DATASETS/CodecFake/C2/C2/F02_SSB02990219.wav,2
/USERSPACE/DATASETS/CodecFake/C2/C2/F02_SSB10960507.wav,2
/USERSPACE/DATASETS/CodecFake/C2/C2/F02_SSB18780450.wav,2
/USERSPACE/DATASETS/CodecFake/C2/C2/F02_SSB12030314.wav,2
/USERSPACE/DATASETS/CodecFake/C2/C2/F02_SSB04350509.wav,2
/USERSPACE/DATASETS/CodecFake/C2/C2/F02_SSB13850145.wav,2
/USERSPACE/DATASETS/CodecFake/C2/C2/F02_SSB07000418.wav,2
/USERSPACE/DATASETS/CodecFake/C2/C2/F02_p285_004.wav,2
/USERSPACE/DATASETS/CodecFake/C2/C2/F02_SSB02460331.wav,2
/USERSPACE/DATASETS/CodecFake/C2/C2/F02_p270_190.wav,2
/USERSPACE/DATASETS/CodecFake/C2/C2/F02_p294_317.wav,2
/USERSPACE/DATASETS/CodecFake/C2/C2/F02_SSB13850397.wav,2
/USERSPACE/DATASETS/CodecFake/C2/C2/F02_SSB12740240.wav,2
/USERSPACE/DATASETS/CodecFake/C2/C2/F02_SSB13410389.wav,2
/USERSPACE/DATASETS/CodecFake/C2/C2/F02_SSB03940204.wav,2
/USERSPACE/DATASETS/CodecFake/C2/C2/F02_SSB07800096.wav,2
/USERSPACE/DATASETS/CodecFake/C2/C2/F02_p295_364.wav,2
/USERSPACE/DATASETS/CodecFake/C2/C2/F02_p313_186.wav,2
/USERSPACE/DATASETS/CodecFake/C2/C2/F02_p311_004.wav,2
/USERSPACE/DATASETS/CodecFake/C2/C2/F02_SSB00120077.wav,2
/USERSPACE/DATASETS/CodecFake/C2/C2/F02_p273_393.wav,2
/USERSPACE/DATASETS/CodecFake/C2/C2/F02_SSB15850313.wav,2
/USERSPACE/DATASETS/CodecFake/C2/C2/F02_p275_311.wav,2
/USERSPACE/DATASETS/CodecFake/C2/C2/F02_SSB14520108.wav,2
/USERSPACE/DATASETS/CodecFake/C2/C2/F02_SSB17590471.wav,2
/USERSPACE/DATASETS/CodecFake/C2/C2/F02_p340_370.wav,2
/USERSPACE/DATASETS/CodecFake/C2/C2/F02_p250_464.wav,2
/USERSPACE/DATASETS/CodecFake/C2/C2/F02_SSB07020341.wav,2
/USERSPACE/DATASETS/CodecFake/C2/C2/F02_p227_223.wav,2
/USERSPACE/DATASETS/CodecFake/C2/C2/F02_SSB01390028.wav,2
/USERSPACE/DATASETS/CodecFake/C2/C2/F02_p247_103.wav,2
/USERSPACE/DATASETS/CodecFake/C2/C2/F02_SSB00050390.wav,2
/USERSPACE/DATASETS/CodecFake/C2/C2/F02_SSB17820244.wav,2
/USERSPACE/DATASETS/CodecFake/C2/C2/F02_SSB18720240.wav,2
/USERSPACE/DATASETS/CodecFake/C2/C2/F02_SSB00110374.wav,2
/USERSPACE/DATASETS/CodecFake/C2/C2/F02_SSB01450421.wav,2
/USERSPACE/DATASETS/CodecFake/C2/C2/F02_SSB06070430.wav,2
/USERSPACE/DATASETS/CodecFake/C2/C2/F02_SSB06230474.wav,2
/USERSPACE/DATASETS/CodecFake/C2/C2/F02_SSB06320089.wav,2
/USERSPACE/DATASETS/CodecFake/C2/C2/F02_SSB17820463.wav,2
/USERSPACE/DATASETS/CodecFake/C2/C2/F02_SSB07360424.wav,2
/USERSPACE/DATASETS/CodecFake/C2/C2/F02_p271_200.wav,2
/USERSPACE/DATASETS/CodecFake/C2/C2/F02_p330_375.wav,2
/USERSPACE/DATASETS/CodecFake/C2/C2/F02_p274_179.wav,2
/USERSPACE/DATASETS/CodecFake/C2/C2/F02_SSB16070269.wav,2
/USERSPACE/DATASETS/CodecFake/C2/C2/F02_SSB10200262.wav,2
/USERSPACE/DATASETS/CodecFake/C2/C2/F02_SSB13770168.wav,2
/USERSPACE/DATASETS/CodecFake/C2/C2/F02_SSB01970164.wav,2
/USERSPACE/DATASETS/CodecFake/C2/C2/F02_p263_115.wav,2
/USERSPACE/DATASETS/CodecFake/C2/C2/F02_SSB02870111.wav,2
/USERSPACE/DATASETS/CodecFake/C2/C2/F02_p282_211.wav,2
/USERSPACE/DATASETS/CodecFake/C2/C2/F02_p295_213.wav,2
/USERSPACE/DATASETS/CodecFake/C2/C2/F02_SSB01120432.wav,2
/USERSPACE/DATASETS/CodecFake/C2/C2/F02_SSB01220085.wav,2
/USERSPACE/DATASETS/CodecFake/C2/C2/F02_SSB09930440.wav,2
/USERSPACE/DATASETS/CodecFake/C2/C2/F02_SSB00730430.wav,2
/USERSPACE/DATASETS/CodecFake/C2/C2/F02_SSB07580063.wav,2
/USERSPACE/DATASETS/CodecFake/C2/C2/F02_SSB07940363.wav,2
/USERSPACE/DATASETS/CodecFake/C2/C2/F02_SSB13820333.wav,2
/USERSPACE/DATASETS/CodecFake/C2/C2/F02_SSB02610260.wav,2
/USERSPACE/DATASETS/CodecFake/C2/C2/F02_SSB04260291.wav,2
/USERSPACE/DATASETS/CodecFake/C2/C2/F02_p364_051.wav,2
/USERSPACE/DATASETS/CodecFake/C2/C2/F02_p252_113.wav,2
/USERSPACE/DATASETS/CodecFake/C2/C2/F02_p294_121.wav,2
/USERSPACE/DATASETS/CodecFake/C2/C2/F02_SSB13660280.wav,2
/USERSPACE/DATASETS/CodecFake/C2/C2/F02_p264_035.wav,2
/USERSPACE/DATASETS/CodecFake/C2/C2/F02_SSB15550060.wav,2
/USERSPACE/DATASETS/CodecFake/C2/C2/F02_SSB07780313.wav,2
/USERSPACE/DATASETS/CodecFake/C2/C2/F02_p279_031.wav,2
/USERSPACE/DATASETS/CodecFake/C2/C2/F02_SSB06930084.wav,2
/USERSPACE/DATASETS/CodecFake/C2/C2/F02_p300_093.wav,2
/USERSPACE/DATASETS/CodecFake/C2/C2/F02_SSB09870156.wav,2
/USERSPACE/DATASETS/CodecFake/C2/C2/F02_SSB03230061.wav,2
/USERSPACE/DATASETS/CodecFake/C2/C2/F02_SSB07110097.wav,2
/USERSPACE/DATASETS/CodecFake/C2/C2/F02_SSB00160355.wav,2
/USERSPACE/DATASETS/CodecFake/C2/C2/F02_SSB13280270.wav,2
/USERSPACE/DATASETS/CodecFake/C2/C2/F02_p280_377.wav,2
/USERSPACE/DATASETS/CodecFake/C2/C2/F02_SSB07840504.wav,2
/USERSPACE/DATASETS/CodecFake/C2/C2/F02_SSB01120174.wav,2
/USERSPACE/DATASETS/CodecFake/C2/C2/F02_SSB07200134.wav,2
/USERSPACE/DATASETS/CodecFake/C2/C2/F02_SSB13280448.wav,2
/USERSPACE/DATASETS/CodecFake/C2/C2/F02_p376_139.wav,2
/USERSPACE/DATASETS/CodecFake/C2/C2/F02_SSB11380441.wav,2
/USERSPACE/DATASETS/CodecFake/C2/C2/F02_SSB18090009.wav,2
/USERSPACE/DATASETS/CodecFake/C2/C2/F02_SSB17280297.wav,2
/USERSPACE/DATASETS/CodecFake/C2/C2/F02_SSB01450150.wav,2
/USERSPACE/DATASETS/CodecFake/C2/C2/F02_SSB16990278.wav,2
/USERSPACE/DATASETS/CodecFake/C2/C2/F02_SSB12160512.wav,2
/USERSPACE/DATASETS/CodecFake/C2/C2/F02_SSB12150031.wav,2
/USERSPACE/DATASETS/CodecFake/C2/C2/F02_p288_131.wav,2
/USERSPACE/DATASETS/CodecFake/C2/C2/F02_p256_230.wav,2
/USERSPACE/DATASETS/CodecFake/C2/C2/F02_SSB06070286.wav,2
/USERSPACE/DATASETS/CodecFake/C2/C2/F02_SSB17110351.wav,2
/USERSPACE/DATASETS/CodecFake/C2/C2/F02_SSB03410202.wav,2
/USERSPACE/DATASETS/CodecFake/C2/C2/F02_p231_064.wav,2
/USERSPACE/DATASETS/CodecFake/C2/C2/F02_SSB08870271.wav,2
/USERSPACE/DATASETS/CodecFake/C2/C2/F02_SSB00120035.wav,2
/USERSPACE/DATASETS/CodecFake/C2/C2/F02_p303_247.wav,2
/USERSPACE/DATASETS/CodecFake/C2/C2/F02_SSB05700294.wav,2
/USERSPACE/DATASETS/CodecFake/C2/C2/F02_p294_008.wav,2
/USERSPACE/DATASETS/CodecFake/C2/C2/F02_SSB13200483.wav,2
/USERSPACE/DATASETS/CodecFake/C2/C2/F02_p251_247.wav,2
/USERSPACE/DATASETS/CodecFake/C2/C2/F02_p364_170.wav,2
/USERSPACE/DATASETS/CodecFake/C2/C2/F02_SSB06710321.wav,2
/USERSPACE/DATASETS/CodecFake/C2/C2/F02_p255_272.wav,2
/USERSPACE/DATASETS/CodecFake/C2/C2/F02_p278_082.wav,2
/USERSPACE/DATASETS/CodecFake/C2/C2/F02_SSB01970439.wav,2
/USERSPACE/DATASETS/CodecFake/C2/C2/F02_SSB06320018.wav,2
/USERSPACE/DATASETS/CodecFake/C2/C2/F02_SSB15750201.wav,2
/USERSPACE/DATASETS/CodecFake/C2/C2/F02_SSB18370198.wav,2
/USERSPACE/DATASETS/CodecFake/C2/C2/F02_SSB17820275.wav,2
/USERSPACE/DATASETS/CodecFake/C2/C2/F02_SSB17110454.wav,2
/USERSPACE/DATASETS/CodecFake/C2/C2/F02_SSB07170078.wav,2
/USERSPACE/DATASETS/CodecFake/C2/C2/F02_p347_284.wav,2
/USERSPACE/DATASETS/CodecFake/C2/C2/F02_SSB05780332.wav,2
/USERSPACE/DATASETS/CodecFake/C2/C2/F02_p226_205.wav,2
/USERSPACE/DATASETS/CodecFake/C2/C2/F02_p317_015.wav,2
/USERSPACE/DATASETS/CodecFake/C2/C2/F02_p317_204.wav,2
/USERSPACE/DATASETS/CodecFake/C2/C2/F02_p361_041.wav,2
/USERSPACE/DATASETS/CodecFake/C2/C2/F02_p280_277.wav,2
/USERSPACE/DATASETS/CodecFake/C2/C2/F02_SSB10720342.wav,2
/USERSPACE/DATASETS/CodecFake/C2/C2/F02_p283_158.wav,2
/USERSPACE/DATASETS/CodecFake/C2/C2/F02_SSB19350340.wav,2
/USERSPACE/DATASETS/CodecFake/C2/C2/F02_SSB13020197.wav,2
/USERSPACE/DATASETS/CodecFake/C2/C2/F02_p239_053.wav,2
/USERSPACE/DATASETS/CodecFake/C2/C2/F02_p264_460.wav,2
/USERSPACE/DATASETS/CodecFake/C2/C2/F02_p250_020.wav,2
/USERSPACE/DATASETS/CodecFake/C2/C2/F02_SSB03820312.wav,2
/USERSPACE/DATASETS/CodecFake/C2/C2/F02_SSB01970460.wav,2
/USERSPACE/DATASETS/CodecFake/C2/C2/F02_SSB10560074.wav,2
/USERSPACE/DATASETS/CodecFake/C2/C2/F02_SSB00330131.wav,2
/USERSPACE/DATASETS/CodecFake/C2/C2/F02_SSB03750439.wav,2
/USERSPACE/DATASETS/CodecFake/C2/C2/F02_SSB03230415.wav,2
/USERSPACE/DATASETS/CodecFake/C2/C2/F02_p268_378.wav,2
/USERSPACE/DATASETS/CodecFake/C2/C2/F02_SSB13650174.wav,2
/USERSPACE/DATASETS/CodecFake/C2/C2/F02_p248_101.wav,2
/USERSPACE/DATASETS/CodecFake/C2/C2/F02_SSB17280206.wav,2
/USERSPACE/DATASETS/CodecFake/C2/C2/F02_p297_417.wav,2
/USERSPACE/DATASETS/CodecFake/C2/C2/F02_p317_048.wav,2
/USERSPACE/DATASETS/CodecFake/C2/C2/F02_SSB01330434.wav,2
/USERSPACE/DATASETS/CodecFake/C2/C2/F02_SSB05020072.wav,2
/USERSPACE/DATASETS/CodecFake/C2/C2/F02_SSB17110273.wav,2
/USERSPACE/DATASETS/CodecFake/C2/C2/F02_SSB15930325.wav,2
/USERSPACE/DATASETS/CodecFake/C2/C2/F02_SSB03800420.wav,2
/USERSPACE/DATASETS/CodecFake/C2/C2/F02_SSB05650353.wav,2
/USERSPACE/DATASETS/CodecFake/C2/C2/F02_SSB10500049.wav,2
/USERSPACE/DATASETS/CodecFake/C2/C2/F02_p345_363.wav,2
/USERSPACE/DATASETS/CodecFake/C2/C2/F02_SSB08090401.wav,2
/USERSPACE/DATASETS/CodecFake/C2/C2/F02_p278_189.wav,2
/USERSPACE/DATASETS/CodecFake/C2/C2/F02_p228_245.wav,2
/USERSPACE/DATASETS/CodecFake/C2/C2/F02_SSB19390077.wav,2
/USERSPACE/DATASETS/CodecFake/C2/C2/F02_p284_086.wav,2
/USERSPACE/DATASETS/CodecFake/C2/C2/F02_p237_023.wav,2
/USERSPACE/DATASETS/CodecFake/C2/C2/F02_SSB13660002.wav,2
/USERSPACE/DATASETS/CodecFake/C2/C2/F02_p361_027.wav,2
/USERSPACE/DATASETS/CodecFake/C2/C2/F02_p236_195.wav,2
/USERSPACE/DATASETS/CodecFake/C2/C2/F02_SSB03070394.wav,2
/USERSPACE/DATASETS/CodecFake/C2/C2/F02_SSB11870307.wav,2
/USERSPACE/DATASETS/CodecFake/C2/C2/F02_SSB13650231.wav,2
/USERSPACE/DATASETS/CodecFake/C2/C2/F02_SSB00430337.wav,2
/USERSPACE/DATASETS/CodecFake/C2/C2/F02_SSB02410054.wav,2
/USERSPACE/DATASETS/CodecFake/C2/C2/F02_SSB08630010.wav,2
/USERSPACE/DATASETS/CodecFake/C2/C2/F02_SSB16500366.wav,2
/USERSPACE/DATASETS/CodecFake/C2/C2/F02_SSB19350157.wav,2
/USERSPACE/DATASETS/CodecFake/C2/C2/F02_SSB06320218.wav,2
/USERSPACE/DATASETS/CodecFake/C2/C2/F02_SSB08170144.wav,2
/USERSPACE/DATASETS/CodecFake/C2/C2/F02_SSB11080370.wav,2
/USERSPACE/DATASETS/CodecFake/C2/C2/F02_SSB16300257.wav,2
/USERSPACE/DATASETS/CodecFake/C2/C2/F02_SSB07110235.wav,2
/USERSPACE/DATASETS/CodecFake/C2/C2/F02_SSB13660154.wav,2
/USERSPACE/DATASETS/CodecFake/C2/C2/F02_SSB02990093.wav,2
/USERSPACE/DATASETS/CodecFake/C2/C2/F02_SSB03380055.wav,2
/USERSPACE/DATASETS/CodecFake/C2/C2/F02_SSB11250375.wav,2
/USERSPACE/DATASETS/CodecFake/C2/C2/F02_p269_079.wav,2
/USERSPACE/DATASETS/CodecFake/C2/C2/F02_SSB11250221.wav,2
/USERSPACE/DATASETS/CodecFake/C2/C2/F02_SSB19180006.wav,2
/USERSPACE/DATASETS/CodecFake/C2/C2/F02_SSB10960425.wav,2
/USERSPACE/DATASETS/CodecFake/C2/C2/F02_SSB10020186.wav,2
/USERSPACE/DATASETS/CodecFake/C2/C2/F02_p270_031.wav,2
/USERSPACE/DATASETS/CodecFake/C2/C2/F02_p247_051.wav,2
/USERSPACE/DATASETS/CodecFake/C2/C2/F02_p336_006.wav,2
/USERSPACE/DATASETS/CodecFake/C2/C2/F02_p285_067.wav,2
/USERSPACE/DATASETS/CodecFake/C2/C2/F02_SSB16500332.wav,2
/USERSPACE/DATASETS/CodecFake/C2/C2/F02_SSB02990013.wav,2
/USERSPACE/DATASETS/CodecFake/C2/C2/F02_p298_270.wav,2
/USERSPACE/DATASETS/CodecFake/C2/C2/F02_p258_294.wav,2
/USERSPACE/DATASETS/CodecFake/C2/C2/F02_p244_102.wav,2
/USERSPACE/DATASETS/CodecFake/C2/C2/F02_SSB07360095.wav,2
/USERSPACE/DATASETS/CodecFake/C2/C2/F02_SSB10960434.wav,2
/USERSPACE/DATASETS/CodecFake/C2/C2/F02_p284_152.wav,2
/USERSPACE/DATASETS/CodecFake/C2/C2/F02_p305_105.wav,2
/USERSPACE/DATASETS/CodecFake/C2/C2/F02_SSB12180173.wav,2
/USERSPACE/DATASETS/CodecFake/C2/C2/F02_SSB13930187.wav,2
/USERSPACE/DATASETS/CodecFake/C2/C2/F02_SSB11350439.wav,2
/USERSPACE/DATASETS/CodecFake/C2/C2/F02_SSB05940049.wav,2
/USERSPACE/DATASETS/CodecFake/C2/C2/F02_SSB07170101.wav,2
/USERSPACE/DATASETS/CodecFake/C2/C2/F02_SSB06070463.wav,2
/USERSPACE/DATASETS/CodecFake/C2/C2/F02_SSB13770479.wav,2
/USERSPACE/DATASETS/CodecFake/C2/C2/F02_p256_141.wav,2
/USERSPACE/DATASETS/CodecFake/C2/C2/F02_SSB10010054.wav,2
/USERSPACE/DATASETS/CodecFake/C2/C2/F02_p300_386.wav,2
/USERSPACE/DATASETS/CodecFake/C2/C2/F02_SSB18720188.wav,2
/USERSPACE/DATASETS/CodecFake/C2/C2/F02_p307_416.wav,2
/USERSPACE/DATASETS/CodecFake/C2/C2/F02_SSB01390352.wav,2
/USERSPACE/DATASETS/CodecFake/C2/C2/F02_SSB03930306.wav,2
/USERSPACE/DATASETS/CodecFake/C2/C2/F02_SSB03750158.wav,2
/USERSPACE/DATASETS/CodecFake/C2/C2/F02_p351_381.wav,2
/USERSPACE/DATASETS/CodecFake/C2/C2/F02_SSB12530194.wav,2
/USERSPACE/DATASETS/CodecFake/C2/C2/F02_SSB15930221.wav,2
/USERSPACE/DATASETS/CodecFake/C2/C2/F02_SSB06070427.wav,2
/USERSPACE/DATASETS/CodecFake/C2/C2/F02_p251_089.wav,2
/USERSPACE/DATASETS/CodecFake/C2/C2/F02_p361_248.wav,2
/USERSPACE/DATASETS/CodecFake/C2/C2/F02_SSB01970296.wav,2
/USERSPACE/DATASETS/CodecFake/C2/C2/F02_SSB01330240.wav,2
/USERSPACE/DATASETS/CodecFake/C2/C2/F02_p250_450.wav,2
/USERSPACE/DATASETS/CodecFake/C2/C2/F02_SSB06930019.wav,2
/USERSPACE/DATASETS/CodecFake/C2/C2/F02_SSB08710409.wav,2
/USERSPACE/DATASETS/CodecFake/C2/C2/F02_p266_178.wav,2
/USERSPACE/DATASETS/CodecFake/C2/C2/F02_p264_424.wav,2
/USERSPACE/DATASETS/CodecFake/C2/C2/F02_SSB06930014.wav,2
/USERSPACE/DATASETS/CodecFake/C2/C2/F02_SSB18460121.wav,2
/USERSPACE/DATASETS/CodecFake/C2/C2/F02_SSB08510265.wav,2
/USERSPACE/DATASETS/CodecFake/C2/C2/F02_SSB00110385.wav,2
/USERSPACE/DATASETS/CodecFake/C2/C2/F02_SSB14080104.wav,2
/USERSPACE/DATASETS/CodecFake/C2/C2/F02_SSB18090093.wav,2
/USERSPACE/DATASETS/CodecFake/C2/C2/F02_p270_066.wav,2
/USERSPACE/DATASETS/CodecFake/C2/C2/F02_p316_086.wav,2
/USERSPACE/DATASETS/CodecFake/C2/C2/F02_SSB11360107.wav,2
/USERSPACE/DATASETS/CodecFake/C2/C2/F02_p312_148.wav,2
/USERSPACE/DATASETS/CodecFake/C2/C2/F02_SSB06030175.wav,2
/USERSPACE/DATASETS/CodecFake/C2/C2/F02_SSB07620307.wav,2
/USERSPACE/DATASETS/CodecFake/C2/C2/F02_p253_124.wav,2
/USERSPACE/DATASETS/CodecFake/C2/C2/F02_SSB05020265.wav,2
/USERSPACE/DATASETS/CodecFake/C2/C2/F02_p255_250.wav,2
/USERSPACE/DATASETS/CodecFake/C2/C2/F02_SSB02730034.wav,2
/USERSPACE/DATASETS/CodecFake/C2/C2/F02_SSB11080046.wav,2
/USERSPACE/DATASETS/CodecFake/C2/C2/F02_p363_397.wav,2
/USERSPACE/DATASETS/CodecFake/C2/C2/F02_SSB03940451.wav,2
/USERSPACE/DATASETS/CodecFake/C2/C2/F02_SSB10720420.wav,2
/USERSPACE/DATASETS/CodecFake/C2/C2/F02_SSB02870481.wav,2
/USERSPACE/DATASETS/CodecFake/C2/C2/F02_SSB04340367.wav,2
/USERSPACE/DATASETS/CodecFake/C2/C2/F02_SSB16240296.wav,2
/USERSPACE/DATASETS/CodecFake/C2/C2/F02_SSB07580120.wav,2
/USERSPACE/DATASETS/CodecFake/C2/C2/F02_SSB06860010.wav,2
/USERSPACE/DATASETS/CodecFake/C2/C2/F02_p333_195.wav,2
/USERSPACE/DATASETS/CodecFake/C2/C2/F02_SSB16990200.wav,2
/USERSPACE/DATASETS/CodecFake/C2/C2/F02_p311_206.wav,2
/USERSPACE/DATASETS/CodecFake/C2/C2/F02_SSB10020256.wav,2
/USERSPACE/DATASETS/CodecFake/C2/C2/F02_SSB07600148.wav,2
/USERSPACE/DATASETS/CodecFake/C2/C2/F02_SSB06030319.wav,2
/USERSPACE/DATASETS/CodecFake/C2/C2/F02_SSB12040004.wav,2
/USERSPACE/DATASETS/CodecFake/C2/C2/F02_p374_239.wav,2
/USERSPACE/DATASETS/CodecFake/C2/C2/F02_SSB05020200.wav,2
/USERSPACE/DATASETS/CodecFake/C2/C2/F02_SSB00050320.wav,2
/USERSPACE/DATASETS/CodecFake/C2/C2/F02_p265_066.wav,2
/USERSPACE/DATASETS/CodecFake/C2/C2/F02_p241_217.wav,2
/USERSPACE/DATASETS/CodecFake/C2/C2/F02_SSB07480413.wav,2
/USERSPACE/DATASETS/CodecFake/C2/C2/F02_SSB13850057.wav,2
/USERSPACE/DATASETS/CodecFake/C2/C2/F02_p253_130.wav,2
/USERSPACE/DATASETS/CodecFake/C2/C2/F02_p270_068.wav,2
/USERSPACE/DATASETS/CodecFake/C2/C2/F02_p326_372.wav,2
/USERSPACE/DATASETS/CodecFake/C2/C2/F02_SSB09660424.wav,2
/USERSPACE/DATASETS/CodecFake/C2/C2/F02_p326_003.wav,2
/USERSPACE/DATASETS/CodecFake/C2/C2/F02_SSB00380075.wav,2
/USERSPACE/DATASETS/CodecFake/C2/C2/F02_SSB10550271.wav,2
/USERSPACE/DATASETS/CodecFake/C2/C2/F02_SSB13410422.wav,2
/USERSPACE/DATASETS/CodecFake/C2/C2/F02_SSB10910016.wav,2
/USERSPACE/DATASETS/CodecFake/C2/C2/F02_SSB05440144.wav,2
/USERSPACE/DATASETS/CodecFake/C2/C2/F02_SSB05650500.wav,2
/USERSPACE/DATASETS/CodecFake/C2/C2/F02_SSB10000302.wav,2
/USERSPACE/DATASETS/CodecFake/C2/C2/F02_SSB10500386.wav,2
/USERSPACE/DATASETS/CodecFake/C2/C2/F02_p311_244.wav,2
/USERSPACE/DATASETS/CodecFake/C2/C2/F02_SSB05020392.wav,2
/USERSPACE/DATASETS/CodecFake/C2/C2/F02_SSB00570327.wav,2
/USERSPACE/DATASETS/CodecFake/C2/C2/F02_SSB06140117.wav,2
/USERSPACE/DATASETS/CodecFake/C2/C2/F02_SSB11080274.wav,2
/USERSPACE/DATASETS/CodecFake/C2/C2/F02_p258_409.wav,2
/USERSPACE/DATASETS/CodecFake/C2/C2/F02_p259_406.wav,2
/USERSPACE/DATASETS/CodecFake/C2/C2/F02_SSB05900416.wav,2
/USERSPACE/DATASETS/CodecFake/C2/C2/F02_SSB12030113.wav,2
/USERSPACE/DATASETS/CodecFake/C2/C2/F02_p305_399.wav,2
/USERSPACE/DATASETS/CodecFake/C2/C2/F02_SSB07860211.wav,2
/USERSPACE/DATASETS/CodecFake/C2/C2/F02_SSB19350196.wav,2
/USERSPACE/DATASETS/CodecFake/C2/C2/F02_SSB01220264.wav,2
/USERSPACE/DATASETS/CodecFake/C2/C2/F02_SSB13650265.wav,2
/USERSPACE/DATASETS/CodecFake/C2/C2/F02_p318_317.wav,2
/USERSPACE/DATASETS/CodecFake/C2/C2/F02_SSB05780263.wav,2
/USERSPACE/DATASETS/CodecFake/C2/C2/F02_SSB10560332.wav,2
/USERSPACE/DATASETS/CodecFake/C2/C2/F02_SSB00160041.wav,2
/USERSPACE/DATASETS/CodecFake/C2/C2/F02_SSB11250263.wav,2
/USERSPACE/DATASETS/CodecFake/C2/C2/F02_SSB03940352.wav,2
/USERSPACE/DATASETS/CodecFake/C2/C2/F02_SSB13410456.wav,2
/USERSPACE/DATASETS/CodecFake/C2/C2/F02_SSB04820228.wav,2
/USERSPACE/DATASETS/CodecFake/C2/C2/F02_SSB04820258.wav,2
/USERSPACE/DATASETS/CodecFake/C2/C2/F02_SSB12030062.wav,2
/USERSPACE/DATASETS/CodecFake/C2/C2/F02_SSB01490450.wav,2
/USERSPACE/DATASETS/CodecFake/C2/C2/F02_p361_040.wav,2
/USERSPACE/DATASETS/CodecFake/C2/C2/F02_p231_104.wav,2
/USERSPACE/DATASETS/CodecFake/C2/C2/F02_SSB00110151.wav,2
/USERSPACE/DATASETS/CodecFake/C2/C2/F02_SSB05900442.wav,2
/USERSPACE/DATASETS/CodecFake/C2/C2/F02_SSB05700473.wav,2
/USERSPACE/DATASETS/CodecFake/C2/C2/F02_p282_267.wav,2
/USERSPACE/DATASETS/CodecFake/C2/C2/F02_SSB19350153.wav,2
/USERSPACE/DATASETS/CodecFake/C2/C2/F02_SSB08630102.wav,2
/USERSPACE/DATASETS/CodecFake/C2/C2/F02_SSB02610237.wav,2
/USERSPACE/DATASETS/CodecFake/C2/C2/F02_SSB05650504.wav,2
/USERSPACE/DATASETS/CodecFake/C2/C2/F02_SSB13650222.wav,2
/USERSPACE/DATASETS/CodecFake/C2/C2/F02_SSB10640072.wav,2
/USERSPACE/DATASETS/CodecFake/C2/C2/F02_p234_305.wav,2
/USERSPACE/DATASETS/CodecFake/C2/C2/F02_SSB18280092.wav,2
/USERSPACE/DATASETS/CodecFake/C2/C2/F02_p270_446.wav,2
/USERSPACE/DATASETS/CodecFake/C2/C2/F02_SSB00160457.wav,2
/USERSPACE/DATASETS/CodecFake/C2/C2/F02_SSB07800008.wav,2
/USERSPACE/DATASETS/CodecFake/C2/C2/F02_SSB12180189.wav,2
/USERSPACE/DATASETS/CodecFake/C2/C2/F02_SSB11310156.wav,2
/USERSPACE/DATASETS/CodecFake/C2/C2/F02_SSB16500084.wav,2
/USERSPACE/DATASETS/CodecFake/C2/C2/F02_SSB02870095.wav,2
/USERSPACE/DATASETS/CodecFake/C2/C2/F02_SSB05020120.wav,2
/USERSPACE/DATASETS/CodecFake/C2/C2/F02_SSB05020176.wav,2
/USERSPACE/DATASETS/CodecFake/C2/C2/F02_SSB19180271.wav,2
/USERSPACE/DATASETS/CodecFake/C2/C2/F02_p311_344.wav,2
/USERSPACE/DATASETS/CodecFake/C2/C2/F02_p339_055.wav,2
/USERSPACE/DATASETS/CodecFake/C2/C2/F02_SSB13770471.wav,2
/USERSPACE/DATASETS/CodecFake/C2/C2/F02_SSB12740139.wav,2
/USERSPACE/DATASETS/CodecFake/C2/C2/F02_p281_351.wav,2
/USERSPACE/DATASETS/CodecFake/C2/C2/F02_p246_121.wav,2
/USERSPACE/DATASETS/CodecFake/C2/C2/F02_SSB15750160.wav,2
/USERSPACE/DATASETS/CodecFake/C2/C2/F02_SSB00430388.wav,2
/USERSPACE/DATASETS/CodecFake/C2/C2/F02_SSB17110490.wav,2
/USERSPACE/DATASETS/CodecFake/C2/C2/F02_SSB00430105.wav,2
/USERSPACE/DATASETS/CodecFake/C2/C2/F02_p333_078.wav,2
/USERSPACE/DATASETS/CodecFake/C2/C2/F02_SSB00430063.wav,2
/USERSPACE/DATASETS/CodecFake/C2/C2/F02_SSB03750025.wav,2
/USERSPACE/DATASETS/CodecFake/C2/C2/F02_SSB09190032.wav,2
/USERSPACE/DATASETS/CodecFake/C2/C2/F02_SSB11970102.wav,2
/USERSPACE/DATASETS/CodecFake/C2/C2/F02_p313_315.wav,2
/USERSPACE/DATASETS/CodecFake/C2/C2/F02_p244_093.wav,2
/USERSPACE/DATASETS/CodecFake/C2/C2/F02_p285_251.wav,2
/USERSPACE/DATASETS/CodecFake/C2/C2/F02_SSB15750062.wav,2
/USERSPACE/DATASETS/CodecFake/C2/C2/F02_SSB03380063.wav,2
/USERSPACE/DATASETS/CodecFake/C2/C2/F02_SSB16700204.wav,2
/USERSPACE/DATASETS/CodecFake/C2/C2/F02_SSB03150078.wav,2
/USERSPACE/DATASETS/CodecFake/C2/C2/F02_p335_171.wav,2
/USERSPACE/DATASETS/CodecFake/C2/C2/F02_SSB05990384.wav,2
/USERSPACE/DATASETS/CodecFake/C2/C2/F02_SSB01330426.wav,2
/USERSPACE/DATASETS/CodecFake/C2/C2/F02_SSB07780484.wav,2
/USERSPACE/DATASETS/CodecFake/C2/C2/F02_p266_231.wav,2
/USERSPACE/DATASETS/CodecFake/C2/C2/F02_p334_094.wav,2
/USERSPACE/DATASETS/CodecFake/C2/C2/F02_p239_450.wav,2
/USERSPACE/DATASETS/CodecFake/C2/C2/F02_SSB04350099.wav,2
/USERSPACE/DATASETS/CodecFake/C2/C2/F02_SSB07110136.wav,2
/USERSPACE/DATASETS/CodecFake/C2/C2/F02_SSB13400237.wav,2
/USERSPACE/DATASETS/CodecFake/C2/C2/F02_SSB13020117.wav,2
/USERSPACE/DATASETS/CodecFake/C2/C2/F02_SSB15930096.wav,2
/USERSPACE/DATASETS/CodecFake/C2/C2/F02_SSB07780327.wav,2
/USERSPACE/DATASETS/CodecFake/C2/C2/F02_p281_457.wav,2
/USERSPACE/DATASETS/CodecFake/C2/C2/F02_SSB03800361.wav,2
/USERSPACE/DATASETS/CodecFake/C2/C2/F02_p272_345.wav,2
/USERSPACE/DATASETS/CodecFake/C2/C2/F02_p260_340.wav,2
/USERSPACE/DATASETS/CodecFake/C2/C2/F02_SSB06060036.wav,2
/USERSPACE/DATASETS/CodecFake/C2/C2/F02_p265_172.wav,2
/USERSPACE/DATASETS/CodecFake/C2/C2/F02_SSB16500012.wav,2
/USERSPACE/DATASETS/CodecFake/C2/C2/F02_SSB13410448.wav,2
/USERSPACE/DATASETS/CodecFake/C2/C2/F02_SSB10550477.wav,2
/USERSPACE/DATASETS/CodecFake/C2/C2/F02_p318_335.wav,2
/USERSPACE/DATASETS/CodecFake/C2/C2/F02_p244_285.wav,2
/USERSPACE/DATASETS/CodecFake/C2/C2/F02_SSB09130381.wav,2
/USERSPACE/DATASETS/CodecFake/C2/C2/F02_SSB02610093.wav,2
/USERSPACE/DATASETS/CodecFake/C2/C2/F02_p250_269.wav,2
/USERSPACE/DATASETS/CodecFake/C2/C2/F02_p286_302.wav,2
/USERSPACE/DATASETS/CodecFake/C2/C2/F02_p374_331.wav,2
/USERSPACE/DATASETS/CodecFake/C2/C2/F02_SSB15550092.wav,2
/USERSPACE/DATASETS/CodecFake/C2/C2/F02_p244_029.wav,2
/USERSPACE/DATASETS/CodecFake/C2/C2/F02_p245_229.wav,2
/USERSPACE/DATASETS/CodecFake/C2/C2/F02_SSB11360104.wav,2
/USERSPACE/DATASETS/CodecFake/C2/C2/F02_p310_108.wav,2
/USERSPACE/DATASETS/CodecFake/C2/C2/F02_p264_305.wav,2
/USERSPACE/DATASETS/CodecFake/C2/C2/F02_SSB03540124.wav,2
/USERSPACE/DATASETS/CodecFake/C2/C2/F02_p313_223.wav,2
/USERSPACE/DATASETS/CodecFake/C2/C2/F02_SSB05440217.wav,2
/USERSPACE/DATASETS/CodecFake/C2/C2/F02_p286_138.wav,2
/USERSPACE/DATASETS/CodecFake/C2/C2/F02_SSB16070110.wav,2
/USERSPACE/DATASETS/CodecFake/C2/C2/F02_p294_082.wav,2
/USERSPACE/DATASETS/CodecFake/C2/C2/F02_SSB07020410.wav,2
/USERSPACE/DATASETS/CodecFake/C2/C2/F02_p347_006.wav,2
/USERSPACE/DATASETS/CodecFake/C2/C2/F02_SSB11000220.wav,2
/USERSPACE/DATASETS/CodecFake/C2/C2/F02_p283_272.wav,2
/USERSPACE/DATASETS/CodecFake/C2/C2/F02_SSB07480038.wav,2
/USERSPACE/DATASETS/CodecFake/C2/C2/F02_SSB03820309.wav,2
/USERSPACE/DATASETS/CodecFake/C2/C2/F02_p237_228.wav,2
/USERSPACE/DATASETS/CodecFake/C2/C2/F02_SSB07020354.wav,2
/USERSPACE/DATASETS/CodecFake/C2/C2/F02_p364_171.wav,2
/USERSPACE/DATASETS/CodecFake/C2/C2/F02_p256_285.wav,2
/USERSPACE/DATASETS/CodecFake/C2/C2/F02_SSB09870178.wav,2
/USERSPACE/DATASETS/CodecFake/C2/C2/F02_SSB14020046.wav,2
/USERSPACE/DATASETS/CodecFake/C2/C2/F02_p297_298.wav,2
/USERSPACE/DATASETS/CodecFake/C2/C2/F02_SSB09130093.wav,2
/USERSPACE/DATASETS/CodecFake/C2/C2/F02_SSB07480010.wav,2
/USERSPACE/DATASETS/CodecFake/C2/C2/F02_SSB08090432.wav,2
/USERSPACE/DATASETS/CodecFake/C2/C2/F02_p301_334.wav,2
/USERSPACE/DATASETS/CodecFake/C2/C2/F02_SSB18780030.wav,2
/USERSPACE/DATASETS/CodecFake/C2/C2/F02_SSB09150231.wav,2
/USERSPACE/DATASETS/CodecFake/C2/C2/F02_SSB06290186.wav,2
/USERSPACE/DATASETS/CodecFake/C2/C2/F02_SSB01220371.wav,2
/USERSPACE/DATASETS/CodecFake/C2/C2/F02_p306_078.wav,2
/USERSPACE/DATASETS/CodecFake/C2/C2/F02_SSB13400377.wav,2
/USERSPACE/DATASETS/CodecFake/C2/C2/F02_SSB19560179.wav,2
/USERSPACE/DATASETS/CodecFake/C2/C2/F02_SSB19560170.wav,2
/USERSPACE/DATASETS/CodecFake/C2/C2/F02_SSB00050236.wav,2
/USERSPACE/DATASETS/CodecFake/C2/C2/F02_SSB06860350.wav,2
/USERSPACE/DATASETS/CodecFake/C2/C2/F02_SSB09660480.wav,2
/USERSPACE/DATASETS/CodecFake/C2/C2/F02_p238_226.wav,2
/USERSPACE/DATASETS/CodecFake/C2/C2/F02_SSB06680143.wav,2
/USERSPACE/DATASETS/CodecFake/C2/C2/F02_SSB03820252.wav,2
/USERSPACE/DATASETS/CodecFake/C2/C2/F02_SSB07000419.wav,2
/USERSPACE/DATASETS/CodecFake/C2/C2/F02_SSB07170333.wav,2
/USERSPACE/DATASETS/CodecFake/C2/C2/F02_SSB09150038.wav,2
/USERSPACE/DATASETS/CodecFake/C2/C2/F02_SSB01970392.wav,2
/USERSPACE/DATASETS/CodecFake/C2/C2/F02_SSB07800045.wav,2
/USERSPACE/DATASETS/CodecFake/C2/C2/F02_p228_031.wav,2
/USERSPACE/DATASETS/CodecFake/C2/C2/F02_SSB03410152.wav,2
/USERSPACE/DATASETS/CodecFake/C2/C2/F02_SSB07580124.wav,2
/USERSPACE/DATASETS/CodecFake/C2/C2/F02_SSB12040301.wav,2
/USERSPACE/DATASETS/CodecFake/C2/C2/F02_SSB06140327.wav,2
/USERSPACE/DATASETS/CodecFake/C2/C2/F02_SSB16500192.wav,2
/USERSPACE/DATASETS/CodecFake/C2/C2/F02_p305_189.wav,2
/USERSPACE/DATASETS/CodecFake/C2/C2/F02_SSB07100155.wav,2
/USERSPACE/DATASETS/CodecFake/C2/C2/F02_p306_242.wav,2
/USERSPACE/DATASETS/CodecFake/C2/C2/F02_p303_319.wav,2
/USERSPACE/DATASETS/CodecFake/C2/C2/F02_SSB13020433.wav,2
/USERSPACE/DATASETS/CodecFake/C2/C2/F02_p270_075.wav,2
/USERSPACE/DATASETS/CodecFake/C2/C2/F02_SSB11250335.wav,2
/USERSPACE/DATASETS/CodecFake/C2/C2/F02_SSB03930397.wav,2
/USERSPACE/DATASETS/CodecFake/C2/C2/F02_SSB07940225.wav,2
/USERSPACE/DATASETS/CodecFake/C2/C2/F02_p279_328.wav,2
/USERSPACE/DATASETS/CodecFake/C2/C2/F02_p299_243.wav,2
/USERSPACE/DATASETS/CodecFake/C2/C2/F02_SSB06140355.wav,2
/USERSPACE/DATASETS/CodecFake/C2/C2/F02_SSB03850358.wav,2
/USERSPACE/DATASETS/CodecFake/C2/C2/F02_SSB12040413.wav,2
/USERSPACE/DATASETS/CodecFake/C2/C2/F02_SSB00570077.wav,2
/USERSPACE/DATASETS/CodecFake/C2/C2/F02_SSB18630345.wav,2
/USERSPACE/DATASETS/CodecFake/C2/C2/F02_SSB11610178.wav,2
/USERSPACE/DATASETS/CodecFake/C2/C2/F02_SSB17110227.wav,2
/USERSPACE/DATASETS/CodecFake/C2/C2/F02_SSB05020481.wav,2
/USERSPACE/DATASETS/CodecFake/C2/C2/F02_SSB03800223.wav,2
/USERSPACE/DATASETS/CodecFake/C2/C2/F02_SSB13400067.wav,2
/USERSPACE/DATASETS/CodecFake/C2/C2/F02_p240_224.wav,2
/USERSPACE/DATASETS/CodecFake/C2/C2/F02_SSB07020227.wav,2
/USERSPACE/DATASETS/CodecFake/C2/C2/F02_SSB17450358.wav,2
/USERSPACE/DATASETS/CodecFake/C2/C2/F02_SSB14020177.wav,2
/USERSPACE/DATASETS/CodecFake/C2/C2/F02_SSB11380001.wav,2
/USERSPACE/DATASETS/CodecFake/C2/C2/F02_SSB05020050.wav,2
/USERSPACE/DATASETS/CodecFake/C2/C2/F02_p362_296.wav,2
/USERSPACE/DATASETS/CodecFake/C2/C2/F02_p258_200.wav,2
/USERSPACE/DATASETS/CodecFake/C2/C2/F02_p261_080.wav,2
/USERSPACE/DATASETS/CodecFake/C2/C2/F02_SSB08090185.wav,2
/USERSPACE/DATASETS/CodecFake/C2/C2/F02_p240_238.wav,2
/USERSPACE/DATASETS/CodecFake/C2/C2/F02_p243_052.wav,2
/USERSPACE/DATASETS/CodecFake/C2/C2/F02_SSB05340329.wav,2
/USERSPACE/DATASETS/CodecFake/C2/C2/F02_p314_008.wav,2
/USERSPACE/DATASETS/CodecFake/C2/C2/F02_SSB04270425.wav,2
/USERSPACE/DATASETS/CodecFake/C2/C2/F02_SSB12530312.wav,2
/USERSPACE/DATASETS/CodecFake/C2/C2/F02_SSB10720361.wav,2
/USERSPACE/DATASETS/CodecFake/C2/C2/F02_p278_019.wav,2
/USERSPACE/DATASETS/CodecFake/C2/C2/F02_p245_145.wav,2
/USERSPACE/DATASETS/CodecFake/C2/C2/F02_SSB03150276.wav,2
/USERSPACE/DATASETS/CodecFake/C2/C2/F02_SSB07800472.wav,2
/USERSPACE/DATASETS/CodecFake/C2/C2/F02_SSB14570102.wav,2
/USERSPACE/DATASETS/CodecFake/C2/C2/F02_SSB18060156.wav,2
/USERSPACE/DATASETS/CodecFake/C2/C2/F02_SSB05350107.wav,2
/USERSPACE/DATASETS/CodecFake/C2/C2/F02_p334_275.wav,2
/USERSPACE/DATASETS/CodecFake/C2/C2/F02_p259_459.wav,2
/USERSPACE/DATASETS/CodecFake/C2/C2/F02_SSB13200066.wav,2
/USERSPACE/DATASETS/CodecFake/C2/C2/F02_SSB04820320.wav,2
/USERSPACE/DATASETS/CodecFake/C2/C2/F02_p248_335.wav,2
/USERSPACE/DATASETS/CodecFake/C2/C2/F02_SSB17110170.wav,2
/USERSPACE/DATASETS/CodecFake/C2/C2/F02_p335_035.wav,2
/USERSPACE/DATASETS/CodecFake/C2/C2/F02_p287_056.wav,2
/USERSPACE/DATASETS/CodecFake/C2/C2/F02_SSB00180067.wav,2
/USERSPACE/DATASETS/CodecFake/C2/C2/F02_SSB07230311.wav,2
/USERSPACE/DATASETS/CodecFake/C2/C2/F02_SSB18630198.wav,2
/USERSPACE/DATASETS/CodecFake/C2/C2/F02_SSB13920265.wav,2
/USERSPACE/DATASETS/CodecFake/C2/C2/F02_SSB05900052.wav,2
/USERSPACE/DATASETS/CodecFake/C2/C2/F02_SSB07360084.wav,2
/USERSPACE/DATASETS/CodecFake/C2/C2/F02_p250_280.wav,2
/USERSPACE/DATASETS/CodecFake/C2/C2/F02_p288_398.wav,2
/USERSPACE/DATASETS/CodecFake/C2/C2/F02_SSB06230059.wav,2
/USERSPACE/DATASETS/CodecFake/C2/C2/F02_SSB06230157.wav,2
/USERSPACE/DATASETS/CodecFake/C2/C2/F02_p360_112.wav,2
/USERSPACE/DATASETS/CodecFake/C2/C2/F02_p265_186.wav,2
/USERSPACE/DATASETS/CodecFake/C2/C2/F02_SSB02880399.wav,2
/USERSPACE/DATASETS/CodecFake/C2/C2/F02_SSB04270317.wav,2
/USERSPACE/DATASETS/CodecFake/C2/C2/F02_SSB02610283.wav,2
/USERSPACE/DATASETS/CodecFake/C2/C2/F02_SSB05340207.wav,2
/USERSPACE/DATASETS/CodecFake/C2/C2/F02_SSB07100477.wav,2
/USERSPACE/DATASETS/CodecFake/C2/C2/F02_p258_199.wav,2
/USERSPACE/DATASETS/CodecFake/C2/C2/F02_SSB19350217.wav,2
/USERSPACE/DATASETS/CodecFake/C2/C2/F02_SSB02000362.wav,2
/USERSPACE/DATASETS/CodecFake/C2/C2/F02_SSB07480298.wav,2
/USERSPACE/DATASETS/CodecFake/C2/C2/F02_SSB15670147.wav,2
/USERSPACE/DATASETS/CodecFake/C2/C2/F02_p250_050.wav,2
/USERSPACE/DATASETS/CodecFake/C2/C2/F02_SSB02460093.wav,2
/USERSPACE/DATASETS/CodecFake/C2/C2/F02_SSB13920419.wav,2
/USERSPACE/DATASETS/CodecFake/C2/C2/F02_SSB11080298.wav,2
/USERSPACE/DATASETS/CodecFake/C2/C2/F02_SSB00090059.wav,2
/USERSPACE/DATASETS/CodecFake/C2/C2/F02_SSB15670199.wav,2
/USERSPACE/DATASETS/CodecFake/C2/C2/F02_SSB07780227.wav,2
/USERSPACE/DATASETS/CodecFake/C2/C2/F02_p272_409.wav,2
/USERSPACE/DATASETS/CodecFake/C2/C2/F02_SSB04820277.wav,2
/USERSPACE/DATASETS/CodecFake/C2/C2/F02_p360_099.wav,2
/USERSPACE/DATASETS/CodecFake/C2/C2/F02_SSB06320068.wav,2
/USERSPACE/DATASETS/CodecFake/C2/C2/F02_p334_075.wav,2
/USERSPACE/DATASETS/CodecFake/C2/C2/F02_p288_285.wav,2
/USERSPACE/DATASETS/CodecFake/C2/C2/F02_p280_025.wav,2
/USERSPACE/DATASETS/CodecFake/C2/C2/F02_SSB01450140.wav,2
/USERSPACE/DATASETS/CodecFake/C2/C2/F02_SSB05900089.wav,2
/USERSPACE/DATASETS/CodecFake/C2/C2/F02_p288_139.wav,2
/USERSPACE/DATASETS/CodecFake/C2/C2/F02_SSB18720002.wav,2
/USERSPACE/DATASETS/CodecFake/C2/C2/F02_SSB06680485.wav,2
/USERSPACE/DATASETS/CodecFake/C2/C2/F02_SSB00800133.wav,2
/USERSPACE/DATASETS/CodecFake/C2/C2/F02_SSB09930174.wav,2
/USERSPACE/DATASETS/CodecFake/C2/C2/F02_SSB03230334.wav,2
/USERSPACE/DATASETS/CodecFake/C2/C2/F02_SSB06660335.wav,2
/USERSPACE/DATASETS/CodecFake/C2/C2/F02_SSB15750165.wav,2
/USERSPACE/DATASETS/CodecFake/C2/C2/F02_SSB07480093.wav,2
/USERSPACE/DATASETS/CodecFake/C2/C2/F02_p295_160.wav,2
/USERSPACE/DATASETS/CodecFake/C2/C2/F02_SSB03750255.wav,2
/USERSPACE/DATASETS/CodecFake/C2/C2/F02_p277_169.wav,2
/USERSPACE/DATASETS/CodecFake/C2/C2/F02_SSB02460451.wav,2
/USERSPACE/DATASETS/CodecFake/C2/C2/F02_p272_220.wav,2
/USERSPACE/DATASETS/CodecFake/C2/C2/F02_SSB07170286.wav,2
/USERSPACE/DATASETS/CodecFake/C2/C2/F02_p374_009.wav,2
/USERSPACE/DATASETS/CodecFake/C2/C2/F02_SSB07600254.wav,2
/USERSPACE/DATASETS/CodecFake/C2/C2/F02_SSB04820143.wav,2
/USERSPACE/DATASETS/CodecFake/C2/C2/F02_SSB09350017.wav,2
/USERSPACE/DATASETS/CodecFake/C2/C2/F02_SSB04270435.wav,2
/USERSPACE/DATASETS/CodecFake/C2/C2/F02_p247_387.wav,2
/USERSPACE/DATASETS/CodecFake/C2/C2/F02_p306_228.wav,2
/USERSPACE/DATASETS/CodecFake/C2/C2/F02_p292_360.wav,2
/USERSPACE/DATASETS/CodecFake/C2/C2/F02_p247_113.wav,2
/USERSPACE/DATASETS/CodecFake/C2/C2/F02_SSB07020129.wav,2
/USERSPACE/DATASETS/CodecFake/C2/C2/F02_SSB07800067.wav,2
/USERSPACE/DATASETS/CodecFake/C2/C2/F02_p292_340.wav,2
/USERSPACE/DATASETS/CodecFake/C2/C2/F02_SSB13770220.wav,2
/USERSPACE/DATASETS/CodecFake/C2/C2/F02_SSB03790424.wav,2
/USERSPACE/DATASETS/CodecFake/C2/C2/F02_SSB00160011.wav,2
/USERSPACE/DATASETS/CodecFake/C2/C2/F02_p310_410.wav,2
/USERSPACE/DATASETS/CodecFake/C2/C2/F02_p237_020.wav,2
/USERSPACE/DATASETS/CodecFake/C2/C2/F02_SSB07230239.wav,2
/USERSPACE/DATASETS/CodecFake/C2/C2/F02_SSB10020039.wav,2
/USERSPACE/DATASETS/CodecFake/C2/C2/F02_p334_222.wav,2
/USERSPACE/DATASETS/CodecFake/C2/C2/F02_p234_192.wav,2
/USERSPACE/DATASETS/CodecFake/C2/C2/F02_SSB02410121.wav,2
/USERSPACE/DATASETS/CodecFake/C2/C2/F02_p263_251.wav,2
/USERSPACE/DATASETS/CodecFake/C2/C2/F02_p278_357.wav,2
/USERSPACE/DATASETS/CodecFake/C2/C2/F02_p268_053.wav,2
/USERSPACE/DATASETS/CodecFake/C2/C2/F02_SSB13990431.wav,2
/USERSPACE/DATASETS/CodecFake/C2/C2/F02_SSB07620133.wav,2
/USERSPACE/DATASETS/CodecFake/C2/C2/F02_SSB13850087.wav,2
/USERSPACE/DATASETS/CodecFake/C2/C2/F02_SSB05390127.wav,2
/USERSPACE/DATASETS/CodecFake/C2/C2/F02_p314_092.wav,2
/USERSPACE/DATASETS/CodecFake/C2/C2/F02_SSB09870422.wav,2
/USERSPACE/DATASETS/CodecFake/C2/C2/F02_SSB12040011.wav,2
/USERSPACE/DATASETS/CodecFake/C2/C2/F02_SSB05020097.wav,2
/USERSPACE/DATASETS/CodecFake/C2/C2/F02_SSB03820462.wav,2
/USERSPACE/DATASETS/CodecFake/C2/C2/F02_SSB03950281.wav,2
/USERSPACE/DATASETS/CodecFake/C2/C2/F02_SSB13410322.wav,2
/USERSPACE/DATASETS/CodecFake/C2/C2/F02_SSB02870037.wav,2
/USERSPACE/DATASETS/CodecFake/C2/C2/F02_p277_010.wav,2
/USERSPACE/DATASETS/CodecFake/C2/C2/F02_p334_128.wav,2
/USERSPACE/DATASETS/CodecFake/C2/C2/F02_SSB11870454.wav,2
/USERSPACE/DATASETS/CodecFake/C2/C2/F02_SSB11610248.wav,2
/USERSPACE/DATASETS/CodecFake/C2/C2/F02_p259_004.wav,2
/USERSPACE/DATASETS/CodecFake/C2/C2/F02_p305_043.wav,2
/USERSPACE/DATASETS/CodecFake/C2/C2/F02_SSB16990361.wav,2
/USERSPACE/DATASETS/CodecFake/C2/C2/F02_p231_459.wav,2
/USERSPACE/DATASETS/CodecFake/C2/C2/F02_SSB00180235.wav,2
/USERSPACE/DATASETS/CodecFake/C2/C2/F02_SSB00180353.wav,2
/USERSPACE/DATASETS/CodecFake/C2/C2/F02_p285_013.wav,2
/USERSPACE/DATASETS/CodecFake/C2/C2/F02_SSB03930188.wav,2
/USERSPACE/DATASETS/CodecFake/C2/C2/F02_SSB11080375.wav,2
/USERSPACE/DATASETS/CodecFake/C2/C2/F02_p244_364.wav,2
/USERSPACE/DATASETS/CodecFake/C2/C2/F02_SSB18780294.wav,2
/USERSPACE/DATASETS/CodecFake/C2/C2/F02_SSB01450126.wav,2
/USERSPACE/DATASETS/CodecFake/C2/C2/F02_SSB03820075.wav,2
/USERSPACE/DATASETS/CodecFake/C2/C2/F02_p280_002.wav,2
/USERSPACE/DATASETS/CodecFake/C2/C2/F02_SSB00730083.wav,2
/USERSPACE/DATASETS/CodecFake/C2/C2/F02_SSB07460333.wav,2
/USERSPACE/DATASETS/CodecFake/C2/C2/F02_SSB06320210.wav,2
/USERSPACE/DATASETS/CodecFake/C2/C2/F02_p339_079.wav,2
/USERSPACE/DATASETS/CodecFake/C2/C2/F02_p329_376.wav,2
/USERSPACE/DATASETS/CodecFake/C2/C2/F02_SSB10080262.wav,2
/USERSPACE/DATASETS/CodecFake/C2/C2/F02_SSB04700170.wav,2
/USERSPACE/DATASETS/CodecFake/C2/C2/F02_SSB07170388.wav,2
/USERSPACE/DATASETS/CodecFake/C2/C2/F02_p351_399.wav,2
/USERSPACE/DATASETS/CodecFake/C2/C2/F02_SSB01930468.wav,2
/USERSPACE/DATASETS/CodecFake/C2/C2/F02_SSB06860240.wav,2
/USERSPACE/DATASETS/CodecFake/C2/C2/F02_SSB03540372.wav,2
/USERSPACE/DATASETS/CodecFake/C2/C2/F02_SSB13400432.wav,2
/USERSPACE/DATASETS/CodecFake/C2/C2/F02_p280_072.wav,2
/USERSPACE/DATASETS/CodecFake/C2/C2/F02_SSB17590266.wav,2
/USERSPACE/DATASETS/CodecFake/C2/C2/F02_SSB01330174.wav,2
/USERSPACE/DATASETS/CodecFake/C2/C2/F02_SSB06070305.wav,2
/USERSPACE/DATASETS/CodecFake/C2/C2/F02_SSB15630319.wav,2
/USERSPACE/DATASETS/CodecFake/C2/C2/F02_SSB10560198.wav,2
/USERSPACE/DATASETS/CodecFake/C2/C2/F02_SSB03790255.wav,2
/USERSPACE/DATASETS/CodecFake/C2/C2/F02_p283_410.wav,2
/USERSPACE/DATASETS/CodecFake/C2/C2/F02_SSB00110333.wav,2
/USERSPACE/DATASETS/CodecFake/C2/C2/F02_SSB08870235.wav,2
/USERSPACE/DATASETS/CodecFake/C2/C2/F02_SSB11100137.wav,2
/USERSPACE/DATASETS/CodecFake/C2/C2/F02_p271_095.wav,2
/USERSPACE/DATASETS/CodecFake/C2/C2/F02_SSB13820134.wav,2
/USERSPACE/DATASETS/CodecFake/C2/C2/F02_p308_388.wav,2
/USERSPACE/DATASETS/CodecFake/C2/C2/F02_SSB00430361.wav,2
/USERSPACE/DATASETS/CodecFake/C2/C2/F02_SSB07780352.wav,2
/USERSPACE/DATASETS/CodecFake/C2/C2/F02_SSB19020052.wav,2
/USERSPACE/DATASETS/CodecFake/C2/C2/F02_SSB06710433.wav,2
/USERSPACE/DATASETS/CodecFake/C2/C2/F02_p270_379.wav,2
/USERSPACE/DATASETS/CodecFake/C2/C2/F02_SSB01120131.wav,2
/USERSPACE/DATASETS/CodecFake/C2/C2/F02_SSB01490476.wav,2
/USERSPACE/DATASETS/CodecFake/C2/C2/F02_SSB13650163.wav,2
/USERSPACE/DATASETS/CodecFake/C2/C2/F02_p347_019.wav,2
/USERSPACE/DATASETS/CodecFake/C2/C2/F02_SSB12390434.wav,2
/USERSPACE/DATASETS/CodecFake/C2/C2/F02_SSB05900180.wav,2
/USERSPACE/DATASETS/CodecFake/C2/C2/F02_p244_176.wav,2
/USERSPACE/DATASETS/CodecFake/C2/C2/F02_SSB03090361.wav,2
/USERSPACE/DATASETS/CodecFake/C2/C2/F02_SSB05780122.wav,2
/USERSPACE/DATASETS/CodecFake/C2/C2/F02_p336_291.wav,2
/USERSPACE/DATASETS/CodecFake/C2/C2/F02_SSB07230294.wav,2
/USERSPACE/DATASETS/CodecFake/C2/C2/F02_SSB06290344.wav,2
/USERSPACE/DATASETS/CodecFake/C2/C2/F02_SSB10720448.wav,2
/USERSPACE/DATASETS/CodecFake/C2/C2/F02_SSB15670052.wav,2
/USERSPACE/DATASETS/CodecFake/C2/C2/F02_SSB10910388.wav,2
/USERSPACE/DATASETS/CodecFake/C2/C2/F02_SSB02870314.wav,2
/USERSPACE/DATASETS/CodecFake/C2/C2/F02_p273_308.wav,2
/USERSPACE/DATASETS/CodecFake/C2/C2/F02_SSB02410423.wav,2
/USERSPACE/DATASETS/CodecFake/C2/C2/F02_SSB07160017.wav,2
/USERSPACE/DATASETS/CodecFake/C2/C2/F02_p234_102.wav,2
/USERSPACE/DATASETS/CodecFake/C2/C2/F02_SSB07100345.wav,2
/USERSPACE/DATASETS/CodecFake/C2/C2/F02_p316_109.wav,2
/USERSPACE/DATASETS/CodecFake/C2/C2/F02_SSB07840016.wav,2
/USERSPACE/DATASETS/CodecFake/C2/C2/F02_SSB16700059.wav,2
/USERSPACE/DATASETS/CodecFake/C2/C2/F02_SSB07160238.wav,2
/USERSPACE/DATASETS/CodecFake/C2/C2/F02_SSB13280424.wav,2
/USERSPACE/DATASETS/CodecFake/C2/C2/F02_SSB02990476.wav,2
/USERSPACE/DATASETS/CodecFake/C2/C2/F02_SSB07940303.wav,2
/USERSPACE/DATASETS/CodecFake/C2/C2/F02_SSB07200433.wav,2
/USERSPACE/DATASETS/CodecFake/C2/C2/F02_SSB16070260.wav,2
/USERSPACE/DATASETS/CodecFake/C2/C2/F02_SSB00180216.wav,2
/USERSPACE/DATASETS/CodecFake/C2/C2/F02_SSB03420109.wav,2
/USERSPACE/DATASETS/CodecFake/C2/C2/F02_SSB00330238.wav,2
/USERSPACE/DATASETS/CodecFake/C2/C2/F02_SSB13280205.wav,2
/USERSPACE/DATASETS/CodecFake/C2/C2/F02_SSB18780103.wav,2
/USERSPACE/DATASETS/CodecFake/C2/C2/F02_SSB09350006.wav,2
/USERSPACE/DATASETS/CodecFake/C2/C2/F02_SSB18090257.wav,2
/USERSPACE/DATASETS/CodecFake/C2/C2/F02_SSB12030014.wav,2
/USERSPACE/DATASETS/CodecFake/C2/C2/F02_p288_029.wav,2
/USERSPACE/DATASETS/CodecFake/C2/C2/F02_SSB07490207.wav,2
/USERSPACE/DATASETS/CodecFake/C2/C2/F02_SSB16700353.wav,2
/USERSPACE/DATASETS/CodecFake/C2/C2/F02_SSB04820380.wav,2
/USERSPACE/DATASETS/CodecFake/C2/C2/F02_SSB08870427.wav,2
/USERSPACE/DATASETS/CodecFake/C2/C2/F02_SSB01450050.wav,2
/USERSPACE/DATASETS/CodecFake/C2/C2/F02_p283_225.wav,2
/USERSPACE/DATASETS/CodecFake/C2/C2/F02_SSB07480092.wav,2
/USERSPACE/DATASETS/CodecFake/C2/C2/F02_p279_316.wav,2
/USERSPACE/DATASETS/CodecFake/C2/C2/F02_SSB13410169.wav,2
/USERSPACE/DATASETS/CodecFake/C2/C2/F02_p311_311.wav,2
/USERSPACE/DATASETS/CodecFake/C2/C2/F02_SSB13280173.wav,2
/USERSPACE/DATASETS/CodecFake/C2/C2/F02_p271_420.wav,2
/USERSPACE/DATASETS/CodecFake/C2/C2/F02_p228_262.wav,2
/USERSPACE/DATASETS/CodecFake/C2/C2/F02_p304_235.wav,2
/USERSPACE/DATASETS/CodecFake/C2/C2/F02_SSB12180415.wav,2
/USERSPACE/DATASETS/CodecFake/C2/C2/F02_SSB02870449.wav,2
/USERSPACE/DATASETS/CodecFake/C2/C2/F02_p306_058.wav,2
/USERSPACE/DATASETS/CodecFake/C2/C2/F02_SSB00800031.wav,2
/USERSPACE/DATASETS/CodecFake/C2/C2/F02_p304_088.wav,2
/USERSPACE/DATASETS/CodecFake/C2/C2/F02_SSB16700374.wav,2
/USERSPACE/DATASETS/CodecFake/C2/C2/F02_SSB14570360.wav,2
/USERSPACE/DATASETS/CodecFake/C2/C2/F02_SSB05780398.wav,2
/USERSPACE/DATASETS/CodecFake/C2/C2/F02_SSB19350101.wav,2
/USERSPACE/DATASETS/CodecFake/C2/C2/F02_SSB02410163.wav,2
/USERSPACE/DATASETS/CodecFake/C2/C2/F02_p303_269.wav,2
/USERSPACE/DATASETS/CodecFake/C2/C2/F02_SSB11610278.wav,2
/USERSPACE/DATASETS/CodecFake/C2/C2/F02_p232_342.wav,2
/USERSPACE/DATASETS/CodecFake/C2/C2/F02_SSB07230315.wav,2
/USERSPACE/DATASETS/CodecFake/C2/C2/F02_SSB13920271.wav,2
/USERSPACE/DATASETS/CodecFake/C2/C2/F02_p293_085.wav,2
/USERSPACE/DATASETS/CodecFake/C2/C2/F02_SSB00730390.wav,2
/USERSPACE/DATASETS/CodecFake/C2/C2/F02_p265_165.wav,2
/USERSPACE/DATASETS/CodecFake/C2/C2/F02_SSB13220389.wav,2
/USERSPACE/DATASETS/CodecFake/C2/C2/F02_SSB14080156.wav,2
/USERSPACE/DATASETS/CodecFake/C2/C2/F02_SSB03660383.wav,2
/USERSPACE/DATASETS/CodecFake/C2/C2/F02_SSB10200185.wav,2
/USERSPACE/DATASETS/CodecFake/C2/C2/F02_p263_319.wav,2
/USERSPACE/DATASETS/CodecFake/C2/C2/F02_p361_237.wav,2
/USERSPACE/DATASETS/CodecFake/C2/C2/F02_p277_395.wav,2
/USERSPACE/DATASETS/CodecFake/C2/C2/F02_p237_234.wav,2
/USERSPACE/DATASETS/CodecFake/C2/C2/F02_p361_386.wav,2
/USERSPACE/DATASETS/CodecFake/C2/C2/F02_SSB12150121.wav,2
/USERSPACE/DATASETS/CodecFake/C2/C2/F02_SSB05440146.wav,2
/USERSPACE/DATASETS/CodecFake/C2/C2/F02_SSB00800335.wav,2
/USERSPACE/DATASETS/CodecFake/C2/C2/F02_SSB18720231.wav,2
/USERSPACE/DATASETS/CodecFake/C2/C2/F02_p238_232.wav,2
/USERSPACE/DATASETS/CodecFake/C2/C2/F02_SSB02460327.wav,2
/USERSPACE/DATASETS/CodecFake/C2/C2/F02_SSB02000346.wav,2
/USERSPACE/DATASETS/CodecFake/C2/C2/F02_p334_203.wav,2
/USERSPACE/DATASETS/CodecFake/C2/C2/F02_p339_110.wav,2
/USERSPACE/DATASETS/CodecFake/C2/C2/F02_p228_076.wav,2
/USERSPACE/DATASETS/CodecFake/C2/C2/F02_SSB19390376.wav,2
/USERSPACE/DATASETS/CodecFake/C2/C2/F02_p306_107.wav,2
/USERSPACE/DATASETS/CodecFake/C2/C2/F02_p283_164.wav,2
/USERSPACE/DATASETS/CodecFake/C2/C2/F02_SSB02990061.wav,2
/USERSPACE/DATASETS/CodecFake/C2/C2/F02_p258_120.wav,2
/USERSPACE/DATASETS/CodecFake/C2/C2/F02_SSB03090153.wav,2
/USERSPACE/DATASETS/CodecFake/C2/C2/F02_p306_265.wav,2
/USERSPACE/DATASETS/CodecFake/C2/C2/F02_p285_359.wav,2
/USERSPACE/DATASETS/CodecFake/C2/C2/F02_SSB11380209.wav,2
/USERSPACE/DATASETS/CodecFake/C2/C2/F02_p262_237.wav,2
/USERSPACE/DATASETS/CodecFake/C2/C2/F02_SSB02460205.wav,2
/USERSPACE/DATASETS/CodecFake/C2/C2/F02_p246_250.wav,2
/USERSPACE/DATASETS/CodecFake/C2/C2/F02_SSB11970173.wav,2
/USERSPACE/DATASETS/CodecFake/C2/C2/F02_SSB04070478.wav,2
/USERSPACE/DATASETS/CodecFake/C2/C2/F02_SSB06230006.wav,2
/USERSPACE/DATASETS/CodecFake/C2/C2/F02_SSB05020295.wav,2
/USERSPACE/DATASETS/CodecFake/C2/C2/F02_SSB10560422.wav,2
/USERSPACE/DATASETS/CodecFake/C2/C2/F02_p284_371.wav,2
/USERSPACE/DATASETS/CodecFake/C2/C2/F02_SSB06310461.wav,2
/USERSPACE/DATASETS/CodecFake/C2/C2/F02_SSB07100281.wav,2
/USERSPACE/DATASETS/CodecFake/C2/C2/F02_p340_096.wav,2
/USERSPACE/DATASETS/CodecFake/C2/C2/F02_p318_093.wav,2
/USERSPACE/DATASETS/CodecFake/C2/C2/F02_SSB06710207.wav,2
/USERSPACE/DATASETS/CodecFake/C2/C2/F02_SSB03800363.wav,2
/USERSPACE/DATASETS/CodecFake/C2/C2/F02_SSB03660479.wav,2
/USERSPACE/DATASETS/CodecFake/C2/C2/F02_SSB12030179.wav,2
/USERSPACE/DATASETS/CodecFake/C2/C2/F02_SSB10200232.wav,2
/USERSPACE/DATASETS/CodecFake/C2/C2/F02_SSB07170149.wav,2
/USERSPACE/DATASETS/CodecFake/C2/C2/F02_SSB17390261.wav,2
/USERSPACE/DATASETS/CodecFake/C2/C2/F02_p274_191.wav,2
/USERSPACE/DATASETS/CodecFake/C2/C2/F02_p226_357.wav,2
/USERSPACE/DATASETS/CodecFake/C2/C2/F02_p361_219.wav,2
/USERSPACE/DATASETS/CodecFake/C2/C2/F02_SSB07490404.wav,2
/USERSPACE/DATASETS/CodecFake/C2/C2/F02_p257_286.wav,2
/USERSPACE/DATASETS/CodecFake/C2/C2/F02_SSB16070041.wav,2
/USERSPACE/DATASETS/CodecFake/C2/C2/F02_p326_007.wav,2
/USERSPACE/DATASETS/CodecFake/C2/C2/F02_SSB03230038.wav,2
/USERSPACE/DATASETS/CodecFake/C2/C2/F02_p362_066.wav,2
/USERSPACE/DATASETS/CodecFake/C2/C2/F02_SSB03950358.wav,2
/USERSPACE/DATASETS/CodecFake/C2/C2/F02_SSB18720095.wav,2
/USERSPACE/DATASETS/CodecFake/C2/C2/F02_SSB08170192.wav,2
/USERSPACE/DATASETS/CodecFake/C2/C2/F02_SSB00180433.wav,2
/USERSPACE/DATASETS/CodecFake/C2/C2/F02_SSB02410195.wav,2
/USERSPACE/DATASETS/CodecFake/C2/C2/F02_p236_043.wav,2
/USERSPACE/DATASETS/CodecFake/C2/C2/F02_SSB13990361.wav,2
/USERSPACE/DATASETS/CodecFake/C2/C2/F02_SSB13770229.wav,2
/USERSPACE/DATASETS/CodecFake/C2/C2/F02_SSB06930464.wav,2
/USERSPACE/DATASETS/CodecFake/C2/C2/F02_p255_009.wav,2
/USERSPACE/DATASETS/CodecFake/C2/C2/F02_SSB09970236.wav,2
/USERSPACE/DATASETS/CodecFake/C2/C2/F02_SSB11310331.wav,2
/USERSPACE/DATASETS/CodecFake/C2/C2/F02_SSB05900357.wav,2
/USERSPACE/DATASETS/CodecFake/C2/C2/F02_SSB00430508.wav,2
/USERSPACE/DATASETS/CodecFake/C2/C2/F02_SSB04700504.wav,2
/USERSPACE/DATASETS/CodecFake/C2/C2/F02_p336_195.wav,2
/USERSPACE/DATASETS/CodecFake/C2/C2/F02_p261_219.wav,2
/USERSPACE/DATASETS/CodecFake/C2/C2/F02_SSB15630500.wav,2
/USERSPACE/DATASETS/CodecFake/C2/C2/F02_SSB10960080.wav,2
/USERSPACE/DATASETS/CodecFake/C2/C2/F02_p259_352.wav,2
/USERSPACE/DATASETS/CodecFake/C2/C2/F02_SSB01930164.wav,2
/USERSPACE/DATASETS/CodecFake/C2/C2/F02_SSB09870255.wav,2
/USERSPACE/DATASETS/CodecFake/C2/C2/F02_p239_153.wav,2
/USERSPACE/DATASETS/CodecFake/C2/C2/F02_SSB19350426.wav,2
/USERSPACE/DATASETS/CodecFake/C2/C2/F02_SSB03790434.wav,2
/USERSPACE/DATASETS/CodecFake/C2/C2/F02_SSB03390287.wav,2
/USERSPACE/DATASETS/CodecFake/C2/C2/F02_SSB13280486.wav,2
/USERSPACE/DATASETS/CodecFake/C2/C2/F02_SSB13220111.wav,2
/USERSPACE/DATASETS/CodecFake/C2/C2/F02_p286_263.wav,2
/USERSPACE/DATASETS/CodecFake/C2/C2/F02_SSB11310003.wav,2
/USERSPACE/DATASETS/CodecFake/C2/C2/F02_p227_081.wav,2
/USERSPACE/DATASETS/CodecFake/C2/C2/F02_SSB05900133.wav,2
/USERSPACE/DATASETS/CodecFake/C2/C2/F02_SSB10560302.wav,2
/USERSPACE/DATASETS/CodecFake/C2/C2/F02_SSB07170352.wav,2
/USERSPACE/DATASETS/CodecFake/C2/C2/F02_SSB03820121.wav,2
/USERSPACE/DATASETS/CodecFake/C2/C2/F02_p361_147.wav,2
/USERSPACE/DATASETS/CodecFake/C2/C2/F02_SSB03150217.wav,2
/USERSPACE/DATASETS/CodecFake/C2/C2/F02_SSB00430316.wav,2
/USERSPACE/DATASETS/CodecFake/C2/C2/F02_p263_111.wav,2
/USERSPACE/DATASETS/CodecFake/C2/C2/F02_SSB07100439.wav,2
/USERSPACE/DATASETS/CodecFake/C2/C2/F02_SSB00570310.wav,2
/USERSPACE/DATASETS/CodecFake/C2/C2/F02_SSB18910105.wav,2
/USERSPACE/DATASETS/CodecFake/C2/C2/F02_SSB19390085.wav,2
/USERSPACE/DATASETS/CodecFake/C2/C2/F02_p244_132.wav,2
/USERSPACE/DATASETS/CodecFake/C2/C2/F02_SSB16500165.wav,2
/USERSPACE/DATASETS/CodecFake/C2/C2/F02_SSB05650409.wav,2
/USERSPACE/DATASETS/CodecFake/C2/C2/F02_p228_207.wav,2
/USERSPACE/DATASETS/CodecFake/C2/C2/F02_SSB01450177.wav,2
/USERSPACE/DATASETS/CodecFake/C2/C2/F02_SSB05340085.wav,2
/USERSPACE/DATASETS/CodecFake/C2/C2/F02_SSB04820051.wav,2
/USERSPACE/DATASETS/CodecFake/C2/C2/F02_SSB03150432.wav,2
/USERSPACE/DATASETS/CodecFake/C2/C2/F02_SSB07100088.wav,2
/USERSPACE/DATASETS/CodecFake/C2/C2/F02_p307_234.wav,2
/USERSPACE/DATASETS/CodecFake/C2/C2/F02_SSB06930315.wav,2
/USERSPACE/DATASETS/CodecFake/C2/C2/F02_p282_222.wav,2
/USERSPACE/DATASETS/CodecFake/C2/C2/F02_SSB19020378.wav,2
/USERSPACE/DATASETS/CodecFake/C2/C2/F02_SSB11000259.wav,2
/USERSPACE/DATASETS/CodecFake/C2/C2/F02_SSB03930499.wav,2
/USERSPACE/DATASETS/CodecFake/C2/C2/F02_SSB00380149.wav,2
/USERSPACE/DATASETS/CodecFake/C2/C2/F02_SSB18630052.wav,2
/USERSPACE/DATASETS/CodecFake/C2/C2/F02_p363_221.wav,2
/USERSPACE/DATASETS/CodecFake/C2/C2/F02_p333_241.wav,2
/USERSPACE/DATASETS/CodecFake/C2/C2/F02_p257_200.wav,2
/USERSPACE/DATASETS/CodecFake/C2/C2/F02_SSB13850033.wav,2
/USERSPACE/DATASETS/CodecFake/C2/C2/F02_p275_156.wav,2
/USERSPACE/DATASETS/CodecFake/C2/C2/F02_SSB00330028.wav,2
/USERSPACE/DATASETS/CodecFake/C2/C2/F02_SSB09190085.wav,2
/USERSPACE/DATASETS/CodecFake/C2/C2/F02_p275_335.wav,2
/USERSPACE/DATASETS/CodecFake/C2/C2/F02_p280_266.wav,2
/USERSPACE/DATASETS/CodecFake/C2/C2/F02_SSB01120438.wav,2
/USERSPACE/DATASETS/CodecFake/C2/C2/F02_SSB14310367.wav,2
/USERSPACE/DATASETS/CodecFake/C2/C2/F02_p246_234.wav,2
/USERSPACE/DATASETS/CodecFake/C2/C2/F02_SSB00330233.wav,2
/USERSPACE/DATASETS/CodecFake/C2/C2/F02_SSB01390145.wav,2
/USERSPACE/DATASETS/CodecFake/C2/C2/F02_SSB11360153.wav,2
/USERSPACE/DATASETS/CodecFake/C2/C2/F02_SSB13220353.wav,2
/USERSPACE/DATASETS/CodecFake/C2/C2/F02_p262_153.wav,2
/USERSPACE/DATASETS/CodecFake/C2/C2/F02_SSB07860222.wav,2
/USERSPACE/DATASETS/CodecFake/C2/C2/F02_SSB13650225.wav,2
/USERSPACE/DATASETS/CodecFake/C2/C2/F02_p299_307.wav,2
/USERSPACE/DATASETS/CodecFake/C2/C2/F02_p314_281.wav,2
/USERSPACE/DATASETS/CodecFake/C2/C2/F02_SSB19350396.wav,2
/USERSPACE/DATASETS/CodecFake/C2/C2/F02_SSB02870280.wav,2
/USERSPACE/DATASETS/CodecFake/C2/C2/F02_SSB16500089.wav,2
/USERSPACE/DATASETS/CodecFake/C2/C2/F02_SSB07000333.wav,2
/USERSPACE/DATASETS/CodecFake/C2/C2/F02_SSB03410040.wav,2
/USERSPACE/DATASETS/CodecFake/C2/C2/F02_SSB03660488.wav,2
/USERSPACE/DATASETS/CodecFake/C2/C2/F02_p262_375.wav,2
/USERSPACE/DATASETS/CodecFake/C2/C2/F02_SSB01120411.wav,2
/USERSPACE/DATASETS/CodecFake/C2/C2/F02_SSB03750331.wav,2
/USERSPACE/DATASETS/CodecFake/C2/C2/F02_SSB04340445.wav,2
/USERSPACE/DATASETS/CodecFake/C2/C2/F02_SSB11250060.wav,2
/USERSPACE/DATASETS/CodecFake/C2/C2/F02_SSB12190212.wav,2
/USERSPACE/DATASETS/CodecFake/C2/C2/F02_SSB09150073.wav,2
/USERSPACE/DATASETS/CodecFake/C2/C2/F02_SSB16070116.wav,2
/USERSPACE/DATASETS/CodecFake/C2/C2/F02_SSB07620347.wav,2
/USERSPACE/DATASETS/CodecFake/C2/C2/F02_SSB16250366.wav,2
/USERSPACE/DATASETS/CodecFake/C2/C2/F02_p257_009.wav,2
/USERSPACE/DATASETS/CodecFake/C2/C2/F02_SSB17110066.wav,2
/USERSPACE/DATASETS/CodecFake/C2/C2/F02_p272_125.wav,2
/USERSPACE/DATASETS/CodecFake/C2/C2/F02_SSB11250355.wav,2
/USERSPACE/DATASETS/CodecFake/C2/C2/F02_SSB18720317.wav,2
/USERSPACE/DATASETS/CodecFake/C2/C2/F02_SSB07860369.wav,2
/USERSPACE/DATASETS/CodecFake/C2/C2/F02_SSB00800352.wav,2
/USERSPACE/DATASETS/CodecFake/C2/C2/F02_p271_343.wav,2
/USERSPACE/DATASETS/CodecFake/C2/C2/F02_p326_317.wav,2
/USERSPACE/DATASETS/CodecFake/C2/C2/F02_p244_368.wav,2
/USERSPACE/DATASETS/CodecFake/C2/C2/F02_p314_373.wav,2
/USERSPACE/DATASETS/CodecFake/C2/C2/F02_p273_277.wav,2
/USERSPACE/DATASETS/CodecFake/C2/C2/F02_SSB14080164.wav,2
/USERSPACE/DATASETS/CodecFake/C2/C2/F02_SSB08710063.wav,2
/USERSPACE/DATASETS/CodecFake/C2/C2/F02_p280_141.wav,2
/USERSPACE/DATASETS/CodecFake/C2/C2/F02_SSB03380279.wav,2
/USERSPACE/DATASETS/CodecFake/C2/C2/F02_SSB08870040.wav,2
/USERSPACE/DATASETS/CodecFake/C2/C2/F02_SSB00110423.wav,2
/USERSPACE/DATASETS/CodecFake/C2/C2/F02_p276_380.wav,2
/USERSPACE/DATASETS/CodecFake/C2/C2/F02_SSB03540439.wav,2
/USERSPACE/DATASETS/CodecFake/C2/C2/F02_SSB18370436.wav,2
/USERSPACE/DATASETS/CodecFake/C2/C2/F02_p225_353.wav,2
/USERSPACE/DATASETS/CodecFake/C2/C2/F02_p301_033.wav,2
/USERSPACE/DATASETS/CodecFake/C2/C2/F02_p295_099.wav,2
/USERSPACE/DATASETS/CodecFake/C2/C2/F02_SSB19180418.wav,2
/USERSPACE/DATASETS/CodecFake/C2/C2/F02_p307_311.wav,2
/USERSPACE/DATASETS/CodecFake/C2/C2/F02_SSB13220202.wav,2
/USERSPACE/DATASETS/CodecFake/C2/C2/F02_SSB06290289.wav,2
/USERSPACE/DATASETS/CodecFake/C2/C2/F02_SSB03540019.wav,2
/USERSPACE/DATASETS/CodecFake/C2/C2/F02_SSB11100349.wav,2
/USERSPACE/DATASETS/CodecFake/C2/C2/F02_p229_238.wav,2
/USERSPACE/DATASETS/CodecFake/C2/C2/F02_p254_062.wav,2
/USERSPACE/DATASETS/CodecFake/C2/C2/F02_p237_225.wav,2
/USERSPACE/DATASETS/CodecFake/C2/C2/F02_p273_119.wav,2
/USERSPACE/DATASETS/CodecFake/C2/C2/F02_SSB13660393.wav,2
/USERSPACE/DATASETS/CodecFake/C2/C2/F02_SSB02730225.wav,2
/USERSPACE/DATASETS/CodecFake/C2/C2/F02_SSB17110311.wav,2
/USERSPACE/DATASETS/CodecFake/C2/C2/F02_p293_087.wav,2
/USERSPACE/DATASETS/CodecFake/C2/C2/F02_SSB06070121.wav,2
/USERSPACE/DATASETS/CodecFake/C2/C2/F02_SSB00800264.wav,2
/USERSPACE/DATASETS/CodecFake/C2/C2/F02_SSB07230056.wav,2
/USERSPACE/DATASETS/CodecFake/C2/C2/F02_SSB11000027.wav,2
/USERSPACE/DATASETS/CodecFake/C2/C2/F02_SSB07200328.wav,2
/USERSPACE/DATASETS/CodecFake/C2/C2/F02_SSB03390428.wav,2
/USERSPACE/DATASETS/CodecFake/C2/C2/F02_SSB17390346.wav,2
/USERSPACE/DATASETS/CodecFake/C2/C2/F02_p304_204.wav,2
/USERSPACE/DATASETS/CodecFake/C2/C2/F02_p276_439.wav,2
/USERSPACE/DATASETS/CodecFake/C2/C2/F02_SSB01970445.wav,2
/USERSPACE/DATASETS/CodecFake/C2/C2/F02_SSB15750290.wav,2
/USERSPACE/DATASETS/CodecFake/C2/C2/F02_p307_314.wav,2
/USERSPACE/DATASETS/CodecFake/C2/C2/F02_SSB03800069.wav,2
/USERSPACE/DATASETS/CodecFake/C2/C2/F02_p280_212.wav,2
/USERSPACE/DATASETS/CodecFake/C2/C2/F02_SSB04350092.wav,2
/USERSPACE/DATASETS/CodecFake/C2/C2/F02_SSB01330154.wav,2
/USERSPACE/DATASETS/CodecFake/C2/C2/F02_SSB13200097.wav,2
/USERSPACE/DATASETS/CodecFake/C2/C2/F02_p363_147.wav,2
/USERSPACE/DATASETS/CodecFake/C2/C2/F02_SSB07620056.wav,2
/USERSPACE/DATASETS/CodecFake/C2/C2/F02_SSB05390398.wav,2
/USERSPACE/DATASETS/CodecFake/C2/C2/F02_SSB05390424.wav,2
/USERSPACE/DATASETS/CodecFake/C2/C2/F02_SSB10500236.wav,2
/USERSPACE/DATASETS/CodecFake/C2/C2/F02_SSB02610396.wav,2
/USERSPACE/DATASETS/CodecFake/C2/C2/F02_SSB05940163.wav,2
/USERSPACE/DATASETS/CodecFake/C2/C2/F02_SSB07200194.wav,2
/USERSPACE/DATASETS/CodecFake/C2/C2/F02_SSB02870400.wav,2
/USERSPACE/DATASETS/CodecFake/C2/C2/F02_SSB07840149.wav,2
/USERSPACE/DATASETS/CodecFake/C2/C2/F02_SSB14480442.wav,2
/USERSPACE/DATASETS/CodecFake/C2/C2/F02_SSB10080147.wav,2
/USERSPACE/DATASETS/CodecFake/C2/C2/F02_SSB11250192.wav,2
/USERSPACE/DATASETS/CodecFake/C2/C2/F02_SSB02730014.wav,2
/USERSPACE/DATASETS/CodecFake/C2/C2/F02_p231_393.wav,2
/USERSPACE/DATASETS/CodecFake/C2/C2/F02_SSB00430454.wav,2
/USERSPACE/DATASETS/CodecFake/C2/C2/F02_SSB18910014.wav,2
/USERSPACE/DATASETS/CodecFake/C2/C2/F02_SSB06010396.wav,2
/USERSPACE/DATASETS/CodecFake/C2/C2/F02_SSB03090103.wav,2
/USERSPACE/DATASETS/CodecFake/C2/C2/F02_p261_469.wav,2
/USERSPACE/DATASETS/CodecFake/C2/C2/F02_SSB07200233.wav,2
/USERSPACE/DATASETS/CodecFake/C2/C2/F02_SSB05340294.wav,2
/USERSPACE/DATASETS/CodecFake/C2/C2/F02_SSB11080050.wav,2
/USERSPACE/DATASETS/CodecFake/C2/C2/F02_p317_226.wav,2
/USERSPACE/DATASETS/CodecFake/C2/C2/F02_p268_264.wav,2
/USERSPACE/DATASETS/CodecFake/C2/C2/F02_p336_293.wav,2
/USERSPACE/DATASETS/CodecFake/C2/C2/F02_p238_302.wav,2
/USERSPACE/DATASETS/CodecFake/C2/C2/F02_SSB06710344.wav,2
/USERSPACE/DATASETS/CodecFake/C2/C2/F02_p306_197.wav,2
/USERSPACE/DATASETS/CodecFake/C2/C2/F02_p275_300.wav,2
/USERSPACE/DATASETS/CodecFake/C2/C2/F02_SSB11150433.wav,2
/USERSPACE/DATASETS/CodecFake/C2/C2/F02_SSB07200428.wav,2
/USERSPACE/DATASETS/CodecFake/C2/C2/F02_SSB15750341.wav,2
/USERSPACE/DATASETS/CodecFake/C2/C2/F02_SSB06320170.wav,2
/USERSPACE/DATASETS/CodecFake/C2/C2/F02_SSB04260037.wav,2
/USERSPACE/DATASETS/CodecFake/C2/C2/F02_SSB06090442.wav,2
/USERSPACE/DATASETS/CodecFake/C2/C2/F02_SSB13020239.wav,2
/USERSPACE/DATASETS/CodecFake/C2/C2/F02_p277_385.wav,2
/USERSPACE/DATASETS/CodecFake/C2/C2/F02_p286_102.wav,2
/USERSPACE/DATASETS/CodecFake/C2/C2/F02_p265_005.wav,2
/USERSPACE/DATASETS/CodecFake/C2/C2/F02_p245_053.wav,2
/USERSPACE/DATASETS/CodecFake/C2/C2/F02_p275_009.wav,2
/USERSPACE/DATASETS/CodecFake/C2/C2/F02_SSB10010347.wav,2
/USERSPACE/DATASETS/CodecFake/C2/C2/F02_SSB06710007.wav,2
/USERSPACE/DATASETS/CodecFake/C2/C2/F02_SSB09660353.wav,2
/USERSPACE/DATASETS/CodecFake/C2/C2/F02_SSB08870405.wav,2
/USERSPACE/DATASETS/CodecFake/C2/C2/F02_p283_318.wav,2
/USERSPACE/DATASETS/CodecFake/C2/C2/F02_SSB06140257.wav,2
/USERSPACE/DATASETS/CodecFake/C2/C2/F02_SSB07510152.wav,2
/USERSPACE/DATASETS/CodecFake/C2/C2/F02_SSB08170404.wav,2
/USERSPACE/DATASETS/CodecFake/C2/C2/F02_p286_286.wav,2
/USERSPACE/DATASETS/CodecFake/C2/C2/F02_p272_227.wav,2
/USERSPACE/DATASETS/CodecFake/C2/C2/F02_p244_300.wav,2
/USERSPACE/DATASETS/CodecFake/C2/C2/F02_SSB04820129.wav,2
/USERSPACE/DATASETS/CodecFake/C2/C2/F02_SSB18720264.wav,2
/USERSPACE/DATASETS/CodecFake/C2/C2/F02_SSB06030163.wav,2
/USERSPACE/DATASETS/CodecFake/C2/C2/F02_SSB13930373.wav,2
/USERSPACE/DATASETS/CodecFake/C2/C2/F02_SSB07360242.wav,2
/USERSPACE/DATASETS/CodecFake/C2/C2/F02_p229_001.wav,2
/USERSPACE/DATASETS/CodecFake/C2/C2/F02_SSB07780495.wav,2
/USERSPACE/DATASETS/CodecFake/C2/C2/F02_SSB02880416.wav,2
/USERSPACE/DATASETS/CodecFake/C2/C2/F02_p253_332.wav,2
/USERSPACE/DATASETS/CodecFake/C2/C2/F02_SSB04350352.wav,2
/USERSPACE/DATASETS/CodecFake/C2/C2/F02_p283_056.wav,2
/USERSPACE/DATASETS/CodecFake/C2/C2/F02_SSB07460204.wav,2
/USERSPACE/DATASETS/CodecFake/C2/C2/F02_SSB05700322.wav,2
/USERSPACE/DATASETS/CodecFake/C2/C2/F02_SSB07490024.wav,2
/USERSPACE/DATASETS/CodecFake/C2/C2/F02_SSB05650289.wav,2
/USERSPACE/DATASETS/CodecFake/C2/C2/F02_SSB16300238.wav,2
/USERSPACE/DATASETS/CodecFake/C2/C2/F02_SSB04260422.wav,2
/USERSPACE/DATASETS/CodecFake/C2/C2/F02_SSB04260049.wav,2
/USERSPACE/DATASETS/CodecFake/C2/C2/F02_p312_258.wav,2
/USERSPACE/DATASETS/CodecFake/C2/C2/F02_SSB10560056.wav,2
/USERSPACE/DATASETS/CodecFake/C2/C2/F02_SSB02880037.wav,2
/USERSPACE/DATASETS/CodecFake/C2/C2/F02_SSB11260092.wav,2
/USERSPACE/DATASETS/CodecFake/C2/C2/F02_SSB07510414.wav,2
/USERSPACE/DATASETS/CodecFake/C2/C2/F02_SSB13220147.wav,2
/USERSPACE/DATASETS/CodecFake/C2/C2/F02_SSB07170233.wav,2
/USERSPACE/DATASETS/CodecFake/C2/C2/F02_p236_325.wav,2
/USERSPACE/DATASETS/CodecFake/C2/C2/F02_SSB10080419.wav,2
/USERSPACE/DATASETS/CodecFake/C2/C2/F02_SSB07800429.wav,2
/USERSPACE/DATASETS/CodecFake/C2/C2/F02_SSB10200048.wav,2
/USERSPACE/DATASETS/CodecFake/C2/C2/F02_SSB06310069.wav,2
/USERSPACE/DATASETS/CodecFake/C2/C2/F02_p364_077.wav,2
/USERSPACE/DATASETS/CodecFake/C2/C2/F02_p266_375.wav,2
/USERSPACE/DATASETS/CodecFake/C2/C2/F02_SSB01490394.wav,2
/USERSPACE/DATASETS/CodecFake/C2/C2/F02_p300_024.wav,2
/USERSPACE/DATASETS/CodecFake/C2/C2/F02_SSB09130021.wav,2
/USERSPACE/DATASETS/CodecFake/C2/C2/F02_p282_128.wav,2
/USERSPACE/DATASETS/CodecFake/C2/C2/F02_p249_142.wav,2
/USERSPACE/DATASETS/CodecFake/C2/C2/F02_p292_283.wav,2
/USERSPACE/DATASETS/CodecFake/C2/C2/F02_SSB09350353.wav,2
/USERSPACE/DATASETS/CodecFake/C2/C2/F02_SSB07020466.wav,2
/USERSPACE/DATASETS/CodecFake/C2/C2/F02_SSB05990086.wav,2
/USERSPACE/DATASETS/CodecFake/C2/C2/F02_SSB12390001.wav,2
/USERSPACE/DATASETS/CodecFake/C2/C2/F02_SSB06860450.wav,2
/USERSPACE/DATASETS/CodecFake/C2/C2/F02_SSB09190459.wav,2
/USERSPACE/DATASETS/CodecFake/C2/C2/F02_SSB15750176.wav,2
/USERSPACE/DATASETS/CodecFake/C2/C2/F02_SSB01120298.wav,2
/USERSPACE/DATASETS/CodecFake/C2/C2/F02_SSB13410333.wav,2
/USERSPACE/DATASETS/CodecFake/C2/C2/F02_p234_310.wav,2
/USERSPACE/DATASETS/CodecFake/C2/C2/F02_p270_005.wav,2
/USERSPACE/DATASETS/CodecFake/C2/C2/F02_SSB18780132.wav,2
/USERSPACE/DATASETS/CodecFake/C2/C2/F02_SSB17280068.wav,2
/USERSPACE/DATASETS/CodecFake/C2/C2/F02_SSB09660068.wav,2
/USERSPACE/DATASETS/CodecFake/C2/C2/F02_SSB11000048.wav,2
/USERSPACE/DATASETS/CodecFake/C2/C2/F02_p238_168.wav,2
/USERSPACE/DATASETS/CodecFake/C2/C2/F02_SSB03390430.wav,2
/USERSPACE/DATASETS/CodecFake/C2/C2/F02_SSB10010141.wav,2
/USERSPACE/DATASETS/CodecFake/C2/C2/F02_p288_228.wav,2
/USERSPACE/DATASETS/CodecFake/C2/C2/F02_p285_029.wav,2
/USERSPACE/DATASETS/CodecFake/C2/C2/F02_SSB06070472.wav,2
/USERSPACE/DATASETS/CodecFake/C2/C2/F02_SSB11870075.wav,2
/USERSPACE/DATASETS/CodecFake/C2/C2/F02_SSB03070199.wav,2
/USERSPACE/DATASETS/CodecFake/C2/C2/F02_p261_073.wav,2
/USERSPACE/DATASETS/CodecFake/C2/C2/F02_SSB07360094.wav,2
/USERSPACE/DATASETS/CodecFake/C2/C2/F02_SSB16250396.wav,2
/USERSPACE/DATASETS/CodecFake/C2/C2/F02_p317_228.wav,2
/USERSPACE/DATASETS/CodecFake/C2/C2/F02_SSB01930188.wav,2
/USERSPACE/DATASETS/CodecFake/C2/C2/F02_p254_260.wav,2
/USERSPACE/DATASETS/CodecFake/C2/C2/F02_p274_327.wav,2
/USERSPACE/DATASETS/CodecFake/C2/C2/F02_SSB18910343.wav,2
/USERSPACE/DATASETS/CodecFake/C2/C2/F02_SSB03410221.wav,2
/USERSPACE/DATASETS/CodecFake/C2/C2/F02_p284_125.wav,2
/USERSPACE/DATASETS/CodecFake/C2/C2/F02_p360_118.wav,2
/USERSPACE/DATASETS/CodecFake/C2/C2/F02_p286_383.wav,2
/USERSPACE/DATASETS/CodecFake/C2/C2/F02_p299_248.wav,2
/USERSPACE/DATASETS/CodecFake/C2/C2/F02_p249_263.wav,2
/USERSPACE/DATASETS/CodecFake/C2/C2/F02_SSB00180466.wav,2
/USERSPACE/DATASETS/CodecFake/C2/C2/F02_SSB07000136.wav,2
/USERSPACE/DATASETS/CodecFake/C2/C2/F02_SSB07110164.wav,2
/USERSPACE/DATASETS/CodecFake/C2/C2/F02_SSB03230410.wav,2
/USERSPACE/DATASETS/CodecFake/C2/C2/F02_p314_397.wav,2
/USERSPACE/DATASETS/CodecFake/C2/C2/F02_SSB13020314.wav,2
/USERSPACE/DATASETS/CodecFake/C2/C2/F02_SSB05340045.wav,2
/USERSPACE/DATASETS/CodecFake/C2/C2/F02_SSB09350097.wav,2
/USERSPACE/DATASETS/CodecFake/C2/C2/F02_SSB00160038.wav,2
/USERSPACE/DATASETS/CodecFake/C2/C2/F02_SSB02880198.wav,2
/USERSPACE/DATASETS/CodecFake/C2/C2/F02_p310_123.wav,2
/USERSPACE/DATASETS/CodecFake/C2/C2/F02_p323_184.wav,2
/USERSPACE/DATASETS/CodecFake/C2/C2/F02_SSB09870090.wav,2
/USERSPACE/DATASETS/CodecFake/C2/C2/F02_SSB11250363.wav,2
/USERSPACE/DATASETS/CodecFake/C2/C2/F02_SSB02410466.wav,2
/USERSPACE/DATASETS/CodecFake/C2/C2/F02_p249_113.wav,2
/USERSPACE/DATASETS/CodecFake/C2/C2/F02_SSB07480104.wav,2
/USERSPACE/DATASETS/CodecFake/C2/C2/F02_SSB15670385.wav,2
/USERSPACE/DATASETS/CodecFake/C2/C2/F02_p229_069.wav,2
/USERSPACE/DATASETS/CodecFake/C2/C2/F02_SSB03950212.wav,2
/USERSPACE/DATASETS/CodecFake/C2/C2/F02_p310_329.wav,2
/USERSPACE/DATASETS/CodecFake/C2/C2/F02_SSB00090444.wav,2
/USERSPACE/DATASETS/CodecFake/C2/C2/F02_SSB07020051.wav,2
/USERSPACE/DATASETS/CodecFake/C2/C2/F02_p318_256.wav,2
/USERSPACE/DATASETS/CodecFake/C2/C2/F02_SSB10500467.wav,2
/USERSPACE/DATASETS/CodecFake/C2/C2/F02_p279_258.wav,2
/USERSPACE/DATASETS/CodecFake/C2/C2/F02_SSB02730246.wav,2
/USERSPACE/DATASETS/CodecFake/C2/C2/F02_p263_020.wav,2
/USERSPACE/DATASETS/CodecFake/C2/C2/F02_SSB13820278.wav,2
/USERSPACE/DATASETS/CodecFake/C2/C2/F02_SSB13220301.wav,2
/USERSPACE/DATASETS/CodecFake/C2/C2/F02_SSB18630392.wav,2
/USERSPACE/DATASETS/CodecFake/C2/C2/F02_p301_199.wav,2
/USERSPACE/DATASETS/CodecFake/C2/C2/F02_SSB03850265.wav,2
/USERSPACE/DATASETS/CodecFake/C2/C2/F02_p335_153.wav,2
/USERSPACE/DATASETS/CodecFake/C2/C2/F02_SSB05880261.wav,2
/USERSPACE/DATASETS/CodecFake/C2/C2/F02_p252_139.wav,2
/USERSPACE/DATASETS/CodecFake/C2/C2/F02_SSB11100401.wav,2
/USERSPACE/DATASETS/CodecFake/C2/C2/F02_p279_170.wav,2
/USERSPACE/DATASETS/CodecFake/C2/C2/F02_p301_203.wav,2
/USERSPACE/DATASETS/CodecFake/C2/C2/F02_SSB06930230.wav,2
/USERSPACE/DATASETS/CodecFake/C2/C2/F02_p347_044.wav,2
/USERSPACE/DATASETS/CodecFake/C2/C2/F02_p284_266.wav,2
/USERSPACE/DATASETS/CodecFake/C2/C2/F02_SSB17810288.wav,2
/USERSPACE/DATASETS/CodecFake/C2/C2/F02_SSB07170370.wav,2
/USERSPACE/DATASETS/CodecFake/C2/C2/F02_SSB03930191.wav,2
/USERSPACE/DATASETS/CodecFake/C2/C2/F02_SSB14480297.wav,2
/USERSPACE/DATASETS/CodecFake/C2/C2/F02_p279_007.wav,2
/USERSPACE/DATASETS/CodecFake/C2/C2/F02_SSB06660123.wav,2
/USERSPACE/DATASETS/CodecFake/C2/C2/F02_SSB09970141.wav,2
/USERSPACE/DATASETS/CodecFake/C2/C2/F02_SSB16500232.wav,2
/USERSPACE/DATASETS/CodecFake/C2/C2/F02_SSB03930402.wav,2
/USERSPACE/DATASETS/CodecFake/C2/C2/F02_SSB07840199.wav,2
/USERSPACE/DATASETS/CodecFake/C2/C2/F02_SSB06010052.wav,2
/USERSPACE/DATASETS/CodecFake/C2/C2/F02_SSB00120208.wav,2
/USERSPACE/DATASETS/CodecFake/C2/C2/F02_p276_351.wav,2
/USERSPACE/DATASETS/CodecFake/C2/C2/F02_SSB09350015.wav,2
/USERSPACE/DATASETS/CodecFake/C2/C2/F02_SSB06680063.wav,2
/USERSPACE/DATASETS/CodecFake/C2/C2/F02_SSB11310112.wav,2
/USERSPACE/DATASETS/CodecFake/C2/C2/F02_SSB13280261.wav,2
/USERSPACE/DATASETS/CodecFake/C2/C2/F02_p271_274.wav,2
/USERSPACE/DATASETS/CodecFake/C2/C2/F02_SSB06030482.wav,2
/USERSPACE/DATASETS/CodecFake/C2/C2/F02_SSB06010347.wav,2
/USERSPACE/DATASETS/CodecFake/C2/C2/F02_p229_368.wav,2
/USERSPACE/DATASETS/CodecFake/C2/C2/F02_SSB01220229.wav,2
/USERSPACE/DATASETS/CodecFake/C2/C2/F02_SSB02990036.wav,2
/USERSPACE/DATASETS/CodecFake/C2/C2/F02_p360_258.wav,2
/USERSPACE/DATASETS/CodecFake/C2/C2/F02_SSB00800213.wav,2
/USERSPACE/DATASETS/CodecFake/C2/C2/F02_SSB05020410.wav,2
/USERSPACE/DATASETS/CodecFake/C2/C2/F02_SSB07370198.wav,2
/USERSPACE/DATASETS/CodecFake/C2/C2/F02_p285_098.wav,2
/USERSPACE/DATASETS/CodecFake/C2/C2/F02_SSB02460368.wav,2
/USERSPACE/DATASETS/CodecFake/C2/C2/F02_SSB15930015.wav,2
/USERSPACE/DATASETS/CodecFake/C2/C2/F02_SSB09660275.wav,2
/USERSPACE/DATASETS/CodecFake/C2/C2/F02_SSB03790002.wav,2
/USERSPACE/DATASETS/CodecFake/C2/C2/F02_p232_390.wav,2
/USERSPACE/DATASETS/CodecFake/C2/C2/F02_p330_373.wav,2
/USERSPACE/DATASETS/CodecFake/C2/C2/F02_p278_344.wav,2
/USERSPACE/DATASETS/CodecFake/C2/C2/F02_SSB08510164.wav,2
/USERSPACE/DATASETS/CodecFake/C2/C2/F02_SSB06230507.wav,2
/USERSPACE/DATASETS/CodecFake/C2/C2/F02_SSB10200392.wav,2
/USERSPACE/DATASETS/CodecFake/C2/C2/F02_SSB03390181.wav,2
/USERSPACE/DATASETS/CodecFake/C2/C2/F02_p312_417.wav,2
/USERSPACE/DATASETS/CodecFake/C2/C2/F02_p374_127.wav,2
/USERSPACE/DATASETS/CodecFake/C2/C2/F02_p263_337.wav,2
/USERSPACE/DATASETS/CodecFake/C2/C2/F02_p249_029.wav,2
/USERSPACE/DATASETS/CodecFake/C2/C2/F02_SSB13770373.wav,2
/USERSPACE/DATASETS/CodecFake/C2/C2/F02_p294_258.wav,2
/USERSPACE/DATASETS/CodecFake/C2/C2/F02_SSB02870405.wav,2
/USERSPACE/DATASETS/CodecFake/C2/C2/F02_SSB05990283.wav,2
/USERSPACE/DATASETS/CodecFake/C2/C2/F02_p244_097.wav,2
/USERSPACE/DATASETS/CodecFake/C2/C2/F02_SSB05940272.wav,2
/USERSPACE/DATASETS/CodecFake/C2/C2/F02_SSB03930267.wav,2
/USERSPACE/DATASETS/CodecFake/C2/C2/F02_SSB14520363.wav,2
/USERSPACE/DATASETS/CodecFake/C2/C2/F02_p326_085.wav,2
/USERSPACE/DATASETS/CodecFake/C2/C2/F02_p298_197.wav,2
/USERSPACE/DATASETS/CodecFake/C2/C2/F02_SSB18720229.wav,2
/USERSPACE/DATASETS/CodecFake/C2/C2/F02_SSB15750141.wav,2
/USERSPACE/DATASETS/CodecFake/C2/C2/F02_SSB11150165.wav,2
/USERSPACE/DATASETS/CodecFake/C2/C2/F02_p347_108.wav,2
/USERSPACE/DATASETS/CodecFake/C2/C2/F02_p298_097.wav,2
/USERSPACE/DATASETS/CodecFake/C2/C2/F02_SSB15930248.wav,2
/USERSPACE/DATASETS/CodecFake/C2/C2/F02_SSB07490192.wav,2
/USERSPACE/DATASETS/CodecFake/C2/C2/F02_SSB09970084.wav,2
/USERSPACE/DATASETS/CodecFake/C2/C2/F02_SSB07360326.wav,2
/USERSPACE/DATASETS/CodecFake/C2/C2/F02_SSB17590440.wav,2
/USERSPACE/DATASETS/CodecFake/C2/C2/F02_p263_104.wav,2
/USERSPACE/DATASETS/CodecFake/C2/C2/F02_p228_023.wav,2
/USERSPACE/DATASETS/CodecFake/C2/C2/F02_SSB11610080.wav,2
/USERSPACE/DATASETS/CodecFake/C2/C2/F02_SSB15930032.wav,2
/USERSPACE/DATASETS/CodecFake/C2/C2/F02_SSB13200117.wav,2
/USERSPACE/DATASETS/CodecFake/C2/C2/F02_SSB07160366.wav,2
/USERSPACE/DATASETS/CodecFake/C2/C2/F02_SSB04150216.wav,2
/USERSPACE/DATASETS/CodecFake/C2/C2/F02_SSB09870363.wav,2
/USERSPACE/DATASETS/CodecFake/C2/C2/F02_p329_247.wav,2
/USERSPACE/DATASETS/CodecFake/C2/C2/F02_SSB00330194.wav,2
/USERSPACE/DATASETS/CodecFake/C2/C2/F02_p281_271.wav,2
/USERSPACE/DATASETS/CodecFake/C2/C2/F02_p307_052.wav,2
/USERSPACE/DATASETS/CodecFake/C2/C2/F02_SSB12740375.wav,2
/USERSPACE/DATASETS/CodecFake/C2/C2/F02_SSB06090360.wav,2
/USERSPACE/DATASETS/CodecFake/C2/C2/F02_p294_303.wav,2
/USERSPACE/DATASETS/CodecFake/C2/C2/F02_SSB04260141.wav,2
/USERSPACE/DATASETS/CodecFake/C2/C2/F02_p343_030.wav,2
/USERSPACE/DATASETS/CodecFake/C2/C2/F02_SSB19180174.wav,2
/USERSPACE/DATASETS/CodecFake/C2/C2/F02_SSB16990082.wav,2
/USERSPACE/DATASETS/CodecFake/C2/C2/F02_SSB16500331.wav,2
/USERSPACE/DATASETS/CodecFake/C2/C2/F02_p295_365.wav,2
/USERSPACE/DATASETS/CodecFake/C2/C2/F02_SSB05940237.wav,2
/USERSPACE/DATASETS/CodecFake/C2/C2/F02_SSB01450154.wav,2
/USERSPACE/DATASETS/CodecFake/C2/C2/F02_SSB07940221.wav,2
/USERSPACE/DATASETS/CodecFake/C2/C2/F02_SSB07480332.wav,2
/USERSPACE/DATASETS/CodecFake/C2/C2/F02_SSB06860147.wav,2
/USERSPACE/DATASETS/CodecFake/C2/C2/F02_SSB03660420.wav,2
/USERSPACE/DATASETS/CodecFake/C2/C2/F02_SSB04820441.wav,2
/USERSPACE/DATASETS/CodecFake/C2/C2/F02_SSB10000207.wav,2
/USERSPACE/DATASETS/CodecFake/C2/C2/F02_p287_348.wav,2
/USERSPACE/DATASETS/CodecFake/C2/C2/F02_SSB05440075.wav,2
/USERSPACE/DATASETS/CodecFake/C2/C2/F02_SSB19390457.wav,2
/USERSPACE/DATASETS/CodecFake/C2/C2/F02_p345_248.wav,2
/USERSPACE/DATASETS/CodecFake/C2/C2/F02_p311_241.wav,2
/USERSPACE/DATASETS/CodecFake/C2/C2/F02_p274_018.wav,2
/USERSPACE/DATASETS/CodecFake/C2/C2/F02_SSB13930407.wav,2
/USERSPACE/DATASETS/CodecFake/C2/C2/F02_SSB06290101.wav,2
/USERSPACE/DATASETS/CodecFake/C2/C2/F02_SSB06090364.wav,2
/USERSPACE/DATASETS/CodecFake/C2/C2/F02_SSB19560347.wav,2
/USERSPACE/DATASETS/CodecFake/C2/C2/F02_SSB12030242.wav,2
/USERSPACE/DATASETS/CodecFake/C2/C2/F02_p288_261.wav,2
/USERSPACE/DATASETS/CodecFake/C2/C2/F02_SSB16700080.wav,2
/USERSPACE/DATASETS/CodecFake/C2/C2/F02_p302_298.wav,2
/USERSPACE/DATASETS/CodecFake/C2/C2/F02_SSB09350163.wav,2
/USERSPACE/DATASETS/CodecFake/C2/C2/F02_SSB13820142.wav,2
/USERSPACE/DATASETS/CodecFake/C2/C2/F02_SSB13930060.wav,2
/USERSPACE/DATASETS/CodecFake/C2/C2/F02_SSB14480102.wav,2
/USERSPACE/DATASETS/CodecFake/C2/C2/F02_SSB02880250.wav,2
/USERSPACE/DATASETS/CodecFake/C2/C2/F02_p255_300.wav,2
/USERSPACE/DATASETS/CodecFake/C2/C2/F02_SSB19180259.wav,2
/USERSPACE/DATASETS/CodecFake/C2/C2/F02_SSB00380139.wav,2
/USERSPACE/DATASETS/CodecFake/C2/C2/F02_SSB18780377.wav,2
/USERSPACE/DATASETS/CodecFake/C2/C2/F02_SSB14080059.wav,2
/USERSPACE/DATASETS/CodecFake/C2/C2/F02_p227_036.wav,2
/USERSPACE/DATASETS/CodecFake/C2/C2/F02_SSB07860105.wav,2
/USERSPACE/DATASETS/CodecFake/C2/C2/F02_SSB16500174.wav,2
/USERSPACE/DATASETS/CodecFake/C2/C2/F02_SSB16070142.wav,2
/USERSPACE/DATASETS/CodecFake/C2/C2/F02_p326_322.wav,2
/USERSPACE/DATASETS/CodecFake/C2/C2/F02_SSB17590115.wav,2
/USERSPACE/DATASETS/CodecFake/C2/C2/F02_p305_241.wav,2
/USERSPACE/DATASETS/CodecFake/C2/C2/F02_SSB05020153.wav,2
/USERSPACE/DATASETS/CodecFake/C2/C2/F02_SSB13930017.wav,2
/USERSPACE/DATASETS/CodecFake/C2/C2/F02_SSB05900438.wav,2
/USERSPACE/DATASETS/CodecFake/C2/C2/F02_SSB07490367.wav,2
/USERSPACE/DATASETS/CodecFake/C2/C2/F02_p237_068.wav,2
/USERSPACE/DATASETS/CodecFake/C2/C2/F02_p308_011.wav,2
/USERSPACE/DATASETS/CodecFake/C2/C2/F02_SSB06010447.wav,2
/USERSPACE/DATASETS/CodecFake/C2/C2/F02_p302_065.wav,2
/USERSPACE/DATASETS/CodecFake/C2/C2/F02_SSB13650129.wav,2
/USERSPACE/DATASETS/CodecFake/C2/C2/F02_SSB04270278.wav,2
/USERSPACE/DATASETS/CodecFake/C2/C2/F02_SSB06030243.wav,2
/USERSPACE/DATASETS/CodecFake/C2/C2/F02_SSB06310265.wav,2
/USERSPACE/DATASETS/CodecFake/C2/C2/F02_SSB15930103.wav,2
/USERSPACE/DATASETS/CodecFake/C2/C2/F02_SSB07020303.wav,2
/USERSPACE/DATASETS/CodecFake/C2/C2/F02_SSB05990062.wav,2
/USERSPACE/DATASETS/CodecFake/C2/C2/F02_SSB05390435.wav,2
/USERSPACE/DATASETS/CodecFake/C2/C2/F02_p347_352.wav,2
/USERSPACE/DATASETS/CodecFake/C2/C2/F02_p364_134.wav,2
/USERSPACE/DATASETS/CodecFake/C2/C2/F02_p254_219.wav,2
/USERSPACE/DATASETS/CodecFake/C2/C2/F02_SSB03420464.wav,2
/USERSPACE/DATASETS/CodecFake/C2/C2/F02_p227_274.wav,2
/USERSPACE/DATASETS/CodecFake/C2/C2/F02_p343_248.wav,2
/USERSPACE/DATASETS/CodecFake/C2/C2/F02_SSB09130290.wav,2
/USERSPACE/DATASETS/CodecFake/C2/C2/F02_SSB16860266.wav,2
/USERSPACE/DATASETS/CodecFake/C2/C2/F02_SSB19390403.wav,2
/USERSPACE/DATASETS/CodecFake/C2/C2/F02_SSB05780201.wav,2
/USERSPACE/DATASETS/CodecFake/C2/C2/F02_SSB00570214.wav,2
/USERSPACE/DATASETS/CodecFake/C2/C2/F02_SSB12030185.wav,2
/USERSPACE/DATASETS/CodecFake/C2/C2/F02_p304_010.wav,2
/USERSPACE/DATASETS/CodecFake/C2/C2/F02_SSB18780255.wav,2
/USERSPACE/DATASETS/CodecFake/C2/C2/F02_SSB19560447.wav,2
/USERSPACE/DATASETS/CodecFake/C2/C2/F02_SSB13650190.wav,2
/USERSPACE/DATASETS/CodecFake/C2/C2/F02_p312_354.wav,2
/USERSPACE/DATASETS/CodecFake/C2/C2/F02_p304_396.wav,2
/USERSPACE/DATASETS/CodecFake/C2/C2/F02_SSB11610037.wav,2
/USERSPACE/DATASETS/CodecFake/C2/C2/F02_SSB13820072.wav,2
/USERSPACE/DATASETS/CodecFake/C2/C2/F02_p292_346.wav,2
/USERSPACE/DATASETS/CodecFake/C2/C2/F02_SSB01970221.wav,2
/USERSPACE/DATASETS/CodecFake/C2/C2/F02_SSB07510087.wav,2
/USERSPACE/DATASETS/CodecFake/C2/C2/F02_SSB03800411.wav,2
/USERSPACE/DATASETS/CodecFake/C2/C2/F02_SSB03380296.wav,2
/USERSPACE/DATASETS/CodecFake/C2/C2/F02_p294_274.wav,2
/USERSPACE/DATASETS/CodecFake/C2/C2/F02_p307_279.wav,2
/USERSPACE/DATASETS/CodecFake/C2/C2/F02_SSB06140130.wav,2
/USERSPACE/DATASETS/CodecFake/C2/C2/F02_SSB10960383.wav,2
/USERSPACE/DATASETS/CodecFake/C2/C2/F02_SSB06060331.wav,2
/USERSPACE/DATASETS/CodecFake/C2/C2/F02_SSB05780343.wav,2
/USERSPACE/DATASETS/CodecFake/C2/C2/F02_SSB05900457.wav,2
/USERSPACE/DATASETS/CodecFake/C2/C2/F02_SSB07510002.wav,2
/USERSPACE/DATASETS/CodecFake/C2/C2/F02_SSB01930200.wav,2
/USERSPACE/DATASETS/CodecFake/C2/C2/F02_p247_018.wav,2
/USERSPACE/DATASETS/CodecFake/C2/C2/F02_SSB03800057.wav,2
/USERSPACE/DATASETS/CodecFake/C2/C2/F02_SSB18280275.wav,2
/USERSPACE/DATASETS/CodecFake/C2/C2/F02_SSB02870144.wav,2
/USERSPACE/DATASETS/CodecFake/C2/C2/F02_p230_213.wav,2
/USERSPACE/DATASETS/CodecFake/C2/C2/F02_p283_335.wav,2
/USERSPACE/DATASETS/CodecFake/C2/C2/F02_SSB05650429.wav,2
/USERSPACE/DATASETS/CodecFake/C2/C2/F02_SSB00120447.wav,2
/USERSPACE/DATASETS/CodecFake/C2/C2/F02_SSB17280233.wav,2
/USERSPACE/DATASETS/CodecFake/C2/C2/F02_SSB10200218.wav,2
/USERSPACE/DATASETS/CodecFake/C2/C2/F02_SSB01450071.wav,2
/USERSPACE/DATASETS/CodecFake/C2/C2/F02_SSB11100153.wav,2
/USERSPACE/DATASETS/CodecFake/C2/C2/F02_SSB08710422.wav,2
/USERSPACE/DATASETS/CodecFake/C2/C2/F02_SSB10200044.wav,2
/USERSPACE/DATASETS/CodecFake/C2/C2/F02_p231_040.wav,2
/USERSPACE/DATASETS/CodecFake/C2/C2/F02_SSB10020301.wav,2
/USERSPACE/DATASETS/CodecFake/C2/C2/F02_SSB05390185.wav,2
/USERSPACE/DATASETS/CodecFake/C2/C2/F02_p297_109.wav,2
/USERSPACE/DATASETS/CodecFake/C2/C2/F02_SSB16500280.wav,2
/USERSPACE/DATASETS/CodecFake/C2/C2/F02_SSB02670194.wav,2
/USERSPACE/DATASETS/CodecFake/C2/C2/F02_SSB03090294.wav,2
/USERSPACE/DATASETS/CodecFake/C2/C2/F02_p362_396.wav,2
/USERSPACE/DATASETS/CodecFake/C2/C2/F02_SSB11080367.wav,2
/USERSPACE/DATASETS/CodecFake/C2/C2/F02_p298_092.wav,2
/USERSPACE/DATASETS/CodecFake/C2/C2/F02_SSB11080282.wav,2
/USERSPACE/DATASETS/CodecFake/C2/C2/F02_SSB12030217.wav,2
/USERSPACE/DATASETS/CodecFake/C2/C2/F02_SSB13850384.wav,2
/USERSPACE/DATASETS/CodecFake/C2/C2/F02_SSB07100295.wav,2
/USERSPACE/DATASETS/CodecFake/C2/C2/F02_SSB08220287.wav,2
/USERSPACE/DATASETS/CodecFake/C2/C2/F02_SSB19390235.wav,2
/USERSPACE/DATASETS/CodecFake/C2/C2/F02_SSB00180481.wav,2
/USERSPACE/DATASETS/CodecFake/C2/C2/F02_SSB00160459.wav,2
/USERSPACE/DATASETS/CodecFake/C2/C2/F02_p257_100.wav,2
/USERSPACE/DATASETS/CodecFake/C2/C2/F02_SSB05900121.wav,2
/USERSPACE/DATASETS/CodecFake/C2/C2/F02_SSB10080036.wav,2
/USERSPACE/DATASETS/CodecFake/C2/C2/F02_p244_399.wav,2
/USERSPACE/DATASETS/CodecFake/C2/C2/F02_p276_088.wav,2
/USERSPACE/DATASETS/CodecFake/C2/C2/F02_SSB02000163.wav,2
/USERSPACE/DATASETS/CodecFake/C2/C2/F02_SSB11250306.wav,2
/USERSPACE/DATASETS/CodecFake/C2/C2/F02_p236_408.wav,2
/USERSPACE/DATASETS/CodecFake/C2/C2/F02_p323_329.wav,2
/USERSPACE/DATASETS/CodecFake/C2/C2/F02_p239_173.wav,2
/USERSPACE/DATASETS/CodecFake/C2/C2/F02_SSB02000390.wav,2
/USERSPACE/DATASETS/CodecFake/C2/C2/F02_p313_274.wav,2
/USERSPACE/DATASETS/CodecFake/C2/C2/F02_SSB07480113.wav,2
/USERSPACE/DATASETS/CodecFake/C2/C2/F02_p234_081.wav,2
/USERSPACE/DATASETS/CodecFake/C2/C2/F02_SSB03160375.wav,2
/USERSPACE/DATASETS/CodecFake/C2/C2/F02_p347_032.wav,2
/USERSPACE/DATASETS/CodecFake/C2/C2/F02_SSB07620124.wav,2
/USERSPACE/DATASETS/CodecFake/C2/C2/F02_p261_365.wav,2
/USERSPACE/DATASETS/CodecFake/C2/C2/F02_SSB13820321.wav,2
/USERSPACE/DATASETS/CodecFake/C2/C2/F02_SSB16990306.wav,2
/USERSPACE/DATASETS/CodecFake/C2/C2/F02_SSB07370390.wav,2
/USERSPACE/DATASETS/CodecFake/C2/C2/F02_SSB06680439.wav,2
/USERSPACE/DATASETS/CodecFake/C2/C2/F02_SSB03410189.wav,2
/USERSPACE/DATASETS/CodecFake/C2/C2/F02_p237_002.wav,2
/USERSPACE/DATASETS/CodecFake/C2/C2/F02_SSB03070228.wav,2
/USERSPACE/DATASETS/CodecFake/C2/C2/F02_p251_184.wav,2
/USERSPACE/DATASETS/CodecFake/C2/C2/F02_p229_334.wav,2
/USERSPACE/DATASETS/CodecFake/C2/C2/F02_p282_309.wav,2
/USERSPACE/DATASETS/CodecFake/C2/C2/F02_SSB00800457.wav,2
/USERSPACE/DATASETS/CodecFake/C2/C2/F02_p329_297.wav,2
/USERSPACE/DATASETS/CodecFake/C2/C2/F02_SSB16070019.wav,2
/USERSPACE/DATASETS/CodecFake/C2/C2/F02_p363_272.wav,2
/USERSPACE/DATASETS/CodecFake/C2/C2/F02_SSB07110173.wav,2
/USERSPACE/DATASETS/CodecFake/C2/C2/F02_SSB02610429.wav,2
/USERSPACE/DATASETS/CodecFake/C2/C2/F02_SSB10200360.wav,2
/USERSPACE/DATASETS/CodecFake/C2/C2/F02_p234_281.wav,2
/USERSPACE/DATASETS/CodecFake/C2/C2/F02_p304_370.wav,2
/USERSPACE/DATASETS/CodecFake/C2/C2/F02_SSB10640011.wav,2
/USERSPACE/DATASETS/CodecFake/C2/C2/F02_SSB04820433.wav,2
/USERSPACE/DATASETS/CodecFake/C2/C2/F02_SSB02880428.wav,2
/USERSPACE/DATASETS/CodecFake/C2/C2/F02_SSB00730400.wav,2
/USERSPACE/DATASETS/CodecFake/C2/C2/F02_p336_069.wav,2
/USERSPACE/DATASETS/CodecFake/C2/C2/F02_SSB09130041.wav,2
/USERSPACE/DATASETS/CodecFake/C2/C2/F02_SSB00430279.wav,2
/USERSPACE/DATASETS/CodecFake/C2/C2/F02_p347_262.wav,2
/USERSPACE/DATASETS/CodecFake/C2/C2/F02_p294_234.wav,2
/USERSPACE/DATASETS/CodecFake/C2/C2/F02_SSB06290180.wav,2
/USERSPACE/DATASETS/CodecFake/C2/C2/F02_p347_095.wav,2
/USERSPACE/DATASETS/CodecFake/C2/C2/F02_p312_349.wav,2
/USERSPACE/DATASETS/CodecFake/C2/C2/F02_SSB03950280.wav,2
/USERSPACE/DATASETS/CodecFake/C2/C2/F02_p303_031.wav,2
/USERSPACE/DATASETS/CodecFake/C2/C2/F02_p308_148.wav,2
/USERSPACE/DATASETS/CodecFake/C2/C2/F02_SSB14080116.wav,2
/USERSPACE/DATASETS/CodecFake/C2/C2/F02_SSB18910280.wav,2
/USERSPACE/DATASETS/CodecFake/C2/C2/F02_SSB09870379.wav,2
/USERSPACE/DATASETS/CodecFake/C2/C2/F02_SSB15670111.wav,2
/USERSPACE/DATASETS/CodecFake/C2/C2/F02_p313_156.wav,2
/USERSPACE/DATASETS/CodecFake/C2/C2/F02_SSB19180280.wav,2
/USERSPACE/DATASETS/CodecFake/C2/C2/F02_p376_288.wav,2
/USERSPACE/DATASETS/CodecFake/C2/C2/F02_SSB10000235.wav,2
/USERSPACE/DATASETS/CodecFake/C2/C2/F02_SSB01220179.wav,2
/USERSPACE/DATASETS/CodecFake/C2/C2/F02_SSB11870236.wav,2
/USERSPACE/DATASETS/CodecFake/C2/C2/F02_p263_001.wav,2
/USERSPACE/DATASETS/CodecFake/C2/C2/F02_p376_004.wav,2
/USERSPACE/DATASETS/CodecFake/C2/C2/F02_SSB00430238.wav,2
/USERSPACE/DATASETS/CodecFake/C2/C2/F02_SSB14370169.wav,2
/USERSPACE/DATASETS/CodecFake/C2/C2/F02_SSB00160031.wav,2
/USERSPACE/DATASETS/CodecFake/C2/C2/F02_p308_378.wav,2
/USERSPACE/DATASETS/CodecFake/C2/C2/F02_SSB03230162.wav,2
/USERSPACE/DATASETS/CodecFake/C2/C2/F02_SSB02410368.wav,2
/USERSPACE/DATASETS/CodecFake/C2/C2/F02_p360_093.wav,2
/USERSPACE/DATASETS/CodecFake/C2/C2/F02_SSB19350210.wav,2
/USERSPACE/DATASETS/CodecFake/C2/C2/F02_p272_348.wav,2
/USERSPACE/DATASETS/CodecFake/C2/C2/F02_SSB06230505.wav,2
/USERSPACE/DATASETS/CodecFake/C2/C2/F02_p360_172.wav,2
/USERSPACE/DATASETS/CodecFake/C2/C2/F02_SSB18630048.wav,2
/USERSPACE/DATASETS/CodecFake/C2/C2/F02_SSB07800468.wav,2
/USERSPACE/DATASETS/CodecFake/C2/C2/F02_p303_133.wav,2
/USERSPACE/DATASETS/CodecFake/C2/C2/F02_SSB10240429.wav,2
/USERSPACE/DATASETS/CodecFake/C2/C2/F02_SSB17820181.wav,2
/USERSPACE/DATASETS/CodecFake/C2/C2/F02_SSB14310297.wav,2
/USERSPACE/DATASETS/CodecFake/C2/C2/F02_SSB05880224.wav,2
/USERSPACE/DATASETS/CodecFake/C2/C2/F02_p239_424.wav,2
/USERSPACE/DATASETS/CodecFake/C2/C2/F02_SSB13410321.wav,2
/USERSPACE/DATASETS/CodecFake/C2/C2/F02_SSB13850046.wav,2
/USERSPACE/DATASETS/CodecFake/C2/C2/F02_SSB06070229.wav,2
/USERSPACE/DATASETS/CodecFake/C2/C2/F02_SSB11360282.wav,2
/USERSPACE/DATASETS/CodecFake/C2/C2/F02_SSB12030191.wav,2
/USERSPACE/DATASETS/CodecFake/C2/C2/F02_p340_235.wav,2
/USERSPACE/DATASETS/CodecFake/C2/C2/F02_SSB01490340.wav,2
/USERSPACE/DATASETS/CodecFake/C2/C2/F02_p281_414.wav,2
/USERSPACE/DATASETS/CodecFake/C2/C2/F02_p245_240.wav,2
/USERSPACE/DATASETS/CodecFake/C2/C2/F02_p259_133.wav,2
/USERSPACE/DATASETS/CodecFake/C2/C2/F02_p293_324.wav,2
/USERSPACE/DATASETS/CodecFake/C2/C2/F02_SSB03410013.wav,2
/USERSPACE/DATASETS/CodecFake/C2/C2/F02_p284_356.wav,2
/USERSPACE/DATASETS/CodecFake/C2/C2/F02_SSB03150208.wav,2
/USERSPACE/DATASETS/CodecFake/C2/C2/F02_SSB19020123.wav,2
/USERSPACE/DATASETS/CodecFake/C2/C2/F02_SSB18720111.wav,2
/USERSPACE/DATASETS/CodecFake/C2/C2/F02_p228_035.wav,2
/USERSPACE/DATASETS/CodecFake/C2/C2/F02_SSB08170059.wav,2
/USERSPACE/DATASETS/CodecFake/C2/C2/F02_SSB07230312.wav,2
/USERSPACE/DATASETS/CodecFake/C2/C2/F02_SSB00090345.wav,2
/USERSPACE/DATASETS/CodecFake/C2/C2/F02_SSB18060245.wav,2
/USERSPACE/DATASETS/CodecFake/C2/C2/F02_SSB11610048.wav,2
/USERSPACE/DATASETS/CodecFake/C2/C2/F02_SSB03380135.wav,2
/USERSPACE/DATASETS/CodecFake/C2/C2/F02_p297_210.wav,2
/USERSPACE/DATASETS/CodecFake/C2/C2/F02_SSB17390152.wav,2
/USERSPACE/DATASETS/CodecFake/C2/C2/F02_SSB09660387.wav,2
/USERSPACE/DATASETS/CodecFake/C2/C2/F02_SSB13660171.wav,2
/USERSPACE/DATASETS/CodecFake/C2/C2/F02_SSB07860329.wav,2
/USERSPACE/DATASETS/CodecFake/C2/C2/F02_SSB03660107.wav,2
/USERSPACE/DATASETS/CodecFake/C2/C2/F02_p227_261.wav,2
/USERSPACE/DATASETS/CodecFake/C2/C2/F02_p273_268.wav,2
/USERSPACE/DATASETS/CodecFake/C2/C2/F02_SSB06310023.wav,2
/USERSPACE/DATASETS/CodecFake/C2/C2/F02_p347_417.wav,2
/USERSPACE/DATASETS/CodecFake/C2/C2/F02_p323_116.wav,2
/USERSPACE/DATASETS/CodecFake/C2/C2/F02_SSB00330134.wav,2
/USERSPACE/DATASETS/CodecFake/C2/C2/F02_p234_200.wav,2
/USERSPACE/DATASETS/CodecFake/C2/C2/F02_SSB03540178.wav,2
/USERSPACE/DATASETS/CodecFake/C2/C2/F02_SSB06660410.wav,2
/USERSPACE/DATASETS/CodecFake/C2/C2/F02_SSB17110292.wav,2
/USERSPACE/DATASETS/CodecFake/C2/C2/F02_SSB13400009.wav,2
/USERSPACE/DATASETS/CodecFake/C2/C2/F02_SSB03380068.wav,2
/USERSPACE/DATASETS/CodecFake/C2/C2/F02_p261_121.wav,2
/USERSPACE/DATASETS/CodecFake/C2/C2/F02_SSB06310292.wav,2
/USERSPACE/DATASETS/CodecFake/C2/C2/F02_p283_219.wav,2
/USERSPACE/DATASETS/CodecFake/C2/C2/F02_SSB08170057.wav,2
/USERSPACE/DATASETS/CodecFake/C2/C2/F02_p286_408.wav,2
/USERSPACE/DATASETS/CodecFake/C2/C2/F02_SSB06860281.wav,2
/USERSPACE/DATASETS/CodecFake/C2/C2/F02_SSB04270120.wav,2
/USERSPACE/DATASETS/CodecFake/C2/C2/F02_p299_231.wav,2
/USERSPACE/DATASETS/CodecFake/C2/C2/F02_SSB02990371.wav,2
/USERSPACE/DATASETS/CodecFake/C2/C2/F02_SSB11260118.wav,2
/USERSPACE/DATASETS/CodecFake/C2/C2/F02_SSB12030394.wav,2
/USERSPACE/DATASETS/CodecFake/C2/C2/F02_SSB04350200.wav,2
/USERSPACE/DATASETS/CodecFake/C2/C2/F02_p363_343.wav,2
/USERSPACE/DATASETS/CodecFake/C2/C2/F02_p298_377.wav,2
/USERSPACE/DATASETS/CodecFake/C2/C2/F02_SSB03790316.wav,2
/USERSPACE/DATASETS/CodecFake/C2/C2/F02_p278_049.wav,2
/USERSPACE/DATASETS/CodecFake/C2/C2/F02_p314_131.wav,2
/USERSPACE/DATASETS/CodecFake/C2/C2/F02_SSB05440334.wav,2
/USERSPACE/DATASETS/CodecFake/C2/C2/F02_SSB07020362.wav,2
/USERSPACE/DATASETS/CodecFake/C2/C2/F02_SSB06320202.wav,2
/USERSPACE/DATASETS/CodecFake/C2/C2/F02_SSB07840463.wav,2
/USERSPACE/DATASETS/CodecFake/C2/C2/F02_SSB03800377.wav,2
/USERSPACE/DATASETS/CodecFake/C2/C2/F02_p246_165.wav,2
/USERSPACE/DATASETS/CodecFake/C2/C2/F02_p226_026.wav,2
/USERSPACE/DATASETS/CodecFake/C2/C2/F02_p336_102.wav,2
/USERSPACE/DATASETS/CodecFake/C2/C2/F02_SSB16300446.wav,2
/USERSPACE/DATASETS/CodecFake/C2/C2/F02_SSB05650235.wav,2
/USERSPACE/DATASETS/CodecFake/C2/C2/F02_SSB17110453.wav,2
/USERSPACE/DATASETS/CodecFake/C2/C2/F02_p341_112.wav,2
/USERSPACE/DATASETS/CodecFake/C2/C2/F02_SSB13020443.wav,2
/USERSPACE/DATASETS/CodecFake/C2/C2/F02_p335_102.wav,2
/USERSPACE/DATASETS/CodecFake/C2/C2/F02_SSB00800097.wav,2
/USERSPACE/DATASETS/CodecFake/C2/C2/F02_SSB07600341.wav,2
/USERSPACE/DATASETS/CodecFake/C2/C2/F02_SSB10200097.wav,2
/USERSPACE/DATASETS/CodecFake/C2/C2/F02_p272_138.wav,2
/USERSPACE/DATASETS/CodecFake/C2/C2/F02_SSB05650184.wav,2
/USERSPACE/DATASETS/CodecFake/C2/C2/F02_p232_109.wav,2
/USERSPACE/DATASETS/CodecFake/C2/C2/F02_p267_056.wav,2
/USERSPACE/DATASETS/CodecFake/C2/C2/F02_SSB14570003.wav,2
/USERSPACE/DATASETS/CodecFake/C2/C2/F02_SSB08630092.wav,2
/USERSPACE/DATASETS/CodecFake/C2/C2/F02_SSB18280340.wav,2
/USERSPACE/DATASETS/CodecFake/C2/C2/F02_SSB00090244.wav,2
/USERSPACE/DATASETS/CodecFake/C2/C2/F02_SSB03790257.wav,2
/USERSPACE/DATASETS/CodecFake/C2/C2/F02_p275_098.wav,2
/USERSPACE/DATASETS/CodecFake/C2/C2/F02_SSB07200089.wav,2
/USERSPACE/DATASETS/CodecFake/C2/C2/F02_SSB07370427.wav,2
/USERSPACE/DATASETS/CodecFake/C2/C2/F02_p297_374.wav,2
/USERSPACE/DATASETS/CodecFake/C2/C2/F02_SSB07940347.wav,2
/USERSPACE/DATASETS/CodecFake/C2/C2/F02_SSB17820294.wav,2
/USERSPACE/DATASETS/CodecFake/C2/C2/F02_SSB03800440.wav,2
/USERSPACE/DATASETS/CodecFake/C2/C2/F02_SSB03800446.wav,2
/USERSPACE/DATASETS/CodecFake/C2/C2/F02_SSB13200282.wav,2
/USERSPACE/DATASETS/CodecFake/C2/C2/F02_p343_365.wav,2
/USERSPACE/DATASETS/CodecFake/C2/C2/F02_p265_289.wav,2
/USERSPACE/DATASETS/CodecFake/C2/C2/F02_SSB02000422.wav,2
/USERSPACE/DATASETS/CodecFake/C2/C2/F02_p249_038.wav,2
/USERSPACE/DATASETS/CodecFake/C2/C2/F02_SSB11610298.wav,2
/USERSPACE/DATASETS/CodecFake/C2/C2/F02_SSB05340243.wav,2
/USERSPACE/DATASETS/CodecFake/C2/C2/F02_p339_381.wav,2
/USERSPACE/DATASETS/CodecFake/C2/C2/F02_SSB13400365.wav,2
/USERSPACE/DATASETS/CodecFake/C2/C2/F02_SSB11610230.wav,2
/USERSPACE/DATASETS/CodecFake/C2/C2/F02_SSB12030479.wav,2
/USERSPACE/DATASETS/CodecFake/C2/C2/F02_SSB02730065.wav,2
/USERSPACE/DATASETS/CodecFake/C2/C2/F02_SSB10720035.wav,2
/USERSPACE/DATASETS/CodecFake/C2/C2/F02_p307_011.wav,2
/USERSPACE/DATASETS/CodecFake/C2/C2/F02_SSB07780479.wav,2
/USERSPACE/DATASETS/CodecFake/C2/C2/F02_SSB03090112.wav,2
/USERSPACE/DATASETS/CodecFake/C2/C2/F02_SSB07020452.wav,2
/USERSPACE/DATASETS/CodecFake/C2/C2/F02_SSB06140271.wav,2
/USERSPACE/DATASETS/CodecFake/C2/C2/F02_SSB15750430.wav,2
/USERSPACE/DATASETS/CodecFake/C2/C2/F02_SSB19020405.wav,2
/USERSPACE/DATASETS/CodecFake/C2/C2/F02_p313_383.wav,2
/USERSPACE/DATASETS/CodecFake/C2/C2/F02_SSB16700272.wav,2
/USERSPACE/DATASETS/CodecFake/C2/C2/F02_p345_088.wav,2
/USERSPACE/DATASETS/CodecFake/C2/C2/F02_SSB15550111.wav,2
/USERSPACE/DATASETS/CodecFake/C2/C2/F02_SSB07370382.wav,2
