{"Training_F1_Score":0.9994684457778931,"Validating_Accuracy":0.9918211698532104,"Training_Accuracy":0.9994683861732483,"Validating_F1_Score":0.9918258786201477,"Validating_Precision":0.991911768913269,"Validating_Loss":0.035270435712946996,"_runtime":3227.493502634,"Training_AUROC":0.9999991059303284,"_timestamp":1.737665682930066e+09,"Training_Precision":0.9994684457778931,"_step":100,"Training_Recall":0.9994684457778931,"Epoch":100,"Training_Loss":0.0018292574969003249,"Validating_Recall":0.9918211698532104,"_wandb":{"runtime":3227},"Validating_AUROC":0.9998661279678345}