{"Training_F1_Score":0.9952700138092041,"Training_Precision":0.9952703714370728,"_timestamp":1.7376723514206107e+09,"Training_Accuracy":0.9952698945999146,"_step":28,"Validating_Loss":0.005287388020305015,"Training_Recall":0.9952698945999146,"Validating_Recall":0.9985823631286621,"_runtime":2064.512819145,"Training_Loss":0.015938635218711767,"Training_AUROC":0.999969482421875,"Validating_AUROC":0.9999985694885254,"_wandb":{"runtime":2064},"Validating_F1_Score":0.9985824227333069,"Epoch":28,"Validating_Accuracy":0.9985823631286621,"Validating_Precision":0.9985845685005188}