path,label
/USERSPACE/DATASETS/CodecFake/train/F01_SSB05780239.wav,1
/USERSPACE/DATASETS/CodecFake/train/F01_p302_296.wav,1
/USERSPACE/DATASETS/CodecFake/train/F01_p362_309.wav,1
/USERSPACE/DATASETS/CodecFake/train/F01_p252_134.wav,1
/USERSPACE/DATASETS/CodecFake/train/F01_p282_258.wav,1
/USERSPACE/DATASETS/CodecFake/train/F01_SSB07800381.wav,1
/USERSPACE/DATASETS/CodecFake/train/F01_p335_352.wav,1
/USERSPACE/DATASETS/CodecFake/train/F01_p305_368.wav,1
/USERSPACE/DATASETS/CodecFake/train/F01_SSB14520307.wav,1
/USERSPACE/DATASETS/CodecFake/train/F01_p293_108.wav,1
/USERSPACE/DATASETS/CodecFake/train/F01_p361_396.wav,1
/USERSPACE/DATASETS/CodecFake/train/F01_SSB09150107.wav,1
/USERSPACE/DATASETS/CodecFake/train/F01_p333_309.wav,1
/USERSPACE/DATASETS/CodecFake/train/F01_p254_228.wav,1
/USERSPACE/DATASETS/CodecFake/train/F01_SSB00330401.wav,1
/USERSPACE/DATASETS/CodecFake/train/F01_SSB18780177.wav,1
/USERSPACE/DATASETS/CodecFake/train/F01_SSB06290483.wav,1
/USERSPACE/DATASETS/CodecFake/train/F01_SSB04340139.wav,1
/USERSPACE/DATASETS/CodecFake/train/F01_SSB03850158.wav,1
/USERSPACE/DATASETS/CodecFake/train/F01_SSB06060062.wav,1
/USERSPACE/DATASETS/CodecFake/train/F01_p229_175.wav,1
/USERSPACE/DATASETS/CodecFake/train/F01_p280_177.wav,1
/USERSPACE/DATASETS/CodecFake/train/F01_SSB07490202.wav,1
/USERSPACE/DATASETS/CodecFake/train/F01_SSB09190144.wav,1
/USERSPACE/DATASETS/CodecFake/train/F01_SSB08870078.wav,1
/USERSPACE/DATASETS/CodecFake/train/F01_SSB02990030.wav,1
/USERSPACE/DATASETS/CodecFake/train/F01_SSB01330055.wav,1
/USERSPACE/DATASETS/CodecFake/train/F01_SSB07800138.wav,1
/USERSPACE/DATASETS/CodecFake/train/F01_SSB18780503.wav,1
/USERSPACE/DATASETS/CodecFake/train/F01_SSB00160503.wav,1
/USERSPACE/DATASETS/CodecFake/train/F01_SSB08510065.wav,1
/USERSPACE/DATASETS/CodecFake/train/F01_SSB00160291.wav,1
/USERSPACE/DATASETS/CodecFake/train/F01_p275_173.wav,1
/USERSPACE/DATASETS/CodecFake/train/F01_p233_121.wav,1
/USERSPACE/DATASETS/CodecFake/train/F01_SSB07370073.wav,1
/USERSPACE/DATASETS/CodecFake/train/F01_p311_369.wav,1
/USERSPACE/DATASETS/CodecFake/train/F01_p360_381.wav,1
/USERSPACE/DATASETS/CodecFake/train/F01_SSB17590057.wav,1
/USERSPACE/DATASETS/CodecFake/train/F01_SSB11970191.wav,1
/USERSPACE/DATASETS/CodecFake/train/F01_SSB13410051.wav,1
/USERSPACE/DATASETS/CodecFake/train/F01_p283_204.wav,1
/USERSPACE/DATASETS/CodecFake/train/F01_SSB04070428.wav,1
/USERSPACE/DATASETS/CodecFake/train/F01_p340_133.wav,1
/USERSPACE/DATASETS/CodecFake/train/F01_SSB16250484.wav,1
/USERSPACE/DATASETS/CodecFake/train/F01_SSB16240038.wav,1
/USERSPACE/DATASETS/CodecFake/train/F01_SSB06710280.wav,1
/USERSPACE/DATASETS/CodecFake/train/F01_SSB00160004.wav,1
/USERSPACE/DATASETS/CodecFake/train/F01_p363_306.wav,1
/USERSPACE/DATASETS/CodecFake/train/F01_SSB12530203.wav,1
/USERSPACE/DATASETS/CodecFake/train/F01_SSB03940477.wav,1
/USERSPACE/DATASETS/CodecFake/train/F01_SSB16860024.wav,1
/USERSPACE/DATASETS/CodecFake/train/F01_SSB01330012.wav,1
/USERSPACE/DATASETS/CodecFake/train/F01_SSB05390430.wav,1
/USERSPACE/DATASETS/CodecFake/train/F01_SSB07840402.wav,1
/USERSPACE/DATASETS/CodecFake/train/F01_SSB09350148.wav,1
/USERSPACE/DATASETS/CodecFake/train/F01_SSB01120450.wav,1
/USERSPACE/DATASETS/CodecFake/train/F01_SSB18370338.wav,1
/USERSPACE/DATASETS/CodecFake/train/F01_SSB14020315.wav,1
/USERSPACE/DATASETS/CodecFake/train/F01_SSB12530479.wav,1
/USERSPACE/DATASETS/CodecFake/train/F01_SSB09150397.wav,1
/USERSPACE/DATASETS/CodecFake/train/F01_p312_112.wav,1
/USERSPACE/DATASETS/CodecFake/train/F01_SSB00110401.wav,1
/USERSPACE/DATASETS/CodecFake/train/F01_SSB06230191.wav,1
/USERSPACE/DATASETS/CodecFake/train/F01_p259_254.wav,1
/USERSPACE/DATASETS/CodecFake/train/F01_SSB07620015.wav,1
/USERSPACE/DATASETS/CodecFake/train/F01_p316_189.wav,1
/USERSPACE/DATASETS/CodecFake/train/F01_p249_229.wav,1
/USERSPACE/DATASETS/CodecFake/train/F01_SSB07840081.wav,1
/USERSPACE/DATASETS/CodecFake/train/F01_p261_309.wav,1
/USERSPACE/DATASETS/CodecFake/train/F01_p232_107.wav,1
/USERSPACE/DATASETS/CodecFake/train/F01_SSB16990362.wav,1
/USERSPACE/DATASETS/CodecFake/train/F01_SSB18100022.wav,1
/USERSPACE/DATASETS/CodecFake/train/F01_p317_371.wav,1
/USERSPACE/DATASETS/CodecFake/train/F01_p234_095.wav,1
/USERSPACE/DATASETS/CodecFake/train/F01_p239_429.wav,1
/USERSPACE/DATASETS/CodecFake/train/F01_SSB06140072.wav,1
/USERSPACE/DATASETS/CodecFake/train/F01_SSB01930189.wav,1
/USERSPACE/DATASETS/CodecFake/train/F01_p287_238.wav,1
/USERSPACE/DATASETS/CodecFake/train/F01_SSB02460029.wav,1
/USERSPACE/DATASETS/CodecFake/train/F01_p297_358.wav,1
/USERSPACE/DATASETS/CodecFake/train/F01_SSB15930303.wav,1
/USERSPACE/DATASETS/CodecFake/train/F01_SSB00120110.wav,1
/USERSPACE/DATASETS/CodecFake/train/F01_p269_086.wav,1
/USERSPACE/DATASETS/CodecFake/train/F01_p247_447.wav,1
/USERSPACE/DATASETS/CodecFake/train/F01_SSB03390152.wav,1
/USERSPACE/DATASETS/CodecFake/train/F01_p260_240.wav,1
/USERSPACE/DATASETS/CodecFake/train/F01_p298_300.wav,1
/USERSPACE/DATASETS/CodecFake/train/F01_p244_230.wav,1
/USERSPACE/DATASETS/CodecFake/train/F01_p334_169.wav,1
/USERSPACE/DATASETS/CodecFake/train/F01_SSB03150029.wav,1
/USERSPACE/DATASETS/CodecFake/train/F01_SSB13920382.wav,1
/USERSPACE/DATASETS/CodecFake/train/F01_SSB04340050.wav,1
/USERSPACE/DATASETS/CodecFake/train/F01_p264_128.wav,1
/USERSPACE/DATASETS/CodecFake/train/F01_SSB04260168.wav,1
/USERSPACE/DATASETS/CodecFake/train/F01_SSB07000453.wav,1
/USERSPACE/DATASETS/CodecFake/train/F01_SSB11100348.wav,1
/USERSPACE/DATASETS/CodecFake/train/F01_SSB14520176.wav,1
/USERSPACE/DATASETS/CodecFake/train/F01_SSB19390288.wav,1
/USERSPACE/DATASETS/CodecFake/train/F01_SSB00050003.wav,1
/USERSPACE/DATASETS/CodecFake/train/F01_SSB06320440.wav,1
/USERSPACE/DATASETS/CodecFake/train/F01_p363_207.wav,1
/USERSPACE/DATASETS/CodecFake/train/F01_SSB06060449.wav,1
/USERSPACE/DATASETS/CodecFake/train/F01_SSB04350510.wav,1
/USERSPACE/DATASETS/CodecFake/train/F01_SSB03950100.wav,1
/USERSPACE/DATASETS/CodecFake/train/F01_SSB04260436.wav,1
/USERSPACE/DATASETS/CodecFake/train/F01_SSB07020117.wav,1
/USERSPACE/DATASETS/CodecFake/train/F01_SSB16860332.wav,1
/USERSPACE/DATASETS/CodecFake/train/F01_SSB07490231.wav,1
/USERSPACE/DATASETS/CodecFake/train/F01_SSB03160367.wav,1
/USERSPACE/DATASETS/CodecFake/train/F01_SSB09190223.wav,1
/USERSPACE/DATASETS/CodecFake/train/F01_SSB11250458.wav,1
/USERSPACE/DATASETS/CodecFake/train/F01_SSB06710032.wav,1
/USERSPACE/DATASETS/CodecFake/train/F01_SSB05780328.wav,1
/USERSPACE/DATASETS/CodecFake/train/F01_SSB19020224.wav,1
/USERSPACE/DATASETS/CodecFake/train/F01_SSB09130002.wav,1
/USERSPACE/DATASETS/CodecFake/train/F01_p326_031.wav,1
/USERSPACE/DATASETS/CodecFake/train/F01_SSB04260290.wav,1
/USERSPACE/DATASETS/CodecFake/train/F01_p333_003.wav,1
/USERSPACE/DATASETS/CodecFake/train/F01_p270_375.wav,1
/USERSPACE/DATASETS/CodecFake/train/F01_p329_178.wav,1
/USERSPACE/DATASETS/CodecFake/train/F01_p277_161.wav,1
/USERSPACE/DATASETS/CodecFake/train/F01_SSB04150438.wav,1
/USERSPACE/DATASETS/CodecFake/train/F01_SSB06140500.wav,1
/USERSPACE/DATASETS/CodecFake/train/F01_p314_103.wav,1
/USERSPACE/DATASETS/CodecFake/train/F01_SSB03420184.wav,1
/USERSPACE/DATASETS/CodecFake/train/F01_SSB01970071.wav,1
/USERSPACE/DATASETS/CodecFake/train/F01_SSB13020305.wav,1
/USERSPACE/DATASETS/CodecFake/train/F01_SSB10560295.wav,1
/USERSPACE/DATASETS/CodecFake/train/F01_SSB03160299.wav,1
/USERSPACE/DATASETS/CodecFake/train/F01_SSB19350341.wav,1
/USERSPACE/DATASETS/CodecFake/train/F01_SSB05020351.wav,1
/USERSPACE/DATASETS/CodecFake/train/F01_p267_378.wav,1
/USERSPACE/DATASETS/CodecFake/train/F01_SSB11350285.wav,1
/USERSPACE/DATASETS/CodecFake/train/F01_p281_007.wav,1
/USERSPACE/DATASETS/CodecFake/train/F01_SSB06680156.wav,1
/USERSPACE/DATASETS/CodecFake/train/F01_p313_058.wav,1
/USERSPACE/DATASETS/CodecFake/train/F01_SSB05650297.wav,1
/USERSPACE/DATASETS/CodecFake/train/F01_SSB02870324.wav,1
/USERSPACE/DATASETS/CodecFake/train/F01_p240_015.wav,1
/USERSPACE/DATASETS/CodecFake/train/F01_p314_255.wav,1
/USERSPACE/DATASETS/CodecFake/train/F01_p233_239.wav,1
/USERSPACE/DATASETS/CodecFake/train/F01_SSB12030304.wav,1
/USERSPACE/DATASETS/CodecFake/train/F01_SSB19180087.wav,1
/USERSPACE/DATASETS/CodecFake/train/F01_p226_292.wav,1
/USERSPACE/DATASETS/CodecFake/train/F01_SSB05340421.wav,1
/USERSPACE/DATASETS/CodecFake/train/F01_p239_306.wav,1
/USERSPACE/DATASETS/CodecFake/train/F01_p288_212.wav,1
/USERSPACE/DATASETS/CodecFake/train/F01_p252_316.wav,1
/USERSPACE/DATASETS/CodecFake/train/F01_SSB01390446.wav,1
/USERSPACE/DATASETS/CodecFake/train/F01_p251_238.wav,1
/USERSPACE/DATASETS/CodecFake/train/F01_p268_038.wav,1
/USERSPACE/DATASETS/CodecFake/train/F01_SSB03070393.wav,1
/USERSPACE/DATASETS/CodecFake/train/F01_SSB07800319.wav,1
/USERSPACE/DATASETS/CodecFake/train/F01_SSB07600124.wav,1
/USERSPACE/DATASETS/CodecFake/train/F01_SSB05650045.wav,1
/USERSPACE/DATASETS/CodecFake/train/F01_p231_149.wav,1
/USERSPACE/DATASETS/CodecFake/train/F01_p273_009.wav,1
/USERSPACE/DATASETS/CodecFake/train/F01_p300_368.wav,1
/USERSPACE/DATASETS/CodecFake/train/F01_p228_233.wav,1
/USERSPACE/DATASETS/CodecFake/train/F01_SSB06290468.wav,1
/USERSPACE/DATASETS/CodecFake/train/F01_SSB05390043.wav,1
/USERSPACE/DATASETS/CodecFake/train/F01_SSB11350320.wav,1
/USERSPACE/DATASETS/CodecFake/train/F01_SSB16700214.wav,1
/USERSPACE/DATASETS/CodecFake/train/F01_SSB01490082.wav,1
/USERSPACE/DATASETS/CodecFake/train/F01_SSB01390259.wav,1
/USERSPACE/DATASETS/CodecFake/train/F01_SSB03420248.wav,1
/USERSPACE/DATASETS/CodecFake/train/F01_SSB06930147.wav,1
/USERSPACE/DATASETS/CodecFake/train/F01_SSB05350391.wav,1
/USERSPACE/DATASETS/CodecFake/train/F01_SSB07100235.wav,1
/USERSPACE/DATASETS/CodecFake/train/F01_p326_029.wav,1
/USERSPACE/DATASETS/CodecFake/train/F01_SSB06090011.wav,1
/USERSPACE/DATASETS/CodecFake/train/F01_p238_137.wav,1
/USERSPACE/DATASETS/CodecFake/train/F01_SSB07170482.wav,1
/USERSPACE/DATASETS/CodecFake/train/F01_p232_206.wav,1
/USERSPACE/DATASETS/CodecFake/train/F01_SSB01390278.wav,1
/USERSPACE/DATASETS/CodecFake/train/F01_SSB12210240.wav,1
/USERSPACE/DATASETS/CodecFake/train/F01_SSB03410030.wav,1
/USERSPACE/DATASETS/CodecFake/train/F01_p262_198.wav,1
/USERSPACE/DATASETS/CodecFake/train/F01_SSB04820007.wav,1
/USERSPACE/DATASETS/CodecFake/train/F01_SSB06230488.wav,1
/USERSPACE/DATASETS/CodecFake/train/F01_p238_299.wav,1
/USERSPACE/DATASETS/CodecFake/train/F01_p229_282.wav,1
/USERSPACE/DATASETS/CodecFake/train/F01_SSB18370419.wav,1
/USERSPACE/DATASETS/CodecFake/train/F01_SSB03390403.wav,1
/USERSPACE/DATASETS/CodecFake/train/F01_p237_241.wav,1
/USERSPACE/DATASETS/CodecFake/train/F01_p360_262.wav,1
/USERSPACE/DATASETS/CodecFake/train/F01_p308_326.wav,1
/USERSPACE/DATASETS/CodecFake/train/F01_SSB07230377.wav,1
/USERSPACE/DATASETS/CodecFake/train/F01_SSB11610432.wav,1
/USERSPACE/DATASETS/CodecFake/train/F01_SSB19390449.wav,1
/USERSPACE/DATASETS/CodecFake/train/F01_SSB19020220.wav,1
/USERSPACE/DATASETS/CodecFake/train/F01_p326_341.wav,1
/USERSPACE/DATASETS/CodecFake/train/F01_p255_015.wav,1
/USERSPACE/DATASETS/CodecFake/train/F01_SSB17820230.wav,1
/USERSPACE/DATASETS/CodecFake/train/F01_SSB18090410.wav,1
/USERSPACE/DATASETS/CodecFake/train/F01_SSB11380305.wav,1
/USERSPACE/DATASETS/CodecFake/train/F01_SSB11250492.wav,1
/USERSPACE/DATASETS/CodecFake/train/F01_p246_294.wav,1
/USERSPACE/DATASETS/CodecFake/train/F01_p323_064.wav,1
/USERSPACE/DATASETS/CodecFake/train/F01_SSB12740420.wav,1
/USERSPACE/DATASETS/CodecFake/train/F01_SSB03150284.wav,1
/USERSPACE/DATASETS/CodecFake/train/F01_SSB15670164.wav,1
/USERSPACE/DATASETS/CodecFake/train/F01_SSB05900018.wav,1
/USERSPACE/DATASETS/CodecFake/train/F01_SSB00180336.wav,1
/USERSPACE/DATASETS/CodecFake/train/F01_SSB03940269.wav,1
/USERSPACE/DATASETS/CodecFake/train/F01_SSB07160147.wav,1
/USERSPACE/DATASETS/CodecFake/train/F01_SSB06680479.wav,1
/USERSPACE/DATASETS/CodecFake/train/F01_SSB03940435.wav,1
/USERSPACE/DATASETS/CodecFake/train/F01_SSB03820351.wav,1
/USERSPACE/DATASETS/CodecFake/train/F01_SSB02730133.wav,1
/USERSPACE/DATASETS/CodecFake/train/F01_p267_325.wav,1
/USERSPACE/DATASETS/CodecFake/train/F01_p297_349.wav,1
/USERSPACE/DATASETS/CodecFake/train/F01_p306_253.wav,1
/USERSPACE/DATASETS/CodecFake/train/F01_SSB15750506.wav,1
/USERSPACE/DATASETS/CodecFake/train/F01_SSB12150087.wav,1
/USERSPACE/DATASETS/CodecFake/train/F01_p314_044.wav,1
/USERSPACE/DATASETS/CodecFake/train/F01_SSB18370031.wav,1
/USERSPACE/DATASETS/CodecFake/train/F01_SSB14570446.wav,1
/USERSPACE/DATASETS/CodecFake/train/F01_p302_238.wav,1
/USERSPACE/DATASETS/CodecFake/train/F01_p294_310.wav,1
/USERSPACE/DATASETS/CodecFake/train/F01_p312_048.wav,1
/USERSPACE/DATASETS/CodecFake/train/F01_SSB06010494.wav,1
/USERSPACE/DATASETS/CodecFake/train/F01_SSB05700098.wav,1
/USERSPACE/DATASETS/CodecFake/train/F01_p345_222.wav,1
/USERSPACE/DATASETS/CodecFake/train/F01_SSB19390339.wav,1
/USERSPACE/DATASETS/CodecFake/train/F01_SSB09660273.wav,1
/USERSPACE/DATASETS/CodecFake/train/F01_p284_374.wav,1
/USERSPACE/DATASETS/CodecFake/train/F01_p251_239.wav,1
/USERSPACE/DATASETS/CodecFake/train/F01_SSB06070114.wav,1
/USERSPACE/DATASETS/CodecFake/train/F01_SSB00050339.wav,1
/USERSPACE/DATASETS/CodecFake/train/F01_SSB06140135.wav,1
/USERSPACE/DATASETS/CodecFake/train/F01_SSB05700431.wav,1
/USERSPACE/DATASETS/CodecFake/train/F01_p336_140.wav,1
/USERSPACE/DATASETS/CodecFake/train/F01_SSB19020253.wav,1
/USERSPACE/DATASETS/CodecFake/train/F01_SSB18280009.wav,1
/USERSPACE/DATASETS/CodecFake/train/F01_SSB06320078.wav,1
/USERSPACE/DATASETS/CodecFake/train/F01_p310_244.wav,1
/USERSPACE/DATASETS/CodecFake/train/F01_p253_072.wav,1
/USERSPACE/DATASETS/CodecFake/train/F01_SSB09190380.wav,1
/USERSPACE/DATASETS/CodecFake/train/F01_SSB09970108.wav,1
/USERSPACE/DATASETS/CodecFake/train/F01_SSB00330237.wav,1
/USERSPACE/DATASETS/CodecFake/train/F01_SSB05700112.wav,1
/USERSPACE/DATASETS/CodecFake/train/F01_p250_150.wav,1
/USERSPACE/DATASETS/CodecFake/train/F01_SSB06070373.wav,1
/USERSPACE/DATASETS/CodecFake/train/F01_SSB04070145.wav,1
/USERSPACE/DATASETS/CodecFake/train/F01_SSB17110272.wav,1
/USERSPACE/DATASETS/CodecFake/train/F01_SSB02610321.wav,1
/USERSPACE/DATASETS/CodecFake/train/F01_SSB01390189.wav,1
/USERSPACE/DATASETS/CodecFake/train/F01_p270_107.wav,1
/USERSPACE/DATASETS/CodecFake/train/F01_p285_394.wav,1
/USERSPACE/DATASETS/CodecFake/train/F01_SSB07110377.wav,1
/USERSPACE/DATASETS/CodecFake/train/F01_SSB03390096.wav,1
/USERSPACE/DATASETS/CodecFake/train/F01_p262_391.wav,1
/USERSPACE/DATASETS/CodecFake/train/F01_SSB07460070.wav,1
/USERSPACE/DATASETS/CodecFake/train/F01_p302_270.wav,1
/USERSPACE/DATASETS/CodecFake/train/F01_SSB02000452.wav,1
/USERSPACE/DATASETS/CodecFake/train/F01_SSB07580092.wav,1
/USERSPACE/DATASETS/CodecFake/train/F01_SSB07510385.wav,1
/USERSPACE/DATASETS/CodecFake/train/F01_SSB15750485.wav,1
/USERSPACE/DATASETS/CodecFake/train/F01_SSB03230379.wav,1
/USERSPACE/DATASETS/CodecFake/train/F01_p295_251.wav,1
/USERSPACE/DATASETS/CodecFake/train/F01_SSB12030094.wav,1
/USERSPACE/DATASETS/CodecFake/train/F01_SSB03660273.wav,1
/USERSPACE/DATASETS/CodecFake/train/F01_SSB00120222.wav,1
/USERSPACE/DATASETS/CodecFake/train/F01_SSB11760142.wav,1
/USERSPACE/DATASETS/CodecFake/train/F01_SSB00800032.wav,1
/USERSPACE/DATASETS/CodecFake/train/F01_SSB08220418.wav,1
/USERSPACE/DATASETS/CodecFake/train/F01_SSB19560226.wav,1
/USERSPACE/DATASETS/CodecFake/train/F01_SSB15670452.wav,1
/USERSPACE/DATASETS/CodecFake/train/F01_p299_155.wav,1
/USERSPACE/DATASETS/CodecFake/train/F01_SSB00120209.wav,1
/USERSPACE/DATASETS/CodecFake/train/F01_SSB08710283.wav,1
/USERSPACE/DATASETS/CodecFake/train/F01_SSB13650197.wav,1
/USERSPACE/DATASETS/CodecFake/train/F01_SSB12740007.wav,1
/USERSPACE/DATASETS/CodecFake/train/F01_SSB11150473.wav,1
/USERSPACE/DATASETS/CodecFake/train/F01_SSB18630141.wav,1
/USERSPACE/DATASETS/CodecFake/train/F01_SSB00330004.wav,1
/USERSPACE/DATASETS/CodecFake/train/F01_p362_017.wav,1
/USERSPACE/DATASETS/CodecFake/train/F01_SSB00120237.wav,1
/USERSPACE/DATASETS/CodecFake/train/F01_p269_068.wav,1
/USERSPACE/DATASETS/CodecFake/train/F01_SSB07800225.wav,1
/USERSPACE/DATASETS/CodecFake/train/F01_SSB03390356.wav,1
/USERSPACE/DATASETS/CodecFake/train/F01_SSB07460374.wav,1
/USERSPACE/DATASETS/CodecFake/train/F01_SSB15550115.wav,1
/USERSPACE/DATASETS/CodecFake/train/F01_SSB03750395.wav,1
/USERSPACE/DATASETS/CodecFake/train/F01_p361_369.wav,1
/USERSPACE/DATASETS/CodecFake/train/F01_p351_317.wav,1
/USERSPACE/DATASETS/CodecFake/train/F01_SSB16070450.wav,1
/USERSPACE/DATASETS/CodecFake/train/F01_SSB06320320.wav,1
/USERSPACE/DATASETS/CodecFake/train/F01_p231_025.wav,1
/USERSPACE/DATASETS/CodecFake/train/F01_SSB13920429.wav,1
/USERSPACE/DATASETS/CodecFake/train/F01_SSB11870406.wav,1
/USERSPACE/DATASETS/CodecFake/train/F01_SSB14310210.wav,1
/USERSPACE/DATASETS/CodecFake/train/F01_SSB09150174.wav,1
/USERSPACE/DATASETS/CodecFake/train/F01_p231_193.wav,1
/USERSPACE/DATASETS/CodecFake/train/F01_SSB03390384.wav,1
/USERSPACE/DATASETS/CodecFake/train/F01_SSB07160160.wav,1
/USERSPACE/DATASETS/CodecFake/train/F01_SSB00430370.wav,1
/USERSPACE/DATASETS/CodecFake/train/F01_SSB03850412.wav,1
/USERSPACE/DATASETS/CodecFake/train/F01_SSB09150164.wav,1
/USERSPACE/DATASETS/CodecFake/train/F01_SSB10200297.wav,1
/USERSPACE/DATASETS/CodecFake/train/F01_SSB13660155.wav,1
/USERSPACE/DATASETS/CodecFake/train/F01_SSB11350154.wav,1
/USERSPACE/DATASETS/CodecFake/train/F01_p316_420.wav,1
/USERSPACE/DATASETS/CodecFake/train/F01_SSB11360096.wav,1
/USERSPACE/DATASETS/CodecFake/train/F01_SSB19390051.wav,1
/USERSPACE/DATASETS/CodecFake/train/F01_SSB11350009.wav,1
/USERSPACE/DATASETS/CodecFake/train/F01_SSB12150361.wav,1
/USERSPACE/DATASETS/CodecFake/train/F01_p323_160.wav,1
/USERSPACE/DATASETS/CodecFake/train/F01_SSB08710101.wav,1
/USERSPACE/DATASETS/CodecFake/train/F01_SSB03940438.wav,1
/USERSPACE/DATASETS/CodecFake/train/F01_SSB13020276.wav,1
/USERSPACE/DATASETS/CodecFake/train/F01_p307_209.wav,1
/USERSPACE/DATASETS/CodecFake/train/F01_SSB03940038.wav,1
/USERSPACE/DATASETS/CodecFake/train/F01_SSB19560332.wav,1
/USERSPACE/DATASETS/CodecFake/train/F01_SSB03950203.wav,1
/USERSPACE/DATASETS/CodecFake/train/F01_SSB07100244.wav,1
/USERSPACE/DATASETS/CodecFake/train/F01_SSB18280010.wav,1
/USERSPACE/DATASETS/CodecFake/train/F01_SSB05390145.wav,1
/USERSPACE/DATASETS/CodecFake/train/F01_p376_208.wav,1
/USERSPACE/DATASETS/CodecFake/train/F01_p264_188.wav,1
/USERSPACE/DATASETS/CodecFake/train/F01_SSB18370117.wav,1
/USERSPACE/DATASETS/CodecFake/train/F01_SSB07490101.wav,1
/USERSPACE/DATASETS/CodecFake/train/F01_SSB11360050.wav,1
/USERSPACE/DATASETS/CodecFake/train/F01_SSB05350446.wav,1
/USERSPACE/DATASETS/CodecFake/train/F01_SSB07510450.wav,1
/USERSPACE/DATASETS/CodecFake/train/F01_p246_184.wav,1
/USERSPACE/DATASETS/CodecFake/train/F01_SSB00330204.wav,1
/USERSPACE/DATASETS/CodecFake/train/F01_p351_064.wav,1
/USERSPACE/DATASETS/CodecFake/train/F01_p239_418.wav,1
/USERSPACE/DATASETS/CodecFake/train/F01_SSB17450290.wav,1
/USERSPACE/DATASETS/CodecFake/train/F01_p246_037.wav,1
/USERSPACE/DATASETS/CodecFake/train/F01_SSB05940372.wav,1
/USERSPACE/DATASETS/CodecFake/train/F01_SSB03230411.wav,1
/USERSPACE/DATASETS/CodecFake/train/F01_p297_057.wav,1
/USERSPACE/DATASETS/CodecFake/train/F01_p316_177.wav,1
/USERSPACE/DATASETS/CodecFake/train/F01_SSB01330211.wav,1
/USERSPACE/DATASETS/CodecFake/train/F01_SSB03820363.wav,1
/USERSPACE/DATASETS/CodecFake/train/F01_p335_247.wav,1
/USERSPACE/DATASETS/CodecFake/train/F01_SSB05780403.wav,1
/USERSPACE/DATASETS/CodecFake/train/F01_SSB07460058.wav,1
/USERSPACE/DATASETS/CodecFake/train/F01_p294_053.wav,1
/USERSPACE/DATASETS/CodecFake/train/F01_SSB19180386.wav,1
/USERSPACE/DATASETS/CodecFake/train/F01_p284_203.wav,1
/USERSPACE/DATASETS/CodecFake/train/F01_SSB01220113.wav,1
/USERSPACE/DATASETS/CodecFake/train/F01_SSB03820047.wav,1
/USERSPACE/DATASETS/CodecFake/train/F01_SSB03390244.wav,1
/USERSPACE/DATASETS/CodecFake/train/F01_SSB16990183.wav,1
/USERSPACE/DATASETS/CodecFake/train/F01_SSB15930052.wav,1
/USERSPACE/DATASETS/CodecFake/train/F01_p310_265.wav,1
/USERSPACE/DATASETS/CodecFake/train/F01_p314_308.wav,1
/USERSPACE/DATASETS/CodecFake/train/F01_p264_381.wav,1
/USERSPACE/DATASETS/CodecFake/train/F01_SSB06680012.wav,1
/USERSPACE/DATASETS/CodecFake/train/F01_SSB19560425.wav,1
/USERSPACE/DATASETS/CodecFake/train/F01_SSB00570335.wav,1
/USERSPACE/DATASETS/CodecFake/train/F01_SSB06290032.wav,1
/USERSPACE/DATASETS/CodecFake/train/F01_SSB18320011.wav,1
/USERSPACE/DATASETS/CodecFake/train/F01_p317_310.wav,1
/USERSPACE/DATASETS/CodecFake/train/F01_SSB13220130.wav,1
/USERSPACE/DATASETS/CodecFake/train/F01_SSB07100338.wav,1
/USERSPACE/DATASETS/CodecFake/train/F01_p264_402.wav,1
/USERSPACE/DATASETS/CodecFake/train/F01_SSB01930180.wav,1
/USERSPACE/DATASETS/CodecFake/train/F01_SSB00430130.wav,1
/USERSPACE/DATASETS/CodecFake/train/F01_SSB08090387.wav,1
/USERSPACE/DATASETS/CodecFake/train/F01_p234_283.wav,1
/USERSPACE/DATASETS/CodecFake/train/F01_SSB04820321.wav,1
/USERSPACE/DATASETS/CodecFake/train/F01_SSB10960421.wav,1
/USERSPACE/DATASETS/CodecFake/train/F01_p299_367.wav,1
/USERSPACE/DATASETS/CodecFake/train/F01_SSB07940446.wav,1
/USERSPACE/DATASETS/CodecFake/train/F01_SSB06860326.wav,1
/USERSPACE/DATASETS/CodecFake/train/F01_SSB07370475.wav,1
/USERSPACE/DATASETS/CodecFake/train/F01_SSB19350418.wav,1
/USERSPACE/DATASETS/CodecFake/train/F01_p311_167.wav,1
/USERSPACE/DATASETS/CodecFake/train/F01_p345_124.wav,1
/USERSPACE/DATASETS/CodecFake/train/F01_SSB07580018.wav,1
/USERSPACE/DATASETS/CodecFake/train/F01_SSB01490100.wav,1
/USERSPACE/DATASETS/CodecFake/train/F01_SSB16990305.wav,1
/USERSPACE/DATASETS/CodecFake/train/F01_SSB06660141.wav,1
/USERSPACE/DATASETS/CodecFake/train/F01_SSB06660259.wav,1
/USERSPACE/DATASETS/CodecFake/train/F01_SSB10720386.wav,1
/USERSPACE/DATASETS/CodecFake/train/F01_p314_132.wav,1
/USERSPACE/DATASETS/CodecFake/train/F01_SSB09190413.wav,1
/USERSPACE/DATASETS/CodecFake/train/F01_SSB03160253.wav,1
/USERSPACE/DATASETS/CodecFake/train/F01_SSB18320452.wav,1
/USERSPACE/DATASETS/CodecFake/train/F01_p281_280.wav,1
/USERSPACE/DATASETS/CodecFake/train/F01_SSB06320201.wav,1
/USERSPACE/DATASETS/CodecFake/train/F01_SSB06140272.wav,1
/USERSPACE/DATASETS/CodecFake/train/F01_SSB18320259.wav,1
/USERSPACE/DATASETS/CodecFake/train/F01_SSB13830186.wav,1
/USERSPACE/DATASETS/CodecFake/train/F01_SSB11380041.wav,1
/USERSPACE/DATASETS/CodecFake/train/F01_p264_277.wav,1
/USERSPACE/DATASETS/CodecFake/train/F01_SSB02990471.wav,1
/USERSPACE/DATASETS/CodecFake/train/F01_SSB09870072.wav,1
/USERSPACE/DATASETS/CodecFake/train/F01_p251_054.wav,1
/USERSPACE/DATASETS/CodecFake/train/F01_SSB10550311.wav,1
/USERSPACE/DATASETS/CodecFake/train/F01_SSB01120209.wav,1
/USERSPACE/DATASETS/CodecFake/train/F01_SSB07360093.wav,1
/USERSPACE/DATASETS/CodecFake/train/F01_p254_151.wav,1
/USERSPACE/DATASETS/CodecFake/train/F01_p237_286.wav,1
/USERSPACE/DATASETS/CodecFake/train/F01_SSB05340182.wav,1
/USERSPACE/DATASETS/CodecFake/train/F01_SSB11100245.wav,1
/USERSPACE/DATASETS/CodecFake/train/F01_p274_017.wav,1
/USERSPACE/DATASETS/CodecFake/train/F01_SSB09130194.wav,1
/USERSPACE/DATASETS/CodecFake/train/F01_p339_330.wav,1
/USERSPACE/DATASETS/CodecFake/train/F01_SSB19560451.wav,1
/USERSPACE/DATASETS/CodecFake/train/F01_SSB05880490.wav,1
/USERSPACE/DATASETS/CodecFake/train/F01_SSB04820100.wav,1
/USERSPACE/DATASETS/CodecFake/train/F01_p335_353.wav,1
/USERSPACE/DATASETS/CodecFake/train/F01_p310_198.wav,1
/USERSPACE/DATASETS/CodecFake/train/F01_SSB06930031.wav,1
/USERSPACE/DATASETS/CodecFake/train/F01_SSB07580414.wav,1
/USERSPACE/DATASETS/CodecFake/train/F01_SSB19390054.wav,1
/USERSPACE/DATASETS/CodecFake/train/F01_SSB10550462.wav,1
/USERSPACE/DATASETS/CodecFake/train/F01_SSB02610296.wav,1
/USERSPACE/DATASETS/CodecFake/train/F01_SSB05940444.wav,1
/USERSPACE/DATASETS/CodecFake/train/F01_p333_289.wav,1
/USERSPACE/DATASETS/CodecFake/train/F01_p312_211.wav,1
/USERSPACE/DATASETS/CodecFake/train/F01_p248_187.wav,1
/USERSPACE/DATASETS/CodecFake/train/F01_SSB12150190.wav,1
/USERSPACE/DATASETS/CodecFake/train/F01_p299_030.wav,1
/USERSPACE/DATASETS/CodecFake/train/F01_SSB09930063.wav,1
/USERSPACE/DATASETS/CodecFake/train/F01_SSB00380211.wav,1
/USERSPACE/DATASETS/CodecFake/train/F01_SSB04350186.wav,1
/USERSPACE/DATASETS/CodecFake/train/F01_SSB12180336.wav,1
/USERSPACE/DATASETS/CodecFake/train/F01_p315_273.wav,1
/USERSPACE/DATASETS/CodecFake/train/F01_SSB08510450.wav,1
/USERSPACE/DATASETS/CodecFake/train/F01_SSB16070434.wav,1
/USERSPACE/DATASETS/CodecFake/train/F01_p333_378.wav,1
/USERSPACE/DATASETS/CodecFake/train/F01_p341_097.wav,1
/USERSPACE/DATASETS/CodecFake/train/F01_SSB00800465.wav,1
/USERSPACE/DATASETS/CodecFake/train/F01_SSB16070354.wav,1
/USERSPACE/DATASETS/CodecFake/train/F01_SSB10080275.wav,1
/USERSPACE/DATASETS/CodecFake/train/F01_SSB07460323.wav,1
/USERSPACE/DATASETS/CodecFake/train/F01_p326_188.wav,1
/USERSPACE/DATASETS/CodecFake/train/F01_SSB13410255.wav,1
/USERSPACE/DATASETS/CodecFake/train/F01_p268_090.wav,1
/USERSPACE/DATASETS/CodecFake/train/F01_p311_339.wav,1
/USERSPACE/DATASETS/CodecFake/train/F01_SSB07100027.wav,1
/USERSPACE/DATASETS/CodecFake/train/F01_SSB03420316.wav,1
/USERSPACE/DATASETS/CodecFake/train/F01_p278_004.wav,1
/USERSPACE/DATASETS/CodecFake/train/F01_p264_099.wav,1
/USERSPACE/DATASETS/CodecFake/train/F01_p336_023.wav,1
/USERSPACE/DATASETS/CodecFake/train/F01_SSB18320057.wav,1
/USERSPACE/DATASETS/CodecFake/train/F01_p316_153.wav,1
/USERSPACE/DATASETS/CodecFake/train/F01_SSB10960028.wav,1
/USERSPACE/DATASETS/CodecFake/train/F01_p275_020.wav,1
/USERSPACE/DATASETS/CodecFake/train/F01_SSB00430010.wav,1
/USERSPACE/DATASETS/CodecFake/train/F01_SSB10200474.wav,1
/USERSPACE/DATASETS/CodecFake/train/F01_p333_048.wav,1
/USERSPACE/DATASETS/CodecFake/train/F01_p281_024.wav,1
/USERSPACE/DATASETS/CodecFake/train/F01_p295_381.wav,1
/USERSPACE/DATASETS/CodecFake/train/F01_SSB13400431.wav,1
/USERSPACE/DATASETS/CodecFake/train/F01_SSB07580144.wav,1
/USERSPACE/DATASETS/CodecFake/train/F01_SSB00160252.wav,1
/USERSPACE/DATASETS/CodecFake/train/F01_SSB16240364.wav,1
/USERSPACE/DATASETS/CodecFake/train/F01_SSB03790014.wav,1
/USERSPACE/DATASETS/CodecFake/train/F01_SSB19180107.wav,1
/USERSPACE/DATASETS/CodecFake/train/F01_SSB11970244.wav,1
/USERSPACE/DATASETS/CodecFake/train/F01_SSB11250304.wav,1
/USERSPACE/DATASETS/CodecFake/train/F01_SSB12030346.wav,1
/USERSPACE/DATASETS/CodecFake/train/F01_SSB06860444.wav,1
/USERSPACE/DATASETS/CodecFake/train/F01_p268_024.wav,1
/USERSPACE/DATASETS/CodecFake/train/F01_SSB02000460.wav,1
/USERSPACE/DATASETS/CodecFake/train/F01_SSB07490458.wav,1
/USERSPACE/DATASETS/CodecFake/train/F01_p245_271.wav,1
/USERSPACE/DATASETS/CodecFake/train/F01_SSB05350354.wav,1
/USERSPACE/DATASETS/CodecFake/train/F01_p288_109.wav,1
/USERSPACE/DATASETS/CodecFake/train/F01_SSB04260186.wav,1
/USERSPACE/DATASETS/CodecFake/train/F01_SSB12030389.wav,1
/USERSPACE/DATASETS/CodecFake/train/F01_SSB07620229.wav,1
/USERSPACE/DATASETS/CodecFake/train/F01_SSB07780426.wav,1
/USERSPACE/DATASETS/CodecFake/train/F01_p261_226.wav,1
/USERSPACE/DATASETS/CodecFake/train/F01_SSB06030220.wav,1
/USERSPACE/DATASETS/CodecFake/train/F01_p244_117.wav,1
/USERSPACE/DATASETS/CodecFake/train/F01_SSB15670202.wav,1
/USERSPACE/DATASETS/CodecFake/train/F01_p253_068.wav,1
/USERSPACE/DATASETS/CodecFake/train/F01_SSB03950101.wav,1
/USERSPACE/DATASETS/CodecFake/train/F01_p266_135.wav,1
/USERSPACE/DATASETS/CodecFake/train/F01_SSB16300042.wav,1
/USERSPACE/DATASETS/CodecFake/train/F01_SSB16240283.wav,1
/USERSPACE/DATASETS/CodecFake/train/F01_SSB03420053.wav,1
/USERSPACE/DATASETS/CodecFake/train/F01_p361_144.wav,1
/USERSPACE/DATASETS/CodecFake/train/F01_SSB02610102.wav,1
/USERSPACE/DATASETS/CodecFake/train/F01_SSB06930134.wav,1
/USERSPACE/DATASETS/CodecFake/train/F01_SSB06060197.wav,1
/USERSPACE/DATASETS/CodecFake/train/F01_p261_369.wav,1
/USERSPACE/DATASETS/CodecFake/train/F01_p237_345.wav,1
/USERSPACE/DATASETS/CodecFake/train/F01_SSB06090245.wav,1
/USERSPACE/DATASETS/CodecFake/train/F01_p329_325.wav,1
/USERSPACE/DATASETS/CodecFake/train/F01_SSB07230064.wav,1
/USERSPACE/DATASETS/CodecFake/train/F01_SSB07600008.wav,1
/USERSPACE/DATASETS/CodecFake/train/F01_SSB12210406.wav,1
/USERSPACE/DATASETS/CodecFake/train/F01_SSB16990016.wav,1
/USERSPACE/DATASETS/CodecFake/train/F01_SSB10010084.wav,1
/USERSPACE/DATASETS/CodecFake/train/F01_SSB15670204.wav,1
/USERSPACE/DATASETS/CodecFake/train/F01_SSB11000344.wav,1
/USERSPACE/DATASETS/CodecFake/train/F01_SSB07840411.wav,1
/USERSPACE/DATASETS/CodecFake/train/F01_SSB18370153.wav,1
/USERSPACE/DATASETS/CodecFake/train/F01_SSB06070085.wav,1
/USERSPACE/DATASETS/CodecFake/train/F01_SSB04350071.wav,1
/USERSPACE/DATASETS/CodecFake/train/F01_SSB12530371.wav,1
/USERSPACE/DATASETS/CodecFake/train/F01_SSB07780119.wav,1
/USERSPACE/DATASETS/CodecFake/train/F01_SSB07110386.wav,1
/USERSPACE/DATASETS/CodecFake/train/F01_SSB10240111.wav,1
/USERSPACE/DATASETS/CodecFake/train/F01_SSB00160349.wav,1
/USERSPACE/DATASETS/CodecFake/train/F01_SSB14480050.wav,1
/USERSPACE/DATASETS/CodecFake/train/F01_SSB03660113.wav,1
/USERSPACE/DATASETS/CodecFake/train/F01_p299_024.wav,1
/USERSPACE/DATASETS/CodecFake/train/F01_p323_097.wav,1
/USERSPACE/DATASETS/CodecFake/train/F01_SSB03750429.wav,1
/USERSPACE/DATASETS/CodecFake/train/F01_SSB00160023.wav,1
/USERSPACE/DATASETS/CodecFake/train/F01_p283_312.wav,1
/USERSPACE/DATASETS/CodecFake/train/F01_SSB04260325.wav,1
/USERSPACE/DATASETS/CodecFake/train/F01_SSB03420110.wav,1
/USERSPACE/DATASETS/CodecFake/train/F01_SSB09130147.wav,1
/USERSPACE/DATASETS/CodecFake/train/F01_SSB03930186.wav,1
/USERSPACE/DATASETS/CodecFake/train/F01_SSB06860001.wav,1
/USERSPACE/DATASETS/CodecFake/train/F01_SSB06310038.wav,1
/USERSPACE/DATASETS/CodecFake/train/F01_p306_262.wav,1
/USERSPACE/DATASETS/CodecFake/train/F01_p253_314.wav,1
/USERSPACE/DATASETS/CodecFake/train/F01_SSB05650264.wav,1
/USERSPACE/DATASETS/CodecFake/train/F01_p297_072.wav,1
/USERSPACE/DATASETS/CodecFake/train/F01_p273_100.wav,1
/USERSPACE/DATASETS/CodecFake/train/F01_SSB03660108.wav,1
/USERSPACE/DATASETS/CodecFake/train/F01_p307_005.wav,1
/USERSPACE/DATASETS/CodecFake/train/F01_SSB10960359.wav,1
/USERSPACE/DATASETS/CodecFake/train/F01_SSB03540007.wav,1
/USERSPACE/DATASETS/CodecFake/train/F01_SSB07480066.wav,1
/USERSPACE/DATASETS/CodecFake/train/F01_p240_297.wav,1
/USERSPACE/DATASETS/CodecFake/train/F01_p249_350.wav,1
/USERSPACE/DATASETS/CodecFake/train/F01_p248_118.wav,1
/USERSPACE/DATASETS/CodecFake/train/F01_SSB16070246.wav,1
/USERSPACE/DATASETS/CodecFake/train/F01_SSB07840008.wav,1
/USERSPACE/DATASETS/CodecFake/train/F01_p360_372.wav,1
/USERSPACE/DATASETS/CodecFake/train/F01_SSB05020437.wav,1
/USERSPACE/DATASETS/CodecFake/train/F01_p273_339.wav,1
/USERSPACE/DATASETS/CodecFake/train/F01_SSB06070227.wav,1
/USERSPACE/DATASETS/CodecFake/train/F01_p306_323.wav,1
/USERSPACE/DATASETS/CodecFake/train/F01_p229_053.wav,1
/USERSPACE/DATASETS/CodecFake/train/F01_SSB05390168.wav,1
/USERSPACE/DATASETS/CodecFake/train/F01_SSB06030305.wav,1
/USERSPACE/DATASETS/CodecFake/train/F01_p244_069.wav,1
/USERSPACE/DATASETS/CodecFake/train/F01_p233_174.wav,1
/USERSPACE/DATASETS/CodecFake/train/F01_SSB02670427.wav,1
/USERSPACE/DATASETS/CodecFake/train/F01_SSB09870213.wav,1
/USERSPACE/DATASETS/CodecFake/train/F01_SSB07620348.wav,1
/USERSPACE/DATASETS/CodecFake/train/F01_p245_076.wav,1
/USERSPACE/DATASETS/CodecFake/train/F01_p285_367.wav,1
/USERSPACE/DATASETS/CodecFake/train/F01_SSB19350300.wav,1
/USERSPACE/DATASETS/CodecFake/train/F01_SSB12740348.wav,1
/USERSPACE/DATASETS/CodecFake/train/F01_SSB07000240.wav,1
/USERSPACE/DATASETS/CodecFake/train/F01_SSB14520118.wav,1
/USERSPACE/DATASETS/CodecFake/train/F01_SSB00110395.wav,1
/USERSPACE/DATASETS/CodecFake/train/F01_p253_341.wav,1
/USERSPACE/DATASETS/CodecFake/train/F01_SSB06230435.wav,1
/USERSPACE/DATASETS/CodecFake/train/F01_SSB03790479.wav,1
/USERSPACE/DATASETS/CodecFake/train/F01_SSB13990010.wav,1
/USERSPACE/DATASETS/CodecFake/train/F01_p283_317.wav,1
/USERSPACE/DATASETS/CodecFake/train/F01_SSB11310432.wav,1
/USERSPACE/DATASETS/CodecFake/train/F01_SSB05900375.wav,1
/USERSPACE/DATASETS/CodecFake/train/F01_SSB19020277.wav,1
/USERSPACE/DATASETS/CodecFake/train/F01_SSB10010233.wav,1
/USERSPACE/DATASETS/CodecFake/train/F01_SSB08170031.wav,1
/USERSPACE/DATASETS/CodecFake/train/F01_SSB11000166.wav,1
/USERSPACE/DATASETS/CodecFake/train/F01_SSB07200291.wav,1
/USERSPACE/DATASETS/CodecFake/train/F01_SSB15750081.wav,1
/USERSPACE/DATASETS/CodecFake/train/F01_p263_421.wav,1
/USERSPACE/DATASETS/CodecFake/train/F01_SSB15670451.wav,1
/USERSPACE/DATASETS/CodecFake/train/F01_p299_341.wav,1
/USERSPACE/DATASETS/CodecFake/train/F01_SSB05340094.wav,1
/USERSPACE/DATASETS/CodecFake/train/F01_SSB12180052.wav,1
/USERSPACE/DATASETS/CodecFake/train/F01_SSB03150272.wav,1
/USERSPACE/DATASETS/CodecFake/train/F01_SSB07160044.wav,1
/USERSPACE/DATASETS/CodecFake/train/F01_p232_012.wav,1
/USERSPACE/DATASETS/CodecFake/train/F01_p246_273.wav,1
/USERSPACE/DATASETS/CodecFake/train/F01_SSB07580161.wav,1
/USERSPACE/DATASETS/CodecFake/train/F01_p241_186.wav,1
/USERSPACE/DATASETS/CodecFake/train/F01_SSB05020141.wav,1
/USERSPACE/DATASETS/CodecFake/train/F01_SSB17110158.wav,1
/USERSPACE/DATASETS/CodecFake/train/F01_SSB07460382.wav,1
/USERSPACE/DATASETS/CodecFake/train/F01_p312_348.wav,1
/USERSPACE/DATASETS/CodecFake/train/F01_SSB16990441.wav,1
/USERSPACE/DATASETS/CodecFake/train/F01_p306_276.wav,1
/USERSPACE/DATASETS/CodecFake/train/F01_SSB14570418.wav,1
/USERSPACE/DATASETS/CodecFake/train/F01_SSB06320273.wav,1
/USERSPACE/DATASETS/CodecFake/train/F01_SSB08220140.wav,1
/USERSPACE/DATASETS/CodecFake/train/F01_SSB18630193.wav,1
/USERSPACE/DATASETS/CodecFake/train/F01_p295_177.wav,1
/USERSPACE/DATASETS/CodecFake/train/F01_p229_108.wav,1
/USERSPACE/DATASETS/CodecFake/train/F01_SSB05350321.wav,1
/USERSPACE/DATASETS/CodecFake/train/F01_SSB07840092.wav,1
/USERSPACE/DATASETS/CodecFake/train/F01_SSB04820376.wav,1
/USERSPACE/DATASETS/CodecFake/train/F01_p307_347.wav,1
/USERSPACE/DATASETS/CodecFake/train/F01_SSB06030178.wav,1
/USERSPACE/DATASETS/CodecFake/train/F01_SSB16300486.wav,1
/USERSPACE/DATASETS/CodecFake/train/F01_SSB11150161.wav,1
/USERSPACE/DATASETS/CodecFake/train/F01_SSB06710303.wav,1
/USERSPACE/DATASETS/CodecFake/train/F01_SSB14480051.wav,1
/USERSPACE/DATASETS/CodecFake/train/F01_SSB13820334.wav,1
/USERSPACE/DATASETS/CodecFake/train/F01_p281_449.wav,1
/USERSPACE/DATASETS/CodecFake/train/F01_SSB03420450.wav,1
/USERSPACE/DATASETS/CodecFake/train/F01_p263_262.wav,1
/USERSPACE/DATASETS/CodecFake/train/F01_p270_049.wav,1
/USERSPACE/DATASETS/CodecFake/train/F01_SSB07860460.wav,1
/USERSPACE/DATASETS/CodecFake/train/F01_SSB03800384.wav,1
/USERSPACE/DATASETS/CodecFake/train/F01_SSB06290146.wav,1
/USERSPACE/DATASETS/CodecFake/train/F01_p287_289.wav,1
/USERSPACE/DATASETS/CodecFake/train/F01_p347_187.wav,1
/USERSPACE/DATASETS/CodecFake/train/F01_SSB18460234.wav,1
/USERSPACE/DATASETS/CodecFake/train/F01_SSB07110511.wav,1
/USERSPACE/DATASETS/CodecFake/train/F01_SSB00800323.wav,1
/USERSPACE/DATASETS/CodecFake/train/F01_SSB03160411.wav,1
/USERSPACE/DATASETS/CodecFake/train/F01_SSB00180193.wav,1
/USERSPACE/DATASETS/CodecFake/train/F01_p261_266.wav,1
/USERSPACE/DATASETS/CodecFake/train/F01_p225_070.wav,1
/USERSPACE/DATASETS/CodecFake/train/F01_SSB09130212.wav,1
/USERSPACE/DATASETS/CodecFake/train/F01_SSB11610469.wav,1
/USERSPACE/DATASETS/CodecFake/train/F01_SSB10720350.wav,1
/USERSPACE/DATASETS/CodecFake/train/F01_SSB03380393.wav,1
/USERSPACE/DATASETS/CodecFake/train/F01_SSB11380353.wav,1
/USERSPACE/DATASETS/CodecFake/train/F01_SSB00090206.wav,1
/USERSPACE/DATASETS/CodecFake/train/F01_SSB00160098.wav,1
/USERSPACE/DATASETS/CodecFake/train/F01_SSB07940394.wav,1
/USERSPACE/DATASETS/CodecFake/train/F01_p236_130.wav,1
/USERSPACE/DATASETS/CodecFake/train/F01_p261_218.wav,1
/USERSPACE/DATASETS/CodecFake/train/F01_p288_148.wav,1
/USERSPACE/DATASETS/CodecFake/train/F01_SSB14080407.wav,1
/USERSPACE/DATASETS/CodecFake/train/F01_SSB03420230.wav,1
/USERSPACE/DATASETS/CodecFake/train/F01_SSB19560268.wav,1
/USERSPACE/DATASETS/CodecFake/train/F01_SSB13280109.wav,1
/USERSPACE/DATASETS/CodecFake/train/F01_SSB12150217.wav,1
/USERSPACE/DATASETS/CodecFake/train/F01_SSB17390393.wav,1
/USERSPACE/DATASETS/CodecFake/train/F01_SSB06010311.wav,1
/USERSPACE/DATASETS/CodecFake/train/F01_SSB07620451.wav,1
/USERSPACE/DATASETS/CodecFake/train/F01_SSB02870361.wav,1
/USERSPACE/DATASETS/CodecFake/train/F01_SSB00120383.wav,1
/USERSPACE/DATASETS/CodecFake/train/F01_p347_153.wav,1
/USERSPACE/DATASETS/CodecFake/train/F01_SSB00380028.wav,1
/USERSPACE/DATASETS/CodecFake/train/F01_SSB06320424.wav,1
/USERSPACE/DATASETS/CodecFake/train/F01_SSB07170015.wav,1
/USERSPACE/DATASETS/CodecFake/train/F01_p257_359.wav,1
/USERSPACE/DATASETS/CodecFake/train/F01_p311_149.wav,1
/USERSPACE/DATASETS/CodecFake/train/F01_p339_029.wav,1
/USERSPACE/DATASETS/CodecFake/train/F01_SSB03150310.wav,1
/USERSPACE/DATASETS/CodecFake/train/F01_p339_281.wav,1
/USERSPACE/DATASETS/CodecFake/train/F01_SSB15670248.wav,1
/USERSPACE/DATASETS/CodecFake/train/F01_SSB06090344.wav,1
/USERSPACE/DATASETS/CodecFake/train/F01_SSB01220100.wav,1
/USERSPACE/DATASETS/CodecFake/train/F01_p292_421.wav,1
/USERSPACE/DATASETS/CodecFake/train/F01_SSB07620401.wav,1
/USERSPACE/DATASETS/CodecFake/train/F01_p263_130.wav,1
/USERSPACE/DATASETS/CodecFake/train/F01_SSB04350178.wav,1
/USERSPACE/DATASETS/CodecFake/train/F01_SSB16700019.wav,1
/USERSPACE/DATASETS/CodecFake/train/F01_SSB03070111.wav,1
/USERSPACE/DATASETS/CodecFake/train/F01_SSB03380175.wav,1
/USERSPACE/DATASETS/CodecFake/train/F01_p326_307.wav,1
/USERSPACE/DATASETS/CodecFake/train/F01_SSB05020383.wav,1
/USERSPACE/DATASETS/CodecFake/train/F01_SSB09130365.wav,1
/USERSPACE/DATASETS/CodecFake/train/F01_p227_006.wav,1
/USERSPACE/DATASETS/CodecFake/train/F01_p288_152.wav,1
/USERSPACE/DATASETS/CodecFake/train/F01_SSB03420339.wav,1
/USERSPACE/DATASETS/CodecFake/train/F01_SSB13200296.wav,1
/USERSPACE/DATASETS/CodecFake/train/F01_SSB05700091.wav,1
/USERSPACE/DATASETS/CodecFake/train/F01_p263_414.wav,1
/USERSPACE/DATASETS/CodecFake/train/F01_p233_335.wav,1
/USERSPACE/DATASETS/CodecFake/train/F01_SSB19390169.wav,1
/USERSPACE/DATASETS/CodecFake/train/F01_p282_118.wav,1
/USERSPACE/DATASETS/CodecFake/train/F01_SSB07860042.wav,1
/USERSPACE/DATASETS/CodecFake/train/F01_p308_416.wav,1
/USERSPACE/DATASETS/CodecFake/train/F01_SSB12180263.wav,1
/USERSPACE/DATASETS/CodecFake/train/F01_p234_182.wav,1
/USERSPACE/DATASETS/CodecFake/train/F01_SSB11970119.wav,1
/USERSPACE/DATASETS/CodecFake/train/F01_SSB05350279.wav,1
/USERSPACE/DATASETS/CodecFake/train/F01_p237_120.wav,1
/USERSPACE/DATASETS/CodecFake/train/F01_SSB18100206.wav,1
/USERSPACE/DATASETS/CodecFake/train/F01_p251_190.wav,1
/USERSPACE/DATASETS/CodecFake/train/F01_p249_133.wav,1
/USERSPACE/DATASETS/CodecFake/train/F01_SSB13650099.wav,1
/USERSPACE/DATASETS/CodecFake/train/F01_SSB01490259.wav,1
/USERSPACE/DATASETS/CodecFake/train/F01_SSB15850326.wav,1
/USERSPACE/DATASETS/CodecFake/train/F01_SSB07620216.wav,1
/USERSPACE/DATASETS/CodecFake/train/F01_SSB16070281.wav,1
/USERSPACE/DATASETS/CodecFake/train/F01_p247_086.wav,1
/USERSPACE/DATASETS/CodecFake/train/F01_p239_078.wav,1
/USERSPACE/DATASETS/CodecFake/train/F01_SSB07510283.wav,1
/USERSPACE/DATASETS/CodecFake/train/F01_SSB11310178.wav,1
/USERSPACE/DATASETS/CodecFake/train/F01_SSB09870325.wav,1
/USERSPACE/DATASETS/CodecFake/train/F01_SSB13820154.wav,1
/USERSPACE/DATASETS/CodecFake/train/F01_SSB10560465.wav,1
/USERSPACE/DATASETS/CodecFake/train/F01_p281_237.wav,1
/USERSPACE/DATASETS/CodecFake/train/F01_SSB03160009.wav,1
/USERSPACE/DATASETS/CodecFake/train/F01_p273_063.wav,1
/USERSPACE/DATASETS/CodecFake/train/F01_SSB12210158.wav,1
/USERSPACE/DATASETS/CodecFake/train/F01_SSB02880345.wav,1
/USERSPACE/DATASETS/CodecFake/train/F01_SSB13990061.wav,1
/USERSPACE/DATASETS/CodecFake/train/F01_p294_365.wav,1
/USERSPACE/DATASETS/CodecFake/train/F01_p376_072.wav,1
/USERSPACE/DATASETS/CodecFake/train/F01_SSB02730477.wav,1
/USERSPACE/DATASETS/CodecFake/train/F01_SSB03750405.wav,1
/USERSPACE/DATASETS/CodecFake/train/F01_p257_206.wav,1
/USERSPACE/DATASETS/CodecFake/train/F01_SSB11100108.wav,1
/USERSPACE/DATASETS/CodecFake/train/F01_SSB16990426.wav,1
/USERSPACE/DATASETS/CodecFake/train/F01_SSB02410108.wav,1
/USERSPACE/DATASETS/CodecFake/train/F01_p247_442.wav,1
/USERSPACE/DATASETS/CodecFake/train/F01_SSB16700069.wav,1
/USERSPACE/DATASETS/CodecFake/train/F01_SSB07490455.wav,1
/USERSPACE/DATASETS/CodecFake/train/F01_SSB04350044.wav,1
/USERSPACE/DATASETS/CodecFake/train/F01_SSB07600403.wav,1
/USERSPACE/DATASETS/CodecFake/train/F01_p227_276.wav,1
/USERSPACE/DATASETS/CodecFake/train/F01_SSB09930258.wav,1
/USERSPACE/DATASETS/CodecFake/train/F01_p241_035.wav,1
/USERSPACE/DATASETS/CodecFake/train/F01_p254_192.wav,1
/USERSPACE/DATASETS/CodecFake/train/F01_SSB14080478.wav,1
/USERSPACE/DATASETS/CodecFake/train/F01_SSB12030377.wav,1
/USERSPACE/DATASETS/CodecFake/train/F01_SSB07840344.wav,1
/USERSPACE/DATASETS/CodecFake/train/F01_SSB08630211.wav,1
/USERSPACE/DATASETS/CodecFake/train/F01_p274_054.wav,1
/USERSPACE/DATASETS/CodecFake/train/F01_SSB07780193.wav,1
/USERSPACE/DATASETS/CodecFake/train/F01_SSB03540456.wav,1
/USERSPACE/DATASETS/CodecFake/train/F01_p246_343.wav,1
/USERSPACE/DATASETS/CodecFake/train/F01_p306_234.wav,1
/USERSPACE/DATASETS/CodecFake/train/F01_SSB03930039.wav,1
/USERSPACE/DATASETS/CodecFake/train/F01_SSB06290393.wav,1
/USERSPACE/DATASETS/CodecFake/train/F01_SSB18910211.wav,1
/USERSPACE/DATASETS/CodecFake/train/F01_p266_293.wav,1
/USERSPACE/DATASETS/CodecFake/train/F01_p287_151.wav,1
/USERSPACE/DATASETS/CodecFake/train/F01_SSB02870283.wav,1
/USERSPACE/DATASETS/CodecFake/train/F01_SSB03790160.wav,1
/USERSPACE/DATASETS/CodecFake/train/F01_SSB02460416.wav,1
/USERSPACE/DATASETS/CodecFake/train/F01_SSB13660117.wav,1
/USERSPACE/DATASETS/CodecFake/train/F01_p280_122.wav,1
/USERSPACE/DATASETS/CodecFake/train/F01_SSB07110096.wav,1
/USERSPACE/DATASETS/CodecFake/train/F01_p241_311.wav,1
/USERSPACE/DATASETS/CodecFake/train/F01_SSB07110061.wav,1
/USERSPACE/DATASETS/CodecFake/train/F01_p271_350.wav,1
/USERSPACE/DATASETS/CodecFake/train/F01_SSB03660010.wav,1
/USERSPACE/DATASETS/CodecFake/train/F01_p284_112.wav,1
/USERSPACE/DATASETS/CodecFake/train/F01_p308_266.wav,1
/USERSPACE/DATASETS/CodecFake/train/F01_SSB07100209.wav,1
/USERSPACE/DATASETS/CodecFake/train/F01_SSB19180209.wav,1
/USERSPACE/DATASETS/CodecFake/train/F01_p339_344.wav,1
/USERSPACE/DATASETS/CodecFake/train/F01_p312_323.wav,1
/USERSPACE/DATASETS/CodecFake/train/F01_SSB03930256.wav,1
/USERSPACE/DATASETS/CodecFake/train/F01_SSB06710197.wav,1
/USERSPACE/DATASETS/CodecFake/train/F01_p232_279.wav,1
/USERSPACE/DATASETS/CodecFake/train/F01_SSB18910372.wav,1
/USERSPACE/DATASETS/CodecFake/train/F01_SSB07020287.wav,1
/USERSPACE/DATASETS/CodecFake/train/F01_p280_116.wav,1
/USERSPACE/DATASETS/CodecFake/train/F01_SSB19350132.wav,1
/USERSPACE/DATASETS/CodecFake/train/F01_SSB10720431.wav,1
/USERSPACE/DATASETS/CodecFake/train/F01_SSB02730344.wav,1
/USERSPACE/DATASETS/CodecFake/train/F01_SSB03950485.wav,1
/USERSPACE/DATASETS/CodecFake/train/F01_SSB11260467.wav,1
/USERSPACE/DATASETS/CodecFake/train/F01_SSB03750361.wav,1
/USERSPACE/DATASETS/CodecFake/train/F01_SSB03390067.wav,1
/USERSPACE/DATASETS/CodecFake/train/F01_SSB07480479.wav,1
/USERSPACE/DATASETS/CodecFake/train/F01_SSB15930269.wav,1
/USERSPACE/DATASETS/CodecFake/train/F01_SSB02670456.wav,1
/USERSPACE/DATASETS/CodecFake/train/F01_p272_076.wav,1
/USERSPACE/DATASETS/CodecFake/train/F01_SSB12390054.wav,1
/USERSPACE/DATASETS/CodecFake/train/F01_p251_113.wav,1
/USERSPACE/DATASETS/CodecFake/train/F01_SSB02880263.wav,1
/USERSPACE/DATASETS/CodecFake/train/F01_p261_036.wav,1
/USERSPACE/DATASETS/CodecFake/train/F01_SSB15930197.wav,1
/USERSPACE/DATASETS/CodecFake/train/F01_p276_276.wav,1
/USERSPACE/DATASETS/CodecFake/train/F01_SSB07200340.wav,1
/USERSPACE/DATASETS/CodecFake/train/F01_SSB03070171.wav,1
/USERSPACE/DATASETS/CodecFake/train/F01_SSB06030456.wav,1
/USERSPACE/DATASETS/CodecFake/train/F01_SSB04340222.wav,1
/USERSPACE/DATASETS/CodecFake/train/F01_SSB07510464.wav,1
/USERSPACE/DATASETS/CodecFake/train/F01_SSB13220498.wav,1
/USERSPACE/DATASETS/CodecFake/train/F01_SSB05650272.wav,1
/USERSPACE/DATASETS/CodecFake/train/F01_SSB10240031.wav,1
/USERSPACE/DATASETS/CodecFake/train/F01_p238_303.wav,1
/USERSPACE/DATASETS/CodecFake/train/F01_SSB07100317.wav,1
/USERSPACE/DATASETS/CodecFake/train/F01_p232_088.wav,1
/USERSPACE/DATASETS/CodecFake/train/F01_SSB09130250.wav,1
/USERSPACE/DATASETS/CodecFake/train/F01_SSB06140203.wav,1
/USERSPACE/DATASETS/CodecFake/train/F01_SSB11150284.wav,1
/USERSPACE/DATASETS/CodecFake/train/F01_SSB06660122.wav,1
/USERSPACE/DATASETS/CodecFake/train/F01_SSB00730214.wav,1
/USERSPACE/DATASETS/CodecFake/train/F01_p257_349.wav,1
/USERSPACE/DATASETS/CodecFake/train/F01_SSB12030070.wav,1
/USERSPACE/DATASETS/CodecFake/train/F01_p233_235.wav,1
/USERSPACE/DATASETS/CodecFake/train/F01_p317_290.wav,1
/USERSPACE/DATASETS/CodecFake/train/F01_SSB05900241.wav,1
/USERSPACE/DATASETS/CodecFake/train/F01_SSB00800309.wav,1
/USERSPACE/DATASETS/CodecFake/train/F01_SSB16860325.wav,1
/USERSPACE/DATASETS/CodecFake/train/F01_SSB11970097.wav,1
/USERSPACE/DATASETS/CodecFake/train/F01_SSB09870351.wav,1
/USERSPACE/DATASETS/CodecFake/train/F01_SSB07780067.wav,1
/USERSPACE/DATASETS/CodecFake/train/F01_SSB14570344.wav,1
/USERSPACE/DATASETS/CodecFake/train/F01_SSB00430248.wav,1
/USERSPACE/DATASETS/CodecFake/train/F01_SSB14020302.wav,1
/USERSPACE/DATASETS/CodecFake/train/F01_p360_057.wav,1
/USERSPACE/DATASETS/CodecFake/train/F01_SSB06070294.wav,1
/USERSPACE/DATASETS/CodecFake/train/F01_SSB14080298.wav,1
/USERSPACE/DATASETS/CodecFake/train/F01_SSB13770291.wav,1
/USERSPACE/DATASETS/CodecFake/train/F01_SSB02880234.wav,1
/USERSPACE/DATASETS/CodecFake/train/F01_SSB11380473.wav,1
/USERSPACE/DATASETS/CodecFake/train/F01_SSB03380198.wav,1
/USERSPACE/DATASETS/CodecFake/train/F01_SSB10640044.wav,1
/USERSPACE/DATASETS/CodecFake/train/F01_SSB10550507.wav,1
/USERSPACE/DATASETS/CodecFake/train/F01_SSB05900146.wav,1
/USERSPACE/DATASETS/CodecFake/train/F01_SSB10550286.wav,1
/USERSPACE/DATASETS/CodecFake/train/F01_SSB02610347.wav,1
/USERSPACE/DATASETS/CodecFake/train/F01_p361_141.wav,1
/USERSPACE/DATASETS/CodecFake/train/F01_SSB07020188.wav,1
/USERSPACE/DATASETS/CodecFake/train/F01_p228_169.wav,1
/USERSPACE/DATASETS/CodecFake/train/F01_SSB07620032.wav,1
/USERSPACE/DATASETS/CodecFake/train/F01_SSB10960385.wav,1
/USERSPACE/DATASETS/CodecFake/train/F01_SSB09130094.wav,1
/USERSPACE/DATASETS/CodecFake/train/F01_p238_145.wav,1
/USERSPACE/DATASETS/CodecFake/train/F01_p250_066.wav,1
/USERSPACE/DATASETS/CodecFake/train/F01_p228_069.wav,1
/USERSPACE/DATASETS/CodecFake/train/F01_SSB05020303.wav,1
/USERSPACE/DATASETS/CodecFake/train/F01_p254_096.wav,1
/USERSPACE/DATASETS/CodecFake/train/F01_p286_095.wav,1
/USERSPACE/DATASETS/CodecFake/train/F01_SSB18320325.wav,1
/USERSPACE/DATASETS/CodecFake/train/F01_SSB07620331.wav,1
/USERSPACE/DATASETS/CodecFake/train/F01_SSB15670291.wav,1
/USERSPACE/DATASETS/CodecFake/train/F01_SSB00800002.wav,1
/USERSPACE/DATASETS/CodecFake/train/F01_SSB07490355.wav,1
/USERSPACE/DATASETS/CodecFake/train/F01_SSB08870407.wav,1
/USERSPACE/DATASETS/CodecFake/train/F01_p336_174.wav,1
/USERSPACE/DATASETS/CodecFake/train/F01_SSB05650276.wav,1
/USERSPACE/DATASETS/CodecFake/train/F01_SSB13920403.wav,1
/USERSPACE/DATASETS/CodecFake/train/F01_p374_143.wav,1
/USERSPACE/DATASETS/CodecFake/train/F01_p374_092.wav,1
/USERSPACE/DATASETS/CodecFake/train/F01_SSB03800210.wav,1
/USERSPACE/DATASETS/CodecFake/train/F01_SSB07860292.wav,1
/USERSPACE/DATASETS/CodecFake/train/F01_SSB11350228.wav,1
/USERSPACE/DATASETS/CodecFake/train/F01_SSB02990473.wav,1
/USERSPACE/DATASETS/CodecFake/train/F01_SSB19020165.wav,1
/USERSPACE/DATASETS/CodecFake/train/F01_p306_071.wav,1
/USERSPACE/DATASETS/CodecFake/train/F01_SSB06030016.wav,1
/USERSPACE/DATASETS/CodecFake/train/F01_SSB09150236.wav,1
/USERSPACE/DATASETS/CodecFake/train/F01_SSB09970089.wav,1
/USERSPACE/DATASETS/CodecFake/train/F01_p316_137.wav,1
/USERSPACE/DATASETS/CodecFake/train/F01_SSB06710493.wav,1
/USERSPACE/DATASETS/CodecFake/train/F01_p270_368.wav,1
/USERSPACE/DATASETS/CodecFake/train/F01_SSB10010174.wav,1
/USERSPACE/DATASETS/CodecFake/train/F01_SSB00120427.wav,1
/USERSPACE/DATASETS/CodecFake/train/F01_SSB10200301.wav,1
/USERSPACE/DATASETS/CodecFake/train/F01_SSB18910335.wav,1
/USERSPACE/DATASETS/CodecFake/train/F01_SSB01220164.wav,1
/USERSPACE/DATASETS/CodecFake/train/F01_SSB02730392.wav,1
/USERSPACE/DATASETS/CodecFake/train/F01_SSB18720327.wav,1
/USERSPACE/DATASETS/CodecFake/train/F01_p247_138.wav,1
/USERSPACE/DATASETS/CodecFake/train/F01_p298_158.wav,1
/USERSPACE/DATASETS/CodecFake/train/F01_p307_067.wav,1
/USERSPACE/DATASETS/CodecFake/train/F01_SSB07840493.wav,1
/USERSPACE/DATASETS/CodecFake/train/F01_p336_193.wav,1
/USERSPACE/DATASETS/CodecFake/train/F01_SSB15630027.wav,1
/USERSPACE/DATASETS/CodecFake/train/F01_p226_194.wav,1
/USERSPACE/DATASETS/CodecFake/train/F01_SSB07580329.wav,1
/USERSPACE/DATASETS/CodecFake/train/F01_p351_113.wav,1
/USERSPACE/DATASETS/CodecFake/train/F01_p326_175.wav,1
/USERSPACE/DATASETS/CodecFake/train/F01_SSB13770303.wav,1
/USERSPACE/DATASETS/CodecFake/train/F01_SSB03070363.wav,1
/USERSPACE/DATASETS/CodecFake/train/F01_SSB01490121.wav,1
/USERSPACE/DATASETS/CodecFake/train/F01_p286_081.wav,1
/USERSPACE/DATASETS/CodecFake/train/F01_SSB02730217.wav,1
/USERSPACE/DATASETS/CodecFake/train/F01_SSB11310371.wav,1
/USERSPACE/DATASETS/CodecFake/train/F01_p281_124.wav,1
/USERSPACE/DATASETS/CodecFake/train/F01_SSB01970148.wav,1
/USERSPACE/DATASETS/CodecFake/train/F01_SSB03790155.wav,1
/USERSPACE/DATASETS/CodecFake/train/F01_SSB05650240.wav,1
/USERSPACE/DATASETS/CodecFake/train/F01_SSB10080028.wav,1
/USERSPACE/DATASETS/CodecFake/train/F01_SSB05650321.wav,1
/USERSPACE/DATASETS/CodecFake/train/F01_SSB01930303.wav,1
/USERSPACE/DATASETS/CodecFake/train/F01_SSB07780470.wav,1
/USERSPACE/DATASETS/CodecFake/train/F01_SSB06860402.wav,1
/USERSPACE/DATASETS/CodecFake/train/F01_SSB10640243.wav,1
/USERSPACE/DATASETS/CodecFake/train/F01_SSB13770368.wav,1
/USERSPACE/DATASETS/CodecFake/train/F01_SSB11360226.wav,1
/USERSPACE/DATASETS/CodecFake/train/F01_SSB08710139.wav,1
/USERSPACE/DATASETS/CodecFake/train/F01_p285_183.wav,1
/USERSPACE/DATASETS/CodecFake/train/F01_SSB02410234.wav,1
/USERSPACE/DATASETS/CodecFake/train/F01_SSB13820305.wav,1
/USERSPACE/DATASETS/CodecFake/train/F01_SSB17820121.wav,1
/USERSPACE/DATASETS/CodecFake/train/F01_SSB03230197.wav,1
/USERSPACE/DATASETS/CodecFake/train/F01_SSB19020131.wav,1
/USERSPACE/DATASETS/CodecFake/train/F01_p364_157.wav,1
/USERSPACE/DATASETS/CodecFake/train/F01_SSB04260255.wav,1
/USERSPACE/DATASETS/CodecFake/train/F01_SSB05390285.wav,1
/USERSPACE/DATASETS/CodecFake/train/F01_p362_033.wav,1
/USERSPACE/DATASETS/CodecFake/train/F01_p246_152.wav,1
/USERSPACE/DATASETS/CodecFake/train/F01_p237_056.wav,1
/USERSPACE/DATASETS/CodecFake/train/F01_SSB19560309.wav,1
/USERSPACE/DATASETS/CodecFake/train/F01_p310_081.wav,1
/USERSPACE/DATASETS/CodecFake/train/F01_SSB18630236.wav,1
/USERSPACE/DATASETS/CodecFake/train/F01_SSB17110236.wav,1
/USERSPACE/DATASETS/CodecFake/train/F01_p297_050.wav,1
/USERSPACE/DATASETS/CodecFake/train/F01_p247_384.wav,1
/USERSPACE/DATASETS/CodecFake/train/F01_p374_187.wav,1
/USERSPACE/DATASETS/CodecFake/train/F01_p240_046.wav,1
/USERSPACE/DATASETS/CodecFake/train/F01_p340_343.wav,1
/USERSPACE/DATASETS/CodecFake/train/F01_SSB15670259.wav,1
/USERSPACE/DATASETS/CodecFake/train/F01_SSB07020054.wav,1
/USERSPACE/DATASETS/CodecFake/train/F01_p305_365.wav,1
/USERSPACE/DATASETS/CodecFake/train/F01_SSB14080428.wav,1
/USERSPACE/DATASETS/CodecFake/train/F01_SSB07860380.wav,1
/USERSPACE/DATASETS/CodecFake/train/F01_SSB06140141.wav,1
/USERSPACE/DATASETS/CodecFake/train/F01_p293_317.wav,1
/USERSPACE/DATASETS/CodecFake/train/F01_SSB18910443.wav,1
/USERSPACE/DATASETS/CodecFake/train/F01_SSB11360004.wav,1
/USERSPACE/DATASETS/CodecFake/train/F01_SSB17110203.wav,1
/USERSPACE/DATASETS/CodecFake/train/F01_SSB07780236.wav,1
/USERSPACE/DATASETS/CodecFake/train/F01_SSB07170394.wav,1
/USERSPACE/DATASETS/CodecFake/train/F01_p283_443.wav,1
/USERSPACE/DATASETS/CodecFake/train/F01_SSB15750484.wav,1
/USERSPACE/DATASETS/CodecFake/train/F01_p300_033.wav,1
/USERSPACE/DATASETS/CodecFake/train/F01_p272_084.wav,1
/USERSPACE/DATASETS/CodecFake/train/F01_SSB06060320.wav,1
/USERSPACE/DATASETS/CodecFake/train/F01_SSB15630307.wav,1
/USERSPACE/DATASETS/CodecFake/train/F01_p226_165.wav,1
/USERSPACE/DATASETS/CodecFake/train/F01_SSB10010076.wav,1
/USERSPACE/DATASETS/CodecFake/train/F01_SSB10010336.wav,1
/USERSPACE/DATASETS/CodecFake/train/F01_SSB03930150.wav,1
/USERSPACE/DATASETS/CodecFake/train/F01_SSB02730039.wav,1
/USERSPACE/DATASETS/CodecFake/train/F01_p257_192.wav,1
/USERSPACE/DATASETS/CodecFake/train/F01_SSB08510374.wav,1
/USERSPACE/DATASETS/CodecFake/train/F01_SSB19560297.wav,1
/USERSPACE/DATASETS/CodecFake/train/F01_SSB18910316.wav,1
/USERSPACE/DATASETS/CodecFake/train/F01_SSB02000365.wav,1
/USERSPACE/DATASETS/CodecFake/train/F01_SSB09660043.wav,1
/USERSPACE/DATASETS/CodecFake/train/F01_SSB11100354.wav,1
/USERSPACE/DATASETS/CodecFake/train/F01_SSB16700199.wav,1
/USERSPACE/DATASETS/CodecFake/train/F01_SSB07370098.wav,1
/USERSPACE/DATASETS/CodecFake/train/F01_p288_257.wav,1
/USERSPACE/DATASETS/CodecFake/train/F01_SSB07860093.wav,1
/USERSPACE/DATASETS/CodecFake/train/F01_p317_320.wav,1
/USERSPACE/DATASETS/CodecFake/train/F01_SSB10960267.wav,1
/USERSPACE/DATASETS/CodecFake/train/F01_p279_214.wav,1
/USERSPACE/DATASETS/CodecFake/train/F01_SSB05440320.wav,1
/USERSPACE/DATASETS/CodecFake/train/F01_p311_194.wav,1
/USERSPACE/DATASETS/CodecFake/train/F01_p292_020.wav,1
/USERSPACE/DATASETS/CodecFake/train/F01_p288_125.wav,1
/USERSPACE/DATASETS/CodecFake/train/F01_SSB11360196.wav,1
/USERSPACE/DATASETS/CodecFake/train/F01_p341_197.wav,1
/USERSPACE/DATASETS/CodecFake/train/F01_SSB12160283.wav,1
/USERSPACE/DATASETS/CodecFake/train/F01_SSB11260448.wav,1
/USERSPACE/DATASETS/CodecFake/train/F01_SSB07460422.wav,1
/USERSPACE/DATASETS/CodecFake/train/F01_SSB04340127.wav,1
/USERSPACE/DATASETS/CodecFake/train/F01_SSB11100462.wav,1
/USERSPACE/DATASETS/CodecFake/train/F01_SSB03150190.wav,1
/USERSPACE/DATASETS/CodecFake/train/F01_p280_110.wav,1
/USERSPACE/DATASETS/CodecFake/train/F01_p274_422.wav,1
/USERSPACE/DATASETS/CodecFake/train/F01_p297_354.wav,1
/USERSPACE/DATASETS/CodecFake/train/F01_SSB03820109.wav,1
/USERSPACE/DATASETS/CodecFake/train/F01_SSB01930252.wav,1
/USERSPACE/DATASETS/CodecFake/train/F01_SSB11760034.wav,1
/USERSPACE/DATASETS/CodecFake/train/F01_SSB18460120.wav,1
/USERSPACE/DATASETS/CodecFake/train/F01_p285_105.wav,1
/USERSPACE/DATASETS/CodecFake/train/F01_SSB06930061.wav,1
/USERSPACE/DATASETS/CodecFake/train/F01_p266_008.wav,1
/USERSPACE/DATASETS/CodecFake/train/F01_p318_283.wav,1
/USERSPACE/DATASETS/CodecFake/train/F01_p280_302.wav,1
/USERSPACE/DATASETS/CodecFake/train/F01_SSB10200379.wav,1
/USERSPACE/DATASETS/CodecFake/train/F01_SSB10500210.wav,1
/USERSPACE/DATASETS/CodecFake/train/F01_SSB07000196.wav,1
/USERSPACE/DATASETS/CodecFake/train/F01_p226_068.wav,1
/USERSPACE/DATASETS/CodecFake/train/F01_SSB13850028.wav,1
/USERSPACE/DATASETS/CodecFake/train/F01_p339_314.wav,1
/USERSPACE/DATASETS/CodecFake/train/F01_SSB12210278.wav,1
/USERSPACE/DATASETS/CodecFake/train/F01_SSB12210325.wav,1
/USERSPACE/DATASETS/CodecFake/train/F01_SSB00380413.wav,1
/USERSPACE/DATASETS/CodecFake/train/F01_p318_254.wav,1
/USERSPACE/DATASETS/CodecFake/train/F01_SSB18720400.wav,1
/USERSPACE/DATASETS/CodecFake/train/F01_p232_158.wav,1
/USERSPACE/DATASETS/CodecFake/train/F01_SSB06930130.wav,1
/USERSPACE/DATASETS/CodecFake/train/F01_SSB00160313.wav,1
/USERSPACE/DATASETS/CodecFake/train/F01_p231_462.wav,1
/USERSPACE/DATASETS/CodecFake/train/F01_SSB07160227.wav,1
/USERSPACE/DATASETS/CodecFake/train/F01_p261_109.wav,1
/USERSPACE/DATASETS/CodecFake/train/F01_SSB12040443.wav,1
/USERSPACE/DATASETS/CodecFake/train/F01_SSB06010435.wav,1
/USERSPACE/DATASETS/CodecFake/train/F01_p250_229.wav,1
/USERSPACE/DATASETS/CodecFake/train/F01_p251_008.wav,1
/USERSPACE/DATASETS/CodecFake/train/F01_p363_184.wav,1
/USERSPACE/DATASETS/CodecFake/train/F01_SSB10560445.wav,1
/USERSPACE/DATASETS/CodecFake/train/F01_SSB13400284.wav,1
/USERSPACE/DATASETS/CodecFake/train/F01_SSB03090359.wav,1
/USERSPACE/DATASETS/CodecFake/train/F01_SSB12180322.wav,1
/USERSPACE/DATASETS/CodecFake/train/F01_SSB02410427.wav,1
/USERSPACE/DATASETS/CodecFake/train/F01_SSB15930088.wav,1
/USERSPACE/DATASETS/CodecFake/train/F01_SSB00050216.wav,1
/USERSPACE/DATASETS/CodecFake/train/F01_p314_145.wav,1
/USERSPACE/DATASETS/CodecFake/train/F01_SSB11100007.wav,1
/USERSPACE/DATASETS/CodecFake/train/F01_SSB01390492.wav,1
/USERSPACE/DATASETS/CodecFake/train/F01_SSB01220202.wav,1
/USERSPACE/DATASETS/CodecFake/train/F01_SSB00730308.wav,1
/USERSPACE/DATASETS/CodecFake/train/F01_SSB07160394.wav,1
/USERSPACE/DATASETS/CodecFake/train/F01_SSB17390164.wav,1
/USERSPACE/DATASETS/CodecFake/train/F01_SSB16070341.wav,1
/USERSPACE/DATASETS/CodecFake/train/F01_p360_067.wav,1
/USERSPACE/DATASETS/CodecFake/train/F01_SSB05880400.wav,1
/USERSPACE/DATASETS/CodecFake/train/F01_p288_384.wav,1
/USERSPACE/DATASETS/CodecFake/train/F01_p303_295.wav,1
/USERSPACE/DATASETS/CodecFake/train/F01_SSB10240044.wav,1
/USERSPACE/DATASETS/CodecFake/train/F01_p330_131.wav,1
/USERSPACE/DATASETS/CodecFake/train/F01_SSB10000391.wav,1
/USERSPACE/DATASETS/CodecFake/train/F01_p264_199.wav,1
/USERSPACE/DATASETS/CodecFake/train/F01_p264_435.wav,1
/USERSPACE/DATASETS/CodecFake/train/F01_SSB11080143.wav,1
/USERSPACE/DATASETS/CodecFake/train/F01_p254_375.wav,1
/USERSPACE/DATASETS/CodecFake/train/F01_p300_342.wav,1
/USERSPACE/DATASETS/CodecFake/train/F01_SSB07580253.wav,1
/USERSPACE/DATASETS/CodecFake/train/F01_SSB11000222.wav,1
/USERSPACE/DATASETS/CodecFake/train/F01_SSB19020168.wav,1
/USERSPACE/DATASETS/CodecFake/train/F01_SSB06030469.wav,1
/USERSPACE/DATASETS/CodecFake/train/F01_SSB10960338.wav,1
/USERSPACE/DATASETS/CodecFake/train/F01_p263_365.wav,1
/USERSPACE/DATASETS/CodecFake/train/F01_SSB07160056.wav,1
/USERSPACE/DATASETS/CodecFake/train/F01_SSB03660201.wav,1
/USERSPACE/DATASETS/CodecFake/train/F01_SSB07160088.wav,1
/USERSPACE/DATASETS/CodecFake/train/F01_SSB13820004.wav,1
/USERSPACE/DATASETS/CodecFake/train/F01_p246_277.wav,1
/USERSPACE/DATASETS/CodecFake/train/F01_p288_361.wav,1
/USERSPACE/DATASETS/CodecFake/train/F01_SSB07840307.wav,1
/USERSPACE/DATASETS/CodecFake/train/F01_p343_187.wav,1
/USERSPACE/DATASETS/CodecFake/train/F01_SSB18910186.wav,1
/USERSPACE/DATASETS/CodecFake/train/F01_p258_188.wav,1
/USERSPACE/DATASETS/CodecFake/train/F01_SSB01450175.wav,1
/USERSPACE/DATASETS/CodecFake/train/F01_SSB10240229.wav,1
/USERSPACE/DATASETS/CodecFake/train/F01_SSB03820210.wav,1
/USERSPACE/DATASETS/CodecFake/train/F01_SSB12180134.wav,1
/USERSPACE/DATASETS/CodecFake/train/F01_SSB07580123.wav,1
/USERSPACE/DATASETS/CodecFake/train/F01_SSB00050186.wav,1
/USERSPACE/DATASETS/CodecFake/train/F01_SSB03750427.wav,1
/USERSPACE/DATASETS/CodecFake/train/F01_SSB12390382.wav,1
/USERSPACE/DATASETS/CodecFake/train/F01_SSB13650084.wav,1
/USERSPACE/DATASETS/CodecFake/train/F01_SSB14570333.wav,1
/USERSPACE/DATASETS/CodecFake/train/F01_p251_125.wav,1
/USERSPACE/DATASETS/CodecFake/train/F01_SSB05440295.wav,1
/USERSPACE/DATASETS/CodecFake/train/F01_SSB06010191.wav,1
/USERSPACE/DATASETS/CodecFake/train/F01_p300_281.wav,1
/USERSPACE/DATASETS/CodecFake/train/F01_SSB11610439.wav,1
/USERSPACE/DATASETS/CodecFake/train/F01_SSB09130234.wav,1
/USERSPACE/DATASETS/CodecFake/train/F01_SSB10910116.wav,1
/USERSPACE/DATASETS/CodecFake/train/F01_SSB07800091.wav,1
/USERSPACE/DATASETS/CodecFake/train/F01_SSB13220423.wav,1
/USERSPACE/DATASETS/CodecFake/train/F01_SSB19020297.wav,1
/USERSPACE/DATASETS/CodecFake/train/F01_p251_034.wav,1
/USERSPACE/DATASETS/CodecFake/train/F01_SSB00180225.wav,1
/USERSPACE/DATASETS/CodecFake/train/F01_SSB16250326.wav,1
/USERSPACE/DATASETS/CodecFake/train/F01_SSB11310453.wav,1
/USERSPACE/DATASETS/CodecFake/train/F01_p351_301.wav,1
/USERSPACE/DATASETS/CodecFake/train/F01_p315_345.wav,1
/USERSPACE/DATASETS/CodecFake/train/F01_SSB00120185.wav,1
/USERSPACE/DATASETS/CodecFake/train/F01_p272_119.wav,1
/USERSPACE/DATASETS/CodecFake/train/F01_p302_128.wav,1
/USERSPACE/DATASETS/CodecFake/train/F01_SSB03160229.wav,1
/USERSPACE/DATASETS/CodecFake/train/F01_p237_279.wav,1
/USERSPACE/DATASETS/CodecFake/train/F01_p330_275.wav,1
/USERSPACE/DATASETS/CodecFake/train/F01_SSB08510351.wav,1
/USERSPACE/DATASETS/CodecFake/train/F01_p266_176.wav,1
/USERSPACE/DATASETS/CodecFake/train/F01_SSB01220177.wav,1
/USERSPACE/DATASETS/CodecFake/train/F01_SSB18910148.wav,1
/USERSPACE/DATASETS/CodecFake/train/F01_SSB03090146.wav,1
/USERSPACE/DATASETS/CodecFake/train/F01_SSB02610350.wav,1
/USERSPACE/DATASETS/CodecFake/train/F01_p239_252.wav,1
/USERSPACE/DATASETS/CodecFake/train/F01_p340_162.wav,1
/USERSPACE/DATASETS/CodecFake/train/F01_SSB04350162.wav,1
/USERSPACE/DATASETS/CodecFake/train/F01_SSB03800392.wav,1
/USERSPACE/DATASETS/CodecFake/train/F01_SSB03800109.wav,1
/USERSPACE/DATASETS/CodecFake/train/F01_p268_056.wav,1
/USERSPACE/DATASETS/CodecFake/train/F01_SSB04070290.wav,1
/USERSPACE/DATASETS/CodecFake/train/F01_SSB02670461.wav,1
/USERSPACE/DATASETS/CodecFake/train/F01_SSB11380086.wav,1
/USERSPACE/DATASETS/CodecFake/train/F01_p292_200.wav,1
/USERSPACE/DATASETS/CodecFake/train/F01_SSB08510090.wav,1
/USERSPACE/DATASETS/CodecFake/train/F01_SSB10080124.wav,1
/USERSPACE/DATASETS/CodecFake/train/F01_p283_112.wav,1
/USERSPACE/DATASETS/CodecFake/train/F01_SSB07020038.wav,1
/USERSPACE/DATASETS/CodecFake/train/F01_SSB16990018.wav,1
/USERSPACE/DATASETS/CodecFake/train/F01_SSB09190308.wav,1
/USERSPACE/DATASETS/CodecFake/train/F01_p245_226.wav,1
/USERSPACE/DATASETS/CodecFake/train/F01_SSB02460426.wav,1
/USERSPACE/DATASETS/CodecFake/train/F01_SSB06290003.wav,1
/USERSPACE/DATASETS/CodecFake/train/F01_SSB03070481.wav,1
/USERSPACE/DATASETS/CodecFake/train/F01_p231_072.wav,1
/USERSPACE/DATASETS/CodecFake/train/F01_SSB10010057.wav,1
/USERSPACE/DATASETS/CodecFake/train/F01_SSB11360090.wav,1
/USERSPACE/DATASETS/CodecFake/train/F01_p364_075.wav,1
/USERSPACE/DATASETS/CodecFake/train/F01_SSB16990108.wav,1
/USERSPACE/DATASETS/CodecFake/train/F01_p310_419.wav,1
/USERSPACE/DATASETS/CodecFake/train/F01_SSB14080121.wav,1
/USERSPACE/DATASETS/CodecFake/train/F01_p263_232.wav,1
/USERSPACE/DATASETS/CodecFake/train/F01_SSB11260011.wav,1
/USERSPACE/DATASETS/CodecFake/train/F01_SSB07510376.wav,1
/USERSPACE/DATASETS/CodecFake/train/F01_SSB00730465.wav,1
/USERSPACE/DATASETS/CodecFake/train/F01_SSB01220361.wav,1
/USERSPACE/DATASETS/CodecFake/train/F01_SSB08170387.wav,1
/USERSPACE/DATASETS/CodecFake/train/F01_SSB07020148.wav,1
/USERSPACE/DATASETS/CodecFake/train/F01_p362_341.wav,1
/USERSPACE/DATASETS/CodecFake/train/F01_SSB02610043.wav,1
/USERSPACE/DATASETS/CodecFake/train/F01_SSB05350230.wav,1
/USERSPACE/DATASETS/CodecFake/train/F01_SSB19350453.wav,1
/USERSPACE/DATASETS/CodecFake/train/F01_p317_269.wav,1
/USERSPACE/DATASETS/CodecFake/train/F01_p351_418.wav,1
/USERSPACE/DATASETS/CodecFake/train/F01_SSB10500111.wav,1
/USERSPACE/DATASETS/CodecFake/train/F01_SSB11150483.wav,1
/USERSPACE/DATASETS/CodecFake/train/F01_SSB03950002.wav,1
/USERSPACE/DATASETS/CodecFake/train/F01_SSB11000399.wav,1
/USERSPACE/DATASETS/CodecFake/train/F01_p376_155.wav,1
/USERSPACE/DATASETS/CodecFake/train/F01_SSB16700031.wav,1
/USERSPACE/DATASETS/CodecFake/train/F01_SSB19560421.wav,1
/USERSPACE/DATASETS/CodecFake/train/F01_SSB00800154.wav,1
/USERSPACE/DATASETS/CodecFake/train/F01_SSB04820388.wav,1
/USERSPACE/DATASETS/CodecFake/train/F01_p245_063.wav,1
/USERSPACE/DATASETS/CodecFake/train/F01_SSB19180357.wav,1
/USERSPACE/DATASETS/CodecFake/train/F01_SSB06230068.wav,1
/USERSPACE/DATASETS/CodecFake/train/F01_SSB05390322.wav,1
/USERSPACE/DATASETS/CodecFake/train/F01_SSB04700250.wav,1
/USERSPACE/DATASETS/CodecFake/train/F01_SSB13850190.wav,1
/USERSPACE/DATASETS/CodecFake/train/F01_SSB12180177.wav,1
/USERSPACE/DATASETS/CodecFake/train/F01_SSB13200148.wav,1
/USERSPACE/DATASETS/CodecFake/train/F01_p260_298.wav,1
/USERSPACE/DATASETS/CodecFake/train/F01_SSB07580333.wav,1
/USERSPACE/DATASETS/CodecFake/train/F01_SSB16300138.wav,1
/USERSPACE/DATASETS/CodecFake/train/F01_SSB05940445.wav,1
/USERSPACE/DATASETS/CodecFake/train/F01_SSB18100076.wav,1
/USERSPACE/DATASETS/CodecFake/train/F01_SSB07490165.wav,1
/USERSPACE/DATASETS/CodecFake/train/F01_p243_057.wav,1
/USERSPACE/DATASETS/CodecFake/train/F01_p307_152.wav,1
/USERSPACE/DATASETS/CodecFake/train/F01_p336_362.wav,1
/USERSPACE/DATASETS/CodecFake/train/F01_SSB03750275.wav,1
/USERSPACE/DATASETS/CodecFake/train/F01_p238_178.wav,1
/USERSPACE/DATASETS/CodecFake/train/F01_SSB04070093.wav,1
/USERSPACE/DATASETS/CodecFake/train/F01_SSB11150131.wav,1
/USERSPACE/DATASETS/CodecFake/train/F01_p255_314.wav,1
/USERSPACE/DATASETS/CodecFake/train/F01_SSB00090309.wav,1
/USERSPACE/DATASETS/CodecFake/train/F01_p266_043.wav,1
/USERSPACE/DATASETS/CodecFake/train/F01_p323_162.wav,1
/USERSPACE/DATASETS/CodecFake/train/F01_SSB02870057.wav,1
/USERSPACE/DATASETS/CodecFake/train/F01_p278_219.wav,1
/USERSPACE/DATASETS/CodecFake/train/F01_p230_053.wav,1
/USERSPACE/DATASETS/CodecFake/train/F01_SSB00110381.wav,1
/USERSPACE/DATASETS/CodecFake/train/F01_SSB06860236.wav,1
/USERSPACE/DATASETS/CodecFake/train/F01_SSB04820382.wav,1
/USERSPACE/DATASETS/CodecFake/train/F01_SSB03950483.wav,1
/USERSPACE/DATASETS/CodecFake/train/F01_SSB05440455.wav,1
/USERSPACE/DATASETS/CodecFake/train/F01_SSB06060035.wav,1
/USERSPACE/DATASETS/CodecFake/train/F01_p275_229.wav,1
/USERSPACE/DATASETS/CodecFake/train/F01_SSB07840213.wav,1
/USERSPACE/DATASETS/CodecFake/train/F01_SSB03820245.wav,1
/USERSPACE/DATASETS/CodecFake/train/F01_p262_347.wav,1
/USERSPACE/DATASETS/CodecFake/train/F01_SSB02410377.wav,1
/USERSPACE/DATASETS/CodecFake/train/F01_SSB05350048.wav,1
/USERSPACE/DATASETS/CodecFake/train/F01_p238_331.wav,1
/USERSPACE/DATASETS/CodecFake/train/F01_p250_239.wav,1
/USERSPACE/DATASETS/CodecFake/train/F01_SSB19560007.wav,1
/USERSPACE/DATASETS/CodecFake/train/F01_SSB03070380.wav,1
/USERSPACE/DATASETS/CodecFake/train/F01_SSB04350155.wav,1
/USERSPACE/DATASETS/CodecFake/train/F01_p302_241.wav,1
/USERSPACE/DATASETS/CodecFake/train/F01_SSB08220282.wav,1
/USERSPACE/DATASETS/CodecFake/train/F01_p270_312.wav,1
/USERSPACE/DATASETS/CodecFake/train/F01_p303_199.wav,1
/USERSPACE/DATASETS/CodecFake/train/F01_SSB01930298.wav,1
/USERSPACE/DATASETS/CodecFake/train/F01_SSB07860183.wav,1
/USERSPACE/DATASETS/CodecFake/train/F01_SSB05900282.wav,1
/USERSPACE/DATASETS/CodecFake/train/F01_SSB15930346.wav,1
/USERSPACE/DATASETS/CodecFake/train/F01_SSB11380198.wav,1
/USERSPACE/DATASETS/CodecFake/train/F01_SSB04820239.wav,1
/USERSPACE/DATASETS/CodecFake/train/F01_SSB00160171.wav,1
/USERSPACE/DATASETS/CodecFake/train/F01_SSB07160269.wav,1
/USERSPACE/DATASETS/CodecFake/train/F01_SSB03750030.wav,1
/USERSPACE/DATASETS/CodecFake/train/F01_SSB05990101.wav,1
/USERSPACE/DATASETS/CodecFake/train/F01_SSB03160483.wav,1
/USERSPACE/DATASETS/CodecFake/train/F01_p312_100.wav,1
/USERSPACE/DATASETS/CodecFake/train/F01_SSB09130037.wav,1
/USERSPACE/DATASETS/CodecFake/train/F01_SSB04820248.wav,1
/USERSPACE/DATASETS/CodecFake/train/F01_SSB12390381.wav,1
/USERSPACE/DATASETS/CodecFake/train/F01_p330_267.wav,1
/USERSPACE/DATASETS/CodecFake/train/F01_SSB11760445.wav,1
/USERSPACE/DATASETS/CodecFake/train/F01_p232_089.wav,1
/USERSPACE/DATASETS/CodecFake/train/F01_SSB01490353.wav,1
/USERSPACE/DATASETS/CodecFake/train/F01_SSB05900231.wav,1
/USERSPACE/DATASETS/CodecFake/train/F01_p310_371.wav,1
/USERSPACE/DATASETS/CodecFake/train/F01_p277_163.wav,1
/USERSPACE/DATASETS/CodecFake/train/F01_SSB11260313.wav,1
/USERSPACE/DATASETS/CodecFake/train/F01_SSB10010417.wav,1
/USERSPACE/DATASETS/CodecFake/train/F01_p247_117.wav,1
/USERSPACE/DATASETS/CodecFake/train/F01_SSB04820346.wav,1
/USERSPACE/DATASETS/CodecFake/train/F01_SSB16860246.wav,1
/USERSPACE/DATASETS/CodecFake/train/F01_SSB13220176.wav,1
/USERSPACE/DATASETS/CodecFake/train/F01_SSB18320278.wav,1
/USERSPACE/DATASETS/CodecFake/train/F01_SSB02410405.wav,1
/USERSPACE/DATASETS/CodecFake/train/F01_SSB14480248.wav,1
/USERSPACE/DATASETS/CodecFake/train/F01_SSB03790124.wav,1
/USERSPACE/DATASETS/CodecFake/train/F01_SSB15850228.wav,1
/USERSPACE/DATASETS/CodecFake/train/F01_p253_268.wav,1
/USERSPACE/DATASETS/CodecFake/train/F01_SSB00090202.wav,1
/USERSPACE/DATASETS/CodecFake/train/F01_p351_269.wav,1
/USERSPACE/DATASETS/CodecFake/train/F01_p256_022.wav,1
/USERSPACE/DATASETS/CodecFake/train/F01_SSB11150261.wav,1
/USERSPACE/DATASETS/CodecFake/train/F01_SSB06140402.wav,1
/USERSPACE/DATASETS/CodecFake/train/F01_p284_156.wav,1
/USERSPACE/DATASETS/CodecFake/train/F01_SSB00730475.wav,1
/USERSPACE/DATASETS/CodecFake/train/F01_SSB07620245.wav,1
/USERSPACE/DATASETS/CodecFake/train/F01_SSB04270257.wav,1
/USERSPACE/DATASETS/CodecFake/train/F01_p345_065.wav,1
/USERSPACE/DATASETS/CodecFake/train/F01_p281_423.wav,1
/USERSPACE/DATASETS/CodecFake/train/F01_SSB06060256.wav,1
/USERSPACE/DATASETS/CodecFake/train/F01_p287_199.wav,1
/USERSPACE/DATASETS/CodecFake/train/F01_p304_267.wav,1
/USERSPACE/DATASETS/CodecFake/train/F01_p345_270.wav,1
/USERSPACE/DATASETS/CodecFake/train/F01_p253_357.wav,1
/USERSPACE/DATASETS/CodecFake/train/F01_SSB03230101.wav,1
/USERSPACE/DATASETS/CodecFake/train/F01_SSB03820476.wav,1
/USERSPACE/DATASETS/CodecFake/train/F01_SSB15550425.wav,1
/USERSPACE/DATASETS/CodecFake/train/F01_SSB16240089.wav,1
/USERSPACE/DATASETS/CodecFake/train/F01_SSB00330418.wav,1
/USERSPACE/DATASETS/CodecFake/train/F01_p302_225.wav,1
/USERSPACE/DATASETS/CodecFake/train/F01_SSB03950141.wav,1
/USERSPACE/DATASETS/CodecFake/train/F01_p264_357.wav,1
/USERSPACE/DATASETS/CodecFake/train/F01_SSB07100169.wav,1
/USERSPACE/DATASETS/CodecFake/train/F01_p316_078.wav,1
/USERSPACE/DATASETS/CodecFake/train/F01_SSB07800397.wav,1
/USERSPACE/DATASETS/CodecFake/train/F01_SSB19180479.wav,1
/USERSPACE/DATASETS/CodecFake/train/F01_p323_106.wav,1
/USERSPACE/DATASETS/CodecFake/train/F01_p329_275.wav,1
/USERSPACE/DATASETS/CodecFake/train/F01_SSB13660170.wav,1
/USERSPACE/DATASETS/CodecFake/train/F01_SSB07000427.wav,1
/USERSPACE/DATASETS/CodecFake/train/F01_SSB18320061.wav,1
/USERSPACE/DATASETS/CodecFake/train/F01_SSB01490379.wav,1
/USERSPACE/DATASETS/CodecFake/train/F01_SSB19350094.wav,1
/USERSPACE/DATASETS/CodecFake/train/F01_SSB15750300.wav,1
/USERSPACE/DATASETS/CodecFake/train/F01_SSB00050361.wav,1
/USERSPACE/DATASETS/CodecFake/train/F01_p287_310.wav,1
/USERSPACE/DATASETS/CodecFake/train/F01_SSB11150300.wav,1
/USERSPACE/DATASETS/CodecFake/train/F01_SSB15930397.wav,1
/USERSPACE/DATASETS/CodecFake/train/F01_p264_317.wav,1
/USERSPACE/DATASETS/CodecFake/train/F01_p297_150.wav,1
/USERSPACE/DATASETS/CodecFake/train/F01_SSB07480155.wav,1
/USERSPACE/DATASETS/CodecFake/train/F01_SSB06230472.wav,1
/USERSPACE/DATASETS/CodecFake/train/F01_SSB09130449.wav,1
/USERSPACE/DATASETS/CodecFake/train/F01_SSB11310002.wav,1
/USERSPACE/DATASETS/CodecFake/train/F01_p256_319.wav,1
/USERSPACE/DATASETS/CodecFake/train/F01_SSB01450335.wav,1
/USERSPACE/DATASETS/CodecFake/train/F01_p300_144.wav,1
/USERSPACE/DATASETS/CodecFake/train/F01_SSB09970244.wav,1
/USERSPACE/DATASETS/CodecFake/train/F01_SSB03930451.wav,1
/USERSPACE/DATASETS/CodecFake/train/F01_p261_198.wav,1
/USERSPACE/DATASETS/CodecFake/train/F01_p254_289.wav,1
/USERSPACE/DATASETS/CodecFake/train/F01_p228_082.wav,1
/USERSPACE/DATASETS/CodecFake/train/F01_p271_367.wav,1
/USERSPACE/DATASETS/CodecFake/train/F01_SSB07170429.wav,1
/USERSPACE/DATASETS/CodecFake/train/F01_SSB10640400.wav,1
/USERSPACE/DATASETS/CodecFake/train/F01_p280_016.wav,1
/USERSPACE/DATASETS/CodecFake/train/F01_p231_008.wav,1
/USERSPACE/DATASETS/CodecFake/train/F01_p278_134.wav,1
/USERSPACE/DATASETS/CodecFake/train/F01_SSB02460124.wav,1
/USERSPACE/DATASETS/CodecFake/train/F01_SSB03410228.wav,1
/USERSPACE/DATASETS/CodecFake/train/F01_SSB16250493.wav,1
/USERSPACE/DATASETS/CodecFake/train/F01_SSB15750006.wav,1
/USERSPACE/DATASETS/CodecFake/train/F01_SSB00090068.wav,1
/USERSPACE/DATASETS/CodecFake/train/F01_p243_046.wav,1
/USERSPACE/DATASETS/CodecFake/train/F01_SSB15750123.wav,1
/USERSPACE/DATASETS/CodecFake/train/F01_SSB01450095.wav,1
/USERSPACE/DATASETS/CodecFake/train/F01_SSB03750270.wav,1
/USERSPACE/DATASETS/CodecFake/train/F01_SSB10720123.wav,1
/USERSPACE/DATASETS/CodecFake/train/F01_SSB00730205.wav,1
/USERSPACE/DATASETS/CodecFake/train/F01_SSB16240378.wav,1
/USERSPACE/DATASETS/CodecFake/train/F01_SSB07110218.wav,1
/USERSPACE/DATASETS/CodecFake/train/F01_SSB11000168.wav,1
/USERSPACE/DATASETS/CodecFake/train/F01_SSB14480144.wav,1
/USERSPACE/DATASETS/CodecFake/train/F01_SSB18780074.wav,1
/USERSPACE/DATASETS/CodecFake/train/F01_SSB01330418.wav,1
/USERSPACE/DATASETS/CodecFake/train/F01_SSB15670227.wav,1
/USERSPACE/DATASETS/CodecFake/train/F01_p257_197.wav,1
/USERSPACE/DATASETS/CodecFake/train/F01_p297_158.wav,1
/USERSPACE/DATASETS/CodecFake/train/F01_p303_177.wav,1
/USERSPACE/DATASETS/CodecFake/train/F01_SSB07490111.wav,1
/USERSPACE/DATASETS/CodecFake/train/F01_p236_221.wav,1
/USERSPACE/DATASETS/CodecFake/train/F01_SSB02880125.wav,1
/USERSPACE/DATASETS/CodecFake/train/F01_p236_219.wav,1
/USERSPACE/DATASETS/CodecFake/train/F01_SSB03540509.wav,1
/USERSPACE/DATASETS/CodecFake/train/F01_SSB00330120.wav,1
/USERSPACE/DATASETS/CodecFake/train/F01_p227_173.wav,1
/USERSPACE/DATASETS/CodecFake/train/F01_p303_081.wav,1
/USERSPACE/DATASETS/CodecFake/train/F01_p267_184.wav,1
/USERSPACE/DATASETS/CodecFake/train/F01_p303_076.wav,1
/USERSPACE/DATASETS/CodecFake/train/F01_SSB06860050.wav,1
/USERSPACE/DATASETS/CodecFake/train/F01_p274_241.wav,1
/USERSPACE/DATASETS/CodecFake/train/F01_p303_245.wav,1
/USERSPACE/DATASETS/CodecFake/train/F01_SSB03090049.wav,1
/USERSPACE/DATASETS/CodecFake/train/F01_p263_434.wav,1
/USERSPACE/DATASETS/CodecFake/train/F01_p288_294.wav,1
/USERSPACE/DATASETS/CodecFake/train/F01_SSB06030225.wav,1
/USERSPACE/DATASETS/CodecFake/train/F01_SSB18780337.wav,1
/USERSPACE/DATASETS/CodecFake/train/F01_SSB15630444.wav,1
/USERSPACE/DATASETS/CodecFake/train/F01_SSB18090168.wav,1
/USERSPACE/DATASETS/CodecFake/train/F01_SSB13660028.wav,1
/USERSPACE/DATASETS/CodecFake/train/F01_p255_072.wav,1
/USERSPACE/DATASETS/CodecFake/train/F01_SSB19180482.wav,1
/USERSPACE/DATASETS/CodecFake/train/F01_p245_352.wav,1
/USERSPACE/DATASETS/CodecFake/train/F01_SSB06030372.wav,1
/USERSPACE/DATASETS/CodecFake/train/F01_SSB12040216.wav,1
/USERSPACE/DATASETS/CodecFake/train/F01_p265_106.wav,1
/USERSPACE/DATASETS/CodecFake/train/F01_SSB03380078.wav,1
/USERSPACE/DATASETS/CodecFake/train/F01_p230_184.wav,1
/USERSPACE/DATASETS/CodecFake/train/F01_SSB13410256.wav,1
/USERSPACE/DATASETS/CodecFake/train/F01_SSB06070344.wav,1
/USERSPACE/DATASETS/CodecFake/train/F01_p269_145.wav,1
/USERSPACE/DATASETS/CodecFake/train/F01_SSB01450309.wav,1
/USERSPACE/DATASETS/CodecFake/train/F01_SSB18320308.wav,1
/USERSPACE/DATASETS/CodecFake/train/F01_SSB03940299.wav,1
/USERSPACE/DATASETS/CodecFake/train/F01_p347_239.wav,1
/USERSPACE/DATASETS/CodecFake/train/F01_p297_107.wav,1
/USERSPACE/DATASETS/CodecFake/train/F01_p228_110.wav,1
/USERSPACE/DATASETS/CodecFake/train/F01_p238_267.wav,1
/USERSPACE/DATASETS/CodecFake/train/F01_SSB06310206.wav,1
/USERSPACE/DATASETS/CodecFake/train/F01_SSB06060251.wav,1
/USERSPACE/DATASETS/CodecFake/train/F01_SSB07800395.wav,1
/USERSPACE/DATASETS/CodecFake/train/F01_SSB04270437.wav,1
/USERSPACE/DATASETS/CodecFake/train/F01_p340_192.wav,1
/USERSPACE/DATASETS/CodecFake/train/F01_SSB03390037.wav,1
/USERSPACE/DATASETS/CodecFake/train/F01_SSB07000395.wav,1
/USERSPACE/DATASETS/CodecFake/train/F01_p336_153.wav,1
/USERSPACE/DATASETS/CodecFake/train/F01_p299_183.wav,1
/USERSPACE/DATASETS/CodecFake/train/F01_SSB06710224.wav,1
/USERSPACE/DATASETS/CodecFake/train/F01_p311_243.wav,1
/USERSPACE/DATASETS/CodecFake/train/F01_SSB10720424.wav,1
/USERSPACE/DATASETS/CodecFake/train/F01_p256_186.wav,1
/USERSPACE/DATASETS/CodecFake/train/F01_SSB14020241.wav,1
/USERSPACE/DATASETS/CodecFake/train/F01_SSB11360074.wav,1
/USERSPACE/DATASETS/CodecFake/train/F01_p277_237.wav,1
/USERSPACE/DATASETS/CodecFake/train/F01_SSB04350052.wav,1
/USERSPACE/DATASETS/CodecFake/train/F01_SSB10550019.wav,1
/USERSPACE/DATASETS/CodecFake/train/F01_SSB07800423.wav,1
/USERSPACE/DATASETS/CodecFake/train/F01_p339_409.wav,1
/USERSPACE/DATASETS/CodecFake/train/F01_SSB18780022.wav,1
/USERSPACE/DATASETS/CodecFake/train/F01_SSB12040451.wav,1
/USERSPACE/DATASETS/CodecFake/train/F01_SSB00180099.wav,1
/USERSPACE/DATASETS/CodecFake/train/F01_p267_247.wav,1
/USERSPACE/DATASETS/CodecFake/train/F01_p258_146.wav,1
/USERSPACE/DATASETS/CodecFake/train/F01_p292_267.wav,1
/USERSPACE/DATASETS/CodecFake/train/F01_SSB05700346.wav,1
/USERSPACE/DATASETS/CodecFake/train/F01_SSB13220157.wav,1
/USERSPACE/DATASETS/CodecFake/train/F01_SSB13200299.wav,1
/USERSPACE/DATASETS/CodecFake/train/F01_SSB07860141.wav,1
/USERSPACE/DATASETS/CodecFake/train/F01_p251_051.wav,1
/USERSPACE/DATASETS/CodecFake/train/F01_SSB05340151.wav,1
/USERSPACE/DATASETS/CodecFake/train/F01_SSB13200091.wav,1
/USERSPACE/DATASETS/CodecFake/train/F01_SSB05940015.wav,1
/USERSPACE/DATASETS/CodecFake/train/F01_SSB15550204.wav,1
/USERSPACE/DATASETS/CodecFake/train/F01_p347_121.wav,1
/USERSPACE/DATASETS/CodecFake/train/F01_p303_213.wav,1
/USERSPACE/DATASETS/CodecFake/train/F01_SSB18370180.wav,1
/USERSPACE/DATASETS/CodecFake/train/F01_SSB11610090.wav,1
/USERSPACE/DATASETS/CodecFake/train/F01_p275_123.wav,1
/USERSPACE/DATASETS/CodecFake/train/F01_SSB06230100.wav,1
/USERSPACE/DATASETS/CodecFake/train/F01_p243_044.wav,1
/USERSPACE/DATASETS/CodecFake/train/F01_p362_141.wav,1
/USERSPACE/DATASETS/CodecFake/train/F01_p258_236.wav,1
/USERSPACE/DATASETS/CodecFake/train/F01_SSB05900355.wav,1
/USERSPACE/DATASETS/CodecFake/train/F01_SSB06860271.wav,1
/USERSPACE/DATASETS/CodecFake/train/F01_SSB16300161.wav,1
/USERSPACE/DATASETS/CodecFake/train/F01_SSB17110329.wav,1
/USERSPACE/DATASETS/CodecFake/train/F01_p240_250.wav,1
/USERSPACE/DATASETS/CodecFake/train/F01_SSB03660468.wav,1
/USERSPACE/DATASETS/CodecFake/train/F01_p270_426.wav,1
/USERSPACE/DATASETS/CodecFake/train/F01_SSB00330319.wav,1
/USERSPACE/DATASETS/CodecFake/train/F01_SSB15630503.wav,1
/USERSPACE/DATASETS/CodecFake/train/F01_SSB02460050.wav,1
/USERSPACE/DATASETS/CodecFake/train/F01_SSB07580297.wav,1
/USERSPACE/DATASETS/CodecFake/train/F01_p269_319.wav,1
/USERSPACE/DATASETS/CodecFake/train/F01_p256_084.wav,1
/USERSPACE/DATASETS/CodecFake/train/F01_SSB07360057.wav,1
/USERSPACE/DATASETS/CodecFake/train/F01_p336_009.wav,1
/USERSPACE/DATASETS/CodecFake/train/F01_p279_060.wav,1
/USERSPACE/DATASETS/CodecFake/train/F01_p313_314.wav,1
/USERSPACE/DATASETS/CodecFake/train/F01_SSB06070071.wav,1
/USERSPACE/DATASETS/CodecFake/train/F01_p244_081.wav,1
/USERSPACE/DATASETS/CodecFake/train/F01_p269_008.wav,1
/USERSPACE/DATASETS/CodecFake/train/F01_SSB00120374.wav,1
/USERSPACE/DATASETS/CodecFake/train/F01_p318_043.wav,1
/USERSPACE/DATASETS/CodecFake/train/F01_SSB00160413.wav,1
/USERSPACE/DATASETS/CodecFake/train/F01_SSB07480173.wav,1
/USERSPACE/DATASETS/CodecFake/train/F01_SSB06680355.wav,1
/USERSPACE/DATASETS/CodecFake/train/F01_SSB02670067.wav,1
/USERSPACE/DATASETS/CodecFake/train/F01_SSB03160029.wav,1
/USERSPACE/DATASETS/CodecFake/train/F01_p236_103.wav,1
/USERSPACE/DATASETS/CodecFake/train/F01_p268_084.wav,1
/USERSPACE/DATASETS/CodecFake/train/F01_SSB01330291.wav,1
/USERSPACE/DATASETS/CodecFake/train/F01_SSB04820275.wav,1
/USERSPACE/DATASETS/CodecFake/train/F01_SSB03090061.wav,1
/USERSPACE/DATASETS/CodecFake/train/F01_SSB16840155.wav,1
/USERSPACE/DATASETS/CodecFake/train/F01_SSB14370202.wav,1
/USERSPACE/DATASETS/CodecFake/train/F01_SSB16240352.wav,1
/USERSPACE/DATASETS/CodecFake/train/F01_SSB19180362.wav,1
/USERSPACE/DATASETS/CodecFake/train/F01_SSB18280190.wav,1
/USERSPACE/DATASETS/CodecFake/train/F01_SSB00800504.wav,1
/USERSPACE/DATASETS/CodecFake/train/F01_SSB06320327.wav,1
/USERSPACE/DATASETS/CodecFake/train/F01_SSB05390068.wav,1
/USERSPACE/DATASETS/CodecFake/train/F01_SSB17810142.wav,1
/USERSPACE/DATASETS/CodecFake/train/F01_p360_138.wav,1
/USERSPACE/DATASETS/CodecFake/train/F01_SSB07020264.wav,1
/USERSPACE/DATASETS/CodecFake/train/F01_SSB01450422.wav,1
/USERSPACE/DATASETS/CodecFake/train/F01_SSB16840289.wav,1
/USERSPACE/DATASETS/CodecFake/train/F01_SSB12030476.wav,1
/USERSPACE/DATASETS/CodecFake/train/F01_SSB07860208.wav,1
/USERSPACE/DATASETS/CodecFake/train/F01_SSB06230071.wav,1
/USERSPACE/DATASETS/CodecFake/train/F01_p264_245.wav,1
/USERSPACE/DATASETS/CodecFake/train/F01_p230_189.wav,1
/USERSPACE/DATASETS/CodecFake/train/F01_p293_220.wav,1
/USERSPACE/DATASETS/CodecFake/train/F01_SSB07600221.wav,1
/USERSPACE/DATASETS/CodecFake/train/F01_p250_254.wav,1
/USERSPACE/DATASETS/CodecFake/train/F01_SSB13650377.wav,1
/USERSPACE/DATASETS/CodecFake/train/F01_p228_344.wav,1
/USERSPACE/DATASETS/CodecFake/train/F01_SSB03150354.wav,1
/USERSPACE/DATASETS/CodecFake/train/F01_p334_175.wav,1
/USERSPACE/DATASETS/CodecFake/train/F01_SSB02460448.wav,1
/USERSPACE/DATASETS/CodecFake/train/F01_SSB10560460.wav,1
/USERSPACE/DATASETS/CodecFake/train/F01_p275_110.wav,1
/USERSPACE/DATASETS/CodecFake/train/F01_SSB15630153.wav,1
/USERSPACE/DATASETS/CodecFake/train/F01_p260_182.wav,1
/USERSPACE/DATASETS/CodecFake/train/F01_SSB19350223.wav,1
/USERSPACE/DATASETS/CodecFake/train/F01_SSB08170104.wav,1
/USERSPACE/DATASETS/CodecFake/train/F01_SSB18280463.wav,1
/USERSPACE/DATASETS/CodecFake/train/F01_p298_260.wav,1
/USERSPACE/DATASETS/CodecFake/train/F01_p253_319.wav,1
/USERSPACE/DATASETS/CodecFake/train/F01_SSB06320270.wav,1
/USERSPACE/DATASETS/CodecFake/train/F01_SSB06290013.wav,1
/USERSPACE/DATASETS/CodecFake/train/F01_SSB11250214.wav,1
/USERSPACE/DATASETS/CodecFake/train/F01_SSB08510231.wav,1
/USERSPACE/DATASETS/CodecFake/train/F01_p347_212.wav,1
/USERSPACE/DATASETS/CodecFake/train/F01_SSB01450015.wav,1
/USERSPACE/DATASETS/CodecFake/train/F01_p362_324.wav,1
/USERSPACE/DATASETS/CodecFake/train/F01_SSB06660419.wav,1
/USERSPACE/DATASETS/CodecFake/train/F01_SSB04820131.wav,1
/USERSPACE/DATASETS/CodecFake/train/F01_p314_048.wav,1
/USERSPACE/DATASETS/CodecFake/train/F01_SSB00380295.wav,1
/USERSPACE/DATASETS/CodecFake/train/F01_SSB11870506.wav,1
/USERSPACE/DATASETS/CodecFake/train/F01_SSB00090451.wav,1
/USERSPACE/DATASETS/CodecFake/train/F01_SSB18460078.wav,1
/USERSPACE/DATASETS/CodecFake/train/F01_SSB00050069.wav,1
/USERSPACE/DATASETS/CodecFake/train/F01_SSB02670370.wav,1
/USERSPACE/DATASETS/CodecFake/train/F01_p326_131.wav,1
/USERSPACE/DATASETS/CodecFake/train/F01_SSB04150221.wav,1
/USERSPACE/DATASETS/CodecFake/train/F01_SSB02870053.wav,1
/USERSPACE/DATASETS/CodecFake/train/F01_SSB05780346.wav,1
/USERSPACE/DATASETS/CodecFake/train/F01_p329_292.wav,1
/USERSPACE/DATASETS/CodecFake/train/F01_p249_207.wav,1
/USERSPACE/DATASETS/CodecFake/train/F01_SSB13400165.wav,1
/USERSPACE/DATASETS/CodecFake/train/F01_p286_360.wav,1
/USERSPACE/DATASETS/CodecFake/train/F01_p239_364.wav,1
/USERSPACE/DATASETS/CodecFake/train/F01_SSB07370219.wav,1
/USERSPACE/DATASETS/CodecFake/train/F01_p279_088.wav,1
/USERSPACE/DATASETS/CodecFake/train/F01_SSB07510202.wav,1
/USERSPACE/DATASETS/CodecFake/train/F01_SSB01930062.wav,1
/USERSPACE/DATASETS/CodecFake/train/F01_SSB11870497.wav,1
/USERSPACE/DATASETS/CodecFake/train/F01_SSB05700057.wav,1
/USERSPACE/DATASETS/CodecFake/train/F01_SSB07160298.wav,1
/USERSPACE/DATASETS/CodecFake/train/F01_SSB12040208.wav,1
/USERSPACE/DATASETS/CodecFake/train/F01_SSB11350068.wav,1
/USERSPACE/DATASETS/CodecFake/train/F01_p285_007.wav,1
/USERSPACE/DATASETS/CodecFake/train/F01_p267_393.wav,1
/USERSPACE/DATASETS/CodecFake/train/F01_SSB13200019.wav,1
/USERSPACE/DATASETS/CodecFake/train/F01_p248_294.wav,1
/USERSPACE/DATASETS/CodecFake/train/F01_SSB10200086.wav,1
/USERSPACE/DATASETS/CodecFake/train/F01_p310_355.wav,1
/USERSPACE/DATASETS/CodecFake/train/F01_p283_342.wav,1
/USERSPACE/DATASETS/CodecFake/train/F01_p243_086.wav,1
/USERSPACE/DATASETS/CodecFake/train/F01_SSB08870242.wav,1
/USERSPACE/DATASETS/CodecFake/train/F01_SSB03420034.wav,1
/USERSPACE/DATASETS/CodecFake/train/F01_SSB12180387.wav,1
/USERSPACE/DATASETS/CodecFake/train/F01_SSB05390126.wav,1
/USERSPACE/DATASETS/CodecFake/train/F01_SSB18280121.wav,1
/USERSPACE/DATASETS/CodecFake/train/F01_SSB07020392.wav,1
/USERSPACE/DATASETS/CodecFake/train/F01_SSB18060370.wav,1
/USERSPACE/DATASETS/CodecFake/train/F01_p335_159.wav,1
/USERSPACE/DATASETS/CodecFake/train/F01_SSB06290168.wav,1
/USERSPACE/DATASETS/CodecFake/train/F01_SSB03090240.wav,1
/USERSPACE/DATASETS/CodecFake/train/F01_SSB00330001.wav,1
/USERSPACE/DATASETS/CodecFake/train/F01_SSB15850053.wav,1
/USERSPACE/DATASETS/CodecFake/train/F01_p246_173.wav,1
/USERSPACE/DATASETS/CodecFake/train/F01_SSB07100267.wav,1
/USERSPACE/DATASETS/CodecFake/train/F01_SSB04340169.wav,1
/USERSPACE/DATASETS/CodecFake/train/F01_SSB00090262.wav,1
/USERSPACE/DATASETS/CodecFake/train/F01_p272_013.wav,1
/USERSPACE/DATASETS/CodecFake/train/F01_p310_402.wav,1
/USERSPACE/DATASETS/CodecFake/train/F01_SSB13200232.wav,1
/USERSPACE/DATASETS/CodecFake/train/F01_SSB16500262.wav,1
/USERSPACE/DATASETS/CodecFake/train/F01_SSB06230041.wav,1
/USERSPACE/DATASETS/CodecFake/train/F01_SSB19560250.wav,1
/USERSPACE/DATASETS/CodecFake/train/F01_p246_013.wav,1
/USERSPACE/DATASETS/CodecFake/train/F01_SSB13280034.wav,1
/USERSPACE/DATASETS/CodecFake/train/F01_SSB03390293.wav,1
/USERSPACE/DATASETS/CodecFake/train/F01_SSB00330252.wav,1
/USERSPACE/DATASETS/CodecFake/train/F01_p250_370.wav,1
/USERSPACE/DATASETS/CodecFake/train/F01_p339_150.wav,1
/USERSPACE/DATASETS/CodecFake/train/F01_p244_269.wav,1
/USERSPACE/DATASETS/CodecFake/train/F01_SSB00180465.wav,1
/USERSPACE/DATASETS/CodecFake/train/F01_SSB15670373.wav,1
/USERSPACE/DATASETS/CodecFake/train/F01_SSB18910393.wav,1
/USERSPACE/DATASETS/CodecFake/train/F01_SSB13220281.wav,1
/USERSPACE/DATASETS/CodecFake/train/F01_SSB12740442.wav,1
/USERSPACE/DATASETS/CodecFake/train/F01_SSB06090038.wav,1
/USERSPACE/DATASETS/CodecFake/train/F01_SSB03070266.wav,1
/USERSPACE/DATASETS/CodecFake/train/F01_p314_026.wav,1
/USERSPACE/DATASETS/CodecFake/train/F01_p276_253.wav,1
/USERSPACE/DATASETS/CodecFake/train/F01_p339_131.wav,1
/USERSPACE/DATASETS/CodecFake/train/F01_SSB02460080.wav,1
/USERSPACE/DATASETS/CodecFake/train/F01_p255_337.wav,1
/USERSPACE/DATASETS/CodecFake/train/F01_SSB12030455.wav,1
/USERSPACE/DATASETS/CodecFake/train/F01_SSB13400244.wav,1
/USERSPACE/DATASETS/CodecFake/train/F01_SSB16860428.wav,1
/USERSPACE/DATASETS/CodecFake/train/F01_SSB04070083.wav,1
/USERSPACE/DATASETS/CodecFake/train/F01_SSB14520357.wav,1
/USERSPACE/DATASETS/CodecFake/train/F01_p245_042.wav,1
/USERSPACE/DATASETS/CodecFake/train/F01_SSB01450206.wav,1
/USERSPACE/DATASETS/CodecFake/train/F01_SSB03850401.wav,1
/USERSPACE/DATASETS/CodecFake/train/F01_SSB02730446.wav,1
/USERSPACE/DATASETS/CodecFake/train/F01_SSB01970450.wav,1
/USERSPACE/DATASETS/CodecFake/train/F01_SSB08220148.wav,1
/USERSPACE/DATASETS/CodecFake/train/F01_SSB16990180.wav,1
/USERSPACE/DATASETS/CodecFake/train/F01_p254_227.wav,1
/USERSPACE/DATASETS/CodecFake/train/F01_SSB03230069.wav,1
/USERSPACE/DATASETS/CodecFake/train/F01_SSB05340291.wav,1
/USERSPACE/DATASETS/CodecFake/train/F01_SSB13020015.wav,1
/USERSPACE/DATASETS/CodecFake/train/F01_SSB06070449.wav,1
/USERSPACE/DATASETS/CodecFake/train/F01_p318_348.wav,1
/USERSPACE/DATASETS/CodecFake/train/F01_SSB00330354.wav,1
/USERSPACE/DATASETS/CodecFake/train/F01_SSB11250018.wav,1
/USERSPACE/DATASETS/CodecFake/train/F01_p307_197.wav,1
/USERSPACE/DATASETS/CodecFake/train/F01_p305_015.wav,1
/USERSPACE/DATASETS/CodecFake/train/F01_SSB03390466.wav,1
/USERSPACE/DATASETS/CodecFake/train/F01_SSB00090138.wav,1
/USERSPACE/DATASETS/CodecFake/train/F01_p362_322.wav,1
/USERSPACE/DATASETS/CodecFake/train/F01_SSB03380187.wav,1
/USERSPACE/DATASETS/CodecFake/train/F01_p278_273.wav,1
/USERSPACE/DATASETS/CodecFake/train/F01_SSB05650223.wav,1
/USERSPACE/DATASETS/CodecFake/train/F01_SSB12030434.wav,1
/USERSPACE/DATASETS/CodecFake/train/F01_p263_169.wav,1
/USERSPACE/DATASETS/CodecFake/train/F01_SSB09930141.wav,1
/USERSPACE/DATASETS/CodecFake/train/F01_p279_153.wav,1
/USERSPACE/DATASETS/CodecFake/train/F01_SSB10020071.wav,1
/USERSPACE/DATASETS/CodecFake/train/F01_SSB03930494.wav,1
/USERSPACE/DATASETS/CodecFake/train/F01_SSB19350364.wav,1
/USERSPACE/DATASETS/CodecFake/train/F01_SSB13820445.wav,1
/USERSPACE/DATASETS/CodecFake/train/F01_SSB07860271.wav,1
/USERSPACE/DATASETS/CodecFake/train/F01_SSB15670474.wav,1
/USERSPACE/DATASETS/CodecFake/train/F01_p376_029.wav,1
/USERSPACE/DATASETS/CodecFake/train/F01_SSB14080122.wav,1
/USERSPACE/DATASETS/CodecFake/train/F01_SSB09930497.wav,1
/USERSPACE/DATASETS/CodecFake/train/F01_p234_152.wav,1
/USERSPACE/DATASETS/CodecFake/train/F01_SSB02000187.wav,1
/USERSPACE/DATASETS/CodecFake/train/F01_p228_280.wav,1
/USERSPACE/DATASETS/CodecFake/train/F01_SSB13280078.wav,1
/USERSPACE/DATASETS/CodecFake/train/F01_p330_046.wav,1
/USERSPACE/DATASETS/CodecFake/train/F01_p230_145.wav,1
/USERSPACE/DATASETS/CodecFake/train/F01_SSB07620366.wav,1
/USERSPACE/DATASETS/CodecFake/train/F01_SSB02730031.wav,1
/USERSPACE/DATASETS/CodecFake/train/F01_p272_017.wav,1
/USERSPACE/DATASETS/CodecFake/train/F01_SSB02880246.wav,1
/USERSPACE/DATASETS/CodecFake/train/F01_SSB04260430.wav,1
/USERSPACE/DATASETS/CodecFake/train/F01_SSB13820356.wav,1
/USERSPACE/DATASETS/CodecFake/train/F01_SSB13660349.wav,1
/USERSPACE/DATASETS/CodecFake/train/F01_p340_082.wav,1
/USERSPACE/DATASETS/CodecFake/train/F01_SSB05700210.wav,1
/USERSPACE/DATASETS/CodecFake/train/F01_SSB03750193.wav,1
/USERSPACE/DATASETS/CodecFake/train/F01_p376_138.wav,1
/USERSPACE/DATASETS/CodecFake/train/F01_SSB09870146.wav,1
/USERSPACE/DATASETS/CodecFake/train/F01_p281_226.wav,1
/USERSPACE/DATASETS/CodecFake/train/F01_SSB06140365.wav,1
/USERSPACE/DATASETS/CodecFake/train/F01_SSB12530091.wav,1
/USERSPACE/DATASETS/CodecFake/train/F01_SSB10960363.wav,1
/USERSPACE/DATASETS/CodecFake/train/F01_p340_288.wav,1
/USERSPACE/DATASETS/CodecFake/train/F01_SSB06310046.wav,1
/USERSPACE/DATASETS/CodecFake/train/F01_p307_187.wav,1
/USERSPACE/DATASETS/CodecFake/train/F01_SSB03940042.wav,1
/USERSPACE/DATASETS/CodecFake/train/F01_p227_011.wav,1
/USERSPACE/DATASETS/CodecFake/train/F01_SSB09870201.wav,1
/USERSPACE/DATASETS/CodecFake/train/F01_p302_077.wav,1
/USERSPACE/DATASETS/CodecFake/train/F01_SSB16700170.wav,1
/USERSPACE/DATASETS/CodecFake/train/F01_p237_092.wav,1
/USERSPACE/DATASETS/CodecFake/train/F01_SSB02610271.wav,1
/USERSPACE/DATASETS/CodecFake/train/F01_SSB12740180.wav,1
/USERSPACE/DATASETS/CodecFake/train/F01_SSB07110089.wav,1
/USERSPACE/DATASETS/CodecFake/train/F01_p318_024.wav,1
/USERSPACE/DATASETS/CodecFake/train/F01_p227_310.wav,1
/USERSPACE/DATASETS/CodecFake/train/F01_SSB07510325.wav,1
/USERSPACE/DATASETS/CodecFake/train/F01_SSB17110042.wav,1
/USERSPACE/DATASETS/CodecFake/train/F01_p336_111.wav,1
/USERSPACE/DATASETS/CodecFake/train/F01_p252_284.wav,1
/USERSPACE/DATASETS/CodecFake/train/F01_SSB03950444.wav,1
/USERSPACE/DATASETS/CodecFake/train/F01_p259_174.wav,1
/USERSPACE/DATASETS/CodecFake/train/F01_SSB11080389.wav,1
/USERSPACE/DATASETS/CodecFake/train/F01_SSB06710263.wav,1
/USERSPACE/DATASETS/CodecFake/train/F01_SSB02670457.wav,1
/USERSPACE/DATASETS/CodecFake/train/F01_SSB00180197.wav,1
/USERSPACE/DATASETS/CodecFake/train/F01_SSB11250351.wav,1
/USERSPACE/DATASETS/CodecFake/train/F01_SSB06310277.wav,1
/USERSPACE/DATASETS/CodecFake/train/F01_SSB14570237.wav,1
/USERSPACE/DATASETS/CodecFake/train/F01_SSB08090354.wav,1
/USERSPACE/DATASETS/CodecFake/train/F01_p260_117.wav,1
/USERSPACE/DATASETS/CodecFake/train/F01_SSB06030272.wav,1
/USERSPACE/DATASETS/CodecFake/train/F01_SSB05940123.wav,1
/USERSPACE/DATASETS/CodecFake/train/F01_SSB19560427.wav,1
/USERSPACE/DATASETS/CodecFake/train/F01_SSB03540121.wav,1
/USERSPACE/DATASETS/CodecFake/train/F01_p283_256.wav,1
/USERSPACE/DATASETS/CodecFake/train/F01_p336_281.wav,1
/USERSPACE/DATASETS/CodecFake/train/F01_SSB06320347.wav,1
/USERSPACE/DATASETS/CodecFake/train/F01_SSB02670104.wav,1
/USERSPACE/DATASETS/CodecFake/train/F01_p280_030.wav,1
/USERSPACE/DATASETS/CodecFake/train/F01_SSB10240077.wav,1
/USERSPACE/DATASETS/CodecFake/train/F01_SSB18320038.wav,1
/USERSPACE/DATASETS/CodecFake/train/F01_p228_293.wav,1
/USERSPACE/DATASETS/CodecFake/train/F01_p361_183.wav,1
/USERSPACE/DATASETS/CodecFake/train/F01_SSB07160303.wav,1
/USERSPACE/DATASETS/CodecFake/train/F01_p275_205.wav,1
/USERSPACE/DATASETS/CodecFake/train/F01_SSB09870352.wav,1
/USERSPACE/DATASETS/CodecFake/train/F01_p266_394.wav,1
/USERSPACE/DATASETS/CodecFake/train/F01_p225_218.wav,1
/USERSPACE/DATASETS/CodecFake/train/F01_SSB18280145.wav,1
/USERSPACE/DATASETS/CodecFake/train/F01_SSB00050461.wav,1
/USERSPACE/DATASETS/CodecFake/train/F01_SSB09190013.wav,1
/USERSPACE/DATASETS/CodecFake/train/F01_p239_213.wav,1
/USERSPACE/DATASETS/CodecFake/train/F01_SSB06930121.wav,1
/USERSPACE/DATASETS/CodecFake/train/F01_SSB18370368.wav,1
/USERSPACE/DATASETS/CodecFake/train/F01_p238_430.wav,1
/USERSPACE/DATASETS/CodecFake/train/F01_SSB06310465.wav,1
/USERSPACE/DATASETS/CodecFake/train/F01_SSB09660437.wav,1
/USERSPACE/DATASETS/CodecFake/train/F01_p248_375.wav,1
/USERSPACE/DATASETS/CodecFake/train/F01_SSB08710332.wav,1
/USERSPACE/DATASETS/CodecFake/train/F01_p329_367.wav,1
/USERSPACE/DATASETS/CodecFake/train/F01_p253_308.wav,1
/USERSPACE/DATASETS/CodecFake/train/F01_SSB02870032.wav,1
/USERSPACE/DATASETS/CodecFake/train/F01_SSB13650246.wav,1
/USERSPACE/DATASETS/CodecFake/train/F01_p254_276.wav,1
/USERSPACE/DATASETS/CodecFake/train/F01_p283_418.wav,1
/USERSPACE/DATASETS/CodecFake/train/F01_SSB06660131.wav,1
/USERSPACE/DATASETS/CodecFake/train/F01_SSB03390048.wav,1
/USERSPACE/DATASETS/CodecFake/train/F01_p364_189.wav,1
/USERSPACE/DATASETS/CodecFake/train/F01_SSB07490071.wav,1
/USERSPACE/DATASETS/CodecFake/train/F01_p312_341.wav,1
/USERSPACE/DATASETS/CodecFake/train/F01_SSB07360037.wav,1
/USERSPACE/DATASETS/CodecFake/train/F01_SSB07110138.wav,1
/USERSPACE/DATASETS/CodecFake/train/F01_SSB15670456.wav,1
/USERSPACE/DATASETS/CodecFake/train/F01_p336_027.wav,1
/USERSPACE/DATASETS/CodecFake/train/F01_SSB04350128.wav,1
/USERSPACE/DATASETS/CodecFake/train/F01_SSB11380173.wav,1
/USERSPACE/DATASETS/CodecFake/train/F01_p303_048.wav,1
/USERSPACE/DATASETS/CodecFake/train/F01_SSB01490462.wav,1
/USERSPACE/DATASETS/CodecFake/train/F01_p360_021.wav,1
/USERSPACE/DATASETS/CodecFake/train/F01_p288_002.wav,1
/USERSPACE/DATASETS/CodecFake/train/F01_SSB13770406.wav,1
/USERSPACE/DATASETS/CodecFake/train/F01_p274_237.wav,1
/USERSPACE/DATASETS/CodecFake/train/F01_SSB10550072.wav,1
/USERSPACE/DATASETS/CodecFake/train/F01_SSB15930029.wav,1
/USERSPACE/DATASETS/CodecFake/train/F01_SSB07000048.wav,1
/USERSPACE/DATASETS/CodecFake/train/F01_SSB06010120.wav,1
/USERSPACE/DATASETS/CodecFake/train/F01_SSB07860296.wav,1
/USERSPACE/DATASETS/CodecFake/train/F01_SSB11870326.wav,1
/USERSPACE/DATASETS/CodecFake/train/F01_p225_315.wav,1
/USERSPACE/DATASETS/CodecFake/train/F01_SSB12150464.wav,1
/USERSPACE/DATASETS/CodecFake/train/F01_SSB12740279.wav,1
/USERSPACE/DATASETS/CodecFake/train/F01_SSB09130110.wav,1
/USERSPACE/DATASETS/CodecFake/train/F01_SSB04260081.wav,1
/USERSPACE/DATASETS/CodecFake/train/F01_SSB07840451.wav,1
/USERSPACE/DATASETS/CodecFake/train/F01_p347_072.wav,1
/USERSPACE/DATASETS/CodecFake/train/F01_SSB00380005.wav,1
/USERSPACE/DATASETS/CodecFake/train/F01_p238_411.wav,1
/USERSPACE/DATASETS/CodecFake/train/F01_p335_280.wav,1
/USERSPACE/DATASETS/CodecFake/train/F01_SSB17810230.wav,1
/USERSPACE/DATASETS/CodecFake/train/F01_SSB06010007.wav,1
/USERSPACE/DATASETS/CodecFake/train/F01_p295_296.wav,1
/USERSPACE/DATASETS/CodecFake/train/F01_SSB07860262.wav,1
/USERSPACE/DATASETS/CodecFake/train/F01_SSB04150250.wav,1
/USERSPACE/DATASETS/CodecFake/train/F01_SSB12740255.wav,1
/USERSPACE/DATASETS/CodecFake/train/F01_SSB06680043.wav,1
/USERSPACE/DATASETS/CodecFake/train/F01_SSB16250143.wav,1
/USERSPACE/DATASETS/CodecFake/train/F01_SSB02410051.wav,1
/USERSPACE/DATASETS/CodecFake/train/F01_SSB04700236.wav,1
/USERSPACE/DATASETS/CodecFake/train/F01_SSB08870043.wav,1
/USERSPACE/DATASETS/CodecFake/train/F01_SSB09970234.wav,1
/USERSPACE/DATASETS/CodecFake/train/F01_SSB07490161.wav,1
/USERSPACE/DATASETS/CodecFake/train/F01_p312_236.wav,1
/USERSPACE/DATASETS/CodecFake/train/F01_p250_036.wav,1
/USERSPACE/DATASETS/CodecFake/train/F01_SSB10550377.wav,1
/USERSPACE/DATASETS/CodecFake/train/F01_SSB06710329.wav,1
/USERSPACE/DATASETS/CodecFake/train/F01_p308_082.wav,1
/USERSPACE/DATASETS/CodecFake/train/F01_SSB04150028.wav,1
/USERSPACE/DATASETS/CodecFake/train/F01_SSB03820066.wav,1
/USERSPACE/DATASETS/CodecFake/train/F01_SSB18630053.wav,1
/USERSPACE/DATASETS/CodecFake/train/F01_p254_008.wav,1
/USERSPACE/DATASETS/CodecFake/train/F01_SSB15750479.wav,1
/USERSPACE/DATASETS/CodecFake/train/F01_SSB07230383.wav,1
/USERSPACE/DATASETS/CodecFake/train/F01_SSB07780041.wav,1
/USERSPACE/DATASETS/CodecFake/train/F01_SSB09660157.wav,1
/USERSPACE/DATASETS/CodecFake/train/F01_SSB12180434.wav,1
/USERSPACE/DATASETS/CodecFake/train/F01_p304_131.wav,1
/USERSPACE/DATASETS/CodecFake/train/F01_SSB04340091.wav,1
/USERSPACE/DATASETS/CodecFake/train/F01_p248_012.wav,1
/USERSPACE/DATASETS/CodecFake/train/F01_SSB07200173.wav,1
/USERSPACE/DATASETS/CodecFake/train/F01_SSB03950402.wav,1
/USERSPACE/DATASETS/CodecFake/train/F01_p304_161.wav,1
/USERSPACE/DATASETS/CodecFake/train/F01_p333_028.wav,1
/USERSPACE/DATASETS/CodecFake/train/F01_SSB15750508.wav,1
/USERSPACE/DATASETS/CodecFake/train/F01_p269_111.wav,1
/USERSPACE/DATASETS/CodecFake/train/F01_p308_064.wav,1
/USERSPACE/DATASETS/CodecFake/train/F01_SSB07580033.wav,1
/USERSPACE/DATASETS/CodecFake/train/F01_SSB01970114.wav,1
/USERSPACE/DATASETS/CodecFake/train/F01_p240_141.wav,1
/USERSPACE/DATASETS/CodecFake/train/F01_p250_211.wav,1
/USERSPACE/DATASETS/CodecFake/train/F01_p229_335.wav,1
/USERSPACE/DATASETS/CodecFake/train/F01_SSB07510329.wav,1
/USERSPACE/DATASETS/CodecFake/train/F01_SSB05880212.wav,1
/USERSPACE/DATASETS/CodecFake/train/F01_SSB09930059.wav,1
/USERSPACE/DATASETS/CodecFake/train/F01_SSB13930276.wav,1
/USERSPACE/DATASETS/CodecFake/train/F01_SSB13280110.wav,1
/USERSPACE/DATASETS/CodecFake/train/F01_SSB00120099.wav,1
/USERSPACE/DATASETS/CodecFake/train/F01_SSB02730315.wav,1
/USERSPACE/DATASETS/CodecFake/train/F01_SSB17390018.wav,1
/USERSPACE/DATASETS/CodecFake/train/F01_SSB04260280.wav,1
/USERSPACE/DATASETS/CodecFake/train/F01_p281_248.wav,1
/USERSPACE/DATASETS/CodecFake/train/F01_SSB06230353.wav,1
/USERSPACE/DATASETS/CodecFake/train/F01_SSB06060277.wav,1
/USERSPACE/DATASETS/CodecFake/train/F01_SSB03790228.wav,1
/USERSPACE/DATASETS/CodecFake/train/F01_SSB15670344.wav,1
/USERSPACE/DATASETS/CodecFake/train/F01_p278_409.wav,1
/USERSPACE/DATASETS/CodecFake/train/F01_p333_173.wav,1
/USERSPACE/DATASETS/CodecFake/train/F01_SSB06070122.wav,1
/USERSPACE/DATASETS/CodecFake/train/F01_SSB00050300.wav,1
/USERSPACE/DATASETS/CodecFake/train/F01_p333_414.wav,1
/USERSPACE/DATASETS/CodecFake/train/F01_SSB10010386.wav,1
/USERSPACE/DATASETS/CodecFake/train/F01_p265_267.wav,1
/USERSPACE/DATASETS/CodecFake/train/F01_SSB10080201.wav,1
/USERSPACE/DATASETS/CodecFake/train/F01_SSB07460028.wav,1
/USERSPACE/DATASETS/CodecFake/train/F01_p293_010.wav,1
/USERSPACE/DATASETS/CodecFake/train/F01_p363_283.wav,1
/USERSPACE/DATASETS/CodecFake/train/F01_SSB01220078.wav,1
/USERSPACE/DATASETS/CodecFake/train/F01_SSB03230164.wav,1
/USERSPACE/DATASETS/CodecFake/train/F01_SSB18910352.wav,1
/USERSPACE/DATASETS/CodecFake/train/F01_p265_119.wav,1
/USERSPACE/DATASETS/CodecFake/train/F01_SSB01450212.wav,1
/USERSPACE/DATASETS/CodecFake/train/F01_SSB05780370.wav,1
/USERSPACE/DATASETS/CodecFake/train/F01_SSB07800465.wav,1
/USERSPACE/DATASETS/CodecFake/train/F01_SSB05340038.wav,1
/USERSPACE/DATASETS/CodecFake/train/F01_SSB06680464.wav,1
/USERSPACE/DATASETS/CodecFake/train/F01_SSB12040009.wav,1
/USERSPACE/DATASETS/CodecFake/train/F01_SSB05700432.wav,1
/USERSPACE/DATASETS/CodecFake/train/F01_SSB13650241.wav,1
/USERSPACE/DATASETS/CodecFake/train/F01_SSB00090426.wav,1
/USERSPACE/DATASETS/CodecFake/train/F01_SSB00110063.wav,1
/USERSPACE/DATASETS/CodecFake/train/F01_p302_081.wav,1
/USERSPACE/DATASETS/CodecFake/train/F01_SSB13280347.wav,1
/USERSPACE/DATASETS/CodecFake/train/F01_SSB03160304.wav,1
/USERSPACE/DATASETS/CodecFake/train/F01_SSB05020387.wav,1
/USERSPACE/DATASETS/CodecFake/train/F01_SSB01330142.wav,1
/USERSPACE/DATASETS/CodecFake/train/F01_p275_162.wav,1
/USERSPACE/DATASETS/CodecFake/train/F01_SSB16240049.wav,1
/USERSPACE/DATASETS/CodecFake/train/F01_p318_030.wav,1
/USERSPACE/DATASETS/CodecFake/train/F01_p266_277.wav,1
/USERSPACE/DATASETS/CodecFake/train/F01_p234_246.wav,1
/USERSPACE/DATASETS/CodecFake/train/F01_SSB04340197.wav,1
/USERSPACE/DATASETS/CodecFake/train/F01_SSB03090202.wav,1
/USERSPACE/DATASETS/CodecFake/train/F01_SSB03950107.wav,1
/USERSPACE/DATASETS/CodecFake/train/F01_SSB07860333.wav,1
/USERSPACE/DATASETS/CodecFake/train/F01_SSB11760194.wav,1
/USERSPACE/DATASETS/CodecFake/train/F01_p230_371.wav,1
/USERSPACE/DATASETS/CodecFake/train/F01_SSB01930215.wav,1
/USERSPACE/DATASETS/CodecFake/train/F01_SSB17810090.wav,1
/USERSPACE/DATASETS/CodecFake/train/F01_p364_044.wav,1
/USERSPACE/DATASETS/CodecFake/train/F01_SSB16240102.wav,1
/USERSPACE/DATASETS/CodecFake/train/F01_SSB11100446.wav,1
/USERSPACE/DATASETS/CodecFake/train/F01_SSB06710422.wav,1
/USERSPACE/DATASETS/CodecFake/train/F01_SSB05390179.wav,1
/USERSPACE/DATASETS/CodecFake/train/F01_SSB06290083.wav,1
/USERSPACE/DATASETS/CodecFake/train/F01_SSB11250255.wav,1
/USERSPACE/DATASETS/CodecFake/train/F01_SSB00160241.wav,1
/USERSPACE/DATASETS/CodecFake/train/F01_SSB08870412.wav,1
/USERSPACE/DATASETS/CodecFake/train/F01_SSB15630490.wav,1
/USERSPACE/DATASETS/CodecFake/train/F01_p257_182.wav,1
/USERSPACE/DATASETS/CodecFake/train/F01_p229_391.wav,1
/USERSPACE/DATASETS/CodecFake/train/F01_SSB07480303.wav,1
/USERSPACE/DATASETS/CodecFake/train/F01_SSB03230362.wav,1
/USERSPACE/DATASETS/CodecFake/train/F01_SSB04150110.wav,1
/USERSPACE/DATASETS/CodecFake/train/F01_SSB12390173.wav,1
/USERSPACE/DATASETS/CodecFake/train/F01_SSB03420078.wav,1
/USERSPACE/DATASETS/CodecFake/train/F01_p237_348.wav,1
/USERSPACE/DATASETS/CodecFake/train/F01_p297_172.wav,1
/USERSPACE/DATASETS/CodecFake/train/F01_SSB03410219.wav,1
/USERSPACE/DATASETS/CodecFake/train/F01_p361_215.wav,1
/USERSPACE/DATASETS/CodecFake/train/F01_p323_261.wav,1
/USERSPACE/DATASETS/CodecFake/train/F01_SSB05020031.wav,1
/USERSPACE/DATASETS/CodecFake/train/F01_SSB07460244.wav,1
/USERSPACE/DATASETS/CodecFake/train/F01_SSB11150162.wav,1
/USERSPACE/DATASETS/CodecFake/train/F01_SSB06060387.wav,1
/USERSPACE/DATASETS/CodecFake/train/F01_SSB18910201.wav,1
/USERSPACE/DATASETS/CodecFake/train/F01_SSB10240288.wav,1
/USERSPACE/DATASETS/CodecFake/train/F01_SSB05990214.wav,1
/USERSPACE/DATASETS/CodecFake/train/F01_SSB15670387.wav,1
/USERSPACE/DATASETS/CodecFake/train/F01_SSB17110246.wav,1
/USERSPACE/DATASETS/CodecFake/train/F01_SSB16240438.wav,1
/USERSPACE/DATASETS/CodecFake/train/F01_SSB16070257.wav,1
/USERSPACE/DATASETS/CodecFake/train/F01_SSB06310371.wav,1
/USERSPACE/DATASETS/CodecFake/train/F01_p345_016.wav,1
/USERSPACE/DATASETS/CodecFake/train/F01_SSB00800359.wav,1
/USERSPACE/DATASETS/CodecFake/train/F01_SSB04820127.wav,1
/USERSPACE/DATASETS/CodecFake/train/F01_SSB03420165.wav,1
/USERSPACE/DATASETS/CodecFake/train/F01_SSB18310053.wav,1
/USERSPACE/DATASETS/CodecFake/train/F01_p258_008.wav,1
/USERSPACE/DATASETS/CodecFake/train/F01_SSB07600272.wav,1
/USERSPACE/DATASETS/CodecFake/train/F01_p281_052.wav,1
/USERSPACE/DATASETS/CodecFake/train/F01_SSB12160183.wav,1
/USERSPACE/DATASETS/CodecFake/train/F01_SSB18280185.wav,1
/USERSPACE/DATASETS/CodecFake/train/F01_SSB03750211.wav,1
/USERSPACE/DATASETS/CodecFake/train/F01_p364_104.wav,1
/USERSPACE/DATASETS/CodecFake/train/F01_SSB03930035.wav,1
/USERSPACE/DATASETS/CodecFake/train/F01_p295_291.wav,1
/USERSPACE/DATASETS/CodecFake/train/F01_SSB01930474.wav,1
/USERSPACE/DATASETS/CodecFake/train/F01_SSB08510410.wav,1
/USERSPACE/DATASETS/CodecFake/train/F01_p347_358.wav,1
/USERSPACE/DATASETS/CodecFake/train/F01_SSB06930371.wav,1
/USERSPACE/DATASETS/CodecFake/train/F01_SSB03160107.wav,1
/USERSPACE/DATASETS/CodecFake/train/F01_SSB03410419.wav,1
/USERSPACE/DATASETS/CodecFake/train/F01_SSB02670349.wav,1
/USERSPACE/DATASETS/CodecFake/train/F01_SSB10960370.wav,1
/USERSPACE/DATASETS/CodecFake/train/F01_SSB17280479.wav,1
/USERSPACE/DATASETS/CodecFake/train/F01_SSB11080040.wav,1
/USERSPACE/DATASETS/CodecFake/train/F01_SSB07020390.wav,1
/USERSPACE/DATASETS/CodecFake/train/F01_p269_071.wav,1
/USERSPACE/DATASETS/CodecFake/train/F01_SSB01390083.wav,1
/USERSPACE/DATASETS/CodecFake/train/F01_p252_016.wav,1
/USERSPACE/DATASETS/CodecFake/train/F01_SSB10720261.wav,1
/USERSPACE/DATASETS/CodecFake/train/F01_p278_350.wav,1
/USERSPACE/DATASETS/CodecFake/train/F01_SSB14520156.wav,1
/USERSPACE/DATASETS/CodecFake/train/F01_SSB12040131.wav,1
/USERSPACE/DATASETS/CodecFake/train/F01_p287_105.wav,1
/USERSPACE/DATASETS/CodecFake/train/F01_SSB03950370.wav,1
/USERSPACE/DATASETS/CodecFake/train/F01_SSB04350021.wav,1
/USERSPACE/DATASETS/CodecFake/train/F01_p363_382.wav,1
/USERSPACE/DATASETS/CodecFake/train/F01_SSB13220119.wav,1
/USERSPACE/DATASETS/CodecFake/train/F01_SSB05900403.wav,1
/USERSPACE/DATASETS/CodecFake/train/F01_SSB14480139.wav,1
/USERSPACE/DATASETS/CodecFake/train/F01_SSB02990346.wav,1
/USERSPACE/DATASETS/CodecFake/train/F01_p284_240.wav,1
/USERSPACE/DATASETS/CodecFake/train/F01_SSB11360147.wav,1
/USERSPACE/DATASETS/CodecFake/train/F01_SSB11380019.wav,1
/USERSPACE/DATASETS/CodecFake/train/F01_SSB03850262.wav,1
/USERSPACE/DATASETS/CodecFake/train/F01_SSB05650222.wav,1
/USERSPACE/DATASETS/CodecFake/train/F01_SSB11350271.wav,1
/USERSPACE/DATASETS/CodecFake/train/F01_SSB07020379.wav,1
/USERSPACE/DATASETS/CodecFake/train/F01_p272_136.wav,1
/USERSPACE/DATASETS/CodecFake/train/F01_p329_246.wav,1
/USERSPACE/DATASETS/CodecFake/train/F01_p261_155.wav,1
/USERSPACE/DATASETS/CodecFake/train/F01_SSB07200130.wav,1
/USERSPACE/DATASETS/CodecFake/train/F01_SSB02730052.wav,1
/USERSPACE/DATASETS/CodecFake/train/F01_SSB06320066.wav,1
/USERSPACE/DATASETS/CodecFake/train/F01_p284_295.wav,1
/USERSPACE/DATASETS/CodecFake/train/F01_SSB05440382.wav,1
/USERSPACE/DATASETS/CodecFake/train/F01_SSB07780445.wav,1
/USERSPACE/DATASETS/CodecFake/train/F01_SSB10910287.wav,1
/USERSPACE/DATASETS/CodecFake/train/F01_SSB05390098.wav,1
/USERSPACE/DATASETS/CodecFake/train/F01_SSB06660008.wav,1
/USERSPACE/DATASETS/CodecFake/train/F01_SSB16070400.wav,1
/USERSPACE/DATASETS/CodecFake/train/F01_SSB03090013.wav,1
/USERSPACE/DATASETS/CodecFake/train/F01_p277_012.wav,1
/USERSPACE/DATASETS/CodecFake/train/F01_SSB16700403.wav,1
/USERSPACE/DATASETS/CodecFake/train/F01_SSB07840329.wav,1
/USERSPACE/DATASETS/CodecFake/train/F01_SSB18910118.wav,1
/USERSPACE/DATASETS/CodecFake/train/F01_SSB15670101.wav,1
/USERSPACE/DATASETS/CodecFake/train/F01_p243_176.wav,1
/USERSPACE/DATASETS/CodecFake/train/F01_SSB07860066.wav,1
/USERSPACE/DATASETS/CodecFake/train/F01_SSB18720049.wav,1
/USERSPACE/DATASETS/CodecFake/train/F01_p297_145.wav,1
/USERSPACE/DATASETS/CodecFake/train/F01_p336_418.wav,1
/USERSPACE/DATASETS/CodecFake/train/F01_p276_084.wav,1
/USERSPACE/DATASETS/CodecFake/train/F01_p330_262.wav,1
/USERSPACE/DATASETS/CodecFake/train/F01_SSB18630209.wav,1
/USERSPACE/DATASETS/CodecFake/train/F01_SSB11760143.wav,1
/USERSPACE/DATASETS/CodecFake/train/F01_p238_102.wav,1
/USERSPACE/DATASETS/CodecFake/train/F01_SSB11360032.wav,1
/USERSPACE/DATASETS/CodecFake/train/F01_SSB00730399.wav,1
/USERSPACE/DATASETS/CodecFake/train/F01_SSB02880265.wav,1
/USERSPACE/DATASETS/CodecFake/train/F01_SSB16250357.wav,1
/USERSPACE/DATASETS/CodecFake/train/F01_SSB02670371.wav,1
/USERSPACE/DATASETS/CodecFake/train/F01_SSB12740298.wav,1
/USERSPACE/DATASETS/CodecFake/train/F01_p259_356.wav,1
/USERSPACE/DATASETS/CodecFake/train/F01_SSB11150051.wav,1
/USERSPACE/DATASETS/CodecFake/train/F01_p293_228.wav,1
/USERSPACE/DATASETS/CodecFake/train/F01_SSB02460276.wav,1
/USERSPACE/DATASETS/CodecFake/train/F01_SSB13200391.wav,1
/USERSPACE/DATASETS/CodecFake/train/F01_SSB07360414.wav,1
/USERSPACE/DATASETS/CodecFake/train/F01_p341_236.wav,1
/USERSPACE/DATASETS/CodecFake/train/F01_SSB18280408.wav,1
/USERSPACE/DATASETS/CodecFake/train/F01_SSB18280285.wav,1
/USERSPACE/DATASETS/CodecFake/train/F01_SSB04270410.wav,1
/USERSPACE/DATASETS/CodecFake/train/F01_SSB11380300.wav,1
/USERSPACE/DATASETS/CodecFake/train/F01_SSB00090115.wav,1
/USERSPACE/DATASETS/CodecFake/train/F01_SSB11250083.wav,1
/USERSPACE/DATASETS/CodecFake/train/F01_SSB19020185.wav,1
/USERSPACE/DATASETS/CodecFake/train/F01_SSB06060130.wav,1
/USERSPACE/DATASETS/CodecFake/train/F01_p243_327.wav,1
/USERSPACE/DATASETS/CodecFake/train/F01_SSB00330082.wav,1
/USERSPACE/DATASETS/CodecFake/train/F01_SSB06140407.wav,1
/USERSPACE/DATASETS/CodecFake/train/F01_p234_142.wav,1
/USERSPACE/DATASETS/CodecFake/train/F01_SSB13200503.wav,1
/USERSPACE/DATASETS/CodecFake/train/F01_p335_318.wav,1
/USERSPACE/DATASETS/CodecFake/train/F01_p256_302.wav,1
/USERSPACE/DATASETS/CodecFake/train/F01_SSB06290135.wav,1
/USERSPACE/DATASETS/CodecFake/train/F01_SSB03160440.wav,1
/USERSPACE/DATASETS/CodecFake/train/F01_p259_359.wav,1
/USERSPACE/DATASETS/CodecFake/train/F01_SSB15930436.wav,1
/USERSPACE/DATASETS/CodecFake/train/F01_p329_295.wav,1
/USERSPACE/DATASETS/CodecFake/train/F01_SSB18320199.wav,1
/USERSPACE/DATASETS/CodecFake/train/F01_p287_176.wav,1
/USERSPACE/DATASETS/CodecFake/train/F01_SSB11000477.wav,1
/USERSPACE/DATASETS/CodecFake/train/F01_p374_018.wav,1
/USERSPACE/DATASETS/CodecFake/train/F01_p326_278.wav,1
/USERSPACE/DATASETS/CodecFake/train/F01_SSB18780486.wav,1
/USERSPACE/DATASETS/CodecFake/train/F01_p280_268.wav,1
/USERSPACE/DATASETS/CodecFake/train/F01_SSB11000059.wav,1
/USERSPACE/DATASETS/CodecFake/train/F01_p247_286.wav,1
/USERSPACE/DATASETS/CodecFake/train/F01_p247_085.wav,1
/USERSPACE/DATASETS/CodecFake/train/F01_SSB05020174.wav,1
/USERSPACE/DATASETS/CodecFake/train/F01_p227_203.wav,1
/USERSPACE/DATASETS/CodecFake/train/F01_p271_049.wav,1
/USERSPACE/DATASETS/CodecFake/train/F01_p229_181.wav,1
/USERSPACE/DATASETS/CodecFake/train/F01_p351_148.wav,1
/USERSPACE/DATASETS/CodecFake/train/F01_p276_423.wav,1
/USERSPACE/DATASETS/CodecFake/train/F01_SSB15850462.wav,1
/USERSPACE/DATASETS/CodecFake/train/F01_p257_030.wav,1
/USERSPACE/DATASETS/CodecFake/train/F01_SSB05390373.wav,1
/USERSPACE/DATASETS/CodecFake/train/F01_SSB03850046.wav,1
/USERSPACE/DATASETS/CodecFake/train/F01_p230_095.wav,1
/USERSPACE/DATASETS/CodecFake/train/F01_p308_090.wav,1
/USERSPACE/DATASETS/CodecFake/train/F01_SSB01330303.wav,1
/USERSPACE/DATASETS/CodecFake/train/F01_p362_417.wav,1
/USERSPACE/DATASETS/CodecFake/train/F01_p343_099.wav,1
/USERSPACE/DATASETS/CodecFake/train/F01_p303_085.wav,1
/USERSPACE/DATASETS/CodecFake/train/F01_SSB00090252.wav,1
/USERSPACE/DATASETS/CodecFake/train/F01_SSB02670180.wav,1
/USERSPACE/DATASETS/CodecFake/train/F01_SSB03410076.wav,1
/USERSPACE/DATASETS/CodecFake/train/F01_SSB03070360.wav,1
/USERSPACE/DATASETS/CodecFake/train/F01_SSB00160324.wav,1
/USERSPACE/DATASETS/CodecFake/train/F01_p362_107.wav,1
/USERSPACE/DATASETS/CodecFake/train/F01_p285_315.wav,1
/USERSPACE/DATASETS/CodecFake/train/F01_p343_197.wav,1
/USERSPACE/DATASETS/CodecFake/train/F01_p244_251.wav,1
/USERSPACE/DATASETS/CodecFake/train/F01_SSB18100117.wav,1
/USERSPACE/DATASETS/CodecFake/train/F01_SSB03950071.wav,1
/USERSPACE/DATASETS/CodecFake/train/F01_SSB12390276.wav,1
/USERSPACE/DATASETS/CodecFake/train/F01_p232_004.wav,1
/USERSPACE/DATASETS/CodecFake/train/F01_p268_359.wav,1
/USERSPACE/DATASETS/CodecFake/train/F01_p268_348.wav,1
/USERSPACE/DATASETS/CodecFake/train/F01_SSB04070138.wav,1
/USERSPACE/DATASETS/CodecFake/train/F01_SSB15750231.wav,1
/USERSPACE/DATASETS/CodecFake/train/F01_SSB08630006.wav,1
/USERSPACE/DATASETS/CodecFake/train/F01_p326_375.wav,1
/USERSPACE/DATASETS/CodecFake/train/F01_p329_388.wav,1
/USERSPACE/DATASETS/CodecFake/train/F01_SSB18630401.wav,1
/USERSPACE/DATASETS/CodecFake/train/F01_SSB16250224.wav,1
/USERSPACE/DATASETS/CodecFake/train/F01_p233_072.wav,1
/USERSPACE/DATASETS/CodecFake/train/F01_p261_410.wav,1
/USERSPACE/DATASETS/CodecFake/train/F01_p244_372.wav,1
/USERSPACE/DATASETS/CodecFake/train/F01_SSB14370207.wav,1
/USERSPACE/DATASETS/CodecFake/train/F01_p239_212.wav,1
/USERSPACE/DATASETS/CodecFake/train/F01_SSB04260147.wav,1
/USERSPACE/DATASETS/CodecFake/train/F01_p256_021.wav,1
/USERSPACE/DATASETS/CodecFake/train/F01_SSB01120082.wav,1
/USERSPACE/DATASETS/CodecFake/train/F01_p258_152.wav,1
/USERSPACE/DATASETS/CodecFake/train/F01_SSB14520406.wav,1
/USERSPACE/DATASETS/CodecFake/train/F01_SSB06680119.wav,1
/USERSPACE/DATASETS/CodecFake/train/F01_SSB05650404.wav,1
/USERSPACE/DATASETS/CodecFake/train/F01_SSB10200312.wav,1
/USERSPACE/DATASETS/CodecFake/train/F01_SSB19560356.wav,1
/USERSPACE/DATASETS/CodecFake/train/F01_p333_084.wav,1
/USERSPACE/DATASETS/CodecFake/train/F01_p259_181.wav,1
/USERSPACE/DATASETS/CodecFake/train/F01_p257_005.wav,1
/USERSPACE/DATASETS/CodecFake/train/F01_SSB08630066.wav,1
/USERSPACE/DATASETS/CodecFake/train/F01_SSB05650447.wav,1
/USERSPACE/DATASETS/CodecFake/train/F01_SSB10550256.wav,1
/USERSPACE/DATASETS/CodecFake/train/F01_SSB07510459.wav,1
/USERSPACE/DATASETS/CodecFake/train/F01_SSB18780277.wav,1
/USERSPACE/DATASETS/CodecFake/train/F01_SSB12740052.wav,1
/USERSPACE/DATASETS/CodecFake/train/F01_SSB06660412.wav,1
/USERSPACE/DATASETS/CodecFake/train/F01_SSB09930044.wav,1
/USERSPACE/DATASETS/CodecFake/train/F01_SSB05390156.wav,1
/USERSPACE/DATASETS/CodecFake/train/F01_p376_075.wav,1
/USERSPACE/DATASETS/CodecFake/train/F01_SSB06030041.wav,1
/USERSPACE/DATASETS/CodecFake/train/F01_SSB07020152.wav,1
/USERSPACE/DATASETS/CodecFake/train/F01_SSB08090492.wav,1
/USERSPACE/DATASETS/CodecFake/train/F01_SSB03750027.wav,1
/USERSPACE/DATASETS/CodecFake/train/F01_SSB15930199.wav,1
/USERSPACE/DATASETS/CodecFake/train/F01_SSB02990411.wav,1
/USERSPACE/DATASETS/CodecFake/train/F01_SSB18100176.wav,1
/USERSPACE/DATASETS/CodecFake/train/F01_SSB02670129.wav,1
/USERSPACE/DATASETS/CodecFake/train/F01_SSB07940292.wav,1
/USERSPACE/DATASETS/CodecFake/train/F01_p334_384.wav,1
/USERSPACE/DATASETS/CodecFake/train/F01_p334_243.wav,1
/USERSPACE/DATASETS/CodecFake/train/F01_SSB02000343.wav,1
/USERSPACE/DATASETS/CodecFake/train/F01_SSB14020367.wav,1
/USERSPACE/DATASETS/CodecFake/train/F01_SSB13400087.wav,1
/USERSPACE/DATASETS/CodecFake/train/F01_SSB05020314.wav,1
/USERSPACE/DATASETS/CodecFake/train/F01_SSB05990314.wav,1
/USERSPACE/DATASETS/CodecFake/train/F01_p316_013.wav,1
/USERSPACE/DATASETS/CodecFake/train/F01_p351_374.wav,1
/USERSPACE/DATASETS/CodecFake/train/F01_SSB00380227.wav,1
/USERSPACE/DATASETS/CodecFake/train/F01_SSB07000465.wav,1
/USERSPACE/DATASETS/CodecFake/train/F01_SSB10720290.wav,1
/USERSPACE/DATASETS/CodecFake/train/F01_SSB19020005.wav,1
/USERSPACE/DATASETS/CodecFake/train/F01_SSB12150259.wav,1
/USERSPACE/DATASETS/CodecFake/train/F01_p248_349.wav,1
/USERSPACE/DATASETS/CodecFake/train/F01_p246_251.wav,1
/USERSPACE/DATASETS/CodecFake/train/F01_SSB18320314.wav,1
/USERSPACE/DATASETS/CodecFake/train/F01_SSB19560474.wav,1
/USERSPACE/DATASETS/CodecFake/train/F01_SSB00730367.wav,1
/USERSPACE/DATASETS/CodecFake/train/F01_p260_230.wav,1
/USERSPACE/DATASETS/CodecFake/train/F01_SSB06010056.wav,1
/USERSPACE/DATASETS/CodecFake/train/F01_SSB06070045.wav,1
/USERSPACE/DATASETS/CodecFake/train/F01_SSB00800179.wav,1
/USERSPACE/DATASETS/CodecFake/train/F01_SSB11150133.wav,1
/USERSPACE/DATASETS/CodecFake/train/F01_SSB06680323.wav,1
/USERSPACE/DATASETS/CodecFake/train/F01_SSB11360138.wav,1
/USERSPACE/DATASETS/CodecFake/train/F01_SSB07200102.wav,1
/USERSPACE/DATASETS/CodecFake/train/F01_SSB07580375.wav,1
/USERSPACE/DATASETS/CodecFake/train/F01_p316_235.wav,1
/USERSPACE/DATASETS/CodecFake/train/F01_p230_354.wav,1
/USERSPACE/DATASETS/CodecFake/train/F01_SSB12030158.wav,1
/USERSPACE/DATASETS/CodecFake/train/F01_SSB03160099.wav,1
/USERSPACE/DATASETS/CodecFake/train/F01_SSB03150261.wav,1
/USERSPACE/DATASETS/CodecFake/train/F01_SSB16860098.wav,1
/USERSPACE/DATASETS/CodecFake/train/F01_SSB09130099.wav,1
/USERSPACE/DATASETS/CodecFake/train/F01_SSB07580064.wav,1
/USERSPACE/DATASETS/CodecFake/train/F01_p283_433.wav,1
/USERSPACE/DATASETS/CodecFake/train/F01_SSB10500411.wav,1
/USERSPACE/DATASETS/CodecFake/train/F01_SSB11250076.wav,1
/USERSPACE/DATASETS/CodecFake/train/F01_SSB07600336.wav,1
/USERSPACE/DATASETS/CodecFake/train/F01_SSB00800169.wav,1
/USERSPACE/DATASETS/CodecFake/train/F01_SSB19560043.wav,1
/USERSPACE/DATASETS/CodecFake/train/F01_p335_080.wav,1
/USERSPACE/DATASETS/CodecFake/train/F01_SSB18630310.wav,1
/USERSPACE/DATASETS/CodecFake/train/F01_p256_313.wav,1
/USERSPACE/DATASETS/CodecFake/train/F01_p306_189.wav,1
/USERSPACE/DATASETS/CodecFake/train/F01_SSB09660293.wav,1
/USERSPACE/DATASETS/CodecFake/train/F01_p285_385.wav,1
/USERSPACE/DATASETS/CodecFake/train/F01_p272_402.wav,1
/USERSPACE/DATASETS/CodecFake/train/F01_p248_226.wav,1
/USERSPACE/DATASETS/CodecFake/train/F01_SSB18060477.wav,1
/USERSPACE/DATASETS/CodecFake/train/F01_SSB11360046.wav,1
/USERSPACE/DATASETS/CodecFake/train/F01_SSB03940476.wav,1
/USERSPACE/DATASETS/CodecFake/train/F01_SSB00730398.wav,1
/USERSPACE/DATASETS/CodecFake/train/F01_SSB06320031.wav,1
/USERSPACE/DATASETS/CodecFake/train/F01_SSB10910042.wav,1
/USERSPACE/DATASETS/CodecFake/train/F01_SSB11150235.wav,1
/USERSPACE/DATASETS/CodecFake/train/F01_p243_304.wav,1
/USERSPACE/DATASETS/CodecFake/train/F01_SSB03390170.wav,1
/USERSPACE/DATASETS/CodecFake/train/F01_SSB07020113.wav,1
/USERSPACE/DATASETS/CodecFake/train/F01_SSB11310065.wav,1
/USERSPACE/DATASETS/CodecFake/train/F01_SSB19020406.wav,1
/USERSPACE/DATASETS/CodecFake/train/F01_SSB11000498.wav,1
/USERSPACE/DATASETS/CodecFake/train/F01_SSB09660282.wav,1
/USERSPACE/DATASETS/CodecFake/train/F01_SSB03790057.wav,1
/USERSPACE/DATASETS/CodecFake/train/F01_SSB07840477.wav,1
/USERSPACE/DATASETS/CodecFake/train/F01_p334_282.wav,1
/USERSPACE/DATASETS/CodecFake/train/F01_SSB07110159.wav,1
/USERSPACE/DATASETS/CodecFake/train/F01_p364_211.wav,1
/USERSPACE/DATASETS/CodecFake/train/F01_SSB10240197.wav,1
/USERSPACE/DATASETS/CodecFake/train/F01_SSB09190066.wav,1
/USERSPACE/DATASETS/CodecFake/train/F01_SSB05940245.wav,1
/USERSPACE/DATASETS/CodecFake/train/F01_SSB11970384.wav,1
/USERSPACE/DATASETS/CodecFake/train/F01_SSB00570200.wav,1
/USERSPACE/DATASETS/CodecFake/train/F01_SSB00380483.wav,1
/USERSPACE/DATASETS/CodecFake/train/F01_SSB12040031.wav,1
/USERSPACE/DATASETS/CodecFake/train/F01_SSB07460425.wav,1
/USERSPACE/DATASETS/CodecFake/train/F01_SSB03800325.wav,1
/USERSPACE/DATASETS/CodecFake/train/F01_SSB07490318.wav,1
/USERSPACE/DATASETS/CodecFake/train/F01_p227_271.wav,1
/USERSPACE/DATASETS/CodecFake/train/F01_SSB15850015.wav,1
/USERSPACE/DATASETS/CodecFake/train/F01_SSB13650170.wav,1
/USERSPACE/DATASETS/CodecFake/train/F01_p229_205.wav,1
/USERSPACE/DATASETS/CodecFake/train/F01_SSB09350408.wav,1
/USERSPACE/DATASETS/CodecFake/train/F01_SSB02990486.wav,1
/USERSPACE/DATASETS/CodecFake/train/F01_p300_066.wav,1
/USERSPACE/DATASETS/CodecFake/train/F01_SSB03660498.wav,1
/USERSPACE/DATASETS/CodecFake/train/F01_SSB15850291.wav,1
/USERSPACE/DATASETS/CodecFake/train/F01_SSB07840375.wav,1
/USERSPACE/DATASETS/CodecFake/train/F01_p340_017.wav,1
/USERSPACE/DATASETS/CodecFake/train/F01_SSB18370176.wav,1
/USERSPACE/DATASETS/CodecFake/train/F01_SSB11870327.wav,1
/USERSPACE/DATASETS/CodecFake/train/F01_SSB06680166.wav,1
/USERSPACE/DATASETS/CodecFake/train/F01_SSB19020176.wav,1
/USERSPACE/DATASETS/CodecFake/train/F01_SSB02460013.wav,1
/USERSPACE/DATASETS/CodecFake/train/F01_SSB04350055.wav,1
/USERSPACE/DATASETS/CodecFake/train/F01_SSB15750175.wav,1
/USERSPACE/DATASETS/CodecFake/train/F01_SSB00090020.wav,1
/USERSPACE/DATASETS/CodecFake/train/F01_p265_185.wav,1
/USERSPACE/DATASETS/CodecFake/train/F01_p310_335.wav,1
/USERSPACE/DATASETS/CodecFake/train/F01_SSB07020045.wav,1
/USERSPACE/DATASETS/CodecFake/train/F01_SSB18370042.wav,1
/USERSPACE/DATASETS/CodecFake/train/F01_SSB16840334.wav,1
/USERSPACE/DATASETS/CodecFake/train/F01_SSB16250056.wav,1
/USERSPACE/DATASETS/CodecFake/train/F01_SSB06230483.wav,1
/USERSPACE/DATASETS/CodecFake/train/F01_SSB10550494.wav,1
/USERSPACE/DATASETS/CodecFake/train/F01_p271_417.wav,1
/USERSPACE/DATASETS/CodecFake/train/F01_SSB06860330.wav,1
/USERSPACE/DATASETS/CodecFake/train/F01_p311_238.wav,1
/USERSPACE/DATASETS/CodecFake/train/F01_SSB13280402.wav,1
/USERSPACE/DATASETS/CodecFake/train/F01_SSB02730483.wav,1
/USERSPACE/DATASETS/CodecFake/train/F01_p288_151.wav,1
/USERSPACE/DATASETS/CodecFake/train/F01_SSB10560281.wav,1
/USERSPACE/DATASETS/CodecFake/train/F01_p317_418.wav,1
/USERSPACE/DATASETS/CodecFake/train/F01_SSB13650418.wav,1
/USERSPACE/DATASETS/CodecFake/train/F01_p257_396.wav,1
/USERSPACE/DATASETS/CodecFake/train/F01_p336_415.wav,1
/USERSPACE/DATASETS/CodecFake/train/F01_p347_378.wav,1
/USERSPACE/DATASETS/CodecFake/train/F01_SSB03930068.wav,1
/USERSPACE/DATASETS/CodecFake/train/F01_SSB11080340.wav,1
/USERSPACE/DATASETS/CodecFake/train/F01_SSB12160084.wav,1
/USERSPACE/DATASETS/CodecFake/train/F01_SSB13220373.wav,1
/USERSPACE/DATASETS/CodecFake/train/F01_SSB07580311.wav,1
/USERSPACE/DATASETS/CodecFake/train/F01_SSB03160496.wav,1
/USERSPACE/DATASETS/CodecFake/train/F01_SSB06310481.wav,1
/USERSPACE/DATASETS/CodecFake/train/F01_p311_042.wav,1
/USERSPACE/DATASETS/CodecFake/train/F01_SSB16840128.wav,1
/USERSPACE/DATASETS/CodecFake/train/F01_SSB05940274.wav,1
/USERSPACE/DATASETS/CodecFake/train/F01_p307_290.wav,1
/USERSPACE/DATASETS/CodecFake/train/F01_p334_216.wav,1
/USERSPACE/DATASETS/CodecFake/train/F01_SSB12180414.wav,1
/USERSPACE/DATASETS/CodecFake/train/F01_p351_080.wav,1
/USERSPACE/DATASETS/CodecFake/train/F01_p249_062.wav,1
/USERSPACE/DATASETS/CodecFake/train/F01_SSB11260281.wav,1
/USERSPACE/DATASETS/CodecFake/train/F01_SSB03390222.wav,1
/USERSPACE/DATASETS/CodecFake/train/F01_SSB08170083.wav,1
/USERSPACE/DATASETS/CodecFake/train/F01_p266_137.wav,1
/USERSPACE/DATASETS/CodecFake/train/F01_SSB05940412.wav,1
/USERSPACE/DATASETS/CodecFake/train/F01_SSB03790250.wav,1
/USERSPACE/DATASETS/CodecFake/train/F01_p238_273.wav,1
/USERSPACE/DATASETS/CodecFake/train/F01_p351_049.wav,1
/USERSPACE/DATASETS/CodecFake/train/F01_SSB18720292.wav,1
/USERSPACE/DATASETS/CodecFake/train/F01_p314_332.wav,1
/USERSPACE/DATASETS/CodecFake/train/F01_p323_416.wav,1
/USERSPACE/DATASETS/CodecFake/train/F01_SSB07110335.wav,1
/USERSPACE/DATASETS/CodecFake/train/F01_SSB06230034.wav,1
/USERSPACE/DATASETS/CodecFake/train/F01_p277_384.wav,1
/USERSPACE/DATASETS/CodecFake/train/F01_SSB18060496.wav,1
/USERSPACE/DATASETS/CodecFake/train/F01_p246_151.wav,1
/USERSPACE/DATASETS/CodecFake/train/F01_SSB16840056.wav,1
/USERSPACE/DATASETS/CodecFake/train/F01_p336_168.wav,1
/USERSPACE/DATASETS/CodecFake/train/F01_SSB07110323.wav,1
/USERSPACE/DATASETS/CodecFake/train/F01_SSB06290323.wav,1
/USERSPACE/DATASETS/CodecFake/train/F01_SSB07840259.wav,1
/USERSPACE/DATASETS/CodecFake/train/F01_SSB07110317.wav,1
/USERSPACE/DATASETS/CodecFake/train/F01_SSB10910352.wav,1
/USERSPACE/DATASETS/CodecFake/train/F01_p238_288.wav,1
/USERSPACE/DATASETS/CodecFake/train/F01_SSB05940028.wav,1
/USERSPACE/DATASETS/CodecFake/train/F01_p275_252.wav,1
/USERSPACE/DATASETS/CodecFake/train/F01_SSB02410039.wav,1
/USERSPACE/DATASETS/CodecFake/train/F01_SSB03800417.wav,1
/USERSPACE/DATASETS/CodecFake/train/F01_SSB07620422.wav,1
/USERSPACE/DATASETS/CodecFake/train/F01_SSB03410331.wav,1
/USERSPACE/DATASETS/CodecFake/train/F01_SSB10200223.wav,1
/USERSPACE/DATASETS/CodecFake/train/F01_SSB07230287.wav,1
/USERSPACE/DATASETS/CodecFake/train/F01_SSB05340193.wav,1
/USERSPACE/DATASETS/CodecFake/train/F01_SSB12040127.wav,1
/USERSPACE/DATASETS/CodecFake/train/F01_SSB06140001.wav,1
/USERSPACE/DATASETS/CodecFake/train/F01_p297_350.wav,1
/USERSPACE/DATASETS/CodecFake/train/F01_SSB04350393.wav,1
/USERSPACE/DATASETS/CodecFake/train/F01_SSB11870280.wav,1
/USERSPACE/DATASETS/CodecFake/train/F01_SSB05340405.wav,1
/USERSPACE/DATASETS/CodecFake/train/F01_SSB11150389.wav,1
/USERSPACE/DATASETS/CodecFake/train/F01_SSB19350108.wav,1
/USERSPACE/DATASETS/CodecFake/train/F01_p292_124.wav,1
/USERSPACE/DATASETS/CodecFake/train/F01_p305_085.wav,1
/USERSPACE/DATASETS/CodecFake/train/F01_p374_066.wav,1
/USERSPACE/DATASETS/CodecFake/train/F01_p347_025.wav,1
/USERSPACE/DATASETS/CodecFake/train/F01_p326_391.wav,1
/USERSPACE/DATASETS/CodecFake/train/F01_SSB14310282.wav,1
/USERSPACE/DATASETS/CodecFake/train/F01_p297_346.wav,1
/USERSPACE/DATASETS/CodecFake/train/F01_SSB07110046.wav,1
/USERSPACE/DATASETS/CodecFake/train/F01_SSB07940145.wav,1
/USERSPACE/DATASETS/CodecFake/train/F01_SSB07000361.wav,1
/USERSPACE/DATASETS/CodecFake/train/F01_p236_029.wav,1
/USERSPACE/DATASETS/CodecFake/train/F01_SSB07580284.wav,1
/USERSPACE/DATASETS/CodecFake/train/F01_p260_053.wav,1
/USERSPACE/DATASETS/CodecFake/train/F01_SSB12530367.wav,1
/USERSPACE/DATASETS/CodecFake/train/F01_p317_404.wav,1
/USERSPACE/DATASETS/CodecFake/train/F01_SSB03390320.wav,1
/USERSPACE/DATASETS/CodecFake/train/F01_SSB06230455.wav,1
/USERSPACE/DATASETS/CodecFake/train/F01_p285_030.wav,1
/USERSPACE/DATASETS/CodecFake/train/F01_SSB07800335.wav,1
/USERSPACE/DATASETS/CodecFake/train/F01_SSB03420234.wav,1
/USERSPACE/DATASETS/CodecFake/train/F01_SSB07360202.wav,1
/USERSPACE/DATASETS/CodecFake/train/F01_SSB07800253.wav,1
/USERSPACE/DATASETS/CodecFake/train/F01_SSB04340364.wav,1
/USERSPACE/DATASETS/CodecFake/train/F01_p361_376.wav,1
/USERSPACE/DATASETS/CodecFake/train/F01_SSB03940123.wav,1
/USERSPACE/DATASETS/CodecFake/train/F01_p263_078.wav,1
/USERSPACE/DATASETS/CodecFake/train/F01_SSB19020059.wav,1
/USERSPACE/DATASETS/CodecFake/train/F01_SSB05390144.wav,1
/USERSPACE/DATASETS/CodecFake/train/F01_p326_127.wav,1
/USERSPACE/DATASETS/CodecFake/train/F01_SSB06680004.wav,1
/USERSPACE/DATASETS/CodecFake/train/F01_p305_305.wav,1
/USERSPACE/DATASETS/CodecFake/train/F01_SSB15630430.wav,1
/USERSPACE/DATASETS/CodecFake/train/F01_p248_169.wav,1
/USERSPACE/DATASETS/CodecFake/train/F01_p293_078.wav,1
/USERSPACE/DATASETS/CodecFake/train/F01_p239_203.wav,1
/USERSPACE/DATASETS/CodecFake/train/F01_SSB15930144.wav,1
/USERSPACE/DATASETS/CodecFake/train/F01_SSB02870313.wav,1
/USERSPACE/DATASETS/CodecFake/train/F01_p301_101.wav,1
/USERSPACE/DATASETS/CodecFake/train/F01_SSB00160501.wav,1
/USERSPACE/DATASETS/CodecFake/train/F01_SSB19560337.wav,1
/USERSPACE/DATASETS/CodecFake/train/F01_p230_099.wav,1
/USERSPACE/DATASETS/CodecFake/train/F01_p252_294.wav,1
/USERSPACE/DATASETS/CodecFake/train/F01_SSB07170222.wav,1
/USERSPACE/DATASETS/CodecFake/train/F01_SSB13990015.wav,1
/USERSPACE/DATASETS/CodecFake/train/F01_p318_403.wav,1
/USERSPACE/DATASETS/CodecFake/train/F01_SSB06070341.wav,1
/USERSPACE/DATASETS/CodecFake/train/F01_p312_321.wav,1
/USERSPACE/DATASETS/CodecFake/train/F01_SSB03790399.wav,1
/USERSPACE/DATASETS/CodecFake/train/F01_SSB04260221.wav,1
/USERSPACE/DATASETS/CodecFake/train/F01_SSB05350264.wav,1
/USERSPACE/DATASETS/CodecFake/train/F01_SSB16300489.wav,1
/USERSPACE/DATASETS/CodecFake/train/F01_p256_135.wav,1
/USERSPACE/DATASETS/CodecFake/train/F01_p264_116.wav,1
/USERSPACE/DATASETS/CodecFake/train/F01_SSB06070144.wav,1
/USERSPACE/DATASETS/CodecFake/train/F01_p270_317.wav,1
/USERSPACE/DATASETS/CodecFake/train/F01_SSB13830329.wav,1
/USERSPACE/DATASETS/CodecFake/train/F01_SSB00110299.wav,1
/USERSPACE/DATASETS/CodecFake/train/F01_p302_172.wav,1
/USERSPACE/DATASETS/CodecFake/train/F01_SSB04350048.wav,1
/USERSPACE/DATASETS/CodecFake/train/F01_SSB12040399.wav,1
/USERSPACE/DATASETS/CodecFake/train/F01_SSB08870118.wav,1
/USERSPACE/DATASETS/CodecFake/train/F01_SSB00730105.wav,1
/USERSPACE/DATASETS/CodecFake/train/F01_SSB07000451.wav,1
/USERSPACE/DATASETS/CodecFake/train/F01_SSB06680164.wav,1
/USERSPACE/DATASETS/CodecFake/train/F01_SSB15750491.wav,1
/USERSPACE/DATASETS/CodecFake/train/F01_p258_016.wav,1
/USERSPACE/DATASETS/CodecFake/train/F01_p229_219.wav,1
/USERSPACE/DATASETS/CodecFake/train/F01_p276_235.wav,1
/USERSPACE/DATASETS/CodecFake/train/F01_SSB14570361.wav,1
/USERSPACE/DATASETS/CodecFake/train/F01_SSB11260033.wav,1
/USERSPACE/DATASETS/CodecFake/train/F01_p233_303.wav,1
/USERSPACE/DATASETS/CodecFake/train/F01_p308_292.wav,1
/USERSPACE/DATASETS/CodecFake/train/F01_p241_133.wav,1
/USERSPACE/DATASETS/CodecFake/train/F01_SSB02880187.wav,1
/USERSPACE/DATASETS/CodecFake/train/F01_p374_142.wav,1
/USERSPACE/DATASETS/CodecFake/train/F01_p266_274.wav,1
/USERSPACE/DATASETS/CodecFake/train/F01_SSB10500155.wav,1
/USERSPACE/DATASETS/CodecFake/train/F01_SSB15670237.wav,1
/USERSPACE/DATASETS/CodecFake/train/F01_SSB07230132.wav,1
/USERSPACE/DATASETS/CodecFake/train/F01_p313_017.wav,1
/USERSPACE/DATASETS/CodecFake/train/F01_SSB12030442.wav,1
/USERSPACE/DATASETS/CodecFake/train/F01_SSB11970204.wav,1
/USERSPACE/DATASETS/CodecFake/train/F01_p287_119.wav,1
/USERSPACE/DATASETS/CodecFake/train/F01_SSB01390501.wav,1
/USERSPACE/DATASETS/CodecFake/train/F01_SSB16860142.wav,1
/USERSPACE/DATASETS/CodecFake/train/F01_p297_303.wav,1
/USERSPACE/DATASETS/CodecFake/train/F01_SSB06070060.wav,1
/USERSPACE/DATASETS/CodecFake/train/F01_SSB06140305.wav,1
/USERSPACE/DATASETS/CodecFake/train/F01_SSB03800170.wav,1
/USERSPACE/DATASETS/CodecFake/train/F01_p312_076.wav,1
/USERSPACE/DATASETS/CodecFake/train/F01_SSB00800442.wav,1
/USERSPACE/DATASETS/CodecFake/train/F01_p248_058.wav,1
/USERSPACE/DATASETS/CodecFake/train/F01_SSB13410363.wav,1
/USERSPACE/DATASETS/CodecFake/train/F01_SSB07200081.wav,1
/USERSPACE/DATASETS/CodecFake/train/F01_SSB02870341.wav,1
/USERSPACE/DATASETS/CodecFake/train/F01_SSB08630256.wav,1
/USERSPACE/DATASETS/CodecFake/train/F01_SSB05020311.wav,1
/USERSPACE/DATASETS/CodecFake/train/F01_SSB03160466.wav,1
/USERSPACE/DATASETS/CodecFake/train/F01_SSB00800187.wav,1
/USERSPACE/DATASETS/CodecFake/train/F01_SSB09130466.wav,1
/USERSPACE/DATASETS/CodecFake/train/F01_p288_267.wav,1
/USERSPACE/DATASETS/CodecFake/train/F01_SSB05390355.wav,1
/USERSPACE/DATASETS/CodecFake/train/F01_SSB00050356.wav,1
/USERSPACE/DATASETS/CodecFake/train/F01_p336_171.wav,1
/USERSPACE/DATASETS/CodecFake/train/F01_SSB17820001.wav,1
/USERSPACE/DATASETS/CodecFake/train/F01_p263_460.wav,1
/USERSPACE/DATASETS/CodecFake/train/F01_SSB01120119.wav,1
/USERSPACE/DATASETS/CodecFake/train/F01_SSB06320125.wav,1
/USERSPACE/DATASETS/CodecFake/train/F01_SSB15850210.wav,1
/USERSPACE/DATASETS/CodecFake/train/F01_SSB09970154.wav,1
/USERSPACE/DATASETS/CodecFake/train/F01_SSB11380407.wav,1
/USERSPACE/DATASETS/CodecFake/train/F01_SSB08630257.wav,1
/USERSPACE/DATASETS/CodecFake/train/F01_p297_310.wav,1
/USERSPACE/DATASETS/CodecFake/train/F01_p340_304.wav,1
/USERSPACE/DATASETS/CodecFake/train/F01_SSB18780072.wav,1
/USERSPACE/DATASETS/CodecFake/train/F01_SSB09970361.wav,1
/USERSPACE/DATASETS/CodecFake/train/F01_SSB19180243.wav,1
/USERSPACE/DATASETS/CodecFake/train/F01_SSB13220291.wav,1
/USERSPACE/DATASETS/CodecFake/train/F01_p262_358.wav,1
/USERSPACE/DATASETS/CodecFake/train/F01_p254_302.wav,1
/USERSPACE/DATASETS/CodecFake/train/F01_p288_129.wav,1
/USERSPACE/DATASETS/CodecFake/train/F01_p317_336.wav,1
/USERSPACE/DATASETS/CodecFake/train/F01_p247_303.wav,1
/USERSPACE/DATASETS/CodecFake/train/F01_p316_265.wav,1
/USERSPACE/DATASETS/CodecFake/train/F01_SSB00050468.wav,1
/USERSPACE/DATASETS/CodecFake/train/F01_p282_237.wav,1
/USERSPACE/DATASETS/CodecFake/train/F01_SSB03790422.wav,1
/USERSPACE/DATASETS/CodecFake/train/F01_p305_347.wav,1
/USERSPACE/DATASETS/CodecFake/train/F01_p351_169.wav,1
/USERSPACE/DATASETS/CodecFake/train/F01_SSB06860333.wav,1
/USERSPACE/DATASETS/CodecFake/train/F01_SSB01970269.wav,1
/USERSPACE/DATASETS/CodecFake/train/F01_SSB00110321.wav,1
/USERSPACE/DATASETS/CodecFake/train/F01_SSB15550433.wav,1
/USERSPACE/DATASETS/CodecFake/train/F01_SSB00430227.wav,1
/USERSPACE/DATASETS/CodecFake/train/F01_SSB03800139.wav,1
/USERSPACE/DATASETS/CodecFake/train/F01_p274_141.wav,1
/USERSPACE/DATASETS/CodecFake/train/F01_SSB02460410.wav,1
/USERSPACE/DATASETS/CodecFake/train/F01_SSB03410461.wav,1
/USERSPACE/DATASETS/CodecFake/train/F01_SSB18280147.wav,1
/USERSPACE/DATASETS/CodecFake/train/F01_SSB13410306.wav,1
/USERSPACE/DATASETS/CodecFake/train/F01_SSB01930448.wav,1
/USERSPACE/DATASETS/CodecFake/train/F01_SSB12030249.wav,1
/USERSPACE/DATASETS/CodecFake/train/F01_SSB10560016.wav,1
/USERSPACE/DATASETS/CodecFake/train/F01_SSB07370081.wav,1
/USERSPACE/DATASETS/CodecFake/train/F01_p313_358.wav,1
/USERSPACE/DATASETS/CodecFake/train/F01_p226_004.wav,1
/USERSPACE/DATASETS/CodecFake/train/F01_SSB06010482.wav,1
/USERSPACE/DATASETS/CodecFake/train/F01_SSB03940413.wav,1
/USERSPACE/DATASETS/CodecFake/train/F01_SSB04820303.wav,1
/USERSPACE/DATASETS/CodecFake/train/F01_SSB15930050.wav,1
/USERSPACE/DATASETS/CodecFake/train/F01_p245_275.wav,1
/USERSPACE/DATASETS/CodecFake/train/F01_SSB01330160.wav,1
/USERSPACE/DATASETS/CodecFake/train/F01_SSB03410386.wav,1
/USERSPACE/DATASETS/CodecFake/train/F01_SSB11150212.wav,1
/USERSPACE/DATASETS/CodecFake/train/F01_p248_172.wav,1
/USERSPACE/DATASETS/CodecFake/train/F01_SSB13020404.wav,1
/USERSPACE/DATASETS/CodecFake/train/F01_SSB03930175.wav,1
/USERSPACE/DATASETS/CodecFake/train/F01_SSB10200294.wav,1
/USERSPACE/DATASETS/CodecFake/train/F01_SSB03420223.wav,1
/USERSPACE/DATASETS/CodecFake/train/F01_SSB00160101.wav,1
/USERSPACE/DATASETS/CodecFake/train/F01_SSB02870002.wav,1
/USERSPACE/DATASETS/CodecFake/train/F01_SSB18630026.wav,1
/USERSPACE/DATASETS/CodecFake/train/F01_SSB06140055.wav,1
/USERSPACE/DATASETS/CodecFake/train/F01_p335_179.wav,1
/USERSPACE/DATASETS/CodecFake/train/F01_SSB01490347.wav,1
/USERSPACE/DATASETS/CodecFake/train/F01_p306_046.wav,1
/USERSPACE/DATASETS/CodecFake/train/F01_SSB03940455.wav,1
/USERSPACE/DATASETS/CodecFake/train/F01_SSB19390113.wav,1
/USERSPACE/DATASETS/CodecFake/train/F01_SSB03950394.wav,1
/USERSPACE/DATASETS/CodecFake/train/F01_SSB09190386.wav,1
/USERSPACE/DATASETS/CodecFake/train/F01_SSB05650268.wav,1
/USERSPACE/DATASETS/CodecFake/train/F01_SSB03150068.wav,1
/USERSPACE/DATASETS/CodecFake/train/F01_SSB05900076.wav,1
/USERSPACE/DATASETS/CodecFake/train/F01_SSB16500333.wav,1
/USERSPACE/DATASETS/CodecFake/train/F01_SSB10720154.wav,1
/USERSPACE/DATASETS/CodecFake/train/F01_p297_108.wav,1
/USERSPACE/DATASETS/CodecFake/train/F01_SSB06680328.wav,1
/USERSPACE/DATASETS/CodecFake/train/F01_SSB07800208.wav,1
/USERSPACE/DATASETS/CodecFake/train/F01_p272_044.wav,1
/USERSPACE/DATASETS/CodecFake/train/F01_p245_252.wav,1
/USERSPACE/DATASETS/CodecFake/train/F01_SSB06230095.wav,1
/USERSPACE/DATASETS/CodecFake/train/F01_SSB11760288.wav,1
/USERSPACE/DATASETS/CodecFake/train/F01_p284_041.wav,1
/USERSPACE/DATASETS/CodecFake/train/F01_p299_318.wav,1
/USERSPACE/DATASETS/CodecFake/train/F01_SSB07110140.wav,1
/USERSPACE/DATASETS/CodecFake/train/F01_p376_178.wav,1
/USERSPACE/DATASETS/CodecFake/train/F01_SSB03160213.wav,1
/USERSPACE/DATASETS/CodecFake/train/F01_SSB18630437.wav,1
/USERSPACE/DATASETS/CodecFake/train/F01_SSB07490326.wav,1
/USERSPACE/DATASETS/CodecFake/train/F01_p343_377.wav,1
/USERSPACE/DATASETS/CodecFake/train/F01_SSB07200384.wav,1
/USERSPACE/DATASETS/CodecFake/train/F01_SSB03950357.wav,1
/USERSPACE/DATASETS/CodecFake/train/F01_SSB14480056.wav,1
/USERSPACE/DATASETS/CodecFake/train/F01_SSB00120010.wav,1
/USERSPACE/DATASETS/CodecFake/train/F01_p323_364.wav,1
/USERSPACE/DATASETS/CodecFake/train/F01_p360_385.wav,1
/USERSPACE/DATASETS/CodecFake/train/F01_SSB07510391.wav,1
/USERSPACE/DATASETS/CodecFake/train/F01_SSB11870066.wav,1
/USERSPACE/DATASETS/CodecFake/train/F01_SSB14310082.wav,1
/USERSPACE/DATASETS/CodecFake/train/F01_SSB16840191.wav,1
/USERSPACE/DATASETS/CodecFake/train/F01_p263_256.wav,1
/USERSPACE/DATASETS/CodecFake/train/F01_SSB07840260.wav,1
/USERSPACE/DATASETS/CodecFake/train/F01_SSB06860060.wav,1
/USERSPACE/DATASETS/CodecFake/train/F01_SSB00800042.wav,1
/USERSPACE/DATASETS/CodecFake/train/F01_SSB07110371.wav,1
/USERSPACE/DATASETS/CodecFake/train/F01_SSB10080288.wav,1
/USERSPACE/DATASETS/CodecFake/train/F01_SSB19180238.wav,1
/USERSPACE/DATASETS/CodecFake/train/F01_SSB07370344.wav,1
/USERSPACE/DATASETS/CodecFake/train/F01_p260_247.wav,1
/USERSPACE/DATASETS/CodecFake/train/F01_p311_301.wav,1
/USERSPACE/DATASETS/CodecFake/train/F01_SSB05440042.wav,1
/USERSPACE/DATASETS/CodecFake/train/F01_SSB03850427.wav,1
/USERSPACE/DATASETS/CodecFake/train/F01_SSB18100347.wav,1
/USERSPACE/DATASETS/CodecFake/train/F01_p310_178.wav,1
/USERSPACE/DATASETS/CodecFake/train/F01_SSB11000212.wav,1
/USERSPACE/DATASETS/CodecFake/train/F01_p273_187.wav,1
/USERSPACE/DATASETS/CodecFake/train/F01_p246_350.wav,1
/USERSPACE/DATASETS/CodecFake/train/F01_SSB05880469.wav,1
/USERSPACE/DATASETS/CodecFake/train/F01_p227_375.wav,1
/USERSPACE/DATASETS/CodecFake/train/F01_SSB05940270.wav,1
/USERSPACE/DATASETS/CodecFake/train/F01_p316_413.wav,1
/USERSPACE/DATASETS/CodecFake/train/F01_SSB13660429.wav,1
/USERSPACE/DATASETS/CodecFake/train/F01_SSB00330246.wav,1
/USERSPACE/DATASETS/CodecFake/train/F01_SSB07020196.wav,1
/USERSPACE/DATASETS/CodecFake/train/F01_p287_372.wav,1
/USERSPACE/DATASETS/CodecFake/train/F01_p237_335.wav,1
/USERSPACE/DATASETS/CodecFake/train/F01_SSB03380072.wav,1
/USERSPACE/DATASETS/CodecFake/train/F01_SSB06090365.wav,1
/USERSPACE/DATASETS/CodecFake/train/F01_SSB12740426.wav,1
/USERSPACE/DATASETS/CodecFake/train/F01_SSB16990318.wav,1
/USERSPACE/DATASETS/CodecFake/train/F01_SSB02000095.wav,1
/USERSPACE/DATASETS/CodecFake/train/F01_SSB07580213.wav,1
/USERSPACE/DATASETS/CodecFake/train/F01_SSB10010344.wav,1
/USERSPACE/DATASETS/CodecFake/train/F01_SSB05900158.wav,1
/USERSPACE/DATASETS/CodecFake/train/F01_SSB00330103.wav,1
/USERSPACE/DATASETS/CodecFake/train/F01_p364_113.wav,1
/USERSPACE/DATASETS/CodecFake/train/F01_SSB10200487.wav,1
/USERSPACE/DATASETS/CodecFake/train/F01_SSB13020444.wav,1
/USERSPACE/DATASETS/CodecFake/train/F01_p308_357.wav,1
/USERSPACE/DATASETS/CodecFake/train/F01_SSB07480442.wav,1
/USERSPACE/DATASETS/CodecFake/train/F01_SSB18090437.wav,1
/USERSPACE/DATASETS/CodecFake/train/F01_p302_010.wav,1
/USERSPACE/DATASETS/CodecFake/train/F01_SSB00380185.wav,1
/USERSPACE/DATASETS/CodecFake/train/F01_SSB07200127.wav,1
/USERSPACE/DATASETS/CodecFake/train/F01_SSB03940388.wav,1
/USERSPACE/DATASETS/CodecFake/train/F01_SSB10020016.wav,1
/USERSPACE/DATASETS/CodecFake/train/F01_SSB11150252.wav,1
/USERSPACE/DATASETS/CodecFake/train/F01_p233_085.wav,1
/USERSPACE/DATASETS/CodecFake/train/F01_SSB15670404.wav,1
/USERSPACE/DATASETS/CodecFake/train/F01_SSB13920240.wav,1
/USERSPACE/DATASETS/CodecFake/train/F01_SSB11870312.wav,1
/USERSPACE/DATASETS/CodecFake/train/F01_SSB06010294.wav,1
/USERSPACE/DATASETS/CodecFake/train/F01_p257_043.wav,1
/USERSPACE/DATASETS/CodecFake/train/F01_p282_336.wav,1
/USERSPACE/DATASETS/CodecFake/train/F01_p238_064.wav,1
/USERSPACE/DATASETS/CodecFake/train/F01_SSB03660009.wav,1
/USERSPACE/DATASETS/CodecFake/train/F01_SSB15670333.wav,1
/USERSPACE/DATASETS/CodecFake/train/F01_SSB11760222.wav,1
/USERSPACE/DATASETS/CodecFake/train/F01_SSB04260252.wav,1
/USERSPACE/DATASETS/CodecFake/train/F01_p308_261.wav,1
/USERSPACE/DATASETS/CodecFake/train/F01_SSB00570315.wav,1
/USERSPACE/DATASETS/CodecFake/train/F01_SSB01330453.wav,1
/USERSPACE/DATASETS/CodecFake/train/F01_SSB05340119.wav,1
/USERSPACE/DATASETS/CodecFake/train/F01_p318_257.wav,1
/USERSPACE/DATASETS/CodecFake/train/F01_SSB03660174.wav,1
/USERSPACE/DATASETS/CodecFake/train/F01_SSB01450232.wav,1
/USERSPACE/DATASETS/CodecFake/train/F01_SSB12530376.wav,1
/USERSPACE/DATASETS/CodecFake/train/F01_p314_369.wav,1
/USERSPACE/DATASETS/CodecFake/train/F01_SSB18720289.wav,1
/USERSPACE/DATASETS/CodecFake/train/F01_p249_007.wav,1
/USERSPACE/DATASETS/CodecFake/train/F01_SSB18910456.wav,1
/USERSPACE/DATASETS/CodecFake/train/F01_p274_358.wav,1
/USERSPACE/DATASETS/CodecFake/train/F01_SSB07600464.wav,1
/USERSPACE/DATASETS/CodecFake/train/F01_SSB07600396.wav,1
/USERSPACE/DATASETS/CodecFake/train/F01_SSB03070052.wav,1
/USERSPACE/DATASETS/CodecFake/train/F01_SSB11610282.wav,1
/USERSPACE/DATASETS/CodecFake/train/F01_p275_180.wav,1
/USERSPACE/DATASETS/CodecFake/train/F01_p246_125.wav,1
/USERSPACE/DATASETS/CodecFake/train/F01_SSB11380322.wav,1
/USERSPACE/DATASETS/CodecFake/train/F01_SSB16240356.wav,1
/USERSPACE/DATASETS/CodecFake/train/F01_SSB16070072.wav,1
/USERSPACE/DATASETS/CodecFake/train/F01_SSB03930391.wav,1
/USERSPACE/DATASETS/CodecFake/train/F01_SSB04070265.wav,1
/USERSPACE/DATASETS/CodecFake/train/F01_p262_336.wav,1
/USERSPACE/DATASETS/CodecFake/train/F01_p334_108.wav,1
/USERSPACE/DATASETS/CodecFake/train/F01_p317_039.wav,1
/USERSPACE/DATASETS/CodecFake/train/F01_p317_387.wav,1
/USERSPACE/DATASETS/CodecFake/train/F01_SSB12740011.wav,1
/USERSPACE/DATASETS/CodecFake/train/F01_p269_180.wav,1
/USERSPACE/DATASETS/CodecFake/train/F01_SSB02730109.wav,1
/USERSPACE/DATASETS/CodecFake/train/F01_SSB02610030.wav,1
/USERSPACE/DATASETS/CodecFake/train/F01_SSB18280315.wav,1
/USERSPACE/DATASETS/CodecFake/train/F01_SSB10960481.wav,1
/USERSPACE/DATASETS/CodecFake/train/F01_SSB10640307.wav,1
/USERSPACE/DATASETS/CodecFake/train/F01_p364_217.wav,1
/USERSPACE/DATASETS/CodecFake/train/F01_p278_069.wav,1
/USERSPACE/DATASETS/CodecFake/train/F01_SSB09190312.wav,1
/USERSPACE/DATASETS/CodecFake/train/F01_SSB11310402.wav,1
/USERSPACE/DATASETS/CodecFake/train/F01_p278_270.wav,1
/USERSPACE/DATASETS/CodecFake/train/F01_SSB18910455.wav,1
/USERSPACE/DATASETS/CodecFake/train/F01_p257_092.wav,1
/USERSPACE/DATASETS/CodecFake/train/F01_SSB04270214.wav,1
/USERSPACE/DATASETS/CodecFake/train/F01_SSB00110270.wav,1
/USERSPACE/DATASETS/CodecFake/train/F01_SSB15550113.wav,1
/USERSPACE/DATASETS/CodecFake/train/F01_SSB16250361.wav,1
/USERSPACE/DATASETS/CodecFake/train/F01_SSB03420156.wav,1
/USERSPACE/DATASETS/CodecFake/train/F01_SSB00120438.wav,1
/USERSPACE/DATASETS/CodecFake/train/F01_SSB19390076.wav,1
/USERSPACE/DATASETS/CodecFake/train/F01_SSB19350383.wav,1
/USERSPACE/DATASETS/CodecFake/train/F01_SSB19390272.wav,1
/USERSPACE/DATASETS/CodecFake/train/F01_SSB04070274.wav,1
/USERSPACE/DATASETS/CodecFake/train/F01_SSB03800387.wav,1
/USERSPACE/DATASETS/CodecFake/train/F01_p239_229.wav,1
/USERSPACE/DATASETS/CodecFake/train/F01_p252_251.wav,1
/USERSPACE/DATASETS/CodecFake/train/F01_p284_165.wav,1
/USERSPACE/DATASETS/CodecFake/train/F01_SSB03750432.wav,1
/USERSPACE/DATASETS/CodecFake/train/F01_SSB11350445.wav,1
/USERSPACE/DATASETS/CodecFake/train/F01_SSB07840404.wav,1
/USERSPACE/DATASETS/CodecFake/train/F01_p304_053.wav,1
/USERSPACE/DATASETS/CodecFake/train/F01_SSB16860315.wav,1
/USERSPACE/DATASETS/CodecFake/train/F01_p265_222.wav,1
/USERSPACE/DATASETS/CodecFake/train/F01_SSB08170233.wav,1
/USERSPACE/DATASETS/CodecFake/train/F01_p226_309.wav,1
/USERSPACE/DATASETS/CodecFake/train/F01_p269_014.wav,1
/USERSPACE/DATASETS/CodecFake/train/F01_SSB10200290.wav,1
/USERSPACE/DATASETS/CodecFake/train/F01_p351_334.wav,1
/USERSPACE/DATASETS/CodecFake/train/F01_SSB12150418.wav,1
/USERSPACE/DATASETS/CodecFake/train/F01_p233_074.wav,1
/USERSPACE/DATASETS/CodecFake/train/F01_SSB01930483.wav,1
/USERSPACE/DATASETS/CodecFake/train/F01_SSB05940247.wav,1
/USERSPACE/DATASETS/CodecFake/train/F01_SSB07000174.wav,1
/USERSPACE/DATASETS/CodecFake/train/F01_p326_241.wav,1
/USERSPACE/DATASETS/CodecFake/train/F01_SSB00330228.wav,1
/USERSPACE/DATASETS/CodecFake/train/F01_SSB04340260.wav,1
/USERSPACE/DATASETS/CodecFake/train/F01_p267_209.wav,1
/USERSPACE/DATASETS/CodecFake/train/F01_SSB01450141.wav,1
/USERSPACE/DATASETS/CodecFake/train/F01_p253_017.wav,1
/USERSPACE/DATASETS/CodecFake/train/F01_p247_196.wav,1
/USERSPACE/DATASETS/CodecFake/train/F01_p232_048.wav,1
/USERSPACE/DATASETS/CodecFake/train/F01_SSB03420293.wav,1
/USERSPACE/DATASETS/CodecFake/train/F01_SSB10200458.wav,1
/USERSPACE/DATASETS/CodecFake/train/F01_SSB01220313.wav,1
/USERSPACE/DATASETS/CodecFake/train/F01_SSB07100468.wav,1
/USERSPACE/DATASETS/CodecFake/train/F01_p311_352.wav,1
/USERSPACE/DATASETS/CodecFake/train/F01_SSB05650464.wav,1
/USERSPACE/DATASETS/CodecFake/train/F01_p334_007.wav,1
/USERSPACE/DATASETS/CodecFake/train/F01_SSB09660475.wav,1
/USERSPACE/DATASETS/CodecFake/train/F01_p299_127.wav,1
/USERSPACE/DATASETS/CodecFake/train/F01_SSB10080456.wav,1
/USERSPACE/DATASETS/CodecFake/train/F01_SSB16500236.wav,1
/USERSPACE/DATASETS/CodecFake/train/F01_p233_230.wav,1
/USERSPACE/DATASETS/CodecFake/train/F01_p230_296.wav,1
/USERSPACE/DATASETS/CodecFake/train/F01_SSB04820351.wav,1
/USERSPACE/DATASETS/CodecFake/train/F01_SSB11360251.wav,1
/USERSPACE/DATASETS/CodecFake/train/F01_p238_355.wav,1
/USERSPACE/DATASETS/CodecFake/train/F01_p254_361.wav,1
/USERSPACE/DATASETS/CodecFake/train/F01_SSB05900306.wav,1
/USERSPACE/DATASETS/CodecFake/train/F01_SSB18280483.wav,1
/USERSPACE/DATASETS/CodecFake/train/F01_SSB00120025.wav,1
/USERSPACE/DATASETS/CodecFake/train/F01_SSB15850453.wav,1
/USERSPACE/DATASETS/CodecFake/train/F01_SSB11380108.wav,1
/USERSPACE/DATASETS/CodecFake/train/F01_SSB15930326.wav,1
/USERSPACE/DATASETS/CodecFake/train/F01_p245_257.wav,1
/USERSPACE/DATASETS/CodecFake/train/F01_SSB05900093.wav,1
/USERSPACE/DATASETS/CodecFake/train/F01_p300_111.wav,1
/USERSPACE/DATASETS/CodecFake/train/F01_SSB11380113.wav,1
/USERSPACE/DATASETS/CodecFake/train/F01_SSB03540237.wav,1
/USERSPACE/DATASETS/CodecFake/train/F01_SSB18370207.wav,1
/USERSPACE/DATASETS/CodecFake/train/F01_p274_406.wav,1
/USERSPACE/DATASETS/CodecFake/train/F01_p228_124.wav,1
/USERSPACE/DATASETS/CodecFake/train/F01_SSB07110145.wav,1
/USERSPACE/DATASETS/CodecFake/train/F01_p330_221.wav,1
/USERSPACE/DATASETS/CodecFake/train/F01_p351_200.wav,1
/USERSPACE/DATASETS/CodecFake/train/F01_SSB13990275.wav,1
/USERSPACE/DATASETS/CodecFake/train/F01_SSB16250252.wav,1
/USERSPACE/DATASETS/CodecFake/train/F01_p234_097.wav,1
/USERSPACE/DATASETS/CodecFake/train/F01_SSB12040199.wav,1
/USERSPACE/DATASETS/CodecFake/train/F01_SSB07360442.wav,1
/USERSPACE/DATASETS/CodecFake/train/F01_p326_082.wav,1
/USERSPACE/DATASETS/CodecFake/train/F01_SSB12030332.wav,1
/USERSPACE/DATASETS/CodecFake/train/F01_p345_006.wav,1
/USERSPACE/DATASETS/CodecFake/train/F01_SSB02000456.wav,1
/USERSPACE/DATASETS/CodecFake/train/F01_SSB02990412.wav,1
/USERSPACE/DATASETS/CodecFake/train/F01_SSB14020166.wav,1
/USERSPACE/DATASETS/CodecFake/train/F01_SSB10960353.wav,1
/USERSPACE/DATASETS/CodecFake/train/F01_SSB03160004.wav,1
/USERSPACE/DATASETS/CodecFake/train/F01_SSB06290011.wav,1
/USERSPACE/DATASETS/CodecFake/train/F01_SSB03420444.wav,1
/USERSPACE/DATASETS/CodecFake/train/F01_SSB05900260.wav,1
/USERSPACE/DATASETS/CodecFake/train/F01_p284_135.wav,1
/USERSPACE/DATASETS/CodecFake/train/F01_SSB03150026.wav,1
/USERSPACE/DATASETS/CodecFake/train/F01_p339_228.wav,1
/USERSPACE/DATASETS/CodecFake/train/F01_SSB07510302.wav,1
/USERSPACE/DATASETS/CodecFake/train/F01_p307_143.wav,1
/USERSPACE/DATASETS/CodecFake/train/F01_SSB07600506.wav,1
/USERSPACE/DATASETS/CodecFake/train/F01_p261_151.wav,1
/USERSPACE/DATASETS/CodecFake/train/F01_SSB05940160.wav,1
/USERSPACE/DATASETS/CodecFake/train/F01_SSB06710449.wav,1
/USERSPACE/DATASETS/CodecFake/train/F01_SSB06010271.wav,1
/USERSPACE/DATASETS/CodecFake/train/F01_SSB18320326.wav,1
/USERSPACE/DATASETS/CodecFake/train/F01_SSB07000276.wav,1
/USERSPACE/DATASETS/CodecFake/train/F01_SSB10550318.wav,1
/USERSPACE/DATASETS/CodecFake/train/F01_p255_293.wav,1
/USERSPACE/DATASETS/CodecFake/train/F01_SSB07600337.wav,1
/USERSPACE/DATASETS/CodecFake/train/F01_SSB02730274.wav,1
/USERSPACE/DATASETS/CodecFake/train/F01_SSB05990478.wav,1
/USERSPACE/DATASETS/CodecFake/train/F01_SSB03380373.wav,1
/USERSPACE/DATASETS/CodecFake/train/F01_SSB10550305.wav,1
/USERSPACE/DATASETS/CodecFake/train/F01_SSB07580296.wav,1
/USERSPACE/DATASETS/CodecFake/train/F01_SSB02730094.wav,1
/USERSPACE/DATASETS/CodecFake/train/F01_SSB02990367.wav,1
/USERSPACE/DATASETS/CodecFake/train/F01_p227_119.wav,1
/USERSPACE/DATASETS/CodecFake/train/F01_SSB06310110.wav,1
/USERSPACE/DATASETS/CodecFake/train/F01_p280_150.wav,1
/USERSPACE/DATASETS/CodecFake/train/F01_SSB16990375.wav,1
/USERSPACE/DATASETS/CodecFake/train/F01_SSB19560148.wav,1
/USERSPACE/DATASETS/CodecFake/train/F01_SSB14080442.wav,1
/USERSPACE/DATASETS/CodecFake/train/F01_p253_145.wav,1
/USERSPACE/DATASETS/CodecFake/train/F01_SSB04270001.wav,1
/USERSPACE/DATASETS/CodecFake/train/F01_p351_060.wav,1
/USERSPACE/DATASETS/CodecFake/train/F01_SSB03540469.wav,1
/USERSPACE/DATASETS/CodecFake/train/F01_p257_175.wav,1
/USERSPACE/DATASETS/CodecFake/train/F01_p239_416.wav,1
/USERSPACE/DATASETS/CodecFake/train/F01_SSB03790137.wav,1
/USERSPACE/DATASETS/CodecFake/train/F01_p361_345.wav,1
/USERSPACE/DATASETS/CodecFake/train/F01_SSB13920279.wav,1
/USERSPACE/DATASETS/CodecFake/train/F01_p260_154.wav,1
/USERSPACE/DATASETS/CodecFake/train/F01_SSB11150416.wav,1
/USERSPACE/DATASETS/CodecFake/train/F01_SSB04700404.wav,1
/USERSPACE/DATASETS/CodecFake/train/F01_SSB07370357.wav,1
/USERSPACE/DATASETS/CodecFake/train/F01_SSB13820191.wav,1
/USERSPACE/DATASETS/CodecFake/train/F01_SSB07230103.wav,1
/USERSPACE/DATASETS/CodecFake/train/F01_SSB03410252.wav,1
/USERSPACE/DATASETS/CodecFake/train/F01_SSB06930216.wav,1
/USERSPACE/DATASETS/CodecFake/train/F01_SSB07160203.wav,1
/USERSPACE/DATASETS/CodecFake/train/F01_SSB16070232.wav,1
/USERSPACE/DATASETS/CodecFake/train/F01_p238_392.wav,1
/USERSPACE/DATASETS/CodecFake/train/F01_SSB07460224.wav,1
/USERSPACE/DATASETS/CodecFake/train/F01_SSB08710326.wav,1
/USERSPACE/DATASETS/CodecFake/train/F01_SSB12030002.wav,1
/USERSPACE/DATASETS/CodecFake/train/F01_SSB13410113.wav,1
/USERSPACE/DATASETS/CodecFake/train/F01_SSB12030069.wav,1
/USERSPACE/DATASETS/CodecFake/train/F01_SSB15670360.wav,1
/USERSPACE/DATASETS/CodecFake/train/F01_SSB07940470.wav,1
/USERSPACE/DATASETS/CodecFake/train/F01_SSB15750018.wav,1
/USERSPACE/DATASETS/CodecFake/train/F01_p262_367.wav,1
/USERSPACE/DATASETS/CodecFake/train/F01_SSB02610445.wav,1
/USERSPACE/DATASETS/CodecFake/train/F01_SSB15850442.wav,1
/USERSPACE/DATASETS/CodecFake/train/F01_SSB07360234.wav,1
/USERSPACE/DATASETS/CodecFake/train/F01_SSB04070203.wav,1
/USERSPACE/DATASETS/CodecFake/train/F01_SSB05900274.wav,1
/USERSPACE/DATASETS/CodecFake/train/F01_SSB19560157.wav,1
/USERSPACE/DATASETS/CodecFake/train/F01_p282_017.wav,1
/USERSPACE/DATASETS/CodecFake/train/F01_SSB08090153.wav,1
/USERSPACE/DATASETS/CodecFake/train/F01_SSB19180043.wav,1
/USERSPACE/DATASETS/CodecFake/train/F01_SSB00160254.wav,1
/USERSPACE/DATASETS/CodecFake/train/F01_SSB06090183.wav,1
/USERSPACE/DATASETS/CodecFake/train/F01_SSB05440096.wav,1
/USERSPACE/DATASETS/CodecFake/train/F01_p245_051.wav,1
/USERSPACE/DATASETS/CodecFake/train/F01_SSB03820018.wav,1
/USERSPACE/DATASETS/CodecFake/train/F01_SSB18060486.wav,1
/USERSPACE/DATASETS/CodecFake/train/F01_SSB01120393.wav,1
/USERSPACE/DATASETS/CodecFake/train/F01_SSB06070231.wav,1
/USERSPACE/DATASETS/CodecFake/train/F01_p306_047.wav,1
/USERSPACE/DATASETS/CodecFake/train/F01_SSB09350431.wav,1
/USERSPACE/DATASETS/CodecFake/train/F01_p286_250.wav,1
/USERSPACE/DATASETS/CodecFake/train/F01_SSB12160050.wav,1
/USERSPACE/DATASETS/CodecFake/train/F01_SSB08170068.wav,1
/USERSPACE/DATASETS/CodecFake/train/F01_p229_234.wav,1
/USERSPACE/DATASETS/CodecFake/train/F01_p279_230.wav,1
/USERSPACE/DATASETS/CodecFake/train/F01_SSB13400178.wav,1
/USERSPACE/DATASETS/CodecFake/train/F01_SSB18910461.wav,1
/USERSPACE/DATASETS/CodecFake/train/F01_p294_222.wav,1
/USERSPACE/DATASETS/CodecFake/train/F01_p259_076.wav,1
/USERSPACE/DATASETS/CodecFake/train/F01_p284_126.wav,1
/USERSPACE/DATASETS/CodecFake/train/F01_SSB19180335.wav,1
/USERSPACE/DATASETS/CodecFake/train/F01_SSB00380428.wav,1
/USERSPACE/DATASETS/CodecFake/train/F01_SSB07600258.wav,1
/USERSPACE/DATASETS/CodecFake/train/F01_SSB06930085.wav,1
/USERSPACE/DATASETS/CodecFake/train/F01_SSB03160233.wav,1
/USERSPACE/DATASETS/CodecFake/train/F01_SSB05900361.wav,1
/USERSPACE/DATASETS/CodecFake/train/F01_SSB02610041.wav,1
/USERSPACE/DATASETS/CodecFake/train/F01_SSB16070186.wav,1
/USERSPACE/DATASETS/CodecFake/train/F01_SSB05350359.wav,1
/USERSPACE/DATASETS/CodecFake/train/F01_p329_315.wav,1
/USERSPACE/DATASETS/CodecFake/train/F01_p300_315.wav,1
/USERSPACE/DATASETS/CodecFake/train/F01_p248_144.wav,1
/USERSPACE/DATASETS/CodecFake/train/F01_SSB10910252.wav,1
/USERSPACE/DATASETS/CodecFake/train/F01_p297_059.wav,1
/USERSPACE/DATASETS/CodecFake/train/F01_SSB06030158.wav,1
/USERSPACE/DATASETS/CodecFake/train/F01_SSB06310457.wav,1
/USERSPACE/DATASETS/CodecFake/train/F01_SSB06320293.wav,1
/USERSPACE/DATASETS/CodecFake/train/F01_SSB03410218.wav,1
/USERSPACE/DATASETS/CodecFake/train/F01_SSB06310473.wav,1
/USERSPACE/DATASETS/CodecFake/train/F01_SSB18780174.wav,1
/USERSPACE/DATASETS/CodecFake/train/F01_p232_286.wav,1
/USERSPACE/DATASETS/CodecFake/train/F01_SSB02870209.wav,1
/USERSPACE/DATASETS/CodecFake/train/F01_SSB05990276.wav,1
/USERSPACE/DATASETS/CodecFake/train/F01_SSB19390259.wav,1
/USERSPACE/DATASETS/CodecFake/train/F01_SSB04350123.wav,1
/USERSPACE/DATASETS/CodecFake/train/F01_SSB00430275.wav,1
/USERSPACE/DATASETS/CodecFake/train/F01_SSB15670309.wav,1
/USERSPACE/DATASETS/CodecFake/train/F01_SSB00160106.wav,1
/USERSPACE/DATASETS/CodecFake/train/F01_SSB03160476.wav,1
/USERSPACE/DATASETS/CodecFake/train/F01_SSB07000015.wav,1
/USERSPACE/DATASETS/CodecFake/train/F01_SSB03410487.wav,1
/USERSPACE/DATASETS/CodecFake/train/F01_SSB10910503.wav,1
/USERSPACE/DATASETS/CodecFake/train/F01_SSB04270040.wav,1
/USERSPACE/DATASETS/CodecFake/train/F01_p227_367.wav,1
/USERSPACE/DATASETS/CodecFake/train/F01_SSB19390289.wav,1
/USERSPACE/DATASETS/CodecFake/train/F01_p304_261.wav,1
/USERSPACE/DATASETS/CodecFake/train/F01_SSB07800151.wav,1
/USERSPACE/DATASETS/CodecFake/train/F01_SSB05340302.wav,1
/USERSPACE/DATASETS/CodecFake/train/F01_SSB05390340.wav,1
/USERSPACE/DATASETS/CodecFake/train/F01_SSB06090186.wav,1
/USERSPACE/DATASETS/CodecFake/train/F01_SSB00570359.wav,1
/USERSPACE/DATASETS/CodecFake/train/F01_SSB13660365.wav,1
/USERSPACE/DATASETS/CodecFake/train/F01_SSB03070274.wav,1
/USERSPACE/DATASETS/CodecFake/train/F01_SSB06140003.wav,1
/USERSPACE/DATASETS/CodecFake/train/F01_p363_238.wav,1
/USERSPACE/DATASETS/CodecFake/train/F01_SSB01220351.wav,1
/USERSPACE/DATASETS/CodecFake/train/F01_p243_116.wav,1
/USERSPACE/DATASETS/CodecFake/train/F01_SSB09870438.wav,1
/USERSPACE/DATASETS/CodecFake/train/F01_SSB03950381.wav,1
/USERSPACE/DATASETS/CodecFake/train/F01_p326_232.wav,1
/USERSPACE/DATASETS/CodecFake/train/F01_SSB10640146.wav,1
/USERSPACE/DATASETS/CodecFake/train/F01_SSB00050196.wav,1
/USERSPACE/DATASETS/CodecFake/train/F01_SSB00160034.wav,1
/USERSPACE/DATASETS/CodecFake/train/F01_SSB07230445.wav,1
/USERSPACE/DATASETS/CodecFake/train/F01_SSB11250246.wav,1
/USERSPACE/DATASETS/CodecFake/train/F01_SSB09350260.wav,1
/USERSPACE/DATASETS/CodecFake/train/F01_p258_319.wav,1
/USERSPACE/DATASETS/CodecFake/train/F01_SSB03150101.wav,1
/USERSPACE/DATASETS/CodecFake/train/F01_p308_175.wav,1
/USERSPACE/DATASETS/CodecFake/train/F01_SSB05940017.wav,1
/USERSPACE/DATASETS/CodecFake/train/F01_p329_188.wav,1
/USERSPACE/DATASETS/CodecFake/train/F01_p347_253.wav,1
/USERSPACE/DATASETS/CodecFake/train/F01_SSB19180031.wav,1
/USERSPACE/DATASETS/CodecFake/train/F01_p227_040.wav,1
/USERSPACE/DATASETS/CodecFake/train/F01_SSB03070369.wav,1
/USERSPACE/DATASETS/CodecFake/train/F01_p339_384.wav,1
/USERSPACE/DATASETS/CodecFake/train/F01_SSB18060419.wav,1
/USERSPACE/DATASETS/CodecFake/train/F01_SSB09660392.wav,1
/USERSPACE/DATASETS/CodecFake/train/F01_SSB03660214.wav,1
/USERSPACE/DATASETS/CodecFake/train/F01_p245_130.wav,1
/USERSPACE/DATASETS/CodecFake/train/F01_p254_111.wav,1
/USERSPACE/DATASETS/CodecFake/train/F01_SSB13930470.wav,1
/USERSPACE/DATASETS/CodecFake/train/F01_SSB14520080.wav,1
/USERSPACE/DATASETS/CodecFake/train/F01_SSB11610173.wav,1
/USERSPACE/DATASETS/CodecFake/train/F01_SSB09660176.wav,1
/USERSPACE/DATASETS/CodecFake/train/F01_SSB01120185.wav,1
/USERSPACE/DATASETS/CodecFake/train/F01_SSB08090497.wav,1
/USERSPACE/DATASETS/CodecFake/train/F01_SSB06060034.wav,1
/USERSPACE/DATASETS/CodecFake/train/F01_SSB18280312.wav,1
/USERSPACE/DATASETS/CodecFake/train/F01_p227_151.wav,1
/USERSPACE/DATASETS/CodecFake/train/F01_SSB18370016.wav,1
/USERSPACE/DATASETS/CodecFake/train/F01_p335_019.wav,1
/USERSPACE/DATASETS/CodecFake/train/F01_SSB03940349.wav,1
/USERSPACE/DATASETS/CodecFake/train/F01_SSB11360114.wav,1
/USERSPACE/DATASETS/CodecFake/train/F01_SSB03800248.wav,1
/USERSPACE/DATASETS/CodecFake/train/F01_p280_187.wav,1
/USERSPACE/DATASETS/CodecFake/train/F01_SSB06320437.wav,1
/USERSPACE/DATASETS/CodecFake/train/F01_p314_311.wav,1
/USERSPACE/DATASETS/CodecFake/train/F01_SSB18370078.wav,1
/USERSPACE/DATASETS/CodecFake/train/F01_SSB16990156.wav,1
/USERSPACE/DATASETS/CodecFake/train/F01_p326_333.wav,1
/USERSPACE/DATASETS/CodecFake/train/F01_SSB00090080.wav,1
/USERSPACE/DATASETS/CodecFake/train/F01_SSB10560055.wav,1
/USERSPACE/DATASETS/CodecFake/train/F01_SSB13400186.wav,1
/USERSPACE/DATASETS/CodecFake/train/F01_SSB03380455.wav,1
/USERSPACE/DATASETS/CodecFake/train/F01_p234_128.wav,1
/USERSPACE/DATASETS/CodecFake/train/F01_SSB14480011.wav,1
/USERSPACE/DATASETS/CodecFake/train/F01_SSB09130222.wav,1
/USERSPACE/DATASETS/CodecFake/train/F01_SSB03160103.wav,1
/USERSPACE/DATASETS/CodecFake/train/F01_p278_336.wav,1
/USERSPACE/DATASETS/CodecFake/train/F01_SSB13220499.wav,1
/USERSPACE/DATASETS/CodecFake/train/F01_SSB00110069.wav,1
/USERSPACE/DATASETS/CodecFake/train/F01_SSB02880137.wav,1
/USERSPACE/DATASETS/CodecFake/train/F01_SSB07020381.wav,1
/USERSPACE/DATASETS/CodecFake/train/F01_SSB17390142.wav,1
/USERSPACE/DATASETS/CodecFake/train/F01_p241_048.wav,1
/USERSPACE/DATASETS/CodecFake/train/F01_SSB03930117.wav,1
/USERSPACE/DATASETS/CodecFake/train/F01_p374_178.wav,1
/USERSPACE/DATASETS/CodecFake/train/F01_SSB09660171.wav,1
/USERSPACE/DATASETS/CodecFake/train/F01_SSB02880401.wav,1
/USERSPACE/DATASETS/CodecFake/train/F01_p295_312.wav,1
/USERSPACE/DATASETS/CodecFake/train/F01_SSB02730013.wav,1
/USERSPACE/DATASETS/CodecFake/train/F01_SSB14080361.wav,1
/USERSPACE/DATASETS/CodecFake/train/F01_SSB07170036.wav,1
/USERSPACE/DATASETS/CodecFake/train/F01_p228_184.wav,1
/USERSPACE/DATASETS/CodecFake/train/F01_SSB07580158.wav,1
/USERSPACE/DATASETS/CodecFake/train/F01_SSB18630056.wav,1
/USERSPACE/DATASETS/CodecFake/train/F01_SSB00180071.wav,1
/USERSPACE/DATASETS/CodecFake/train/F01_SSB19560175.wav,1
/USERSPACE/DATASETS/CodecFake/train/F01_SSB18370216.wav,1
/USERSPACE/DATASETS/CodecFake/train/F01_SSB15630066.wav,1
/USERSPACE/DATASETS/CodecFake/train/F01_p286_231.wav,1
/USERSPACE/DATASETS/CodecFake/train/F01_p232_169.wav,1
/USERSPACE/DATASETS/CodecFake/train/F01_p240_327.wav,1
/USERSPACE/DATASETS/CodecFake/train/F01_p345_017.wav,1
/USERSPACE/DATASETS/CodecFake/train/F01_p364_088.wav,1
/USERSPACE/DATASETS/CodecFake/train/F01_SSB02730085.wav,1
/USERSPACE/DATASETS/CodecFake/train/F01_p248_011.wav,1
/USERSPACE/DATASETS/CodecFake/train/F01_SSB12150175.wav,1
/USERSPACE/DATASETS/CodecFake/train/F01_SSB05650102.wav,1
/USERSPACE/DATASETS/CodecFake/train/F01_SSB02410425.wav,1
/USERSPACE/DATASETS/CodecFake/train/F01_p317_251.wav,1
/USERSPACE/DATASETS/CodecFake/train/F01_SSB05880087.wav,1
/USERSPACE/DATASETS/CodecFake/train/F01_p286_415.wav,1
/USERSPACE/DATASETS/CodecFake/train/F01_SSB16700332.wav,1
/USERSPACE/DATASETS/CodecFake/train/F01_SSB06710482.wav,1
/USERSPACE/DATASETS/CodecFake/train/F01_SSB19350017.wav,1
/USERSPACE/DATASETS/CodecFake/train/F01_SSB13820230.wav,1
/USERSPACE/DATASETS/CodecFake/train/F01_SSB10550129.wav,1
/USERSPACE/DATASETS/CodecFake/train/F01_SSB16500103.wav,1
/USERSPACE/DATASETS/CodecFake/train/F01_p230_313.wav,1
/USERSPACE/DATASETS/CodecFake/train/F01_SSB06090347.wav,1
/USERSPACE/DATASETS/CodecFake/train/F01_p301_034.wav,1
/USERSPACE/DATASETS/CodecFake/train/F01_SSB14520360.wav,1
/USERSPACE/DATASETS/CodecFake/train/F01_SSB00110474.wav,1
/USERSPACE/DATASETS/CodecFake/train/F01_SSB07100283.wav,1
/USERSPACE/DATASETS/CodecFake/train/F01_p276_194.wav,1
/USERSPACE/DATASETS/CodecFake/train/F01_SSB03950099.wav,1
/USERSPACE/DATASETS/CodecFake/train/F01_p374_249.wav,1
/USERSPACE/DATASETS/CodecFake/train/F01_SSB00090065.wav,1
/USERSPACE/DATASETS/CodecFake/train/F01_SSB07480186.wav,1
/USERSPACE/DATASETS/CodecFake/train/F01_SSB13410370.wav,1
/USERSPACE/DATASETS/CodecFake/train/F01_SSB00730036.wav,1
/USERSPACE/DATASETS/CodecFake/train/F01_SSB01970200.wav,1
/USERSPACE/DATASETS/CodecFake/train/F01_SSB03070183.wav,1
/USERSPACE/DATASETS/CodecFake/train/F01_p227_347.wav,1
/USERSPACE/DATASETS/CodecFake/train/F01_SSB06660260.wav,1
/USERSPACE/DATASETS/CodecFake/train/F01_p329_383.wav,1
/USERSPACE/DATASETS/CodecFake/train/F01_SSB16240121.wav,1
/USERSPACE/DATASETS/CodecFake/train/F01_SSB03750401.wav,1
/USERSPACE/DATASETS/CodecFake/train/F01_SSB07800315.wav,1
/USERSPACE/DATASETS/CodecFake/train/F01_SSB11350145.wav,1
/USERSPACE/DATASETS/CodecFake/train/F01_p252_027.wav,1
/USERSPACE/DATASETS/CodecFake/train/F01_p334_287.wav,1
/USERSPACE/DATASETS/CodecFake/train/F01_SSB06060096.wav,1
/USERSPACE/DATASETS/CodecFake/train/F01_p241_023.wav,1
/USERSPACE/DATASETS/CodecFake/train/F01_SSB04350461.wav,1
/USERSPACE/DATASETS/CodecFake/train/F01_SSB03390405.wav,1
/USERSPACE/DATASETS/CodecFake/train/F01_p341_136.wav,1
/USERSPACE/DATASETS/CodecFake/train/F01_p263_081.wav,1
/USERSPACE/DATASETS/CodecFake/train/F01_p316_399.wav,1
/USERSPACE/DATASETS/CodecFake/train/F01_SSB05650338.wav,1
/USERSPACE/DATASETS/CodecFake/train/F01_SSB04700203.wav,1
/USERSPACE/DATASETS/CodecFake/train/F01_SSB04150365.wav,1
/USERSPACE/DATASETS/CodecFake/train/F01_p247_181.wav,1
/USERSPACE/DATASETS/CodecFake/train/F01_SSB06010426.wav,1
/USERSPACE/DATASETS/CodecFake/train/F01_SSB09970315.wav,1
/USERSPACE/DATASETS/CodecFake/train/F01_SSB13410409.wav,1
/USERSPACE/DATASETS/CodecFake/train/F01_p238_092.wav,1
/USERSPACE/DATASETS/CodecFake/train/F01_SSB16700376.wav,1
/USERSPACE/DATASETS/CodecFake/train/F01_p300_278.wav,1
/USERSPACE/DATASETS/CodecFake/train/F01_SSB09870131.wav,1
/USERSPACE/DATASETS/CodecFake/train/F01_SSB03660088.wav,1
/USERSPACE/DATASETS/CodecFake/train/F01_SSB11350208.wav,1
/USERSPACE/DATASETS/CodecFake/train/F01_SSB04820419.wav,1
/USERSPACE/DATASETS/CodecFake/train/F01_SSB06290337.wav,1
/USERSPACE/DATASETS/CodecFake/train/F01_SSB00110230.wav,1
/USERSPACE/DATASETS/CodecFake/train/F01_p362_106.wav,1
/USERSPACE/DATASETS/CodecFake/train/F01_SSB17390356.wav,1
/USERSPACE/DATASETS/CodecFake/train/F01_SSB04820274.wav,1
/USERSPACE/DATASETS/CodecFake/train/F01_p264_180.wav,1
/USERSPACE/DATASETS/CodecFake/train/F01_p226_303.wav,1
/USERSPACE/DATASETS/CodecFake/train/F01_p258_052.wav,1
/USERSPACE/DATASETS/CodecFake/train/F01_SSB03380358.wav,1
/USERSPACE/DATASETS/CodecFake/train/F01_p283_377.wav,1
/USERSPACE/DATASETS/CodecFake/train/F01_SSB02670242.wav,1
/USERSPACE/DATASETS/CodecFake/train/F01_SSB07230169.wav,1
/USERSPACE/DATASETS/CodecFake/train/F01_p266_310.wav,1
/USERSPACE/DATASETS/CodecFake/train/F01_SSB07200039.wav,1
/USERSPACE/DATASETS/CodecFake/train/F01_SSB08870275.wav,1
/USERSPACE/DATASETS/CodecFake/train/F01_SSB19180307.wav,1
/USERSPACE/DATASETS/CodecFake/train/F01_SSB11250324.wav,1
/USERSPACE/DATASETS/CodecFake/train/F01_SSB10080156.wav,1
/USERSPACE/DATASETS/CodecFake/train/F01_SSB08220036.wav,1
/USERSPACE/DATASETS/CodecFake/train/F01_p233_136.wav,1
/USERSPACE/DATASETS/CodecFake/train/F01_SSB13280127.wav,1
/USERSPACE/DATASETS/CodecFake/train/F01_SSB04700345.wav,1
/USERSPACE/DATASETS/CodecFake/train/F01_p299_251.wav,1
/USERSPACE/DATASETS/CodecFake/train/F01_SSB03660189.wav,1
/USERSPACE/DATASETS/CodecFake/train/F01_p228_096.wav,1
/USERSPACE/DATASETS/CodecFake/train/F01_p310_350.wav,1
/USERSPACE/DATASETS/CodecFake/train/F01_SSB19390086.wav,1
/USERSPACE/DATASETS/CodecFake/train/F01_p264_341.wav,1
/USERSPACE/DATASETS/CodecFake/train/F01_SSB07510018.wav,1
/USERSPACE/DATASETS/CodecFake/train/F01_p343_034.wav,1
/USERSPACE/DATASETS/CodecFake/train/F01_p341_363.wav,1
/USERSPACE/DATASETS/CodecFake/train/F01_SSB00430333.wav,1
/USERSPACE/DATASETS/CodecFake/train/F01_SSB07000011.wav,1
/USERSPACE/DATASETS/CodecFake/train/F01_SSB04070413.wav,1
/USERSPACE/DATASETS/CodecFake/train/F01_SSB02880098.wav,1
/USERSPACE/DATASETS/CodecFake/train/F01_SSB00570332.wav,1
/USERSPACE/DATASETS/CodecFake/train/F01_SSB12150413.wav,1
/USERSPACE/DATASETS/CodecFake/train/F01_SSB19020162.wav,1
/USERSPACE/DATASETS/CodecFake/train/F01_SSB05340112.wav,1
/USERSPACE/DATASETS/CodecFake/train/F01_SSB00090481.wav,1
/USERSPACE/DATASETS/CodecFake/train/F01_SSB10550296.wav,1
/USERSPACE/DATASETS/CodecFake/train/F01_p232_242.wav,1
/USERSPACE/DATASETS/CodecFake/train/F01_SSB14480103.wav,1
/USERSPACE/DATASETS/CodecFake/train/F01_SSB01120003.wav,1
/USERSPACE/DATASETS/CodecFake/train/F01_SSB07780061.wav,1
/USERSPACE/DATASETS/CodecFake/train/F01_SSB03390298.wav,1
/USERSPACE/DATASETS/CodecFake/train/F01_SSB09870316.wav,1
/USERSPACE/DATASETS/CodecFake/train/F01_p277_316.wav,1
/USERSPACE/DATASETS/CodecFake/train/F01_SSB11970467.wav,1
/USERSPACE/DATASETS/CodecFake/train/F01_SSB19350060.wav,1
/USERSPACE/DATASETS/CodecFake/train/F01_p286_317.wav,1
/USERSPACE/DATASETS/CodecFake/train/F01_SSB17450137.wav,1
/USERSPACE/DATASETS/CodecFake/train/F01_p294_163.wav,1
/USERSPACE/DATASETS/CodecFake/train/F01_p258_331.wav,1
/USERSPACE/DATASETS/CodecFake/train/F01_p307_021.wav,1
/USERSPACE/DATASETS/CodecFake/train/F01_p252_058.wav,1
/USERSPACE/DATASETS/CodecFake/train/F01_SSB13850399.wav,1
/USERSPACE/DATASETS/CodecFake/train/F01_SSB06680161.wav,1
/USERSPACE/DATASETS/CodecFake/train/F01_SSB05650241.wav,1
/USERSPACE/DATASETS/CodecFake/train/F01_SSB12530155.wav,1
/USERSPACE/DATASETS/CodecFake/train/F01_p300_370.wav,1
/USERSPACE/DATASETS/CodecFake/train/F01_SSB07800200.wav,1
/USERSPACE/DATASETS/CodecFake/train/F01_SSB11310103.wav,1
/USERSPACE/DATASETS/CodecFake/train/F01_SSB01220222.wav,1
/USERSPACE/DATASETS/CodecFake/train/F01_p241_366.wav,1
/USERSPACE/DATASETS/CodecFake/train/F01_SSB01970448.wav,1
/USERSPACE/DATASETS/CodecFake/train/F01_SSB00730283.wav,1
/USERSPACE/DATASETS/CodecFake/train/F01_p341_073.wav,1
/USERSPACE/DATASETS/CodecFake/train/F01_SSB10200193.wav,1
/USERSPACE/DATASETS/CodecFake/train/F01_p251_268.wav,1
/USERSPACE/DATASETS/CodecFake/train/F01_SSB18100419.wav,1
/USERSPACE/DATASETS/CodecFake/train/F01_SSB01490260.wav,1
/USERSPACE/DATASETS/CodecFake/train/F01_SSB02670343.wav,1
/USERSPACE/DATASETS/CodecFake/train/F01_SSB05020324.wav,1
/USERSPACE/DATASETS/CodecFake/train/F01_p243_099.wav,1
/USERSPACE/DATASETS/CodecFake/train/F01_p260_108.wav,1
/USERSPACE/DATASETS/CodecFake/train/F01_SSB06290167.wav,1
/USERSPACE/DATASETS/CodecFake/train/F01_SSB09190432.wav,1
/USERSPACE/DATASETS/CodecFake/train/F01_SSB02880225.wav,1
/USERSPACE/DATASETS/CodecFake/train/F01_SSB02870049.wav,1
/USERSPACE/DATASETS/CodecFake/train/F01_SSB05940457.wav,1
/USERSPACE/DATASETS/CodecFake/train/F01_p284_327.wav,1
/USERSPACE/DATASETS/CodecFake/train/F01_p229_131.wav,1
/USERSPACE/DATASETS/CodecFake/train/F01_p343_191.wav,1
/USERSPACE/DATASETS/CodecFake/train/F01_SSB01330294.wav,1
/USERSPACE/DATASETS/CodecFake/train/F01_SSB15850054.wav,1
/USERSPACE/DATASETS/CodecFake/train/F01_SSB11260258.wav,1
/USERSPACE/DATASETS/CodecFake/train/F01_SSB09970298.wav,1
/USERSPACE/DATASETS/CodecFake/train/F01_p253_011.wav,1
/USERSPACE/DATASETS/CodecFake/train/F01_SSB09970289.wav,1
/USERSPACE/DATASETS/CodecFake/train/F01_SSB04820448.wav,1
/USERSPACE/DATASETS/CodecFake/train/F01_SSB10010148.wav,1
/USERSPACE/DATASETS/CodecFake/train/F01_SSB13220510.wav,1
/USERSPACE/DATASETS/CodecFake/train/F01_SSB09930484.wav,1
/USERSPACE/DATASETS/CodecFake/train/F01_SSB13220133.wav,1
/USERSPACE/DATASETS/CodecFake/train/F01_p274_321.wav,1
/USERSPACE/DATASETS/CodecFake/train/F01_p230_390.wav,1
/USERSPACE/DATASETS/CodecFake/train/F01_p299_135.wav,1
/USERSPACE/DATASETS/CodecFake/train/F01_SSB01930429.wav,1
/USERSPACE/DATASETS/CodecFake/train/F01_SSB11350303.wav,1
/USERSPACE/DATASETS/CodecFake/train/F01_SSB13020377.wav,1
/USERSPACE/DATASETS/CodecFake/train/F01_SSB11380036.wav,1
/USERSPACE/DATASETS/CodecFake/train/F01_p236_453.wav,1
/USERSPACE/DATASETS/CodecFake/train/F01_SSB06090166.wav,1
/USERSPACE/DATASETS/CodecFake/train/F01_p345_240.wav,1
/USERSPACE/DATASETS/CodecFake/train/F01_SSB13650435.wav,1
/USERSPACE/DATASETS/CodecFake/train/F01_SSB09660083.wav,1
/USERSPACE/DATASETS/CodecFake/train/F01_p249_083.wav,1
/USERSPACE/DATASETS/CodecFake/train/F01_p329_223.wav,1
/USERSPACE/DATASETS/CodecFake/train/F01_p273_030.wav,1
/USERSPACE/DATASETS/CodecFake/train/F01_SSB18100045.wav,1
/USERSPACE/DATASETS/CodecFake/train/F01_SSB02610124.wav,1
/USERSPACE/DATASETS/CodecFake/train/F01_SSB10010072.wav,1
/USERSPACE/DATASETS/CodecFake/train/F01_SSB10020184.wav,1
/USERSPACE/DATASETS/CodecFake/train/F01_p318_001.wav,1
/USERSPACE/DATASETS/CodecFake/train/F01_p261_356.wav,1
/USERSPACE/DATASETS/CodecFake/train/F01_SSB11610038.wav,1
/USERSPACE/DATASETS/CodecFake/train/F01_SSB07840430.wav,1
/USERSPACE/DATASETS/CodecFake/train/F01_SSB00330080.wav,1
/USERSPACE/DATASETS/CodecFake/train/F01_SSB03380057.wav,1
/USERSPACE/DATASETS/CodecFake/train/F01_SSB06680126.wav,1
/USERSPACE/DATASETS/CodecFake/train/F01_SSB15550031.wav,1
/USERSPACE/DATASETS/CodecFake/train/F01_p241_089.wav,1
/USERSPACE/DATASETS/CodecFake/train/F01_p246_303.wav,1
/USERSPACE/DATASETS/CodecFake/train/F01_SSB18320181.wav,1
/USERSPACE/DATASETS/CodecFake/train/F01_p268_236.wav,1
/USERSPACE/DATASETS/CodecFake/train/F01_SSB03150056.wav,1
/USERSPACE/DATASETS/CodecFake/train/F01_SSB15850392.wav,1
/USERSPACE/DATASETS/CodecFake/train/F01_SSB10560351.wav,1
/USERSPACE/DATASETS/CodecFake/train/F01_SSB04340157.wav,1
/USERSPACE/DATASETS/CodecFake/train/F01_SSB05650247.wav,1
/USERSPACE/DATASETS/CodecFake/train/F01_p284_388.wav,1
/USERSPACE/DATASETS/CodecFake/train/F01_SSB01330157.wav,1
/USERSPACE/DATASETS/CodecFake/train/F01_SSB01120055.wav,1
/USERSPACE/DATASETS/CodecFake/train/F01_SSB11260445.wav,1
/USERSPACE/DATASETS/CodecFake/train/F01_SSB04270307.wav,1
/USERSPACE/DATASETS/CodecFake/train/F01_p232_145.wav,1
/USERSPACE/DATASETS/CodecFake/train/F01_p314_027.wav,1
/USERSPACE/DATASETS/CodecFake/train/F01_p326_218.wav,1
/USERSPACE/DATASETS/CodecFake/train/F01_p302_130.wav,1
/USERSPACE/DATASETS/CodecFake/train/F01_p316_216.wav,1
/USERSPACE/DATASETS/CodecFake/train/F01_SSB01330286.wav,1
/USERSPACE/DATASETS/CodecFake/train/F01_SSB13850499.wav,1
/USERSPACE/DATASETS/CodecFake/train/F01_SSB18280233.wav,1
/USERSPACE/DATASETS/CodecFake/train/F01_SSB00730108.wav,1
/USERSPACE/DATASETS/CodecFake/train/F01_SSB03800118.wav,1
/USERSPACE/DATASETS/CodecFake/train/F01_SSB00730166.wav,1
/USERSPACE/DATASETS/CodecFake/train/F01_p267_316.wav,1
/USERSPACE/DATASETS/CodecFake/train/F01_SSB13660158.wav,1
/USERSPACE/DATASETS/CodecFake/train/F01_SSB06030320.wav,1
/USERSPACE/DATASETS/CodecFake/train/F01_SSB14370312.wav,1
/USERSPACE/DATASETS/CodecFake/train/F01_SSB03950097.wav,1
/USERSPACE/DATASETS/CodecFake/train/F01_SSB11350288.wav,1
/USERSPACE/DATASETS/CodecFake/train/F01_p249_125.wav,1
/USERSPACE/DATASETS/CodecFake/train/F01_p266_333.wav,1
/USERSPACE/DATASETS/CodecFake/train/F01_SSB11610443.wav,1
/USERSPACE/DATASETS/CodecFake/train/F01_p301_122.wav,1
/USERSPACE/DATASETS/CodecFake/train/F01_SSB04260354.wav,1
/USERSPACE/DATASETS/CodecFake/train/F01_SSB02670405.wav,1
/USERSPACE/DATASETS/CodecFake/train/F01_SSB10720101.wav,1
/USERSPACE/DATASETS/CodecFake/train/F01_p283_313.wav,1
/USERSPACE/DATASETS/CodecFake/train/F01_SSB06060262.wav,1
/USERSPACE/DATASETS/CodecFake/train/F01_SSB13650237.wav,1
/USERSPACE/DATASETS/CodecFake/train/F01_SSB06140087.wav,1
/USERSPACE/DATASETS/CodecFake/train/F01_SSB05390366.wav,1
/USERSPACE/DATASETS/CodecFake/train/F01_p300_045.wav,1
/USERSPACE/DATASETS/CodecFake/train/F01_p283_415.wav,1
/USERSPACE/DATASETS/CodecFake/train/F01_SSB03750469.wav,1
/USERSPACE/DATASETS/CodecFake/train/F01_SSB07620054.wav,1
/USERSPACE/DATASETS/CodecFake/train/F01_SSB03540353.wav,1
/USERSPACE/DATASETS/CodecFake/train/F01_SSB08870222.wav,1
/USERSPACE/DATASETS/CodecFake/train/F01_SSB00730435.wav,1
/USERSPACE/DATASETS/CodecFake/train/F01_p238_053.wav,1
/USERSPACE/DATASETS/CodecFake/train/F01_SSB10200509.wav,1
/USERSPACE/DATASETS/CodecFake/train/F01_p267_185.wav,1
/USERSPACE/DATASETS/CodecFake/train/F01_SSB01450271.wav,1
/USERSPACE/DATASETS/CodecFake/train/F01_SSB09870373.wav,1
/USERSPACE/DATASETS/CodecFake/train/F01_SSB10010080.wav,1
/USERSPACE/DATASETS/CodecFake/train/F01_SSB18320051.wav,1
/USERSPACE/DATASETS/CodecFake/train/F01_SSB11870351.wav,1
/USERSPACE/DATASETS/CodecFake/train/F01_p310_200.wav,1
/USERSPACE/DATASETS/CodecFake/train/F01_SSB17820256.wav,1
/USERSPACE/DATASETS/CodecFake/train/F01_SSB00090427.wav,1
/USERSPACE/DATASETS/CodecFake/train/F01_p227_061.wav,1
/USERSPACE/DATASETS/CodecFake/train/F01_SSB07510276.wav,1
/USERSPACE/DATASETS/CodecFake/train/F01_SSB09130106.wav,1
/USERSPACE/DATASETS/CodecFake/train/F01_SSB02000218.wav,1
/USERSPACE/DATASETS/CodecFake/train/F01_SSB16070069.wav,1
/USERSPACE/DATASETS/CodecFake/train/F01_SSB14480243.wav,1
/USERSPACE/DATASETS/CodecFake/train/F01_SSB05350086.wav,1
/USERSPACE/DATASETS/CodecFake/train/F01_SSB09130359.wav,1
/USERSPACE/DATASETS/CodecFake/train/F01_p317_405.wav,1
/USERSPACE/DATASETS/CodecFake/train/F01_p278_330.wav,1
/USERSPACE/DATASETS/CodecFake/train/F01_SSB09870187.wav,1
/USERSPACE/DATASETS/CodecFake/train/F01_p270_265.wav,1
/USERSPACE/DATASETS/CodecFake/train/F01_SSB19390242.wav,1
/USERSPACE/DATASETS/CodecFake/train/F01_SSB03790161.wav,1
/USERSPACE/DATASETS/CodecFake/train/F01_SSB06140012.wav,1
/USERSPACE/DATASETS/CodecFake/train/F01_p305_299.wav,1
/USERSPACE/DATASETS/CodecFake/train/F01_SSB15670116.wav,1
/USERSPACE/DATASETS/CodecFake/train/F01_p286_183.wav,1
/USERSPACE/DATASETS/CodecFake/train/F01_SSB07360017.wav,1
/USERSPACE/DATASETS/CodecFake/train/F01_p243_121.wav,1
/USERSPACE/DATASETS/CodecFake/train/F01_p232_241.wav,1
/USERSPACE/DATASETS/CodecFake/train/F01_p343_104.wav,1
/USERSPACE/DATASETS/CodecFake/train/F01_p335_050.wav,1
/USERSPACE/DATASETS/CodecFake/train/F01_p314_379.wav,1
/USERSPACE/DATASETS/CodecFake/train/F01_SSB11000486.wav,1
/USERSPACE/DATASETS/CodecFake/train/F01_p271_341.wav,1
/USERSPACE/DATASETS/CodecFake/train/F01_SSB07020445.wav,1
/USERSPACE/DATASETS/CodecFake/train/F01_p305_107.wav,1
/USERSPACE/DATASETS/CodecFake/train/F01_SSB13200306.wav,1
/USERSPACE/DATASETS/CodecFake/train/F01_SSB10010333.wav,1
/USERSPACE/DATASETS/CodecFake/train/F01_SSB05940422.wav,1
/USERSPACE/DATASETS/CodecFake/train/F01_SSB03380475.wav,1
/USERSPACE/DATASETS/CodecFake/train/F01_SSB07360042.wav,1
/USERSPACE/DATASETS/CodecFake/train/F01_p287_158.wav,1
/USERSPACE/DATASETS/CodecFake/train/F01_p227_123.wav,1
/USERSPACE/DATASETS/CodecFake/train/F01_SSB13990013.wav,1
/USERSPACE/DATASETS/CodecFake/train/F01_p244_191.wav,1
/USERSPACE/DATASETS/CodecFake/train/F01_SSB09930350.wav,1
/USERSPACE/DATASETS/CodecFake/train/F01_SSB09130269.wav,1
/USERSPACE/DATASETS/CodecFake/train/F01_SSB07100175.wav,1
/USERSPACE/DATASETS/CodecFake/train/F01_p293_301.wav,1
/USERSPACE/DATASETS/CodecFake/train/F01_SSB17820193.wav,1
/USERSPACE/DATASETS/CodecFake/train/F01_SSB14480385.wav,1
/USERSPACE/DATASETS/CodecFake/train/F01_p288_080.wav,1
/USERSPACE/DATASETS/CodecFake/train/F01_SSB08090264.wav,1
/USERSPACE/DATASETS/CodecFake/train/F01_SSB06930159.wav,1
/USERSPACE/DATASETS/CodecFake/train/F01_SSB05990302.wav,1
/USERSPACE/DATASETS/CodecFake/train/F01_p317_026.wav,1
/USERSPACE/DATASETS/CodecFake/train/F01_SSB02730075.wav,1
/USERSPACE/DATASETS/CodecFake/train/F01_p268_407.wav,1
/USERSPACE/DATASETS/CodecFake/train/F01_SSB04340391.wav,1
/USERSPACE/DATASETS/CodecFake/train/F01_SSB07360072.wav,1
/USERSPACE/DATASETS/CodecFake/train/F01_SSB04070393.wav,1
/USERSPACE/DATASETS/CodecFake/train/F01_SSB17450295.wav,1
/USERSPACE/DATASETS/CodecFake/train/F01_SSB15630295.wav,1
/USERSPACE/DATASETS/CodecFake/train/F01_p295_266.wav,1
/USERSPACE/DATASETS/CodecFake/train/F01_p260_264.wav,1
/USERSPACE/DATASETS/CodecFake/train/F01_SSB17390476.wav,1
/USERSPACE/DATASETS/CodecFake/train/F01_SSB08170472.wav,1
/USERSPACE/DATASETS/CodecFake/train/F01_SSB03800343.wav,1
/USERSPACE/DATASETS/CodecFake/train/F01_SSB09190284.wav,1
/USERSPACE/DATASETS/CodecFake/train/F01_SSB06010029.wav,1
/USERSPACE/DATASETS/CodecFake/train/F01_SSB07480475.wav,1
/USERSPACE/DATASETS/CodecFake/train/F01_SSB05020319.wav,1
/USERSPACE/DATASETS/CodecFake/train/F01_p295_380.wav,1
/USERSPACE/DATASETS/CodecFake/train/F01_SSB10200212.wav,1
/USERSPACE/DATASETS/CodecFake/train/F01_SSB09660326.wav,1
/USERSPACE/DATASETS/CodecFake/train/F01_p287_069.wav,1
/USERSPACE/DATASETS/CodecFake/train/F01_p250_465.wav,1
/USERSPACE/DATASETS/CodecFake/train/F01_SSB02000174.wav,1
/USERSPACE/DATASETS/CodecFake/train/F01_p299_037.wav,1
/USERSPACE/DATASETS/CodecFake/train/F01_SSB01120242.wav,1
/USERSPACE/DATASETS/CodecFake/train/F01_SSB19390087.wav,1
/USERSPACE/DATASETS/CodecFake/train/F01_SSB10550146.wav,1
/USERSPACE/DATASETS/CodecFake/train/F01_SSB05390021.wav,1
/USERSPACE/DATASETS/CodecFake/train/F01_SSB12030260.wav,1
/USERSPACE/DATASETS/CodecFake/train/F01_p361_353.wav,1
/USERSPACE/DATASETS/CodecFake/train/F01_SSB18320318.wav,1
/USERSPACE/DATASETS/CodecFake/train/F01_SSB05900027.wav,1
/USERSPACE/DATASETS/CodecFake/train/F01_p298_015.wav,1
/USERSPACE/DATASETS/CodecFake/train/F01_p314_052.wav,1
/USERSPACE/DATASETS/CodecFake/train/F01_SSB02880379.wav,1
/USERSPACE/DATASETS/CodecFake/train/F01_SSB01930003.wav,1
/USERSPACE/DATASETS/CodecFake/train/F01_SSB00050338.wav,1
/USERSPACE/DATASETS/CodecFake/train/F01_SSB06860365.wav,1
/USERSPACE/DATASETS/CodecFake/train/F01_p280_213.wav,1
/USERSPACE/DATASETS/CodecFake/train/F01_p246_214.wav,1
/USERSPACE/DATASETS/CodecFake/train/F01_SSB13020042.wav,1
/USERSPACE/DATASETS/CodecFake/train/F01_p248_296.wav,1
/USERSPACE/DATASETS/CodecFake/train/F01_SSB07360075.wav,1
/USERSPACE/DATASETS/CodecFake/train/F01_SSB07370155.wav,1
/USERSPACE/DATASETS/CodecFake/train/F01_SSB03410161.wav,1
/USERSPACE/DATASETS/CodecFake/train/F01_SSB06090295.wav,1
/USERSPACE/DATASETS/CodecFake/train/F01_SSB09660432.wav,1
/USERSPACE/DATASETS/CodecFake/train/F01_SSB17820301.wav,1
/USERSPACE/DATASETS/CodecFake/train/F01_SSB18460210.wav,1
/USERSPACE/DATASETS/CodecFake/train/F01_SSB19560282.wav,1
/USERSPACE/DATASETS/CodecFake/train/F01_p264_006.wav,1
/USERSPACE/DATASETS/CodecFake/train/F01_SSB06320444.wav,1
/USERSPACE/DATASETS/CodecFake/train/F01_SSB15670131.wav,1
/USERSPACE/DATASETS/CodecFake/train/F01_SSB00380468.wav,1
/USERSPACE/DATASETS/CodecFake/train/F01_SSB10560285.wav,1
/USERSPACE/DATASETS/CodecFake/train/F01_SSB00160105.wav,1
/USERSPACE/DATASETS/CodecFake/train/F01_SSB01930214.wav,1
/USERSPACE/DATASETS/CodecFake/train/F01_SSB06290067.wav,1
/USERSPACE/DATASETS/CodecFake/train/F01_SSB03390102.wav,1
/USERSPACE/DATASETS/CodecFake/train/F01_SSB19560381.wav,1
/USERSPACE/DATASETS/CodecFake/train/F01_SSB04260360.wav,1
/USERSPACE/DATASETS/CodecFake/train/F01_SSB10000442.wav,1
/USERSPACE/DATASETS/CodecFake/train/F01_SSB13400272.wav,1
/USERSPACE/DATASETS/CodecFake/train/F01_p268_081.wav,1
/USERSPACE/DATASETS/CodecFake/train/F01_SSB09350475.wav,1
/USERSPACE/DATASETS/CodecFake/train/F01_SSB04700007.wav,1
/USERSPACE/DATASETS/CodecFake/train/F01_SSB07000179.wav,1
/USERSPACE/DATASETS/CodecFake/train/F01_SSB16500052.wav,1
/USERSPACE/DATASETS/CodecFake/train/F01_SSB10640286.wav,1
/USERSPACE/DATASETS/CodecFake/train/F01_SSB16500154.wav,1
/USERSPACE/DATASETS/CodecFake/train/F01_SSB07160121.wav,1
/USERSPACE/DATASETS/CodecFake/train/F01_SSB07940027.wav,1
/USERSPACE/DATASETS/CodecFake/train/F01_p270_251.wav,1
/USERSPACE/DATASETS/CodecFake/train/F01_SSB07230093.wav,1
/USERSPACE/DATASETS/CodecFake/train/F01_SSB02610103.wav,1
/USERSPACE/DATASETS/CodecFake/train/F01_SSB02730237.wav,1
/USERSPACE/DATASETS/CodecFake/train/F01_SSB10910151.wav,1
/USERSPACE/DATASETS/CodecFake/train/F01_SSB07020239.wav,1
/USERSPACE/DATASETS/CodecFake/train/F01_SSB04270381.wav,1
/USERSPACE/DATASETS/CodecFake/train/F01_p231_069.wav,1
/USERSPACE/DATASETS/CodecFake/train/F01_p286_354.wav,1
/USERSPACE/DATASETS/CodecFake/train/F01_SSB06030445.wav,1
/USERSPACE/DATASETS/CodecFake/train/F01_SSB03820428.wav,1
/USERSPACE/DATASETS/CodecFake/train/F01_SSB01120291.wav,1
/USERSPACE/DATASETS/CodecFake/train/F01_p274_389.wav,1
/USERSPACE/DATASETS/CodecFake/train/F01_SSB18280295.wav,1
/USERSPACE/DATASETS/CodecFake/train/F01_SSB04340142.wav,1
/USERSPACE/DATASETS/CodecFake/train/F01_SSB17280483.wav,1
/USERSPACE/DATASETS/CodecFake/train/F01_SSB08710344.wav,1
/USERSPACE/DATASETS/CodecFake/train/F01_p284_301.wav,1
/USERSPACE/DATASETS/CodecFake/train/F01_p234_055.wav,1
/USERSPACE/DATASETS/CodecFake/train/F01_SSB01450238.wav,1
/USERSPACE/DATASETS/CodecFake/train/F01_SSB17390222.wav,1
/USERSPACE/DATASETS/CodecFake/train/F01_SSB18910437.wav,1
/USERSPACE/DATASETS/CodecFake/train/F01_SSB09350355.wav,1
/USERSPACE/DATASETS/CodecFake/train/F01_SSB06030166.wav,1
/USERSPACE/DATASETS/CodecFake/train/F01_SSB06090234.wav,1
/USERSPACE/DATASETS/CodecFake/train/F01_p341_288.wav,1
/USERSPACE/DATASETS/CodecFake/train/F01_p304_197.wav,1
/USERSPACE/DATASETS/CodecFake/train/F01_SSB11360082.wav,1
/USERSPACE/DATASETS/CodecFake/train/F01_p376_183.wav,1
/USERSPACE/DATASETS/CodecFake/train/F01_SSB00120376.wav,1
/USERSPACE/DATASETS/CodecFake/train/F01_SSB06860235.wav,1
/USERSPACE/DATASETS/CodecFake/train/F01_p256_085.wav,1
/USERSPACE/DATASETS/CodecFake/train/F01_p339_045.wav,1
/USERSPACE/DATASETS/CodecFake/train/F01_SSB07200307.wav,1
/USERSPACE/DATASETS/CodecFake/train/F01_p333_056.wav,1
/USERSPACE/DATASETS/CodecFake/train/F01_p339_187.wav,1
/USERSPACE/DATASETS/CodecFake/train/F01_p298_314.wav,1
/USERSPACE/DATASETS/CodecFake/train/F01_SSB01490436.wav,1
/USERSPACE/DATASETS/CodecFake/train/F01_SSB03790266.wav,1
/USERSPACE/DATASETS/CodecFake/train/F01_SSB02460107.wav,1
/USERSPACE/DATASETS/CodecFake/train/F01_SSB02000285.wav,1
/USERSPACE/DATASETS/CodecFake/train/F01_SSB17110155.wav,1
/USERSPACE/DATASETS/CodecFake/train/F01_SSB03930042.wav,1
/USERSPACE/DATASETS/CodecFake/train/F01_SSB03940400.wav,1
/USERSPACE/DATASETS/CodecFake/train/F01_p264_039.wav,1
/USERSPACE/DATASETS/CodecFake/train/F01_SSB12030147.wav,1
/USERSPACE/DATASETS/CodecFake/train/F01_SSB07230152.wav,1
/USERSPACE/DATASETS/CodecFake/train/F01_SSB06710188.wav,1
/USERSPACE/DATASETS/CodecFake/train/F01_p279_032.wav,1
/USERSPACE/DATASETS/CodecFake/train/F01_p329_026.wav,1
/USERSPACE/DATASETS/CodecFake/train/F01_SSB11260428.wav,1
/USERSPACE/DATASETS/CodecFake/train/F01_SSB12180440.wav,1
/USERSPACE/DATASETS/CodecFake/train/F01_p304_077.wav,1
/USERSPACE/DATASETS/CodecFake/train/F01_SSB09350175.wav,1
/USERSPACE/DATASETS/CodecFake/train/F01_SSB12030289.wav,1
/USERSPACE/DATASETS/CodecFake/train/F01_SSB02730251.wav,1
/USERSPACE/DATASETS/CodecFake/train/F01_SSB06060004.wav,1
/USERSPACE/DATASETS/CodecFake/train/F01_SSB06930284.wav,1
/USERSPACE/DATASETS/CodecFake/train/F01_SSB05780295.wav,1
/USERSPACE/DATASETS/CodecFake/train/F01_SSB18320018.wav,1
/USERSPACE/DATASETS/CodecFake/train/F01_SSB08870051.wav,1
/USERSPACE/DATASETS/CodecFake/train/F01_p238_156.wav,1
/USERSPACE/DATASETS/CodecFake/train/F01_p266_047.wav,1
/USERSPACE/DATASETS/CodecFake/train/F01_p341_330.wav,1
/USERSPACE/DATASETS/CodecFake/train/F01_p360_178.wav,1
/USERSPACE/DATASETS/CodecFake/train/F01_SSB16990170.wav,1
/USERSPACE/DATASETS/CodecFake/train/F01_SSB00570479.wav,1
/USERSPACE/DATASETS/CodecFake/train/F01_SSB06060283.wav,1
/USERSPACE/DATASETS/CodecFake/train/F01_SSB16990202.wav,1
/USERSPACE/DATASETS/CodecFake/train/F01_SSB14370027.wav,1
/USERSPACE/DATASETS/CodecFake/train/F01_p259_015.wav,1
/USERSPACE/DATASETS/CodecFake/train/F01_p229_361.wav,1
/USERSPACE/DATASETS/CodecFake/train/F01_p351_230.wav,1
/USERSPACE/DATASETS/CodecFake/train/F01_SSB15630260.wav,1
/USERSPACE/DATASETS/CodecFake/train/F01_SSB06070485.wav,1
/USERSPACE/DATASETS/CodecFake/train/F01_SSB02990109.wav,1
/USERSPACE/DATASETS/CodecFake/train/F01_SSB07510220.wav,1
/USERSPACE/DATASETS/CodecFake/train/F01_p274_448.wav,1
/USERSPACE/DATASETS/CodecFake/train/F01_SSB16250214.wav,1
/USERSPACE/DATASETS/CodecFake/train/F01_p313_369.wav,1
/USERSPACE/DATASETS/CodecFake/train/F01_SSB02000191.wav,1
/USERSPACE/DATASETS/CodecFake/train/F01_SSB14480226.wav,1
/USERSPACE/DATASETS/CodecFake/train/F01_SSB14570410.wav,1
/USERSPACE/DATASETS/CodecFake/train/F01_p374_190.wav,1
/USERSPACE/DATASETS/CodecFake/train/F01_p250_012.wav,1
/USERSPACE/DATASETS/CodecFake/train/F01_SSB07160107.wav,1
/USERSPACE/DATASETS/CodecFake/train/F01_SSB12030129.wav,1
/USERSPACE/DATASETS/CodecFake/train/F01_SSB10240430.wav,1
/USERSPACE/DATASETS/CodecFake/train/F01_SSB11150018.wav,1
/USERSPACE/DATASETS/CodecFake/train/F01_p287_306.wav,1
/USERSPACE/DATASETS/CodecFake/train/F01_SSB15630036.wav,1
/USERSPACE/DATASETS/CodecFake/train/F01_SSB06010412.wav,1
/USERSPACE/DATASETS/CodecFake/train/F01_SSB17110138.wav,1
/USERSPACE/DATASETS/CodecFake/train/F01_SSB06070356.wav,1
/USERSPACE/DATASETS/CodecFake/train/F01_p284_017.wav,1
/USERSPACE/DATASETS/CodecFake/train/F01_SSB10020270.wav,1
/USERSPACE/DATASETS/CodecFake/train/F01_SSB03850145.wav,1
/USERSPACE/DATASETS/CodecFake/train/F01_SSB02990138.wav,1
/USERSPACE/DATASETS/CodecFake/train/F01_SSB03410208.wav,1
/USERSPACE/DATASETS/CodecFake/train/F01_p294_339.wav,1
/USERSPACE/DATASETS/CodecFake/train/F01_SSB19560288.wav,1
/USERSPACE/DATASETS/CodecFake/train/F01_SSB04350332.wav,1
/USERSPACE/DATASETS/CodecFake/train/F01_SSB06860177.wav,1
/USERSPACE/DATASETS/CodecFake/train/F01_SSB02990228.wav,1
/USERSPACE/DATASETS/CodecFake/train/F01_p239_414.wav,1
/USERSPACE/DATASETS/CodecFake/train/F01_SSB12740245.wav,1
/USERSPACE/DATASETS/CodecFake/train/F01_SSB14370295.wav,1
/USERSPACE/DATASETS/CodecFake/train/F01_SSB02410067.wav,1
/USERSPACE/DATASETS/CodecFake/train/F01_SSB07460173.wav,1
/USERSPACE/DATASETS/CodecFake/train/F01_p293_388.wav,1
/USERSPACE/DATASETS/CodecFake/train/F01_SSB07490176.wav,1
/USERSPACE/DATASETS/CodecFake/train/F01_SSB13990203.wav,1
/USERSPACE/DATASETS/CodecFake/train/F01_SSB03800206.wav,1
/USERSPACE/DATASETS/CodecFake/train/F01_SSB00110376.wav,1
/USERSPACE/DATASETS/CodecFake/train/F01_SSB03750138.wav,1
/USERSPACE/DATASETS/CodecFake/train/F01_SSB11310342.wav,1
/USERSPACE/DATASETS/CodecFake/train/F01_SSB07460269.wav,1
/USERSPACE/DATASETS/CodecFake/train/F01_p285_398.wav,1
/USERSPACE/DATASETS/CodecFake/train/F01_SSB08710030.wav,1
/USERSPACE/DATASETS/CodecFake/train/F01_SSB05900338.wav,1
/USERSPACE/DATASETS/CodecFake/train/F01_p271_038.wav,1
/USERSPACE/DATASETS/CodecFake/train/F01_SSB06860431.wav,1
/USERSPACE/DATASETS/CodecFake/train/F01_SSB06090017.wav,1
/USERSPACE/DATASETS/CodecFake/train/F01_p330_395.wav,1
/USERSPACE/DATASETS/CodecFake/train/F01_SSB01930389.wav,1
/USERSPACE/DATASETS/CodecFake/train/F01_SSB04260264.wav,1
/USERSPACE/DATASETS/CodecFake/train/F01_SSB07600097.wav,1
/USERSPACE/DATASETS/CodecFake/train/F01_SSB07600051.wav,1
/USERSPACE/DATASETS/CodecFake/train/F01_SSB10200417.wav,1
/USERSPACE/DATASETS/CodecFake/train/F01_SSB06310035.wav,1
/USERSPACE/DATASETS/CodecFake/train/F01_SSB16840465.wav,1
/USERSPACE/DATASETS/CodecFake/train/F01_SSB02460443.wav,1
/USERSPACE/DATASETS/CodecFake/train/F01_SSB03090113.wav,1
/USERSPACE/DATASETS/CodecFake/train/F01_SSB00160489.wav,1
/USERSPACE/DATASETS/CodecFake/train/F01_p318_345.wav,1
/USERSPACE/DATASETS/CodecFake/train/F01_p233_058.wav,1
/USERSPACE/DATASETS/CodecFake/train/F01_p292_134.wav,1
/USERSPACE/DATASETS/CodecFake/train/F01_p266_112.wav,1
/USERSPACE/DATASETS/CodecFake/train/F01_p275_044.wav,1
/USERSPACE/DATASETS/CodecFake/train/F01_p236_185.wav,1
/USERSPACE/DATASETS/CodecFake/train/F01_SSB07100463.wav,1
/USERSPACE/DATASETS/CodecFake/train/F01_SSB01330059.wav,1
/USERSPACE/DATASETS/CodecFake/train/F01_SSB06030102.wav,1
/USERSPACE/DATASETS/CodecFake/train/F01_p283_388.wav,1
/USERSPACE/DATASETS/CodecFake/train/F01_SSB10720319.wav,1
/USERSPACE/DATASETS/CodecFake/train/F01_SSB04700028.wav,1
/USERSPACE/DATASETS/CodecFake/train/F01_SSB11250204.wav,1
/USERSPACE/DATASETS/CodecFake/train/F01_p273_173.wav,1
/USERSPACE/DATASETS/CodecFake/train/F01_SSB10010063.wav,1
/USERSPACE/DATASETS/CodecFake/train/F01_SSB01120102.wav,1
/USERSPACE/DATASETS/CodecFake/train/F01_p360_297.wav,1
/USERSPACE/DATASETS/CodecFake/train/F01_p302_197.wav,1
/USERSPACE/DATASETS/CodecFake/train/F01_SSB03380113.wav,1
/USERSPACE/DATASETS/CodecFake/train/F01_p282_029.wav,1
/USERSPACE/DATASETS/CodecFake/train/F01_SSB13990240.wav,1
/USERSPACE/DATASETS/CodecFake/train/F01_p266_061.wav,1
/USERSPACE/DATASETS/CodecFake/train/F01_SSB06660079.wav,1
/USERSPACE/DATASETS/CodecFake/train/F01_SSB10240389.wav,1
/USERSPACE/DATASETS/CodecFake/train/F01_SSB15630112.wav,1
/USERSPACE/DATASETS/CodecFake/train/F01_SSB14080125.wav,1
/USERSPACE/DATASETS/CodecFake/train/F01_SSB07200004.wav,1
/USERSPACE/DATASETS/CodecFake/train/F01_SSB13400194.wav,1
/USERSPACE/DATASETS/CodecFake/train/F01_p270_319.wav,1
/USERSPACE/DATASETS/CodecFake/train/F01_SSB02990083.wav,1
/USERSPACE/DATASETS/CodecFake/train/F01_p297_183.wav,1
/USERSPACE/DATASETS/CodecFake/train/F01_SSB07000459.wav,1
/USERSPACE/DATASETS/CodecFake/train/F01_p271_337.wav,1
/USERSPACE/DATASETS/CodecFake/train/F01_SSB01450134.wav,1
/USERSPACE/DATASETS/CodecFake/train/F01_SSB05390244.wav,1
/USERSPACE/DATASETS/CodecFake/train/F01_p362_036.wav,1
/USERSPACE/DATASETS/CodecFake/train/F01_SSB01970400.wav,1
/USERSPACE/DATASETS/CodecFake/train/F01_SSB07230234.wav,1
/USERSPACE/DATASETS/CodecFake/train/F01_SSB06930060.wav,1
/USERSPACE/DATASETS/CodecFake/train/F01_SSB06680071.wav,1
/USERSPACE/DATASETS/CodecFake/train/F01_SSB13990157.wav,1
/USERSPACE/DATASETS/CodecFake/train/F01_SSB06860214.wav,1
/USERSPACE/DATASETS/CodecFake/train/F01_p345_353.wav,1
/USERSPACE/DATASETS/CodecFake/train/F01_SSB13820241.wav,1
/USERSPACE/DATASETS/CodecFake/train/F01_SSB09870063.wav,1
/USERSPACE/DATASETS/CodecFake/train/F01_p364_267.wav,1
/USERSPACE/DATASETS/CodecFake/train/F01_p269_015.wav,1
/USERSPACE/DATASETS/CodecFake/train/F01_SSB00110065.wav,1
/USERSPACE/DATASETS/CodecFake/train/F01_SSB12530204.wav,1
/USERSPACE/DATASETS/CodecFake/train/F01_p316_096.wav,1
/USERSPACE/DATASETS/CodecFake/train/F01_p312_220.wav,1
/USERSPACE/DATASETS/CodecFake/train/F01_p252_338.wav,1
/USERSPACE/DATASETS/CodecFake/train/F01_SSB00570192.wav,1
/USERSPACE/DATASETS/CodecFake/train/F01_p237_309.wav,1
/USERSPACE/DATASETS/CodecFake/train/F01_SSB11000422.wav,1
/USERSPACE/DATASETS/CodecFake/train/F01_SSB04340360.wav,1
/USERSPACE/DATASETS/CodecFake/train/F01_SSB15670257.wav,1
/USERSPACE/DATASETS/CodecFake/train/F01_SSB16070122.wav,1
/USERSPACE/DATASETS/CodecFake/train/F01_SSB14520099.wav,1
/USERSPACE/DATASETS/CodecFake/train/F01_SSB00160461.wav,1
/USERSPACE/DATASETS/CodecFake/train/F01_p279_122.wav,1
/USERSPACE/DATASETS/CodecFake/train/F01_p250_084.wav,1
/USERSPACE/DATASETS/CodecFake/train/F01_p241_210.wav,1
/USERSPACE/DATASETS/CodecFake/train/F01_SSB06290051.wav,1
/USERSPACE/DATASETS/CodecFake/train/F01_SSB07860052.wav,1
/USERSPACE/DATASETS/CodecFake/train/F01_SSB12190080.wav,1
/USERSPACE/DATASETS/CodecFake/train/F01_SSB19020288.wav,1
/USERSPACE/DATASETS/CodecFake/train/F01_p329_344.wav,1
/USERSPACE/DATASETS/CodecFake/train/F01_p304_283.wav,1
/USERSPACE/DATASETS/CodecFake/train/F01_p278_122.wav,1
/USERSPACE/DATASETS/CodecFake/train/F01_SSB03540074.wav,1
/USERSPACE/DATASETS/CodecFake/train/F01_p256_236.wav,1
/USERSPACE/DATASETS/CodecFake/train/F01_SSB07580250.wav,1
/USERSPACE/DATASETS/CodecFake/train/F01_p335_203.wav,1
/USERSPACE/DATASETS/CodecFake/train/F01_SSB16240329.wav,1
/USERSPACE/DATASETS/CodecFake/train/F01_p310_134.wav,1
/USERSPACE/DATASETS/CodecFake/train/F01_SSB00110066.wav,1
/USERSPACE/DATASETS/CodecFake/train/F01_SSB12530398.wav,1
/USERSPACE/DATASETS/CodecFake/train/F01_SSB09350285.wav,1
/USERSPACE/DATASETS/CodecFake/train/F01_SSB02670477.wav,1
/USERSPACE/DATASETS/CodecFake/train/F01_SSB03070279.wav,1
/USERSPACE/DATASETS/CodecFake/train/F01_SSB17110277.wav,1
/USERSPACE/DATASETS/CodecFake/train/F01_SSB07170049.wav,1
/USERSPACE/DATASETS/CodecFake/train/F01_p364_050.wav,1
/USERSPACE/DATASETS/CodecFake/train/F01_p273_202.wav,1
/USERSPACE/DATASETS/CodecFake/train/F01_p305_377.wav,1
/USERSPACE/DATASETS/CodecFake/train/F01_SSB00730019.wav,1
/USERSPACE/DATASETS/CodecFake/train/F01_p285_249.wav,1
/USERSPACE/DATASETS/CodecFake/train/F01_SSB06860129.wav,1
/USERSPACE/DATASETS/CodecFake/train/F01_SSB03380377.wav,1
/USERSPACE/DATASETS/CodecFake/train/F01_p240_225.wav,1
/USERSPACE/DATASETS/CodecFake/train/F01_p286_215.wav,1
/USERSPACE/DATASETS/CodecFake/train/F01_SSB16840059.wav,1
/USERSPACE/DATASETS/CodecFake/train/F01_SSB03940366.wav,1
/USERSPACE/DATASETS/CodecFake/train/F01_p306_174.wav,1
/USERSPACE/DATASETS/CodecFake/train/F01_SSB00120127.wav,1
/USERSPACE/DATASETS/CodecFake/train/F01_SSB04070389.wav,1
/USERSPACE/DATASETS/CodecFake/train/F01_SSB03950180.wav,1
/USERSPACE/DATASETS/CodecFake/train/F01_SSB07490472.wav,1
/USERSPACE/DATASETS/CodecFake/train/F01_SSB19390263.wav,1
/USERSPACE/DATASETS/CodecFake/train/F01_SSB11350015.wav,1
/USERSPACE/DATASETS/CodecFake/train/F01_SSB05900026.wav,1
/USERSPACE/DATASETS/CodecFake/train/F01_SSB12210262.wav,1
/USERSPACE/DATASETS/CodecFake/train/F01_SSB19180125.wav,1
/USERSPACE/DATASETS/CodecFake/train/F01_p360_392.wav,1
/USERSPACE/DATASETS/CodecFake/train/F01_SSB09350237.wav,1
/USERSPACE/DATASETS/CodecFake/train/F01_SSB05440297.wav,1
/USERSPACE/DATASETS/CodecFake/train/F01_SSB13650426.wav,1
/USERSPACE/DATASETS/CodecFake/train/F01_SSB01390010.wav,1
/USERSPACE/DATASETS/CodecFake/train/F01_SSB09130384.wav,1
/USERSPACE/DATASETS/CodecFake/train/F01_SSB18370434.wav,1
/USERSPACE/DATASETS/CodecFake/train/F01_SSB01490271.wav,1
/USERSPACE/DATASETS/CodecFake/train/F01_SSB07840492.wav,1
/USERSPACE/DATASETS/CodecFake/train/F01_p232_023.wav,1
/USERSPACE/DATASETS/CodecFake/train/F01_p286_020.wav,1
/USERSPACE/DATASETS/CodecFake/train/F01_p294_312.wav,1
/USERSPACE/DATASETS/CodecFake/train/F01_SSB03820175.wav,1
/USERSPACE/DATASETS/CodecFake/train/F01_p277_115.wav,1
/USERSPACE/DATASETS/CodecFake/train/F01_SSB10020281.wav,1
/USERSPACE/DATASETS/CodecFake/train/F01_SSB10240045.wav,1
/USERSPACE/DATASETS/CodecFake/train/F01_p312_102.wav,1
/USERSPACE/DATASETS/CodecFake/train/F01_SSB00570334.wav,1
/USERSPACE/DATASETS/CodecFake/train/F01_SSB09870250.wav,1
/USERSPACE/DATASETS/CodecFake/train/F01_SSB00090417.wav,1
/USERSPACE/DATASETS/CodecFake/train/F01_SSB11000271.wav,1
/USERSPACE/DATASETS/CodecFake/train/F01_p363_102.wav,1
/USERSPACE/DATASETS/CodecFake/train/F01_SSB00330333.wav,1
/USERSPACE/DATASETS/CodecFake/train/F01_SSB18060352.wav,1
/USERSPACE/DATASETS/CodecFake/train/F01_SSB04260453.wav,1
/USERSPACE/DATASETS/CodecFake/train/F01_p288_057.wav,1
/USERSPACE/DATASETS/CodecFake/train/F01_p360_417.wav,1
/USERSPACE/DATASETS/CodecFake/train/F01_p316_322.wav,1
/USERSPACE/DATASETS/CodecFake/train/F01_p336_301.wav,1
/USERSPACE/DATASETS/CodecFake/train/F01_p295_385.wav,1
/USERSPACE/DATASETS/CodecFake/train/F01_SSB15850110.wav,1
/USERSPACE/DATASETS/CodecFake/train/F01_p364_290.wav,1
/USERSPACE/DATASETS/CodecFake/train/F01_p275_414.wav,1
/USERSPACE/DATASETS/CodecFake/train/F01_SSB06090075.wav,1
/USERSPACE/DATASETS/CodecFake/train/F01_p275_402.wav,1
/USERSPACE/DATASETS/CodecFake/train/F01_p266_077.wav,1
/USERSPACE/DATASETS/CodecFake/train/F01_p265_138.wav,1
/USERSPACE/DATASETS/CodecFake/train/F01_SSB01970292.wav,1
/USERSPACE/DATASETS/CodecFake/train/F01_SSB03850394.wav,1
/USERSPACE/DATASETS/CodecFake/train/F01_SSB03070448.wav,1
/USERSPACE/DATASETS/CodecFake/train/F01_p232_372.wav,1
/USERSPACE/DATASETS/CodecFake/train/F01_SSB00090098.wav,1
/USERSPACE/DATASETS/CodecFake/train/F01_SSB10240449.wav,1
/USERSPACE/DATASETS/CodecFake/train/F01_SSB06060421.wav,1
/USERSPACE/DATASETS/CodecFake/train/F01_p336_142.wav,1
/USERSPACE/DATASETS/CodecFake/train/F01_p269_166.wav,1
/USERSPACE/DATASETS/CodecFake/train/F01_SSB00050228.wav,1
/USERSPACE/DATASETS/CodecFake/train/F01_SSB19180403.wav,1
/USERSPACE/DATASETS/CodecFake/train/F01_SSB19020469.wav,1
/USERSPACE/DATASETS/CodecFake/train/F01_SSB10910253.wav,1
/USERSPACE/DATASETS/CodecFake/train/F01_SSB11870070.wav,1
/USERSPACE/DATASETS/CodecFake/train/F01_SSB07460122.wav,1
/USERSPACE/DATASETS/CodecFake/train/F01_SSB07800074.wav,1
/USERSPACE/DATASETS/CodecFake/train/F01_p300_028.wav,1
/USERSPACE/DATASETS/CodecFake/train/F01_p362_409.wav,1
/USERSPACE/DATASETS/CodecFake/train/F01_SSB10910188.wav,1
/USERSPACE/DATASETS/CodecFake/train/F01_SSB04340251.wav,1
/USERSPACE/DATASETS/CodecFake/train/F01_SSB19020153.wav,1
/USERSPACE/DATASETS/CodecFake/train/F01_SSB00090120.wav,1
/USERSPACE/DATASETS/CodecFake/train/F01_SSB00120075.wav,1
/USERSPACE/DATASETS/CodecFake/train/F01_p336_048.wav,1
/USERSPACE/DATASETS/CodecFake/train/F01_SSB05440307.wav,1
/USERSPACE/DATASETS/CodecFake/train/F01_p232_324.wav,1
/USERSPACE/DATASETS/CodecFake/train/F01_SSB04260425.wav,1
/USERSPACE/DATASETS/CodecFake/train/F01_SSB06680100.wav,1
/USERSPACE/DATASETS/CodecFake/train/F01_SSB19560374.wav,1
/USERSPACE/DATASETS/CodecFake/train/F01_SSB07170184.wav,1
/USERSPACE/DATASETS/CodecFake/train/F01_SSB12530244.wav,1
/USERSPACE/DATASETS/CodecFake/train/F01_SSB07780387.wav,1
/USERSPACE/DATASETS/CodecFake/train/F01_SSB13650310.wav,1
/USERSPACE/DATASETS/CodecFake/train/F01_SSB18280199.wav,1
/USERSPACE/DATASETS/CodecFake/train/F01_SSB08170343.wav,1
/USERSPACE/DATASETS/CodecFake/train/F01_SSB00380473.wav,1
/USERSPACE/DATASETS/CodecFake/train/F01_SSB04260434.wav,1
/USERSPACE/DATASETS/CodecFake/train/F01_p341_048.wav,1
/USERSPACE/DATASETS/CodecFake/train/F01_SSB03750031.wav,1
/USERSPACE/DATASETS/CodecFake/train/F01_p263_390.wav,1
/USERSPACE/DATASETS/CodecFake/train/F01_SSB07800430.wav,1
/USERSPACE/DATASETS/CodecFake/train/F01_SSB07860167.wav,1
/USERSPACE/DATASETS/CodecFake/train/F01_SSB01930095.wav,1
/USERSPACE/DATASETS/CodecFake/train/F01_p255_313.wav,1
/USERSPACE/DATASETS/CodecFake/train/F01_SSB17110459.wav,1
/USERSPACE/DATASETS/CodecFake/train/F01_SSB18630384.wav,1
/USERSPACE/DATASETS/CodecFake/train/F01_SSB02000230.wav,1
/USERSPACE/DATASETS/CodecFake/train/F01_SSB13650303.wav,1
/USERSPACE/DATASETS/CodecFake/train/F01_p298_146.wav,1
/USERSPACE/DATASETS/CodecFake/train/F01_p253_299.wav,1
/USERSPACE/DATASETS/CodecFake/train/F01_p339_202.wav,1
/USERSPACE/DATASETS/CodecFake/train/F01_SSB16990203.wav,1
/USERSPACE/DATASETS/CodecFake/train/F01_p263_022.wav,1
/USERSPACE/DATASETS/CodecFake/train/F01_SSB00180118.wav,1
/USERSPACE/DATASETS/CodecFake/train/F01_SSB17810407.wav,1
/USERSPACE/DATASETS/CodecFake/train/F01_SSB16250103.wav,1
/USERSPACE/DATASETS/CodecFake/train/F01_p285_299.wav,1
/USERSPACE/DATASETS/CodecFake/train/F01_p238_001.wav,1
/USERSPACE/DATASETS/CodecFake/train/F01_p351_165.wav,1
/USERSPACE/DATASETS/CodecFake/train/F01_SSB09930498.wav,1
/USERSPACE/DATASETS/CodecFake/train/F01_SSB13770034.wav,1
/USERSPACE/DATASETS/CodecFake/train/F01_SSB06140162.wav,1
/USERSPACE/DATASETS/CodecFake/train/F01_SSB17280085.wav,1
/USERSPACE/DATASETS/CodecFake/train/F01_p243_246.wav,1
/USERSPACE/DATASETS/CodecFake/train/F01_SSB07600222.wav,1
/USERSPACE/DATASETS/CodecFake/train/F01_p304_234.wav,1
/USERSPACE/DATASETS/CodecFake/train/F01_SSB10720441.wav,1
/USERSPACE/DATASETS/CodecFake/train/F01_SSB03750325.wav,1
/USERSPACE/DATASETS/CodecFake/train/F01_p275_209.wav,1
/USERSPACE/DATASETS/CodecFake/train/F01_p317_110.wav,1
/USERSPACE/DATASETS/CodecFake/train/F01_SSB11870031.wav,1
/USERSPACE/DATASETS/CodecFake/train/F01_p247_341.wav,1
/USERSPACE/DATASETS/CodecFake/train/F01_SSB03390092.wav,1
/USERSPACE/DATASETS/CodecFake/train/F01_SSB12040184.wav,1
/USERSPACE/DATASETS/CodecFake/train/F01_SSB13410018.wav,1
/USERSPACE/DATASETS/CodecFake/train/F01_SSB03420269.wav,1
/USERSPACE/DATASETS/CodecFake/train/F01_p312_314.wav,1
/USERSPACE/DATASETS/CodecFake/train/F01_SSB01330325.wav,1
/USERSPACE/DATASETS/CodecFake/train/F01_SSB06140198.wav,1
/USERSPACE/DATASETS/CodecFake/train/F01_SSB11260344.wav,1
/USERSPACE/DATASETS/CodecFake/train/F01_p316_114.wav,1
/USERSPACE/DATASETS/CodecFake/train/F01_SSB19020198.wav,1
/USERSPACE/DATASETS/CodecFake/train/F01_SSB01390291.wav,1
/USERSPACE/DATASETS/CodecFake/train/F01_SSB18910476.wav,1
/USERSPACE/DATASETS/CodecFake/train/F01_p275_240.wav,1
/USERSPACE/DATASETS/CodecFake/train/F01_p238_218.wav,1
/USERSPACE/DATASETS/CodecFake/train/F01_SSB19180431.wav,1
/USERSPACE/DATASETS/CodecFake/train/F01_SSB06060218.wav,1
/USERSPACE/DATASETS/CodecFake/train/F01_SSB03070003.wav,1
/USERSPACE/DATASETS/CodecFake/train/F01_p281_382.wav,1
/USERSPACE/DATASETS/CodecFake/train/F01_SSB02990241.wav,1
/USERSPACE/DATASETS/CodecFake/train/F01_p262_064.wav,1
/USERSPACE/DATASETS/CodecFake/train/F01_SSB03750301.wav,1
/USERSPACE/DATASETS/CodecFake/train/F01_SSB06660208.wav,1
/USERSPACE/DATASETS/CodecFake/train/F01_SSB03930221.wav,1
/USERSPACE/DATASETS/CodecFake/train/F01_SSB13020068.wav,1
/USERSPACE/DATASETS/CodecFake/train/F01_SSB09190132.wav,1
/USERSPACE/DATASETS/CodecFake/train/F01_SSB13410454.wav,1
/USERSPACE/DATASETS/CodecFake/train/F01_SSB05990191.wav,1
/USERSPACE/DATASETS/CodecFake/train/F01_SSB08170198.wav,1
/USERSPACE/DATASETS/CodecFake/train/F01_p313_030.wav,1
/USERSPACE/DATASETS/CodecFake/train/F01_SSB06070414.wav,1
/USERSPACE/DATASETS/CodecFake/train/F01_SSB07600339.wav,1
/USERSPACE/DATASETS/CodecFake/train/F01_SSB08220102.wav,1
/USERSPACE/DATASETS/CodecFake/train/F01_SSB10640258.wav,1
/USERSPACE/DATASETS/CodecFake/train/F01_p374_308.wav,1
/USERSPACE/DATASETS/CodecFake/train/F01_p279_377.wav,1
/USERSPACE/DATASETS/CodecFake/train/F01_p273_244.wav,1
/USERSPACE/DATASETS/CodecFake/train/F01_SSB01930126.wav,1
/USERSPACE/DATASETS/CodecFake/train/F01_SSB10020146.wav,1
/USERSPACE/DATASETS/CodecFake/train/F01_p363_194.wav,1
/USERSPACE/DATASETS/CodecFake/train/F01_p334_131.wav,1
/USERSPACE/DATASETS/CodecFake/train/F01_SSB00180393.wav,1
/USERSPACE/DATASETS/CodecFake/train/F01_SSB07110347.wav,1
/USERSPACE/DATASETS/CodecFake/train/F01_SSB00160002.wav,1
/USERSPACE/DATASETS/CodecFake/train/F01_SSB17110108.wav,1
/USERSPACE/DATASETS/CodecFake/train/F01_SSB00570382.wav,1
/USERSPACE/DATASETS/CodecFake/train/F01_SSB01970329.wav,1
/USERSPACE/DATASETS/CodecFake/train/F01_SSB08220401.wav,1
/USERSPACE/DATASETS/CodecFake/train/F01_SSB00090058.wav,1
/USERSPACE/DATASETS/CodecFake/train/F01_SSB19180080.wav,1
/USERSPACE/DATASETS/CodecFake/train/F01_SSB06140186.wav,1
/USERSPACE/DATASETS/CodecFake/train/F01_SSB14080395.wav,1
/USERSPACE/DATASETS/CodecFake/train/F01_SSB02990500.wav,1
/USERSPACE/DATASETS/CodecFake/train/F01_SSB16300388.wav,1
/USERSPACE/DATASETS/CodecFake/train/F01_SSB07940397.wav,1
/USERSPACE/DATASETS/CodecFake/train/F01_SSB18280077.wav,1
/USERSPACE/DATASETS/CodecFake/train/F01_SSB00800366.wav,1
/USERSPACE/DATASETS/CodecFake/train/F01_p341_220.wav,1
/USERSPACE/DATASETS/CodecFake/train/F01_SSB03090141.wav,1
/USERSPACE/DATASETS/CodecFake/train/F01_SSB03820289.wav,1
/USERSPACE/DATASETS/CodecFake/train/F01_SSB13930212.wav,1
/USERSPACE/DATASETS/CodecFake/train/F01_SSB07160169.wav,1
/USERSPACE/DATASETS/CodecFake/train/F01_p333_164.wav,1
/USERSPACE/DATASETS/CodecFake/train/F01_SSB06090427.wav,1
/USERSPACE/DATASETS/CodecFake/train/F01_SSB02880409.wav,1
/USERSPACE/DATASETS/CodecFake/train/F01_SSB05390161.wav,1
/USERSPACE/DATASETS/CodecFake/train/F01_SSB05880153.wav,1
/USERSPACE/DATASETS/CodecFake/train/F01_SSB10010294.wav,1
/USERSPACE/DATASETS/CodecFake/train/F01_p283_411.wav,1
/USERSPACE/DATASETS/CodecFake/train/F01_SSB13930511.wav,1
/USERSPACE/DATASETS/CodecFake/train/F01_p260_281.wav,1
/USERSPACE/DATASETS/CodecFake/train/F01_SSB03850274.wav,1
/USERSPACE/DATASETS/CodecFake/train/F01_p312_176.wav,1
/USERSPACE/DATASETS/CodecFake/train/F01_SSB10240040.wav,1
/USERSPACE/DATASETS/CodecFake/train/F01_SSB13200251.wav,1
/USERSPACE/DATASETS/CodecFake/train/F01_p335_037.wav,1
/USERSPACE/DATASETS/CodecFake/train/F01_p244_214.wav,1
/USERSPACE/DATASETS/CodecFake/train/F01_p313_325.wav,1
/USERSPACE/DATASETS/CodecFake/train/F01_SSB10720086.wav,1
/USERSPACE/DATASETS/CodecFake/train/F01_SSB07160278.wav,1
/USERSPACE/DATASETS/CodecFake/train/F01_SSB02460288.wav,1
/USERSPACE/DATASETS/CodecFake/train/F01_SSB12530188.wav,1
/USERSPACE/DATASETS/CodecFake/train/F01_p243_132.wav,1
/USERSPACE/DATASETS/CodecFake/train/F01_SSB10010342.wav,1
/USERSPACE/DATASETS/CodecFake/train/F01_SSB11000051.wav,1
/USERSPACE/DATASETS/CodecFake/train/F01_p229_120.wav,1
/USERSPACE/DATASETS/CodecFake/train/F01_SSB07490436.wav,1
/USERSPACE/DATASETS/CodecFake/train/F01_p274_383.wav,1
/USERSPACE/DATASETS/CodecFake/train/F01_SSB04260390.wav,1
/USERSPACE/DATASETS/CodecFake/train/F01_SSB16300291.wav,1
/USERSPACE/DATASETS/CodecFake/train/F01_p333_177.wav,1
/USERSPACE/DATASETS/CodecFake/train/F01_p310_385.wav,1
/USERSPACE/DATASETS/CodecFake/train/F01_p228_197.wav,1
/USERSPACE/DATASETS/CodecFake/train/F01_SSB00730476.wav,1
/USERSPACE/DATASETS/CodecFake/train/F01_SSB16250209.wav,1
/USERSPACE/DATASETS/CodecFake/train/F01_SSB19350069.wav,1
/USERSPACE/DATASETS/CodecFake/train/F01_p279_224.wav,1
/USERSPACE/DATASETS/CodecFake/train/F01_SSB07490050.wav,1
/USERSPACE/DATASETS/CodecFake/train/F01_SSB07360387.wav,1
/USERSPACE/DATASETS/CodecFake/train/F01_p286_047.wav,1
/USERSPACE/DATASETS/CodecFake/train/F01_SSB19180300.wav,1
/USERSPACE/DATASETS/CodecFake/train/F01_p231_314.wav,1
/USERSPACE/DATASETS/CodecFake/train/F01_p243_223.wav,1
/USERSPACE/DATASETS/CodecFake/train/F01_SSB11360195.wav,1
/USERSPACE/DATASETS/CodecFake/train/F01_p288_343.wav,1
/USERSPACE/DATASETS/CodecFake/train/F01_p313_353.wav,1
/USERSPACE/DATASETS/CodecFake/train/F01_SSB06290195.wav,1
/USERSPACE/DATASETS/CodecFake/train/F01_SSB01220410.wav,1
/USERSPACE/DATASETS/CodecFake/train/F01_SSB00330284.wav,1
/USERSPACE/DATASETS/CodecFake/train/F01_p243_280.wav,1
/USERSPACE/DATASETS/CodecFake/train/F01_p339_349.wav,1
/USERSPACE/DATASETS/CodecFake/train/F01_SSB10200402.wav,1
/USERSPACE/DATASETS/CodecFake/train/F01_p308_363.wav,1
/USERSPACE/DATASETS/CodecFake/train/F01_SSB11310099.wav,1
/USERSPACE/DATASETS/CodecFake/train/F01_SSB07230081.wav,1
/USERSPACE/DATASETS/CodecFake/train/F01_SSB12390275.wav,1
/USERSPACE/DATASETS/CodecFake/train/F01_SSB17280066.wav,1
/USERSPACE/DATASETS/CodecFake/train/F01_p299_054.wav,1
/USERSPACE/DATASETS/CodecFake/train/F01_p299_194.wav,1
/USERSPACE/DATASETS/CodecFake/train/F01_SSB00330280.wav,1
/USERSPACE/DATASETS/CodecFake/train/F01_SSB04700419.wav,1
/USERSPACE/DATASETS/CodecFake/train/F01_SSB03160132.wav,1
/USERSPACE/DATASETS/CodecFake/train/F01_p251_204.wav,1
/USERSPACE/DATASETS/CodecFake/train/F01_SSB00330349.wav,1
/USERSPACE/DATASETS/CodecFake/train/F01_SSB08510140.wav,1
/USERSPACE/DATASETS/CodecFake/train/F01_SSB15670292.wav,1
/USERSPACE/DATASETS/CodecFake/train/F01_SSB08220289.wav,1
/USERSPACE/DATASETS/CodecFake/train/F01_SSB13820008.wav,1
/USERSPACE/DATASETS/CodecFake/train/F01_SSB18910067.wav,1
/USERSPACE/DATASETS/CodecFake/train/F01_p282_154.wav,1
/USERSPACE/DATASETS/CodecFake/train/F01_SSB06140112.wav,1
/USERSPACE/DATASETS/CodecFake/train/F01_p232_152.wav,1
/USERSPACE/DATASETS/CodecFake/train/F01_SSB10640315.wav,1
/USERSPACE/DATASETS/CodecFake/train/F01_SSB04070497.wav,1
/USERSPACE/DATASETS/CodecFake/train/F01_p265_179.wav,1
/USERSPACE/DATASETS/CodecFake/train/F01_p303_227.wav,1
/USERSPACE/DATASETS/CodecFake/train/F01_SSB07100301.wav,1
/USERSPACE/DATASETS/CodecFake/train/F01_p341_144.wav,1
/USERSPACE/DATASETS/CodecFake/train/F01_p250_467.wav,1
/USERSPACE/DATASETS/CodecFake/train/F01_SSB00050266.wav,1
/USERSPACE/DATASETS/CodecFake/train/F01_SSB15550262.wav,1
/USERSPACE/DATASETS/CodecFake/train/F01_p311_108.wav,1
/USERSPACE/DATASETS/CodecFake/train/F01_p364_278.wav,1
/USERSPACE/DATASETS/CodecFake/train/F01_SSB04270210.wav,1
/USERSPACE/DATASETS/CodecFake/train/F01_SSB09870342.wav,1
/USERSPACE/DATASETS/CodecFake/train/F01_SSB04270148.wav,1
/USERSPACE/DATASETS/CodecFake/train/F01_p227_211.wav,1
/USERSPACE/DATASETS/CodecFake/train/F01_p271_076.wav,1
/USERSPACE/DATASETS/CodecFake/train/F01_SSB02870263.wav,1
/USERSPACE/DATASETS/CodecFake/train/F01_SSB17810380.wav,1
/USERSPACE/DATASETS/CodecFake/train/F01_SSB04700260.wav,1
/USERSPACE/DATASETS/CodecFake/train/F01_SSB12180441.wav,1
/USERSPACE/DATASETS/CodecFake/train/F01_SSB04340083.wav,1
/USERSPACE/DATASETS/CodecFake/train/F01_p239_258.wav,1
/USERSPACE/DATASETS/CodecFake/train/F01_SSB10960158.wav,1
/USERSPACE/DATASETS/CodecFake/train/F01_p244_423.wav,1
/USERSPACE/DATASETS/CodecFake/train/F01_p360_314.wav,1
/USERSPACE/DATASETS/CodecFake/train/F01_SSB07800344.wav,1
/USERSPACE/DATASETS/CodecFake/train/F01_SSB03090042.wav,1
/USERSPACE/DATASETS/CodecFake/train/F01_SSB15850258.wav,1
/USERSPACE/DATASETS/CodecFake/train/F01_SSB03230030.wav,1
/USERSPACE/DATASETS/CodecFake/train/F01_p276_329.wav,1
/USERSPACE/DATASETS/CodecFake/train/F01_p272_228.wav,1
/USERSPACE/DATASETS/CodecFake/train/F01_p281_133.wav,1
/USERSPACE/DATASETS/CodecFake/train/F01_p281_373.wav,1
/USERSPACE/DATASETS/CodecFake/train/F01_p362_415.wav,1
/USERSPACE/DATASETS/CodecFake/train/F01_SSB18280339.wav,1
/USERSPACE/DATASETS/CodecFake/train/F01_SSB05440206.wav,1
/USERSPACE/DATASETS/CodecFake/train/F01_p278_153.wav,1
/USERSPACE/DATASETS/CodecFake/train/F01_p326_288.wav,1
/USERSPACE/DATASETS/CodecFake/train/F01_p304_003.wav,1
/USERSPACE/DATASETS/CodecFake/train/F01_p304_125.wav,1
/USERSPACE/DATASETS/CodecFake/train/F01_p307_026.wav,1
/USERSPACE/DATASETS/CodecFake/train/F01_p307_146.wav,1
/USERSPACE/DATASETS/CodecFake/train/F01_p250_358.wav,1
/USERSPACE/DATASETS/CodecFake/train/F01_SSB00180241.wav,1
/USERSPACE/DATASETS/CodecFake/train/F01_SSB00180413.wav,1
/USERSPACE/DATASETS/CodecFake/train/F01_p343_022.wav,1
/USERSPACE/DATASETS/CodecFake/train/F01_p280_100.wav,1
/USERSPACE/DATASETS/CodecFake/train/F01_p243_388.wav,1
/USERSPACE/DATASETS/CodecFake/train/F01_p361_049.wav,1
/USERSPACE/DATASETS/CodecFake/train/F01_p283_428.wav,1
/USERSPACE/DATASETS/CodecFake/train/F01_SSB10500042.wav,1
/USERSPACE/DATASETS/CodecFake/train/F01_p266_369.wav,1
/USERSPACE/DATASETS/CodecFake/train/F01_p279_112.wav,1
/USERSPACE/DATASETS/CodecFake/train/F01_p362_146.wav,1
/USERSPACE/DATASETS/CodecFake/train/F01_SSB18060318.wav,1
/USERSPACE/DATASETS/CodecFake/train/F01_p239_472.wav,1
/USERSPACE/DATASETS/CodecFake/train/F01_SSB17810217.wav,1
/USERSPACE/DATASETS/CodecFake/train/F01_SSB07940047.wav,1
/USERSPACE/DATASETS/CodecFake/train/F01_SSB09350458.wav,1
/USERSPACE/DATASETS/CodecFake/train/F01_SSB01930049.wav,1
/USERSPACE/DATASETS/CodecFake/train/F01_p316_397.wav,1
/USERSPACE/DATASETS/CodecFake/train/F01_SSB05390206.wav,1
/USERSPACE/DATASETS/CodecFake/train/F01_p229_173.wav,1
/USERSPACE/DATASETS/CodecFake/train/F01_SSB03950293.wav,1
/USERSPACE/DATASETS/CodecFake/train/F01_p374_089.wav,1
/USERSPACE/DATASETS/CodecFake/train/F01_SSB00120190.wav,1
/USERSPACE/DATASETS/CodecFake/train/F01_SSB07100077.wav,1
/USERSPACE/DATASETS/CodecFake/train/F01_SSB00160022.wav,1
/USERSPACE/DATASETS/CodecFake/train/F01_SSB15670353.wav,1
/USERSPACE/DATASETS/CodecFake/train/F01_SSB05990441.wav,1
/USERSPACE/DATASETS/CodecFake/train/F01_p230_078.wav,1
/USERSPACE/DATASETS/CodecFake/train/F01_p255_136.wav,1
/USERSPACE/DATASETS/CodecFake/train/F01_SSB04070494.wav,1
/USERSPACE/DATASETS/CodecFake/train/F01_SSB07230207.wav,1
/USERSPACE/DATASETS/CodecFake/train/F01_SSB00330292.wav,1
/USERSPACE/DATASETS/CodecFake/train/F01_p246_023.wav,1
/USERSPACE/DATASETS/CodecFake/train/F01_SSB19560307.wav,1
/USERSPACE/DATASETS/CodecFake/train/F01_SSB03090428.wav,1
/USERSPACE/DATASETS/CodecFake/train/F01_SSB07620132.wav,1
/USERSPACE/DATASETS/CodecFake/train/F01_p282_359.wav,1
/USERSPACE/DATASETS/CodecFake/train/F01_p293_244.wav,1
/USERSPACE/DATASETS/CodecFake/train/F01_p263_330.wav,1
/USERSPACE/DATASETS/CodecFake/train/F01_p299_336.wav,1
/USERSPACE/DATASETS/CodecFake/train/F01_SSB10960318.wav,1
/USERSPACE/DATASETS/CodecFake/train/F01_SSB07020182.wav,1
/USERSPACE/DATASETS/CodecFake/train/F01_SSB06230171.wav,1
/USERSPACE/DATASETS/CodecFake/train/F01_p262_283.wav,1
/USERSPACE/DATASETS/CodecFake/train/F01_SSB18910425.wav,1
/USERSPACE/DATASETS/CodecFake/train/F01_SSB16700263.wav,1
/USERSPACE/DATASETS/CodecFake/train/F01_p277_365.wav,1
/USERSPACE/DATASETS/CodecFake/train/F01_SSB16990444.wav,1
/USERSPACE/DATASETS/CodecFake/train/F01_p302_097.wav,1
/USERSPACE/DATASETS/CodecFake/train/F01_SSB00160480.wav,1
/USERSPACE/DATASETS/CodecFake/train/F01_SSB17450187.wav,1
/USERSPACE/DATASETS/CodecFake/train/F01_SSB01970060.wav,1
/USERSPACE/DATASETS/CodecFake/train/F01_SSB16240406.wav,1
/USERSPACE/DATASETS/CodecFake/train/F01_SSB09190360.wav,1
/USERSPACE/DATASETS/CodecFake/train/F01_SSB05350309.wav,1
/USERSPACE/DATASETS/CodecFake/train/F01_SSB18370310.wav,1
/USERSPACE/DATASETS/CodecFake/train/F01_SSB18720305.wav,1
/USERSPACE/DATASETS/CodecFake/train/F01_p231_186.wav,1
/USERSPACE/DATASETS/CodecFake/train/F01_SSB07840293.wav,1
/USERSPACE/DATASETS/CodecFake/train/F01_p271_202.wav,1
/USERSPACE/DATASETS/CodecFake/train/F01_SSB13410338.wav,1
/USERSPACE/DATASETS/CodecFake/train/F01_p252_267.wav,1
/USERSPACE/DATASETS/CodecFake/train/F01_p347_157.wav,1
/USERSPACE/DATASETS/CodecFake/train/F01_SSB06680165.wav,1
/USERSPACE/DATASETS/CodecFake/train/F01_SSB15930176.wav,1
/USERSPACE/DATASETS/CodecFake/train/F01_SSB00380181.wav,1
/USERSPACE/DATASETS/CodecFake/train/F01_SSB10020367.wav,1
/USERSPACE/DATASETS/CodecFake/train/F01_SSB13660147.wav,1
/USERSPACE/DATASETS/CodecFake/train/F01_p307_129.wav,1
/USERSPACE/DATASETS/CodecFake/train/F01_SSB11000345.wav,1
/USERSPACE/DATASETS/CodecFake/train/F01_SSB10020283.wav,1
/USERSPACE/DATASETS/CodecFake/train/F01_p268_046.wav,1
/USERSPACE/DATASETS/CodecFake/train/F01_SSB11760253.wav,1
/USERSPACE/DATASETS/CodecFake/train/F01_SSB02670171.wav,1
/USERSPACE/DATASETS/CodecFake/train/F01_p265_115.wav,1
/USERSPACE/DATASETS/CodecFake/train/F01_SSB18370243.wav,1
/USERSPACE/DATASETS/CodecFake/train/F01_SSB07940405.wav,1
/USERSPACE/DATASETS/CodecFake/train/F01_p361_160.wav,1
/USERSPACE/DATASETS/CodecFake/train/F01_p269_219.wav,1
/USERSPACE/DATASETS/CodecFake/train/F01_SSB02730275.wav,1
/USERSPACE/DATASETS/CodecFake/train/F01_p260_344.wav,1
/USERSPACE/DATASETS/CodecFake/train/F01_SSB03540320.wav,1
/USERSPACE/DATASETS/CodecFake/train/F01_p260_049.wav,1
/USERSPACE/DATASETS/CodecFake/train/F01_SSB03940272.wav,1
/USERSPACE/DATASETS/CodecFake/train/F01_SSB09130200.wav,1
/USERSPACE/DATASETS/CodecFake/train/F01_p295_245.wav,1
/USERSPACE/DATASETS/CodecFake/train/F01_p254_338.wav,1
/USERSPACE/DATASETS/CodecFake/train/F01_SSB10910448.wav,1
/USERSPACE/DATASETS/CodecFake/train/F01_SSB07780438.wav,1
/USERSPACE/DATASETS/CodecFake/train/F01_SSB14520330.wav,1
/USERSPACE/DATASETS/CodecFake/train/F01_SSB06060246.wav,1
/USERSPACE/DATASETS/CodecFake/train/F01_SSB18280018.wav,1
/USERSPACE/DATASETS/CodecFake/train/F01_p287_327.wav,1
/USERSPACE/DATASETS/CodecFake/train/F01_p360_145.wav,1
/USERSPACE/DATASETS/CodecFake/train/F01_p238_130.wav,1
/USERSPACE/DATASETS/CodecFake/train/F01_p255_376.wav,1
/USERSPACE/DATASETS/CodecFake/train/F01_p227_109.wav,1
/USERSPACE/DATASETS/CodecFake/train/F01_SSB18280146.wav,1
/USERSPACE/DATASETS/CodecFake/train/F01_p227_306.wav,1
/USERSPACE/DATASETS/CodecFake/train/F01_p299_027.wav,1
/USERSPACE/DATASETS/CodecFake/train/F01_p316_176.wav,1
/USERSPACE/DATASETS/CodecFake/train/F01_SSB02880308.wav,1
/USERSPACE/DATASETS/CodecFake/train/F01_SSB07510230.wav,1
/USERSPACE/DATASETS/CodecFake/train/F01_SSB17810062.wav,1
/USERSPACE/DATASETS/CodecFake/train/F01_SSB07000420.wav,1
/USERSPACE/DATASETS/CodecFake/train/F01_SSB05440085.wav,1
/USERSPACE/DATASETS/CodecFake/train/F01_SSB00120070.wav,1
/USERSPACE/DATASETS/CodecFake/train/F01_SSB03230086.wav,1
/USERSPACE/DATASETS/CodecFake/train/F01_SSB19560367.wav,1
/USERSPACE/DATASETS/CodecFake/train/F01_p301_115.wav,1
/USERSPACE/DATASETS/CodecFake/train/F01_p333_182.wav,1
/USERSPACE/DATASETS/CodecFake/train/F01_p376_171.wav,1
/USERSPACE/DATASETS/CodecFake/train/F01_SSB04070316.wav,1
/USERSPACE/DATASETS/CodecFake/train/F01_SSB07110230.wav,1
/USERSPACE/DATASETS/CodecFake/train/F01_SSB07480313.wav,1
/USERSPACE/DATASETS/CodecFake/train/F01_SSB04820063.wav,1
/USERSPACE/DATASETS/CodecFake/train/F01_SSB01220382.wav,1
/USERSPACE/DATASETS/CodecFake/train/F01_p233_057.wav,1
/USERSPACE/DATASETS/CodecFake/train/F01_p227_215.wav,1
/USERSPACE/DATASETS/CodecFake/train/F01_p226_142.wav,1
/USERSPACE/DATASETS/CodecFake/train/F01_SSB19180354.wav,1
/USERSPACE/DATASETS/CodecFake/train/F01_SSB05990362.wav,1
/USERSPACE/DATASETS/CodecFake/train/F01_SSB19560040.wav,1
/USERSPACE/DATASETS/CodecFake/train/F01_SSB06710217.wav,1
/USERSPACE/DATASETS/CodecFake/train/F01_p284_399.wav,1
/USERSPACE/DATASETS/CodecFake/train/F01_SSB03850446.wav,1
/USERSPACE/DATASETS/CodecFake/train/F01_SSB03800126.wav,1
/USERSPACE/DATASETS/CodecFake/train/F01_SSB06710470.wav,1
/USERSPACE/DATASETS/CodecFake/train/F01_SSB07480156.wav,1
/USERSPACE/DATASETS/CodecFake/train/F01_p318_319.wav,1
/USERSPACE/DATASETS/CodecFake/train/F01_SSB11310172.wav,1
/USERSPACE/DATASETS/CodecFake/train/F01_SSB18100352.wav,1
/USERSPACE/DATASETS/CodecFake/train/F01_SSB03410255.wav,1
/USERSPACE/DATASETS/CodecFake/train/F01_SSB07160093.wav,1
/USERSPACE/DATASETS/CodecFake/train/F01_SSB02000447.wav,1
/USERSPACE/DATASETS/CodecFake/train/F01_p252_221.wav,1
/USERSPACE/DATASETS/CodecFake/train/F01_p341_400.wav,1
/USERSPACE/DATASETS/CodecFake/train/F01_SSB05440345.wav,1
/USERSPACE/DATASETS/CodecFake/train/F01_p317_021.wav,1
/USERSPACE/DATASETS/CodecFake/train/F01_SSB03800322.wav,1
/USERSPACE/DATASETS/CodecFake/train/F01_SSB02670351.wav,1
/USERSPACE/DATASETS/CodecFake/train/F01_SSB07000005.wav,1
/USERSPACE/DATASETS/CodecFake/train/F01_SSB03540055.wav,1
/USERSPACE/DATASETS/CodecFake/train/F01_SSB05340279.wav,1
/USERSPACE/DATASETS/CodecFake/train/F01_p251_319.wav,1
/USERSPACE/DATASETS/CodecFake/train/F01_SSB07360328.wav,1
/USERSPACE/DATASETS/CodecFake/train/F01_p364_261.wav,1
/USERSPACE/DATASETS/CodecFake/train/F01_p247_386.wav,1
/USERSPACE/DATASETS/CodecFake/train/F01_SSB18910275.wav,1
/USERSPACE/DATASETS/CodecFake/train/F01_SSB06310183.wav,1
/USERSPACE/DATASETS/CodecFake/train/F01_SSB01450381.wav,1
/USERSPACE/DATASETS/CodecFake/train/F01_p340_292.wav,1
/USERSPACE/DATASETS/CodecFake/train/F01_SSB08090163.wav,1
/USERSPACE/DATASETS/CodecFake/train/F01_SSB09930284.wav,1
/USERSPACE/DATASETS/CodecFake/train/F01_SSB00430417.wav,1
/USERSPACE/DATASETS/CodecFake/train/F01_SSB05350294.wav,1
/USERSPACE/DATASETS/CodecFake/train/F01_SSB01220302.wav,1
/USERSPACE/DATASETS/CodecFake/train/F01_SSB03380240.wav,1
/USERSPACE/DATASETS/CodecFake/train/F01_SSB02410299.wav,1
/USERSPACE/DATASETS/CodecFake/train/F01_p292_291.wav,1
/USERSPACE/DATASETS/CodecFake/train/F01_p264_353.wav,1
/USERSPACE/DATASETS/CodecFake/train/F01_p255_171.wav,1
/USERSPACE/DATASETS/CodecFake/train/F01_SSB07800316.wav,1
/USERSPACE/DATASETS/CodecFake/train/F01_SSB06710208.wav,1
/USERSPACE/DATASETS/CodecFake/train/F01_p274_040.wav,1
/USERSPACE/DATASETS/CodecFake/train/F01_SSB04070412.wav,1
/USERSPACE/DATASETS/CodecFake/train/F01_p261_064.wav,1
/USERSPACE/DATASETS/CodecFake/train/F01_SSB13650203.wav,1
/USERSPACE/DATASETS/CodecFake/train/F01_p281_222.wav,1
/USERSPACE/DATASETS/CodecFake/train/F01_SSB03390501.wav,1
/USERSPACE/DATASETS/CodecFake/train/F01_SSB08710325.wav,1
/USERSPACE/DATASETS/CodecFake/train/F01_p255_091.wav,1
/USERSPACE/DATASETS/CodecFake/train/F01_SSB00050126.wav,1
/USERSPACE/DATASETS/CodecFake/train/F01_SSB18720144.wav,1
/USERSPACE/DATASETS/CodecFake/train/F01_SSB10640316.wav,1
/USERSPACE/DATASETS/CodecFake/train/F01_SSB10550251.wav,1
/USERSPACE/DATASETS/CodecFake/train/F01_SSB09350185.wav,1
/USERSPACE/DATASETS/CodecFake/train/F01_SSB13930472.wav,1
/USERSPACE/DATASETS/CodecFake/train/F01_SSB07600001.wav,1
/USERSPACE/DATASETS/CodecFake/train/F01_SSB03160071.wav,1
/USERSPACE/DATASETS/CodecFake/train/F01_SSB06860315.wav,1
/USERSPACE/DATASETS/CodecFake/train/F01_SSB00380250.wav,1
/USERSPACE/DATASETS/CodecFake/train/F01_SSB18060343.wav,1
/USERSPACE/DATASETS/CodecFake/train/F01_p274_225.wav,1
/USERSPACE/DATASETS/CodecFake/train/F01_p270_374.wav,1
/USERSPACE/DATASETS/CodecFake/train/F01_SSB19350428.wav,1
/USERSPACE/DATASETS/CodecFake/train/F01_SSB12390016.wav,1
/USERSPACE/DATASETS/CodecFake/train/F01_SSB12040169.wav,1
/USERSPACE/DATASETS/CodecFake/train/F01_SSB08870086.wav,1
/USERSPACE/DATASETS/CodecFake/train/F01_p247_116.wav,1
/USERSPACE/DATASETS/CodecFake/train/F01_SSB11350161.wav,1
/USERSPACE/DATASETS/CodecFake/train/F01_SSB05940479.wav,1
/USERSPACE/DATASETS/CodecFake/train/F01_p316_089.wav,1
/USERSPACE/DATASETS/CodecFake/train/F01_SSB05350442.wav,1
/USERSPACE/DATASETS/CodecFake/train/F01_SSB00160485.wav,1
/USERSPACE/DATASETS/CodecFake/train/F01_SSB06060202.wav,1
/USERSPACE/DATASETS/CodecFake/train/F01_SSB05350012.wav,1
/USERSPACE/DATASETS/CodecFake/train/F01_SSB00380270.wav,1
/USERSPACE/DATASETS/CodecFake/train/F01_SSB10910387.wav,1
/USERSPACE/DATASETS/CodecFake/train/F01_p274_186.wav,1
/USERSPACE/DATASETS/CodecFake/train/F01_SSB09930192.wav,1
/USERSPACE/DATASETS/CodecFake/train/F01_SSB06660288.wav,1
/USERSPACE/DATASETS/CodecFake/train/F01_SSB03660167.wav,1
/USERSPACE/DATASETS/CodecFake/train/F01_SSB09930402.wav,1
/USERSPACE/DATASETS/CodecFake/train/F01_p310_063.wav,1
/USERSPACE/DATASETS/CodecFake/train/F01_p225_039.wav,1
/USERSPACE/DATASETS/CodecFake/train/F01_p339_313.wav,1
/USERSPACE/DATASETS/CodecFake/train/F01_SSB15850275.wav,1
/USERSPACE/DATASETS/CodecFake/train/F01_SSB10720112.wav,1
/USERSPACE/DATASETS/CodecFake/train/F01_SSB07230130.wav,1
/USERSPACE/DATASETS/CodecFake/train/F01_SSB07510105.wav,1
/USERSPACE/DATASETS/CodecFake/train/F01_SSB16860112.wav,1
/USERSPACE/DATASETS/CodecFake/train/F01_SSB10200476.wav,1
/USERSPACE/DATASETS/CodecFake/train/F01_p275_375.wav,1
/USERSPACE/DATASETS/CodecFake/train/F01_p255_039.wav,1
/USERSPACE/DATASETS/CodecFake/train/F01_SSB15850242.wav,1
/USERSPACE/DATASETS/CodecFake/train/F01_SSB03160455.wav,1
/USERSPACE/DATASETS/CodecFake/train/F01_SSB00430305.wav,1
/USERSPACE/DATASETS/CodecFake/train/F01_SSB10640435.wav,1
/USERSPACE/DATASETS/CodecFake/train/F01_SSB02880194.wav,1
/USERSPACE/DATASETS/CodecFake/train/F01_SSB18320125.wav,1
/USERSPACE/DATASETS/CodecFake/train/F01_p362_004.wav,1
/USERSPACE/DATASETS/CodecFake/train/F01_SSB17820483.wav,1
/USERSPACE/DATASETS/CodecFake/train/F01_SSB09130092.wav,1
/USERSPACE/DATASETS/CodecFake/train/F01_SSB06710038.wav,1
/USERSPACE/DATASETS/CodecFake/train/F01_p315_055.wav,1
/USERSPACE/DATASETS/CodecFake/train/F01_SSB11080320.wav,1
/USERSPACE/DATASETS/CodecFake/train/F01_SSB00730225.wav,1
/USERSPACE/DATASETS/CodecFake/train/F01_p269_396.wav,1
/USERSPACE/DATASETS/CodecFake/train/F01_SSB15930090.wav,1
/USERSPACE/DATASETS/CodecFake/train/F01_SSB07230263.wav,1
/USERSPACE/DATASETS/CodecFake/train/F01_SSB15850217.wav,1
/USERSPACE/DATASETS/CodecFake/train/F01_p299_344.wav,1
/USERSPACE/DATASETS/CodecFake/train/F01_SSB10240401.wav,1
/USERSPACE/DATASETS/CodecFake/train/F01_p318_289.wav,1
/USERSPACE/DATASETS/CodecFake/train/F01_SSB05700386.wav,1
/USERSPACE/DATASETS/CodecFake/train/F01_p283_402.wav,1
/USERSPACE/DATASETS/CodecFake/train/F01_p229_143.wav,1
/USERSPACE/DATASETS/CodecFake/train/F01_SSB11310258.wav,1
/USERSPACE/DATASETS/CodecFake/train/F01_p347_090.wav,1
/USERSPACE/DATASETS/CodecFake/train/F01_SSB07780389.wav,1
/USERSPACE/DATASETS/CodecFake/train/F01_SSB03540095.wav,1
/USERSPACE/DATASETS/CodecFake/train/F01_SSB05340289.wav,1
/USERSPACE/DATASETS/CodecFake/train/F01_p255_011.wav,1
/USERSPACE/DATASETS/CodecFake/train/F01_SSB18370406.wav,1
/USERSPACE/DATASETS/CodecFake/train/F01_p273_115.wav,1
/USERSPACE/DATASETS/CodecFake/train/F01_SSB10960467.wav,1
/USERSPACE/DATASETS/CodecFake/train/F01_SSB11870277.wav,1
/USERSPACE/DATASETS/CodecFake/train/F01_SSB07600370.wav,1
/USERSPACE/DATASETS/CodecFake/train/F01_SSB03800213.wav,1
/USERSPACE/DATASETS/CodecFake/train/F01_p263_363.wav,1
/USERSPACE/DATASETS/CodecFake/train/F01_SSB13280047.wav,1
/USERSPACE/DATASETS/CodecFake/train/F01_SSB08710155.wav,1
/USERSPACE/DATASETS/CodecFake/train/F01_SSB03750079.wav,1
/USERSPACE/DATASETS/CodecFake/train/F01_p253_151.wav,1
/USERSPACE/DATASETS/CodecFake/train/F01_SSB13410403.wav,1
/USERSPACE/DATASETS/CodecFake/train/F01_SSB03160005.wav,1
/USERSPACE/DATASETS/CodecFake/train/F01_SSB05020268.wav,1
/USERSPACE/DATASETS/CodecFake/train/F01_SSB06860195.wav,1
/USERSPACE/DATASETS/CodecFake/train/F01_SSB11100041.wav,1
/USERSPACE/DATASETS/CodecFake/train/F01_SSB07490282.wav,1
/USERSPACE/DATASETS/CodecFake/train/F01_SSB12160322.wav,1
/USERSPACE/DATASETS/CodecFake/train/F01_SSB12160403.wav,1
/USERSPACE/DATASETS/CodecFake/train/F01_p266_290.wav,1
/USERSPACE/DATASETS/CodecFake/train/F01_SSB07460261.wav,1
/USERSPACE/DATASETS/CodecFake/train/F01_SSB05700181.wav,1
/USERSPACE/DATASETS/CodecFake/train/F01_p315_305.wav,1
/USERSPACE/DATASETS/CodecFake/train/F01_p226_003.wav,1
/USERSPACE/DATASETS/CodecFake/train/F01_SSB07160310.wav,1
/USERSPACE/DATASETS/CodecFake/train/F01_SSB03850112.wav,1
/USERSPACE/DATASETS/CodecFake/train/F01_SSB07110312.wav,1
/USERSPACE/DATASETS/CodecFake/train/F01_SSB17450384.wav,1
/USERSPACE/DATASETS/CodecFake/train/F01_p247_059.wav,1
/USERSPACE/DATASETS/CodecFake/train/F01_p323_234.wav,1
/USERSPACE/DATASETS/CodecFake/train/F01_SSB06090247.wav,1
/USERSPACE/DATASETS/CodecFake/train/F01_SSB19390405.wav,1
/USERSPACE/DATASETS/CodecFake/train/F01_SSB03850431.wav,1
/USERSPACE/DATASETS/CodecFake/train/F01_SSB02000239.wav,1
/USERSPACE/DATASETS/CodecFake/train/F01_p245_089.wav,1
/USERSPACE/DATASETS/CodecFake/train/F01_SSB15670275.wav,1
/USERSPACE/DATASETS/CodecFake/train/F01_SSB13400340.wav,1
/USERSPACE/DATASETS/CodecFake/train/F01_p343_113.wav,1
/USERSPACE/DATASETS/CodecFake/train/F01_SSB13770468.wav,1
/USERSPACE/DATASETS/CodecFake/train/F01_p339_044.wav,1
/USERSPACE/DATASETS/CodecFake/train/F01_p307_002.wav,1
/USERSPACE/DATASETS/CodecFake/train/F01_SSB03790300.wav,1
/USERSPACE/DATASETS/CodecFake/train/F01_p287_174.wav,1
/USERSPACE/DATASETS/CodecFake/train/F01_p364_046.wav,1
/USERSPACE/DATASETS/CodecFake/train/F01_p237_169.wav,1
/USERSPACE/DATASETS/CodecFake/train/F01_p257_071.wav,1
/USERSPACE/DATASETS/CodecFake/train/F01_SSB00050311.wav,1
/USERSPACE/DATASETS/CodecFake/train/F01_p305_226.wav,1
/USERSPACE/DATASETS/CodecFake/train/F01_p293_135.wav,1
/USERSPACE/DATASETS/CodecFake/train/F01_p241_119.wav,1
/USERSPACE/DATASETS/CodecFake/train/F01_SSB09350424.wav,1
/USERSPACE/DATASETS/CodecFake/train/F01_SSB04340176.wav,1
/USERSPACE/DATASETS/CodecFake/train/F01_SSB13660340.wav,1
/USERSPACE/DATASETS/CodecFake/train/F01_SSB07940345.wav,1
/USERSPACE/DATASETS/CodecFake/train/F01_SSB13920119.wav,1
/USERSPACE/DATASETS/CodecFake/train/F01_SSB05880270.wav,1
/USERSPACE/DATASETS/CodecFake/train/F01_SSB09130255.wav,1
/USERSPACE/DATASETS/CodecFake/train/F01_p245_117.wav,1
/USERSPACE/DATASETS/CodecFake/train/F01_p351_014.wav,1
/USERSPACE/DATASETS/CodecFake/train/F01_p316_051.wav,1
/USERSPACE/DATASETS/CodecFake/train/F01_p314_207.wav,1
/USERSPACE/DATASETS/CodecFake/train/F01_SSB01490292.wav,1
/USERSPACE/DATASETS/CodecFake/train/F01_SSB03660218.wav,1
/USERSPACE/DATASETS/CodecFake/train/F01_p340_305.wav,1
/USERSPACE/DATASETS/CodecFake/train/F01_SSB12160270.wav,1
/USERSPACE/DATASETS/CodecFake/train/F01_SSB15930187.wav,1
/USERSPACE/DATASETS/CodecFake/train/F01_SSB06030451.wav,1
/USERSPACE/DATASETS/CodecFake/train/F01_SSB17280436.wav,1
/USERSPACE/DATASETS/CodecFake/train/F01_SSB16240393.wav,1
/USERSPACE/DATASETS/CodecFake/train/F01_SSB01120446.wav,1
/USERSPACE/DATASETS/CodecFake/train/F01_SSB00430003.wav,1
/USERSPACE/DATASETS/CodecFake/train/F01_SSB11360150.wav,1
/USERSPACE/DATASETS/CodecFake/train/F01_SSB13660200.wav,1
/USERSPACE/DATASETS/CodecFake/train/F01_SSB16700055.wav,1
/USERSPACE/DATASETS/CodecFake/train/F01_SSB06010169.wav,1
/USERSPACE/DATASETS/CodecFake/train/F01_SSB00160045.wav,1
/USERSPACE/DATASETS/CodecFake/train/F01_SSB06030363.wav,1
/USERSPACE/DATASETS/CodecFake/train/F01_SSB07200467.wav,1
/USERSPACE/DATASETS/CodecFake/train/F01_SSB08870324.wav,1
/USERSPACE/DATASETS/CodecFake/train/F01_SSB04700086.wav,1
/USERSPACE/DATASETS/CodecFake/train/F01_p234_169.wav,1
/USERSPACE/DATASETS/CodecFake/train/F01_SSB06680189.wav,1
/USERSPACE/DATASETS/CodecFake/train/F01_SSB11870195.wav,1
/USERSPACE/DATASETS/CodecFake/train/F01_p364_095.wav,1
/USERSPACE/DATASETS/CodecFake/train/F01_SSB09130157.wav,1
/USERSPACE/DATASETS/CodecFake/train/F01_SSB00120136.wav,1
/USERSPACE/DATASETS/CodecFake/train/F01_SSB01970363.wav,1
/USERSPACE/DATASETS/CodecFake/train/F01_SSB02610442.wav,1
/USERSPACE/DATASETS/CodecFake/train/F01_SSB00570456.wav,1
/USERSPACE/DATASETS/CodecFake/train/F01_SSB07780423.wav,1
/USERSPACE/DATASETS/CodecFake/train/F01_SSB15850077.wav,1
/USERSPACE/DATASETS/CodecFake/train/F01_SSB05650034.wav,1
/USERSPACE/DATASETS/CodecFake/train/F01_SSB12190251.wav,1
/USERSPACE/DATASETS/CodecFake/train/F01_p272_233.wav,1
/USERSPACE/DATASETS/CodecFake/train/F01_SSB07000033.wav,1
/USERSPACE/DATASETS/CodecFake/train/F01_p249_114.wav,1
/USERSPACE/DATASETS/CodecFake/train/F01_SSB18280375.wav,1
/USERSPACE/DATASETS/CodecFake/train/F01_p259_107.wav,1
/USERSPACE/DATASETS/CodecFake/train/F01_p256_290.wav,1
/USERSPACE/DATASETS/CodecFake/train/F01_SSB06060149.wav,1
/USERSPACE/DATASETS/CodecFake/train/F01_p237_054.wav,1
/USERSPACE/DATASETS/CodecFake/train/F01_SSB03090324.wav,1
/USERSPACE/DATASETS/CodecFake/train/F01_SSB06070051.wav,1
/USERSPACE/DATASETS/CodecFake/train/F01_SSB16840190.wav,1
/USERSPACE/DATASETS/CodecFake/train/F01_p263_102.wav,1
/USERSPACE/DATASETS/CodecFake/train/F01_SSB06010362.wav,1
/USERSPACE/DATASETS/CodecFake/train/F01_SSB10720179.wav,1
/USERSPACE/DATASETS/CodecFake/train/F01_SSB16840356.wav,1
/USERSPACE/DATASETS/CodecFake/train/F01_SSB06680158.wav,1
/USERSPACE/DATASETS/CodecFake/train/F01_SSB11150149.wav,1
/USERSPACE/DATASETS/CodecFake/train/F01_SSB19350298.wav,1
/USERSPACE/DATASETS/CodecFake/train/F01_SSB00730348.wav,1
/USERSPACE/DATASETS/CodecFake/train/F01_SSB08090449.wav,1
/USERSPACE/DATASETS/CodecFake/train/F01_p262_126.wav,1
/USERSPACE/DATASETS/CodecFake/train/F01_SSB02000092.wav,1
/USERSPACE/DATASETS/CodecFake/train/F01_SSB11360028.wav,1
/USERSPACE/DATASETS/CodecFake/train/F01_SSB06230431.wav,1
/USERSPACE/DATASETS/CodecFake/train/F01_p294_033.wav,1
/USERSPACE/DATASETS/CodecFake/train/F01_SSB02990066.wav,1
/USERSPACE/DATASETS/CodecFake/train/F01_SSB07600394.wav,1
/USERSPACE/DATASETS/CodecFake/train/F01_p294_028.wav,1
/USERSPACE/DATASETS/CodecFake/train/F01_p259_248.wav,1
/USERSPACE/DATASETS/CodecFake/train/F01_SSB07370061.wav,1
/USERSPACE/DATASETS/CodecFake/train/F01_SSB00110464.wav,1
/USERSPACE/DATASETS/CodecFake/train/F01_SSB06070024.wav,1
/USERSPACE/DATASETS/CodecFake/train/F01_SSB18780325.wav,1
/USERSPACE/DATASETS/CodecFake/train/F01_p261_421.wav,1
/USERSPACE/DATASETS/CodecFake/train/F01_SSB08510468.wav,1
/USERSPACE/DATASETS/CodecFake/train/F01_p254_186.wav,1
/USERSPACE/DATASETS/CodecFake/train/F01_p270_008.wav,1
/USERSPACE/DATASETS/CodecFake/train/F01_SSB19390335.wav,1
/USERSPACE/DATASETS/CodecFake/train/F01_SSB07170209.wav,1
/USERSPACE/DATASETS/CodecFake/train/F01_p314_166.wav,1
/USERSPACE/DATASETS/CodecFake/train/F01_p257_019.wav,1
/USERSPACE/DATASETS/CodecFake/train/F01_SSB01490385.wav,1
/USERSPACE/DATASETS/CodecFake/train/F01_SSB13660013.wav,1
/USERSPACE/DATASETS/CodecFake/train/F01_SSB00570411.wav,1
/USERSPACE/DATASETS/CodecFake/train/F01_SSB02730486.wav,1
/USERSPACE/DATASETS/CodecFake/train/F01_SSB00380358.wav,1
/USERSPACE/DATASETS/CodecFake/train/F01_SSB04070333.wav,1
/USERSPACE/DATASETS/CodecFake/train/F01_SSB06230398.wav,1
/USERSPACE/DATASETS/CodecFake/train/F01_p329_051.wav,1
/USERSPACE/DATASETS/CodecFake/train/F01_SSB04700048.wav,1
/USERSPACE/DATASETS/CodecFake/train/F01_SSB06230342.wav,1
/USERSPACE/DATASETS/CodecFake/train/F01_p374_132.wav,1
/USERSPACE/DATASETS/CodecFake/train/F01_SSB07000061.wav,1
/USERSPACE/DATASETS/CodecFake/train/F01_SSB12150425.wav,1
/USERSPACE/DATASETS/CodecFake/train/F01_p268_347.wav,1
/USERSPACE/DATASETS/CodecFake/train/F01_SSB06710242.wav,1
/USERSPACE/DATASETS/CodecFake/train/F01_SSB18460420.wav,1
/USERSPACE/DATASETS/CodecFake/train/F01_p239_030.wav,1
/USERSPACE/DATASETS/CodecFake/train/F01_SSB13200322.wav,1
/USERSPACE/DATASETS/CodecFake/train/F01_SSB01220187.wav,1
/USERSPACE/DATASETS/CodecFake/train/F01_SSB17110134.wav,1
/USERSPACE/DATASETS/CodecFake/train/F01_SSB09130328.wav,1
/USERSPACE/DATASETS/CodecFake/train/F01_SSB13830397.wav,1
/USERSPACE/DATASETS/CodecFake/train/F01_p243_211.wav,1
/USERSPACE/DATASETS/CodecFake/train/F01_p248_249.wav,1
/USERSPACE/DATASETS/CodecFake/train/F01_SSB10640081.wav,1
/USERSPACE/DATASETS/CodecFake/train/F01_SSB10720385.wav,1
/USERSPACE/DATASETS/CodecFake/train/F01_SSB05340502.wav,1
/USERSPACE/DATASETS/CodecFake/train/F01_SSB10020275.wav,1
/USERSPACE/DATASETS/CodecFake/train/F01_SSB11000381.wav,1
/USERSPACE/DATASETS/CodecFake/train/F01_SSB10640370.wav,1
/USERSPACE/DATASETS/CodecFake/train/F01_SSB05780092.wav,1
/USERSPACE/DATASETS/CodecFake/train/F01_p305_252.wav,1
/USERSPACE/DATASETS/CodecFake/train/F01_SSB18320138.wav,1
/USERSPACE/DATASETS/CodecFake/train/F01_SSB07510284.wav,1
/USERSPACE/DATASETS/CodecFake/train/F01_p264_298.wav,1
/USERSPACE/DATASETS/CodecFake/train/F01_p305_245.wav,1
/USERSPACE/DATASETS/CodecFake/train/F01_SSB08090178.wav,1
/USERSPACE/DATASETS/CodecFake/train/F01_SSB03930182.wav,1
/USERSPACE/DATASETS/CodecFake/train/F01_SSB10200199.wav,1
/USERSPACE/DATASETS/CodecFake/train/F01_SSB10200363.wav,1
/USERSPACE/DATASETS/CodecFake/train/F01_SSB02870424.wav,1
/USERSPACE/DATASETS/CodecFake/train/F01_SSB18630403.wav,1
/USERSPACE/DATASETS/CodecFake/train/F01_p323_117.wav,1
/USERSPACE/DATASETS/CodecFake/train/F01_p279_069.wav,1
/USERSPACE/DATASETS/CodecFake/train/F01_p311_366.wav,1
/USERSPACE/DATASETS/CodecFake/train/F01_SSB13990406.wav,1
/USERSPACE/DATASETS/CodecFake/train/F01_SSB07480328.wav,1
/USERSPACE/DATASETS/CodecFake/train/F01_p277_372.wav,1
/USERSPACE/DATASETS/CodecFake/train/F01_SSB10200388.wav,1
/USERSPACE/DATASETS/CodecFake/train/F01_SSB07940224.wav,1
/USERSPACE/DATASETS/CodecFake/train/F01_SSB15670021.wav,1
/USERSPACE/DATASETS/CodecFake/train/F01_p226_206.wav,1
/USERSPACE/DATASETS/CodecFake/train/F01_SSB00160343.wav,1
/USERSPACE/DATASETS/CodecFake/train/F01_p311_266.wav,1
/USERSPACE/DATASETS/CodecFake/train/F01_SSB10960187.wav,1
/USERSPACE/DATASETS/CodecFake/train/F01_p361_383.wav,1
/USERSPACE/DATASETS/CodecFake/train/F01_SSB03160270.wav,1
/USERSPACE/DATASETS/CodecFake/train/F01_p282_248.wav,1
/USERSPACE/DATASETS/CodecFake/train/F01_SSB06070332.wav,1
/USERSPACE/DATASETS/CodecFake/train/F01_p299_208.wav,1
/USERSPACE/DATASETS/CodecFake/train/F01_p259_163.wav,1
/USERSPACE/DATASETS/CodecFake/train/F01_SSB07620161.wav,1
/USERSPACE/DATASETS/CodecFake/train/F01_SSB15670340.wav,1
/USERSPACE/DATASETS/CodecFake/train/F01_SSB11870471.wav,1
/USERSPACE/DATASETS/CodecFake/train/F01_p231_046.wav,1
/USERSPACE/DATASETS/CodecFake/train/F01_SSB06660274.wav,1
/USERSPACE/DATASETS/CodecFake/train/F01_SSB11150288.wav,1
/USERSPACE/DATASETS/CodecFake/train/F01_SSB16840327.wav,1
/USERSPACE/DATASETS/CodecFake/train/F01_p278_247.wav,1
/USERSPACE/DATASETS/CodecFake/train/F01_SSB03940055.wav,1
/USERSPACE/DATASETS/CodecFake/train/F01_SSB02610015.wav,1
/USERSPACE/DATASETS/CodecFake/train/F01_SSB12390221.wav,1
/USERSPACE/DATASETS/CodecFake/train/F01_SSB07780446.wav,1
/USERSPACE/DATASETS/CodecFake/train/F01_SSB02610374.wav,1
/USERSPACE/DATASETS/CodecFake/train/F01_p311_255.wav,1
/USERSPACE/DATASETS/CodecFake/train/F01_SSB03380383.wav,1
/USERSPACE/DATASETS/CodecFake/train/F01_SSB03410098.wav,1
/USERSPACE/DATASETS/CodecFake/train/F01_SSB06230165.wav,1
/USERSPACE/DATASETS/CodecFake/train/F01_SSB12530273.wav,1
/USERSPACE/DATASETS/CodecFake/train/F01_SSB00050485.wav,1
/USERSPACE/DATASETS/CodecFake/train/F01_SSB06230181.wav,1
/USERSPACE/DATASETS/CodecFake/train/F01_SSB13660256.wav,1
/USERSPACE/DATASETS/CodecFake/train/F01_SSB07860210.wav,1
/USERSPACE/DATASETS/CodecFake/train/F01_SSB01330214.wav,1
/USERSPACE/DATASETS/CodecFake/train/F01_SSB03940347.wav,1
/USERSPACE/DATASETS/CodecFake/train/F01_SSB00160508.wav,1
/USERSPACE/DATASETS/CodecFake/train/F01_SSB15850060.wav,1
/USERSPACE/DATASETS/CodecFake/train/F01_SSB02880070.wav,1
/USERSPACE/DATASETS/CodecFake/train/F01_p340_086.wav,1
/USERSPACE/DATASETS/CodecFake/train/F01_p326_112.wav,1
/USERSPACE/DATASETS/CodecFake/train/F01_SSB03850317.wav,1
/USERSPACE/DATASETS/CodecFake/train/F01_p334_250.wav,1
/USERSPACE/DATASETS/CodecFake/train/F01_p364_240.wav,1
/USERSPACE/DATASETS/CodecFake/train/F01_p304_269.wav,1
/USERSPACE/DATASETS/CodecFake/train/F01_SSB18780390.wav,1
/USERSPACE/DATASETS/CodecFake/train/F01_SSB00120462.wav,1
/USERSPACE/DATASETS/CodecFake/train/F01_p256_282.wav,1
/USERSPACE/DATASETS/CodecFake/train/F01_SSB07480096.wav,1
/USERSPACE/DATASETS/CodecFake/train/F01_SSB03070429.wav,1
/USERSPACE/DATASETS/CodecFake/train/F01_p278_012.wav,1
/USERSPACE/DATASETS/CodecFake/train/F01_p276_460.wav,1
/USERSPACE/DATASETS/CodecFake/train/F01_p251_038.wav,1
/USERSPACE/DATASETS/CodecFake/train/F01_SSB09190375.wav,1
/USERSPACE/DATASETS/CodecFake/train/F01_SSB06010466.wav,1
/USERSPACE/DATASETS/CodecFake/train/F01_SSB01490058.wav,1
/USERSPACE/DATASETS/CodecFake/train/F01_SSB18910382.wav,1
/USERSPACE/DATASETS/CodecFake/train/F01_SSB04270298.wav,1
/USERSPACE/DATASETS/CodecFake/train/F01_p265_124.wav,1
/USERSPACE/DATASETS/CodecFake/train/F01_SSB03850369.wav,1
/USERSPACE/DATASETS/CodecFake/train/F01_SSB05340290.wav,1
/USERSPACE/DATASETS/CodecFake/train/F01_SSB10560270.wav,1
/USERSPACE/DATASETS/CodecFake/train/F01_SSB01220048.wav,1
/USERSPACE/DATASETS/CodecFake/train/F01_SSB12180269.wav,1
/USERSPACE/DATASETS/CodecFake/train/F01_SSB03390418.wav,1
/USERSPACE/DATASETS/CodecFake/train/F01_p315_390.wav,1
/USERSPACE/DATASETS/CodecFake/train/F01_p241_324.wav,1
/USERSPACE/DATASETS/CodecFake/train/F01_SSB09350221.wav,1
/USERSPACE/DATASETS/CodecFake/train/F01_SSB03090002.wav,1
/USERSPACE/DATASETS/CodecFake/train/F01_SSB07860408.wav,1
/USERSPACE/DATASETS/CodecFake/train/F01_p252_046.wav,1
/USERSPACE/DATASETS/CodecFake/train/F01_SSB01330389.wav,1
/USERSPACE/DATASETS/CodecFake/train/F01_SSB15750362.wav,1
/USERSPACE/DATASETS/CodecFake/train/F01_p244_213.wav,1
/USERSPACE/DATASETS/CodecFake/train/F01_SSB00430300.wav,1
/USERSPACE/DATASETS/CodecFake/train/F01_SSB11250441.wav,1
/USERSPACE/DATASETS/CodecFake/train/F01_SSB10240015.wav,1
/USERSPACE/DATASETS/CodecFake/train/F01_SSB18060148.wav,1
/USERSPACE/DATASETS/CodecFake/train/F01_p310_277.wav,1
/USERSPACE/DATASETS/CodecFake/train/F01_SSB12160197.wav,1
/USERSPACE/DATASETS/CodecFake/train/F01_p250_275.wav,1
/USERSPACE/DATASETS/CodecFake/train/F01_SSB12030041.wav,1
/USERSPACE/DATASETS/CodecFake/train/F01_p240_154.wav,1
/USERSPACE/DATASETS/CodecFake/train/F01_SSB12040214.wav,1
/USERSPACE/DATASETS/CodecFake/train/F01_SSB18460220.wav,1
/USERSPACE/DATASETS/CodecFake/train/F01_p265_037.wav,1
/USERSPACE/DATASETS/CodecFake/train/F01_p330_227.wav,1
/USERSPACE/DATASETS/CodecFake/train/F01_SSB06320128.wav,1
/USERSPACE/DATASETS/CodecFake/train/F01_SSB13830145.wav,1
/USERSPACE/DATASETS/CodecFake/train/F01_p343_168.wav,1
/USERSPACE/DATASETS/CodecFake/train/F01_SSB10960356.wav,1
/USERSPACE/DATASETS/CodecFake/train/F01_p283_456.wav,1
/USERSPACE/DATASETS/CodecFake/train/F01_SSB01220066.wav,1
/USERSPACE/DATASETS/CodecFake/train/F01_p364_090.wav,1
/USERSPACE/DATASETS/CodecFake/train/F01_SSB09870322.wav,1
/USERSPACE/DATASETS/CodecFake/train/F01_SSB07510159.wav,1
/USERSPACE/DATASETS/CodecFake/train/F01_SSB00570258.wav,1
/USERSPACE/DATASETS/CodecFake/train/F01_SSB13850174.wav,1
/USERSPACE/DATASETS/CodecFake/train/F01_p263_212.wav,1
/USERSPACE/DATASETS/CodecFake/train/F01_p292_199.wav,1
/USERSPACE/DATASETS/CodecFake/train/F01_p263_422.wav,1
/USERSPACE/DATASETS/CodecFake/train/F01_p230_215.wav,1
/USERSPACE/DATASETS/CodecFake/train/F01_SSB03090187.wav,1
/USERSPACE/DATASETS/CodecFake/train/F01_SSB04340448.wav,1
/USERSPACE/DATASETS/CodecFake/train/F01_SSB11000257.wav,1
/USERSPACE/DATASETS/CodecFake/train/F01_SSB05940215.wav,1
/USERSPACE/DATASETS/CodecFake/train/F01_SSB11000390.wav,1
/USERSPACE/DATASETS/CodecFake/train/F01_p278_207.wav,1
/USERSPACE/DATASETS/CodecFake/train/F01_p267_220.wav,1
/USERSPACE/DATASETS/CodecFake/train/F01_SSB11080074.wav,1
/USERSPACE/DATASETS/CodecFake/train/F01_SSB06320429.wav,1
/USERSPACE/DATASETS/CodecFake/train/F01_SSB07940154.wav,1
/USERSPACE/DATASETS/CodecFake/train/F01_p247_368.wav,1
/USERSPACE/DATASETS/CodecFake/train/F01_SSB03950392.wav,1
/USERSPACE/DATASETS/CodecFake/train/F01_SSB10640109.wav,1
/USERSPACE/DATASETS/CodecFake/train/F01_p261_362.wav,1
/USERSPACE/DATASETS/CodecFake/train/F01_p238_278.wav,1
/USERSPACE/DATASETS/CodecFake/train/F01_SSB03390415.wav,1
/USERSPACE/DATASETS/CodecFake/train/F01_SSB12030403.wav,1
/USERSPACE/DATASETS/CodecFake/train/F01_SSB00120287.wav,1
/USERSPACE/DATASETS/CodecFake/train/F01_SSB11000453.wav,1
/USERSPACE/DATASETS/CodecFake/train/F01_SSB02000090.wav,1
/USERSPACE/DATASETS/CodecFake/train/F01_SSB06930117.wav,1
/USERSPACE/DATASETS/CodecFake/train/F01_p301_368.wav,1
/USERSPACE/DATASETS/CodecFake/train/F01_p343_106.wav,1
/USERSPACE/DATASETS/CodecFake/train/F01_p260_130.wav,1
/USERSPACE/DATASETS/CodecFake/train/F01_SSB11380430.wav,1
/USERSPACE/DATASETS/CodecFake/train/F01_SSB10080412.wav,1
/USERSPACE/DATASETS/CodecFake/train/F01_SSB03950390.wav,1
/USERSPACE/DATASETS/CodecFake/train/F01_SSB12180109.wav,1
/USERSPACE/DATASETS/CodecFake/train/F01_p253_133.wav,1
/USERSPACE/DATASETS/CodecFake/train/F01_SSB03950146.wav,1
/USERSPACE/DATASETS/CodecFake/train/F01_SSB07580046.wav,1
/USERSPACE/DATASETS/CodecFake/train/F01_SSB08630467.wav,1
/USERSPACE/DATASETS/CodecFake/train/F01_SSB06070151.wav,1
/USERSPACE/DATASETS/CodecFake/train/F01_SSB11080199.wav,1
/USERSPACE/DATASETS/CodecFake/train/F01_SSB17390296.wav,1
/USERSPACE/DATASETS/CodecFake/train/F01_SSB16990382.wav,1
/USERSPACE/DATASETS/CodecFake/train/F01_SSB03850436.wav,1
/USERSPACE/DATASETS/CodecFake/train/F01_SSB02610491.wav,1
/USERSPACE/DATASETS/CodecFake/train/F01_SSB13660246.wav,1
/USERSPACE/DATASETS/CodecFake/train/F01_SSB07100172.wav,1
/USERSPACE/DATASETS/CodecFake/train/F01_p351_350.wav,1
/USERSPACE/DATASETS/CodecFake/train/F01_SSB07860331.wav,1
/USERSPACE/DATASETS/CodecFake/train/F01_p255_046.wav,1
/USERSPACE/DATASETS/CodecFake/train/F01_SSB17280325.wav,1
/USERSPACE/DATASETS/CodecFake/train/F01_p292_045.wav,1
/USERSPACE/DATASETS/CodecFake/train/F01_SSB00180098.wav,1
/USERSPACE/DATASETS/CodecFake/train/F01_SSB06310439.wav,1
/USERSPACE/DATASETS/CodecFake/train/F01_p234_161.wav,1
/USERSPACE/DATASETS/CodecFake/train/F01_p262_362.wav,1
/USERSPACE/DATASETS/CodecFake/train/F01_p305_316.wav,1
/USERSPACE/DATASETS/CodecFake/train/F01_p276_122.wav,1
/USERSPACE/DATASETS/CodecFake/train/F01_SSB07480278.wav,1
/USERSPACE/DATASETS/CodecFake/train/F01_p234_300.wav,1
/USERSPACE/DATASETS/CodecFake/train/F01_p265_331.wav,1
/USERSPACE/DATASETS/CodecFake/train/F01_SSB07370461.wav,1
/USERSPACE/DATASETS/CodecFake/train/F01_p226_253.wav,1
/USERSPACE/DATASETS/CodecFake/train/F01_p306_109.wav,1
/USERSPACE/DATASETS/CodecFake/train/F01_SSB04150037.wav,1
/USERSPACE/DATASETS/CodecFake/train/F01_SSB00430445.wav,1
/USERSPACE/DATASETS/CodecFake/train/F01_p257_425.wav,1
/USERSPACE/DATASETS/CodecFake/train/F01_SSB13660108.wav,1
/USERSPACE/DATASETS/CodecFake/train/F01_SSB02870168.wav,1
/USERSPACE/DATASETS/CodecFake/train/F01_SSB02730380.wav,1
/USERSPACE/DATASETS/CodecFake/train/F01_SSB00330456.wav,1
/USERSPACE/DATASETS/CodecFake/train/F01_p270_100.wav,1
/USERSPACE/DATASETS/CodecFake/train/F01_p278_232.wav,1
/USERSPACE/DATASETS/CodecFake/train/F01_p236_239.wav,1
/USERSPACE/DATASETS/CodecFake/train/F01_p334_244.wav,1
/USERSPACE/DATASETS/CodecFake/train/F01_p310_025.wav,1
/USERSPACE/DATASETS/CodecFake/train/F01_SSB00380264.wav,1
/USERSPACE/DATASETS/CodecFake/train/F01_SSB07170292.wav,1
/USERSPACE/DATASETS/CodecFake/train/F01_SSB14310352.wav,1
/USERSPACE/DATASETS/CodecFake/train/F01_p261_331.wav,1
/USERSPACE/DATASETS/CodecFake/train/F01_SSB11610389.wav,1
/USERSPACE/DATASETS/CodecFake/train/F01_SSB13410252.wav,1
/USERSPACE/DATASETS/CodecFake/train/F01_SSB16860242.wav,1
/USERSPACE/DATASETS/CodecFake/train/F01_SSB05350121.wav,1
/USERSPACE/DATASETS/CodecFake/train/F01_SSB10000044.wav,1
/USERSPACE/DATASETS/CodecFake/train/F01_SSB08630148.wav,1
/USERSPACE/DATASETS/CodecFake/train/F01_p262_113.wav,1
/USERSPACE/DATASETS/CodecFake/train/F01_SSB18910179.wav,1
/USERSPACE/DATASETS/CodecFake/train/F01_SSB07370457.wav,1
/USERSPACE/DATASETS/CodecFake/train/F01_SSB16500385.wav,1
/USERSPACE/DATASETS/CodecFake/train/F01_SSB06930038.wav,1
/USERSPACE/DATASETS/CodecFake/train/F01_p347_413.wav,1
/USERSPACE/DATASETS/CodecFake/train/F01_SSB06930113.wav,1
/USERSPACE/DATASETS/CodecFake/train/F01_p272_178.wav,1
/USERSPACE/DATASETS/CodecFake/train/F01_SSB07460442.wav,1
/USERSPACE/DATASETS/CodecFake/train/F01_SSB13990055.wav,1
/USERSPACE/DATASETS/CodecFake/train/F01_SSB01390205.wav,1
/USERSPACE/DATASETS/CodecFake/train/F01_SSB01120042.wav,1
/USERSPACE/DATASETS/CodecFake/train/F01_SSB09190464.wav,1
/USERSPACE/DATASETS/CodecFake/train/F01_SSB08510488.wav,1
/USERSPACE/DATASETS/CodecFake/train/F01_SSB16700205.wav,1
/USERSPACE/DATASETS/CodecFake/train/F01_SSB01450080.wav,1
/USERSPACE/DATASETS/CodecFake/train/F01_p361_276.wav,1
/USERSPACE/DATASETS/CodecFake/train/F01_SSB04820212.wav,1
/USERSPACE/DATASETS/CodecFake/train/F01_SSB07840111.wav,1
/USERSPACE/DATASETS/CodecFake/train/F01_SSB14020260.wav,1
/USERSPACE/DATASETS/CodecFake/train/F01_SSB17110234.wav,1
/USERSPACE/DATASETS/CodecFake/train/F01_SSB04270192.wav,1
/USERSPACE/DATASETS/CodecFake/train/F01_p361_096.wav,1
/USERSPACE/DATASETS/CodecFake/train/F01_SSB18100191.wav,1
/USERSPACE/DATASETS/CodecFake/train/F01_SSB07800018.wav,1
/USERSPACE/DATASETS/CodecFake/train/F01_SSB07800077.wav,1
/USERSPACE/DATASETS/CodecFake/train/F01_SSB11100200.wav,1
/USERSPACE/DATASETS/CodecFake/train/F01_SSB06030348.wav,1
/USERSPACE/DATASETS/CodecFake/train/F01_p335_236.wav,1
/USERSPACE/DATASETS/CodecFake/train/F01_p236_233.wav,1
/USERSPACE/DATASETS/CodecFake/train/F01_SSB02990012.wav,1
/USERSPACE/DATASETS/CodecFake/train/F01_p308_372.wav,1
/USERSPACE/DATASETS/CodecFake/train/F01_p264_474.wav,1
/USERSPACE/DATASETS/CodecFake/train/F01_p318_053.wav,1
/USERSPACE/DATASETS/CodecFake/train/F01_SSB11970248.wav,1
/USERSPACE/DATASETS/CodecFake/train/F01_p307_252.wav,1
/USERSPACE/DATASETS/CodecFake/train/F01_SSB00110024.wav,1
/USERSPACE/DATASETS/CodecFake/train/F01_SSB06660200.wav,1
/USERSPACE/DATASETS/CodecFake/train/F01_p374_117.wav,1
/USERSPACE/DATASETS/CodecFake/train/F01_p256_019.wav,1
/USERSPACE/DATASETS/CodecFake/train/F01_SSB08510381.wav,1
/USERSPACE/DATASETS/CodecFake/train/F01_p323_046.wav,1
/USERSPACE/DATASETS/CodecFake/train/F01_SSB06090448.wav,1
/USERSPACE/DATASETS/CodecFake/train/F01_p312_381.wav,1
/USERSPACE/DATASETS/CodecFake/train/F01_SSB05350353.wav,1
/USERSPACE/DATASETS/CodecFake/train/F01_SSB09190217.wav,1
/USERSPACE/DATASETS/CodecFake/train/F01_p237_271.wav,1
/USERSPACE/DATASETS/CodecFake/train/F01_SSB12390227.wav,1
/USERSPACE/DATASETS/CodecFake/train/F01_p307_215.wav,1
/USERSPACE/DATASETS/CodecFake/train/F01_p238_394.wav,1
/USERSPACE/DATASETS/CodecFake/train/F01_SSB19390233.wav,1
/USERSPACE/DATASETS/CodecFake/train/F01_SSB13280014.wav,1
/USERSPACE/DATASETS/CodecFake/train/F01_p257_056.wav,1
/USERSPACE/DATASETS/CodecFake/train/F01_SSB02880266.wav,1
/USERSPACE/DATASETS/CodecFake/train/F01_SSB05900483.wav,1
/USERSPACE/DATASETS/CodecFake/train/F01_SSB03390504.wav,1
/USERSPACE/DATASETS/CodecFake/train/F01_SSB11610082.wav,1
/USERSPACE/DATASETS/CodecFake/train/F01_p243_084.wav,1
/USERSPACE/DATASETS/CodecFake/train/F01_SSB00570092.wav,1
/USERSPACE/DATASETS/CodecFake/train/F01_SSB10010192.wav,1
/USERSPACE/DATASETS/CodecFake/train/F01_SSB02460120.wav,1
/USERSPACE/DATASETS/CodecFake/train/F01_SSB12150479.wav,1
/USERSPACE/DATASETS/CodecFake/train/F01_SSB05390116.wav,1
/USERSPACE/DATASETS/CodecFake/train/F01_SSB06680424.wav,1
/USERSPACE/DATASETS/CodecFake/train/F01_SSB11760243.wav,1
/USERSPACE/DATASETS/CodecFake/train/F01_SSB09870203.wav,1
/USERSPACE/DATASETS/CodecFake/train/F01_SSB07800169.wav,1
/USERSPACE/DATASETS/CodecFake/train/F01_SSB03540354.wav,1
/USERSPACE/DATASETS/CodecFake/train/F01_p312_223.wav,1
/USERSPACE/DATASETS/CodecFake/train/F01_p260_122.wav,1
/USERSPACE/DATASETS/CodecFake/train/F01_SSB18720417.wav,1
/USERSPACE/DATASETS/CodecFake/train/F01_SSB00330410.wav,1
/USERSPACE/DATASETS/CodecFake/train/F01_SSB01330283.wav,1
/USERSPACE/DATASETS/CodecFake/train/F01_SSB08630430.wav,1
/USERSPACE/DATASETS/CodecFake/train/F01_SSB19560438.wav,1
/USERSPACE/DATASETS/CodecFake/train/F01_SSB06140111.wav,1
/USERSPACE/DATASETS/CodecFake/train/F01_p227_116.wav,1
/USERSPACE/DATASETS/CodecFake/train/F01_SSB13280269.wav,1
/USERSPACE/DATASETS/CodecFake/train/F01_p257_418.wav,1
/USERSPACE/DATASETS/CodecFake/train/F01_SSB02410084.wav,1
/USERSPACE/DATASETS/CodecFake/train/F01_SSB08220191.wav,1
/USERSPACE/DATASETS/CodecFake/train/F01_p272_337.wav,1
/USERSPACE/DATASETS/CodecFake/train/F01_SSB08630264.wav,1
/USERSPACE/DATASETS/CodecFake/train/F01_p271_349.wav,1
/USERSPACE/DATASETS/CodecFake/train/F01_SSB07020099.wav,1
/USERSPACE/DATASETS/CodecFake/train/F01_p363_093.wav,1
/USERSPACE/DATASETS/CodecFake/train/F01_SSB07230005.wav,1
/USERSPACE/DATASETS/CodecFake/train/F01_p334_071.wav,1
/USERSPACE/DATASETS/CodecFake/train/F01_p254_221.wav,1
/USERSPACE/DATASETS/CodecFake/train/F01_SSB10640219.wav,1
/USERSPACE/DATASETS/CodecFake/train/F01_SSB08220364.wav,1
/USERSPACE/DATASETS/CodecFake/train/F01_SSB07360329.wav,1
/USERSPACE/DATASETS/CodecFake/train/F01_p279_023.wav,1
/USERSPACE/DATASETS/CodecFake/train/F01_SSB17280244.wav,1
/USERSPACE/DATASETS/CodecFake/train/F01_SSB06310403.wav,1
/USERSPACE/DATASETS/CodecFake/train/F01_SSB16500439.wav,1
/USERSPACE/DATASETS/CodecFake/train/F01_SSB00800008.wav,1
/USERSPACE/DATASETS/CodecFake/train/F01_SSB03750256.wav,1
/USERSPACE/DATASETS/CodecFake/train/F01_SSB10550485.wav,1
/USERSPACE/DATASETS/CodecFake/train/F01_p255_053.wav,1
/USERSPACE/DATASETS/CodecFake/train/F01_SSB03790217.wav,1
/USERSPACE/DATASETS/CodecFake/train/F01_SSB06710039.wav,1
/USERSPACE/DATASETS/CodecFake/train/F01_SSB13820145.wav,1
/USERSPACE/DATASETS/CodecFake/train/F01_SSB13220327.wav,1
/USERSPACE/DATASETS/CodecFake/train/F01_SSB04070127.wav,1
/USERSPACE/DATASETS/CodecFake/train/F01_p255_085.wav,1
/USERSPACE/DATASETS/CodecFake/train/F01_p326_216.wav,1
/USERSPACE/DATASETS/CodecFake/train/F01_p246_046.wav,1
/USERSPACE/DATASETS/CodecFake/train/F01_p295_078.wav,1
/USERSPACE/DATASETS/CodecFake/train/F01_p297_088.wav,1
/USERSPACE/DATASETS/CodecFake/train/F01_SSB14520346.wav,1
/USERSPACE/DATASETS/CodecFake/train/F01_p340_139.wav,1
/USERSPACE/DATASETS/CodecFake/train/F01_SSB04700439.wav,1
/USERSPACE/DATASETS/CodecFake/train/F01_SSB12530419.wav,1
/USERSPACE/DATASETS/CodecFake/train/F01_SSB15930399.wav,1
/USERSPACE/DATASETS/CodecFake/train/F01_p227_400.wav,1
/USERSPACE/DATASETS/CodecFake/train/F01_p279_133.wav,1
/USERSPACE/DATASETS/CodecFake/train/F01_p304_047.wav,1
/USERSPACE/DATASETS/CodecFake/train/F01_SSB19350239.wav,1
/USERSPACE/DATASETS/CodecFake/train/F01_p283_042.wav,1
/USERSPACE/DATASETS/CodecFake/train/F01_SSB06680197.wav,1
/USERSPACE/DATASETS/CodecFake/train/F01_SSB07110060.wav,1
/USERSPACE/DATASETS/CodecFake/train/F01_SSB18910339.wav,1
/USERSPACE/DATASETS/CodecFake/train/F01_SSB04700402.wav,1
/USERSPACE/DATASETS/CodecFake/train/F01_SSB17110087.wav,1
/USERSPACE/DATASETS/CodecFake/train/F01_SSB03090303.wav,1
/USERSPACE/DATASETS/CodecFake/train/F01_SSB12530272.wav,1
/USERSPACE/DATASETS/CodecFake/train/F01_SSB12180423.wav,1
/USERSPACE/DATASETS/CodecFake/train/F01_p288_366.wav,1
/USERSPACE/DATASETS/CodecFake/train/F01_SSB16240307.wav,1
/USERSPACE/DATASETS/CodecFake/train/F01_SSB10240468.wav,1
/USERSPACE/DATASETS/CodecFake/train/F01_SSB07510217.wav,1
/USERSPACE/DATASETS/CodecFake/train/F01_SSB00800340.wav,1
/USERSPACE/DATASETS/CodecFake/train/F01_p285_026.wav,1
/USERSPACE/DATASETS/CodecFake/train/F01_p256_309.wav,1
/USERSPACE/DATASETS/CodecFake/train/F01_p252_385.wav,1
/USERSPACE/DATASETS/CodecFake/train/F01_p263_352.wav,1
/USERSPACE/DATASETS/CodecFake/train/F01_SSB15630345.wav,1
/USERSPACE/DATASETS/CodecFake/train/F01_p351_194.wav,1
/USERSPACE/DATASETS/CodecFake/train/F01_SSB05020207.wav,1
/USERSPACE/DATASETS/CodecFake/train/F01_SSB05940093.wav,1
/USERSPACE/DATASETS/CodecFake/train/F01_p323_083.wav,1
/USERSPACE/DATASETS/CodecFake/train/F01_SSB01390428.wav,1
/USERSPACE/DATASETS/CodecFake/train/F01_p300_169.wav,1
/USERSPACE/DATASETS/CodecFake/train/F01_SSB05700123.wav,1
/USERSPACE/DATASETS/CodecFake/train/F01_SSB06090376.wav,1
/USERSPACE/DATASETS/CodecFake/train/F01_SSB15550237.wav,1
/USERSPACE/DATASETS/CodecFake/train/F01_SSB03150410.wav,1
/USERSPACE/DATASETS/CodecFake/train/F01_SSB03660441.wav,1
/USERSPACE/DATASETS/CodecFake/train/F01_SSB09660311.wav,1
/USERSPACE/DATASETS/CodecFake/train/F01_p272_031.wav,1
/USERSPACE/DATASETS/CodecFake/train/F01_SSB00570017.wav,1
/USERSPACE/DATASETS/CodecFake/train/F01_SSB09350027.wav,1
/USERSPACE/DATASETS/CodecFake/train/F01_SSB03950477.wav,1
/USERSPACE/DATASETS/CodecFake/train/F01_SSB03070043.wav,1
/USERSPACE/DATASETS/CodecFake/train/F01_SSB09350110.wav,1
/USERSPACE/DATASETS/CodecFake/train/F01_SSB07370378.wav,1
/USERSPACE/DATASETS/CodecFake/train/F01_SSB18060454.wav,1
/USERSPACE/DATASETS/CodecFake/train/F01_p336_305.wav,1
/USERSPACE/DATASETS/CodecFake/train/F01_SSB12530083.wav,1
/USERSPACE/DATASETS/CodecFake/train/F01_SSB02460227.wav,1
/USERSPACE/DATASETS/CodecFake/train/F01_p267_256.wav,1
/USERSPACE/DATASETS/CodecFake/train/F01_SSB05700102.wav,1
/USERSPACE/DATASETS/CodecFake/train/F01_SSB01450436.wav,1
/USERSPACE/DATASETS/CodecFake/train/F01_SSB18720362.wav,1
/USERSPACE/DATASETS/CodecFake/train/F01_p345_123.wav,1
/USERSPACE/DATASETS/CodecFake/train/F01_SSB03660187.wav,1
/USERSPACE/DATASETS/CodecFake/train/F01_SSB07230345.wav,1
/USERSPACE/DATASETS/CodecFake/train/F01_p301_077.wav,1
/USERSPACE/DATASETS/CodecFake/train/F01_SSB01970463.wav,1
/USERSPACE/DATASETS/CodecFake/train/F01_SSB07940294.wav,1
/USERSPACE/DATASETS/CodecFake/train/F01_SSB05900408.wav,1
/USERSPACE/DATASETS/CodecFake/train/F01_p245_200.wav,1
/USERSPACE/DATASETS/CodecFake/train/F01_p308_040.wav,1
/USERSPACE/DATASETS/CodecFake/train/F01_p253_208.wav,1
/USERSPACE/DATASETS/CodecFake/train/F01_SSB07370159.wav,1
/USERSPACE/DATASETS/CodecFake/train/F01_SSB11970342.wav,1
/USERSPACE/DATASETS/CodecFake/train/F01_SSB05350194.wav,1
/USERSPACE/DATASETS/CodecFake/train/F01_p250_315.wav,1
/USERSPACE/DATASETS/CodecFake/train/F01_SSB00180027.wav,1
/USERSPACE/DATASETS/CodecFake/train/F01_p336_370.wav,1
/USERSPACE/DATASETS/CodecFake/train/F01_SSB15670192.wav,1
/USERSPACE/DATASETS/CodecFake/train/F01_SSB08870414.wav,1
/USERSPACE/DATASETS/CodecFake/train/F01_SSB17390114.wav,1
/USERSPACE/DATASETS/CodecFake/train/F01_SSB04340151.wav,1
/USERSPACE/DATASETS/CodecFake/train/F01_SSB05780436.wav,1
/USERSPACE/DATASETS/CodecFake/train/F01_SSB07200140.wav,1
/USERSPACE/DATASETS/CodecFake/train/F01_SSB16250055.wav,1
/USERSPACE/DATASETS/CodecFake/train/F01_SSB00180254.wav,1
/USERSPACE/DATASETS/CodecFake/train/F01_SSB17110450.wav,1
/USERSPACE/DATASETS/CodecFake/train/F01_SSB05700042.wav,1
/USERSPACE/DATASETS/CodecFake/train/F01_p336_191.wav,1
/USERSPACE/DATASETS/CodecFake/train/F01_SSB19350129.wav,1
/USERSPACE/DATASETS/CodecFake/train/F01_SSB06070059.wav,1
/USERSPACE/DATASETS/CodecFake/train/F01_SSB13930014.wav,1
/USERSPACE/DATASETS/CodecFake/train/F01_SSB18060283.wav,1
/USERSPACE/DATASETS/CodecFake/train/F01_SSB15550458.wav,1
/USERSPACE/DATASETS/CodecFake/train/F01_SSB07110264.wav,1
/USERSPACE/DATASETS/CodecFake/train/F01_SSB06140322.wav,1
/USERSPACE/DATASETS/CodecFake/train/F01_SSB00160167.wav,1
/USERSPACE/DATASETS/CodecFake/train/F01_SSB18720423.wav,1
/USERSPACE/DATASETS/CodecFake/train/F01_SSB11000037.wav,1
/USERSPACE/DATASETS/CodecFake/train/F01_SSB10720168.wav,1
/USERSPACE/DATASETS/CodecFake/train/F01_SSB16250331.wav,1
/USERSPACE/DATASETS/CodecFake/train/F01_p234_332.wav,1
/USERSPACE/DATASETS/CodecFake/train/F01_SSB13220339.wav,1
/USERSPACE/DATASETS/CodecFake/train/F01_SSB07020408.wav,1
/USERSPACE/DATASETS/CodecFake/train/F01_SSB18910278.wav,1
/USERSPACE/DATASETS/CodecFake/train/F01_SSB07000299.wav,1
/USERSPACE/DATASETS/CodecFake/train/F01_SSB06010220.wav,1
/USERSPACE/DATASETS/CodecFake/train/F01_SSB06710486.wav,1
/USERSPACE/DATASETS/CodecFake/train/F01_p303_021.wav,1
/USERSPACE/DATASETS/CodecFake/train/F01_SSB05780306.wav,1
/USERSPACE/DATASETS/CodecFake/train/F01_p248_158.wav,1
/USERSPACE/DATASETS/CodecFake/train/F01_p305_265.wav,1
/USERSPACE/DATASETS/CodecFake/train/F01_SSB13020227.wav,1
/USERSPACE/DATASETS/CodecFake/train/F01_SSB17450414.wav,1
/USERSPACE/DATASETS/CodecFake/train/F01_SSB06860212.wav,1
/USERSPACE/DATASETS/CodecFake/train/F01_SSB19020082.wav,1
/USERSPACE/DATASETS/CodecFake/train/F01_SSB01120020.wav,1
/USERSPACE/DATASETS/CodecFake/train/F01_p286_189.wav,1
/USERSPACE/DATASETS/CodecFake/train/F01_SSB06010487.wav,1
/USERSPACE/DATASETS/CodecFake/train/F01_p254_079.wav,1
/USERSPACE/DATASETS/CodecFake/train/F01_SSB07100006.wav,1
/USERSPACE/DATASETS/CodecFake/train/F01_SSB05340268.wav,1
/USERSPACE/DATASETS/CodecFake/train/F01_p237_192.wav,1
/USERSPACE/DATASETS/CodecFake/train/F01_SSB11250101.wav,1
/USERSPACE/DATASETS/CodecFake/train/F01_p259_166.wav,1
/USERSPACE/DATASETS/CodecFake/train/F01_SSB05340464.wav,1
/USERSPACE/DATASETS/CodecFake/train/F01_SSB01450075.wav,1
/USERSPACE/DATASETS/CodecFake/train/F01_SSB11310138.wav,1
/USERSPACE/DATASETS/CodecFake/train/F01_SSB07170135.wav,1
/USERSPACE/DATASETS/CodecFake/train/F01_SSB16500085.wav,1
/USERSPACE/DATASETS/CodecFake/train/F01_p316_401.wav,1
/USERSPACE/DATASETS/CodecFake/train/F01_p286_427.wav,1
/USERSPACE/DATASETS/CodecFake/train/F01_SSB06860013.wav,1
/USERSPACE/DATASETS/CodecFake/train/F01_p250_216.wav,1
/USERSPACE/DATASETS/CodecFake/train/F01_p284_346.wav,1
/USERSPACE/DATASETS/CodecFake/train/F01_p361_242.wav,1
/USERSPACE/DATASETS/CodecFake/train/F01_SSB05650508.wav,1
/USERSPACE/DATASETS/CodecFake/train/F01_SSB03820230.wav,1
/USERSPACE/DATASETS/CodecFake/train/F01_p236_437.wav,1
/USERSPACE/DATASETS/CodecFake/train/F01_p301_398.wav,1
/USERSPACE/DATASETS/CodecFake/train/F01_p297_117.wav,1
/USERSPACE/DATASETS/CodecFake/train/F01_p313_336.wav,1
/USERSPACE/DATASETS/CodecFake/train/F01_p281_149.wav,1
/USERSPACE/DATASETS/CodecFake/train/F01_p272_042.wav,1
/USERSPACE/DATASETS/CodecFake/train/F01_p271_004.wav,1
/USERSPACE/DATASETS/CodecFake/train/F01_SSB09870376.wav,1
/USERSPACE/DATASETS/CodecFake/train/F01_SSB13650205.wav,1
/USERSPACE/DATASETS/CodecFake/train/F01_SSB04150307.wav,1
/USERSPACE/DATASETS/CodecFake/train/F01_SSB13400204.wav,1
/USERSPACE/DATASETS/CodecFake/train/F01_SSB07360487.wav,1
/USERSPACE/DATASETS/CodecFake/train/F01_SSB03410288.wav,1
/USERSPACE/DATASETS/CodecFake/train/F01_SSB02610317.wav,1
/USERSPACE/DATASETS/CodecFake/train/F01_p265_257.wav,1
/USERSPACE/DATASETS/CodecFake/train/F01_p362_306.wav,1
/USERSPACE/DATASETS/CodecFake/train/F01_SSB13770185.wav,1
/USERSPACE/DATASETS/CodecFake/train/F01_SSB13220453.wav,1
/USERSPACE/DATASETS/CodecFake/train/F01_SSB05340089.wav,1
/USERSPACE/DATASETS/CodecFake/train/F01_SSB08630409.wav,1
/USERSPACE/DATASETS/CodecFake/train/F01_SSB06060408.wav,1
/USERSPACE/DATASETS/CodecFake/train/F01_SSB12030240.wav,1
/USERSPACE/DATASETS/CodecFake/train/F01_SSB11870112.wav,1
/USERSPACE/DATASETS/CodecFake/train/F01_p301_408.wav,1
/USERSPACE/DATASETS/CodecFake/train/F01_p274_288.wav,1
/USERSPACE/DATASETS/CodecFake/train/F01_SSB06660425.wav,1
/USERSPACE/DATASETS/CodecFake/train/F01_SSB00090155.wav,1
/USERSPACE/DATASETS/CodecFake/train/F01_p250_442.wav,1
/USERSPACE/DATASETS/CodecFake/train/F01_SSB01970191.wav,1
/USERSPACE/DATASETS/CodecFake/train/F01_SSB08170232.wav,1
/USERSPACE/DATASETS/CodecFake/train/F01_p374_099.wav,1
/USERSPACE/DATASETS/CodecFake/train/F01_p275_257.wav,1
/USERSPACE/DATASETS/CodecFake/train/F01_SSB11100075.wav,1
/USERSPACE/DATASETS/CodecFake/train/F01_SSB05880202.wav,1
/USERSPACE/DATASETS/CodecFake/train/F01_SSB09130279.wav,1
/USERSPACE/DATASETS/CodecFake/train/F01_SSB07860258.wav,1
/USERSPACE/DATASETS/CodecFake/train/F01_SSB04270198.wav,1
/USERSPACE/DATASETS/CodecFake/train/F01_SSB09350305.wav,1
/USERSPACE/DATASETS/CodecFake/train/F01_p226_052.wav,1
/USERSPACE/DATASETS/CodecFake/train/F01_SSB01450179.wav,1
/USERSPACE/DATASETS/CodecFake/train/F01_p250_253.wav,1
/USERSPACE/DATASETS/CodecFake/train/F01_p341_119.wav,1
/USERSPACE/DATASETS/CodecFake/train/F01_p269_012.wav,1
/USERSPACE/DATASETS/CodecFake/train/F01_p362_099.wav,1
/USERSPACE/DATASETS/CodecFake/train/F01_SSB05940052.wav,1
/USERSPACE/DATASETS/CodecFake/train/F01_SSB10960301.wav,1
/USERSPACE/DATASETS/CodecFake/train/F01_p245_233.wav,1
/USERSPACE/DATASETS/CodecFake/train/F01_SSB07230084.wav,1
/USERSPACE/DATASETS/CodecFake/train/F01_SSB16250425.wav,1
/USERSPACE/DATASETS/CodecFake/train/F01_SSB18090405.wav,1
/USERSPACE/DATASETS/CodecFake/train/F01_SSB00380062.wav,1
/USERSPACE/DATASETS/CodecFake/train/F01_p302_254.wav,1
/USERSPACE/DATASETS/CodecFake/train/F01_p226_161.wav,1
/USERSPACE/DATASETS/CodecFake/train/F01_SSB00730129.wav,1
/USERSPACE/DATASETS/CodecFake/train/F01_SSB00730077.wav,1
/USERSPACE/DATASETS/CodecFake/train/F01_SSB03160256.wav,1
/USERSPACE/DATASETS/CodecFake/train/F01_SSB06680179.wav,1
/USERSPACE/DATASETS/CodecFake/train/F01_SSB14370063.wav,1
/USERSPACE/DATASETS/CodecFake/train/F01_p263_004.wav,1
/USERSPACE/DATASETS/CodecFake/train/F01_SSB06680162.wav,1
/USERSPACE/DATASETS/CodecFake/train/F01_SSB07000408.wav,1
/USERSPACE/DATASETS/CodecFake/train/F01_SSB04150273.wav,1
/USERSPACE/DATASETS/CodecFake/train/F01_SSB10200102.wav,1
/USERSPACE/DATASETS/CodecFake/train/F01_p313_391.wav,1
/USERSPACE/DATASETS/CodecFake/train/F01_SSB06680509.wav,1
/USERSPACE/DATASETS/CodecFake/train/F01_SSB16840041.wav,1
/USERSPACE/DATASETS/CodecFake/train/F01_SSB02610498.wav,1
/USERSPACE/DATASETS/CodecFake/train/F01_SSB07000139.wav,1
/USERSPACE/DATASETS/CodecFake/train/F01_p267_196.wav,1
/USERSPACE/DATASETS/CodecFake/train/F01_SSB19390309.wav,1
/USERSPACE/DATASETS/CodecFake/train/F01_SSB07360024.wav,1
/USERSPACE/DATASETS/CodecFake/train/F01_p249_174.wav,1
/USERSPACE/DATASETS/CodecFake/train/F01_SSB09930131.wav,1
/USERSPACE/DATASETS/CodecFake/train/F01_p241_027.wav,1
/USERSPACE/DATASETS/CodecFake/train/F01_p364_111.wav,1
/USERSPACE/DATASETS/CodecFake/train/F01_SSB02610447.wav,1
/USERSPACE/DATASETS/CodecFake/train/F01_SSB12740106.wav,1
/USERSPACE/DATASETS/CodecFake/train/F01_SSB04820238.wav,1
/USERSPACE/DATASETS/CodecFake/train/F01_SSB16840018.wav,1
/USERSPACE/DATASETS/CodecFake/train/F01_SSB05900034.wav,1
/USERSPACE/DATASETS/CodecFake/train/F01_SSB02880352.wav,1
/USERSPACE/DATASETS/CodecFake/train/F01_SSB18370141.wav,1
/USERSPACE/DATASETS/CodecFake/train/F01_SSB15930305.wav,1
/USERSPACE/DATASETS/CodecFake/train/F01_SSB09930439.wav,1
/USERSPACE/DATASETS/CodecFake/train/F01_SSB03090351.wav,1
/USERSPACE/DATASETS/CodecFake/train/F01_SSB17390198.wav,1
/USERSPACE/DATASETS/CodecFake/train/F01_p252_078.wav,1
/USERSPACE/DATASETS/CodecFake/train/F01_p269_134.wav,1
/USERSPACE/DATASETS/CodecFake/train/F01_SSB13280206.wav,1
/USERSPACE/DATASETS/CodecFake/train/F01_SSB11380062.wav,1
/USERSPACE/DATASETS/CodecFake/train/F01_p263_141.wav,1
/USERSPACE/DATASETS/CodecFake/train/F01_SSB13930298.wav,1
/USERSPACE/DATASETS/CodecFake/train/F01_SSB07110433.wav,1
/USERSPACE/DATASETS/CodecFake/train/F01_SSB06680433.wav,1
/USERSPACE/DATASETS/CodecFake/train/F01_SSB03790069.wav,1
/USERSPACE/DATASETS/CodecFake/train/F01_SSB18780223.wav,1
/USERSPACE/DATASETS/CodecFake/train/F01_SSB07360167.wav,1
/USERSPACE/DATASETS/CodecFake/train/F01_p257_412.wav,1
/USERSPACE/DATASETS/CodecFake/train/F01_SSB11870043.wav,1
/USERSPACE/DATASETS/CodecFake/train/F01_SSB04340352.wav,1
/USERSPACE/DATASETS/CodecFake/train/F01_SSB07510008.wav,1
/USERSPACE/DATASETS/CodecFake/train/F01_SSB10560412.wav,1
/USERSPACE/DATASETS/CodecFake/train/F01_SSB14370070.wav,1
/USERSPACE/DATASETS/CodecFake/train/F01_SSB09190159.wav,1
/USERSPACE/DATASETS/CodecFake/train/F01_SSB07600463.wav,1
/USERSPACE/DATASETS/CodecFake/train/F01_p275_198.wav,1
/USERSPACE/DATASETS/CodecFake/train/F01_SSB10560418.wav,1
/USERSPACE/DATASETS/CodecFake/train/F01_p236_115.wav,1
/USERSPACE/DATASETS/CodecFake/train/F01_p251_292.wav,1
/USERSPACE/DATASETS/CodecFake/train/F01_SSB17590495.wav,1
/USERSPACE/DATASETS/CodecFake/train/F01_p273_065.wav,1
/USERSPACE/DATASETS/CodecFake/train/F01_p343_271.wav,1
/USERSPACE/DATASETS/CodecFake/train/F01_SSB16860454.wav,1
/USERSPACE/DATASETS/CodecFake/train/F01_SSB10080393.wav,1
/USERSPACE/DATASETS/CodecFake/train/F01_SSB17820348.wav,1
/USERSPACE/DATASETS/CodecFake/train/F01_SSB09970389.wav,1
/USERSPACE/DATASETS/CodecFake/train/F01_SSB07100393.wav,1
/USERSPACE/DATASETS/CodecFake/train/F01_p258_028.wav,1
/USERSPACE/DATASETS/CodecFake/train/F01_p334_317.wav,1
/USERSPACE/DATASETS/CodecFake/train/F01_SSB15550084.wav,1
/USERSPACE/DATASETS/CodecFake/train/F01_SSB13770243.wav,1
/USERSPACE/DATASETS/CodecFake/train/F01_SSB13410401.wav,1
/USERSPACE/DATASETS/CodecFake/train/F01_SSB15750220.wav,1
/USERSPACE/DATASETS/CodecFake/train/F01_SSB18910122.wav,1
/USERSPACE/DATASETS/CodecFake/train/F01_SSB15550039.wav,1
/USERSPACE/DATASETS/CodecFake/train/F01_SSB03230317.wav,1
/USERSPACE/DATASETS/CodecFake/train/F01_p284_302.wav,1
/USERSPACE/DATASETS/CodecFake/train/F01_p288_412.wav,1
/USERSPACE/DATASETS/CodecFake/train/F01_SSB05990257.wav,1
/USERSPACE/DATASETS/CodecFake/train/F01_p314_261.wav,1
/USERSPACE/DATASETS/CodecFake/train/F01_p265_195.wav,1
/USERSPACE/DATASETS/CodecFake/train/F01_p257_382.wav,1
/USERSPACE/DATASETS/CodecFake/train/F01_p306_012.wav,1
/USERSPACE/DATASETS/CodecFake/train/F01_SSB01970423.wav,1
/USERSPACE/DATASETS/CodecFake/train/F01_SSB18630197.wav,1
/USERSPACE/DATASETS/CodecFake/train/F01_SSB15550302.wav,1
/USERSPACE/DATASETS/CodecFake/train/F01_SSB03420069.wav,1
/USERSPACE/DATASETS/CodecFake/train/F01_SSB07100087.wav,1
/USERSPACE/DATASETS/CodecFake/train/F01_SSB18370440.wav,1
/USERSPACE/DATASETS/CodecFake/train/F01_p259_195.wav,1
/USERSPACE/DATASETS/CodecFake/train/F01_SSB13020035.wav,1
/USERSPACE/DATASETS/CodecFake/train/F01_SSB00090415.wav,1
/USERSPACE/DATASETS/CodecFake/train/F01_SSB17110433.wav,1
/USERSPACE/DATASETS/CodecFake/train/F01_SSB18780418.wav,1
/USERSPACE/DATASETS/CodecFake/train/F01_p257_204.wav,1
/USERSPACE/DATASETS/CodecFake/train/F01_SSB03230071.wav,1
/USERSPACE/DATASETS/CodecFake/train/F01_SSB05350455.wav,1
/USERSPACE/DATASETS/CodecFake/train/F01_p277_089.wav,1
/USERSPACE/DATASETS/CodecFake/train/F01_p303_083.wav,1
/USERSPACE/DATASETS/CodecFake/train/F01_SSB11870398.wav,1
/USERSPACE/DATASETS/CodecFake/train/F01_SSB16240496.wav,1
/USERSPACE/DATASETS/CodecFake/train/F01_SSB00430052.wav,1
/USERSPACE/DATASETS/CodecFake/train/F01_p262_350.wav,1
/USERSPACE/DATASETS/CodecFake/train/F01_SSB00180317.wav,1
/USERSPACE/DATASETS/CodecFake/train/F01_SSB12390326.wav,1
/USERSPACE/DATASETS/CodecFake/train/F01_p231_004.wav,1
/USERSPACE/DATASETS/CodecFake/train/F01_SSB11080222.wav,1
/USERSPACE/DATASETS/CodecFake/train/F01_SSB00800157.wav,1
/USERSPACE/DATASETS/CodecFake/train/F01_p233_070.wav,1
/USERSPACE/DATASETS/CodecFake/train/F01_SSB07860475.wav,1
/USERSPACE/DATASETS/CodecFake/train/F01_SSB12030033.wav,1
/USERSPACE/DATASETS/CodecFake/train/F01_SSB16240119.wav,1
/USERSPACE/DATASETS/CodecFake/train/F01_SSB14080254.wav,1
/USERSPACE/DATASETS/CodecFake/train/F01_p292_353.wav,1
/USERSPACE/DATASETS/CodecFake/train/F01_SSB01970155.wav,1
/USERSPACE/DATASETS/CodecFake/train/F01_SSB09660106.wav,1
/USERSPACE/DATASETS/CodecFake/train/F01_SSB12530119.wav,1
/USERSPACE/DATASETS/CodecFake/train/F01_p303_325.wav,1
/USERSPACE/DATASETS/CodecFake/train/F01_SSB05990252.wav,1
/USERSPACE/DATASETS/CodecFake/train/F01_p336_022.wav,1
/USERSPACE/DATASETS/CodecFake/train/F01_SSB09870141.wav,1
/USERSPACE/DATASETS/CodecFake/train/F01_SSB09930105.wav,1
/USERSPACE/DATASETS/CodecFake/train/F01_SSB16500093.wav,1
/USERSPACE/DATASETS/CodecFake/train/F01_SSB05880184.wav,1
/USERSPACE/DATASETS/CodecFake/train/F01_SSB06090430.wav,1
/USERSPACE/DATASETS/CodecFake/train/F01_SSB05880053.wav,1
/USERSPACE/DATASETS/CodecFake/train/F01_p253_120.wav,1
/USERSPACE/DATASETS/CodecFake/train/F01_SSB16500015.wav,1
/USERSPACE/DATASETS/CodecFake/train/F01_SSB10080240.wav,1
/USERSPACE/DATASETS/CodecFake/train/F01_SSB15750180.wav,1
/USERSPACE/DATASETS/CodecFake/train/F01_p230_382.wav,1
/USERSPACE/DATASETS/CodecFake/train/F01_SSB07160168.wav,1
/USERSPACE/DATASETS/CodecFake/train/F01_SSB03090076.wav,1
/USERSPACE/DATASETS/CodecFake/train/F01_SSB13820496.wav,1
/USERSPACE/DATASETS/CodecFake/train/F01_p293_141.wav,1
/USERSPACE/DATASETS/CodecFake/train/F01_SSB13650032.wav,1
/USERSPACE/DATASETS/CodecFake/train/F01_p281_444.wav,1
/USERSPACE/DATASETS/CodecFake/train/F01_p316_421.wav,1
/USERSPACE/DATASETS/CodecFake/train/F01_SSB03820126.wav,1
/USERSPACE/DATASETS/CodecFake/train/F01_p305_078.wav,1
/USERSPACE/DATASETS/CodecFake/train/F01_SSB13200118.wav,1
/USERSPACE/DATASETS/CodecFake/train/F01_p339_178.wav,1
/USERSPACE/DATASETS/CodecFake/train/F01_SSB06060120.wav,1
/USERSPACE/DATASETS/CodecFake/train/F01_p279_021.wav,1
/USERSPACE/DATASETS/CodecFake/train/F01_p364_085.wav,1
/USERSPACE/DATASETS/CodecFake/train/F01_p263_384.wav,1
/USERSPACE/DATASETS/CodecFake/train/F01_SSB11360315.wav,1
/USERSPACE/DATASETS/CodecFake/train/F01_SSB17390278.wav,1
/USERSPACE/DATASETS/CodecFake/train/F01_SSB12150309.wav,1
/USERSPACE/DATASETS/CodecFake/train/F01_p307_053.wav,1
/USERSPACE/DATASETS/CodecFake/train/F01_p341_160.wav,1
/USERSPACE/DATASETS/CodecFake/train/F01_SSB03420224.wav,1
/USERSPACE/DATASETS/CodecFake/train/F01_SSB19560027.wav,1
/USERSPACE/DATASETS/CodecFake/train/F01_SSB10200499.wav,1
/USERSPACE/DATASETS/CodecFake/train/F01_p247_049.wav,1
/USERSPACE/DATASETS/CodecFake/train/F01_p282_160.wav,1
/USERSPACE/DATASETS/CodecFake/train/F01_SSB16500111.wav,1
/USERSPACE/DATASETS/CodecFake/train/F01_p334_159.wav,1
/USERSPACE/DATASETS/CodecFake/train/F01_p276_106.wav,1
/USERSPACE/DATASETS/CodecFake/train/F01_SSB07100308.wav,1
/USERSPACE/DATASETS/CodecFake/train/F01_SSB19020412.wav,1
/USERSPACE/DATASETS/CodecFake/train/F01_SSB12210144.wav,1
/USERSPACE/DATASETS/CodecFake/train/F01_SSB14570182.wav,1
/USERSPACE/DATASETS/CodecFake/train/F01_SSB05650112.wav,1
/USERSPACE/DATASETS/CodecFake/train/F01_SSB04340100.wav,1
/USERSPACE/DATASETS/CodecFake/train/F01_SSB10560113.wav,1
/USERSPACE/DATASETS/CodecFake/train/F01_p283_012.wav,1
/USERSPACE/DATASETS/CodecFake/train/F01_SSB03820040.wav,1
/USERSPACE/DATASETS/CodecFake/train/F01_SSB16250292.wav,1
/USERSPACE/DATASETS/CodecFake/train/F01_SSB15670162.wav,1
/USERSPACE/DATASETS/CodecFake/train/F01_p334_278.wav,1
/USERSPACE/DATASETS/CodecFake/train/F01_SSB18090357.wav,1
/USERSPACE/DATASETS/CodecFake/train/F01_p245_018.wav,1
/USERSPACE/DATASETS/CodecFake/train/F01_SSB19180164.wav,1
/USERSPACE/DATASETS/CodecFake/train/F01_SSB15630270.wav,1
/USERSPACE/DATASETS/CodecFake/train/F01_SSB00160108.wav,1
/USERSPACE/DATASETS/CodecFake/train/F01_p243_094.wav,1
/USERSPACE/DATASETS/CodecFake/train/F01_p299_181.wav,1
/USERSPACE/DATASETS/CodecFake/train/F01_SSB10550497.wav,1
/USERSPACE/DATASETS/CodecFake/train/F01_SSB02730199.wav,1
/USERSPACE/DATASETS/CodecFake/train/F01_SSB11260221.wav,1
/USERSPACE/DATASETS/CodecFake/train/F01_SSB12190159.wav,1
/USERSPACE/DATASETS/CodecFake/train/F01_SSB17450276.wav,1
/USERSPACE/DATASETS/CodecFake/train/F01_p269_339.wav,1
/USERSPACE/DATASETS/CodecFake/train/F01_SSB04150147.wav,1
/USERSPACE/DATASETS/CodecFake/train/F01_SSB07100300.wav,1
/USERSPACE/DATASETS/CodecFake/train/F01_p297_014.wav,1
/USERSPACE/DATASETS/CodecFake/train/F01_SSB07490379.wav,1
/USERSPACE/DATASETS/CodecFake/train/F01_SSB07230401.wav,1
/USERSPACE/DATASETS/CodecFake/train/F01_SSB03800124.wav,1
/USERSPACE/DATASETS/CodecFake/train/F01_SSB07230164.wav,1
/USERSPACE/DATASETS/CodecFake/train/F01_p282_052.wav,1
/USERSPACE/DATASETS/CodecFake/train/F01_SSB02000231.wav,1
/USERSPACE/DATASETS/CodecFake/train/F01_SSB13410142.wav,1
/USERSPACE/DATASETS/CodecFake/train/F01_SSB12180324.wav,1
/USERSPACE/DATASETS/CodecFake/train/F01_SSB17110002.wav,1
/USERSPACE/DATASETS/CodecFake/train/F01_p232_359.wav,1
/USERSPACE/DATASETS/CodecFake/train/F01_SSB15850430.wav,1
/USERSPACE/DATASETS/CodecFake/train/F01_p361_307.wav,1
/USERSPACE/DATASETS/CodecFake/train/F01_SSB13280108.wav,1
/USERSPACE/DATASETS/CodecFake/train/F01_SSB02460094.wav,1
/USERSPACE/DATASETS/CodecFake/train/F01_SSB07110501.wav,1
/USERSPACE/DATASETS/CodecFake/train/F01_SSB11080221.wav,1
/USERSPACE/DATASETS/CodecFake/train/F01_p360_410.wav,1
/USERSPACE/DATASETS/CodecFake/train/F01_SSB02880253.wav,1
/USERSPACE/DATASETS/CodecFake/train/F01_SSB11150020.wav,1
/USERSPACE/DATASETS/CodecFake/train/F01_p285_328.wav,1
/USERSPACE/DATASETS/CodecFake/train/F01_p240_159.wav,1
/USERSPACE/DATASETS/CodecFake/train/F01_SSB09660119.wav,1
/USERSPACE/DATASETS/CodecFake/train/F01_p285_380.wav,1
/USERSPACE/DATASETS/CodecFake/train/F01_SSB02880355.wav,1
/USERSPACE/DATASETS/CodecFake/train/F01_p253_322.wav,1
/USERSPACE/DATASETS/CodecFake/train/F01_SSB12160329.wav,1
/USERSPACE/DATASETS/CodecFake/train/F01_SSB11150350.wav,1
/USERSPACE/DATASETS/CodecFake/train/F01_SSB06010155.wav,1
/USERSPACE/DATASETS/CodecFake/train/F01_p330_363.wav,1
/USERSPACE/DATASETS/CodecFake/train/F01_p292_384.wav,1
/USERSPACE/DATASETS/CodecFake/train/F01_SSB04270280.wav,1
/USERSPACE/DATASETS/CodecFake/train/F01_p230_171.wav,1
/USERSPACE/DATASETS/CodecFake/train/F01_SSB15630179.wav,1
/USERSPACE/DATASETS/CodecFake/train/F01_p239_285.wav,1
/USERSPACE/DATASETS/CodecFake/train/F01_SSB01450452.wav,1
/USERSPACE/DATASETS/CodecFake/train/F01_SSB07800037.wav,1
/USERSPACE/DATASETS/CodecFake/train/F01_SSB02730078.wav,1
/USERSPACE/DATASETS/CodecFake/train/F01_p329_116.wav,1
/USERSPACE/DATASETS/CodecFake/train/F01_p254_141.wav,1
/USERSPACE/DATASETS/CodecFake/train/F01_SSB09350409.wav,1
/USERSPACE/DATASETS/CodecFake/train/F01_p329_086.wav,1
/USERSPACE/DATASETS/CodecFake/train/F01_p311_097.wav,1
/USERSPACE/DATASETS/CodecFake/train/F01_SSB10240156.wav,1
/USERSPACE/DATASETS/CodecFake/train/F01_p334_421.wav,1
/USERSPACE/DATASETS/CodecFake/train/F01_SSB08870376.wav,1
/USERSPACE/DATASETS/CodecFake/train/F01_SSB03420307.wav,1
/USERSPACE/DATASETS/CodecFake/train/F01_SSB12210072.wav,1
/USERSPACE/DATASETS/CodecFake/train/F01_SSB07620191.wav,1
/USERSPACE/DATASETS/CodecFake/train/F01_p270_243.wav,1
/USERSPACE/DATASETS/CodecFake/train/F01_SSB12530406.wav,1
/USERSPACE/DATASETS/CodecFake/train/F01_SSB06230233.wav,1
/USERSPACE/DATASETS/CodecFake/train/F01_p316_352.wav,1
/USERSPACE/DATASETS/CodecFake/train/F01_p281_076.wav,1
/USERSPACE/DATASETS/CodecFake/train/F01_SSB06710134.wav,1
/USERSPACE/DATASETS/CodecFake/train/F01_SSB04070038.wav,1
/USERSPACE/DATASETS/CodecFake/train/F01_SSB02670474.wav,1
/USERSPACE/DATASETS/CodecFake/train/F01_SSB02670367.wav,1
/USERSPACE/DATASETS/CodecFake/train/F01_SSB03150364.wav,1
/USERSPACE/DATASETS/CodecFake/train/F01_SSB18720409.wav,1
/USERSPACE/DATASETS/CodecFake/train/F01_SSB14310037.wav,1
/USERSPACE/DATASETS/CodecFake/train/F01_p301_309.wav,1
/USERSPACE/DATASETS/CodecFake/train/F01_SSB06230377.wav,1
/USERSPACE/DATASETS/CodecFake/train/F01_p249_205.wav,1
/USERSPACE/DATASETS/CodecFake/train/F01_SSB01490404.wav,1
/USERSPACE/DATASETS/CodecFake/train/F01_p374_171.wav,1
/USERSPACE/DATASETS/CodecFake/train/F01_p257_228.wav,1
/USERSPACE/DATASETS/CodecFake/train/F01_SSB16700041.wav,1
/USERSPACE/DATASETS/CodecFake/train/F01_SSB06060159.wav,1
/USERSPACE/DATASETS/CodecFake/train/F01_SSB05390426.wav,1
/USERSPACE/DATASETS/CodecFake/train/F01_p259_109.wav,1
/USERSPACE/DATASETS/CodecFake/train/F01_SSB05990009.wav,1
/USERSPACE/DATASETS/CodecFake/train/F01_SSB18320059.wav,1
/USERSPACE/DATASETS/CodecFake/train/F01_SSB03930223.wav,1
/USERSPACE/DATASETS/CodecFake/train/F01_p288_401.wav,1
/USERSPACE/DATASETS/CodecFake/train/F01_SSB04070492.wav,1
/USERSPACE/DATASETS/CodecFake/train/F01_p258_311.wav,1
/USERSPACE/DATASETS/CodecFake/train/F01_SSB15750500.wav,1
/USERSPACE/DATASETS/CodecFake/train/F01_SSB07360480.wav,1
/USERSPACE/DATASETS/CodecFake/train/F01_SSB06030044.wav,1
/USERSPACE/DATASETS/CodecFake/train/F01_p229_348.wav,1
/USERSPACE/DATASETS/CodecFake/train/F01_SSB11360257.wav,1
/USERSPACE/DATASETS/CodecFake/train/F01_p307_330.wav,1
/USERSPACE/DATASETS/CodecFake/train/F01_SSB01330233.wav,1
/USERSPACE/DATASETS/CodecFake/train/F01_SSB03410184.wav,1
/USERSPACE/DATASETS/CodecFake/train/F01_p270_139.wav,1
/USERSPACE/DATASETS/CodecFake/train/F01_p246_241.wav,1
/USERSPACE/DATASETS/CodecFake/train/F01_SSB00730320.wav,1
/USERSPACE/DATASETS/CodecFake/train/F01_SSB06660350.wav,1
/USERSPACE/DATASETS/CodecFake/train/F01_SSB06660377.wav,1
/USERSPACE/DATASETS/CodecFake/train/F01_SSB07170283.wav,1
/USERSPACE/DATASETS/CodecFake/train/F01_SSB16860252.wav,1
/USERSPACE/DATASETS/CodecFake/train/F01_SSB07800280.wav,1
/USERSPACE/DATASETS/CodecFake/train/F01_SSB06320025.wav,1
/USERSPACE/DATASETS/CodecFake/train/F01_SSB18090087.wav,1
/USERSPACE/DATASETS/CodecFake/train/F01_p326_286.wav,1
/USERSPACE/DATASETS/CodecFake/train/F01_SSB15750454.wav,1
/USERSPACE/DATASETS/CodecFake/train/F01_SSB09970488.wav,1
/USERSPACE/DATASETS/CodecFake/train/F01_SSB01330336.wav,1
/USERSPACE/DATASETS/CodecFake/train/F01_SSB00330331.wav,1
/USERSPACE/DATASETS/CodecFake/train/F01_SSB18630173.wav,1
/USERSPACE/DATASETS/CodecFake/train/F01_SSB00160185.wav,1
/USERSPACE/DATASETS/CodecFake/train/F01_SSB07110288.wav,1
/USERSPACE/DATASETS/CodecFake/train/F01_p343_188.wav,1
/USERSPACE/DATASETS/CodecFake/train/F01_p243_313.wav,1
/USERSPACE/DATASETS/CodecFake/train/F01_p253_282.wav,1
/USERSPACE/DATASETS/CodecFake/train/F01_p280_032.wav,1
/USERSPACE/DATASETS/CodecFake/train/F01_SSB05780440.wav,1
/USERSPACE/DATASETS/CodecFake/train/F01_SSB06710267.wav,1
/USERSPACE/DATASETS/CodecFake/train/F01_SSB00330328.wav,1
/USERSPACE/DATASETS/CodecFake/train/F01_SSB03160384.wav,1
/USERSPACE/DATASETS/CodecFake/train/F01_SSB08630059.wav,1
/USERSPACE/DATASETS/CodecFake/train/F01_p245_322.wav,1
/USERSPACE/DATASETS/CodecFake/train/F01_p313_304.wav,1
/USERSPACE/DATASETS/CodecFake/train/F01_p294_387.wav,1
/USERSPACE/DATASETS/CodecFake/train/F01_SSB03090058.wav,1
/USERSPACE/DATASETS/CodecFake/train/F01_SSB00570277.wav,1
/USERSPACE/DATASETS/CodecFake/train/F01_SSB13650285.wav,1
/USERSPACE/DATASETS/CodecFake/train/F01_SSB11380279.wav,1
/USERSPACE/DATASETS/CodecFake/train/F01_p274_133.wav,1
/USERSPACE/DATASETS/CodecFake/train/F01_SSB13650159.wav,1
/USERSPACE/DATASETS/CodecFake/train/F01_SSB11310368.wav,1
/USERSPACE/DATASETS/CodecFake/train/F01_p271_176.wav,1
/USERSPACE/DATASETS/CodecFake/train/F01_p225_196.wav,1
/USERSPACE/DATASETS/CodecFake/train/F01_p232_104.wav,1
/USERSPACE/DATASETS/CodecFake/train/F01_p282_207.wav,1
/USERSPACE/DATASETS/CodecFake/train/F01_SSB16070303.wav,1
/USERSPACE/DATASETS/CodecFake/train/F01_SSB03380191.wav,1
/USERSPACE/DATASETS/CodecFake/train/F01_p238_429.wav,1
/USERSPACE/DATASETS/CodecFake/train/F01_p258_155.wav,1
/USERSPACE/DATASETS/CodecFake/train/F01_p287_077.wav,1
/USERSPACE/DATASETS/CodecFake/train/F01_p288_335.wav,1
/USERSPACE/DATASETS/CodecFake/train/F01_SSB07840105.wav,1
/USERSPACE/DATASETS/CodecFake/train/F01_p269_021.wav,1
/USERSPACE/DATASETS/CodecFake/train/F01_SSB05880352.wav,1
/USERSPACE/DATASETS/CodecFake/train/F01_SSB07510094.wav,1
/USERSPACE/DATASETS/CodecFake/train/F01_SSB04350025.wav,1
/USERSPACE/DATASETS/CodecFake/train/F01_SSB03930405.wav,1
/USERSPACE/DATASETS/CodecFake/train/F01_p267_202.wav,1
/USERSPACE/DATASETS/CodecFake/train/F01_SSB12030055.wav,1
/USERSPACE/DATASETS/CodecFake/train/F01_SSB18720414.wav,1
/USERSPACE/DATASETS/CodecFake/train/F01_p343_089.wav,1
/USERSPACE/DATASETS/CodecFake/train/F01_p264_461.wav,1
/USERSPACE/DATASETS/CodecFake/train/F01_SSB02990223.wav,1
/USERSPACE/DATASETS/CodecFake/train/F01_SSB08630042.wav,1
/USERSPACE/DATASETS/CodecFake/train/F01_SSB01490390.wav,1
/USERSPACE/DATASETS/CodecFake/train/F01_p308_289.wav,1
/USERSPACE/DATASETS/CodecFake/train/F01_SSB09190093.wav,1
/USERSPACE/DATASETS/CodecFake/train/F01_SSB18370225.wav,1
/USERSPACE/DATASETS/CodecFake/train/F01_p252_389.wav,1
/USERSPACE/DATASETS/CodecFake/train/F01_SSB06230098.wav,1
/USERSPACE/DATASETS/CodecFake/train/F01_SSB03800162.wav,1
/USERSPACE/DATASETS/CodecFake/train/F01_SSB04820162.wav,1
/USERSPACE/DATASETS/CodecFake/train/F01_p271_433.wav,1
/USERSPACE/DATASETS/CodecFake/train/F01_SSB07360026.wav,1
/USERSPACE/DATASETS/CodecFake/train/F01_p230_221.wav,1
/USERSPACE/DATASETS/CodecFake/train/F01_SSB08220238.wav,1
/USERSPACE/DATASETS/CodecFake/train/F01_SSB18370364.wav,1
/USERSPACE/DATASETS/CodecFake/train/F01_p268_288.wav,1
/USERSPACE/DATASETS/CodecFake/train/F01_SSB03850090.wav,1
/USERSPACE/DATASETS/CodecFake/train/F01_SSB04260129.wav,1
/USERSPACE/DATASETS/CodecFake/train/F01_SSB06090287.wav,1
/USERSPACE/DATASETS/CodecFake/train/F01_SSB02730255.wav,1
/USERSPACE/DATASETS/CodecFake/train/F01_SSB09350129.wav,1
/USERSPACE/DATASETS/CodecFake/train/F01_p345_189.wav,1
/USERSPACE/DATASETS/CodecFake/train/F01_p239_321.wav,1
/USERSPACE/DATASETS/CodecFake/train/F01_SSB04700049.wav,1
/USERSPACE/DATASETS/CodecFake/train/F01_p363_012.wav,1
/USERSPACE/DATASETS/CodecFake/train/F01_p275_238.wav,1
/USERSPACE/DATASETS/CodecFake/train/F01_SSB07860086.wav,1
/USERSPACE/DATASETS/CodecFake/train/F01_SSB11150494.wav,1
/USERSPACE/DATASETS/CodecFake/train/F01_p345_381.wav,1
/USERSPACE/DATASETS/CodecFake/train/F01_SSB09660283.wav,1
/USERSPACE/DATASETS/CodecFake/train/F01_SSB07460157.wav,1
/USERSPACE/DATASETS/CodecFake/train/F01_SSB06140144.wav,1
/USERSPACE/DATASETS/CodecFake/train/F01_SSB06070306.wav,1
/USERSPACE/DATASETS/CodecFake/train/F01_p265_345.wav,1
/USERSPACE/DATASETS/CodecFake/train/F01_SSB00160218.wav,1
/USERSPACE/DATASETS/CodecFake/train/F01_SSB07620153.wav,1
/USERSPACE/DATASETS/CodecFake/train/F01_p236_105.wav,1
/USERSPACE/DATASETS/CodecFake/train/F01_p230_113.wav,1
/USERSPACE/DATASETS/CodecFake/train/F01_p308_258.wav,1
/USERSPACE/DATASETS/CodecFake/train/F01_p301_192.wav,1
/USERSPACE/DATASETS/CodecFake/train/F01_p250_466.wav,1
/USERSPACE/DATASETS/CodecFake/train/F01_SSB06290291.wav,1
/USERSPACE/DATASETS/CodecFake/train/F01_SSB09130385.wav,1
/USERSPACE/DATASETS/CodecFake/train/F01_SSB05020472.wav,1
/USERSPACE/DATASETS/CodecFake/train/F01_p228_093.wav,1
/USERSPACE/DATASETS/CodecFake/train/F01_SSB05880449.wav,1
/USERSPACE/DATASETS/CodecFake/train/F01_p251_046.wav,1
/USERSPACE/DATASETS/CodecFake/train/F01_p326_136.wav,1
/USERSPACE/DATASETS/CodecFake/train/F01_p294_188.wav,1
/USERSPACE/DATASETS/CodecFake/train/F01_SSB18060203.wav,1
/USERSPACE/DATASETS/CodecFake/train/F01_SSB10240277.wav,1
/USERSPACE/DATASETS/CodecFake/train/F01_p258_315.wav,1
/USERSPACE/DATASETS/CodecFake/train/F01_SSB01390356.wav,1
/USERSPACE/DATASETS/CodecFake/train/F01_SSB05880141.wav,1
/USERSPACE/DATASETS/CodecFake/train/F01_SSB01120274.wav,1
/USERSPACE/DATASETS/CodecFake/train/F01_p239_359.wav,1
/USERSPACE/DATASETS/CodecFake/train/F01_p253_101.wav,1
/USERSPACE/DATASETS/CodecFake/train/F01_p351_116.wav,1
/USERSPACE/DATASETS/CodecFake/train/F01_SSB00380414.wav,1
/USERSPACE/DATASETS/CodecFake/train/F01_SSB05650261.wav,1
/USERSPACE/DATASETS/CodecFake/train/F01_SSB09930327.wav,1
/USERSPACE/DATASETS/CodecFake/train/F01_p266_088.wav,1
/USERSPACE/DATASETS/CodecFake/train/F01_SSB05990092.wav,1
/USERSPACE/DATASETS/CodecFake/train/F01_p334_226.wav,1
/USERSPACE/DATASETS/CodecFake/train/F01_p304_089.wav,1
/USERSPACE/DATASETS/CodecFake/train/F01_SSB11150232.wav,1
/USERSPACE/DATASETS/CodecFake/train/F01_SSB10240290.wav,1
/USERSPACE/DATASETS/CodecFake/train/F01_SSB02730023.wav,1
/USERSPACE/DATASETS/CodecFake/train/F01_SSB02000278.wav,1
/USERSPACE/DATASETS/CodecFake/train/F01_SSB07170095.wav,1
/USERSPACE/DATASETS/CodecFake/train/F01_SSB04700217.wav,1
/USERSPACE/DATASETS/CodecFake/train/F01_SSB17590379.wav,1
/USERSPACE/DATASETS/CodecFake/train/F01_p333_046.wav,1
/USERSPACE/DATASETS/CodecFake/train/F01_p225_334.wav,1
/USERSPACE/DATASETS/CodecFake/train/F01_SSB02000025.wav,1
/USERSPACE/DATASETS/CodecFake/train/F01_p284_009.wav,1
/USERSPACE/DATASETS/CodecFake/train/F01_SSB09870382.wav,1
/USERSPACE/DATASETS/CodecFake/train/F01_SSB00090062.wav,1
/USERSPACE/DATASETS/CodecFake/train/F01_p334_081.wav,1
/USERSPACE/DATASETS/CodecFake/train/F01_SSB03070034.wav,1
/USERSPACE/DATASETS/CodecFake/train/F01_p252_163.wav,1
/USERSPACE/DATASETS/CodecFake/train/F01_p264_488.wav,1
/USERSPACE/DATASETS/CodecFake/train/F01_p318_383.wav,1
/USERSPACE/DATASETS/CodecFake/train/F01_SSB11150380.wav,1
/USERSPACE/DATASETS/CodecFake/train/F01_p232_198.wav,1
/USERSPACE/DATASETS/CodecFake/train/F01_SSB03160414.wav,1
/USERSPACE/DATASETS/CodecFake/train/F01_SSB04340011.wav,1
/USERSPACE/DATASETS/CodecFake/train/F01_SSB07000118.wav,1
/USERSPACE/DATASETS/CodecFake/train/F01_p339_145.wav,1
/USERSPACE/DATASETS/CodecFake/train/F01_SSB06860182.wav,1
/USERSPACE/DATASETS/CodecFake/train/F01_SSB04260442.wav,1
/USERSPACE/DATASETS/CodecFake/train/F01_SSB07600085.wav,1
/USERSPACE/DATASETS/CodecFake/train/F01_SSB05880010.wav,1
/USERSPACE/DATASETS/CodecFake/train/F01_p281_065.wav,1
/USERSPACE/DATASETS/CodecFake/train/F01_SSB00570124.wav,1
/USERSPACE/DATASETS/CodecFake/train/F01_SSB13990300.wav,1
/USERSPACE/DATASETS/CodecFake/train/F01_SSB13020147.wav,1
/USERSPACE/DATASETS/CodecFake/train/F01_SSB05020264.wav,1
/USERSPACE/DATASETS/CodecFake/train/F01_SSB09190417.wav,1
/USERSPACE/DATASETS/CodecFake/train/F01_SSB10640345.wav,1
/USERSPACE/DATASETS/CodecFake/train/F01_SSB18280142.wav,1
/USERSPACE/DATASETS/CodecFake/train/F01_SSB03540337.wav,1
/USERSPACE/DATASETS/CodecFake/train/F01_SSB11080023.wav,1
/USERSPACE/DATASETS/CodecFake/train/F01_p250_478.wav,1
/USERSPACE/DATASETS/CodecFake/train/F01_SSB03800273.wav,1
/USERSPACE/DATASETS/CodecFake/train/F01_SSB01970236.wav,1
/USERSPACE/DATASETS/CodecFake/train/F01_SSB00430045.wav,1
/USERSPACE/DATASETS/CodecFake/train/F01_p347_224.wav,1
/USERSPACE/DATASETS/CodecFake/train/F01_SSB16070051.wav,1
/USERSPACE/DATASETS/CodecFake/train/F01_SSB07200460.wav,1
/USERSPACE/DATASETS/CodecFake/train/F01_SSB12740344.wav,1
/USERSPACE/DATASETS/CodecFake/train/F01_SSB07480264.wav,1
/USERSPACE/DATASETS/CodecFake/train/F01_p283_130.wav,1
/USERSPACE/DATASETS/CodecFake/train/F01_p263_185.wav,1
/USERSPACE/DATASETS/CodecFake/train/F01_p339_059.wav,1
/USERSPACE/DATASETS/CodecFake/train/F01_SSB03410450.wav,1
/USERSPACE/DATASETS/CodecFake/train/F01_SSB18780013.wav,1
/USERSPACE/DATASETS/CodecFake/train/F01_SSB07480160.wav,1
/USERSPACE/DATASETS/CodecFake/train/F01_p282_345.wav,1
/USERSPACE/DATASETS/CodecFake/train/F01_SSB08630008.wav,1
/USERSPACE/DATASETS/CodecFake/train/F01_p258_212.wav,1
/USERSPACE/DATASETS/CodecFake/train/F01_SSB13410218.wav,1
/USERSPACE/DATASETS/CodecFake/train/F01_SSB01450364.wav,1
/USERSPACE/DATASETS/CodecFake/train/F01_SSB05440025.wav,1
/USERSPACE/DATASETS/CodecFake/train/F01_p285_277.wav,1
/USERSPACE/DATASETS/CodecFake/train/F01_p326_101.wav,1
/USERSPACE/DATASETS/CodecFake/train/F01_SSB03540285.wav,1
/USERSPACE/DATASETS/CodecFake/train/F01_SSB18280035.wav,1
/USERSPACE/DATASETS/CodecFake/train/F01_SSB15670463.wav,1
/USERSPACE/DATASETS/CodecFake/train/F01_p257_314.wav,1
/USERSPACE/DATASETS/CodecFake/train/F01_SSB07360005.wav,1
/USERSPACE/DATASETS/CodecFake/train/F01_SSB10200397.wav,1
/USERSPACE/DATASETS/CodecFake/train/F01_SSB05940027.wav,1
/USERSPACE/DATASETS/CodecFake/train/F01_SSB03160149.wav,1
/USERSPACE/DATASETS/CodecFake/train/F01_p329_003.wav,1
/USERSPACE/DATASETS/CodecFake/train/F01_SSB00120166.wav,1
/USERSPACE/DATASETS/CodecFake/train/F01_SSB10200026.wav,1
/USERSPACE/DATASETS/CodecFake/train/F01_p233_111.wav,1
/USERSPACE/DATASETS/CodecFake/train/F01_SSB16070311.wav,1
/USERSPACE/DATASETS/CodecFake/train/F01_SSB05340120.wav,1
/USERSPACE/DATASETS/CodecFake/train/F01_p330_288.wav,1
/USERSPACE/DATASETS/CodecFake/train/F01_SSB06010248.wav,1
/USERSPACE/DATASETS/CodecFake/train/F01_p335_044.wav,1
/USERSPACE/DATASETS/CodecFake/train/F01_SSB18780198.wav,1
/USERSPACE/DATASETS/CodecFake/train/F01_SSB07230476.wav,1
/USERSPACE/DATASETS/CodecFake/train/F01_SSB19350022.wav,1
/USERSPACE/DATASETS/CodecFake/train/F01_p286_284.wav,1
/USERSPACE/DATASETS/CodecFake/train/F01_SSB03420193.wav,1
/USERSPACE/DATASETS/CodecFake/train/F01_SSB10910428.wav,1
/USERSPACE/DATASETS/CodecFake/train/F01_SSB02000251.wav,1
/USERSPACE/DATASETS/CodecFake/train/F01_SSB09970015.wav,1
/USERSPACE/DATASETS/CodecFake/train/F01_SSB06060091.wav,1
/USERSPACE/DATASETS/CodecFake/train/F01_SSB17810329.wav,1
/USERSPACE/DATASETS/CodecFake/train/F01_p364_301.wav,1
/USERSPACE/DATASETS/CodecFake/train/F01_SSB10000026.wav,1
/USERSPACE/DATASETS/CodecFake/train/F01_SSB03150431.wav,1
/USERSPACE/DATASETS/CodecFake/train/F01_SSB02730205.wav,1
/USERSPACE/DATASETS/CodecFake/train/F01_SSB04270448.wav,1
/USERSPACE/DATASETS/CodecFake/train/F01_SSB10560260.wav,1
/USERSPACE/DATASETS/CodecFake/train/F01_SSB04820159.wav,1
/USERSPACE/DATASETS/CodecFake/train/F01_SSB03940097.wav,1
/USERSPACE/DATASETS/CodecFake/train/F01_SSB06710156.wav,1
/USERSPACE/DATASETS/CodecFake/train/F01_SSB07110363.wav,1
/USERSPACE/DATASETS/CodecFake/train/F01_p318_350.wav,1
/USERSPACE/DATASETS/CodecFake/train/F01_SSB06680395.wav,1
/USERSPACE/DATASETS/CodecFake/train/F01_SSB05020476.wav,1
/USERSPACE/DATASETS/CodecFake/train/F01_p299_038.wav,1
/USERSPACE/DATASETS/CodecFake/train/F01_SSB09930069.wav,1
/USERSPACE/DATASETS/CodecFake/train/F01_SSB19180318.wav,1
/USERSPACE/DATASETS/CodecFake/train/F01_p264_042.wav,1
/USERSPACE/DATASETS/CodecFake/train/F01_SSB07170109.wav,1
/USERSPACE/DATASETS/CodecFake/train/F01_SSB11310067.wav,1
/USERSPACE/DATASETS/CodecFake/train/F01_p250_162.wav,1
/USERSPACE/DATASETS/CodecFake/train/F01_SSB02880183.wav,1
/USERSPACE/DATASETS/CodecFake/train/F01_SSB07840348.wav,1
/USERSPACE/DATASETS/CodecFake/train/F01_SSB07110162.wav,1
/USERSPACE/DATASETS/CodecFake/train/F01_SSB07490340.wav,1
/USERSPACE/DATASETS/CodecFake/train/F01_p262_084.wav,1
/USERSPACE/DATASETS/CodecFake/train/F01_p250_349.wav,1
/USERSPACE/DATASETS/CodecFake/train/F01_SSB01330028.wav,1
/USERSPACE/DATASETS/CodecFake/train/F01_SSB03540383.wav,1
/USERSPACE/DATASETS/CodecFake/train/F01_SSB04270352.wav,1
/USERSPACE/DATASETS/CodecFake/train/F01_SSB19020260.wav,1
/USERSPACE/DATASETS/CodecFake/train/F01_p274_340.wav,1
/USERSPACE/DATASETS/CodecFake/train/F01_SSB06320086.wav,1
/USERSPACE/DATASETS/CodecFake/train/F01_SSB02610379.wav,1
/USERSPACE/DATASETS/CodecFake/train/F01_SSB13770317.wav,1
/USERSPACE/DATASETS/CodecFake/train/F01_SSB05700168.wav,1
/USERSPACE/DATASETS/CodecFake/train/F01_SSB13650133.wav,1
/USERSPACE/DATASETS/CodecFake/train/F01_p240_299.wav,1
/USERSPACE/DATASETS/CodecFake/train/F01_p374_341.wav,1
/USERSPACE/DATASETS/CodecFake/train/F01_SSB16860394.wav,1
/USERSPACE/DATASETS/CodecFake/train/F01_SSB15750411.wav,1
/USERSPACE/DATASETS/CodecFake/train/F01_SSB03800120.wav,1
/USERSPACE/DATASETS/CodecFake/train/F01_p283_305.wav,1
/USERSPACE/DATASETS/CodecFake/train/F01_SSB04260401.wav,1
/USERSPACE/DATASETS/CodecFake/train/F01_SSB07940096.wav,1
/USERSPACE/DATASETS/CodecFake/train/F01_SSB07170383.wav,1
/USERSPACE/DATASETS/CodecFake/train/F01_p301_344.wav,1
/USERSPACE/DATASETS/CodecFake/train/F01_SSB02880385.wav,1
/USERSPACE/DATASETS/CodecFake/train/F01_p280_118.wav,1
/USERSPACE/DATASETS/CodecFake/train/F01_SSB08170397.wav,1
/USERSPACE/DATASETS/CodecFake/train/F01_SSB10720306.wav,1
/USERSPACE/DATASETS/CodecFake/train/F01_SSB05020407.wav,1
/USERSPACE/DATASETS/CodecFake/train/F01_SSB08710322.wav,1
/USERSPACE/DATASETS/CodecFake/train/F01_SSB06680216.wav,1
/USERSPACE/DATASETS/CodecFake/train/F01_p240_185.wav,1
/USERSPACE/DATASETS/CodecFake/train/F01_p247_369.wav,1
/USERSPACE/DATASETS/CodecFake/train/F01_SSB00800283.wav,1
/USERSPACE/DATASETS/CodecFake/train/F01_SSB07170325.wav,1
/USERSPACE/DATASETS/CodecFake/train/F01_SSB09130154.wav,1
/USERSPACE/DATASETS/CodecFake/train/F01_SSB15670472.wav,1
/USERSPACE/DATASETS/CodecFake/train/F01_SSB03090201.wav,1
/USERSPACE/DATASETS/CodecFake/train/F01_SSB07170096.wav,1
/USERSPACE/DATASETS/CodecFake/train/F01_SSB01120202.wav,1
/USERSPACE/DATASETS/CodecFake/train/F01_SSB03410335.wav,1
/USERSPACE/DATASETS/CodecFake/train/F01_p249_092.wav,1
/USERSPACE/DATASETS/CodecFake/train/F01_SSB11360015.wav,1
/USERSPACE/DATASETS/CodecFake/train/F01_SSB16840443.wav,1
/USERSPACE/DATASETS/CodecFake/train/F01_SSB11870499.wav,1
/USERSPACE/DATASETS/CodecFake/train/F01_p376_163.wav,1
/USERSPACE/DATASETS/CodecFake/train/F01_p228_222.wav,1
/USERSPACE/DATASETS/CodecFake/train/F01_p264_170.wav,1
/USERSPACE/DATASETS/CodecFake/train/F01_SSB08630208.wav,1
/USERSPACE/DATASETS/CodecFake/train/F01_SSB07600261.wav,1
/USERSPACE/DATASETS/CodecFake/train/F01_SSB06030234.wav,1
/USERSPACE/DATASETS/CodecFake/train/F01_SSB00090348.wav,1
/USERSPACE/DATASETS/CodecFake/train/F01_SSB03540012.wav,1
/USERSPACE/DATASETS/CodecFake/train/F01_p360_011.wav,1
/USERSPACE/DATASETS/CodecFake/train/F01_SSB06230479.wav,1
/USERSPACE/DATASETS/CodecFake/train/F01_SSB03660377.wav,1
/USERSPACE/DATASETS/CodecFake/train/F01_SSB06320033.wav,1
/USERSPACE/DATASETS/CodecFake/train/F01_p361_346.wav,1
/USERSPACE/DATASETS/CodecFake/train/F01_SSB19020396.wav,1
/USERSPACE/DATASETS/CodecFake/train/F01_p336_323.wav,1
/USERSPACE/DATASETS/CodecFake/train/F01_SSB07800092.wav,1
/USERSPACE/DATASETS/CodecFake/train/F01_SSB02610050.wav,1
/USERSPACE/DATASETS/CodecFake/train/F01_SSB08090493.wav,1
/USERSPACE/DATASETS/CodecFake/train/F01_SSB18780453.wav,1
/USERSPACE/DATASETS/CodecFake/train/F01_p279_342.wav,1
/USERSPACE/DATASETS/CodecFake/train/F01_SSB03790408.wav,1
/USERSPACE/DATASETS/CodecFake/train/F01_p260_232.wav,1
/USERSPACE/DATASETS/CodecFake/train/F01_SSB16250418.wav,1
/USERSPACE/DATASETS/CodecFake/train/F01_SSB11310146.wav,1
/USERSPACE/DATASETS/CodecFake/train/F01_SSB08510434.wav,1
/USERSPACE/DATASETS/CodecFake/train/F01_p323_038.wav,1
/USERSPACE/DATASETS/CodecFake/train/F01_p280_067.wav,1
/USERSPACE/DATASETS/CodecFake/train/F01_SSB08090491.wav,1
/USERSPACE/DATASETS/CodecFake/train/F01_p264_246.wav,1
/USERSPACE/DATASETS/CodecFake/train/F01_SSB00090313.wav,1
/USERSPACE/DATASETS/CodecFake/train/F01_p286_069.wav,1
/USERSPACE/DATASETS/CodecFake/train/F01_p252_170.wav,1
/USERSPACE/DATASETS/CodecFake/train/F01_SSB11100129.wav,1
/USERSPACE/DATASETS/CodecFake/train/F01_SSB02880060.wav,1
/USERSPACE/DATASETS/CodecFake/train/F01_p345_277.wav,1
/USERSPACE/DATASETS/CodecFake/train/F01_SSB06860461.wav,1
/USERSPACE/DATASETS/CodecFake/train/F01_SSB00160102.wav,1
/USERSPACE/DATASETS/CodecFake/train/F01_p269_040.wav,1
/USERSPACE/DATASETS/CodecFake/train/F01_p301_387.wav,1
/USERSPACE/DATASETS/CodecFake/train/F01_SSB02410323.wav,1
/USERSPACE/DATASETS/CodecFake/train/F01_SSB10560274.wav,1
/USERSPACE/DATASETS/CodecFake/train/F01_p286_364.wav,1
/USERSPACE/DATASETS/CodecFake/train/F01_SSB03410045.wav,1
/USERSPACE/DATASETS/CodecFake/train/F01_SSB05340470.wav,1
/USERSPACE/DATASETS/CodecFake/train/F01_p333_007.wav,1
/USERSPACE/DATASETS/CodecFake/train/F01_SSB03380410.wav,1
/USERSPACE/DATASETS/CodecFake/train/F01_SSB13850168.wav,1
/USERSPACE/DATASETS/CodecFake/train/F01_SSB16500376.wav,1
/USERSPACE/DATASETS/CodecFake/train/F01_SSB07160427.wav,1
/USERSPACE/DATASETS/CodecFake/train/F01_SSB11350237.wav,1
/USERSPACE/DATASETS/CodecFake/train/F01_SSB06710155.wav,1
/USERSPACE/DATASETS/CodecFake/train/F01_SSB04260285.wav,1
/USERSPACE/DATASETS/CodecFake/train/F01_SSB08870290.wav,1
/USERSPACE/DATASETS/CodecFake/train/F01_p374_140.wav,1
/USERSPACE/DATASETS/CodecFake/train/F01_SSB06140347.wav,1
/USERSPACE/DATASETS/CodecFake/train/F01_SSB00570166.wav,1
/USERSPACE/DATASETS/CodecFake/train/F01_SSB03850138.wav,1
/USERSPACE/DATASETS/CodecFake/train/F01_SSB15550337.wav,1
/USERSPACE/DATASETS/CodecFake/train/F01_p259_113.wav,1
/USERSPACE/DATASETS/CodecFake/train/F01_p247_289.wav,1
/USERSPACE/DATASETS/CodecFake/train/F01_p259_404.wav,1
/USERSPACE/DATASETS/CodecFake/train/F01_SSB06860293.wav,1
/USERSPACE/DATASETS/CodecFake/train/F01_p287_092.wav,1
/USERSPACE/DATASETS/CodecFake/train/F01_SSB05990180.wav,1
/USERSPACE/DATASETS/CodecFake/train/F01_SSB15630378.wav,1
/USERSPACE/DATASETS/CodecFake/train/F01_SSB07170121.wav,1
/USERSPACE/DATASETS/CodecFake/train/F01_SSB03660129.wav,1
/USERSPACE/DATASETS/CodecFake/train/F01_SSB08870348.wav,1
/USERSPACE/DATASETS/CodecFake/train/F01_p299_070.wav,1
/USERSPACE/DATASETS/CodecFake/train/F01_SSB04340150.wav,1
/USERSPACE/DATASETS/CodecFake/train/F01_SSB06930090.wav,1
/USERSPACE/DATASETS/CodecFake/train/F01_p300_099.wav,1
/USERSPACE/DATASETS/CodecFake/train/F01_SSB03410209.wav,1
/USERSPACE/DATASETS/CodecFake/train/F01_SSB10560487.wav,1
/USERSPACE/DATASETS/CodecFake/train/F01_p343_362.wav,1
/USERSPACE/DATASETS/CodecFake/train/F01_p247_093.wav,1
/USERSPACE/DATASETS/CodecFake/train/F01_p226_031.wav,1
/USERSPACE/DATASETS/CodecFake/train/F01_SSB13660421.wav,1
/USERSPACE/DATASETS/CodecFake/train/F01_SSB18780387.wav,1
/USERSPACE/DATASETS/CodecFake/train/F01_SSB19180490.wav,1
/USERSPACE/DATASETS/CodecFake/train/F01_p276_378.wav,1
/USERSPACE/DATASETS/CodecFake/train/F01_SSB04260219.wav,1
/USERSPACE/DATASETS/CodecFake/train/F01_SSB18060356.wav,1
/USERSPACE/DATASETS/CodecFake/train/F01_p275_046.wav,1
/USERSPACE/DATASETS/CodecFake/train/F01_SSB18460336.wav,1
/USERSPACE/DATASETS/CodecFake/train/F01_p270_023.wav,1
/USERSPACE/DATASETS/CodecFake/train/F01_SSB05650493.wav,1
/USERSPACE/DATASETS/CodecFake/train/F01_SSB11100109.wav,1
/USERSPACE/DATASETS/CodecFake/train/F01_p273_306.wav,1
/USERSPACE/DATASETS/CodecFake/train/F01_p256_274.wav,1
/USERSPACE/DATASETS/CodecFake/train/F01_SSB11250320.wav,1
/USERSPACE/DATASETS/CodecFake/train/F01_SSB06070441.wav,1
/USERSPACE/DATASETS/CodecFake/train/F01_p301_087.wav,1
/USERSPACE/DATASETS/CodecFake/train/F01_SSB03930049.wav,1
/USERSPACE/DATASETS/CodecFake/train/F01_SSB03790309.wav,1
/USERSPACE/DATASETS/CodecFake/train/F01_p241_223.wav,1
/USERSPACE/DATASETS/CodecFake/train/F01_p229_110.wav,1
/USERSPACE/DATASETS/CodecFake/train/F01_p275_330.wav,1
/USERSPACE/DATASETS/CodecFake/train/F01_SSB07860238.wav,1
/USERSPACE/DATASETS/CodecFake/train/F01_SSB05900099.wav,1
/USERSPACE/DATASETS/CodecFake/train/F01_p277_249.wav,1
/USERSPACE/DATASETS/CodecFake/train/F01_p333_388.wav,1
/USERSPACE/DATASETS/CodecFake/train/F01_SSB02000476.wav,1
/USERSPACE/DATASETS/CodecFake/train/F01_SSB07580386.wav,1
/USERSPACE/DATASETS/CodecFake/train/F01_SSB11000250.wav,1
/USERSPACE/DATASETS/CodecFake/train/F01_SSB07480133.wav,1
/USERSPACE/DATASETS/CodecFake/train/F01_SSB10010326.wav,1
/USERSPACE/DATASETS/CodecFake/train/F01_p248_102.wav,1
/USERSPACE/DATASETS/CodecFake/train/F01_SSB07160399.wav,1
/USERSPACE/DATASETS/CodecFake/train/F01_p305_092.wav,1
/USERSPACE/DATASETS/CodecFake/train/F01_SSB06060368.wav,1
/USERSPACE/DATASETS/CodecFake/train/F01_SSB00330337.wav,1
/USERSPACE/DATASETS/CodecFake/train/F01_SSB00090448.wav,1
/USERSPACE/DATASETS/CodecFake/train/F01_p308_086.wav,1
/USERSPACE/DATASETS/CodecFake/train/F01_SSB01450460.wav,1
/USERSPACE/DATASETS/CodecFake/train/F01_SSB05650337.wav,1
/USERSPACE/DATASETS/CodecFake/train/F01_SSB01220142.wav,1
/USERSPACE/DATASETS/CodecFake/train/F01_SSB18780291.wav,1
/USERSPACE/DATASETS/CodecFake/train/F01_SSB16860282.wav,1
/USERSPACE/DATASETS/CodecFake/train/F01_p234_111.wav,1
/USERSPACE/DATASETS/CodecFake/train/F01_SSB16990339.wav,1
/USERSPACE/DATASETS/CodecFake/train/F01_SSB09930413.wav,1
/USERSPACE/DATASETS/CodecFake/train/F01_p285_080.wav,1
/USERSPACE/DATASETS/CodecFake/train/F01_p239_107.wav,1
/USERSPACE/DATASETS/CodecFake/train/F01_p247_189.wav,1
/USERSPACE/DATASETS/CodecFake/train/F01_SSB13280188.wav,1
/USERSPACE/DATASETS/CodecFake/train/F01_SSB03750390.wav,1
/USERSPACE/DATASETS/CodecFake/train/F01_p267_240.wav,1
/USERSPACE/DATASETS/CodecFake/train/F01_SSB19390044.wav,1
/USERSPACE/DATASETS/CodecFake/train/F01_SSB06320040.wav,1
/USERSPACE/DATASETS/CodecFake/train/F01_p238_420.wav,1
/USERSPACE/DATASETS/CodecFake/train/F01_SSB01330272.wav,1
/USERSPACE/DATASETS/CodecFake/train/F01_SSB05990427.wav,1
/USERSPACE/DATASETS/CodecFake/train/F01_SSB02670029.wav,1
/USERSPACE/DATASETS/CodecFake/train/F01_p283_369.wav,1
/USERSPACE/DATASETS/CodecFake/train/F01_SSB13770480.wav,1
/USERSPACE/DATASETS/CodecFake/train/F01_p269_208.wav,1
/USERSPACE/DATASETS/CodecFake/train/F01_SSB05340376.wav,1
/USERSPACE/DATASETS/CodecFake/train/F01_SSB16860355.wav,1
/USERSPACE/DATASETS/CodecFake/train/F01_SSB04350148.wav,1
/USERSPACE/DATASETS/CodecFake/train/F01_p253_371.wav,1
/USERSPACE/DATASETS/CodecFake/train/F01_p246_111.wav,1
/USERSPACE/DATASETS/CodecFake/train/F01_SSB06010016.wav,1
/USERSPACE/DATASETS/CodecFake/train/F01_SSB07620291.wav,1
/USERSPACE/DATASETS/CodecFake/train/F01_SSB12740393.wav,1
/USERSPACE/DATASETS/CodecFake/train/F01_SSB13770422.wav,1
/USERSPACE/DATASETS/CodecFake/train/F01_SSB03850132.wav,1
/USERSPACE/DATASETS/CodecFake/train/F01_p233_232.wav,1
/USERSPACE/DATASETS/CodecFake/train/F01_SSB11000283.wav,1
/USERSPACE/DATASETS/CodecFake/train/F01_p361_059.wav,1
/USERSPACE/DATASETS/CodecFake/train/F01_p335_060.wav,1
/USERSPACE/DATASETS/CodecFake/train/F01_p333_174.wav,1
/USERSPACE/DATASETS/CodecFake/train/F01_SSB18910108.wav,1
/USERSPACE/DATASETS/CodecFake/train/F01_p281_236.wav,1
/USERSPACE/DATASETS/CodecFake/train/F01_SSB05440359.wav,1
/USERSPACE/DATASETS/CodecFake/train/F01_p360_301.wav,1
/USERSPACE/DATASETS/CodecFake/train/F01_SSB06030037.wav,1
/USERSPACE/DATASETS/CodecFake/train/F01_SSB06290386.wav,1
/USERSPACE/DATASETS/CodecFake/train/F01_SSB09870165.wav,1
/USERSPACE/DATASETS/CodecFake/train/F01_p318_058.wav,1
/USERSPACE/DATASETS/CodecFake/train/F01_SSB07000044.wav,1
/USERSPACE/DATASETS/CodecFake/train/F01_p273_228.wav,1
/USERSPACE/DATASETS/CodecFake/train/F01_SSB08870148.wav,1
/USERSPACE/DATASETS/CodecFake/train/F01_SSB02410160.wav,1
/USERSPACE/DATASETS/CodecFake/train/F01_SSB07600123.wav,1
/USERSPACE/DATASETS/CodecFake/train/F01_SSB06860441.wav,1
/USERSPACE/DATASETS/CodecFake/train/F01_p265_323.wav,1
/USERSPACE/DATASETS/CodecFake/train/F01_SSB11870106.wav,1
/USERSPACE/DATASETS/CodecFake/train/F01_SSB11350389.wav,1
/USERSPACE/DATASETS/CodecFake/train/F01_SSB07230380.wav,1
/USERSPACE/DATASETS/CodecFake/train/F01_SSB02670193.wav,1
/USERSPACE/DATASETS/CodecFake/train/F01_SSB11250095.wav,1
/USERSPACE/DATASETS/CodecFake/train/F01_SSB00570208.wav,1
/USERSPACE/DATASETS/CodecFake/train/F01_p245_069.wav,1
/USERSPACE/DATASETS/CodecFake/train/F01_p264_173.wav,1
/USERSPACE/DATASETS/CodecFake/train/F01_p264_041.wav,1
/USERSPACE/DATASETS/CodecFake/train/F01_p259_255.wav,1
/USERSPACE/DATASETS/CodecFake/train/F01_p318_089.wav,1
/USERSPACE/DATASETS/CodecFake/train/F01_p310_253.wav,1
/USERSPACE/DATASETS/CodecFake/train/F01_SSB18630078.wav,1
/USERSPACE/DATASETS/CodecFake/train/F01_SSB00570144.wav,1
/USERSPACE/DATASETS/CodecFake/train/F01_SSB16990381.wav,1
/USERSPACE/DATASETS/CodecFake/train/F01_SSB08870088.wav,1
/USERSPACE/DATASETS/CodecFake/train/F01_p247_324.wav,1
/USERSPACE/DATASETS/CodecFake/train/F01_p261_168.wav,1
/USERSPACE/DATASETS/CodecFake/train/F01_SSB03940037.wav,1
/USERSPACE/DATASETS/CodecFake/train/F01_SSB18630423.wav,1
/USERSPACE/DATASETS/CodecFake/train/F01_p351_264.wav,1
/USERSPACE/DATASETS/CodecFake/train/F01_SSB19020318.wav,1
/USERSPACE/DATASETS/CodecFake/train/F01_SSB17390025.wav,1
/USERSPACE/DATASETS/CodecFake/train/F01_p259_006.wav,1
/USERSPACE/DATASETS/CodecFake/train/F01_p238_263.wav,1
/USERSPACE/DATASETS/CodecFake/train/F01_p234_116.wav,1
/USERSPACE/DATASETS/CodecFake/train/F01_p278_097.wav,1
/USERSPACE/DATASETS/CodecFake/train/F01_SSB03150098.wav,1
/USERSPACE/DATASETS/CodecFake/train/F01_p261_297.wav,1
/USERSPACE/DATASETS/CodecFake/train/F01_SSB06140286.wav,1
/USERSPACE/DATASETS/CodecFake/train/F01_SSB03380328.wav,1
/USERSPACE/DATASETS/CodecFake/train/F01_SSB06060358.wav,1
/USERSPACE/DATASETS/CodecFake/train/F01_p277_225.wav,1
/USERSPACE/DATASETS/CodecFake/train/F01_SSB10640234.wav,1
/USERSPACE/DATASETS/CodecFake/train/F01_SSB05340407.wav,1
/USERSPACE/DATASETS/CodecFake/train/F01_p257_406.wav,1
/USERSPACE/DATASETS/CodecFake/train/F01_p254_146.wav,1
/USERSPACE/DATASETS/CodecFake/train/F01_p300_299.wav,1
/USERSPACE/DATASETS/CodecFake/train/F01_p246_100.wav,1
/USERSPACE/DATASETS/CodecFake/train/F01_SSB07840296.wav,1
/USERSPACE/DATASETS/CodecFake/train/F01_SSB19350406.wav,1
/USERSPACE/DATASETS/CodecFake/train/F01_p333_235.wav,1
/USERSPACE/DATASETS/CodecFake/train/F01_p266_353.wav,1
/USERSPACE/DATASETS/CodecFake/train/F01_SSB03410437.wav,1
/USERSPACE/DATASETS/CodecFake/train/F01_p305_044.wav,1
/USERSPACE/DATASETS/CodecFake/train/F01_p360_379.wav,1
/USERSPACE/DATASETS/CodecFake/train/F01_p288_250.wav,1
/USERSPACE/DATASETS/CodecFake/train/F01_SSB11100012.wav,1
/USERSPACE/DATASETS/CodecFake/train/F01_p261_442.wav,1
/USERSPACE/DATASETS/CodecFake/train/F01_SSB16860248.wav,1
/USERSPACE/DATASETS/CodecFake/train/F01_SSB10080202.wav,1
/USERSPACE/DATASETS/CodecFake/train/F01_p343_105.wav,1
/USERSPACE/DATASETS/CodecFake/train/F01_SSB07840233.wav,1
/USERSPACE/DATASETS/CodecFake/train/F01_p286_142.wav,1
/USERSPACE/DATASETS/CodecFake/train/F01_SSB12030367.wav,1
/USERSPACE/DATASETS/CodecFake/train/F01_SSB03750238.wav,1
/USERSPACE/DATASETS/CodecFake/train/F01_SSB16990138.wav,1
/USERSPACE/DATASETS/CodecFake/train/F01_p317_077.wav,1
/USERSPACE/DATASETS/CodecFake/train/F01_SSB01220426.wav,1
/USERSPACE/DATASETS/CodecFake/train/F01_SSB10020398.wav,1
/USERSPACE/DATASETS/CodecFake/train/F01_SSB06680093.wav,1
/USERSPACE/DATASETS/CodecFake/train/F01_SSB03850306.wav,1
/USERSPACE/DATASETS/CodecFake/train/F01_p246_112.wav,1
/USERSPACE/DATASETS/CodecFake/train/F01_SSB19020368.wav,1
/USERSPACE/DATASETS/CodecFake/train/F01_p316_181.wav,1
/USERSPACE/DATASETS/CodecFake/train/F01_SSB01490063.wav,1
/USERSPACE/DATASETS/CodecFake/train/F01_SSB03540407.wav,1
/USERSPACE/DATASETS/CodecFake/train/F01_p294_114.wav,1
/USERSPACE/DATASETS/CodecFake/train/F01_SSB11310076.wav,1
/USERSPACE/DATASETS/CodecFake/train/F01_p257_256.wav,1
/USERSPACE/DATASETS/CodecFake/train/F01_SSB02000308.wav,1
/USERSPACE/DATASETS/CodecFake/train/F01_p300_357.wav,1
/USERSPACE/DATASETS/CodecFake/train/F01_p277_320.wav,1
/USERSPACE/DATASETS/CodecFake/train/F01_SSB11150056.wav,1
/USERSPACE/DATASETS/CodecFake/train/F01_SSB07360105.wav,1
/USERSPACE/DATASETS/CodecFake/train/F01_SSB09870226.wav,1
/USERSPACE/DATASETS/CodecFake/train/F01_SSB16070333.wav,1
/USERSPACE/DATASETS/CodecFake/train/F01_p312_345.wav,1
/USERSPACE/DATASETS/CodecFake/train/F01_SSB00380463.wav,1
/USERSPACE/DATASETS/CodecFake/train/F01_p329_032.wav,1
/USERSPACE/DATASETS/CodecFake/train/F01_SSB00570224.wav,1
/USERSPACE/DATASETS/CodecFake/train/F01_p236_402.wav,1
/USERSPACE/DATASETS/CodecFake/train/F01_SSB11080134.wav,1
/USERSPACE/DATASETS/CodecFake/train/F01_SSB11260312.wav,1
/USERSPACE/DATASETS/CodecFake/train/F01_p231_218.wav,1
/USERSPACE/DATASETS/CodecFake/train/F01_SSB16990207.wav,1
/USERSPACE/DATASETS/CodecFake/train/F01_SSB11150371.wav,1
/USERSPACE/DATASETS/CodecFake/train/F01_p300_228.wav,1
/USERSPACE/DATASETS/CodecFake/train/F01_SSB17450356.wav,1
/USERSPACE/DATASETS/CodecFake/train/F01_SSB11310439.wav,1
/USERSPACE/DATASETS/CodecFake/train/F01_SSB03750271.wav,1
/USERSPACE/DATASETS/CodecFake/train/F01_SSB02670024.wav,1
/USERSPACE/DATASETS/CodecFake/train/F01_SSB19390226.wav,1
/USERSPACE/DATASETS/CodecFake/train/F01_SSB11610136.wav,1
/USERSPACE/DATASETS/CodecFake/train/F01_SSB03950418.wav,1
/USERSPACE/DATASETS/CodecFake/train/F01_SSB18630318.wav,1
/USERSPACE/DATASETS/CodecFake/train/F01_p266_103.wav,1
/USERSPACE/DATASETS/CodecFake/train/F01_SSB13660359.wav,1
/USERSPACE/DATASETS/CodecFake/train/F01_SSB01330298.wav,1
/USERSPACE/DATASETS/CodecFake/train/F01_SSB08510332.wav,1
/USERSPACE/DATASETS/CodecFake/train/F01_p311_401.wav,1
/USERSPACE/DATASETS/CodecFake/train/F01_p268_268.wav,1
/USERSPACE/DATASETS/CodecFake/train/F01_p376_136.wav,1
/USERSPACE/DATASETS/CodecFake/train/F01_SSB05390077.wav,1
/USERSPACE/DATASETS/CodecFake/train/F01_SSB10640174.wav,1
/USERSPACE/DATASETS/CodecFake/train/F01_p256_183.wav,1
/USERSPACE/DATASETS/CodecFake/train/F01_SSB13220028.wav,1
/USERSPACE/DATASETS/CodecFake/train/F01_p299_371.wav,1
/USERSPACE/DATASETS/CodecFake/train/F01_SSB05880045.wav,1
/USERSPACE/DATASETS/CodecFake/train/F01_SSB14480321.wav,1
/USERSPACE/DATASETS/CodecFake/train/F01_SSB09130391.wav,1
/USERSPACE/DATASETS/CodecFake/train/F01_SSB02730069.wav,1
/USERSPACE/DATASETS/CodecFake/train/F01_SSB08510058.wav,1
/USERSPACE/DATASETS/CodecFake/train/F01_p300_255.wav,1
/USERSPACE/DATASETS/CodecFake/train/F01_p293_040.wav,1
/USERSPACE/DATASETS/CodecFake/train/F01_SSB06930240.wav,1
/USERSPACE/DATASETS/CodecFake/train/F01_SSB02460264.wav,1
/USERSPACE/DATASETS/CodecFake/train/F01_SSB09190257.wav,1
/USERSPACE/DATASETS/CodecFake/train/F01_SSB17110362.wav,1
/USERSPACE/DATASETS/CodecFake/train/F01_p304_232.wav,1
/USERSPACE/DATASETS/CodecFake/train/F01_p246_034.wav,1
/USERSPACE/DATASETS/CodecFake/train/F01_SSB08170156.wav,1
/USERSPACE/DATASETS/CodecFake/train/F01_p269_235.wav,1
/USERSPACE/DATASETS/CodecFake/train/F01_p343_316.wav,1
/USERSPACE/DATASETS/CodecFake/train/F01_p256_190.wav,1
/USERSPACE/DATASETS/CodecFake/train/F01_SSB11310316.wav,1
/USERSPACE/DATASETS/CodecFake/train/F01_p232_063.wav,1
/USERSPACE/DATASETS/CodecFake/train/F01_SSB15930400.wav,1
/USERSPACE/DATASETS/CodecFake/train/F01_p314_059.wav,1
/USERSPACE/DATASETS/CodecFake/train/F01_SSB04340333.wav,1
/USERSPACE/DATASETS/CodecFake/train/F01_SSB00430258.wav,1
/USERSPACE/DATASETS/CodecFake/train/F01_p258_129.wav,1
/USERSPACE/DATASETS/CodecFake/train/F01_SSB01450400.wav,1
/USERSPACE/DATASETS/CodecFake/train/F01_p258_193.wav,1
/USERSPACE/DATASETS/CodecFake/train/F01_SSB06290379.wav,1
/USERSPACE/DATASETS/CodecFake/train/F01_SSB19020097.wav,1
/USERSPACE/DATASETS/CodecFake/train/F01_p271_269.wav,1
/USERSPACE/DATASETS/CodecFake/train/F01_p245_023.wav,1
/USERSPACE/DATASETS/CodecFake/train/F01_SSB00800354.wav,1
/USERSPACE/DATASETS/CodecFake/train/F01_SSB13850315.wav,1
/USERSPACE/DATASETS/CodecFake/train/F01_SSB04700010.wav,1
/USERSPACE/DATASETS/CodecFake/train/F01_SSB11260127.wav,1
/USERSPACE/DATASETS/CodecFake/train/F01_SSB06230303.wav,1
/USERSPACE/DATASETS/CodecFake/train/F01_p230_378.wav,1
/USERSPACE/DATASETS/CodecFake/train/F01_SSB05700166.wav,1
/USERSPACE/DATASETS/CodecFake/train/F01_SSB06860362.wav,1
/USERSPACE/DATASETS/CodecFake/train/F01_SSB13660327.wav,1
/USERSPACE/DATASETS/CodecFake/train/F01_p259_064.wav,1
/USERSPACE/DATASETS/CodecFake/train/F01_SSB11310200.wav,1
/USERSPACE/DATASETS/CodecFake/train/F01_SSB17110089.wav,1
/USERSPACE/DATASETS/CodecFake/train/F01_p245_096.wav,1
/USERSPACE/DATASETS/CodecFake/train/F01_SSB17110061.wav,1
/USERSPACE/DATASETS/CodecFake/train/F01_SSB12390152.wav,1
/USERSPACE/DATASETS/CodecFake/train/F01_SSB11760425.wav,1
/USERSPACE/DATASETS/CodecFake/train/F01_SSB10640026.wav,1
/USERSPACE/DATASETS/CodecFake/train/F01_p264_330.wav,1
/USERSPACE/DATASETS/CodecFake/train/F01_SSB01930329.wav,1
/USERSPACE/DATASETS/CodecFake/train/F01_p248_216.wav,1
/USERSPACE/DATASETS/CodecFake/train/F01_SSB13400369.wav,1
/USERSPACE/DATASETS/CodecFake/train/F01_SSB16700293.wav,1
/USERSPACE/DATASETS/CodecFake/train/F01_SSB02880410.wav,1
/USERSPACE/DATASETS/CodecFake/train/F01_SSB07370247.wav,1
/USERSPACE/DATASETS/CodecFake/train/F01_p343_372.wav,1
/USERSPACE/DATASETS/CodecFake/train/F01_SSB07360230.wav,1
/USERSPACE/DATASETS/CodecFake/train/F01_p282_056.wav,1
/USERSPACE/DATASETS/CodecFake/train/F01_SSB05390112.wav,1
/USERSPACE/DATASETS/CodecFake/train/F01_SSB01490377.wav,1
/USERSPACE/DATASETS/CodecFake/train/F01_SSB11150296.wav,1
/USERSPACE/DATASETS/CodecFake/train/F01_SSB06860141.wav,1
/USERSPACE/DATASETS/CodecFake/train/F01_SSB13770324.wav,1
/USERSPACE/DATASETS/CodecFake/train/F01_SSB06230364.wav,1
/USERSPACE/DATASETS/CodecFake/train/F01_p257_324.wav,1
/USERSPACE/DATASETS/CodecFake/train/F01_p262_243.wav,1
/USERSPACE/DATASETS/CodecFake/train/F01_p311_207.wav,1
/USERSPACE/DATASETS/CodecFake/train/F01_SSB07580347.wav,1
/USERSPACE/DATASETS/CodecFake/train/F01_SSB11250103.wav,1
/USERSPACE/DATASETS/CodecFake/train/F01_p257_392.wav,1
/USERSPACE/DATASETS/CodecFake/train/F01_SSB18630066.wav,1
/USERSPACE/DATASETS/CodecFake/train/F01_SSB01490423.wav,1
/USERSPACE/DATASETS/CodecFake/train/F01_SSB11250160.wav,1
/USERSPACE/DATASETS/CodecFake/train/F01_SSB16700135.wav,1
/USERSPACE/DATASETS/CodecFake/train/F01_p343_075.wav,1
/USERSPACE/DATASETS/CodecFake/train/F01_SSB05780279.wav,1
/USERSPACE/DATASETS/CodecFake/train/F01_SSB07800217.wav,1
/USERSPACE/DATASETS/CodecFake/train/F01_p347_350.wav,1
/USERSPACE/DATASETS/CodecFake/train/F01_SSB18460158.wav,1
/USERSPACE/DATASETS/CodecFake/train/F01_SSB00160057.wav,1
/USERSPACE/DATASETS/CodecFake/train/F01_p339_088.wav,1
/USERSPACE/DATASETS/CodecFake/train/F01_SSB16240067.wav,1
/USERSPACE/DATASETS/CodecFake/train/F01_SSB00380037.wav,1
/USERSPACE/DATASETS/CodecFake/train/F01_SSB02670267.wav,1
/USERSPACE/DATASETS/CodecFake/train/F01_SSB03660317.wav,1
/USERSPACE/DATASETS/CodecFake/train/F01_SSB08510245.wav,1
/USERSPACE/DATASETS/CodecFake/train/F01_SSB09130211.wav,1
/USERSPACE/DATASETS/CodecFake/train/F01_p347_096.wav,1
/USERSPACE/DATASETS/CodecFake/train/F01_p245_050.wav,1
/USERSPACE/DATASETS/CodecFake/train/F01_SSB03660401.wav,1
/USERSPACE/DATASETS/CodecFake/train/F01_SSB09660352.wav,1
/USERSPACE/DATASETS/CodecFake/train/F01_SSB13660225.wav,1
/USERSPACE/DATASETS/CodecFake/train/F01_p258_075.wav,1
/USERSPACE/DATASETS/CodecFake/train/F01_SSB10500256.wav,1
/USERSPACE/DATASETS/CodecFake/train/F01_p310_349.wav,1
/USERSPACE/DATASETS/CodecFake/train/F01_SSB06680316.wav,1
/USERSPACE/DATASETS/CodecFake/train/F01_SSB16990139.wav,1
/USERSPACE/DATASETS/CodecFake/train/F01_p281_318.wav,1
/USERSPACE/DATASETS/CodecFake/train/F01_SSB02410181.wav,1
/USERSPACE/DATASETS/CodecFake/train/F01_SSB01930041.wav,1
/USERSPACE/DATASETS/CodecFake/train/F01_SSB03660385.wav,1
/USERSPACE/DATASETS/CodecFake/train/F01_SSB07000228.wav,1
/USERSPACE/DATASETS/CodecFake/train/F01_SSB18630146.wav,1
/USERSPACE/DATASETS/CodecFake/train/F01_SSB00160500.wav,1
/USERSPACE/DATASETS/CodecFake/train/F01_SSB07600077.wav,1
/USERSPACE/DATASETS/CodecFake/train/F01_p255_142.wav,1
/USERSPACE/DATASETS/CodecFake/train/F01_p316_053.wav,1
/USERSPACE/DATASETS/CodecFake/train/F01_SSB07460351.wav,1
/USERSPACE/DATASETS/CodecFake/train/F01_SSB09350085.wav,1
/USERSPACE/DATASETS/CodecFake/train/F01_SSB02990463.wav,1
/USERSPACE/DATASETS/CodecFake/train/F01_p374_050.wav,1
/USERSPACE/DATASETS/CodecFake/train/F01_p240_092.wav,1
/USERSPACE/DATASETS/CodecFake/train/F01_SSB06060033.wav,1
/USERSPACE/DATASETS/CodecFake/train/F01_SSB00430165.wav,1
/USERSPACE/DATASETS/CodecFake/train/F01_SSB07020358.wav,1
/USERSPACE/DATASETS/CodecFake/train/F01_SSB16250473.wav,1
/USERSPACE/DATASETS/CodecFake/train/F01_SSB02870025.wav,1
/USERSPACE/DATASETS/CodecFake/train/F01_p293_034.wav,1
/USERSPACE/DATASETS/CodecFake/train/F01_SSB02870233.wav,1
/USERSPACE/DATASETS/CodecFake/train/F01_p276_396.wav,1
/USERSPACE/DATASETS/CodecFake/train/F01_SSB10560223.wav,1
/USERSPACE/DATASETS/CodecFake/train/F01_SSB18370149.wav,1
/USERSPACE/DATASETS/CodecFake/train/F01_p339_350.wav,1
/USERSPACE/DATASETS/CodecFake/train/F01_SSB04820318.wav,1
/USERSPACE/DATASETS/CodecFake/train/F01_SSB08630327.wav,1
/USERSPACE/DATASETS/CodecFake/train/F01_p286_056.wav,1
/USERSPACE/DATASETS/CodecFake/train/F01_p318_270.wav,1
/USERSPACE/DATASETS/CodecFake/train/F01_SSB07840043.wav,1
/USERSPACE/DATASETS/CodecFake/train/F01_p340_206.wav,1
/USERSPACE/DATASETS/CodecFake/train/F01_p284_386.wav,1
/USERSPACE/DATASETS/CodecFake/train/F01_SSB14570139.wav,1
/USERSPACE/DATASETS/CodecFake/train/F01_SSB10720044.wav,1
/USERSPACE/DATASETS/CodecFake/train/F01_SSB03150032.wav,1
/USERSPACE/DATASETS/CodecFake/train/F01_SSB13400104.wav,1
/USERSPACE/DATASETS/CodecFake/train/F01_p347_241.wav,1
/USERSPACE/DATASETS/CodecFake/train/F01_SSB16860133.wav,1
/USERSPACE/DATASETS/CodecFake/train/F01_SSB15630068.wav,1
/USERSPACE/DATASETS/CodecFake/train/F01_SSB01220439.wav,1
/USERSPACE/DATASETS/CodecFake/train/F01_SSB12390212.wav,1
/USERSPACE/DATASETS/CodecFake/train/F01_p323_266.wav,1
/USERSPACE/DATASETS/CodecFake/train/F01_p311_045.wav,1
/USERSPACE/DATASETS/CodecFake/train/F01_SSB12530457.wav,1
/USERSPACE/DATASETS/CodecFake/train/F01_p287_247.wav,1
/USERSPACE/DATASETS/CodecFake/train/F01_p307_034.wav,1
/USERSPACE/DATASETS/CodecFake/train/F01_p360_357.wav,1
/USERSPACE/DATASETS/CodecFake/train/F01_p275_074.wav,1
/USERSPACE/DATASETS/CodecFake/train/F01_SSB19390052.wav,1
/USERSPACE/DATASETS/CodecFake/train/F01_SSB03150182.wav,1
/USERSPACE/DATASETS/CodecFake/train/F01_SSB19020033.wav,1
/USERSPACE/DATASETS/CodecFake/train/F01_SSB03750222.wav,1
/USERSPACE/DATASETS/CodecFake/train/F01_SSB03850031.wav,1
/USERSPACE/DATASETS/CodecFake/train/F01_p286_012.wav,1
/USERSPACE/DATASETS/CodecFake/train/F01_p265_045.wav,1
/USERSPACE/DATASETS/CodecFake/train/F01_SSB09930307.wav,1
/USERSPACE/DATASETS/CodecFake/train/F01_SSB10020208.wav,1
/USERSPACE/DATASETS/CodecFake/train/F01_SSB03820083.wav,1
/USERSPACE/DATASETS/CodecFake/train/F01_SSB03380379.wav,1
/USERSPACE/DATASETS/CodecFake/train/F01_SSB03160258.wav,1
/USERSPACE/DATASETS/CodecFake/train/F01_SSB18090245.wav,1
/USERSPACE/DATASETS/CodecFake/train/F01_SSB00180127.wav,1
/USERSPACE/DATASETS/CodecFake/train/F01_SSB07460125.wav,1
/USERSPACE/DATASETS/CodecFake/train/F01_SSB03940220.wav,1
/USERSPACE/DATASETS/CodecFake/train/F01_p284_411.wav,1
/USERSPACE/DATASETS/CodecFake/train/F01_SSB12040426.wav,1
/USERSPACE/DATASETS/CodecFake/train/F01_SSB09350137.wav,1
/USERSPACE/DATASETS/CodecFake/train/F01_SSB07510156.wav,1
/USERSPACE/DATASETS/CodecFake/train/F01_SSB14080171.wav,1
/USERSPACE/DATASETS/CodecFake/train/F01_SSB12190244.wav,1
/USERSPACE/DATASETS/CodecFake/train/F01_p293_285.wav,1
/USERSPACE/DATASETS/CodecFake/train/F01_p272_311.wav,1
/USERSPACE/DATASETS/CodecFake/train/F01_p273_418.wav,1
/USERSPACE/DATASETS/CodecFake/train/F01_SSB05900203.wav,1
/USERSPACE/DATASETS/CodecFake/train/F01_SSB06010020.wav,1
/USERSPACE/DATASETS/CodecFake/train/F01_p360_324.wav,1
/USERSPACE/DATASETS/CodecFake/train/F01_p341_092.wav,1
/USERSPACE/DATASETS/CodecFake/train/F01_p286_391.wav,1
/USERSPACE/DATASETS/CodecFake/train/F01_SSB18370303.wav,1
/USERSPACE/DATASETS/CodecFake/train/F01_p316_205.wav,1
/USERSPACE/DATASETS/CodecFake/train/F01_SSB07170498.wav,1
/USERSPACE/DATASETS/CodecFake/train/F01_SSB02670294.wav,1
/USERSPACE/DATASETS/CodecFake/train/F01_SSB10550226.wav,1
/USERSPACE/DATASETS/CodecFake/train/F01_SSB01120110.wav,1
/USERSPACE/DATASETS/CodecFake/train/F01_SSB07800149.wav,1
/USERSPACE/DATASETS/CodecFake/train/F01_p300_358.wav,1
/USERSPACE/DATASETS/CodecFake/train/F01_p345_378.wav,1
/USERSPACE/DATASETS/CodecFake/train/F01_p336_420.wav,1
/USERSPACE/DATASETS/CodecFake/train/F01_SSB16990428.wav,1
/USERSPACE/DATASETS/CodecFake/train/F01_p316_142.wav,1
/USERSPACE/DATASETS/CodecFake/train/F01_SSB03230409.wav,1
/USERSPACE/DATASETS/CodecFake/train/F01_SSB03790508.wav,1
/USERSPACE/DATASETS/CodecFake/train/F01_SSB00730453.wav,1
/USERSPACE/DATASETS/CodecFake/train/F01_p318_148.wav,1
/USERSPACE/DATASETS/CodecFake/train/F01_SSB05020004.wav,1
/USERSPACE/DATASETS/CodecFake/train/F01_SSB03380179.wav,1
/USERSPACE/DATASETS/CodecFake/train/F01_SSB11760099.wav,1
/USERSPACE/DATASETS/CodecFake/train/F01_SSB03070048.wav,1
/USERSPACE/DATASETS/CodecFake/train/F01_SSB07860246.wav,1
/USERSPACE/DATASETS/CodecFake/train/F01_p234_094.wav,1
/USERSPACE/DATASETS/CodecFake/train/F01_SSB03930407.wav,1
/USERSPACE/DATASETS/CodecFake/train/F01_SSB15630121.wav,1
/USERSPACE/DATASETS/CodecFake/train/F01_SSB02000250.wav,1
/USERSPACE/DATASETS/CodecFake/train/F01_SSB15850039.wav,1
/USERSPACE/DATASETS/CodecFake/train/F01_p261_053.wav,1
/USERSPACE/DATASETS/CodecFake/train/F01_SSB05020402.wav,1
/USERSPACE/DATASETS/CodecFake/train/F01_SSB00800418.wav,1
/USERSPACE/DATASETS/CodecFake/train/F01_SSB00180070.wav,1
/USERSPACE/DATASETS/CodecFake/train/F01_SSB05780091.wav,1
/USERSPACE/DATASETS/CodecFake/train/F01_SSB10960173.wav,1
/USERSPACE/DATASETS/CodecFake/train/F01_SSB09190239.wav,1
/USERSPACE/DATASETS/CodecFake/train/F01_SSB06680420.wav,1
/USERSPACE/DATASETS/CodecFake/train/F01_SSB13650200.wav,1
/USERSPACE/DATASETS/CodecFake/train/F01_SSB17810061.wav,1
/USERSPACE/DATASETS/CodecFake/train/F01_p300_007.wav,1
/USERSPACE/DATASETS/CodecFake/train/F01_SSB00050271.wav,1
/USERSPACE/DATASETS/CodecFake/train/F01_p225_358.wav,1
/USERSPACE/DATASETS/CodecFake/train/F01_SSB09350171.wav,1
/USERSPACE/DATASETS/CodecFake/train/F01_p256_083.wav,1
/USERSPACE/DATASETS/CodecFake/train/F01_SSB04700344.wav,1
/USERSPACE/DATASETS/CodecFake/train/F01_SSB03850413.wav,1
/USERSPACE/DATASETS/CodecFake/train/F01_SSB04700480.wav,1
/USERSPACE/DATASETS/CodecFake/train/F01_SSB13410340.wav,1
/USERSPACE/DATASETS/CodecFake/train/F01_SSB03090117.wav,1
/USERSPACE/DATASETS/CodecFake/train/F01_p288_074.wav,1
/USERSPACE/DATASETS/CodecFake/train/F01_SSB06660214.wav,1
/USERSPACE/DATASETS/CodecFake/train/F01_SSB07600133.wav,1
/USERSPACE/DATASETS/CodecFake/train/F01_SSB10960287.wav,1
/USERSPACE/DATASETS/CodecFake/train/F01_SSB16300141.wav,1
/USERSPACE/DATASETS/CodecFake/train/F01_SSB00050115.wav,1
/USERSPACE/DATASETS/CodecFake/train/F01_p263_303.wav,1
/USERSPACE/DATASETS/CodecFake/train/F01_p376_212.wav,1
/USERSPACE/DATASETS/CodecFake/train/F01_SSB00800346.wav,1
/USERSPACE/DATASETS/CodecFake/train/F01_SSB07370107.wav,1
/USERSPACE/DATASETS/CodecFake/train/F01_SSB15930344.wav,1
/USERSPACE/DATASETS/CodecFake/train/F01_SSB18720462.wav,1
/USERSPACE/DATASETS/CodecFake/train/F01_SSB15670228.wav,1
/USERSPACE/DATASETS/CodecFake/train/F01_SSB03160301.wav,1
/USERSPACE/DATASETS/CodecFake/train/F01_p343_222.wav,1
/USERSPACE/DATASETS/CodecFake/train/F01_p279_292.wav,1
/USERSPACE/DATASETS/CodecFake/train/F01_SSB11610473.wav,1
/USERSPACE/DATASETS/CodecFake/train/F01_SSB10000157.wav,1
/USERSPACE/DATASETS/CodecFake/train/F01_SSB18280279.wav,1
/USERSPACE/DATASETS/CodecFake/train/F01_p273_071.wav,1
/USERSPACE/DATASETS/CodecFake/train/F01_SSB03930153.wav,1
/USERSPACE/DATASETS/CodecFake/train/F01_SSB09130148.wav,1
/USERSPACE/DATASETS/CodecFake/train/F01_SSB12530259.wav,1
/USERSPACE/DATASETS/CodecFake/train/F01_p306_006.wav,1
/USERSPACE/DATASETS/CodecFake/train/F01_p254_307.wav,1
/USERSPACE/DATASETS/CodecFake/train/F01_SSB10000055.wav,1
/USERSPACE/DATASETS/CodecFake/train/F01_SSB14570454.wav,1
/USERSPACE/DATASETS/CodecFake/train/F01_p278_038.wav,1
/USERSPACE/DATASETS/CodecFake/train/F01_SSB03070301.wav,1
/USERSPACE/DATASETS/CodecFake/train/F01_SSB07100210.wav,1
/USERSPACE/DATASETS/CodecFake/train/F01_SSB07510046.wav,1
/USERSPACE/DATASETS/CodecFake/train/F01_p347_118.wav,1
/USERSPACE/DATASETS/CodecFake/train/F01_p226_257.wav,1
/USERSPACE/DATASETS/CodecFake/train/F01_SSB03950018.wav,1
/USERSPACE/DATASETS/CodecFake/train/F01_SSB01330251.wav,1
/USERSPACE/DATASETS/CodecFake/train/F01_SSB03660099.wav,1
/USERSPACE/DATASETS/CodecFake/train/F01_SSB14480147.wav,1
/USERSPACE/DATASETS/CodecFake/train/F01_SSB13770167.wav,1
/USERSPACE/DATASETS/CodecFake/train/F01_p316_384.wav,1
/USERSPACE/DATASETS/CodecFake/train/F01_SSB15550052.wav,1
/USERSPACE/DATASETS/CodecFake/train/F01_SSB18630082.wav,1
/USERSPACE/DATASETS/CodecFake/train/F01_SSB03930452.wav,1
/USERSPACE/DATASETS/CodecFake/train/F01_SSB06710420.wav,1
/USERSPACE/DATASETS/CodecFake/train/F01_SSB09660385.wav,1
/USERSPACE/DATASETS/CodecFake/train/F01_SSB06710502.wav,1
/USERSPACE/DATASETS/CodecFake/train/F01_SSB03930356.wav,1
/USERSPACE/DATASETS/CodecFake/train/F01_SSB07200423.wav,1
/USERSPACE/DATASETS/CodecFake/train/F01_SSB11000115.wav,1
/USERSPACE/DATASETS/CodecFake/train/F01_p250_079.wav,1
/USERSPACE/DATASETS/CodecFake/train/F01_p282_266.wav,1
/USERSPACE/DATASETS/CodecFake/train/F01_SSB16500472.wav,1
/USERSPACE/DATASETS/CodecFake/train/F01_p323_360.wav,1
/USERSPACE/DATASETS/CodecFake/train/F01_p255_277.wav,1
/USERSPACE/DATASETS/CodecFake/train/F01_SSB05780161.wav,1
/USERSPACE/DATASETS/CodecFake/train/F01_SSB15670186.wav,1
/USERSPACE/DATASETS/CodecFake/train/F01_SSB16700317.wav,1
/USERSPACE/DATASETS/CodecFake/train/F01_SSB10500228.wav,1
/USERSPACE/DATASETS/CodecFake/train/F01_SSB07800459.wav,1
/USERSPACE/DATASETS/CodecFake/train/F01_p274_024.wav,1
/USERSPACE/DATASETS/CodecFake/train/F01_SSB04260381.wav,1
/USERSPACE/DATASETS/CodecFake/train/F01_SSB11610244.wav,1
/USERSPACE/DATASETS/CodecFake/train/F01_SSB18370046.wav,1
/USERSPACE/DATASETS/CodecFake/train/F01_p273_428.wav,1
/USERSPACE/DATASETS/CodecFake/train/F01_SSB13830458.wav,1
/USERSPACE/DATASETS/CodecFake/train/F01_p284_096.wav,1
/USERSPACE/DATASETS/CodecFake/train/F01_SSB01450378.wav,1
/USERSPACE/DATASETS/CodecFake/train/F01_SSB01390210.wav,1
/USERSPACE/DATASETS/CodecFake/train/F01_SSB18910138.wav,1
/USERSPACE/DATASETS/CodecFake/train/F01_p318_181.wav,1
/USERSPACE/DATASETS/CodecFake/train/F01_p249_170.wav,1
/USERSPACE/DATASETS/CodecFake/train/F01_SSB03790368.wav,1
/USERSPACE/DATASETS/CodecFake/train/F01_p318_183.wav,1
/USERSPACE/DATASETS/CodecFake/train/F01_SSB07360468.wav,1
/USERSPACE/DATASETS/CodecFake/train/F01_SSB03750489.wav,1
/USERSPACE/DATASETS/CodecFake/train/F01_SSB01330076.wav,1
/USERSPACE/DATASETS/CodecFake/train/F01_SSB11000412.wav,1
/USERSPACE/DATASETS/CodecFake/train/F01_p274_081.wav,1
/USERSPACE/DATASETS/CodecFake/train/F01_p308_379.wav,1
/USERSPACE/DATASETS/CodecFake/train/F01_SSB06030222.wav,1
/USERSPACE/DATASETS/CodecFake/train/F01_SSB10200181.wav,1
/USERSPACE/DATASETS/CodecFake/train/F01_SSB19560320.wav,1
/USERSPACE/DATASETS/CodecFake/train/F01_SSB05020195.wav,1
/USERSPACE/DATASETS/CodecFake/train/F01_SSB06680051.wav,1
/USERSPACE/DATASETS/CodecFake/train/F01_SSB06140240.wav,1
/USERSPACE/DATASETS/CodecFake/train/F01_SSB06860447.wav,1
/USERSPACE/DATASETS/CodecFake/train/F01_SSB00160074.wav,1
/USERSPACE/DATASETS/CodecFake/train/F01_SSB04260206.wav,1
/USERSPACE/DATASETS/CodecFake/train/F01_p248_363.wav,1
/USERSPACE/DATASETS/CodecFake/train/F01_SSB19560294.wav,1
/USERSPACE/DATASETS/CodecFake/train/F01_SSB15550259.wav,1
/USERSPACE/DATASETS/CodecFake/train/F01_SSB19180111.wav,1
/USERSPACE/DATASETS/CodecFake/train/F01_p374_233.wav,1
/USERSPACE/DATASETS/CodecFake/train/F01_p273_323.wav,1
/USERSPACE/DATASETS/CodecFake/train/F01_p248_248.wav,1
/USERSPACE/DATASETS/CodecFake/train/F01_SSB07370486.wav,1
/USERSPACE/DATASETS/CodecFake/train/F01_p247_461.wav,1
/USERSPACE/DATASETS/CodecFake/train/F01_p240_228.wav,1
/USERSPACE/DATASETS/CodecFake/train/F01_SSB09930215.wav,1
/USERSPACE/DATASETS/CodecFake/train/F01_p230_364.wav,1
/USERSPACE/DATASETS/CodecFake/train/F01_SSB07370361.wav,1
/USERSPACE/DATASETS/CodecFake/train/F01_SSB07480168.wav,1
/USERSPACE/DATASETS/CodecFake/train/F01_p237_107.wav,1
/USERSPACE/DATASETS/CodecFake/train/F01_p345_003.wav,1
/USERSPACE/DATASETS/CodecFake/train/F01_SSB09870134.wav,1
/USERSPACE/DATASETS/CodecFake/train/F01_SSB10240326.wav,1
/USERSPACE/DATASETS/CodecFake/train/F01_SSB18780368.wav,1
/USERSPACE/DATASETS/CodecFake/train/F01_SSB03070082.wav,1
/USERSPACE/DATASETS/CodecFake/train/F01_SSB09190288.wav,1
/USERSPACE/DATASETS/CodecFake/train/F01_p280_143.wav,1
/USERSPACE/DATASETS/CodecFake/train/F01_SSB16700457.wav,1
/USERSPACE/DATASETS/CodecFake/train/F01_SSB03850234.wav,1
/USERSPACE/DATASETS/CodecFake/train/F01_SSB14480384.wav,1
/USERSPACE/DATASETS/CodecFake/train/F01_SSB11970140.wav,1
/USERSPACE/DATASETS/CodecFake/train/F01_p257_001.wav,1
/USERSPACE/DATASETS/CodecFake/train/F01_SSB02870282.wav,1
/USERSPACE/DATASETS/CodecFake/train/F01_SSB02870047.wav,1
/USERSPACE/DATASETS/CodecFake/train/F01_SSB00160293.wav,1
/USERSPACE/DATASETS/CodecFake/train/F01_p341_338.wav,1
/USERSPACE/DATASETS/CodecFake/train/F01_SSB18780037.wav,1
/USERSPACE/DATASETS/CodecFake/train/F01_SSB03540376.wav,1
/USERSPACE/DATASETS/CodecFake/train/F01_p261_009.wav,1
/USERSPACE/DATASETS/CodecFake/train/F01_SSB02880176.wav,1
/USERSPACE/DATASETS/CodecFake/train/F01_SSB16860210.wav,1
/USERSPACE/DATASETS/CodecFake/train/F01_SSB07480440.wav,1
/USERSPACE/DATASETS/CodecFake/train/F01_SSB07490136.wav,1
/USERSPACE/DATASETS/CodecFake/train/F01_SSB05940421.wav,1
/USERSPACE/DATASETS/CodecFake/train/F01_SSB07620381.wav,1
/USERSPACE/DATASETS/CodecFake/train/F01_p351_254.wav,1
/USERSPACE/DATASETS/CodecFake/train/F01_SSB18460197.wav,1
/USERSPACE/DATASETS/CodecFake/train/F01_p284_036.wav,1
/USERSPACE/DATASETS/CodecFake/train/F01_SSB05900350.wav,1
/USERSPACE/DATASETS/CodecFake/train/F01_SSB07940490.wav,1
/USERSPACE/DATASETS/CodecFake/train/F01_SSB06930360.wav,1
/USERSPACE/DATASETS/CodecFake/train/F01_p314_411.wav,1
/USERSPACE/DATASETS/CodecFake/train/F01_p261_126.wav,1
/USERSPACE/DATASETS/CodecFake/train/F01_SSB06010317.wav,1
/USERSPACE/DATASETS/CodecFake/train/F01_SSB10010111.wav,1
/USERSPACE/DATASETS/CodecFake/train/F01_SSB05340487.wav,1
/USERSPACE/DATASETS/CodecFake/train/F01_p227_020.wav,1
/USERSPACE/DATASETS/CodecFake/train/F01_SSB15930299.wav,1
/USERSPACE/DATASETS/CodecFake/train/F01_p313_027.wav,1
/USERSPACE/DATASETS/CodecFake/train/F01_SSB04150219.wav,1
/USERSPACE/DATASETS/CodecFake/train/F01_p294_189.wav,1
/USERSPACE/DATASETS/CodecFake/train/F01_SSB06290089.wav,1
/USERSPACE/DATASETS/CodecFake/train/F01_SSB00160408.wav,1
/USERSPACE/DATASETS/CodecFake/train/F01_SSB04350432.wav,1
/USERSPACE/DATASETS/CodecFake/train/F01_SSB09660150.wav,1
/USERSPACE/DATASETS/CodecFake/train/F01_SSB19560147.wav,1
/USERSPACE/DATASETS/CodecFake/train/F01_SSB18630335.wav,1
/USERSPACE/DATASETS/CodecFake/train/F01_SSB05700272.wav,1
/USERSPACE/DATASETS/CodecFake/train/F01_SSB03390220.wav,1
/USERSPACE/DATASETS/CodecFake/train/F01_SSB08630079.wav,1
/USERSPACE/DATASETS/CodecFake/train/F01_SSB03750306.wav,1
/USERSPACE/DATASETS/CodecFake/train/F01_SSB13280294.wav,1
/USERSPACE/DATASETS/CodecFake/train/F01_SSB17820273.wav,1
/USERSPACE/DATASETS/CodecFake/train/F01_p340_216.wav,1
/USERSPACE/DATASETS/CodecFake/train/F01_SSB03800495.wav,1
/USERSPACE/DATASETS/CodecFake/train/F01_SSB06930141.wav,1
/USERSPACE/DATASETS/CodecFake/train/F01_p334_283.wav,1
/USERSPACE/DATASETS/CodecFake/train/F01_SSB03380210.wav,1
/USERSPACE/DATASETS/CodecFake/train/F01_SSB18100013.wav,1
/USERSPACE/DATASETS/CodecFake/train/F01_SSB07170154.wav,1
/USERSPACE/DATASETS/CodecFake/train/F01_p340_123.wav,1
/USERSPACE/DATASETS/CodecFake/train/F01_p297_076.wav,1
/USERSPACE/DATASETS/CodecFake/train/F01_SSB08170350.wav,1
/USERSPACE/DATASETS/CodecFake/train/F01_SSB00380448.wav,1
/USERSPACE/DATASETS/CodecFake/train/F01_SSB01390236.wav,1
/USERSPACE/DATASETS/CodecFake/train/F01_SSB18370446.wav,1
/USERSPACE/DATASETS/CodecFake/train/F01_p269_362.wav,1
/USERSPACE/DATASETS/CodecFake/train/F01_p313_060.wav,1
/USERSPACE/DATASETS/CodecFake/train/F01_SSB11250170.wav,1
/USERSPACE/DATASETS/CodecFake/train/F01_SSB03850281.wav,1
/USERSPACE/DATASETS/CodecFake/train/F01_SSB07840245.wav,1
/USERSPACE/DATASETS/CodecFake/train/F01_SSB01330138.wav,1
/USERSPACE/DATASETS/CodecFake/train/F01_SSB12740464.wav,1
/USERSPACE/DATASETS/CodecFake/train/F01_p341_318.wav,1
/USERSPACE/DATASETS/CodecFake/train/F01_SSB17390401.wav,1
/USERSPACE/DATASETS/CodecFake/train/F01_SSB09660203.wav,1
/USERSPACE/DATASETS/CodecFake/train/F01_p265_274.wav,1
/USERSPACE/DATASETS/CodecFake/train/F01_SSB16240233.wav,1
/USERSPACE/DATASETS/CodecFake/train/F01_SSB07200387.wav,1
/USERSPACE/DATASETS/CodecFake/train/F01_SSB00090213.wav,1
/USERSPACE/DATASETS/CodecFake/train/F01_p227_149.wav,1
/USERSPACE/DATASETS/CodecFake/train/F01_SSB13410271.wav,1
/USERSPACE/DATASETS/CodecFake/train/F01_SSB06660247.wav,1
/USERSPACE/DATASETS/CodecFake/train/F01_SSB06930322.wav,1
/USERSPACE/DATASETS/CodecFake/train/F01_SSB06140384.wav,1
/USERSPACE/DATASETS/CodecFake/train/F01_p247_165.wav,1
/USERSPACE/DATASETS/CodecFake/train/F01_SSB06090057.wav,1
/USERSPACE/DATASETS/CodecFake/train/F01_p278_366.wav,1
/USERSPACE/DATASETS/CodecFake/train/F01_p230_241.wav,1
/USERSPACE/DATASETS/CodecFake/train/F01_SSB15750499.wav,1
/USERSPACE/DATASETS/CodecFake/train/F01_SSB10080350.wav,1
/USERSPACE/DATASETS/CodecFake/train/F01_SSB01450288.wav,1
/USERSPACE/DATASETS/CodecFake/train/F01_p329_249.wav,1
/USERSPACE/DATASETS/CodecFake/train/F01_SSB03230180.wav,1
/USERSPACE/DATASETS/CodecFake/train/F01_p270_039.wav,1
/USERSPACE/DATASETS/CodecFake/train/F01_p307_286.wav,1
/USERSPACE/DATASETS/CodecFake/train/F01_SSB09350065.wav,1
/USERSPACE/DATASETS/CodecFake/train/F01_p279_225.wav,1
/USERSPACE/DATASETS/CodecFake/train/F01_p269_072.wav,1
/USERSPACE/DATASETS/CodecFake/train/F01_SSB11380285.wav,1
/USERSPACE/DATASETS/CodecFake/train/F01_SSB10550159.wav,1
/USERSPACE/DATASETS/CodecFake/train/F01_p282_049.wav,1
/USERSPACE/DATASETS/CodecFake/train/F01_p251_224.wav,1
/USERSPACE/DATASETS/CodecFake/train/F01_p306_084.wav,1
/USERSPACE/DATASETS/CodecFake/train/F01_p310_103.wav,1
/USERSPACE/DATASETS/CodecFake/train/F01_SSB11150356.wav,1
/USERSPACE/DATASETS/CodecFake/train/F01_p294_382.wav,1
/USERSPACE/DATASETS/CodecFake/train/F01_p233_055.wav,1
/USERSPACE/DATASETS/CodecFake/train/F01_SSB03930085.wav,1
/USERSPACE/DATASETS/CodecFake/train/F01_SSB08090484.wav,1
/USERSPACE/DATASETS/CodecFake/train/F01_p284_147.wav,1
/USERSPACE/DATASETS/CodecFake/train/F01_SSB08170105.wav,1
/USERSPACE/DATASETS/CodecFake/train/F01_p278_072.wav,1
/USERSPACE/DATASETS/CodecFake/train/F01_SSB13220069.wav,1
/USERSPACE/DATASETS/CodecFake/train/F01_p345_251.wav,1
/USERSPACE/DATASETS/CodecFake/train/F01_p340_048.wav,1
/USERSPACE/DATASETS/CodecFake/train/F01_SSB13410316.wav,1
/USERSPACE/DATASETS/CodecFake/train/F01_p277_119.wav,1
/USERSPACE/DATASETS/CodecFake/train/F01_SSB03790022.wav,1
/USERSPACE/DATASETS/CodecFake/train/F01_p306_255.wav,1
/USERSPACE/DATASETS/CodecFake/train/F01_p270_377.wav,1
/USERSPACE/DATASETS/CodecFake/train/F01_SSB12740391.wav,1
/USERSPACE/DATASETS/CodecFake/train/F01_SSB00330426.wav,1
/USERSPACE/DATASETS/CodecFake/train/F01_p312_274.wav,1
/USERSPACE/DATASETS/CodecFake/train/F01_p340_180.wav,1
/USERSPACE/DATASETS/CodecFake/train/F01_SSB16500239.wav,1
/USERSPACE/DATASETS/CodecFake/train/F01_SSB02870376.wav,1
/USERSPACE/DATASETS/CodecFake/train/F01_SSB10240434.wav,1
/USERSPACE/DATASETS/CodecFake/train/F01_SSB06660160.wav,1
/USERSPACE/DATASETS/CodecFake/train/F01_SSB05990139.wav,1
/USERSPACE/DATASETS/CodecFake/train/F01_SSB11100270.wav,1
/USERSPACE/DATASETS/CodecFake/train/F01_SSB19350137.wav,1
/USERSPACE/DATASETS/CodecFake/train/F01_SSB02730176.wav,1
/USERSPACE/DATASETS/CodecFake/train/F01_SSB07620106.wav,1
/USERSPACE/DATASETS/CodecFake/train/F01_SSB06070301.wav,1
/USERSPACE/DATASETS/CodecFake/train/F01_p267_344.wav,1
/USERSPACE/DATASETS/CodecFake/train/F01_p314_405.wav,1
/USERSPACE/DATASETS/CodecFake/train/F01_SSB18090006.wav,1
/USERSPACE/DATASETS/CodecFake/train/F01_SSB10010166.wav,1
/USERSPACE/DATASETS/CodecFake/train/F01_SSB07020313.wav,1
/USERSPACE/DATASETS/CodecFake/train/F01_p237_071.wav,1
/USERSPACE/DATASETS/CodecFake/train/F01_p230_236.wav,1
/USERSPACE/DATASETS/CodecFake/train/F01_SSB09930364.wav,1
/USERSPACE/DATASETS/CodecFake/train/F01_SSB18370402.wav,1
/USERSPACE/DATASETS/CodecFake/train/F01_p315_096.wav,1
/USERSPACE/DATASETS/CodecFake/train/F01_SSB03390443.wav,1
/USERSPACE/DATASETS/CodecFake/train/F01_SSB05350023.wav,1
/USERSPACE/DATASETS/CodecFake/train/F01_SSB06680042.wav,1
/USERSPACE/DATASETS/CodecFake/train/F01_SSB01970425.wav,1
/USERSPACE/DATASETS/CodecFake/train/F01_SSB15550313.wav,1
/USERSPACE/DATASETS/CodecFake/train/F01_SSB01970101.wav,1
/USERSPACE/DATASETS/CodecFake/train/F01_SSB05900159.wav,1
/USERSPACE/DATASETS/CodecFake/train/F01_SSB14480317.wav,1
/USERSPACE/DATASETS/CodecFake/train/F01_SSB00160308.wav,1
/USERSPACE/DATASETS/CodecFake/train/F01_p297_245.wav,1
/USERSPACE/DATASETS/CodecFake/train/F01_p285_163.wav,1
/USERSPACE/DATASETS/CodecFake/train/F01_p226_296.wav,1
/USERSPACE/DATASETS/CodecFake/train/F01_p318_198.wav,1
/USERSPACE/DATASETS/CodecFake/train/F01_SSB07370335.wav,1
/USERSPACE/DATASETS/CodecFake/train/F01_SSB07600268.wav,1
/USERSPACE/DATASETS/CodecFake/train/F01_p339_147.wav,1
/USERSPACE/DATASETS/CodecFake/train/F01_SSB10010443.wav,1
/USERSPACE/DATASETS/CodecFake/train/F01_SSB12040094.wav,1
/USERSPACE/DATASETS/CodecFake/train/F01_SSB18780382.wav,1
/USERSPACE/DATASETS/CodecFake/train/F01_SSB10500486.wav,1
/USERSPACE/DATASETS/CodecFake/train/F01_SSB13410396.wav,1
/USERSPACE/DATASETS/CodecFake/train/F01_p252_141.wav,1
/USERSPACE/DATASETS/CodecFake/train/F01_SSB16070376.wav,1
/USERSPACE/DATASETS/CodecFake/train/F01_SSB07840003.wav,1
/USERSPACE/DATASETS/CodecFake/train/F01_SSB16840474.wav,1
/USERSPACE/DATASETS/CodecFake/train/F01_p292_338.wav,1
/USERSPACE/DATASETS/CodecFake/train/F01_SSB02870270.wav,1
/USERSPACE/DATASETS/CodecFake/train/F01_SSB00160310.wav,1
/USERSPACE/DATASETS/CodecFake/train/F01_p229_048.wav,1
/USERSPACE/DATASETS/CodecFake/train/F01_p254_068.wav,1
/USERSPACE/DATASETS/CodecFake/train/F01_SSB15630293.wav,1
/USERSPACE/DATASETS/CodecFake/train/F01_SSB11360500.wav,1
/USERSPACE/DATASETS/CodecFake/train/F01_SSB08090037.wav,1
/USERSPACE/DATASETS/CodecFake/train/F01_SSB01390003.wav,1
/USERSPACE/DATASETS/CodecFake/train/F01_p231_301.wav,1
/USERSPACE/DATASETS/CodecFake/train/F01_SSB13650429.wav,1
/USERSPACE/DATASETS/CodecFake/train/F01_SSB01970007.wav,1
/USERSPACE/DATASETS/CodecFake/train/F01_SSB06680064.wav,1
/USERSPACE/DATASETS/CodecFake/train/F01_SSB09350253.wav,1
/USERSPACE/DATASETS/CodecFake/train/F01_SSB03160031.wav,1
/USERSPACE/DATASETS/CodecFake/train/F01_SSB17110251.wav,1
/USERSPACE/DATASETS/CodecFake/train/F01_SSB07780328.wav,1
/USERSPACE/DATASETS/CodecFake/train/F01_p347_134.wav,1
/USERSPACE/DATASETS/CodecFake/train/F01_SSB12190320.wav,1
/USERSPACE/DATASETS/CodecFake/train/F01_SSB10720426.wav,1
/USERSPACE/DATASETS/CodecFake/train/F01_p255_327.wav,1
/USERSPACE/DATASETS/CodecFake/train/F01_SSB06290241.wav,1
/USERSPACE/DATASETS/CodecFake/train/F01_p234_125.wav,1
/USERSPACE/DATASETS/CodecFake/train/F01_SSB03660053.wav,1
/USERSPACE/DATASETS/CodecFake/train/F01_SSB07620257.wav,1
/USERSPACE/DATASETS/CodecFake/train/F01_SSB16250139.wav,1
/USERSPACE/DATASETS/CodecFake/train/F01_SSB07580422.wav,1
/USERSPACE/DATASETS/CodecFake/train/F01_SSB16070374.wav,1
/USERSPACE/DATASETS/CodecFake/train/F01_p258_157.wav,1
/USERSPACE/DATASETS/CodecFake/train/F01_SSB06030317.wav,1
/USERSPACE/DATASETS/CodecFake/train/F01_SSB11610142.wav,1
/USERSPACE/DATASETS/CodecFake/train/F01_SSB12040160.wav,1
/USERSPACE/DATASETS/CodecFake/train/F01_SSB03380476.wav,1
/USERSPACE/DATASETS/CodecFake/train/F01_SSB07580337.wav,1
/USERSPACE/DATASETS/CodecFake/train/F01_SSB09660476.wav,1
/USERSPACE/DATASETS/CodecFake/train/F01_SSB19020073.wav,1
/USERSPACE/DATASETS/CodecFake/train/F01_p249_241.wav,1
/USERSPACE/DATASETS/CodecFake/train/F01_SSB03660308.wav,1
/USERSPACE/DATASETS/CodecFake/train/F01_p301_259.wav,1
/USERSPACE/DATASETS/CodecFake/train/F01_p252_055.wav,1
/USERSPACE/DATASETS/CodecFake/train/F01_SSB13650179.wav,1
/USERSPACE/DATASETS/CodecFake/train/F01_SSB11150424.wav,1
/USERSPACE/DATASETS/CodecFake/train/F01_SSB09190233.wav,1
/USERSPACE/DATASETS/CodecFake/train/F01_SSB12740211.wav,1
/USERSPACE/DATASETS/CodecFake/train/F01_SSB19350081.wav,1
/USERSPACE/DATASETS/CodecFake/train/F01_SSB03930016.wav,1
/USERSPACE/DATASETS/CodecFake/train/F01_SSB10000047.wav,1
/USERSPACE/DATASETS/CodecFake/train/F01_p347_286.wav,1
/USERSPACE/DATASETS/CodecFake/train/F01_SSB07860152.wav,1
/USERSPACE/DATASETS/CodecFake/train/F01_SSB08710395.wav,1
/USERSPACE/DATASETS/CodecFake/train/F01_p347_420.wav,1
/USERSPACE/DATASETS/CodecFake/train/F01_SSB07800464.wav,1
/USERSPACE/DATASETS/CodecFake/train/F01_p307_119.wav,1
/USERSPACE/DATASETS/CodecFake/train/F01_SSB10960182.wav,1
/USERSPACE/DATASETS/CodecFake/train/F01_p280_379.wav,1
/USERSPACE/DATASETS/CodecFake/train/F01_p317_107.wav,1
/USERSPACE/DATASETS/CodecFake/train/F01_p272_200.wav,1
/USERSPACE/DATASETS/CodecFake/train/F01_SSB03800006.wav,1
/USERSPACE/DATASETS/CodecFake/train/F01_SSB09870257.wav,1
/USERSPACE/DATASETS/CodecFake/train/F01_SSB01970353.wav,1
/USERSPACE/DATASETS/CodecFake/train/F01_p275_218.wav,1
/USERSPACE/DATASETS/CodecFake/train/F01_p231_079.wav,1
/USERSPACE/DATASETS/CodecFake/train/F01_SSB09350257.wav,1
/USERSPACE/DATASETS/CodecFake/train/F01_p284_221.wav,1
/USERSPACE/DATASETS/CodecFake/train/F01_SSB03940069.wav,1
/USERSPACE/DATASETS/CodecFake/train/F01_SSB06930018.wav,1
/USERSPACE/DATASETS/CodecFake/train/F01_SSB03950106.wav,1
/USERSPACE/DATASETS/CodecFake/train/F01_SSB05390308.wav,1
/USERSPACE/DATASETS/CodecFake/train/F01_p244_207.wav,1
/USERSPACE/DATASETS/CodecFake/train/F01_p310_339.wav,1
/USERSPACE/DATASETS/CodecFake/train/F01_SSB13200403.wav,1
/USERSPACE/DATASETS/CodecFake/train/F01_SSB02460435.wav,1
/USERSPACE/DATASETS/CodecFake/train/F01_p310_101.wav,1
/USERSPACE/DATASETS/CodecFake/train/F01_p232_263.wav,1
/USERSPACE/DATASETS/CodecFake/train/F01_SSB08220088.wav,1
/USERSPACE/DATASETS/CodecFake/train/F01_SSB03150093.wav,1
/USERSPACE/DATASETS/CodecFake/train/F01_SSB16070312.wav,1
/USERSPACE/DATASETS/CodecFake/train/F01_SSB07490206.wav,1
/USERSPACE/DATASETS/CodecFake/train/F01_SSB11100360.wav,1
/USERSPACE/DATASETS/CodecFake/train/F01_SSB03940259.wav,1
/USERSPACE/DATASETS/CodecFake/train/F01_p288_072.wav,1
/USERSPACE/DATASETS/CodecFake/train/F01_SSB02000205.wav,1
/USERSPACE/DATASETS/CodecFake/train/F01_SSB00110283.wav,1
/USERSPACE/DATASETS/CodecFake/train/F01_SSB09660490.wav,1
/USERSPACE/DATASETS/CodecFake/train/F01_SSB02000321.wav,1
/USERSPACE/DATASETS/CodecFake/train/F01_SSB18910245.wav,1
/USERSPACE/DATASETS/CodecFake/train/F01_SSB04070181.wav,1
/USERSPACE/DATASETS/CodecFake/train/F01_SSB05940371.wav,1
/USERSPACE/DATASETS/CodecFake/train/F01_SSB10080150.wav,1
/USERSPACE/DATASETS/CodecFake/train/F01_SSB16840365.wav,1
/USERSPACE/DATASETS/CodecFake/train/F01_SSB11610162.wav,1
/USERSPACE/DATASETS/CodecFake/train/F01_SSB05700200.wav,1
/USERSPACE/DATASETS/CodecFake/train/F01_p227_078.wav,1
/USERSPACE/DATASETS/CodecFake/train/F01_SSB10200227.wav,1
/USERSPACE/DATASETS/CodecFake/train/F01_SSB07230225.wav,1
/USERSPACE/DATASETS/CodecFake/train/F01_SSB13200261.wav,1
/USERSPACE/DATASETS/CodecFake/train/F01_p255_276.wav,1
/USERSPACE/DATASETS/CodecFake/train/F01_SSB18720072.wav,1
/USERSPACE/DATASETS/CodecFake/train/F01_p294_242.wav,1
/USERSPACE/DATASETS/CodecFake/train/F01_p254_117.wav,1
/USERSPACE/DATASETS/CodecFake/train/F01_SSB11610394.wav,1
/USERSPACE/DATASETS/CodecFake/train/F01_SSB00050475.wav,1
/USERSPACE/DATASETS/CodecFake/train/F01_SSB10080095.wav,1
/USERSPACE/DATASETS/CodecFake/train/F01_SSB13820017.wav,1
/USERSPACE/DATASETS/CodecFake/train/F01_p277_270.wav,1
/USERSPACE/DATASETS/CodecFake/train/F01_SSB03540452.wav,1
/USERSPACE/DATASETS/CodecFake/train/F01_SSB07460202.wav,1
/USERSPACE/DATASETS/CodecFake/train/F01_p345_052.wav,1
/USERSPACE/DATASETS/CodecFake/train/F01_p244_126.wav,1
/USERSPACE/DATASETS/CodecFake/train/F01_p232_402.wav,1
/USERSPACE/DATASETS/CodecFake/train/F01_SSB11870341.wav,1
/USERSPACE/DATASETS/CodecFake/train/F01_SSB15750334.wav,1
/USERSPACE/DATASETS/CodecFake/train/F01_p304_167.wav,1
/USERSPACE/DATASETS/CodecFake/train/F01_SSB10640002.wav,1
/USERSPACE/DATASETS/CodecFake/train/F01_SSB01930081.wav,1
/USERSPACE/DATASETS/CodecFake/train/F01_SSB02870078.wav,1
/USERSPACE/DATASETS/CodecFake/train/F01_SSB16240037.wav,1
/USERSPACE/DATASETS/CodecFake/train/F01_SSB07110254.wav,1
/USERSPACE/DATASETS/CodecFake/train/F01_p257_287.wav,1
/USERSPACE/DATASETS/CodecFake/train/F01_p299_158.wav,1
/USERSPACE/DATASETS/CodecFake/train/F01_p361_114.wav,1
/USERSPACE/DATASETS/CodecFake/train/F01_SSB13770021.wav,1
/USERSPACE/DATASETS/CodecFake/train/F01_SSB09130036.wav,1
/USERSPACE/DATASETS/CodecFake/train/F01_p374_214.wav,1
/USERSPACE/DATASETS/CodecFake/train/F01_SSB02990158.wav,1
/USERSPACE/DATASETS/CodecFake/train/F01_p376_277.wav,1
/USERSPACE/DATASETS/CodecFake/train/F01_p274_441.wav,1
/USERSPACE/DATASETS/CodecFake/train/F01_p303_351.wav,1
/USERSPACE/DATASETS/CodecFake/train/F01_SSB17450212.wav,1
/USERSPACE/DATASETS/CodecFake/train/F01_p335_398.wav,1
/USERSPACE/DATASETS/CodecFake/train/F01_SSB13820464.wav,1
/USERSPACE/DATASETS/CodecFake/train/F01_SSB11760010.wav,1
/USERSPACE/DATASETS/CodecFake/train/F01_SSB03390339.wav,1
/USERSPACE/DATASETS/CodecFake/train/F01_SSB11250005.wav,1
/USERSPACE/DATASETS/CodecFake/train/F01_SSB18320171.wav,1
/USERSPACE/DATASETS/CodecFake/train/F01_p284_073.wav,1
/USERSPACE/DATASETS/CodecFake/train/F01_SSB02880189.wav,1
/USERSPACE/DATASETS/CodecFake/train/F01_SSB11080246.wav,1
/USERSPACE/DATASETS/CodecFake/train/F01_SSB12160032.wav,1
/USERSPACE/DATASETS/CodecFake/train/F01_SSB16250067.wav,1
/USERSPACE/DATASETS/CodecFake/train/F01_SSB09130146.wav,1
/USERSPACE/DATASETS/CodecFake/train/F01_p227_394.wav,1
/USERSPACE/DATASETS/CodecFake/train/F01_SSB11760198.wav,1
/USERSPACE/DATASETS/CodecFake/train/F01_SSB11380065.wav,1
/USERSPACE/DATASETS/CodecFake/train/F01_p257_424.wav,1
/USERSPACE/DATASETS/CodecFake/train/F01_p360_156.wav,1
/USERSPACE/DATASETS/CodecFake/train/F01_SSB11250288.wav,1
/USERSPACE/DATASETS/CodecFake/train/F01_p254_066.wav,1
/USERSPACE/DATASETS/CodecFake/train/F01_SSB09350078.wav,1
/USERSPACE/DATASETS/CodecFake/train/F01_SSB00380197.wav,1
/USERSPACE/DATASETS/CodecFake/train/F01_SSB11360211.wav,1
/USERSPACE/DATASETS/CodecFake/train/F01_p262_379.wav,1
/USERSPACE/DATASETS/CodecFake/train/F01_p253_099.wav,1
/USERSPACE/DATASETS/CodecFake/train/F01_p273_385.wav,1
/USERSPACE/DATASETS/CodecFake/train/F01_SSB10200304.wav,1
/USERSPACE/DATASETS/CodecFake/train/F01_SSB12190252.wav,1
/USERSPACE/DATASETS/CodecFake/train/F01_p240_348.wav,1
/USERSPACE/DATASETS/CodecFake/train/F01_p363_042.wav,1
/USERSPACE/DATASETS/CodecFake/train/F01_SSB18780045.wav,1
/USERSPACE/DATASETS/CodecFake/train/F01_p286_104.wav,1
/USERSPACE/DATASETS/CodecFake/train/F01_p252_010.wav,1
/USERSPACE/DATASETS/CodecFake/train/F01_SSB07620278.wav,1
/USERSPACE/DATASETS/CodecFake/train/F01_p326_067.wav,1
/USERSPACE/DATASETS/CodecFake/train/F01_SSB18630155.wav,1
/USERSPACE/DATASETS/CodecFake/train/F01_SSB18060291.wav,1
/USERSPACE/DATASETS/CodecFake/train/F01_p282_357.wav,1
/USERSPACE/DATASETS/CodecFake/train/F01_p272_327.wav,1
/USERSPACE/DATASETS/CodecFake/train/F01_SSB00380259.wav,1
/USERSPACE/DATASETS/CodecFake/train/F01_SSB08870079.wav,1
/USERSPACE/DATASETS/CodecFake/train/F01_SSB07580267.wav,1
/USERSPACE/DATASETS/CodecFake/train/F01_SSB09660278.wav,1
/USERSPACE/DATASETS/CodecFake/train/F01_SSB03940277.wav,1
/USERSPACE/DATASETS/CodecFake/train/F01_p265_207.wav,1
/USERSPACE/DATASETS/CodecFake/train/F01_p314_236.wav,1
/USERSPACE/DATASETS/CodecFake/train/F01_p362_073.wav,1
/USERSPACE/DATASETS/CodecFake/train/F01_p248_131.wav,1
/USERSPACE/DATASETS/CodecFake/train/F01_SSB00120092.wav,1
/USERSPACE/DATASETS/CodecFake/train/F01_p255_154.wav,1
/USERSPACE/DATASETS/CodecFake/train/F01_p229_305.wav,1
/USERSPACE/DATASETS/CodecFake/train/F01_p254_044.wav,1
/USERSPACE/DATASETS/CodecFake/train/F01_SSB03090403.wav,1
/USERSPACE/DATASETS/CodecFake/train/F01_SSB06010160.wav,1
/USERSPACE/DATASETS/CodecFake/train/F01_p303_084.wav,1
/USERSPACE/DATASETS/CodecFake/train/F01_SSB00800328.wav,1
/USERSPACE/DATASETS/CodecFake/train/F01_SSB07780127.wav,1
/USERSPACE/DATASETS/CodecFake/train/F01_SSB18910189.wav,1
/USERSPACE/DATASETS/CodecFake/train/F01_SSB02610427.wav,1
/USERSPACE/DATASETS/CodecFake/train/F01_SSB15630122.wav,1
/USERSPACE/DATASETS/CodecFake/train/F01_p267_297.wav,1
/USERSPACE/DATASETS/CodecFake/train/F01_SSB03390040.wav,1
/USERSPACE/DATASETS/CodecFake/train/F01_SSB01120259.wav,1
/USERSPACE/DATASETS/CodecFake/train/F01_SSB07230330.wav,1
/USERSPACE/DATASETS/CodecFake/train/F01_SSB11610427.wav,1
/USERSPACE/DATASETS/CodecFake/train/F01_p267_119.wav,1
/USERSPACE/DATASETS/CodecFake/train/F01_SSB05780034.wav,1
/USERSPACE/DATASETS/CodecFake/train/F01_p230_089.wav,1
/USERSPACE/DATASETS/CodecFake/train/F01_SSB01390499.wav,1
/USERSPACE/DATASETS/CodecFake/train/F01_SSB07170232.wav,1
/USERSPACE/DATASETS/CodecFake/train/F01_SSB11870035.wav,1
/USERSPACE/DATASETS/CodecFake/train/F01_SSB10020362.wav,1
/USERSPACE/DATASETS/CodecFake/train/F01_SSB00330107.wav,1
/USERSPACE/DATASETS/CodecFake/train/F01_SSB12150283.wav,1
/USERSPACE/DATASETS/CodecFake/train/F01_SSB07780220.wav,1
/USERSPACE/DATASETS/CodecFake/train/F01_p340_409.wav,1
/USERSPACE/DATASETS/CodecFake/train/F01_SSB12530346.wav,1
/USERSPACE/DATASETS/CodecFake/train/F01_SSB00330153.wav,1
/USERSPACE/DATASETS/CodecFake/train/F01_p341_328.wav,1
/USERSPACE/DATASETS/CodecFake/train/F01_SSB11310438.wav,1
/USERSPACE/DATASETS/CodecFake/train/F01_SSB09130325.wav,1
/USERSPACE/DATASETS/CodecFake/train/F01_p233_296.wav,1
/USERSPACE/DATASETS/CodecFake/train/F01_SSB15550467.wav,1
/USERSPACE/DATASETS/CodecFake/train/F01_p258_189.wav,1
/USERSPACE/DATASETS/CodecFake/train/F01_SSB01330267.wav,1
/USERSPACE/DATASETS/CodecFake/train/F01_SSB06140430.wav,1
/USERSPACE/DATASETS/CodecFake/train/F01_SSB00430384.wav,1
/USERSPACE/DATASETS/CodecFake/train/F01_SSB03540490.wav,1
/USERSPACE/DATASETS/CodecFake/train/F01_SSB08870442.wav,1
/USERSPACE/DATASETS/CodecFake/train/F01_SSB18720470.wav,1
/USERSPACE/DATASETS/CodecFake/train/F01_SSB10240300.wav,1
/USERSPACE/DATASETS/CodecFake/train/F01_p257_306.wav,1
/USERSPACE/DATASETS/CodecFake/train/F01_p262_143.wav,1
/USERSPACE/DATASETS/CodecFake/train/F01_SSB10720305.wav,1
/USERSPACE/DATASETS/CodecFake/train/F01_SSB09930457.wav,1
/USERSPACE/DATASETS/CodecFake/train/F01_SSB06660246.wav,1
/USERSPACE/DATASETS/CodecFake/train/F01_p282_149.wav,1
/USERSPACE/DATASETS/CodecFake/train/F01_p326_345.wav,1
/USERSPACE/DATASETS/CodecFake/train/F01_SSB11610370.wav,1
/USERSPACE/DATASETS/CodecFake/train/F01_SSB03070156.wav,1
/USERSPACE/DATASETS/CodecFake/train/F01_SSB16860341.wav,1
/USERSPACE/DATASETS/CodecFake/train/F01_SSB04070335.wav,1
/USERSPACE/DATASETS/CodecFake/train/F01_SSB04700238.wav,1
/USERSPACE/DATASETS/CodecFake/train/F01_p363_172.wav,1
/USERSPACE/DATASETS/CodecFake/train/F01_SSB04820044.wav,1
/USERSPACE/DATASETS/CodecFake/train/F01_SSB07370238.wav,1
/USERSPACE/DATASETS/CodecFake/train/F01_SSB10020081.wav,1
/USERSPACE/DATASETS/CodecFake/train/F01_SSB19180023.wav,1
/USERSPACE/DATASETS/CodecFake/train/F01_SSB11350365.wav,1
/USERSPACE/DATASETS/CodecFake/train/F01_SSB13920106.wav,1
/USERSPACE/DATASETS/CodecFake/train/F01_SSB05440374.wav,1
/USERSPACE/DATASETS/CodecFake/train/F01_SSB15550128.wav,1
/USERSPACE/DATASETS/CodecFake/train/F01_SSB09930168.wav,1
/USERSPACE/DATASETS/CodecFake/train/F01_SSB02990175.wav,1
/USERSPACE/DATASETS/CodecFake/train/F01_SSB06860026.wav,1
/USERSPACE/DATASETS/CodecFake/train/F01_SSB10000103.wav,1
/USERSPACE/DATASETS/CodecFake/train/F01_SSB10720344.wav,1
/USERSPACE/DATASETS/CodecFake/train/F01_SSB08220026.wav,1
/USERSPACE/DATASETS/CodecFake/train/F01_p234_271.wav,1
/USERSPACE/DATASETS/CodecFake/train/F01_p278_145.wav,1
/USERSPACE/DATASETS/CodecFake/train/F01_SSB04350470.wav,1
/USERSPACE/DATASETS/CodecFake/train/F01_SSB03070303.wav,1
/USERSPACE/DATASETS/CodecFake/train/F01_SSB14570368.wav,1
/USERSPACE/DATASETS/CodecFake/train/F01_SSB00120046.wav,1
/USERSPACE/DATASETS/CodecFake/train/F01_SSB15670163.wav,1
/USERSPACE/DATASETS/CodecFake/train/F01_SSB03820172.wav,1
/USERSPACE/DATASETS/CodecFake/train/F01_SSB10080074.wav,1
/USERSPACE/DATASETS/CodecFake/train/F01_SSB08510413.wav,1
/USERSPACE/DATASETS/CodecFake/train/F01_p232_243.wav,1
/USERSPACE/DATASETS/CodecFake/train/F01_p226_347.wav,1
/USERSPACE/DATASETS/CodecFake/train/F01_SSB10960311.wav,1
/USERSPACE/DATASETS/CodecFake/train/F01_p227_074.wav,1
/USERSPACE/DATASETS/CodecFake/train/F01_SSB16300082.wav,1
/USERSPACE/DATASETS/CodecFake/train/F01_p247_130.wav,1
/USERSPACE/DATASETS/CodecFake/train/F01_SSB17110462.wav,1
/USERSPACE/DATASETS/CodecFake/train/F01_SSB10240190.wav,1
/USERSPACE/DATASETS/CodecFake/train/F01_SSB02730151.wav,1
/USERSPACE/DATASETS/CodecFake/train/F01_p351_045.wav,1
/USERSPACE/DATASETS/CodecFake/train/F01_p268_073.wav,1
/USERSPACE/DATASETS/CodecFake/train/F01_SSB09130474.wav,1
/USERSPACE/DATASETS/CodecFake/train/F01_p298_370.wav,1
/USERSPACE/DATASETS/CodecFake/train/F01_SSB06140473.wav,1
/USERSPACE/DATASETS/CodecFake/train/F01_SSB18460278.wav,1
/USERSPACE/DATASETS/CodecFake/train/F01_SSB15850372.wav,1
/USERSPACE/DATASETS/CodecFake/train/F01_SSB12530263.wav,1
/USERSPACE/DATASETS/CodecFake/train/F01_SSB06010112.wav,1
/USERSPACE/DATASETS/CodecFake/train/F01_SSB11350456.wav,1
/USERSPACE/DATASETS/CodecFake/train/F01_SSB17450449.wav,1
/USERSPACE/DATASETS/CodecFake/train/F01_SSB03940506.wav,1
/USERSPACE/DATASETS/CodecFake/train/F01_SSB11350065.wav,1
/USERSPACE/DATASETS/CodecFake/train/F01_SSB07170264.wav,1
/USERSPACE/DATASETS/CodecFake/train/F01_SSB17590153.wav,1
/USERSPACE/DATASETS/CodecFake/train/F01_SSB02870135.wav,1
/USERSPACE/DATASETS/CodecFake/train/F01_p254_321.wav,1
/USERSPACE/DATASETS/CodecFake/train/F01_SSB05340323.wav,1
/USERSPACE/DATASETS/CodecFake/train/F01_p250_381.wav,1
/USERSPACE/DATASETS/CodecFake/train/F01_p230_167.wav,1
/USERSPACE/DATASETS/CodecFake/train/F01_SSB12180157.wav,1
/USERSPACE/DATASETS/CodecFake/train/F01_p311_174.wav,1
/USERSPACE/DATASETS/CodecFake/train/F01_p297_009.wav,1
/USERSPACE/DATASETS/CodecFake/train/F01_SSB02000075.wav,1
/USERSPACE/DATASETS/CodecFake/train/F01_SSB12530399.wav,1
/USERSPACE/DATASETS/CodecFake/train/F01_SSB07600127.wav,1
/USERSPACE/DATASETS/CodecFake/train/F01_SSB10080276.wav,1
/USERSPACE/DATASETS/CodecFake/train/F01_SSB05650175.wav,1
/USERSPACE/DATASETS/CodecFake/train/F01_SSB07020248.wav,1
/USERSPACE/DATASETS/CodecFake/train/F01_p303_345.wav,1
/USERSPACE/DATASETS/CodecFake/train/F01_SSB09660441.wav,1
/USERSPACE/DATASETS/CodecFake/train/F01_p257_268.wav,1
/USERSPACE/DATASETS/CodecFake/train/F01_p303_332.wav,1
/USERSPACE/DATASETS/CodecFake/train/F01_SSB03420056.wav,1
/USERSPACE/DATASETS/CodecFake/train/F01_SSB18060243.wav,1
/USERSPACE/DATASETS/CodecFake/train/F01_p304_338.wav,1
/USERSPACE/DATASETS/CodecFake/train/F01_p283_155.wav,1
/USERSPACE/DATASETS/CodecFake/train/F01_SSB15850185.wav,1
/USERSPACE/DATASETS/CodecFake/train/F01_SSB16500079.wav,1
/USERSPACE/DATASETS/CodecFake/train/F01_p305_013.wav,1
/USERSPACE/DATASETS/CodecFake/train/F01_p317_033.wav,1
/USERSPACE/DATASETS/CodecFake/train/F01_SSB07100082.wav,1
/USERSPACE/DATASETS/CodecFake/train/F01_SSB11250365.wav,1
/USERSPACE/DATASETS/CodecFake/train/F01_SSB18910361.wav,1
/USERSPACE/DATASETS/CodecFake/train/F01_SSB18320170.wav,1
/USERSPACE/DATASETS/CodecFake/train/F01_SSB06030192.wav,1
/USERSPACE/DATASETS/CodecFake/train/F01_SSB15750166.wav,1
/USERSPACE/DATASETS/CodecFake/train/F01_p301_069.wav,1
/USERSPACE/DATASETS/CodecFake/train/F01_SSB13410360.wav,1
/USERSPACE/DATASETS/CodecFake/train/F01_p269_033.wav,1
/USERSPACE/DATASETS/CodecFake/train/F01_SSB05020377.wav,1
/USERSPACE/DATASETS/CodecFake/train/F01_SSB16240313.wav,1
/USERSPACE/DATASETS/CodecFake/train/F01_SSB07200457.wav,1
/USERSPACE/DATASETS/CodecFake/train/F01_p240_050.wav,1
/USERSPACE/DATASETS/CodecFake/train/F01_SSB00050257.wav,1
/USERSPACE/DATASETS/CodecFake/train/F01_SSB14520405.wav,1
/USERSPACE/DATASETS/CodecFake/train/F01_SSB02870065.wav,1
/USERSPACE/DATASETS/CodecFake/train/F01_p292_333.wav,1
/USERSPACE/DATASETS/CodecFake/train/F01_p269_087.wav,1
/USERSPACE/DATASETS/CodecFake/train/F01_SSB00050412.wav,1
/USERSPACE/DATASETS/CodecFake/train/F01_SSB10500422.wav,1
/USERSPACE/DATASETS/CodecFake/train/F01_SSB03940375.wav,1
/USERSPACE/DATASETS/CodecFake/train/F01_SSB13200268.wav,1
/USERSPACE/DATASETS/CodecFake/train/F01_p232_028.wav,1
/USERSPACE/DATASETS/CodecFake/train/F01_SSB02880239.wav,1
/USERSPACE/DATASETS/CodecFake/train/F01_SSB16070358.wav,1
/USERSPACE/DATASETS/CodecFake/train/F01_SSB16700288.wav,1
/USERSPACE/DATASETS/CodecFake/train/F01_SSB06060085.wav,1
/USERSPACE/DATASETS/CodecFake/train/F01_SSB18720162.wav,1
/USERSPACE/DATASETS/CodecFake/train/F01_SSB12190275.wav,1
/USERSPACE/DATASETS/CodecFake/train/F01_p316_045.wav,1
/USERSPACE/DATASETS/CodecFake/train/F01_SSB18630439.wav,1
/USERSPACE/DATASETS/CodecFake/train/F01_SSB02880054.wav,1
/USERSPACE/DATASETS/CodecFake/train/F01_SSB02460135.wav,1
/USERSPACE/DATASETS/CodecFake/train/F01_SSB06030098.wav,1
/USERSPACE/DATASETS/CodecFake/train/F01_p314_377.wav,1
/USERSPACE/DATASETS/CodecFake/train/F01_SSB00180222.wav,1
/USERSPACE/DATASETS/CodecFake/train/F01_SSB07490384.wav,1
/USERSPACE/DATASETS/CodecFake/train/F01_SSB01220209.wav,1
/USERSPACE/DATASETS/CodecFake/train/F01_p262_192.wav,1
/USERSPACE/DATASETS/CodecFake/train/F01_p266_365.wav,1
/USERSPACE/DATASETS/CodecFake/train/F01_p264_077.wav,1
/USERSPACE/DATASETS/CodecFake/train/F01_p333_093.wav,1
/USERSPACE/DATASETS/CodecFake/train/F01_SSB16300395.wav,1
/USERSPACE/DATASETS/CodecFake/train/F01_SSB04820406.wav,1
/USERSPACE/DATASETS/CodecFake/train/F01_p231_396.wav,1
/USERSPACE/DATASETS/CodecFake/train/F01_p261_402.wav,1
/USERSPACE/DATASETS/CodecFake/train/F01_p266_022.wav,1
/USERSPACE/DATASETS/CodecFake/train/F01_p374_152.wav,1
/USERSPACE/DATASETS/CodecFake/train/F01_p228_216.wav,1
/USERSPACE/DATASETS/CodecFake/train/F01_SSB06010190.wav,1
/USERSPACE/DATASETS/CodecFake/train/F01_p250_019.wav,1
/USERSPACE/DATASETS/CodecFake/train/F01_p326_147.wav,1
/USERSPACE/DATASETS/CodecFake/train/F01_p267_353.wav,1
/USERSPACE/DATASETS/CodecFake/train/F01_SSB11000241.wav,1
/USERSPACE/DATASETS/CodecFake/train/F01_p299_081.wav,1
/USERSPACE/DATASETS/CodecFake/train/F01_SSB07360213.wav,1
/USERSPACE/DATASETS/CodecFake/train/F01_p307_419.wav,1
/USERSPACE/DATASETS/CodecFake/train/F01_p312_139.wav,1
/USERSPACE/DATASETS/CodecFake/train/F01_p295_135.wav,1
/USERSPACE/DATASETS/CodecFake/train/F01_SSB11610405.wav,1
/USERSPACE/DATASETS/CodecFake/train/F01_p279_136.wav,1
/USERSPACE/DATASETS/CodecFake/train/F01_SSB12390167.wav,1
/USERSPACE/DATASETS/CodecFake/train/F01_p339_139.wav,1
/USERSPACE/DATASETS/CodecFake/train/F01_SSB04150202.wav,1
/USERSPACE/DATASETS/CodecFake/train/F01_SSB07600266.wav,1
/USERSPACE/DATASETS/CodecFake/train/F01_p298_226.wav,1
/USERSPACE/DATASETS/CodecFake/train/F01_SSB03410091.wav,1
/USERSPACE/DATASETS/CodecFake/train/F01_p276_104.wav,1
/USERSPACE/DATASETS/CodecFake/train/F01_SSB04350235.wav,1
/USERSPACE/DATASETS/CodecFake/train/F01_SSB11350327.wav,1
/USERSPACE/DATASETS/CodecFake/train/F01_p240_273.wav,1
/USERSPACE/DATASETS/CodecFake/train/F01_SSB17590224.wav,1
/USERSPACE/DATASETS/CodecFake/train/F01_p253_192.wav,1
/USERSPACE/DATASETS/CodecFake/train/F01_p261_358.wav,1
/USERSPACE/DATASETS/CodecFake/train/F01_SSB00120101.wav,1
/USERSPACE/DATASETS/CodecFake/train/F01_SSB01970089.wav,1
/USERSPACE/DATASETS/CodecFake/train/F01_SSB05650296.wav,1
/USERSPACE/DATASETS/CodecFake/train/F01_p239_497.wav,1
/USERSPACE/DATASETS/CodecFake/train/F01_SSB07600357.wav,1
/USERSPACE/DATASETS/CodecFake/train/F01_SSB12160309.wav,1
/USERSPACE/DATASETS/CodecFake/train/F01_SSB03750299.wav,1
/USERSPACE/DATASETS/CodecFake/train/F01_SSB01970005.wav,1
/USERSPACE/DATASETS/CodecFake/train/F01_p263_120.wav,1
/USERSPACE/DATASETS/CodecFake/train/F01_p295_279.wav,1
/USERSPACE/DATASETS/CodecFake/train/F01_p374_387.wav,1
/USERSPACE/DATASETS/CodecFake/train/F01_SSB13820107.wav,1
/USERSPACE/DATASETS/CodecFake/train/F01_p298_354.wav,1
/USERSPACE/DATASETS/CodecFake/train/F01_SSB15850306.wav,1
/USERSPACE/DATASETS/CodecFake/train/F01_p292_082.wav,1
/USERSPACE/DATASETS/CodecFake/train/F01_SSB07490152.wav,1
/USERSPACE/DATASETS/CodecFake/train/F01_p255_209.wav,1
/USERSPACE/DATASETS/CodecFake/train/F01_SSB06660006.wav,1
/USERSPACE/DATASETS/CodecFake/train/F01_p247_200.wav,1
/USERSPACE/DATASETS/CodecFake/train/F01_p286_025.wav,1
/USERSPACE/DATASETS/CodecFake/train/F01_p329_320.wav,1
/USERSPACE/DATASETS/CodecFake/train/F01_SSB12530315.wav,1
/USERSPACE/DATASETS/CodecFake/train/F01_p329_302.wav,1
/USERSPACE/DATASETS/CodecFake/train/F01_SSB15630422.wav,1
/USERSPACE/DATASETS/CodecFake/train/F01_SSB10720195.wav,1
/USERSPACE/DATASETS/CodecFake/train/F01_p317_307.wav,1
/USERSPACE/DATASETS/CodecFake/train/F01_SSB17590103.wav,1
/USERSPACE/DATASETS/CodecFake/train/F01_SSB12190118.wav,1
/USERSPACE/DATASETS/CodecFake/train/F01_SSB05650055.wav,1
/USERSPACE/DATASETS/CodecFake/train/F01_SSB07110429.wav,1
/USERSPACE/DATASETS/CodecFake/train/F01_SSB07460096.wav,1
/USERSPACE/DATASETS/CodecFake/train/F01_SSB19020259.wav,1
/USERSPACE/DATASETS/CodecFake/train/F01_p308_043.wav,1
/USERSPACE/DATASETS/CodecFake/train/F01_SSB10960303.wav,1
/USERSPACE/DATASETS/CodecFake/train/F01_SSB06230359.wav,1
/USERSPACE/DATASETS/CodecFake/train/F01_SSB13020381.wav,1
/USERSPACE/DATASETS/CodecFake/train/F01_p276_279.wav,1
/USERSPACE/DATASETS/CodecFake/train/F01_SSB06290334.wav,1
/USERSPACE/DATASETS/CodecFake/train/F01_p311_419.wav,1
/USERSPACE/DATASETS/CodecFake/train/F01_SSB10720201.wav,1
/USERSPACE/DATASETS/CodecFake/train/F01_p307_422.wav,1
/USERSPACE/DATASETS/CodecFake/train/F01_SSB06680487.wav,1
/USERSPACE/DATASETS/CodecFake/train/F01_p229_378.wav,1
/USERSPACE/DATASETS/CodecFake/train/F01_p251_015.wav,1
/USERSPACE/DATASETS/CodecFake/train/F01_p246_068.wav,1
/USERSPACE/DATASETS/CodecFake/train/F01_SSB09190341.wav,1
/USERSPACE/DATASETS/CodecFake/train/F01_p254_339.wav,1
/USERSPACE/DATASETS/CodecFake/train/F01_SSB03850363.wav,1
/USERSPACE/DATASETS/CodecFake/train/F01_p258_410.wav,1
/USERSPACE/DATASETS/CodecFake/train/F01_p294_062.wav,1
/USERSPACE/DATASETS/CodecFake/train/F01_p318_204.wav,1
/USERSPACE/DATASETS/CodecFake/train/F01_p312_166.wav,1
/USERSPACE/DATASETS/CodecFake/train/F01_SSB16860384.wav,1
/USERSPACE/DATASETS/CodecFake/train/F01_SSB03090454.wav,1
/USERSPACE/DATASETS/CodecFake/train/F01_SSB03750392.wav,1
/USERSPACE/DATASETS/CodecFake/train/F01_SSB01930305.wav,1
/USERSPACE/DATASETS/CodecFake/train/F01_SSB07100479.wav,1
/USERSPACE/DATASETS/CodecFake/train/F01_p343_119.wav,1
/USERSPACE/DATASETS/CodecFake/train/F01_SSB00110265.wav,1
/USERSPACE/DATASETS/CodecFake/train/F01_p343_162.wav,1
/USERSPACE/DATASETS/CodecFake/train/F01_p254_122.wav,1
/USERSPACE/DATASETS/CodecFake/train/F01_p374_020.wav,1
/USERSPACE/DATASETS/CodecFake/train/F01_p323_009.wav,1
/USERSPACE/DATASETS/CodecFake/train/F01_SSB00430318.wav,1
/USERSPACE/DATASETS/CodecFake/train/F01_SSB08220208.wav,1
/USERSPACE/DATASETS/CodecFake/train/F01_SSB13400236.wav,1
/USERSPACE/DATASETS/CodecFake/train/F01_SSB14370005.wav,1
/USERSPACE/DATASETS/CodecFake/train/F01_SSB17450258.wav,1
/USERSPACE/DATASETS/CodecFake/train/F01_SSB06320407.wav,1
/USERSPACE/DATASETS/CodecFake/train/F01_SSB15930500.wav,1
/USERSPACE/DATASETS/CodecFake/train/F01_p283_185.wav,1
/USERSPACE/DATASETS/CodecFake/train/F01_SSB19180291.wav,1
/USERSPACE/DATASETS/CodecFake/train/F01_SSB00180153.wav,1
/USERSPACE/DATASETS/CodecFake/train/F01_SSB10200490.wav,1
/USERSPACE/DATASETS/CodecFake/train/F01_SSB07490403.wav,1
/USERSPACE/DATASETS/CodecFake/train/F01_SSB10720129.wav,1
/USERSPACE/DATASETS/CodecFake/train/F01_p317_344.wav,1
/USERSPACE/DATASETS/CodecFake/train/F01_SSB03750261.wav,1
/USERSPACE/DATASETS/CodecFake/train/F01_p230_058.wav,1
/USERSPACE/DATASETS/CodecFake/train/F01_SSB19390442.wav,1
/USERSPACE/DATASETS/CodecFake/train/F01_SSB02730331.wav,1
/USERSPACE/DATASETS/CodecFake/train/F01_p329_047.wav,1
/USERSPACE/DATASETS/CodecFake/train/F01_SSB05990084.wav,1
/USERSPACE/DATASETS/CodecFake/train/F01_SSB11100442.wav,1
/USERSPACE/DATASETS/CodecFake/train/F01_SSB10720158.wav,1
/USERSPACE/DATASETS/CodecFake/train/F01_p295_387.wav,1
/USERSPACE/DATASETS/CodecFake/train/F01_SSB10240289.wav,1
/USERSPACE/DATASETS/CodecFake/train/F01_SSB13410278.wav,1
/USERSPACE/DATASETS/CodecFake/train/F01_p306_005.wav,1
/USERSPACE/DATASETS/CodecFake/train/F01_p363_267.wav,1
/USERSPACE/DATASETS/CodecFake/train/F01_p278_055.wav,1
/USERSPACE/DATASETS/CodecFake/train/F01_SSB06070411.wav,1
/USERSPACE/DATASETS/CodecFake/train/F01_p259_310.wav,1
/USERSPACE/DATASETS/CodecFake/train/F01_SSB02610216.wav,1
/USERSPACE/DATASETS/CodecFake/train/F01_SSB05340124.wav,1
/USERSPACE/DATASETS/CodecFake/train/F01_SSB07100176.wav,1
/USERSPACE/DATASETS/CodecFake/train/F01_SSB07110132.wav,1
/USERSPACE/DATASETS/CodecFake/train/F01_SSB06230384.wav,1
/USERSPACE/DATASETS/CodecFake/train/F01_p261_212.wav,1
/USERSPACE/DATASETS/CodecFake/train/F01_SSB10560066.wav,1
/USERSPACE/DATASETS/CodecFake/train/F01_SSB16250021.wav,1
/USERSPACE/DATASETS/CodecFake/train/F01_SSB07840266.wav,1
/USERSPACE/DATASETS/CodecFake/train/F01_SSB13220128.wav,1
/USERSPACE/DATASETS/CodecFake/train/F01_SSB11760420.wav,1
/USERSPACE/DATASETS/CodecFake/train/F01_SSB03790017.wav,1
/USERSPACE/DATASETS/CodecFake/train/F01_p304_230.wav,1
/USERSPACE/DATASETS/CodecFake/train/F01_SSB07110415.wav,1
/USERSPACE/DATASETS/CodecFake/train/F01_SSB13930038.wav,1
/USERSPACE/DATASETS/CodecFake/train/F01_SSB16250011.wav,1
/USERSPACE/DATASETS/CodecFake/train/F01_SSB19020343.wav,1
/USERSPACE/DATASETS/CodecFake/train/F01_p270_056.wav,1
/USERSPACE/DATASETS/CodecFake/train/F01_p335_180.wav,1
/USERSPACE/DATASETS/CodecFake/train/F01_p243_213.wav,1
/USERSPACE/DATASETS/CodecFake/train/F01_p241_004.wav,1
/USERSPACE/DATASETS/CodecFake/train/F01_p249_285.wav,1
/USERSPACE/DATASETS/CodecFake/train/F01_SSB13650124.wav,1
/USERSPACE/DATASETS/CodecFake/train/F01_SSB12390010.wav,1
/USERSPACE/DATASETS/CodecFake/train/F01_SSB02880177.wav,1
/USERSPACE/DATASETS/CodecFake/train/F01_SSB07940001.wav,1
/USERSPACE/DATASETS/CodecFake/train/F01_SSB03790284.wav,1
/USERSPACE/DATASETS/CodecFake/train/F01_SSB10560411.wav,1
/USERSPACE/DATASETS/CodecFake/train/F01_SSB07370065.wav,1
/USERSPACE/DATASETS/CodecFake/train/F01_SSB06010093.wav,1
/USERSPACE/DATASETS/CodecFake/train/F01_p333_386.wav,1
/USERSPACE/DATASETS/CodecFake/train/F01_SSB13990366.wav,1
/USERSPACE/DATASETS/CodecFake/train/F01_p295_064.wav,1
/USERSPACE/DATASETS/CodecFake/train/F01_p236_192.wav,1
/USERSPACE/DATASETS/CodecFake/train/F01_SSB07940407.wav,1
/USERSPACE/DATASETS/CodecFake/train/F01_p299_186.wav,1
/USERSPACE/DATASETS/CodecFake/train/F01_SSB14080466.wav,1
/USERSPACE/DATASETS/CodecFake/train/F01_SSB08090274.wav,1
/USERSPACE/DATASETS/CodecFake/train/F01_p297_326.wav,1
/USERSPACE/DATASETS/CodecFake/train/F01_p254_047.wav,1
/USERSPACE/DATASETS/CodecFake/train/F01_p232_196.wav,1
/USERSPACE/DATASETS/CodecFake/train/F01_SSB07510234.wav,1
/USERSPACE/DATASETS/CodecFake/train/F01_SSB11970231.wav,1
/USERSPACE/DATASETS/CodecFake/train/F01_SSB06230276.wav,1
/USERSPACE/DATASETS/CodecFake/train/F01_p246_257.wav,1
/USERSPACE/DATASETS/CodecFake/train/F01_p329_406.wav,1
/USERSPACE/DATASETS/CodecFake/train/F01_SSB07480047.wav,1
/USERSPACE/DATASETS/CodecFake/train/F01_p259_452.wav,1
/USERSPACE/DATASETS/CodecFake/train/F01_p306_015.wav,1
/USERSPACE/DATASETS/CodecFake/train/F01_SSB02410339.wav,1
/USERSPACE/DATASETS/CodecFake/train/F01_p307_307.wav,1
/USERSPACE/DATASETS/CodecFake/train/F01_p314_346.wav,1
/USERSPACE/DATASETS/CodecFake/train/F01_SSB15630097.wav,1
/USERSPACE/DATASETS/CodecFake/train/F01_SSB17280153.wav,1
/USERSPACE/DATASETS/CodecFake/train/F01_SSB14020494.wav,1
/USERSPACE/DATASETS/CodecFake/train/F01_SSB00050041.wav,1
/USERSPACE/DATASETS/CodecFake/train/F01_SSB06860202.wav,1
/USERSPACE/DATASETS/CodecFake/train/F01_p225_111.wav,1
/USERSPACE/DATASETS/CodecFake/train/F01_SSB04820142.wav,1
/USERSPACE/DATASETS/CodecFake/train/F01_p261_258.wav,1
/USERSPACE/DATASETS/CodecFake/train/F01_SSB14080009.wav,1
/USERSPACE/DATASETS/CodecFake/train/F01_SSB18280160.wav,1
/USERSPACE/DATASETS/CodecFake/train/F01_SSB02460290.wav,1
/USERSPACE/DATASETS/CodecFake/train/F01_SSB05350412.wav,1
/USERSPACE/DATASETS/CodecFake/train/F01_SSB05440372.wav,1
/USERSPACE/DATASETS/CodecFake/train/F01_SSB03150234.wav,1
/USERSPACE/DATASETS/CodecFake/train/F01_SSB11310421.wav,1
/USERSPACE/DATASETS/CodecFake/train/F01_SSB15750112.wav,1
/USERSPACE/DATASETS/CodecFake/train/F01_SSB15750313.wav,1
/USERSPACE/DATASETS/CodecFake/train/F01_SSB06680175.wav,1
/USERSPACE/DATASETS/CodecFake/train/F01_p307_128.wav,1
/USERSPACE/DATASETS/CodecFake/train/F01_SSB08220384.wav,1
/USERSPACE/DATASETS/CodecFake/train/F01_p283_177.wav,1
/USERSPACE/DATASETS/CodecFake/train/F01_SSB02410450.wav,1
/USERSPACE/DATASETS/CodecFake/train/F01_SSB06660121.wav,1
/USERSPACE/DATASETS/CodecFake/train/F01_p294_147.wav,1
/USERSPACE/DATASETS/CodecFake/train/F01_SSB03940437.wav,1
/USERSPACE/DATASETS/CodecFake/train/F01_SSB07370266.wav,1
/USERSPACE/DATASETS/CodecFake/train/F01_SSB04150008.wav,1
/USERSPACE/DATASETS/CodecFake/train/F01_p233_231.wav,1
/USERSPACE/DATASETS/CodecFake/train/F01_p281_064.wav,1
/USERSPACE/DATASETS/CodecFake/train/F01_SSB09930198.wav,1
/USERSPACE/DATASETS/CodecFake/train/F01_SSB00050097.wav,1
/USERSPACE/DATASETS/CodecFake/train/F01_SSB03750069.wav,1
/USERSPACE/DATASETS/CodecFake/train/F01_SSB16860177.wav,1
/USERSPACE/DATASETS/CodecFake/train/F01_p329_030.wav,1
/USERSPACE/DATASETS/CodecFake/train/F01_SSB07360151.wav,1
/USERSPACE/DATASETS/CodecFake/train/F01_SSB02410197.wav,1
/USERSPACE/DATASETS/CodecFake/train/F01_SSB12150429.wav,1
/USERSPACE/DATASETS/CodecFake/train/F01_p254_371.wav,1
/USERSPACE/DATASETS/CodecFake/train/F01_p261_228.wav,1
/USERSPACE/DATASETS/CodecFake/train/F01_p255_205.wav,1
/USERSPACE/DATASETS/CodecFake/train/F01_SSB04260237.wav,1
/USERSPACE/DATASETS/CodecFake/train/F01_p264_250.wav,1
/USERSPACE/DATASETS/CodecFake/train/F01_SSB12190413.wav,1
/USERSPACE/DATASETS/CodecFake/train/F01_SSB08090333.wav,1
/USERSPACE/DATASETS/CodecFake/train/F01_SSB16500283.wav,1
/USERSPACE/DATASETS/CodecFake/train/F01_SSB02730074.wav,1
/USERSPACE/DATASETS/CodecFake/train/F01_SSB15850221.wav,1
/USERSPACE/DATASETS/CodecFake/train/F01_SSB13850066.wav,1
/USERSPACE/DATASETS/CodecFake/train/F01_SSB08510141.wav,1
/USERSPACE/DATASETS/CodecFake/train/F01_p243_274.wav,1
/USERSPACE/DATASETS/CodecFake/train/F01_SSB11000099.wav,1
/USERSPACE/DATASETS/CodecFake/train/F01_SSB10000385.wav,1
/USERSPACE/DATASETS/CodecFake/train/F01_SSB09930407.wav,1
/USERSPACE/DATASETS/CodecFake/train/F01_p330_213.wav,1
/USERSPACE/DATASETS/CodecFake/train/F01_SSB05900262.wav,1
/USERSPACE/DATASETS/CodecFake/train/F01_p272_406.wav,1
/USERSPACE/DATASETS/CodecFake/train/F01_p294_092.wav,1
/USERSPACE/DATASETS/CodecFake/train/F01_SSB04340174.wav,1
/USERSPACE/DATASETS/CodecFake/train/F01_p261_083.wav,1
/USERSPACE/DATASETS/CodecFake/train/F01_p238_446.wav,1
/USERSPACE/DATASETS/CodecFake/train/F01_SSB03070283.wav,1
/USERSPACE/DATASETS/CodecFake/train/F01_SSB04270271.wav,1
/USERSPACE/DATASETS/CodecFake/train/F01_p228_145.wav,1
/USERSPACE/DATASETS/CodecFake/train/F01_p254_138.wav,1
/USERSPACE/DATASETS/CodecFake/train/F01_SSB09130202.wav,1
/USERSPACE/DATASETS/CodecFake/train/F01_SSB13220108.wav,1
/USERSPACE/DATASETS/CodecFake/train/F01_p269_163.wav,1
/USERSPACE/DATASETS/CodecFake/train/F01_p340_242.wav,1
/USERSPACE/DATASETS/CodecFake/train/F01_SSB11260161.wav,1
/USERSPACE/DATASETS/CodecFake/train/F01_SSB08710278.wav,1
/USERSPACE/DATASETS/CodecFake/train/F01_SSB05350440.wav,1
/USERSPACE/DATASETS/CodecFake/train/F01_p330_367.wav,1
/USERSPACE/DATASETS/CodecFake/train/F01_SSB10560219.wav,1
/USERSPACE/DATASETS/CodecFake/train/F01_p360_176.wav,1
/USERSPACE/DATASETS/CodecFake/train/F01_SSB02670077.wav,1
/USERSPACE/DATASETS/CodecFake/train/F01_SSB06860261.wav,1
/USERSPACE/DATASETS/CodecFake/train/F01_SSB11360022.wav,1
/USERSPACE/DATASETS/CodecFake/train/F01_p236_013.wav,1
/USERSPACE/DATASETS/CodecFake/train/F01_SSB06060400.wav,1
/USERSPACE/DATASETS/CodecFake/train/F01_SSB19560363.wav,1
/USERSPACE/DATASETS/CodecFake/train/F01_p374_110.wav,1
/USERSPACE/DATASETS/CodecFake/train/F01_SSB15550217.wav,1
/USERSPACE/DATASETS/CodecFake/train/F01_SSB06860353.wav,1
/USERSPACE/DATASETS/CodecFake/train/F01_p362_178.wav,1
/USERSPACE/DATASETS/CodecFake/train/F01_SSB10000307.wav,1
/USERSPACE/DATASETS/CodecFake/train/F01_SSB03420421.wav,1
/USERSPACE/DATASETS/CodecFake/train/F01_SSB18780094.wav,1
/USERSPACE/DATASETS/CodecFake/train/F01_SSB06060221.wav,1
/USERSPACE/DATASETS/CodecFake/train/F01_SSB05440194.wav,1
/USERSPACE/DATASETS/CodecFake/train/F01_p362_362.wav,1
/USERSPACE/DATASETS/CodecFake/train/F01_SSB00050264.wav,1
/USERSPACE/DATASETS/CodecFake/train/F01_p318_172.wav,1
/USERSPACE/DATASETS/CodecFake/train/F01_SSB03940131.wav,1
/USERSPACE/DATASETS/CodecFake/train/F01_SSB00160066.wav,1
/USERSPACE/DATASETS/CodecFake/train/F01_SSB00800245.wav,1
/USERSPACE/DATASETS/CodecFake/train/F01_SSB10720091.wav,1
/USERSPACE/DATASETS/CodecFake/train/F01_SSB08710379.wav,1
/USERSPACE/DATASETS/CodecFake/train/F01_p316_366.wav,1
/USERSPACE/DATASETS/CodecFake/train/F01_SSB00570198.wav,1
/USERSPACE/DATASETS/CodecFake/train/F01_SSB12210479.wav,1
/USERSPACE/DATASETS/CodecFake/train/F01_SSB13410405.wav,1
/USERSPACE/DATASETS/CodecFake/train/F01_SSB07600400.wav,1
/USERSPACE/DATASETS/CodecFake/train/F01_SSB00730455.wav,1
/USERSPACE/DATASETS/CodecFake/train/F01_p329_009.wav,1
/USERSPACE/DATASETS/CodecFake/train/F01_SSB11380271.wav,1
/USERSPACE/DATASETS/CodecFake/train/F01_p236_136.wav,1
/USERSPACE/DATASETS/CodecFake/train/F01_SSB16990237.wav,1
/USERSPACE/DATASETS/CodecFake/train/F01_SSB00380364.wav,1
/USERSPACE/DATASETS/CodecFake/train/F01_SSB00380180.wav,1
/USERSPACE/DATASETS/CodecFake/train/F01_p243_286.wav,1
/USERSPACE/DATASETS/CodecFake/train/F01_SSB18310309.wav,1
/USERSPACE/DATASETS/CodecFake/train/F01_SSB03930339.wav,1
/USERSPACE/DATASETS/CodecFake/train/F01_p333_185.wav,1
/USERSPACE/DATASETS/CodecFake/train/F01_SSB03800408.wav,1
/USERSPACE/DATASETS/CodecFake/train/F01_SSB18630118.wav,1
/USERSPACE/DATASETS/CodecFake/train/F01_SSB18090403.wav,1
/USERSPACE/DATASETS/CodecFake/train/F01_SSB08630109.wav,1
/USERSPACE/DATASETS/CodecFake/train/F01_SSB19350053.wav,1
/USERSPACE/DATASETS/CodecFake/train/F01_p255_253.wav,1
/USERSPACE/DATASETS/CodecFake/train/F01_p284_001.wav,1
/USERSPACE/DATASETS/CodecFake/train/F01_SSB10560085.wav,1
/USERSPACE/DATASETS/CodecFake/train/F01_p303_301.wav,1
/USERSPACE/DATASETS/CodecFake/train/F01_SSB12160162.wav,1
/USERSPACE/DATASETS/CodecFake/train/F01_SSB03850083.wav,1
/USERSPACE/DATASETS/CodecFake/train/F01_SSB01490097.wav,1
/USERSPACE/DATASETS/CodecFake/train/F01_p231_239.wav,1
/USERSPACE/DATASETS/CodecFake/train/F01_SSB07840291.wav,1
/USERSPACE/DATASETS/CodecFake/train/F01_SSB03540325.wav,1
/USERSPACE/DATASETS/CodecFake/train/F01_SSB18780343.wav,1
/USERSPACE/DATASETS/CodecFake/train/F01_p229_354.wav,1
/USERSPACE/DATASETS/CodecFake/train/F01_SSB03950084.wav,1
/USERSPACE/DATASETS/CodecFake/train/F01_p312_065.wav,1
/USERSPACE/DATASETS/CodecFake/train/F01_p283_263.wav,1
/USERSPACE/DATASETS/CodecFake/train/F01_SSB06060412.wav,1
/USERSPACE/DATASETS/CodecFake/train/F01_SSB16700037.wav,1
/USERSPACE/DATASETS/CodecFake/train/F01_p285_019.wav,1
/USERSPACE/DATASETS/CodecFake/train/F01_SSB09190279.wav,1
/USERSPACE/DATASETS/CodecFake/train/F01_SSB07840368.wav,1
/USERSPACE/DATASETS/CodecFake/train/F01_SSB02460152.wav,1
/USERSPACE/DATASETS/CodecFake/train/F01_SSB11610304.wav,1
/USERSPACE/DATASETS/CodecFake/train/F01_SSB07510054.wav,1
/USERSPACE/DATASETS/CodecFake/train/F01_SSB18910069.wav,1
/USERSPACE/DATASETS/CodecFake/train/F01_p249_331.wav,1
/USERSPACE/DATASETS/CodecFake/train/F01_SSB18780281.wav,1
/USERSPACE/DATASETS/CodecFake/train/F01_SSB06030232.wav,1
/USERSPACE/DATASETS/CodecFake/train/F01_SSB04820226.wav,1
/USERSPACE/DATASETS/CodecFake/train/F01_SSB05020241.wav,1
/USERSPACE/DATASETS/CodecFake/train/F01_p340_196.wav,1
/USERSPACE/DATASETS/CodecFake/train/F01_SSB13990258.wav,1
/USERSPACE/DATASETS/CodecFake/train/F01_SSB07510166.wav,1
/USERSPACE/DATASETS/CodecFake/train/F01_p347_307.wav,1
/USERSPACE/DATASETS/CodecFake/train/F01_SSB14080330.wav,1
/USERSPACE/DATASETS/CodecFake/train/F01_SSB12150171.wav,1
/USERSPACE/DATASETS/CodecFake/train/F01_SSB09130145.wav,1
/USERSPACE/DATASETS/CodecFake/train/F01_SSB02880215.wav,1
/USERSPACE/DATASETS/CodecFake/train/F01_p259_475.wav,1
/USERSPACE/DATASETS/CodecFake/train/F01_SSB10910427.wav,1
/USERSPACE/DATASETS/CodecFake/train/F01_p276_240.wav,1
/USERSPACE/DATASETS/CodecFake/train/F01_SSB07580236.wav,1
/USERSPACE/DATASETS/CodecFake/train/F01_p284_236.wav,1
/USERSPACE/DATASETS/CodecFake/train/F01_SSB17450457.wav,1
/USERSPACE/DATASETS/CodecFake/train/F01_p286_232.wav,1
/USERSPACE/DATASETS/CodecFake/train/F01_p340_134.wav,1
/USERSPACE/DATASETS/CodecFake/train/F01_p232_058.wav,1
/USERSPACE/DATASETS/CodecFake/train/F01_SSB13850194.wav,1
/USERSPACE/DATASETS/CodecFake/train/F01_SSB11150320.wav,1
/USERSPACE/DATASETS/CodecFake/train/F01_SSB05880343.wav,1
/USERSPACE/DATASETS/CodecFake/train/F01_SSB19350115.wav,1
/USERSPACE/DATASETS/CodecFake/train/F01_SSB12030292.wav,1
/USERSPACE/DATASETS/CodecFake/train/F01_p313_415.wav,1
/USERSPACE/DATASETS/CodecFake/train/F01_SSB07940299.wav,1
/USERSPACE/DATASETS/CodecFake/train/F01_SSB15930324.wav,1
/USERSPACE/DATASETS/CodecFake/train/F01_p345_049.wav,1
/USERSPACE/DATASETS/CodecFake/train/F01_p298_001.wav,1
/USERSPACE/DATASETS/CodecFake/train/F01_p277_362.wav,1
/USERSPACE/DATASETS/CodecFake/train/F01_p228_113.wav,1
/USERSPACE/DATASETS/CodecFake/train/F01_SSB16250429.wav,1
/USERSPACE/DATASETS/CodecFake/train/F01_p284_021.wav,1
/USERSPACE/DATASETS/CodecFake/train/F01_p318_048.wav,1
/USERSPACE/DATASETS/CodecFake/train/F01_SSB11260277.wav,1
/USERSPACE/DATASETS/CodecFake/train/F01_SSB17810307.wav,1
/USERSPACE/DATASETS/CodecFake/train/F01_SSB08510300.wav,1
/USERSPACE/DATASETS/CodecFake/train/F01_SSB11150325.wav,1
/USERSPACE/DATASETS/CodecFake/train/F01_SSB06010223.wav,1
/USERSPACE/DATASETS/CodecFake/train/F01_SSB00090353.wav,1
/USERSPACE/DATASETS/CodecFake/train/F01_p293_081.wav,1
/USERSPACE/DATASETS/CodecFake/train/F01_p279_233.wav,1
/USERSPACE/DATASETS/CodecFake/train/F01_p241_347.wav,1
/USERSPACE/DATASETS/CodecFake/train/F01_p267_265.wav,1
/USERSPACE/DATASETS/CodecFake/train/F01_p364_187.wav,1
/USERSPACE/DATASETS/CodecFake/train/F01_p301_271.wav,1
/USERSPACE/DATASETS/CodecFake/train/F01_SSB03940118.wav,1
/USERSPACE/DATASETS/CodecFake/train/F01_SSB07100161.wav,1
/USERSPACE/DATASETS/CodecFake/train/F01_SSB06290154.wav,1
/USERSPACE/DATASETS/CodecFake/train/F01_SSB05780423.wav,1
/USERSPACE/DATASETS/CodecFake/train/F01_SSB00090488.wav,1
/USERSPACE/DATASETS/CodecFake/train/F01_SSB15850285.wav,1
/USERSPACE/DATASETS/CodecFake/train/F01_SSB18720302.wav,1
/USERSPACE/DATASETS/CodecFake/train/F01_p250_415.wav,1
/USERSPACE/DATASETS/CodecFake/train/F01_SSB12740441.wav,1
/USERSPACE/DATASETS/CodecFake/train/F01_p333_238.wav,1
/USERSPACE/DATASETS/CodecFake/train/F01_SSB00330283.wav,1
/USERSPACE/DATASETS/CodecFake/train/F01_SSB11970189.wav,1
/USERSPACE/DATASETS/CodecFake/train/F01_SSB07200475.wav,1
/USERSPACE/DATASETS/CodecFake/train/F01_p246_086.wav,1
/USERSPACE/DATASETS/CodecFake/train/F01_SSB03230184.wav,1
/USERSPACE/DATASETS/CodecFake/train/F01_SSB03940044.wav,1
/USERSPACE/DATASETS/CodecFake/train/F01_SSB03380182.wav,1
/USERSPACE/DATASETS/CodecFake/train/F01_SSB02990311.wav,1
/USERSPACE/DATASETS/CodecFake/train/F01_p277_307.wav,1
/USERSPACE/DATASETS/CodecFake/train/F01_SSB05700146.wav,1
/USERSPACE/DATASETS/CodecFake/train/F01_SSB07000077.wav,1
/USERSPACE/DATASETS/CodecFake/train/F01_SSB05650078.wav,1
/USERSPACE/DATASETS/CodecFake/train/F01_SSB18100317.wav,1
/USERSPACE/DATASETS/CodecFake/train/F01_SSB06090130.wav,1
/USERSPACE/DATASETS/CodecFake/train/F01_p274_423.wav,1
/USERSPACE/DATASETS/CodecFake/train/F01_SSB11350369.wav,1
/USERSPACE/DATASETS/CodecFake/train/F01_p364_195.wav,1
/USERSPACE/DATASETS/CodecFake/train/F01_p228_185.wav,1
/USERSPACE/DATASETS/CodecFake/train/F01_SSB16300493.wav,1
/USERSPACE/DATASETS/CodecFake/train/F01_SSB03750322.wav,1
/USERSPACE/DATASETS/CodecFake/train/F01_SSB07020175.wav,1
/USERSPACE/DATASETS/CodecFake/train/F01_SSB03850220.wav,1
/USERSPACE/DATASETS/CodecFake/train/F01_SSB08170316.wav,1
/USERSPACE/DATASETS/CodecFake/train/F01_p243_254.wav,1
/USERSPACE/DATASETS/CodecFake/train/F01_SSB07200083.wav,1
/USERSPACE/DATASETS/CodecFake/train/F01_SSB16860253.wav,1
/USERSPACE/DATASETS/CodecFake/train/F01_SSB06710419.wav,1
/USERSPACE/DATASETS/CodecFake/train/F01_p243_103.wav,1
/USERSPACE/DATASETS/CodecFake/train/F01_SSB07020493.wav,1
/USERSPACE/DATASETS/CodecFake/train/F01_p347_066.wav,1
/USERSPACE/DATASETS/CodecFake/train/F01_p257_269.wav,1
/USERSPACE/DATASETS/CodecFake/train/F01_p286_443.wav,1
/USERSPACE/DATASETS/CodecFake/train/F01_p251_270.wav,1
/USERSPACE/DATASETS/CodecFake/train/F01_SSB14020320.wav,1
/USERSPACE/DATASETS/CodecFake/train/F01_SSB13820495.wav,1
/USERSPACE/DATASETS/CodecFake/train/F01_p271_009.wav,1
/USERSPACE/DATASETS/CodecFake/train/F01_SSB09870119.wav,1
/USERSPACE/DATASETS/CodecFake/train/F01_SSB06140153.wav,1
/USERSPACE/DATASETS/CodecFake/train/F01_p236_335.wav,1
/USERSPACE/DATASETS/CodecFake/train/F01_p336_405.wav,1
/USERSPACE/DATASETS/CodecFake/train/F01_p301_250.wav,1
/USERSPACE/DATASETS/CodecFake/train/F01_p314_355.wav,1
/USERSPACE/DATASETS/CodecFake/train/F01_SSB03230217.wav,1
/USERSPACE/DATASETS/CodecFake/train/F01_SSB13280125.wav,1
/USERSPACE/DATASETS/CodecFake/train/F01_SSB05880461.wav,1
/USERSPACE/DATASETS/CodecFake/train/F01_SSB11350463.wav,1
/USERSPACE/DATASETS/CodecFake/train/F01_SSB03790418.wav,1
/USERSPACE/DATASETS/CodecFake/train/F01_SSB11260225.wav,1
/USERSPACE/DATASETS/CodecFake/train/F01_SSB14480410.wav,1
/USERSPACE/DATASETS/CodecFake/train/F01_SSB07100007.wav,1
/USERSPACE/DATASETS/CodecFake/train/F01_p271_042.wav,1
/USERSPACE/DATASETS/CodecFake/train/F01_SSB05390502.wav,1
/USERSPACE/DATASETS/CodecFake/train/F01_p240_268.wav,1
/USERSPACE/DATASETS/CodecFake/train/F01_SSB00180088.wav,1
/USERSPACE/DATASETS/CodecFake/train/F01_p257_124.wav,1
/USERSPACE/DATASETS/CodecFake/train/F01_p310_255.wav,1
/USERSPACE/DATASETS/CodecFake/train/F01_p287_032.wav,1
/USERSPACE/DATASETS/CodecFake/train/F01_p232_237.wav,1
/USERSPACE/DATASETS/CodecFake/train/F01_p276_390.wav,1
/USERSPACE/DATASETS/CodecFake/train/F01_SSB11360018.wav,1
/USERSPACE/DATASETS/CodecFake/train/F01_SSB07940046.wav,1
/USERSPACE/DATASETS/CodecFake/train/F01_p230_367.wav,1
/USERSPACE/DATASETS/CodecFake/train/F01_p250_489.wav,1
/USERSPACE/DATASETS/CodecFake/train/F01_p273_054.wav,1
/USERSPACE/DATASETS/CodecFake/train/F01_p294_401.wav,1
/USERSPACE/DATASETS/CodecFake/train/F01_SSB05700147.wav,1
/USERSPACE/DATASETS/CodecFake/train/F01_SSB19180242.wav,1
/USERSPACE/DATASETS/CodecFake/train/F01_p274_434.wav,1
/USERSPACE/DATASETS/CodecFake/train/F01_p240_342.wav,1
/USERSPACE/DATASETS/CodecFake/train/F01_SSB10560481.wav,1
/USERSPACE/DATASETS/CodecFake/train/F01_SSB00090401.wav,1
/USERSPACE/DATASETS/CodecFake/train/F01_SSB11250455.wav,1
/USERSPACE/DATASETS/CodecFake/train/F01_p333_064.wav,1
/USERSPACE/DATASETS/CodecFake/train/F01_SSB00330360.wav,1
/USERSPACE/DATASETS/CodecFake/train/F01_SSB10500455.wav,1
/USERSPACE/DATASETS/CodecFake/train/F01_SSB00570455.wav,1
/USERSPACE/DATASETS/CodecFake/train/F01_SSB03380488.wav,1
/USERSPACE/DATASETS/CodecFake/train/F01_SSB17110460.wav,1
/USERSPACE/DATASETS/CodecFake/train/F01_p225_332.wav,1
/USERSPACE/DATASETS/CodecFake/train/F01_SSB10560213.wav,1
/USERSPACE/DATASETS/CodecFake/train/F01_p259_291.wav,1
/USERSPACE/DATASETS/CodecFake/train/F01_SSB07370489.wav,1
/USERSPACE/DATASETS/CodecFake/train/F01_SSB14520237.wav,1
/USERSPACE/DATASETS/CodecFake/train/F01_p307_003.wav,1
/USERSPACE/DATASETS/CodecFake/train/F01_SSB10200260.wav,1
/USERSPACE/DATASETS/CodecFake/train/F01_p323_102.wav,1
/USERSPACE/DATASETS/CodecFake/train/F01_SSB14310381.wav,1
/USERSPACE/DATASETS/CodecFake/train/F01_SSB00430360.wav,1
/USERSPACE/DATASETS/CodecFake/train/F01_p252_102.wav,1
/USERSPACE/DATASETS/CodecFake/train/F01_SSB07200311.wav,1
/USERSPACE/DATASETS/CodecFake/train/F01_SSB16500284.wav,1
/USERSPACE/DATASETS/CodecFake/train/F01_SSB12530033.wav,1
/USERSPACE/DATASETS/CodecFake/train/F01_SSB11310174.wav,1
/USERSPACE/DATASETS/CodecFake/train/F01_p329_221.wav,1
/USERSPACE/DATASETS/CodecFake/train/F01_p285_356.wav,1
/USERSPACE/DATASETS/CodecFake/train/F01_p279_396.wav,1
/USERSPACE/DATASETS/CodecFake/train/F01_SSB07200229.wav,1
/USERSPACE/DATASETS/CodecFake/train/F01_SSB10010017.wav,1
/USERSPACE/DATASETS/CodecFake/train/F01_p363_086.wav,1
/USERSPACE/DATASETS/CodecFake/train/F01_SSB13660047.wav,1
/USERSPACE/DATASETS/CodecFake/train/F01_p254_316.wav,1
/USERSPACE/DATASETS/CodecFake/train/F01_SSB01220298.wav,1
/USERSPACE/DATASETS/CodecFake/train/F01_p362_142.wav,1
/USERSPACE/DATASETS/CodecFake/train/F01_p256_168.wav,1
/USERSPACE/DATASETS/CodecFake/train/F01_SSB19350165.wav,1
/USERSPACE/DATASETS/CodecFake/train/F01_p362_201.wav,1
/USERSPACE/DATASETS/CodecFake/train/F01_SSB03800187.wav,1
/USERSPACE/DATASETS/CodecFake/train/F01_p268_408.wav,1
/USERSPACE/DATASETS/CodecFake/train/F01_SSB06070491.wav,1
/USERSPACE/DATASETS/CodecFake/train/F01_SSB09930462.wav,1
/USERSPACE/DATASETS/CodecFake/train/F01_SSB04260386.wav,1
/USERSPACE/DATASETS/CodecFake/train/F01_p239_478.wav,1
/USERSPACE/DATASETS/CodecFake/train/F01_SSB03820039.wav,1
/USERSPACE/DATASETS/CodecFake/train/F01_p278_176.wav,1
/USERSPACE/DATASETS/CodecFake/train/F01_p237_310.wav,1
/USERSPACE/DATASETS/CodecFake/train/F01_SSB02990498.wav,1
/USERSPACE/DATASETS/CodecFake/train/F01_SSB00430051.wav,1
/USERSPACE/DATASETS/CodecFake/train/F01_SSB11380211.wav,1
/USERSPACE/DATASETS/CodecFake/train/F01_SSB04070317.wav,1
/USERSPACE/DATASETS/CodecFake/train/F01_SSB06030483.wav,1
/USERSPACE/DATASETS/CodecFake/train/F01_SSB03750054.wav,1
/USERSPACE/DATASETS/CodecFake/train/F01_p311_262.wav,1
/USERSPACE/DATASETS/CodecFake/train/F01_p298_129.wav,1
/USERSPACE/DATASETS/CodecFake/train/F01_SSB16070293.wav,1
/USERSPACE/DATASETS/CodecFake/train/F01_SSB10240178.wav,1
/USERSPACE/DATASETS/CodecFake/train/F01_p257_084.wav,1
/USERSPACE/DATASETS/CodecFake/train/F01_SSB00050268.wav,1
/USERSPACE/DATASETS/CodecFake/train/F01_SSB17110281.wav,1
/USERSPACE/DATASETS/CodecFake/train/F01_SSB02870213.wav,1
/USERSPACE/DATASETS/CodecFake/train/F01_SSB07600380.wav,1
/USERSPACE/DATASETS/CodecFake/train/F01_SSB19350390.wav,1
/USERSPACE/DATASETS/CodecFake/train/F01_SSB12740472.wav,1
/USERSPACE/DATASETS/CodecFake/train/F01_p265_046.wav,1
/USERSPACE/DATASETS/CodecFake/train/F01_SSB18310025.wav,1
/USERSPACE/DATASETS/CodecFake/train/F01_SSB12040252.wav,1
/USERSPACE/DATASETS/CodecFake/train/F01_p262_078.wav,1
/USERSPACE/DATASETS/CodecFake/train/F01_SSB13830146.wav,1
/USERSPACE/DATASETS/CodecFake/train/F01_SSB05880023.wav,1
/USERSPACE/DATASETS/CodecFake/train/F01_SSB18910133.wav,1
/USERSPACE/DATASETS/CodecFake/train/F01_p300_330.wav,1
/USERSPACE/DATASETS/CodecFake/train/F01_SSB13920287.wav,1
/USERSPACE/DATASETS/CodecFake/train/F01_SSB07100249.wav,1
/USERSPACE/DATASETS/CodecFake/train/F01_SSB11610436.wav,1
/USERSPACE/DATASETS/CodecFake/train/F01_SSB05880436.wav,1
/USERSPACE/DATASETS/CodecFake/train/F01_SSB11360169.wav,1
/USERSPACE/DATASETS/CodecFake/train/F01_SSB01450091.wav,1
/USERSPACE/DATASETS/CodecFake/train/F01_p243_028.wav,1
/USERSPACE/DATASETS/CodecFake/train/F01_p306_079.wav,1
/USERSPACE/DATASETS/CodecFake/train/F01_SSB00330377.wav,1
/USERSPACE/DATASETS/CodecFake/train/F01_SSB05880359.wav,1
/USERSPACE/DATASETS/CodecFake/train/F01_SSB19560078.wav,1
/USERSPACE/DATASETS/CodecFake/train/F01_p298_049.wav,1
/USERSPACE/DATASETS/CodecFake/train/F01_SSB10960042.wav,1
/USERSPACE/DATASETS/CodecFake/train/F01_p334_016.wav,1
/USERSPACE/DATASETS/CodecFake/train/F01_p237_053.wav,1
/USERSPACE/DATASETS/CodecFake/train/F01_p270_188.wav,1
/USERSPACE/DATASETS/CodecFake/train/F01_SSB10550434.wav,1
/USERSPACE/DATASETS/CodecFake/train/F01_p303_067.wav,1
/USERSPACE/DATASETS/CodecFake/train/F01_p301_127.wav,1
/USERSPACE/DATASETS/CodecFake/train/F01_p259_450.wav,1
/USERSPACE/DATASETS/CodecFake/train/F01_SSB08710320.wav,1
/USERSPACE/DATASETS/CodecFake/train/F01_SSB00180420.wav,1
/USERSPACE/DATASETS/CodecFake/train/F01_SSB09660181.wav,1
/USERSPACE/DATASETS/CodecFake/train/F01_SSB11610313.wav,1
/USERSPACE/DATASETS/CodecFake/train/F01_p267_320.wav,1
/USERSPACE/DATASETS/CodecFake/train/F01_SSB03940430.wav,1
/USERSPACE/DATASETS/CodecFake/train/F01_SSB06320298.wav,1
/USERSPACE/DATASETS/CodecFake/train/F01_SSB13770264.wav,1
/USERSPACE/DATASETS/CodecFake/train/F01_SSB04070085.wav,1
/USERSPACE/DATASETS/CodecFake/train/F01_SSB00160425.wav,1
/USERSPACE/DATASETS/CodecFake/train/F01_p273_134.wav,1
/USERSPACE/DATASETS/CodecFake/train/F01_SSB19180444.wav,1
/USERSPACE/DATASETS/CodecFake/train/F01_SSB11150050.wav,1
/USERSPACE/DATASETS/CodecFake/train/F01_p243_253.wav,1
/USERSPACE/DATASETS/CodecFake/train/F01_SSB00090439.wav,1
/USERSPACE/DATASETS/CodecFake/train/F01_p312_402.wav,1
/USERSPACE/DATASETS/CodecFake/train/F01_SSB05340201.wav,1
/USERSPACE/DATASETS/CodecFake/train/F01_SSB11310012.wav,1
/USERSPACE/DATASETS/CodecFake/train/F01_SSB03850298.wav,1
/USERSPACE/DATASETS/CodecFake/train/F01_SSB14020372.wav,1
/USERSPACE/DATASETS/CodecFake/train/F01_SSB06290422.wav,1
/USERSPACE/DATASETS/CodecFake/train/F01_SSB16700229.wav,1
/USERSPACE/DATASETS/CodecFake/train/F01_p264_478.wav,1
/USERSPACE/DATASETS/CodecFake/train/F01_p278_343.wav,1
/USERSPACE/DATASETS/CodecFake/train/F01_SSB07510473.wav,1
/USERSPACE/DATASETS/CodecFake/train/F01_SSB10720164.wav,1
/USERSPACE/DATASETS/CodecFake/train/F01_p279_143.wav,1
/USERSPACE/DATASETS/CodecFake/train/F01_SSB11250044.wav,1
/USERSPACE/DATASETS/CodecFake/train/F01_SSB05390059.wav,1
/USERSPACE/DATASETS/CodecFake/train/F01_SSB11310062.wav,1
/USERSPACE/DATASETS/CodecFake/train/F01_SSB12030390.wav,1
/USERSPACE/DATASETS/CodecFake/train/F01_p311_191.wav,1
/USERSPACE/DATASETS/CodecFake/train/F01_p247_371.wav,1
/USERSPACE/DATASETS/CodecFake/train/F01_SSB13200018.wav,1
/USERSPACE/DATASETS/CodecFake/train/F01_SSB00330475.wav,1
/USERSPACE/DATASETS/CodecFake/train/F01_SSB00110119.wav,1
/USERSPACE/DATASETS/CodecFake/train/F01_SSB06070489.wav,1
/USERSPACE/DATASETS/CodecFake/train/F01_p361_360.wav,1
/USERSPACE/DATASETS/CodecFake/train/F01_SSB04820386.wav,1
/USERSPACE/DATASETS/CodecFake/train/F01_p323_336.wav,1
/USERSPACE/DATASETS/CodecFake/train/F01_SSB16840451.wav,1
/USERSPACE/DATASETS/CodecFake/train/F01_SSB19180299.wav,1
/USERSPACE/DATASETS/CodecFake/train/F01_p374_162.wav,1
/USERSPACE/DATASETS/CodecFake/train/F01_SSB11870003.wav,1
/USERSPACE/DATASETS/CodecFake/train/F01_SSB10080017.wav,1
/USERSPACE/DATASETS/CodecFake/train/F01_p247_326.wav,1
/USERSPACE/DATASETS/CodecFake/train/F01_SSB04820017.wav,1
/USERSPACE/DATASETS/CodecFake/train/F01_SSB00090086.wav,1
/USERSPACE/DATASETS/CodecFake/train/F01_SSB18320404.wav,1
/USERSPACE/DATASETS/CodecFake/train/F01_SSB09970424.wav,1
/USERSPACE/DATASETS/CodecFake/train/F01_p305_183.wav,1
/USERSPACE/DATASETS/CodecFake/train/F01_SSB08710092.wav,1
/USERSPACE/DATASETS/CodecFake/train/F01_SSB05340199.wav,1
/USERSPACE/DATASETS/CodecFake/train/F01_SSB15550041.wav,1
/USERSPACE/DATASETS/CodecFake/train/F01_SSB13650083.wav,1
/USERSPACE/DATASETS/CodecFake/train/F01_p277_164.wav,1
/USERSPACE/DATASETS/CodecFake/train/F01_SSB09350317.wav,1
/USERSPACE/DATASETS/CodecFake/train/F01_p241_113.wav,1
/USERSPACE/DATASETS/CodecFake/train/F01_SSB18370132.wav,1
/USERSPACE/DATASETS/CodecFake/train/F01_SSB10020178.wav,1
/USERSPACE/DATASETS/CodecFake/train/F01_SSB05990275.wav,1
/USERSPACE/DATASETS/CodecFake/train/F01_p256_316.wav,1
/USERSPACE/DATASETS/CodecFake/train/F01_p254_195.wav,1
/USERSPACE/DATASETS/CodecFake/train/F01_SSB10240050.wav,1
/USERSPACE/DATASETS/CodecFake/train/F01_SSB09190018.wav,1
/USERSPACE/DATASETS/CodecFake/train/F01_SSB16250188.wav,1
/USERSPACE/DATASETS/CodecFake/train/F01_SSB09150422.wav,1
/USERSPACE/DATASETS/CodecFake/train/F01_SSB11870435.wav,1
/USERSPACE/DATASETS/CodecFake/train/F01_SSB10020390.wav,1
/USERSPACE/DATASETS/CodecFake/train/F01_p258_135.wav,1
/USERSPACE/DATASETS/CodecFake/train/F01_SSB11100337.wav,1
/USERSPACE/DATASETS/CodecFake/train/F01_SSB12150198.wav,1
/USERSPACE/DATASETS/CodecFake/train/F01_p236_409.wav,1
/USERSPACE/DATASETS/CodecFake/train/F01_SSB18370288.wav,1
/USERSPACE/DATASETS/CodecFake/train/F01_SSB12390079.wav,1
/USERSPACE/DATASETS/CodecFake/train/F01_SSB07160162.wav,1
/USERSPACE/DATASETS/CodecFake/train/F01_SSB10960070.wav,1
/USERSPACE/DATASETS/CodecFake/train/F01_SSB02610243.wav,1
/USERSPACE/DATASETS/CodecFake/train/F01_SSB07360192.wav,1
/USERSPACE/DATASETS/CodecFake/train/F01_p335_272.wav,1
/USERSPACE/DATASETS/CodecFake/train/F01_SSB10010103.wav,1
/USERSPACE/DATASETS/CodecFake/train/F01_SSB07110341.wav,1
/USERSPACE/DATASETS/CodecFake/train/F01_p361_305.wav,1
/USERSPACE/DATASETS/CodecFake/train/F01_SSB09930216.wav,1
/USERSPACE/DATASETS/CodecFake/train/F01_SSB19350208.wav,1
/USERSPACE/DATASETS/CodecFake/train/F01_p351_131.wav,1
/USERSPACE/DATASETS/CodecFake/train/F01_p269_398.wav,1
/USERSPACE/DATASETS/CodecFake/train/F01_SSB11350058.wav,1
/USERSPACE/DATASETS/CodecFake/train/F01_SSB02880108.wav,1
/USERSPACE/DATASETS/CodecFake/train/F01_SSB19180492.wav,1
/USERSPACE/DATASETS/CodecFake/train/F01_p261_373.wav,1
/USERSPACE/DATASETS/CodecFake/train/F01_SSB18320048.wav,1
/USERSPACE/DATASETS/CodecFake/train/F01_SSB13990085.wav,1
/USERSPACE/DATASETS/CodecFake/train/F01_SSB04270439.wav,1
/USERSPACE/DATASETS/CodecFake/train/F01_SSB07110243.wav,1
/USERSPACE/DATASETS/CodecFake/train/F01_SSB06680453.wav,1
/USERSPACE/DATASETS/CodecFake/train/F01_SSB06680292.wav,1
/USERSPACE/DATASETS/CodecFake/train/F01_p304_257.wav,1
/USERSPACE/DATASETS/CodecFake/train/F01_SSB00570272.wav,1
/USERSPACE/DATASETS/CodecFake/train/F01_SSB10550117.wav,1
/USERSPACE/DATASETS/CodecFake/train/F01_SSB12030067.wav,1
/USERSPACE/DATASETS/CodecFake/train/F01_p265_298.wav,1
/USERSPACE/DATASETS/CodecFake/train/F01_SSB11080054.wav,1
/USERSPACE/DATASETS/CodecFake/train/F01_SSB00090012.wav,1
/USERSPACE/DATASETS/CodecFake/train/F01_SSB10010090.wav,1
/USERSPACE/DATASETS/CodecFake/train/F01_p295_318.wav,1
/USERSPACE/DATASETS/CodecFake/train/F01_p295_341.wav,1
/USERSPACE/DATASETS/CodecFake/train/F01_p376_274.wav,1
/USERSPACE/DATASETS/CodecFake/train/F01_SSB00730467.wav,1
/USERSPACE/DATASETS/CodecFake/train/F01_SSB06310281.wav,1
/USERSPACE/DATASETS/CodecFake/train/F01_SSB06290376.wav,1
/USERSPACE/DATASETS/CodecFake/train/F01_SSB10200057.wav,1
/USERSPACE/DATASETS/CodecFake/train/F01_SSB13770128.wav,1
/USERSPACE/DATASETS/CodecFake/train/F01_SSB02460176.wav,1
/USERSPACE/DATASETS/CodecFake/train/F01_SSB11260391.wav,1
/USERSPACE/DATASETS/CodecFake/train/F01_SSB05700342.wav,1
/USERSPACE/DATASETS/CodecFake/train/F01_p282_176.wav,1
/USERSPACE/DATASETS/CodecFake/train/F01_p285_203.wav,1
/USERSPACE/DATASETS/CodecFake/train/F01_SSB05350418.wav,1
/USERSPACE/DATASETS/CodecFake/train/F01_p287_030.wav,1
/USERSPACE/DATASETS/CodecFake/train/F01_SSB07370417.wav,1
/USERSPACE/DATASETS/CodecFake/train/F01_p305_049.wav,1
/USERSPACE/DATASETS/CodecFake/train/F01_SSB18320113.wav,1
/USERSPACE/DATASETS/CodecFake/train/F01_p287_297.wav,1
/USERSPACE/DATASETS/CodecFake/train/F01_SSB00090513.wav,1
/USERSPACE/DATASETS/CodecFake/train/F01_SSB03070413.wav,1
/USERSPACE/DATASETS/CodecFake/train/F01_SSB00430141.wav,1
/USERSPACE/DATASETS/CodecFake/train/F01_SSB03660005.wav,1
/USERSPACE/DATASETS/CodecFake/train/F01_p270_109.wav,1
/USERSPACE/DATASETS/CodecFake/train/F01_SSB13220496.wav,1
/USERSPACE/DATASETS/CodecFake/train/F01_SSB18100122.wav,1
/USERSPACE/DATASETS/CodecFake/train/F01_SSB02410210.wav,1
/USERSPACE/DATASETS/CodecFake/train/F01_SSB11350011.wav,1
/USERSPACE/DATASETS/CodecFake/train/F01_SSB07490189.wav,1
/USERSPACE/DATASETS/CodecFake/train/F01_p323_131.wav,1
/USERSPACE/DATASETS/CodecFake/train/F01_SSB07940322.wav,1
/USERSPACE/DATASETS/CodecFake/train/F01_SSB15750084.wav,1
/USERSPACE/DATASETS/CodecFake/train/F01_SSB07580173.wav,1
/USERSPACE/DATASETS/CodecFake/train/F01_p240_247.wav,1
/USERSPACE/DATASETS/CodecFake/train/F01_p301_348.wav,1
/USERSPACE/DATASETS/CodecFake/train/F01_SSB04820194.wav,1
/USERSPACE/DATASETS/CodecFake/train/F01_SSB00180506.wav,1
/USERSPACE/DATASETS/CodecFake/train/F01_p307_381.wav,1
/USERSPACE/DATASETS/CodecFake/train/F01_SSB07860079.wav,1
/USERSPACE/DATASETS/CodecFake/train/F01_SSB17450421.wav,1
/USERSPACE/DATASETS/CodecFake/train/F01_SSB03750159.wav,1
/USERSPACE/DATASETS/CodecFake/train/F01_p246_354.wav,1
/USERSPACE/DATASETS/CodecFake/train/F01_p229_086.wav,1
/USERSPACE/DATASETS/CodecFake/train/F01_SSB06010469.wav,1
/USERSPACE/DATASETS/CodecFake/train/F01_SSB02880224.wav,1
/USERSPACE/DATASETS/CodecFake/train/F01_p276_358.wav,1
/USERSPACE/DATASETS/CodecFake/train/F01_p280_209.wav,1
/USERSPACE/DATASETS/CodecFake/train/F01_SSB06320334.wav,1
/USERSPACE/DATASETS/CodecFake/train/F01_SSB15670156.wav,1
/USERSPACE/DATASETS/CodecFake/train/F01_SSB15850092.wav,1
/USERSPACE/DATASETS/CodecFake/train/F01_SSB01390149.wav,1
/USERSPACE/DATASETS/CodecFake/train/F01_p285_384.wav,1
/USERSPACE/DATASETS/CodecFake/train/F01_SSB07100106.wav,1
/USERSPACE/DATASETS/CodecFake/train/F01_p241_150.wav,1
/USERSPACE/DATASETS/CodecFake/train/F01_SSB01120195.wav,1
/USERSPACE/DATASETS/CodecFake/train/F01_SSB00120071.wav,1
/USERSPACE/DATASETS/CodecFake/train/F01_SSB03090269.wav,1
/USERSPACE/DATASETS/CodecFake/train/F01_SSB05650221.wav,1
/USERSPACE/DATASETS/CodecFake/train/F01_p335_293.wav,1
/USERSPACE/DATASETS/CodecFake/train/F01_SSB06710291.wav,1
/USERSPACE/DATASETS/CodecFake/train/F01_SSB07800007.wav,1
/USERSPACE/DATASETS/CodecFake/train/F01_SSB00730014.wav,1
/USERSPACE/DATASETS/CodecFake/train/F01_SSB12390129.wav,1
/USERSPACE/DATASETS/CodecFake/train/F01_SSB03800066.wav,1
/USERSPACE/DATASETS/CodecFake/train/F01_p314_164.wav,1
/USERSPACE/DATASETS/CodecFake/train/F01_SSB06140104.wav,1
/USERSPACE/DATASETS/CodecFake/train/F01_SSB04070081.wav,1
/USERSPACE/DATASETS/CodecFake/train/F01_p239_067.wav,1
/USERSPACE/DATASETS/CodecFake/train/F01_SSB10080320.wav,1
/USERSPACE/DATASETS/CodecFake/train/F01_p233_266.wav,1
/USERSPACE/DATASETS/CodecFake/train/F01_p333_302.wav,1
/USERSPACE/DATASETS/CodecFake/train/F01_p276_225.wav,1
/USERSPACE/DATASETS/CodecFake/train/F01_p281_381.wav,1
/USERSPACE/DATASETS/CodecFake/train/F01_SSB16250161.wav,1
/USERSPACE/DATASETS/CodecFake/train/F01_SSB13020307.wav,1
/USERSPACE/DATASETS/CodecFake/train/F01_p304_193.wav,1
/USERSPACE/DATASETS/CodecFake/train/F01_p268_289.wav,1
/USERSPACE/DATASETS/CodecFake/train/F01_p263_245.wav,1
/USERSPACE/DATASETS/CodecFake/train/F01_p274_331.wav,1
/USERSPACE/DATASETS/CodecFake/train/F01_p279_139.wav,1
/USERSPACE/DATASETS/CodecFake/train/F01_p249_316.wav,1
/USERSPACE/DATASETS/CodecFake/train/F01_p299_291.wav,1
/USERSPACE/DATASETS/CodecFake/train/F01_SSB09660184.wav,1
/USERSPACE/DATASETS/CodecFake/train/F01_p239_216.wav,1
/USERSPACE/DATASETS/CodecFake/train/F01_p280_138.wav,1
/USERSPACE/DATASETS/CodecFake/train/F01_p241_322.wav,1
/USERSPACE/DATASETS/CodecFake/train/F01_SSB00090409.wav,1
/USERSPACE/DATASETS/CodecFake/train/F01_SSB09930271.wav,1
/USERSPACE/DATASETS/CodecFake/train/F01_p288_222.wav,1
/USERSPACE/DATASETS/CodecFake/train/F01_SSB14520216.wav,1
/USERSPACE/DATASETS/CodecFake/train/F01_p257_321.wav,1
/USERSPACE/DATASETS/CodecFake/train/F01_p246_139.wav,1
/USERSPACE/DATASETS/CodecFake/train/F01_p314_263.wav,1
/USERSPACE/DATASETS/CodecFake/train/F01_p225_223.wav,1
/USERSPACE/DATASETS/CodecFake/train/F01_p306_356.wav,1
/USERSPACE/DATASETS/CodecFake/train/F01_SSB05900374.wav,1
/USERSPACE/DATASETS/CodecFake/train/F01_SSB06140127.wav,1
/USERSPACE/DATASETS/CodecFake/train/F01_SSB06660444.wav,1
/USERSPACE/DATASETS/CodecFake/train/F01_SSB02410018.wav,1
/USERSPACE/DATASETS/CodecFake/train/F01_SSB06290267.wav,1
/USERSPACE/DATASETS/CodecFake/train/F01_SSB00050214.wav,1
/USERSPACE/DATASETS/CodecFake/train/F01_SSB06060252.wav,1
/USERSPACE/DATASETS/CodecFake/train/F01_SSB12150236.wav,1
/USERSPACE/DATASETS/CodecFake/train/F01_SSB00570046.wav,1
/USERSPACE/DATASETS/CodecFake/train/F01_SSB11310232.wav,1
/USERSPACE/DATASETS/CodecFake/train/F01_p343_383.wav,1
/USERSPACE/DATASETS/CodecFake/train/F01_p305_086.wav,1
/USERSPACE/DATASETS/CodecFake/train/F01_SSB03540132.wav,1
/USERSPACE/DATASETS/CodecFake/train/F01_SSB06660143.wav,1
/USERSPACE/DATASETS/CodecFake/train/F01_SSB16070304.wav,1
/USERSPACE/DATASETS/CodecFake/train/F01_SSB12390030.wav,1
/USERSPACE/DATASETS/CodecFake/train/F01_SSB11870481.wav,1
/USERSPACE/DATASETS/CodecFake/train/F01_SSB13280383.wav,1
/USERSPACE/DATASETS/CodecFake/train/F01_SSB10500334.wav,1
/USERSPACE/DATASETS/CodecFake/train/F01_p374_280.wav,1
/USERSPACE/DATASETS/CodecFake/train/F01_p275_086.wav,1
/USERSPACE/DATASETS/CodecFake/train/F01_p229_112.wav,1
/USERSPACE/DATASETS/CodecFake/train/F01_p274_465.wav,1
/USERSPACE/DATASETS/CodecFake/train/F01_SSB03090011.wav,1
/USERSPACE/DATASETS/CodecFake/train/F01_p333_292.wav,1
/USERSPACE/DATASETS/CodecFake/train/F01_p232_318.wav,1
/USERSPACE/DATASETS/CodecFake/train/F01_SSB05990303.wav,1
/USERSPACE/DATASETS/CodecFake/train/F01_SSB11080460.wav,1
/USERSPACE/DATASETS/CodecFake/train/F01_SSB07370499.wav,1
/USERSPACE/DATASETS/CodecFake/train/F01_p315_216.wav,1
/USERSPACE/DATASETS/CodecFake/train/F01_SSB06290015.wav,1
/USERSPACE/DATASETS/CodecFake/train/F01_SSB10550332.wav,1
/USERSPACE/DATASETS/CodecFake/train/F01_p266_175.wav,1
/USERSPACE/DATASETS/CodecFake/train/F01_SSB07230295.wav,1
/USERSPACE/DATASETS/CodecFake/train/F01_SSB06070075.wav,1
/USERSPACE/DATASETS/CodecFake/train/F01_SSB13850387.wav,1
/USERSPACE/DATASETS/CodecFake/train/F01_SSB15850142.wav,1
/USERSPACE/DATASETS/CodecFake/train/F01_SSB07480127.wav,1
/USERSPACE/DATASETS/CodecFake/train/F01_p316_012.wav,1
/USERSPACE/DATASETS/CodecFake/train/F01_SSB19180339.wav,1
/USERSPACE/DATASETS/CodecFake/train/F01_SSB04260308.wav,1
/USERSPACE/DATASETS/CodecFake/train/F01_p330_292.wav,1
/USERSPACE/DATASETS/CodecFake/train/F01_SSB18720313.wav,1
/USERSPACE/DATASETS/CodecFake/train/F01_p340_277.wav,1
/USERSPACE/DATASETS/CodecFake/train/F01_p269_356.wav,1
/USERSPACE/DATASETS/CodecFake/train/F01_SSB18780304.wav,1
/USERSPACE/DATASETS/CodecFake/train/F01_SSB09970135.wav,1
/USERSPACE/DATASETS/CodecFake/train/F01_SSB02990421.wav,1
/USERSPACE/DATASETS/CodecFake/train/F01_SSB03230174.wav,1
/USERSPACE/DATASETS/CodecFake/train/F01_SSB11000234.wav,1
/USERSPACE/DATASETS/CodecFake/train/F01_SSB03820301.wav,1
/USERSPACE/DATASETS/CodecFake/train/F01_SSB04820039.wav,1
/USERSPACE/DATASETS/CodecFake/train/F01_SSB03160164.wav,1
/USERSPACE/DATASETS/CodecFake/train/F01_SSB05700258.wav,1
/USERSPACE/DATASETS/CodecFake/train/F01_SSB06290346.wav,1
/USERSPACE/DATASETS/CodecFake/train/F01_SSB07170489.wav,1
/USERSPACE/DATASETS/CodecFake/train/F01_SSB19390239.wav,1
/USERSPACE/DATASETS/CodecFake/train/F01_SSB07160142.wav,1
/USERSPACE/DATASETS/CodecFake/train/F01_SSB01490054.wav,1
/USERSPACE/DATASETS/CodecFake/train/F01_SSB15930354.wav,1
/USERSPACE/DATASETS/CodecFake/train/F01_SSB12190130.wav,1
/USERSPACE/DATASETS/CodecFake/train/F01_p335_184.wav,1
/USERSPACE/DATASETS/CodecFake/train/F01_p302_104.wav,1
/USERSPACE/DATASETS/CodecFake/train/F01_SSB07000121.wav,1
/USERSPACE/DATASETS/CodecFake/train/F01_p334_044.wav,1
/USERSPACE/DATASETS/CodecFake/train/F01_SSB03070050.wav,1
/USERSPACE/DATASETS/CodecFake/train/F01_SSB05900431.wav,1
/USERSPACE/DATASETS/CodecFake/train/F01_SSB03070129.wav,1
/USERSPACE/DATASETS/CodecFake/train/F01_p274_470.wav,1
/USERSPACE/DATASETS/CodecFake/train/F01_p276_457.wav,1
/USERSPACE/DATASETS/CodecFake/train/F01_SSB00090230.wav,1
/USERSPACE/DATASETS/CodecFake/train/F01_p326_292.wav,1
/USERSPACE/DATASETS/CodecFake/train/F01_SSB01490045.wav,1
/USERSPACE/DATASETS/CodecFake/train/F01_SSB06090303.wav,1
/USERSPACE/DATASETS/CodecFake/train/F01_p314_352.wav,1
/USERSPACE/DATASETS/CodecFake/train/F01_SSB11250202.wav,1
/USERSPACE/DATASETS/CodecFake/train/F01_p336_144.wav,1
/USERSPACE/DATASETS/CodecFake/train/F01_SSB11000021.wav,1
/USERSPACE/DATASETS/CodecFake/train/F01_SSB18100086.wav,1
/USERSPACE/DATASETS/CodecFake/train/F01_p277_102.wav,1
/USERSPACE/DATASETS/CodecFake/train/F01_SSB04150193.wav,1
/USERSPACE/DATASETS/CodecFake/train/F01_SSB12190106.wav,1
/USERSPACE/DATASETS/CodecFake/train/F01_SSB04340021.wav,1
/USERSPACE/DATASETS/CodecFake/train/F01_SSB16860047.wav,1
/USERSPACE/DATASETS/CodecFake/train/F01_SSB19390132.wav,1
/USERSPACE/DATASETS/CodecFake/train/F01_SSB07160495.wav,1
/USERSPACE/DATASETS/CodecFake/train/F01_SSB00730316.wav,1
/USERSPACE/DATASETS/CodecFake/train/F01_SSB01490269.wav,1
/USERSPACE/DATASETS/CodecFake/train/F01_SSB05880026.wav,1
/USERSPACE/DATASETS/CodecFake/train/F01_p271_229.wav,1
/USERSPACE/DATASETS/CodecFake/train/F01_SSB04340278.wav,1
/USERSPACE/DATASETS/CodecFake/train/F01_SSB15670225.wav,1
/USERSPACE/DATASETS/CodecFake/train/F01_SSB02730107.wav,1
/USERSPACE/DATASETS/CodecFake/train/F01_SSB11760367.wav,1
/USERSPACE/DATASETS/CodecFake/train/F01_p323_032.wav,1
/USERSPACE/DATASETS/CodecFake/train/F01_p271_099.wav,1
/USERSPACE/DATASETS/CodecFake/train/F01_p335_040.wav,1
/USERSPACE/DATASETS/CodecFake/train/F01_SSB04070092.wav,1
/USERSPACE/DATASETS/CodecFake/train/F01_p227_248.wav,1
/USERSPACE/DATASETS/CodecFake/train/F01_SSB06070296.wav,1
/USERSPACE/DATASETS/CodecFake/train/F01_p374_122.wav,1
/USERSPACE/DATASETS/CodecFake/train/F01_p303_291.wav,1
/USERSPACE/DATASETS/CodecFake/train/F01_SSB13200058.wav,1
/USERSPACE/DATASETS/CodecFake/train/F01_SSB05700368.wav,1
/USERSPACE/DATASETS/CodecFake/train/F01_p298_034.wav,1
/USERSPACE/DATASETS/CodecFake/train/F01_SSB13930505.wav,1
/USERSPACE/DATASETS/CodecFake/train/F01_SSB00110294.wav,1
/USERSPACE/DATASETS/CodecFake/train/F01_p255_320.wav,1
/USERSPACE/DATASETS/CodecFake/train/F01_SSB02610503.wav,1
/USERSPACE/DATASETS/CodecFake/train/F01_SSB15630168.wav,1
/USERSPACE/DATASETS/CodecFake/train/F01_p261_215.wav,1
/USERSPACE/DATASETS/CodecFake/train/F01_p229_231.wav,1
/USERSPACE/DATASETS/CodecFake/train/F01_SSB07370136.wav,1
/USERSPACE/DATASETS/CodecFake/train/F01_SSB03160353.wav,1
/USERSPACE/DATASETS/CodecFake/train/F01_p285_108.wav,1
/USERSPACE/DATASETS/CodecFake/train/F01_SSB02730056.wav,1
/USERSPACE/DATASETS/CodecFake/train/F01_p253_304.wav,1
/USERSPACE/DATASETS/CodecFake/train/F01_p306_021.wav,1
/USERSPACE/DATASETS/CodecFake/train/F01_SSB10000074.wav,1
/USERSPACE/DATASETS/CodecFake/train/F01_SSB02670003.wav,1
/USERSPACE/DATASETS/CodecFake/train/F01_p299_137.wav,1
/USERSPACE/DATASETS/CodecFake/train/F01_SSB18780054.wav,1
/USERSPACE/DATASETS/CodecFake/train/F01_SSB06290232.wav,1
/USERSPACE/DATASETS/CodecFake/train/F01_p308_118.wav,1
/USERSPACE/DATASETS/CodecFake/train/F01_SSB07860218.wav,1
/USERSPACE/DATASETS/CodecFake/train/F01_SSB04070114.wav,1
/USERSPACE/DATASETS/CodecFake/train/F01_p275_239.wav,1
/USERSPACE/DATASETS/CodecFake/train/F01_p264_011.wav,1
/USERSPACE/DATASETS/CodecFake/train/F01_SSB06030216.wav,1
/USERSPACE/DATASETS/CodecFake/train/F01_SSB12530161.wav,1
/USERSPACE/DATASETS/CodecFake/train/F01_p237_088.wav,1
/USERSPACE/DATASETS/CodecFake/train/F01_p336_120.wav,1
/USERSPACE/DATASETS/CodecFake/train/F01_p282_177.wav,1
/USERSPACE/DATASETS/CodecFake/train/F01_SSB16250385.wav,1
/USERSPACE/DATASETS/CodecFake/train/F01_SSB19180345.wav,1
/USERSPACE/DATASETS/CodecFake/train/F01_SSB05940189.wav,1
/USERSPACE/DATASETS/CodecFake/train/F01_p282_340.wav,1
/USERSPACE/DATASETS/CodecFake/train/F01_SSB09930451.wav,1
/USERSPACE/DATASETS/CodecFake/train/F01_SSB08510345.wav,1
/USERSPACE/DATASETS/CodecFake/train/F01_p231_378.wav,1
/USERSPACE/DATASETS/CodecFake/train/F01_p314_028.wav,1
/USERSPACE/DATASETS/CodecFake/train/F01_SSB05900047.wav,1
/USERSPACE/DATASETS/CodecFake/train/F01_SSB18720151.wav,1
/USERSPACE/DATASETS/CodecFake/train/F01_p364_008.wav,1
/USERSPACE/DATASETS/CodecFake/train/F01_SSB13930185.wav,1
/USERSPACE/DATASETS/CodecFake/train/F01_SSB16240052.wav,1
/USERSPACE/DATASETS/CodecFake/train/F01_SSB05900359.wav,1
/USERSPACE/DATASETS/CodecFake/train/F01_SSB03850415.wav,1
/USERSPACE/DATASETS/CodecFake/train/F01_p233_027.wav,1
/USERSPACE/DATASETS/CodecFake/train/F01_SSB07230360.wav,1
/USERSPACE/DATASETS/CodecFake/train/F01_p265_317.wav,1
/USERSPACE/DATASETS/CodecFake/train/F01_SSB05350382.wav,1
/USERSPACE/DATASETS/CodecFake/train/F01_SSB03790018.wav,1
/USERSPACE/DATASETS/CodecFake/train/F01_p341_146.wav,1
/USERSPACE/DATASETS/CodecFake/train/F01_SSB03230233.wav,1
/USERSPACE/DATASETS/CodecFake/train/F01_p311_323.wav,1
/USERSPACE/DATASETS/CodecFake/train/F01_p274_239.wav,1
/USERSPACE/DATASETS/CodecFake/train/F01_SSB03950234.wav,1
/USERSPACE/DATASETS/CodecFake/train/F01_p339_169.wav,1
/USERSPACE/DATASETS/CodecFake/train/F01_p361_130.wav,1
/USERSPACE/DATASETS/CodecFake/train/F01_SSB16700316.wav,1
/USERSPACE/DATASETS/CodecFake/train/F01_SSB07160202.wav,1
/USERSPACE/DATASETS/CodecFake/train/F01_p271_208.wav,1
/USERSPACE/DATASETS/CodecFake/train/F01_SSB10720509.wav,1
/USERSPACE/DATASETS/CodecFake/train/F01_p336_062.wav,1
/USERSPACE/DATASETS/CodecFake/train/F01_SSB15750049.wav,1
/USERSPACE/DATASETS/CodecFake/train/F01_SSB01450290.wav,1
/USERSPACE/DATASETS/CodecFake/train/F01_SSB07780058.wav,1
/USERSPACE/DATASETS/CodecFake/train/F01_SSB07940061.wav,1
/USERSPACE/DATASETS/CodecFake/train/F01_p362_394.wav,1
/USERSPACE/DATASETS/CodecFake/train/F01_SSB04700061.wav,1
/USERSPACE/DATASETS/CodecFake/train/F01_p270_456.wav,1
/USERSPACE/DATASETS/CodecFake/train/F01_p286_021.wav,1
/USERSPACE/DATASETS/CodecFake/train/F01_SSB07480260.wav,1
/USERSPACE/DATASETS/CodecFake/train/F01_SSB06230245.wav,1
/USERSPACE/DATASETS/CodecFake/train/F01_SSB07020055.wav,1
/USERSPACE/DATASETS/CodecFake/train/F01_SSB00570152.wav,1
/USERSPACE/DATASETS/CodecFake/train/F01_SSB13020045.wav,1
/USERSPACE/DATASETS/CodecFake/train/F01_SSB08170364.wav,1
/USERSPACE/DATASETS/CodecFake/train/F01_SSB16990303.wav,1
/USERSPACE/DATASETS/CodecFake/train/F01_SSB03790151.wav,1
/USERSPACE/DATASETS/CodecFake/train/F01_SSB18060376.wav,1
/USERSPACE/DATASETS/CodecFake/train/F01_SSB08090230.wav,1
/USERSPACE/DATASETS/CodecFake/train/F01_p287_026.wav,1
/USERSPACE/DATASETS/CodecFake/train/F01_p273_049.wav,1
/USERSPACE/DATASETS/CodecFake/train/F01_p233_248.wav,1
/USERSPACE/DATASETS/CodecFake/train/F01_SSB04070117.wav,1
/USERSPACE/DATASETS/CodecFake/train/F01_SSB10910219.wav,1
/USERSPACE/DATASETS/CodecFake/train/F01_SSB03660112.wav,1
/USERSPACE/DATASETS/CodecFake/train/F01_p268_388.wav,1
/USERSPACE/DATASETS/CodecFake/train/F01_SSB01450368.wav,1
/USERSPACE/DATASETS/CodecFake/train/F01_p238_362.wav,1
/USERSPACE/DATASETS/CodecFake/train/F01_SSB07100093.wav,1
/USERSPACE/DATASETS/CodecFake/train/F01_p314_226.wav,1
/USERSPACE/DATASETS/CodecFake/train/F01_p310_359.wav,1
/USERSPACE/DATASETS/CodecFake/train/F01_SSB15930384.wav,1
/USERSPACE/DATASETS/CodecFake/train/F01_SSB03800014.wav,1
/USERSPACE/DATASETS/CodecFake/train/F01_SSB08870406.wav,1
/USERSPACE/DATASETS/CodecFake/train/F01_p286_388.wav,1
/USERSPACE/DATASETS/CodecFake/train/F01_SSB04340288.wav,1
/USERSPACE/DATASETS/CodecFake/train/F01_p304_069.wav,1
/USERSPACE/DATASETS/CodecFake/train/F01_SSB09190096.wav,1
/USERSPACE/DATASETS/CodecFake/train/F01_SSB07020497.wav,1
/USERSPACE/DATASETS/CodecFake/train/F01_p374_175.wav,1
/USERSPACE/DATASETS/CodecFake/train/F01_SSB11080350.wav,1
/USERSPACE/DATASETS/CodecFake/train/F01_SSB08090304.wav,1
/USERSPACE/DATASETS/CodecFake/train/F01_SSB13020127.wav,1
/USERSPACE/DATASETS/CodecFake/train/F01_p246_236.wav,1
/USERSPACE/DATASETS/CodecFake/train/F01_SSB16500456.wav,1
/USERSPACE/DATASETS/CodecFake/train/F01_p340_137.wav,1
/USERSPACE/DATASETS/CodecFake/train/F01_p277_451.wav,1
/USERSPACE/DATASETS/CodecFake/train/F01_SSB13400248.wav,1
/USERSPACE/DATASETS/CodecFake/train/F01_p323_410.wav,1
/USERSPACE/DATASETS/CodecFake/train/F01_SSB12030012.wav,1
/USERSPACE/DATASETS/CodecFake/train/F01_p316_160.wav,1
/USERSPACE/DATASETS/CodecFake/train/F01_SSB12740129.wav,1
/USERSPACE/DATASETS/CodecFake/train/F01_p283_408.wav,1
/USERSPACE/DATASETS/CodecFake/train/F01_SSB09150085.wav,1
/USERSPACE/DATASETS/CodecFake/train/F01_SSB19350207.wav,1
/USERSPACE/DATASETS/CodecFake/train/F01_SSB11350144.wav,1
/USERSPACE/DATASETS/CodecFake/train/F01_SSB06710096.wav,1
/USERSPACE/DATASETS/CodecFake/train/F01_SSB03410432.wav,1
/USERSPACE/DATASETS/CodecFake/train/F01_p339_416.wav,1
/USERSPACE/DATASETS/CodecFake/train/F01_p308_214.wav,1
/USERSPACE/DATASETS/CodecFake/train/F01_SSB05990141.wav,1
/USERSPACE/DATASETS/CodecFake/train/F01_SSB19390032.wav,1
/USERSPACE/DATASETS/CodecFake/train/F01_p330_177.wav,1
/USERSPACE/DATASETS/CodecFake/train/F01_SSB04700444.wav,1
/USERSPACE/DATASETS/CodecFake/train/F01_SSB08870055.wav,1
/USERSPACE/DATASETS/CodecFake/train/F01_SSB07200326.wav,1
/USERSPACE/DATASETS/CodecFake/train/F01_p297_151.wav,1
/USERSPACE/DATASETS/CodecFake/train/F01_SSB01450384.wav,1
/USERSPACE/DATASETS/CodecFake/train/F01_SSB16250148.wav,1
/USERSPACE/DATASETS/CodecFake/train/F01_p248_262.wav,1
/USERSPACE/DATASETS/CodecFake/train/F01_p362_294.wav,1
/USERSPACE/DATASETS/CodecFake/train/F01_SSB03070399.wav,1
/USERSPACE/DATASETS/CodecFake/train/F01_SSB10720046.wav,1
/USERSPACE/DATASETS/CodecFake/train/F01_p260_349.wav,1
/USERSPACE/DATASETS/CodecFake/train/F01_SSB04260274.wav,1
/USERSPACE/DATASETS/CodecFake/train/F01_SSB13200393.wav,1
/USERSPACE/DATASETS/CodecFake/train/F01_p234_167.wav,1
/USERSPACE/DATASETS/CodecFake/train/F01_SSB11360202.wav,1
/USERSPACE/DATASETS/CodecFake/train/F01_SSB07800052.wav,1
/USERSPACE/DATASETS/CodecFake/train/F01_SSB06030114.wav,1
/USERSPACE/DATASETS/CodecFake/train/F01_p310_354.wav,1
/USERSPACE/DATASETS/CodecFake/train/F01_SSB00730167.wav,1
/USERSPACE/DATASETS/CodecFake/train/F01_SSB05340101.wav,1
/USERSPACE/DATASETS/CodecFake/train/F01_p267_010.wav,1
/USERSPACE/DATASETS/CodecFake/train/F01_SSB16250450.wav,1
/USERSPACE/DATASETS/CodecFake/train/F01_SSB00330141.wav,1
/USERSPACE/DATASETS/CodecFake/train/F01_p236_346.wav,1
/USERSPACE/DATASETS/CodecFake/train/F01_p264_276.wav,1
/USERSPACE/DATASETS/CodecFake/train/F01_SSB02990362.wav,1
/USERSPACE/DATASETS/CodecFake/train/F01_SSB10200125.wav,1
/USERSPACE/DATASETS/CodecFake/train/F01_p269_403.wav,1
/USERSPACE/DATASETS/CodecFake/train/F01_p266_422.wav,1
/USERSPACE/DATASETS/CodecFake/train/F01_SSB01330356.wav,1
/USERSPACE/DATASETS/CodecFake/train/F01_SSB07020149.wav,1
/USERSPACE/DATASETS/CodecFake/train/F01_SSB18780023.wav,1
/USERSPACE/DATASETS/CodecFake/train/F01_SSB10200467.wav,1
/USERSPACE/DATASETS/CodecFake/train/F01_SSB03070375.wav,1
/USERSPACE/DATASETS/CodecFake/train/F01_SSB19180438.wav,1
/USERSPACE/DATASETS/CodecFake/train/F01_SSB08630415.wav,1
/USERSPACE/DATASETS/CodecFake/train/F01_SSB16840200.wav,1
/USERSPACE/DATASETS/CodecFake/train/F01_SSB19350045.wav,1
/USERSPACE/DATASETS/CodecFake/train/F01_SSB04340428.wav,1
/USERSPACE/DATASETS/CodecFake/train/F01_SSB09130350.wav,1
/USERSPACE/DATASETS/CodecFake/train/F01_SSB12160001.wav,1
/USERSPACE/DATASETS/CodecFake/train/F01_p336_313.wav,1
/USERSPACE/DATASETS/CodecFake/train/F01_SSB00180001.wav,1
/USERSPACE/DATASETS/CodecFake/train/F01_SSB11350013.wav,1
/USERSPACE/DATASETS/CodecFake/train/F01_SSB05880372.wav,1
/USERSPACE/DATASETS/CodecFake/train/F01_p238_074.wav,1
/USERSPACE/DATASETS/CodecFake/train/F01_p364_144.wav,1
/USERSPACE/DATASETS/CodecFake/train/F01_p239_148.wav,1
/USERSPACE/DATASETS/CodecFake/train/F01_SSB10910161.wav,1
/USERSPACE/DATASETS/CodecFake/train/F01_p343_298.wav,1
/USERSPACE/DATASETS/CodecFake/train/F01_p362_126.wav,1
/USERSPACE/DATASETS/CodecFake/train/F01_SSB12180479.wav,1
/USERSPACE/DATASETS/CodecFake/train/F01_p234_176.wav,1
/USERSPACE/DATASETS/CodecFake/train/F01_SSB06930397.wav,1
/USERSPACE/DATASETS/CodecFake/train/F01_SSB18100228.wav,1
/USERSPACE/DATASETS/CodecFake/train/F01_SSB15670181.wav,1
/USERSPACE/DATASETS/CodecFake/train/F01_SSB05390448.wav,1
/USERSPACE/DATASETS/CodecFake/train/F01_SSB03380199.wav,1
/USERSPACE/DATASETS/CodecFake/train/F01_p229_216.wav,1
/USERSPACE/DATASETS/CodecFake/train/F01_p283_380.wav,1
/USERSPACE/DATASETS/CodecFake/train/F01_SSB11000167.wav,1
/USERSPACE/DATASETS/CodecFake/train/F01_SSB03940323.wav,1
/USERSPACE/DATASETS/CodecFake/train/F01_p241_051.wav,1
/USERSPACE/DATASETS/CodecFake/train/F01_SSB05350037.wav,1
/USERSPACE/DATASETS/CodecFake/train/F01_p299_241.wav,1
/USERSPACE/DATASETS/CodecFake/train/F01_p334_005.wav,1
/USERSPACE/DATASETS/CodecFake/train/F01_p259_349.wav,1
/USERSPACE/DATASETS/CodecFake/train/F01_p312_073.wav,1
/USERSPACE/DATASETS/CodecFake/train/F01_SSB06070499.wav,1
/USERSPACE/DATASETS/CodecFake/train/F01_SSB00430231.wav,1
/USERSPACE/DATASETS/CodecFake/train/F01_SSB13660056.wav,1
/USERSPACE/DATASETS/CodecFake/train/F01_SSB07230204.wav,1
/USERSPACE/DATASETS/CodecFake/train/F01_SSB16840069.wav,1
/USERSPACE/DATASETS/CodecFake/train/F01_SSB10910330.wav,1
/USERSPACE/DATASETS/CodecFake/train/F01_SSB16070111.wav,1
/USERSPACE/DATASETS/CodecFake/train/F01_p277_403.wav,1
/USERSPACE/DATASETS/CodecFake/train/F01_SSB02610504.wav,1
/USERSPACE/DATASETS/CodecFake/train/F01_p330_042.wav,1
/USERSPACE/DATASETS/CodecFake/train/F01_p254_282.wav,1
/USERSPACE/DATASETS/CodecFake/train/F01_p318_373.wav,1
/USERSPACE/DATASETS/CodecFake/train/F01_p329_399.wav,1
/USERSPACE/DATASETS/CodecFake/train/F01_SSB18460157.wav,1
/USERSPACE/DATASETS/CodecFake/train/F01_p318_315.wav,1
/USERSPACE/DATASETS/CodecFake/train/F01_SSB06320156.wav,1
/USERSPACE/DATASETS/CodecFake/train/F01_SSB17820003.wav,1
/USERSPACE/DATASETS/CodecFake/train/F01_p347_250.wav,1
/USERSPACE/DATASETS/CodecFake/train/F01_SSB03150468.wav,1
/USERSPACE/DATASETS/CodecFake/train/F01_SSB10240380.wav,1
/USERSPACE/DATASETS/CodecFake/train/F01_p305_187.wav,1
/USERSPACE/DATASETS/CodecFake/train/F01_SSB12390431.wav,1
/USERSPACE/DATASETS/CodecFake/train/F01_SSB10910268.wav,1
/USERSPACE/DATASETS/CodecFake/train/F01_SSB03230080.wav,1
/USERSPACE/DATASETS/CodecFake/train/F01_p250_316.wav,1
/USERSPACE/DATASETS/CodecFake/train/F01_p292_238.wav,1
/USERSPACE/DATASETS/CodecFake/train/F01_SSB08090404.wav,1
/USERSPACE/DATASETS/CodecFake/train/F01_SSB01120157.wav,1
/USERSPACE/DATASETS/CodecFake/train/F01_SSB03380034.wav,1
/USERSPACE/DATASETS/CodecFake/train/F01_SSB10640172.wav,1
/USERSPACE/DATASETS/CodecFake/train/F01_p228_260.wav,1
/USERSPACE/DATASETS/CodecFake/train/F01_p339_408.wav,1
/USERSPACE/DATASETS/CodecFake/train/F01_p294_389.wav,1
/USERSPACE/DATASETS/CodecFake/train/F01_SSB10960484.wav,1
/USERSPACE/DATASETS/CodecFake/train/F01_SSB00380058.wav,1
/USERSPACE/DATASETS/CodecFake/train/F01_SSB16250211.wav,1
/USERSPACE/DATASETS/CodecFake/train/F01_SSB06680277.wav,1
/USERSPACE/DATASETS/CodecFake/train/F01_SSB06060207.wav,1
/USERSPACE/DATASETS/CodecFake/train/F01_SSB06010230.wav,1
/USERSPACE/DATASETS/CodecFake/train/F01_SSB07580342.wav,1
/USERSPACE/DATASETS/CodecFake/train/F01_p267_188.wav,1
/USERSPACE/DATASETS/CodecFake/train/F01_SSB01450350.wav,1
/USERSPACE/DATASETS/CodecFake/train/F01_SSB10500300.wav,1
/USERSPACE/DATASETS/CodecFake/train/F01_SSB03750464.wav,1
/USERSPACE/DATASETS/CodecFake/train/F01_p249_340.wav,1
/USERSPACE/DATASETS/CodecFake/train/F01_p260_164.wav,1
/USERSPACE/DATASETS/CodecFake/train/F01_SSB15550277.wav,1
/USERSPACE/DATASETS/CodecFake/train/F01_SSB09660408.wav,1
/USERSPACE/DATASETS/CodecFake/train/F01_SSB15930290.wav,1
/USERSPACE/DATASETS/CodecFake/train/F01_SSB07110503.wav,1
/USERSPACE/DATASETS/CodecFake/train/F01_p256_312.wav,1
/USERSPACE/DATASETS/CodecFake/train/F01_SSB17110110.wav,1
/USERSPACE/DATASETS/CodecFake/train/F01_SSB06030337.wav,1
/USERSPACE/DATASETS/CodecFake/train/F01_SSB19560060.wav,1
/USERSPACE/DATASETS/CodecFake/train/F01_SSB12150282.wav,1
/USERSPACE/DATASETS/CodecFake/train/F01_SSB03380018.wav,1
/USERSPACE/DATASETS/CodecFake/train/F01_SSB06010022.wav,1
/USERSPACE/DATASETS/CodecFake/train/F01_p312_313.wav,1
/USERSPACE/DATASETS/CodecFake/train/F01_SSB03420154.wav,1
/USERSPACE/DATASETS/CodecFake/train/F01_SSB10200131.wav,1
/USERSPACE/DATASETS/CodecFake/train/F01_SSB03380417.wav,1
/USERSPACE/DATASETS/CodecFake/train/F01_SSB00110327.wav,1
/USERSPACE/DATASETS/CodecFake/train/F01_p265_169.wav,1
/USERSPACE/DATASETS/CodecFake/train/F01_SSB18780234.wav,1
/USERSPACE/DATASETS/CodecFake/train/F01_SSB13850246.wav,1
/USERSPACE/DATASETS/CodecFake/train/F01_SSB05880501.wav,1
/USERSPACE/DATASETS/CodecFake/train/F01_p323_001.wav,1
/USERSPACE/DATASETS/CodecFake/train/F01_SSB07360389.wav,1
/USERSPACE/DATASETS/CodecFake/train/F01_SSB12180214.wav,1
/USERSPACE/DATASETS/CodecFake/train/F01_SSB13850385.wav,1
/USERSPACE/DATASETS/CodecFake/train/F01_SSB10550237.wav,1
/USERSPACE/DATASETS/CodecFake/train/F01_SSB07840469.wav,1
/USERSPACE/DATASETS/CodecFake/train/F01_SSB04350342.wav,1
/USERSPACE/DATASETS/CodecFake/train/F01_SSB07600111.wav,1
/USERSPACE/DATASETS/CodecFake/train/F01_SSB17110205.wav,1
/USERSPACE/DATASETS/CodecFake/train/F01_SSB01120049.wav,1
/USERSPACE/DATASETS/CodecFake/train/F01_p236_367.wav,1
/USERSPACE/DATASETS/CodecFake/train/F01_SSB10500473.wav,1
/USERSPACE/DATASETS/CodecFake/train/F01_p285_334.wav,1
/USERSPACE/DATASETS/CodecFake/train/F01_SSB00800178.wav,1
/USERSPACE/DATASETS/CodecFake/train/F01_SSB01330386.wav,1
/USERSPACE/DATASETS/CodecFake/train/F01_SSB17110259.wav,1
/USERSPACE/DATASETS/CodecFake/train/F01_SSB15550018.wav,1
/USERSPACE/DATASETS/CodecFake/train/F01_SSB12180180.wav,1
/USERSPACE/DATASETS/CodecFake/train/F01_SSB12160206.wav,1
/USERSPACE/DATASETS/CodecFake/train/F01_SSB03850167.wav,1
/USERSPACE/DATASETS/CodecFake/train/F01_SSB06860371.wav,1
/USERSPACE/DATASETS/CodecFake/train/F01_p287_131.wav,1
/USERSPACE/DATASETS/CodecFake/train/F01_SSB01930368.wav,1
/USERSPACE/DATASETS/CodecFake/train/F01_SSB07100428.wav,1
/USERSPACE/DATASETS/CodecFake/train/F01_SSB12150324.wav,1
/USERSPACE/DATASETS/CodecFake/train/F01_p294_157.wav,1
/USERSPACE/DATASETS/CodecFake/train/F01_p308_251.wav,1
/USERSPACE/DATASETS/CodecFake/train/F01_SSB03660410.wav,1
/USERSPACE/DATASETS/CodecFake/train/F01_p269_162.wav,1
/USERSPACE/DATASETS/CodecFake/train/F01_p311_353.wav,1
/USERSPACE/DATASETS/CodecFake/train/F01_SSB09870058.wav,1
/USERSPACE/DATASETS/CodecFake/train/F01_SSB01490132.wav,1
/USERSPACE/DATASETS/CodecFake/train/F01_SSB16700298.wav,1
/USERSPACE/DATASETS/CodecFake/train/F01_p299_034.wav,1
/USERSPACE/DATASETS/CodecFake/train/F01_SSB05020193.wav,1
/USERSPACE/DATASETS/CodecFake/train/F01_SSB07860466.wav,1
/USERSPACE/DATASETS/CodecFake/train/F01_SSB05700032.wav,1
/USERSPACE/DATASETS/CodecFake/train/F01_SSB13400068.wav,1
/USERSPACE/DATASETS/CodecFake/train/F01_p243_387.wav,1
/USERSPACE/DATASETS/CodecFake/train/F01_p334_032.wav,1
/USERSPACE/DATASETS/CodecFake/train/F01_SSB10960211.wav,1
/USERSPACE/DATASETS/CodecFake/train/F01_SSB01390120.wav,1
/USERSPACE/DATASETS/CodecFake/train/F01_SSB12190323.wav,1
/USERSPACE/DATASETS/CodecFake/train/F01_p251_230.wav,1
/USERSPACE/DATASETS/CodecFake/train/F01_SSB16070318.wav,1
/USERSPACE/DATASETS/CodecFake/train/F01_SSB07200204.wav,1
/USERSPACE/DATASETS/CodecFake/train/F01_p259_219.wav,1
/USERSPACE/DATASETS/CodecFake/train/F01_p273_125.wav,1
/USERSPACE/DATASETS/CodecFake/train/F01_p316_222.wav,1
/USERSPACE/DATASETS/CodecFake/train/F01_SSB00110107.wav,1
/USERSPACE/DATASETS/CodecFake/train/F01_p364_136.wav,1
/USERSPACE/DATASETS/CodecFake/train/F01_p254_297.wav,1
/USERSPACE/DATASETS/CodecFake/train/F01_SSB16860438.wav,1
/USERSPACE/DATASETS/CodecFake/train/F01_p229_369.wav,1
/USERSPACE/DATASETS/CodecFake/train/F01_p313_056.wav,1
/USERSPACE/DATASETS/CodecFake/train/F01_p343_202.wav,1
/USERSPACE/DATASETS/CodecFake/train/F01_SSB10080041.wav,1
/USERSPACE/DATASETS/CodecFake/train/F01_p273_281.wav,1
/USERSPACE/DATASETS/CodecFake/train/F01_SSB13930481.wav,1
/USERSPACE/DATASETS/CodecFake/train/F01_SSB03950275.wav,1
/USERSPACE/DATASETS/CodecFake/train/F01_SSB02670470.wav,1
/USERSPACE/DATASETS/CodecFake/train/F01_SSB07940331.wav,1
/USERSPACE/DATASETS/CodecFake/train/F01_p316_077.wav,1
/USERSPACE/DATASETS/CodecFake/train/F01_SSB05390031.wav,1
/USERSPACE/DATASETS/CodecFake/train/F01_SSB12180248.wav,1
/USERSPACE/DATASETS/CodecFake/train/F01_SSB06660042.wav,1
/USERSPACE/DATASETS/CodecFake/train/F01_SSB06060467.wav,1
/USERSPACE/DATASETS/CodecFake/train/F01_SSB06710184.wav,1
/USERSPACE/DATASETS/CodecFake/train/F01_SSB09870338.wav,1
/USERSPACE/DATASETS/CodecFake/train/F01_SSB00800116.wav,1
/USERSPACE/DATASETS/CodecFake/train/F01_SSB18280245.wav,1
/USERSPACE/DATASETS/CodecFake/train/F01_SSB03160220.wav,1
/USERSPACE/DATASETS/CodecFake/train/F01_SSB18100141.wav,1
/USERSPACE/DATASETS/CodecFake/train/F01_SSB18320005.wav,1
/USERSPACE/DATASETS/CodecFake/train/F01_SSB15930440.wav,1
/USERSPACE/DATASETS/CodecFake/train/F01_SSB03390107.wav,1
/USERSPACE/DATASETS/CodecFake/train/F01_SSB06860222.wav,1
/USERSPACE/DATASETS/CodecFake/train/F01_SSB00430091.wav,1
/USERSPACE/DATASETS/CodecFake/train/F01_p261_203.wav,1
/USERSPACE/DATASETS/CodecFake/train/F01_SSB06680354.wav,1
/USERSPACE/DATASETS/CodecFake/train/F01_SSB03950436.wav,1
/USERSPACE/DATASETS/CodecFake/train/F01_p234_238.wav,1
/USERSPACE/DATASETS/CodecFake/train/F01_p284_064.wav,1
/USERSPACE/DATASETS/CodecFake/train/F01_p250_446.wav,1
/USERSPACE/DATASETS/CodecFake/train/F01_SSB05440421.wav,1
/USERSPACE/DATASETS/CodecFake/train/F01_SSB07000108.wav,1
/USERSPACE/DATASETS/CodecFake/train/F01_SSB07800394.wav,1
/USERSPACE/DATASETS/CodecFake/train/F01_SSB07360312.wav,1
/USERSPACE/DATASETS/CodecFake/train/F01_SSB07000217.wav,1
/USERSPACE/DATASETS/CodecFake/train/F01_SSB02410053.wav,1
/USERSPACE/DATASETS/CodecFake/train/F01_p240_012.wav,1
/USERSPACE/DATASETS/CodecFake/train/F01_SSB03230401.wav,1
/USERSPACE/DATASETS/CodecFake/train/F01_SSB03070040.wav,1
/USERSPACE/DATASETS/CodecFake/train/F01_SSB06030035.wav,1
/USERSPACE/DATASETS/CodecFake/train/F01_SSB07160369.wav,1
/USERSPACE/DATASETS/CodecFake/train/F01_SSB11610338.wav,1
/USERSPACE/DATASETS/CodecFake/train/F01_SSB08630150.wav,1
/USERSPACE/DATASETS/CodecFake/train/F01_SSB13660033.wav,1
/USERSPACE/DATASETS/CodecFake/train/F01_SSB02870157.wav,1
/USERSPACE/DATASETS/CodecFake/train/F01_SSB07230014.wav,1
/USERSPACE/DATASETS/CodecFake/train/F01_SSB07100004.wav,1
/USERSPACE/DATASETS/CodecFake/train/F01_p303_202.wav,1
/USERSPACE/DATASETS/CodecFake/train/F01_SSB11000088.wav,1
/USERSPACE/DATASETS/CodecFake/train/F01_p323_148.wav,1
/USERSPACE/DATASETS/CodecFake/train/F01_SSB00160228.wav,1
/USERSPACE/DATASETS/CodecFake/train/F01_p323_293.wav,1
/USERSPACE/DATASETS/CodecFake/train/F01_SSB03800464.wav,1
/USERSPACE/DATASETS/CodecFake/train/F01_SSB05780224.wav,1
/USERSPACE/DATASETS/CodecFake/train/F01_p261_269.wav,1
/USERSPACE/DATASETS/CodecFake/train/F01_p313_127.wav,1
/USERSPACE/DATASETS/CodecFake/train/F01_p281_152.wav,1
/USERSPACE/DATASETS/CodecFake/train/F01_SSB07600348.wav,1
/USERSPACE/DATASETS/CodecFake/train/F01_SSB15930009.wav,1
/USERSPACE/DATASETS/CodecFake/train/F01_p288_306.wav,1
/USERSPACE/DATASETS/CodecFake/train/F01_SSB17450468.wav,1
/USERSPACE/DATASETS/CodecFake/train/F01_p243_060.wav,1
/USERSPACE/DATASETS/CodecFake/train/F01_SSB19560228.wav,1
/USERSPACE/DATASETS/CodecFake/train/F01_SSB15630185.wav,1
/USERSPACE/DATASETS/CodecFake/train/F01_SSB07200415.wav,1
/USERSPACE/DATASETS/CodecFake/train/F01_SSB18910096.wav,1
/USERSPACE/DATASETS/CodecFake/train/F01_p280_205.wav,1
/USERSPACE/DATASETS/CodecFake/train/F01_SSB01330417.wav,1
/USERSPACE/DATASETS/CodecFake/train/F01_SSB13200102.wav,1
/USERSPACE/DATASETS/CodecFake/train/F01_SSB03940092.wav,1
/USERSPACE/DATASETS/CodecFake/train/F01_p281_214.wav,1
/USERSPACE/DATASETS/CodecFake/train/F01_SSB16500194.wav,1
/USERSPACE/DATASETS/CodecFake/train/F01_SSB06230156.wav,1
/USERSPACE/DATASETS/CodecFake/train/F01_SSB06710318.wav,1
/USERSPACE/DATASETS/CodecFake/train/F01_p314_410.wav,1
/USERSPACE/DATASETS/CodecFake/train/F01_SSB03390318.wav,1
/USERSPACE/DATASETS/CodecFake/train/F01_SSB19560481.wav,1
/USERSPACE/DATASETS/CodecFake/train/F01_SSB03230435.wav,1
/USERSPACE/DATASETS/CodecFake/train/F01_SSB07620493.wav,1
/USERSPACE/DATASETS/CodecFake/train/F01_SSB08220392.wav,1
/USERSPACE/DATASETS/CodecFake/train/F01_SSB03540512.wav,1
/USERSPACE/DATASETS/CodecFake/train/F01_p313_198.wav,1
/USERSPACE/DATASETS/CodecFake/train/F01_SSB02990335.wav,1
/USERSPACE/DATASETS/CodecFake/train/F01_SSB01490007.wav,1
/USERSPACE/DATASETS/CodecFake/train/F01_SSB07780046.wav,1
/USERSPACE/DATASETS/CodecFake/train/F01_SSB18910095.wav,1
/USERSPACE/DATASETS/CodecFake/train/F01_p237_267.wav,1
/USERSPACE/DATASETS/CodecFake/train/F01_SSB06070131.wav,1
/USERSPACE/DATASETS/CodecFake/train/F01_p273_235.wav,1
/USERSPACE/DATASETS/CodecFake/train/F01_p304_223.wav,1
/USERSPACE/DATASETS/CodecFake/train/F01_SSB03540202.wav,1
/USERSPACE/DATASETS/CodecFake/train/F01_SSB04150215.wav,1
/USERSPACE/DATASETS/CodecFake/train/F01_SSB11310475.wav,1
/USERSPACE/DATASETS/CodecFake/train/F01_SSB08510475.wav,1
/USERSPACE/DATASETS/CodecFake/train/F01_SSB10720230.wav,1
/USERSPACE/DATASETS/CodecFake/train/F01_p283_162.wav,1
/USERSPACE/DATASETS/CodecFake/train/F01_SSB03410077.wav,1
/USERSPACE/DATASETS/CodecFake/train/F01_SSB02730435.wav,1
/USERSPACE/DATASETS/CodecFake/train/F01_p275_079.wav,1
/USERSPACE/DATASETS/CodecFake/train/F01_SSB11150181.wav,1
/USERSPACE/DATASETS/CodecFake/train/F01_p307_208.wav,1
/USERSPACE/DATASETS/CodecFake/train/F01_p364_106.wav,1
/USERSPACE/DATASETS/CodecFake/train/F01_SSB15630450.wav,1
/USERSPACE/DATASETS/CodecFake/train/F01_SSB06680140.wav,1
/USERSPACE/DATASETS/CodecFake/train/F01_SSB15630090.wav,1
/USERSPACE/DATASETS/CodecFake/train/F01_SSB15670342.wav,1
/USERSPACE/DATASETS/CodecFake/train/F01_SSB09870218.wav,1
/USERSPACE/DATASETS/CodecFake/train/F01_SSB11080154.wav,1
/USERSPACE/DATASETS/CodecFake/train/F01_SSB06230021.wav,1
/USERSPACE/DATASETS/CodecFake/train/F01_p270_270.wav,1
/USERSPACE/DATASETS/CodecFake/train/F01_SSB07840099.wav,1
/USERSPACE/DATASETS/CodecFake/train/F01_SSB19020032.wav,1
/USERSPACE/DATASETS/CodecFake/train/F01_SSB04260101.wav,1
/USERSPACE/DATASETS/CodecFake/train/F01_SSB18280389.wav,1
/USERSPACE/DATASETS/CodecFake/train/F01_SSB07370197.wav,1
/USERSPACE/DATASETS/CodecFake/train/F01_SSB19350200.wav,1
/USERSPACE/DATASETS/CodecFake/train/F01_p272_107.wav,1
/USERSPACE/DATASETS/CodecFake/train/F01_SSB04340285.wav,1
/USERSPACE/DATASETS/CodecFake/train/F01_SSB12180388.wav,1
/USERSPACE/DATASETS/CodecFake/train/F01_p233_211.wav,1
/USERSPACE/DATASETS/CodecFake/train/F01_SSB11250344.wav,1
/USERSPACE/DATASETS/CodecFake/train/F01_SSB07110109.wav,1
/USERSPACE/DATASETS/CodecFake/train/F01_SSB04350375.wav,1
/USERSPACE/DATASETS/CodecFake/train/F01_SSB11380075.wav,1
/USERSPACE/DATASETS/CodecFake/train/F01_SSB05390289.wav,1
/USERSPACE/DATASETS/CodecFake/train/F01_SSB16240232.wav,1
/USERSPACE/DATASETS/CodecFake/train/F01_SSB17110052.wav,1
/USERSPACE/DATASETS/CodecFake/train/F01_SSB16860455.wav,1
/USERSPACE/DATASETS/CodecFake/train/F01_SSB06930328.wav,1
/USERSPACE/DATASETS/CodecFake/train/F01_p287_033.wav,1
/USERSPACE/DATASETS/CodecFake/train/F01_p362_279.wav,1
/USERSPACE/DATASETS/CodecFake/train/F01_SSB00160203.wav,1
/USERSPACE/DATASETS/CodecFake/train/F01_SSB01390390.wav,1
/USERSPACE/DATASETS/CodecFake/train/F01_SSB05700228.wav,1
/USERSPACE/DATASETS/CodecFake/train/F01_SSB01330129.wav,1
/USERSPACE/DATASETS/CodecFake/train/F01_SSB16840170.wav,1
/USERSPACE/DATASETS/CodecFake/train/F01_p347_355.wav,1
/USERSPACE/DATASETS/CodecFake/train/F01_SSB02670160.wav,1
/USERSPACE/DATASETS/CodecFake/train/F01_SSB03420114.wav,1
/USERSPACE/DATASETS/CodecFake/train/F01_p231_429.wav,1
/USERSPACE/DATASETS/CodecFake/train/F01_SSB02410206.wav,1
/USERSPACE/DATASETS/CodecFake/train/F01_SSB01930134.wav,1
/USERSPACE/DATASETS/CodecFake/train/F01_SSB13820208.wav,1
/USERSPACE/DATASETS/CodecFake/train/F01_SSB13920276.wav,1
/USERSPACE/DATASETS/CodecFake/train/F01_SSB08630082.wav,1
/USERSPACE/DATASETS/CodecFake/train/F01_SSB11080044.wav,1
/USERSPACE/DATASETS/CodecFake/train/F01_SSB07200187.wav,1
/USERSPACE/DATASETS/CodecFake/train/F01_SSB11260352.wav,1
/USERSPACE/DATASETS/CodecFake/train/F01_SSB10720273.wav,1
/USERSPACE/DATASETS/CodecFake/train/F01_SSB18910214.wav,1
/USERSPACE/DATASETS/CodecFake/train/F01_SSB10640244.wav,1
/USERSPACE/DATASETS/CodecFake/train/F01_SSB01970047.wav,1
/USERSPACE/DATASETS/CodecFake/train/F01_p306_120.wav,1
/USERSPACE/DATASETS/CodecFake/train/F01_p270_204.wav,1
/USERSPACE/DATASETS/CodecFake/train/F01_SSB10010489.wav,1
/USERSPACE/DATASETS/CodecFake/train/F01_SSB05940381.wav,1
/USERSPACE/DATASETS/CodecFake/train/F01_SSB14370447.wav,1
/USERSPACE/DATASETS/CodecFake/train/F01_SSB04070336.wav,1
/USERSPACE/DATASETS/CodecFake/train/F01_p229_339.wav,1
/USERSPACE/DATASETS/CodecFake/train/F01_SSB11350132.wav,1
/USERSPACE/DATASETS/CodecFake/train/F01_SSB07780338.wav,1
/USERSPACE/DATASETS/CodecFake/train/F01_p304_323.wav,1
/USERSPACE/DATASETS/CodecFake/train/F01_SSB19180236.wav,1
/USERSPACE/DATASETS/CodecFake/train/F01_SSB04070408.wav,1
/USERSPACE/DATASETS/CodecFake/train/F01_p317_357.wav,1
/USERSPACE/DATASETS/CodecFake/train/F01_SSB10720432.wav,1
/USERSPACE/DATASETS/CodecFake/train/F01_p250_302.wav,1
/USERSPACE/DATASETS/CodecFake/train/F01_p294_223.wav,1
/USERSPACE/DATASETS/CodecFake/train/F01_SSB07940254.wav,1
/USERSPACE/DATASETS/CodecFake/train/F01_p343_294.wav,1
/USERSPACE/DATASETS/CodecFake/train/F01_SSB05940268.wav,1
/USERSPACE/DATASETS/CodecFake/train/F01_SSB13020456.wav,1
/USERSPACE/DATASETS/CodecFake/train/F01_SSB02990282.wav,1
/USERSPACE/DATASETS/CodecFake/train/F01_p333_013.wav,1
/USERSPACE/DATASETS/CodecFake/train/F01_SSB13020322.wav,1
/USERSPACE/DATASETS/CodecFake/train/F01_SSB11100071.wav,1
/USERSPACE/DATASETS/CodecFake/train/F01_SSB11610079.wav,1
/USERSPACE/DATASETS/CodecFake/train/F01_SSB03070028.wav,1
/USERSPACE/DATASETS/CodecFake/train/F01_SSB06010174.wav,1
/USERSPACE/DATASETS/CodecFake/train/F01_p304_092.wav,1
/USERSPACE/DATASETS/CodecFake/train/F01_SSB10240101.wav,1
/USERSPACE/DATASETS/CodecFake/train/F01_p304_321.wav,1
/USERSPACE/DATASETS/CodecFake/train/F01_p257_191.wav,1
/USERSPACE/DATASETS/CodecFake/train/F01_SSB13650292.wav,1
/USERSPACE/DATASETS/CodecFake/train/F01_p246_160.wav,1
/USERSPACE/DATASETS/CodecFake/train/F01_SSB04700063.wav,1
/USERSPACE/DATASETS/CodecFake/train/F01_SSB05780339.wav,1
/USERSPACE/DATASETS/CodecFake/train/F01_SSB03070321.wav,1
/USERSPACE/DATASETS/CodecFake/train/F01_p259_424.wav,1
/USERSPACE/DATASETS/CodecFake/train/F01_SSB04700331.wav,1
/USERSPACE/DATASETS/CodecFake/train/F01_p376_133.wav,1
/USERSPACE/DATASETS/CodecFake/train/F01_SSB13410010.wav,1
/USERSPACE/DATASETS/CodecFake/train/F01_p336_100.wav,1
/USERSPACE/DATASETS/CodecFake/train/F01_SSB07840288.wav,1
/USERSPACE/DATASETS/CodecFake/train/F01_SSB09660108.wav,1
/USERSPACE/DATASETS/CodecFake/train/F01_SSB19390253.wav,1
/USERSPACE/DATASETS/CodecFake/train/F01_SSB01220441.wav,1
/USERSPACE/DATASETS/CodecFake/train/F01_p334_388.wav,1
/USERSPACE/DATASETS/CodecFake/train/F01_p239_398.wav,1
/USERSPACE/DATASETS/CodecFake/train/F01_SSB01930028.wav,1
/USERSPACE/DATASETS/CodecFake/train/F01_SSB03940378.wav,1
/USERSPACE/DATASETS/CodecFake/train/F01_p300_145.wav,1
/USERSPACE/DATASETS/CodecFake/train/F01_SSB07620308.wav,1
/USERSPACE/DATASETS/CodecFake/train/F01_SSB04350334.wav,1
/USERSPACE/DATASETS/CodecFake/train/F01_SSB09130345.wav,1
/USERSPACE/DATASETS/CodecFake/train/F01_SSB07110005.wav,1
/USERSPACE/DATASETS/CodecFake/train/F01_SSB03420233.wav,1
/USERSPACE/DATASETS/CodecFake/train/F01_SSB07800328.wav,1
/USERSPACE/DATASETS/CodecFake/train/F01_p283_066.wav,1
/USERSPACE/DATASETS/CodecFake/train/F01_SSB18780261.wav,1
/USERSPACE/DATASETS/CodecFake/train/F01_SSB11100467.wav,1
/USERSPACE/DATASETS/CodecFake/train/F01_SSB09130356.wav,1
/USERSPACE/DATASETS/CodecFake/train/F01_SSB07780301.wav,1
/USERSPACE/DATASETS/CodecFake/train/F01_SSB10240103.wav,1
/USERSPACE/DATASETS/CodecFake/train/F01_SSB07480017.wav,1
/USERSPACE/DATASETS/CodecFake/train/F01_SSB11970144.wav,1
/USERSPACE/DATASETS/CodecFake/train/F01_SSB19560128.wav,1
/USERSPACE/DATASETS/CodecFake/train/F01_SSB07510413.wav,1
/USERSPACE/DATASETS/CodecFake/train/F01_SSB03800205.wav,1
/USERSPACE/DATASETS/CodecFake/train/F01_SSB02610295.wav,1
/USERSPACE/DATASETS/CodecFake/train/F01_p299_050.wav,1
/USERSPACE/DATASETS/CodecFake/train/F01_SSB01120237.wav,1
/USERSPACE/DATASETS/CodecFake/train/F01_SSB19020241.wav,1
/USERSPACE/DATASETS/CodecFake/train/F01_SSB09930144.wav,1
/USERSPACE/DATASETS/CodecFake/train/F01_SSB19390230.wav,1
/USERSPACE/DATASETS/CodecFake/train/F01_SSB19020188.wav,1
/USERSPACE/DATASETS/CodecFake/train/F01_SSB14080236.wav,1
/USERSPACE/DATASETS/CodecFake/train/F01_SSB11380356.wav,1
/USERSPACE/DATASETS/CodecFake/train/F01_SSB11970001.wav,1
/USERSPACE/DATASETS/CodecFake/train/F01_SSB11000074.wav,1
/USERSPACE/DATASETS/CodecFake/train/F01_p232_186.wav,1
/USERSPACE/DATASETS/CodecFake/train/F01_SSB17390440.wav,1
/USERSPACE/DATASETS/CodecFake/train/F01_p340_081.wav,1
/USERSPACE/DATASETS/CodecFake/train/F01_p239_094.wav,1
/USERSPACE/DATASETS/CodecFake/train/F01_SSB07110214.wav,1
/USERSPACE/DATASETS/CodecFake/train/F01_SSB04150175.wav,1
/USERSPACE/DATASETS/CodecFake/train/F01_p267_213.wav,1
/USERSPACE/DATASETS/CodecFake/train/F01_SSB02460090.wav,1
/USERSPACE/DATASETS/CodecFake/train/F01_SSB04070281.wav,1
/USERSPACE/DATASETS/CodecFake/train/F01_SSB18780282.wav,1
/USERSPACE/DATASETS/CodecFake/train/F01_SSB03950140.wav,1
/USERSPACE/DATASETS/CodecFake/train/F01_SSB02670036.wav,1
/USERSPACE/DATASETS/CodecFake/train/F01_SSB10560136.wav,1
/USERSPACE/DATASETS/CodecFake/train/F01_p234_235.wav,1
/USERSPACE/DATASETS/CodecFake/train/F01_SSB07000084.wav,1
/USERSPACE/DATASETS/CodecFake/train/F01_SSB18320435.wav,1
/USERSPACE/DATASETS/CodecFake/train/F01_p306_347.wav,1
/USERSPACE/DATASETS/CodecFake/train/F01_SSB14080041.wav,1
/USERSPACE/DATASETS/CodecFake/train/F01_SSB06660043.wav,1
/USERSPACE/DATASETS/CodecFake/train/F01_SSB06060108.wav,1
/USERSPACE/DATASETS/CodecFake/train/F01_SSB10720098.wav,1
/USERSPACE/DATASETS/CodecFake/train/F01_p326_095.wav,1
/USERSPACE/DATASETS/CodecFake/train/F01_p336_053.wav,1
/USERSPACE/DATASETS/CodecFake/train/F01_SSB11100164.wav,1
/USERSPACE/DATASETS/CodecFake/train/F01_SSB14480169.wav,1
/USERSPACE/DATASETS/CodecFake/train/F01_SSB07780001.wav,1
/USERSPACE/DATASETS/CodecFake/train/F01_p310_242.wav,1
/USERSPACE/DATASETS/CodecFake/train/F01_p270_309.wav,1
/USERSPACE/DATASETS/CodecFake/train/F01_SSB10910382.wav,1
/USERSPACE/DATASETS/CodecFake/train/F01_SSB19180048.wav,1
/USERSPACE/DATASETS/CodecFake/train/F01_SSB18780299.wav,1
/USERSPACE/DATASETS/CodecFake/train/F01_SSB01390124.wav,1
/USERSPACE/DATASETS/CodecFake/train/F01_SSB00430379.wav,1
/USERSPACE/DATASETS/CodecFake/train/F01_p228_166.wav,1
/USERSPACE/DATASETS/CodecFake/train/F01_SSB03540217.wav,1
/USERSPACE/DATASETS/CodecFake/train/F01_SSB08710067.wav,1
/USERSPACE/DATASETS/CodecFake/train/F01_p264_248.wav,1
/USERSPACE/DATASETS/CodecFake/train/F01_SSB02670253.wav,1
/USERSPACE/DATASETS/CodecFake/train/F01_p317_348.wav,1
/USERSPACE/DATASETS/CodecFake/train/F01_SSB17590339.wav,1
/USERSPACE/DATASETS/CodecFake/train/F01_SSB06030104.wav,1
/USERSPACE/DATASETS/CodecFake/train/F01_SSB03090142.wav,1
/USERSPACE/DATASETS/CodecFake/train/F01_SSB10200033.wav,1
/USERSPACE/DATASETS/CodecFake/train/F01_SSB15670157.wav,1
/USERSPACE/DATASETS/CodecFake/train/F01_SSB07100466.wav,1
/USERSPACE/DATASETS/CodecFake/train/F01_p299_362.wav,1
/USERSPACE/DATASETS/CodecFake/train/F01_SSB09870265.wav,1
/USERSPACE/DATASETS/CodecFake/train/F01_SSB08510043.wav,1
/USERSPACE/DATASETS/CodecFake/train/F01_p316_028.wav,1
/USERSPACE/DATASETS/CodecFake/train/F01_SSB13220379.wav,1
/USERSPACE/DATASETS/CodecFake/train/F01_p252_309.wav,1
/USERSPACE/DATASETS/CodecFake/train/F01_SSB03160484.wav,1
/USERSPACE/DATASETS/CodecFake/train/F01_SSB07110167.wav,1
/USERSPACE/DATASETS/CodecFake/train/F01_p249_120.wav,1
/USERSPACE/DATASETS/CodecFake/train/F01_p285_039.wav,1
/USERSPACE/DATASETS/CodecFake/train/F01_SSB07620316.wav,1
/USERSPACE/DATASETS/CodecFake/train/F01_SSB00180021.wav,1
/USERSPACE/DATASETS/CodecFake/train/F01_SSB11360037.wav,1
/USERSPACE/DATASETS/CodecFake/train/F01_p269_107.wav,1
/USERSPACE/DATASETS/CodecFake/train/F01_SSB09130103.wav,1
/USERSPACE/DATASETS/CodecFake/train/F01_p261_338.wav,1
/USERSPACE/DATASETS/CodecFake/train/F01_p308_159.wav,1
/USERSPACE/DATASETS/CodecFake/train/F01_SSB12180008.wav,1
/USERSPACE/DATASETS/CodecFake/train/F01_p323_195.wav,1
/USERSPACE/DATASETS/CodecFake/train/F01_SSB04270172.wav,1
/USERSPACE/DATASETS/CodecFake/train/F01_p271_278.wav,1
/USERSPACE/DATASETS/CodecFake/train/F01_p329_072.wav,1
/USERSPACE/DATASETS/CodecFake/train/F01_SSB07370340.wav,1
/USERSPACE/DATASETS/CodecFake/train/F01_p238_347.wav,1
/USERSPACE/DATASETS/CodecFake/train/F01_SSB02870402.wav,1
/USERSPACE/DATASETS/CodecFake/train/F01_p308_132.wav,1
/USERSPACE/DATASETS/CodecFake/train/F01_SSB05350343.wav,1
/USERSPACE/DATASETS/CodecFake/train/F01_p312_071.wav,1
/USERSPACE/DATASETS/CodecFake/train/F01_p276_443.wav,1
/USERSPACE/DATASETS/CodecFake/train/F01_SSB07360156.wav,1
/USERSPACE/DATASETS/CodecFake/train/F01_SSB07490353.wav,1
/USERSPACE/DATASETS/CodecFake/train/F01_SSB01390242.wav,1
/USERSPACE/DATASETS/CodecFake/train/F01_SSB00380244.wav,1
/USERSPACE/DATASETS/CodecFake/train/F01_p270_097.wav,1
/USERSPACE/DATASETS/CodecFake/train/F01_SSB04150138.wav,1
/USERSPACE/DATASETS/CodecFake/train/F01_SSB04150469.wav,1
/USERSPACE/DATASETS/CodecFake/train/F01_p276_227.wav,1
/USERSPACE/DATASETS/CodecFake/train/F01_SSB11310236.wav,1
/USERSPACE/DATASETS/CodecFake/train/F01_SSB13020055.wav,1
/USERSPACE/DATASETS/CodecFake/train/F01_SSB05880199.wav,1
/USERSPACE/DATASETS/CodecFake/train/F01_SSB03950114.wav,1
/USERSPACE/DATASETS/CodecFake/train/F01_SSB10720425.wav,1
/USERSPACE/DATASETS/CodecFake/train/F01_p232_113.wav,1
/USERSPACE/DATASETS/CodecFake/train/F01_SSB00570301.wav,1
/USERSPACE/DATASETS/CodecFake/train/F01_SSB19350409.wav,1
/USERSPACE/DATASETS/CodecFake/train/F01_p307_164.wav,1
/USERSPACE/DATASETS/CodecFake/train/F01_p248_035.wav,1
/USERSPACE/DATASETS/CodecFake/train/F01_p276_338.wav,1
/USERSPACE/DATASETS/CodecFake/train/F01_p351_340.wav,1
/USERSPACE/DATASETS/CodecFake/train/F01_p236_332.wav,1
/USERSPACE/DATASETS/CodecFake/train/F01_SSB12040157.wav,1
/USERSPACE/DATASETS/CodecFake/train/F01_SSB07360219.wav,1
/USERSPACE/DATASETS/CodecFake/train/F01_SSB07780229.wav,1
/USERSPACE/DATASETS/CodecFake/train/F01_SSB08710211.wav,1
/USERSPACE/DATASETS/CodecFake/train/F01_p318_246.wav,1
/USERSPACE/DATASETS/CodecFake/train/F01_SSB15550198.wav,1
/USERSPACE/DATASETS/CodecFake/train/F01_SSB04350438.wav,1
/USERSPACE/DATASETS/CodecFake/train/F01_SSB02670185.wav,1
/USERSPACE/DATASETS/CodecFake/train/F01_p300_156.wav,1
/USERSPACE/DATASETS/CodecFake/train/F01_p306_286.wav,1
/USERSPACE/DATASETS/CodecFake/train/F01_p227_369.wav,1
/USERSPACE/DATASETS/CodecFake/train/F01_p245_234.wav,1
/USERSPACE/DATASETS/CodecFake/train/F01_p360_420.wav,1
/USERSPACE/DATASETS/CodecFake/train/F01_SSB01330431.wav,1
/USERSPACE/DATASETS/CodecFake/train/F01_SSB04270483.wav,1
/USERSPACE/DATASETS/CodecFake/train/F01_SSB18090116.wav,1
/USERSPACE/DATASETS/CodecFake/train/F01_p263_005.wav,1
/USERSPACE/DATASETS/CodecFake/train/F01_p248_271.wav,1
/USERSPACE/DATASETS/CodecFake/train/F01_SSB11260133.wav,1
/USERSPACE/DATASETS/CodecFake/train/F01_SSB00800089.wav,1
/USERSPACE/DATASETS/CodecFake/train/F01_SSB06710063.wav,1
/USERSPACE/DATASETS/CodecFake/train/F01_p254_270.wav,1
/USERSPACE/DATASETS/CodecFake/train/F01_SSB16300412.wav,1
/USERSPACE/DATASETS/CodecFake/train/F01_p282_010.wav,1
/USERSPACE/DATASETS/CodecFake/train/F01_p307_424.wav,1
/USERSPACE/DATASETS/CodecFake/train/F01_SSB17810099.wav,1
/USERSPACE/DATASETS/CodecFake/train/F01_p273_159.wav,1
/USERSPACE/DATASETS/CodecFake/train/F01_p241_069.wav,1
/USERSPACE/DATASETS/CodecFake/train/F01_p256_248.wav,1
/USERSPACE/DATASETS/CodecFake/train/F01_SSB07780140.wav,1
/USERSPACE/DATASETS/CodecFake/train/F01_SSB14370186.wav,1
/USERSPACE/DATASETS/CodecFake/train/F01_SSB00090266.wav,1
/USERSPACE/DATASETS/CodecFake/train/F01_SSB02460024.wav,1
/USERSPACE/DATASETS/CodecFake/train/F01_SSB16840247.wav,1
/USERSPACE/DATASETS/CodecFake/train/F01_SSB10560118.wav,1
/USERSPACE/DATASETS/CodecFake/train/F01_SSB00050091.wav,1
/USERSPACE/DATASETS/CodecFake/train/F01_p326_226.wav,1
/USERSPACE/DATASETS/CodecFake/train/F01_SSB01930023.wav,1
/USERSPACE/DATASETS/CodecFake/train/F01_p230_144.wav,1
/USERSPACE/DATASETS/CodecFake/train/F01_SSB10720119.wav,1
/USERSPACE/DATASETS/CodecFake/train/F01_SSB15630387.wav,1
/USERSPACE/DATASETS/CodecFake/train/F01_SSB12180260.wav,1
/USERSPACE/DATASETS/CodecFake/train/F01_p248_376.wav,1
/USERSPACE/DATASETS/CodecFake/train/F01_SSB06290432.wav,1
/USERSPACE/DATASETS/CodecFake/train/F01_p256_295.wav,1
/USERSPACE/DATASETS/CodecFake/train/F01_SSB00430142.wav,1
/USERSPACE/DATASETS/CodecFake/train/F01_SSB04260011.wav,1
/USERSPACE/DATASETS/CodecFake/train/F01_SSB07860325.wav,1
/USERSPACE/DATASETS/CodecFake/train/F01_p265_088.wav,1
/USERSPACE/DATASETS/CodecFake/train/F01_SSB02000345.wav,1
/USERSPACE/DATASETS/CodecFake/train/F01_SSB14370251.wav,1
/USERSPACE/DATASETS/CodecFake/train/F01_SSB18630271.wav,1
/USERSPACE/DATASETS/CodecFake/train/F01_SSB14480085.wav,1
/USERSPACE/DATASETS/CodecFake/train/F01_SSB18780116.wav,1
/USERSPACE/DATASETS/CodecFake/train/F01_SSB00110183.wav,1
/USERSPACE/DATASETS/CodecFake/train/F01_SSB08870218.wav,1
/USERSPACE/DATASETS/CodecFake/train/F01_SSB15630470.wav,1
/USERSPACE/DATASETS/CodecFake/train/F01_SSB06060211.wav,1
/USERSPACE/DATASETS/CodecFake/train/F01_p279_191.wav,1
/USERSPACE/DATASETS/CodecFake/train/F01_SSB00050160.wav,1
/USERSPACE/DATASETS/CodecFake/train/F01_p278_245.wav,1
/USERSPACE/DATASETS/CodecFake/train/F01_SSB12030303.wav,1
/USERSPACE/DATASETS/CodecFake/train/F01_p268_116.wav,1
/USERSPACE/DATASETS/CodecFake/train/F01_SSB09870354.wav,1
/USERSPACE/DATASETS/CodecFake/train/F01_p341_311.wav,1
/USERSPACE/DATASETS/CodecFake/train/F01_SSB09970381.wav,1
/USERSPACE/DATASETS/CodecFake/train/F01_SSB13220178.wav,1
/USERSPACE/DATASETS/CodecFake/train/F01_SSB13920425.wav,1
/USERSPACE/DATASETS/CodecFake/train/F01_SSB07110348.wav,1
/USERSPACE/DATASETS/CodecFake/train/F01_SSB07490241.wav,1
/USERSPACE/DATASETS/CodecFake/train/F01_p271_122.wav,1
/USERSPACE/DATASETS/CodecFake/train/F01_p281_079.wav,1
/USERSPACE/DATASETS/CodecFake/train/F01_SSB13200360.wav,1
/USERSPACE/DATASETS/CodecFake/train/F01_p283_168.wav,1
/USERSPACE/DATASETS/CodecFake/train/F01_SSB00160333.wav,1
/USERSPACE/DATASETS/CodecFake/train/F01_p301_059.wav,1
/USERSPACE/DATASETS/CodecFake/train/F01_SSB03390442.wav,1
/USERSPACE/DATASETS/CodecFake/train/F01_SSB09930478.wav,1
/USERSPACE/DATASETS/CodecFake/train/F01_SSB13660109.wav,1
/USERSPACE/DATASETS/CodecFake/train/F01_p234_189.wav,1
/USERSPACE/DATASETS/CodecFake/train/F01_SSB05340208.wav,1
/USERSPACE/DATASETS/CodecFake/train/F01_p245_027.wav,1
/USERSPACE/DATASETS/CodecFake/train/F01_p329_048.wav,1
/USERSPACE/DATASETS/CodecFake/train/F01_SSB07100211.wav,1
/USERSPACE/DATASETS/CodecFake/train/F01_SSB10010042.wav,1
/USERSPACE/DATASETS/CodecFake/train/F01_SSB02610097.wav,1
/USERSPACE/DATASETS/CodecFake/train/F01_SSB00800358.wav,1
/USERSPACE/DATASETS/CodecFake/train/F01_SSB05990083.wav,1
/USERSPACE/DATASETS/CodecFake/train/F01_SSB13660321.wav,1
/USERSPACE/DATASETS/CodecFake/train/F01_SSB07000403.wav,1
/USERSPACE/DATASETS/CodecFake/train/F01_SSB05880494.wav,1
/USERSPACE/DATASETS/CodecFake/train/F01_p317_101.wav,1
/USERSPACE/DATASETS/CodecFake/train/F01_SSB16840048.wav,1
/USERSPACE/DATASETS/CodecFake/train/F01_SSB05900226.wav,1
/USERSPACE/DATASETS/CodecFake/train/F01_p268_393.wav,1
/USERSPACE/DATASETS/CodecFake/train/F01_SSB06030499.wav,1
/USERSPACE/DATASETS/CodecFake/train/F01_SSB03150368.wav,1
/USERSPACE/DATASETS/CodecFake/train/F01_SSB18320286.wav,1
/USERSPACE/DATASETS/CodecFake/train/F01_SSB05650465.wav,1
/USERSPACE/DATASETS/CodecFake/train/F01_SSB08170163.wav,1
/USERSPACE/DATASETS/CodecFake/train/F01_SSB04150456.wav,1
/USERSPACE/DATASETS/CodecFake/train/F01_SSB07580030.wav,1
/USERSPACE/DATASETS/CodecFake/train/F01_SSB05020172.wav,1
/USERSPACE/DATASETS/CodecFake/train/F01_SSB08510326.wav,1
/USERSPACE/DATASETS/CodecFake/train/F01_SSB05650085.wav,1
/USERSPACE/DATASETS/CodecFake/train/F01_p275_254.wav,1
/USERSPACE/DATASETS/CodecFake/train/F01_SSB11310262.wav,1
/USERSPACE/DATASETS/CodecFake/train/F01_SSB18280349.wav,1
/USERSPACE/DATASETS/CodecFake/train/F01_SSB11000055.wav,1
/USERSPACE/DATASETS/CodecFake/train/F01_SSB06930087.wav,1
/USERSPACE/DATASETS/CodecFake/train/F01_SSB07860269.wav,1
/USERSPACE/DATASETS/CodecFake/train/F01_SSB05880083.wav,1
/USERSPACE/DATASETS/CodecFake/train/F01_p246_005.wav,1
/USERSPACE/DATASETS/CodecFake/train/F01_p333_332.wav,1
/USERSPACE/DATASETS/CodecFake/train/F01_SSB12040510.wav,1
/USERSPACE/DATASETS/CodecFake/train/F01_SSB12740136.wav,1
/USERSPACE/DATASETS/CodecFake/train/F01_SSB03800431.wav,1
/USERSPACE/DATASETS/CodecFake/train/F01_SSB19350303.wav,1
/USERSPACE/DATASETS/CodecFake/train/F01_SSB13660418.wav,1
/USERSPACE/DATASETS/CodecFake/train/F01_p297_410.wav,1
/USERSPACE/DATASETS/CodecFake/train/F01_SSB07780005.wav,1
/USERSPACE/DATASETS/CodecFake/train/F01_SSB19180131.wav,1
/USERSPACE/DATASETS/CodecFake/train/F01_SSB03850313.wav,1
/USERSPACE/DATASETS/CodecFake/train/F01_SSB10560457.wav,1
/USERSPACE/DATASETS/CodecFake/train/F01_SSB06010047.wav,1
/USERSPACE/DATASETS/CodecFake/train/F01_SSB16070055.wav,1
/USERSPACE/DATASETS/CodecFake/train/F01_p246_187.wav,1
/USERSPACE/DATASETS/CodecFake/train/F01_SSB19180448.wav,1
/USERSPACE/DATASETS/CodecFake/train/F01_SSB03380367.wav,1
/USERSPACE/DATASETS/CodecFake/train/F01_p300_221.wav,1
/USERSPACE/DATASETS/CodecFake/train/F01_p301_306.wav,1
/USERSPACE/DATASETS/CodecFake/train/F01_SSB03820450.wav,1
/USERSPACE/DATASETS/CodecFake/train/F01_p274_150.wav,1
/USERSPACE/DATASETS/CodecFake/train/F01_SSB07860097.wav,1
/USERSPACE/DATASETS/CodecFake/train/F01_SSB03850097.wav,1
/USERSPACE/DATASETS/CodecFake/train/F01_SSB06230302.wav,1
/USERSPACE/DATASETS/CodecFake/train/F01_p317_023.wav,1
/USERSPACE/DATASETS/CodecFake/train/F01_SSB07860318.wav,1
/USERSPACE/DATASETS/CodecFake/train/F01_SSB07600039.wav,1
/USERSPACE/DATASETS/CodecFake/train/F01_p298_183.wav,1
/USERSPACE/DATASETS/CodecFake/train/F01_SSB05350349.wav,1
/USERSPACE/DATASETS/CodecFake/train/F01_SSB17390224.wav,1
/USERSPACE/DATASETS/CodecFake/train/F01_SSB11150086.wav,1
/USERSPACE/DATASETS/CodecFake/train/F01_SSB16990349.wav,1
/USERSPACE/DATASETS/CodecFake/train/F01_p233_357.wav,1
/USERSPACE/DATASETS/CodecFake/train/F01_SSB16500418.wav,1
/USERSPACE/DATASETS/CodecFake/train/F01_SSB00180273.wav,1
/USERSPACE/DATASETS/CodecFake/train/F01_SSB00570114.wav,1
/USERSPACE/DATASETS/CodecFake/train/F01_SSB07800374.wav,1
/USERSPACE/DATASETS/CodecFake/train/F01_SSB12190321.wav,1
/USERSPACE/DATASETS/CodecFake/train/F01_p277_153.wav,1
/USERSPACE/DATASETS/CodecFake/train/F01_SSB01930418.wav,1
/USERSPACE/DATASETS/CodecFake/train/F01_SSB01220347.wav,1
/USERSPACE/DATASETS/CodecFake/train/F01_SSB00430008.wav,1
/USERSPACE/DATASETS/CodecFake/train/F01_SSB16840473.wav,1
/USERSPACE/DATASETS/CodecFake/train/F01_SSB10560043.wav,1
/USERSPACE/DATASETS/CodecFake/train/F01_SSB18910137.wav,1
/USERSPACE/DATASETS/CodecFake/train/F01_p305_211.wav,1
/USERSPACE/DATASETS/CodecFake/train/F01_SSB18320102.wav,1
/USERSPACE/DATASETS/CodecFake/train/F01_p323_251.wav,1
/USERSPACE/DATASETS/CodecFake/train/F01_SSB16860115.wav,1
/USERSPACE/DATASETS/CodecFake/train/F01_SSB01330221.wav,1
/USERSPACE/DATASETS/CodecFake/train/F01_p374_209.wav,1
/USERSPACE/DATASETS/CodecFake/train/F01_SSB16070225.wav,1
/USERSPACE/DATASETS/CodecFake/train/F01_p238_072.wav,1
/USERSPACE/DATASETS/CodecFake/train/F01_SSB10720166.wav,1
/USERSPACE/DATASETS/CodecFake/train/F01_p300_307.wav,1
/USERSPACE/DATASETS/CodecFake/train/F01_SSB01220346.wav,1
/USERSPACE/DATASETS/CodecFake/train/F01_p297_186.wav,1
/USERSPACE/DATASETS/CodecFake/train/F01_SSB10720034.wav,1
/USERSPACE/DATASETS/CodecFake/train/F01_p306_095.wav,1
/USERSPACE/DATASETS/CodecFake/train/F01_SSB10200152.wav,1
/USERSPACE/DATASETS/CodecFake/train/F01_SSB12180285.wav,1
/USERSPACE/DATASETS/CodecFake/train/F01_SSB06290098.wav,1
/USERSPACE/DATASETS/CodecFake/train/F01_p246_340.wav,1
/USERSPACE/DATASETS/CodecFake/train/F01_p226_181.wav,1
/USERSPACE/DATASETS/CodecFake/train/F01_p362_216.wav,1
/USERSPACE/DATASETS/CodecFake/train/F01_p269_252.wav,1
/USERSPACE/DATASETS/CodecFake/train/F01_p261_357.wav,1
/USERSPACE/DATASETS/CodecFake/train/F01_SSB13220113.wav,1
/USERSPACE/DATASETS/CodecFake/train/F01_SSB00120072.wav,1
/USERSPACE/DATASETS/CodecFake/train/F01_p363_420.wav,1
/USERSPACE/DATASETS/CodecFake/train/F01_SSB02000444.wav,1
/USERSPACE/DATASETS/CodecFake/train/F01_SSB03930225.wav,1
/USERSPACE/DATASETS/CodecFake/train/F01_p283_035.wav,1
/USERSPACE/DATASETS/CodecFake/train/F01_SSB03410462.wav,1
/USERSPACE/DATASETS/CodecFake/train/F01_SSB07370370.wav,1
/USERSPACE/DATASETS/CodecFake/train/F01_p363_080.wav,1
/USERSPACE/DATASETS/CodecFake/train/F01_SSB07170186.wav,1
/USERSPACE/DATASETS/CodecFake/train/F01_p255_278.wav,1
/USERSPACE/DATASETS/CodecFake/train/F01_SSB18720420.wav,1
/USERSPACE/DATASETS/CodecFake/train/F01_SSB09930239.wav,1
/USERSPACE/DATASETS/CodecFake/train/F01_p335_380.wav,1
/USERSPACE/DATASETS/CodecFake/train/F01_p264_383.wav,1
/USERSPACE/DATASETS/CodecFake/train/F01_SSB19350163.wav,1
/USERSPACE/DATASETS/CodecFake/train/F01_p248_113.wav,1
/USERSPACE/DATASETS/CodecFake/train/F01_p238_081.wav,1
/USERSPACE/DATASETS/CodecFake/train/F01_p306_067.wav,1
/USERSPACE/DATASETS/CodecFake/train/F01_p304_183.wav,1
/USERSPACE/DATASETS/CodecFake/train/F01_p280_337.wav,1
/USERSPACE/DATASETS/CodecFake/train/F01_SSB05350362.wav,1
/USERSPACE/DATASETS/CodecFake/train/F01_p277_039.wav,1
/USERSPACE/DATASETS/CodecFake/train/F01_SSB07200351.wav,1
/USERSPACE/DATASETS/CodecFake/train/F01_SSB00330164.wav,1
/USERSPACE/DATASETS/CodecFake/train/F01_p347_361.wav,1
/USERSPACE/DATASETS/CodecFake/train/F01_SSB19350309.wav,1
/USERSPACE/DATASETS/CodecFake/train/F01_SSB14480286.wav,1
/USERSPACE/DATASETS/CodecFake/train/F01_SSB10010433.wav,1
/USERSPACE/DATASETS/CodecFake/train/F01_p278_170.wav,1
/USERSPACE/DATASETS/CodecFake/train/F01_p237_304.wav,1
/USERSPACE/DATASETS/CodecFake/train/F01_SSB01120188.wav,1
/USERSPACE/DATASETS/CodecFake/train/F01_p341_128.wav,1
/USERSPACE/DATASETS/CodecFake/train/F01_p341_012.wav,1
/USERSPACE/DATASETS/CodecFake/train/F01_p298_301.wav,1
/USERSPACE/DATASETS/CodecFake/train/F01_SSB01970136.wav,1
/USERSPACE/DATASETS/CodecFake/train/F01_SSB07620469.wav,1
/USERSPACE/DATASETS/CodecFake/train/F01_SSB11100396.wav,1
/USERSPACE/DATASETS/CodecFake/train/F01_p286_295.wav,1
/USERSPACE/DATASETS/CodecFake/train/F01_p317_169.wav,1
/USERSPACE/DATASETS/CodecFake/train/F01_SSB18100270.wav,1
/USERSPACE/DATASETS/CodecFake/train/F01_SSB11360002.wav,1
/USERSPACE/DATASETS/CodecFake/train/F01_SSB02870073.wav,1
/USERSPACE/DATASETS/CodecFake/train/F01_SSB02880321.wav,1
/USERSPACE/DATASETS/CodecFake/train/F01_SSB07490039.wav,1
/USERSPACE/DATASETS/CodecFake/train/F01_p294_332.wav,1
/USERSPACE/DATASETS/CodecFake/train/F01_SSB01390434.wav,1
/USERSPACE/DATASETS/CodecFake/train/F01_SSB04340012.wav,1
/USERSPACE/DATASETS/CodecFake/train/F01_SSB09150046.wav,1
/USERSPACE/DATASETS/CodecFake/train/F01_SSB07110458.wav,1
/USERSPACE/DATASETS/CodecFake/train/F01_SSB01120286.wav,1
/USERSPACE/DATASETS/CodecFake/train/F01_SSB03750350.wav,1
/USERSPACE/DATASETS/CodecFake/train/F01_SSB10240161.wav,1
/USERSPACE/DATASETS/CodecFake/train/F01_SSB07170441.wav,1
/USERSPACE/DATASETS/CodecFake/train/F01_SSB13820156.wav,1
/USERSPACE/DATASETS/CodecFake/train/F01_SSB07600125.wav,1
/USERSPACE/DATASETS/CodecFake/train/F01_SSB07580434.wav,1
/USERSPACE/DATASETS/CodecFake/train/F01_SSB13020030.wav,1
/USERSPACE/DATASETS/CodecFake/train/F01_SSB00120096.wav,1
/USERSPACE/DATASETS/CodecFake/train/F01_SSB00430378.wav,1
/USERSPACE/DATASETS/CodecFake/train/F01_SSB01220057.wav,1
/USERSPACE/DATASETS/CodecFake/train/F01_p335_158.wav,1
/USERSPACE/DATASETS/CodecFake/train/F01_SSB06060158.wav,1
/USERSPACE/DATASETS/CodecFake/train/F01_p314_337.wav,1
/USERSPACE/DATASETS/CodecFake/train/F01_SSB03800235.wav,1
/USERSPACE/DATASETS/CodecFake/train/F01_SSB03930034.wav,1
/USERSPACE/DATASETS/CodecFake/train/F01_SSB09350438.wav,1
/USERSPACE/DATASETS/CodecFake/train/F01_SSB00110075.wav,1
/USERSPACE/DATASETS/CodecFake/train/F01_p264_390.wav,1
/USERSPACE/DATASETS/CodecFake/train/F01_SSB14370356.wav,1
/USERSPACE/DATASETS/CodecFake/train/F01_p363_011.wav,1
/USERSPACE/DATASETS/CodecFake/train/F01_SSB18630164.wav,1
/USERSPACE/DATASETS/CodecFake/train/F01_SSB07780319.wav,1
/USERSPACE/DATASETS/CodecFake/train/F01_SSB03930180.wav,1
/USERSPACE/DATASETS/CodecFake/train/F01_p300_080.wav,1
/USERSPACE/DATASETS/CodecFake/train/F01_SSB07840208.wav,1
/USERSPACE/DATASETS/CodecFake/train/F01_p301_222.wav,1
/USERSPACE/DATASETS/CodecFake/train/F01_SSB16070401.wav,1
/USERSPACE/DATASETS/CodecFake/train/F01_SSB11360237.wav,1
/USERSPACE/DATASETS/CodecFake/train/F01_SSB05650364.wav,1
/USERSPACE/DATASETS/CodecFake/train/F01_SSB05350151.wav,1
/USERSPACE/DATASETS/CodecFake/train/F01_SSB13650226.wav,1
/USERSPACE/DATASETS/CodecFake/train/F01_SSB03540228.wav,1
/USERSPACE/DATASETS/CodecFake/train/F01_p295_402.wav,1
/USERSPACE/DATASETS/CodecFake/train/F01_SSB06680113.wav,1
/USERSPACE/DATASETS/CodecFake/train/F01_SSB07860332.wav,1
/USERSPACE/DATASETS/CodecFake/train/F01_SSB07840367.wav,1
/USERSPACE/DATASETS/CodecFake/train/F01_SSB09190361.wav,1
/USERSPACE/DATASETS/CodecFake/train/F01_p262_210.wav,1
/USERSPACE/DATASETS/CodecFake/train/F01_p274_227.wav,1
/USERSPACE/DATASETS/CodecFake/train/F01_p260_356.wav,1
/USERSPACE/DATASETS/CodecFake/train/F01_SSB07100198.wav,1
/USERSPACE/DATASETS/CodecFake/train/F01_SSB12190206.wav,1
/USERSPACE/DATASETS/CodecFake/train/F01_SSB03850448.wav,1
/USERSPACE/DATASETS/CodecFake/train/F01_p347_179.wav,1
/USERSPACE/DATASETS/CodecFake/train/F01_SSB03790351.wav,1
/USERSPACE/DATASETS/CodecFake/train/F01_p265_063.wav,1
/USERSPACE/DATASETS/CodecFake/train/F01_p259_030.wav,1
/USERSPACE/DATASETS/CodecFake/train/F01_SSB18630481.wav,1
/USERSPACE/DATASETS/CodecFake/train/F01_SSB07800445.wav,1
/USERSPACE/DATASETS/CodecFake/train/F01_SSB00180377.wav,1
/USERSPACE/DATASETS/CodecFake/train/F01_SSB09190285.wav,1
/USERSPACE/DATASETS/CodecFake/train/F01_SSB19350375.wav,1
/USERSPACE/DATASETS/CodecFake/train/F01_p340_148.wav,1
/USERSPACE/DATASETS/CodecFake/train/F01_SSB03390213.wav,1
/USERSPACE/DATASETS/CodecFake/train/F01_SSB06310240.wav,1
/USERSPACE/DATASETS/CodecFake/train/F01_SSB09660217.wav,1
/USERSPACE/DATASETS/CodecFake/train/F01_SSB03390302.wav,1
/USERSPACE/DATASETS/CodecFake/train/F01_SSB07940401.wav,1
/USERSPACE/DATASETS/CodecFake/train/F01_SSB13930254.wav,1
/USERSPACE/DATASETS/CodecFake/train/F01_p297_364.wav,1
/USERSPACE/DATASETS/CodecFake/train/F01_SSB07000473.wav,1
/USERSPACE/DATASETS/CodecFake/train/F01_SSB19350104.wav,1
/USERSPACE/DATASETS/CodecFake/train/F01_SSB18310383.wav,1
/USERSPACE/DATASETS/CodecFake/train/F01_SSB11000092.wav,1
/USERSPACE/DATASETS/CodecFake/train/F01_SSB11380296.wav,1
/USERSPACE/DATASETS/CodecFake/train/F01_p307_251.wav,1
/USERSPACE/DATASETS/CodecFake/train/F01_SSB07200168.wav,1
/USERSPACE/DATASETS/CodecFake/train/F01_SSB17450227.wav,1
/USERSPACE/DATASETS/CodecFake/train/F01_SSB03390123.wav,1
/USERSPACE/DATASETS/CodecFake/train/F01_SSB17820422.wav,1
/USERSPACE/DATASETS/CodecFake/train/F01_SSB03070254.wav,1
/USERSPACE/DATASETS/CodecFake/train/F01_SSB02990074.wav,1
/USERSPACE/DATASETS/CodecFake/train/F01_SSB08090195.wav,1
/USERSPACE/DATASETS/CodecFake/train/F01_p360_337.wav,1
/USERSPACE/DATASETS/CodecFake/train/F01_SSB10560333.wav,1
/USERSPACE/DATASETS/CodecFake/train/F01_SSB07110156.wav,1
/USERSPACE/DATASETS/CodecFake/train/F01_SSB03950227.wav,1
/USERSPACE/DATASETS/CodecFake/train/F01_p262_371.wav,1
/USERSPACE/DATASETS/CodecFake/train/F01_SSB00160378.wav,1
/USERSPACE/DATASETS/CodecFake/train/F01_SSB14480185.wav,1
/USERSPACE/DATASETS/CodecFake/train/F01_p279_077.wav,1
/USERSPACE/DATASETS/CodecFake/train/F01_SSB03820403.wav,1
/USERSPACE/DATASETS/CodecFake/train/F01_p241_074.wav,1
/USERSPACE/DATASETS/CodecFake/train/F01_p258_056.wav,1
/USERSPACE/DATASETS/CodecFake/train/F01_p292_181.wav,1
/USERSPACE/DATASETS/CodecFake/train/F01_p259_024.wav,1
/USERSPACE/DATASETS/CodecFake/train/F01_p335_251.wav,1
/USERSPACE/DATASETS/CodecFake/train/F01_SSB07840358.wav,1
/USERSPACE/DATASETS/CodecFake/train/F01_SSB04260389.wav,1
/USERSPACE/DATASETS/CodecFake/train/F01_SSB08510193.wav,1
/USERSPACE/DATASETS/CodecFake/train/F01_SSB06660404.wav,1
/USERSPACE/DATASETS/CodecFake/train/F01_SSB11250211.wav,1
/USERSPACE/DATASETS/CodecFake/train/F01_SSB06660140.wav,1
/USERSPACE/DATASETS/CodecFake/train/F01_p282_159.wav,1
/USERSPACE/DATASETS/CodecFake/train/F01_SSB07940367.wav,1
/USERSPACE/DATASETS/CodecFake/train/F01_SSB11080475.wav,1
/USERSPACE/DATASETS/CodecFake/train/F01_SSB02410402.wav,1
/USERSPACE/DATASETS/CodecFake/train/F01_SSB11260173.wav,1
/USERSPACE/DATASETS/CodecFake/train/F01_p227_179.wav,1
/USERSPACE/DATASETS/CodecFake/train/F01_SSB01450433.wav,1
/USERSPACE/DATASETS/CodecFake/train/F01_SSB01450408.wav,1
/USERSPACE/DATASETS/CodecFake/train/F01_SSB11970171.wav,1
/USERSPACE/DATASETS/CodecFake/train/F01_SSB00730306.wav,1
/USERSPACE/DATASETS/CodecFake/train/F01_p250_225.wav,1
/USERSPACE/DATASETS/CodecFake/train/F01_SSB17280014.wav,1
/USERSPACE/DATASETS/CodecFake/train/F01_SSB16500438.wav,1
/USERSPACE/DATASETS/CodecFake/train/F01_SSB05780325.wav,1
/USERSPACE/DATASETS/CodecFake/train/F01_SSB19350381.wav,1
/USERSPACE/DATASETS/CodecFake/train/F01_SSB07110344.wav,1
/USERSPACE/DATASETS/CodecFake/train/F01_p314_183.wav,1
/USERSPACE/DATASETS/CodecFake/train/F01_SSB12190101.wav,1
/USERSPACE/DATASETS/CodecFake/train/F01_SSB10240212.wav,1
/USERSPACE/DATASETS/CodecFake/train/F01_SSB03800474.wav,1
/USERSPACE/DATASETS/CodecFake/train/F01_SSB12740447.wav,1
/USERSPACE/DATASETS/CodecFake/train/F01_p244_013.wav,1
/USERSPACE/DATASETS/CodecFake/train/F01_SSB07480431.wav,1
/USERSPACE/DATASETS/CodecFake/train/F01_p336_262.wav,1
/USERSPACE/DATASETS/CodecFake/train/F01_SSB01330037.wav,1
/USERSPACE/DATASETS/CodecFake/train/F01_SSB13820256.wav,1
/USERSPACE/DATASETS/CodecFake/train/F01_p261_252.wav,1
/USERSPACE/DATASETS/CodecFake/train/F01_p233_178.wav,1
/USERSPACE/DATASETS/CodecFake/train/F01_SSB00120153.wav,1
/USERSPACE/DATASETS/CodecFake/train/F01_SSB05440379.wav,1
/USERSPACE/DATASETS/CodecFake/train/F01_SSB15670341.wav,1
/USERSPACE/DATASETS/CodecFake/train/F01_SSB01490120.wav,1
/USERSPACE/DATASETS/CodecFake/train/F01_SSB03380019.wav,1
/USERSPACE/DATASETS/CodecFake/train/F01_SSB14480125.wav,1
/USERSPACE/DATASETS/CodecFake/train/F01_p284_057.wav,1
/USERSPACE/DATASETS/CodecFake/train/F01_SSB06660380.wav,1
/USERSPACE/DATASETS/CodecFake/train/F01_p230_023.wav,1
/USERSPACE/DATASETS/CodecFake/train/F01_p228_199.wav,1
/USERSPACE/DATASETS/CodecFake/train/F01_SSB06060244.wav,1
/USERSPACE/DATASETS/CodecFake/train/F01_p273_089.wav,1
/USERSPACE/DATASETS/CodecFake/train/F01_p329_226.wav,1
/USERSPACE/DATASETS/CodecFake/train/F01_SSB10240423.wav,1
/USERSPACE/DATASETS/CodecFake/train/F01_SSB15670168.wav,1
/USERSPACE/DATASETS/CodecFake/train/F01_p251_276.wav,1
/USERSPACE/DATASETS/CodecFake/train/F01_SSB14520483.wav,1
/USERSPACE/DATASETS/CodecFake/train/F01_SSB09870221.wav,1
/USERSPACE/DATASETS/CodecFake/train/F01_p340_366.wav,1
/USERSPACE/DATASETS/CodecFake/train/F01_SSB16500370.wav,1
/USERSPACE/DATASETS/CodecFake/train/F01_SSB07580010.wav,1
/USERSPACE/DATASETS/CodecFake/train/F01_SSB07460308.wav,1
/USERSPACE/DATASETS/CodecFake/train/F01_SSB03070332.wav,1
/USERSPACE/DATASETS/CodecFake/train/F01_SSB00800305.wav,1
/USERSPACE/DATASETS/CodecFake/train/F01_SSB03380254.wav,1
/USERSPACE/DATASETS/CodecFake/train/F01_SSB09660372.wav,1
/USERSPACE/DATASETS/CodecFake/train/F01_p297_393.wav,1
/USERSPACE/DATASETS/CodecFake/train/F01_SSB16500104.wav,1
/USERSPACE/DATASETS/CodecFake/train/F01_p281_139.wav,1
/USERSPACE/DATASETS/CodecFake/train/F01_SSB07230161.wav,1
/USERSPACE/DATASETS/CodecFake/train/F01_SSB10550448.wav,1
/USERSPACE/DATASETS/CodecFake/train/F01_SSB08170067.wav,1
/USERSPACE/DATASETS/CodecFake/train/F01_SSB07460467.wav,1
/USERSPACE/DATASETS/CodecFake/train/F01_p258_020.wav,1
/USERSPACE/DATASETS/CodecFake/train/F01_SSB09190351.wav,1
/USERSPACE/DATASETS/CodecFake/train/F01_SSB03820223.wav,1
/USERSPACE/DATASETS/CodecFake/train/F01_SSB17110468.wav,1
/USERSPACE/DATASETS/CodecFake/train/F01_SSB08220413.wav,1
/USERSPACE/DATASETS/CodecFake/train/F01_p263_260.wav,1
/USERSPACE/DATASETS/CodecFake/train/F01_p297_273.wav,1
/USERSPACE/DATASETS/CodecFake/train/F01_SSB19390326.wav,1
/USERSPACE/DATASETS/CodecFake/train/F01_SSB07160091.wav,1
/USERSPACE/DATASETS/CodecFake/train/F01_SSB04700275.wav,1
/USERSPACE/DATASETS/CodecFake/train/F01_SSB12160434.wav,1
/USERSPACE/DATASETS/CodecFake/train/F01_SSB04150010.wav,1
/USERSPACE/DATASETS/CodecFake/train/F01_SSB15670367.wav,1
/USERSPACE/DATASETS/CodecFake/train/F01_p241_138.wav,1
/USERSPACE/DATASETS/CodecFake/train/F01_SSB03380074.wav,1
/USERSPACE/DATASETS/CodecFake/train/F01_SSB03800437.wav,1
/USERSPACE/DATASETS/CodecFake/train/F01_SSB06660310.wav,1
/USERSPACE/DATASETS/CodecFake/train/F01_p308_336.wav,1
/USERSPACE/DATASETS/CodecFake/train/F01_SSB05880301.wav,1
/USERSPACE/DATASETS/CodecFake/train/F01_SSB16700296.wav,1
/USERSPACE/DATASETS/CodecFake/train/F01_SSB15550002.wav,1
/USERSPACE/DATASETS/CodecFake/train/F01_SSB07480466.wav,1
/USERSPACE/DATASETS/CodecFake/train/F01_p376_021.wav,1
/USERSPACE/DATASETS/CodecFake/train/F01_SSB16070274.wav,1
/USERSPACE/DATASETS/CodecFake/train/F01_SSB01220107.wav,1
/USERSPACE/DATASETS/CodecFake/train/F01_p339_163.wav,1
/USERSPACE/DATASETS/CodecFake/train/F01_SSB04350312.wav,1
/USERSPACE/DATASETS/CodecFake/train/F01_SSB13990358.wav,1
/USERSPACE/DATASETS/CodecFake/train/F01_SSB07460228.wav,1
/USERSPACE/DATASETS/CodecFake/train/F01_SSB19560237.wav,1
/USERSPACE/DATASETS/CodecFake/train/F01_SSB10000418.wav,1
/USERSPACE/DATASETS/CodecFake/train/F01_p299_046.wav,1
/USERSPACE/DATASETS/CodecFake/train/F01_p237_218.wav,1
/USERSPACE/DATASETS/CodecFake/train/F01_p293_058.wav,1
/USERSPACE/DATASETS/CodecFake/train/F01_p285_116.wav,1
/USERSPACE/DATASETS/CodecFake/train/F01_SSB06660428.wav,1
/USERSPACE/DATASETS/CodecFake/train/F01_SSB07600207.wav,1
/USERSPACE/DATASETS/CodecFake/train/F01_p277_231.wav,1
/USERSPACE/DATASETS/CodecFake/train/F01_SSB03230206.wav,1
/USERSPACE/DATASETS/CodecFake/train/F01_SSB07160362.wav,1
/USERSPACE/DATASETS/CodecFake/train/F01_SSB03950014.wav,1
/USERSPACE/DATASETS/CodecFake/train/F01_SSB03150370.wav,1
/USERSPACE/DATASETS/CodecFake/train/F01_SSB11100008.wav,1
/USERSPACE/DATASETS/CodecFake/train/F01_SSB16860419.wav,1
/USERSPACE/DATASETS/CodecFake/train/F01_p318_322.wav,1
/USERSPACE/DATASETS/CodecFake/train/F01_SSB07840424.wav,1
/USERSPACE/DATASETS/CodecFake/train/F01_SSB03540403.wav,1
/USERSPACE/DATASETS/CodecFake/train/F01_p313_251.wav,1
/USERSPACE/DATASETS/CodecFake/train/F01_p258_011.wav,1
/USERSPACE/DATASETS/CodecFake/train/F01_p277_374.wav,1
/USERSPACE/DATASETS/CodecFake/train/F01_SSB13220323.wav,1
/USERSPACE/DATASETS/CodecFake/train/F01_p244_409.wav,1
/USERSPACE/DATASETS/CodecFake/train/F01_SSB18780464.wav,1
/USERSPACE/DATASETS/CodecFake/train/F01_p276_032.wav,1
/USERSPACE/DATASETS/CodecFake/train/F01_SSB18100326.wav,1
/USERSPACE/DATASETS/CodecFake/train/F01_p232_239.wav,1
/USERSPACE/DATASETS/CodecFake/train/F01_p376_182.wav,1
/USERSPACE/DATASETS/CodecFake/train/F01_SSB11080006.wav,1
/USERSPACE/DATASETS/CodecFake/train/F01_p307_363.wav,1
/USERSPACE/DATASETS/CodecFake/train/F01_p298_061.wav,1
/USERSPACE/DATASETS/CodecFake/train/F01_SSB01970449.wav,1
/USERSPACE/DATASETS/CodecFake/train/F01_SSB03930109.wav,1
/USERSPACE/DATASETS/CodecFake/train/F01_p245_175.wav,1
/USERSPACE/DATASETS/CodecFake/train/F01_SSB05880379.wav,1
/USERSPACE/DATASETS/CodecFake/train/F01_SSB02870459.wav,1
/USERSPACE/DATASETS/CodecFake/train/F01_SSB07580126.wav,1
/USERSPACE/DATASETS/CodecFake/train/F01_SSB03850177.wav,1
/USERSPACE/DATASETS/CodecFake/train/F01_p259_198.wav,1
/USERSPACE/DATASETS/CodecFake/train/F01_SSB12190382.wav,1
/USERSPACE/DATASETS/CodecFake/train/F01_SSB09190251.wav,1
/USERSPACE/DATASETS/CodecFake/train/F01_p292_112.wav,1
/USERSPACE/DATASETS/CodecFake/train/F01_SSB12030153.wav,1
/USERSPACE/DATASETS/CodecFake/train/F01_SSB02670350.wav,1
/USERSPACE/DATASETS/CodecFake/train/F01_SSB07110305.wav,1
/USERSPACE/DATASETS/CodecFake/train/F01_SSB05350162.wav,1
/USERSPACE/DATASETS/CodecFake/train/F01_SSB06860230.wav,1
/USERSPACE/DATASETS/CodecFake/train/F01_SSB16700312.wav,1
/USERSPACE/DATASETS/CodecFake/train/F01_p335_246.wav,1
/USERSPACE/DATASETS/CodecFake/train/F01_SSB13820180.wav,1
/USERSPACE/DATASETS/CodecFake/train/F01_SSB06710009.wav,1
/USERSPACE/DATASETS/CodecFake/train/F01_SSB03940324.wav,1
/USERSPACE/DATASETS/CodecFake/train/F01_SSB00160477.wav,1
/USERSPACE/DATASETS/CodecFake/train/F01_SSB06070145.wav,1
/USERSPACE/DATASETS/CodecFake/train/F01_SSB12150098.wav,1
/USERSPACE/DATASETS/CodecFake/train/F01_SSB13770155.wav,1
/USERSPACE/DATASETS/CodecFake/train/F01_SSB18370412.wav,1
/USERSPACE/DATASETS/CodecFake/train/F01_SSB07620477.wav,1
/USERSPACE/DATASETS/CodecFake/train/F01_SSB03410458.wav,1
/USERSPACE/DATASETS/CodecFake/train/F01_SSB13850048.wav,1
/USERSPACE/DATASETS/CodecFake/train/F01_SSB16070445.wav,1
/USERSPACE/DATASETS/CodecFake/train/F01_SSB06230444.wav,1
/USERSPACE/DATASETS/CodecFake/train/F01_SSB12150312.wav,1
/USERSPACE/DATASETS/CodecFake/train/F01_p376_243.wav,1
/USERSPACE/DATASETS/CodecFake/train/F01_p274_013.wav,1
/USERSPACE/DATASETS/CodecFake/train/F01_SSB08630049.wav,1
/USERSPACE/DATASETS/CodecFake/train/F01_SSB11260455.wav,1
/USERSPACE/DATASETS/CodecFake/train/F01_p340_297.wav,1
/USERSPACE/DATASETS/CodecFake/train/F01_p243_240.wav,1
/USERSPACE/DATASETS/CodecFake/train/F01_SSB03090080.wav,1
/USERSPACE/DATASETS/CodecFake/train/F01_SSB00050428.wav,1
/USERSPACE/DATASETS/CodecFake/train/F01_p228_355.wav,1
/USERSPACE/DATASETS/CodecFake/train/F01_SSB11760014.wav,1
/USERSPACE/DATASETS/CodecFake/train/F01_p262_315.wav,1
/USERSPACE/DATASETS/CodecFake/train/F01_SSB03940367.wav,1
/USERSPACE/DATASETS/CodecFake/train/F01_SSB16250242.wav,1
/USERSPACE/DATASETS/CodecFake/train/F01_SSB03950276.wav,1
/USERSPACE/DATASETS/CodecFake/train/F01_SSB18280052.wav,1
/USERSPACE/DATASETS/CodecFake/train/F01_SSB11150065.wav,1
/USERSPACE/DATASETS/CodecFake/train/F01_p263_305.wav,1
/USERSPACE/DATASETS/CodecFake/train/F01_SSB06230125.wav,1
/USERSPACE/DATASETS/CodecFake/train/F01_SSB13820155.wav,1
/USERSPACE/DATASETS/CodecFake/train/F01_p228_049.wav,1
/USERSPACE/DATASETS/CodecFake/train/F01_SSB07480178.wav,1
/USERSPACE/DATASETS/CodecFake/train/F01_p333_019.wav,1
/USERSPACE/DATASETS/CodecFake/train/F01_SSB08090201.wav,1
/USERSPACE/DATASETS/CodecFake/train/F01_SSB05350108.wav,1
/USERSPACE/DATASETS/CodecFake/train/F01_SSB03420027.wav,1
/USERSPACE/DATASETS/CodecFake/train/F01_p267_309.wav,1
/USERSPACE/DATASETS/CodecFake/train/F01_SSB01490103.wav,1
/USERSPACE/DATASETS/CodecFake/train/F01_p307_084.wav,1
/USERSPACE/DATASETS/CodecFake/train/F01_SSB07510370.wav,1
/USERSPACE/DATASETS/CodecFake/train/F01_SSB16700219.wav,1
/USERSPACE/DATASETS/CodecFake/train/F01_SSB00380103.wav,1
/USERSPACE/DATASETS/CodecFake/train/F01_SSB04270263.wav,1
/USERSPACE/DATASETS/CodecFake/train/F01_p310_377.wav,1
/USERSPACE/DATASETS/CodecFake/train/F01_SSB11760424.wav,1
/USERSPACE/DATASETS/CodecFake/train/F01_SSB15750333.wav,1
/USERSPACE/DATASETS/CodecFake/train/F01_p334_022.wav,1
/USERSPACE/DATASETS/CodecFake/train/F01_p312_015.wav,1
/USERSPACE/DATASETS/CodecFake/train/F01_p227_287.wav,1
/USERSPACE/DATASETS/CodecFake/train/F01_p243_232.wav,1
/USERSPACE/DATASETS/CodecFake/train/F01_p364_116.wav,1
/USERSPACE/DATASETS/CodecFake/train/F01_p265_329.wav,1
/USERSPACE/DATASETS/CodecFake/train/F01_p313_043.wav,1
/USERSPACE/DATASETS/CodecFake/train/F01_p275_413.wav,1
/USERSPACE/DATASETS/CodecFake/train/F01_SSB19020199.wav,1
/USERSPACE/DATASETS/CodecFake/train/F01_SSB12210258.wav,1
/USERSPACE/DATASETS/CodecFake/train/F01_SSB06860308.wav,1
/USERSPACE/DATASETS/CodecFake/train/F01_SSB19180469.wav,1
/USERSPACE/DATASETS/CodecFake/train/F01_SSB07200369.wav,1
/USERSPACE/DATASETS/CodecFake/train/F01_p247_412.wav,1
/USERSPACE/DATASETS/CodecFake/train/F01_SSB00570358.wav,1
/USERSPACE/DATASETS/CodecFake/train/F01_SSB02460395.wav,1
/USERSPACE/DATASETS/CodecFake/train/F01_SSB15670044.wav,1
/USERSPACE/DATASETS/CodecFake/train/F01_SSB07170418.wav,1
/USERSPACE/DATASETS/CodecFake/train/F01_p276_333.wav,1
/USERSPACE/DATASETS/CodecFake/train/F01_SSB18280149.wav,1
/USERSPACE/DATASETS/CodecFake/train/F01_SSB06710384.wav,1
/USERSPACE/DATASETS/CodecFake/train/F01_SSB08510258.wav,1
/USERSPACE/DATASETS/CodecFake/train/F01_p285_353.wav,1
/USERSPACE/DATASETS/CodecFake/train/F01_SSB06030278.wav,1
/USERSPACE/DATASETS/CodecFake/train/F01_SSB07840251.wav,1
/USERSPACE/DATASETS/CodecFake/train/F01_SSB13660103.wav,1
/USERSPACE/DATASETS/CodecFake/train/F01_SSB05940241.wav,1
/USERSPACE/DATASETS/CodecFake/train/F01_SSB00160248.wav,1
/USERSPACE/DATASETS/CodecFake/train/F01_SSB04820245.wav,1
/USERSPACE/DATASETS/CodecFake/train/F01_SSB03750085.wav,1
/USERSPACE/DATASETS/CodecFake/train/F01_p265_053.wav,1
/USERSPACE/DATASETS/CodecFake/train/F01_p277_131.wav,1
/USERSPACE/DATASETS/CodecFake/train/F01_SSB02460484.wav,1
/USERSPACE/DATASETS/CodecFake/train/F01_p305_136.wav,1
/USERSPACE/DATASETS/CodecFake/train/F01_p294_154.wav,1
/USERSPACE/DATASETS/CodecFake/train/F01_SSB11360312.wav,1
/USERSPACE/DATASETS/CodecFake/train/F01_SSB10720438.wav,1
/USERSPACE/DATASETS/CodecFake/train/F01_p287_292.wav,1
/USERSPACE/DATASETS/CodecFake/train/F01_SSB13660043.wav,1
/USERSPACE/DATASETS/CodecFake/train/F01_SSB02670177.wav,1
/USERSPACE/DATASETS/CodecFake/train/F01_p273_190.wav,1
/USERSPACE/DATASETS/CodecFake/train/F01_SSB15550315.wav,1
/USERSPACE/DATASETS/CodecFake/train/F01_p258_372.wav,1
/USERSPACE/DATASETS/CodecFake/train/F01_SSB03410238.wav,1
/USERSPACE/DATASETS/CodecFake/train/F01_p280_106.wav,1
/USERSPACE/DATASETS/CodecFake/train/F01_p232_292.wav,1
/USERSPACE/DATASETS/CodecFake/train/F01_SSB05390472.wav,1
/USERSPACE/DATASETS/CodecFake/train/F01_SSB02610292.wav,1
/USERSPACE/DATASETS/CodecFake/train/F01_SSB10720083.wav,1
/USERSPACE/DATASETS/CodecFake/train/F01_p293_122.wav,1
/USERSPACE/DATASETS/CodecFake/train/F01_SSB05900434.wav,1
/USERSPACE/DATASETS/CodecFake/train/F01_SSB00330170.wav,1
/USERSPACE/DATASETS/CodecFake/train/F01_SSB11310347.wav,1
/USERSPACE/DATASETS/CodecFake/train/F01_SSB16500409.wav,1
/USERSPACE/DATASETS/CodecFake/train/F01_p347_306.wav,1
/USERSPACE/DATASETS/CodecFake/train/F01_p263_265.wav,1
/USERSPACE/DATASETS/CodecFake/train/F01_SSB06010217.wav,1
/USERSPACE/DATASETS/CodecFake/train/F01_p273_224.wav,1
/USERSPACE/DATASETS/CodecFake/train/F01_SSB02870018.wav,1
/USERSPACE/DATASETS/CodecFake/train/F01_SSB18060479.wav,1
/USERSPACE/DATASETS/CodecFake/train/F01_p362_245.wav,1
/USERSPACE/DATASETS/CodecFake/train/F01_SSB09870065.wav,1
/USERSPACE/DATASETS/CodecFake/train/F01_SSB08170075.wav,1
/USERSPACE/DATASETS/CodecFake/train/F01_p236_119.wav,1
/USERSPACE/DATASETS/CodecFake/train/F01_SSB04820056.wav,1
/USERSPACE/DATASETS/CodecFake/train/F01_SSB05440483.wav,1
/USERSPACE/DATASETS/CodecFake/train/F01_p272_299.wav,1
/USERSPACE/DATASETS/CodecFake/train/F01_p297_392.wav,1
/USERSPACE/DATASETS/CodecFake/train/F01_SSB07620497.wav,1
/USERSPACE/DATASETS/CodecFake/train/F01_SSB04270006.wav,1
/USERSPACE/DATASETS/CodecFake/train/F01_SSB12030206.wav,1
/USERSPACE/DATASETS/CodecFake/train/F01_SSB12740495.wav,1
/USERSPACE/DATASETS/CodecFake/train/F01_SSB00430206.wav,1
/USERSPACE/DATASETS/CodecFake/train/F01_p314_124.wav,1
/USERSPACE/DATASETS/CodecFake/train/F01_p261_045.wav,1
/USERSPACE/DATASETS/CodecFake/train/F01_SSB09150080.wav,1
/USERSPACE/DATASETS/CodecFake/train/F01_p271_292.wav,1
/USERSPACE/DATASETS/CodecFake/train/F01_p285_101.wav,1
/USERSPACE/DATASETS/CodecFake/train/F01_p301_266.wav,1
/USERSPACE/DATASETS/CodecFake/train/F01_SSB18280300.wav,1
/USERSPACE/DATASETS/CodecFake/train/F01_p286_447.wav,1
/USERSPACE/DATASETS/CodecFake/train/F01_p362_372.wav,1
/USERSPACE/DATASETS/CodecFake/train/F01_p326_368.wav,1
/USERSPACE/DATASETS/CodecFake/train/F01_p257_057.wav,1
/USERSPACE/DATASETS/CodecFake/train/F01_SSB06310166.wav,1
/USERSPACE/DATASETS/CodecFake/train/F01_SSB06090332.wav,1
/USERSPACE/DATASETS/CodecFake/train/F01_SSB04350159.wav,1
/USERSPACE/DATASETS/CodecFake/train/F01_SSB13660175.wav,1
/USERSPACE/DATASETS/CodecFake/train/F01_p318_408.wav,1
/USERSPACE/DATASETS/CodecFake/train/F01_SSB19020244.wav,1
/USERSPACE/DATASETS/CodecFake/train/F01_SSB05350152.wav,1
/USERSPACE/DATASETS/CodecFake/train/F01_SSB11380268.wav,1
/USERSPACE/DATASETS/CodecFake/train/F01_SSB07360499.wav,1
/USERSPACE/DATASETS/CodecFake/train/F01_p288_341.wav,1
/USERSPACE/DATASETS/CodecFake/train/F01_p330_060.wav,1
/USERSPACE/DATASETS/CodecFake/train/F01_SSB00570066.wav,1
/USERSPACE/DATASETS/CodecFake/train/F01_p323_063.wav,1
/USERSPACE/DATASETS/CodecFake/train/F01_p230_072.wav,1
/USERSPACE/DATASETS/CodecFake/train/F01_SSB09350191.wav,1
/USERSPACE/DATASETS/CodecFake/train/F01_SSB07020487.wav,1
/USERSPACE/DATASETS/CodecFake/train/F01_SSB08170426.wav,1
/USERSPACE/DATASETS/CodecFake/train/F01_p265_157.wav,1
/USERSPACE/DATASETS/CodecFake/train/F01_SSB07800409.wav,1
/USERSPACE/DATASETS/CodecFake/train/F01_SSB06230401.wav,1
/USERSPACE/DATASETS/CodecFake/train/F01_SSB02880272.wav,1
/USERSPACE/DATASETS/CodecFake/train/F01_p283_050.wav,1
/USERSPACE/DATASETS/CodecFake/train/F01_SSB10010494.wav,1
/USERSPACE/DATASETS/CodecFake/train/F01_p323_414.wav,1
/USERSPACE/DATASETS/CodecFake/train/F01_p272_366.wav,1
/USERSPACE/DATASETS/CodecFake/train/F01_SSB11260257.wav,1
/USERSPACE/DATASETS/CodecFake/train/F01_p253_191.wav,1
/USERSPACE/DATASETS/CodecFake/train/F01_p305_051.wav,1
/USERSPACE/DATASETS/CodecFake/train/F01_SSB03090018.wav,1
/USERSPACE/DATASETS/CodecFake/train/F01_SSB00110022.wav,1
/USERSPACE/DATASETS/CodecFake/train/F01_SSB17110481.wav,1
/USERSPACE/DATASETS/CodecFake/train/F01_p270_308.wav,1
/USERSPACE/DATASETS/CodecFake/train/F01_SSB07620502.wav,1
/USERSPACE/DATASETS/CodecFake/train/F01_p249_107.wav,1
/USERSPACE/DATASETS/CodecFake/train/F01_p336_399.wav,1
/USERSPACE/DATASETS/CodecFake/train/F01_p326_083.wav,1
/USERSPACE/DATASETS/CodecFake/train/F01_SSB17810218.wav,1
/USERSPACE/DATASETS/CodecFake/train/F01_SSB03660462.wav,1
/USERSPACE/DATASETS/CodecFake/train/F01_SSB07200092.wav,1
/USERSPACE/DATASETS/CodecFake/train/F01_SSB07490012.wav,1
/USERSPACE/DATASETS/CodecFake/train/F01_SSB10200493.wav,1
/USERSPACE/DATASETS/CodecFake/train/F01_SSB13990003.wav,1
/USERSPACE/DATASETS/CodecFake/train/F01_SSB12210205.wav,1
/USERSPACE/DATASETS/CodecFake/train/F01_SSB05900502.wav,1
/USERSPACE/DATASETS/CodecFake/train/F01_p311_118.wav,1
/USERSPACE/DATASETS/CodecFake/train/F01_SSB00730123.wav,1
/USERSPACE/DATASETS/CodecFake/train/F01_SSB05350276.wav,1
/USERSPACE/DATASETS/CodecFake/train/F01_SSB01490220.wav,1
/USERSPACE/DATASETS/CodecFake/train/F01_SSB06010027.wav,1
/USERSPACE/DATASETS/CodecFake/train/F01_SSB19350345.wav,1
/USERSPACE/DATASETS/CodecFake/train/F01_p230_110.wav,1
/USERSPACE/DATASETS/CodecFake/train/F01_p330_319.wav,1
/USERSPACE/DATASETS/CodecFake/train/F01_SSB06310136.wav,1
/USERSPACE/DATASETS/CodecFake/train/F01_SSB10200030.wav,1
/USERSPACE/DATASETS/CodecFake/train/F01_p263_140.wav,1
/USERSPACE/DATASETS/CodecFake/train/F01_p228_267.wav,1
/USERSPACE/DATASETS/CodecFake/train/F01_SSB10500265.wav,1
/USERSPACE/DATASETS/CodecFake/train/F01_p292_332.wav,1
/USERSPACE/DATASETS/CodecFake/train/F01_p285_311.wav,1
/USERSPACE/DATASETS/CodecFake/train/F01_SSB07860456.wav,1
/USERSPACE/DATASETS/CodecFake/train/F01_SSB18370350.wav,1
/USERSPACE/DATASETS/CodecFake/train/F01_p260_279.wav,1
/USERSPACE/DATASETS/CodecFake/train/F01_SSB18280223.wav,1
/USERSPACE/DATASETS/CodecFake/train/F01_SSB06060487.wav,1
/USERSPACE/DATASETS/CodecFake/train/F01_p266_236.wav,1
/USERSPACE/DATASETS/CodecFake/train/F01_p306_261.wav,1
/USERSPACE/DATASETS/CodecFake/train/F01_SSB12180420.wav,1
/USERSPACE/DATASETS/CodecFake/train/F01_p323_359.wav,1
/USERSPACE/DATASETS/CodecFake/train/F01_SSB13280328.wav,1
/USERSPACE/DATASETS/CodecFake/train/F01_p269_117.wav,1
/USERSPACE/DATASETS/CodecFake/train/F01_SSB11150367.wav,1
/USERSPACE/DATASETS/CodecFake/train/F01_p267_295.wav,1
/USERSPACE/DATASETS/CodecFake/train/F01_p275_221.wav,1
/USERSPACE/DATASETS/CodecFake/train/F01_p260_004.wav,1
/USERSPACE/DATASETS/CodecFake/train/F01_SSB07800251.wav,1
/USERSPACE/DATASETS/CodecFake/train/F01_SSB00800370.wav,1
/USERSPACE/DATASETS/CodecFake/train/F01_p262_387.wav,1
/USERSPACE/DATASETS/CodecFake/train/F01_SSB09350091.wav,1
/USERSPACE/DATASETS/CodecFake/train/F01_SSB04340287.wav,1
/USERSPACE/DATASETS/CodecFake/train/F01_SSB10550395.wav,1
/USERSPACE/DATASETS/CodecFake/train/F01_SSB00430474.wav,1
/USERSPACE/DATASETS/CodecFake/train/F01_p255_251.wav,1
/USERSPACE/DATASETS/CodecFake/train/F01_p341_062.wav,1
/USERSPACE/DATASETS/CodecFake/train/F01_p263_286.wav,1
/USERSPACE/DATASETS/CodecFake/train/F01_p253_254.wav,1
/USERSPACE/DATASETS/CodecFake/train/F01_p227_389.wav,1
/USERSPACE/DATASETS/CodecFake/train/F01_SSB11000203.wav,1
/USERSPACE/DATASETS/CodecFake/train/F01_p234_266.wav,1
/USERSPACE/DATASETS/CodecFake/train/F01_p294_307.wav,1
/USERSPACE/DATASETS/CodecFake/train/F01_SSB00330139.wav,1
/USERSPACE/DATASETS/CodecFake/train/F01_SSB16250017.wav,1
/USERSPACE/DATASETS/CodecFake/train/F01_SSB12040063.wav,1
/USERSPACE/DATASETS/CodecFake/train/F01_SSB05900299.wav,1
/USERSPACE/DATASETS/CodecFake/train/F01_SSB02870195.wav,1
/USERSPACE/DATASETS/CodecFake/train/F01_SSB11360003.wav,1
/USERSPACE/DATASETS/CodecFake/train/F01_p268_104.wav,1
/USERSPACE/DATASETS/CodecFake/train/F01_SSB12210374.wav,1
/USERSPACE/DATASETS/CodecFake/train/F01_SSB04260103.wav,1
/USERSPACE/DATASETS/CodecFake/train/F01_p298_305.wav,1
/USERSPACE/DATASETS/CodecFake/train/F01_SSB19350041.wav,1
/USERSPACE/DATASETS/CodecFake/train/F01_SSB05390507.wav,1
/USERSPACE/DATASETS/CodecFake/train/F01_p343_302.wav,1
/USERSPACE/DATASETS/CodecFake/train/F01_SSB10560009.wav,1
/USERSPACE/DATASETS/CodecFake/train/F01_SSB03420437.wav,1
/USERSPACE/DATASETS/CodecFake/train/F01_SSB03390036.wav,1
/USERSPACE/DATASETS/CodecFake/train/F01_SSB06930202.wav,1
/USERSPACE/DATASETS/CodecFake/train/F01_SSB00430299.wav,1
/USERSPACE/DATASETS/CodecFake/train/F01_SSB18460096.wav,1
/USERSPACE/DATASETS/CodecFake/train/F01_SSB07860179.wav,1
/USERSPACE/DATASETS/CodecFake/train/F01_SSB02670389.wav,1
/USERSPACE/DATASETS/CodecFake/train/F01_SSB16250159.wav,1
/USERSPACE/DATASETS/CodecFake/train/F01_SSB13220450.wav,1
/USERSPACE/DATASETS/CodecFake/train/F01_SSB16500243.wav,1
/USERSPACE/DATASETS/CodecFake/train/F01_SSB03160148.wav,1
/USERSPACE/DATASETS/CodecFake/train/F01_SSB11360134.wav,1
/USERSPACE/DATASETS/CodecFake/train/F01_SSB18310253.wav,1
/USERSPACE/DATASETS/CodecFake/train/F01_p283_044.wav,1
/USERSPACE/DATASETS/CodecFake/train/F01_p312_109.wav,1
/USERSPACE/DATASETS/CodecFake/train/F01_SSB09660460.wav,1
/USERSPACE/DATASETS/CodecFake/train/F01_SSB10560089.wav,1
/USERSPACE/DATASETS/CodecFake/train/F01_SSB18910444.wav,1
/USERSPACE/DATASETS/CodecFake/train/F01_SSB06290029.wav,1
/USERSPACE/DATASETS/CodecFake/train/F01_SSB09660431.wav,1
/USERSPACE/DATASETS/CodecFake/train/F01_SSB03660196.wav,1
/USERSPACE/DATASETS/CodecFake/train/F01_SSB04340029.wav,1
/USERSPACE/DATASETS/CodecFake/train/F01_p226_041.wav,1
/USERSPACE/DATASETS/CodecFake/train/F01_p301_047.wav,1
/USERSPACE/DATASETS/CodecFake/train/F01_SSB03150470.wav,1
/USERSPACE/DATASETS/CodecFake/train/F01_SSB19390416.wav,1
/USERSPACE/DATASETS/CodecFake/train/F01_p330_129.wav,1
/USERSPACE/DATASETS/CodecFake/train/F01_SSB10000357.wav,1
/USERSPACE/DATASETS/CodecFake/train/F01_SSB03150312.wav,1
/USERSPACE/DATASETS/CodecFake/train/F01_SSB07600300.wav,1
/USERSPACE/DATASETS/CodecFake/train/F01_SSB02460081.wav,1
/USERSPACE/DATASETS/CodecFake/train/F01_SSB07480208.wav,1
/USERSPACE/DATASETS/CodecFake/train/F01_SSB07110155.wav,1
/USERSPACE/DATASETS/CodecFake/train/F01_SSB05020062.wav,1
/USERSPACE/DATASETS/CodecFake/train/F01_SSB13850205.wav,1
/USERSPACE/DATASETS/CodecFake/train/F01_SSB07460113.wav,1
/USERSPACE/DATASETS/CodecFake/train/F01_p317_175.wav,1
/USERSPACE/DATASETS/CodecFake/train/F01_p270_425.wav,1
/USERSPACE/DATASETS/CodecFake/train/F01_SSB16990359.wav,1
/USERSPACE/DATASETS/CodecFake/train/F01_SSB11610023.wav,1
/USERSPACE/DATASETS/CodecFake/train/F01_SSB10640178.wav,1
/USERSPACE/DATASETS/CodecFake/train/F01_SSB05340282.wav,1
/USERSPACE/DATASETS/CodecFake/train/F01_SSB01930384.wav,1
/USERSPACE/DATASETS/CodecFake/train/F01_SSB12530151.wav,1
/USERSPACE/DATASETS/CodecFake/train/F01_SSB11260346.wav,1
/USERSPACE/DATASETS/CodecFake/train/F01_p253_157.wav,1
/USERSPACE/DATASETS/CodecFake/train/F01_SSB09190051.wav,1
/USERSPACE/DATASETS/CodecFake/train/F01_SSB11380397.wav,1
/USERSPACE/DATASETS/CodecFake/train/F01_SSB19560104.wav,1
/USERSPACE/DATASETS/CodecFake/train/F01_p351_140.wav,1
/USERSPACE/DATASETS/CodecFake/train/F01_SSB15550432.wav,1
/USERSPACE/DATASETS/CodecFake/train/F01_SSB02410454.wav,1
/USERSPACE/DATASETS/CodecFake/train/F01_p243_317.wav,1
/USERSPACE/DATASETS/CodecFake/train/F01_SSB05340084.wav,1
/USERSPACE/DATASETS/CodecFake/train/F01_SSB06090229.wav,1
/USERSPACE/DATASETS/CodecFake/train/F01_SSB05990425.wav,1
/USERSPACE/DATASETS/CodecFake/train/F01_p336_197.wav,1
/USERSPACE/DATASETS/CodecFake/train/F01_p261_221.wav,1
/USERSPACE/DATASETS/CodecFake/train/F01_p310_334.wav,1
/USERSPACE/DATASETS/CodecFake/train/F01_SSB11250035.wav,1
/USERSPACE/DATASETS/CodecFake/train/F01_SSB09930453.wav,1
/USERSPACE/DATASETS/CodecFake/train/F01_SSB03230477.wav,1
/USERSPACE/DATASETS/CodecFake/train/F01_SSB03950011.wav,1
/USERSPACE/DATASETS/CodecFake/train/F01_p233_337.wav,1
/USERSPACE/DATASETS/CodecFake/train/F01_SSB16300499.wav,1
/USERSPACE/DATASETS/CodecFake/train/F01_SSB19560069.wav,1
/USERSPACE/DATASETS/CodecFake/train/F01_p251_289.wav,1
/USERSPACE/DATASETS/CodecFake/train/F01_p300_192.wav,1
/USERSPACE/DATASETS/CodecFake/train/F01_SSB04260426.wav,1
/USERSPACE/DATASETS/CodecFake/train/F01_SSB04260088.wav,1
/USERSPACE/DATASETS/CodecFake/train/F01_p240_231.wav,1
/USERSPACE/DATASETS/CodecFake/train/F01_SSB00180138.wav,1
/USERSPACE/DATASETS/CodecFake/train/F01_p345_275.wav,1
/USERSPACE/DATASETS/CodecFake/train/F01_SSB16250287.wav,1
/USERSPACE/DATASETS/CodecFake/train/F01_SSB13820491.wav,1
/USERSPACE/DATASETS/CodecFake/train/F01_SSB03850324.wav,1
/USERSPACE/DATASETS/CodecFake/train/F01_SSB07510021.wav,1
/USERSPACE/DATASETS/CodecFake/train/F01_SSB11870383.wav,1
/USERSPACE/DATASETS/CodecFake/train/F01_SSB05650229.wav,1
/USERSPACE/DATASETS/CodecFake/train/F01_SSB02610462.wav,1
/USERSPACE/DATASETS/CodecFake/train/F01_p271_115.wav,1
/USERSPACE/DATASETS/CodecFake/train/F01_SSB06860511.wav,1
/USERSPACE/DATASETS/CodecFake/train/F01_p300_295.wav,1
/USERSPACE/DATASETS/CodecFake/train/F01_SSB08510315.wav,1
/USERSPACE/DATASETS/CodecFake/train/F01_SSB14480467.wav,1
/USERSPACE/DATASETS/CodecFake/train/F01_p285_333.wav,1
/USERSPACE/DATASETS/CodecFake/train/F01_p323_007.wav,1
/USERSPACE/DATASETS/CodecFake/train/F01_SSB07370162.wav,1
/USERSPACE/DATASETS/CodecFake/train/F01_SSB06290092.wav,1
/USERSPACE/DATASETS/CodecFake/train/F01_SSB06660217.wav,1
/USERSPACE/DATASETS/CodecFake/train/F01_p329_403.wav,1
/USERSPACE/DATASETS/CodecFake/train/F01_SSB09970260.wav,1
/USERSPACE/DATASETS/CodecFake/train/F01_SSB07510369.wav,1
/USERSPACE/DATASETS/CodecFake/train/F01_SSB01120397.wav,1
/USERSPACE/DATASETS/CodecFake/train/F01_SSB12190236.wav,1
/USERSPACE/DATASETS/CodecFake/train/F01_SSB07800150.wav,1
/USERSPACE/DATASETS/CodecFake/train/F01_p336_030.wav,1
/USERSPACE/DATASETS/CodecFake/train/F01_p234_027.wav,1
/USERSPACE/DATASETS/CodecFake/train/F01_SSB16840137.wav,1
/USERSPACE/DATASETS/CodecFake/train/F01_p305_352.wav,1
/USERSPACE/DATASETS/CodecFake/train/F01_SSB07370307.wav,1
/USERSPACE/DATASETS/CodecFake/train/F01_SSB07160021.wav,1
/USERSPACE/DATASETS/CodecFake/train/F01_SSB13650172.wav,1
/USERSPACE/DATASETS/CodecFake/train/F01_SSB05390054.wav,1
/USERSPACE/DATASETS/CodecFake/train/F01_SSB05780168.wav,1
/USERSPACE/DATASETS/CodecFake/train/F01_p295_288.wav,1
/USERSPACE/DATASETS/CodecFake/train/F01_SSB04350002.wav,1
/USERSPACE/DATASETS/CodecFake/train/F01_p273_172.wav,1
/USERSPACE/DATASETS/CodecFake/train/F01_p231_191.wav,1
/USERSPACE/DATASETS/CodecFake/train/F01_SSB05900362.wav,1
/USERSPACE/DATASETS/CodecFake/train/F01_p307_127.wav,1
/USERSPACE/DATASETS/CodecFake/train/F01_p256_317.wav,1
/USERSPACE/DATASETS/CodecFake/train/F01_SSB07160411.wav,1
/USERSPACE/DATASETS/CodecFake/train/F01_SSB03660269.wav,1
/USERSPACE/DATASETS/CodecFake/train/F01_SSB09970241.wav,1
/USERSPACE/DATASETS/CodecFake/train/F01_SSB07600120.wav,1
/USERSPACE/DATASETS/CodecFake/train/F01_SSB00120420.wav,1
/USERSPACE/DATASETS/CodecFake/train/F01_SSB16240507.wav,1
/USERSPACE/DATASETS/CodecFake/train/F01_SSB11360123.wav,1
/USERSPACE/DATASETS/CodecFake/train/F01_SSB07110213.wav,1
/USERSPACE/DATASETS/CodecFake/train/F01_SSB17280453.wav,1
/USERSPACE/DATASETS/CodecFake/train/F01_SSB09970103.wav,1
/USERSPACE/DATASETS/CodecFake/train/F01_p311_261.wav,1
/USERSPACE/DATASETS/CodecFake/train/F01_SSB11100476.wav,1
/USERSPACE/DATASETS/CodecFake/train/F01_SSB05900450.wav,1
/USERSPACE/DATASETS/CodecFake/train/F01_SSB05350153.wav,1
/USERSPACE/DATASETS/CodecFake/train/F01_SSB14520117.wav,1
/USERSPACE/DATASETS/CodecFake/train/F01_SSB12210153.wav,1
/USERSPACE/DATASETS/CodecFake/train/F01_SSB01970325.wav,1
/USERSPACE/DATASETS/CodecFake/train/F01_p270_304.wav,1
/USERSPACE/DATASETS/CodecFake/train/F01_p234_140.wav,1
/USERSPACE/DATASETS/CodecFake/train/F01_SSB06140158.wav,1
/USERSPACE/DATASETS/CodecFake/train/F01_SSB03380131.wav,1
/USERSPACE/DATASETS/CodecFake/train/F01_SSB12390201.wav,1
/USERSPACE/DATASETS/CodecFake/train/F01_SSB18630295.wav,1
/USERSPACE/DATASETS/CodecFake/train/F01_p297_100.wav,1
/USERSPACE/DATASETS/CodecFake/train/F01_p247_036.wav,1
/USERSPACE/DATASETS/CodecFake/train/F01_SSB13220244.wav,1
/USERSPACE/DATASETS/CodecFake/train/F01_SSB06860360.wav,1
/USERSPACE/DATASETS/CodecFake/train/F01_p232_003.wav,1
/USERSPACE/DATASETS/CodecFake/train/F01_p300_055.wav,1
/USERSPACE/DATASETS/CodecFake/train/F01_SSB07580189.wav,1
/USERSPACE/DATASETS/CodecFake/train/F01_SSB07800088.wav,1
/USERSPACE/DATASETS/CodecFake/train/F01_SSB05650349.wav,1
/USERSPACE/DATASETS/CodecFake/train/F01_SSB18910303.wav,1
/USERSPACE/DATASETS/CodecFake/train/F01_p231_262.wav,1
/USERSPACE/DATASETS/CodecFake/train/F01_SSB03090239.wav,1
/USERSPACE/DATASETS/CodecFake/train/F01_p329_057.wav,1
/USERSPACE/DATASETS/CodecFake/train/F01_SSB13020323.wav,1
/USERSPACE/DATASETS/CodecFake/train/F01_SSB12740088.wav,1
/USERSPACE/DATASETS/CodecFake/train/F01_p345_315.wav,1
/USERSPACE/DATASETS/CodecFake/train/F01_SSB14480471.wav,1
/USERSPACE/DATASETS/CodecFake/train/F01_p243_222.wav,1
/USERSPACE/DATASETS/CodecFake/train/F01_p284_103.wav,1
/USERSPACE/DATASETS/CodecFake/train/F01_SSB06930368.wav,1
/USERSPACE/DATASETS/CodecFake/train/F01_p247_385.wav,1
/USERSPACE/DATASETS/CodecFake/train/F01_p362_226.wav,1
/USERSPACE/DATASETS/CodecFake/train/F01_p326_012.wav,1
/USERSPACE/DATASETS/CodecFake/train/F01_SSB06290178.wav,1
/USERSPACE/DATASETS/CodecFake/train/F01_SSB05990198.wav,1
/USERSPACE/DATASETS/CodecFake/train/F01_SSB11250438.wav,1
/USERSPACE/DATASETS/CodecFake/train/F01_SSB03160024.wav,1
/USERSPACE/DATASETS/CodecFake/train/F01_SSB07490200.wav,1
/USERSPACE/DATASETS/CodecFake/train/F01_SSB02730469.wav,1
/USERSPACE/DATASETS/CodecFake/train/F01_p363_352.wav,1
/USERSPACE/DATASETS/CodecFake/train/F01_p227_201.wav,1
/USERSPACE/DATASETS/CodecFake/train/F01_p363_414.wav,1
/USERSPACE/DATASETS/CodecFake/train/F01_SSB18320334.wav,1
/USERSPACE/DATASETS/CodecFake/train/F01_SSB07840399.wav,1
/USERSPACE/DATASETS/CodecFake/train/F01_SSB07510374.wav,1
/USERSPACE/DATASETS/CodecFake/train/F01_SSB13020070.wav,1
/USERSPACE/DATASETS/CodecFake/train/F01_SSB10640160.wav,1
/USERSPACE/DATASETS/CodecFake/train/F01_SSB07360058.wav,1
/USERSPACE/DATASETS/CodecFake/train/F01_p316_050.wav,1
/USERSPACE/DATASETS/CodecFake/train/F01_SSB05880134.wav,1
/USERSPACE/DATASETS/CodecFake/train/F01_SSB03410240.wav,1
/USERSPACE/DATASETS/CodecFake/train/F01_p254_153.wav,1
/USERSPACE/DATASETS/CodecFake/train/F01_p308_244.wav,1
/USERSPACE/DATASETS/CodecFake/train/F01_SSB05780510.wav,1
/USERSPACE/DATASETS/CodecFake/train/F01_p279_071.wav,1
/USERSPACE/DATASETS/CodecFake/train/F01_SSB19350385.wav,1
/USERSPACE/DATASETS/CodecFake/train/F01_p255_114.wav,1
/USERSPACE/DATASETS/CodecFake/train/F01_SSB07100311.wav,1
/USERSPACE/DATASETS/CodecFake/train/F01_SSB00160488.wav,1
/USERSPACE/DATASETS/CodecFake/train/F01_p341_251.wav,1
/USERSPACE/DATASETS/CodecFake/train/F01_SSB15850127.wav,1
/USERSPACE/DATASETS/CodecFake/train/F01_SSB01120429.wav,1
/USERSPACE/DATASETS/CodecFake/train/F01_p286_122.wav,1
/USERSPACE/DATASETS/CodecFake/train/F01_SSB13220508.wav,1
/USERSPACE/DATASETS/CodecFake/train/F01_p286_156.wav,1
/USERSPACE/DATASETS/CodecFake/train/F01_p230_273.wav,1
/USERSPACE/DATASETS/CodecFake/train/F01_SSB07370029.wav,1
/USERSPACE/DATASETS/CodecFake/train/F01_SSB02670119.wav,1
/USERSPACE/DATASETS/CodecFake/train/F01_SSB05780251.wav,1
/USERSPACE/DATASETS/CodecFake/train/F01_SSB09660191.wav,1
/USERSPACE/DATASETS/CodecFake/train/F01_p376_238.wav,1
/USERSPACE/DATASETS/CodecFake/train/F01_p305_420.wav,1
/USERSPACE/DATASETS/CodecFake/train/F01_SSB01330023.wav,1
/USERSPACE/DATASETS/CodecFake/train/F01_p247_192.wav,1
/USERSPACE/DATASETS/CodecFake/train/F01_SSB16240199.wav,1
/USERSPACE/DATASETS/CodecFake/train/F01_SSB12150100.wav,1
/USERSPACE/DATASETS/CodecFake/train/F01_SSB16840481.wav,1
/USERSPACE/DATASETS/CodecFake/train/F01_SSB11970199.wav,1
/USERSPACE/DATASETS/CodecFake/train/F01_SSB14370317.wav,1
/USERSPACE/DATASETS/CodecFake/train/F01_SSB06860124.wav,1
/USERSPACE/DATASETS/CodecFake/train/F01_p282_086.wav,1
/USERSPACE/DATASETS/CodecFake/train/F01_SSB05650111.wav,1
/USERSPACE/DATASETS/CodecFake/train/F01_SSB05940310.wav,1
/USERSPACE/DATASETS/CodecFake/train/F01_SSB04700053.wav,1
/USERSPACE/DATASETS/CodecFake/train/F01_SSB05340363.wav,1
/USERSPACE/DATASETS/CodecFake/train/F01_SSB07020159.wav,1
/USERSPACE/DATASETS/CodecFake/train/F01_SSB17810038.wav,1
/USERSPACE/DATASETS/CodecFake/train/F01_p336_233.wav,1
/USERSPACE/DATASETS/CodecFake/train/F01_SSB04350239.wav,1
/USERSPACE/DATASETS/CodecFake/train/F01_SSB03660253.wav,1
/USERSPACE/DATASETS/CodecFake/train/F01_SSB15930128.wav,1
/USERSPACE/DATASETS/CodecFake/train/F01_p282_225.wav,1
/USERSPACE/DATASETS/CodecFake/train/F01_p255_033.wav,1
/USERSPACE/DATASETS/CodecFake/train/F01_SSB07510137.wav,1
/USERSPACE/DATASETS/CodecFake/train/F01_SSB03420424.wav,1
/USERSPACE/DATASETS/CodecFake/train/F01_SSB13820492.wav,1
/USERSPACE/DATASETS/CodecFake/train/F01_SSB05390230.wav,1
/USERSPACE/DATASETS/CodecFake/train/F01_SSB09130432.wav,1
/USERSPACE/DATASETS/CodecFake/train/F01_p330_139.wav,1
/USERSPACE/DATASETS/CodecFake/train/F01_SSB02460354.wav,1
/USERSPACE/DATASETS/CodecFake/train/F01_SSB19350184.wav,1
/USERSPACE/DATASETS/CodecFake/train/F01_p250_295.wav,1
/USERSPACE/DATASETS/CodecFake/train/F01_SSB10720126.wav,1
/USERSPACE/DATASETS/CodecFake/train/F01_SSB11250448.wav,1
/USERSPACE/DATASETS/CodecFake/train/F01_p333_086.wav,1
/USERSPACE/DATASETS/CodecFake/train/F01_SSB13410371.wav,1
/USERSPACE/DATASETS/CodecFake/train/F01_p281_008.wav,1
/USERSPACE/DATASETS/CodecFake/train/F01_p310_201.wav,1
/USERSPACE/DATASETS/CodecFake/train/F01_p241_175.wav,1
/USERSPACE/DATASETS/CodecFake/train/F01_SSB06090252.wav,1
/USERSPACE/DATASETS/CodecFake/train/F01_SSB09350279.wav,1
/USERSPACE/DATASETS/CodecFake/train/F01_SSB13850091.wav,1
/USERSPACE/DATASETS/CodecFake/train/F01_p347_387.wav,1
/USERSPACE/DATASETS/CodecFake/train/F01_p254_389.wav,1
/USERSPACE/DATASETS/CodecFake/train/F01_p246_056.wav,1
/USERSPACE/DATASETS/CodecFake/train/F01_SSB06310195.wav,1
/USERSPACE/DATASETS/CodecFake/train/F01_SSB13920137.wav,1
/USERSPACE/DATASETS/CodecFake/train/F01_p252_117.wav,1
/USERSPACE/DATASETS/CodecFake/train/F01_SSB13220363.wav,1
/USERSPACE/DATASETS/CodecFake/train/F01_p273_342.wav,1
/USERSPACE/DATASETS/CodecFake/train/F01_SSB11760332.wav,1
/USERSPACE/DATASETS/CodecFake/train/F01_SSB00380303.wav,1
/USERSPACE/DATASETS/CodecFake/train/F01_p261_280.wav,1
/USERSPACE/DATASETS/CodecFake/train/F01_SSB13410391.wav,1
/USERSPACE/DATASETS/CodecFake/train/F01_SSB02610196.wav,1
/USERSPACE/DATASETS/CodecFake/train/F01_SSB06090087.wav,1
/USERSPACE/DATASETS/CodecFake/train/F01_p264_400.wav,1
/USERSPACE/DATASETS/CodecFake/train/F01_SSB17450365.wav,1
/USERSPACE/DATASETS/CodecFake/train/F01_SSB18910345.wav,1
/USERSPACE/DATASETS/CodecFake/train/F01_SSB15850404.wav,1
/USERSPACE/DATASETS/CodecFake/train/F01_p266_133.wav,1
/USERSPACE/DATASETS/CodecFake/train/F01_p274_435.wav,1
/USERSPACE/DATASETS/CodecFake/train/F01_SSB15550045.wav,1
/USERSPACE/DATASETS/CodecFake/train/F01_SSB10720040.wav,1
/USERSPACE/DATASETS/CodecFake/train/F01_p236_310.wav,1
/USERSPACE/DATASETS/CodecFake/train/F01_SSB11000264.wav,1
/USERSPACE/DATASETS/CodecFake/train/F01_SSB07360096.wav,1
/USERSPACE/DATASETS/CodecFake/train/F01_SSB16070189.wav,1
/USERSPACE/DATASETS/CodecFake/train/F01_p279_019.wav,1
/USERSPACE/DATASETS/CodecFake/train/F01_p318_424.wav,1
/USERSPACE/DATASETS/CodecFake/train/F01_SSB09870336.wav,1
/USERSPACE/DATASETS/CodecFake/train/F01_SSB15630126.wav,1
/USERSPACE/DATASETS/CodecFake/train/F01_SSB00380207.wav,1
/USERSPACE/DATASETS/CodecFake/train/F01_SSB03540291.wav,1
/USERSPACE/DATASETS/CodecFake/train/F01_SSB05880307.wav,1
/USERSPACE/DATASETS/CodecFake/train/F01_SSB13280475.wav,1
/USERSPACE/DATASETS/CodecFake/train/F01_p339_327.wav,1
/USERSPACE/DATASETS/CodecFake/train/F01_SSB14480432.wav,1
/USERSPACE/DATASETS/CodecFake/train/F01_p283_360.wav,1
/USERSPACE/DATASETS/CodecFake/train/F01_SSB00050481.wav,1
/USERSPACE/DATASETS/CodecFake/train/F01_SSB06860192.wav,1
/USERSPACE/DATASETS/CodecFake/train/F01_SSB16240081.wav,1
/USERSPACE/DATASETS/CodecFake/train/F01_SSB14020463.wav,1
/USERSPACE/DATASETS/CodecFake/train/F01_SSB17390185.wav,1
/USERSPACE/DATASETS/CodecFake/train/F01_SSB07940166.wav,1
/USERSPACE/DATASETS/CodecFake/train/F01_SSB18280445.wav,1
/USERSPACE/DATASETS/CodecFake/train/F01_SSB18910238.wav,1
/USERSPACE/DATASETS/CodecFake/train/F01_SSB09150086.wav,1
/USERSPACE/DATASETS/CodecFake/train/F01_p333_089.wav,1
/USERSPACE/DATASETS/CodecFake/train/F01_p271_035.wav,1
/USERSPACE/DATASETS/CodecFake/train/F01_SSB07160283.wav,1
/USERSPACE/DATASETS/CodecFake/train/F01_SSB11350115.wav,1
/USERSPACE/DATASETS/CodecFake/train/F01_p360_254.wav,1
/USERSPACE/DATASETS/CodecFake/train/F01_SSB18720202.wav,1
/USERSPACE/DATASETS/CodecFake/train/F01_SSB06660277.wav,1
/USERSPACE/DATASETS/CodecFake/train/F01_p282_278.wav,1
/USERSPACE/DATASETS/CodecFake/train/F01_p252_100.wav,1
/USERSPACE/DATASETS/CodecFake/train/F01_p263_068.wav,1
/USERSPACE/DATASETS/CodecFake/train/F01_SSB15670389.wav,1
/USERSPACE/DATASETS/CodecFake/train/F01_SSB03930321.wav,1
/USERSPACE/DATASETS/CodecFake/train/F01_SSB06320032.wav,1
/USERSPACE/DATASETS/CodecFake/train/F01_p282_259.wav,1
/USERSPACE/DATASETS/CodecFake/train/F01_SSB07940169.wav,1
/USERSPACE/DATASETS/CodecFake/train/F01_SSB07940418.wav,1
/USERSPACE/DATASETS/CodecFake/train/F01_SSB04820261.wav,1
/USERSPACE/DATASETS/CodecFake/train/F01_p297_169.wav,1
/USERSPACE/DATASETS/CodecFake/train/F01_SSB02670486.wav,1
/USERSPACE/DATASETS/CodecFake/train/F01_SSB17590146.wav,1
/USERSPACE/DATASETS/CodecFake/train/F01_p334_052.wav,1
/USERSPACE/DATASETS/CodecFake/train/F01_SSB08220376.wav,1
/USERSPACE/DATASETS/CodecFake/train/F01_SSB13660338.wav,1
/USERSPACE/DATASETS/CodecFake/train/F01_p229_296.wav,1
/USERSPACE/DATASETS/CodecFake/train/F01_p314_360.wav,1
/USERSPACE/DATASETS/CodecFake/train/F01_p345_061.wav,1
/USERSPACE/DATASETS/CodecFake/train/F01_SSB13930261.wav,1
/USERSPACE/DATASETS/CodecFake/train/F01_p303_052.wav,1
/USERSPACE/DATASETS/CodecFake/train/F01_SSB13220173.wav,1
/USERSPACE/DATASETS/CodecFake/train/F01_p336_099.wav,1
/USERSPACE/DATASETS/CodecFake/train/F01_p248_368.wav,1
/USERSPACE/DATASETS/CodecFake/train/F01_p282_322.wav,1
/USERSPACE/DATASETS/CodecFake/train/F01_SSB01330282.wav,1
/USERSPACE/DATASETS/CodecFake/train/F01_SSB17450158.wav,1
/USERSPACE/DATASETS/CodecFake/train/F01_SSB03660252.wav,1
/USERSPACE/DATASETS/CodecFake/train/F01_SSB18780219.wav,1
/USERSPACE/DATASETS/CodecFake/train/F01_p360_266.wav,1
/USERSPACE/DATASETS/CodecFake/train/F01_SSB19020041.wav,1
/USERSPACE/DATASETS/CodecFake/train/F01_p297_061.wav,1
/USERSPACE/DATASETS/CodecFake/train/F01_SSB03850151.wav,1
/USERSPACE/DATASETS/CodecFake/train/F01_SSB07860360.wav,1
/USERSPACE/DATASETS/CodecFake/train/F01_p270_080.wav,1
/USERSPACE/DATASETS/CodecFake/train/F01_SSB06860149.wav,1
/USERSPACE/DATASETS/CodecFake/train/F01_p269_077.wav,1
/USERSPACE/DATASETS/CodecFake/train/F01_SSB00160495.wav,1
/USERSPACE/DATASETS/CodecFake/train/F01_SSB06710428.wav,1
/USERSPACE/DATASETS/CodecFake/train/F01_p361_343.wav,1
/USERSPACE/DATASETS/CodecFake/train/F01_p363_103.wav,1
/USERSPACE/DATASETS/CodecFake/train/F01_p308_229.wav,1
/USERSPACE/DATASETS/CodecFake/train/F01_p245_067.wav,1
/USERSPACE/DATASETS/CodecFake/train/F01_p255_213.wav,1
/USERSPACE/DATASETS/CodecFake/train/F01_SSB06140120.wav,1
/USERSPACE/DATASETS/CodecFake/train/F01_p238_369.wav,1
/USERSPACE/DATASETS/CodecFake/train/F01_SSB05880034.wav,1
/USERSPACE/DATASETS/CodecFake/train/F01_p225_240.wav,1
/USERSPACE/DATASETS/CodecFake/train/F01_SSB07170305.wav,1
/USERSPACE/DATASETS/CodecFake/train/F01_SSB18280334.wav,1
/USERSPACE/DATASETS/CodecFake/train/F01_SSB18780457.wav,1
/USERSPACE/DATASETS/CodecFake/train/F01_p312_013.wav,1
/USERSPACE/DATASETS/CodecFake/train/F01_SSB16500419.wav,1
/USERSPACE/DATASETS/CodecFake/train/F01_p256_162.wav,1
/USERSPACE/DATASETS/CodecFake/train/F01_SSB04270451.wav,1
/USERSPACE/DATASETS/CodecFake/train/F01_p288_081.wav,1
/USERSPACE/DATASETS/CodecFake/train/F01_p243_235.wav,1
/USERSPACE/DATASETS/CodecFake/train/F01_p236_056.wav,1
/USERSPACE/DATASETS/CodecFake/train/F01_SSB04350043.wav,1
/USERSPACE/DATASETS/CodecFake/train/F01_SSB04270121.wav,1
/USERSPACE/DATASETS/CodecFake/train/F01_SSB08170458.wav,1
/USERSPACE/DATASETS/CodecFake/train/F01_SSB18090401.wav,1
/USERSPACE/DATASETS/CodecFake/train/F01_SSB17280426.wav,1
/USERSPACE/DATASETS/CodecFake/train/F01_p233_167.wav,1
/USERSPACE/DATASETS/CodecFake/train/F01_SSB00380353.wav,1
/USERSPACE/DATASETS/CodecFake/train/F01_SSB07600167.wav,1
/USERSPACE/DATASETS/CodecFake/train/F01_SSB17450393.wav,1
/USERSPACE/DATASETS/CodecFake/train/F01_p304_381.wav,1
/USERSPACE/DATASETS/CodecFake/train/F01_p257_383.wav,1
/USERSPACE/DATASETS/CodecFake/train/F01_SSB05700152.wav,1
/USERSPACE/DATASETS/CodecFake/train/F01_p287_321.wav,1
/USERSPACE/DATASETS/CodecFake/train/F01_SSB07110119.wav,1
/USERSPACE/DATASETS/CodecFake/train/F01_SSB11360052.wav,1
/USERSPACE/DATASETS/CodecFake/train/F01_SSB06030414.wav,1
/USERSPACE/DATASETS/CodecFake/train/F01_p248_075.wav,1
/USERSPACE/DATASETS/CodecFake/train/F01_SSB13850474.wav,1
/USERSPACE/DATASETS/CodecFake/train/F01_SSB12180080.wav,1
/USERSPACE/DATASETS/CodecFake/train/F01_p299_212.wav,1
/USERSPACE/DATASETS/CodecFake/train/F01_SSB07780286.wav,1
/USERSPACE/DATASETS/CodecFake/train/F01_p295_329.wav,1
/USERSPACE/DATASETS/CodecFake/train/F01_SSB07020451.wav,1
/USERSPACE/DATASETS/CodecFake/train/F01_p345_265.wav,1
/USERSPACE/DATASETS/CodecFake/train/F01_p286_084.wav,1
/USERSPACE/DATASETS/CodecFake/train/F01_SSB19350044.wav,1
/USERSPACE/DATASETS/CodecFake/train/F01_SSB06930269.wav,1
/USERSPACE/DATASETS/CodecFake/train/F01_SSB11100362.wav,1
/USERSPACE/DATASETS/CodecFake/train/F01_p240_241.wav,1
/USERSPACE/DATASETS/CodecFake/train/F01_p258_102.wav,1
/USERSPACE/DATASETS/CodecFake/train/F01_SSB07200069.wav,1
/USERSPACE/DATASETS/CodecFake/train/F01_p230_268.wav,1
/USERSPACE/DATASETS/CodecFake/train/F01_SSB07780343.wav,1
/USERSPACE/DATASETS/CodecFake/train/F01_SSB02410281.wav,1
/USERSPACE/DATASETS/CodecFake/train/F01_p272_340.wav,1
/USERSPACE/DATASETS/CodecFake/train/F01_p329_187.wav,1
/USERSPACE/DATASETS/CodecFake/train/F01_SSB00380453.wav,1
/USERSPACE/DATASETS/CodecFake/train/F01_SSB09150204.wav,1
/USERSPACE/DATASETS/CodecFake/train/F01_p271_217.wav,1
/USERSPACE/DATASETS/CodecFake/train/F01_SSB05390137.wav,1
/USERSPACE/DATASETS/CodecFake/train/F01_p301_256.wav,1
/USERSPACE/DATASETS/CodecFake/train/F01_SSB09660468.wav,1
/USERSPACE/DATASETS/CodecFake/train/F01_p241_328.wav,1
/USERSPACE/DATASETS/CodecFake/train/F01_SSB08630304.wav,1
/USERSPACE/DATASETS/CodecFake/train/F01_p244_026.wav,1
/USERSPACE/DATASETS/CodecFake/train/F01_SSB02670071.wav,1
/USERSPACE/DATASETS/CodecFake/train/F01_p267_391.wav,1
/USERSPACE/DATASETS/CodecFake/train/F01_SSB05020167.wav,1
/USERSPACE/DATASETS/CodecFake/train/F01_SSB09870340.wav,1
/USERSPACE/DATASETS/CodecFake/train/F01_SSB13660024.wav,1
/USERSPACE/DATASETS/CodecFake/train/F01_p236_027.wav,1
/USERSPACE/DATASETS/CodecFake/train/F01_SSB08710440.wav,1
/USERSPACE/DATASETS/CodecFake/train/F01_SSB18630137.wav,1
/USERSPACE/DATASETS/CodecFake/train/F01_SSB18720161.wav,1
/USERSPACE/DATASETS/CodecFake/train/F01_p298_342.wav,1
/USERSPACE/DATASETS/CodecFake/train/F01_SSB11100477.wav,1
/USERSPACE/DATASETS/CodecFake/train/F01_SSB05880057.wav,1
/USERSPACE/DATASETS/CodecFake/train/F01_SSB02410314.wav,1
/USERSPACE/DATASETS/CodecFake/train/F01_SSB10560065.wav,1
/USERSPACE/DATASETS/CodecFake/train/F01_SSB07370026.wav,1
/USERSPACE/DATASETS/CodecFake/train/F01_SSB07800207.wav,1
/USERSPACE/DATASETS/CodecFake/train/F01_p266_091.wav,1
/USERSPACE/DATASETS/CodecFake/train/F01_SSB04270139.wav,1
/USERSPACE/DATASETS/CodecFake/train/F01_SSB13930484.wav,1
/USERSPACE/DATASETS/CodecFake/train/F01_SSB14370011.wav,1
/USERSPACE/DATASETS/CodecFake/train/F01_SSB07160412.wav,1
/USERSPACE/DATASETS/CodecFake/train/F01_p341_114.wav,1
/USERSPACE/DATASETS/CodecFake/train/F01_SSB13650067.wav,1
/USERSPACE/DATASETS/CodecFake/train/F01_p305_417.wav,1
/USERSPACE/DATASETS/CodecFake/train/F01_p285_014.wav,1
/USERSPACE/DATASETS/CodecFake/train/F01_p314_387.wav,1
/USERSPACE/DATASETS/CodecFake/train/F01_SSB00380454.wav,1
/USERSPACE/DATASETS/CodecFake/train/F01_SSB11260015.wav,1
/USERSPACE/DATASETS/CodecFake/train/F01_SSB03800236.wav,1
/USERSPACE/DATASETS/CodecFake/train/F01_p292_024.wav,1
/USERSPACE/DATASETS/CodecFake/train/F01_SSB19180495.wav,1
/USERSPACE/DATASETS/CodecFake/train/F01_SSB10240007.wav,1
/USERSPACE/DATASETS/CodecFake/train/F01_p292_206.wav,1
/USERSPACE/DATASETS/CodecFake/train/F01_p281_440.wav,1
/USERSPACE/DATASETS/CodecFake/train/F01_p297_328.wav,1
/USERSPACE/DATASETS/CodecFake/train/F01_SSB01450459.wav,1
/USERSPACE/DATASETS/CodecFake/train/F01_SSB06660086.wav,1
/USERSPACE/DATASETS/CodecFake/train/F01_p301_352.wav,1
/USERSPACE/DATASETS/CodecFake/train/F01_p374_302.wav,1
/USERSPACE/DATASETS/CodecFake/train/F01_SSB01220312.wav,1
/USERSPACE/DATASETS/CodecFake/train/F01_SSB11310353.wav,1
/USERSPACE/DATASETS/CodecFake/train/F01_SSB18090241.wav,1
/USERSPACE/DATASETS/CodecFake/train/F01_p304_352.wav,1
/USERSPACE/DATASETS/CodecFake/train/F01_SSB04700150.wav,1
/USERSPACE/DATASETS/CodecFake/train/F01_p262_118.wav,1
/USERSPACE/DATASETS/CodecFake/train/F01_SSB05390039.wav,1
/USERSPACE/DATASETS/CodecFake/train/F01_SSB09930195.wav,1
/USERSPACE/DATASETS/CodecFake/train/F01_SSB04340309.wav,1
/USERSPACE/DATASETS/CodecFake/train/F01_SSB09150457.wav,1
/USERSPACE/DATASETS/CodecFake/train/F01_SSB11250473.wav,1
/USERSPACE/DATASETS/CodecFake/train/F01_SSB18910416.wav,1
/USERSPACE/DATASETS/CodecFake/train/F01_SSB06660484.wav,1
/USERSPACE/DATASETS/CodecFake/train/F01_SSB03090139.wav,1
/USERSPACE/DATASETS/CodecFake/train/F01_SSB07460231.wav,1
/USERSPACE/DATASETS/CodecFake/train/F01_SSB06660011.wav,1
/USERSPACE/DATASETS/CodecFake/train/F01_SSB03070176.wav,1
/USERSPACE/DATASETS/CodecFake/train/F01_p330_393.wav,1
/USERSPACE/DATASETS/CodecFake/train/F01_SSB05350238.wav,1
/USERSPACE/DATASETS/CodecFake/train/F01_p270_221.wav,1
/USERSPACE/DATASETS/CodecFake/train/F01_p278_198.wav,1
/USERSPACE/DATASETS/CodecFake/train/F01_p374_114.wav,1
/USERSPACE/DATASETS/CodecFake/train/F01_p269_144.wav,1
/USERSPACE/DATASETS/CodecFake/train/F01_p282_352.wav,1
/USERSPACE/DATASETS/CodecFake/train/F01_SSB13770016.wav,1
/USERSPACE/DATASETS/CodecFake/train/F01_p341_366.wav,1
/USERSPACE/DATASETS/CodecFake/train/F01_p345_054.wav,1
/USERSPACE/DATASETS/CodecFake/train/F01_SSB16990343.wav,1
/USERSPACE/DATASETS/CodecFake/train/F01_SSB06140357.wav,1
/USERSPACE/DATASETS/CodecFake/train/F01_SSB00730484.wav,1
/USERSPACE/DATASETS/CodecFake/train/F01_SSB06140126.wav,1
/USERSPACE/DATASETS/CodecFake/train/F01_SSB05440309.wav,1
/USERSPACE/DATASETS/CodecFake/train/F01_SSB00570100.wav,1
/USERSPACE/DATASETS/CodecFake/train/F01_SSB18090316.wav,1
/USERSPACE/DATASETS/CodecFake/train/F01_p248_207.wav,1
/USERSPACE/DATASETS/CodecFake/train/F01_SSB06310297.wav,1
/USERSPACE/DATASETS/CodecFake/train/F01_SSB02670480.wav,1
/USERSPACE/DATASETS/CodecFake/train/F01_SSB07170505.wav,1
/USERSPACE/DATASETS/CodecFake/train/F01_SSB15670258.wav,1
/USERSPACE/DATASETS/CodecFake/train/F01_SSB06930391.wav,1
/USERSPACE/DATASETS/CodecFake/train/F01_SSB05880365.wav,1
/USERSPACE/DATASETS/CodecFake/train/F01_SSB03930441.wav,1
/USERSPACE/DATASETS/CodecFake/train/F01_SSB02000166.wav,1
/USERSPACE/DATASETS/CodecFake/train/F01_SSB13410222.wav,1
/USERSPACE/DATASETS/CodecFake/train/F01_SSB10200320.wav,1
/USERSPACE/DATASETS/CodecFake/train/F01_p227_366.wav,1
/USERSPACE/DATASETS/CodecFake/train/F01_p226_101.wav,1
/USERSPACE/DATASETS/CodecFake/train/F01_SSB02990182.wav,1
/USERSPACE/DATASETS/CodecFake/train/F01_SSB03750188.wav,1
/USERSPACE/DATASETS/CodecFake/train/F01_SSB04260263.wav,1
/USERSPACE/DATASETS/CodecFake/train/F01_SSB13820498.wav,1
/USERSPACE/DATASETS/CodecFake/train/F01_SSB15670218.wav,1
/USERSPACE/DATASETS/CodecFake/train/F01_p293_265.wav,1
/USERSPACE/DATASETS/CodecFake/train/F01_p281_200.wav,1
/USERSPACE/DATASETS/CodecFake/train/F01_p374_138.wav,1
/USERSPACE/DATASETS/CodecFake/train/F01_SSB13200510.wav,1
/USERSPACE/DATASETS/CodecFake/train/F01_SSB05780452.wav,1
/USERSPACE/DATASETS/CodecFake/train/F01_SSB03390014.wav,1
/USERSPACE/DATASETS/CodecFake/train/F01_SSB15670384.wav,1
/USERSPACE/DATASETS/CodecFake/train/F01_SSB14080235.wav,1
/USERSPACE/DATASETS/CodecFake/train/F01_SSB08220182.wav,1
/USERSPACE/DATASETS/CodecFake/train/F01_SSB03090150.wav,1
/USERSPACE/DATASETS/CodecFake/train/F01_SSB05020358.wav,1
/USERSPACE/DATASETS/CodecFake/train/F01_p231_017.wav,1
/USERSPACE/DATASETS/CodecFake/train/F01_p226_359.wav,1
/USERSPACE/DATASETS/CodecFake/train/F01_SSB00330149.wav,1
/USERSPACE/DATASETS/CodecFake/train/F01_p262_059.wav,1
/USERSPACE/DATASETS/CodecFake/train/F01_SSB15630196.wav,1
/USERSPACE/DATASETS/CodecFake/train/F01_p275_184.wav,1
/USERSPACE/DATASETS/CodecFake/train/F01_SSB04260317.wav,1
/USERSPACE/DATASETS/CodecFake/train/F01_SSB03160075.wav,1
/USERSPACE/DATASETS/CodecFake/train/F01_p277_344.wav,1
/USERSPACE/DATASETS/CodecFake/train/F01_SSB19020348.wav,1
/USERSPACE/DATASETS/CodecFake/train/F01_SSB18370164.wav,1
/USERSPACE/DATASETS/CodecFake/train/F01_SSB11000076.wav,1
/USERSPACE/DATASETS/CodecFake/train/F01_SSB05020040.wav,1
/USERSPACE/DATASETS/CodecFake/train/F01_p280_265.wav,1
/USERSPACE/DATASETS/CodecFake/train/F01_SSB04260124.wav,1
/USERSPACE/DATASETS/CodecFake/train/F01_p318_042.wav,1
/USERSPACE/DATASETS/CodecFake/train/F01_SSB19350072.wav,1
/USERSPACE/DATASETS/CodecFake/train/F01_p277_073.wav,1
/USERSPACE/DATASETS/CodecFake/train/F01_SSB02460380.wav,1
/USERSPACE/DATASETS/CodecFake/train/F01_p287_233.wav,1
/USERSPACE/DATASETS/CodecFake/train/F01_SSB00330146.wav,1
/USERSPACE/DATASETS/CodecFake/train/F01_SSB07110092.wav,1
/USERSPACE/DATASETS/CodecFake/train/F01_SSB06140262.wav,1
/USERSPACE/DATASETS/CodecFake/train/F01_p318_015.wav,1
/USERSPACE/DATASETS/CodecFake/train/F01_SSB07780216.wav,1
/USERSPACE/DATASETS/CodecFake/train/F01_p248_285.wav,1
/USERSPACE/DATASETS/CodecFake/train/F01_p343_306.wav,1
/USERSPACE/DATASETS/CodecFake/train/F01_SSB04270213.wav,1
/USERSPACE/DATASETS/CodecFake/train/F01_SSB15630298.wav,1
/USERSPACE/DATASETS/CodecFake/train/F01_SSB00570226.wav,1
/USERSPACE/DATASETS/CodecFake/train/F01_SSB15630419.wav,1
/USERSPACE/DATASETS/CodecFake/train/F01_p295_016.wav,1
/USERSPACE/DATASETS/CodecFake/train/F01_SSB13930106.wav,1
/USERSPACE/DATASETS/CodecFake/train/F01_SSB08870172.wav,1
/USERSPACE/DATASETS/CodecFake/train/F01_SSB10960204.wav,1
/USERSPACE/DATASETS/CodecFake/train/F01_p298_010.wav,1
/USERSPACE/DATASETS/CodecFake/train/F01_SSB03150067.wav,1
/USERSPACE/DATASETS/CodecFake/train/F01_SSB06060056.wav,1
/USERSPACE/DATASETS/CodecFake/train/F01_SSB15630080.wav,1
/USERSPACE/DATASETS/CodecFake/train/F01_p312_382.wav,1
/USERSPACE/DATASETS/CodecFake/train/F01_p316_300.wav,1
/USERSPACE/DATASETS/CodecFake/train/F01_p263_464.wav,1
/USERSPACE/DATASETS/CodecFake/train/F01_SSB11250086.wav,1
/USERSPACE/DATASETS/CodecFake/train/F01_SSB15850362.wav,1
/USERSPACE/DATASETS/CodecFake/train/F01_SSB11970289.wav,1
/USERSPACE/DATASETS/CodecFake/train/F01_p229_270.wav,1
/USERSPACE/DATASETS/CodecFake/train/F01_p264_190.wav,1
/USERSPACE/DATASETS/CodecFake/train/F01_SSB06710165.wav,1
/USERSPACE/DATASETS/CodecFake/train/F01_p293_207.wav,1
/USERSPACE/DATASETS/CodecFake/train/F01_SSB03750223.wav,1
/USERSPACE/DATASETS/CodecFake/train/F01_SSB02610488.wav,1
/USERSPACE/DATASETS/CodecFake/train/F01_SSB06070391.wav,1
/USERSPACE/DATASETS/CodecFake/train/F01_SSB08170227.wav,1
/USERSPACE/DATASETS/CodecFake/train/F01_SSB04270159.wav,1
/USERSPACE/DATASETS/CodecFake/train/F01_SSB07940325.wav,1
/USERSPACE/DATASETS/CodecFake/train/F01_SSB19350080.wav,1
/USERSPACE/DATASETS/CodecFake/train/F01_SSB07020080.wav,1
/USERSPACE/DATASETS/CodecFake/train/F01_SSB13020459.wav,1
/USERSPACE/DATASETS/CodecFake/train/F01_SSB03940399.wav,1
/USERSPACE/DATASETS/CodecFake/train/F01_SSB03940293.wav,1
/USERSPACE/DATASETS/CodecFake/train/F01_p275_026.wav,1
/USERSPACE/DATASETS/CodecFake/train/F01_p286_207.wav,1
/USERSPACE/DATASETS/CodecFake/train/F01_SSB15750347.wav,1
/USERSPACE/DATASETS/CodecFake/train/F01_p282_115.wav,1
/USERSPACE/DATASETS/CodecFake/train/F01_SSB07510424.wav,1
/USERSPACE/DATASETS/CodecFake/train/F01_SSB10640281.wav,1
/USERSPACE/DATASETS/CodecFake/train/F01_SSB14370253.wav,1
/USERSPACE/DATASETS/CodecFake/train/F01_p312_047.wav,1
/USERSPACE/DATASETS/CodecFake/train/F01_p326_139.wav,1
/USERSPACE/DATASETS/CodecFake/train/F01_SSB18280309.wav,1
/USERSPACE/DATASETS/CodecFake/train/F01_SSB10960390.wav,1
/USERSPACE/DATASETS/CodecFake/train/F01_SSB11000332.wav,1
/USERSPACE/DATASETS/CodecFake/train/F01_SSB02410185.wav,1
/USERSPACE/DATASETS/CodecFake/train/F01_SSB13020040.wav,1
/USERSPACE/DATASETS/CodecFake/train/F01_SSB13660218.wav,1
/USERSPACE/DATASETS/CodecFake/train/F01_SSB12390317.wav,1
/USERSPACE/DATASETS/CodecFake/train/F01_p256_075.wav,1
/USERSPACE/DATASETS/CodecFake/train/F01_SSB09130334.wav,1
/USERSPACE/DATASETS/CodecFake/train/F01_p234_008.wav,1
/USERSPACE/DATASETS/CodecFake/train/F01_p255_096.wav,1
/USERSPACE/DATASETS/CodecFake/train/F01_p281_290.wav,1
/USERSPACE/DATASETS/CodecFake/train/F01_p323_252.wav,1
/USERSPACE/DATASETS/CodecFake/train/F01_p311_072.wav,1
/USERSPACE/DATASETS/CodecFake/train/F01_SSB05650026.wav,1
/USERSPACE/DATASETS/CodecFake/train/F01_SSB05990347.wav,1
/USERSPACE/DATASETS/CodecFake/train/F01_p261_034.wav,1
/USERSPACE/DATASETS/CodecFake/train/F01_p335_048.wav,1
/USERSPACE/DATASETS/CodecFake/train/F01_SSB03410302.wav,1
/USERSPACE/DATASETS/CodecFake/train/F01_SSB04150095.wav,1
/USERSPACE/DATASETS/CodecFake/train/F01_p312_032.wav,1
/USERSPACE/DATASETS/CodecFake/train/F01_SSB05900293.wav,1
/USERSPACE/DATASETS/CodecFake/train/F01_SSB17280510.wav,1
/USERSPACE/DATASETS/CodecFake/train/F01_SSB18320080.wav,1
/USERSPACE/DATASETS/CodecFake/train/F01_SSB16700465.wav,1
/USERSPACE/DATASETS/CodecFake/train/F01_SSB05990030.wav,1
/USERSPACE/DATASETS/CodecFake/train/F01_SSB15850473.wav,1
/USERSPACE/DATASETS/CodecFake/train/F01_p255_344.wav,1
/USERSPACE/DATASETS/CodecFake/train/F01_p276_263.wav,1
/USERSPACE/DATASETS/CodecFake/train/F01_SSB17110007.wav,1
/USERSPACE/DATASETS/CodecFake/train/F01_SSB01930045.wav,1
/USERSPACE/DATASETS/CodecFake/train/F01_SSB07480385.wav,1
/USERSPACE/DATASETS/CodecFake/train/F01_p261_046.wav,1
/USERSPACE/DATASETS/CodecFake/train/F01_SSB00180381.wav,1
/USERSPACE/DATASETS/CodecFake/train/F01_SSB06010477.wav,1
/USERSPACE/DATASETS/CodecFake/train/F01_SSB07940024.wav,1
/USERSPACE/DATASETS/CodecFake/train/F01_p318_009.wav,1
/USERSPACE/DATASETS/CodecFake/train/F01_p305_029.wav,1
/USERSPACE/DATASETS/CodecFake/train/F01_p305_087.wav,1
/USERSPACE/DATASETS/CodecFake/train/F01_SSB16070461.wav,1
/USERSPACE/DATASETS/CodecFake/train/F01_SSB00180094.wav,1
/USERSPACE/DATASETS/CodecFake/train/F01_SSB13850316.wav,1
/USERSPACE/DATASETS/CodecFake/train/F01_SSB16860123.wav,1
/USERSPACE/DATASETS/CodecFake/train/F01_SSB15670242.wav,1
/USERSPACE/DATASETS/CodecFake/train/F01_SSB00110185.wav,1
/USERSPACE/DATASETS/CodecFake/train/F01_SSB12390059.wav,1
/USERSPACE/DATASETS/CodecFake/train/F01_SSB09970168.wav,1
/USERSPACE/DATASETS/CodecFake/train/F01_SSB09350242.wav,1
/USERSPACE/DATASETS/CodecFake/train/F01_p253_275.wav,1
/USERSPACE/DATASETS/CodecFake/train/F01_SSB07940173.wav,1
/USERSPACE/DATASETS/CodecFake/train/F01_SSB11080091.wav,1
/USERSPACE/DATASETS/CodecFake/train/F01_SSB04350262.wav,1
/USERSPACE/DATASETS/CodecFake/train/F01_p251_064.wav,1
/USERSPACE/DATASETS/CodecFake/train/F01_SSB10960243.wav,1
/USERSPACE/DATASETS/CodecFake/train/F01_SSB06030258.wav,1
/USERSPACE/DATASETS/CodecFake/train/F01_SSB06710498.wav,1
/USERSPACE/DATASETS/CodecFake/train/F01_p254_372.wav,1
/USERSPACE/DATASETS/CodecFake/train/F01_p297_256.wav,1
/USERSPACE/DATASETS/CodecFake/train/F01_SSB00110322.wav,1
/USERSPACE/DATASETS/CodecFake/train/F01_SSB11350017.wav,1
/USERSPACE/DATASETS/CodecFake/train/F01_SSB07100320.wav,1
/USERSPACE/DATASETS/CodecFake/train/F01_SSB03930002.wav,1
/USERSPACE/DATASETS/CodecFake/train/F01_p288_201.wav,1
/USERSPACE/DATASETS/CodecFake/train/F01_SSB01970455.wav,1
/USERSPACE/DATASETS/CodecFake/train/F01_SSB06060132.wav,1
/USERSPACE/DATASETS/CodecFake/train/F01_SSB02670021.wav,1
/USERSPACE/DATASETS/CodecFake/train/F01_p295_293.wav,1
/USERSPACE/DATASETS/CodecFake/train/F01_p266_179.wav,1
/USERSPACE/DATASETS/CodecFake/train/F01_p294_070.wav,1
/USERSPACE/DATASETS/CodecFake/train/F01_p302_018.wav,1
/USERSPACE/DATASETS/CodecFake/train/F01_SSB07110049.wav,1
/USERSPACE/DATASETS/CodecFake/train/F01_SSB02460425.wav,1
/USERSPACE/DATASETS/CodecFake/train/F01_SSB06090454.wav,1
/USERSPACE/DATASETS/CodecFake/train/F01_SSB00050245.wav,1
/USERSPACE/DATASETS/CodecFake/train/F01_p297_345.wav,1
/USERSPACE/DATASETS/CodecFake/train/F01_p283_021.wav,1
/USERSPACE/DATASETS/CodecFake/train/F01_SSB12160018.wav,1
/USERSPACE/DATASETS/CodecFake/train/F01_SSB16860012.wav,1
/USERSPACE/DATASETS/CodecFake/train/F01_SSB07100189.wav,1
/USERSPACE/DATASETS/CodecFake/train/F01_SSB05900367.wav,1
/USERSPACE/DATASETS/CodecFake/train/F01_p313_008.wav,1
/USERSPACE/DATASETS/CodecFake/train/F01_p285_326.wav,1
/USERSPACE/DATASETS/CodecFake/train/F01_SSB01220276.wav,1
/USERSPACE/DATASETS/CodecFake/train/F01_p229_195.wav,1
/USERSPACE/DATASETS/CodecFake/train/F01_SSB19560340.wav,1
/USERSPACE/DATASETS/CodecFake/train/F01_SSB07490197.wav,1
/USERSPACE/DATASETS/CodecFake/train/F01_p225_151.wav,1
/USERSPACE/DATASETS/CodecFake/train/F01_SSB05940050.wav,1
/USERSPACE/DATASETS/CodecFake/train/F01_SSB03380234.wav,1
/USERSPACE/DATASETS/CodecFake/train/F01_SSB15930119.wav,1
/USERSPACE/DATASETS/CodecFake/train/F01_p230_014.wav,1
/USERSPACE/DATASETS/CodecFake/train/F01_SSB16840407.wav,1
/USERSPACE/DATASETS/CodecFake/train/F01_p240_339.wav,1
/USERSPACE/DATASETS/CodecFake/train/F01_SSB02880398.wav,1
/USERSPACE/DATASETS/CodecFake/train/F01_p326_207.wav,1
/USERSPACE/DATASETS/CodecFake/train/F01_SSB11000272.wav,1
/USERSPACE/DATASETS/CodecFake/train/F01_SSB03850045.wav,1
/USERSPACE/DATASETS/CodecFake/train/F01_SSB00330220.wav,1
/USERSPACE/DATASETS/CodecFake/train/F01_SSB18720268.wav,1
/USERSPACE/DATASETS/CodecFake/train/F01_SSB08220248.wav,1
/USERSPACE/DATASETS/CodecFake/train/F01_SSB03150005.wav,1
/USERSPACE/DATASETS/CodecFake/train/F01_SSB02670060.wav,1
/USERSPACE/DATASETS/CodecFake/train/F01_p287_277.wav,1
/USERSPACE/DATASETS/CodecFake/train/F01_SSB07940479.wav,1
/USERSPACE/DATASETS/CodecFake/train/F01_p260_207.wav,1
/USERSPACE/DATASETS/CodecFake/train/F01_p249_191.wav,1
/USERSPACE/DATASETS/CodecFake/train/F01_SSB13400278.wav,1
/USERSPACE/DATASETS/CodecFake/train/F01_p243_030.wav,1
/USERSPACE/DATASETS/CodecFake/train/F01_SSB09190442.wav,1
/USERSPACE/DATASETS/CodecFake/train/F01_SSB18780512.wav,1
/USERSPACE/DATASETS/CodecFake/train/F01_SSB10550002.wav,1
/USERSPACE/DATASETS/CodecFake/train/F01_p271_382.wav,1
/USERSPACE/DATASETS/CodecFake/train/F01_SSB07200143.wav,1
/USERSPACE/DATASETS/CodecFake/train/F01_SSB01120335.wav,1
/USERSPACE/DATASETS/CodecFake/train/F01_SSB08710148.wav,1
/USERSPACE/DATASETS/CodecFake/train/F01_SSB08630052.wav,1
/USERSPACE/DATASETS/CodecFake/train/F01_p257_008.wav,1
/USERSPACE/DATASETS/CodecFake/train/F01_SSB03380463.wav,1
/USERSPACE/DATASETS/CodecFake/train/F01_p351_271.wav,1
/USERSPACE/DATASETS/CodecFake/train/F01_SSB03930440.wav,1
/USERSPACE/DATASETS/CodecFake/train/F01_SSB01930219.wav,1
/USERSPACE/DATASETS/CodecFake/train/F01_SSB02000430.wav,1
/USERSPACE/DATASETS/CodecFake/train/F01_p244_041.wav,1
/USERSPACE/DATASETS/CodecFake/train/F01_SSB05440189.wav,1
/USERSPACE/DATASETS/CodecFake/train/F01_SSB12160229.wav,1
/USERSPACE/DATASETS/CodecFake/train/F01_SSB09190196.wav,1
/USERSPACE/DATASETS/CodecFake/train/F01_SSB07620322.wav,1
/USERSPACE/DATASETS/CodecFake/train/F01_SSB05390245.wav,1
/USERSPACE/DATASETS/CodecFake/train/F01_SSB13830332.wav,1
/USERSPACE/DATASETS/CodecFake/train/F01_SSB01970367.wav,1
/USERSPACE/DATASETS/CodecFake/train/F01_p279_287.wav,1
/USERSPACE/DATASETS/CodecFake/train/F01_SSB04350245.wav,1
/USERSPACE/DATASETS/CodecFake/train/F01_p269_350.wav,1
/USERSPACE/DATASETS/CodecFake/train/F01_SSB16840168.wav,1
/USERSPACE/DATASETS/CodecFake/train/F01_p326_084.wav,1
/USERSPACE/DATASETS/CodecFake/train/F01_SSB07800041.wav,1
/USERSPACE/DATASETS/CodecFake/train/F01_SSB10200244.wav,1
/USERSPACE/DATASETS/CodecFake/train/F01_SSB07000351.wav,1
/USERSPACE/DATASETS/CodecFake/train/F01_SSB07230322.wav,1
/USERSPACE/DATASETS/CodecFake/train/F01_SSB11150304.wav,1
/USERSPACE/DATASETS/CodecFake/train/F01_p351_375.wav,1
/USERSPACE/DATASETS/CodecFake/train/F01_SSB02870071.wav,1
/USERSPACE/DATASETS/CodecFake/train/F01_SSB06290292.wav,1
/USERSPACE/DATASETS/CodecFake/train/F01_p247_020.wav,1
/USERSPACE/DATASETS/CodecFake/train/F01_p311_246.wav,1
/USERSPACE/DATASETS/CodecFake/train/F01_SSB06010451.wav,1
/USERSPACE/DATASETS/CodecFake/train/F01_SSB00180450.wav,1
/USERSPACE/DATASETS/CodecFake/train/F01_SSB11150466.wav,1
/USERSPACE/DATASETS/CodecFake/train/F01_SSB09870421.wav,1
/USERSPACE/DATASETS/CodecFake/train/F01_p336_248.wav,1
/USERSPACE/DATASETS/CodecFake/train/F01_SSB07780087.wav,1
/USERSPACE/DATASETS/CodecFake/train/F01_SSB00120068.wav,1
/USERSPACE/DATASETS/CodecFake/train/F01_p326_330.wav,1
/USERSPACE/DATASETS/CodecFake/train/F01_p301_226.wav,1
/USERSPACE/DATASETS/CodecFake/train/F01_p254_174.wav,1
/USERSPACE/DATASETS/CodecFake/train/F01_p298_079.wav,1
/USERSPACE/DATASETS/CodecFake/train/F01_SSB15850198.wav,1
/USERSPACE/DATASETS/CodecFake/train/F01_SSB13930319.wav,1
/USERSPACE/DATASETS/CodecFake/train/F01_SSB06290433.wav,1
/USERSPACE/DATASETS/CodecFake/train/F01_p334_295.wav,1
/USERSPACE/DATASETS/CodecFake/train/F01_SSB17820429.wav,1
/USERSPACE/DATASETS/CodecFake/train/F01_SSB13850067.wav,1
/USERSPACE/DATASETS/CodecFake/train/F01_SSB05880272.wav,1
/USERSPACE/DATASETS/CodecFake/train/F01_SSB07110074.wav,1
/USERSPACE/DATASETS/CodecFake/train/F01_SSB01220189.wav,1
/USERSPACE/DATASETS/CodecFake/train/F01_SSB06860405.wav,1
/USERSPACE/DATASETS/CodecFake/train/F01_p261_238.wav,1
/USERSPACE/DATASETS/CodecFake/train/F01_SSB15670243.wav,1
/USERSPACE/DATASETS/CodecFake/train/F01_SSB06680448.wav,1
/USERSPACE/DATASETS/CodecFake/train/F01_p297_343.wav,1
/USERSPACE/DATASETS/CodecFake/train/F01_SSB10720065.wav,1
/USERSPACE/DATASETS/CodecFake/train/F01_SSB07480391.wav,1
/USERSPACE/DATASETS/CodecFake/train/F01_SSB19560377.wav,1
/USERSPACE/DATASETS/CodecFake/train/F01_p247_096.wav,1
/USERSPACE/DATASETS/CodecFake/train/F01_p303_179.wav,1
/USERSPACE/DATASETS/CodecFake/train/F01_SSB01970039.wav,1
/USERSPACE/DATASETS/CodecFake/train/F01_SSB05350430.wav,1
/USERSPACE/DATASETS/CodecFake/train/F01_p302_264.wav,1
/USERSPACE/DATASETS/CodecFake/train/F01_p230_332.wav,1
/USERSPACE/DATASETS/CodecFake/train/F01_SSB15670189.wav,1
/USERSPACE/DATASETS/CodecFake/train/F01_SSB10500109.wav,1
/USERSPACE/DATASETS/CodecFake/train/F01_SSB13830124.wav,1
/USERSPACE/DATASETS/CodecFake/train/F01_p360_374.wav,1
/USERSPACE/DATASETS/CodecFake/train/F01_p245_078.wav,1
/USERSPACE/DATASETS/CodecFake/train/F01_SSB18460201.wav,1
/USERSPACE/DATASETS/CodecFake/train/F01_SSB05650499.wav,1
/USERSPACE/DATASETS/CodecFake/train/F01_SSB10550144.wav,1
/USERSPACE/DATASETS/CodecFake/train/F01_SSB03420247.wav,1
/USERSPACE/DATASETS/CodecFake/train/F01_SSB02670399.wav,1
/USERSPACE/DATASETS/CodecFake/train/F01_SSB04260253.wav,1
/USERSPACE/DATASETS/CodecFake/train/F01_SSB07800110.wav,1
/USERSPACE/DATASETS/CodecFake/train/F01_p280_301.wav,1
/USERSPACE/DATASETS/CodecFake/train/F01_p363_153.wav,1
/USERSPACE/DATASETS/CodecFake/train/F01_SSB14520025.wav,1
/USERSPACE/DATASETS/CodecFake/train/F01_SSB10560226.wav,1
/USERSPACE/DATASETS/CodecFake/train/F01_p345_259.wav,1
/USERSPACE/DATASETS/CodecFake/train/F01_SSB07480284.wav,1
/USERSPACE/DATASETS/CodecFake/train/F01_SSB11350430.wav,1
/USERSPACE/DATASETS/CodecFake/train/F01_p376_071.wav,1
/USERSPACE/DATASETS/CodecFake/train/F01_SSB12210476.wav,1
/USERSPACE/DATASETS/CodecFake/train/F01_SSB12150308.wav,1
/USERSPACE/DATASETS/CodecFake/train/F01_SSB09660142.wav,1
/USERSPACE/DATASETS/CodecFake/train/F01_SSB00730001.wav,1
/USERSPACE/DATASETS/CodecFake/train/F01_p333_327.wav,1
/USERSPACE/DATASETS/CodecFake/train/F01_SSB00110139.wav,1
/USERSPACE/DATASETS/CodecFake/train/F01_SSB03090232.wav,1
/USERSPACE/DATASETS/CodecFake/train/F01_SSB16070248.wav,1
/USERSPACE/DATASETS/CodecFake/train/F01_p259_045.wav,1
/USERSPACE/DATASETS/CodecFake/train/F01_SSB04700330.wav,1
/USERSPACE/DATASETS/CodecFake/train/F01_p351_408.wav,1
/USERSPACE/DATASETS/CodecFake/train/F01_SSB11100103.wav,1
/USERSPACE/DATASETS/CodecFake/train/F01_SSB05340375.wav,1
/USERSPACE/DATASETS/CodecFake/train/F01_SSB06140098.wav,1
/USERSPACE/DATASETS/CodecFake/train/F01_SSB13990428.wav,1
/USERSPACE/DATASETS/CodecFake/train/F01_SSB18320285.wav,1
/USERSPACE/DATASETS/CodecFake/train/F01_SSB00180323.wav,1
/USERSPACE/DATASETS/CodecFake/train/F01_SSB09970125.wav,1
/USERSPACE/DATASETS/CodecFake/train/F01_SSB04340054.wav,1
/USERSPACE/DATASETS/CodecFake/train/F01_SSB04820054.wav,1
/USERSPACE/DATASETS/CodecFake/train/F01_SSB16300031.wav,1
/USERSPACE/DATASETS/CodecFake/train/F01_p323_351.wav,1
/USERSPACE/DATASETS/CodecFake/train/F01_SSB06230299.wav,1
/USERSPACE/DATASETS/CodecFake/train/F01_SSB08220459.wav,1
/USERSPACE/DATASETS/CodecFake/train/F01_p326_193.wav,1
/USERSPACE/DATASETS/CodecFake/train/F01_SSB00430232.wav,1
/USERSPACE/DATASETS/CodecFake/train/F01_SSB00180049.wav,1
/USERSPACE/DATASETS/CodecFake/train/F01_SSB15630359.wav,1
/USERSPACE/DATASETS/CodecFake/train/F01_p262_149.wav,1
/USERSPACE/DATASETS/CodecFake/train/F01_SSB11380323.wav,1
/USERSPACE/DATASETS/CodecFake/train/F01_SSB18320052.wav,1
/USERSPACE/DATASETS/CodecFake/train/F01_SSB05340215.wav,1
/USERSPACE/DATASETS/CodecFake/train/F01_p351_095.wav,1
/USERSPACE/DATASETS/CodecFake/train/F01_SSB13200464.wav,1
/USERSPACE/DATASETS/CodecFake/train/F01_SSB02990427.wav,1
/USERSPACE/DATASETS/CodecFake/train/F01_SSB00180187.wav,1
/USERSPACE/DATASETS/CodecFake/train/F01_p276_042.wav,1
/USERSPACE/DATASETS/CodecFake/train/F01_SSB06060310.wav,1
/USERSPACE/DATASETS/CodecFake/train/F01_SSB07020441.wav,1
/USERSPACE/DATASETS/CodecFake/train/F01_p298_096.wav,1
/USERSPACE/DATASETS/CodecFake/train/F01_p271_103.wav,1
/USERSPACE/DATASETS/CodecFake/train/F01_SSB13400418.wav,1
/USERSPACE/DATASETS/CodecFake/train/F01_SSB07020164.wav,1
/USERSPACE/DATASETS/CodecFake/train/F01_SSB15850450.wav,1
/USERSPACE/DATASETS/CodecFake/train/F01_p364_014.wav,1
/USERSPACE/DATASETS/CodecFake/train/F01_p250_167.wav,1
/USERSPACE/DATASETS/CodecFake/train/F01_p308_285.wav,1
/USERSPACE/DATASETS/CodecFake/train/F01_SSB06010297.wav,1
/USERSPACE/DATASETS/CodecFake/train/F01_SSB00180427.wav,1
/USERSPACE/DATASETS/CodecFake/train/F01_SSB09660014.wav,1
/USERSPACE/DATASETS/CodecFake/train/F01_p326_200.wav,1
/USERSPACE/DATASETS/CodecFake/train/F01_p246_177.wav,1
/USERSPACE/DATASETS/CodecFake/train/F01_SSB02990092.wav,1
/USERSPACE/DATASETS/CodecFake/train/F01_SSB02670393.wav,1
/USERSPACE/DATASETS/CodecFake/train/F01_SSB03820143.wav,1
/USERSPACE/DATASETS/CodecFake/train/F01_p239_006.wav,1
/USERSPACE/DATASETS/CodecFake/train/F01_p245_351.wav,1
/USERSPACE/DATASETS/CodecFake/train/F01_SSB17110318.wav,1
/USERSPACE/DATASETS/CodecFake/train/F01_SSB03380085.wav,1
/USERSPACE/DATASETS/CodecFake/train/F01_p362_058.wav,1
/USERSPACE/DATASETS/CodecFake/train/F01_p303_046.wav,1
/USERSPACE/DATASETS/CodecFake/train/F01_SSB13820055.wav,1
/USERSPACE/DATASETS/CodecFake/train/F01_SSB04070370.wav,1
/USERSPACE/DATASETS/CodecFake/train/F01_SSB03160118.wav,1
/USERSPACE/DATASETS/CodecFake/train/F01_SSB18060498.wav,1
/USERSPACE/DATASETS/CodecFake/train/F01_SSB09190113.wav,1
/USERSPACE/DATASETS/CodecFake/train/F01_SSB03800497.wav,1
/USERSPACE/DATASETS/CodecFake/train/F01_p314_342.wav,1
/USERSPACE/DATASETS/CodecFake/train/F01_p273_388.wav,1
/USERSPACE/DATASETS/CodecFake/train/F01_SSB07200211.wav,1
/USERSPACE/DATASETS/CodecFake/train/F01_p269_348.wav,1
/USERSPACE/DATASETS/CodecFake/train/F01_p298_198.wav,1
/USERSPACE/DATASETS/CodecFake/train/F01_SSB04260106.wav,1
/USERSPACE/DATASETS/CodecFake/train/F01_SSB15850080.wav,1
/USERSPACE/DATASETS/CodecFake/train/F01_p268_049.wav,1
/USERSPACE/DATASETS/CodecFake/train/F01_SSB07200316.wav,1
/USERSPACE/DATASETS/CodecFake/train/F01_p261_051.wav,1
/USERSPACE/DATASETS/CodecFake/train/F01_SSB14520113.wav,1
/USERSPACE/DATASETS/CodecFake/train/F01_p245_040.wav,1
/USERSPACE/DATASETS/CodecFake/train/F01_SSB00160483.wav,1
/USERSPACE/DATASETS/CodecFake/train/F01_p306_259.wav,1
/USERSPACE/DATASETS/CodecFake/train/F01_p281_356.wav,1
/USERSPACE/DATASETS/CodecFake/train/F01_p270_314.wav,1
/USERSPACE/DATASETS/CodecFake/train/F01_SSB01330413.wav,1
/USERSPACE/DATASETS/CodecFake/train/F01_p256_101.wav,1
/USERSPACE/DATASETS/CodecFake/train/F01_SSB10640088.wav,1
/USERSPACE/DATASETS/CodecFake/train/F01_SSB09150278.wav,1
/USERSPACE/DATASETS/CodecFake/train/F01_SSB16240048.wav,1
/USERSPACE/DATASETS/CodecFake/train/F01_SSB15930063.wav,1
/USERSPACE/DATASETS/CodecFake/train/F01_p308_078.wav,1
/USERSPACE/DATASETS/CodecFake/train/F01_p283_286.wav,1
/USERSPACE/DATASETS/CodecFake/train/F01_p305_323.wav,1
/USERSPACE/DATASETS/CodecFake/train/F01_SSB00180425.wav,1
/USERSPACE/DATASETS/CodecFake/train/F01_SSB15750145.wav,1
/USERSPACE/DATASETS/CodecFake/train/F01_SSB18100227.wav,1
/USERSPACE/DATASETS/CodecFake/train/F01_SSB05020277.wav,1
/USERSPACE/DATASETS/CodecFake/train/F01_SSB09870323.wav,1
/USERSPACE/DATASETS/CodecFake/train/F01_SSB13850034.wav,1
/USERSPACE/DATASETS/CodecFake/train/F01_p287_373.wav,1
/USERSPACE/DATASETS/CodecFake/train/F01_SSB07170395.wav,1
/USERSPACE/DATASETS/CodecFake/train/F01_SSB15670430.wav,1
/USERSPACE/DATASETS/CodecFake/train/F01_SSB07230045.wav,1
/USERSPACE/DATASETS/CodecFake/train/F01_SSB02610178.wav,1
/USERSPACE/DATASETS/CodecFake/train/F01_SSB13920283.wav,1
/USERSPACE/DATASETS/CodecFake/train/F01_p226_164.wav,1
/USERSPACE/DATASETS/CodecFake/train/F01_p374_364.wav,1
/USERSPACE/DATASETS/CodecFake/train/F01_SSB12210109.wav,1
/USERSPACE/DATASETS/CodecFake/train/F01_SSB18910164.wav,1
/USERSPACE/DATASETS/CodecFake/train/F01_p300_019.wav,1
/USERSPACE/DATASETS/CodecFake/train/F01_p273_307.wav,1
/USERSPACE/DATASETS/CodecFake/train/F01_SSB02460424.wav,1
/USERSPACE/DATASETS/CodecFake/train/F01_SSB06310079.wav,1
/USERSPACE/DATASETS/CodecFake/train/F01_p307_319.wav,1
/USERSPACE/DATASETS/CodecFake/train/F01_SSB04350217.wav,1
/USERSPACE/DATASETS/CodecFake/train/F01_SSB10560312.wav,1
/USERSPACE/DATASETS/CodecFake/train/F01_SSB08170223.wav,1
/USERSPACE/DATASETS/CodecFake/train/F01_p311_022.wav,1
/USERSPACE/DATASETS/CodecFake/train/F01_SSB13280167.wav,1
/USERSPACE/DATASETS/CodecFake/train/F01_SSB10960259.wav,1
/USERSPACE/DATASETS/CodecFake/train/F01_p286_212.wav,1
/USERSPACE/DATASETS/CodecFake/train/F01_SSB13930119.wav,1
/USERSPACE/DATASETS/CodecFake/train/F01_SSB01490458.wav,1
/USERSPACE/DATASETS/CodecFake/train/F01_SSB03940447.wav,1
/USERSPACE/DATASETS/CodecFake/train/F01_p311_263.wav,1
/USERSPACE/DATASETS/CodecFake/train/F01_p292_265.wav,1
/USERSPACE/DATASETS/CodecFake/train/F01_SSB15750321.wav,1
/USERSPACE/DATASETS/CodecFake/train/F01_p257_227.wav,1
/USERSPACE/DATASETS/CodecFake/train/F01_SSB13660252.wav,1
/USERSPACE/DATASETS/CodecFake/train/F01_SSB00800254.wav,1
/USERSPACE/DATASETS/CodecFake/train/F01_SSB07360189.wav,1
/USERSPACE/DATASETS/CodecFake/train/F01_SSB02870019.wav,1
/USERSPACE/DATASETS/CodecFake/train/F01_SSB00570379.wav,1
/USERSPACE/DATASETS/CodecFake/train/F01_SSB08170093.wav,1
/USERSPACE/DATASETS/CodecFake/train/F01_SSB02990314.wav,1
/USERSPACE/DATASETS/CodecFake/train/F01_SSB05350427.wav,1
/USERSPACE/DATASETS/CodecFake/train/F01_SSB12180379.wav,1
/USERSPACE/DATASETS/CodecFake/train/F01_p265_071.wav,1
/USERSPACE/DATASETS/CodecFake/train/F01_p277_460.wav,1
/USERSPACE/DATASETS/CodecFake/train/F01_SSB03380209.wav,1
/USERSPACE/DATASETS/CodecFake/train/F01_SSB16860034.wav,1
/USERSPACE/DATASETS/CodecFake/train/F01_SSB04260063.wav,1
/USERSPACE/DATASETS/CodecFake/train/F01_SSB01930486.wav,1
/USERSPACE/DATASETS/CodecFake/train/F01_SSB00110030.wav,1
/USERSPACE/DATASETS/CodecFake/train/F01_p330_253.wav,1
/USERSPACE/DATASETS/CodecFake/train/F01_SSB12180323.wav,1
/USERSPACE/DATASETS/CodecFake/train/F01_SSB04820289.wav,1
/USERSPACE/DATASETS/CodecFake/train/F01_p316_130.wav,1
/USERSPACE/DATASETS/CodecFake/train/F01_SSB06320358.wav,1
/USERSPACE/DATASETS/CodecFake/train/F01_SSB03930316.wav,1
/USERSPACE/DATASETS/CodecFake/train/F01_p302_204.wav,1
/USERSPACE/DATASETS/CodecFake/train/F01_p285_045.wav,1
/USERSPACE/DATASETS/CodecFake/train/F01_SSB01450089.wav,1
/USERSPACE/DATASETS/CodecFake/train/F01_SSB07360272.wav,1
/USERSPACE/DATASETS/CodecFake/train/F01_p362_197.wav,1
/USERSPACE/DATASETS/CodecFake/train/F01_SSB07800216.wav,1
/USERSPACE/DATASETS/CodecFake/train/F01_SSB18060386.wav,1
/USERSPACE/DATASETS/CodecFake/train/F01_SSB13200022.wav,1
/USERSPACE/DATASETS/CodecFake/train/F01_p318_346.wav,1
/USERSPACE/DATASETS/CodecFake/train/F01_SSB05990228.wav,1
/USERSPACE/DATASETS/CodecFake/train/F01_p278_297.wav,1
/USERSPACE/DATASETS/CodecFake/train/F01_SSB19180076.wav,1
/USERSPACE/DATASETS/CodecFake/train/F01_SSB07020375.wav,1
/USERSPACE/DATASETS/CodecFake/train/F01_SSB05390004.wav,1
/USERSPACE/DATASETS/CodecFake/train/F01_SSB03410182.wav,1
/USERSPACE/DATASETS/CodecFake/train/F01_SSB04150156.wav,1
/USERSPACE/DATASETS/CodecFake/train/F01_SSB05390134.wav,1
/USERSPACE/DATASETS/CodecFake/train/F01_p240_172.wav,1
/USERSPACE/DATASETS/CodecFake/train/F01_SSB02870422.wav,1
/USERSPACE/DATASETS/CodecFake/train/F01_SSB10560178.wav,1
/USERSPACE/DATASETS/CodecFake/train/F01_SSB15930201.wav,1
/USERSPACE/DATASETS/CodecFake/train/F01_SSB07460438.wav,1
/USERSPACE/DATASETS/CodecFake/train/F01_p276_107.wav,1
/USERSPACE/DATASETS/CodecFake/train/F01_p262_001.wav,1
/USERSPACE/DATASETS/CodecFake/train/F01_SSB04340076.wav,1
/USERSPACE/DATASETS/CodecFake/train/F01_SSB06060365.wav,1
/USERSPACE/DATASETS/CodecFake/train/F01_SSB03390488.wav,1
/USERSPACE/DATASETS/CodecFake/train/F01_p262_274.wav,1
/USERSPACE/DATASETS/CodecFake/train/F01_p318_097.wav,1
/USERSPACE/DATASETS/CodecFake/train/F01_SSB04350407.wav,1
/USERSPACE/DATASETS/CodecFake/train/F01_p304_075.wav,1
/USERSPACE/DATASETS/CodecFake/train/F01_SSB11000384.wav,1
/USERSPACE/DATASETS/CodecFake/train/F01_SSB16860309.wav,1
/USERSPACE/DATASETS/CodecFake/train/F01_SSB12040071.wav,1
/USERSPACE/DATASETS/CodecFake/train/F01_p284_050.wav,1
/USERSPACE/DATASETS/CodecFake/train/F01_SSB06710118.wav,1
/USERSPACE/DATASETS/CodecFake/train/F01_SSB02870108.wav,1
/USERSPACE/DATASETS/CodecFake/train/F01_SSB15930323.wav,1
/USERSPACE/DATASETS/CodecFake/train/F01_SSB10240421.wav,1
/USERSPACE/DATASETS/CodecFake/train/F01_SSB18320217.wav,1
/USERSPACE/DATASETS/CodecFake/train/F01_SSB13200354.wav,1
/USERSPACE/DATASETS/CodecFake/train/F01_p280_359.wav,1
/USERSPACE/DATASETS/CodecFake/train/F01_p363_255.wav,1
/USERSPACE/DATASETS/CodecFake/train/F01_p339_200.wav,1
/USERSPACE/DATASETS/CodecFake/train/F01_p236_302.wav,1
/USERSPACE/DATASETS/CodecFake/train/F01_p227_217.wav,1
/USERSPACE/DATASETS/CodecFake/train/F01_SSB06090042.wav,1
/USERSPACE/DATASETS/CodecFake/train/F01_p340_182.wav,1
/USERSPACE/DATASETS/CodecFake/train/F01_p250_169.wav,1
/USERSPACE/DATASETS/CodecFake/train/F01_SSB08170021.wav,1
/USERSPACE/DATASETS/CodecFake/train/F01_SSB09150259.wav,1
/USERSPACE/DATASETS/CodecFake/train/F01_p364_165.wav,1
/USERSPACE/DATASETS/CodecFake/train/F01_SSB18780243.wav,1
/USERSPACE/DATASETS/CodecFake/train/F01_SSB10910472.wav,1
/USERSPACE/DATASETS/CodecFake/train/F01_p295_369.wav,1
/USERSPACE/DATASETS/CodecFake/train/F01_SSB08090247.wav,1
/USERSPACE/DATASETS/CodecFake/train/F01_SSB07510070.wav,1
/USERSPACE/DATASETS/CodecFake/train/F01_SSB15550100.wav,1
/USERSPACE/DATASETS/CodecFake/train/F01_p311_112.wav,1
/USERSPACE/DATASETS/CodecFake/train/F01_SSB14370307.wav,1
/USERSPACE/DATASETS/CodecFake/train/F01_SSB00330229.wav,1
/USERSPACE/DATASETS/CodecFake/train/F01_SSB06230510.wav,1
/USERSPACE/DATASETS/CodecFake/train/F01_p360_148.wav,1
/USERSPACE/DATASETS/CodecFake/train/F01_SSB13660226.wav,1
/USERSPACE/DATASETS/CodecFake/train/F01_SSB03160293.wav,1
/USERSPACE/DATASETS/CodecFake/train/F01_SSB05390202.wav,1
/USERSPACE/DATASETS/CodecFake/train/F01_SSB07230300.wav,1
/USERSPACE/DATASETS/CodecFake/train/F01_p310_160.wav,1
/USERSPACE/DATASETS/CodecFake/train/F01_p239_372.wav,1
/USERSPACE/DATASETS/CodecFake/train/F01_p374_172.wav,1
/USERSPACE/DATASETS/CodecFake/train/F01_p264_165.wav,1
/USERSPACE/DATASETS/CodecFake/train/F01_p360_034.wav,1
/USERSPACE/DATASETS/CodecFake/train/F01_SSB15630417.wav,1
/USERSPACE/DATASETS/CodecFake/train/F01_p374_212.wav,1
/USERSPACE/DATASETS/CodecFake/train/F01_p364_262.wav,1
/USERSPACE/DATASETS/CodecFake/train/F01_SSB11870480.wav,1
/USERSPACE/DATASETS/CodecFake/train/F01_SSB10720488.wav,1
/USERSPACE/DATASETS/CodecFake/train/F01_p259_269.wav,1
/USERSPACE/DATASETS/CodecFake/train/F01_SSB07000122.wav,1
/USERSPACE/DATASETS/CodecFake/train/F01_SSB10960275.wav,1
/USERSPACE/DATASETS/CodecFake/train/F01_SSB11970416.wav,1
/USERSPACE/DATASETS/CodecFake/train/F01_p261_318.wav,1
/USERSPACE/DATASETS/CodecFake/train/F01_SSB17820198.wav,1
/USERSPACE/DATASETS/CodecFake/train/F01_SSB06230405.wav,1
/USERSPACE/DATASETS/CodecFake/train/F01_p279_241.wav,1
/USERSPACE/DATASETS/CodecFake/train/F01_SSB15550067.wav,1
/USERSPACE/DATASETS/CodecFake/train/F01_SSB11250206.wav,1
/USERSPACE/DATASETS/CodecFake/train/F01_SSB13990363.wav,1
/USERSPACE/DATASETS/CodecFake/train/F01_SSB08090092.wav,1
/USERSPACE/DATASETS/CodecFake/train/F01_p374_072.wav,1
/USERSPACE/DATASETS/CodecFake/train/F01_SSB02460119.wav,1
/USERSPACE/DATASETS/CodecFake/train/F01_SSB03790406.wav,1
/USERSPACE/DATASETS/CodecFake/train/F01_SSB09350224.wav,1
/USERSPACE/DATASETS/CodecFake/train/F01_SSB03930479.wav,1
/USERSPACE/DATASETS/CodecFake/train/F01_SSB04270005.wav,1
/USERSPACE/DATASETS/CodecFake/train/F01_p239_004.wav,1
/USERSPACE/DATASETS/CodecFake/train/F01_SSB19180401.wav,1
/USERSPACE/DATASETS/CodecFake/train/F01_SSB09660473.wav,1
/USERSPACE/DATASETS/CodecFake/train/F01_SSB18780006.wav,1
/USERSPACE/DATASETS/CodecFake/train/F01_SSB11380368.wav,1
/USERSPACE/DATASETS/CodecFake/train/F01_p307_270.wav,1
/USERSPACE/DATASETS/CodecFake/train/F01_SSB01490076.wav,1
/USERSPACE/DATASETS/CodecFake/train/F01_SSB18280213.wav,1
/USERSPACE/DATASETS/CodecFake/train/F01_SSB18320377.wav,1
/USERSPACE/DATASETS/CodecFake/train/F01_SSB01930119.wav,1
/USERSPACE/DATASETS/CodecFake/train/F01_SSB07580377.wav,1
/USERSPACE/DATASETS/CodecFake/train/F01_SSB02730367.wav,1
/USERSPACE/DATASETS/CodecFake/train/F01_SSB00570139.wav,1
/USERSPACE/DATASETS/CodecFake/train/F01_SSB18370018.wav,1
/USERSPACE/DATASETS/CodecFake/train/F01_SSB08710349.wav,1
/USERSPACE/DATASETS/CodecFake/train/F01_p246_315.wav,1
/USERSPACE/DATASETS/CodecFake/train/F01_SSB09660269.wav,1
/USERSPACE/DATASETS/CodecFake/train/F01_p330_356.wav,1
/USERSPACE/DATASETS/CodecFake/train/F01_p311_199.wav,1
/USERSPACE/DATASETS/CodecFake/train/F01_SSB00180213.wav,1
/USERSPACE/DATASETS/CodecFake/train/F01_p271_171.wav,1
/USERSPACE/DATASETS/CodecFake/train/F01_SSB00180292.wav,1
/USERSPACE/DATASETS/CodecFake/train/F01_p284_190.wav,1
/USERSPACE/DATASETS/CodecFake/train/F01_SSB07020305.wav,1
/USERSPACE/DATASETS/CodecFake/train/F01_p230_061.wav,1
/USERSPACE/DATASETS/CodecFake/train/F01_SSB00800060.wav,1
/USERSPACE/DATASETS/CodecFake/train/F01_SSB13660087.wav,1
/USERSPACE/DATASETS/CodecFake/train/F01_SSB07200086.wav,1
/USERSPACE/DATASETS/CodecFake/train/F01_p267_283.wav,1
/USERSPACE/DATASETS/CodecFake/train/F01_p257_214.wav,1
/USERSPACE/DATASETS/CodecFake/train/F01_SSB00730135.wav,1
/USERSPACE/DATASETS/CodecFake/train/F01_SSB16990127.wav,1
/USERSPACE/DATASETS/CodecFake/train/F01_p258_369.wav,1
/USERSPACE/DATASETS/CodecFake/train/F01_SSB10240092.wav,1
/USERSPACE/DATASETS/CodecFake/train/F01_SSB07020416.wav,1
/USERSPACE/DATASETS/CodecFake/train/F01_p268_267.wav,1
/USERSPACE/DATASETS/CodecFake/train/F01_SSB11100286.wav,1
/USERSPACE/DATASETS/CodecFake/train/F01_p261_350.wav,1
/USERSPACE/DATASETS/CodecFake/train/F01_p243_051.wav,1
/USERSPACE/DATASETS/CodecFake/train/F01_p278_242.wav,1
/USERSPACE/DATASETS/CodecFake/train/F01_p307_289.wav,1
/USERSPACE/DATASETS/CodecFake/train/F01_SSB01490189.wav,1
/USERSPACE/DATASETS/CodecFake/train/F01_SSB07110002.wav,1
/USERSPACE/DATASETS/CodecFake/train/F01_SSB09130046.wav,1
/USERSPACE/DATASETS/CodecFake/train/F01_SSB01490113.wav,1
/USERSPACE/DATASETS/CodecFake/train/F01_SSB16240377.wav,1
/USERSPACE/DATASETS/CodecFake/train/F01_p225_335.wav,1
/USERSPACE/DATASETS/CodecFake/train/F01_SSB19560039.wav,1
/USERSPACE/DATASETS/CodecFake/train/F01_SSB07580407.wav,1
/USERSPACE/DATASETS/CodecFake/train/F01_SSB18910254.wav,1
/USERSPACE/DATASETS/CodecFake/train/F01_p254_342.wav,1
/USERSPACE/DATASETS/CodecFake/train/F01_SSB00800441.wav,1
/USERSPACE/DATASETS/CodecFake/train/F01_p234_282.wav,1
/USERSPACE/DATASETS/CodecFake/train/F01_p254_279.wav,1
/USERSPACE/DATASETS/CodecFake/train/F01_SSB05020254.wav,1
/USERSPACE/DATASETS/CodecFake/train/F01_SSB15550026.wav,1
/USERSPACE/DATASETS/CodecFake/train/F01_SSB03150376.wav,1
/USERSPACE/DATASETS/CodecFake/train/F01_SSB06710477.wav,1
/USERSPACE/DATASETS/CodecFake/train/F01_p318_049.wav,1
/USERSPACE/DATASETS/CodecFake/train/F01_SSB06310117.wav,1
/USERSPACE/DATASETS/CodecFake/train/F01_SSB06090355.wav,1
/USERSPACE/DATASETS/CodecFake/train/F01_SSB13020411.wav,1
/USERSPACE/DATASETS/CodecFake/train/F01_SSB13410341.wav,1
/USERSPACE/DATASETS/CodecFake/train/F01_p374_159.wav,1
/USERSPACE/DATASETS/CodecFake/train/F01_SSB04350478.wav,1
/USERSPACE/DATASETS/CodecFake/train/F01_SSB09970122.wav,1
/USERSPACE/DATASETS/CodecFake/train/F01_SSB15850359.wav,1
/USERSPACE/DATASETS/CodecFake/train/F01_SSB13220452.wav,1
/USERSPACE/DATASETS/CodecFake/train/F01_SSB05990216.wav,1
/USERSPACE/DATASETS/CodecFake/train/F01_SSB13850290.wav,1
/USERSPACE/DATASETS/CodecFake/train/F01_SSB15630074.wav,1
/USERSPACE/DATASETS/CodecFake/train/F01_SSB19390414.wav,1
/USERSPACE/DATASETS/CodecFake/train/F01_SSB02460267.wav,1
/USERSPACE/DATASETS/CodecFake/train/F01_SSB16500356.wav,1
/USERSPACE/DATASETS/CodecFake/train/F01_SSB07620383.wav,1
/USERSPACE/DATASETS/CodecFake/train/F01_SSB05390008.wav,1
/USERSPACE/DATASETS/CodecFake/train/F01_SSB05440160.wav,1
/USERSPACE/DATASETS/CodecFake/train/F01_SSB10550189.wav,1
/USERSPACE/DATASETS/CodecFake/train/F01_p302_187.wav,1
/USERSPACE/DATASETS/CodecFake/train/F01_SSB02000147.wav,1
/USERSPACE/DATASETS/CodecFake/train/F01_SSB03380027.wav,1
/USERSPACE/DATASETS/CodecFake/train/F01_SSB09870507.wav,1
/USERSPACE/DATASETS/CodecFake/train/F01_SSB04150347.wav,1
/USERSPACE/DATASETS/CodecFake/train/F01_p261_360.wav,1
/USERSPACE/DATASETS/CodecFake/train/F01_SSB01490005.wav,1
/USERSPACE/DATASETS/CodecFake/train/F01_p248_003.wav,1
/USERSPACE/DATASETS/CodecFake/train/F01_p245_106.wav,1
/USERSPACE/DATASETS/CodecFake/train/F01_p233_195.wav,1
/USERSPACE/DATASETS/CodecFake/train/F01_SSB06070054.wav,1
/USERSPACE/DATASETS/CodecFake/train/F01_SSB11250102.wav,1
/USERSPACE/DATASETS/CodecFake/train/F01_SSB02880079.wav,1
/USERSPACE/DATASETS/CodecFake/train/F01_p304_074.wav,1
/USERSPACE/DATASETS/CodecFake/train/F01_p287_156.wav,1
/USERSPACE/DATASETS/CodecFake/train/F01_p339_386.wav,1
/USERSPACE/DATASETS/CodecFake/train/F01_p278_289.wav,1
/USERSPACE/DATASETS/CodecFake/train/F01_p283_323.wav,1
/USERSPACE/DATASETS/CodecFake/train/F01_SSB18630044.wav,1
/USERSPACE/DATASETS/CodecFake/train/F01_SSB11100413.wav,1
/USERSPACE/DATASETS/CodecFake/train/F01_SSB00050174.wav,1
/USERSPACE/DATASETS/CodecFake/train/F01_SSB08630468.wav,1
/USERSPACE/DATASETS/CodecFake/train/F01_SSB03940205.wav,1
/USERSPACE/DATASETS/CodecFake/train/F01_SSB10200147.wav,1
/USERSPACE/DATASETS/CodecFake/train/F01_SSB01330242.wav,1
/USERSPACE/DATASETS/CodecFake/train/F01_SSB05020336.wav,1
/USERSPACE/DATASETS/CodecFake/train/F01_SSB07840194.wav,1
/USERSPACE/DATASETS/CodecFake/train/F01_SSB10560347.wav,1
/USERSPACE/DATASETS/CodecFake/train/F01_p278_243.wav,1
/USERSPACE/DATASETS/CodecFake/train/F01_SSB07510061.wav,1
/USERSPACE/DATASETS/CodecFake/train/F01_SSB15750413.wav,1
/USERSPACE/DATASETS/CodecFake/train/F01_SSB19350105.wav,1
/USERSPACE/DATASETS/CodecFake/train/F01_SSB07580252.wav,1
/USERSPACE/DATASETS/CodecFake/train/F01_SSB18910379.wav,1
/USERSPACE/DATASETS/CodecFake/train/F01_SSB11310246.wav,1
/USERSPACE/DATASETS/CodecFake/train/F01_SSB16240398.wav,1
/USERSPACE/DATASETS/CodecFake/train/F01_SSB04270067.wav,1
/USERSPACE/DATASETS/CodecFake/train/F01_p300_141.wav,1
/USERSPACE/DATASETS/CodecFake/train/F01_SSB03380361.wav,1
/USERSPACE/DATASETS/CodecFake/train/F01_SSB01490214.wav,1
/USERSPACE/DATASETS/CodecFake/train/F01_SSB06060238.wav,1
/USERSPACE/DATASETS/CodecFake/train/F01_SSB07480037.wav,1
/USERSPACE/DATASETS/CodecFake/train/F01_SSB06030323.wav,1
/USERSPACE/DATASETS/CodecFake/train/F01_SSB00430083.wav,1
/USERSPACE/DATASETS/CodecFake/train/F01_SSB05390399.wav,1
/USERSPACE/DATASETS/CodecFake/train/F01_SSB07860122.wav,1
/USERSPACE/DATASETS/CodecFake/train/F01_SSB05900264.wav,1
/USERSPACE/DATASETS/CodecFake/train/F01_SSB14080081.wav,1
/USERSPACE/DATASETS/CodecFake/train/F01_p318_261.wav,1
/USERSPACE/DATASETS/CodecFake/train/F01_p311_252.wav,1
/USERSPACE/DATASETS/CodecFake/train/F01_SSB17810404.wav,1
/USERSPACE/DATASETS/CodecFake/train/F01_SSB06060169.wav,1
/USERSPACE/DATASETS/CodecFake/train/F01_SSB10020334.wav,1
/USERSPACE/DATASETS/CodecFake/train/F01_p297_055.wav,1
/USERSPACE/DATASETS/CodecFake/train/F01_SSB13990475.wav,1
/USERSPACE/DATASETS/CodecFake/train/F01_p241_116.wav,1
/USERSPACE/DATASETS/CodecFake/train/F01_SSB17450484.wav,1
/USERSPACE/DATASETS/CodecFake/train/F01_SSB10960293.wav,1
/USERSPACE/DATASETS/CodecFake/train/F01_SSB01450407.wav,1
/USERSPACE/DATASETS/CodecFake/train/F01_SSB15750156.wav,1
/USERSPACE/DATASETS/CodecFake/train/F01_SSB07230430.wav,1
/USERSPACE/DATASETS/CodecFake/train/F01_SSB06680016.wav,1
/USERSPACE/DATASETS/CodecFake/train/F01_SSB05650081.wav,1
/USERSPACE/DATASETS/CodecFake/train/F01_p231_180.wav,1
/USERSPACE/DATASETS/CodecFake/train/F01_SSB13400352.wav,1
/USERSPACE/DATASETS/CodecFake/train/F01_SSB10960244.wav,1
/USERSPACE/DATASETS/CodecFake/train/F01_p295_351.wav,1
/USERSPACE/DATASETS/CodecFake/train/F01_SSB00330291.wav,1
/USERSPACE/DATASETS/CodecFake/train/F01_SSB05880305.wav,1
/USERSPACE/DATASETS/CodecFake/train/F01_p364_202.wav,1
/USERSPACE/DATASETS/CodecFake/train/F01_SSB18910038.wav,1
/USERSPACE/DATASETS/CodecFake/train/F01_SSB00330414.wav,1
/USERSPACE/DATASETS/CodecFake/train/F01_SSB18780311.wav,1
/USERSPACE/DATASETS/CodecFake/train/F01_SSB18060374.wav,1
/USERSPACE/DATASETS/CodecFake/train/F01_p293_064.wav,1
/USERSPACE/DATASETS/CodecFake/train/F01_SSB10240073.wav,1
/USERSPACE/DATASETS/CodecFake/train/F01_SSB02460334.wav,1
/USERSPACE/DATASETS/CodecFake/train/F01_p261_440.wav,1
/USERSPACE/DATASETS/CodecFake/train/F01_p363_125.wav,1
/USERSPACE/DATASETS/CodecFake/train/F01_SSB09190400.wav,1
/USERSPACE/DATASETS/CodecFake/train/F01_SSB12190049.wav,1
/USERSPACE/DATASETS/CodecFake/train/F01_SSB03380222.wav,1
/USERSPACE/DATASETS/CodecFake/train/F01_p258_041.wav,1
/USERSPACE/DATASETS/CodecFake/train/F01_p336_007.wav,1
/USERSPACE/DATASETS/CodecFake/train/F01_p277_285.wav,1
/USERSPACE/DATASETS/CodecFake/train/F01_SSB03790444.wav,1
/USERSPACE/DATASETS/CodecFake/train/F01_SSB03790448.wav,1
/USERSPACE/DATASETS/CodecFake/train/F01_SSB06320003.wav,1
/USERSPACE/DATASETS/CodecFake/train/F01_SSB07370476.wav,1
/USERSPACE/DATASETS/CodecFake/train/F01_p333_273.wav,1
/USERSPACE/DATASETS/CodecFake/train/F01_SSB06030424.wav,1
/USERSPACE/DATASETS/CodecFake/train/F01_SSB18320407.wav,1
/USERSPACE/DATASETS/CodecFake/train/F01_p276_176.wav,1
/USERSPACE/DATASETS/CodecFake/train/F01_SSB10000166.wav,1
/USERSPACE/DATASETS/CodecFake/train/F01_SSB13660190.wav,1
/USERSPACE/DATASETS/CodecFake/train/F01_SSB06930477.wav,1
/USERSPACE/DATASETS/CodecFake/train/F01_p314_415.wav,1
/USERSPACE/DATASETS/CodecFake/train/F01_SSB08710035.wav,1
/USERSPACE/DATASETS/CodecFake/train/F01_p374_182.wav,1
/USERSPACE/DATASETS/CodecFake/train/F01_SSB16700405.wav,1
/USERSPACE/DATASETS/CodecFake/train/F01_p310_218.wav,1
/USERSPACE/DATASETS/CodecFake/train/F01_SSB07510010.wav,1
/USERSPACE/DATASETS/CodecFake/train/F01_SSB07100400.wav,1
/USERSPACE/DATASETS/CodecFake/train/F01_SSB13410042.wav,1
/USERSPACE/DATASETS/CodecFake/train/F01_SSB11610005.wav,1
/USERSPACE/DATASETS/CodecFake/train/F01_SSB00430352.wav,1
/USERSPACE/DATASETS/CodecFake/train/F01_p243_284.wav,1
/USERSPACE/DATASETS/CodecFake/train/F01_SSB02670412.wav,1
/USERSPACE/DATASETS/CodecFake/train/F01_SSB03850429.wav,1
/USERSPACE/DATASETS/CodecFake/train/F01_SSB16990058.wav,1
/USERSPACE/DATASETS/CodecFake/train/F01_SSB16070326.wav,1
/USERSPACE/DATASETS/CodecFake/train/F01_p260_353.wav,1
/USERSPACE/DATASETS/CodecFake/train/F01_SSB04350264.wav,1
/USERSPACE/DATASETS/CodecFake/train/F01_p276_130.wav,1
/USERSPACE/DATASETS/CodecFake/train/F01_p295_032.wav,1
/USERSPACE/DATASETS/CodecFake/train/F01_SSB10910065.wav,1
/USERSPACE/DATASETS/CodecFake/train/F01_p335_220.wav,1
/USERSPACE/DATASETS/CodecFake/train/F01_SSB05650280.wav,1
/USERSPACE/DATASETS/CodecFake/train/F01_SSB03420239.wav,1
/USERSPACE/DATASETS/CodecFake/train/F01_SSB13200142.wav,1
/USERSPACE/DATASETS/CodecFake/train/F01_SSB07480140.wav,1
/USERSPACE/DATASETS/CodecFake/train/F01_p314_317.wav,1
/USERSPACE/DATASETS/CodecFake/train/F01_p282_071.wav,1
/USERSPACE/DATASETS/CodecFake/train/F01_p255_228.wav,1
/USERSPACE/DATASETS/CodecFake/train/F01_SSB04070322.wav,1
/USERSPACE/DATASETS/CodecFake/train/F01_SSB18630013.wav,1
/USERSPACE/DATASETS/CodecFake/train/F01_p333_154.wav,1
/USERSPACE/DATASETS/CodecFake/train/F01_SSB03800352.wav,1
/USERSPACE/DATASETS/CodecFake/train/F01_SSB15930069.wav,1
/USERSPACE/DATASETS/CodecFake/train/F01_p229_109.wav,1
/USERSPACE/DATASETS/CodecFake/train/F01_SSB03160493.wav,1
/USERSPACE/DATASETS/CodecFake/train/F01_p287_053.wav,1
/USERSPACE/DATASETS/CodecFake/train/F01_p287_305.wav,1
/USERSPACE/DATASETS/CodecFake/train/F01_SSB03150314.wav,1
/USERSPACE/DATASETS/CodecFake/train/F01_SSB13920073.wav,1
/USERSPACE/DATASETS/CodecFake/train/F01_SSB01220430.wav,1
/USERSPACE/DATASETS/CodecFake/train/F01_p264_056.wav,1
/USERSPACE/DATASETS/CodecFake/train/F01_p295_180.wav,1
/USERSPACE/DATASETS/CodecFake/train/F01_p341_113.wav,1
/USERSPACE/DATASETS/CodecFake/train/F01_SSB07170244.wav,1
/USERSPACE/DATASETS/CodecFake/train/F01_SSB03930007.wav,1
/USERSPACE/DATASETS/CodecFake/train/F01_SSB11150393.wav,1
/USERSPACE/DATASETS/CodecFake/train/F01_SSB11000218.wav,1
/USERSPACE/DATASETS/CodecFake/train/F01_SSB14310278.wav,1
/USERSPACE/DATASETS/CodecFake/train/F01_SSB14570294.wav,1
/USERSPACE/DATASETS/CodecFake/train/F01_p340_402.wav,1
/USERSPACE/DATASETS/CodecFake/train/F01_SSB03940224.wav,1
/USERSPACE/DATASETS/CodecFake/train/F01_SSB03800182.wav,1
/USERSPACE/DATASETS/CodecFake/train/F01_p261_140.wav,1
/USERSPACE/DATASETS/CodecFake/train/F01_SSB02670455.wav,1
/USERSPACE/DATASETS/CodecFake/train/F01_SSB01220038.wav,1
/USERSPACE/DATASETS/CodecFake/train/F01_SSB10010009.wav,1
/USERSPACE/DATASETS/CodecFake/train/F01_p246_069.wav,1
/USERSPACE/DATASETS/CodecFake/train/F01_SSB09870196.wav,1
/USERSPACE/DATASETS/CodecFake/train/F01_SSB01220431.wav,1
/USERSPACE/DATASETS/CodecFake/train/F01_SSB02670347.wav,1
/USERSPACE/DATASETS/CodecFake/train/F01_p249_192.wav,1
/USERSPACE/DATASETS/CodecFake/train/F01_p374_320.wav,1
/USERSPACE/DATASETS/CodecFake/train/F01_p284_077.wav,1
/USERSPACE/DATASETS/CodecFake/train/F01_SSB03750323.wav,1
/USERSPACE/DATASETS/CodecFake/train/F01_SSB07170265.wav,1
/USERSPACE/DATASETS/CodecFake/train/F01_SSB07580094.wav,1
/USERSPACE/DATASETS/CodecFake/train/F01_p292_189.wav,1
/USERSPACE/DATASETS/CodecFake/train/F01_SSB15550156.wav,1
/USERSPACE/DATASETS/CodecFake/train/F01_SSB03950034.wav,1
/USERSPACE/DATASETS/CodecFake/train/F01_SSB17450199.wav,1
/USERSPACE/DATASETS/CodecFake/train/F01_SSB03380274.wav,1
/USERSPACE/DATASETS/CodecFake/train/F01_p272_065.wav,1
/USERSPACE/DATASETS/CodecFake/train/F01_p340_106.wav,1
/USERSPACE/DATASETS/CodecFake/train/F01_p274_401.wav,1
/USERSPACE/DATASETS/CodecFake/train/F01_p312_374.wav,1
/USERSPACE/DATASETS/CodecFake/train/F01_p361_018.wav,1
/USERSPACE/DATASETS/CodecFake/train/F01_SSB00330183.wav,1
/USERSPACE/DATASETS/CodecFake/train/F01_p299_039.wav,1
/USERSPACE/DATASETS/CodecFake/train/F01_SSB04340047.wav,1
/USERSPACE/DATASETS/CodecFake/train/F01_SSB06320292.wav,1
/USERSPACE/DATASETS/CodecFake/train/F01_SSB15850346.wav,1
/USERSPACE/DATASETS/CodecFake/train/F01_SSB04700037.wav,1
/USERSPACE/DATASETS/CodecFake/train/F01_SSB18280230.wav,1
/USERSPACE/DATASETS/CodecFake/train/F01_SSB07000208.wav,1
/USERSPACE/DATASETS/CodecFake/train/F01_p264_040.wav,1
/USERSPACE/DATASETS/CodecFake/train/F01_SSB03150080.wav,1
/USERSPACE/DATASETS/CodecFake/train/F01_SSB06230043.wav,1
/USERSPACE/DATASETS/CodecFake/train/F01_SSB18630200.wav,1
/USERSPACE/DATASETS/CodecFake/train/F01_SSB07370088.wav,1
/USERSPACE/DATASETS/CodecFake/train/F01_SSB01450296.wav,1
/USERSPACE/DATASETS/CodecFake/train/F01_SSB06660244.wav,1
/USERSPACE/DATASETS/CodecFake/train/F01_SSB07360298.wav,1
/USERSPACE/DATASETS/CodecFake/train/F01_SSB11380298.wav,1
/USERSPACE/DATASETS/CodecFake/train/F01_p241_104.wav,1
/USERSPACE/DATASETS/CodecFake/train/F01_p303_066.wav,1
/USERSPACE/DATASETS/CodecFake/train/F01_SSB11310069.wav,1
/USERSPACE/DATASETS/CodecFake/train/F01_p299_275.wav,1
/USERSPACE/DATASETS/CodecFake/train/F01_SSB12210049.wav,1
/USERSPACE/DATASETS/CodecFake/train/F01_p316_149.wav,1
/USERSPACE/DATASETS/CodecFake/train/F01_SSB07620492.wav,1
/USERSPACE/DATASETS/CodecFake/train/F01_SSB09870501.wav,1
/USERSPACE/DATASETS/CodecFake/train/F01_SSB03930020.wav,1
/USERSPACE/DATASETS/CodecFake/train/F01_p243_022.wav,1
/USERSPACE/DATASETS/CodecFake/train/F01_SSB10640250.wav,1
/USERSPACE/DATASETS/CodecFake/train/F01_p261_067.wav,1
/USERSPACE/DATASETS/CodecFake/train/F01_SSB16860171.wav,1
/USERSPACE/DATASETS/CodecFake/train/F01_SSB04270327.wav,1
/USERSPACE/DATASETS/CodecFake/train/F01_p263_454.wav,1
/USERSPACE/DATASETS/CodecFake/train/F01_SSB01490354.wav,1
/USERSPACE/DATASETS/CodecFake/train/F01_SSB01930249.wav,1
/USERSPACE/DATASETS/CodecFake/train/F01_p248_021.wav,1
/USERSPACE/DATASETS/CodecFake/train/F01_SSB19350007.wav,1
/USERSPACE/DATASETS/CodecFake/train/F01_SSB06930030.wav,1
/USERSPACE/DATASETS/CodecFake/train/F01_SSB13770388.wav,1
/USERSPACE/DATASETS/CodecFake/train/F01_SSB03410050.wav,1
/USERSPACE/DATASETS/CodecFake/train/F01_SSB03950427.wav,1
/USERSPACE/DATASETS/CodecFake/train/F01_p277_020.wav,1
/USERSPACE/DATASETS/CodecFake/train/F01_p267_046.wav,1
/USERSPACE/DATASETS/CodecFake/train/F01_SSB03380420.wav,1
/USERSPACE/DATASETS/CodecFake/train/F01_SSB07110106.wav,1
/USERSPACE/DATASETS/CodecFake/train/F01_p297_421.wav,1
/USERSPACE/DATASETS/CodecFake/train/F01_SSB02880149.wav,1
/USERSPACE/DATASETS/CodecFake/train/F01_SSB00570033.wav,1
/USERSPACE/DATASETS/CodecFake/train/F01_SSB02730436.wav,1
/USERSPACE/DATASETS/CodecFake/train/F01_SSB05700405.wav,1
/USERSPACE/DATASETS/CodecFake/train/F01_SSB07110399.wav,1
/USERSPACE/DATASETS/CodecFake/train/F01_p275_263.wav,1
/USERSPACE/DATASETS/CodecFake/train/F01_p273_006.wav,1
/USERSPACE/DATASETS/CodecFake/train/F01_SSB17590509.wav,1
/USERSPACE/DATASETS/CodecFake/train/F01_SSB06930219.wav,1
/USERSPACE/DATASETS/CodecFake/train/F01_SSB12390414.wav,1
/USERSPACE/DATASETS/CodecFake/train/F01_SSB07370365.wav,1
/USERSPACE/DATASETS/CodecFake/train/F01_p266_166.wav,1
/USERSPACE/DATASETS/CodecFake/train/F01_SSB16250382.wav,1
/USERSPACE/DATASETS/CodecFake/train/F01_p232_267.wav,1
/USERSPACE/DATASETS/CodecFake/train/F01_p264_187.wav,1
/USERSPACE/DATASETS/CodecFake/train/F01_SSB09870241.wav,1
/USERSPACE/DATASETS/CodecFake/train/F01_SSB06310279.wav,1
/USERSPACE/DATASETS/CodecFake/train/F01_SSB02610297.wav,1
/USERSPACE/DATASETS/CodecFake/train/F01_SSB04700192.wav,1
/USERSPACE/DATASETS/CodecFake/train/F01_p271_040.wav,1
/USERSPACE/DATASETS/CodecFake/train/F01_SSB00330067.wav,1
/USERSPACE/DATASETS/CodecFake/train/F01_p376_124.wav,1
/USERSPACE/DATASETS/CodecFake/train/F01_p360_212.wav,1
/USERSPACE/DATASETS/CodecFake/train/F01_SSB00380183.wav,1
/USERSPACE/DATASETS/CodecFake/train/F01_p249_149.wav,1
/USERSPACE/DATASETS/CodecFake/train/F01_p351_132.wav,1
/USERSPACE/DATASETS/CodecFake/train/F01_SSB11970060.wav,1
/USERSPACE/DATASETS/CodecFake/train/F01_p244_360.wav,1
/USERSPACE/DATASETS/CodecFake/train/F01_p311_196.wav,1
/USERSPACE/DATASETS/CodecFake/train/F01_SSB07020049.wav,1
/USERSPACE/DATASETS/CodecFake/train/F01_p266_016.wav,1
/USERSPACE/DATASETS/CodecFake/train/F01_SSB06680059.wav,1
/USERSPACE/DATASETS/CodecFake/train/F01_SSB13850465.wav,1
/USERSPACE/DATASETS/CodecFake/train/F01_SSB03820370.wav,1
/USERSPACE/DATASETS/CodecFake/train/F01_SSB09870056.wav,1
/USERSPACE/DATASETS/CodecFake/train/F01_SSB16070243.wav,1
/USERSPACE/DATASETS/CodecFake/train/F01_p234_193.wav,1
/USERSPACE/DATASETS/CodecFake/train/F01_SSB14520438.wav,1
/USERSPACE/DATASETS/CodecFake/train/F01_SSB18780465.wav,1
/USERSPACE/DATASETS/CodecFake/train/F01_p233_150.wav,1
/USERSPACE/DATASETS/CodecFake/train/F01_p232_378.wav,1
/USERSPACE/DATASETS/CodecFake/train/F01_p330_087.wav,1
/USERSPACE/DATASETS/CodecFake/train/F01_SSB06070056.wav,1
/USERSPACE/DATASETS/CodecFake/train/F01_SSB09350335.wav,1
/USERSPACE/DATASETS/CodecFake/train/F01_SSB13770355.wav,1
/USERSPACE/DATASETS/CodecFake/train/F01_SSB07860347.wav,1
/USERSPACE/DATASETS/CodecFake/train/F01_p271_022.wav,1
/USERSPACE/DATASETS/CodecFake/train/F01_SSB09660011.wav,1
/USERSPACE/DATASETS/CodecFake/train/F01_SSB13770353.wav,1
/USERSPACE/DATASETS/CodecFake/train/F01_SSB00110096.wav,1
/USERSPACE/DATASETS/CodecFake/train/F01_SSB00180121.wav,1
/USERSPACE/DATASETS/CodecFake/train/F01_p300_130.wav,1
/USERSPACE/DATASETS/CodecFake/train/F01_p336_203.wav,1
/USERSPACE/DATASETS/CodecFake/train/F01_p264_048.wav,1
/USERSPACE/DATASETS/CodecFake/train/F01_SSB00110236.wav,1
/USERSPACE/DATASETS/CodecFake/train/F01_p234_232.wav,1
/USERSPACE/DATASETS/CodecFake/train/F01_SSB12160071.wav,1
/USERSPACE/DATASETS/CodecFake/train/F01_SSB03950012.wav,1
/USERSPACE/DATASETS/CodecFake/train/F01_SSB00570324.wav,1
/USERSPACE/DATASETS/CodecFake/train/F01_SSB13820029.wav,1
/USERSPACE/DATASETS/CodecFake/train/F01_p301_383.wav,1
/USERSPACE/DATASETS/CodecFake/train/F01_p326_217.wav,1
/USERSPACE/DATASETS/CodecFake/train/F01_p313_105.wav,1
/USERSPACE/DATASETS/CodecFake/train/F01_SSB07600069.wav,1
/USERSPACE/DATASETS/CodecFake/train/F01_SSB05440376.wav,1
/USERSPACE/DATASETS/CodecFake/train/F01_SSB00050358.wav,1
/USERSPACE/DATASETS/CodecFake/train/F01_SSB13820372.wav,1
/USERSPACE/DATASETS/CodecFake/train/F01_p251_088.wav,1
/USERSPACE/DATASETS/CodecFake/train/F01_SSB03380437.wav,1
/USERSPACE/DATASETS/CodecFake/train/F01_SSB07230310.wav,1
/USERSPACE/DATASETS/CodecFake/train/F01_p251_323.wav,1
/USERSPACE/DATASETS/CodecFake/train/F01_SSB03380260.wav,1
/USERSPACE/DATASETS/CodecFake/train/F01_p254_088.wav,1
/USERSPACE/DATASETS/CodecFake/train/F01_SSB10500280.wav,1
/USERSPACE/DATASETS/CodecFake/train/F01_SSB07000197.wav,1
/USERSPACE/DATASETS/CodecFake/train/F01_SSB16700452.wav,1
/USERSPACE/DATASETS/CodecFake/train/F01_SSB03950314.wav,1
/USERSPACE/DATASETS/CodecFake/train/F01_SSB10080439.wav,1
/USERSPACE/DATASETS/CodecFake/train/F01_SSB11100388.wav,1
/USERSPACE/DATASETS/CodecFake/train/F01_SSB03160309.wav,1
/USERSPACE/DATASETS/CodecFake/train/F01_SSB02610501.wav,1
/USERSPACE/DATASETS/CodecFake/train/F01_SSB03380087.wav,1
/USERSPACE/DATASETS/CodecFake/train/F01_p243_380.wav,1
/USERSPACE/DATASETS/CodecFake/train/F01_SSB15550363.wav,1
/USERSPACE/DATASETS/CodecFake/train/F01_SSB07480197.wav,1
/USERSPACE/DATASETS/CodecFake/train/F01_SSB00330053.wav,1
/USERSPACE/DATASETS/CodecFake/train/F01_SSB01220122.wav,1
/USERSPACE/DATASETS/CodecFake/train/F01_p250_208.wav,1
/USERSPACE/DATASETS/CodecFake/train/F01_SSB06030167.wav,1
/USERSPACE/DATASETS/CodecFake/train/F01_SSB07580340.wav,1
/USERSPACE/DATASETS/CodecFake/train/F01_p302_213.wav,1
/USERSPACE/DATASETS/CodecFake/train/F01_SSB15850038.wav,1
/USERSPACE/DATASETS/CodecFake/train/F01_SSB16250120.wav,1
/USERSPACE/DATASETS/CodecFake/train/F01_SSB08630250.wav,1
/USERSPACE/DATASETS/CodecFake/train/F01_p240_369.wav,1
/USERSPACE/DATASETS/CodecFake/train/F01_SSB05940342.wav,1
/USERSPACE/DATASETS/CodecFake/train/F01_SSB16250305.wav,1
/USERSPACE/DATASETS/CodecFake/train/F01_SSB04070046.wav,1
/USERSPACE/DATASETS/CodecFake/train/F01_SSB00110094.wav,1
/USERSPACE/DATASETS/CodecFake/train/F01_SSB00330104.wav,1
/USERSPACE/DATASETS/CodecFake/train/F01_p295_124.wav,1
/USERSPACE/DATASETS/CodecFake/train/F01_SSB03420240.wav,1
/USERSPACE/DATASETS/CodecFake/train/F01_SSB02670040.wav,1
/USERSPACE/DATASETS/CodecFake/train/F01_p262_197.wav,1
/USERSPACE/DATASETS/CodecFake/train/F01_p308_070.wav,1
/USERSPACE/DATASETS/CodecFake/train/F01_SSB00050292.wav,1
/USERSPACE/DATASETS/CodecFake/train/F01_SSB15930091.wav,1
/USERSPACE/DATASETS/CodecFake/train/F01_p278_326.wav,1
/USERSPACE/DATASETS/CodecFake/train/F01_p248_156.wav,1
/USERSPACE/DATASETS/CodecFake/train/F01_SSB03230088.wav,1
/USERSPACE/DATASETS/CodecFake/train/F01_p317_070.wav,1
/USERSPACE/DATASETS/CodecFake/train/F01_SSB18370362.wav,1
/USERSPACE/DATASETS/CodecFake/train/F01_SSB07020198.wav,1
/USERSPACE/DATASETS/CodecFake/train/F01_SSB02460006.wav,1
/USERSPACE/DATASETS/CodecFake/train/F01_SSB00110256.wav,1
/USERSPACE/DATASETS/CodecFake/train/F01_SSB00800200.wav,1
/USERSPACE/DATASETS/CodecFake/train/F01_SSB06860103.wav,1
/USERSPACE/DATASETS/CodecFake/train/F01_p255_202.wav,1
/USERSPACE/DATASETS/CodecFake/train/F01_p248_218.wav,1
/USERSPACE/DATASETS/CodecFake/train/F01_SSB06030351.wav,1
/USERSPACE/DATASETS/CodecFake/train/F01_SSB02000115.wav,1
/USERSPACE/DATASETS/CodecFake/train/F01_p292_030.wav,1
/USERSPACE/DATASETS/CodecFake/train/F01_SSB02410337.wav,1
/USERSPACE/DATASETS/CodecFake/train/F01_SSB06680405.wav,1
/USERSPACE/DATASETS/CodecFake/train/F01_SSB04070278.wav,1
/USERSPACE/DATASETS/CodecFake/train/F01_SSB07100185.wav,1
/USERSPACE/DATASETS/CodecFake/train/F01_SSB05020183.wav,1
/USERSPACE/DATASETS/CodecFake/train/F01_SSB06070304.wav,1
/USERSPACE/DATASETS/CodecFake/train/F01_SSB08630080.wav,1
/USERSPACE/DATASETS/CodecFake/train/F01_SSB16240039.wav,1
/USERSPACE/DATASETS/CodecFake/train/F01_p351_212.wav,1
/USERSPACE/DATASETS/CodecFake/train/F01_p345_245.wav,1
/USERSPACE/DATASETS/CodecFake/train/F01_SSB07800179.wav,1
/USERSPACE/DATASETS/CodecFake/train/F01_SSB01390084.wav,1
/USERSPACE/DATASETS/CodecFake/train/F01_SSB07480275.wav,1
/USERSPACE/DATASETS/CodecFake/train/F01_SSB02610217.wav,1
/USERSPACE/DATASETS/CodecFake/train/F01_SSB17590455.wav,1
/USERSPACE/DATASETS/CodecFake/train/F01_SSB07020043.wav,1
/USERSPACE/DATASETS/CodecFake/train/F01_SSB03160296.wav,1
/USERSPACE/DATASETS/CodecFake/train/F01_SSB06070235.wav,1
/USERSPACE/DATASETS/CodecFake/train/F01_SSB13220016.wav,1
/USERSPACE/DATASETS/CodecFake/train/F01_p278_091.wav,1
/USERSPACE/DATASETS/CodecFake/train/F01_SSB04700255.wav,1
/USERSPACE/DATASETS/CodecFake/train/F01_SSB10560163.wav,1
/USERSPACE/DATASETS/CodecFake/train/F01_SSB00160025.wav,1
/USERSPACE/DATASETS/CodecFake/train/F01_p298_352.wav,1
/USERSPACE/DATASETS/CodecFake/train/F01_SSB10200111.wav,1
/USERSPACE/DATASETS/CodecFake/train/F01_SSB09970070.wav,1
/USERSPACE/DATASETS/CodecFake/train/F01_SSB06930245.wav,1
/USERSPACE/DATASETS/CodecFake/train/F01_SSB02670032.wav,1
/USERSPACE/DATASETS/CodecFake/train/F01_p280_220.wav,1
/USERSPACE/DATASETS/CodecFake/train/F01_p250_067.wav,1
/USERSPACE/DATASETS/CodecFake/train/F01_p226_317.wav,1
/USERSPACE/DATASETS/CodecFake/train/F01_SSB01450286.wav,1
/USERSPACE/DATASETS/CodecFake/train/F01_SSB11760406.wav,1
/USERSPACE/DATASETS/CodecFake/train/F01_SSB18370460.wav,1
/USERSPACE/DATASETS/CodecFake/train/F01_SSB11000484.wav,1
/USERSPACE/DATASETS/CodecFake/train/F01_SSB06230239.wav,1
/USERSPACE/DATASETS/CodecFake/train/F01_p347_029.wav,1
/USERSPACE/DATASETS/CodecFake/train/F01_p303_238.wav,1
/USERSPACE/DATASETS/CodecFake/train/F01_SSB07600004.wav,1
/USERSPACE/DATASETS/CodecFake/train/F01_SSB12530443.wav,1
/USERSPACE/DATASETS/CodecFake/train/F01_p315_196.wav,1
/USERSPACE/DATASETS/CodecFake/train/F01_SSB07490456.wav,1
/USERSPACE/DATASETS/CodecFake/train/F01_p275_164.wav,1
/USERSPACE/DATASETS/CodecFake/train/F01_p226_342.wav,1
/USERSPACE/DATASETS/CodecFake/train/F01_SSB03070234.wav,1
/USERSPACE/DATASETS/CodecFake/train/F01_SSB04820301.wav,1
/USERSPACE/DATASETS/CodecFake/train/F01_SSB03150184.wav,1
/USERSPACE/DATASETS/CodecFake/train/F01_p276_216.wav,1
/USERSPACE/DATASETS/CodecFake/train/F01_SSB07860071.wav,1
/USERSPACE/DATASETS/CodecFake/train/F01_SSB05350056.wav,1
/USERSPACE/DATASETS/CodecFake/train/F01_SSB00050466.wav,1
/USERSPACE/DATASETS/CodecFake/train/F01_SSB03150107.wav,1
/USERSPACE/DATASETS/CodecFake/train/F01_p360_153.wav,1
/USERSPACE/DATASETS/CodecFake/train/F01_SSB02460256.wav,1
/USERSPACE/DATASETS/CodecFake/train/F01_p308_037.wav,1
/USERSPACE/DATASETS/CodecFake/train/F01_p317_380.wav,1
/USERSPACE/DATASETS/CodecFake/train/F01_SSB07510399.wav,1
/USERSPACE/DATASETS/CodecFake/train/F01_SSB11760436.wav,1
/USERSPACE/DATASETS/CodecFake/train/F01_SSB01330088.wav,1
/USERSPACE/DATASETS/CodecFake/train/F01_SSB18910295.wav,1
/USERSPACE/DATASETS/CodecFake/train/F01_SSB06710474.wav,1
/USERSPACE/DATASETS/CodecFake/train/F01_SSB18320196.wav,1
/USERSPACE/DATASETS/CodecFake/train/F01_SSB12530458.wav,1
/USERSPACE/DATASETS/CodecFake/train/F01_SSB06060342.wav,1
/USERSPACE/DATASETS/CodecFake/train/F01_SSB07510321.wav,1
/USERSPACE/DATASETS/CodecFake/train/F01_p351_321.wav,1
/USERSPACE/DATASETS/CodecFake/train/F01_p256_197.wav,1
/USERSPACE/DATASETS/CodecFake/train/F01_p316_039.wav,1
/USERSPACE/DATASETS/CodecFake/train/F01_SSB11760338.wav,1
/USERSPACE/DATASETS/CodecFake/train/F01_p333_412.wav,1
/USERSPACE/DATASETS/CodecFake/train/F01_p267_113.wav,1
/USERSPACE/DATASETS/CodecFake/train/F01_SSB03950328.wav,1
/USERSPACE/DATASETS/CodecFake/train/F01_SSB03750381.wav,1
/USERSPACE/DATASETS/CodecFake/train/F01_SSB15630288.wav,1
/USERSPACE/DATASETS/CodecFake/train/F01_p362_191.wav,1
/USERSPACE/DATASETS/CodecFake/train/F01_SSB04340347.wav,1
/USERSPACE/DATASETS/CodecFake/train/F01_SSB13820250.wav,1
/USERSPACE/DATASETS/CodecFake/train/F01_SSB19350054.wav,1
/USERSPACE/DATASETS/CodecFake/train/F01_SSB05340129.wav,1
/USERSPACE/DATASETS/CodecFake/train/F01_SSB13820200.wav,1
/USERSPACE/DATASETS/CodecFake/train/F01_SSB03160238.wav,1
/USERSPACE/DATASETS/CodecFake/train/F01_p341_031.wav,1
/USERSPACE/DATASETS/CodecFake/train/F01_p231_472.wav,1
/USERSPACE/DATASETS/CodecFake/train/F01_SSB10560156.wav,1
/USERSPACE/DATASETS/CodecFake/train/F01_SSB04340107.wav,1
/USERSPACE/DATASETS/CodecFake/train/F01_SSB06930198.wav,1
/USERSPACE/DATASETS/CodecFake/train/F01_p314_302.wav,1
/USERSPACE/DATASETS/CodecFake/train/F01_SSB06090194.wav,1
/USERSPACE/DATASETS/CodecFake/train/F01_p311_116.wav,1
/USERSPACE/DATASETS/CodecFake/train/F01_SSB09350174.wav,1
/USERSPACE/DATASETS/CodecFake/train/F01_SSB18060249.wav,1
/USERSPACE/DATASETS/CodecFake/train/F01_SSB05350435.wav,1
/USERSPACE/DATASETS/CodecFake/train/F01_p250_152.wav,1
/USERSPACE/DATASETS/CodecFake/train/F01_SSB03090158.wav,1
/USERSPACE/DATASETS/CodecFake/train/F01_SSB05390009.wav,1
/USERSPACE/DATASETS/CodecFake/train/F01_p283_236.wav,1
/USERSPACE/DATASETS/CodecFake/train/F01_SSB00330039.wav,1
/USERSPACE/DATASETS/CodecFake/train/F01_p300_304.wav,1
/USERSPACE/DATASETS/CodecFake/train/F01_p339_398.wav,1
/USERSPACE/DATASETS/CodecFake/train/F01_SSB05440114.wav,1
/USERSPACE/DATASETS/CodecFake/train/F01_p323_200.wav,1
/USERSPACE/DATASETS/CodecFake/train/F01_SSB10200191.wav,1
/USERSPACE/DATASETS/CodecFake/train/F01_SSB18320456.wav,1
/USERSPACE/DATASETS/CodecFake/train/F01_SSB18910459.wav,1
/USERSPACE/DATASETS/CodecFake/train/F01_p297_037.wav,1
/USERSPACE/DATASETS/CodecFake/train/F01_p272_238.wav,1
/USERSPACE/DATASETS/CodecFake/train/F01_p237_058.wav,1
/USERSPACE/DATASETS/CodecFake/train/F01_SSB05440239.wav,1
/USERSPACE/DATASETS/CodecFake/train/F01_SSB09930504.wav,1
/USERSPACE/DATASETS/CodecFake/train/F01_SSB01450316.wav,1
/USERSPACE/DATASETS/CodecFake/train/F01_SSB02000159.wav,1
/USERSPACE/DATASETS/CodecFake/train/F01_SSB13660361.wav,1
/USERSPACE/DATASETS/CodecFake/train/F01_p253_136.wav,1
/USERSPACE/DATASETS/CodecFake/train/F01_p248_059.wav,1
/USERSPACE/DATASETS/CodecFake/train/F01_p262_295.wav,1
/USERSPACE/DATASETS/CodecFake/train/F01_SSB07020193.wav,1
/USERSPACE/DATASETS/CodecFake/train/F01_SSB09660335.wav,1
/USERSPACE/DATASETS/CodecFake/train/F01_p318_165.wav,1
/USERSPACE/DATASETS/CodecFake/train/F01_SSB12040115.wav,1
/USERSPACE/DATASETS/CodecFake/train/F01_SSB11380498.wav,1
/USERSPACE/DATASETS/CodecFake/train/F01_p351_272.wav,1
/USERSPACE/DATASETS/CodecFake/train/F01_SSB02990296.wav,1
/USERSPACE/DATASETS/CodecFake/train/F01_SSB09930442.wav,1
/USERSPACE/DATASETS/CodecFake/train/F01_SSB01390467.wav,1
/USERSPACE/DATASETS/CodecFake/train/F01_SSB11610472.wav,1
/USERSPACE/DATASETS/CodecFake/train/F01_SSB03420406.wav,1
/USERSPACE/DATASETS/CodecFake/train/F01_p364_108.wav,1
/USERSPACE/DATASETS/CodecFake/train/F01_p231_061.wav,1
/USERSPACE/DATASETS/CodecFake/train/F01_SSB07580069.wav,1
/USERSPACE/DATASETS/CodecFake/train/F01_p351_336.wav,1
/USERSPACE/DATASETS/CodecFake/train/F01_SSB08710273.wav,1
/USERSPACE/DATASETS/CodecFake/train/F01_SSB03800373.wav,1
/USERSPACE/DATASETS/CodecFake/train/F01_p231_461.wav,1
/USERSPACE/DATASETS/CodecFake/train/F01_p303_294.wav,1
/USERSPACE/DATASETS/CodecFake/train/F01_SSB05440429.wav,1
/USERSPACE/DATASETS/CodecFake/train/F01_p333_012.wav,1
/USERSPACE/DATASETS/CodecFake/train/F01_p285_106.wav,1
/USERSPACE/DATASETS/CodecFake/train/F01_SSB03800265.wav,1
/USERSPACE/DATASETS/CodecFake/train/F01_SSB03800447.wav,1
/USERSPACE/DATASETS/CodecFake/train/F01_SSB03950083.wav,1
/USERSPACE/DATASETS/CodecFake/train/F01_SSB09130331.wav,1
/USERSPACE/DATASETS/CodecFake/train/F01_SSB16700122.wav,1
/USERSPACE/DATASETS/CodecFake/train/F01_SSB00160394.wav,1
/USERSPACE/DATASETS/CodecFake/train/F01_SSB11250205.wav,1
/USERSPACE/DATASETS/CodecFake/train/F01_SSB06290462.wav,1
/USERSPACE/DATASETS/CodecFake/train/F01_SSB06290035.wav,1
/USERSPACE/DATASETS/CodecFake/train/F01_SSB03410067.wav,1
/USERSPACE/DATASETS/CodecFake/train/F01_SSB12030195.wav,1
/USERSPACE/DATASETS/CodecFake/train/F01_SSB19180277.wav,1
/USERSPACE/DATASETS/CodecFake/train/F01_p343_040.wav,1
/USERSPACE/DATASETS/CodecFake/train/F01_p250_308.wav,1
/USERSPACE/DATASETS/CodecFake/train/F01_p314_072.wav,1
/USERSPACE/DATASETS/CodecFake/train/F01_SSB18460171.wav,1
/USERSPACE/DATASETS/CodecFake/train/F01_p262_377.wav,1
/USERSPACE/DATASETS/CodecFake/train/F01_SSB07170040.wav,1
/USERSPACE/DATASETS/CodecFake/train/F01_p335_114.wav,1
/USERSPACE/DATASETS/CodecFake/train/F01_SSB13220223.wav,1
/USERSPACE/DATASETS/CodecFake/train/F01_p269_320.wav,1
/USERSPACE/DATASETS/CodecFake/train/F01_SSB04700414.wav,1
/USERSPACE/DATASETS/CodecFake/train/F01_SSB17390044.wav,1
/USERSPACE/DATASETS/CodecFake/train/F01_p292_125.wav,1
/USERSPACE/DATASETS/CodecFake/train/F01_p243_323.wav,1
/USERSPACE/DATASETS/CodecFake/train/F01_p269_317.wav,1
/USERSPACE/DATASETS/CodecFake/train/F01_SSB03160278.wav,1
/USERSPACE/DATASETS/CodecFake/train/F01_SSB00570010.wav,1
/USERSPACE/DATASETS/CodecFake/train/F01_SSB04350451.wav,1
/USERSPACE/DATASETS/CodecFake/train/F01_SSB08220049.wav,1
/USERSPACE/DATASETS/CodecFake/train/F01_p268_376.wav,1
/USERSPACE/DATASETS/CodecFake/train/F01_SSB05350106.wav,1
/USERSPACE/DATASETS/CodecFake/train/F01_SSB09870444.wav,1
/USERSPACE/DATASETS/CodecFake/train/F01_p363_377.wav,1
/USERSPACE/DATASETS/CodecFake/train/F01_SSB07230320.wav,1
/USERSPACE/DATASETS/CodecFake/train/F01_p280_408.wav,1
/USERSPACE/DATASETS/CodecFake/train/F01_SSB09190226.wav,1
/USERSPACE/DATASETS/CodecFake/train/F01_SSB08870352.wav,1
/USERSPACE/DATASETS/CodecFake/train/F01_SSB03950332.wav,1
/USERSPACE/DATASETS/CodecFake/train/F01_p251_180.wav,1
/USERSPACE/DATASETS/CodecFake/train/F01_SSB03070207.wav,1
/USERSPACE/DATASETS/CodecFake/train/F01_SSB10500268.wav,1
/USERSPACE/DATASETS/CodecFake/train/F01_SSB07580393.wav,1
/USERSPACE/DATASETS/CodecFake/train/F01_SSB06310063.wav,1
/USERSPACE/DATASETS/CodecFake/train/F01_SSB07600270.wav,1
/USERSPACE/DATASETS/CodecFake/train/F01_p243_364.wav,1
/USERSPACE/DATASETS/CodecFake/train/F01_SSB15850387.wav,1
/USERSPACE/DATASETS/CodecFake/train/F01_p293_292.wav,1
/USERSPACE/DATASETS/CodecFake/train/F01_SSB03540053.wav,1
/USERSPACE/DATASETS/CodecFake/train/F01_SSB12390040.wav,1
/USERSPACE/DATASETS/CodecFake/train/F01_SSB17590381.wav,1
/USERSPACE/DATASETS/CodecFake/train/F01_SSB04700033.wav,1
/USERSPACE/DATASETS/CodecFake/train/F01_p244_124.wav,1
/USERSPACE/DATASETS/CodecFake/train/F01_p286_311.wav,1
/USERSPACE/DATASETS/CodecFake/train/F01_p294_353.wav,1
/USERSPACE/DATASETS/CodecFake/train/F01_SSB15630028.wav,1
/USERSPACE/DATASETS/CodecFake/train/F01_SSB18280429.wav,1
/USERSPACE/DATASETS/CodecFake/train/F01_p248_356.wav,1
/USERSPACE/DATASETS/CodecFake/train/F01_SSB09190354.wav,1
/USERSPACE/DATASETS/CodecFake/train/F01_SSB01120223.wav,1
/USERSPACE/DATASETS/CodecFake/train/F01_SSB06060059.wav,1
/USERSPACE/DATASETS/CodecFake/train/F01_SSB07860476.wav,1
/USERSPACE/DATASETS/CodecFake/train/F01_SSB03660203.wav,1
/USERSPACE/DATASETS/CodecFake/train/F01_p259_470.wav,1
/USERSPACE/DATASETS/CodecFake/train/F01_SSB08220024.wav,1
/USERSPACE/DATASETS/CodecFake/train/F01_SSB00120006.wav,1
/USERSPACE/DATASETS/CodecFake/train/F01_p247_212.wav,1
/USERSPACE/DATASETS/CodecFake/train/F01_p364_109.wav,1
/USERSPACE/DATASETS/CodecFake/train/F01_p230_353.wav,1
/USERSPACE/DATASETS/CodecFake/train/F01_SSB05390103.wav,1
/USERSPACE/DATASETS/CodecFake/train/F01_SSB00570273.wav,1
/USERSPACE/DATASETS/CodecFake/train/F01_SSB14480207.wav,1
/USERSPACE/DATASETS/CodecFake/train/F01_SSB03230173.wav,1
/USERSPACE/DATASETS/CodecFake/train/F01_SSB07160489.wav,1
/USERSPACE/DATASETS/CodecFake/train/F01_SSB16300002.wav,1
/USERSPACE/DATASETS/CodecFake/train/F01_SSB17810269.wav,1
/USERSPACE/DATASETS/CodecFake/train/F01_p263_470.wav,1
/USERSPACE/DATASETS/CodecFake/train/F01_p273_126.wav,1
/USERSPACE/DATASETS/CodecFake/train/F01_SSB06070156.wav,1
/USERSPACE/DATASETS/CodecFake/train/F01_SSB11080414.wav,1
/USERSPACE/DATASETS/CodecFake/train/F01_SSB00120310.wav,1
/USERSPACE/DATASETS/CodecFake/train/F01_SSB03800385.wav,1
/USERSPACE/DATASETS/CodecFake/train/F01_SSB13770223.wav,1
/USERSPACE/DATASETS/CodecFake/train/F01_SSB18090426.wav,1
/USERSPACE/DATASETS/CodecFake/train/F01_p270_158.wav,1
/USERSPACE/DATASETS/CodecFake/train/F01_p245_337.wav,1
/USERSPACE/DATASETS/CodecFake/train/F01_SSB06010495.wav,1
/USERSPACE/DATASETS/CodecFake/train/F01_SSB13660352.wav,1
/USERSPACE/DATASETS/CodecFake/train/F01_SSB12180114.wav,1
/USERSPACE/DATASETS/CodecFake/train/F01_SSB06090313.wav,1
/USERSPACE/DATASETS/CodecFake/train/F01_p347_130.wav,1
/USERSPACE/DATASETS/CodecFake/train/F01_p277_363.wav,1
/USERSPACE/DATASETS/CodecFake/train/F01_SSB06320088.wav,1
/USERSPACE/DATASETS/CodecFake/train/F01_p310_411.wav,1
/USERSPACE/DATASETS/CodecFake/train/F01_p230_266.wav,1
/USERSPACE/DATASETS/CodecFake/train/F01_p250_289.wav,1
/USERSPACE/DATASETS/CodecFake/train/F01_SSB04150207.wav,1
/USERSPACE/DATASETS/CodecFake/train/F01_p264_415.wav,1
/USERSPACE/DATASETS/CodecFake/train/F01_SSB10010278.wav,1
/USERSPACE/DATASETS/CodecFake/train/F01_SSB00800065.wav,1
/USERSPACE/DATASETS/CodecFake/train/F01_SSB00380305.wav,1
/USERSPACE/DATASETS/CodecFake/train/F01_p272_024.wav,1
/USERSPACE/DATASETS/CodecFake/train/F01_SSB18630046.wav,1
/USERSPACE/DATASETS/CodecFake/train/F01_p307_310.wav,1
/USERSPACE/DATASETS/CodecFake/train/F01_p229_082.wav,1
/USERSPACE/DATASETS/CodecFake/train/F01_p259_388.wav,1
/USERSPACE/DATASETS/CodecFake/train/F01_SSB16300115.wav,1
/USERSPACE/DATASETS/CodecFake/train/F01_p252_252.wav,1
/USERSPACE/DATASETS/CodecFake/train/F01_SSB18060379.wav,1
/USERSPACE/DATASETS/CodecFake/train/F01_SSB06310201.wav,1
/USERSPACE/DATASETS/CodecFake/train/F01_SSB05900380.wav,1
/USERSPACE/DATASETS/CodecFake/train/F01_p333_313.wav,1
/USERSPACE/DATASETS/CodecFake/train/F01_SSB09660403.wav,1
/USERSPACE/DATASETS/CodecFake/train/F01_SSB03150275.wav,1
/USERSPACE/DATASETS/CodecFake/train/F01_SSB06230336.wav,1
/USERSPACE/DATASETS/CodecFake/train/F01_SSB02880052.wav,1
/USERSPACE/DATASETS/CodecFake/train/F01_SSB13920094.wav,1
/USERSPACE/DATASETS/CodecFake/train/F01_p294_215.wav,1
/USERSPACE/DATASETS/CodecFake/train/F01_p271_362.wav,1
/USERSPACE/DATASETS/CodecFake/train/F01_p310_237.wav,1
/USERSPACE/DATASETS/CodecFake/train/F01_p237_291.wav,1
/USERSPACE/DATASETS/CodecFake/train/F01_SSB07360484.wav,1
/USERSPACE/DATASETS/CodecFake/train/F01_p282_034.wav,1
/USERSPACE/DATASETS/CodecFake/train/F01_p292_373.wav,1
/USERSPACE/DATASETS/CodecFake/train/F01_SSB09870402.wav,1
/USERSPACE/DATASETS/CodecFake/train/F01_p250_357.wav,1
/USERSPACE/DATASETS/CodecFake/train/F01_p244_086.wav,1
/USERSPACE/DATASETS/CodecFake/train/F01_p272_182.wav,1
/USERSPACE/DATASETS/CodecFake/train/F01_p295_277.wav,1
/USERSPACE/DATASETS/CodecFake/train/F01_SSB01450285.wav,1
/USERSPACE/DATASETS/CodecFake/train/F01_p340_027.wav,1
/USERSPACE/DATASETS/CodecFake/train/F01_SSB14520155.wav,1
/USERSPACE/DATASETS/CodecFake/train/F01_SSB07940010.wav,1
/USERSPACE/DATASETS/CodecFake/train/F01_p292_113.wav,1
/USERSPACE/DATASETS/CodecFake/train/F01_SSB06710396.wav,1
/USERSPACE/DATASETS/CodecFake/train/F01_SSB02670209.wav,1
/USERSPACE/DATASETS/CodecFake/train/F01_p248_214.wav,1
/USERSPACE/DATASETS/CodecFake/train/F01_p231_448.wav,1
/USERSPACE/DATASETS/CodecFake/train/F01_p276_312.wav,1
/USERSPACE/DATASETS/CodecFake/train/F01_SSB06660284.wav,1
/USERSPACE/DATASETS/CodecFake/train/F01_SSB16840164.wav,1
/USERSPACE/DATASETS/CodecFake/train/F01_SSB15850401.wav,1
/USERSPACE/DATASETS/CodecFake/train/F01_SSB17110022.wav,1
/USERSPACE/DATASETS/CodecFake/train/F01_SSB09870452.wav,1
/USERSPACE/DATASETS/CodecFake/train/F01_SSB07110477.wav,1
/USERSPACE/DATASETS/CodecFake/train/F01_SSB00160450.wav,1
/USERSPACE/DATASETS/CodecFake/train/F01_SSB06010216.wav,1
/USERSPACE/DATASETS/CodecFake/train/F01_SSB09150229.wav,1
/USERSPACE/DATASETS/CodecFake/train/F01_SSB08510461.wav,1
/USERSPACE/DATASETS/CodecFake/train/F01_p335_106.wav,1
/USERSPACE/DATASETS/CodecFake/train/F01_SSB04340131.wav,1
/USERSPACE/DATASETS/CodecFake/train/F01_SSB01390204.wav,1
/USERSPACE/DATASETS/CodecFake/train/F01_p273_394.wav,1
/USERSPACE/DATASETS/CodecFake/train/F01_SSB17820428.wav,1
/USERSPACE/DATASETS/CodecFake/train/F01_SSB06290037.wav,1
/USERSPACE/DATASETS/CodecFake/train/F01_SSB09130101.wav,1
/USERSPACE/DATASETS/CodecFake/train/F01_SSB02000035.wav,1
/USERSPACE/DATASETS/CodecFake/train/F01_p304_337.wav,1
/USERSPACE/DATASETS/CodecFake/train/F01_SSB11080321.wav,1
/USERSPACE/DATASETS/CodecFake/train/F01_p347_256.wav,1
/USERSPACE/DATASETS/CodecFake/train/F01_p264_119.wav,1
/USERSPACE/DATASETS/CodecFake/train/F01_SSB06860184.wav,1
/USERSPACE/DATASETS/CodecFake/train/F01_SSB10560301.wav,1
/USERSPACE/DATASETS/CodecFake/train/F01_SSB07780147.wav,1
/USERSPACE/DATASETS/CodecFake/train/F01_SSB07200331.wav,1
/USERSPACE/DATASETS/CodecFake/train/F01_SSB11080405.wav,1
/USERSPACE/DATASETS/CodecFake/train/F01_SSB05390053.wav,1
/USERSPACE/DATASETS/CodecFake/train/F01_SSB04270100.wav,1
/USERSPACE/DATASETS/CodecFake/train/F01_SSB07020289.wav,1
/USERSPACE/DATASETS/CodecFake/train/F01_SSB10020166.wav,1
/USERSPACE/DATASETS/CodecFake/train/F01_p334_322.wav,1
/USERSPACE/DATASETS/CodecFake/train/F01_SSB02610388.wav,1
/USERSPACE/DATASETS/CodecFake/train/F01_p288_044.wav,1
/USERSPACE/DATASETS/CodecFake/train/F01_p243_386.wav,1
/USERSPACE/DATASETS/CodecFake/train/F01_SSB17110334.wav,1
/USERSPACE/DATASETS/CodecFake/train/F01_p237_025.wav,1
/USERSPACE/DATASETS/CodecFake/train/F01_p246_063.wav,1
/USERSPACE/DATASETS/CodecFake/train/F01_SSB02730240.wav,1
/USERSPACE/DATASETS/CodecFake/train/F01_SSB07370181.wav,1
/USERSPACE/DATASETS/CodecFake/train/F01_SSB06090271.wav,1
/USERSPACE/DATASETS/CodecFake/train/F01_SSB19350233.wav,1
/USERSPACE/DATASETS/CodecFake/train/F01_SSB04350425.wav,1
/USERSPACE/DATASETS/CodecFake/train/F01_SSB17810480.wav,1
/USERSPACE/DATASETS/CodecFake/train/F01_SSB00380277.wav,1
/USERSPACE/DATASETS/CodecFake/train/F01_SSB08170066.wav,1
/USERSPACE/DATASETS/CodecFake/train/F01_p234_054.wav,1
/USERSPACE/DATASETS/CodecFake/train/F01_p364_305.wav,1
/USERSPACE/DATASETS/CodecFake/train/F01_p318_365.wav,1
/USERSPACE/DATASETS/CodecFake/train/F01_SSB05700352.wav,1
/USERSPACE/DATASETS/CodecFake/train/F01_SSB13400392.wav,1
/USERSPACE/DATASETS/CodecFake/train/F01_SSB03930243.wav,1
/USERSPACE/DATASETS/CodecFake/train/F01_SSB07840334.wav,1
/USERSPACE/DATASETS/CodecFake/train/F01_p266_380.wav,1
/USERSPACE/DATASETS/CodecFake/train/F01_SSB10640050.wav,1
/USERSPACE/DATASETS/CodecFake/train/F01_SSB03820149.wav,1
/USERSPACE/DATASETS/CodecFake/train/F01_p269_391.wav,1
/USERSPACE/DATASETS/CodecFake/train/F01_SSB03380023.wav,1
/USERSPACE/DATASETS/CodecFake/train/F01_SSB06310345.wav,1
/USERSPACE/DATASETS/CodecFake/train/F01_SSB15630165.wav,1
/USERSPACE/DATASETS/CodecFake/train/F01_SSB05350026.wav,1
/USERSPACE/DATASETS/CodecFake/train/F01_SSB04700240.wav,1
/USERSPACE/DATASETS/CodecFake/train/F01_p272_164.wav,1
/USERSPACE/DATASETS/CodecFake/train/F01_p255_122.wav,1
/USERSPACE/DATASETS/CodecFake/train/F01_SSB01120278.wav,1
/USERSPACE/DATASETS/CodecFake/train/F01_SSB04340179.wav,1
/USERSPACE/DATASETS/CodecFake/train/F01_SSB11080224.wav,1
/USERSPACE/DATASETS/CodecFake/train/F01_SSB02460347.wav,1
/USERSPACE/DATASETS/CodecFake/train/F01_SSB07100036.wav,1
/USERSPACE/DATASETS/CodecFake/train/F01_SSB07370095.wav,1
/USERSPACE/DATASETS/CodecFake/train/F01_SSB15930104.wav,1
/USERSPACE/DATASETS/CodecFake/train/F01_SSB08630361.wav,1
/USERSPACE/DATASETS/CodecFake/train/F01_SSB10000042.wav,1
/USERSPACE/DATASETS/CodecFake/train/F01_SSB15550384.wav,1
/USERSPACE/DATASETS/CodecFake/train/F01_SSB07020284.wav,1
/USERSPACE/DATASETS/CodecFake/train/F01_SSB18630120.wav,1
/USERSPACE/DATASETS/CodecFake/train/F01_SSB13220183.wav,1
/USERSPACE/DATASETS/CodecFake/train/F01_SSB03070177.wav,1
/USERSPACE/DATASETS/CodecFake/train/F01_p236_203.wav,1
/USERSPACE/DATASETS/CodecFake/train/F01_SSB02990098.wav,1
/USERSPACE/DATASETS/CodecFake/train/F01_SSB03820427.wav,1
/USERSPACE/DATASETS/CodecFake/train/F01_p271_209.wav,1
/USERSPACE/DATASETS/CodecFake/train/F01_p314_209.wav,1
/USERSPACE/DATASETS/CodecFake/train/F01_p248_328.wav,1
/USERSPACE/DATASETS/CodecFake/train/F01_p287_263.wav,1
/USERSPACE/DATASETS/CodecFake/train/F01_SSB13990060.wav,1
/USERSPACE/DATASETS/CodecFake/train/F01_p280_193.wav,1
/USERSPACE/DATASETS/CodecFake/train/F01_SSB05940140.wav,1
/USERSPACE/DATASETS/CodecFake/train/F01_p281_161.wav,1
/USERSPACE/DATASETS/CodecFake/train/F01_p265_158.wav,1
/USERSPACE/DATASETS/CodecFake/train/F01_p253_071.wav,1
/USERSPACE/DATASETS/CodecFake/train/F01_p334_213.wav,1
/USERSPACE/DATASETS/CodecFake/train/F01_SSB04070373.wav,1
/USERSPACE/DATASETS/CodecFake/train/F01_SSB06860208.wav,1
/USERSPACE/DATASETS/CodecFake/train/F01_SSB07840300.wav,1
/USERSPACE/DATASETS/CodecFake/train/F01_SSB13660360.wav,1
/USERSPACE/DATASETS/CodecFake/train/F01_SSB11760325.wav,1
/USERSPACE/DATASETS/CodecFake/train/F01_SSB01970220.wav,1
/USERSPACE/DATASETS/CodecFake/train/F01_p364_081.wav,1
/USERSPACE/DATASETS/CodecFake/train/F01_SSB06860209.wav,1
/USERSPACE/DATASETS/CodecFake/train/F01_SSB11260250.wav,1
/USERSPACE/DATASETS/CodecFake/train/F01_SSB07800462.wav,1
/USERSPACE/DATASETS/CodecFake/train/F01_p228_103.wav,1
/USERSPACE/DATASETS/CodecFake/train/F01_p229_302.wav,1
/USERSPACE/DATASETS/CodecFake/train/F01_p301_262.wav,1
/USERSPACE/DATASETS/CodecFake/train/F01_SSB11080150.wav,1
/USERSPACE/DATASETS/CodecFake/train/F01_p236_044.wav,1
/USERSPACE/DATASETS/CodecFake/train/F01_SSB02410208.wav,1
/USERSPACE/DATASETS/CodecFake/train/F01_SSB03930270.wav,1
/USERSPACE/DATASETS/CodecFake/train/F01_p236_379.wav,1
/USERSPACE/DATASETS/CodecFake/train/F01_SSB07490484.wav,1
/USERSPACE/DATASETS/CodecFake/train/F01_SSB00430210.wav,1
/USERSPACE/DATASETS/CodecFake/train/F01_p364_213.wav,1
/USERSPACE/DATASETS/CodecFake/train/F01_SSB07020334.wav,1
/USERSPACE/DATASETS/CodecFake/train/F01_p281_268.wav,1
/USERSPACE/DATASETS/CodecFake/train/F01_SSB06680169.wav,1
/USERSPACE/DATASETS/CodecFake/train/F01_SSB03070053.wav,1
/USERSPACE/DATASETS/CodecFake/train/F01_SSB18630269.wav,1
/USERSPACE/DATASETS/CodecFake/train/F01_SSB03930307.wav,1
/USERSPACE/DATASETS/CodecFake/train/F01_SSB10000098.wav,1
/USERSPACE/DATASETS/CodecFake/train/F01_SSB11380431.wav,1
/USERSPACE/DATASETS/CodecFake/train/F01_SSB13020429.wav,1
/USERSPACE/DATASETS/CodecFake/train/F01_p266_234.wav,1
/USERSPACE/DATASETS/CodecFake/train/F01_SSB02880012.wav,1
/USERSPACE/DATASETS/CodecFake/train/F01_p241_108.wav,1
/USERSPACE/DATASETS/CodecFake/train/F01_p307_266.wav,1
/USERSPACE/DATASETS/CodecFake/train/F01_p285_107.wav,1
/USERSPACE/DATASETS/CodecFake/train/F01_SSB06090217.wav,1
/USERSPACE/DATASETS/CodecFake/train/F01_SSB09350319.wav,1
/USERSPACE/DATASETS/CodecFake/train/F01_SSB07000464.wav,1
/USERSPACE/DATASETS/CodecFake/train/F01_p226_134.wav,1
/USERSPACE/DATASETS/CodecFake/train/F01_p335_233.wav,1
/USERSPACE/DATASETS/CodecFake/train/F01_p270_448.wav,1
/USERSPACE/DATASETS/CodecFake/train/F01_SSB07510439.wav,1
/USERSPACE/DATASETS/CodecFake/train/F01_p347_145.wav,1
/USERSPACE/DATASETS/CodecFake/train/F01_SSB03800292.wav,1
/USERSPACE/DATASETS/CodecFake/train/F01_SSB01970399.wav,1
/USERSPACE/DATASETS/CodecFake/train/F01_SSB14020165.wav,1
/USERSPACE/DATASETS/CodecFake/train/F01_p256_292.wav,1
/USERSPACE/DATASETS/CodecFake/train/F01_p281_144.wav,1
/USERSPACE/DATASETS/CodecFake/train/F01_p268_188.wav,1
/USERSPACE/DATASETS/CodecFake/train/F01_p334_015.wav,1
/USERSPACE/DATASETS/CodecFake/train/F01_SSB17590277.wav,1
/USERSPACE/DATASETS/CodecFake/train/F01_SSB03090435.wav,1
/USERSPACE/DATASETS/CodecFake/train/F01_p294_381.wav,1
/USERSPACE/DATASETS/CodecFake/train/F01_SSB06140014.wav,1
/USERSPACE/DATASETS/CodecFake/train/F01_p270_359.wav,1
/USERSPACE/DATASETS/CodecFake/train/F01_p318_375.wav,1
/USERSPACE/DATASETS/CodecFake/train/F01_SSB06070023.wav,1
/USERSPACE/DATASETS/CodecFake/train/F01_p263_098.wav,1
/USERSPACE/DATASETS/CodecFake/train/F01_SSB13220277.wav,1
/USERSPACE/DATASETS/CodecFake/train/F01_SSB08090376.wav,1
/USERSPACE/DATASETS/CodecFake/train/F01_SSB05900484.wav,1
/USERSPACE/DATASETS/CodecFake/train/F01_p317_361.wav,1
/USERSPACE/DATASETS/CodecFake/train/F01_p261_272.wav,1
/USERSPACE/DATASETS/CodecFake/train/F01_SSB03150269.wav,1
/USERSPACE/DATASETS/CodecFake/train/F01_SSB06230385.wav,1
/USERSPACE/DATASETS/CodecFake/train/F01_SSB05350019.wav,1
/USERSPACE/DATASETS/CodecFake/train/F01_SSB19560418.wav,1
/USERSPACE/DATASETS/CodecFake/train/F01_SSB11080276.wav,1
/USERSPACE/DATASETS/CodecFake/train/F01_SSB09660451.wav,1
/USERSPACE/DATASETS/CodecFake/train/F01_SSB11000446.wav,1
/USERSPACE/DATASETS/CodecFake/train/F01_SSB13410374.wav,1
/USERSPACE/DATASETS/CodecFake/train/F01_SSB17390148.wav,1
/USERSPACE/DATASETS/CodecFake/train/F01_SSB07780059.wav,1
/USERSPACE/DATASETS/CodecFake/train/F01_SSB05350452.wav,1
/USERSPACE/DATASETS/CodecFake/train/F01_SSB13410438.wav,1
/USERSPACE/DATASETS/CodecFake/train/F01_p341_316.wav,1
/USERSPACE/DATASETS/CodecFake/train/F01_SSB13770329.wav,1
/USERSPACE/DATASETS/CodecFake/train/F01_p254_031.wav,1
/USERSPACE/DATASETS/CodecFake/train/F01_SSB03160294.wav,1
/USERSPACE/DATASETS/CodecFake/train/F01_p266_057.wav,1
/USERSPACE/DATASETS/CodecFake/train/F01_p311_256.wav,1
/USERSPACE/DATASETS/CodecFake/train/F01_p351_371.wav,1
/USERSPACE/DATASETS/CodecFake/train/F01_p257_202.wav,1
/USERSPACE/DATASETS/CodecFake/train/F01_p315_295.wav,1
/USERSPACE/DATASETS/CodecFake/train/F01_SSB11360207.wav,1
/USERSPACE/DATASETS/CodecFake/train/F01_SSB01450044.wav,1
/USERSPACE/DATASETS/CodecFake/train/F01_SSB17590135.wav,1
/USERSPACE/DATASETS/CodecFake/train/F01_SSB01930284.wav,1
/USERSPACE/DATASETS/CodecFake/train/F01_SSB13650220.wav,1
/USERSPACE/DATASETS/CodecFake/train/F01_SSB03390176.wav,1
/USERSPACE/DATASETS/CodecFake/train/F01_SSB14310368.wav,1
/USERSPACE/DATASETS/CodecFake/train/F01_SSB09870082.wav,1
/USERSPACE/DATASETS/CodecFake/train/F01_SSB10000265.wav,1
/USERSPACE/DATASETS/CodecFake/train/F01_p340_314.wav,1
/USERSPACE/DATASETS/CodecFake/train/F01_p376_200.wav,1
/USERSPACE/DATASETS/CodecFake/train/F01_p283_169.wav,1
/USERSPACE/DATASETS/CodecFake/train/F01_SSB10960428.wav,1
/USERSPACE/DATASETS/CodecFake/train/F01_SSB06860077.wav,1
/USERSPACE/DATASETS/CodecFake/train/F01_SSB11260099.wav,1
/USERSPACE/DATASETS/CodecFake/train/F01_SSB17390340.wav,1
/USERSPACE/DATASETS/CodecFake/train/F01_p254_055.wav,1
/USERSPACE/DATASETS/CodecFake/train/F01_SSB00090403.wav,1
/USERSPACE/DATASETS/CodecFake/train/F01_SSB19390465.wav,1
/USERSPACE/DATASETS/CodecFake/train/F01_SSB15930342.wav,1
/USERSPACE/DATASETS/CodecFake/train/F01_SSB16700111.wav,1
/USERSPACE/DATASETS/CodecFake/train/F01_SSB02880305.wav,1
/USERSPACE/DATASETS/CodecFake/train/F01_p287_004.wav,1
/USERSPACE/DATASETS/CodecFake/train/F01_SSB18370421.wav,1
/USERSPACE/DATASETS/CodecFake/train/F01_p347_301.wav,1
/USERSPACE/DATASETS/CodecFake/train/F01_SSB05940393.wav,1
/USERSPACE/DATASETS/CodecFake/train/F01_SSB07490045.wav,1
/USERSPACE/DATASETS/CodecFake/train/F01_SSB07020070.wav,1
/USERSPACE/DATASETS/CodecFake/train/F01_SSB13990138.wav,1
/USERSPACE/DATASETS/CodecFake/train/F01_SSB06140206.wav,1
/USERSPACE/DATASETS/CodecFake/train/F01_SSB17810044.wav,1
/USERSPACE/DATASETS/CodecFake/train/F01_SSB00730175.wav,1
/USERSPACE/DATASETS/CodecFake/train/F01_p237_049.wav,1
/USERSPACE/DATASETS/CodecFake/train/F01_SSB09130414.wav,1
/USERSPACE/DATASETS/CodecFake/train/F01_SSB13930219.wav,1
/USERSPACE/DATASETS/CodecFake/train/F01_SSB11100372.wav,1
/USERSPACE/DATASETS/CodecFake/train/F01_SSB19390141.wav,1
/USERSPACE/DATASETS/CodecFake/train/F01_SSB10010410.wav,1
/USERSPACE/DATASETS/CodecFake/train/F01_p255_109.wav,1
/USERSPACE/DATASETS/CodecFake/train/F01_SSB07780340.wav,1
/USERSPACE/DATASETS/CodecFake/train/F01_p326_021.wav,1
/USERSPACE/DATASETS/CodecFake/train/F01_p335_281.wav,1
/USERSPACE/DATASETS/CodecFake/train/F01_SSB11610126.wav,1
/USERSPACE/DATASETS/CodecFake/train/F01_SSB02870137.wav,1
/USERSPACE/DATASETS/CodecFake/train/F01_SSB18060140.wav,1
/USERSPACE/DATASETS/CodecFake/train/F01_SSB05340047.wav,1
/USERSPACE/DATASETS/CodecFake/train/F01_SSB16250280.wav,1
/USERSPACE/DATASETS/CodecFake/train/F01_p251_343.wav,1
/USERSPACE/DATASETS/CodecFake/train/F01_SSB01970331.wav,1
/USERSPACE/DATASETS/CodecFake/train/F01_SSB03820346.wav,1
/USERSPACE/DATASETS/CodecFake/train/F01_SSB12740295.wav,1
/USERSPACE/DATASETS/CodecFake/train/F01_SSB11250483.wav,1
/USERSPACE/DATASETS/CodecFake/train/F01_SSB16070340.wav,1
/USERSPACE/DATASETS/CodecFake/train/F01_p262_140.wav,1
/USERSPACE/DATASETS/CodecFake/train/F01_SSB03420028.wav,1
/USERSPACE/DATASETS/CodecFake/train/F01_SSB04150248.wav,1
/USERSPACE/DATASETS/CodecFake/train/F01_SSB14570195.wav,1
/USERSPACE/DATASETS/CodecFake/train/F01_p256_053.wav,1
/USERSPACE/DATASETS/CodecFake/train/F01_SSB14310010.wav,1
/USERSPACE/DATASETS/CodecFake/train/F01_SSB06660372.wav,1
/USERSPACE/DATASETS/CodecFake/train/F01_p239_376.wav,1
/USERSPACE/DATASETS/CodecFake/train/F01_SSB13200505.wav,1
/USERSPACE/DATASETS/CodecFake/train/F01_p236_140.wav,1
/USERSPACE/DATASETS/CodecFake/train/F01_p275_010.wav,1
/USERSPACE/DATASETS/CodecFake/train/F01_SSB01450109.wav,1
/USERSPACE/DATASETS/CodecFake/train/F01_SSB01970430.wav,1
/USERSPACE/DATASETS/CodecFake/train/F01_p361_334.wav,1
/USERSPACE/DATASETS/CodecFake/train/F01_p251_269.wav,1
/USERSPACE/DATASETS/CodecFake/train/F01_p271_113.wav,1
/USERSPACE/DATASETS/CodecFake/train/F01_p271_057.wav,1
/USERSPACE/DATASETS/CodecFake/train/F01_SSB06090377.wav,1
/USERSPACE/DATASETS/CodecFake/train/F01_SSB16840133.wav,1
/USERSPACE/DATASETS/CodecFake/train/F01_p232_370.wav,1
/USERSPACE/DATASETS/CodecFake/train/F01_SSB18280313.wav,1
/USERSPACE/DATASETS/CodecFake/train/F01_SSB01220228.wav,1
/USERSPACE/DATASETS/CodecFake/train/F01_SSB18630085.wav,1
/USERSPACE/DATASETS/CodecFake/train/F01_p264_194.wav,1
/USERSPACE/DATASETS/CodecFake/train/F01_SSB16990141.wav,1
/USERSPACE/DATASETS/CodecFake/train/F01_SSB05990413.wav,1
/USERSPACE/DATASETS/CodecFake/train/F01_SSB18370352.wav,1
/USERSPACE/DATASETS/CodecFake/train/F01_SSB06290354.wav,1
/USERSPACE/DATASETS/CodecFake/train/F01_SSB07100063.wav,1
/USERSPACE/DATASETS/CodecFake/train/F01_p237_219.wav,1
/USERSPACE/DATASETS/CodecFake/train/F01_p287_138.wav,1
/USERSPACE/DATASETS/CodecFake/train/F01_SSB03790127.wav,1
/USERSPACE/DATASETS/CodecFake/train/F01_SSB02410273.wav,1
/USERSPACE/DATASETS/CodecFake/train/F01_SSB03390303.wav,1
/USERSPACE/DATASETS/CodecFake/train/F01_SSB06660232.wav,1
/USERSPACE/DATASETS/CodecFake/train/F01_SSB19560360.wav,1
/USERSPACE/DATASETS/CodecFake/train/F01_SSB06660207.wav,1
/USERSPACE/DATASETS/CodecFake/train/F01_SSB01930324.wav,1
/USERSPACE/DATASETS/CodecFake/train/F01_SSB06030066.wav,1
/USERSPACE/DATASETS/CodecFake/train/F01_SSB07370077.wav,1
/USERSPACE/DATASETS/CodecFake/train/F01_p329_141.wav,1
/USERSPACE/DATASETS/CodecFake/train/F01_SSB04270097.wav,1
/USERSPACE/DATASETS/CodecFake/train/F01_SSB06710173.wav,1
/USERSPACE/DATASETS/CodecFake/train/F01_p239_152.wav,1
/USERSPACE/DATASETS/CodecFake/train/F01_SSB11000154.wav,1
/USERSPACE/DATASETS/CodecFake/train/F01_SSB06660502.wav,1
/USERSPACE/DATASETS/CodecFake/train/F01_p263_331.wav,1
/USERSPACE/DATASETS/CodecFake/train/F01_SSB11380267.wav,1
/USERSPACE/DATASETS/CodecFake/train/F01_SSB03070143.wav,1
/USERSPACE/DATASETS/CodecFake/train/F01_SSB03940207.wav,1
/USERSPACE/DATASETS/CodecFake/train/F01_SSB09350164.wav,1
/USERSPACE/DATASETS/CodecFake/train/F01_p312_089.wav,1
/USERSPACE/DATASETS/CodecFake/train/F01_p259_227.wav,1
/USERSPACE/DATASETS/CodecFake/train/F01_p225_131.wav,1
/USERSPACE/DATASETS/CodecFake/train/F01_SSB10640279.wav,1
/USERSPACE/DATASETS/CodecFake/train/F01_SSB07480485.wav,1
/USERSPACE/DATASETS/CodecFake/train/F01_SSB07510052.wav,1
/USERSPACE/DATASETS/CodecFake/train/F01_p273_165.wav,1
/USERSPACE/DATASETS/CodecFake/train/F01_SSB07160377.wav,1
/USERSPACE/DATASETS/CodecFake/train/F01_SSB08220439.wav,1
/USERSPACE/DATASETS/CodecFake/train/F01_SSB02990199.wav,1
/USERSPACE/DATASETS/CodecFake/train/F01_SSB01120221.wav,1
/USERSPACE/DATASETS/CodecFake/train/F01_p273_400.wav,1
/USERSPACE/DATASETS/CodecFake/train/F01_p362_143.wav,1
/USERSPACE/DATASETS/CodecFake/train/F01_SSB18720382.wav,1
/USERSPACE/DATASETS/CodecFake/train/F01_SSB05350402.wav,1
/USERSPACE/DATASETS/CodecFake/train/F01_SSB19020344.wav,1
/USERSPACE/DATASETS/CodecFake/train/F01_SSB02460382.wav,1
/USERSPACE/DATASETS/CodecFake/train/F01_SSB02410375.wav,1
/USERSPACE/DATASETS/CodecFake/train/F01_SSB03090115.wav,1
/USERSPACE/DATASETS/CodecFake/train/F01_p254_272.wav,1
/USERSPACE/DATASETS/CodecFake/train/F01_p323_020.wav,1
/USERSPACE/DATASETS/CodecFake/train/F01_SSB05440364.wav,1
/USERSPACE/DATASETS/CodecFake/train/F01_p281_299.wav,1
/USERSPACE/DATASETS/CodecFake/train/F01_SSB10720124.wav,1
/USERSPACE/DATASETS/CodecFake/train/F01_SSB00730341.wav,1
/USERSPACE/DATASETS/CodecFake/train/F01_p362_270.wav,1
/USERSPACE/DATASETS/CodecFake/train/F01_SSB14480094.wav,1
/USERSPACE/DATASETS/CodecFake/train/F01_SSB10910372.wav,1
/USERSPACE/DATASETS/CodecFake/train/F01_SSB03750252.wav,1
/USERSPACE/DATASETS/CodecFake/train/F01_SSB16240105.wav,1
/USERSPACE/DATASETS/CodecFake/train/F01_SSB07940207.wav,1
/USERSPACE/DATASETS/CodecFake/train/F01_SSB03800357.wav,1
/USERSPACE/DATASETS/CodecFake/train/F01_p285_055.wav,1
/USERSPACE/DATASETS/CodecFake/train/F01_p323_079.wav,1
/USERSPACE/DATASETS/CodecFake/train/F01_SSB00090294.wav,1
/USERSPACE/DATASETS/CodecFake/train/F01_SSB03390094.wav,1
/USERSPACE/DATASETS/CodecFake/train/F01_SSB10550300.wav,1
/USERSPACE/DATASETS/CodecFake/train/F01_p301_239.wav,1
/USERSPACE/DATASETS/CodecFake/train/F01_SSB03940282.wav,1
/USERSPACE/DATASETS/CodecFake/train/F01_SSB07360335.wav,1
/USERSPACE/DATASETS/CodecFake/train/F01_p345_355.wav,1
/USERSPACE/DATASETS/CodecFake/train/F01_p268_242.wav,1
/USERSPACE/DATASETS/CodecFake/train/F01_p260_330.wav,1
/USERSPACE/DATASETS/CodecFake/train/F01_SSB14570458.wav,1
/USERSPACE/DATASETS/CodecFake/train/F01_SSB17110353.wav,1
/USERSPACE/DATASETS/CodecFake/train/F01_SSB14020014.wav,1
/USERSPACE/DATASETS/CodecFake/train/F01_SSB04820084.wav,1
/USERSPACE/DATASETS/CodecFake/train/F01_p279_164.wav,1
/USERSPACE/DATASETS/CodecFake/train/F01_SSB12180040.wav,1
/USERSPACE/DATASETS/CodecFake/train/F01_p270_297.wav,1
/USERSPACE/DATASETS/CodecFake/train/F01_SSB07000010.wav,1
/USERSPACE/DATASETS/CodecFake/train/F01_SSB04820286.wav,1
/USERSPACE/DATASETS/CodecFake/train/F01_SSB17810279.wav,1
/USERSPACE/DATASETS/CodecFake/train/F01_p317_036.wav,1
/USERSPACE/DATASETS/CodecFake/train/F01_SSB02870474.wav,1
/USERSPACE/DATASETS/CodecFake/train/F01_p247_414.wav,1
/USERSPACE/DATASETS/CodecFake/train/F01_SSB07170098.wav,1
/USERSPACE/DATASETS/CodecFake/train/F01_p275_287.wav,1
/USERSPACE/DATASETS/CodecFake/train/F01_SSB10720243.wav,1
/USERSPACE/DATASETS/CodecFake/train/F01_SSB04150314.wav,1
/USERSPACE/DATASETS/CodecFake/train/F01_SSB12530307.wav,1
/USERSPACE/DATASETS/CodecFake/train/F01_p247_021.wav,1
/USERSPACE/DATASETS/CodecFake/train/F01_SSB11360109.wav,1
/USERSPACE/DATASETS/CodecFake/train/F01_SSB04070198.wav,1
/USERSPACE/DATASETS/CodecFake/train/F01_SSB15930321.wav,1
/USERSPACE/DATASETS/CodecFake/train/F01_SSB05700428.wav,1
/USERSPACE/DATASETS/CodecFake/train/F01_SSB01390174.wav,1
/USERSPACE/DATASETS/CodecFake/train/F01_SSB01220001.wav,1
/USERSPACE/DATASETS/CodecFake/train/F01_SSB18320424.wav,1
/USERSPACE/DATASETS/CodecFake/train/F01_p295_300.wav,1
/USERSPACE/DATASETS/CodecFake/train/F01_SSB18320463.wav,1
/USERSPACE/DATASETS/CodecFake/train/F01_SSB05020025.wav,1
/USERSPACE/DATASETS/CodecFake/train/F01_p310_241.wav,1
/USERSPACE/DATASETS/CodecFake/train/F01_p230_218.wav,1
/USERSPACE/DATASETS/CodecFake/train/F01_p298_254.wav,1
/USERSPACE/DATASETS/CodecFake/train/F01_p249_002.wav,1
/USERSPACE/DATASETS/CodecFake/train/F01_SSB07460439.wav,1
/USERSPACE/DATASETS/CodecFake/train/F01_SSB01330210.wav,1
/USERSPACE/DATASETS/CodecFake/train/F01_SSB06060465.wav,1
/USERSPACE/DATASETS/CodecFake/train/F01_SSB10550125.wav,1
/USERSPACE/DATASETS/CodecFake/train/F01_SSB04700234.wav,1
/USERSPACE/DATASETS/CodecFake/train/F01_SSB07600291.wav,1
/USERSPACE/DATASETS/CodecFake/train/F01_SSB07360478.wav,1
/USERSPACE/DATASETS/CodecFake/train/F01_p311_404.wav,1
/USERSPACE/DATASETS/CodecFake/train/F01_SSB06710249.wav,1
/USERSPACE/DATASETS/CodecFake/train/F01_SSB11100237.wav,1
/USERSPACE/DATASETS/CodecFake/train/F01_SSB03930193.wav,1
/USERSPACE/DATASETS/CodecFake/train/F01_SSB01930073.wav,1
/USERSPACE/DATASETS/CodecFake/train/F01_SSB03150347.wav,1
/USERSPACE/DATASETS/CodecFake/train/F01_p234_267.wav,1
/USERSPACE/DATASETS/CodecFake/train/F01_p262_102.wav,1
/USERSPACE/DATASETS/CodecFake/train/F01_SSB17810446.wav,1
/USERSPACE/DATASETS/CodecFake/train/F01_SSB13400390.wav,1
/USERSPACE/DATASETS/CodecFake/train/F01_p312_226.wav,1
/USERSPACE/DATASETS/CodecFake/train/F01_p333_276.wav,1
/USERSPACE/DATASETS/CodecFake/train/F01_p301_117.wav,1
/USERSPACE/DATASETS/CodecFake/train/F01_p318_189.wav,1
/USERSPACE/DATASETS/CodecFake/train/F01_SSB13660015.wav,1
/USERSPACE/DATASETS/CodecFake/train/F01_SSB03070194.wav,1
/USERSPACE/DATASETS/CodecFake/train/F01_SSB18370280.wav,1
/USERSPACE/DATASETS/CodecFake/train/F01_SSB03750283.wav,1
/USERSPACE/DATASETS/CodecFake/train/F01_p302_016.wav,1
/USERSPACE/DATASETS/CodecFake/train/F01_SSB06310006.wav,1
/USERSPACE/DATASETS/CodecFake/train/F01_SSB02880319.wav,1
/USERSPACE/DATASETS/CodecFake/train/F01_p341_254.wav,1
/USERSPACE/DATASETS/CodecFake/train/F01_p279_138.wav,1
/USERSPACE/DATASETS/CodecFake/train/F01_SSB13020288.wav,1
/USERSPACE/DATASETS/CodecFake/train/F01_SSB18910353.wav,1
/USERSPACE/DATASETS/CodecFake/train/F01_SSB05940036.wav,1
