path,label
/USERSPACE/DATASETS/CodecFake/train/F02_SSB05700402.wav,2
/USERSPACE/DATASETS/CodecFake/train/F02_p343_348.wav,2
/USERSPACE/DATASETS/CodecFake/train/F02_SSB03660116.wav,2
/USERSPACE/DATASETS/CodecFake/train/F02_SSB18320165.wav,2
/USERSPACE/DATASETS/CodecFake/train/F02_SSB06030226.wav,2
/USERSPACE/DATASETS/CodecFake/train/F02_p238_227.wav,2
/USERSPACE/DATASETS/CodecFake/train/F02_SSB18780010.wav,2
/USERSPACE/DATASETS/CodecFake/train/F02_SSB13850377.wav,2
/USERSPACE/DATASETS/CodecFake/train/F02_SSB10960061.wav,2
/USERSPACE/DATASETS/CodecFake/train/F02_SSB15550366.wav,2
/USERSPACE/DATASETS/CodecFake/train/F02_SSB03070160.wav,2
/USERSPACE/DATASETS/CodecFake/train/F02_p287_203.wav,2
/USERSPACE/DATASETS/CodecFake/train/F02_SSB12180231.wav,2
/USERSPACE/DATASETS/CodecFake/train/F02_SSB07780107.wav,2
/USERSPACE/DATASETS/CodecFake/train/F02_p286_425.wav,2
/USERSPACE/DATASETS/CodecFake/train/F02_p351_122.wav,2
/USERSPACE/DATASETS/CodecFake/train/F02_SSB00050269.wav,2
/USERSPACE/DATASETS/CodecFake/train/F02_SSB06660461.wav,2
/USERSPACE/DATASETS/CodecFake/train/F02_SSB06310166.wav,2
/USERSPACE/DATASETS/CodecFake/train/F02_SSB16990287.wav,2
/USERSPACE/DATASETS/CodecFake/train/F02_SSB14570084.wav,2
/USERSPACE/DATASETS/CodecFake/train/F02_SSB07160444.wav,2
/USERSPACE/DATASETS/CodecFake/train/F02_p279_116.wav,2
/USERSPACE/DATASETS/CodecFake/train/F02_SSB03420076.wav,2
/USERSPACE/DATASETS/CodecFake/train/F02_SSB04270331.wav,2
/USERSPACE/DATASETS/CodecFake/train/F02_p316_225.wav,2
/USERSPACE/DATASETS/CodecFake/train/F02_p302_186.wav,2
/USERSPACE/DATASETS/CodecFake/train/F02_p336_028.wav,2
/USERSPACE/DATASETS/CodecFake/train/F02_p244_106.wav,2
/USERSPACE/DATASETS/CodecFake/train/F02_p300_045.wav,2
/USERSPACE/DATASETS/CodecFake/train/F02_SSB13820238.wav,2
/USERSPACE/DATASETS/CodecFake/train/F02_SSB06680292.wav,2
/USERSPACE/DATASETS/CodecFake/train/F02_p345_109.wav,2
/USERSPACE/DATASETS/CodecFake/train/F02_SSB18780076.wav,2
/USERSPACE/DATASETS/CodecFake/train/F02_p267_383.wav,2
/USERSPACE/DATASETS/CodecFake/train/F02_p258_234.wav,2
/USERSPACE/DATASETS/CodecFake/train/F02_SSB16840046.wav,2
/USERSPACE/DATASETS/CodecFake/train/F02_SSB01450368.wav,2
/USERSPACE/DATASETS/CodecFake/train/F02_SSB01970193.wav,2
/USERSPACE/DATASETS/CodecFake/train/F02_p297_323.wav,2
/USERSPACE/DATASETS/CodecFake/train/F02_p243_391.wav,2
/USERSPACE/DATASETS/CodecFake/train/F02_p270_315.wav,2
/USERSPACE/DATASETS/CodecFake/train/F02_SSB10240276.wav,2
/USERSPACE/DATASETS/CodecFake/train/F02_SSB06070326.wav,2
/USERSPACE/DATASETS/CodecFake/train/F02_p287_055.wav,2
/USERSPACE/DATASETS/CodecFake/train/F02_SSB05340074.wav,2
/USERSPACE/DATASETS/CodecFake/train/F02_p241_306.wav,2
/USERSPACE/DATASETS/CodecFake/train/F02_SSB07840457.wav,2
/USERSPACE/DATASETS/CodecFake/train/F02_SSB09190017.wav,2
/USERSPACE/DATASETS/CodecFake/train/F02_p361_053.wav,2
/USERSPACE/DATASETS/CodecFake/train/F02_p304_388.wav,2
/USERSPACE/DATASETS/CodecFake/train/F02_p308_241.wav,2
/USERSPACE/DATASETS/CodecFake/train/F02_SSB16240066.wav,2
/USERSPACE/DATASETS/CodecFake/train/F02_SSB06930074.wav,2
/USERSPACE/DATASETS/CodecFake/train/F02_SSB19390276.wav,2
/USERSPACE/DATASETS/CodecFake/train/F02_SSB16240106.wav,2
/USERSPACE/DATASETS/CodecFake/train/F02_p247_408.wav,2
/USERSPACE/DATASETS/CodecFake/train/F02_SSB01450136.wav,2
/USERSPACE/DATASETS/CodecFake/train/F02_SSB13770420.wav,2
/USERSPACE/DATASETS/CodecFake/train/F02_SSB09930228.wav,2
/USERSPACE/DATASETS/CodecFake/train/F02_p237_024.wav,2
/USERSPACE/DATASETS/CodecFake/train/F02_SSB10560086.wav,2
/USERSPACE/DATASETS/CodecFake/train/F02_p229_369.wav,2
/USERSPACE/DATASETS/CodecFake/train/F02_SSB08090292.wav,2
/USERSPACE/DATASETS/CodecFake/train/F02_SSB07110131.wav,2
/USERSPACE/DATASETS/CodecFake/train/F02_p232_256.wav,2
/USERSPACE/DATASETS/CodecFake/train/F02_p225_010.wav,2
/USERSPACE/DATASETS/CodecFake/train/F02_SSB10560219.wav,2
/USERSPACE/DATASETS/CodecFake/train/F02_SSB07940468.wav,2
/USERSPACE/DATASETS/CodecFake/train/F02_SSB16250224.wav,2
/USERSPACE/DATASETS/CodecFake/train/F02_p341_183.wav,2
/USERSPACE/DATASETS/CodecFake/train/F02_SSB03390356.wav,2
/USERSPACE/DATASETS/CodecFake/train/F02_SSB07200150.wav,2
/USERSPACE/DATASETS/CodecFake/train/F02_SSB11760105.wav,2
/USERSPACE/DATASETS/CodecFake/train/F02_SSB10010432.wav,2
/USERSPACE/DATASETS/CodecFake/train/F02_p241_290.wav,2
/USERSPACE/DATASETS/CodecFake/train/F02_SSB00380322.wav,2
/USERSPACE/DATASETS/CodecFake/train/F02_SSB11100411.wav,2
/USERSPACE/DATASETS/CodecFake/train/F02_SSB13400323.wav,2
/USERSPACE/DATASETS/CodecFake/train/F02_SSB06710434.wav,2
/USERSPACE/DATASETS/CodecFake/train/F02_SSB11970244.wav,2
/USERSPACE/DATASETS/CodecFake/train/F02_SSB18280225.wav,2
/USERSPACE/DATASETS/CodecFake/train/F02_SSB07160232.wav,2
/USERSPACE/DATASETS/CodecFake/train/F02_SSB02990436.wav,2
/USERSPACE/DATASETS/CodecFake/train/F02_SSB05390343.wav,2
/USERSPACE/DATASETS/CodecFake/train/F02_SSB15670148.wav,2
/USERSPACE/DATASETS/CodecFake/train/F02_SSB10960347.wav,2
/USERSPACE/DATASETS/CodecFake/train/F02_SSB13200509.wav,2
/USERSPACE/DATASETS/CodecFake/train/F02_SSB02670317.wav,2
/USERSPACE/DATASETS/CodecFake/train/F02_p298_036.wav,2
/USERSPACE/DATASETS/CodecFake/train/F02_SSB10550280.wav,2
/USERSPACE/DATASETS/CodecFake/train/F02_SSB12740368.wav,2
/USERSPACE/DATASETS/CodecFake/train/F02_SSB11380021.wav,2
/USERSPACE/DATASETS/CodecFake/train/F02_SSB12030427.wav,2
/USERSPACE/DATASETS/CodecFake/train/F02_SSB06070490.wav,2
/USERSPACE/DATASETS/CodecFake/train/F02_SSB03940317.wav,2
/USERSPACE/DATASETS/CodecFake/train/F02_SSB16300099.wav,2
/USERSPACE/DATASETS/CodecFake/train/F02_SSB13920088.wav,2
/USERSPACE/DATASETS/CodecFake/train/F02_SSB07780187.wav,2
/USERSPACE/DATASETS/CodecFake/train/F02_SSB17280031.wav,2
/USERSPACE/DATASETS/CodecFake/train/F02_SSB03750021.wav,2
/USERSPACE/DATASETS/CodecFake/train/F02_SSB06860188.wav,2
/USERSPACE/DATASETS/CodecFake/train/F02_SSB03750400.wav,2
/USERSPACE/DATASETS/CodecFake/train/F02_p254_318.wav,2
/USERSPACE/DATASETS/CodecFake/train/F02_SSB02730377.wav,2
/USERSPACE/DATASETS/CodecFake/train/F02_SSB08710110.wav,2
/USERSPACE/DATASETS/CodecFake/train/F02_SSB19020068.wav,2
/USERSPACE/DATASETS/CodecFake/train/F02_SSB11250314.wav,2
/USERSPACE/DATASETS/CodecFake/train/F02_SSB09660180.wav,2
/USERSPACE/DATASETS/CodecFake/train/F02_p305_217.wav,2
/USERSPACE/DATASETS/CodecFake/train/F02_SSB00120361.wav,2
/USERSPACE/DATASETS/CodecFake/train/F02_p305_140.wav,2
/USERSPACE/DATASETS/CodecFake/train/F02_p269_179.wav,2
/USERSPACE/DATASETS/CodecFake/train/F02_SSB18370406.wav,2
/USERSPACE/DATASETS/CodecFake/train/F02_SSB02880372.wav,2
/USERSPACE/DATASETS/CodecFake/train/F02_SSB11350037.wav,2
/USERSPACE/DATASETS/CodecFake/train/F02_SSB12390387.wav,2
/USERSPACE/DATASETS/CodecFake/train/F02_SSB11250064.wav,2
/USERSPACE/DATASETS/CodecFake/train/F02_SSB06010168.wav,2
/USERSPACE/DATASETS/CodecFake/train/F02_SSB01930256.wav,2
/USERSPACE/DATASETS/CodecFake/train/F02_p264_067.wav,2
/USERSPACE/DATASETS/CodecFake/train/F02_p363_306.wav,2
/USERSPACE/DATASETS/CodecFake/train/F02_p233_169.wav,2
/USERSPACE/DATASETS/CodecFake/train/F02_SSB06060012.wav,2
/USERSPACE/DATASETS/CodecFake/train/F02_SSB03090332.wav,2
/USERSPACE/DATASETS/CodecFake/train/F02_SSB03540253.wav,2
/USERSPACE/DATASETS/CodecFake/train/F02_SSB03950071.wav,2
/USERSPACE/DATASETS/CodecFake/train/F02_SSB07600156.wav,2
/USERSPACE/DATASETS/CodecFake/train/F02_p252_117.wav,2
/USERSPACE/DATASETS/CodecFake/train/F02_p277_150.wav,2
/USERSPACE/DATASETS/CodecFake/train/F02_p238_048.wav,2
/USERSPACE/DATASETS/CodecFake/train/F02_p335_139.wav,2
/USERSPACE/DATASETS/CodecFake/train/F02_SSB09150356.wav,2
/USERSPACE/DATASETS/CodecFake/train/F02_p295_100.wav,2
/USERSPACE/DATASETS/CodecFake/train/F02_SSB05390310.wav,2
/USERSPACE/DATASETS/CodecFake/train/F02_SSB03800458.wav,2
/USERSPACE/DATASETS/CodecFake/train/F02_SSB06230031.wav,2
/USERSPACE/DATASETS/CodecFake/train/F02_SSB05650186.wav,2
/USERSPACE/DATASETS/CodecFake/train/F02_SSB05900272.wav,2
/USERSPACE/DATASETS/CodecFake/train/F02_SSB06710244.wav,2
/USERSPACE/DATASETS/CodecFake/train/F02_SSB12150261.wav,2
/USERSPACE/DATASETS/CodecFake/train/F02_SSB13990126.wav,2
/USERSPACE/DATASETS/CodecFake/train/F02_SSB03380317.wav,2
/USERSPACE/DATASETS/CodecFake/train/F02_SSB12740281.wav,2
/USERSPACE/DATASETS/CodecFake/train/F02_SSB03070382.wav,2
/USERSPACE/DATASETS/CodecFake/train/F02_SSB02410148.wav,2
/USERSPACE/DATASETS/CodecFake/train/F02_SSB18910052.wav,2
/USERSPACE/DATASETS/CodecFake/train/F02_SSB07800011.wav,2
/USERSPACE/DATASETS/CodecFake/train/F02_SSB00050059.wav,2
/USERSPACE/DATASETS/CodecFake/train/F02_SSB09870200.wav,2
/USERSPACE/DATASETS/CodecFake/train/F02_p307_254.wav,2
/USERSPACE/DATASETS/CodecFake/train/F02_SSB12180390.wav,2
/USERSPACE/DATASETS/CodecFake/train/F02_SSB10560262.wav,2
/USERSPACE/DATASETS/CodecFake/train/F02_p330_169.wav,2
/USERSPACE/DATASETS/CodecFake/train/F02_SSB04150128.wav,2
/USERSPACE/DATASETS/CodecFake/train/F02_SSB01390117.wav,2
/USERSPACE/DATASETS/CodecFake/train/F02_SSB11250121.wav,2
/USERSPACE/DATASETS/CodecFake/train/F02_SSB05350037.wav,2
/USERSPACE/DATASETS/CodecFake/train/F02_SSB06930305.wav,2
/USERSPACE/DATASETS/CodecFake/train/F02_SSB02870128.wav,2
/USERSPACE/DATASETS/CodecFake/train/F02_p339_274.wav,2
/USERSPACE/DATASETS/CodecFake/train/F02_p231_290.wav,2
/USERSPACE/DATASETS/CodecFake/train/F02_SSB07370186.wav,2
/USERSPACE/DATASETS/CodecFake/train/F02_SSB12030265.wav,2
/USERSPACE/DATASETS/CodecFake/train/F02_SSB07230267.wav,2
/USERSPACE/DATASETS/CodecFake/train/F02_p277_335.wav,2
/USERSPACE/DATASETS/CodecFake/train/F02_SSB10960184.wav,2
/USERSPACE/DATASETS/CodecFake/train/F02_p297_360.wav,2
/USERSPACE/DATASETS/CodecFake/train/F02_SSB12180387.wav,2
/USERSPACE/DATASETS/CodecFake/train/F02_SSB18780202.wav,2
/USERSPACE/DATASETS/CodecFake/train/F02_SSB07600430.wav,2
/USERSPACE/DATASETS/CodecFake/train/F02_SSB07840052.wav,2
/USERSPACE/DATASETS/CodecFake/train/F02_SSB07000002.wav,2
/USERSPACE/DATASETS/CodecFake/train/F02_SSB00050029.wav,2
/USERSPACE/DATASETS/CodecFake/train/F02_SSB01930456.wav,2
/USERSPACE/DATASETS/CodecFake/train/F02_p264_202.wav,2
/USERSPACE/DATASETS/CodecFake/train/F02_p310_042.wav,2
/USERSPACE/DATASETS/CodecFake/train/F02_p279_371.wav,2
/USERSPACE/DATASETS/CodecFake/train/F02_p234_261.wav,2
/USERSPACE/DATASETS/CodecFake/train/F02_p308_242.wav,2
/USERSPACE/DATASETS/CodecFake/train/F02_SSB05880075.wav,2
/USERSPACE/DATASETS/CodecFake/train/F02_p227_297.wav,2
/USERSPACE/DATASETS/CodecFake/train/F02_p261_438.wav,2
/USERSPACE/DATASETS/CodecFake/train/F02_SSB13200095.wav,2
/USERSPACE/DATASETS/CodecFake/train/F02_SSB13400403.wav,2
/USERSPACE/DATASETS/CodecFake/train/F02_SSB12160017.wav,2
/USERSPACE/DATASETS/CodecFake/train/F02_SSB18280259.wav,2
/USERSPACE/DATASETS/CodecFake/train/F02_SSB16300161.wav,2
/USERSPACE/DATASETS/CodecFake/train/F02_p254_054.wav,2
/USERSPACE/DATASETS/CodecFake/train/F02_SSB13410056.wav,2
/USERSPACE/DATASETS/CodecFake/train/F02_SSB03790358.wav,2
/USERSPACE/DATASETS/CodecFake/train/F02_SSB03750382.wav,2
/USERSPACE/DATASETS/CodecFake/train/F02_SSB11360136.wav,2
/USERSPACE/DATASETS/CodecFake/train/F02_SSB05700142.wav,2
/USERSPACE/DATASETS/CodecFake/train/F02_SSB10080388.wav,2
/USERSPACE/DATASETS/CodecFake/train/F02_SSB10560412.wav,2
/USERSPACE/DATASETS/CodecFake/train/F02_SSB13920132.wav,2
/USERSPACE/DATASETS/CodecFake/train/F02_p313_127.wav,2
/USERSPACE/DATASETS/CodecFake/train/F02_SSB09660486.wav,2
/USERSPACE/DATASETS/CodecFake/train/F02_p343_018.wav,2
/USERSPACE/DATASETS/CodecFake/train/F02_p255_130.wav,2
/USERSPACE/DATASETS/CodecFake/train/F02_SSB03090146.wav,2
/USERSPACE/DATASETS/CodecFake/train/F02_SSB18630147.wav,2
/USERSPACE/DATASETS/CodecFake/train/F02_p307_384.wav,2
/USERSPACE/DATASETS/CodecFake/train/F02_SSB18910444.wav,2
/USERSPACE/DATASETS/CodecFake/train/F02_SSB00120238.wav,2
/USERSPACE/DATASETS/CodecFake/train/F02_p260_352.wav,2
/USERSPACE/DATASETS/CodecFake/train/F02_SSB05350453.wav,2
/USERSPACE/DATASETS/CodecFake/train/F02_SSB19350033.wav,2
/USERSPACE/DATASETS/CodecFake/train/F02_SSB07600139.wav,2
/USERSPACE/DATASETS/CodecFake/train/F02_SSB10720321.wav,2
/USERSPACE/DATASETS/CodecFake/train/F02_SSB08630421.wav,2
/USERSPACE/DATASETS/CodecFake/train/F02_SSB03820449.wav,2
/USERSPACE/DATASETS/CodecFake/train/F02_SSB07620297.wav,2
/USERSPACE/DATASETS/CodecFake/train/F02_SSB18060473.wav,2
/USERSPACE/DATASETS/CodecFake/train/F02_SSB05990085.wav,2
/USERSPACE/DATASETS/CodecFake/train/F02_SSB00180346.wav,2
/USERSPACE/DATASETS/CodecFake/train/F02_SSB03930384.wav,2
/USERSPACE/DATASETS/CodecFake/train/F02_SSB18100365.wav,2
/USERSPACE/DATASETS/CodecFake/train/F02_SSB16240298.wav,2
/USERSPACE/DATASETS/CodecFake/train/F02_SSB17810372.wav,2
/USERSPACE/DATASETS/CodecFake/train/F02_SSB06860151.wav,2
/USERSPACE/DATASETS/CodecFake/train/F02_SSB16860281.wav,2
/USERSPACE/DATASETS/CodecFake/train/F02_SSB02990171.wav,2
/USERSPACE/DATASETS/CodecFake/train/F02_SSB07480180.wav,2
/USERSPACE/DATASETS/CodecFake/train/F02_SSB02990140.wav,2
/USERSPACE/DATASETS/CodecFake/train/F02_SSB05350348.wav,2
/USERSPACE/DATASETS/CodecFake/train/F02_p336_297.wav,2
/USERSPACE/DATASETS/CodecFake/train/F02_p250_311.wav,2
/USERSPACE/DATASETS/CodecFake/train/F02_p316_244.wav,2
/USERSPACE/DATASETS/CodecFake/train/F02_SSB00570409.wav,2
/USERSPACE/DATASETS/CodecFake/train/F02_SSB09130245.wav,2
/USERSPACE/DATASETS/CodecFake/train/F02_p351_236.wav,2
/USERSPACE/DATASETS/CodecFake/train/F02_p281_369.wav,2
/USERSPACE/DATASETS/CodecFake/train/F02_SSB11000451.wav,2
/USERSPACE/DATASETS/CodecFake/train/F02_SSB08510374.wav,2
/USERSPACE/DATASETS/CodecFake/train/F02_SSB03850089.wav,2
/USERSPACE/DATASETS/CodecFake/train/F02_SSB10020187.wav,2
/USERSPACE/DATASETS/CodecFake/train/F02_p257_384.wav,2
/USERSPACE/DATASETS/CodecFake/train/F02_SSB07020299.wav,2
/USERSPACE/DATASETS/CodecFake/train/F02_SSB01120390.wav,2
/USERSPACE/DATASETS/CodecFake/train/F02_SSB11100240.wav,2
/USERSPACE/DATASETS/CodecFake/train/F02_SSB15670318.wav,2
/USERSPACE/DATASETS/CodecFake/train/F02_p259_470.wav,2
/USERSPACE/DATASETS/CodecFake/train/F02_SSB01450189.wav,2
/USERSPACE/DATASETS/CodecFake/train/F02_SSB11310250.wav,2
/USERSPACE/DATASETS/CodecFake/train/F02_p303_219.wav,2
/USERSPACE/DATASETS/CodecFake/train/F02_SSB00160384.wav,2
/USERSPACE/DATASETS/CodecFake/train/F02_p362_317.wav,2
/USERSPACE/DATASETS/CodecFake/train/F02_SSB10550008.wav,2
/USERSPACE/DATASETS/CodecFake/train/F02_p305_402.wav,2
/USERSPACE/DATASETS/CodecFake/train/F02_SSB03820235.wav,2
/USERSPACE/DATASETS/CodecFake/train/F02_p247_386.wav,2
/USERSPACE/DATASETS/CodecFake/train/F02_p239_412.wav,2
/USERSPACE/DATASETS/CodecFake/train/F02_SSB04700209.wav,2
/USERSPACE/DATASETS/CodecFake/train/F02_p304_394.wav,2
/USERSPACE/DATASETS/CodecFake/train/F02_SSB04700339.wav,2
/USERSPACE/DATASETS/CodecFake/train/F02_SSB03790155.wav,2
/USERSPACE/DATASETS/CodecFake/train/F02_SSB18910138.wav,2
/USERSPACE/DATASETS/CodecFake/train/F02_SSB03090027.wav,2
/USERSPACE/DATASETS/CodecFake/train/F02_SSB04340196.wav,2
/USERSPACE/DATASETS/CodecFake/train/F02_SSB01330108.wav,2
/USERSPACE/DATASETS/CodecFake/train/F02_SSB11250133.wav,2
/USERSPACE/DATASETS/CodecFake/train/F02_SSB19350115.wav,2
/USERSPACE/DATASETS/CodecFake/train/F02_SSB03660493.wav,2
/USERSPACE/DATASETS/CodecFake/train/F02_SSB08170363.wav,2
/USERSPACE/DATASETS/CodecFake/train/F02_SSB10550051.wav,2
/USERSPACE/DATASETS/CodecFake/train/F02_SSB03390243.wav,2
/USERSPACE/DATASETS/CodecFake/train/F02_SSB03420207.wav,2
/USERSPACE/DATASETS/CodecFake/train/F02_p360_017.wav,2
/USERSPACE/DATASETS/CodecFake/train/F02_SSB07840390.wav,2
/USERSPACE/DATASETS/CodecFake/train/F02_SSB11150446.wav,2
/USERSPACE/DATASETS/CodecFake/train/F02_SSB16990263.wav,2
/USERSPACE/DATASETS/CodecFake/train/F02_p307_286.wav,2
/USERSPACE/DATASETS/CodecFake/train/F02_SSB01120358.wav,2
/USERSPACE/DATASETS/CodecFake/train/F02_p306_025.wav,2
/USERSPACE/DATASETS/CodecFake/train/F02_SSB10720461.wav,2
/USERSPACE/DATASETS/CodecFake/train/F02_SSB02610474.wav,2
/USERSPACE/DATASETS/CodecFake/train/F02_SSB11380025.wav,2
/USERSPACE/DATASETS/CodecFake/train/F02_p295_391.wav,2
/USERSPACE/DATASETS/CodecFake/train/F02_SSB11250361.wav,2
/USERSPACE/DATASETS/CodecFake/train/F02_SSB00120473.wav,2
/USERSPACE/DATASETS/CodecFake/train/F02_p339_246.wav,2
/USERSPACE/DATASETS/CodecFake/train/F02_p271_338.wav,2
/USERSPACE/DATASETS/CodecFake/train/F02_SSB00730046.wav,2
/USERSPACE/DATASETS/CodecFake/train/F02_SSB02990229.wav,2
/USERSPACE/DATASETS/CodecFake/train/F02_p230_071.wav,2
/USERSPACE/DATASETS/CodecFake/train/F02_SSB08630232.wav,2
/USERSPACE/DATASETS/CodecFake/train/F02_SSB10910501.wav,2
/USERSPACE/DATASETS/CodecFake/train/F02_SSB06660169.wav,2
/USERSPACE/DATASETS/CodecFake/train/F02_SSB03150168.wav,2
/USERSPACE/DATASETS/CodecFake/train/F02_SSB03390326.wav,2
/USERSPACE/DATASETS/CodecFake/train/F02_p286_115.wav,2
/USERSPACE/DATASETS/CodecFake/train/F02_SSB04340156.wav,2
/USERSPACE/DATASETS/CodecFake/train/F02_p287_293.wav,2
/USERSPACE/DATASETS/CodecFake/train/F02_p262_138.wav,2
/USERSPACE/DATASETS/CodecFake/train/F02_p326_005.wav,2
/USERSPACE/DATASETS/CodecFake/train/F02_SSB11350152.wav,2
/USERSPACE/DATASETS/CodecFake/train/F02_p345_242.wav,2
/USERSPACE/DATASETS/CodecFake/train/F02_SSB01450358.wav,2
/USERSPACE/DATASETS/CodecFake/train/F02_SSB00180282.wav,2
/USERSPACE/DATASETS/CodecFake/train/F02_SSB09130190.wav,2
/USERSPACE/DATASETS/CodecFake/train/F02_p274_214.wav,2
/USERSPACE/DATASETS/CodecFake/train/F02_SSB03410439.wav,2
/USERSPACE/DATASETS/CodecFake/train/F02_p266_299.wav,2
/USERSPACE/DATASETS/CodecFake/train/F02_p330_347.wav,2
/USERSPACE/DATASETS/CodecFake/train/F02_SSB10020291.wav,2
/USERSPACE/DATASETS/CodecFake/train/F02_SSB03950299.wav,2
/USERSPACE/DATASETS/CodecFake/train/F02_SSB07100442.wav,2
/USERSPACE/DATASETS/CodecFake/train/F02_p376_180.wav,2
/USERSPACE/DATASETS/CodecFake/train/F02_SSB10720471.wav,2
/USERSPACE/DATASETS/CodecFake/train/F02_p246_135.wav,2
/USERSPACE/DATASETS/CodecFake/train/F02_SSB03790332.wav,2
/USERSPACE/DATASETS/CodecFake/train/F02_p270_189.wav,2
/USERSPACE/DATASETS/CodecFake/train/F02_SSB09350265.wav,2
/USERSPACE/DATASETS/CodecFake/train/F02_SSB07800269.wav,2
/USERSPACE/DATASETS/CodecFake/train/F02_SSB10910448.wav,2
/USERSPACE/DATASETS/CodecFake/train/F02_p340_401.wav,2
/USERSPACE/DATASETS/CodecFake/train/F02_SSB06860115.wav,2
/USERSPACE/DATASETS/CodecFake/train/F02_SSB03800264.wav,2
/USERSPACE/DATASETS/CodecFake/train/F02_p336_111.wav,2
/USERSPACE/DATASETS/CodecFake/train/F02_SSB11360193.wav,2
/USERSPACE/DATASETS/CodecFake/train/F02_p272_399.wav,2
/USERSPACE/DATASETS/CodecFake/train/F02_SSB07600045.wav,2
/USERSPACE/DATASETS/CodecFake/train/F02_p297_115.wav,2
/USERSPACE/DATASETS/CodecFake/train/F02_p335_222.wav,2
/USERSPACE/DATASETS/CodecFake/train/F02_p330_116.wav,2
/USERSPACE/DATASETS/CodecFake/train/F02_SSB19020007.wav,2
/USERSPACE/DATASETS/CodecFake/train/F02_SSB13660352.wav,2
/USERSPACE/DATASETS/CodecFake/train/F02_p287_058.wav,2
/USERSPACE/DATASETS/CodecFake/train/F02_SSB03540333.wav,2
/USERSPACE/DATASETS/CodecFake/train/F02_SSB13920165.wav,2
/USERSPACE/DATASETS/CodecFake/train/F02_SSB00380483.wav,2
/USERSPACE/DATASETS/CodecFake/train/F02_p284_054.wav,2
/USERSPACE/DATASETS/CodecFake/train/F02_SSB00160064.wav,2
/USERSPACE/DATASETS/CodecFake/train/F02_SSB08170225.wav,2
/USERSPACE/DATASETS/CodecFake/train/F02_p241_265.wav,2
/USERSPACE/DATASETS/CodecFake/train/F02_SSB11380479.wav,2
/USERSPACE/DATASETS/CodecFake/train/F02_p294_170.wav,2
/USERSPACE/DATASETS/CodecFake/train/F02_p233_051.wav,2
/USERSPACE/DATASETS/CodecFake/train/F02_SSB10240414.wav,2
/USERSPACE/DATASETS/CodecFake/train/F02_SSB10010153.wav,2
/USERSPACE/DATASETS/CodecFake/train/F02_SSB00800043.wav,2
/USERSPACE/DATASETS/CodecFake/train/F02_SSB05440223.wav,2
/USERSPACE/DATASETS/CodecFake/train/F02_SSB17280262.wav,2
/USERSPACE/DATASETS/CodecFake/train/F02_p245_138.wav,2
/USERSPACE/DATASETS/CodecFake/train/F02_SSB13660016.wav,2
/USERSPACE/DATASETS/CodecFake/train/F02_SSB19390029.wav,2
/USERSPACE/DATASETS/CodecFake/train/F02_p261_152.wav,2
/USERSPACE/DATASETS/CodecFake/train/F02_p278_364.wav,2
/USERSPACE/DATASETS/CodecFake/train/F02_p329_181.wav,2
/USERSPACE/DATASETS/CodecFake/train/F02_SSB07020420.wav,2
/USERSPACE/DATASETS/CodecFake/train/F02_SSB10200356.wav,2
/USERSPACE/DATASETS/CodecFake/train/F02_SSB05440470.wav,2
/USERSPACE/DATASETS/CodecFake/train/F02_p282_331.wav,2
/USERSPACE/DATASETS/CodecFake/train/F02_SSB03790412.wav,2
/USERSPACE/DATASETS/CodecFake/train/F02_SSB07940379.wav,2
/USERSPACE/DATASETS/CodecFake/train/F02_p333_418.wav,2
/USERSPACE/DATASETS/CodecFake/train/F02_SSB16250157.wav,2
/USERSPACE/DATASETS/CodecFake/train/F02_SSB07600055.wav,2
/USERSPACE/DATASETS/CodecFake/train/F02_SSB17810340.wav,2
/USERSPACE/DATASETS/CodecFake/train/F02_SSB10720075.wav,2
/USERSPACE/DATASETS/CodecFake/train/F02_SSB18100003.wav,2
/USERSPACE/DATASETS/CodecFake/train/F02_p238_140.wav,2
/USERSPACE/DATASETS/CodecFake/train/F02_p257_246.wav,2
/USERSPACE/DATASETS/CodecFake/train/F02_SSB18720337.wav,2
/USERSPACE/DATASETS/CodecFake/train/F02_SSB15750213.wav,2
/USERSPACE/DATASETS/CodecFake/train/F02_SSB08220128.wav,2
/USERSPACE/DATASETS/CodecFake/train/F02_SSB13410144.wav,2
/USERSPACE/DATASETS/CodecFake/train/F02_SSB03850144.wav,2
/USERSPACE/DATASETS/CodecFake/train/F02_SSB09870141.wav,2
/USERSPACE/DATASETS/CodecFake/train/F02_SSB18100356.wav,2
/USERSPACE/DATASETS/CodecFake/train/F02_SSB06010332.wav,2
/USERSPACE/DATASETS/CodecFake/train/F02_SSB02880339.wav,2
/USERSPACE/DATASETS/CodecFake/train/F02_SSB06860320.wav,2
/USERSPACE/DATASETS/CodecFake/train/F02_SSB03660069.wav,2
/USERSPACE/DATASETS/CodecFake/train/F02_SSB04700240.wav,2
/USERSPACE/DATASETS/CodecFake/train/F02_p305_210.wav,2
/USERSPACE/DATASETS/CodecFake/train/F02_p281_334.wav,2
/USERSPACE/DATASETS/CodecFake/train/F02_SSB11080275.wav,2
/USERSPACE/DATASETS/CodecFake/train/F02_p345_119.wav,2
/USERSPACE/DATASETS/CodecFake/train/F02_SSB19560389.wav,2
/USERSPACE/DATASETS/CodecFake/train/F02_SSB18630186.wav,2
/USERSPACE/DATASETS/CodecFake/train/F02_p299_140.wav,2
/USERSPACE/DATASETS/CodecFake/train/F02_SSB03070023.wav,2
/USERSPACE/DATASETS/CodecFake/train/F02_p248_322.wav,2
/USERSPACE/DATASETS/CodecFake/train/F02_SSB15850339.wav,2
/USERSPACE/DATASETS/CodecFake/train/F02_SSB13020476.wav,2
/USERSPACE/DATASETS/CodecFake/train/F02_SSB06930355.wav,2
/USERSPACE/DATASETS/CodecFake/train/F02_SSB02730151.wav,2
/USERSPACE/DATASETS/CodecFake/train/F02_p362_015.wav,2
/USERSPACE/DATASETS/CodecFake/train/F02_SSB17280042.wav,2
/USERSPACE/DATASETS/CodecFake/train/F02_SSB16500312.wav,2
/USERSPACE/DATASETS/CodecFake/train/F02_SSB02730482.wav,2
/USERSPACE/DATASETS/CodecFake/train/F02_SSB16840490.wav,2
/USERSPACE/DATASETS/CodecFake/train/F02_p231_362.wav,2
/USERSPACE/DATASETS/CodecFake/train/F02_p323_411.wav,2
/USERSPACE/DATASETS/CodecFake/train/F02_SSB10550305.wav,2
/USERSPACE/DATASETS/CodecFake/train/F02_p351_124.wav,2
/USERSPACE/DATASETS/CodecFake/train/F02_SSB18280438.wav,2
/USERSPACE/DATASETS/CodecFake/train/F02_p262_082.wav,2
/USERSPACE/DATASETS/CodecFake/train/F02_SSB03750239.wav,2
/USERSPACE/DATASETS/CodecFake/train/F02_p294_377.wav,2
/USERSPACE/DATASETS/CodecFake/train/F02_SSB11970053.wav,2
/USERSPACE/DATASETS/CodecFake/train/F02_SSB03790110.wav,2
/USERSPACE/DATASETS/CodecFake/train/F02_SSB00380346.wav,2
/USERSPACE/DATASETS/CodecFake/train/F02_p230_367.wav,2
/USERSPACE/DATASETS/CodecFake/train/F02_SSB02880265.wav,2
/USERSPACE/DATASETS/CodecFake/train/F02_p265_069.wav,2
/USERSPACE/DATASETS/CodecFake/train/F02_SSB05440126.wav,2
/USERSPACE/DATASETS/CodecFake/train/F02_SSB11350105.wav,2
/USERSPACE/DATASETS/CodecFake/train/F02_SSB06860021.wav,2
/USERSPACE/DATASETS/CodecFake/train/F02_SSB06060223.wav,2
/USERSPACE/DATASETS/CodecFake/train/F02_p314_190.wav,2
/USERSPACE/DATASETS/CodecFake/train/F02_SSB09190471.wav,2
/USERSPACE/DATASETS/CodecFake/train/F02_SSB06030317.wav,2
/USERSPACE/DATASETS/CodecFake/train/F02_SSB18780307.wav,2
/USERSPACE/DATASETS/CodecFake/train/F02_SSB09660018.wav,2
/USERSPACE/DATASETS/CodecFake/train/F02_p239_262.wav,2
/USERSPACE/DATASETS/CodecFake/train/F02_p287_125.wav,2
/USERSPACE/DATASETS/CodecFake/train/F02_SSB09190100.wav,2
/USERSPACE/DATASETS/CodecFake/train/F02_SSB02990019.wav,2
/USERSPACE/DATASETS/CodecFake/train/F02_SSB07200043.wav,2
/USERSPACE/DATASETS/CodecFake/train/F02_p360_361.wav,2
/USERSPACE/DATASETS/CodecFake/train/F02_SSB01490226.wav,2
/USERSPACE/DATASETS/CodecFake/train/F02_p341_356.wav,2
/USERSPACE/DATASETS/CodecFake/train/F02_SSB09130272.wav,2
/USERSPACE/DATASETS/CodecFake/train/F02_SSB13990427.wav,2
/USERSPACE/DATASETS/CodecFake/train/F02_SSB00050069.wav,2
/USERSPACE/DATASETS/CodecFake/train/F02_SSB03750497.wav,2
/USERSPACE/DATASETS/CodecFake/train/F02_SSB05940437.wav,2
/USERSPACE/DATASETS/CodecFake/train/F02_SSB00380115.wav,2
/USERSPACE/DATASETS/CodecFake/train/F02_SSB05900415.wav,2
/USERSPACE/DATASETS/CodecFake/train/F02_SSB04350380.wav,2
/USERSPACE/DATASETS/CodecFake/train/F02_SSB03950352.wav,2
/USERSPACE/DATASETS/CodecFake/train/F02_SSB02670237.wav,2
/USERSPACE/DATASETS/CodecFake/train/F02_SSB19350331.wav,2
/USERSPACE/DATASETS/CodecFake/train/F02_SSB13410196.wav,2
/USERSPACE/DATASETS/CodecFake/train/F02_SSB05990447.wav,2
/USERSPACE/DATASETS/CodecFake/train/F02_SSB12530263.wav,2
/USERSPACE/DATASETS/CodecFake/train/F02_SSB12390385.wav,2
/USERSPACE/DATASETS/CodecFake/train/F02_SSB10200167.wav,2
/USERSPACE/DATASETS/CodecFake/train/F02_SSB07580261.wav,2
/USERSPACE/DATASETS/CodecFake/train/F02_SSB01330088.wav,2
/USERSPACE/DATASETS/CodecFake/train/F02_SSB00110436.wav,2
/USERSPACE/DATASETS/CodecFake/train/F02_SSB04270470.wav,2
/USERSPACE/DATASETS/CodecFake/train/F02_p305_276.wav,2
/USERSPACE/DATASETS/CodecFake/train/F02_p231_295.wav,2
/USERSPACE/DATASETS/CodecFake/train/F02_p239_140.wav,2
/USERSPACE/DATASETS/CodecFake/train/F02_SSB07000134.wav,2
/USERSPACE/DATASETS/CodecFake/train/F02_p308_100.wav,2
/USERSPACE/DATASETS/CodecFake/train/F02_p361_185.wav,2
/USERSPACE/DATASETS/CodecFake/train/F02_p313_375.wav,2
/USERSPACE/DATASETS/CodecFake/train/F02_SSB16840048.wav,2
/USERSPACE/DATASETS/CodecFake/train/F02_p264_148.wav,2
/USERSPACE/DATASETS/CodecFake/train/F02_SSB13220142.wav,2
/USERSPACE/DATASETS/CodecFake/train/F02_SSB06710322.wav,2
/USERSPACE/DATASETS/CodecFake/train/F02_SSB07230241.wav,2
/USERSPACE/DATASETS/CodecFake/train/F02_p361_340.wav,2
/USERSPACE/DATASETS/CodecFake/train/F02_SSB06930434.wav,2
/USERSPACE/DATASETS/CodecFake/train/F02_SSB00120177.wav,2
/USERSPACE/DATASETS/CodecFake/train/F02_p305_198.wav,2
/USERSPACE/DATASETS/CodecFake/train/F02_SSB11870246.wav,2
/USERSPACE/DATASETS/CodecFake/train/F02_SSB04350366.wav,2
/USERSPACE/DATASETS/CodecFake/train/F02_SSB06660219.wav,2
/USERSPACE/DATASETS/CodecFake/train/F02_SSB13920373.wav,2
/USERSPACE/DATASETS/CodecFake/train/F02_SSB04820122.wav,2
/USERSPACE/DATASETS/CodecFake/train/F02_SSB07020084.wav,2
/USERSPACE/DATASETS/CodecFake/train/F02_SSB06140162.wav,2
/USERSPACE/DATASETS/CodecFake/train/F02_SSB03660007.wav,2
/USERSPACE/DATASETS/CodecFake/train/F02_p341_015.wav,2
/USERSPACE/DATASETS/CodecFake/train/F02_SSB06070250.wav,2
/USERSPACE/DATASETS/CodecFake/train/F02_p297_001.wav,2
/USERSPACE/DATASETS/CodecFake/train/F02_SSB00430460.wav,2
/USERSPACE/DATASETS/CodecFake/train/F02_SSB02670323.wav,2
/USERSPACE/DATASETS/CodecFake/train/F02_SSB03390279.wav,2
/USERSPACE/DATASETS/CodecFake/train/F02_SSB05650275.wav,2
/USERSPACE/DATASETS/CodecFake/train/F02_SSB12180324.wav,2
/USERSPACE/DATASETS/CodecFake/train/F02_p250_137.wav,2
/USERSPACE/DATASETS/CodecFake/train/F02_p245_063.wav,2
/USERSPACE/DATASETS/CodecFake/train/F02_SSB01490404.wav,2
/USERSPACE/DATASETS/CodecFake/train/F02_SSB07360176.wav,2
/USERSPACE/DATASETS/CodecFake/train/F02_SSB00330103.wav,2
/USERSPACE/DATASETS/CodecFake/train/F02_p249_012.wav,2
/USERSPACE/DATASETS/CodecFake/train/F02_SSB13850407.wav,2
/USERSPACE/DATASETS/CodecFake/train/F02_p226_043.wav,2
/USERSPACE/DATASETS/CodecFake/train/F02_SSB10010509.wav,2
/USERSPACE/DATASETS/CodecFake/train/F02_SSB05880020.wav,2
/USERSPACE/DATASETS/CodecFake/train/F02_SSB05700451.wav,2
/USERSPACE/DATASETS/CodecFake/train/F02_p257_289.wav,2
/USERSPACE/DATASETS/CodecFake/train/F02_SSB18780289.wav,2
/USERSPACE/DATASETS/CodecFake/train/F02_p335_192.wav,2
/USERSPACE/DATASETS/CodecFake/train/F02_SSB05900270.wav,2
/USERSPACE/DATASETS/CodecFake/train/F02_p249_321.wav,2
/USERSPACE/DATASETS/CodecFake/train/F02_SSB12190091.wav,2
/USERSPACE/DATASETS/CodecFake/train/F02_SSB16500333.wav,2
/USERSPACE/DATASETS/CodecFake/train/F02_p282_184.wav,2
/USERSPACE/DATASETS/CodecFake/train/F02_SSB11380095.wav,2
/USERSPACE/DATASETS/CodecFake/train/F02_SSB14570126.wav,2
/USERSPACE/DATASETS/CodecFake/train/F02_SSB05700395.wav,2
/USERSPACE/DATASETS/CodecFake/train/F02_SSB03160323.wav,2
/USERSPACE/DATASETS/CodecFake/train/F02_p232_248.wav,2
/USERSPACE/DATASETS/CodecFake/train/F02_p374_095.wav,2
/USERSPACE/DATASETS/CodecFake/train/F02_p269_236.wav,2
/USERSPACE/DATASETS/CodecFake/train/F02_SSB16700030.wav,2
/USERSPACE/DATASETS/CodecFake/train/F02_SSB05350369.wav,2
/USERSPACE/DATASETS/CodecFake/train/F02_p305_291.wav,2
/USERSPACE/DATASETS/CodecFake/train/F02_p292_037.wav,2
/USERSPACE/DATASETS/CodecFake/train/F02_SSB07480181.wav,2
/USERSPACE/DATASETS/CodecFake/train/F02_p250_281.wav,2
/USERSPACE/DATASETS/CodecFake/train/F02_SSB06070450.wav,2
/USERSPACE/DATASETS/CodecFake/train/F02_SSB18320286.wav,2
/USERSPACE/DATASETS/CodecFake/train/F02_p248_249.wav,2
/USERSPACE/DATASETS/CodecFake/train/F02_SSB07840250.wav,2
/USERSPACE/DATASETS/CodecFake/train/F02_SSB09870137.wav,2
/USERSPACE/DATASETS/CodecFake/train/F02_p298_187.wav,2
/USERSPACE/DATASETS/CodecFake/train/F02_SSB08510058.wav,2
/USERSPACE/DATASETS/CodecFake/train/F02_p238_080.wav,2
/USERSPACE/DATASETS/CodecFake/train/F02_SSB10020393.wav,2
/USERSPACE/DATASETS/CodecFake/train/F02_p278_033.wav,2
/USERSPACE/DATASETS/CodecFake/train/F02_p225_073.wav,2
/USERSPACE/DATASETS/CodecFake/train/F02_p286_060.wav,2
/USERSPACE/DATASETS/CodecFake/train/F02_p330_387.wav,2
/USERSPACE/DATASETS/CodecFake/train/F02_SSB09350271.wav,2
/USERSPACE/DATASETS/CodecFake/train/F02_p306_333.wav,2
/USERSPACE/DATASETS/CodecFake/train/F02_SSB01330304.wav,2
/USERSPACE/DATASETS/CodecFake/train/F02_SSB02460120.wav,2
/USERSPACE/DATASETS/CodecFake/train/F02_p376_284.wav,2
/USERSPACE/DATASETS/CodecFake/train/F02_SSB12160494.wav,2
/USERSPACE/DATASETS/CodecFake/train/F02_p247_075.wav,2
/USERSPACE/DATASETS/CodecFake/train/F02_SSB04700434.wav,2
/USERSPACE/DATASETS/CodecFake/train/F02_p339_328.wav,2
/USERSPACE/DATASETS/CodecFake/train/F02_SSB12210469.wav,2
/USERSPACE/DATASETS/CodecFake/train/F02_SSB01330456.wav,2
/USERSPACE/DATASETS/CodecFake/train/F02_p339_265.wav,2
/USERSPACE/DATASETS/CodecFake/train/F02_SSB06070289.wav,2
/USERSPACE/DATASETS/CodecFake/train/F02_SSB07370121.wav,2
/USERSPACE/DATASETS/CodecFake/train/F02_SSB09660461.wav,2
/USERSPACE/DATASETS/CodecFake/train/F02_SSB06860421.wav,2
/USERSPACE/DATASETS/CodecFake/train/F02_SSB03540173.wav,2
/USERSPACE/DATASETS/CodecFake/train/F02_p361_140.wav,2
/USERSPACE/DATASETS/CodecFake/train/F02_SSB02870214.wav,2
/USERSPACE/DATASETS/CodecFake/train/F02_p267_242.wav,2
/USERSPACE/DATASETS/CodecFake/train/F02_p310_185.wav,2
/USERSPACE/DATASETS/CodecFake/train/F02_SSB01120281.wav,2
/USERSPACE/DATASETS/CodecFake/train/F02_SSB02610454.wav,2
/USERSPACE/DATASETS/CodecFake/train/F02_SSB06860052.wav,2
/USERSPACE/DATASETS/CodecFake/train/F02_SSB15550442.wav,2
/USERSPACE/DATASETS/CodecFake/train/F02_SSB12530122.wav,2
/USERSPACE/DATASETS/CodecFake/train/F02_SSB13220390.wav,2
/USERSPACE/DATASETS/CodecFake/train/F02_SSB13770305.wav,2
/USERSPACE/DATASETS/CodecFake/train/F02_p299_166.wav,2
/USERSPACE/DATASETS/CodecFake/train/F02_SSB18910143.wav,2
/USERSPACE/DATASETS/CodecFake/train/F02_p240_206.wav,2
/USERSPACE/DATASETS/CodecFake/train/F02_SSB06930470.wav,2
/USERSPACE/DATASETS/CodecFake/train/F02_SSB02000381.wav,2
/USERSPACE/DATASETS/CodecFake/train/F02_SSB02410032.wav,2
/USERSPACE/DATASETS/CodecFake/train/F02_p333_302.wav,2
/USERSPACE/DATASETS/CodecFake/train/F02_SSB00090237.wav,2
/USERSPACE/DATASETS/CodecFake/train/F02_p233_123.wav,2
/USERSPACE/DATASETS/CodecFake/train/F02_SSB07620146.wav,2
/USERSPACE/DATASETS/CodecFake/train/F02_SSB08090106.wav,2
/USERSPACE/DATASETS/CodecFake/train/F02_SSB10550494.wav,2
/USERSPACE/DATASETS/CodecFake/train/F02_p262_130.wav,2
/USERSPACE/DATASETS/CodecFake/train/F02_p343_125.wav,2
/USERSPACE/DATASETS/CodecFake/train/F02_SSB03380431.wav,2
/USERSPACE/DATASETS/CodecFake/train/F02_SSB00120462.wav,2
/USERSPACE/DATASETS/CodecFake/train/F02_p345_390.wav,2
/USERSPACE/DATASETS/CodecFake/train/F02_SSB16700043.wav,2
/USERSPACE/DATASETS/CodecFake/train/F02_SSB07840096.wav,2
/USERSPACE/DATASETS/CodecFake/train/F02_SSB06320134.wav,2
/USERSPACE/DATASETS/CodecFake/train/F02_p228_250.wav,2
/USERSPACE/DATASETS/CodecFake/train/F02_SSB03930420.wav,2
/USERSPACE/DATASETS/CodecFake/train/F02_SSB03160340.wav,2
/USERSPACE/DATASETS/CodecFake/train/F02_SSB03160027.wav,2
/USERSPACE/DATASETS/CodecFake/train/F02_SSB00570017.wav,2
/USERSPACE/DATASETS/CodecFake/train/F02_SSB00090362.wav,2
/USERSPACE/DATASETS/CodecFake/train/F02_SSB07840478.wav,2
/USERSPACE/DATASETS/CodecFake/train/F02_p246_139.wav,2
/USERSPACE/DATASETS/CodecFake/train/F02_p266_257.wav,2
/USERSPACE/DATASETS/CodecFake/train/F02_SSB03420081.wav,2
/USERSPACE/DATASETS/CodecFake/train/F02_SSB00380466.wav,2
/USERSPACE/DATASETS/CodecFake/train/F02_SSB18910480.wav,2
/USERSPACE/DATASETS/CodecFake/train/F02_p363_096.wav,2
/USERSPACE/DATASETS/CodecFake/train/F02_p250_270.wav,2
/USERSPACE/DATASETS/CodecFake/train/F02_p300_196.wav,2
/USERSPACE/DATASETS/CodecFake/train/F02_p303_249.wav,2
/USERSPACE/DATASETS/CodecFake/train/F02_SSB16990435.wav,2
/USERSPACE/DATASETS/CodecFake/train/F02_p245_348.wav,2
/USERSPACE/DATASETS/CodecFake/train/F02_SSB10200505.wav,2
/USERSPACE/DATASETS/CodecFake/train/F02_SSB06320215.wav,2
/USERSPACE/DATASETS/CodecFake/train/F02_SSB05440162.wav,2
/USERSPACE/DATASETS/CodecFake/train/F02_SSB05780450.wav,2
/USERSPACE/DATASETS/CodecFake/train/F02_SSB07360074.wav,2
/USERSPACE/DATASETS/CodecFake/train/F02_p293_326.wav,2
/USERSPACE/DATASETS/CodecFake/train/F02_SSB07110027.wav,2
/USERSPACE/DATASETS/CodecFake/train/F02_SSB11310146.wav,2
/USERSPACE/DATASETS/CodecFake/train/F02_SSB07490265.wav,2
/USERSPACE/DATASETS/CodecFake/train/F02_SSB06320378.wav,2
/USERSPACE/DATASETS/CodecFake/train/F02_SSB11000368.wav,2
/USERSPACE/DATASETS/CodecFake/train/F02_SSB01330093.wav,2
/USERSPACE/DATASETS/CodecFake/train/F02_SSB17110158.wav,2
/USERSPACE/DATASETS/CodecFake/train/F02_p360_151.wav,2
/USERSPACE/DATASETS/CodecFake/train/F02_p251_004.wav,2
/USERSPACE/DATASETS/CodecFake/train/F02_SSB10240178.wav,2
/USERSPACE/DATASETS/CodecFake/train/F02_p250_111.wav,2
/USERSPACE/DATASETS/CodecFake/train/F02_SSB07620191.wav,2
/USERSPACE/DATASETS/CodecFake/train/F02_SSB12530143.wav,2
/USERSPACE/DATASETS/CodecFake/train/F02_SSB15550458.wav,2
/USERSPACE/DATASETS/CodecFake/train/F02_p275_013.wav,2
/USERSPACE/DATASETS/CodecFake/train/F02_p361_343.wav,2
/USERSPACE/DATASETS/CodecFake/train/F02_p227_195.wav,2
/USERSPACE/DATASETS/CodecFake/train/F02_SSB11760391.wav,2
/USERSPACE/DATASETS/CodecFake/train/F02_SSB16250385.wav,2
/USERSPACE/DATASETS/CodecFake/train/F02_SSB14370122.wav,2
/USERSPACE/DATASETS/CodecFake/train/F02_SSB04260214.wav,2
/USERSPACE/DATASETS/CodecFake/train/F02_p303_129.wav,2
/USERSPACE/DATASETS/CodecFake/train/F02_SSB14080282.wav,2
/USERSPACE/DATASETS/CodecFake/train/F02_SSB02730332.wav,2
/USERSPACE/DATASETS/CodecFake/train/F02_SSB05990025.wav,2
/USERSPACE/DATASETS/CodecFake/train/F02_SSB00430438.wav,2
/USERSPACE/DATASETS/CodecFake/train/F02_p257_095.wav,2
/USERSPACE/DATASETS/CodecFake/train/F02_SSB01120331.wav,2
/USERSPACE/DATASETS/CodecFake/train/F02_p268_132.wav,2
/USERSPACE/DATASETS/CodecFake/train/F02_p277_453.wav,2
/USERSPACE/DATASETS/CodecFake/train/F02_p278_158.wav,2
/USERSPACE/DATASETS/CodecFake/train/F02_SSB09190051.wav,2
/USERSPACE/DATASETS/CodecFake/train/F02_SSB09190232.wav,2
/USERSPACE/DATASETS/CodecFake/train/F02_SSB14570191.wav,2
/USERSPACE/DATASETS/CodecFake/train/F02_SSB12180131.wav,2
/USERSPACE/DATASETS/CodecFake/train/F02_SSB14480116.wav,2
/USERSPACE/DATASETS/CodecFake/train/F02_p363_244.wav,2
/USERSPACE/DATASETS/CodecFake/train/F02_SSB19180426.wav,2
/USERSPACE/DATASETS/CodecFake/train/F02_SSB07170482.wav,2
/USERSPACE/DATASETS/CodecFake/train/F02_SSB18320209.wav,2
/USERSPACE/DATASETS/CodecFake/train/F02_SSB04260364.wav,2
/USERSPACE/DATASETS/CodecFake/train/F02_SSB07840398.wav,2
/USERSPACE/DATASETS/CodecFake/train/F02_SSB01330435.wav,2
/USERSPACE/DATASETS/CodecFake/train/F02_SSB12160423.wav,2
/USERSPACE/DATASETS/CodecFake/train/F02_p265_196.wav,2
/USERSPACE/DATASETS/CodecFake/train/F02_SSB02670414.wav,2
/USERSPACE/DATASETS/CodecFake/train/F02_p311_031.wav,2
/USERSPACE/DATASETS/CodecFake/train/F02_p316_057.wav,2
/USERSPACE/DATASETS/CodecFake/train/F02_p301_355.wav,2
/USERSPACE/DATASETS/CodecFake/train/F02_SSB07020294.wav,2
/USERSPACE/DATASETS/CodecFake/train/F02_p245_181.wav,2
/USERSPACE/DATASETS/CodecFake/train/F02_p266_013.wav,2
/USERSPACE/DATASETS/CodecFake/train/F02_SSB03540354.wav,2
/USERSPACE/DATASETS/CodecFake/train/F02_SSB07230102.wav,2
/USERSPACE/DATASETS/CodecFake/train/F02_SSB01450152.wav,2
/USERSPACE/DATASETS/CodecFake/train/F02_SSB03090164.wav,2
/USERSPACE/DATASETS/CodecFake/train/F02_SSB03820278.wav,2
/USERSPACE/DATASETS/CodecFake/train/F02_SSB02990184.wav,2
/USERSPACE/DATASETS/CodecFake/train/F02_SSB11260036.wav,2
/USERSPACE/DATASETS/CodecFake/train/F02_p245_035.wav,2
/USERSPACE/DATASETS/CodecFake/train/F02_SSB06310037.wav,2
/USERSPACE/DATASETS/CodecFake/train/F02_SSB03380061.wav,2
/USERSPACE/DATASETS/CodecFake/train/F02_p323_335.wav,2
/USERSPACE/DATASETS/CodecFake/train/F02_SSB14570477.wav,2
/USERSPACE/DATASETS/CodecFake/train/F02_SSB10020133.wav,2
/USERSPACE/DATASETS/CodecFake/train/F02_SSB13930330.wav,2
/USERSPACE/DATASETS/CodecFake/train/F02_SSB03160358.wav,2
/USERSPACE/DATASETS/CodecFake/train/F02_SSB07580352.wav,2
/USERSPACE/DATASETS/CodecFake/train/F02_p286_345.wav,2
/USERSPACE/DATASETS/CodecFake/train/F02_p318_040.wav,2
/USERSPACE/DATASETS/CodecFake/train/F02_SSB13650099.wav,2
/USERSPACE/DATASETS/CodecFake/train/F02_p246_163.wav,2
/USERSPACE/DATASETS/CodecFake/train/F02_SSB02670456.wav,2
/USERSPACE/DATASETS/CodecFake/train/F02_SSB03940432.wav,2
/USERSPACE/DATASETS/CodecFake/train/F02_SSB09930502.wav,2
/USERSPACE/DATASETS/CodecFake/train/F02_p330_314.wav,2
/USERSPACE/DATASETS/CodecFake/train/F02_p252_291.wav,2
/USERSPACE/DATASETS/CodecFake/train/F02_SSB04150470.wav,2
/USERSPACE/DATASETS/CodecFake/train/F02_p308_060.wav,2
/USERSPACE/DATASETS/CodecFake/train/F02_SSB09130044.wav,2
/USERSPACE/DATASETS/CodecFake/train/F02_SSB03160251.wav,2
/USERSPACE/DATASETS/CodecFake/train/F02_SSB07460294.wav,2
/USERSPACE/DATASETS/CodecFake/train/F02_p267_086.wav,2
/USERSPACE/DATASETS/CodecFake/train/F02_SSB04270270.wav,2
/USERSPACE/DATASETS/CodecFake/train/F02_p275_249.wav,2
/USERSPACE/DATASETS/CodecFake/train/F02_SSB03410092.wav,2
/USERSPACE/DATASETS/CodecFake/train/F02_SSB09130013.wav,2
/USERSPACE/DATASETS/CodecFake/train/F02_SSB05700005.wav,2
/USERSPACE/DATASETS/CodecFake/train/F02_p244_068.wav,2
/USERSPACE/DATASETS/CodecFake/train/F02_SSB18280115.wav,2
/USERSPACE/DATASETS/CodecFake/train/F02_p270_442.wav,2
/USERSPACE/DATASETS/CodecFake/train/F02_SSB00050081.wav,2
/USERSPACE/DATASETS/CodecFake/train/F02_SSB01120105.wav,2
/USERSPACE/DATASETS/CodecFake/train/F02_SSB03390481.wav,2
/USERSPACE/DATASETS/CodecFake/train/F02_SSB02990253.wav,2
/USERSPACE/DATASETS/CodecFake/train/F02_SSB14520113.wav,2
/USERSPACE/DATASETS/CodecFake/train/F02_SSB00330320.wav,2
/USERSPACE/DATASETS/CodecFake/train/F02_SSB03090189.wav,2
/USERSPACE/DATASETS/CodecFake/train/F02_SSB07510408.wav,2
/USERSPACE/DATASETS/CodecFake/train/F02_p251_203.wav,2
/USERSPACE/DATASETS/CodecFake/train/F02_p326_164.wav,2
/USERSPACE/DATASETS/CodecFake/train/F02_p282_114.wav,2
/USERSPACE/DATASETS/CodecFake/train/F02_SSB07460010.wav,2
/USERSPACE/DATASETS/CodecFake/train/F02_SSB07510213.wav,2
/USERSPACE/DATASETS/CodecFake/train/F02_SSB14570223.wav,2
/USERSPACE/DATASETS/CodecFake/train/F02_SSB18310213.wav,2
/USERSPACE/DATASETS/CodecFake/train/F02_SSB19020073.wav,2
/USERSPACE/DATASETS/CodecFake/train/F02_SSB10910452.wav,2
/USERSPACE/DATASETS/CodecFake/train/F02_SSB01450206.wav,2
/USERSPACE/DATASETS/CodecFake/train/F02_SSB10200005.wav,2
/USERSPACE/DATASETS/CodecFake/train/F02_p244_356.wav,2
/USERSPACE/DATASETS/CodecFake/train/F02_SSB00110341.wav,2
/USERSPACE/DATASETS/CodecFake/train/F02_p233_306.wav,2
/USERSPACE/DATASETS/CodecFake/train/F02_SSB06660122.wav,2
/USERSPACE/DATASETS/CodecFake/train/F02_p362_057.wav,2
/USERSPACE/DATASETS/CodecFake/train/F02_SSB01330045.wav,2
/USERSPACE/DATASETS/CodecFake/train/F02_p263_423.wav,2
/USERSPACE/DATASETS/CodecFake/train/F02_p335_273.wav,2
/USERSPACE/DATASETS/CodecFake/train/F02_p308_264.wav,2
/USERSPACE/DATASETS/CodecFake/train/F02_p317_255.wav,2
/USERSPACE/DATASETS/CodecFake/train/F02_SSB05390254.wav,2
/USERSPACE/DATASETS/CodecFake/train/F02_SSB11610075.wav,2
/USERSPACE/DATASETS/CodecFake/train/F02_p230_007.wav,2
/USERSPACE/DATASETS/CodecFake/train/F02_p237_111.wav,2
/USERSPACE/DATASETS/CodecFake/train/F02_SSB02460379.wav,2
/USERSPACE/DATASETS/CodecFake/train/F02_SSB13820206.wav,2
/USERSPACE/DATASETS/CodecFake/train/F02_p278_164.wav,2
/USERSPACE/DATASETS/CodecFake/train/F02_p243_243.wav,2
/USERSPACE/DATASETS/CodecFake/train/F02_SSB07620241.wav,2
/USERSPACE/DATASETS/CodecFake/train/F02_SSB07780094.wav,2
/USERSPACE/DATASETS/CodecFake/train/F02_SSB06090001.wav,2
/USERSPACE/DATASETS/CodecFake/train/F02_p257_322.wav,2
/USERSPACE/DATASETS/CodecFake/train/F02_SSB19390399.wav,2
/USERSPACE/DATASETS/CodecFake/train/F02_p266_124.wav,2
/USERSPACE/DATASETS/CodecFake/train/F02_SSB05880342.wav,2
/USERSPACE/DATASETS/CodecFake/train/F02_p229_080.wav,2
/USERSPACE/DATASETS/CodecFake/train/F02_SSB19350289.wav,2
/USERSPACE/DATASETS/CodecFake/train/F02_SSB10020047.wav,2
/USERSPACE/DATASETS/CodecFake/train/F02_SSB07110080.wav,2
/USERSPACE/DATASETS/CodecFake/train/F02_SSB13400203.wav,2
/USERSPACE/DATASETS/CodecFake/train/F02_p259_358.wav,2
/USERSPACE/DATASETS/CodecFake/train/F02_SSB11080418.wav,2
/USERSPACE/DATASETS/CodecFake/train/F02_p264_212.wav,2
/USERSPACE/DATASETS/CodecFake/train/F02_SSB15930257.wav,2
/USERSPACE/DATASETS/CodecFake/train/F02_SSB07370067.wav,2
/USERSPACE/DATASETS/CodecFake/train/F02_SSB16700155.wav,2
/USERSPACE/DATASETS/CodecFake/train/F02_SSB00800328.wav,2
/USERSPACE/DATASETS/CodecFake/train/F02_SSB07940142.wav,2
/USERSPACE/DATASETS/CodecFake/train/F02_p238_242.wav,2
/USERSPACE/DATASETS/CodecFake/train/F02_SSB03940402.wav,2
/USERSPACE/DATASETS/CodecFake/train/F02_SSB08710366.wav,2
/USERSPACE/DATASETS/CodecFake/train/F02_p317_039.wav,2
/USERSPACE/DATASETS/CodecFake/train/F02_SSB06680086.wav,2
/USERSPACE/DATASETS/CodecFake/train/F02_SSB07370445.wav,2
/USERSPACE/DATASETS/CodecFake/train/F02_p303_138.wav,2
/USERSPACE/DATASETS/CodecFake/train/F02_SSB06310294.wav,2
/USERSPACE/DATASETS/CodecFake/train/F02_SSB16990183.wav,2
/USERSPACE/DATASETS/CodecFake/train/F02_SSB03410385.wav,2
/USERSPACE/DATASETS/CodecFake/train/F02_SSB07230007.wav,2
/USERSPACE/DATASETS/CodecFake/train/F02_p268_397.wav,2
/USERSPACE/DATASETS/CodecFake/train/F02_p261_088.wav,2
/USERSPACE/DATASETS/CodecFake/train/F02_SSB07170187.wav,2
/USERSPACE/DATASETS/CodecFake/train/F02_SSB12030396.wav,2
/USERSPACE/DATASETS/CodecFake/train/F02_SSB07490256.wav,2
/USERSPACE/DATASETS/CodecFake/train/F02_p304_189.wav,2
/USERSPACE/DATASETS/CodecFake/train/F02_SSB06090436.wav,2
/USERSPACE/DATASETS/CodecFake/train/F02_p225_203.wav,2
/USERSPACE/DATASETS/CodecFake/train/F02_SSB03930156.wav,2
/USERSPACE/DATASETS/CodecFake/train/F02_p272_098.wav,2
/USERSPACE/DATASETS/CodecFake/train/F02_SSB10020380.wav,2
/USERSPACE/DATASETS/CodecFake/train/F02_SSB13830390.wav,2
/USERSPACE/DATASETS/CodecFake/train/F02_p270_100.wav,2
/USERSPACE/DATASETS/CodecFake/train/F02_p345_161.wav,2
/USERSPACE/DATASETS/CodecFake/train/F02_p272_066.wav,2
/USERSPACE/DATASETS/CodecFake/train/F02_SSB18310306.wav,2
/USERSPACE/DATASETS/CodecFake/train/F02_p301_192.wav,2
/USERSPACE/DATASETS/CodecFake/train/F02_SSB00050283.wav,2
/USERSPACE/DATASETS/CodecFake/train/F02_SSB05700121.wav,2
/USERSPACE/DATASETS/CodecFake/train/F02_p317_340.wav,2
/USERSPACE/DATASETS/CodecFake/train/F02_p317_280.wav,2
/USERSPACE/DATASETS/CodecFake/train/F02_SSB04340248.wav,2
/USERSPACE/DATASETS/CodecFake/train/F02_SSB01330268.wav,2
/USERSPACE/DATASETS/CodecFake/train/F02_SSB07780175.wav,2
/USERSPACE/DATASETS/CodecFake/train/F02_SSB10080394.wav,2
/USERSPACE/DATASETS/CodecFake/train/F02_SSB15670187.wav,2
/USERSPACE/DATASETS/CodecFake/train/F02_SSB07580171.wav,2
/USERSPACE/DATASETS/CodecFake/train/F02_p279_016.wav,2
/USERSPACE/DATASETS/CodecFake/train/F02_p308_172.wav,2
/USERSPACE/DATASETS/CodecFake/train/F02_SSB19390428.wav,2
/USERSPACE/DATASETS/CodecFake/train/F02_p341_129.wav,2
/USERSPACE/DATASETS/CodecFake/train/F02_SSB13280331.wav,2
/USERSPACE/DATASETS/CodecFake/train/F02_SSB04700182.wav,2
/USERSPACE/DATASETS/CodecFake/train/F02_p310_401.wav,2
/USERSPACE/DATASETS/CodecFake/train/F02_p236_169.wav,2
/USERSPACE/DATASETS/CodecFake/train/F02_p364_175.wav,2
/USERSPACE/DATASETS/CodecFake/train/F02_SSB07580438.wav,2
/USERSPACE/DATASETS/CodecFake/train/F02_SSB06290303.wav,2
/USERSPACE/DATASETS/CodecFake/train/F02_SSB14370143.wav,2
/USERSPACE/DATASETS/CodecFake/train/F02_p267_059.wav,2
/USERSPACE/DATASETS/CodecFake/train/F02_SSB06060196.wav,2
/USERSPACE/DATASETS/CodecFake/train/F02_p275_359.wav,2
/USERSPACE/DATASETS/CodecFake/train/F02_p363_286.wav,2
/USERSPACE/DATASETS/CodecFake/train/F02_SSB13850161.wav,2
/USERSPACE/DATASETS/CodecFake/train/F02_p287_269.wav,2
/USERSPACE/DATASETS/CodecFake/train/F02_SSB18280297.wav,2
/USERSPACE/DATASETS/CodecFake/train/F02_SSB05880264.wav,2
/USERSPACE/DATASETS/CodecFake/train/F02_p263_113.wav,2
/USERSPACE/DATASETS/CodecFake/train/F02_SSB05340438.wav,2
/USERSPACE/DATASETS/CodecFake/train/F02_p311_101.wav,2
/USERSPACE/DATASETS/CodecFake/train/F02_SSB11310054.wav,2
/USERSPACE/DATASETS/CodecFake/train/F02_SSB10500095.wav,2
/USERSPACE/DATASETS/CodecFake/train/F02_SSB02460484.wav,2
/USERSPACE/DATASETS/CodecFake/train/F02_SSB07460058.wav,2
/USERSPACE/DATASETS/CodecFake/train/F02_SSB13220186.wav,2
/USERSPACE/DATASETS/CodecFake/train/F02_p374_204.wav,2
/USERSPACE/DATASETS/CodecFake/train/F02_p262_313.wav,2
/USERSPACE/DATASETS/CodecFake/train/F02_SSB16840458.wav,2
/USERSPACE/DATASETS/CodecFake/train/F02_SSB13400151.wav,2
/USERSPACE/DATASETS/CodecFake/train/F02_p301_395.wav,2
/USERSPACE/DATASETS/CodecFake/train/F02_SSB03230341.wav,2
/USERSPACE/DATASETS/CodecFake/train/F02_SSB07480346.wav,2
/USERSPACE/DATASETS/CodecFake/train/F02_SSB13850308.wav,2
/USERSPACE/DATASETS/CodecFake/train/F02_SSB15670228.wav,2
/USERSPACE/DATASETS/CodecFake/train/F02_SSB16840375.wav,2
/USERSPACE/DATASETS/CodecFake/train/F02_p240_087.wav,2
/USERSPACE/DATASETS/CodecFake/train/F02_SSB03410427.wav,2
/USERSPACE/DATASETS/CodecFake/train/F02_SSB07200460.wav,2
/USERSPACE/DATASETS/CodecFake/train/F02_SSB06230444.wav,2
/USERSPACE/DATASETS/CodecFake/train/F02_p336_328.wav,2
/USERSPACE/DATASETS/CodecFake/train/F02_SSB03070163.wav,2
/USERSPACE/DATASETS/CodecFake/train/F02_p351_411.wav,2
/USERSPACE/DATASETS/CodecFake/train/F02_SSB00120034.wav,2
/USERSPACE/DATASETS/CodecFake/train/F02_SSB03070025.wav,2
/USERSPACE/DATASETS/CodecFake/train/F02_p293_317.wav,2
/USERSPACE/DATASETS/CodecFake/train/F02_p330_012.wav,2
/USERSPACE/DATASETS/CodecFake/train/F02_p270_026.wav,2
/USERSPACE/DATASETS/CodecFake/train/F02_SSB13220095.wav,2
/USERSPACE/DATASETS/CodecFake/train/F02_SSB05350401.wav,2
/USERSPACE/DATASETS/CodecFake/train/F02_SSB03410053.wav,2
/USERSPACE/DATASETS/CodecFake/train/F02_SSB10720073.wav,2
/USERSPACE/DATASETS/CodecFake/train/F02_SSB10010423.wav,2
/USERSPACE/DATASETS/CodecFake/train/F02_SSB07230179.wav,2
/USERSPACE/DATASETS/CodecFake/train/F02_SSB01490169.wav,2
/USERSPACE/DATASETS/CodecFake/train/F02_p318_318.wav,2
/USERSPACE/DATASETS/CodecFake/train/F02_p284_056.wav,2
/USERSPACE/DATASETS/CodecFake/train/F02_SSB07510140.wav,2
/USERSPACE/DATASETS/CodecFake/train/F02_SSB03820036.wav,2
/USERSPACE/DATASETS/CodecFake/train/F02_SSB16070227.wav,2
/USERSPACE/DATASETS/CodecFake/train/F02_p237_053.wav,2
/USERSPACE/DATASETS/CodecFake/train/F02_SSB07800200.wav,2
/USERSPACE/DATASETS/CodecFake/train/F02_p341_125.wav,2
/USERSPACE/DATASETS/CodecFake/train/F02_SSB11970386.wav,2
/USERSPACE/DATASETS/CodecFake/train/F02_SSB12210326.wav,2
/USERSPACE/DATASETS/CodecFake/train/F02_p248_201.wav,2
/USERSPACE/DATASETS/CodecFake/train/F02_p284_030.wav,2
/USERSPACE/DATASETS/CodecFake/train/F02_SSB11100354.wav,2
/USERSPACE/DATASETS/CodecFake/train/F02_SSB02990444.wav,2
/USERSPACE/DATASETS/CodecFake/train/F02_p229_167.wav,2
/USERSPACE/DATASETS/CodecFake/train/F02_SSB11310180.wav,2
/USERSPACE/DATASETS/CodecFake/train/F02_SSB14020386.wav,2
/USERSPACE/DATASETS/CodecFake/train/F02_p304_228.wav,2
/USERSPACE/DATASETS/CodecFake/train/F02_SSB01450480.wav,2
/USERSPACE/DATASETS/CodecFake/train/F02_SSB11610126.wav,2
/USERSPACE/DATASETS/CodecFake/train/F02_p310_154.wav,2
/USERSPACE/DATASETS/CodecFake/train/F02_p248_052.wav,2
/USERSPACE/DATASETS/CodecFake/train/F02_p226_337.wav,2
/USERSPACE/DATASETS/CodecFake/train/F02_p230_317.wav,2
/USERSPACE/DATASETS/CodecFake/train/F02_SSB04700151.wav,2
/USERSPACE/DATASETS/CodecFake/train/F02_p360_095.wav,2
/USERSPACE/DATASETS/CodecFake/train/F02_SSB03410048.wav,2
/USERSPACE/DATASETS/CodecFake/train/F02_SSB13410470.wav,2
/USERSPACE/DATASETS/CodecFake/train/F02_p226_267.wav,2
/USERSPACE/DATASETS/CodecFake/train/F02_SSB18630411.wav,2
/USERSPACE/DATASETS/CodecFake/train/F02_p257_381.wav,2
/USERSPACE/DATASETS/CodecFake/train/F02_p302_200.wav,2
/USERSPACE/DATASETS/CodecFake/train/F02_SSB06030354.wav,2
/USERSPACE/DATASETS/CodecFake/train/F02_p259_282.wav,2
/USERSPACE/DATASETS/CodecFake/train/F02_SSB05900490.wav,2
/USERSPACE/DATASETS/CodecFake/train/F02_SSB07020209.wav,2
/USERSPACE/DATASETS/CodecFake/train/F02_SSB00090300.wav,2
/USERSPACE/DATASETS/CodecFake/train/F02_SSB04070226.wav,2
/USERSPACE/DATASETS/CodecFake/train/F02_SSB16240027.wav,2
/USERSPACE/DATASETS/CodecFake/train/F02_SSB15630034.wav,2
/USERSPACE/DATASETS/CodecFake/train/F02_SSB01120266.wav,2
/USERSPACE/DATASETS/CodecFake/train/F02_SSB14520172.wav,2
/USERSPACE/DATASETS/CodecFake/train/F02_SSB12390402.wav,2
/USERSPACE/DATASETS/CodecFake/train/F02_SSB05350049.wav,2
/USERSPACE/DATASETS/CodecFake/train/F02_SSB11360054.wav,2
/USERSPACE/DATASETS/CodecFake/train/F02_SSB18280190.wav,2
/USERSPACE/DATASETS/CodecFake/train/F02_SSB05340041.wav,2
/USERSPACE/DATASETS/CodecFake/train/F02_p303_127.wav,2
/USERSPACE/DATASETS/CodecFake/train/F02_p301_324.wav,2
/USERSPACE/DATASETS/CodecFake/train/F02_p273_130.wav,2
/USERSPACE/DATASETS/CodecFake/train/F02_p259_460.wav,2
/USERSPACE/DATASETS/CodecFake/train/F02_SSB01490318.wav,2
/USERSPACE/DATASETS/CodecFake/train/F02_SSB00090382.wav,2
/USERSPACE/DATASETS/CodecFake/train/F02_SSB06030069.wav,2
/USERSPACE/DATASETS/CodecFake/train/F02_SSB04340361.wav,2
/USERSPACE/DATASETS/CodecFake/train/F02_p254_259.wav,2
/USERSPACE/DATASETS/CodecFake/train/F02_SSB12180008.wav,2
/USERSPACE/DATASETS/CodecFake/train/F02_SSB13410473.wav,2
/USERSPACE/DATASETS/CodecFake/train/F02_SSB01450401.wav,2
/USERSPACE/DATASETS/CodecFake/train/F02_p292_137.wav,2
/USERSPACE/DATASETS/CodecFake/train/F02_p304_134.wav,2
/USERSPACE/DATASETS/CodecFake/train/F02_p247_214.wav,2
/USERSPACE/DATASETS/CodecFake/train/F02_p275_299.wav,2
/USERSPACE/DATASETS/CodecFake/train/F02_SSB02000347.wav,2
/USERSPACE/DATASETS/CodecFake/train/F02_SSB06290442.wav,2
/USERSPACE/DATASETS/CodecFake/train/F02_p318_216.wav,2
/USERSPACE/DATASETS/CodecFake/train/F02_SSB08870377.wav,2
/USERSPACE/DATASETS/CodecFake/train/F02_SSB01330158.wav,2
/USERSPACE/DATASETS/CodecFake/train/F02_p279_009.wav,2
/USERSPACE/DATASETS/CodecFake/train/F02_SSB03660407.wav,2
/USERSPACE/DATASETS/CodecFake/train/F02_p234_313.wav,2
/USERSPACE/DATASETS/CodecFake/train/F02_SSB15630264.wav,2
/USERSPACE/DATASETS/CodecFake/train/F02_p307_207.wav,2
/USERSPACE/DATASETS/CodecFake/train/F02_p271_366.wav,2
/USERSPACE/DATASETS/CodecFake/train/F02_SSB18910128.wav,2
/USERSPACE/DATASETS/CodecFake/train/F02_SSB03660290.wav,2
/USERSPACE/DATASETS/CodecFake/train/F02_SSB02880442.wav,2
/USERSPACE/DATASETS/CodecFake/train/F02_SSB18370221.wav,2
/USERSPACE/DATASETS/CodecFake/train/F02_p250_173.wav,2
/USERSPACE/DATASETS/CodecFake/train/F02_SSB12530024.wav,2
/USERSPACE/DATASETS/CodecFake/train/F02_SSB02410090.wav,2
/USERSPACE/DATASETS/CodecFake/train/F02_p258_188.wav,2
/USERSPACE/DATASETS/CodecFake/train/F02_p311_129.wav,2
/USERSPACE/DATASETS/CodecFake/train/F02_p231_419.wav,2
/USERSPACE/DATASETS/CodecFake/train/F02_p360_324.wav,2
/USERSPACE/DATASETS/CodecFake/train/F02_SSB03090209.wav,2
/USERSPACE/DATASETS/CodecFake/train/F02_SSB07940005.wav,2
/USERSPACE/DATASETS/CodecFake/train/F02_SSB13770470.wav,2
/USERSPACE/DATASETS/CodecFake/train/F02_SSB07020254.wav,2
/USERSPACE/DATASETS/CodecFake/train/F02_SSB03410091.wav,2
/USERSPACE/DATASETS/CodecFake/train/F02_SSB12180101.wav,2
/USERSPACE/DATASETS/CodecFake/train/F02_SSB19180027.wav,2
/USERSPACE/DATASETS/CodecFake/train/F02_SSB03070196.wav,2
/USERSPACE/DATASETS/CodecFake/train/F02_p293_057.wav,2
/USERSPACE/DATASETS/CodecFake/train/F02_SSB18310147.wav,2
/USERSPACE/DATASETS/CodecFake/train/F02_SSB05440480.wav,2
/USERSPACE/DATASETS/CodecFake/train/F02_SSB13770107.wav,2
/USERSPACE/DATASETS/CodecFake/train/F02_p283_106.wav,2
/USERSPACE/DATASETS/CodecFake/train/F02_p266_250.wav,2
/USERSPACE/DATASETS/CodecFake/train/F02_p236_126.wav,2
/USERSPACE/DATASETS/CodecFake/train/F02_p246_058.wav,2
/USERSPACE/DATASETS/CodecFake/train/F02_SSB05020002.wav,2
/USERSPACE/DATASETS/CodecFake/train/F02_p254_232.wav,2
/USERSPACE/DATASETS/CodecFake/train/F02_SSB00730137.wav,2
/USERSPACE/DATASETS/CodecFake/train/F02_SSB06140414.wav,2
/USERSPACE/DATASETS/CodecFake/train/F02_SSB08710105.wav,2
/USERSPACE/DATASETS/CodecFake/train/F02_p226_192.wav,2
/USERSPACE/DATASETS/CodecFake/train/F02_SSB02670459.wav,2
/USERSPACE/DATASETS/CodecFake/train/F02_p298_337.wav,2
/USERSPACE/DATASETS/CodecFake/train/F02_SSB19180069.wav,2
/USERSPACE/DATASETS/CodecFake/train/F02_SSB18060435.wav,2
/USERSPACE/DATASETS/CodecFake/train/F02_SSB16700053.wav,2
/USERSPACE/DATASETS/CodecFake/train/F02_p326_264.wav,2
/USERSPACE/DATASETS/CodecFake/train/F02_SSB12390179.wav,2
/USERSPACE/DATASETS/CodecFake/train/F02_SSB10080408.wav,2
/USERSPACE/DATASETS/CodecFake/train/F02_SSB11100352.wav,2
/USERSPACE/DATASETS/CodecFake/train/F02_SSB13930183.wav,2
/USERSPACE/DATASETS/CodecFake/train/F02_SSB12530202.wav,2
/USERSPACE/DATASETS/CodecFake/train/F02_p305_187.wav,2
/USERSPACE/DATASETS/CodecFake/train/F02_SSB07490049.wav,2
/USERSPACE/DATASETS/CodecFake/train/F02_SSB06680202.wav,2
/USERSPACE/DATASETS/CodecFake/train/F02_SSB02990475.wav,2
/USERSPACE/DATASETS/CodecFake/train/F02_SSB00330236.wav,2
/USERSPACE/DATASETS/CodecFake/train/F02_p362_197.wav,2
/USERSPACE/DATASETS/CodecFake/train/F02_SSB07370280.wav,2
/USERSPACE/DATASETS/CodecFake/train/F02_p277_350.wav,2
/USERSPACE/DATASETS/CodecFake/train/F02_SSB07580189.wav,2
/USERSPACE/DATASETS/CodecFake/train/F02_p258_277.wav,2
/USERSPACE/DATASETS/CodecFake/train/F02_p288_002.wav,2
/USERSPACE/DATASETS/CodecFake/train/F02_SSB13990465.wav,2
/USERSPACE/DATASETS/CodecFake/train/F02_p339_261.wav,2
/USERSPACE/DATASETS/CodecFake/train/F02_SSB16840391.wav,2
/USERSPACE/DATASETS/CodecFake/train/F02_SSB05880262.wav,2
/USERSPACE/DATASETS/CodecFake/train/F02_SSB12530059.wav,2
/USERSPACE/DATASETS/CodecFake/train/F02_SSB07840451.wav,2
/USERSPACE/DATASETS/CodecFake/train/F02_p343_383.wav,2
/USERSPACE/DATASETS/CodecFake/train/F02_SSB03750186.wav,2
/USERSPACE/DATASETS/CodecFake/train/F02_p334_254.wav,2
/USERSPACE/DATASETS/CodecFake/train/F02_SSB07490210.wav,2
/USERSPACE/DATASETS/CodecFake/train/F02_SSB01970305.wav,2
/USERSPACE/DATASETS/CodecFake/train/F02_SSB18090208.wav,2
/USERSPACE/DATASETS/CodecFake/train/F02_SSB10560281.wav,2
/USERSPACE/DATASETS/CodecFake/train/F02_SSB01330335.wav,2
/USERSPACE/DATASETS/CodecFake/train/F02_SSB08710468.wav,2
/USERSPACE/DATASETS/CodecFake/train/F02_p305_059.wav,2
/USERSPACE/DATASETS/CodecFake/train/F02_SSB18910321.wav,2
/USERSPACE/DATASETS/CodecFake/train/F02_SSB06710281.wav,2
/USERSPACE/DATASETS/CodecFake/train/F02_p273_041.wav,2
/USERSPACE/DATASETS/CodecFake/train/F02_SSB16700278.wav,2
/USERSPACE/DATASETS/CodecFake/train/F02_SSB03850118.wav,2
/USERSPACE/DATASETS/CodecFake/train/F02_SSB05440296.wav,2
/USERSPACE/DATASETS/CodecFake/train/F02_SSB05940221.wav,2
/USERSPACE/DATASETS/CodecFake/train/F02_SSB18910214.wav,2
/USERSPACE/DATASETS/CodecFake/train/F02_p236_411.wav,2
/USERSPACE/DATASETS/CodecFake/train/F02_SSB01390450.wav,2
/USERSPACE/DATASETS/CodecFake/train/F02_SSB00050002.wav,2
/USERSPACE/DATASETS/CodecFake/train/F02_SSB00730086.wav,2
/USERSPACE/DATASETS/CodecFake/train/F02_SSB07840292.wav,2
/USERSPACE/DATASETS/CodecFake/train/F02_p268_172.wav,2
/USERSPACE/DATASETS/CodecFake/train/F02_p264_402.wav,2
/USERSPACE/DATASETS/CodecFake/train/F02_SSB07510069.wav,2
/USERSPACE/DATASETS/CodecFake/train/F02_SSB03790337.wav,2
/USERSPACE/DATASETS/CodecFake/train/F02_p260_313.wav,2
/USERSPACE/DATASETS/CodecFake/train/F02_SSB09130204.wav,2
/USERSPACE/DATASETS/CodecFake/train/F02_SSB05940120.wav,2
/USERSPACE/DATASETS/CodecFake/train/F02_SSB14080140.wav,2
/USERSPACE/DATASETS/CodecFake/train/F02_SSB19390297.wav,2
/USERSPACE/DATASETS/CodecFake/train/F02_p297_137.wav,2
/USERSPACE/DATASETS/CodecFake/train/F02_p298_017.wav,2
/USERSPACE/DATASETS/CodecFake/train/F02_SSB02870307.wav,2
/USERSPACE/DATASETS/CodecFake/train/F02_SSB18910084.wav,2
/USERSPACE/DATASETS/CodecFake/train/F02_SSB10560103.wav,2
/USERSPACE/DATASETS/CodecFake/train/F02_p263_262.wav,2
/USERSPACE/DATASETS/CodecFake/train/F02_SSB03800130.wav,2
/USERSPACE/DATASETS/CodecFake/train/F02_SSB15630504.wav,2
/USERSPACE/DATASETS/CodecFake/train/F02_SSB07230304.wav,2
/USERSPACE/DATASETS/CodecFake/train/F02_p254_163.wav,2
/USERSPACE/DATASETS/CodecFake/train/F02_p241_164.wav,2
/USERSPACE/DATASETS/CodecFake/train/F02_SSB11380400.wav,2
/USERSPACE/DATASETS/CodecFake/train/F02_p252_378.wav,2
/USERSPACE/DATASETS/CodecFake/train/F02_SSB05940069.wav,2
/USERSPACE/DATASETS/CodecFake/train/F02_SSB04820290.wav,2
/USERSPACE/DATASETS/CodecFake/train/F02_p340_352.wav,2
/USERSPACE/DATASETS/CodecFake/train/F02_SSB05780166.wav,2
/USERSPACE/DATASETS/CodecFake/train/F02_SSB05390307.wav,2
/USERSPACE/DATASETS/CodecFake/train/F02_p340_369.wav,2
/USERSPACE/DATASETS/CodecFake/train/F02_p329_322.wav,2
/USERSPACE/DATASETS/CodecFake/train/F02_p225_244.wav,2
/USERSPACE/DATASETS/CodecFake/train/F02_SSB02730248.wav,2
/USERSPACE/DATASETS/CodecFake/train/F02_SSB07600258.wav,2
/USERSPACE/DATASETS/CodecFake/train/F02_p243_070.wav,2
/USERSPACE/DATASETS/CodecFake/train/F02_SSB03820248.wav,2
/USERSPACE/DATASETS/CodecFake/train/F02_SSB07360503.wav,2
/USERSPACE/DATASETS/CodecFake/train/F02_SSB03410312.wav,2
/USERSPACE/DATASETS/CodecFake/train/F02_p275_200.wav,2
/USERSPACE/DATASETS/CodecFake/train/F02_SSB03660502.wav,2
/USERSPACE/DATASETS/CodecFake/train/F02_SSB03660210.wav,2
/USERSPACE/DATASETS/CodecFake/train/F02_SSB00730310.wav,2
/USERSPACE/DATASETS/CodecFake/train/F02_p275_423.wav,2
/USERSPACE/DATASETS/CodecFake/train/F02_SSB11350106.wav,2
/USERSPACE/DATASETS/CodecFake/train/F02_SSB14020126.wav,2
/USERSPACE/DATASETS/CodecFake/train/F02_SSB11000121.wav,2
/USERSPACE/DATASETS/CodecFake/train/F02_SSB01120455.wav,2
/USERSPACE/DATASETS/CodecFake/train/F02_SSB01970280.wav,2
/USERSPACE/DATASETS/CodecFake/train/F02_p283_290.wav,2
/USERSPACE/DATASETS/CodecFake/train/F02_SSB05780272.wav,2
/USERSPACE/DATASETS/CodecFake/train/F02_SSB13830146.wav,2
/USERSPACE/DATASETS/CodecFake/train/F02_SSB03380250.wav,2
/USERSPACE/DATASETS/CodecFake/train/F02_SSB00160429.wav,2
/USERSPACE/DATASETS/CodecFake/train/F02_SSB03800444.wav,2
/USERSPACE/DATASETS/CodecFake/train/F02_p362_331.wav,2
/USERSPACE/DATASETS/CodecFake/train/F02_SSB02870084.wav,2
/USERSPACE/DATASETS/CodecFake/train/F02_p326_392.wav,2
/USERSPACE/DATASETS/CodecFake/train/F02_SSB10200195.wav,2
/USERSPACE/DATASETS/CodecFake/train/F02_SSB05340177.wav,2
/USERSPACE/DATASETS/CodecFake/train/F02_SSB07110442.wav,2
/USERSPACE/DATASETS/CodecFake/train/F02_p340_135.wav,2
/USERSPACE/DATASETS/CodecFake/train/F02_SSB00800370.wav,2
/USERSPACE/DATASETS/CodecFake/train/F02_p263_265.wav,2
/USERSPACE/DATASETS/CodecFake/train/F02_SSB03230114.wav,2
/USERSPACE/DATASETS/CodecFake/train/F02_SSB07160053.wav,2
/USERSPACE/DATASETS/CodecFake/train/F02_SSB04070301.wav,2
/USERSPACE/DATASETS/CodecFake/train/F02_p286_233.wav,2
/USERSPACE/DATASETS/CodecFake/train/F02_SSB03950097.wav,2
/USERSPACE/DATASETS/CodecFake/train/F02_SSB03850242.wav,2
/USERSPACE/DATASETS/CodecFake/train/F02_p243_259.wav,2
/USERSPACE/DATASETS/CodecFake/train/F02_SSB00430111.wav,2
/USERSPACE/DATASETS/CodecFake/train/F02_p244_331.wav,2
/USERSPACE/DATASETS/CodecFake/train/F02_p232_017.wav,2
/USERSPACE/DATASETS/CodecFake/train/F02_p233_304.wav,2
/USERSPACE/DATASETS/CodecFake/train/F02_SSB16250298.wav,2
/USERSPACE/DATASETS/CodecFake/train/F02_SSB08510227.wav,2
/USERSPACE/DATASETS/CodecFake/train/F02_p248_176.wav,2
/USERSPACE/DATASETS/CodecFake/train/F02_SSB19390382.wav,2
/USERSPACE/DATASETS/CodecFake/train/F02_p315_281.wav,2
/USERSPACE/DATASETS/CodecFake/train/F02_p232_108.wav,2
/USERSPACE/DATASETS/CodecFake/train/F02_SSB00110055.wav,2
/USERSPACE/DATASETS/CodecFake/train/F02_p326_288.wav,2
/USERSPACE/DATASETS/CodecFake/train/F02_SSB11080048.wav,2
/USERSPACE/DATASETS/CodecFake/train/F02_p326_230.wav,2
/USERSPACE/DATASETS/CodecFake/train/F02_SSB04260197.wav,2
/USERSPACE/DATASETS/CodecFake/train/F02_SSB11870479.wav,2
/USERSPACE/DATASETS/CodecFake/train/F02_SSB01330412.wav,2
/USERSPACE/DATASETS/CodecFake/train/F02_SSB03090085.wav,2
/USERSPACE/DATASETS/CodecFake/train/F02_SSB02670503.wav,2
/USERSPACE/DATASETS/CodecFake/train/F02_p281_376.wav,2
/USERSPACE/DATASETS/CodecFake/train/F02_p288_194.wav,2
/USERSPACE/DATASETS/CodecFake/train/F02_p363_186.wav,2
/USERSPACE/DATASETS/CodecFake/train/F02_SSB09870373.wav,2
/USERSPACE/DATASETS/CodecFake/train/F02_SSB08090394.wav,2
/USERSPACE/DATASETS/CodecFake/train/F02_SSB11000302.wav,2
/USERSPACE/DATASETS/CodecFake/train/F02_SSB12180361.wav,2
/USERSPACE/DATASETS/CodecFake/train/F02_SSB04270485.wav,2
/USERSPACE/DATASETS/CodecFake/train/F02_SSB16840218.wav,2
/USERSPACE/DATASETS/CodecFake/train/F02_SSB12210190.wav,2
/USERSPACE/DATASETS/CodecFake/train/F02_SSB09350038.wav,2
/USERSPACE/DATASETS/CodecFake/train/F02_SSB13820112.wav,2
/USERSPACE/DATASETS/CodecFake/train/F02_p295_209.wav,2
/USERSPACE/DATASETS/CodecFake/train/F02_SSB08710163.wav,2
/USERSPACE/DATASETS/CodecFake/train/F02_SSB11360367.wav,2
/USERSPACE/DATASETS/CodecFake/train/F02_SSB06290452.wav,2
/USERSPACE/DATASETS/CodecFake/train/F02_SSB07940331.wav,2
/USERSPACE/DATASETS/CodecFake/train/F02_SSB01450121.wav,2
/USERSPACE/DATASETS/CodecFake/train/F02_SSB09190089.wav,2
/USERSPACE/DATASETS/CodecFake/train/F02_SSB03540133.wav,2
/USERSPACE/DATASETS/CodecFake/train/F02_p253_091.wav,2
/USERSPACE/DATASETS/CodecFake/train/F02_p347_261.wav,2
/USERSPACE/DATASETS/CodecFake/train/F02_SSB06060489.wav,2
/USERSPACE/DATASETS/CodecFake/train/F02_SSB13280242.wav,2
/USERSPACE/DATASETS/CodecFake/train/F02_p339_420.wav,2
/USERSPACE/DATASETS/CodecFake/train/F02_SSB07480148.wav,2
/USERSPACE/DATASETS/CodecFake/train/F02_p360_363.wav,2
/USERSPACE/DATASETS/CodecFake/train/F02_SSB10640236.wav,2
/USERSPACE/DATASETS/CodecFake/train/F02_SSB14570440.wav,2
/USERSPACE/DATASETS/CodecFake/train/F02_SSB00160433.wav,2
/USERSPACE/DATASETS/CodecFake/train/F02_SSB15930358.wav,2
/USERSPACE/DATASETS/CodecFake/train/F02_SSB07460399.wav,2
/USERSPACE/DATASETS/CodecFake/train/F02_SSB11360065.wav,2
/USERSPACE/DATASETS/CodecFake/train/F02_SSB03540011.wav,2
/USERSPACE/DATASETS/CodecFake/train/F02_p288_357.wav,2
/USERSPACE/DATASETS/CodecFake/train/F02_p281_025.wav,2
/USERSPACE/DATASETS/CodecFake/train/F02_SSB10720099.wav,2
/USERSPACE/DATASETS/CodecFake/train/F02_SSB07600053.wav,2
/USERSPACE/DATASETS/CodecFake/train/F02_SSB11350022.wav,2
/USERSPACE/DATASETS/CodecFake/train/F02_p360_250.wav,2
/USERSPACE/DATASETS/CodecFake/train/F02_p234_284.wav,2
/USERSPACE/DATASETS/CodecFake/train/F02_SSB01490311.wav,2
/USERSPACE/DATASETS/CodecFake/train/F02_p256_156.wav,2
/USERSPACE/DATASETS/CodecFake/train/F02_p231_418.wav,2
/USERSPACE/DATASETS/CodecFake/train/F02_SSB03950363.wav,2
/USERSPACE/DATASETS/CodecFake/train/F02_SSB05650467.wav,2
/USERSPACE/DATASETS/CodecFake/train/F02_SSB10640278.wav,2
/USERSPACE/DATASETS/CodecFake/train/F02_SSB15630431.wav,2
/USERSPACE/DATASETS/CodecFake/train/F02_p265_185.wav,2
/USERSPACE/DATASETS/CodecFake/train/F02_p305_132.wav,2
/USERSPACE/DATASETS/CodecFake/train/F02_p232_279.wav,2
/USERSPACE/DATASETS/CodecFake/train/F02_SSB01390109.wav,2
/USERSPACE/DATASETS/CodecFake/train/F02_SSB00800253.wav,2
/USERSPACE/DATASETS/CodecFake/train/F02_SSB07600372.wav,2
/USERSPACE/DATASETS/CodecFake/train/F02_SSB10000347.wav,2
/USERSPACE/DATASETS/CodecFake/train/F02_SSB11260473.wav,2
/USERSPACE/DATASETS/CodecFake/train/F02_SSB09350139.wav,2
/USERSPACE/DATASETS/CodecFake/train/F02_SSB00800471.wav,2
/USERSPACE/DATASETS/CodecFake/train/F02_SSB16860338.wav,2
/USERSPACE/DATASETS/CodecFake/train/F02_SSB07460047.wav,2
/USERSPACE/DATASETS/CodecFake/train/F02_SSB08630073.wav,2
/USERSPACE/DATASETS/CodecFake/train/F02_SSB03160414.wav,2
/USERSPACE/DATASETS/CodecFake/train/F02_p270_298.wav,2
/USERSPACE/DATASETS/CodecFake/train/F02_p240_025.wav,2
/USERSPACE/DATASETS/CodecFake/train/F02_p286_327.wav,2
/USERSPACE/DATASETS/CodecFake/train/F02_p238_035.wav,2
/USERSPACE/DATASETS/CodecFake/train/F02_SSB04820321.wav,2
/USERSPACE/DATASETS/CodecFake/train/F02_SSB02670324.wav,2
/USERSPACE/DATASETS/CodecFake/train/F02_SSB07000195.wav,2
/USERSPACE/DATASETS/CodecFake/train/F02_SSB05390059.wav,2
/USERSPACE/DATASETS/CodecFake/train/F02_SSB06860417.wav,2
/USERSPACE/DATASETS/CodecFake/train/F02_p247_202.wav,2
/USERSPACE/DATASETS/CodecFake/train/F02_SSB00800058.wav,2
/USERSPACE/DATASETS/CodecFake/train/F02_p228_247.wav,2
/USERSPACE/DATASETS/CodecFake/train/F02_SSB16700067.wav,2
/USERSPACE/DATASETS/CodecFake/train/F02_SSB04350415.wav,2
/USERSPACE/DATASETS/CodecFake/train/F02_p363_235.wav,2
/USERSPACE/DATASETS/CodecFake/train/F02_SSB06090356.wav,2
/USERSPACE/DATASETS/CodecFake/train/F02_SSB01390421.wav,2
/USERSPACE/DATASETS/CodecFake/train/F02_p246_181.wav,2
/USERSPACE/DATASETS/CodecFake/train/F02_p264_025.wav,2
/USERSPACE/DATASETS/CodecFake/train/F02_SSB07000068.wav,2
/USERSPACE/DATASETS/CodecFake/train/F02_SSB04340065.wav,2
/USERSPACE/DATASETS/CodecFake/train/F02_p305_135.wav,2
/USERSPACE/DATASETS/CodecFake/train/F02_SSB07510342.wav,2
/USERSPACE/DATASETS/CodecFake/train/F02_p227_110.wav,2
/USERSPACE/DATASETS/CodecFake/train/F02_SSB02460235.wav,2
/USERSPACE/DATASETS/CodecFake/train/F02_SSB18280376.wav,2
/USERSPACE/DATASETS/CodecFake/train/F02_SSB19020196.wav,2
/USERSPACE/DATASETS/CodecFake/train/F02_SSB03850212.wav,2
/USERSPACE/DATASETS/CodecFake/train/F02_SSB15630213.wav,2
/USERSPACE/DATASETS/CodecFake/train/F02_SSB16300107.wav,2
/USERSPACE/DATASETS/CodecFake/train/F02_p347_301.wav,2
/USERSPACE/DATASETS/CodecFake/train/F02_SSB01330049.wav,2
/USERSPACE/DATASETS/CodecFake/train/F02_SSB01390181.wav,2
/USERSPACE/DATASETS/CodecFake/train/F02_p341_100.wav,2
/USERSPACE/DATASETS/CodecFake/train/F02_SSB07110455.wav,2
/USERSPACE/DATASETS/CodecFake/train/F02_SSB03160039.wav,2
/USERSPACE/DATASETS/CodecFake/train/F02_p281_222.wav,2
/USERSPACE/DATASETS/CodecFake/train/F02_p253_256.wav,2
/USERSPACE/DATASETS/CodecFake/train/F02_p270_314.wav,2
/USERSPACE/DATASETS/CodecFake/train/F02_p363_413.wav,2
/USERSPACE/DATASETS/CodecFake/train/F02_SSB05940110.wav,2
/USERSPACE/DATASETS/CodecFake/train/F02_SSB12740195.wav,2
/USERSPACE/DATASETS/CodecFake/train/F02_SSB11250188.wav,2
/USERSPACE/DATASETS/CodecFake/train/F02_SSB08870416.wav,2
/USERSPACE/DATASETS/CodecFake/train/F02_SSB18780158.wav,2
/USERSPACE/DATASETS/CodecFake/train/F02_p293_010.wav,2
/USERSPACE/DATASETS/CodecFake/train/F02_SSB07020307.wav,2
/USERSPACE/DATASETS/CodecFake/train/F02_p236_146.wav,2
/USERSPACE/DATASETS/CodecFake/train/F02_SSB00180186.wav,2
/USERSPACE/DATASETS/CodecFake/train/F02_p268_152.wav,2
/USERSPACE/DATASETS/CodecFake/train/F02_SSB06320123.wav,2
/USERSPACE/DATASETS/CodecFake/train/F02_SSB08630122.wav,2
/USERSPACE/DATASETS/CodecFake/train/F02_p265_310.wav,2
/USERSPACE/DATASETS/CodecFake/train/F02_SSB07490248.wav,2
/USERSPACE/DATASETS/CodecFake/train/F02_p302_108.wav,2
/USERSPACE/DATASETS/CodecFake/train/F02_SSB01930103.wav,2
/USERSPACE/DATASETS/CodecFake/train/F02_SSB08090277.wav,2
/USERSPACE/DATASETS/CodecFake/train/F02_SSB00090321.wav,2
/USERSPACE/DATASETS/CodecFake/train/F02_p308_156.wav,2
/USERSPACE/DATASETS/CodecFake/train/F02_SSB10720152.wav,2
/USERSPACE/DATASETS/CodecFake/train/F02_SSB09870338.wav,2
/USERSPACE/DATASETS/CodecFake/train/F02_SSB14480253.wav,2
/USERSPACE/DATASETS/CodecFake/train/F02_p238_174.wav,2
/USERSPACE/DATASETS/CodecFake/train/F02_SSB12190251.wav,2
/USERSPACE/DATASETS/CodecFake/train/F02_SSB17390210.wav,2
/USERSPACE/DATASETS/CodecFake/train/F02_p300_264.wav,2
/USERSPACE/DATASETS/CodecFake/train/F02_SSB00430211.wav,2
/USERSPACE/DATASETS/CodecFake/train/F02_p335_057.wav,2
/USERSPACE/DATASETS/CodecFake/train/F02_SSB18320423.wav,2
/USERSPACE/DATASETS/CodecFake/train/F02_SSB06320078.wav,2
/USERSPACE/DATASETS/CodecFake/train/F02_SSB04350152.wav,2
/USERSPACE/DATASETS/CodecFake/train/F02_p301_009.wav,2
/USERSPACE/DATASETS/CodecFake/train/F02_SSB08630146.wav,2
/USERSPACE/DATASETS/CodecFake/train/F02_SSB03790486.wav,2
/USERSPACE/DATASETS/CodecFake/train/F02_p362_227.wav,2
/USERSPACE/DATASETS/CodecFake/train/F02_SSB13410437.wav,2
/USERSPACE/DATASETS/CodecFake/train/F02_SSB04340441.wav,2
/USERSPACE/DATASETS/CodecFake/train/F02_p280_390.wav,2
/USERSPACE/DATASETS/CodecFake/train/F02_p276_372.wav,2
/USERSPACE/DATASETS/CodecFake/train/F02_p264_072.wav,2
/USERSPACE/DATASETS/CodecFake/train/F02_p361_155.wav,2
/USERSPACE/DATASETS/CodecFake/train/F02_p276_261.wav,2
/USERSPACE/DATASETS/CodecFake/train/F02_p231_404.wav,2
/USERSPACE/DATASETS/CodecFake/train/F02_SSB19020361.wav,2
/USERSPACE/DATASETS/CodecFake/train/F02_p232_252.wav,2
/USERSPACE/DATASETS/CodecFake/train/F02_SSB02730189.wav,2
/USERSPACE/DATASETS/CodecFake/train/F02_p254_015.wav,2
/USERSPACE/DATASETS/CodecFake/train/F02_SSB03930243.wav,2
/USERSPACE/DATASETS/CodecFake/train/F02_SSB11100150.wav,2
/USERSPACE/DATASETS/CodecFake/train/F02_SSB16070007.wav,2
/USERSPACE/DATASETS/CodecFake/train/F02_SSB13770473.wav,2
/USERSPACE/DATASETS/CodecFake/train/F02_p265_071.wav,2
/USERSPACE/DATASETS/CodecFake/train/F02_p316_402.wav,2
/USERSPACE/DATASETS/CodecFake/train/F02_SSB00050060.wav,2
/USERSPACE/DATASETS/CodecFake/train/F02_SSB15550017.wav,2
/USERSPACE/DATASETS/CodecFake/train/F02_SSB11350115.wav,2
/USERSPACE/DATASETS/CodecFake/train/F02_SSB08510249.wav,2
/USERSPACE/DATASETS/CodecFake/train/F02_p239_498.wav,2
/USERSPACE/DATASETS/CodecFake/train/F02_SSB06680356.wav,2
/USERSPACE/DATASETS/CodecFake/train/F02_p281_384.wav,2
/USERSPACE/DATASETS/CodecFake/train/F02_SSB00090339.wav,2
/USERSPACE/DATASETS/CodecFake/train/F02_p300_347.wav,2
/USERSPACE/DATASETS/CodecFake/train/F02_SSB06310358.wav,2
/USERSPACE/DATASETS/CodecFake/train/F02_SSB06930243.wav,2
/USERSPACE/DATASETS/CodecFake/train/F02_p259_076.wav,2
/USERSPACE/DATASETS/CodecFake/train/F02_p236_467.wav,2
/USERSPACE/DATASETS/CodecFake/train/F02_SSB12180446.wav,2
/USERSPACE/DATASETS/CodecFake/train/F02_SSB05900250.wav,2
/USERSPACE/DATASETS/CodecFake/train/F02_p266_342.wav,2
/USERSPACE/DATASETS/CodecFake/train/F02_SSB11150258.wav,2
/USERSPACE/DATASETS/CodecFake/train/F02_SSB11380416.wav,2
/USERSPACE/DATASETS/CodecFake/train/F02_p336_304.wav,2
/USERSPACE/DATASETS/CodecFake/train/F02_SSB11970186.wav,2
/USERSPACE/DATASETS/CodecFake/train/F02_SSB00380156.wav,2
/USERSPACE/DATASETS/CodecFake/train/F02_SSB06660275.wav,2
/USERSPACE/DATASETS/CodecFake/train/F02_p273_141.wav,2
/USERSPACE/DATASETS/CodecFake/train/F02_SSB05780118.wav,2
/USERSPACE/DATASETS/CodecFake/train/F02_SSB09870029.wav,2
/USERSPACE/DATASETS/CodecFake/train/F02_SSB01450088.wav,2
/USERSPACE/DATASETS/CodecFake/train/F02_SSB18910455.wav,2
/USERSPACE/DATASETS/CodecFake/train/F02_p243_287.wav,2
/USERSPACE/DATASETS/CodecFake/train/F02_SSB16990380.wav,2
/USERSPACE/DATASETS/CodecFake/train/F02_SSB11250201.wav,2
/USERSPACE/DATASETS/CodecFake/train/F02_SSB03390084.wav,2
/USERSPACE/DATASETS/CodecFake/train/F02_SSB02000139.wav,2
/USERSPACE/DATASETS/CodecFake/train/F02_SSB00050224.wav,2
/USERSPACE/DATASETS/CodecFake/train/F02_p259_262.wav,2
/USERSPACE/DATASETS/CodecFake/train/F02_SSB00730486.wav,2
/USERSPACE/DATASETS/CodecFake/train/F02_SSB02870333.wav,2
/USERSPACE/DATASETS/CodecFake/train/F02_p274_311.wav,2
/USERSPACE/DATASETS/CodecFake/train/F02_SSB06030291.wav,2
/USERSPACE/DATASETS/CodecFake/train/F02_SSB03790258.wav,2
/USERSPACE/DATASETS/CodecFake/train/F02_SSB10240257.wav,2
/USERSPACE/DATASETS/CodecFake/train/F02_p261_427.wav,2
/USERSPACE/DATASETS/CodecFake/train/F02_p361_096.wav,2
/USERSPACE/DATASETS/CodecFake/train/F02_SSB00160182.wav,2
/USERSPACE/DATASETS/CodecFake/train/F02_SSB04340015.wav,2
/USERSPACE/DATASETS/CodecFake/train/F02_SSB12210392.wav,2
/USERSPACE/DATASETS/CodecFake/train/F02_p362_353.wav,2
/USERSPACE/DATASETS/CodecFake/train/F02_p334_411.wav,2
/USERSPACE/DATASETS/CodecFake/train/F02_p279_343.wav,2
/USERSPACE/DATASETS/CodecFake/train/F02_SSB16500194.wav,2
/USERSPACE/DATASETS/CodecFake/train/F02_SSB10720055.wav,2
/USERSPACE/DATASETS/CodecFake/train/F02_p330_304.wav,2
/USERSPACE/DATASETS/CodecFake/train/F02_SSB07860413.wav,2
/USERSPACE/DATASETS/CodecFake/train/F02_SSB11350179.wav,2
/USERSPACE/DATASETS/CodecFake/train/F02_p340_287.wav,2
/USERSPACE/DATASETS/CodecFake/train/F02_SSB09130432.wav,2
/USERSPACE/DATASETS/CodecFake/train/F02_p285_092.wav,2
/USERSPACE/DATASETS/CodecFake/train/F02_SSB00800434.wav,2
/USERSPACE/DATASETS/CodecFake/train/F02_SSB00160508.wav,2
/USERSPACE/DATASETS/CodecFake/train/F02_SSB07840208.wav,2
/USERSPACE/DATASETS/CodecFake/train/F02_SSB03230422.wav,2
/USERSPACE/DATASETS/CodecFake/train/F02_p226_336.wav,2
/USERSPACE/DATASETS/CodecFake/train/F02_SSB02610079.wav,2
/USERSPACE/DATASETS/CodecFake/train/F02_SSB00120286.wav,2
/USERSPACE/DATASETS/CodecFake/train/F02_p335_407.wav,2
/USERSPACE/DATASETS/CodecFake/train/F02_SSB09190344.wav,2
/USERSPACE/DATASETS/CodecFake/train/F02_p340_286.wav,2
/USERSPACE/DATASETS/CodecFake/train/F02_p360_331.wav,2
/USERSPACE/DATASETS/CodecFake/train/F02_SSB00430141.wav,2
/USERSPACE/DATASETS/CodecFake/train/F02_p280_088.wav,2
/USERSPACE/DATASETS/CodecFake/train/F02_SSB14480107.wav,2
/USERSPACE/DATASETS/CodecFake/train/F02_SSB03090374.wav,2
/USERSPACE/DATASETS/CodecFake/train/F02_SSB18460460.wav,2
/USERSPACE/DATASETS/CodecFake/train/F02_SSB06090035.wav,2
/USERSPACE/DATASETS/CodecFake/train/F02_SSB15550446.wav,2
/USERSPACE/DATASETS/CodecFake/train/F02_SSB00570211.wav,2
/USERSPACE/DATASETS/CodecFake/train/F02_SSB18310359.wav,2
/USERSPACE/DATASETS/CodecFake/train/F02_SSB12180069.wav,2
/USERSPACE/DATASETS/CodecFake/train/F02_SSB03090102.wav,2
/USERSPACE/DATASETS/CodecFake/train/F02_p255_023.wav,2
/USERSPACE/DATASETS/CodecFake/train/F02_SSB17280152.wav,2
/USERSPACE/DATASETS/CodecFake/train/F02_SSB04270135.wav,2
/USERSPACE/DATASETS/CodecFake/train/F02_SSB07360252.wav,2
/USERSPACE/DATASETS/CodecFake/train/F02_p318_157.wav,2
/USERSPACE/DATASETS/CodecFake/train/F02_SSB01390365.wav,2
/USERSPACE/DATASETS/CodecFake/train/F02_SSB05700458.wav,2
/USERSPACE/DATASETS/CodecFake/train/F02_SSB18090385.wav,2
/USERSPACE/DATASETS/CodecFake/train/F02_p297_213.wav,2
/USERSPACE/DATASETS/CodecFake/train/F02_SSB05780057.wav,2
/USERSPACE/DATASETS/CodecFake/train/F02_SSB09130455.wav,2
/USERSPACE/DATASETS/CodecFake/train/F02_SSB03790441.wav,2
/USERSPACE/DATASETS/CodecFake/train/F02_p323_138.wav,2
/USERSPACE/DATASETS/CodecFake/train/F02_p343_038.wav,2
/USERSPACE/DATASETS/CodecFake/train/F02_SSB06930247.wav,2
/USERSPACE/DATASETS/CodecFake/train/F02_p351_026.wav,2
/USERSPACE/DATASETS/CodecFake/train/F02_SSB03930237.wav,2
/USERSPACE/DATASETS/CodecFake/train/F02_SSB04070302.wav,2
/USERSPACE/DATASETS/CodecFake/train/F02_SSB06030462.wav,2
/USERSPACE/DATASETS/CodecFake/train/F02_p340_282.wav,2
/USERSPACE/DATASETS/CodecFake/train/F02_SSB12040203.wav,2
/USERSPACE/DATASETS/CodecFake/train/F02_SSB17810320.wav,2
/USERSPACE/DATASETS/CodecFake/train/F02_p244_144.wav,2
/USERSPACE/DATASETS/CodecFake/train/F02_SSB15550203.wav,2
/USERSPACE/DATASETS/CodecFake/train/F02_SSB15850053.wav,2
/USERSPACE/DATASETS/CodecFake/train/F02_p262_336.wav,2
/USERSPACE/DATASETS/CodecFake/train/F02_SSB07020495.wav,2
/USERSPACE/DATASETS/CodecFake/train/F02_p271_003.wav,2
/USERSPACE/DATASETS/CodecFake/train/F02_p276_450.wav,2
/USERSPACE/DATASETS/CodecFake/train/F02_p261_309.wav,2
/USERSPACE/DATASETS/CodecFake/train/F02_p269_357.wav,2
/USERSPACE/DATASETS/CodecFake/train/F02_SSB19180482.wav,2
/USERSPACE/DATASETS/CodecFake/train/F02_SSB03160146.wav,2
/USERSPACE/DATASETS/CodecFake/train/F02_SSB15850375.wav,2
/USERSPACE/DATASETS/CodecFake/train/F02_p236_161.wav,2
/USERSPACE/DATASETS/CodecFake/train/F02_SSB12040150.wav,2
/USERSPACE/DATASETS/CodecFake/train/F02_SSB00050388.wav,2
/USERSPACE/DATASETS/CodecFake/train/F02_SSB09660435.wav,2
/USERSPACE/DATASETS/CodecFake/train/F02_p312_033.wav,2
/USERSPACE/DATASETS/CodecFake/train/F02_SSB05440043.wav,2
/USERSPACE/DATASETS/CodecFake/train/F02_SSB07460053.wav,2
/USERSPACE/DATASETS/CodecFake/train/F02_SSB00730302.wav,2
/USERSPACE/DATASETS/CodecFake/train/F02_p274_402.wav,2
/USERSPACE/DATASETS/CodecFake/train/F02_p253_047.wav,2
/USERSPACE/DATASETS/CodecFake/train/F02_SSB06030247.wav,2
/USERSPACE/DATASETS/CodecFake/train/F02_SSB13400003.wav,2
/USERSPACE/DATASETS/CodecFake/train/F02_SSB09870474.wav,2
/USERSPACE/DATASETS/CodecFake/train/F02_p287_241.wav,2
/USERSPACE/DATASETS/CodecFake/train/F02_SSB13280180.wav,2
/USERSPACE/DATASETS/CodecFake/train/F02_p333_365.wav,2
/USERSPACE/DATASETS/CodecFake/train/F02_SSB00110216.wav,2
/USERSPACE/DATASETS/CodecFake/train/F02_SSB03410097.wav,2
/USERSPACE/DATASETS/CodecFake/train/F02_SSB16070340.wav,2
/USERSPACE/DATASETS/CodecFake/train/F02_p238_416.wav,2
/USERSPACE/DATASETS/CodecFake/train/F02_SSB05990164.wav,2
/USERSPACE/DATASETS/CodecFake/train/F02_SSB05350293.wav,2
/USERSPACE/DATASETS/CodecFake/train/F02_p297_227.wav,2
/USERSPACE/DATASETS/CodecFake/train/F02_SSB12740095.wav,2
/USERSPACE/DATASETS/CodecFake/train/F02_p257_203.wav,2
/USERSPACE/DATASETS/CodecFake/train/F02_p333_386.wav,2
/USERSPACE/DATASETS/CodecFake/train/F02_p236_019.wav,2
/USERSPACE/DATASETS/CodecFake/train/F02_p261_079.wav,2
/USERSPACE/DATASETS/CodecFake/train/F02_SSB05900204.wav,2
/USERSPACE/DATASETS/CodecFake/train/F02_SSB11360014.wav,2
/USERSPACE/DATASETS/CodecFake/train/F02_SSB03410229.wav,2
/USERSPACE/DATASETS/CodecFake/train/F02_SSB05020459.wav,2
/USERSPACE/DATASETS/CodecFake/train/F02_SSB07840151.wav,2
/USERSPACE/DATASETS/CodecFake/train/F02_SSB11080041.wav,2
/USERSPACE/DATASETS/CodecFake/train/F02_p285_140.wav,2
/USERSPACE/DATASETS/CodecFake/train/F02_SSB04340301.wav,2
/USERSPACE/DATASETS/CodecFake/train/F02_SSB17820299.wav,2
/USERSPACE/DATASETS/CodecFake/train/F02_SSB18780337.wav,2
/USERSPACE/DATASETS/CodecFake/train/F02_SSB00180019.wav,2
/USERSPACE/DATASETS/CodecFake/train/F02_p263_097.wav,2
/USERSPACE/DATASETS/CodecFake/train/F02_SSB18280036.wav,2
/USERSPACE/DATASETS/CodecFake/train/F02_SSB09350201.wav,2
/USERSPACE/DATASETS/CodecFake/train/F02_p232_158.wav,2
/USERSPACE/DATASETS/CodecFake/train/F02_SSB01450160.wav,2
/USERSPACE/DATASETS/CodecFake/train/F02_p308_309.wav,2
/USERSPACE/DATASETS/CodecFake/train/F02_SSB15630272.wav,2
/USERSPACE/DATASETS/CodecFake/train/F02_SSB02000296.wav,2
/USERSPACE/DATASETS/CodecFake/train/F02_SSB10240196.wav,2
/USERSPACE/DATASETS/CodecFake/train/F02_SSB11250358.wav,2
/USERSPACE/DATASETS/CodecFake/train/F02_SSB10720010.wav,2
/USERSPACE/DATASETS/CodecFake/train/F02_SSB03750418.wav,2
/USERSPACE/DATASETS/CodecFake/train/F02_SSB03750014.wav,2
/USERSPACE/DATASETS/CodecFake/train/F02_SSB11350097.wav,2
/USERSPACE/DATASETS/CodecFake/train/F02_p303_083.wav,2
/USERSPACE/DATASETS/CodecFake/train/F02_p295_238.wav,2
/USERSPACE/DATASETS/CodecFake/train/F02_p293_020.wav,2
/USERSPACE/DATASETS/CodecFake/train/F02_SSB08630091.wav,2
/USERSPACE/DATASETS/CodecFake/train/F02_SSB16840336.wav,2
/USERSPACE/DATASETS/CodecFake/train/F02_SSB17110145.wav,2
/USERSPACE/DATASETS/CodecFake/train/F02_p335_125.wav,2
/USERSPACE/DATASETS/CodecFake/train/F02_p294_065.wav,2
/USERSPACE/DATASETS/CodecFake/train/F02_p260_190.wav,2
/USERSPACE/DATASETS/CodecFake/train/F02_SSB07100265.wav,2
/USERSPACE/DATASETS/CodecFake/train/F02_SSB08170357.wav,2
/USERSPACE/DATASETS/CodecFake/train/F02_SSB18630179.wav,2
/USERSPACE/DATASETS/CodecFake/train/F02_SSB10240200.wav,2
/USERSPACE/DATASETS/CodecFake/train/F02_p364_063.wav,2
/USERSPACE/DATASETS/CodecFake/train/F02_SSB03420399.wav,2
/USERSPACE/DATASETS/CodecFake/train/F02_SSB13930298.wav,2
/USERSPACE/DATASETS/CodecFake/train/F02_SSB04340158.wav,2
/USERSPACE/DATASETS/CodecFake/train/F02_p341_213.wav,2
/USERSPACE/DATASETS/CodecFake/train/F02_SSB11610035.wav,2
/USERSPACE/DATASETS/CodecFake/train/F02_p232_361.wav,2
/USERSPACE/DATASETS/CodecFake/train/F02_p302_015.wav,2
/USERSPACE/DATASETS/CodecFake/train/F02_SSB06060385.wav,2
/USERSPACE/DATASETS/CodecFake/train/F02_p317_117.wav,2
/USERSPACE/DATASETS/CodecFake/train/F02_SSB09870480.wav,2
/USERSPACE/DATASETS/CodecFake/train/F02_p269_145.wav,2
/USERSPACE/DATASETS/CodecFake/train/F02_SSB07860086.wav,2
/USERSPACE/DATASETS/CodecFake/train/F02_SSB13990079.wav,2
/USERSPACE/DATASETS/CodecFake/train/F02_SSB03420253.wav,2
/USERSPACE/DATASETS/CodecFake/train/F02_SSB06010268.wav,2
/USERSPACE/DATASETS/CodecFake/train/F02_p340_086.wav,2
/USERSPACE/DATASETS/CodecFake/train/F02_p225_197.wav,2
/USERSPACE/DATASETS/CodecFake/train/F02_SSB06680159.wav,2
/USERSPACE/DATASETS/CodecFake/train/F02_SSB05020240.wav,2
/USERSPACE/DATASETS/CodecFake/train/F02_SSB03380008.wav,2
/USERSPACE/DATASETS/CodecFake/train/F02_p240_031.wav,2
/USERSPACE/DATASETS/CodecFake/train/F02_SSB00110447.wav,2
/USERSPACE/DATASETS/CodecFake/train/F02_SSB02730089.wav,2
/USERSPACE/DATASETS/CodecFake/train/F02_SSB18630388.wav,2
/USERSPACE/DATASETS/CodecFake/train/F02_SSB10720009.wav,2
/USERSPACE/DATASETS/CodecFake/train/F02_p339_210.wav,2
/USERSPACE/DATASETS/CodecFake/train/F02_SSB05900013.wav,2
/USERSPACE/DATASETS/CodecFake/train/F02_SSB11080039.wav,2
/USERSPACE/DATASETS/CodecFake/train/F02_p293_079.wav,2
/USERSPACE/DATASETS/CodecFake/train/F02_p323_099.wav,2
/USERSPACE/DATASETS/CodecFake/train/F02_p283_058.wav,2
/USERSPACE/DATASETS/CodecFake/train/F02_p275_144.wav,2
/USERSPACE/DATASETS/CodecFake/train/F02_SSB06230227.wav,2
/USERSPACE/DATASETS/CodecFake/train/F02_SSB02460091.wav,2
/USERSPACE/DATASETS/CodecFake/train/F02_p283_405.wav,2
/USERSPACE/DATASETS/CodecFake/train/F02_SSB11870253.wav,2
/USERSPACE/DATASETS/CodecFake/train/F02_SSB07360140.wav,2
/USERSPACE/DATASETS/CodecFake/train/F02_p248_125.wav,2
/USERSPACE/DATASETS/CodecFake/train/F02_SSB11100403.wav,2
/USERSPACE/DATASETS/CodecFake/train/F02_SSB07600366.wav,2
/USERSPACE/DATASETS/CodecFake/train/F02_p340_189.wav,2
/USERSPACE/DATASETS/CodecFake/train/F02_p318_043.wav,2
/USERSPACE/DATASETS/CodecFake/train/F02_SSB11380172.wav,2
/USERSPACE/DATASETS/CodecFake/train/F02_SSB07490151.wav,2
/USERSPACE/DATASETS/CodecFake/train/F02_p247_169.wav,2
/USERSPACE/DATASETS/CodecFake/train/F02_p360_403.wav,2
/USERSPACE/DATASETS/CodecFake/train/F02_SSB18280353.wav,2
/USERSPACE/DATASETS/CodecFake/train/F02_SSB07170156.wav,2
/USERSPACE/DATASETS/CodecFake/train/F02_p265_228.wav,2
/USERSPACE/DATASETS/CodecFake/train/F02_SSB08090155.wav,2
/USERSPACE/DATASETS/CodecFake/train/F02_p225_051.wav,2
/USERSPACE/DATASETS/CodecFake/train/F02_p233_071.wav,2
/USERSPACE/DATASETS/CodecFake/train/F02_SSB06070219.wav,2
/USERSPACE/DATASETS/CodecFake/train/F02_p271_440.wav,2
/USERSPACE/DATASETS/CodecFake/train/F02_p308_075.wav,2
/USERSPACE/DATASETS/CodecFake/train/F02_SSB02670434.wav,2
/USERSPACE/DATASETS/CodecFake/train/F02_p275_258.wav,2
/USERSPACE/DATASETS/CodecFake/train/F02_p318_328.wav,2
/USERSPACE/DATASETS/CodecFake/train/F02_p311_357.wav,2
/USERSPACE/DATASETS/CodecFake/train/F02_p304_172.wav,2
/USERSPACE/DATASETS/CodecFake/train/F02_SSB01330341.wav,2
/USERSPACE/DATASETS/CodecFake/train/F02_SSB19020078.wav,2
/USERSPACE/DATASETS/CodecFake/train/F02_p268_263.wav,2
/USERSPACE/DATASETS/CodecFake/train/F02_SSB16990390.wav,2
/USERSPACE/DATASETS/CodecFake/train/F02_SSB19350220.wav,2
/USERSPACE/DATASETS/CodecFake/train/F02_p276_458.wav,2
/USERSPACE/DATASETS/CodecFake/train/F02_SSB18910176.wav,2
/USERSPACE/DATASETS/CodecFake/train/F02_p293_236.wav,2
/USERSPACE/DATASETS/CodecFake/train/F02_SSB07600383.wav,2
/USERSPACE/DATASETS/CodecFake/train/F02_p263_247.wav,2
/USERSPACE/DATASETS/CodecFake/train/F02_p280_057.wav,2
/USERSPACE/DATASETS/CodecFake/train/F02_p308_303.wav,2
/USERSPACE/DATASETS/CodecFake/train/F02_p293_232.wav,2
/USERSPACE/DATASETS/CodecFake/train/F02_p304_070.wav,2
/USERSPACE/DATASETS/CodecFake/train/F02_SSB03380323.wav,2
/USERSPACE/DATASETS/CodecFake/train/F02_SSB07360109.wav,2
/USERSPACE/DATASETS/CodecFake/train/F02_SSB15930184.wav,2
/USERSPACE/DATASETS/CodecFake/train/F02_p250_388.wav,2
/USERSPACE/DATASETS/CodecFake/train/F02_p243_325.wav,2
/USERSPACE/DATASETS/CodecFake/train/F02_SSB07580393.wav,2
/USERSPACE/DATASETS/CodecFake/train/F02_p314_220.wav,2
/USERSPACE/DATASETS/CodecFake/train/F02_p362_267.wav,2
/USERSPACE/DATASETS/CodecFake/train/F02_SSB14310210.wav,2
/USERSPACE/DATASETS/CodecFake/train/F02_SSB06230003.wav,2
/USERSPACE/DATASETS/CodecFake/train/F02_SSB07170252.wav,2
/USERSPACE/DATASETS/CodecFake/train/F02_p304_044.wav,2
/USERSPACE/DATASETS/CodecFake/train/F02_p341_013.wav,2
/USERSPACE/DATASETS/CodecFake/train/F02_p303_043.wav,2
/USERSPACE/DATASETS/CodecFake/train/F02_SSB09130227.wav,2
/USERSPACE/DATASETS/CodecFake/train/F02_SSB16240489.wav,2
/USERSPACE/DATASETS/CodecFake/train/F02_SSB18780216.wav,2
/USERSPACE/DATASETS/CodecFake/train/F02_SSB05650175.wav,2
/USERSPACE/DATASETS/CodecFake/train/F02_SSB03230303.wav,2
/USERSPACE/DATASETS/CodecFake/train/F02_p330_356.wav,2
/USERSPACE/DATASETS/CodecFake/train/F02_SSB00160131.wav,2
/USERSPACE/DATASETS/CodecFake/train/F02_p232_015.wav,2
/USERSPACE/DATASETS/CodecFake/train/F02_SSB07580131.wav,2
/USERSPACE/DATASETS/CodecFake/train/F02_SSB03410391.wav,2
/USERSPACE/DATASETS/CodecFake/train/F02_SSB04700010.wav,2
/USERSPACE/DATASETS/CodecFake/train/F02_p261_342.wav,2
/USERSPACE/DATASETS/CodecFake/train/F02_SSB12530210.wav,2
/USERSPACE/DATASETS/CodecFake/train/F02_SSB09350436.wav,2
/USERSPACE/DATASETS/CodecFake/train/F02_p312_143.wav,2
/USERSPACE/DATASETS/CodecFake/train/F02_p225_334.wav,2
/USERSPACE/DATASETS/CodecFake/train/F02_SSB14310055.wav,2
/USERSPACE/DATASETS/CodecFake/train/F02_SSB17280163.wav,2
/USERSPACE/DATASETS/CodecFake/train/F02_SSB05020163.wav,2
/USERSPACE/DATASETS/CodecFake/train/F02_p295_165.wav,2
/USERSPACE/DATASETS/CodecFake/train/F02_SSB10720312.wav,2
/USERSPACE/DATASETS/CodecFake/train/F02_SSB03660045.wav,2
/USERSPACE/DATASETS/CodecFake/train/F02_SSB13820292.wav,2
/USERSPACE/DATASETS/CodecFake/train/F02_p308_265.wav,2
/USERSPACE/DATASETS/CodecFake/train/F02_SSB06320063.wav,2
/USERSPACE/DATASETS/CodecFake/train/F02_SSB10550239.wav,2
/USERSPACE/DATASETS/CodecFake/train/F02_p361_193.wav,2
/USERSPACE/DATASETS/CodecFake/train/F02_SSB00090422.wav,2
/USERSPACE/DATASETS/CodecFake/train/F02_SSB04260251.wav,2
/USERSPACE/DATASETS/CodecFake/train/F02_SSB05780381.wav,2
/USERSPACE/DATASETS/CodecFake/train/F02_p305_280.wav,2
/USERSPACE/DATASETS/CodecFake/train/F02_SSB00570450.wav,2
/USERSPACE/DATASETS/CodecFake/train/F02_p302_026.wav,2
/USERSPACE/DATASETS/CodecFake/train/F02_SSB05900235.wav,2
/USERSPACE/DATASETS/CodecFake/train/F02_SSB03660263.wav,2
/USERSPACE/DATASETS/CodecFake/train/F02_p259_350.wav,2
/USERSPACE/DATASETS/CodecFake/train/F02_SSB07580074.wav,2
/USERSPACE/DATASETS/CodecFake/train/F02_SSB07490491.wav,2
/USERSPACE/DATASETS/CodecFake/train/F02_SSB10640165.wav,2
/USERSPACE/DATASETS/CodecFake/train/F02_p274_064.wav,2
/USERSPACE/DATASETS/CodecFake/train/F02_p316_184.wav,2
/USERSPACE/DATASETS/CodecFake/train/F02_SSB15550435.wav,2
/USERSPACE/DATASETS/CodecFake/train/F02_SSB05940084.wav,2
/USERSPACE/DATASETS/CodecFake/train/F02_SSB07580095.wav,2
/USERSPACE/DATASETS/CodecFake/train/F02_SSB03160120.wav,2
/USERSPACE/DATASETS/CodecFake/train/F02_SSB19180291.wav,2
/USERSPACE/DATASETS/CodecFake/train/F02_p241_174.wav,2
/USERSPACE/DATASETS/CodecFake/train/F02_SSB18090245.wav,2
/USERSPACE/DATASETS/CodecFake/train/F02_SSB00120330.wav,2
/USERSPACE/DATASETS/CodecFake/train/F02_SSB12530101.wav,2
/USERSPACE/DATASETS/CodecFake/train/F02_SSB19390108.wav,2
/USERSPACE/DATASETS/CodecFake/train/F02_SSB18060117.wav,2
/USERSPACE/DATASETS/CodecFake/train/F02_p283_001.wav,2
/USERSPACE/DATASETS/CodecFake/train/F02_SSB00430449.wav,2
/USERSPACE/DATASETS/CodecFake/train/F02_SSB14370265.wav,2
/USERSPACE/DATASETS/CodecFake/train/F02_SSB03540144.wav,2
/USERSPACE/DATASETS/CodecFake/train/F02_p237_125.wav,2
/USERSPACE/DATASETS/CodecFake/train/F02_SSB06090224.wav,2
/USERSPACE/DATASETS/CodecFake/train/F02_SSB07860045.wav,2
/USERSPACE/DATASETS/CodecFake/train/F02_SSB13280335.wav,2
/USERSPACE/DATASETS/CodecFake/train/F02_p268_034.wav,2
/USERSPACE/DATASETS/CodecFake/train/F02_p239_503.wav,2
/USERSPACE/DATASETS/CodecFake/train/F02_p278_342.wav,2
/USERSPACE/DATASETS/CodecFake/train/F02_p341_117.wav,2
/USERSPACE/DATASETS/CodecFake/train/F02_SSB02990135.wav,2
/USERSPACE/DATASETS/CodecFake/train/F02_SSB05900005.wav,2
/USERSPACE/DATASETS/CodecFake/train/F02_p341_305.wav,2
/USERSPACE/DATASETS/CodecFake/train/F02_SSB06010493.wav,2
/USERSPACE/DATASETS/CodecFake/train/F02_SSB19020441.wav,2
/USERSPACE/DATASETS/CodecFake/train/F02_SSB00160405.wav,2
/USERSPACE/DATASETS/CodecFake/train/F02_SSB07160422.wav,2
/USERSPACE/DATASETS/CodecFake/train/F02_p335_196.wav,2
/USERSPACE/DATASETS/CodecFake/train/F02_SSB07230203.wav,2
/USERSPACE/DATASETS/CodecFake/train/F02_SSB05900100.wav,2
/USERSPACE/DATASETS/CodecFake/train/F02_SSB06090207.wav,2
/USERSPACE/DATASETS/CodecFake/train/F02_p240_233.wav,2
/USERSPACE/DATASETS/CodecFake/train/F02_p326_356.wav,2
/USERSPACE/DATASETS/CodecFake/train/F02_p313_414.wav,2
/USERSPACE/DATASETS/CodecFake/train/F02_SSB06710494.wav,2
/USERSPACE/DATASETS/CodecFake/train/F02_p281_433.wav,2
/USERSPACE/DATASETS/CodecFake/train/F02_SSB05700419.wav,2
/USERSPACE/DATASETS/CodecFake/train/F02_SSB03390178.wav,2
/USERSPACE/DATASETS/CodecFake/train/F02_SSB09970414.wav,2
/USERSPACE/DATASETS/CodecFake/train/F02_p329_096.wav,2
/USERSPACE/DATASETS/CodecFake/train/F02_p295_117.wav,2
/USERSPACE/DATASETS/CodecFake/train/F02_SSB14310028.wav,2
/USERSPACE/DATASETS/CodecFake/train/F02_p275_372.wav,2
/USERSPACE/DATASETS/CodecFake/train/F02_SSB03800164.wav,2
/USERSPACE/DATASETS/CodecFake/train/F02_SSB00380301.wav,2
/USERSPACE/DATASETS/CodecFake/train/F02_SSB00160024.wav,2
/USERSPACE/DATASETS/CodecFake/train/F02_p301_352.wav,2
/USERSPACE/DATASETS/CodecFake/train/F02_SSB06140300.wav,2
/USERSPACE/DATASETS/CodecFake/train/F02_p252_187.wav,2
/USERSPACE/DATASETS/CodecFake/train/F02_p252_018.wav,2
/USERSPACE/DATASETS/CodecFake/train/F02_SSB17280037.wav,2
/USERSPACE/DATASETS/CodecFake/train/F02_SSB07370011.wav,2
/USERSPACE/DATASETS/CodecFake/train/F02_SSB04150122.wav,2
/USERSPACE/DATASETS/CodecFake/train/F02_SSB17110339.wav,2
/USERSPACE/DATASETS/CodecFake/train/F02_SSB09350045.wav,2
/USERSPACE/DATASETS/CodecFake/train/F02_SSB11760420.wav,2
/USERSPACE/DATASETS/CodecFake/train/F02_SSB03410213.wav,2
/USERSPACE/DATASETS/CodecFake/train/F02_SSB15550032.wav,2
/USERSPACE/DATASETS/CodecFake/train/F02_SSB08630135.wav,2
/USERSPACE/DATASETS/CodecFake/train/F02_SSB15750157.wav,2
/USERSPACE/DATASETS/CodecFake/train/F02_SSB06070102.wav,2
/USERSPACE/DATASETS/CodecFake/train/F02_p276_323.wav,2
/USERSPACE/DATASETS/CodecFake/train/F02_SSB07020335.wav,2
/USERSPACE/DATASETS/CodecFake/train/F02_SSB05940371.wav,2
/USERSPACE/DATASETS/CodecFake/train/F02_SSB13400102.wav,2
/USERSPACE/DATASETS/CodecFake/train/F02_SSB09130098.wav,2
/USERSPACE/DATASETS/CodecFake/train/F02_p238_040.wav,2
/USERSPACE/DATASETS/CodecFake/train/F02_p326_013.wav,2
/USERSPACE/DATASETS/CodecFake/train/F02_SSB18780054.wav,2
/USERSPACE/DATASETS/CodecFake/train/F02_SSB04260138.wav,2
/USERSPACE/DATASETS/CodecFake/train/F02_SSB00160088.wav,2
/USERSPACE/DATASETS/CodecFake/train/F02_SSB03070414.wav,2
/USERSPACE/DATASETS/CodecFake/train/F02_SSB07860254.wav,2
/USERSPACE/DATASETS/CodecFake/train/F02_SSB03930475.wav,2
/USERSPACE/DATASETS/CodecFake/train/F02_p345_345.wav,2
/USERSPACE/DATASETS/CodecFake/train/F02_SSB07490438.wav,2
/USERSPACE/DATASETS/CodecFake/train/F02_SSB18370140.wav,2
/USERSPACE/DATASETS/CodecFake/train/F02_SSB16240162.wav,2
/USERSPACE/DATASETS/CodecFake/train/F02_SSB00430501.wav,2
/USERSPACE/DATASETS/CodecFake/train/F02_p318_400.wav,2
/USERSPACE/DATASETS/CodecFake/train/F02_SSB11260254.wav,2
/USERSPACE/DATASETS/CodecFake/train/F02_p226_030.wav,2
/USERSPACE/DATASETS/CodecFake/train/F02_p315_294.wav,2
/USERSPACE/DATASETS/CodecFake/train/F02_SSB06140209.wav,2
/USERSPACE/DATASETS/CodecFake/train/F02_SSB15630089.wav,2
/USERSPACE/DATASETS/CodecFake/train/F02_SSB09350455.wav,2
/USERSPACE/DATASETS/CodecFake/train/F02_SSB14520081.wav,2
/USERSPACE/DATASETS/CodecFake/train/F02_SSB13770015.wav,2
/USERSPACE/DATASETS/CodecFake/train/F02_SSB02990348.wav,2
/USERSPACE/DATASETS/CodecFake/train/F02_SSB05020204.wav,2
/USERSPACE/DATASETS/CodecFake/train/F02_SSB05700392.wav,2
/USERSPACE/DATASETS/CodecFake/train/F02_p284_402.wav,2
/USERSPACE/DATASETS/CodecFake/train/F02_SSB15750204.wav,2
/USERSPACE/DATASETS/CodecFake/train/F02_p262_238.wav,2
/USERSPACE/DATASETS/CodecFake/train/F02_SSB03420018.wav,2
/USERSPACE/DATASETS/CodecFake/train/F02_SSB16250343.wav,2
/USERSPACE/DATASETS/CodecFake/train/F02_SSB02610401.wav,2
/USERSPACE/DATASETS/CodecFake/train/F02_p281_431.wav,2
/USERSPACE/DATASETS/CodecFake/train/F02_SSB11260122.wav,2
/USERSPACE/DATASETS/CodecFake/train/F02_p253_330.wav,2
/USERSPACE/DATASETS/CodecFake/train/F02_SSB01120394.wav,2
/USERSPACE/DATASETS/CodecFake/train/F02_p287_146.wav,2
/USERSPACE/DATASETS/CodecFake/train/F02_SSB00110196.wav,2
/USERSPACE/DATASETS/CodecFake/train/F02_SSB09970349.wav,2
/USERSPACE/DATASETS/CodecFake/train/F02_SSB03950483.wav,2
/USERSPACE/DATASETS/CodecFake/train/F02_SSB04700012.wav,2
/USERSPACE/DATASETS/CodecFake/train/F02_SSB03150054.wav,2
/USERSPACE/DATASETS/CodecFake/train/F02_SSB07490150.wav,2
/USERSPACE/DATASETS/CodecFake/train/F02_SSB05900163.wav,2
/USERSPACE/DATASETS/CodecFake/train/F02_p297_321.wav,2
/USERSPACE/DATASETS/CodecFake/train/F02_SSB05990067.wav,2
/USERSPACE/DATASETS/CodecFake/train/F02_p229_037.wav,2
/USERSPACE/DATASETS/CodecFake/train/F02_p345_272.wav,2
/USERSPACE/DATASETS/CodecFake/train/F02_SSB07460293.wav,2
/USERSPACE/DATASETS/CodecFake/train/F02_SSB18780453.wav,2
/USERSPACE/DATASETS/CodecFake/train/F02_SSB06710415.wav,2
/USERSPACE/DATASETS/CodecFake/train/F02_SSB09930338.wav,2
/USERSPACE/DATASETS/CodecFake/train/F02_p277_403.wav,2
/USERSPACE/DATASETS/CodecFake/train/F02_SSB07460460.wav,2
/USERSPACE/DATASETS/CodecFake/train/F02_p231_176.wav,2
/USERSPACE/DATASETS/CodecFake/train/F02_p275_062.wav,2
/USERSPACE/DATASETS/CodecFake/train/F02_p233_049.wav,2
/USERSPACE/DATASETS/CodecFake/train/F02_SSB10000078.wav,2
/USERSPACE/DATASETS/CodecFake/train/F02_SSB15850442.wav,2
/USERSPACE/DATASETS/CodecFake/train/F02_SSB03390281.wav,2
/USERSPACE/DATASETS/CodecFake/train/F02_SSB07110057.wav,2
/USERSPACE/DATASETS/CodecFake/train/F02_SSB18320471.wav,2
/USERSPACE/DATASETS/CodecFake/train/F02_SSB06140393.wav,2
/USERSPACE/DATASETS/CodecFake/train/F02_p286_367.wav,2
/USERSPACE/DATASETS/CodecFake/train/F02_SSB12160208.wav,2
/USERSPACE/DATASETS/CodecFake/train/F02_SSB05350044.wav,2
/USERSPACE/DATASETS/CodecFake/train/F02_p261_368.wav,2
/USERSPACE/DATASETS/CodecFake/train/F02_SSB05780196.wav,2
/USERSPACE/DATASETS/CodecFake/train/F02_SSB02870421.wav,2
/USERSPACE/DATASETS/CodecFake/train/F02_SSB11100291.wav,2
/USERSPACE/DATASETS/CodecFake/train/F02_SSB09660231.wav,2
/USERSPACE/DATASETS/CodecFake/train/F02_SSB01120279.wav,2
/USERSPACE/DATASETS/CodecFake/train/F02_SSB18280317.wav,2
/USERSPACE/DATASETS/CodecFake/train/F02_SSB06930202.wav,2
/USERSPACE/DATASETS/CodecFake/train/F02_SSB04700492.wav,2
/USERSPACE/DATASETS/CodecFake/train/F02_p273_046.wav,2
/USERSPACE/DATASETS/CodecFake/train/F02_p282_370.wav,2
/USERSPACE/DATASETS/CodecFake/train/F02_SSB01390062.wav,2
/USERSPACE/DATASETS/CodecFake/train/F02_p240_065.wav,2
/USERSPACE/DATASETS/CodecFake/train/F02_SSB05350196.wav,2
/USERSPACE/DATASETS/CodecFake/train/F02_SSB16840100.wav,2
/USERSPACE/DATASETS/CodecFake/train/F02_p313_319.wav,2
/USERSPACE/DATASETS/CodecFake/train/F02_SSB05350251.wav,2
/USERSPACE/DATASETS/CodecFake/train/F02_SSB10550298.wav,2
/USERSPACE/DATASETS/CodecFake/train/F02_SSB17110459.wav,2
/USERSPACE/DATASETS/CodecFake/train/F02_p227_169.wav,2
/USERSPACE/DATASETS/CodecFake/train/F02_p298_175.wav,2
/USERSPACE/DATASETS/CodecFake/train/F02_p300_222.wav,2
/USERSPACE/DATASETS/CodecFake/train/F02_p266_281.wav,2
/USERSPACE/DATASETS/CodecFake/train/F02_SSB16990138.wav,2
/USERSPACE/DATASETS/CodecFake/train/F02_p298_138.wav,2
/USERSPACE/DATASETS/CodecFake/train/F02_SSB02990051.wav,2
/USERSPACE/DATASETS/CodecFake/train/F02_p281_191.wav,2
/USERSPACE/DATASETS/CodecFake/train/F02_SSB01450141.wav,2
/USERSPACE/DATASETS/CodecFake/train/F02_SSB03420041.wav,2
/USERSPACE/DATASETS/CodecFake/train/F02_SSB05780323.wav,2
/USERSPACE/DATASETS/CodecFake/train/F02_SSB01450335.wav,2
/USERSPACE/DATASETS/CodecFake/train/F02_p303_088.wav,2
/USERSPACE/DATASETS/CodecFake/train/F02_p317_312.wav,2
/USERSPACE/DATASETS/CodecFake/train/F02_p230_051.wav,2
/USERSPACE/DATASETS/CodecFake/train/F02_p299_069.wav,2
/USERSPACE/DATASETS/CodecFake/train/F02_SSB10200166.wav,2
/USERSPACE/DATASETS/CodecFake/train/F02_SSB07370428.wav,2
/USERSPACE/DATASETS/CodecFake/train/F02_SSB02000339.wav,2
/USERSPACE/DATASETS/CodecFake/train/F02_p238_026.wav,2
/USERSPACE/DATASETS/CodecFake/train/F02_SSB03660483.wav,2
/USERSPACE/DATASETS/CodecFake/train/F02_p267_024.wav,2
/USERSPACE/DATASETS/CodecFake/train/F02_p248_137.wav,2
/USERSPACE/DATASETS/CodecFake/train/F02_SSB12150148.wav,2
/USERSPACE/DATASETS/CodecFake/train/F02_SSB16860421.wav,2
/USERSPACE/DATASETS/CodecFake/train/F02_SSB07360118.wav,2
/USERSPACE/DATASETS/CodecFake/train/F02_SSB07800412.wav,2
/USERSPACE/DATASETS/CodecFake/train/F02_SSB10000200.wav,2
/USERSPACE/DATASETS/CodecFake/train/F02_SSB07200039.wav,2
/USERSPACE/DATASETS/CodecFake/train/F02_SSB01490143.wav,2
/USERSPACE/DATASETS/CodecFake/train/F02_p275_280.wav,2
/USERSPACE/DATASETS/CodecFake/train/F02_SSB06230131.wav,2
/USERSPACE/DATASETS/CodecFake/train/F02_SSB12530282.wav,2
/USERSPACE/DATASETS/CodecFake/train/F02_SSB11000241.wav,2
/USERSPACE/DATASETS/CodecFake/train/F02_p285_294.wav,2
/USERSPACE/DATASETS/CodecFake/train/F02_SSB04150299.wav,2
/USERSPACE/DATASETS/CodecFake/train/F02_SSB07860067.wav,2
/USERSPACE/DATASETS/CodecFake/train/F02_p275_060.wav,2
/USERSPACE/DATASETS/CodecFake/train/F02_SSB05880259.wav,2
/USERSPACE/DATASETS/CodecFake/train/F02_SSB00110156.wav,2
/USERSPACE/DATASETS/CodecFake/train/F02_SSB03390027.wav,2
/USERSPACE/DATASETS/CodecFake/train/F02_SSB02460162.wav,2
/USERSPACE/DATASETS/CodecFake/train/F02_SSB15670347.wav,2
/USERSPACE/DATASETS/CodecFake/train/F02_SSB15670162.wav,2
/USERSPACE/DATASETS/CodecFake/train/F02_p255_267.wav,2
/USERSPACE/DATASETS/CodecFake/train/F02_p230_405.wav,2
/USERSPACE/DATASETS/CodecFake/train/F02_SSB06930181.wav,2
/USERSPACE/DATASETS/CodecFake/train/F02_p336_077.wav,2
/USERSPACE/DATASETS/CodecFake/train/F02_SSB05700240.wav,2
/USERSPACE/DATASETS/CodecFake/train/F02_SSB19560242.wav,2
/USERSPACE/DATASETS/CodecFake/train/F02_SSB07480026.wav,2
/USERSPACE/DATASETS/CodecFake/train/F02_SSB07170285.wav,2
/USERSPACE/DATASETS/CodecFake/train/F02_p313_388.wav,2
/USERSPACE/DATASETS/CodecFake/train/F02_p260_060.wav,2
/USERSPACE/DATASETS/CodecFake/train/F02_SSB16860128.wav,2
/USERSPACE/DATASETS/CodecFake/train/F02_SSB03790311.wav,2
/USERSPACE/DATASETS/CodecFake/train/F02_SSB03820371.wav,2
/USERSPACE/DATASETS/CodecFake/train/F02_p345_123.wav,2
/USERSPACE/DATASETS/CodecFake/train/F02_p311_286.wav,2
/USERSPACE/DATASETS/CodecFake/train/F02_SSB00800065.wav,2
/USERSPACE/DATASETS/CodecFake/train/F02_p307_423.wav,2
/USERSPACE/DATASETS/CodecFake/train/F02_SSB02990350.wav,2
/USERSPACE/DATASETS/CodecFake/train/F02_SSB15550012.wav,2
/USERSPACE/DATASETS/CodecFake/train/F02_SSB10240295.wav,2
/USERSPACE/DATASETS/CodecFake/train/F02_p230_108.wav,2
/USERSPACE/DATASETS/CodecFake/train/F02_SSB06070097.wav,2
/USERSPACE/DATASETS/CodecFake/train/F02_SSB17280478.wav,2
/USERSPACE/DATASETS/CodecFake/train/F02_SSB03230069.wav,2
/USERSPACE/DATASETS/CodecFake/train/F02_SSB03800360.wav,2
/USERSPACE/DATASETS/CodecFake/train/F02_SSB05880162.wav,2
/USERSPACE/DATASETS/CodecFake/train/F02_SSB05390090.wav,2
/USERSPACE/DATASETS/CodecFake/train/F02_SSB09150377.wav,2
/USERSPACE/DATASETS/CodecFake/train/F02_SSB18910446.wav,2
/USERSPACE/DATASETS/CodecFake/train/F02_SSB10000413.wav,2
/USERSPACE/DATASETS/CodecFake/train/F02_SSB12390302.wav,2
/USERSPACE/DATASETS/CodecFake/train/F02_SSB13650178.wav,2
/USERSPACE/DATASETS/CodecFake/train/F02_SSB01390434.wav,2
/USERSPACE/DATASETS/CodecFake/train/F02_SSB00430430.wav,2
/USERSPACE/DATASETS/CodecFake/train/F02_SSB07160180.wav,2
/USERSPACE/DATASETS/CodecFake/train/F02_SSB06090015.wav,2
/USERSPACE/DATASETS/CodecFake/train/F02_SSB06320388.wav,2
/USERSPACE/DATASETS/CodecFake/train/F02_p236_052.wav,2
/USERSPACE/DATASETS/CodecFake/train/F02_SSB12040419.wav,2
/USERSPACE/DATASETS/CodecFake/train/F02_SSB05020350.wav,2
/USERSPACE/DATASETS/CodecFake/train/F02_SSB03160149.wav,2
/USERSPACE/DATASETS/CodecFake/train/F02_p347_298.wav,2
/USERSPACE/DATASETS/CodecFake/train/F02_SSB11610097.wav,2
/USERSPACE/DATASETS/CodecFake/train/F02_SSB13820249.wav,2
/USERSPACE/DATASETS/CodecFake/train/F02_p305_084.wav,2
/USERSPACE/DATASETS/CodecFake/train/F02_p229_101.wav,2
/USERSPACE/DATASETS/CodecFake/train/F02_SSB18630183.wav,2
/USERSPACE/DATASETS/CodecFake/train/F02_p233_157.wav,2
/USERSPACE/DATASETS/CodecFake/train/F02_p271_189.wav,2
/USERSPACE/DATASETS/CodecFake/train/F02_p270_010.wav,2
/USERSPACE/DATASETS/CodecFake/train/F02_p311_135.wav,2
/USERSPACE/DATASETS/CodecFake/train/F02_SSB11150093.wav,2
/USERSPACE/DATASETS/CodecFake/train/F02_SSB01120316.wav,2
/USERSPACE/DATASETS/CodecFake/train/F02_SSB03790233.wav,2
/USERSPACE/DATASETS/CodecFake/train/F02_SSB15750427.wav,2
/USERSPACE/DATASETS/CodecFake/train/F02_SSB19020212.wav,2
/USERSPACE/DATASETS/CodecFake/train/F02_SSB02990320.wav,2
/USERSPACE/DATASETS/CodecFake/train/F02_SSB03410420.wav,2
/USERSPACE/DATASETS/CodecFake/train/F02_SSB01390171.wav,2
/USERSPACE/DATASETS/CodecFake/train/F02_SSB01390411.wav,2
/USERSPACE/DATASETS/CodecFake/train/F02_SSB03800162.wav,2
/USERSPACE/DATASETS/CodecFake/train/F02_SSB07000128.wav,2
/USERSPACE/DATASETS/CodecFake/train/F02_SSB06010055.wav,2
/USERSPACE/DATASETS/CodecFake/train/F02_SSB11310037.wav,2
/USERSPACE/DATASETS/CodecFake/train/F02_p299_072.wav,2
/USERSPACE/DATASETS/CodecFake/train/F02_p281_287.wav,2
/USERSPACE/DATASETS/CodecFake/train/F02_SSB09190268.wav,2
/USERSPACE/DATASETS/CodecFake/train/F02_SSB06070186.wav,2
/USERSPACE/DATASETS/CodecFake/train/F02_SSB06060258.wav,2
/USERSPACE/DATASETS/CodecFake/train/F02_SSB07160153.wav,2
/USERSPACE/DATASETS/CodecFake/train/F02_p314_360.wav,2
/USERSPACE/DATASETS/CodecFake/train/F02_SSB07200409.wav,2
/USERSPACE/DATASETS/CodecFake/train/F02_SSB01450297.wav,2
/USERSPACE/DATASETS/CodecFake/train/F02_SSB09970386.wav,2
/USERSPACE/DATASETS/CodecFake/train/F02_p333_342.wav,2
/USERSPACE/DATASETS/CodecFake/train/F02_p299_256.wav,2
/USERSPACE/DATASETS/CodecFake/train/F02_SSB06660116.wav,2
/USERSPACE/DATASETS/CodecFake/train/F02_p254_110.wav,2
/USERSPACE/DATASETS/CodecFake/train/F02_SSB10910061.wav,2
/USERSPACE/DATASETS/CodecFake/train/F02_SSB01120232.wav,2
/USERSPACE/DATASETS/CodecFake/train/F02_SSB07360423.wav,2
/USERSPACE/DATASETS/CodecFake/train/F02_p374_254.wav,2
/USERSPACE/DATASETS/CodecFake/train/F02_p255_362.wav,2
/USERSPACE/DATASETS/CodecFake/train/F02_p258_342.wav,2
/USERSPACE/DATASETS/CodecFake/train/F02_SSB03160411.wav,2
/USERSPACE/DATASETS/CodecFake/train/F02_p229_046.wav,2
/USERSPACE/DATASETS/CodecFake/train/F02_SSB07620117.wav,2
/USERSPACE/DATASETS/CodecFake/train/F02_p238_333.wav,2
/USERSPACE/DATASETS/CodecFake/train/F02_SSB14310026.wav,2
/USERSPACE/DATASETS/CodecFake/train/F02_p249_247.wav,2
/USERSPACE/DATASETS/CodecFake/train/F02_p329_121.wav,2
/USERSPACE/DATASETS/CodecFake/train/F02_SSB15750401.wav,2
/USERSPACE/DATASETS/CodecFake/train/F02_SSB16990433.wav,2
/USERSPACE/DATASETS/CodecFake/train/F02_SSB04700008.wav,2
/USERSPACE/DATASETS/CodecFake/train/F02_p255_302.wav,2
/USERSPACE/DATASETS/CodecFake/train/F02_SSB03930468.wav,2
/USERSPACE/DATASETS/CodecFake/train/F02_p233_384.wav,2
/USERSPACE/DATASETS/CodecFake/train/F02_SSB02730478.wav,2
/USERSPACE/DATASETS/CodecFake/train/F02_SSB07490129.wav,2
/USERSPACE/DATASETS/CodecFake/train/F02_SSB00120374.wav,2
/USERSPACE/DATASETS/CodecFake/train/F02_SSB07840212.wav,2
/USERSPACE/DATASETS/CodecFake/train/F02_SSB04700180.wav,2
/USERSPACE/DATASETS/CodecFake/train/F02_p243_171.wav,2
/USERSPACE/DATASETS/CodecFake/train/F02_p228_284.wav,2
/USERSPACE/DATASETS/CodecFake/train/F02_SSB03410352.wav,2
/USERSPACE/DATASETS/CodecFake/train/F02_SSB05880073.wav,2
/USERSPACE/DATASETS/CodecFake/train/F02_SSB12390412.wav,2
/USERSPACE/DATASETS/CodecFake/train/F02_SSB02870100.wav,2
/USERSPACE/DATASETS/CodecFake/train/F02_p230_058.wav,2
/USERSPACE/DATASETS/CodecFake/train/F02_SSB00380413.wav,2
/USERSPACE/DATASETS/CodecFake/train/F02_SSB13920355.wav,2
/USERSPACE/DATASETS/CodecFake/train/F02_SSB11260014.wav,2
/USERSPACE/DATASETS/CodecFake/train/F02_SSB07840205.wav,2
/USERSPACE/DATASETS/CodecFake/train/F02_p266_314.wav,2
/USERSPACE/DATASETS/CodecFake/train/F02_p247_373.wav,2
/USERSPACE/DATASETS/CodecFake/train/F02_SSB13220260.wav,2
/USERSPACE/DATASETS/CodecFake/train/F02_p257_359.wav,2
/USERSPACE/DATASETS/CodecFake/train/F02_SSB18280185.wav,2
/USERSPACE/DATASETS/CodecFake/train/F02_SSB00180177.wav,2
/USERSPACE/DATASETS/CodecFake/train/F02_p258_094.wav,2
/USERSPACE/DATASETS/CodecFake/train/F02_SSB11250249.wav,2
/USERSPACE/DATASETS/CodecFake/train/F02_SSB09660498.wav,2
/USERSPACE/DATASETS/CodecFake/train/F02_SSB03790321.wav,2
/USERSPACE/DATASETS/CodecFake/train/F02_SSB00430442.wav,2
/USERSPACE/DATASETS/CodecFake/train/F02_SSB13830053.wav,2
/USERSPACE/DATASETS/CodecFake/train/F02_SSB03660270.wav,2
/USERSPACE/DATASETS/CodecFake/train/F02_p228_302.wav,2
/USERSPACE/DATASETS/CodecFake/train/F02_p239_419.wav,2
/USERSPACE/DATASETS/CodecFake/train/F02_p351_068.wav,2
/USERSPACE/DATASETS/CodecFake/train/F02_SSB03940465.wav,2
/USERSPACE/DATASETS/CodecFake/train/F02_p258_347.wav,2
/USERSPACE/DATASETS/CodecFake/train/F02_p330_225.wav,2
/USERSPACE/DATASETS/CodecFake/train/F02_p339_370.wav,2
/USERSPACE/DATASETS/CodecFake/train/F02_p232_090.wav,2
/USERSPACE/DATASETS/CodecFake/train/F02_p238_247.wav,2
/USERSPACE/DATASETS/CodecFake/train/F02_p303_268.wav,2
/USERSPACE/DATASETS/CodecFake/train/F02_p229_348.wav,2
/USERSPACE/DATASETS/CodecFake/train/F02_SSB07620234.wav,2
/USERSPACE/DATASETS/CodecFake/train/F02_SSB04260300.wav,2
/USERSPACE/DATASETS/CodecFake/train/F02_SSB03380178.wav,2
/USERSPACE/DATASETS/CodecFake/train/F02_p297_330.wav,2
/USERSPACE/DATASETS/CodecFake/train/F02_p267_193.wav,2
/USERSPACE/DATASETS/CodecFake/train/F02_p267_019.wav,2
/USERSPACE/DATASETS/CodecFake/train/F02_SSB01120014.wav,2
/USERSPACE/DATASETS/CodecFake/train/F02_SSB03390031.wav,2
/USERSPACE/DATASETS/CodecFake/train/F02_p250_465.wav,2
/USERSPACE/DATASETS/CodecFake/train/F02_SSB03790119.wav,2
/USERSPACE/DATASETS/CodecFake/train/F02_p234_340.wav,2
/USERSPACE/DATASETS/CodecFake/train/F02_SSB01220429.wav,2
/USERSPACE/DATASETS/CodecFake/train/F02_p330_151.wav,2
/USERSPACE/DATASETS/CodecFake/train/F02_p341_236.wav,2
/USERSPACE/DATASETS/CodecFake/train/F02_p279_098.wav,2
/USERSPACE/DATASETS/CodecFake/train/F02_SSB10240253.wav,2
/USERSPACE/DATASETS/CodecFake/train/F02_SSB09970014.wav,2
/USERSPACE/DATASETS/CodecFake/train/F02_SSB12160283.wav,2
/USERSPACE/DATASETS/CodecFake/train/F02_SSB02460476.wav,2
/USERSPACE/DATASETS/CodecFake/train/F02_SSB02460011.wav,2
/USERSPACE/DATASETS/CodecFake/train/F02_SSB05700057.wav,2
/USERSPACE/DATASETS/CodecFake/train/F02_SSB05940432.wav,2
/USERSPACE/DATASETS/CodecFake/train/F02_SSB15750004.wav,2
/USERSPACE/DATASETS/CodecFake/train/F02_SSB11310243.wav,2
/USERSPACE/DATASETS/CodecFake/train/F02_SSB15550110.wav,2
/USERSPACE/DATASETS/CodecFake/train/F02_SSB00430353.wav,2
/USERSPACE/DATASETS/CodecFake/train/F02_SSB18090094.wav,2
/USERSPACE/DATASETS/CodecFake/train/F02_p249_095.wav,2
/USERSPACE/DATASETS/CodecFake/train/F02_SSB07360487.wav,2
/USERSPACE/DATASETS/CodecFake/train/F02_SSB07160353.wav,2
/USERSPACE/DATASETS/CodecFake/train/F02_SSB06060449.wav,2
/USERSPACE/DATASETS/CodecFake/train/F02_p230_014.wav,2
/USERSPACE/DATASETS/CodecFake/train/F02_SSB06930112.wav,2
/USERSPACE/DATASETS/CodecFake/train/F02_SSB07600015.wav,2
/USERSPACE/DATASETS/CodecFake/train/F02_p347_386.wav,2
/USERSPACE/DATASETS/CodecFake/train/F02_SSB13650038.wav,2
/USERSPACE/DATASETS/CodecFake/train/F02_SSB10500447.wav,2
/USERSPACE/DATASETS/CodecFake/train/F02_SSB18780190.wav,2
/USERSPACE/DATASETS/CodecFake/train/F02_SSB13820018.wav,2
/USERSPACE/DATASETS/CodecFake/train/F02_p323_213.wav,2
/USERSPACE/DATASETS/CodecFake/train/F02_p340_337.wav,2
/USERSPACE/DATASETS/CodecFake/train/F02_p225_177.wav,2
/USERSPACE/DATASETS/CodecFake/train/F02_SSB15750407.wav,2
/USERSPACE/DATASETS/CodecFake/train/F02_p269_181.wav,2
/USERSPACE/DATASETS/CodecFake/train/F02_SSB03420003.wav,2
/USERSPACE/DATASETS/CodecFake/train/F02_SSB11360266.wav,2
/USERSPACE/DATASETS/CodecFake/train/F02_SSB10720450.wav,2
/USERSPACE/DATASETS/CodecFake/train/F02_SSB03070015.wav,2
/USERSPACE/DATASETS/CodecFake/train/F02_SSB06030222.wav,2
/USERSPACE/DATASETS/CodecFake/train/F02_SSB07360306.wav,2
/USERSPACE/DATASETS/CodecFake/train/F02_SSB03410338.wav,2
/USERSPACE/DATASETS/CodecFake/train/F02_SSB10550039.wav,2
/USERSPACE/DATASETS/CodecFake/train/F02_SSB05880478.wav,2
/USERSPACE/DATASETS/CodecFake/train/F02_SSB07600391.wav,2
/USERSPACE/DATASETS/CodecFake/train/F02_SSB13020304.wav,2
/USERSPACE/DATASETS/CodecFake/train/F02_SSB00160206.wav,2
/USERSPACE/DATASETS/CodecFake/train/F02_SSB03540469.wav,2
/USERSPACE/DATASETS/CodecFake/train/F02_SSB03850451.wav,2
/USERSPACE/DATASETS/CodecFake/train/F02_SSB10080416.wav,2
/USERSPACE/DATASETS/CodecFake/train/F02_p288_374.wav,2
/USERSPACE/DATASETS/CodecFake/train/F02_SSB18100462.wav,2
/USERSPACE/DATASETS/CodecFake/train/F02_SSB15850199.wav,2
/USERSPACE/DATASETS/CodecFake/train/F02_SSB07620362.wav,2
/USERSPACE/DATASETS/CodecFake/train/F02_SSB14020225.wav,2
/USERSPACE/DATASETS/CodecFake/train/F02_SSB06860278.wav,2
/USERSPACE/DATASETS/CodecFake/train/F02_p244_020.wav,2
/USERSPACE/DATASETS/CodecFake/train/F02_SSB05990103.wav,2
/USERSPACE/DATASETS/CodecFake/train/F02_SSB05440268.wav,2
/USERSPACE/DATASETS/CodecFake/train/F02_SSB13830031.wav,2
/USERSPACE/DATASETS/CodecFake/train/F02_SSB03790147.wav,2
/USERSPACE/DATASETS/CodecFake/train/F02_p244_045.wav,2
/USERSPACE/DATASETS/CodecFake/train/F02_SSB07460466.wav,2
/USERSPACE/DATASETS/CodecFake/train/F02_SSB03850014.wav,2
/USERSPACE/DATASETS/CodecFake/train/F02_p313_020.wav,2
/USERSPACE/DATASETS/CodecFake/train/F02_p314_381.wav,2
/USERSPACE/DATASETS/CodecFake/train/F02_SSB13020377.wav,2
/USERSPACE/DATASETS/CodecFake/train/F02_p228_311.wav,2
/USERSPACE/DATASETS/CodecFake/train/F02_SSB13660011.wav,2
/USERSPACE/DATASETS/CodecFake/train/F02_p293_311.wav,2
/USERSPACE/DATASETS/CodecFake/train/F02_SSB14570361.wav,2
/USERSPACE/DATASETS/CodecFake/train/F02_SSB05440376.wav,2
/USERSPACE/DATASETS/CodecFake/train/F02_p269_081.wav,2
/USERSPACE/DATASETS/CodecFake/train/F02_SSB01390311.wav,2
/USERSPACE/DATASETS/CodecFake/train/F02_SSB16240364.wav,2
/USERSPACE/DATASETS/CodecFake/train/F02_SSB08170172.wav,2
/USERSPACE/DATASETS/CodecFake/train/F02_SSB04260184.wav,2
/USERSPACE/DATASETS/CodecFake/train/F02_SSB03420158.wav,2
/USERSPACE/DATASETS/CodecFake/train/F02_SSB18370356.wav,2
/USERSPACE/DATASETS/CodecFake/train/F02_p306_326.wav,2
/USERSPACE/DATASETS/CodecFake/train/F02_SSB11360023.wav,2
/USERSPACE/DATASETS/CodecFake/train/F02_SSB18320239.wav,2
/USERSPACE/DATASETS/CodecFake/train/F02_SSB07620142.wav,2
/USERSPACE/DATASETS/CodecFake/train/F02_SSB15850228.wav,2
/USERSPACE/DATASETS/CodecFake/train/F02_SSB06060195.wav,2
/USERSPACE/DATASETS/CodecFake/train/F02_p230_106.wav,2
/USERSPACE/DATASETS/CodecFake/train/F02_SSB06290438.wav,2
/USERSPACE/DATASETS/CodecFake/train/F02_SSB01390478.wav,2
/USERSPACE/DATASETS/CodecFake/train/F02_SSB00380199.wav,2
/USERSPACE/DATASETS/CodecFake/train/F02_p345_086.wav,2
/USERSPACE/DATASETS/CodecFake/train/F02_p279_353.wav,2
/USERSPACE/DATASETS/CodecFake/train/F02_p225_173.wav,2
/USERSPACE/DATASETS/CodecFake/train/F02_SSB07360157.wav,2
/USERSPACE/DATASETS/CodecFake/train/F02_SSB04820257.wav,2
/USERSPACE/DATASETS/CodecFake/train/F02_p268_074.wav,2
/USERSPACE/DATASETS/CodecFake/train/F02_SSB11310363.wav,2
/USERSPACE/DATASETS/CodecFake/train/F02_SSB01450039.wav,2
/USERSPACE/DATASETS/CodecFake/train/F02_p363_251.wav,2
/USERSPACE/DATASETS/CodecFake/train/F02_SSB06680190.wav,2
/USERSPACE/DATASETS/CodecFake/train/F02_SSB06930121.wav,2
/USERSPACE/DATASETS/CodecFake/train/F02_SSB01930067.wav,2
/USERSPACE/DATASETS/CodecFake/train/F02_p312_212.wav,2
/USERSPACE/DATASETS/CodecFake/train/F02_SSB18100055.wav,2
/USERSPACE/DATASETS/CodecFake/train/F02_SSB06070269.wav,2
/USERSPACE/DATASETS/CodecFake/train/F02_p334_079.wav,2
/USERSPACE/DATASETS/CodecFake/train/F02_SSB10640091.wav,2
/USERSPACE/DATASETS/CodecFake/train/F02_p259_314.wav,2
/USERSPACE/DATASETS/CodecFake/train/F02_p266_126.wav,2
/USERSPACE/DATASETS/CodecFake/train/F02_p245_208.wav,2
/USERSPACE/DATASETS/CodecFake/train/F02_p240_171.wav,2
/USERSPACE/DATASETS/CodecFake/train/F02_SSB02730222.wav,2
/USERSPACE/DATASETS/CodecFake/train/F02_SSB06310163.wav,2
/USERSPACE/DATASETS/CodecFake/train/F02_p347_243.wav,2
/USERSPACE/DATASETS/CodecFake/train/F02_SSB04340348.wav,2
/USERSPACE/DATASETS/CodecFake/train/F02_SSB08170284.wav,2
/USERSPACE/DATASETS/CodecFake/train/F02_SSB03750363.wav,2
/USERSPACE/DATASETS/CodecFake/train/F02_SSB13770321.wav,2
/USERSPACE/DATASETS/CodecFake/train/F02_SSB01930240.wav,2
/USERSPACE/DATASETS/CodecFake/train/F02_SSB04820398.wav,2
/USERSPACE/DATASETS/CodecFake/train/F02_p304_193.wav,2
/USERSPACE/DATASETS/CodecFake/train/F02_p225_280.wav,2
/USERSPACE/DATASETS/CodecFake/train/F02_SSB18100088.wav,2
/USERSPACE/DATASETS/CodecFake/train/F02_p333_094.wav,2
/USERSPACE/DATASETS/CodecFake/train/F02_SSB11380034.wav,2
/USERSPACE/DATASETS/CodecFake/train/F02_SSB11000426.wav,2
/USERSPACE/DATASETS/CodecFake/train/F02_SSB03660243.wav,2
/USERSPACE/DATASETS/CodecFake/train/F02_SSB13200015.wav,2
/USERSPACE/DATASETS/CodecFake/train/F02_SSB13200360.wav,2
/USERSPACE/DATASETS/CodecFake/train/F02_SSB06030366.wav,2
/USERSPACE/DATASETS/CodecFake/train/F02_p364_028.wav,2
/USERSPACE/DATASETS/CodecFake/train/F02_SSB06680406.wav,2
/USERSPACE/DATASETS/CodecFake/train/F02_p233_033.wav,2
/USERSPACE/DATASETS/CodecFake/train/F02_SSB07480390.wav,2
/USERSPACE/DATASETS/CodecFake/train/F02_p330_096.wav,2
/USERSPACE/DATASETS/CodecFake/train/F02_SSB00110045.wav,2
/USERSPACE/DATASETS/CodecFake/train/F02_SSB03230412.wav,2
/USERSPACE/DATASETS/CodecFake/train/F02_p286_291.wav,2
/USERSPACE/DATASETS/CodecFake/train/F02_SSB15550231.wav,2
/USERSPACE/DATASETS/CodecFake/train/F02_SSB05780120.wav,2
/USERSPACE/DATASETS/CodecFake/train/F02_p238_382.wav,2
/USERSPACE/DATASETS/CodecFake/train/F02_p257_294.wav,2
/USERSPACE/DATASETS/CodecFake/train/F02_SSB14570251.wav,2
/USERSPACE/DATASETS/CodecFake/train/F02_SSB18630379.wav,2
/USERSPACE/DATASETS/CodecFake/train/F02_SSB18630452.wav,2
/USERSPACE/DATASETS/CodecFake/train/F02_p236_427.wav,2
/USERSPACE/DATASETS/CodecFake/train/F02_SSB00730081.wav,2
/USERSPACE/DATASETS/CodecFake/train/F02_SSB07460171.wav,2
/USERSPACE/DATASETS/CodecFake/train/F02_SSB07780429.wav,2
/USERSPACE/DATASETS/CodecFake/train/F02_SSB05700438.wav,2
/USERSPACE/DATASETS/CodecFake/train/F02_p252_179.wav,2
/USERSPACE/DATASETS/CodecFake/train/F02_SSB05650182.wav,2
/USERSPACE/DATASETS/CodecFake/train/F02_SSB03790370.wav,2
/USERSPACE/DATASETS/CodecFake/train/F02_SSB02870460.wav,2
/USERSPACE/DATASETS/CodecFake/train/F02_SSB00730140.wav,2
/USERSPACE/DATASETS/CodecFake/train/F02_p310_045.wav,2
/USERSPACE/DATASETS/CodecFake/train/F02_SSB07020130.wav,2
/USERSPACE/DATASETS/CodecFake/train/F02_SSB03380502.wav,2
/USERSPACE/DATASETS/CodecFake/train/F02_SSB19180047.wav,2
/USERSPACE/DATASETS/CodecFake/train/F02_SSB11610291.wav,2
/USERSPACE/DATASETS/CodecFake/train/F02_p274_078.wav,2
/USERSPACE/DATASETS/CodecFake/train/F02_SSB07620332.wav,2
/USERSPACE/DATASETS/CodecFake/train/F02_SSB11100227.wav,2
/USERSPACE/DATASETS/CodecFake/train/F02_SSB03150161.wav,2
/USERSPACE/DATASETS/CodecFake/train/F02_p240_253.wav,2
/USERSPACE/DATASETS/CodecFake/train/F02_p233_365.wav,2
/USERSPACE/DATASETS/CodecFake/train/F02_SSB04070332.wav,2
/USERSPACE/DATASETS/CodecFake/train/F02_SSB05990174.wav,2
/USERSPACE/DATASETS/CodecFake/train/F02_SSB19560219.wav,2
/USERSPACE/DATASETS/CodecFake/train/F02_SSB11970004.wav,2
/USERSPACE/DATASETS/CodecFake/train/F02_SSB16860008.wav,2
/USERSPACE/DATASETS/CodecFake/train/F02_p262_291.wav,2
/USERSPACE/DATASETS/CodecFake/train/F02_p292_319.wav,2
/USERSPACE/DATASETS/CodecFake/train/F02_SSB13200074.wav,2
/USERSPACE/DATASETS/CodecFake/train/F02_SSB07620279.wav,2
/USERSPACE/DATASETS/CodecFake/train/F02_p254_233.wav,2
/USERSPACE/DATASETS/CodecFake/train/F02_SSB03850417.wav,2
/USERSPACE/DATASETS/CodecFake/train/F02_SSB18090078.wav,2
/USERSPACE/DATASETS/CodecFake/train/F02_p263_101.wav,2
/USERSPACE/DATASETS/CodecFake/train/F02_SSB00800285.wav,2
/USERSPACE/DATASETS/CodecFake/train/F02_SSB10640193.wav,2
/USERSPACE/DATASETS/CodecFake/train/F02_p249_344.wav,2
/USERSPACE/DATASETS/CodecFake/train/F02_SSB07360031.wav,2
/USERSPACE/DATASETS/CodecFake/train/F02_p323_347.wav,2
/USERSPACE/DATASETS/CodecFake/train/F02_p253_240.wav,2
/USERSPACE/DATASETS/CodecFake/train/F02_SSB09190091.wav,2
/USERSPACE/DATASETS/CodecFake/train/F02_p351_213.wav,2
/USERSPACE/DATASETS/CodecFake/train/F02_SSB04150440.wav,2
/USERSPACE/DATASETS/CodecFake/train/F02_p236_081.wav,2
/USERSPACE/DATASETS/CodecFake/train/F02_SSB19350116.wav,2
/USERSPACE/DATASETS/CodecFake/train/F02_SSB05780460.wav,2
/USERSPACE/DATASETS/CodecFake/train/F02_p269_101.wav,2
/USERSPACE/DATASETS/CodecFake/train/F02_SSB07110267.wav,2
/USERSPACE/DATASETS/CodecFake/train/F02_SSB09970293.wav,2
/USERSPACE/DATASETS/CodecFake/train/F02_p335_144.wav,2
/USERSPACE/DATASETS/CodecFake/train/F02_SSB07200289.wav,2
/USERSPACE/DATASETS/CodecFake/train/F02_SSB06710470.wav,2
/USERSPACE/DATASETS/CodecFake/train/F02_SSB07100408.wav,2
/USERSPACE/DATASETS/CodecFake/train/F02_p276_418.wav,2
/USERSPACE/DATASETS/CodecFake/train/F02_SSB02870129.wav,2
/USERSPACE/DATASETS/CodecFake/train/F02_p227_058.wav,2
/USERSPACE/DATASETS/CodecFake/train/F02_p264_480.wav,2
/USERSPACE/DATASETS/CodecFake/train/F02_SSB04820476.wav,2
/USERSPACE/DATASETS/CodecFake/train/F02_SSB12040131.wav,2
/USERSPACE/DATASETS/CodecFake/train/F02_SSB04270143.wav,2
/USERSPACE/DATASETS/CodecFake/train/F02_p292_099.wav,2
/USERSPACE/DATASETS/CodecFake/train/F02_SSB00330089.wav,2
/USERSPACE/DATASETS/CodecFake/train/F02_SSB06030253.wav,2
/USERSPACE/DATASETS/CodecFake/train/F02_SSB14370417.wav,2
/USERSPACE/DATASETS/CodecFake/train/F02_p334_117.wav,2
/USERSPACE/DATASETS/CodecFake/train/F02_SSB13770024.wav,2
/USERSPACE/DATASETS/CodecFake/train/F02_SSB16070285.wav,2
/USERSPACE/DATASETS/CodecFake/train/F02_SSB12150396.wav,2
/USERSPACE/DATASETS/CodecFake/train/F02_SSB13410283.wav,2
/USERSPACE/DATASETS/CodecFake/train/F02_SSB09130431.wav,2
/USERSPACE/DATASETS/CodecFake/train/F02_SSB15930132.wav,2
/USERSPACE/DATASETS/CodecFake/train/F02_p336_289.wav,2
/USERSPACE/DATASETS/CodecFake/train/F02_p314_261.wav,2
/USERSPACE/DATASETS/CodecFake/train/F02_p274_144.wav,2
/USERSPACE/DATASETS/CodecFake/train/F02_p231_111.wav,2
/USERSPACE/DATASETS/CodecFake/train/F02_SSB03850281.wav,2
/USERSPACE/DATASETS/CodecFake/train/F02_SSB01220197.wav,2
/USERSPACE/DATASETS/CodecFake/train/F02_SSB13660081.wav,2
/USERSPACE/DATASETS/CodecFake/train/F02_SSB18370153.wav,2
/USERSPACE/DATASETS/CodecFake/train/F02_SSB03800117.wav,2
/USERSPACE/DATASETS/CodecFake/train/F02_p247_414.wav,2
/USERSPACE/DATASETS/CodecFake/train/F02_SSB07600462.wav,2
/USERSPACE/DATASETS/CodecFake/train/F02_p295_344.wav,2
/USERSPACE/DATASETS/CodecFake/train/F02_SSB19180132.wav,2
/USERSPACE/DATASETS/CodecFake/train/F02_SSB10960315.wav,2
/USERSPACE/DATASETS/CodecFake/train/F02_SSB07000361.wav,2
/USERSPACE/DATASETS/CodecFake/train/F02_SSB03800073.wav,2
/USERSPACE/DATASETS/CodecFake/train/F02_SSB00050439.wav,2
/USERSPACE/DATASETS/CodecFake/train/F02_p282_172.wav,2
/USERSPACE/DATASETS/CodecFake/train/F02_SSB03750133.wav,2
/USERSPACE/DATASETS/CodecFake/train/F02_SSB04340191.wav,2
/USERSPACE/DATASETS/CodecFake/train/F02_SSB19350457.wav,2
/USERSPACE/DATASETS/CodecFake/train/F02_p234_273.wav,2
/USERSPACE/DATASETS/CodecFake/train/F02_SSB11100028.wav,2
/USERSPACE/DATASETS/CodecFake/train/F02_SSB07480250.wav,2
/USERSPACE/DATASETS/CodecFake/train/F02_SSB12030380.wav,2
/USERSPACE/DATASETS/CodecFake/train/F02_SSB08710047.wav,2
/USERSPACE/DATASETS/CodecFake/train/F02_SSB11100437.wav,2
/USERSPACE/DATASETS/CodecFake/train/F02_SSB16500272.wav,2
/USERSPACE/DATASETS/CodecFake/train/F02_SSB03150147.wav,2
/USERSPACE/DATASETS/CodecFake/train/F02_SSB00800157.wav,2
/USERSPACE/DATASETS/CodecFake/train/F02_SSB19180168.wav,2
/USERSPACE/DATASETS/CodecFake/train/F02_p326_391.wav,2
/USERSPACE/DATASETS/CodecFake/train/F02_p285_083.wav,2
/USERSPACE/DATASETS/CodecFake/train/F02_SSB05650403.wav,2
/USERSPACE/DATASETS/CodecFake/train/F02_SSB07360117.wav,2
/USERSPACE/DATASETS/CodecFake/train/F02_SSB10640019.wav,2
/USERSPACE/DATASETS/CodecFake/train/F02_SSB05350026.wav,2
/USERSPACE/DATASETS/CodecFake/train/F02_SSB03850227.wav,2
/USERSPACE/DATASETS/CodecFake/train/F02_SSB13820471.wav,2
/USERSPACE/DATASETS/CodecFake/train/F02_p308_175.wav,2
/USERSPACE/DATASETS/CodecFake/train/F02_p301_142.wav,2
/USERSPACE/DATASETS/CodecFake/train/F02_SSB01330073.wav,2
/USERSPACE/DATASETS/CodecFake/train/F02_SSB02990134.wav,2
/USERSPACE/DATASETS/CodecFake/train/F02_SSB04260388.wav,2
/USERSPACE/DATASETS/CodecFake/train/F02_SSB01120422.wav,2
/USERSPACE/DATASETS/CodecFake/train/F02_SSB07510166.wav,2
/USERSPACE/DATASETS/CodecFake/train/F02_p271_302.wav,2
/USERSPACE/DATASETS/CodecFake/train/F02_p238_324.wav,2
/USERSPACE/DATASETS/CodecFake/train/F02_p305_131.wav,2
/USERSPACE/DATASETS/CodecFake/train/F02_p271_075.wav,2
/USERSPACE/DATASETS/CodecFake/train/F02_SSB00110028.wav,2
/USERSPACE/DATASETS/CodecFake/train/F02_p299_147.wav,2
/USERSPACE/DATASETS/CodecFake/train/F02_p231_341.wav,2
/USERSPACE/DATASETS/CodecFake/train/F02_SSB07230073.wav,2
/USERSPACE/DATASETS/CodecFake/train/F02_SSB07580206.wav,2
/USERSPACE/DATASETS/CodecFake/train/F02_SSB05020282.wav,2
/USERSPACE/DATASETS/CodecFake/train/F02_SSB08630243.wav,2
/USERSPACE/DATASETS/CodecFake/train/F02_SSB19180503.wav,2
/USERSPACE/DATASETS/CodecFake/train/F02_SSB06010322.wav,2
/USERSPACE/DATASETS/CodecFake/train/F02_p240_371.wav,2
/USERSPACE/DATASETS/CodecFake/train/F02_p347_126.wav,2
/USERSPACE/DATASETS/CodecFake/train/F02_p239_460.wav,2
/USERSPACE/DATASETS/CodecFake/train/F02_p318_238.wav,2
/USERSPACE/DATASETS/CodecFake/train/F02_p295_339.wav,2
/USERSPACE/DATASETS/CodecFake/train/F02_SSB02610208.wav,2
/USERSPACE/DATASETS/CodecFake/train/F02_SSB10000112.wav,2
/USERSPACE/DATASETS/CodecFake/train/F02_SSB16700076.wav,2
/USERSPACE/DATASETS/CodecFake/train/F02_SSB13650464.wav,2
/USERSPACE/DATASETS/CodecFake/train/F02_SSB02000244.wav,2
/USERSPACE/DATASETS/CodecFake/train/F02_SSB07360257.wav,2
/USERSPACE/DATASETS/CodecFake/train/F02_p326_231.wav,2
/USERSPACE/DATASETS/CodecFake/train/F02_SSB07230142.wav,2
/USERSPACE/DATASETS/CodecFake/train/F02_p270_149.wav,2
/USERSPACE/DATASETS/CodecFake/train/F02_SSB15630235.wav,2
/USERSPACE/DATASETS/CodecFake/train/F02_SSB13830190.wav,2
/USERSPACE/DATASETS/CodecFake/train/F02_SSB01930046.wav,2
/USERSPACE/DATASETS/CodecFake/train/F02_SSB03800046.wav,2
/USERSPACE/DATASETS/CodecFake/train/F02_SSB07860447.wav,2
/USERSPACE/DATASETS/CodecFake/train/F02_SSB10000032.wav,2
/USERSPACE/DATASETS/CodecFake/train/F02_p285_253.wav,2
/USERSPACE/DATASETS/CodecFake/train/F02_SSB11380274.wav,2
/USERSPACE/DATASETS/CodecFake/train/F02_p336_154.wav,2
/USERSPACE/DATASETS/CodecFake/train/F02_p251_127.wav,2
/USERSPACE/DATASETS/CodecFake/train/F02_p232_233.wav,2
/USERSPACE/DATASETS/CodecFake/train/F02_SSB13650209.wav,2
/USERSPACE/DATASETS/CodecFake/train/F02_p271_046.wav,2
/USERSPACE/DATASETS/CodecFake/train/F02_SSB06010495.wav,2
/USERSPACE/DATASETS/CodecFake/train/F02_SSB05440270.wav,2
/USERSPACE/DATASETS/CodecFake/train/F02_SSB14080319.wav,2
/USERSPACE/DATASETS/CodecFake/train/F02_p245_180.wav,2
/USERSPACE/DATASETS/CodecFake/train/F02_SSB17110166.wav,2
/USERSPACE/DATASETS/CodecFake/train/F02_p376_282.wav,2
/USERSPACE/DATASETS/CodecFake/train/F02_SSB07370159.wav,2
/USERSPACE/DATASETS/CodecFake/train/F02_p230_372.wav,2
/USERSPACE/DATASETS/CodecFake/train/F02_SSB11260400.wav,2
/USERSPACE/DATASETS/CodecFake/train/F02_SSB06010210.wav,2
/USERSPACE/DATASETS/CodecFake/train/F02_p236_053.wav,2
/USERSPACE/DATASETS/CodecFake/train/F02_SSB01490202.wav,2
/USERSPACE/DATASETS/CodecFake/train/F02_SSB16240087.wav,2
/USERSPACE/DATASETS/CodecFake/train/F02_p281_399.wav,2
/USERSPACE/DATASETS/CodecFake/train/F02_SSB18780025.wav,2
/USERSPACE/DATASETS/CodecFake/train/F02_SSB08220184.wav,2
/USERSPACE/DATASETS/CodecFake/train/F02_p307_041.wav,2
/USERSPACE/DATASETS/CodecFake/train/F02_p361_072.wav,2
/USERSPACE/DATASETS/CodecFake/train/F02_p256_292.wav,2
/USERSPACE/DATASETS/CodecFake/train/F02_p273_164.wav,2
/USERSPACE/DATASETS/CodecFake/train/F02_SSB03540409.wav,2
/USERSPACE/DATASETS/CodecFake/train/F02_p341_097.wav,2
/USERSPACE/DATASETS/CodecFake/train/F02_p249_030.wav,2
/USERSPACE/DATASETS/CodecFake/train/F02_SSB07170029.wav,2
/USERSPACE/DATASETS/CodecFake/train/F02_p339_148.wav,2
/USERSPACE/DATASETS/CodecFake/train/F02_p283_115.wav,2
/USERSPACE/DATASETS/CodecFake/train/F02_SSB02670020.wav,2
/USERSPACE/DATASETS/CodecFake/train/F02_p333_356.wav,2
/USERSPACE/DATASETS/CodecFake/train/F02_SSB16500465.wav,2
/USERSPACE/DATASETS/CodecFake/train/F02_SSB09190425.wav,2
/USERSPACE/DATASETS/CodecFake/train/F02_SSB05650283.wav,2
/USERSPACE/DATASETS/CodecFake/train/F02_SSB06090113.wav,2
/USERSPACE/DATASETS/CodecFake/train/F02_p333_041.wav,2
/USERSPACE/DATASETS/CodecFake/train/F02_p340_305.wav,2
/USERSPACE/DATASETS/CodecFake/train/F02_SSB19180134.wav,2
/USERSPACE/DATASETS/CodecFake/train/F02_SSB15750196.wav,2
/USERSPACE/DATASETS/CodecFake/train/F02_SSB10240195.wav,2
/USERSPACE/DATASETS/CodecFake/train/F02_p334_365.wav,2
/USERSPACE/DATASETS/CodecFake/train/F02_p364_285.wav,2
/USERSPACE/DATASETS/CodecFake/train/F02_p227_284.wav,2
/USERSPACE/DATASETS/CodecFake/train/F02_SSB19560077.wav,2
/USERSPACE/DATASETS/CodecFake/train/F02_SSB11380126.wav,2
/USERSPACE/DATASETS/CodecFake/train/F02_SSB07800248.wav,2
/USERSPACE/DATASETS/CodecFake/train/F02_SSB13020298.wav,2
/USERSPACE/DATASETS/CodecFake/train/F02_p250_071.wav,2
/USERSPACE/DATASETS/CodecFake/train/F02_SSB12390276.wav,2
/USERSPACE/DATASETS/CodecFake/train/F02_SSB11000092.wav,2
/USERSPACE/DATASETS/CodecFake/train/F02_p232_181.wav,2
/USERSPACE/DATASETS/CodecFake/train/F02_SSB02880394.wav,2
/USERSPACE/DATASETS/CodecFake/train/F02_p317_257.wav,2
/USERSPACE/DATASETS/CodecFake/train/F02_SSB03950081.wav,2
/USERSPACE/DATASETS/CodecFake/train/F02_SSB19350171.wav,2
/USERSPACE/DATASETS/CodecFake/train/F02_SSB09190079.wav,2
/USERSPACE/DATASETS/CodecFake/train/F02_SSB11080425.wav,2
/USERSPACE/DATASETS/CodecFake/train/F02_SSB00110016.wav,2
/USERSPACE/DATASETS/CodecFake/train/F02_p255_259.wav,2
/USERSPACE/DATASETS/CodecFake/train/F02_p341_358.wav,2
/USERSPACE/DATASETS/CodecFake/train/F02_SSB11150251.wav,2
/USERSPACE/DATASETS/CodecFake/train/F02_p336_416.wav,2
/USERSPACE/DATASETS/CodecFake/train/F02_SSB03800272.wav,2
/USERSPACE/DATASETS/CodecFake/train/F02_p253_294.wav,2
/USERSPACE/DATASETS/CodecFake/train/F02_SSB07780340.wav,2
/USERSPACE/DATASETS/CodecFake/train/F02_p361_316.wav,2
/USERSPACE/DATASETS/CodecFake/train/F02_p270_144.wav,2
/USERSPACE/DATASETS/CodecFake/train/F02_SSB10560470.wav,2
/USERSPACE/DATASETS/CodecFake/train/F02_SSB08510081.wav,2
/USERSPACE/DATASETS/CodecFake/train/F02_p230_148.wav,2
/USERSPACE/DATASETS/CodecFake/train/F02_SSB19390219.wav,2
/USERSPACE/DATASETS/CodecFake/train/F02_p312_151.wav,2
/USERSPACE/DATASETS/CodecFake/train/F02_SSB15550373.wav,2
/USERSPACE/DATASETS/CodecFake/train/F02_SSB03540096.wav,2
/USERSPACE/DATASETS/CodecFake/train/F02_SSB03820455.wav,2
/USERSPACE/DATASETS/CodecFake/train/F02_SSB03540447.wav,2
/USERSPACE/DATASETS/CodecFake/train/F02_p246_117.wav,2
/USERSPACE/DATASETS/CodecFake/train/F02_p351_200.wav,2
/USERSPACE/DATASETS/CodecFake/train/F02_SSB02460192.wav,2
/USERSPACE/DATASETS/CodecFake/train/F02_SSB06930337.wav,2
/USERSPACE/DATASETS/CodecFake/train/F02_SSB13920192.wav,2
/USERSPACE/DATASETS/CodecFake/train/F02_p316_077.wav,2
/USERSPACE/DATASETS/CodecFake/train/F02_SSB12390263.wav,2
/USERSPACE/DATASETS/CodecFake/train/F02_SSB13920358.wav,2
/USERSPACE/DATASETS/CodecFake/train/F02_SSB06010165.wav,2
/USERSPACE/DATASETS/CodecFake/train/F02_SSB18370094.wav,2
/USERSPACE/DATASETS/CodecFake/train/F02_SSB03150034.wav,2
/USERSPACE/DATASETS/CodecFake/train/F02_p239_035.wav,2
/USERSPACE/DATASETS/CodecFake/train/F02_p334_373.wav,2
/USERSPACE/DATASETS/CodecFake/train/F02_SSB06090381.wav,2
/USERSPACE/DATASETS/CodecFake/train/F02_SSB05700319.wav,2
/USERSPACE/DATASETS/CodecFake/train/F02_SSB13990003.wav,2
/USERSPACE/DATASETS/CodecFake/train/F02_SSB02610408.wav,2
/USERSPACE/DATASETS/CodecFake/train/F02_SSB07780106.wav,2
/USERSPACE/DATASETS/CodecFake/train/F02_SSB00330500.wav,2
/USERSPACE/DATASETS/CodecFake/train/F02_p265_232.wav,2
/USERSPACE/DATASETS/CodecFake/train/F02_SSB00090080.wav,2
/USERSPACE/DATASETS/CodecFake/train/F02_p269_028.wav,2
/USERSPACE/DATASETS/CodecFake/train/F02_SSB07360258.wav,2
/USERSPACE/DATASETS/CodecFake/train/F02_SSB16250024.wav,2
/USERSPACE/DATASETS/CodecFake/train/F02_SSB06290449.wav,2
/USERSPACE/DATASETS/CodecFake/train/F02_SSB07620489.wav,2
/USERSPACE/DATASETS/CodecFake/train/F02_SSB00110278.wav,2
/USERSPACE/DATASETS/CodecFake/train/F02_SSB05990467.wav,2
/USERSPACE/DATASETS/CodecFake/train/F02_SSB06090039.wav,2
/USERSPACE/DATASETS/CodecFake/train/F02_p311_117.wav,2
/USERSPACE/DATASETS/CodecFake/train/F02_p295_312.wav,2
/USERSPACE/DATASETS/CodecFake/train/F02_p294_034.wav,2
/USERSPACE/DATASETS/CodecFake/train/F02_SSB11310007.wav,2
/USERSPACE/DATASETS/CodecFake/train/F02_SSB01970402.wav,2
/USERSPACE/DATASETS/CodecFake/train/F02_SSB13850048.wav,2
/USERSPACE/DATASETS/CodecFake/train/F02_SSB12040161.wav,2
/USERSPACE/DATASETS/CodecFake/train/F02_SSB18060424.wav,2
/USERSPACE/DATASETS/CodecFake/train/F02_SSB00180360.wav,2
/USERSPACE/DATASETS/CodecFake/train/F02_SSB06030266.wav,2
/USERSPACE/DATASETS/CodecFake/train/F02_SSB16500322.wav,2
/USERSPACE/DATASETS/CodecFake/train/F02_SSB06090405.wav,2
/USERSPACE/DATASETS/CodecFake/train/F02_SSB17390133.wav,2
/USERSPACE/DATASETS/CodecFake/train/F02_SSB01930226.wav,2
/USERSPACE/DATASETS/CodecFake/train/F02_SSB10960391.wav,2
/USERSPACE/DATASETS/CodecFake/train/F02_SSB01120389.wav,2
/USERSPACE/DATASETS/CodecFake/train/F02_p233_220.wav,2
/USERSPACE/DATASETS/CodecFake/train/F02_SSB00380389.wav,2
/USERSPACE/DATASETS/CodecFake/train/F02_p351_242.wav,2
/USERSPACE/DATASETS/CodecFake/train/F02_SSB05900197.wav,2
/USERSPACE/DATASETS/CodecFake/train/F02_SSB05940240.wav,2
/USERSPACE/DATASETS/CodecFake/train/F02_SSB18720161.wav,2
/USERSPACE/DATASETS/CodecFake/train/F02_SSB09970049.wav,2
/USERSPACE/DATASETS/CodecFake/train/F02_SSB11000487.wav,2
/USERSPACE/DATASETS/CodecFake/train/F02_SSB19180194.wav,2
/USERSPACE/DATASETS/CodecFake/train/F02_SSB02870233.wav,2
/USERSPACE/DATASETS/CodecFake/train/F02_SSB07800268.wav,2
/USERSPACE/DATASETS/CodecFake/train/F02_p301_263.wav,2
/USERSPACE/DATASETS/CodecFake/train/F02_p362_275.wav,2
/USERSPACE/DATASETS/CodecFake/train/F02_p334_198.wav,2
/USERSPACE/DATASETS/CodecFake/train/F02_SSB03950192.wav,2
/USERSPACE/DATASETS/CodecFake/train/F02_SSB19020308.wav,2
/USERSPACE/DATASETS/CodecFake/train/F02_p269_266.wav,2
/USERSPACE/DATASETS/CodecFake/train/F02_SSB05650214.wav,2
/USERSPACE/DATASETS/CodecFake/train/F02_p239_205.wav,2
/USERSPACE/DATASETS/CodecFake/train/F02_p288_096.wav,2
/USERSPACE/DATASETS/CodecFake/train/F02_SSB13920022.wav,2
/USERSPACE/DATASETS/CodecFake/train/F02_SSB18460112.wav,2
/USERSPACE/DATASETS/CodecFake/train/F02_SSB06090395.wav,2
/USERSPACE/DATASETS/CodecFake/train/F02_SSB00160047.wav,2
/USERSPACE/DATASETS/CodecFake/train/F02_SSB07580417.wav,2
/USERSPACE/DATASETS/CodecFake/train/F02_SSB10550077.wav,2
/USERSPACE/DATASETS/CodecFake/train/F02_p283_030.wav,2
/USERSPACE/DATASETS/CodecFake/train/F02_SSB13650034.wav,2
/USERSPACE/DATASETS/CodecFake/train/F02_p252_411.wav,2
/USERSPACE/DATASETS/CodecFake/train/F02_SSB10910488.wav,2
/USERSPACE/DATASETS/CodecFake/train/F02_SSB04260296.wav,2
/USERSPACE/DATASETS/CodecFake/train/F02_SSB12530362.wav,2
/USERSPACE/DATASETS/CodecFake/train/F02_SSB01220195.wav,2
/USERSPACE/DATASETS/CodecFake/train/F02_SSB13220110.wav,2
/USERSPACE/DATASETS/CodecFake/train/F02_p264_237.wav,2
/USERSPACE/DATASETS/CodecFake/train/F02_p360_096.wav,2
/USERSPACE/DATASETS/CodecFake/train/F02_SSB08220001.wav,2
/USERSPACE/DATASETS/CodecFake/train/F02_SSB07490176.wav,2
/USERSPACE/DATASETS/CodecFake/train/F02_SSB18780282.wav,2
/USERSPACE/DATASETS/CodecFake/train/F02_SSB03380223.wav,2
/USERSPACE/DATASETS/CodecFake/train/F02_SSB19560079.wav,2
/USERSPACE/DATASETS/CodecFake/train/F02_SSB16700320.wav,2
/USERSPACE/DATASETS/CodecFake/train/F02_p295_409.wav,2
/USERSPACE/DATASETS/CodecFake/train/F02_SSB09130211.wav,2
/USERSPACE/DATASETS/CodecFake/train/F02_SSB13850208.wav,2
/USERSPACE/DATASETS/CodecFake/train/F02_p231_052.wav,2
/USERSPACE/DATASETS/CodecFake/train/F02_p288_049.wav,2
/USERSPACE/DATASETS/CodecFake/train/F02_SSB05390153.wav,2
/USERSPACE/DATASETS/CodecFake/train/F02_p364_230.wav,2
/USERSPACE/DATASETS/CodecFake/train/F02_p236_113.wav,2
/USERSPACE/DATASETS/CodecFake/train/F02_SSB04350142.wav,2
/USERSPACE/DATASETS/CodecFake/train/F02_SSB01450137.wav,2
/USERSPACE/DATASETS/CodecFake/train/F02_SSB13280041.wav,2
/USERSPACE/DATASETS/CodecFake/train/F02_SSB04270053.wav,2
/USERSPACE/DATASETS/CodecFake/train/F02_SSB01220012.wav,2
/USERSPACE/DATASETS/CodecFake/train/F02_p279_039.wav,2
/USERSPACE/DATASETS/CodecFake/train/F02_SSB07780474.wav,2
/USERSPACE/DATASETS/CodecFake/train/F02_p362_254.wav,2
/USERSPACE/DATASETS/CodecFake/train/F02_SSB00050304.wav,2
/USERSPACE/DATASETS/CodecFake/train/F02_p313_082.wav,2
/USERSPACE/DATASETS/CodecFake/train/F02_SSB07490304.wav,2
/USERSPACE/DATASETS/CodecFake/train/F02_SSB12740472.wav,2
/USERSPACE/DATASETS/CodecFake/train/F02_p308_196.wav,2
/USERSPACE/DATASETS/CodecFake/train/F02_p250_290.wav,2
/USERSPACE/DATASETS/CodecFake/train/F02_SSB05650107.wav,2
/USERSPACE/DATASETS/CodecFake/train/F02_SSB11080094.wav,2
/USERSPACE/DATASETS/CodecFake/train/F02_SSB11610171.wav,2
/USERSPACE/DATASETS/CodecFake/train/F02_SSB06930329.wav,2
/USERSPACE/DATASETS/CodecFake/train/F02_SSB02670067.wav,2
/USERSPACE/DATASETS/CodecFake/train/F02_SSB00090464.wav,2
/USERSPACE/DATASETS/CodecFake/train/F02_p259_380.wav,2
/USERSPACE/DATASETS/CodecFake/train/F02_p283_359.wav,2
/USERSPACE/DATASETS/CodecFake/train/F02_SSB05440367.wav,2
/USERSPACE/DATASETS/CodecFake/train/F02_SSB13280469.wav,2
/USERSPACE/DATASETS/CodecFake/train/F02_SSB01490284.wav,2
/USERSPACE/DATASETS/CodecFake/train/F02_SSB07360276.wav,2
/USERSPACE/DATASETS/CodecFake/train/F02_SSB09190217.wav,2
/USERSPACE/DATASETS/CodecFake/train/F02_SSB12530201.wav,2
/USERSPACE/DATASETS/CodecFake/train/F02_SSB03540154.wav,2
/USERSPACE/DATASETS/CodecFake/train/F02_SSB03540412.wav,2
/USERSPACE/DATASETS/CodecFake/train/F02_p334_357.wav,2
/USERSPACE/DATASETS/CodecFake/train/F02_p318_050.wav,2
/USERSPACE/DATASETS/CodecFake/train/F02_p239_028.wav,2
/USERSPACE/DATASETS/CodecFake/train/F02_p260_147.wav,2
/USERSPACE/DATASETS/CodecFake/train/F02_p243_060.wav,2
/USERSPACE/DATASETS/CodecFake/train/F02_SSB03930109.wav,2
/USERSPACE/DATASETS/CodecFake/train/F02_p237_254.wav,2
/USERSPACE/DATASETS/CodecFake/train/F02_SSB07780114.wav,2
/USERSPACE/DATASETS/CodecFake/train/F02_SSB16700460.wav,2
/USERSPACE/DATASETS/CodecFake/train/F02_SSB06230311.wav,2
/USERSPACE/DATASETS/CodecFake/train/F02_SSB12390040.wav,2
/USERSPACE/DATASETS/CodecFake/train/F02_SSB02990038.wav,2
/USERSPACE/DATASETS/CodecFake/train/F02_SSB15750375.wav,2
/USERSPACE/DATASETS/CodecFake/train/F02_SSB04070004.wav,2
/USERSPACE/DATASETS/CodecFake/train/F02_SSB03420372.wav,2
/USERSPACE/DATASETS/CodecFake/train/F02_SSB09350266.wav,2
/USERSPACE/DATASETS/CodecFake/train/F02_SSB16990022.wav,2
/USERSPACE/DATASETS/CodecFake/train/F02_SSB07620365.wav,2
/USERSPACE/DATASETS/CodecFake/train/F02_SSB03390467.wav,2
/USERSPACE/DATASETS/CodecFake/train/F02_SSB10240280.wav,2
/USERSPACE/DATASETS/CodecFake/train/F02_SSB16300330.wav,2
/USERSPACE/DATASETS/CodecFake/train/F02_p267_187.wav,2
/USERSPACE/DATASETS/CodecFake/train/F02_p299_258.wav,2
/USERSPACE/DATASETS/CodecFake/train/F02_SSB03800177.wav,2
/USERSPACE/DATASETS/CodecFake/train/F02_SSB01970150.wav,2
/USERSPACE/DATASETS/CodecFake/train/F02_p266_017.wav,2
/USERSPACE/DATASETS/CodecFake/train/F02_SSB07020190.wav,2
/USERSPACE/DATASETS/CodecFake/train/F02_p247_471.wav,2
/USERSPACE/DATASETS/CodecFake/train/F02_SSB05900496.wav,2
/USERSPACE/DATASETS/CodecFake/train/F02_SSB03380200.wav,2
/USERSPACE/DATASETS/CodecFake/train/F02_SSB07100218.wav,2
/USERSPACE/DATASETS/CodecFake/train/F02_SSB07620143.wav,2
/USERSPACE/DATASETS/CodecFake/train/F02_SSB00730254.wav,2
/USERSPACE/DATASETS/CodecFake/train/F02_SSB17810273.wav,2
/USERSPACE/DATASETS/CodecFake/train/F02_p298_333.wav,2
/USERSPACE/DATASETS/CodecFake/train/F02_SSB09660305.wav,2
/USERSPACE/DATASETS/CodecFake/train/F02_SSB05880149.wav,2
/USERSPACE/DATASETS/CodecFake/train/F02_SSB07940150.wav,2
/USERSPACE/DATASETS/CodecFake/train/F02_p236_423.wav,2
/USERSPACE/DATASETS/CodecFake/train/F02_SSB03950106.wav,2
/USERSPACE/DATASETS/CodecFake/train/F02_SSB00120102.wav,2
/USERSPACE/DATASETS/CodecFake/train/F02_p297_086.wav,2
/USERSPACE/DATASETS/CodecFake/train/F02_p306_194.wav,2
/USERSPACE/DATASETS/CodecFake/train/F02_SSB07510026.wav,2
/USERSPACE/DATASETS/CodecFake/train/F02_SSB07110425.wav,2
/USERSPACE/DATASETS/CodecFake/train/F02_p347_362.wav,2
/USERSPACE/DATASETS/CodecFake/train/F02_SSB10080111.wav,2
/USERSPACE/DATASETS/CodecFake/train/F02_SSB03930462.wav,2
/USERSPACE/DATASETS/CodecFake/train/F02_p248_250.wav,2
/USERSPACE/DATASETS/CodecFake/train/F02_SSB02000315.wav,2
/USERSPACE/DATASETS/CodecFake/train/F02_SSB06060079.wav,2
/USERSPACE/DATASETS/CodecFake/train/F02_p362_412.wav,2
/USERSPACE/DATASETS/CodecFake/train/F02_p374_343.wav,2
/USERSPACE/DATASETS/CodecFake/train/F02_p297_262.wav,2
/USERSPACE/DATASETS/CodecFake/train/F02_SSB17110238.wav,2
/USERSPACE/DATASETS/CodecFake/train/F02_SSB05780382.wav,2
/USERSPACE/DATASETS/CodecFake/train/F02_SSB15550313.wav,2
/USERSPACE/DATASETS/CodecFake/train/F02_p333_284.wav,2
/USERSPACE/DATASETS/CodecFake/train/F02_p302_151.wav,2
/USERSPACE/DATASETS/CodecFake/train/F02_SSB06070347.wav,2
/USERSPACE/DATASETS/CodecFake/train/F02_p231_273.wav,2
/USERSPACE/DATASETS/CodecFake/train/F02_p304_279.wav,2
/USERSPACE/DATASETS/CodecFake/train/F02_SSB11380007.wav,2
/USERSPACE/DATASETS/CodecFake/train/F02_p295_116.wav,2
/USERSPACE/DATASETS/CodecFake/train/F02_SSB01490352.wav,2
/USERSPACE/DATASETS/CodecFake/train/F02_SSB02460023.wav,2
/USERSPACE/DATASETS/CodecFake/train/F02_SSB07940288.wav,2
/USERSPACE/DATASETS/CodecFake/train/F02_SSB03940356.wav,2
/USERSPACE/DATASETS/CodecFake/train/F02_p273_148.wav,2
/USERSPACE/DATASETS/CodecFake/train/F02_SSB04700418.wav,2
/USERSPACE/DATASETS/CodecFake/train/F02_SSB18720404.wav,2
/USERSPACE/DATASETS/CodecFake/train/F02_p226_349.wav,2
/USERSPACE/DATASETS/CodecFake/train/F02_SSB13410027.wav,2
/USERSPACE/DATASETS/CodecFake/train/F02_p252_376.wav,2
/USERSPACE/DATASETS/CodecFake/train/F02_SSB03540252.wav,2
/USERSPACE/DATASETS/CodecFake/train/F02_p272_340.wav,2
/USERSPACE/DATASETS/CodecFake/train/F02_p258_126.wav,2
/USERSPACE/DATASETS/CodecFake/train/F02_SSB09930353.wav,2
/USERSPACE/DATASETS/CodecFake/train/F02_SSB11250149.wav,2
/USERSPACE/DATASETS/CodecFake/train/F02_SSB00180218.wav,2
/USERSPACE/DATASETS/CodecFake/train/F02_SSB02410314.wav,2
/USERSPACE/DATASETS/CodecFake/train/F02_SSB12030005.wav,2
/USERSPACE/DATASETS/CodecFake/train/F02_SSB07000445.wav,2
/USERSPACE/DATASETS/CodecFake/train/F02_SSB18280442.wav,2
/USERSPACE/DATASETS/CodecFake/train/F02_p336_164.wav,2
/USERSPACE/DATASETS/CodecFake/train/F02_SSB05700002.wav,2
/USERSPACE/DATASETS/CodecFake/train/F02_SSB06140368.wav,2
/USERSPACE/DATASETS/CodecFake/train/F02_SSB05700056.wav,2
/USERSPACE/DATASETS/CodecFake/train/F02_SSB12040399.wav,2
/USERSPACE/DATASETS/CodecFake/train/F02_SSB03790345.wav,2
/USERSPACE/DATASETS/CodecFake/train/F02_SSB03800221.wav,2
/USERSPACE/DATASETS/CodecFake/train/F02_SSB13400160.wav,2
/USERSPACE/DATASETS/CodecFake/train/F02_SSB08220182.wav,2
/USERSPACE/DATASETS/CodecFake/train/F02_SSB03540064.wav,2
/USERSPACE/DATASETS/CodecFake/train/F02_SSB10640266.wav,2
/USERSPACE/DATASETS/CodecFake/train/F02_p278_311.wav,2
/USERSPACE/DATASETS/CodecFake/train/F02_SSB02880048.wav,2
/USERSPACE/DATASETS/CodecFake/train/F02_SSB07020114.wav,2
/USERSPACE/DATASETS/CodecFake/train/F02_SSB00570370.wav,2
/USERSPACE/DATASETS/CodecFake/train/F02_p363_299.wav,2
/USERSPACE/DATASETS/CodecFake/train/F02_SSB05780171.wav,2
/USERSPACE/DATASETS/CodecFake/train/F02_SSB18320373.wav,2
/USERSPACE/DATASETS/CodecFake/train/F02_SSB02990274.wav,2
/USERSPACE/DATASETS/CodecFake/train/F02_SSB09130128.wav,2
/USERSPACE/DATASETS/CodecFake/train/F02_p330_334.wav,2
/USERSPACE/DATASETS/CodecFake/train/F02_SSB15750102.wav,2
/USERSPACE/DATASETS/CodecFake/train/F02_p306_141.wav,2
/USERSPACE/DATASETS/CodecFake/train/F02_SSB04260140.wav,2
/USERSPACE/DATASETS/CodecFake/train/F02_p312_265.wav,2
/USERSPACE/DATASETS/CodecFake/train/F02_SSB12390026.wav,2
/USERSPACE/DATASETS/CodecFake/train/F02_p343_288.wav,2
/USERSPACE/DATASETS/CodecFake/train/F02_p249_093.wav,2
/USERSPACE/DATASETS/CodecFake/train/F02_p306_011.wav,2
/USERSPACE/DATASETS/CodecFake/train/F02_p345_039.wav,2
/USERSPACE/DATASETS/CodecFake/train/F02_p238_379.wav,2
/USERSPACE/DATASETS/CodecFake/train/F02_SSB11250240.wav,2
/USERSPACE/DATASETS/CodecFake/train/F02_SSB18630126.wav,2
/USERSPACE/DATASETS/CodecFake/train/F02_SSB18060175.wav,2
/USERSPACE/DATASETS/CodecFake/train/F02_SSB10550482.wav,2
/USERSPACE/DATASETS/CodecFake/train/F02_p263_438.wav,2
/USERSPACE/DATASETS/CodecFake/train/F02_SSB03930095.wav,2
/USERSPACE/DATASETS/CodecFake/train/F02_p323_420.wav,2
/USERSPACE/DATASETS/CodecFake/train/F02_SSB00110135.wav,2
/USERSPACE/DATASETS/CodecFake/train/F02_p246_249.wav,2
/USERSPACE/DATASETS/CodecFake/train/F02_SSB07580379.wav,2
/USERSPACE/DATASETS/CodecFake/train/F02_SSB09350103.wav,2
/USERSPACE/DATASETS/CodecFake/train/F02_SSB07490484.wav,2
/USERSPACE/DATASETS/CodecFake/train/F02_SSB18310240.wav,2
/USERSPACE/DATASETS/CodecFake/train/F02_p305_153.wav,2
/USERSPACE/DATASETS/CodecFake/train/F02_p272_018.wav,2
/USERSPACE/DATASETS/CodecFake/train/F02_p264_469.wav,2
/USERSPACE/DATASETS/CodecFake/train/F02_SSB03150268.wav,2
/USERSPACE/DATASETS/CodecFake/train/F02_p275_297.wav,2
/USERSPACE/DATASETS/CodecFake/train/F02_p284_366.wav,2
/USERSPACE/DATASETS/CodecFake/train/F02_p311_112.wav,2
/USERSPACE/DATASETS/CodecFake/train/F02_SSB06860031.wav,2
/USERSPACE/DATASETS/CodecFake/train/F02_SSB04270157.wav,2
/USERSPACE/DATASETS/CodecFake/train/F02_SSB07200221.wav,2
/USERSPACE/DATASETS/CodecFake/train/F02_SSB00160423.wav,2
/USERSPACE/DATASETS/CodecFake/train/F02_SSB13220081.wav,2
/USERSPACE/DATASETS/CodecFake/train/F02_p306_104.wav,2
/USERSPACE/DATASETS/CodecFake/train/F02_SSB07360291.wav,2
/USERSPACE/DATASETS/CodecFake/train/F02_SSB07510429.wav,2
/USERSPACE/DATASETS/CodecFake/train/F02_SSB03380304.wav,2
/USERSPACE/DATASETS/CodecFake/train/F02_p312_226.wav,2
/USERSPACE/DATASETS/CodecFake/train/F02_p233_389.wav,2
/USERSPACE/DATASETS/CodecFake/train/F02_p250_363.wav,2
/USERSPACE/DATASETS/CodecFake/train/F02_p316_234.wav,2
/USERSPACE/DATASETS/CodecFake/train/F02_SSB01930438.wav,2
/USERSPACE/DATASETS/CodecFake/train/F02_p295_009.wav,2
/USERSPACE/DATASETS/CodecFake/train/F02_SSB06030026.wav,2
/USERSPACE/DATASETS/CodecFake/train/F02_p272_105.wav,2
/USERSPACE/DATASETS/CodecFake/train/F02_SSB07840279.wav,2
/USERSPACE/DATASETS/CodecFake/train/F02_SSB05440187.wav,2
/USERSPACE/DATASETS/CodecFake/train/F02_p297_312.wav,2
/USERSPACE/DATASETS/CodecFake/train/F02_SSB07480061.wav,2
/USERSPACE/DATASETS/CodecFake/train/F02_SSB06140392.wav,2
/USERSPACE/DATASETS/CodecFake/train/F02_p233_062.wav,2
/USERSPACE/DATASETS/CodecFake/train/F02_p281_106.wav,2
/USERSPACE/DATASETS/CodecFake/train/F02_SSB08870236.wav,2
/USERSPACE/DATASETS/CodecFake/train/F02_SSB04270297.wav,2
/USERSPACE/DATASETS/CodecFake/train/F02_p294_155.wav,2
/USERSPACE/DATASETS/CodecFake/train/F02_SSB13410245.wav,2
/USERSPACE/DATASETS/CodecFake/train/F02_SSB18060276.wav,2
/USERSPACE/DATASETS/CodecFake/train/F02_SSB02410371.wav,2
/USERSPACE/DATASETS/CodecFake/train/F02_SSB12030008.wav,2
/USERSPACE/DATASETS/CodecFake/train/F02_p239_266.wav,2
/USERSPACE/DATASETS/CodecFake/train/F02_SSB15550348.wav,2
/USERSPACE/DATASETS/CodecFake/train/F02_p294_232.wav,2
/USERSPACE/DATASETS/CodecFake/train/F02_p285_317.wav,2
/USERSPACE/DATASETS/CodecFake/train/F02_SSB09930331.wav,2
/USERSPACE/DATASETS/CodecFake/train/F02_p297_191.wav,2
/USERSPACE/DATASETS/CodecFake/train/F02_SSB11250182.wav,2
/USERSPACE/DATASETS/CodecFake/train/F02_p297_275.wav,2
/USERSPACE/DATASETS/CodecFake/train/F02_SSB05990037.wav,2
/USERSPACE/DATASETS/CodecFake/train/F02_p281_104.wav,2
/USERSPACE/DATASETS/CodecFake/train/F02_SSB13020335.wav,2
/USERSPACE/DATASETS/CodecFake/train/F02_SSB05990017.wav,2
/USERSPACE/DATASETS/CodecFake/train/F02_p264_295.wav,2
/USERSPACE/DATASETS/CodecFake/train/F02_SSB06060330.wav,2
/USERSPACE/DATASETS/CodecFake/train/F02_p265_322.wav,2
/USERSPACE/DATASETS/CodecFake/train/F02_p250_048.wav,2
/USERSPACE/DATASETS/CodecFake/train/F02_p245_101.wav,2
/USERSPACE/DATASETS/CodecFake/train/F02_SSB03150371.wav,2
/USERSPACE/DATASETS/CodecFake/train/F02_SSB10640036.wav,2
/USERSPACE/DATASETS/CodecFake/train/F02_SSB09190221.wav,2
/USERSPACE/DATASETS/CodecFake/train/F02_p361_423.wav,2
/USERSPACE/DATASETS/CodecFake/train/F02_SSB10560084.wav,2
/USERSPACE/DATASETS/CodecFake/train/F02_p302_313.wav,2
/USERSPACE/DATASETS/CodecFake/train/F02_SSB04150057.wav,2
/USERSPACE/DATASETS/CodecFake/train/F02_SSB09350149.wav,2
/USERSPACE/DATASETS/CodecFake/train/F02_SSB06030250.wav,2
/USERSPACE/DATASETS/CodecFake/train/F02_SSB07580357.wav,2
/USERSPACE/DATASETS/CodecFake/train/F02_p257_011.wav,2
/USERSPACE/DATASETS/CodecFake/train/F02_SSB12530307.wav,2
/USERSPACE/DATASETS/CodecFake/train/F02_SSB01220282.wav,2
/USERSPACE/DATASETS/CodecFake/train/F02_SSB01450067.wav,2
/USERSPACE/DATASETS/CodecFake/train/F02_SSB01330213.wav,2
/USERSPACE/DATASETS/CodecFake/train/F02_SSB00180123.wav,2
/USERSPACE/DATASETS/CodecFake/train/F02_SSB16860077.wav,2
/USERSPACE/DATASETS/CodecFake/train/F02_p282_118.wav,2
/USERSPACE/DATASETS/CodecFake/train/F02_SSB01390263.wav,2
/USERSPACE/DATASETS/CodecFake/train/F02_SSB03410403.wav,2
/USERSPACE/DATASETS/CodecFake/train/F02_SSB11250211.wav,2
/USERSPACE/DATASETS/CodecFake/train/F02_SSB11310218.wav,2
/USERSPACE/DATASETS/CodecFake/train/F02_SSB09870153.wav,2
/USERSPACE/DATASETS/CodecFake/train/F02_SSB01120128.wav,2
/USERSPACE/DATASETS/CodecFake/train/F02_p333_113.wav,2
/USERSPACE/DATASETS/CodecFake/train/F02_SSB18720219.wav,2
/USERSPACE/DATASETS/CodecFake/train/F02_p237_095.wav,2
/USERSPACE/DATASETS/CodecFake/train/F02_SSB14480289.wav,2
/USERSPACE/DATASETS/CodecFake/train/F02_SSB07020470.wav,2
/USERSPACE/DATASETS/CodecFake/train/F02_p268_385.wav,2
/USERSPACE/DATASETS/CodecFake/train/F02_SSB07460485.wav,2
/USERSPACE/DATASETS/CodecFake/train/F02_SSB07860061.wav,2
/USERSPACE/DATASETS/CodecFake/train/F02_SSB14480017.wav,2
/USERSPACE/DATASETS/CodecFake/train/F02_SSB16300440.wav,2
/USERSPACE/DATASETS/CodecFake/train/F02_SSB14080428.wav,2
/USERSPACE/DATASETS/CodecFake/train/F02_SSB16840282.wav,2
/USERSPACE/DATASETS/CodecFake/train/F02_p363_422.wav,2
/USERSPACE/DATASETS/CodecFake/train/F02_SSB18910461.wav,2
/USERSPACE/DATASETS/CodecFake/train/F02_SSB06710325.wav,2
/USERSPACE/DATASETS/CodecFake/train/F02_p281_200.wav,2
/USERSPACE/DATASETS/CodecFake/train/F02_p274_021.wav,2
/USERSPACE/DATASETS/CodecFake/train/F02_p334_062.wav,2
/USERSPACE/DATASETS/CodecFake/train/F02_SSB10720109.wav,2
/USERSPACE/DATASETS/CodecFake/train/F02_p232_006.wav,2
/USERSPACE/DATASETS/CodecFake/train/F02_p280_216.wav,2
/USERSPACE/DATASETS/CodecFake/train/F02_SSB09350065.wav,2
/USERSPACE/DATASETS/CodecFake/train/F02_SSB02730043.wav,2
/USERSPACE/DATASETS/CodecFake/train/F02_SSB02730042.wav,2
/USERSPACE/DATASETS/CodecFake/train/F02_SSB04260235.wav,2
/USERSPACE/DATASETS/CodecFake/train/F02_SSB10200319.wav,2
/USERSPACE/DATASETS/CodecFake/train/F02_SSB07360413.wav,2
/USERSPACE/DATASETS/CodecFake/train/F02_SSB05880141.wav,2
/USERSPACE/DATASETS/CodecFake/train/F02_SSB05340303.wav,2
/USERSPACE/DATASETS/CodecFake/train/F02_SSB13650429.wav,2
/USERSPACE/DATASETS/CodecFake/train/F02_SSB06290445.wav,2
/USERSPACE/DATASETS/CodecFake/train/F02_SSB02610025.wav,2
/USERSPACE/DATASETS/CodecFake/train/F02_p272_293.wav,2
/USERSPACE/DATASETS/CodecFake/train/F02_SSB11360073.wav,2
/USERSPACE/DATASETS/CodecFake/train/F02_SSB06070319.wav,2
/USERSPACE/DATASETS/CodecFake/train/F02_p233_016.wav,2
/USERSPACE/DATASETS/CodecFake/train/F02_p264_233.wav,2
/USERSPACE/DATASETS/CodecFake/train/F02_SSB05880193.wav,2
/USERSPACE/DATASETS/CodecFake/train/F02_SSB06320399.wav,2
/USERSPACE/DATASETS/CodecFake/train/F02_SSB02460339.wav,2
/USERSPACE/DATASETS/CodecFake/train/F02_p271_036.wav,2
/USERSPACE/DATASETS/CodecFake/train/F02_SSB03380004.wav,2
/USERSPACE/DATASETS/CodecFake/train/F02_SSB03660043.wav,2
/USERSPACE/DATASETS/CodecFake/train/F02_p360_051.wav,2
/USERSPACE/DATASETS/CodecFake/train/F02_SSB00160444.wav,2
/USERSPACE/DATASETS/CodecFake/train/F02_p236_491.wav,2
/USERSPACE/DATASETS/CodecFake/train/F02_SSB02460020.wav,2
/USERSPACE/DATASETS/CodecFake/train/F02_SSB00120003.wav,2
/USERSPACE/DATASETS/CodecFake/train/F02_SSB03420167.wav,2
/USERSPACE/DATASETS/CodecFake/train/F02_p318_239.wav,2
/USERSPACE/DATASETS/CodecFake/train/F02_SSB06710274.wav,2
/USERSPACE/DATASETS/CodecFake/train/F02_p351_348.wav,2
/USERSPACE/DATASETS/CodecFake/train/F02_SSB12040471.wav,2
/USERSPACE/DATASETS/CodecFake/train/F02_p363_074.wav,2
/USERSPACE/DATASETS/CodecFake/train/F02_SSB02870388.wav,2
/USERSPACE/DATASETS/CodecFake/train/F02_SSB07600477.wav,2
/USERSPACE/DATASETS/CodecFake/train/F02_SSB01930254.wav,2
/USERSPACE/DATASETS/CodecFake/train/F02_SSB01930062.wav,2
/USERSPACE/DATASETS/CodecFake/train/F02_SSB05700207.wav,2
/USERSPACE/DATASETS/CodecFake/train/F02_p259_164.wav,2
/USERSPACE/DATASETS/CodecFake/train/F02_SSB07000400.wav,2
/USERSPACE/DATASETS/CodecFake/train/F02_SSB05650276.wav,2
/USERSPACE/DATASETS/CodecFake/train/F02_SSB01930271.wav,2
/USERSPACE/DATASETS/CodecFake/train/F02_SSB12030378.wav,2
/USERSPACE/DATASETS/CodecFake/train/F02_SSB06070014.wav,2
/USERSPACE/DATASETS/CodecFake/train/F02_SSB16240067.wav,2
/USERSPACE/DATASETS/CodecFake/train/F02_SSB03540099.wav,2
/USERSPACE/DATASETS/CodecFake/train/F02_SSB16500427.wav,2
/USERSPACE/DATASETS/CodecFake/train/F02_SSB05350288.wav,2
/USERSPACE/DATASETS/CodecFake/train/F02_p341_094.wav,2
/USERSPACE/DATASETS/CodecFake/train/F02_SSB05440060.wav,2
/USERSPACE/DATASETS/CodecFake/train/F02_SSB04270087.wav,2
/USERSPACE/DATASETS/CodecFake/train/F02_SSB07200276.wav,2
/USERSPACE/DATASETS/CodecFake/train/F02_SSB00090287.wav,2
/USERSPACE/DATASETS/CodecFake/train/F02_p335_019.wav,2
/USERSPACE/DATASETS/CodecFake/train/F02_SSB09870495.wav,2
/USERSPACE/DATASETS/CodecFake/train/F02_SSB04340371.wav,2
/USERSPACE/DATASETS/CodecFake/train/F02_SSB05340288.wav,2
/USERSPACE/DATASETS/CodecFake/train/F02_SSB00110177.wav,2
/USERSPACE/DATASETS/CodecFake/train/F02_SSB01450261.wav,2
/USERSPACE/DATASETS/CodecFake/train/F02_SSB07230111.wav,2
/USERSPACE/DATASETS/CodecFake/train/F02_SSB07160324.wav,2
/USERSPACE/DATASETS/CodecFake/train/F02_SSB03410252.wav,2
/USERSPACE/DATASETS/CodecFake/train/F02_SSB11150449.wav,2
/USERSPACE/DATASETS/CodecFake/train/F02_p269_075.wav,2
/USERSPACE/DATASETS/CodecFake/train/F02_SSB01450139.wav,2
/USERSPACE/DATASETS/CodecFake/train/F02_p339_003.wav,2
/USERSPACE/DATASETS/CodecFake/train/F02_SSB00050068.wav,2
/USERSPACE/DATASETS/CodecFake/train/F02_p228_176.wav,2
/USERSPACE/DATASETS/CodecFake/train/F02_SSB06660247.wav,2
/USERSPACE/DATASETS/CodecFake/train/F02_SSB02990517.wav,2
/USERSPACE/DATASETS/CodecFake/train/F02_SSB19350436.wav,2
/USERSPACE/DATASETS/CodecFake/train/F02_p345_095.wav,2
/USERSPACE/DATASETS/CodecFake/train/F02_SSB11350151.wav,2
/USERSPACE/DATASETS/CodecFake/train/F02_SSB01930221.wav,2
/USERSPACE/DATASETS/CodecFake/train/F02_SSB13020466.wav,2
/USERSPACE/DATASETS/CodecFake/train/F02_p277_241.wav,2
/USERSPACE/DATASETS/CodecFake/train/F02_SSB01490058.wav,2
/USERSPACE/DATASETS/CodecFake/train/F02_SSB14370001.wav,2
/USERSPACE/DATASETS/CodecFake/train/F02_SSB09870428.wav,2
/USERSPACE/DATASETS/CodecFake/train/F02_p303_120.wav,2
/USERSPACE/DATASETS/CodecFake/train/F02_SSB10560152.wav,2
/USERSPACE/DATASETS/CodecFake/train/F02_SSB10910013.wav,2
/USERSPACE/DATASETS/CodecFake/train/F02_SSB07110503.wav,2
/USERSPACE/DATASETS/CodecFake/train/F02_SSB06710041.wav,2
/USERSPACE/DATASETS/CodecFake/train/F02_p238_439.wav,2
/USERSPACE/DATASETS/CodecFake/train/F02_SSB13920027.wav,2
/USERSPACE/DATASETS/CodecFake/train/F02_SSB03750390.wav,2
/USERSPACE/DATASETS/CodecFake/train/F02_SSB07480157.wav,2
/USERSPACE/DATASETS/CodecFake/train/F02_SSB06710306.wav,2
/USERSPACE/DATASETS/CodecFake/train/F02_p300_068.wav,2
/USERSPACE/DATASETS/CodecFake/train/F02_SSB12150295.wav,2
/USERSPACE/DATASETS/CodecFake/train/F02_SSB15930056.wav,2
/USERSPACE/DATASETS/CodecFake/train/F02_SSB07110416.wav,2
/USERSPACE/DATASETS/CodecFake/train/F02_SSB06290144.wav,2
/USERSPACE/DATASETS/CodecFake/train/F02_p329_115.wav,2
/USERSPACE/DATASETS/CodecFake/train/F02_p362_137.wav,2
/USERSPACE/DATASETS/CodecFake/train/F02_SSB17810296.wav,2
/USERSPACE/DATASETS/CodecFake/train/F02_SSB11250369.wav,2
/USERSPACE/DATASETS/CodecFake/train/F02_SSB19350170.wav,2
/USERSPACE/DATASETS/CodecFake/train/F02_SSB02670002.wav,2
/USERSPACE/DATASETS/CodecFake/train/F02_p253_143.wav,2
/USERSPACE/DATASETS/CodecFake/train/F02_SSB11310213.wav,2
/USERSPACE/DATASETS/CodecFake/train/F02_SSB13820077.wav,2
/USERSPACE/DATASETS/CodecFake/train/F02_SSB10080213.wav,2
/USERSPACE/DATASETS/CodecFake/train/F02_p225_141.wav,2
/USERSPACE/DATASETS/CodecFake/train/F02_SSB12190429.wav,2
/USERSPACE/DATASETS/CodecFake/train/F02_SSB04350343.wav,2
/USERSPACE/DATASETS/CodecFake/train/F02_SSB07020261.wav,2
/USERSPACE/DATASETS/CodecFake/train/F02_SSB07780078.wav,2
/USERSPACE/DATASETS/CodecFake/train/F02_SSB07940247.wav,2
/USERSPACE/DATASETS/CodecFake/train/F02_p284_242.wav,2
/USERSPACE/DATASETS/CodecFake/train/F02_SSB19350002.wav,2
/USERSPACE/DATASETS/CodecFake/train/F02_p257_233.wav,2
/USERSPACE/DATASETS/CodecFake/train/F02_SSB05940485.wav,2
/USERSPACE/DATASETS/CodecFake/train/F02_SSB03070130.wav,2
/USERSPACE/DATASETS/CodecFake/train/F02_p299_003.wav,2
/USERSPACE/DATASETS/CodecFake/train/F02_SSB13660214.wav,2
/USERSPACE/DATASETS/CodecFake/train/F02_SSB04700371.wav,2
/USERSPACE/DATASETS/CodecFake/train/F02_p265_194.wav,2
/USERSPACE/DATASETS/CodecFake/train/F02_SSB03380054.wav,2
/USERSPACE/DATASETS/CodecFake/train/F02_SSB01330067.wav,2
/USERSPACE/DATASETS/CodecFake/train/F02_SSB13280177.wav,2
/USERSPACE/DATASETS/CodecFake/train/F02_SSB12740328.wav,2
/USERSPACE/DATASETS/CodecFake/train/F02_p261_386.wav,2
/USERSPACE/DATASETS/CodecFake/train/F02_SSB12160278.wav,2
/USERSPACE/DATASETS/CodecFake/train/F02_SSB16250487.wav,2
/USERSPACE/DATASETS/CodecFake/train/F02_SSB00330343.wav,2
/USERSPACE/DATASETS/CodecFake/train/F02_SSB03850137.wav,2
/USERSPACE/DATASETS/CodecFake/train/F02_SSB09930470.wav,2
/USERSPACE/DATASETS/CodecFake/train/F02_SSB09130192.wav,2
/USERSPACE/DATASETS/CodecFake/train/F02_p360_057.wav,2
/USERSPACE/DATASETS/CodecFake/train/F02_SSB02460354.wav,2
/USERSPACE/DATASETS/CodecFake/train/F02_p264_271.wav,2
/USERSPACE/DATASETS/CodecFake/train/F02_SSB16840155.wav,2
/USERSPACE/DATASETS/CodecFake/train/F02_SSB03090086.wav,2
/USERSPACE/DATASETS/CodecFake/train/F02_SSB18320244.wav,2
/USERSPACE/DATASETS/CodecFake/train/F02_SSB11310317.wav,2
/USERSPACE/DATASETS/CodecFake/train/F02_p271_454.wav,2
/USERSPACE/DATASETS/CodecFake/train/F02_SSB19180379.wav,2
/USERSPACE/DATASETS/CodecFake/train/F02_SSB08870239.wav,2
/USERSPACE/DATASETS/CodecFake/train/F02_SSB10240325.wav,2
/USERSPACE/DATASETS/CodecFake/train/F02_SSB04150018.wav,2
/USERSPACE/DATASETS/CodecFake/train/F02_SSB03540411.wav,2
/USERSPACE/DATASETS/CodecFake/train/F02_SSB02410337.wav,2
/USERSPACE/DATASETS/CodecFake/train/F02_SSB11610153.wav,2
/USERSPACE/DATASETS/CodecFake/train/F02_SSB15550034.wav,2
/USERSPACE/DATASETS/CodecFake/train/F02_p248_304.wav,2
/USERSPACE/DATASETS/CodecFake/train/F02_SSB11610459.wav,2
/USERSPACE/DATASETS/CodecFake/train/F02_SSB03150144.wav,2
/USERSPACE/DATASETS/CodecFake/train/F02_SSB06930090.wav,2
/USERSPACE/DATASETS/CodecFake/train/F02_SSB18060367.wav,2
/USERSPACE/DATASETS/CodecFake/train/F02_p345_198.wav,2
/USERSPACE/DATASETS/CodecFake/train/F02_p345_337.wav,2
/USERSPACE/DATASETS/CodecFake/train/F02_SSB04260102.wav,2
/USERSPACE/DATASETS/CodecFake/train/F02_p276_383.wav,2
/USERSPACE/DATASETS/CodecFake/train/F02_SSB13200156.wav,2
/USERSPACE/DATASETS/CodecFake/train/F02_SSB08090191.wav,2
/USERSPACE/DATASETS/CodecFake/train/F02_SSB09190244.wav,2
/USERSPACE/DATASETS/CodecFake/train/F02_p244_335.wav,2
/USERSPACE/DATASETS/CodecFake/train/F02_p318_236.wav,2
/USERSPACE/DATASETS/CodecFake/train/F02_SSB02410446.wav,2
/USERSPACE/DATASETS/CodecFake/train/F02_SSB05390276.wav,2
/USERSPACE/DATASETS/CodecFake/train/F02_SSB01220276.wav,2
/USERSPACE/DATASETS/CodecFake/train/F02_SSB12210184.wav,2
/USERSPACE/DATASETS/CodecFake/train/F02_SSB06680077.wav,2
/USERSPACE/DATASETS/CodecFake/train/F02_SSB07100164.wav,2
/USERSPACE/DATASETS/CodecFake/train/F02_p376_023.wav,2
/USERSPACE/DATASETS/CodecFake/train/F02_p272_190.wav,2
/USERSPACE/DATASETS/CodecFake/train/F02_p300_071.wav,2
/USERSPACE/DATASETS/CodecFake/train/F02_p334_158.wav,2
/USERSPACE/DATASETS/CodecFake/train/F02_SSB10240462.wav,2
/USERSPACE/DATASETS/CodecFake/train/F02_p312_317.wav,2
/USERSPACE/DATASETS/CodecFake/train/F02_SSB05780280.wav,2
/USERSPACE/DATASETS/CodecFake/train/F02_p306_162.wav,2
/USERSPACE/DATASETS/CodecFake/train/F02_p247_106.wav,2
/USERSPACE/DATASETS/CodecFake/train/F02_p249_122.wav,2
/USERSPACE/DATASETS/CodecFake/train/F02_p301_050.wav,2
/USERSPACE/DATASETS/CodecFake/train/F02_SSB07170414.wav,2
/USERSPACE/DATASETS/CodecFake/train/F02_SSB11380370.wav,2
/USERSPACE/DATASETS/CodecFake/train/F02_SSB03160381.wav,2
/USERSPACE/DATASETS/CodecFake/train/F02_SSB03540400.wav,2
/USERSPACE/DATASETS/CodecFake/train/F02_SSB05900069.wav,2
/USERSPACE/DATASETS/CodecFake/train/F02_SSB10720079.wav,2
/USERSPACE/DATASETS/CodecFake/train/F02_SSB11310202.wav,2
/USERSPACE/DATASETS/CodecFake/train/F02_p248_246.wav,2
/USERSPACE/DATASETS/CodecFake/train/F02_SSB03540353.wav,2
/USERSPACE/DATASETS/CodecFake/train/F02_p285_104.wav,2
/USERSPACE/DATASETS/CodecFake/train/F02_SSB06710014.wav,2
/USERSPACE/DATASETS/CodecFake/train/F02_SSB17590294.wav,2
/USERSPACE/DATASETS/CodecFake/train/F02_p311_200.wav,2
/USERSPACE/DATASETS/CodecFake/train/F02_p311_270.wav,2
/USERSPACE/DATASETS/CodecFake/train/F02_SSB04340062.wav,2
/USERSPACE/DATASETS/CodecFake/train/F02_p334_072.wav,2
/USERSPACE/DATASETS/CodecFake/train/F02_SSB03160137.wav,2
/USERSPACE/DATASETS/CodecFake/train/F02_SSB16500339.wav,2
/USERSPACE/DATASETS/CodecFake/train/F02_p343_252.wav,2
/USERSPACE/DATASETS/CodecFake/train/F02_SSB08630486.wav,2
/USERSPACE/DATASETS/CodecFake/train/F02_p274_046.wav,2
/USERSPACE/DATASETS/CodecFake/train/F02_SSB02460271.wav,2
/USERSPACE/DATASETS/CodecFake/train/F02_SSB09870202.wav,2
/USERSPACE/DATASETS/CodecFake/train/F02_SSB11360071.wav,2
/USERSPACE/DATASETS/CodecFake/train/F02_SSB00730193.wav,2
/USERSPACE/DATASETS/CodecFake/train/F02_SSB11610284.wav,2
/USERSPACE/DATASETS/CodecFake/train/F02_SSB16990418.wav,2
/USERSPACE/DATASETS/CodecFake/train/F02_SSB11760047.wav,2
/USERSPACE/DATASETS/CodecFake/train/F02_SSB05020404.wav,2
/USERSPACE/DATASETS/CodecFake/train/F02_SSB06030418.wav,2
/USERSPACE/DATASETS/CodecFake/train/F02_SSB11870156.wav,2
/USERSPACE/DATASETS/CodecFake/train/F02_SSB13660111.wav,2
/USERSPACE/DATASETS/CodecFake/train/F02_SSB01450138.wav,2
/USERSPACE/DATASETS/CodecFake/train/F02_p308_418.wav,2
/USERSPACE/DATASETS/CodecFake/train/F02_SSB02670244.wav,2
/USERSPACE/DATASETS/CodecFake/train/F02_p374_268.wav,2
/USERSPACE/DATASETS/CodecFake/train/F02_SSB08090473.wav,2
/USERSPACE/DATASETS/CodecFake/train/F02_p266_118.wav,2
/USERSPACE/DATASETS/CodecFake/train/F02_p255_202.wav,2
/USERSPACE/DATASETS/CodecFake/train/F02_p284_089.wav,2
/USERSPACE/DATASETS/CodecFake/train/F02_p288_205.wav,2
/USERSPACE/DATASETS/CodecFake/train/F02_SSB03230462.wav,2
/USERSPACE/DATASETS/CodecFake/train/F02_SSB09130248.wav,2
/USERSPACE/DATASETS/CodecFake/train/F02_SSB07200464.wav,2
/USERSPACE/DATASETS/CodecFake/train/F02_SSB10720044.wav,2
/USERSPACE/DATASETS/CodecFake/train/F02_p292_357.wav,2
/USERSPACE/DATASETS/CodecFake/train/F02_SSB03160242.wav,2
/USERSPACE/DATASETS/CodecFake/train/F02_SSB16500470.wav,2
/USERSPACE/DATASETS/CodecFake/train/F02_SSB10640104.wav,2
/USERSPACE/DATASETS/CodecFake/train/F02_SSB09350326.wav,2
/USERSPACE/DATASETS/CodecFake/train/F02_SSB11380335.wav,2
/USERSPACE/DATASETS/CodecFake/train/F02_SSB07580011.wav,2
/USERSPACE/DATASETS/CodecFake/train/F02_p229_268.wav,2
/USERSPACE/DATASETS/CodecFake/train/F02_p311_227.wav,2
/USERSPACE/DATASETS/CodecFake/train/F02_SSB11870286.wav,2
/USERSPACE/DATASETS/CodecFake/train/F02_SSB19350298.wav,2
/USERSPACE/DATASETS/CodecFake/train/F02_SSB18370380.wav,2
/USERSPACE/DATASETS/CodecFake/train/F02_SSB04260390.wav,2
/USERSPACE/DATASETS/CodecFake/train/F02_SSB03070207.wav,2
/USERSPACE/DATASETS/CodecFake/train/F02_SSB17390425.wav,2
/USERSPACE/DATASETS/CodecFake/train/F02_p252_096.wav,2
/USERSPACE/DATASETS/CodecFake/train/F02_p275_075.wav,2
/USERSPACE/DATASETS/CodecFake/train/F02_p258_071.wav,2
/USERSPACE/DATASETS/CodecFake/train/F02_SSB10240455.wav,2
/USERSPACE/DATASETS/CodecFake/train/F02_SSB07620173.wav,2
/USERSPACE/DATASETS/CodecFake/train/F02_p273_056.wav,2
/USERSPACE/DATASETS/CodecFake/train/F02_SSB03070203.wav,2
/USERSPACE/DATASETS/CodecFake/train/F02_SSB11970215.wav,2
/USERSPACE/DATASETS/CodecFake/train/F02_SSB05650072.wav,2
/USERSPACE/DATASETS/CodecFake/train/F02_SSB04150200.wav,2
/USERSPACE/DATASETS/CodecFake/train/F02_SSB03660128.wav,2
/USERSPACE/DATASETS/CodecFake/train/F02_p330_004.wav,2
/USERSPACE/DATASETS/CodecFake/train/F02_SSB12190053.wav,2
/USERSPACE/DATASETS/CodecFake/train/F02_p295_016.wav,2
/USERSPACE/DATASETS/CodecFake/train/F02_SSB18060369.wav,2
/USERSPACE/DATASETS/CodecFake/train/F02_SSB10550400.wav,2
/USERSPACE/DATASETS/CodecFake/train/F02_SSB07510160.wav,2
/USERSPACE/DATASETS/CodecFake/train/F02_p283_244.wav,2
/USERSPACE/DATASETS/CodecFake/train/F02_SSB09660470.wav,2
/USERSPACE/DATASETS/CodecFake/train/F02_SSB07860388.wav,2
/USERSPACE/DATASETS/CodecFake/train/F02_SSB13400419.wav,2
/USERSPACE/DATASETS/CodecFake/train/F02_SSB05340237.wav,2
/USERSPACE/DATASETS/CodecFake/train/F02_SSB12390431.wav,2
/USERSPACE/DATASETS/CodecFake/train/F02_p345_264.wav,2
/USERSPACE/DATASETS/CodecFake/train/F02_SSB16500284.wav,2
/USERSPACE/DATASETS/CodecFake/train/F02_SSB02000192.wav,2
/USERSPACE/DATASETS/CodecFake/train/F02_p275_233.wav,2
/USERSPACE/DATASETS/CodecFake/train/F02_SSB15670379.wav,2
/USERSPACE/DATASETS/CodecFake/train/F02_SSB00430416.wav,2
/USERSPACE/DATASETS/CodecFake/train/F02_SSB05440117.wav,2
/USERSPACE/DATASETS/CodecFake/train/F02_p268_259.wav,2
/USERSPACE/DATASETS/CodecFake/train/F02_SSB16240227.wav,2
/USERSPACE/DATASETS/CodecFake/train/F02_p251_299.wav,2
/USERSPACE/DATASETS/CodecFake/train/F02_p287_091.wav,2
/USERSPACE/DATASETS/CodecFake/train/F02_SSB05440322.wav,2
/USERSPACE/DATASETS/CodecFake/train/F02_p284_249.wav,2
/USERSPACE/DATASETS/CodecFake/train/F02_SSB04700158.wav,2
/USERSPACE/DATASETS/CodecFake/train/F02_SSB05390386.wav,2
/USERSPACE/DATASETS/CodecFake/train/F02_SSB19180502.wav,2
/USERSPACE/DATASETS/CodecFake/train/F02_SSB16860143.wav,2
/USERSPACE/DATASETS/CodecFake/train/F02_SSB10640469.wav,2
/USERSPACE/DATASETS/CodecFake/train/F02_p336_178.wav,2
/USERSPACE/DATASETS/CodecFake/train/F02_p258_073.wav,2
/USERSPACE/DATASETS/CodecFake/train/F02_p304_027.wav,2
/USERSPACE/DATASETS/CodecFake/train/F02_p262_232.wav,2
/USERSPACE/DATASETS/CodecFake/train/F02_p351_312.wav,2
/USERSPACE/DATASETS/CodecFake/train/F02_SSB07860200.wav,2
/USERSPACE/DATASETS/CodecFake/train/F02_SSB00430385.wav,2
/USERSPACE/DATASETS/CodecFake/train/F02_p351_316.wav,2
/USERSPACE/DATASETS/CodecFake/train/F02_SSB09130033.wav,2
/USERSPACE/DATASETS/CodecFake/train/F02_SSB17280077.wav,2
/USERSPACE/DATASETS/CodecFake/train/F02_p230_240.wav,2
/USERSPACE/DATASETS/CodecFake/train/F02_p239_308.wav,2
/USERSPACE/DATASETS/CodecFake/train/F02_p298_100.wav,2
/USERSPACE/DATASETS/CodecFake/train/F02_SSB11310389.wav,2
/USERSPACE/DATASETS/CodecFake/train/F02_SSB03410448.wav,2
/USERSPACE/DATASETS/CodecFake/train/F02_SSB13820042.wav,2
/USERSPACE/DATASETS/CodecFake/train/F02_SSB06290126.wav,2
/USERSPACE/DATASETS/CodecFake/train/F02_p312_231.wav,2
/USERSPACE/DATASETS/CodecFake/train/F02_p260_298.wav,2
/USERSPACE/DATASETS/CodecFake/train/F02_p287_235.wav,2
/USERSPACE/DATASETS/CodecFake/train/F02_SSB16250238.wav,2
/USERSPACE/DATASETS/CodecFake/train/F02_SSB12740409.wav,2
/USERSPACE/DATASETS/CodecFake/train/F02_p243_122.wav,2
/USERSPACE/DATASETS/CodecFake/train/F02_SSB01450227.wav,2
/USERSPACE/DATASETS/CodecFake/train/F02_SSB00330452.wav,2
/USERSPACE/DATASETS/CodecFake/train/F02_p237_131.wav,2
/USERSPACE/DATASETS/CodecFake/train/F02_p299_023.wav,2
/USERSPACE/DATASETS/CodecFake/train/F02_SSB03950357.wav,2
/USERSPACE/DATASETS/CodecFake/train/F02_SSB02730368.wav,2
/USERSPACE/DATASETS/CodecFake/train/F02_p284_333.wav,2
/USERSPACE/DATASETS/CodecFake/train/F02_SSB00160194.wav,2
/USERSPACE/DATASETS/CodecFake/train/F02_SSB05390385.wav,2
/USERSPACE/DATASETS/CodecFake/train/F02_p258_247.wav,2
/USERSPACE/DATASETS/CodecFake/train/F02_p270_113.wav,2
/USERSPACE/DATASETS/CodecFake/train/F02_SSB07800013.wav,2
/USERSPACE/DATASETS/CodecFake/train/F02_p227_344.wav,2
/USERSPACE/DATASETS/CodecFake/train/F02_SSB12040497.wav,2
/USERSPACE/DATASETS/CodecFake/train/F02_SSB00090395.wav,2
/USERSPACE/DATASETS/CodecFake/train/F02_p280_356.wav,2
/USERSPACE/DATASETS/CodecFake/train/F02_p256_124.wav,2
/USERSPACE/DATASETS/CodecFake/train/F02_SSB08710471.wav,2
/USERSPACE/DATASETS/CodecFake/train/F02_SSB03800410.wav,2
/USERSPACE/DATASETS/CodecFake/train/F02_SSB04270486.wav,2
/USERSPACE/DATASETS/CodecFake/train/F02_SSB01930198.wav,2
/USERSPACE/DATASETS/CodecFake/train/F02_p230_201.wav,2
/USERSPACE/DATASETS/CodecFake/train/F02_p311_417.wav,2
/USERSPACE/DATASETS/CodecFake/train/F02_SSB18100203.wav,2
/USERSPACE/DATASETS/CodecFake/train/F02_SSB03950179.wav,2
/USERSPACE/DATASETS/CodecFake/train/F02_SSB11310119.wav,2
/USERSPACE/DATASETS/CodecFake/train/F02_SSB00800493.wav,2
/USERSPACE/DATASETS/CodecFake/train/F02_p247_197.wav,2
/USERSPACE/DATASETS/CodecFake/train/F02_SSB09190401.wav,2
/USERSPACE/DATASETS/CodecFake/train/F02_SSB06930287.wav,2
/USERSPACE/DATASETS/CodecFake/train/F02_SSB05780121.wav,2
/USERSPACE/DATASETS/CodecFake/train/F02_p270_253.wav,2
/USERSPACE/DATASETS/CodecFake/train/F02_SSB12740380.wav,2
/USERSPACE/DATASETS/CodecFake/train/F02_SSB03160282.wav,2
/USERSPACE/DATASETS/CodecFake/train/F02_p231_346.wav,2
/USERSPACE/DATASETS/CodecFake/train/F02_SSB11760449.wav,2
/USERSPACE/DATASETS/CodecFake/train/F02_p293_112.wav,2
/USERSPACE/DATASETS/CodecFake/train/F02_SSB07200073.wav,2
/USERSPACE/DATASETS/CodecFake/train/F02_SSB08090121.wav,2
/USERSPACE/DATASETS/CodecFake/train/F02_p248_197.wav,2
/USERSPACE/DATASETS/CodecFake/train/F02_SSB02870274.wav,2
/USERSPACE/DATASETS/CodecFake/train/F02_SSB16700006.wav,2
/USERSPACE/DATASETS/CodecFake/train/F02_p256_302.wav,2
/USERSPACE/DATASETS/CodecFake/train/F02_p316_320.wav,2
/USERSPACE/DATASETS/CodecFake/train/F02_SSB18060017.wav,2
/USERSPACE/DATASETS/CodecFake/train/F02_SSB18780163.wav,2
/USERSPACE/DATASETS/CodecFake/train/F02_p304_185.wav,2
/USERSPACE/DATASETS/CodecFake/train/F02_SSB16250501.wav,2
/USERSPACE/DATASETS/CodecFake/train/F02_SSB07800483.wav,2
/USERSPACE/DATASETS/CodecFake/train/F02_SSB06060329.wav,2
/USERSPACE/DATASETS/CodecFake/train/F02_SSB16840284.wav,2
/USERSPACE/DATASETS/CodecFake/train/F02_SSB18910342.wav,2
/USERSPACE/DATASETS/CodecFake/train/F02_p360_376.wav,2
/USERSPACE/DATASETS/CodecFake/train/F02_SSB11350326.wav,2
/USERSPACE/DATASETS/CodecFake/train/F02_SSB09190001.wav,2
/USERSPACE/DATASETS/CodecFake/train/F02_SSB12190032.wav,2
/USERSPACE/DATASETS/CodecFake/train/F02_SSB11250261.wav,2
/USERSPACE/DATASETS/CodecFake/train/F02_SSB02730015.wav,2
/USERSPACE/DATASETS/CodecFake/train/F02_SSB18780338.wav,2
/USERSPACE/DATASETS/CodecFake/train/F02_p313_229.wav,2
/USERSPACE/DATASETS/CodecFake/train/F02_SSB07200106.wav,2
/USERSPACE/DATASETS/CodecFake/train/F02_SSB18060445.wav,2
/USERSPACE/DATASETS/CodecFake/train/F02_SSB19350381.wav,2
/USERSPACE/DATASETS/CodecFake/train/F02_p277_112.wav,2
/USERSPACE/DATASETS/CodecFake/train/F02_p267_342.wav,2
/USERSPACE/DATASETS/CodecFake/train/F02_SSB09130207.wav,2
/USERSPACE/DATASETS/CodecFake/train/F02_p272_043.wav,2
/USERSPACE/DATASETS/CodecFake/train/F02_SSB12030206.wav,2
/USERSPACE/DATASETS/CodecFake/train/F02_p272_083.wav,2
/USERSPACE/DATASETS/CodecFake/train/F02_p305_191.wav,2
/USERSPACE/DATASETS/CodecFake/train/F02_SSB02460388.wav,2
/USERSPACE/DATASETS/CodecFake/train/F02_SSB04350406.wav,2
/USERSPACE/DATASETS/CodecFake/train/F02_p263_088.wav,2
/USERSPACE/DATASETS/CodecFake/train/F02_p364_055.wav,2
/USERSPACE/DATASETS/CodecFake/train/F02_SSB15850264.wav,2
/USERSPACE/DATASETS/CodecFake/train/F02_SSB19560137.wav,2
/USERSPACE/DATASETS/CodecFake/train/F02_SSB15930196.wav,2
/USERSPACE/DATASETS/CodecFake/train/F02_SSB06680408.wav,2
/USERSPACE/DATASETS/CodecFake/train/F02_p299_398.wav,2
/USERSPACE/DATASETS/CodecFake/train/F02_SSB03950244.wav,2
/USERSPACE/DATASETS/CodecFake/train/F02_p310_047.wav,2
/USERSPACE/DATASETS/CodecFake/train/F02_SSB09350460.wav,2
/USERSPACE/DATASETS/CodecFake/train/F02_SSB05440404.wav,2
/USERSPACE/DATASETS/CodecFake/train/F02_p250_358.wav,2
/USERSPACE/DATASETS/CodecFake/train/F02_SSB07780311.wav,2
/USERSPACE/DATASETS/CodecFake/train/F02_SSB00090365.wav,2
/USERSPACE/DATASETS/CodecFake/train/F02_SSB06230480.wav,2
/USERSPACE/DATASETS/CodecFake/train/F02_SSB07460255.wav,2
/USERSPACE/DATASETS/CodecFake/train/F02_SSB15630011.wav,2
/USERSPACE/DATASETS/CodecFake/train/F02_SSB06860069.wav,2
/USERSPACE/DATASETS/CodecFake/train/F02_SSB06680155.wav,2
/USERSPACE/DATASETS/CodecFake/train/F02_SSB15750255.wav,2
/USERSPACE/DATASETS/CodecFake/train/F02_p238_215.wav,2
/USERSPACE/DATASETS/CodecFake/train/F02_SSB13820191.wav,2
/USERSPACE/DATASETS/CodecFake/train/F02_SSB12210450.wav,2
/USERSPACE/DATASETS/CodecFake/train/F02_p246_151.wav,2
/USERSPACE/DATASETS/CodecFake/train/F02_p247_213.wav,2
/USERSPACE/DATASETS/CodecFake/train/F02_p297_125.wav,2
/USERSPACE/DATASETS/CodecFake/train/F02_SSB03850150.wav,2
/USERSPACE/DATASETS/CodecFake/train/F02_SSB09870296.wav,2
/USERSPACE/DATASETS/CodecFake/train/F02_p226_326.wav,2
/USERSPACE/DATASETS/CodecFake/train/F02_SSB07840388.wav,2
/USERSPACE/DATASETS/CodecFake/train/F02_SSB13850243.wav,2
/USERSPACE/DATASETS/CodecFake/train/F02_SSB18460265.wav,2
/USERSPACE/DATASETS/CodecFake/train/F02_SSB12180104.wav,2
/USERSPACE/DATASETS/CodecFake/train/F02_SSB05020142.wav,2
/USERSPACE/DATASETS/CodecFake/train/F02_SSB10000060.wav,2
/USERSPACE/DATASETS/CodecFake/train/F02_p229_145.wav,2
/USERSPACE/DATASETS/CodecFake/train/F02_SSB13200295.wav,2
/USERSPACE/DATASETS/CodecFake/train/F02_p271_079.wav,2
/USERSPACE/DATASETS/CodecFake/train/F02_SSB02870001.wav,2
/USERSPACE/DATASETS/CodecFake/train/F02_SSB04340452.wav,2
/USERSPACE/DATASETS/CodecFake/train/F02_p267_167.wav,2
/USERSPACE/DATASETS/CodecFake/train/F02_SSB06230050.wav,2
/USERSPACE/DATASETS/CodecFake/train/F02_SSB06310027.wav,2
/USERSPACE/DATASETS/CodecFake/train/F02_p245_289.wav,2
/USERSPACE/DATASETS/CodecFake/train/F02_SSB07460440.wav,2
/USERSPACE/DATASETS/CodecFake/train/F02_p318_194.wav,2
/USERSPACE/DATASETS/CodecFake/train/F02_p304_303.wav,2
/USERSPACE/DATASETS/CodecFake/train/F02_p255_218.wav,2
/USERSPACE/DATASETS/CodecFake/train/F02_SSB13280432.wav,2
/USERSPACE/DATASETS/CodecFake/train/F02_SSB03420351.wav,2
/USERSPACE/DATASETS/CodecFake/train/F02_p246_149.wav,2
/USERSPACE/DATASETS/CodecFake/train/F02_SSB04700227.wav,2
/USERSPACE/DATASETS/CodecFake/train/F02_SSB02410166.wav,2
/USERSPACE/DATASETS/CodecFake/train/F02_p345_193.wav,2
/USERSPACE/DATASETS/CodecFake/train/F02_p311_312.wav,2
/USERSPACE/DATASETS/CodecFake/train/F02_p248_167.wav,2
/USERSPACE/DATASETS/CodecFake/train/F02_SSB18320192.wav,2
/USERSPACE/DATASETS/CodecFake/train/F02_SSB02410341.wav,2
/USERSPACE/DATASETS/CodecFake/train/F02_SSB02880097.wav,2
/USERSPACE/DATASETS/CodecFake/train/F02_p339_154.wav,2
/USERSPACE/DATASETS/CodecFake/train/F02_p343_014.wav,2
/USERSPACE/DATASETS/CodecFake/train/F02_p306_191.wav,2
/USERSPACE/DATASETS/CodecFake/train/F02_SSB04150328.wav,2
/USERSPACE/DATASETS/CodecFake/train/F02_SSB11870261.wav,2
/USERSPACE/DATASETS/CodecFake/train/F02_SSB13850107.wav,2
/USERSPACE/DATASETS/CodecFake/train/F02_SSB10910074.wav,2
/USERSPACE/DATASETS/CodecFake/train/F02_SSB03940313.wav,2
/USERSPACE/DATASETS/CodecFake/train/F02_SSB07100269.wav,2
/USERSPACE/DATASETS/CodecFake/train/F02_SSB16300412.wav,2
/USERSPACE/DATASETS/CodecFake/train/F02_SSB07160282.wav,2
/USERSPACE/DATASETS/CodecFake/train/F02_SSB07200275.wav,2
/USERSPACE/DATASETS/CodecFake/train/F02_SSB07580313.wav,2
/USERSPACE/DATASETS/CodecFake/train/F02_SSB17390301.wav,2
/USERSPACE/DATASETS/CodecFake/train/F02_SSB04820306.wav,2
/USERSPACE/DATASETS/CodecFake/train/F02_p317_391.wav,2
/USERSPACE/DATASETS/CodecFake/train/F02_p317_283.wav,2
/USERSPACE/DATASETS/CodecFake/train/F02_p314_374.wav,2
/USERSPACE/DATASETS/CodecFake/train/F02_SSB11250155.wav,2
/USERSPACE/DATASETS/CodecFake/train/F02_p299_121.wav,2
/USERSPACE/DATASETS/CodecFake/train/F02_SSB07360355.wav,2
/USERSPACE/DATASETS/CodecFake/train/F02_SSB07100127.wav,2
/USERSPACE/DATASETS/CodecFake/train/F02_SSB02410360.wav,2
/USERSPACE/DATASETS/CodecFake/train/F02_SSB00090404.wav,2
/USERSPACE/DATASETS/CodecFake/train/F02_SSB03930494.wav,2
/USERSPACE/DATASETS/CodecFake/train/F02_SSB11000059.wav,2
/USERSPACE/DATASETS/CodecFake/train/F02_SSB00090171.wav,2
/USERSPACE/DATASETS/CodecFake/train/F02_SSB04070215.wav,2
/USERSPACE/DATASETS/CodecFake/train/F02_SSB03070310.wav,2
/USERSPACE/DATASETS/CodecFake/train/F02_SSB15630424.wav,2
/USERSPACE/DATASETS/CodecFake/train/F02_p255_297.wav,2
/USERSPACE/DATASETS/CodecFake/train/F02_SSB01450431.wav,2
/USERSPACE/DATASETS/CodecFake/train/F02_p233_264.wav,2
/USERSPACE/DATASETS/CodecFake/train/F02_SSB11360120.wav,2
/USERSPACE/DATASETS/CodecFake/train/F02_SSB11350360.wav,2
/USERSPACE/DATASETS/CodecFake/train/F02_SSB15550378.wav,2
/USERSPACE/DATASETS/CodecFake/train/F02_SSB02460319.wav,2
/USERSPACE/DATASETS/CodecFake/train/F02_SSB04700242.wav,2
/USERSPACE/DATASETS/CodecFake/train/F02_SSB13020045.wav,2
/USERSPACE/DATASETS/CodecFake/train/F02_p339_299.wav,2
/USERSPACE/DATASETS/CodecFake/train/F02_SSB18320018.wav,2
/USERSPACE/DATASETS/CodecFake/train/F02_SSB07940461.wav,2
/USERSPACE/DATASETS/CodecFake/train/F02_SSB03660364.wav,2
/USERSPACE/DATASETS/CodecFake/train/F02_p318_371.wav,2
/USERSPACE/DATASETS/CodecFake/train/F02_SSB03390362.wav,2
/USERSPACE/DATASETS/CodecFake/train/F02_SSB01490048.wav,2
/USERSPACE/DATASETS/CodecFake/train/F02_SSB17810323.wav,2
/USERSPACE/DATASETS/CodecFake/train/F02_SSB07370354.wav,2
/USERSPACE/DATASETS/CodecFake/train/F02_SSB17450152.wav,2
/USERSPACE/DATASETS/CodecFake/train/F02_SSB05650323.wav,2
/USERSPACE/DATASETS/CodecFake/train/F02_p314_044.wav,2
/USERSPACE/DATASETS/CodecFake/train/F02_SSB10000027.wav,2
/USERSPACE/DATASETS/CodecFake/train/F02_SSB04350082.wav,2
/USERSPACE/DATASETS/CodecFake/train/F02_p311_044.wav,2
/USERSPACE/DATASETS/CodecFake/train/F02_p258_349.wav,2
/USERSPACE/DATASETS/CodecFake/train/F02_SSB13770075.wav,2
/USERSPACE/DATASETS/CodecFake/train/F02_p333_173.wav,2
/USERSPACE/DATASETS/CodecFake/train/F02_SSB19560216.wav,2
/USERSPACE/DATASETS/CodecFake/train/F02_SSB19350084.wav,2
/USERSPACE/DATASETS/CodecFake/train/F02_SSB11610060.wav,2
/USERSPACE/DATASETS/CodecFake/train/F02_SSB00430125.wav,2
/USERSPACE/DATASETS/CodecFake/train/F02_SSB04350370.wav,2
/USERSPACE/DATASETS/CodecFake/train/F02_SSB01220119.wav,2
/USERSPACE/DATASETS/CodecFake/train/F02_SSB00120465.wav,2
/USERSPACE/DATASETS/CodecFake/train/F02_SSB06930450.wav,2
/USERSPACE/DATASETS/CodecFake/train/F02_SSB06320012.wav,2
/USERSPACE/DATASETS/CodecFake/train/F02_SSB13280255.wav,2
/USERSPACE/DATASETS/CodecFake/train/F02_p341_084.wav,2
/USERSPACE/DATASETS/CodecFake/train/F02_SSB18370156.wav,2
/USERSPACE/DATASETS/CodecFake/train/F02_SSB05880205.wav,2
/USERSPACE/DATASETS/CodecFake/train/F02_p364_040.wav,2
/USERSPACE/DATASETS/CodecFake/train/F02_SSB14480299.wav,2
/USERSPACE/DATASETS/CodecFake/train/F02_p275_121.wav,2
/USERSPACE/DATASETS/CodecFake/train/F02_p244_125.wav,2
/USERSPACE/DATASETS/CodecFake/train/F02_SSB10200214.wav,2
/USERSPACE/DATASETS/CodecFake/train/F02_SSB03660244.wav,2
/USERSPACE/DATASETS/CodecFake/train/F02_SSB12180441.wav,2
/USERSPACE/DATASETS/CodecFake/train/F02_p294_423.wav,2
/USERSPACE/DATASETS/CodecFake/train/F02_p288_030.wav,2
/USERSPACE/DATASETS/CodecFake/train/F02_SSB11150307.wav,2
/USERSPACE/DATASETS/CodecFake/train/F02_SSB13820067.wav,2
/USERSPACE/DATASETS/CodecFake/train/F02_SSB03150392.wav,2
/USERSPACE/DATASETS/CodecFake/train/F02_p261_099.wav,2
/USERSPACE/DATASETS/CodecFake/train/F02_p336_191.wav,2
/USERSPACE/DATASETS/CodecFake/train/F02_SSB15550115.wav,2
/USERSPACE/DATASETS/CodecFake/train/F02_p361_346.wav,2
/USERSPACE/DATASETS/CodecFake/train/F02_p261_348.wav,2
/USERSPACE/DATASETS/CodecFake/train/F02_SSB19560445.wav,2
/USERSPACE/DATASETS/CodecFake/train/F02_SSB01390359.wav,2
/USERSPACE/DATASETS/CodecFake/train/F02_SSB07200168.wav,2
/USERSPACE/DATASETS/CodecFake/train/F02_SSB10910248.wav,2
/USERSPACE/DATASETS/CodecFake/train/F02_p343_217.wav,2
/USERSPACE/DATASETS/CodecFake/train/F02_SSB07800151.wav,2
/USERSPACE/DATASETS/CodecFake/train/F02_SSB05350077.wav,2
/USERSPACE/DATASETS/CodecFake/train/F02_SSB06140493.wav,2
/USERSPACE/DATASETS/CodecFake/train/F02_SSB08220117.wav,2
/USERSPACE/DATASETS/CodecFake/train/F02_p308_022.wav,2
/USERSPACE/DATASETS/CodecFake/train/F02_p317_114.wav,2
/USERSPACE/DATASETS/CodecFake/train/F02_p247_311.wav,2
/USERSPACE/DATASETS/CodecFake/train/F02_SSB06660259.wav,2
/USERSPACE/DATASETS/CodecFake/train/F02_p261_430.wav,2
/USERSPACE/DATASETS/CodecFake/train/F02_p273_267.wav,2
/USERSPACE/DATASETS/CodecFake/train/F02_p361_108.wav,2
/USERSPACE/DATASETS/CodecFake/train/F02_p258_053.wav,2
/USERSPACE/DATASETS/CodecFake/train/F02_SSB10550147.wav,2
/USERSPACE/DATASETS/CodecFake/train/F02_SSB00730015.wav,2
/USERSPACE/DATASETS/CodecFake/train/F02_p252_123.wav,2
/USERSPACE/DATASETS/CodecFake/train/F02_SSB01930392.wav,2
/USERSPACE/DATASETS/CodecFake/train/F02_SSB10550289.wav,2
/USERSPACE/DATASETS/CodecFake/train/F02_SSB03390423.wav,2
/USERSPACE/DATASETS/CodecFake/train/F02_SSB18090413.wav,2
/USERSPACE/DATASETS/CodecFake/train/F02_SSB06010269.wav,2
/USERSPACE/DATASETS/CodecFake/train/F02_p251_283.wav,2
/USERSPACE/DATASETS/CodecFake/train/F02_SSB00160098.wav,2
/USERSPACE/DATASETS/CodecFake/train/F02_p308_089.wav,2
/USERSPACE/DATASETS/CodecFake/train/F02_SSB07160026.wav,2
/USERSPACE/DATASETS/CodecFake/train/F02_SSB11360138.wav,2
/USERSPACE/DATASETS/CodecFake/train/F02_SSB05880106.wav,2
/USERSPACE/DATASETS/CodecFake/train/F02_SSB16250458.wav,2
/USERSPACE/DATASETS/CodecFake/train/F02_SSB01120038.wav,2
/USERSPACE/DATASETS/CodecFake/train/F02_p294_251.wav,2
/USERSPACE/DATASETS/CodecFake/train/F02_SSB19390185.wav,2
/USERSPACE/DATASETS/CodecFake/train/F02_SSB01930155.wav,2
/USERSPACE/DATASETS/CodecFake/train/F02_SSB10960436.wav,2
/USERSPACE/DATASETS/CodecFake/train/F02_p339_255.wav,2
/USERSPACE/DATASETS/CodecFake/train/F02_SSB07620105.wav,2
/USERSPACE/DATASETS/CodecFake/train/F02_SSB01330299.wav,2
/USERSPACE/DATASETS/CodecFake/train/F02_SSB16860109.wav,2
/USERSPACE/DATASETS/CodecFake/train/F02_p326_351.wav,2
/USERSPACE/DATASETS/CodecFake/train/F02_SSB07600160.wav,2
/USERSPACE/DATASETS/CodecFake/train/F02_p300_385.wav,2
/USERSPACE/DATASETS/CodecFake/train/F02_SSB09130396.wav,2
/USERSPACE/DATASETS/CodecFake/train/F02_p303_276.wav,2
/USERSPACE/DATASETS/CodecFake/train/F02_SSB05650229.wav,2
/USERSPACE/DATASETS/CodecFake/train/F02_SSB14570328.wav,2
/USERSPACE/DATASETS/CodecFake/train/F02_p360_188.wav,2
/USERSPACE/DATASETS/CodecFake/train/F02_SSB08170347.wav,2
/USERSPACE/DATASETS/CodecFake/train/F02_SSB08710011.wav,2
/USERSPACE/DATASETS/CodecFake/train/F02_SSB19560231.wav,2
/USERSPACE/DATASETS/CodecFake/train/F02_p360_389.wav,2
/USERSPACE/DATASETS/CodecFake/train/F02_SSB18720052.wav,2
/USERSPACE/DATASETS/CodecFake/train/F02_p312_112.wav,2
/USERSPACE/DATASETS/CodecFake/train/F02_SSB11870147.wav,2
/USERSPACE/DATASETS/CodecFake/train/F02_p276_403.wav,2
/USERSPACE/DATASETS/CodecFake/train/F02_p281_398.wav,2
/USERSPACE/DATASETS/CodecFake/train/F02_SSB02410014.wav,2
/USERSPACE/DATASETS/CodecFake/train/F02_SSB18910224.wav,2
/USERSPACE/DATASETS/CodecFake/train/F02_SSB03790391.wav,2
/USERSPACE/DATASETS/CodecFake/train/F02_p261_433.wav,2
/USERSPACE/DATASETS/CodecFake/train/F02_p270_353.wav,2
/USERSPACE/DATASETS/CodecFake/train/F02_SSB13770468.wav,2
/USERSPACE/DATASETS/CodecFake/train/F02_SSB15930160.wav,2
/USERSPACE/DATASETS/CodecFake/train/F02_SSB09660337.wav,2
/USERSPACE/DATASETS/CodecFake/train/F02_p326_324.wav,2
/USERSPACE/DATASETS/CodecFake/train/F02_SSB03090400.wav,2
/USERSPACE/DATASETS/CodecFake/train/F02_SSB06090195.wav,2
/USERSPACE/DATASETS/CodecFake/train/F02_p236_433.wav,2
/USERSPACE/DATASETS/CodecFake/train/F02_SSB07100107.wav,2
/USERSPACE/DATASETS/CodecFake/train/F02_SSB01220178.wav,2
/USERSPACE/DATASETS/CodecFake/train/F02_SSB03660130.wav,2
/USERSPACE/DATASETS/CodecFake/train/F02_p315_273.wav,2
/USERSPACE/DATASETS/CodecFake/train/F02_SSB10020138.wav,2
/USERSPACE/DATASETS/CodecFake/train/F02_SSB16860235.wav,2
/USERSPACE/DATASETS/CodecFake/train/F02_SSB12210062.wav,2
/USERSPACE/DATASETS/CodecFake/train/F02_p336_253.wav,2
/USERSPACE/DATASETS/CodecFake/train/F02_SSB06090159.wav,2
/USERSPACE/DATASETS/CodecFake/train/F02_SSB18780285.wav,2
/USERSPACE/DATASETS/CodecFake/train/F02_p326_056.wav,2
/USERSPACE/DATASETS/CodecFake/train/F02_p316_070.wav,2
/USERSPACE/DATASETS/CodecFake/train/F02_SSB00090494.wav,2
/USERSPACE/DATASETS/CodecFake/train/F02_p264_013.wav,2
/USERSPACE/DATASETS/CodecFake/train/F02_p312_162.wav,2
/USERSPACE/DATASETS/CodecFake/train/F02_SSB08510450.wav,2
/USERSPACE/DATASETS/CodecFake/train/F02_p226_246.wav,2
/USERSPACE/DATASETS/CodecFake/train/F02_p263_187.wav,2
/USERSPACE/DATASETS/CodecFake/train/F02_p286_059.wav,2
/USERSPACE/DATASETS/CodecFake/train/F02_SSB04350237.wav,2
/USERSPACE/DATASETS/CodecFake/train/F02_p250_486.wav,2
/USERSPACE/DATASETS/CodecFake/train/F02_p313_408.wav,2
/USERSPACE/DATASETS/CodecFake/train/F02_SSB00380359.wav,2
/USERSPACE/DATASETS/CodecFake/train/F02_SSB04340359.wav,2
/USERSPACE/DATASETS/CodecFake/train/F02_p335_356.wav,2
/USERSPACE/DATASETS/CodecFake/train/F02_SSB03790190.wav,2
/USERSPACE/DATASETS/CodecFake/train/F02_SSB04340315.wav,2
/USERSPACE/DATASETS/CodecFake/train/F02_SSB07800210.wav,2
/USERSPACE/DATASETS/CodecFake/train/F02_p284_204.wav,2
/USERSPACE/DATASETS/CodecFake/train/F02_SSB13650010.wav,2
/USERSPACE/DATASETS/CodecFake/train/F02_SSB07480030.wav,2
/USERSPACE/DATASETS/CodecFake/train/F02_SSB03800307.wav,2
/USERSPACE/DATASETS/CodecFake/train/F02_p284_166.wav,2
/USERSPACE/DATASETS/CodecFake/train/F02_SSB05340209.wav,2
/USERSPACE/DATASETS/CodecFake/train/F02_SSB04150083.wav,2
/USERSPACE/DATASETS/CodecFake/train/F02_SSB18370132.wav,2
/USERSPACE/DATASETS/CodecFake/train/F02_p247_306.wav,2
/USERSPACE/DATASETS/CodecFake/train/F02_p294_271.wav,2
/USERSPACE/DATASETS/CodecFake/train/F02_p364_008.wav,2
/USERSPACE/DATASETS/CodecFake/train/F02_SSB06010300.wav,2
/USERSPACE/DATASETS/CodecFake/train/F02_p272_351.wav,2
/USERSPACE/DATASETS/CodecFake/train/F02_SSB19180497.wav,2
/USERSPACE/DATASETS/CodecFake/train/F02_SSB16500294.wav,2
/USERSPACE/DATASETS/CodecFake/train/F02_SSB01930431.wav,2
/USERSPACE/DATASETS/CodecFake/train/F02_p257_209.wav,2
/USERSPACE/DATASETS/CodecFake/train/F02_SSB15930399.wav,2
/USERSPACE/DATASETS/CodecFake/train/F02_SSB19390118.wav,2
/USERSPACE/DATASETS/CodecFake/train/F02_p307_134.wav,2
/USERSPACE/DATASETS/CodecFake/train/F02_SSB10200407.wav,2
/USERSPACE/DATASETS/CodecFake/train/F02_SSB15550415.wav,2
/USERSPACE/DATASETS/CodecFake/train/F02_SSB07800479.wav,2
/USERSPACE/DATASETS/CodecFake/train/F02_SSB08220237.wav,2
/USERSPACE/DATASETS/CodecFake/train/F02_SSB10720059.wav,2
/USERSPACE/DATASETS/CodecFake/train/F02_p286_396.wav,2
/USERSPACE/DATASETS/CodecFake/train/F02_SSB09190447.wav,2
/USERSPACE/DATASETS/CodecFake/train/F02_SSB16240275.wav,2
/USERSPACE/DATASETS/CodecFake/train/F02_p300_390.wav,2
/USERSPACE/DATASETS/CodecFake/train/F02_p299_390.wav,2
/USERSPACE/DATASETS/CodecFake/train/F02_SSB01490373.wav,2
/USERSPACE/DATASETS/CodecFake/train/F02_SSB03230202.wav,2
/USERSPACE/DATASETS/CodecFake/train/F02_SSB03930401.wav,2
/USERSPACE/DATASETS/CodecFake/train/F02_SSB13220423.wav,2
/USERSPACE/DATASETS/CodecFake/train/F02_p294_282.wav,2
/USERSPACE/DATASETS/CodecFake/train/F02_SSB00110282.wav,2
/USERSPACE/DATASETS/CodecFake/train/F02_p330_384.wav,2
/USERSPACE/DATASETS/CodecFake/train/F02_SSB07170035.wav,2
/USERSPACE/DATASETS/CodecFake/train/F02_SSB02670367.wav,2
/USERSPACE/DATASETS/CodecFake/train/F02_p287_119.wav,2
/USERSPACE/DATASETS/CodecFake/train/F02_p293_156.wav,2
/USERSPACE/DATASETS/CodecFake/train/F02_SSB12740340.wav,2
/USERSPACE/DATASETS/CodecFake/train/F02_p288_134.wav,2
/USERSPACE/DATASETS/CodecFake/train/F02_p244_191.wav,2
/USERSPACE/DATASETS/CodecFake/train/F02_SSB14370003.wav,2
/USERSPACE/DATASETS/CodecFake/train/F02_p258_139.wav,2
/USERSPACE/DATASETS/CodecFake/train/F02_SSB07160429.wav,2
/USERSPACE/DATASETS/CodecFake/train/F02_SSB13660033.wav,2
/USERSPACE/DATASETS/CodecFake/train/F02_p265_276.wav,2
/USERSPACE/DATASETS/CodecFake/train/F02_SSB01120263.wav,2
/USERSPACE/DATASETS/CodecFake/train/F02_p255_065.wav,2
/USERSPACE/DATASETS/CodecFake/train/F02_p314_236.wav,2
/USERSPACE/DATASETS/CodecFake/train/F02_SSB01490289.wav,2
/USERSPACE/DATASETS/CodecFake/train/F02_SSB07840128.wav,2
/USERSPACE/DATASETS/CodecFake/train/F02_p341_212.wav,2
/USERSPACE/DATASETS/CodecFake/train/F02_p316_012.wav,2
/USERSPACE/DATASETS/CodecFake/train/F02_SSB17110095.wav,2
/USERSPACE/DATASETS/CodecFake/train/F02_p239_321.wav,2
/USERSPACE/DATASETS/CodecFake/train/F02_SSB12530091.wav,2
/USERSPACE/DATASETS/CodecFake/train/F02_SSB16300026.wav,2
/USERSPACE/DATASETS/CodecFake/train/F02_SSB00380060.wav,2
/USERSPACE/DATASETS/CodecFake/train/F02_p274_305.wav,2
/USERSPACE/DATASETS/CodecFake/train/F02_SSB03160225.wav,2
/USERSPACE/DATASETS/CodecFake/train/F02_SSB00050125.wav,2
/USERSPACE/DATASETS/CodecFake/train/F02_SSB00110376.wav,2
/USERSPACE/DATASETS/CodecFake/train/F02_SSB15630379.wav,2
/USERSPACE/DATASETS/CodecFake/train/F02_SSB12040288.wav,2
/USERSPACE/DATASETS/CodecFake/train/F02_p261_182.wav,2
/USERSPACE/DATASETS/CodecFake/train/F02_SSB02610169.wav,2
/USERSPACE/DATASETS/CodecFake/train/F02_SSB07480377.wav,2
/USERSPACE/DATASETS/CodecFake/train/F02_p280_062.wav,2
/USERSPACE/DATASETS/CodecFake/train/F02_SSB05700280.wav,2
/USERSPACE/DATASETS/CodecFake/train/F02_p310_301.wav,2
/USERSPACE/DATASETS/CodecFake/train/F02_p330_239.wav,2
/USERSPACE/DATASETS/CodecFake/train/F02_SSB12030118.wav,2
/USERSPACE/DATASETS/CodecFake/train/F02_SSB13400418.wav,2
/USERSPACE/DATASETS/CodecFake/train/F02_SSB02880252.wav,2
/USERSPACE/DATASETS/CodecFake/train/F02_SSB04270406.wav,2
/USERSPACE/DATASETS/CodecFake/train/F02_SSB00090114.wav,2
/USERSPACE/DATASETS/CodecFake/train/F02_SSB18780458.wav,2
/USERSPACE/DATASETS/CodecFake/train/F02_SSB03160143.wav,2
/USERSPACE/DATASETS/CodecFake/train/F02_SSB15930074.wav,2
/USERSPACE/DATASETS/CodecFake/train/F02_p292_022.wav,2
/USERSPACE/DATASETS/CodecFake/train/F02_SSB19390396.wav,2
/USERSPACE/DATASETS/CodecFake/train/F02_SSB13830008.wav,2
/USERSPACE/DATASETS/CodecFake/train/F02_SSB05700024.wav,2
/USERSPACE/DATASETS/CodecFake/train/F02_SSB11250243.wav,2
/USERSPACE/DATASETS/CodecFake/train/F02_SSB11250388.wav,2
/USERSPACE/DATASETS/CodecFake/train/F02_SSB18910146.wav,2
/USERSPACE/DATASETS/CodecFake/train/F02_p361_376.wav,2
/USERSPACE/DATASETS/CodecFake/train/F02_SSB00110452.wav,2
/USERSPACE/DATASETS/CodecFake/train/F02_p339_085.wav,2
/USERSPACE/DATASETS/CodecFake/train/F02_SSB11150085.wav,2
/USERSPACE/DATASETS/CodecFake/train/F02_SSB19020197.wav,2
/USERSPACE/DATASETS/CodecFake/train/F02_SSB03230403.wav,2
/USERSPACE/DATASETS/CodecFake/train/F02_SSB18280296.wav,2
/USERSPACE/DATASETS/CodecFake/train/F02_p336_035.wav,2
/USERSPACE/DATASETS/CodecFake/train/F02_SSB10240128.wav,2
/USERSPACE/DATASETS/CodecFake/train/F02_SSB00160420.wav,2
/USERSPACE/DATASETS/CodecFake/train/F02_p278_319.wav,2
/USERSPACE/DATASETS/CodecFake/train/F02_SSB01930250.wav,2
/USERSPACE/DATASETS/CodecFake/train/F02_p329_245.wav,2
/USERSPACE/DATASETS/CodecFake/train/F02_p326_154.wav,2
/USERSPACE/DATASETS/CodecFake/train/F02_p364_283.wav,2
/USERSPACE/DATASETS/CodecFake/train/F02_SSB13850399.wav,2
/USERSPACE/DATASETS/CodecFake/train/F02_SSB03070219.wav,2
/USERSPACE/DATASETS/CodecFake/train/F02_SSB06090297.wav,2
/USERSPACE/DATASETS/CodecFake/train/F02_p268_057.wav,2
/USERSPACE/DATASETS/CodecFake/train/F02_SSB03410438.wav,2
/USERSPACE/DATASETS/CodecFake/train/F02_p318_346.wav,2
/USERSPACE/DATASETS/CodecFake/train/F02_p288_199.wav,2
/USERSPACE/DATASETS/CodecFake/train/F02_SSB18060058.wav,2
/USERSPACE/DATASETS/CodecFake/train/F02_SSB07460417.wav,2
/USERSPACE/DATASETS/CodecFake/train/F02_SSB03230015.wav,2
/USERSPACE/DATASETS/CodecFake/train/F02_p308_097.wav,2
/USERSPACE/DATASETS/CodecFake/train/F02_p266_199.wav,2
/USERSPACE/DATASETS/CodecFake/train/F02_SSB04700137.wav,2
/USERSPACE/DATASETS/CodecFake/train/F02_p276_026.wav,2
/USERSPACE/DATASETS/CodecFake/train/F02_SSB13410302.wav,2
/USERSPACE/DATASETS/CodecFake/train/F02_p299_067.wav,2
/USERSPACE/DATASETS/CodecFake/train/F02_SSB18320142.wav,2
/USERSPACE/DATASETS/CodecFake/train/F02_SSB16240436.wav,2
/USERSPACE/DATASETS/CodecFake/train/F02_p306_150.wav,2
/USERSPACE/DATASETS/CodecFake/train/F02_SSB12160389.wav,2
/USERSPACE/DATASETS/CodecFake/train/F02_SSB06290067.wav,2
/USERSPACE/DATASETS/CodecFake/train/F02_SSB06230380.wav,2
/USERSPACE/DATASETS/CodecFake/train/F02_SSB13850258.wav,2
/USERSPACE/DATASETS/CodecFake/train/F02_SSB07170180.wav,2
/USERSPACE/DATASETS/CodecFake/train/F02_SSB09930425.wav,2
/USERSPACE/DATASETS/CodecFake/train/F02_SSB00160304.wav,2
/USERSPACE/DATASETS/CodecFake/train/F02_p261_467.wav,2
/USERSPACE/DATASETS/CodecFake/train/F02_p238_342.wav,2
/USERSPACE/DATASETS/CodecFake/train/F02_p336_198.wav,2
/USERSPACE/DATASETS/CodecFake/train/F02_p236_396.wav,2
/USERSPACE/DATASETS/CodecFake/train/F02_SSB01220011.wav,2
/USERSPACE/DATASETS/CodecFake/train/F02_SSB06310312.wav,2
/USERSPACE/DATASETS/CodecFake/train/F02_SSB09930048.wav,2
/USERSPACE/DATASETS/CodecFake/train/F02_SSB07360197.wav,2
/USERSPACE/DATASETS/CodecFake/train/F02_SSB03790196.wav,2
/USERSPACE/DATASETS/CodecFake/train/F02_SSB13020159.wav,2
/USERSPACE/DATASETS/CodecFake/train/F02_p329_382.wav,2
/USERSPACE/DATASETS/CodecFake/train/F02_SSB05440175.wav,2
/USERSPACE/DATASETS/CodecFake/train/F02_SSB18370434.wav,2
/USERSPACE/DATASETS/CodecFake/train/F02_p282_102.wav,2
/USERSPACE/DATASETS/CodecFake/train/F02_p376_291.wav,2
/USERSPACE/DATASETS/CodecFake/train/F02_SSB10640457.wav,2
/USERSPACE/DATASETS/CodecFake/train/F02_SSB06930141.wav,2
/USERSPACE/DATASETS/CodecFake/train/F02_SSB07860473.wav,2
/USERSPACE/DATASETS/CodecFake/train/F02_p267_046.wav,2
/USERSPACE/DATASETS/CodecFake/train/F02_p277_343.wav,2
/USERSPACE/DATASETS/CodecFake/train/F02_SSB18280013.wav,2
/USERSPACE/DATASETS/CodecFake/train/F02_SSB02610434.wav,2
/USERSPACE/DATASETS/CodecFake/train/F02_SSB03790283.wav,2
/USERSPACE/DATASETS/CodecFake/train/F02_SSB10240179.wav,2
/USERSPACE/DATASETS/CodecFake/train/F02_SSB15670367.wav,2
/USERSPACE/DATASETS/CodecFake/train/F02_p256_062.wav,2
/USERSPACE/DATASETS/CodecFake/train/F02_SSB09190367.wav,2
/USERSPACE/DATASETS/CodecFake/train/F02_p313_354.wav,2
/USERSPACE/DATASETS/CodecFake/train/F02_SSB11080414.wav,2
/USERSPACE/DATASETS/CodecFake/train/F02_p226_015.wav,2
/USERSPACE/DATASETS/CodecFake/train/F02_p259_012.wav,2
/USERSPACE/DATASETS/CodecFake/train/F02_p287_096.wav,2
/USERSPACE/DATASETS/CodecFake/train/F02_SSB06320286.wav,2
/USERSPACE/DATASETS/CodecFake/train/F02_p361_354.wav,2
/USERSPACE/DATASETS/CodecFake/train/F02_p229_149.wav,2
/USERSPACE/DATASETS/CodecFake/train/F02_SSB04070345.wav,2
/USERSPACE/DATASETS/CodecFake/train/F02_SSB07000397.wav,2
/USERSPACE/DATASETS/CodecFake/train/F02_SSB12210210.wav,2
/USERSPACE/DATASETS/CodecFake/train/F02_p268_293.wav,2
/USERSPACE/DATASETS/CodecFake/train/F02_SSB14020008.wav,2
/USERSPACE/DATASETS/CodecFake/train/F02_SSB11000070.wav,2
/USERSPACE/DATASETS/CodecFake/train/F02_p269_089.wav,2
/USERSPACE/DATASETS/CodecFake/train/F02_SSB00570448.wav,2
/USERSPACE/DATASETS/CodecFake/train/F02_p265_043.wav,2
/USERSPACE/DATASETS/CodecFake/train/F02_p297_076.wav,2
/USERSPACE/DATASETS/CodecFake/train/F02_SSB13850456.wav,2
/USERSPACE/DATASETS/CodecFake/train/F02_SSB13770400.wav,2
/USERSPACE/DATASETS/CodecFake/train/F02_SSB13020196.wav,2
/USERSPACE/DATASETS/CodecFake/train/F02_SSB00330200.wav,2
/USERSPACE/DATASETS/CodecFake/train/F02_SSB02990138.wav,2
/USERSPACE/DATASETS/CodecFake/train/F02_p313_262.wav,2
/USERSPACE/DATASETS/CodecFake/train/F02_SSB10010260.wav,2
/USERSPACE/DATASETS/CodecFake/train/F02_p311_177.wav,2
/USERSPACE/DATASETS/CodecFake/train/F02_SSB00800503.wav,2
/USERSPACE/DATASETS/CodecFake/train/F02_SSB03150394.wav,2
/USERSPACE/DATASETS/CodecFake/train/F02_p278_048.wav,2
/USERSPACE/DATASETS/CodecFake/train/F02_SSB16070436.wav,2
/USERSPACE/DATASETS/CodecFake/train/F02_p237_303.wav,2
/USERSPACE/DATASETS/CodecFake/train/F02_p339_245.wav,2
/USERSPACE/DATASETS/CodecFake/train/F02_p301_115.wav,2
/USERSPACE/DATASETS/CodecFake/train/F02_SSB03750210.wav,2
/USERSPACE/DATASETS/CodecFake/train/F02_SSB09870330.wav,2
/USERSPACE/DATASETS/CodecFake/train/F02_p256_077.wav,2
/USERSPACE/DATASETS/CodecFake/train/F02_p263_289.wav,2
/USERSPACE/DATASETS/CodecFake/train/F02_SSB17810451.wav,2
/USERSPACE/DATASETS/CodecFake/train/F02_p230_373.wav,2
/USERSPACE/DATASETS/CodecFake/train/F02_SSB04350335.wav,2
/USERSPACE/DATASETS/CodecFake/train/F02_SSB19390233.wav,2
/USERSPACE/DATASETS/CodecFake/train/F02_p277_388.wav,2
/USERSPACE/DATASETS/CodecFake/train/F02_p302_075.wav,2
/USERSPACE/DATASETS/CodecFake/train/F02_p297_013.wav,2
/USERSPACE/DATASETS/CodecFake/train/F02_p347_321.wav,2
/USERSPACE/DATASETS/CodecFake/train/F02_SSB06860495.wav,2
/USERSPACE/DATASETS/CodecFake/train/F02_SSB03410161.wav,2
/USERSPACE/DATASETS/CodecFake/train/F02_SSB17450013.wav,2
/USERSPACE/DATASETS/CodecFake/train/F02_SSB01390401.wav,2
/USERSPACE/DATASETS/CodecFake/train/F02_SSB04270133.wav,2
/USERSPACE/DATASETS/CodecFake/train/F02_SSB07490385.wav,2
/USERSPACE/DATASETS/CodecFake/train/F02_p249_024.wav,2
/USERSPACE/DATASETS/CodecFake/train/F02_SSB11250452.wav,2
/USERSPACE/DATASETS/CodecFake/train/F02_p298_329.wav,2
/USERSPACE/DATASETS/CodecFake/train/F02_SSB11260279.wav,2
/USERSPACE/DATASETS/CodecFake/train/F02_SSB11360258.wav,2
/USERSPACE/DATASETS/CodecFake/train/F02_p254_056.wav,2
/USERSPACE/DATASETS/CodecFake/train/F02_SSB02410190.wav,2
/USERSPACE/DATASETS/CodecFake/train/F02_p288_051.wav,2
/USERSPACE/DATASETS/CodecFake/train/F02_SSB18630128.wav,2
/USERSPACE/DATASETS/CodecFake/train/F02_SSB12390366.wav,2
/USERSPACE/DATASETS/CodecFake/train/F02_p293_253.wav,2
/USERSPACE/DATASETS/CodecFake/train/F02_p286_190.wav,2
/USERSPACE/DATASETS/CodecFake/train/F02_p333_021.wav,2
/USERSPACE/DATASETS/CodecFake/train/F02_SSB02410140.wav,2
/USERSPACE/DATASETS/CodecFake/train/F02_SSB03940348.wav,2
/USERSPACE/DATASETS/CodecFake/train/F02_SSB01450369.wav,2
/USERSPACE/DATASETS/CodecFake/train/F02_p228_188.wav,2
/USERSPACE/DATASETS/CodecFake/train/F02_SSB07600208.wav,2
/USERSPACE/DATASETS/CodecFake/train/F02_SSB05650346.wav,2
/USERSPACE/DATASETS/CodecFake/train/F02_SSB18320264.wav,2
/USERSPACE/DATASETS/CodecFake/train/F02_SSB05340454.wav,2
/USERSPACE/DATASETS/CodecFake/train/F02_SSB18370148.wav,2
/USERSPACE/DATASETS/CodecFake/train/F02_SSB07600404.wav,2
/USERSPACE/DATASETS/CodecFake/train/F02_p288_019.wav,2
/USERSPACE/DATASETS/CodecFake/train/F02_p247_477.wav,2
/USERSPACE/DATASETS/CodecFake/train/F02_SSB04700318.wav,2
/USERSPACE/DATASETS/CodecFake/train/F02_SSB00110021.wav,2
/USERSPACE/DATASETS/CodecFake/train/F02_SSB07780298.wav,2
/USERSPACE/DATASETS/CodecFake/train/F02_SSB01930440.wav,2
/USERSPACE/DATASETS/CodecFake/train/F02_SSB15750197.wav,2
/USERSPACE/DATASETS/CodecFake/train/F02_SSB02460264.wav,2
/USERSPACE/DATASETS/CodecFake/train/F02_SSB15550457.wav,2
/USERSPACE/DATASETS/CodecFake/train/F02_SSB07490326.wav,2
/USERSPACE/DATASETS/CodecFake/train/F02_p274_356.wav,2
/USERSPACE/DATASETS/CodecFake/train/F02_SSB05440365.wav,2
/USERSPACE/DATASETS/CodecFake/train/F02_SSB06090084.wav,2
/USERSPACE/DATASETS/CodecFake/train/F02_p249_287.wav,2
/USERSPACE/DATASETS/CodecFake/train/F02_SSB10000156.wav,2
/USERSPACE/DATASETS/CodecFake/train/F02_SSB07940238.wav,2
/USERSPACE/DATASETS/CodecFake/train/F02_p306_115.wav,2
/USERSPACE/DATASETS/CodecFake/train/F02_SSB11360228.wav,2
/USERSPACE/DATASETS/CodecFake/train/F02_SSB14480139.wav,2
/USERSPACE/DATASETS/CodecFake/train/F02_p295_386.wav,2
/USERSPACE/DATASETS/CodecFake/train/F02_SSB03820202.wav,2
/USERSPACE/DATASETS/CodecFake/train/F02_p299_369.wav,2
/USERSPACE/DATASETS/CodecFake/train/F02_SSB07620247.wav,2
/USERSPACE/DATASETS/CodecFake/train/F02_p259_425.wav,2
/USERSPACE/DATASETS/CodecFake/train/F02_SSB13660094.wav,2
/USERSPACE/DATASETS/CodecFake/train/F02_p292_043.wav,2
/USERSPACE/DATASETS/CodecFake/train/F02_SSB11100476.wav,2
/USERSPACE/DATASETS/CodecFake/train/F02_SSB18320342.wav,2
/USERSPACE/DATASETS/CodecFake/train/F02_SSB18720135.wav,2
/USERSPACE/DATASETS/CodecFake/train/F02_p252_061.wav,2
/USERSPACE/DATASETS/CodecFake/train/F02_p326_339.wav,2
/USERSPACE/DATASETS/CodecFake/train/F02_SSB11610101.wav,2
/USERSPACE/DATASETS/CodecFake/train/F02_p226_359.wav,2
/USERSPACE/DATASETS/CodecFake/train/F02_SSB00180125.wav,2
/USERSPACE/DATASETS/CodecFake/train/F02_SSB03800217.wav,2
/USERSPACE/DATASETS/CodecFake/train/F02_p314_138.wav,2
/USERSPACE/DATASETS/CodecFake/train/F02_SSB00110350.wav,2
/USERSPACE/DATASETS/CodecFake/train/F02_SSB08630466.wav,2
/USERSPACE/DATASETS/CodecFake/train/F02_SSB13020502.wav,2
/USERSPACE/DATASETS/CodecFake/train/F02_SSB13920163.wav,2
/USERSPACE/DATASETS/CodecFake/train/F02_p270_420.wav,2
/USERSPACE/DATASETS/CodecFake/train/F02_p274_213.wav,2
/USERSPACE/DATASETS/CodecFake/train/F02_SSB13770377.wav,2
/USERSPACE/DATASETS/CodecFake/train/F02_p269_385.wav,2
/USERSPACE/DATASETS/CodecFake/train/F02_SSB08710200.wav,2
/USERSPACE/DATASETS/CodecFake/train/F02_SSB07160252.wav,2
/USERSPACE/DATASETS/CodecFake/train/F02_SSB10560416.wav,2
/USERSPACE/DATASETS/CodecFake/train/F02_SSB06310446.wav,2
/USERSPACE/DATASETS/CodecFake/train/F02_SSB06310255.wav,2
/USERSPACE/DATASETS/CodecFake/train/F02_SSB10910438.wav,2
/USERSPACE/DATASETS/CodecFake/train/F02_p297_197.wav,2
/USERSPACE/DATASETS/CodecFake/train/F02_SSB09660075.wav,2
/USERSPACE/DATASETS/CodecFake/train/F02_p277_242.wav,2
/USERSPACE/DATASETS/CodecFake/train/F02_SSB14370203.wav,2
/USERSPACE/DATASETS/CodecFake/train/F02_SSB05350064.wav,2
/USERSPACE/DATASETS/CodecFake/train/F02_p270_029.wav,2
/USERSPACE/DATASETS/CodecFake/train/F02_SSB17390209.wav,2
/USERSPACE/DATASETS/CodecFake/train/F02_SSB01220441.wav,2
/USERSPACE/DATASETS/CodecFake/train/F02_SSB18780199.wav,2
/USERSPACE/DATASETS/CodecFake/train/F02_SSB13400358.wav,2
/USERSPACE/DATASETS/CodecFake/train/F02_p301_090.wav,2
/USERSPACE/DATASETS/CodecFake/train/F02_SSB10640083.wav,2
/USERSPACE/DATASETS/CodecFake/train/F02_p283_181.wav,2
/USERSPACE/DATASETS/CodecFake/train/F02_SSB00570145.wav,2
/USERSPACE/DATASETS/CodecFake/train/F02_SSB02000039.wav,2
/USERSPACE/DATASETS/CodecFake/train/F02_SSB03410450.wav,2
/USERSPACE/DATASETS/CodecFake/train/F02_p240_054.wav,2
/USERSPACE/DATASETS/CodecFake/train/F02_SSB17810258.wav,2
/USERSPACE/DATASETS/CodecFake/train/F02_p299_006.wav,2
/USERSPACE/DATASETS/CodecFake/train/F02_SSB19180277.wav,2
/USERSPACE/DATASETS/CodecFake/train/F02_SSB02880115.wav,2
/USERSPACE/DATASETS/CodecFake/train/F02_SSB04340159.wav,2
/USERSPACE/DATASETS/CodecFake/train/F02_SSB03070159.wav,2
/USERSPACE/DATASETS/CodecFake/train/F02_p314_140.wav,2
/USERSPACE/DATASETS/CodecFake/train/F02_SSB03410163.wav,2
/USERSPACE/DATASETS/CodecFake/train/F02_SSB11350314.wav,2
/USERSPACE/DATASETS/CodecFake/train/F02_p233_104.wav,2
/USERSPACE/DATASETS/CodecFake/train/F02_p257_307.wav,2
/USERSPACE/DATASETS/CodecFake/train/F02_SSB01490283.wav,2
/USERSPACE/DATASETS/CodecFake/train/F02_SSB07840343.wav,2
/USERSPACE/DATASETS/CodecFake/train/F02_SSB07600071.wav,2
/USERSPACE/DATASETS/CodecFake/train/F02_SSB06860401.wav,2
/USERSPACE/DATASETS/CodecFake/train/F02_SSB13920467.wav,2
/USERSPACE/DATASETS/CodecFake/train/F02_SSB11150487.wav,2
/USERSPACE/DATASETS/CodecFake/train/F02_p272_090.wav,2
/USERSPACE/DATASETS/CodecFake/train/F02_SSB07860314.wav,2
/USERSPACE/DATASETS/CodecFake/train/F02_SSB03820107.wav,2
/USERSPACE/DATASETS/CodecFake/train/F02_SSB06660364.wav,2
/USERSPACE/DATASETS/CodecFake/train/F02_SSB13410175.wav,2
/USERSPACE/DATASETS/CodecFake/train/F02_SSB01970411.wav,2
/USERSPACE/DATASETS/CodecFake/train/F02_p374_089.wav,2
/USERSPACE/DATASETS/CodecFake/train/F02_SSB03380051.wav,2
/USERSPACE/DATASETS/CodecFake/train/F02_SSB02460145.wav,2
/USERSPACE/DATASETS/CodecFake/train/F02_SSB03410035.wav,2
/USERSPACE/DATASETS/CodecFake/train/F02_SSB09970197.wav,2
/USERSPACE/DATASETS/CodecFake/train/F02_SSB11380387.wav,2
/USERSPACE/DATASETS/CodecFake/train/F02_SSB06710249.wav,2
/USERSPACE/DATASETS/CodecFake/train/F02_SSB19560281.wav,2
/USERSPACE/DATASETS/CodecFake/train/F02_SSB04820107.wav,2
/USERSPACE/DATASETS/CodecFake/train/F02_p300_060.wav,2
/USERSPACE/DATASETS/CodecFake/train/F02_p267_089.wav,2
/USERSPACE/DATASETS/CodecFake/train/F02_SSB00120090.wav,2
/USERSPACE/DATASETS/CodecFake/train/F02_SSB18310325.wav,2
/USERSPACE/DATASETS/CodecFake/train/F02_p318_268.wav,2
/USERSPACE/DATASETS/CodecFake/train/F02_SSB00730253.wav,2
/USERSPACE/DATASETS/CodecFake/train/F02_SSB09190226.wav,2
/USERSPACE/DATASETS/CodecFake/train/F02_SSB03230189.wav,2
/USERSPACE/DATASETS/CodecFake/train/F02_SSB00800194.wav,2
/USERSPACE/DATASETS/CodecFake/train/F02_SSB07600305.wav,2
/USERSPACE/DATASETS/CodecFake/train/F02_SSB11250104.wav,2
/USERSPACE/DATASETS/CodecFake/train/F02_SSB05900294.wav,2
/USERSPACE/DATASETS/CodecFake/train/F02_SSB13280207.wav,2
/USERSPACE/DATASETS/CodecFake/train/F02_SSB10910151.wav,2
/USERSPACE/DATASETS/CodecFake/train/F02_SSB07480299.wav,2
/USERSPACE/DATASETS/CodecFake/train/F02_SSB09130086.wav,2
/USERSPACE/DATASETS/CodecFake/train/F02_p362_138.wav,2
/USERSPACE/DATASETS/CodecFake/train/F02_SSB18630116.wav,2
/USERSPACE/DATASETS/CodecFake/train/F02_SSB13220177.wav,2
/USERSPACE/DATASETS/CodecFake/train/F02_SSB09190049.wav,2
/USERSPACE/DATASETS/CodecFake/train/F02_SSB06060228.wav,2
/USERSPACE/DATASETS/CodecFake/train/F02_SSB07020389.wav,2
/USERSPACE/DATASETS/CodecFake/train/F02_SSB03940141.wav,2
/USERSPACE/DATASETS/CodecFake/train/F02_p304_410.wav,2
/USERSPACE/DATASETS/CodecFake/train/F02_SSB01970031.wav,2
/USERSPACE/DATASETS/CodecFake/train/F02_SSB07840154.wav,2
/USERSPACE/DATASETS/CodecFake/train/F02_p261_375.wav,2
/USERSPACE/DATASETS/CodecFake/train/F02_p264_132.wav,2
/USERSPACE/DATASETS/CodecFake/train/F02_SSB06030460.wav,2
/USERSPACE/DATASETS/CodecFake/train/F02_SSB13770303.wav,2
/USERSPACE/DATASETS/CodecFake/train/F02_SSB05390125.wav,2
/USERSPACE/DATASETS/CodecFake/train/F02_p226_353.wav,2
/USERSPACE/DATASETS/CodecFake/train/F02_SSB15850149.wav,2
/USERSPACE/DATASETS/CodecFake/train/F02_SSB00120317.wav,2
/USERSPACE/DATASETS/CodecFake/train/F02_SSB07510142.wav,2
/USERSPACE/DATASETS/CodecFake/train/F02_p272_208.wav,2
/USERSPACE/DATASETS/CodecFake/train/F02_p241_268.wav,2
/USERSPACE/DATASETS/CodecFake/train/F02_p263_351.wav,2
/USERSPACE/DATASETS/CodecFake/train/F02_SSB07200407.wav,2
/USERSPACE/DATASETS/CodecFake/train/F02_p313_144.wav,2
/USERSPACE/DATASETS/CodecFake/train/F02_SSB04260228.wav,2
/USERSPACE/DATASETS/CodecFake/train/F02_p286_087.wav,2
/USERSPACE/DATASETS/CodecFake/train/F02_SSB16840175.wav,2
/USERSPACE/DATASETS/CodecFake/train/F02_SSB09350012.wav,2
/USERSPACE/DATASETS/CodecFake/train/F02_SSB12190206.wav,2
/USERSPACE/DATASETS/CodecFake/train/F02_SSB07620246.wav,2
/USERSPACE/DATASETS/CodecFake/train/F02_p306_306.wav,2
/USERSPACE/DATASETS/CodecFake/train/F02_p273_425.wav,2
/USERSPACE/DATASETS/CodecFake/train/F02_p360_088.wav,2
/USERSPACE/DATASETS/CodecFake/train/F02_SSB02000480.wav,2
/USERSPACE/DATASETS/CodecFake/train/F02_SSB09930439.wav,2
/USERSPACE/DATASETS/CodecFake/train/F02_SSB18090139.wav,2
/USERSPACE/DATASETS/CodecFake/train/F02_p285_219.wav,2
/USERSPACE/DATASETS/CodecFake/train/F02_SSB01490094.wav,2
/USERSPACE/DATASETS/CodecFake/train/F02_p266_116.wav,2
/USERSPACE/DATASETS/CodecFake/train/F02_p247_254.wav,2
/USERSPACE/DATASETS/CodecFake/train/F02_p326_277.wav,2
/USERSPACE/DATASETS/CodecFake/train/F02_SSB17390077.wav,2
/USERSPACE/DATASETS/CodecFake/train/F02_SSB00800499.wav,2
/USERSPACE/DATASETS/CodecFake/train/F02_SSB02460203.wav,2
/USERSPACE/DATASETS/CodecFake/train/F02_SSB00120222.wav,2
/USERSPACE/DATASETS/CodecFake/train/F02_SSB04340054.wav,2
/USERSPACE/DATASETS/CodecFake/train/F02_SSB06010366.wav,2
/USERSPACE/DATASETS/CodecFake/train/F02_SSB02870133.wav,2
/USERSPACE/DATASETS/CodecFake/train/F02_SSB03950370.wav,2
/USERSPACE/DATASETS/CodecFake/train/F02_SSB05990191.wav,2
/USERSPACE/DATASETS/CodecFake/train/F02_p262_380.wav,2
/USERSPACE/DATASETS/CodecFake/train/F02_SSB11080263.wav,2
/USERSPACE/DATASETS/CodecFake/train/F02_SSB00110054.wav,2
/USERSPACE/DATASETS/CodecFake/train/F02_SSB18320073.wav,2
/USERSPACE/DATASETS/CodecFake/train/F02_SSB19180374.wav,2
/USERSPACE/DATASETS/CodecFake/train/F02_p228_060.wav,2
/USERSPACE/DATASETS/CodecFake/train/F02_p307_203.wav,2
/USERSPACE/DATASETS/CodecFake/train/F02_SSB12390291.wav,2
/USERSPACE/DATASETS/CodecFake/train/F02_SSB18280372.wav,2
/USERSPACE/DATASETS/CodecFake/train/F02_p345_022.wav,2
/USERSPACE/DATASETS/CodecFake/train/F02_SSB15630286.wav,2
/USERSPACE/DATASETS/CodecFake/train/F02_p268_044.wav,2
/USERSPACE/DATASETS/CodecFake/train/F02_p251_080.wav,2
/USERSPACE/DATASETS/CodecFake/train/F02_SSB03380394.wav,2
/USERSPACE/DATASETS/CodecFake/train/F02_SSB19350291.wav,2
/USERSPACE/DATASETS/CodecFake/train/F02_p275_310.wav,2
/USERSPACE/DATASETS/CodecFake/train/F02_SSB13020329.wav,2
/USERSPACE/DATASETS/CodecFake/train/F02_p314_385.wav,2
/USERSPACE/DATASETS/CodecFake/train/F02_SSB07840232.wav,2
/USERSPACE/DATASETS/CodecFake/train/F02_p329_190.wav,2
/USERSPACE/DATASETS/CodecFake/train/F02_SSB19350366.wav,2
/USERSPACE/DATASETS/CodecFake/train/F02_p316_053.wav,2
/USERSPACE/DATASETS/CodecFake/train/F02_SSB10640098.wav,2
/USERSPACE/DATASETS/CodecFake/train/F02_SSB15850055.wav,2
/USERSPACE/DATASETS/CodecFake/train/F02_p233_336.wav,2
/USERSPACE/DATASETS/CodecFake/train/F02_SSB02870256.wav,2
/USERSPACE/DATASETS/CodecFake/train/F02_p303_235.wav,2
/USERSPACE/DATASETS/CodecFake/train/F02_SSB09930211.wav,2
/USERSPACE/DATASETS/CodecFake/train/F02_SSB18910238.wav,2
/USERSPACE/DATASETS/CodecFake/train/F02_p236_453.wav,2
/USERSPACE/DATASETS/CodecFake/train/F02_SSB08710237.wav,2
/USERSPACE/DATASETS/CodecFake/train/F02_SSB07580482.wav,2
/USERSPACE/DATASETS/CodecFake/train/F02_SSB15670272.wav,2
/USERSPACE/DATASETS/CodecFake/train/F02_p307_413.wav,2
/USERSPACE/DATASETS/CodecFake/train/F02_SSB05900055.wav,2
/USERSPACE/DATASETS/CodecFake/train/F02_p334_106.wav,2
/USERSPACE/DATASETS/CodecFake/train/F02_SSB18630018.wav,2
/USERSPACE/DATASETS/CodecFake/train/F02_SSB11150215.wav,2
/USERSPACE/DATASETS/CodecFake/train/F02_SSB16240268.wav,2
/USERSPACE/DATASETS/CodecFake/train/F02_SSB07800021.wav,2
/USERSPACE/DATASETS/CodecFake/train/F02_SSB00110088.wav,2
/USERSPACE/DATASETS/CodecFake/train/F02_p333_013.wav,2
/USERSPACE/DATASETS/CodecFake/train/F02_SSB03230165.wav,2
/USERSPACE/DATASETS/CodecFake/train/F02_SSB06140099.wav,2
/USERSPACE/DATASETS/CodecFake/train/F02_p364_256.wav,2
/USERSPACE/DATASETS/CodecFake/train/F02_SSB07620251.wav,2
/USERSPACE/DATASETS/CodecFake/train/F02_p311_111.wav,2
/USERSPACE/DATASETS/CodecFake/train/F02_SSB19020352.wav,2
/USERSPACE/DATASETS/CodecFake/train/F02_p239_127.wav,2
/USERSPACE/DATASETS/CodecFake/train/F02_SSB16700088.wav,2
/USERSPACE/DATASETS/CodecFake/train/F02_SSB05880357.wav,2
/USERSPACE/DATASETS/CodecFake/train/F02_SSB11250012.wav,2
/USERSPACE/DATASETS/CodecFake/train/F02_p255_271.wav,2
/USERSPACE/DATASETS/CodecFake/train/F02_SSB15930352.wav,2
/USERSPACE/DATASETS/CodecFake/train/F02_SSB13820162.wav,2
/USERSPACE/DATASETS/CodecFake/train/F02_SSB19350278.wav,2
/USERSPACE/DATASETS/CodecFake/train/F02_p253_180.wav,2
/USERSPACE/DATASETS/CodecFake/train/F02_SSB03930293.wav,2
/USERSPACE/DATASETS/CodecFake/train/F02_SSB10960058.wav,2
/USERSPACE/DATASETS/CodecFake/train/F02_p268_207.wav,2
/USERSPACE/DATASETS/CodecFake/train/F02_SSB00430166.wav,2
/USERSPACE/DATASETS/CodecFake/train/F02_SSB07370425.wav,2
/USERSPACE/DATASETS/CodecFake/train/F02_SSB02410001.wav,2
/USERSPACE/DATASETS/CodecFake/train/F02_p248_340.wav,2
/USERSPACE/DATASETS/CodecFake/train/F02_SSB16990257.wav,2
/USERSPACE/DATASETS/CodecFake/train/F02_p234_203.wav,2
/USERSPACE/DATASETS/CodecFake/train/F02_p239_403.wav,2
/USERSPACE/DATASETS/CodecFake/train/F02_p233_203.wav,2
/USERSPACE/DATASETS/CodecFake/train/F02_SSB08510342.wav,2
/USERSPACE/DATASETS/CodecFake/train/F02_SSB15670026.wav,2
/USERSPACE/DATASETS/CodecFake/train/F02_SSB07480053.wav,2
/USERSPACE/DATASETS/CodecFake/train/F02_SSB01220344.wav,2
/USERSPACE/DATASETS/CodecFake/train/F02_SSB04270128.wav,2
/USERSPACE/DATASETS/CodecFake/train/F02_SSB11360196.wav,2
/USERSPACE/DATASETS/CodecFake/train/F02_SSB00570379.wav,2
/USERSPACE/DATASETS/CodecFake/train/F02_SSB11350422.wav,2
/USERSPACE/DATASETS/CodecFake/train/F02_SSB10080317.wav,2
/USERSPACE/DATASETS/CodecFake/train/F02_SSB02730468.wav,2
/USERSPACE/DATASETS/CodecFake/train/F02_SSB17110220.wav,2
/USERSPACE/DATASETS/CodecFake/train/F02_p376_201.wav,2
/USERSPACE/DATASETS/CodecFake/train/F02_p272_009.wav,2
/USERSPACE/DATASETS/CodecFake/train/F02_SSB00090232.wav,2
/USERSPACE/DATASETS/CodecFake/train/F02_SSB10240450.wav,2
/USERSPACE/DATASETS/CodecFake/train/F02_SSB09870186.wav,2
/USERSPACE/DATASETS/CodecFake/train/F02_p253_238.wav,2
/USERSPACE/DATASETS/CodecFake/train/F02_SSB07600424.wav,2
/USERSPACE/DATASETS/CodecFake/train/F02_SSB11360216.wav,2
/USERSPACE/DATASETS/CodecFake/train/F02_SSB19560469.wav,2
/USERSPACE/DATASETS/CodecFake/train/F02_SSB06310241.wav,2
/USERSPACE/DATASETS/CodecFake/train/F02_SSB02730380.wav,2
/USERSPACE/DATASETS/CodecFake/train/F02_p253_191.wav,2
/USERSPACE/DATASETS/CodecFake/train/F02_SSB04820057.wav,2
/USERSPACE/DATASETS/CodecFake/train/F02_SSB09350403.wav,2
/USERSPACE/DATASETS/CodecFake/train/F02_p314_129.wav,2
/USERSPACE/DATASETS/CodecFake/train/F02_p279_123.wav,2
/USERSPACE/DATASETS/CodecFake/train/F02_SSB05900191.wav,2
/USERSPACE/DATASETS/CodecFake/train/F02_SSB07200144.wav,2
/USERSPACE/DATASETS/CodecFake/train/F02_SSB18370073.wav,2
/USERSPACE/DATASETS/CodecFake/train/F02_p318_231.wav,2
/USERSPACE/DATASETS/CodecFake/train/F02_p231_351.wav,2
/USERSPACE/DATASETS/CodecFake/train/F02_SSB03160379.wav,2
/USERSPACE/DATASETS/CodecFake/train/F02_SSB07940054.wav,2
/USERSPACE/DATASETS/CodecFake/train/F02_SSB02000253.wav,2
/USERSPACE/DATASETS/CodecFake/train/F02_SSB10010186.wav,2
/USERSPACE/DATASETS/CodecFake/train/F02_SSB05020383.wav,2
/USERSPACE/DATASETS/CodecFake/train/F02_SSB00180439.wav,2
/USERSPACE/DATASETS/CodecFake/train/F02_p228_202.wav,2
/USERSPACE/DATASETS/CodecFake/train/F02_SSB07000379.wav,2
/USERSPACE/DATASETS/CodecFake/train/F02_SSB19390133.wav,2
/USERSPACE/DATASETS/CodecFake/train/F02_p282_223.wav,2
/USERSPACE/DATASETS/CodecFake/train/F02_SSB07100075.wav,2
/USERSPACE/DATASETS/CodecFake/train/F02_SSB03850424.wav,2
/USERSPACE/DATASETS/CodecFake/train/F02_p276_384.wav,2
/USERSPACE/DATASETS/CodecFake/train/F02_p281_143.wav,2
/USERSPACE/DATASETS/CodecFake/train/F02_SSB13850412.wav,2
/USERSPACE/DATASETS/CodecFake/train/F02_SSB00180044.wav,2
/USERSPACE/DATASETS/CodecFake/train/F02_p330_392.wav,2
/USERSPACE/DATASETS/CodecFake/train/F02_SSB05020156.wav,2
/USERSPACE/DATASETS/CodecFake/train/F02_p317_142.wav,2
/USERSPACE/DATASETS/CodecFake/train/F02_SSB18320040.wav,2
/USERSPACE/DATASETS/CodecFake/train/F02_p287_152.wav,2
/USERSPACE/DATASETS/CodecFake/train/F02_SSB03940409.wav,2
/USERSPACE/DATASETS/CodecFake/train/F02_SSB15630072.wav,2
/USERSPACE/DATASETS/CodecFake/train/F02_p303_113.wav,2
/USERSPACE/DATASETS/CodecFake/train/F02_SSB04350513.wav,2
/USERSPACE/DATASETS/CodecFake/train/F02_p297_114.wav,2
/USERSPACE/DATASETS/CodecFake/train/F02_p241_004.wav,2
/USERSPACE/DATASETS/CodecFake/train/F02_p231_364.wav,2
/USERSPACE/DATASETS/CodecFake/train/F02_SSB06290390.wav,2
/USERSPACE/DATASETS/CodecFake/train/F02_SSB13400222.wav,2
/USERSPACE/DATASETS/CodecFake/train/F02_SSB01930187.wav,2
/USERSPACE/DATASETS/CodecFake/train/F02_SSB01450407.wav,2
/USERSPACE/DATASETS/CodecFake/train/F02_SSB06860318.wav,2
/USERSPACE/DATASETS/CodecFake/train/F02_p317_112.wav,2
/USERSPACE/DATASETS/CodecFake/train/F02_SSB02000086.wav,2
/USERSPACE/DATASETS/CodecFake/train/F02_p239_077.wav,2
/USERSPACE/DATASETS/CodecFake/train/F02_SSB08220360.wav,2
/USERSPACE/DATASETS/CodecFake/train/F02_p252_110.wav,2
/USERSPACE/DATASETS/CodecFake/train/F02_SSB09870095.wav,2
/USERSPACE/DATASETS/CodecFake/train/F02_SSB11250259.wav,2
/USERSPACE/DATASETS/CodecFake/train/F02_SSB00120295.wav,2
/USERSPACE/DATASETS/CodecFake/train/F02_SSB11250474.wav,2
/USERSPACE/DATASETS/CodecFake/train/F02_p334_192.wav,2
/USERSPACE/DATASETS/CodecFake/train/F02_p299_270.wav,2
/USERSPACE/DATASETS/CodecFake/train/F02_SSB16500459.wav,2
/USERSPACE/DATASETS/CodecFake/train/F02_SSB00380154.wav,2
/USERSPACE/DATASETS/CodecFake/train/F02_SSB17590468.wav,2
/USERSPACE/DATASETS/CodecFake/train/F02_p259_029.wav,2
/USERSPACE/DATASETS/CodecFake/train/F02_SSB01930023.wav,2
/USERSPACE/DATASETS/CodecFake/train/F02_p270_403.wav,2
/USERSPACE/DATASETS/CodecFake/train/F02_SSB00160204.wav,2
/USERSPACE/DATASETS/CodecFake/train/F02_SSB07160008.wav,2
/USERSPACE/DATASETS/CodecFake/train/F02_p255_194.wav,2
/USERSPACE/DATASETS/CodecFake/train/F02_SSB06090071.wav,2
/USERSPACE/DATASETS/CodecFake/train/F02_SSB03660189.wav,2
/USERSPACE/DATASETS/CodecFake/train/F02_SSB03410245.wav,2
/USERSPACE/DATASETS/CodecFake/train/F02_SSB09870393.wav,2
/USERSPACE/DATASETS/CodecFake/train/F02_SSB00730196.wav,2
/USERSPACE/DATASETS/CodecFake/train/F02_SSB06030086.wav,2
/USERSPACE/DATASETS/CodecFake/train/F02_p270_393.wav,2
/USERSPACE/DATASETS/CodecFake/train/F02_p299_081.wav,2
/USERSPACE/DATASETS/CodecFake/train/F02_SSB02670497.wav,2
/USERSPACE/DATASETS/CodecFake/train/F02_p300_076.wav,2
/USERSPACE/DATASETS/CodecFake/train/F02_SSB04820070.wav,2
/USERSPACE/DATASETS/CodecFake/train/F02_p294_145.wav,2
/USERSPACE/DATASETS/CodecFake/train/F02_SSB06090273.wav,2
/USERSPACE/DATASETS/CodecFake/train/F02_p280_314.wav,2
/USERSPACE/DATASETS/CodecFake/train/F02_SSB12150412.wav,2
/USERSPACE/DATASETS/CodecFake/train/F02_SSB12030183.wav,2
/USERSPACE/DATASETS/CodecFake/train/F02_SSB01220245.wav,2
/USERSPACE/DATASETS/CodecFake/train/F02_SSB13410028.wav,2
/USERSPACE/DATASETS/CodecFake/train/F02_p362_044.wav,2
/USERSPACE/DATASETS/CodecFake/train/F02_p329_075.wav,2
/USERSPACE/DATASETS/CodecFake/train/F02_SSB04270218.wav,2
/USERSPACE/DATASETS/CodecFake/train/F02_p273_012.wav,2
/USERSPACE/DATASETS/CodecFake/train/F02_SSB06710110.wav,2
/USERSPACE/DATASETS/CodecFake/train/F02_SSB13280300.wav,2
/USERSPACE/DATASETS/CodecFake/train/F02_SSB11350371.wav,2
/USERSPACE/DATASETS/CodecFake/train/F02_SSB06660293.wav,2
/USERSPACE/DATASETS/CodecFake/train/F02_SSB06290080.wav,2
/USERSPACE/DATASETS/CodecFake/train/F02_SSB01220376.wav,2
/USERSPACE/DATASETS/CodecFake/train/F02_p336_165.wav,2
/USERSPACE/DATASETS/CodecFake/train/F02_SSB06140468.wav,2
/USERSPACE/DATASETS/CodecFake/train/F02_SSB00330307.wav,2
/USERSPACE/DATASETS/CodecFake/train/F02_SSB00050192.wav,2
/USERSPACE/DATASETS/CodecFake/train/F02_p288_265.wav,2
/USERSPACE/DATASETS/CodecFake/train/F02_SSB02870436.wav,2
/USERSPACE/DATASETS/CodecFake/train/F02_p301_210.wav,2
/USERSPACE/DATASETS/CodecFake/train/F02_SSB03950283.wav,2
/USERSPACE/DATASETS/CodecFake/train/F02_p227_051.wav,2
/USERSPACE/DATASETS/CodecFake/train/F02_SSB11260423.wav,2
/USERSPACE/DATASETS/CodecFake/train/F02_p364_153.wav,2
/USERSPACE/DATASETS/CodecFake/train/F02_SSB15670252.wav,2
/USERSPACE/DATASETS/CodecFake/train/F02_SSB09150113.wav,2
/USERSPACE/DATASETS/CodecFake/train/F02_SSB11000491.wav,2
/USERSPACE/DATASETS/CodecFake/train/F02_SSB07200028.wav,2
/USERSPACE/DATASETS/CodecFake/train/F02_SSB13770063.wav,2
/USERSPACE/DATASETS/CodecFake/train/F02_SSB01220107.wav,2
/USERSPACE/DATASETS/CodecFake/train/F02_p258_010.wav,2
/USERSPACE/DATASETS/CodecFake/train/F02_p336_117.wav,2
/USERSPACE/DATASETS/CodecFake/train/F02_p269_131.wav,2
/USERSPACE/DATASETS/CodecFake/train/F02_p263_127.wav,2
/USERSPACE/DATASETS/CodecFake/train/F02_p284_090.wav,2
/USERSPACE/DATASETS/CodecFake/train/F02_p345_281.wav,2
/USERSPACE/DATASETS/CodecFake/train/F02_SSB06860105.wav,2
/USERSPACE/DATASETS/CodecFake/train/F02_SSB00120020.wav,2
/USERSPACE/DATASETS/CodecFake/train/F02_SSB08220190.wav,2
/USERSPACE/DATASETS/CodecFake/train/F02_SSB16250219.wav,2
/USERSPACE/DATASETS/CodecFake/train/F02_SSB03150368.wav,2
/USERSPACE/DATASETS/CodecFake/train/F02_SSB12210351.wav,2
/USERSPACE/DATASETS/CodecFake/train/F02_SSB00180271.wav,2
/USERSPACE/DATASETS/CodecFake/train/F02_SSB11970060.wav,2
/USERSPACE/DATASETS/CodecFake/train/F02_p288_224.wav,2
/USERSPACE/DATASETS/CodecFake/train/F02_SSB13770045.wav,2
/USERSPACE/DATASETS/CodecFake/train/F02_SSB03790095.wav,2
/USERSPACE/DATASETS/CodecFake/train/F02_p318_418.wav,2
/USERSPACE/DATASETS/CodecFake/train/F02_p259_422.wav,2
/USERSPACE/DATASETS/CodecFake/train/F02_p259_101.wav,2
/USERSPACE/DATASETS/CodecFake/train/F02_p326_246.wav,2
/USERSPACE/DATASETS/CodecFake/train/F02_p275_370.wav,2
/USERSPACE/DATASETS/CodecFake/train/F02_SSB06060092.wav,2
/USERSPACE/DATASETS/CodecFake/train/F02_SSB13410261.wav,2
/USERSPACE/DATASETS/CodecFake/train/F02_SSB18780456.wav,2
/USERSPACE/DATASETS/CodecFake/train/F02_p231_444.wav,2
/USERSPACE/DATASETS/CodecFake/train/F02_SSB13200375.wav,2
/USERSPACE/DATASETS/CodecFake/train/F02_SSB07230285.wav,2
/USERSPACE/DATASETS/CodecFake/train/F02_SSB10550061.wav,2
/USERSPACE/DATASETS/CodecFake/train/F02_SSB07580086.wav,2
/USERSPACE/DATASETS/CodecFake/train/F02_SSB19180055.wav,2
/USERSPACE/DATASETS/CodecFake/train/F02_SSB01390355.wav,2
/USERSPACE/DATASETS/CodecFake/train/F02_p280_234.wav,2
/USERSPACE/DATASETS/CodecFake/train/F02_SSB06930179.wav,2
/USERSPACE/DATASETS/CodecFake/train/F02_p285_217.wav,2
/USERSPACE/DATASETS/CodecFake/train/F02_SSB00570083.wav,2
/USERSPACE/DATASETS/CodecFake/train/F02_SSB15930495.wav,2
/USERSPACE/DATASETS/CodecFake/train/F02_SSB03930450.wav,2
/USERSPACE/DATASETS/CodecFake/train/F02_p239_055.wav,2
/USERSPACE/DATASETS/CodecFake/train/F02_p246_333.wav,2
/USERSPACE/DATASETS/CodecFake/train/F02_SSB16700234.wav,2
/USERSPACE/DATASETS/CodecFake/train/F02_SSB02410120.wav,2
/USERSPACE/DATASETS/CodecFake/train/F02_p340_244.wav,2
/USERSPACE/DATASETS/CodecFake/train/F02_p241_096.wav,2
/USERSPACE/DATASETS/CodecFake/train/F02_SSB05780317.wav,2
/USERSPACE/DATASETS/CodecFake/train/F02_SSB11000380.wav,2
/USERSPACE/DATASETS/CodecFake/train/F02_SSB18720256.wav,2
/USERSPACE/DATASETS/CodecFake/train/F02_SSB18720245.wav,2
/USERSPACE/DATASETS/CodecFake/train/F02_SSB12160251.wav,2
/USERSPACE/DATASETS/CodecFake/train/F02_SSB19350215.wav,2
/USERSPACE/DATASETS/CodecFake/train/F02_SSB18280414.wav,2
/USERSPACE/DATASETS/CodecFake/train/F02_SSB03420483.wav,2
/USERSPACE/DATASETS/CodecFake/train/F02_p292_202.wav,2
/USERSPACE/DATASETS/CodecFake/train/F02_SSB13650298.wav,2
/USERSPACE/DATASETS/CodecFake/train/F02_p288_262.wav,2
/USERSPACE/DATASETS/CodecFake/train/F02_SSB11350471.wav,2
/USERSPACE/DATASETS/CodecFake/train/F02_p250_356.wav,2
/USERSPACE/DATASETS/CodecFake/train/F02_SSB07940463.wav,2
/USERSPACE/DATASETS/CodecFake/train/F02_SSB10720253.wav,2
/USERSPACE/DATASETS/CodecFake/train/F02_p266_310.wav,2
/USERSPACE/DATASETS/CodecFake/train/F02_SSB13410445.wav,2
/USERSPACE/DATASETS/CodecFake/train/F02_SSB16070301.wav,2
/USERSPACE/DATASETS/CodecFake/train/F02_SSB03950445.wav,2
/USERSPACE/DATASETS/CodecFake/train/F02_p237_097.wav,2
/USERSPACE/DATASETS/CodecFake/train/F02_p268_127.wav,2
/USERSPACE/DATASETS/CodecFake/train/F02_p275_173.wav,2
/USERSPACE/DATASETS/CodecFake/train/F02_p265_154.wav,2
/USERSPACE/DATASETS/CodecFake/train/F02_p265_054.wav,2
/USERSPACE/DATASETS/CodecFake/train/F02_SSB18910044.wav,2
/USERSPACE/DATASETS/CodecFake/train/F02_p240_299.wav,2
/USERSPACE/DATASETS/CodecFake/train/F02_SSB03950080.wav,2
/USERSPACE/DATASETS/CodecFake/train/F02_SSB06320298.wav,2
/USERSPACE/DATASETS/CodecFake/train/F02_SSB05990416.wav,2
/USERSPACE/DATASETS/CodecFake/train/F02_SSB03540061.wav,2
/USERSPACE/DATASETS/CodecFake/train/F02_SSB05350375.wav,2
/USERSPACE/DATASETS/CodecFake/train/F02_SSB05390269.wav,2
/USERSPACE/DATASETS/CodecFake/train/F02_SSB07510366.wav,2
/USERSPACE/DATASETS/CodecFake/train/F02_SSB09660226.wav,2
/USERSPACE/DATASETS/CodecFake/train/F02_SSB15850117.wav,2
/USERSPACE/DATASETS/CodecFake/train/F02_p288_057.wav,2
/USERSPACE/DATASETS/CodecFake/train/F02_SSB03070509.wav,2
/USERSPACE/DATASETS/CodecFake/train/F02_p239_125.wav,2
/USERSPACE/DATASETS/CodecFake/train/F02_SSB10640220.wav,2
/USERSPACE/DATASETS/CodecFake/train/F02_SSB09350396.wav,2
/USERSPACE/DATASETS/CodecFake/train/F02_p273_328.wav,2
/USERSPACE/DATASETS/CodecFake/train/F02_p340_157.wav,2
/USERSPACE/DATASETS/CodecFake/train/F02_SSB05020462.wav,2
/USERSPACE/DATASETS/CodecFake/train/F02_p323_244.wav,2
/USERSPACE/DATASETS/CodecFake/train/F02_SSB13280339.wav,2
/USERSPACE/DATASETS/CodecFake/train/F02_SSB18370411.wav,2
/USERSPACE/DATASETS/CodecFake/train/F02_p251_314.wav,2
/USERSPACE/DATASETS/CodecFake/train/F02_SSB17110405.wav,2
/USERSPACE/DATASETS/CodecFake/train/F02_p239_130.wav,2
/USERSPACE/DATASETS/CodecFake/train/F02_SSB05940361.wav,2
/USERSPACE/DATASETS/CodecFake/train/F02_SSB05440272.wav,2
/USERSPACE/DATASETS/CodecFake/train/F02_p246_279.wav,2
/USERSPACE/DATASETS/CodecFake/train/F02_p316_417.wav,2
/USERSPACE/DATASETS/CodecFake/train/F02_SSB07860193.wav,2
/USERSPACE/DATASETS/CodecFake/train/F02_p281_253.wav,2
/USERSPACE/DATASETS/CodecFake/train/F02_SSB18320375.wav,2
/USERSPACE/DATASETS/CodecFake/train/F02_SSB02000164.wav,2
/USERSPACE/DATASETS/CodecFake/train/F02_SSB18910100.wav,2
/USERSPACE/DATASETS/CodecFake/train/F02_SSB00160020.wav,2
/USERSPACE/DATASETS/CodecFake/train/F02_p238_160.wav,2
/USERSPACE/DATASETS/CodecFake/train/F02_SSB03820028.wav,2
/USERSPACE/DATASETS/CodecFake/train/F02_SSB18370230.wav,2
/USERSPACE/DATASETS/CodecFake/train/F02_SSB04150441.wav,2
/USERSPACE/DATASETS/CodecFake/train/F02_SSB09130237.wav,2
/USERSPACE/DATASETS/CodecFake/train/F02_SSB06680422.wav,2
/USERSPACE/DATASETS/CodecFake/train/F02_p230_269.wav,2
/USERSPACE/DATASETS/CodecFake/train/F02_SSB11150036.wav,2
/USERSPACE/DATASETS/CodecFake/train/F02_SSB07020418.wav,2
/USERSPACE/DATASETS/CodecFake/train/F02_SSB12150125.wav,2
/USERSPACE/DATASETS/CodecFake/train/F02_SSB07230087.wav,2
/USERSPACE/DATASETS/CodecFake/train/F02_p272_248.wav,2
/USERSPACE/DATASETS/CodecFake/train/F02_p279_018.wav,2
/USERSPACE/DATASETS/CodecFake/train/F02_SSB06090354.wav,2
/USERSPACE/DATASETS/CodecFake/train/F02_SSB05020146.wav,2
/USERSPACE/DATASETS/CodecFake/train/F02_SSB02460219.wav,2
/USERSPACE/DATASETS/CodecFake/train/F02_SSB03790167.wav,2
/USERSPACE/DATASETS/CodecFake/train/F02_p276_440.wav,2
/USERSPACE/DATASETS/CodecFake/train/F02_SSB07490400.wav,2
/USERSPACE/DATASETS/CodecFake/train/F02_SSB15550281.wav,2
/USERSPACE/DATASETS/CodecFake/train/F02_SSB10910340.wav,2
/USERSPACE/DATASETS/CodecFake/train/F02_SSB16990353.wav,2
/USERSPACE/DATASETS/CodecFake/train/F02_SSB12530242.wav,2
/USERSPACE/DATASETS/CodecFake/train/F02_SSB06070004.wav,2
/USERSPACE/DATASETS/CodecFake/train/F02_p302_211.wav,2
/USERSPACE/DATASETS/CodecFake/train/F02_SSB05650170.wav,2
/USERSPACE/DATASETS/CodecFake/train/F02_SSB07020119.wav,2
/USERSPACE/DATASETS/CodecFake/train/F02_SSB18320272.wav,2
/USERSPACE/DATASETS/CodecFake/train/F02_SSB09130143.wav,2
/USERSPACE/DATASETS/CodecFake/train/F02_SSB04070152.wav,2
/USERSPACE/DATASETS/CodecFake/train/F02_p278_182.wav,2
/USERSPACE/DATASETS/CodecFake/train/F02_p280_222.wav,2
/USERSPACE/DATASETS/CodecFake/train/F02_SSB16860070.wav,2
/USERSPACE/DATASETS/CodecFake/train/F02_SSB07200140.wav,2
/USERSPACE/DATASETS/CodecFake/train/F02_SSB07860480.wav,2
/USERSPACE/DATASETS/CodecFake/train/F02_SSB13410427.wav,2
/USERSPACE/DATASETS/CodecFake/train/F02_p340_366.wav,2
/USERSPACE/DATASETS/CodecFake/train/F02_SSB03790402.wav,2
/USERSPACE/DATASETS/CodecFake/train/F02_p266_163.wav,2
/USERSPACE/DATASETS/CodecFake/train/F02_SSB14310149.wav,2
/USERSPACE/DATASETS/CodecFake/train/F02_SSB06710360.wav,2
/USERSPACE/DATASETS/CodecFake/train/F02_SSB16250102.wav,2
/USERSPACE/DATASETS/CodecFake/train/F02_SSB11150043.wav,2
/USERSPACE/DATASETS/CodecFake/train/F02_SSB10720432.wav,2
/USERSPACE/DATASETS/CodecFake/train/F02_SSB09150175.wav,2
/USERSPACE/DATASETS/CodecFake/train/F02_SSB09870201.wav,2
/USERSPACE/DATASETS/CodecFake/train/F02_p323_118.wav,2
/USERSPACE/DATASETS/CodecFake/train/F02_SSB11360146.wav,2
/USERSPACE/DATASETS/CodecFake/train/F02_SSB00800225.wav,2
/USERSPACE/DATASETS/CodecFake/train/F02_SSB05650474.wav,2
/USERSPACE/DATASETS/CodecFake/train/F02_p231_272.wav,2
/USERSPACE/DATASETS/CodecFake/train/F02_SSB06320324.wav,2
/USERSPACE/DATASETS/CodecFake/train/F02_SSB03410049.wav,2
/USERSPACE/DATASETS/CodecFake/train/F02_p317_081.wav,2
/USERSPACE/DATASETS/CodecFake/train/F02_SSB18910230.wav,2
/USERSPACE/DATASETS/CodecFake/train/F02_SSB05350404.wav,2
/USERSPACE/DATASETS/CodecFake/train/F02_SSB06660409.wav,2
/USERSPACE/DATASETS/CodecFake/train/F02_p292_031.wav,2
/USERSPACE/DATASETS/CodecFake/train/F02_SSB18280037.wav,2
/USERSPACE/DATASETS/CodecFake/train/F02_SSB13220129.wav,2
/USERSPACE/DATASETS/CodecFake/train/F02_SSB00380361.wav,2
/USERSPACE/DATASETS/CodecFake/train/F02_SSB06230459.wav,2
/USERSPACE/DATASETS/CodecFake/train/F02_p255_216.wav,2
/USERSPACE/DATASETS/CodecFake/train/F02_SSB13770159.wav,2
/USERSPACE/DATASETS/CodecFake/train/F02_p317_253.wav,2
/USERSPACE/DATASETS/CodecFake/train/F02_SSB07100193.wav,2
/USERSPACE/DATASETS/CodecFake/train/F02_SSB13220285.wav,2
/USERSPACE/DATASETS/CodecFake/train/F02_SSB07840310.wav,2
/USERSPACE/DATASETS/CodecFake/train/F02_SSB10960143.wav,2
/USERSPACE/DATASETS/CodecFake/train/F02_SSB07160204.wav,2
/USERSPACE/DATASETS/CodecFake/train/F02_p238_453.wav,2
/USERSPACE/DATASETS/CodecFake/train/F02_SSB10000210.wav,2
/USERSPACE/DATASETS/CodecFake/train/F02_p323_237.wav,2
/USERSPACE/DATASETS/CodecFake/train/F02_SSB10240444.wav,2
/USERSPACE/DATASETS/CodecFake/train/F02_SSB15750485.wav,2
/USERSPACE/DATASETS/CodecFake/train/F02_SSB00110434.wav,2
/USERSPACE/DATASETS/CodecFake/train/F02_p307_021.wav,2
/USERSPACE/DATASETS/CodecFake/train/F02_SSB08170341.wav,2
/USERSPACE/DATASETS/CodecFake/train/F02_p335_101.wav,2
/USERSPACE/DATASETS/CodecFake/train/F02_p255_089.wav,2
/USERSPACE/DATASETS/CodecFake/train/F02_p303_180.wav,2
/USERSPACE/DATASETS/CodecFake/train/F02_SSB10000299.wav,2
/USERSPACE/DATASETS/CodecFake/train/F02_SSB03540042.wav,2
/USERSPACE/DATASETS/CodecFake/train/F02_SSB18320432.wav,2
/USERSPACE/DATASETS/CodecFake/train/F02_SSB11350044.wav,2
/USERSPACE/DATASETS/CodecFake/train/F02_SSB01490399.wav,2
/USERSPACE/DATASETS/CodecFake/train/F02_SSB11260165.wav,2
/USERSPACE/DATASETS/CodecFake/train/F02_SSB05650110.wav,2
/USERSPACE/DATASETS/CodecFake/train/F02_p294_118.wav,2
/USERSPACE/DATASETS/CodecFake/train/F02_p295_318.wav,2
/USERSPACE/DATASETS/CodecFake/train/F02_SSB07460128.wav,2
/USERSPACE/DATASETS/CodecFake/train/F02_SSB10640492.wav,2
/USERSPACE/DATASETS/CodecFake/train/F02_p237_289.wav,2
/USERSPACE/DATASETS/CodecFake/train/F02_p326_053.wav,2
/USERSPACE/DATASETS/CodecFake/train/F02_p279_288.wav,2
/USERSPACE/DATASETS/CodecFake/train/F02_p234_001.wav,2
/USERSPACE/DATASETS/CodecFake/train/F02_SSB02870279.wav,2
/USERSPACE/DATASETS/CodecFake/train/F02_SSB03790230.wav,2
/USERSPACE/DATASETS/CodecFake/train/F02_SSB04270130.wav,2
/USERSPACE/DATASETS/CodecFake/train/F02_p278_260.wav,2
/USERSPACE/DATASETS/CodecFake/train/F02_SSB04820142.wav,2
/USERSPACE/DATASETS/CodecFake/train/F02_p314_215.wav,2
/USERSPACE/DATASETS/CodecFake/train/F02_SSB11970449.wav,2
/USERSPACE/DATASETS/CodecFake/train/F02_p234_098.wav,2
/USERSPACE/DATASETS/CodecFake/train/F02_SSB03820283.wav,2
/USERSPACE/DATASETS/CodecFake/train/F02_SSB18100040.wav,2
/USERSPACE/DATASETS/CodecFake/train/F02_SSB06290261.wav,2
/USERSPACE/DATASETS/CodecFake/train/F02_SSB16240049.wav,2
/USERSPACE/DATASETS/CodecFake/train/F02_SSB07510368.wav,2
/USERSPACE/DATASETS/CodecFake/train/F02_SSB03160089.wav,2
/USERSPACE/DATASETS/CodecFake/train/F02_SSB10640458.wav,2
/USERSPACE/DATASETS/CodecFake/train/F02_SSB11000072.wav,2
/USERSPACE/DATASETS/CodecFake/train/F02_SSB11350441.wav,2
/USERSPACE/DATASETS/CodecFake/train/F02_SSB05700119.wav,2
/USERSPACE/DATASETS/CodecFake/train/F02_SSB19560438.wav,2
/USERSPACE/DATASETS/CodecFake/train/F02_SSB07510208.wav,2
/USERSPACE/DATASETS/CodecFake/train/F02_SSB06660081.wav,2
/USERSPACE/DATASETS/CodecFake/train/F02_SSB02880430.wav,2
/USERSPACE/DATASETS/CodecFake/train/F02_SSB11870176.wav,2
/USERSPACE/DATASETS/CodecFake/train/F02_SSB18310173.wav,2
/USERSPACE/DATASETS/CodecFake/train/F02_p310_193.wav,2
/USERSPACE/DATASETS/CodecFake/train/F02_SSB00050337.wav,2
/USERSPACE/DATASETS/CodecFake/train/F02_p374_350.wav,2
/USERSPACE/DATASETS/CodecFake/train/F02_SSB06660426.wav,2
/USERSPACE/DATASETS/CodecFake/train/F02_SSB05440385.wav,2
/USERSPACE/DATASETS/CodecFake/train/F02_SSB18630115.wav,2
/USERSPACE/DATASETS/CodecFake/train/F02_p288_384.wav,2
/USERSPACE/DATASETS/CodecFake/train/F02_SSB01490116.wav,2
/USERSPACE/DATASETS/CodecFake/train/F02_SSB00570244.wav,2
/USERSPACE/DATASETS/CodecFake/train/F02_SSB18280099.wav,2
/USERSPACE/DATASETS/CodecFake/train/F02_SSB15930434.wav,2
/USERSPACE/DATASETS/CodecFake/train/F02_p285_267.wav,2
/USERSPACE/DATASETS/CodecFake/train/F02_SSB02670391.wav,2
/USERSPACE/DATASETS/CodecFake/train/F02_SSB18320396.wav,2
/USERSPACE/DATASETS/CodecFake/train/F02_SSB14080331.wav,2
/USERSPACE/DATASETS/CodecFake/train/F02_SSB18630046.wav,2
/USERSPACE/DATASETS/CodecFake/train/F02_SSB09930245.wav,2
/USERSPACE/DATASETS/CodecFake/train/F02_p249_170.wav,2
/USERSPACE/DATASETS/CodecFake/train/F02_SSB14370030.wav,2
/USERSPACE/DATASETS/CodecFake/train/F02_SSB07370132.wav,2
/USERSPACE/DATASETS/CodecFake/train/F02_SSB01970247.wav,2
/USERSPACE/DATASETS/CodecFake/train/F02_SSB13660035.wav,2
/USERSPACE/DATASETS/CodecFake/train/F02_p241_080.wav,2
/USERSPACE/DATASETS/CodecFake/train/F02_SSB02880371.wav,2
/USERSPACE/DATASETS/CodecFake/train/F02_p256_094.wav,2
/USERSPACE/DATASETS/CodecFake/train/F02_p308_338.wav,2
/USERSPACE/DATASETS/CodecFake/train/F02_p273_217.wav,2
/USERSPACE/DATASETS/CodecFake/train/F02_SSB19560417.wav,2
/USERSPACE/DATASETS/CodecFake/train/F02_SSB12530273.wav,2
/USERSPACE/DATASETS/CodecFake/train/F02_p249_074.wav,2
/USERSPACE/DATASETS/CodecFake/train/F02_p267_293.wav,2
/USERSPACE/DATASETS/CodecFake/train/F02_SSB03660222.wav,2
/USERSPACE/DATASETS/CodecFake/train/F02_SSB00570290.wav,2
/USERSPACE/DATASETS/CodecFake/train/F02_SSB08220065.wav,2
/USERSPACE/DATASETS/CodecFake/train/F02_SSB18910161.wav,2
/USERSPACE/DATASETS/CodecFake/train/F02_SSB10020372.wav,2
/USERSPACE/DATASETS/CodecFake/train/F02_p273_088.wav,2
/USERSPACE/DATASETS/CodecFake/train/F02_SSB15550241.wav,2
/USERSPACE/DATASETS/CodecFake/train/F02_SSB06070494.wav,2
/USERSPACE/DATASETS/CodecFake/train/F02_p251_373.wav,2
/USERSPACE/DATASETS/CodecFake/train/F02_SSB03820390.wav,2
/USERSPACE/DATASETS/CodecFake/train/F02_p239_087.wav,2
/USERSPACE/DATASETS/CodecFake/train/F02_SSB07000084.wav,2
/USERSPACE/DATASETS/CodecFake/train/F02_p249_222.wav,2
/USERSPACE/DATASETS/CodecFake/train/F02_SSB18310066.wav,2
/USERSPACE/DATASETS/CodecFake/train/F02_p360_139.wav,2
/USERSPACE/DATASETS/CodecFake/train/F02_p285_252.wav,2
/USERSPACE/DATASETS/CodecFake/train/F02_SSB05340054.wav,2
/USERSPACE/DATASETS/CodecFake/train/F02_SSB10910389.wav,2
/USERSPACE/DATASETS/CodecFake/train/F02_SSB01220066.wav,2
/USERSPACE/DATASETS/CodecFake/train/F02_SSB07370368.wav,2
/USERSPACE/DATASETS/CodecFake/train/F02_p276_022.wav,2
/USERSPACE/DATASETS/CodecFake/train/F02_SSB11000483.wav,2
/USERSPACE/DATASETS/CodecFake/train/F02_SSB06290272.wav,2
/USERSPACE/DATASETS/CodecFake/train/F02_p313_236.wav,2
/USERSPACE/DATASETS/CodecFake/train/F02_SSB03940502.wav,2
/USERSPACE/DATASETS/CodecFake/train/F02_SSB02670127.wav,2
/USERSPACE/DATASETS/CodecFake/train/F02_SSB10000401.wav,2
/USERSPACE/DATASETS/CodecFake/train/F02_p300_122.wav,2
/USERSPACE/DATASETS/CodecFake/train/F02_SSB14480143.wav,2
/USERSPACE/DATASETS/CodecFake/train/F02_SSB05440379.wav,2
/USERSPACE/DATASETS/CodecFake/train/F02_SSB08090251.wav,2
/USERSPACE/DATASETS/CodecFake/train/F02_SSB12390461.wav,2
/USERSPACE/DATASETS/CodecFake/train/F02_SSB17810290.wav,2
/USERSPACE/DATASETS/CodecFake/train/F02_p347_269.wav,2
/USERSPACE/DATASETS/CodecFake/train/F02_p240_260.wav,2
/USERSPACE/DATASETS/CodecFake/train/F02_SSB02730469.wav,2
/USERSPACE/DATASETS/CodecFake/train/F02_SSB05340002.wav,2
/USERSPACE/DATASETS/CodecFake/train/F02_p339_344.wav,2
/USERSPACE/DATASETS/CodecFake/train/F02_SSB13920199.wav,2
/USERSPACE/DATASETS/CodecFake/train/F02_SSB13200296.wav,2
/USERSPACE/DATASETS/CodecFake/train/F02_SSB05880486.wav,2
/USERSPACE/DATASETS/CodecFake/train/F02_SSB03930230.wav,2
/USERSPACE/DATASETS/CodecFake/train/F02_p306_167.wav,2
/USERSPACE/DATASETS/CodecFake/train/F02_p306_251.wav,2
/USERSPACE/DATASETS/CodecFake/train/F02_p335_120.wav,2
/USERSPACE/DATASETS/CodecFake/train/F02_SSB02670036.wav,2
/USERSPACE/DATASETS/CodecFake/train/F02_SSB15550009.wav,2
/USERSPACE/DATASETS/CodecFake/train/F02_SSB12180251.wav,2
/USERSPACE/DATASETS/CodecFake/train/F02_SSB07510267.wav,2
/USERSPACE/DATASETS/CodecFake/train/F02_SSB09190172.wav,2
/USERSPACE/DATASETS/CodecFake/train/F02_SSB12190114.wav,2
/USERSPACE/DATASETS/CodecFake/train/F02_SSB16860385.wav,2
/USERSPACE/DATASETS/CodecFake/train/F02_p297_141.wav,2
/USERSPACE/DATASETS/CodecFake/train/F02_p306_281.wav,2
/USERSPACE/DATASETS/CodecFake/train/F02_SSB02730322.wav,2
/USERSPACE/DATASETS/CodecFake/train/F02_SSB16840374.wav,2
/USERSPACE/DATASETS/CodecFake/train/F02_SSB03390390.wav,2
/USERSPACE/DATASETS/CodecFake/train/F02_SSB07360008.wav,2
/USERSPACE/DATASETS/CodecFake/train/F02_SSB16070082.wav,2
/USERSPACE/DATASETS/CodecFake/train/F02_SSB12180164.wav,2
/USERSPACE/DATASETS/CodecFake/train/F02_SSB12190116.wav,2
/USERSPACE/DATASETS/CodecFake/train/F02_p280_367.wav,2
/USERSPACE/DATASETS/CodecFake/train/F02_SSB16990056.wav,2
/USERSPACE/DATASETS/CodecFake/train/F02_SSB10200096.wav,2
/USERSPACE/DATASETS/CodecFake/train/F02_SSB03390470.wav,2
/USERSPACE/DATASETS/CodecFake/train/F02_SSB07510173.wav,2
/USERSPACE/DATASETS/CodecFake/train/F02_p283_080.wav,2
/USERSPACE/DATASETS/CodecFake/train/F02_p335_209.wav,2
/USERSPACE/DATASETS/CodecFake/train/F02_p293_229.wav,2
/USERSPACE/DATASETS/CodecFake/train/F02_p310_160.wav,2
/USERSPACE/DATASETS/CodecFake/train/F02_p227_134.wav,2
/USERSPACE/DATASETS/CodecFake/train/F02_p250_131.wav,2
/USERSPACE/DATASETS/CodecFake/train/F02_SSB00110023.wav,2
/USERSPACE/DATASETS/CodecFake/train/F02_SSB14310105.wav,2
/USERSPACE/DATASETS/CodecFake/train/F02_SSB19020269.wav,2
/USERSPACE/DATASETS/CodecFake/train/F02_SSB07600376.wav,2
/USERSPACE/DATASETS/CodecFake/train/F02_SSB04150340.wav,2
/USERSPACE/DATASETS/CodecFake/train/F02_p361_277.wav,2
/USERSPACE/DATASETS/CodecFake/train/F02_p279_066.wav,2
/USERSPACE/DATASETS/CodecFake/train/F02_SSB11310030.wav,2
/USERSPACE/DATASETS/CodecFake/train/F02_SSB00090487.wav,2
/USERSPACE/DATASETS/CodecFake/train/F02_p263_252.wav,2
/USERSPACE/DATASETS/CodecFake/train/F02_SSB16300510.wav,2
/USERSPACE/DATASETS/CodecFake/train/F02_SSB13820277.wav,2
/USERSPACE/DATASETS/CodecFake/train/F02_SSB11760272.wav,2
/USERSPACE/DATASETS/CodecFake/train/F02_p255_326.wav,2
/USERSPACE/DATASETS/CodecFake/train/F02_SSB07620361.wav,2
/USERSPACE/DATASETS/CodecFake/train/F02_p305_325.wav,2
/USERSPACE/DATASETS/CodecFake/train/F02_SSB04820203.wav,2
/USERSPACE/DATASETS/CodecFake/train/F02_SSB00330184.wav,2
/USERSPACE/DATASETS/CodecFake/train/F02_SSB15750260.wav,2
/USERSPACE/DATASETS/CodecFake/train/F02_SSB00160157.wav,2
/USERSPACE/DATASETS/CodecFake/train/F02_SSB13660107.wav,2
/USERSPACE/DATASETS/CodecFake/train/F02_SSB05880201.wav,2
/USERSPACE/DATASETS/CodecFake/train/F02_SSB15630374.wav,2
/USERSPACE/DATASETS/CodecFake/train/F02_p261_232.wav,2
/USERSPACE/DATASETS/CodecFake/train/F02_SSB01930159.wav,2
/USERSPACE/DATASETS/CodecFake/train/F02_p343_021.wav,2
/USERSPACE/DATASETS/CodecFake/train/F02_SSB09870237.wav,2
/USERSPACE/DATASETS/CodecFake/train/F02_SSB01120209.wav,2
/USERSPACE/DATASETS/CodecFake/train/F02_SSB00380305.wav,2
/USERSPACE/DATASETS/CodecFake/train/F02_p255_043.wav,2
/USERSPACE/DATASETS/CodecFake/train/F02_p244_251.wav,2
/USERSPACE/DATASETS/CodecFake/train/F02_SSB05990377.wav,2
/USERSPACE/DATASETS/CodecFake/train/F02_SSB07360019.wav,2
/USERSPACE/DATASETS/CodecFake/train/F02_SSB07860035.wav,2
/USERSPACE/DATASETS/CodecFake/train/F02_SSB13020187.wav,2
/USERSPACE/DATASETS/CodecFake/train/F02_SSB08510286.wav,2
/USERSPACE/DATASETS/CodecFake/train/F02_SSB05880497.wav,2
/USERSPACE/DATASETS/CodecFake/train/F02_SSB03380430.wav,2
/USERSPACE/DATASETS/CodecFake/train/F02_SSB13850156.wav,2
/USERSPACE/DATASETS/CodecFake/train/F02_p283_230.wav,2
/USERSPACE/DATASETS/CodecFake/train/F02_p283_351.wav,2
/USERSPACE/DATASETS/CodecFake/train/F02_SSB15850249.wav,2
/USERSPACE/DATASETS/CodecFake/train/F02_p272_216.wav,2
/USERSPACE/DATASETS/CodecFake/train/F02_p304_233.wav,2
/USERSPACE/DATASETS/CodecFake/train/F02_SSB04270260.wav,2
/USERSPACE/DATASETS/CodecFake/train/F02_SSB03540040.wav,2
/USERSPACE/DATASETS/CodecFake/train/F02_SSB09870084.wav,2
/USERSPACE/DATASETS/CodecFake/train/F02_p254_181.wav,2
/USERSPACE/DATASETS/CodecFake/train/F02_p274_410.wav,2
/USERSPACE/DATASETS/CodecFake/train/F02_SSB00380099.wav,2
/USERSPACE/DATASETS/CodecFake/train/F02_p257_105.wav,2
/USERSPACE/DATASETS/CodecFake/train/F02_SSB10960128.wav,2
/USERSPACE/DATASETS/CodecFake/train/F02_SSB02610275.wav,2
/USERSPACE/DATASETS/CodecFake/train/F02_SSB07100071.wav,2
/USERSPACE/DATASETS/CodecFake/train/F02_p233_058.wav,2
/USERSPACE/DATASETS/CodecFake/train/F02_SSB06230179.wav,2
/USERSPACE/DATASETS/CodecFake/train/F02_p231_036.wav,2
/USERSPACE/DATASETS/CodecFake/train/F02_SSB03930104.wav,2
/USERSPACE/DATASETS/CodecFake/train/F02_SSB07200357.wav,2
/USERSPACE/DATASETS/CodecFake/train/F02_p299_241.wav,2
/USERSPACE/DATASETS/CodecFake/train/F02_SSB03070435.wav,2
/USERSPACE/DATASETS/CodecFake/train/F02_SSB15630366.wav,2
/USERSPACE/DATASETS/CodecFake/train/F02_SSB11250290.wav,2
/USERSPACE/DATASETS/CodecFake/train/F02_SSB09350386.wav,2
/USERSPACE/DATASETS/CodecFake/train/F02_SSB13400062.wav,2
/USERSPACE/DATASETS/CodecFake/train/F02_SSB00120247.wav,2
/USERSPACE/DATASETS/CodecFake/train/F02_p310_422.wav,2
/USERSPACE/DATASETS/CodecFake/train/F02_p260_063.wav,2
/USERSPACE/DATASETS/CodecFake/train/F02_SSB06010490.wav,2
/USERSPACE/DATASETS/CodecFake/train/F02_SSB07620494.wav,2
/USERSPACE/DATASETS/CodecFake/train/F02_SSB18370053.wav,2
/USERSPACE/DATASETS/CodecFake/train/F02_p280_041.wav,2
/USERSPACE/DATASETS/CodecFake/train/F02_p241_327.wav,2
/USERSPACE/DATASETS/CodecFake/train/F02_p323_260.wav,2
/USERSPACE/DATASETS/CodecFake/train/F02_SSB00430170.wav,2
/USERSPACE/DATASETS/CodecFake/train/F02_SSB02880206.wav,2
/USERSPACE/DATASETS/CodecFake/train/F02_SSB02990329.wav,2
/USERSPACE/DATASETS/CodecFake/train/F02_SSB04350408.wav,2
/USERSPACE/DATASETS/CodecFake/train/F02_SSB01120287.wav,2
/USERSPACE/DATASETS/CodecFake/train/F02_p259_020.wav,2
/USERSPACE/DATASETS/CodecFake/train/F02_SSB07360304.wav,2
/USERSPACE/DATASETS/CodecFake/train/F02_SSB18780388.wav,2
/USERSPACE/DATASETS/CodecFake/train/F02_p329_175.wav,2
/USERSPACE/DATASETS/CodecFake/train/F02_SSB02880440.wav,2
/USERSPACE/DATASETS/CodecFake/train/F02_p234_100.wav,2
/USERSPACE/DATASETS/CodecFake/train/F02_p247_123.wav,2
/USERSPACE/DATASETS/CodecFake/train/F02_SSB00800470.wav,2
/USERSPACE/DATASETS/CodecFake/train/F02_SSB18460184.wav,2
/USERSPACE/DATASETS/CodecFake/train/F02_SSB13200033.wav,2
/USERSPACE/DATASETS/CodecFake/train/F02_SSB02870298.wav,2
/USERSPACE/DATASETS/CodecFake/train/F02_SSB06070019.wav,2
/USERSPACE/DATASETS/CodecFake/train/F02_SSB07480361.wav,2
/USERSPACE/DATASETS/CodecFake/train/F02_SSB03390099.wav,2
/USERSPACE/DATASETS/CodecFake/train/F02_SSB07600095.wav,2
/USERSPACE/DATASETS/CodecFake/train/F02_p246_125.wav,2
/USERSPACE/DATASETS/CodecFake/train/F02_SSB06310010.wav,2
/USERSPACE/DATASETS/CodecFake/train/F02_SSB15630029.wav,2
/USERSPACE/DATASETS/CodecFake/train/F02_SSB16250183.wav,2
/USERSPACE/DATASETS/CodecFake/train/F02_SSB09930045.wav,2
/USERSPACE/DATASETS/CodecFake/train/F02_SSB07840465.wav,2
/USERSPACE/DATASETS/CodecFake/train/F02_p263_344.wav,2
/USERSPACE/DATASETS/CodecFake/train/F02_SSB03660215.wav,2
/USERSPACE/DATASETS/CodecFake/train/F02_SSB00180465.wav,2
/USERSPACE/DATASETS/CodecFake/train/F02_SSB03750182.wav,2
/USERSPACE/DATASETS/CodecFake/train/F02_p374_282.wav,2
/USERSPACE/DATASETS/CodecFake/train/F02_SSB02730387.wav,2
/USERSPACE/DATASETS/CodecFake/train/F02_p306_343.wav,2
/USERSPACE/DATASETS/CodecFake/train/F02_p318_069.wav,2
/USERSPACE/DATASETS/CodecFake/train/F02_SSB16250080.wav,2
/USERSPACE/DATASETS/CodecFake/train/F02_p243_369.wav,2
/USERSPACE/DATASETS/CodecFake/train/F02_p277_005.wav,2
/USERSPACE/DATASETS/CodecFake/train/F02_SSB11000151.wav,2
/USERSPACE/DATASETS/CodecFake/train/F02_SSB19560425.wav,2
/USERSPACE/DATASETS/CodecFake/train/F02_SSB18310423.wav,2
/USERSPACE/DATASETS/CodecFake/train/F02_p248_309.wav,2
/USERSPACE/DATASETS/CodecFake/train/F02_SSB07840160.wav,2
/USERSPACE/DATASETS/CodecFake/train/F02_SSB05020344.wav,2
/USERSPACE/DATASETS/CodecFake/train/F02_SSB12210211.wav,2
/USERSPACE/DATASETS/CodecFake/train/F02_p341_319.wav,2
/USERSPACE/DATASETS/CodecFake/train/F02_p360_369.wav,2
/USERSPACE/DATASETS/CodecFake/train/F02_SSB03790127.wav,2
/USERSPACE/DATASETS/CodecFake/train/F02_SSB12180135.wav,2
/USERSPACE/DATASETS/CodecFake/train/F02_p374_110.wav,2
/USERSPACE/DATASETS/CodecFake/train/F02_SSB07020319.wav,2
/USERSPACE/DATASETS/CodecFake/train/F02_p238_360.wav,2
/USERSPACE/DATASETS/CodecFake/train/F02_SSB01220284.wav,2
/USERSPACE/DATASETS/CodecFake/train/F02_p265_004.wav,2
/USERSPACE/DATASETS/CodecFake/train/F02_p230_151.wav,2
/USERSPACE/DATASETS/CodecFake/train/F02_p263_225.wav,2
/USERSPACE/DATASETS/CodecFake/train/F02_SSB05390117.wav,2
/USERSPACE/DATASETS/CodecFake/train/F02_SSB10560369.wav,2
/USERSPACE/DATASETS/CodecFake/train/F02_SSB09930428.wav,2
/USERSPACE/DATASETS/CodecFake/train/F02_SSB17110280.wav,2
/USERSPACE/DATASETS/CodecFake/train/F02_p345_075.wav,2
/USERSPACE/DATASETS/CodecFake/train/F02_p247_308.wav,2
/USERSPACE/DATASETS/CodecFake/train/F02_p258_388.wav,2
/USERSPACE/DATASETS/CodecFake/train/F02_SSB02730190.wav,2
/USERSPACE/DATASETS/CodecFake/train/F02_SSB00800062.wav,2
/USERSPACE/DATASETS/CodecFake/train/F02_SSB04260017.wav,2
/USERSPACE/DATASETS/CodecFake/train/F02_SSB07160300.wav,2
/USERSPACE/DATASETS/CodecFake/train/F02_SSB09870072.wav,2
/USERSPACE/DATASETS/CodecFake/train/F02_p231_046.wav,2
/USERSPACE/DATASETS/CodecFake/train/F02_p264_188.wav,2
/USERSPACE/DATASETS/CodecFake/train/F02_p273_418.wav,2
/USERSPACE/DATASETS/CodecFake/train/F02_p272_233.wav,2
/USERSPACE/DATASETS/CodecFake/train/F02_SSB15550087.wav,2
/USERSPACE/DATASETS/CodecFake/train/F02_p360_180.wav,2
/USERSPACE/DATASETS/CodecFake/train/F02_SSB11250437.wav,2
/USERSPACE/DATASETS/CodecFake/train/F02_SSB11610251.wav,2
/USERSPACE/DATASETS/CodecFake/train/F02_SSB09870266.wav,2
/USERSPACE/DATASETS/CodecFake/train/F02_SSB05440374.wav,2
/USERSPACE/DATASETS/CodecFake/train/F02_p262_096.wav,2
/USERSPACE/DATASETS/CodecFake/train/F02_SSB11970272.wav,2
/USERSPACE/DATASETS/CodecFake/train/F02_SSB00380435.wav,2
/USERSPACE/DATASETS/CodecFake/train/F02_p286_409.wav,2
/USERSPACE/DATASETS/CodecFake/train/F02_SSB10550395.wav,2
/USERSPACE/DATASETS/CodecFake/train/F02_p312_268.wav,2
/USERSPACE/DATASETS/CodecFake/train/F02_SSB06090231.wav,2
/USERSPACE/DATASETS/CodecFake/train/F02_SSB12740161.wav,2
/USERSPACE/DATASETS/CodecFake/train/F02_p274_417.wav,2
/USERSPACE/DATASETS/CodecFake/train/F02_p334_289.wav,2
/USERSPACE/DATASETS/CodecFake/train/F02_p323_378.wav,2
/USERSPACE/DATASETS/CodecFake/train/F02_p276_214.wav,2
/USERSPACE/DATASETS/CodecFake/train/F02_p302_233.wav,2
/USERSPACE/DATASETS/CodecFake/train/F02_SSB00800135.wav,2
/USERSPACE/DATASETS/CodecFake/train/F02_SSB10240296.wav,2
/USERSPACE/DATASETS/CodecFake/train/F02_SSB11250329.wav,2
/USERSPACE/DATASETS/CodecFake/train/F02_p311_069.wav,2
/USERSPACE/DATASETS/CodecFake/train/F02_SSB16240299.wav,2
/USERSPACE/DATASETS/CodecFake/train/F02_p361_242.wav,2
/USERSPACE/DATASETS/CodecFake/train/F02_SSB00160136.wav,2
/USERSPACE/DATASETS/CodecFake/train/F02_p256_176.wav,2
/USERSPACE/DATASETS/CodecFake/train/F02_SSB05020182.wav,2
/USERSPACE/DATASETS/CodecFake/train/F02_p265_158.wav,2
/USERSPACE/DATASETS/CodecFake/train/F02_SSB10560003.wav,2
/USERSPACE/DATASETS/CodecFake/train/F02_SSB11310486.wav,2
/USERSPACE/DATASETS/CodecFake/train/F02_p266_055.wav,2
/USERSPACE/DATASETS/CodecFake/train/F02_SSB09930047.wav,2
/USERSPACE/DATASETS/CodecFake/train/F02_SSB03090080.wav,2
/USERSPACE/DATASETS/CodecFake/train/F02_p307_274.wav,2
/USERSPACE/DATASETS/CodecFake/train/F02_SSB03950310.wav,2
/USERSPACE/DATASETS/CodecFake/train/F02_SSB03850427.wav,2
/USERSPACE/DATASETS/CodecFake/train/F02_SSB08630257.wav,2
/USERSPACE/DATASETS/CodecFake/train/F02_p339_343.wav,2
/USERSPACE/DATASETS/CodecFake/train/F02_SSB07800182.wav,2
/USERSPACE/DATASETS/CodecFake/train/F02_SSB04350496.wav,2
/USERSPACE/DATASETS/CodecFake/train/F02_SSB10500462.wav,2
/USERSPACE/DATASETS/CodecFake/train/F02_p318_186.wav,2
/USERSPACE/DATASETS/CodecFake/train/F02_p284_408.wav,2
/USERSPACE/DATASETS/CodecFake/train/F02_SSB11000097.wav,2
/USERSPACE/DATASETS/CodecFake/train/F02_SSB00090514.wav,2
/USERSPACE/DATASETS/CodecFake/train/F02_p376_294.wav,2
/USERSPACE/DATASETS/CodecFake/train/F02_SSB06930307.wav,2
/USERSPACE/DATASETS/CodecFake/train/F02_SSB18780340.wav,2
/USERSPACE/DATASETS/CodecFake/train/F02_SSB09150322.wav,2
/USERSPACE/DATASETS/CodecFake/train/F02_p274_232.wav,2
/USERSPACE/DATASETS/CodecFake/train/F02_SSB06310359.wav,2
/USERSPACE/DATASETS/CodecFake/train/F02_SSB19390082.wav,2
/USERSPACE/DATASETS/CodecFake/train/F02_p311_048.wav,2
/USERSPACE/DATASETS/CodecFake/train/F02_SSB16250017.wav,2
/USERSPACE/DATASETS/CodecFake/train/F02_SSB05940184.wav,2
/USERSPACE/DATASETS/CodecFake/train/F02_SSB19350232.wav,2
/USERSPACE/DATASETS/CodecFake/train/F02_SSB02870015.wav,2
/USERSPACE/DATASETS/CodecFake/train/F02_SSB19560090.wav,2
/USERSPACE/DATASETS/CodecFake/train/F02_SSB18320388.wav,2
/USERSPACE/DATASETS/CodecFake/train/F02_p276_252.wav,2
/USERSPACE/DATASETS/CodecFake/train/F02_p256_100.wav,2
/USERSPACE/DATASETS/CodecFake/train/F02_p374_324.wav,2
/USERSPACE/DATASETS/CodecFake/train/F02_SSB07800225.wav,2
/USERSPACE/DATASETS/CodecFake/train/F02_SSB02610052.wav,2
/USERSPACE/DATASETS/CodecFake/train/F02_p283_042.wav,2
/USERSPACE/DATASETS/CodecFake/train/F02_SSB07480067.wav,2
/USERSPACE/DATASETS/CodecFake/train/F02_p286_114.wav,2
/USERSPACE/DATASETS/CodecFake/train/F02_SSB05390389.wav,2
/USERSPACE/DATASETS/CodecFake/train/F02_SSB06090203.wav,2
/USERSPACE/DATASETS/CodecFake/train/F02_SSB11260461.wav,2
/USERSPACE/DATASETS/CodecFake/train/F02_SSB07940440.wav,2
/USERSPACE/DATASETS/CodecFake/train/F02_SSB18320220.wav,2
/USERSPACE/DATASETS/CodecFake/train/F02_p361_364.wav,2
/USERSPACE/DATASETS/CodecFake/train/F02_SSB11760082.wav,2
/USERSPACE/DATASETS/CodecFake/train/F02_p227_052.wav,2
/USERSPACE/DATASETS/CodecFake/train/F02_p286_197.wav,2
/USERSPACE/DATASETS/CodecFake/train/F02_p280_198.wav,2
/USERSPACE/DATASETS/CodecFake/train/F02_SSB07490233.wav,2
/USERSPACE/DATASETS/CodecFake/train/F02_SSB10000225.wav,2
/USERSPACE/DATASETS/CodecFake/train/F02_SSB11870196.wav,2
/USERSPACE/DATASETS/CodecFake/train/F02_SSB13400339.wav,2
/USERSPACE/DATASETS/CodecFake/train/F02_SSB07230023.wav,2
/USERSPACE/DATASETS/CodecFake/train/F02_SSB15630214.wav,2
/USERSPACE/DATASETS/CodecFake/train/F02_p240_351.wav,2
/USERSPACE/DATASETS/CodecFake/train/F02_SSB12030416.wav,2
/USERSPACE/DATASETS/CodecFake/train/F02_SSB03950307.wav,2
/USERSPACE/DATASETS/CodecFake/train/F02_SSB19020370.wav,2
/USERSPACE/DATASETS/CodecFake/train/F02_p282_364.wav,2
/USERSPACE/DATASETS/CodecFake/train/F02_SSB07860021.wav,2
/USERSPACE/DATASETS/CodecFake/train/F02_SSB15630168.wav,2
/USERSPACE/DATASETS/CodecFake/train/F02_SSB02000365.wav,2
/USERSPACE/DATASETS/CodecFake/train/F02_p294_275.wav,2
/USERSPACE/DATASETS/CodecFake/train/F02_SSB00330013.wav,2
/USERSPACE/DATASETS/CodecFake/train/F02_SSB12030429.wav,2
/USERSPACE/DATASETS/CodecFake/train/F02_SSB03390006.wav,2
/USERSPACE/DATASETS/CodecFake/train/F02_SSB03790398.wav,2
/USERSPACE/DATASETS/CodecFake/train/F02_SSB07580285.wav,2
/USERSPACE/DATASETS/CodecFake/train/F02_SSB03800224.wav,2
/USERSPACE/DATASETS/CodecFake/train/F02_SSB13850092.wav,2
/USERSPACE/DATASETS/CodecFake/train/F02_SSB03230313.wav,2
/USERSPACE/DATASETS/CodecFake/train/F02_SSB15750460.wav,2
/USERSPACE/DATASETS/CodecFake/train/F02_SSB07600323.wav,2
/USERSPACE/DATASETS/CodecFake/train/F02_p284_126.wav,2
/USERSPACE/DATASETS/CodecFake/train/F02_SSB17810410.wav,2
/USERSPACE/DATASETS/CodecFake/train/F02_SSB05350143.wav,2
/USERSPACE/DATASETS/CodecFake/train/F02_p301_125.wav,2
/USERSPACE/DATASETS/CodecFake/train/F02_SSB05900153.wav,2
/USERSPACE/DATASETS/CodecFake/train/F02_p276_354.wav,2
/USERSPACE/DATASETS/CodecFake/train/F02_SSB07600322.wav,2
/USERSPACE/DATASETS/CodecFake/train/F02_SSB04260246.wav,2
/USERSPACE/DATASETS/CodecFake/train/F02_SSB19390278.wav,2
/USERSPACE/DATASETS/CodecFake/train/F02_p364_042.wav,2
/USERSPACE/DATASETS/CodecFake/train/F02_p270_123.wav,2
/USERSPACE/DATASETS/CodecFake/train/F02_p343_229.wav,2
/USERSPACE/DATASETS/CodecFake/train/F02_p360_329.wav,2
/USERSPACE/DATASETS/CodecFake/train/F02_SSB13830051.wav,2
/USERSPACE/DATASETS/CodecFake/train/F02_p334_053.wav,2
/USERSPACE/DATASETS/CodecFake/train/F02_SSB10240115.wav,2
/USERSPACE/DATASETS/CodecFake/train/F02_p256_274.wav,2
/USERSPACE/DATASETS/CodecFake/train/F02_p267_389.wav,2
/USERSPACE/DATASETS/CodecFake/train/F02_p275_210.wav,2
/USERSPACE/DATASETS/CodecFake/train/F02_SSB11310396.wav,2
/USERSPACE/DATASETS/CodecFake/train/F02_SSB05780310.wav,2
/USERSPACE/DATASETS/CodecFake/train/F02_SSB03090305.wav,2
/USERSPACE/DATASETS/CodecFake/train/F02_SSB06710102.wav,2
/USERSPACE/DATASETS/CodecFake/train/F02_SSB02880024.wav,2
/USERSPACE/DATASETS/CodecFake/train/F02_SSB10560112.wav,2
/USERSPACE/DATASETS/CodecFake/train/F02_p250_166.wav,2
/USERSPACE/DATASETS/CodecFake/train/F02_SSB10240074.wav,2
/USERSPACE/DATASETS/CodecFake/train/F02_SSB01970141.wav,2
/USERSPACE/DATASETS/CodecFake/train/F02_SSB01970154.wav,2
/USERSPACE/DATASETS/CodecFake/train/F02_SSB09350391.wav,2
/USERSPACE/DATASETS/CodecFake/train/F02_p363_243.wav,2
/USERSPACE/DATASETS/CodecFake/train/F02_SSB11000356.wav,2
/USERSPACE/DATASETS/CodecFake/train/F02_p299_282.wav,2
/USERSPACE/DATASETS/CodecFake/train/F02_p313_401.wav,2
/USERSPACE/DATASETS/CodecFake/train/F02_SSB02990155.wav,2
/USERSPACE/DATASETS/CodecFake/train/F02_SSB09190103.wav,2
/USERSPACE/DATASETS/CodecFake/train/F02_SSB06060096.wav,2
/USERSPACE/DATASETS/CodecFake/train/F02_SSB15930371.wav,2
/USERSPACE/DATASETS/CodecFake/train/F02_SSB14480044.wav,2
/USERSPACE/DATASETS/CodecFake/train/F02_SSB16840430.wav,2
/USERSPACE/DATASETS/CodecFake/train/F02_SSB10560013.wav,2
/USERSPACE/DATASETS/CodecFake/train/F02_SSB15550071.wav,2
/USERSPACE/DATASETS/CodecFake/train/F02_p318_283.wav,2
/USERSPACE/DATASETS/CodecFake/train/F02_p316_322.wav,2
/USERSPACE/DATASETS/CodecFake/train/F02_p298_135.wav,2
/USERSPACE/DATASETS/CodecFake/train/F02_SSB06680026.wav,2
/USERSPACE/DATASETS/CodecFake/train/F02_SSB09150240.wav,2
/USERSPACE/DATASETS/CodecFake/train/F02_SSB07460227.wav,2
/USERSPACE/DATASETS/CodecFake/train/F02_SSB10640170.wav,2
/USERSPACE/DATASETS/CodecFake/train/F02_SSB13200456.wav,2
/USERSPACE/DATASETS/CodecFake/train/F02_SSB08710343.wav,2
/USERSPACE/DATASETS/CodecFake/train/F02_p287_266.wav,2
/USERSPACE/DATASETS/CodecFake/train/F02_SSB05390242.wav,2
/USERSPACE/DATASETS/CodecFake/train/F02_p307_161.wav,2
/USERSPACE/DATASETS/CodecFake/train/F02_p258_076.wav,2
/USERSPACE/DATASETS/CodecFake/train/F02_SSB17810489.wav,2
/USERSPACE/DATASETS/CodecFake/train/F02_SSB03800110.wav,2
/USERSPACE/DATASETS/CodecFake/train/F02_SSB11150075.wav,2
/USERSPACE/DATASETS/CodecFake/train/F02_SSB09190296.wav,2
/USERSPACE/DATASETS/CodecFake/train/F02_SSB14370188.wav,2
/USERSPACE/DATASETS/CodecFake/train/F02_p236_229.wav,2
/USERSPACE/DATASETS/CodecFake/train/F02_p363_277.wav,2
/USERSPACE/DATASETS/CodecFake/train/F02_SSB12160167.wav,2
/USERSPACE/DATASETS/CodecFake/train/F02_SSB07800146.wav,2
/USERSPACE/DATASETS/CodecFake/train/F02_SSB19390132.wav,2
/USERSPACE/DATASETS/CodecFake/train/F02_p301_120.wav,2
/USERSPACE/DATASETS/CodecFake/train/F02_p334_070.wav,2
/USERSPACE/DATASETS/CodecFake/train/F02_SSB18280124.wav,2
/USERSPACE/DATASETS/CodecFake/train/F02_SSB16860026.wav,2
/USERSPACE/DATASETS/CodecFake/train/F02_SSB18370022.wav,2
/USERSPACE/DATASETS/CodecFake/train/F02_p255_229.wav,2
/USERSPACE/DATASETS/CodecFake/train/F02_p310_005.wav,2
/USERSPACE/DATASETS/CodecFake/train/F02_SSB02670308.wav,2
/USERSPACE/DATASETS/CodecFake/train/F02_SSB16840018.wav,2
/USERSPACE/DATASETS/CodecFake/train/F02_p238_179.wav,2
/USERSPACE/DATASETS/CodecFake/train/F02_p234_110.wav,2
/USERSPACE/DATASETS/CodecFake/train/F02_SSB06290112.wav,2
/USERSPACE/DATASETS/CodecFake/train/F02_p284_270.wav,2
/USERSPACE/DATASETS/CodecFake/train/F02_p304_399.wav,2
/USERSPACE/DATASETS/CodecFake/train/F02_p263_404.wav,2
/USERSPACE/DATASETS/CodecFake/train/F02_SSB13200168.wav,2
/USERSPACE/DATASETS/CodecFake/train/F02_SSB03540059.wav,2
/USERSPACE/DATASETS/CodecFake/train/F02_SSB00570434.wav,2
/USERSPACE/DATASETS/CodecFake/train/F02_SSB12210258.wav,2
/USERSPACE/DATASETS/CodecFake/train/F02_SSB14480375.wav,2
/USERSPACE/DATASETS/CodecFake/train/F02_p300_220.wav,2
/USERSPACE/DATASETS/CodecFake/train/F02_p311_090.wav,2
/USERSPACE/DATASETS/CodecFake/train/F02_p244_155.wav,2
/USERSPACE/DATASETS/CodecFake/train/F02_SSB02880100.wav,2
/USERSPACE/DATASETS/CodecFake/train/F02_p351_373.wav,2
/USERSPACE/DATASETS/CodecFake/train/F02_p306_092.wav,2
/USERSPACE/DATASETS/CodecFake/train/F02_SSB11360151.wav,2
/USERSPACE/DATASETS/CodecFake/train/F02_SSB03150364.wav,2
/USERSPACE/DATASETS/CodecFake/train/F02_SSB13200330.wav,2
/USERSPACE/DATASETS/CodecFake/train/F02_SSB11350368.wav,2
/USERSPACE/DATASETS/CodecFake/train/F02_p255_133.wav,2
/USERSPACE/DATASETS/CodecFake/train/F02_p339_162.wav,2
/USERSPACE/DATASETS/CodecFake/train/F02_p246_022.wav,2
/USERSPACE/DATASETS/CodecFake/train/F02_SSB09130157.wav,2
/USERSPACE/DATASETS/CodecFake/train/F02_SSB03390435.wav,2
/USERSPACE/DATASETS/CodecFake/train/F02_SSB07940222.wav,2
/USERSPACE/DATASETS/CodecFake/train/F02_SSB00570325.wav,2
/USERSPACE/DATASETS/CodecFake/train/F02_p233_303.wav,2
/USERSPACE/DATASETS/CodecFake/train/F02_SSB00050198.wav,2
/USERSPACE/DATASETS/CodecFake/train/F02_SSB06060481.wav,2
/USERSPACE/DATASETS/CodecFake/train/F02_p259_125.wav,2
/USERSPACE/DATASETS/CodecFake/train/F02_SSB02460230.wav,2
/USERSPACE/DATASETS/CodecFake/train/F02_SSB16300437.wav,2
/USERSPACE/DATASETS/CodecFake/train/F02_p277_057.wav,2
/USERSPACE/DATASETS/CodecFake/train/F02_SSB13280206.wav,2
/USERSPACE/DATASETS/CodecFake/train/F02_SSB12390155.wav,2
/USERSPACE/DATASETS/CodecFake/train/F02_SSB07510321.wav,2
/USERSPACE/DATASETS/CodecFake/train/F02_SSB07940469.wav,2
/USERSPACE/DATASETS/CodecFake/train/F02_SSB05340034.wav,2
/USERSPACE/DATASETS/CodecFake/train/F02_p225_026.wav,2
/USERSPACE/DATASETS/CodecFake/train/F02_SSB02610305.wav,2
/USERSPACE/DATASETS/CodecFake/train/F02_SSB00330342.wav,2
/USERSPACE/DATASETS/CodecFake/train/F02_SSB09870454.wav,2
/USERSPACE/DATASETS/CodecFake/train/F02_SSB15630091.wav,2
/USERSPACE/DATASETS/CodecFake/train/F02_SSB05880475.wav,2
/USERSPACE/DATASETS/CodecFake/train/F02_SSB07510044.wav,2
/USERSPACE/DATASETS/CodecFake/train/F02_SSB04270018.wav,2
/USERSPACE/DATASETS/CodecFake/train/F02_SSB02000133.wav,2
/USERSPACE/DATASETS/CodecFake/train/F02_SSB07460413.wav,2
/USERSPACE/DATASETS/CodecFake/train/F02_p308_014.wav,2
/USERSPACE/DATASETS/CodecFake/train/F02_SSB07800314.wav,2
/USERSPACE/DATASETS/CodecFake/train/F02_SSB05020310.wav,2
/USERSPACE/DATASETS/CodecFake/train/F02_SSB07490357.wav,2
/USERSPACE/DATASETS/CodecFake/train/F02_SSB11760020.wav,2
/USERSPACE/DATASETS/CodecFake/train/F02_SSB07370369.wav,2
/USERSPACE/DATASETS/CodecFake/train/F02_SSB10560065.wav,2
/USERSPACE/DATASETS/CodecFake/train/F02_SSB01930215.wav,2
/USERSPACE/DATASETS/CodecFake/train/F02_SSB05990268.wav,2
/USERSPACE/DATASETS/CodecFake/train/F02_SSB07460066.wav,2
/USERSPACE/DATASETS/CodecFake/train/F02_SSB15750237.wav,2
/USERSPACE/DATASETS/CodecFake/train/F02_SSB03850096.wav,2
/USERSPACE/DATASETS/CodecFake/train/F02_SSB07370348.wav,2
/USERSPACE/DATASETS/CodecFake/train/F02_p307_073.wav,2
/USERSPACE/DATASETS/CodecFake/train/F02_SSB00160225.wav,2
/USERSPACE/DATASETS/CodecFake/train/F02_SSB04150121.wav,2
/USERSPACE/DATASETS/CodecFake/train/F02_SSB09350240.wav,2
/USERSPACE/DATASETS/CodecFake/train/F02_SSB04070349.wav,2
/USERSPACE/DATASETS/CodecFake/train/F02_SSB13850358.wav,2
/USERSPACE/DATASETS/CodecFake/train/F02_SSB18060386.wav,2
/USERSPACE/DATASETS/CodecFake/train/F02_p230_319.wav,2
/USERSPACE/DATASETS/CodecFake/train/F02_p251_245.wav,2
/USERSPACE/DATASETS/CodecFake/train/F02_p288_123.wav,2
/USERSPACE/DATASETS/CodecFake/train/F02_p234_027.wav,2
/USERSPACE/DATASETS/CodecFake/train/F02_SSB17810337.wav,2
/USERSPACE/DATASETS/CodecFake/train/F02_p362_119.wav,2
/USERSPACE/DATASETS/CodecFake/train/F02_SSB07490261.wav,2
/USERSPACE/DATASETS/CodecFake/train/F02_p361_046.wav,2
/USERSPACE/DATASETS/CodecFake/train/F02_p360_344.wav,2
/USERSPACE/DATASETS/CodecFake/train/F02_SSB05900256.wav,2
/USERSPACE/DATASETS/CodecFake/train/F02_SSB01970331.wav,2
/USERSPACE/DATASETS/CodecFake/train/F02_SSB03790038.wav,2
/USERSPACE/DATASETS/CodecFake/train/F02_SSB11150016.wav,2
/USERSPACE/DATASETS/CodecFake/train/F02_SSB03660158.wav,2
/USERSPACE/DATASETS/CodecFake/train/F02_SSB06010087.wav,2
/USERSPACE/DATASETS/CodecFake/train/F02_SSB00430299.wav,2
/USERSPACE/DATASETS/CodecFake/train/F02_p228_280.wav,2
/USERSPACE/DATASETS/CodecFake/train/F02_p273_110.wav,2
/USERSPACE/DATASETS/CodecFake/train/F02_p281_170.wav,2
/USERSPACE/DATASETS/CodecFake/train/F02_SSB16500304.wav,2
/USERSPACE/DATASETS/CodecFake/train/F02_p311_322.wav,2
/USERSPACE/DATASETS/CodecFake/train/F02_SSB01330117.wav,2
/USERSPACE/DATASETS/CodecFake/train/F02_SSB15670125.wav,2
/USERSPACE/DATASETS/CodecFake/train/F02_SSB04270288.wav,2
/USERSPACE/DATASETS/CodecFake/train/F02_p334_343.wav,2
/USERSPACE/DATASETS/CodecFake/train/F02_p363_125.wav,2
/USERSPACE/DATASETS/CodecFake/train/F02_p313_094.wav,2
/USERSPACE/DATASETS/CodecFake/train/F02_SSB06930425.wav,2
/USERSPACE/DATASETS/CodecFake/train/F02_p295_171.wav,2
/USERSPACE/DATASETS/CodecFake/train/F02_SSB00380419.wav,2
/USERSPACE/DATASETS/CodecFake/train/F02_p247_205.wav,2
/USERSPACE/DATASETS/CodecFake/train/F02_SSB07160091.wav,2
/USERSPACE/DATASETS/CodecFake/train/F02_p341_114.wav,2
/USERSPACE/DATASETS/CodecFake/train/F02_SSB02610006.wav,2
/USERSPACE/DATASETS/CodecFake/train/F02_SSB06290331.wav,2
/USERSPACE/DATASETS/CodecFake/train/F02_SSB04150262.wav,2
/USERSPACE/DATASETS/CodecFake/train/F02_p301_379.wav,2
/USERSPACE/DATASETS/CodecFake/train/F02_p261_268.wav,2
/USERSPACE/DATASETS/CodecFake/train/F02_p232_195.wav,2
/USERSPACE/DATASETS/CodecFake/train/F02_SSB13660209.wav,2
/USERSPACE/DATASETS/CodecFake/train/F02_SSB07860227.wav,2
/USERSPACE/DATASETS/CodecFake/train/F02_SSB04270348.wav,2
/USERSPACE/DATASETS/CodecFake/train/F02_SSB01970347.wav,2
/USERSPACE/DATASETS/CodecFake/train/F02_SSB15550393.wav,2
/USERSPACE/DATASETS/CodecFake/train/F02_SSB02670015.wav,2
/USERSPACE/DATASETS/CodecFake/train/F02_p236_032.wav,2
/USERSPACE/DATASETS/CodecFake/train/F02_p255_336.wav,2
/USERSPACE/DATASETS/CodecFake/train/F02_SSB04070057.wav,2
/USERSPACE/DATASETS/CodecFake/train/F02_SSB05900118.wav,2
/USERSPACE/DATASETS/CodecFake/train/F02_p282_067.wav,2
/USERSPACE/DATASETS/CodecFake/train/F02_SSB13920158.wav,2
/USERSPACE/DATASETS/CodecFake/train/F02_SSB09660477.wav,2
/USERSPACE/DATASETS/CodecFake/train/F02_SSB18090402.wav,2
/USERSPACE/DATASETS/CodecFake/train/F02_SSB16840056.wav,2
/USERSPACE/DATASETS/CodecFake/train/F02_SSB01490045.wav,2
/USERSPACE/DATASETS/CodecFake/train/F02_SSB01450274.wav,2
/USERSPACE/DATASETS/CodecFake/train/F02_SSB15670396.wav,2
/USERSPACE/DATASETS/CodecFake/train/F02_SSB11150048.wav,2
/USERSPACE/DATASETS/CodecFake/train/F02_SSB10560434.wav,2
/USERSPACE/DATASETS/CodecFake/train/F02_SSB05020014.wav,2
/USERSPACE/DATASETS/CodecFake/train/F02_SSB09130170.wav,2
/USERSPACE/DATASETS/CodecFake/train/F02_SSB05940218.wav,2
/USERSPACE/DATASETS/CodecFake/train/F02_p274_403.wav,2
/USERSPACE/DATASETS/CodecFake/train/F02_p288_071.wav,2
/USERSPACE/DATASETS/CodecFake/train/F02_SSB04350396.wav,2
/USERSPACE/DATASETS/CodecFake/train/F02_p230_163.wav,2
/USERSPACE/DATASETS/CodecFake/train/F02_SSB06010358.wav,2
/USERSPACE/DATASETS/CodecFake/train/F02_p305_052.wav,2
/USERSPACE/DATASETS/CodecFake/train/F02_p315_217.wav,2
/USERSPACE/DATASETS/CodecFake/train/F02_SSB09150150.wav,2
/USERSPACE/DATASETS/CodecFake/train/F02_SSB13770293.wav,2
/USERSPACE/DATASETS/CodecFake/train/F02_SSB18630195.wav,2
/USERSPACE/DATASETS/CodecFake/train/F02_p259_224.wav,2
/USERSPACE/DATASETS/CodecFake/train/F02_SSB02460453.wav,2
/USERSPACE/DATASETS/CodecFake/train/F02_SSB07600194.wav,2
/USERSPACE/DATASETS/CodecFake/train/F02_SSB00090240.wav,2
/USERSPACE/DATASETS/CodecFake/train/F02_SSB18100337.wav,2
/USERSPACE/DATASETS/CodecFake/train/F02_p277_304.wav,2
/USERSPACE/DATASETS/CodecFake/train/F02_p306_051.wav,2
/USERSPACE/DATASETS/CodecFake/train/F02_p362_025.wav,2
/USERSPACE/DATASETS/CodecFake/train/F02_p278_093.wav,2
/USERSPACE/DATASETS/CodecFake/train/F02_SSB04820167.wav,2
/USERSPACE/DATASETS/CodecFake/train/F02_SSB05780022.wav,2
/USERSPACE/DATASETS/CodecFake/train/F02_SSB00570032.wav,2
/USERSPACE/DATASETS/CodecFake/train/F02_SSB18780077.wav,2
/USERSPACE/DATASETS/CodecFake/train/F02_SSB09150227.wav,2
/USERSPACE/DATASETS/CodecFake/train/F02_SSB15850440.wav,2
/USERSPACE/DATASETS/CodecFake/train/F02_SSB13650149.wav,2
/USERSPACE/DATASETS/CodecFake/train/F02_p236_287.wav,2
/USERSPACE/DATASETS/CodecFake/train/F02_SSB17820284.wav,2
/USERSPACE/DATASETS/CodecFake/train/F02_SSB07860177.wav,2
/USERSPACE/DATASETS/CodecFake/train/F02_p300_161.wav,2
/USERSPACE/DATASETS/CodecFake/train/F02_SSB19350465.wav,2
/USERSPACE/DATASETS/CodecFake/train/F02_p313_166.wav,2
/USERSPACE/DATASETS/CodecFake/train/F02_p240_267.wav,2
/USERSPACE/DATASETS/CodecFake/train/F02_p286_212.wav,2
/USERSPACE/DATASETS/CodecFake/train/F02_p231_160.wav,2
/USERSPACE/DATASETS/CodecFake/train/F02_p298_011.wav,2
/USERSPACE/DATASETS/CodecFake/train/F02_SSB18280227.wav,2
/USERSPACE/DATASETS/CodecFake/train/F02_p333_312.wav,2
/USERSPACE/DATASETS/CodecFake/train/F02_p364_107.wav,2
/USERSPACE/DATASETS/CodecFake/train/F02_p269_127.wav,2
/USERSPACE/DATASETS/CodecFake/train/F02_SSB04350031.wav,2
/USERSPACE/DATASETS/CodecFake/train/F02_SSB03160066.wav,2
/USERSPACE/DATASETS/CodecFake/train/F02_SSB02880183.wav,2
/USERSPACE/DATASETS/CodecFake/train/F02_SSB14570177.wav,2
/USERSPACE/DATASETS/CodecFake/train/F02_p305_011.wav,2
/USERSPACE/DATASETS/CodecFake/train/F02_SSB10720234.wav,2
/USERSPACE/DATASETS/CodecFake/train/F02_SSB09970013.wav,2
/USERSPACE/DATASETS/CodecFake/train/F02_SSB04820055.wav,2
/USERSPACE/DATASETS/CodecFake/train/F02_SSB18910069.wav,2
/USERSPACE/DATASETS/CodecFake/train/F02_SSB00570341.wav,2
/USERSPACE/DATASETS/CodecFake/train/F02_SSB03540375.wav,2
/USERSPACE/DATASETS/CodecFake/train/F02_SSB02870097.wav,2
/USERSPACE/DATASETS/CodecFake/train/F02_SSB05940155.wav,2
/USERSPACE/DATASETS/CodecFake/train/F02_p279_399.wav,2
/USERSPACE/DATASETS/CodecFake/train/F02_SSB07160040.wav,2
/USERSPACE/DATASETS/CodecFake/train/F02_p232_044.wav,2
/USERSPACE/DATASETS/CodecFake/train/F02_SSB01450417.wav,2
/USERSPACE/DATASETS/CodecFake/train/F02_p343_318.wav,2
/USERSPACE/DATASETS/CodecFake/train/F02_SSB05900268.wav,2
/USERSPACE/DATASETS/CodecFake/train/F02_SSB06010320.wav,2
/USERSPACE/DATASETS/CodecFake/train/F02_SSB02990422.wav,2
/USERSPACE/DATASETS/CodecFake/train/F02_SSB12740476.wav,2
/USERSPACE/DATASETS/CodecFake/train/F02_p323_351.wav,2
/USERSPACE/DATASETS/CodecFake/train/F02_SSB09190202.wav,2
/USERSPACE/DATASETS/CodecFake/train/F02_SSB06710090.wav,2
/USERSPACE/DATASETS/CodecFake/train/F02_SSB11250141.wav,2
/USERSPACE/DATASETS/CodecFake/train/F02_SSB10720475.wav,2
/USERSPACE/DATASETS/CodecFake/train/F02_SSB05940410.wav,2
/USERSPACE/DATASETS/CodecFake/train/F02_SSB13830023.wav,2
/USERSPACE/DATASETS/CodecFake/train/F02_SSB13930472.wav,2
/USERSPACE/DATASETS/CodecFake/train/F02_SSB15550425.wav,2
/USERSPACE/DATASETS/CodecFake/train/F02_p281_264.wav,2
/USERSPACE/DATASETS/CodecFake/train/F02_p252_400.wav,2
/USERSPACE/DATASETS/CodecFake/train/F02_SSB11000023.wav,2
/USERSPACE/DATASETS/CodecFake/train/F02_SSB15930011.wav,2
/USERSPACE/DATASETS/CodecFake/train/F02_p299_163.wav,2
/USERSPACE/DATASETS/CodecFake/train/F02_SSB10000044.wav,2
/USERSPACE/DATASETS/CodecFake/train/F02_p247_315.wav,2
/USERSPACE/DATASETS/CodecFake/train/F02_SSB03800485.wav,2
/USERSPACE/DATASETS/CodecFake/train/F02_SSB13280068.wav,2
/USERSPACE/DATASETS/CodecFake/train/F02_SSB08220185.wav,2
/USERSPACE/DATASETS/CodecFake/train/F02_SSB06660111.wav,2
/USERSPACE/DATASETS/CodecFake/train/F02_SSB10960167.wav,2
/USERSPACE/DATASETS/CodecFake/train/F02_SSB03930232.wav,2
/USERSPACE/DATASETS/CodecFake/train/F02_SSB06070352.wav,2
/USERSPACE/DATASETS/CodecFake/train/F02_p306_312.wav,2
/USERSPACE/DATASETS/CodecFake/train/F02_p311_042.wav,2
/USERSPACE/DATASETS/CodecFake/train/F02_p333_415.wav,2
/USERSPACE/DATASETS/CodecFake/train/F02_SSB05350012.wav,2
/USERSPACE/DATASETS/CodecFake/train/F02_SSB10550440.wav,2
/USERSPACE/DATASETS/CodecFake/train/F02_SSB01220100.wav,2
/USERSPACE/DATASETS/CodecFake/train/F02_SSB11970453.wav,2
/USERSPACE/DATASETS/CodecFake/train/F02_SSB05700424.wav,2
/USERSPACE/DATASETS/CodecFake/train/F02_SSB08870121.wav,2
/USERSPACE/DATASETS/CodecFake/train/F02_p374_070.wav,2
/USERSPACE/DATASETS/CodecFake/train/F02_SSB04700324.wav,2
/USERSPACE/DATASETS/CodecFake/train/F02_p300_323.wav,2
/USERSPACE/DATASETS/CodecFake/train/F02_SSB16250471.wav,2
/USERSPACE/DATASETS/CodecFake/train/F02_p277_051.wav,2
/USERSPACE/DATASETS/CodecFake/train/F02_SSB05940326.wav,2
/USERSPACE/DATASETS/CodecFake/train/F02_SSB14480131.wav,2
/USERSPACE/DATASETS/CodecFake/train/F02_p318_042.wav,2
/USERSPACE/DATASETS/CodecFake/train/F02_SSB03410054.wav,2
/USERSPACE/DATASETS/CodecFake/train/F02_SSB18370379.wav,2
/USERSPACE/DATASETS/CodecFake/train/F02_SSB07620503.wav,2
/USERSPACE/DATASETS/CodecFake/train/F02_SSB03930459.wav,2
/USERSPACE/DATASETS/CodecFake/train/F02_p284_414.wav,2
/USERSPACE/DATASETS/CodecFake/train/F02_p298_227.wav,2
/USERSPACE/DATASETS/CodecFake/train/F02_p364_206.wav,2
/USERSPACE/DATASETS/CodecFake/train/F02_SSB03540237.wav,2
/USERSPACE/DATASETS/CodecFake/train/F02_SSB03230424.wav,2
/USERSPACE/DATASETS/CodecFake/train/F02_p270_072.wav,2
/USERSPACE/DATASETS/CodecFake/train/F02_SSB03800494.wav,2
/USERSPACE/DATASETS/CodecFake/train/F02_p237_159.wav,2
/USERSPACE/DATASETS/CodecFake/train/F02_p283_228.wav,2
/USERSPACE/DATASETS/CodecFake/train/F02_SSB02880306.wav,2
/USERSPACE/DATASETS/CodecFake/train/F02_SSB03800292.wav,2
/USERSPACE/DATASETS/CodecFake/train/F02_SSB10720077.wav,2
/USERSPACE/DATASETS/CodecFake/train/F02_SSB15750146.wav,2
/USERSPACE/DATASETS/CodecFake/train/F02_SSB07100393.wav,2
/USERSPACE/DATASETS/CodecFake/train/F02_SSB03160045.wav,2
/USERSPACE/DATASETS/CodecFake/train/F02_p226_039.wav,2
/USERSPACE/DATASETS/CodecFake/train/F02_p238_366.wav,2
/USERSPACE/DATASETS/CodecFake/train/F02_SSB13820427.wav,2
/USERSPACE/DATASETS/CodecFake/train/F02_p276_270.wav,2
/USERSPACE/DATASETS/CodecFake/train/F02_p236_127.wav,2
/USERSPACE/DATASETS/CodecFake/train/F02_SSB05020052.wav,2
/USERSPACE/DATASETS/CodecFake/train/F02_SSB19560009.wav,2
/USERSPACE/DATASETS/CodecFake/train/F02_SSB08170075.wav,2
/USERSPACE/DATASETS/CodecFake/train/F02_SSB07160205.wav,2
/USERSPACE/DATASETS/CodecFake/train/F02_SSB03150300.wav,2
/USERSPACE/DATASETS/CodecFake/train/F02_SSB16700216.wav,2
/USERSPACE/DATASETS/CodecFake/train/F02_p261_158.wav,2
/USERSPACE/DATASETS/CodecFake/train/F02_SSB02000442.wav,2
/USERSPACE/DATASETS/CodecFake/train/F02_p361_225.wav,2
/USERSPACE/DATASETS/CodecFake/train/F02_SSB02610333.wav,2
/USERSPACE/DATASETS/CodecFake/train/F02_SSB03800325.wav,2
/USERSPACE/DATASETS/CodecFake/train/F02_p228_363.wav,2
/USERSPACE/DATASETS/CodecFake/train/F02_SSB07600092.wav,2
/USERSPACE/DATASETS/CodecFake/train/F02_SSB11870343.wav,2
/USERSPACE/DATASETS/CodecFake/train/F02_p297_028.wav,2
/USERSPACE/DATASETS/CodecFake/train/F02_p305_062.wav,2
/USERSPACE/DATASETS/CodecFake/train/F02_SSB13650062.wav,2
/USERSPACE/DATASETS/CodecFake/train/F02_SSB07370355.wav,2
/USERSPACE/DATASETS/CodecFake/train/F02_SSB14020114.wav,2
/USERSPACE/DATASETS/CodecFake/train/F02_SSB01930239.wav,2
/USERSPACE/DATASETS/CodecFake/train/F02_SSB15850006.wav,2
/USERSPACE/DATASETS/CodecFake/train/F02_p247_222.wav,2
/USERSPACE/DATASETS/CodecFake/train/F02_SSB11080115.wav,2
/USERSPACE/DATASETS/CodecFake/train/F02_SSB12150307.wav,2
/USERSPACE/DATASETS/CodecFake/train/F02_SSB07620148.wav,2
/USERSPACE/DATASETS/CodecFake/train/F02_p288_003.wav,2
/USERSPACE/DATASETS/CodecFake/train/F02_SSB07100286.wav,2
/USERSPACE/DATASETS/CodecFake/train/F02_p334_393.wav,2
/USERSPACE/DATASETS/CodecFake/train/F02_SSB06070391.wav,2
/USERSPACE/DATASETS/CodecFake/train/F02_SSB17590442.wav,2
/USERSPACE/DATASETS/CodecFake/train/F02_SSB15670289.wav,2
/USERSPACE/DATASETS/CodecFake/train/F02_SSB09970144.wav,2
/USERSPACE/DATASETS/CodecFake/train/F02_SSB03800433.wav,2
/USERSPACE/DATASETS/CodecFake/train/F02_p277_036.wav,2
/USERSPACE/DATASETS/CodecFake/train/F02_SSB10200114.wav,2
/USERSPACE/DATASETS/CodecFake/train/F02_SSB01450093.wav,2
/USERSPACE/DATASETS/CodecFake/train/F02_SSB03790198.wav,2
/USERSPACE/DATASETS/CodecFake/train/F02_SSB12530335.wav,2
/USERSPACE/DATASETS/CodecFake/train/F02_SSB00730358.wav,2
/USERSPACE/DATASETS/CodecFake/train/F02_p329_407.wav,2
/USERSPACE/DATASETS/CodecFake/train/F02_p255_044.wav,2
/USERSPACE/DATASETS/CodecFake/train/F02_SSB13820056.wav,2
/USERSPACE/DATASETS/CodecFake/train/F02_SSB05940150.wav,2
/USERSPACE/DATASETS/CodecFake/train/F02_SSB10240204.wav,2
/USERSPACE/DATASETS/CodecFake/train/F02_SSB03390109.wav,2
/USERSPACE/DATASETS/CodecFake/train/F02_SSB11250023.wav,2
/USERSPACE/DATASETS/CodecFake/train/F02_p301_118.wav,2
/USERSPACE/DATASETS/CodecFake/train/F02_SSB11350127.wav,2
/USERSPACE/DATASETS/CodecFake/train/F02_p376_085.wav,2
/USERSPACE/DATASETS/CodecFake/train/F02_p312_124.wav,2
/USERSPACE/DATASETS/CodecFake/train/F02_p269_019.wav,2
/USERSPACE/DATASETS/CodecFake/train/F02_p335_103.wav,2
/USERSPACE/DATASETS/CodecFake/train/F02_p278_072.wav,2
/USERSPACE/DATASETS/CodecFake/train/F02_SSB07170273.wav,2
/USERSPACE/DATASETS/CodecFake/train/F02_p299_018.wav,2
/USERSPACE/DATASETS/CodecFake/train/F02_p347_279.wav,2
/USERSPACE/DATASETS/CodecFake/train/F02_SSB05350100.wav,2
/USERSPACE/DATASETS/CodecFake/train/F02_SSB11310390.wav,2
/USERSPACE/DATASETS/CodecFake/train/F02_SSB06320396.wav,2
/USERSPACE/DATASETS/CodecFake/train/F02_p244_403.wav,2
/USERSPACE/DATASETS/CodecFake/train/F02_SSB02730443.wav,2
/USERSPACE/DATASETS/CodecFake/train/F02_SSB09350283.wav,2
/USERSPACE/DATASETS/CodecFake/train/F02_SSB17110208.wav,2
/USERSPACE/DATASETS/CodecFake/train/F02_SSB09190216.wav,2
/USERSPACE/DATASETS/CodecFake/train/F02_SSB07620060.wav,2
/USERSPACE/DATASETS/CodecFake/train/F02_p263_117.wav,2
/USERSPACE/DATASETS/CodecFake/train/F02_SSB01930317.wav,2
/USERSPACE/DATASETS/CodecFake/train/F02_SSB05940048.wav,2
/USERSPACE/DATASETS/CodecFake/train/F02_p305_265.wav,2
/USERSPACE/DATASETS/CodecFake/train/F02_p241_312.wav,2
/USERSPACE/DATASETS/CodecFake/train/F02_SSB18320184.wav,2
/USERSPACE/DATASETS/CodecFake/train/F02_SSB03160142.wav,2
/USERSPACE/DATASETS/CodecFake/train/F02_p253_103.wav,2
/USERSPACE/DATASETS/CodecFake/train/F02_p253_126.wav,2
/USERSPACE/DATASETS/CodecFake/train/F02_SSB12740313.wav,2
/USERSPACE/DATASETS/CodecFake/train/F02_p351_185.wav,2
/USERSPACE/DATASETS/CodecFake/train/F02_SSB14080172.wav,2
/USERSPACE/DATASETS/CodecFake/train/F02_SSB03800193.wav,2
/USERSPACE/DATASETS/CodecFake/train/F02_SSB03930151.wav,2
/USERSPACE/DATASETS/CodecFake/train/F02_p232_125.wav,2
/USERSPACE/DATASETS/CodecFake/train/F02_SSB16070010.wav,2
/USERSPACE/DATASETS/CodecFake/train/F02_p304_003.wav,2
/USERSPACE/DATASETS/CodecFake/train/F02_SSB12190036.wav,2
/USERSPACE/DATASETS/CodecFake/train/F02_p261_300.wav,2
/USERSPACE/DATASETS/CodecFake/train/F02_SSB01330462.wav,2
/USERSPACE/DATASETS/CodecFake/train/F02_SSB09350121.wav,2
/USERSPACE/DATASETS/CodecFake/train/F02_p227_159.wav,2
/USERSPACE/DATASETS/CodecFake/train/F02_SSB05940197.wav,2
/USERSPACE/DATASETS/CodecFake/train/F02_SSB15850369.wav,2
/USERSPACE/DATASETS/CodecFake/train/F02_SSB07110117.wav,2
/USERSPACE/DATASETS/CodecFake/train/F02_p294_140.wav,2
/USERSPACE/DATASETS/CodecFake/train/F02_SSB03090158.wav,2
/USERSPACE/DATASETS/CodecFake/train/F02_p308_136.wav,2
/USERSPACE/DATASETS/CodecFake/train/F02_SSB01390096.wav,2
/USERSPACE/DATASETS/CodecFake/train/F02_p308_069.wav,2
/USERSPACE/DATASETS/CodecFake/train/F02_p255_177.wav,2
/USERSPACE/DATASETS/CodecFake/train/F02_p239_315.wav,2
/USERSPACE/DATASETS/CodecFake/train/F02_SSB03850035.wav,2
/USERSPACE/DATASETS/CodecFake/train/F02_SSB15550285.wav,2
/USERSPACE/DATASETS/CodecFake/train/F02_SSB05940058.wav,2
/USERSPACE/DATASETS/CodecFake/train/F02_SSB06070065.wav,2
/USERSPACE/DATASETS/CodecFake/train/F02_SSB13280252.wav,2
/USERSPACE/DATASETS/CodecFake/train/F02_p274_347.wav,2
/USERSPACE/DATASETS/CodecFake/train/F02_SSB01970144.wav,2
/USERSPACE/DATASETS/CodecFake/train/F02_SSB10550050.wav,2
/USERSPACE/DATASETS/CodecFake/train/F02_SSB15750267.wav,2
/USERSPACE/DATASETS/CodecFake/train/F02_p273_054.wav,2
/USERSPACE/DATASETS/CodecFake/train/F02_SSB17590351.wav,2
/USERSPACE/DATASETS/CodecFake/train/F02_SSB05340215.wav,2
/USERSPACE/DATASETS/CodecFake/train/F02_SSB05700476.wav,2
/USERSPACE/DATASETS/CodecFake/train/F02_SSB04700178.wav,2
/USERSPACE/DATASETS/CodecFake/train/F02_p345_245.wav,2
/USERSPACE/DATASETS/CodecFake/train/F02_p293_150.wav,2
/USERSPACE/DATASETS/CodecFake/train/F02_p302_145.wav,2
/USERSPACE/DATASETS/CodecFake/train/F02_SSB06070054.wav,2
/USERSPACE/DATASETS/CodecFake/train/F02_SSB04340105.wav,2
/USERSPACE/DATASETS/CodecFake/train/F02_p361_375.wav,2
/USERSPACE/DATASETS/CodecFake/train/F02_SSB13220172.wav,2
/USERSPACE/DATASETS/CodecFake/train/F02_p288_106.wav,2
/USERSPACE/DATASETS/CodecFake/train/F02_p267_351.wav,2
/USERSPACE/DATASETS/CodecFake/train/F02_SSB02410204.wav,2
/USERSPACE/DATASETS/CodecFake/train/F02_SSB06030392.wav,2
/USERSPACE/DATASETS/CodecFake/train/F02_SSB07230071.wav,2
/USERSPACE/DATASETS/CodecFake/train/F02_p339_041.wav,2
/USERSPACE/DATASETS/CodecFake/train/F02_SSB03380302.wav,2
/USERSPACE/DATASETS/CodecFake/train/F02_p231_211.wav,2
/USERSPACE/DATASETS/CodecFake/train/F02_p345_201.wav,2
/USERSPACE/DATASETS/CodecFake/train/F02_SSB07480153.wav,2
/USERSPACE/DATASETS/CodecFake/train/F02_SSB10200117.wav,2
/USERSPACE/DATASETS/CodecFake/train/F02_p307_288.wav,2
/USERSPACE/DATASETS/CodecFake/train/F02_SSB11970205.wav,2
/USERSPACE/DATASETS/CodecFake/train/F02_SSB07490200.wav,2
/USERSPACE/DATASETS/CodecFake/train/F02_SSB07620175.wav,2
/USERSPACE/DATASETS/CodecFake/train/F02_p233_011.wav,2
/USERSPACE/DATASETS/CodecFake/train/F02_p287_123.wav,2
/USERSPACE/DATASETS/CodecFake/train/F02_SSB03950044.wav,2
/USERSPACE/DATASETS/CodecFake/train/F02_SSB06680318.wav,2
/USERSPACE/DATASETS/CodecFake/train/F02_SSB14310226.wav,2
/USERSPACE/DATASETS/CodecFake/train/F02_SSB17280393.wav,2
/USERSPACE/DATASETS/CodecFake/train/F02_SSB06710263.wav,2
/USERSPACE/DATASETS/CodecFake/train/F02_SSB01450017.wav,2
/USERSPACE/DATASETS/CodecFake/train/F02_p297_070.wav,2
/USERSPACE/DATASETS/CodecFake/train/F02_SSB06010023.wav,2
/USERSPACE/DATASETS/CodecFake/train/F02_SSB03660092.wav,2
/USERSPACE/DATASETS/CodecFake/train/F02_SSB05700426.wav,2
/USERSPACE/DATASETS/CodecFake/train/F02_SSB03540464.wav,2
/USERSPACE/DATASETS/CodecFake/train/F02_SSB10640425.wav,2
/USERSPACE/DATASETS/CodecFake/train/F02_SSB11260315.wav,2
/USERSPACE/DATASETS/CodecFake/train/F02_SSB00330012.wav,2
/USERSPACE/DATASETS/CodecFake/train/F02_SSB07840168.wav,2
/USERSPACE/DATASETS/CodecFake/train/F02_SSB15670308.wav,2
/USERSPACE/DATASETS/CodecFake/train/F02_SSB13410132.wav,2
/USERSPACE/DATASETS/CodecFake/train/F02_p303_141.wav,2
/USERSPACE/DATASETS/CodecFake/train/F02_p318_159.wav,2
/USERSPACE/DATASETS/CodecFake/train/F02_SSB17450145.wav,2
/USERSPACE/DATASETS/CodecFake/train/F02_SSB05340173.wav,2
/USERSPACE/DATASETS/CodecFake/train/F02_SSB07360490.wav,2
/USERSPACE/DATASETS/CodecFake/train/F02_p304_400.wav,2
/USERSPACE/DATASETS/CodecFake/train/F02_SSB18370146.wav,2
/USERSPACE/DATASETS/CodecFake/train/F02_p261_274.wav,2
/USERSPACE/DATASETS/CodecFake/train/F02_SSB10910123.wav,2
/USERSPACE/DATASETS/CodecFake/train/F02_SSB13280145.wav,2
/USERSPACE/DATASETS/CodecFake/train/F02_p286_232.wav,2
/USERSPACE/DATASETS/CodecFake/train/F02_p259_220.wav,2
/USERSPACE/DATASETS/CodecFake/train/F02_SSB16070076.wav,2
/USERSPACE/DATASETS/CodecFake/train/F02_SSB00380364.wav,2
/USERSPACE/DATASETS/CodecFake/train/F02_SSB02990338.wav,2
/USERSPACE/DATASETS/CodecFake/train/F02_SSB03950219.wav,2
/USERSPACE/DATASETS/CodecFake/train/F02_p364_249.wav,2
/USERSPACE/DATASETS/CodecFake/train/F02_SSB04700347.wav,2
/USERSPACE/DATASETS/CodecFake/train/F02_p364_108.wav,2
/USERSPACE/DATASETS/CodecFake/train/F02_SSB15630102.wav,2
/USERSPACE/DATASETS/CodecFake/train/F02_p234_306.wav,2
/USERSPACE/DATASETS/CodecFake/train/F02_p257_333.wav,2
/USERSPACE/DATASETS/CodecFake/train/F02_SSB03800298.wav,2
/USERSPACE/DATASETS/CodecFake/train/F02_p231_465.wav,2
/USERSPACE/DATASETS/CodecFake/train/F02_p274_115.wav,2
/USERSPACE/DATASETS/CodecFake/train/F02_SSB10010092.wav,2
/USERSPACE/DATASETS/CodecFake/train/F02_p226_107.wav,2
/USERSPACE/DATASETS/CodecFake/train/F02_p281_276.wav,2
/USERSPACE/DATASETS/CodecFake/train/F02_p226_027.wav,2
/USERSPACE/DATASETS/CodecFake/train/F02_SSB18630122.wav,2
/USERSPACE/DATASETS/CodecFake/train/F02_SSB07800066.wav,2
/USERSPACE/DATASETS/CodecFake/train/F02_SSB03790501.wav,2
/USERSPACE/DATASETS/CodecFake/train/F02_p271_247.wav,2
/USERSPACE/DATASETS/CodecFake/train/F02_SSB11310291.wav,2
/USERSPACE/DATASETS/CodecFake/train/F02_SSB06310396.wav,2
/USERSPACE/DATASETS/CodecFake/train/F02_SSB07620129.wav,2
/USERSPACE/DATASETS/CodecFake/train/F02_SSB16990180.wav,2
/USERSPACE/DATASETS/CodecFake/train/F02_p248_066.wav,2
/USERSPACE/DATASETS/CodecFake/train/F02_SSB05880400.wav,2
/USERSPACE/DATASETS/CodecFake/train/F02_p227_371.wav,2
/USERSPACE/DATASETS/CodecFake/train/F02_SSB01390093.wav,2
/USERSPACE/DATASETS/CodecFake/train/F02_p280_079.wav,2
/USERSPACE/DATASETS/CodecFake/train/F02_SSB03790368.wav,2
/USERSPACE/DATASETS/CodecFake/train/F02_SSB06710088.wav,2
/USERSPACE/DATASETS/CodecFake/train/F02_SSB05440260.wav,2
/USERSPACE/DATASETS/CodecFake/train/F02_SSB13770162.wav,2
/USERSPACE/DATASETS/CodecFake/train/F02_p360_200.wav,2
/USERSPACE/DATASETS/CodecFake/train/F02_SSB01490354.wav,2
/USERSPACE/DATASETS/CodecFake/train/F02_p294_006.wav,2
/USERSPACE/DATASETS/CodecFake/train/F02_p334_363.wav,2
/USERSPACE/DATASETS/CodecFake/train/F02_SSB07580101.wav,2
/USERSPACE/DATASETS/CodecFake/train/F02_SSB03950163.wav,2
/USERSPACE/DATASETS/CodecFake/train/F02_SSB18630454.wav,2
/USERSPACE/DATASETS/CodecFake/train/F02_SSB05880480.wav,2
/USERSPACE/DATASETS/CodecFake/train/F02_p277_106.wav,2
/USERSPACE/DATASETS/CodecFake/train/F02_SSB06710397.wav,2
/USERSPACE/DATASETS/CodecFake/train/F02_SSB19390426.wav,2
/USERSPACE/DATASETS/CodecFake/train/F02_SSB07230293.wav,2
/USERSPACE/DATASETS/CodecFake/train/F02_SSB02000134.wav,2
/USERSPACE/DATASETS/CodecFake/train/F02_SSB04350097.wav,2
/USERSPACE/DATASETS/CodecFake/train/F02_p268_025.wav,2
/USERSPACE/DATASETS/CodecFake/train/F02_p231_103.wav,2
/USERSPACE/DATASETS/CodecFake/train/F02_p280_386.wav,2
/USERSPACE/DATASETS/CodecFake/train/F02_SSB03940173.wav,2
/USERSPACE/DATASETS/CodecFake/train/F02_SSB15670274.wav,2
/USERSPACE/DATASETS/CodecFake/train/F02_p240_296.wav,2
/USERSPACE/DATASETS/CodecFake/train/F02_SSB07480267.wav,2
/USERSPACE/DATASETS/CodecFake/train/F02_p307_184.wav,2
/USERSPACE/DATASETS/CodecFake/train/F02_SSB07110079.wav,2
/USERSPACE/DATASETS/CodecFake/train/F02_SSB08630462.wav,2
/USERSPACE/DATASETS/CodecFake/train/F02_SSB18320185.wav,2
/USERSPACE/DATASETS/CodecFake/train/F02_p282_042.wav,2
/USERSPACE/DATASETS/CodecFake/train/F02_SSB03150131.wav,2
/USERSPACE/DATASETS/CodecFake/train/F02_p318_288.wav,2
/USERSPACE/DATASETS/CodecFake/train/F02_SSB07460435.wav,2
/USERSPACE/DATASETS/CodecFake/train/F02_SSB18910511.wav,2
/USERSPACE/DATASETS/CodecFake/train/F02_p288_346.wav,2
/USERSPACE/DATASETS/CodecFake/train/F02_SSB09130235.wav,2
/USERSPACE/DATASETS/CodecFake/train/F02_p362_158.wav,2
/USERSPACE/DATASETS/CodecFake/train/F02_SSB14020502.wav,2
/USERSPACE/DATASETS/CodecFake/train/F02_p266_146.wav,2
/USERSPACE/DATASETS/CodecFake/train/F02_SSB11000076.wav,2
/USERSPACE/DATASETS/CodecFake/train/F02_SSB15850405.wav,2
/USERSPACE/DATASETS/CodecFake/train/F02_p261_240.wav,2
/USERSPACE/DATASETS/CodecFake/train/F02_p339_116.wav,2
/USERSPACE/DATASETS/CodecFake/train/F02_SSB03790357.wav,2
/USERSPACE/DATASETS/CodecFake/train/F02_SSB07370098.wav,2
/USERSPACE/DATASETS/CodecFake/train/F02_SSB18780156.wav,2
/USERSPACE/DATASETS/CodecFake/train/F02_p333_262.wav,2
/USERSPACE/DATASETS/CodecFake/train/F02_p280_366.wav,2
/USERSPACE/DATASETS/CodecFake/train/F02_p264_394.wav,2
/USERSPACE/DATASETS/CodecFake/train/F02_SSB13200252.wav,2
/USERSPACE/DATASETS/CodecFake/train/F02_SSB15550256.wav,2
/USERSPACE/DATASETS/CodecFake/train/F02_SSB03940082.wav,2
/USERSPACE/DATASETS/CodecFake/train/F02_SSB16240266.wav,2
/USERSPACE/DATASETS/CodecFake/train/F02_SSB07800239.wav,2
/USERSPACE/DATASETS/CodecFake/train/F02_SSB08220323.wav,2
/USERSPACE/DATASETS/CodecFake/train/F02_p263_318.wav,2
/USERSPACE/DATASETS/CodecFake/train/F02_p295_296.wav,2
/USERSPACE/DATASETS/CodecFake/train/F02_p345_092.wav,2
/USERSPACE/DATASETS/CodecFake/train/F02_SSB11250472.wav,2
/USERSPACE/DATASETS/CodecFake/train/F02_p314_248.wav,2
/USERSPACE/DATASETS/CodecFake/train/F02_SSB03160197.wav,2
/USERSPACE/DATASETS/CodecFake/train/F02_SSB13280133.wav,2
/USERSPACE/DATASETS/CodecFake/train/F02_SSB07370073.wav,2
/USERSPACE/DATASETS/CodecFake/train/F02_SSB07840430.wav,2
/USERSPACE/DATASETS/CodecFake/train/F02_SSB02870159.wav,2
/USERSPACE/DATASETS/CodecFake/train/F02_p236_284.wav,2
/USERSPACE/DATASETS/CodecFake/train/F02_SSB06320376.wav,2
/USERSPACE/DATASETS/CodecFake/train/F02_p246_001.wav,2
/USERSPACE/DATASETS/CodecFake/train/F02_SSB06710459.wav,2
/USERSPACE/DATASETS/CodecFake/train/F02_p283_320.wav,2
/USERSPACE/DATASETS/CodecFake/train/F02_p317_018.wav,2
/USERSPACE/DATASETS/CodecFake/train/F02_p262_250.wav,2
/USERSPACE/DATASETS/CodecFake/train/F02_p253_334.wav,2
/USERSPACE/DATASETS/CodecFake/train/F02_p307_412.wav,2
/USERSPACE/DATASETS/CodecFake/train/F02_SSB04350157.wav,2
/USERSPACE/DATASETS/CodecFake/train/F02_SSB10080414.wav,2
/USERSPACE/DATASETS/CodecFake/train/F02_p234_130.wav,2
/USERSPACE/DATASETS/CodecFake/train/F02_p275_057.wav,2
/USERSPACE/DATASETS/CodecFake/train/F02_p264_466.wav,2
/USERSPACE/DATASETS/CodecFake/train/F02_SSB03820229.wav,2
/USERSPACE/DATASETS/CodecFake/train/F02_SSB10010187.wav,2
/USERSPACE/DATASETS/CodecFake/train/F02_SSB01450336.wav,2
/USERSPACE/DATASETS/CodecFake/train/F02_SSB03660258.wav,2
/USERSPACE/DATASETS/CodecFake/train/F02_SSB03390403.wav,2
/USERSPACE/DATASETS/CodecFake/train/F02_SSB07160057.wav,2
/USERSPACE/DATASETS/CodecFake/train/F02_p275_242.wav,2
/USERSPACE/DATASETS/CodecFake/train/F02_SSB05390206.wav,2
/USERSPACE/DATASETS/CodecFake/train/F02_SSB13410387.wav,2
/USERSPACE/DATASETS/CodecFake/train/F02_p340_093.wav,2
/USERSPACE/DATASETS/CodecFake/train/F02_SSB03390129.wav,2
/USERSPACE/DATASETS/CodecFake/train/F02_SSB03230469.wav,2
/USERSPACE/DATASETS/CodecFake/train/F02_SSB06710390.wav,2
/USERSPACE/DATASETS/CodecFake/train/F02_SSB06860297.wav,2
/USERSPACE/DATASETS/CodecFake/train/F02_SSB03410375.wav,2
/USERSPACE/DATASETS/CodecFake/train/F02_p281_404.wav,2
/USERSPACE/DATASETS/CodecFake/train/F02_SSB03790033.wav,2
/USERSPACE/DATASETS/CodecFake/train/F02_SSB13220323.wav,2
/USERSPACE/DATASETS/CodecFake/train/F02_p280_352.wav,2
/USERSPACE/DATASETS/CodecFake/train/F02_SSB13200022.wav,2
/USERSPACE/DATASETS/CodecFake/train/F02_SSB01490430.wav,2
/USERSPACE/DATASETS/CodecFake/train/F02_SSB00380275.wav,2
/USERSPACE/DATASETS/CodecFake/train/F02_SSB10240356.wav,2
/USERSPACE/DATASETS/CodecFake/train/F02_p272_102.wav,2
/USERSPACE/DATASETS/CodecFake/train/F02_SSB02460282.wav,2
/USERSPACE/DATASETS/CodecFake/train/F02_SSB03950412.wav,2
/USERSPACE/DATASETS/CodecFake/train/F02_p272_412.wav,2
/USERSPACE/DATASETS/CodecFake/train/F02_SSB03070292.wav,2
/USERSPACE/DATASETS/CodecFake/train/F02_p308_314.wav,2
/USERSPACE/DATASETS/CodecFake/train/F02_SSB13850039.wav,2
/USERSPACE/DATASETS/CodecFake/train/F02_p351_300.wav,2
/USERSPACE/DATASETS/CodecFake/train/F02_SSB05020327.wav,2
/USERSPACE/DATASETS/CodecFake/train/F02_SSB14020165.wav,2
/USERSPACE/DATASETS/CodecFake/train/F02_p250_096.wav,2
/USERSPACE/DATASETS/CodecFake/train/F02_SSB11000010.wav,2
/USERSPACE/DATASETS/CodecFake/train/F02_SSB10560280.wav,2
/USERSPACE/DATASETS/CodecFake/train/F02_SSB05390286.wav,2
/USERSPACE/DATASETS/CodecFake/train/F02_SSB04150306.wav,2
/USERSPACE/DATASETS/CodecFake/train/F02_SSB04340077.wav,2
/USERSPACE/DATASETS/CodecFake/train/F02_SSB08510060.wav,2
/USERSPACE/DATASETS/CodecFake/train/F02_p333_005.wav,2
/USERSPACE/DATASETS/CodecFake/train/F02_SSB16860404.wav,2
/USERSPACE/DATASETS/CodecFake/train/F02_p297_223.wav,2
/USERSPACE/DATASETS/CodecFake/train/F02_p308_214.wav,2
/USERSPACE/DATASETS/CodecFake/train/F02_SSB02460348.wav,2
/USERSPACE/DATASETS/CodecFake/train/F02_p262_392.wav,2
/USERSPACE/DATASETS/CodecFake/train/F02_p312_106.wav,2
/USERSPACE/DATASETS/CodecFake/train/F02_p313_285.wav,2
/USERSPACE/DATASETS/CodecFake/train/F02_p362_302.wav,2
/USERSPACE/DATASETS/CodecFake/train/F02_SSB06010228.wav,2
/USERSPACE/DATASETS/CodecFake/train/F02_p294_054.wav,2
/USERSPACE/DATASETS/CodecFake/train/F02_p234_217.wav,2
/USERSPACE/DATASETS/CodecFake/train/F02_p333_203.wav,2
/USERSPACE/DATASETS/CodecFake/train/F02_SSB18100108.wav,2
/USERSPACE/DATASETS/CodecFake/train/F02_p303_041.wav,2
/USERSPACE/DATASETS/CodecFake/train/F02_p340_418.wav,2
/USERSPACE/DATASETS/CodecFake/train/F02_p268_163.wav,2
/USERSPACE/DATASETS/CodecFake/train/F02_SSB06290155.wav,2
/USERSPACE/DATASETS/CodecFake/train/F02_p301_298.wav,2
/USERSPACE/DATASETS/CodecFake/train/F02_SSB18780262.wav,2
/USERSPACE/DATASETS/CodecFake/train/F02_p363_161.wav,2
/USERSPACE/DATASETS/CodecFake/train/F02_p323_145.wav,2
/USERSPACE/DATASETS/CodecFake/train/F02_p262_295.wav,2
/USERSPACE/DATASETS/CodecFake/train/F02_p270_085.wav,2
/USERSPACE/DATASETS/CodecFake/train/F02_SSB17810023.wav,2
/USERSPACE/DATASETS/CodecFake/train/F02_SSB07200420.wav,2
/USERSPACE/DATASETS/CodecFake/train/F02_SSB05440227.wav,2
/USERSPACE/DATASETS/CodecFake/train/F02_SSB06860247.wav,2
/USERSPACE/DATASETS/CodecFake/train/F02_SSB15550199.wav,2
/USERSPACE/DATASETS/CodecFake/train/F02_SSB03790408.wav,2
/USERSPACE/DATASETS/CodecFake/train/F02_SSB00120315.wav,2
/USERSPACE/DATASETS/CodecFake/train/F02_p302_229.wav,2
/USERSPACE/DATASETS/CodecFake/train/F02_p253_371.wav,2
/USERSPACE/DATASETS/CodecFake/train/F02_SSB06230248.wav,2
/USERSPACE/DATASETS/CodecFake/train/F02_SSB03160171.wav,2
/USERSPACE/DATASETS/CodecFake/train/F02_p232_086.wav,2
/USERSPACE/DATASETS/CodecFake/train/F02_p227_273.wav,2
/USERSPACE/DATASETS/CodecFake/train/F02_SSB07360081.wav,2
/USERSPACE/DATASETS/CodecFake/train/F02_SSB03420110.wav,2
/USERSPACE/DATASETS/CodecFake/train/F02_SSB06070041.wav,2
/USERSPACE/DATASETS/CodecFake/train/F02_SSB05780391.wav,2
/USERSPACE/DATASETS/CodecFake/train/F02_SSB07460338.wav,2
/USERSPACE/DATASETS/CodecFake/train/F02_SSB04820188.wav,2
/USERSPACE/DATASETS/CodecFake/train/F02_SSB11380113.wav,2
/USERSPACE/DATASETS/CodecFake/train/F02_SSB07620253.wav,2
/USERSPACE/DATASETS/CodecFake/train/F02_p279_293.wav,2
/USERSPACE/DATASETS/CodecFake/train/F02_SSB08630184.wav,2
/USERSPACE/DATASETS/CodecFake/train/F02_SSB11250115.wav,2
/USERSPACE/DATASETS/CodecFake/train/F02_SSB02410038.wav,2
/USERSPACE/DATASETS/CodecFake/train/F02_SSB03950485.wav,2
/USERSPACE/DATASETS/CodecFake/train/F02_SSB03750267.wav,2
/USERSPACE/DATASETS/CodecFake/train/F02_SSB05650057.wav,2
/USERSPACE/DATASETS/CodecFake/train/F02_SSB03090387.wav,2
/USERSPACE/DATASETS/CodecFake/train/F02_p256_305.wav,2
/USERSPACE/DATASETS/CodecFake/train/F02_p250_072.wav,2
/USERSPACE/DATASETS/CodecFake/train/F02_SSB06010407.wav,2
/USERSPACE/DATASETS/CodecFake/train/F02_p270_439.wav,2
/USERSPACE/DATASETS/CodecFake/train/F02_p295_421.wav,2
/USERSPACE/DATASETS/CodecFake/train/F02_SSB04700265.wav,2
/USERSPACE/DATASETS/CodecFake/train/F02_p264_294.wav,2
/USERSPACE/DATASETS/CodecFake/train/F02_p361_037.wav,2
/USERSPACE/DATASETS/CodecFake/train/F02_SSB11150376.wav,2
/USERSPACE/DATASETS/CodecFake/train/F02_SSB06090393.wav,2
/USERSPACE/DATASETS/CodecFake/train/F02_p225_253.wav,2
/USERSPACE/DATASETS/CodecFake/train/F02_SSB10200153.wav,2
/USERSPACE/DATASETS/CodecFake/train/F02_SSB18320315.wav,2
/USERSPACE/DATASETS/CodecFake/train/F02_p310_281.wav,2
/USERSPACE/DATASETS/CodecFake/train/F02_p333_266.wav,2
/USERSPACE/DATASETS/CodecFake/train/F02_SSB15550129.wav,2
/USERSPACE/DATASETS/CodecFake/train/F02_p299_050.wav,2
/USERSPACE/DATASETS/CodecFake/train/F02_p231_100.wav,2
/USERSPACE/DATASETS/CodecFake/train/F02_SSB07600491.wav,2
/USERSPACE/DATASETS/CodecFake/train/F02_p310_145.wav,2
/USERSPACE/DATASETS/CodecFake/train/F02_p312_340.wav,2
/USERSPACE/DATASETS/CodecFake/train/F02_SSB06030467.wav,2
/USERSPACE/DATASETS/CodecFake/train/F02_SSB05990114.wav,2
/USERSPACE/DATASETS/CodecFake/train/F02_p271_142.wav,2
/USERSPACE/DATASETS/CodecFake/train/F02_SSB04270065.wav,2
/USERSPACE/DATASETS/CodecFake/train/F02_p286_218.wav,2
/USERSPACE/DATASETS/CodecFake/train/F02_p230_141.wav,2
/USERSPACE/DATASETS/CodecFake/train/F02_SSB03750211.wav,2
/USERSPACE/DATASETS/CodecFake/train/F02_SSB11760357.wav,2
/USERSPACE/DATASETS/CodecFake/train/F02_SSB15930338.wav,2
/USERSPACE/DATASETS/CodecFake/train/F02_p311_234.wav,2
/USERSPACE/DATASETS/CodecFake/train/F02_p239_162.wav,2
/USERSPACE/DATASETS/CodecFake/train/F02_SSB05650121.wav,2
/USERSPACE/DATASETS/CodecFake/train/F02_SSB10720277.wav,2
/USERSPACE/DATASETS/CodecFake/train/F02_SSB11610447.wav,2
/USERSPACE/DATASETS/CodecFake/train/F02_SSB19020439.wav,2
/USERSPACE/DATASETS/CodecFake/train/F02_p233_374.wav,2
/USERSPACE/DATASETS/CodecFake/train/F02_SSB19560434.wav,2
/USERSPACE/DATASETS/CodecFake/train/F02_SSB06860311.wav,2
/USERSPACE/DATASETS/CodecFake/train/F02_SSB13820289.wav,2
/USERSPACE/DATASETS/CodecFake/train/F02_SSB01450455.wav,2
/USERSPACE/DATASETS/CodecFake/train/F02_SSB15630312.wav,2
/USERSPACE/DATASETS/CodecFake/train/F02_p227_180.wav,2
/USERSPACE/DATASETS/CodecFake/train/F02_p253_324.wav,2
/USERSPACE/DATASETS/CodecFake/train/F02_p259_085.wav,2
/USERSPACE/DATASETS/CodecFake/train/F02_SSB11870193.wav,2
/USERSPACE/DATASETS/CodecFake/train/F02_p234_317.wav,2
/USERSPACE/DATASETS/CodecFake/train/F02_p288_372.wav,2
/USERSPACE/DATASETS/CodecFake/train/F02_p231_158.wav,2
/USERSPACE/DATASETS/CodecFake/train/F02_SSB00110009.wav,2
/USERSPACE/DATASETS/CodecFake/train/F02_SSB03380422.wav,2
/USERSPACE/DATASETS/CodecFake/train/F02_SSB15930394.wav,2
/USERSPACE/DATASETS/CodecFake/train/F02_SSB16860454.wav,2
/USERSPACE/DATASETS/CodecFake/train/F02_SSB09930276.wav,2
/USERSPACE/DATASETS/CodecFake/train/F02_p250_098.wav,2
/USERSPACE/DATASETS/CodecFake/train/F02_SSB02610320.wav,2
/USERSPACE/DATASETS/CodecFake/train/F02_SSB19020356.wav,2
/USERSPACE/DATASETS/CodecFake/train/F02_SSB11870010.wav,2
/USERSPACE/DATASETS/CodecFake/train/F02_SSB08220021.wav,2
/USERSPACE/DATASETS/CodecFake/train/F02_SSB18630035.wav,2
/USERSPACE/DATASETS/CodecFake/train/F02_p277_116.wav,2
/USERSPACE/DATASETS/CodecFake/train/F02_p311_099.wav,2
/USERSPACE/DATASETS/CodecFake/train/F02_p330_417.wav,2
/USERSPACE/DATASETS/CodecFake/train/F02_SSB05940408.wav,2
/USERSPACE/DATASETS/CodecFake/train/F02_p252_086.wav,2
/USERSPACE/DATASETS/CodecFake/train/F02_SSB06010182.wav,2
/USERSPACE/DATASETS/CodecFake/train/F02_SSB05650357.wav,2
/USERSPACE/DATASETS/CodecFake/train/F02_p263_207.wav,2
/USERSPACE/DATASETS/CodecFake/train/F02_SSB12740032.wav,2
/USERSPACE/DATASETS/CodecFake/train/F02_SSB19020382.wav,2
/USERSPACE/DATASETS/CodecFake/train/F02_p274_453.wav,2
/USERSPACE/DATASETS/CodecFake/train/F02_SSB19020183.wav,2
/USERSPACE/DATASETS/CodecFake/train/F02_SSB17820186.wav,2
/USERSPACE/DATASETS/CodecFake/train/F02_SSB05990277.wav,2
/USERSPACE/DATASETS/CodecFake/train/F02_p334_256.wav,2
/USERSPACE/DATASETS/CodecFake/train/F02_p376_106.wav,2
/USERSPACE/DATASETS/CodecFake/train/F02_p248_004.wav,2
/USERSPACE/DATASETS/CodecFake/train/F02_SSB03160264.wav,2
/USERSPACE/DATASETS/CodecFake/train/F02_p254_366.wav,2
/USERSPACE/DATASETS/CodecFake/train/F02_SSB16500085.wav,2
/USERSPACE/DATASETS/CodecFake/train/F02_SSB14570277.wav,2
/USERSPACE/DATASETS/CodecFake/train/F02_SSB05390465.wav,2
/USERSPACE/DATASETS/CodecFake/train/F02_SSB06030313.wav,2
/USERSPACE/DATASETS/CodecFake/train/F02_SSB01490051.wav,2
/USERSPACE/DATASETS/CodecFake/train/F02_p231_370.wav,2
/USERSPACE/DATASETS/CodecFake/train/F02_SSB03930133.wav,2
/USERSPACE/DATASETS/CodecFake/train/F02_SSB16250056.wav,2
/USERSPACE/DATASETS/CodecFake/train/F02_SSB10960084.wav,2
/USERSPACE/DATASETS/CodecFake/train/F02_SSB04700404.wav,2
/USERSPACE/DATASETS/CodecFake/train/F02_p305_366.wav,2
/USERSPACE/DATASETS/CodecFake/train/F02_SSB03540186.wav,2
/USERSPACE/DATASETS/CodecFake/train/F02_SSB03800211.wav,2
/USERSPACE/DATASETS/CodecFake/train/F02_SSB05900051.wav,2
/USERSPACE/DATASETS/CodecFake/train/F02_p233_274.wav,2
/USERSPACE/DATASETS/CodecFake/train/F02_p298_055.wav,2
/USERSPACE/DATASETS/CodecFake/train/F02_p268_095.wav,2
/USERSPACE/DATASETS/CodecFake/train/F02_p244_255.wav,2
/USERSPACE/DATASETS/CodecFake/train/F02_SSB11350430.wav,2
/USERSPACE/DATASETS/CodecFake/train/F02_p336_030.wav,2
/USERSPACE/DATASETS/CodecFake/train/F02_p340_256.wav,2
/USERSPACE/DATASETS/CodecFake/train/F02_SSB00430359.wav,2
/USERSPACE/DATASETS/CodecFake/train/F02_p312_389.wav,2
/USERSPACE/DATASETS/CodecFake/train/F02_p252_004.wav,2
/USERSPACE/DATASETS/CodecFake/train/F02_p323_154.wav,2
/USERSPACE/DATASETS/CodecFake/train/F02_SSB01970324.wav,2
/USERSPACE/DATASETS/CodecFake/train/F02_SSB07490272.wav,2
/USERSPACE/DATASETS/CodecFake/train/F02_SSB15850103.wav,2
/USERSPACE/DATASETS/CodecFake/train/F02_SSB09350024.wav,2
/USERSPACE/DATASETS/CodecFake/train/F02_p256_212.wav,2
/USERSPACE/DATASETS/CodecFake/train/F02_SSB18720139.wav,2
/USERSPACE/DATASETS/CodecFake/train/F02_p315_014.wav,2
/USERSPACE/DATASETS/CodecFake/train/F02_SSB04150060.wav,2
/USERSPACE/DATASETS/CodecFake/train/F02_p294_182.wav,2
/USERSPACE/DATASETS/CodecFake/train/F02_SSB13770018.wav,2
/USERSPACE/DATASETS/CodecFake/train/F02_p261_410.wav,2
/USERSPACE/DATASETS/CodecFake/train/F02_SSB06710064.wav,2
/USERSPACE/DATASETS/CodecFake/train/F02_p364_235.wav,2
/USERSPACE/DATASETS/CodecFake/train/F02_p229_110.wav,2
/USERSPACE/DATASETS/CodecFake/train/F02_SSB06930115.wav,2
/USERSPACE/DATASETS/CodecFake/train/F02_p249_347.wav,2
/USERSPACE/DATASETS/CodecFake/train/F02_p286_084.wav,2
/USERSPACE/DATASETS/CodecFake/train/F02_SSB07490454.wav,2
/USERSPACE/DATASETS/CodecFake/train/F02_p253_358.wav,2
/USERSPACE/DATASETS/CodecFake/train/F02_SSB04350400.wav,2
/USERSPACE/DATASETS/CodecFake/train/F02_SSB14520334.wav,2
/USERSPACE/DATASETS/CodecFake/train/F02_SSB00180473.wav,2
/USERSPACE/DATASETS/CodecFake/train/F02_SSB07170254.wav,2
/USERSPACE/DATASETS/CodecFake/train/F02_SSB07800069.wav,2
/USERSPACE/DATASETS/CodecFake/train/F02_p312_289.wav,2
/USERSPACE/DATASETS/CodecFake/train/F02_p247_132.wav,2
/USERSPACE/DATASETS/CodecFake/train/F02_p312_267.wav,2
/USERSPACE/DATASETS/CodecFake/train/F02_p335_288.wav,2
/USERSPACE/DATASETS/CodecFake/train/F02_SSB18280007.wav,2
/USERSPACE/DATASETS/CodecFake/train/F02_SSB05700346.wav,2
/USERSPACE/DATASETS/CodecFake/train/F02_SSB07370244.wav,2
/USERSPACE/DATASETS/CodecFake/train/F02_SSB16500193.wav,2
/USERSPACE/DATASETS/CodecFake/train/F02_SSB12530044.wav,2
/USERSPACE/DATASETS/CodecFake/train/F02_SSB12150234.wav,2
/USERSPACE/DATASETS/CodecFake/train/F02_p299_367.wav,2
/USERSPACE/DATASETS/CodecFake/train/F02_SSB17110233.wav,2
/USERSPACE/DATASETS/CodecFake/train/F02_SSB13280332.wav,2
/USERSPACE/DATASETS/CodecFake/train/F02_SSB13990339.wav,2
/USERSPACE/DATASETS/CodecFake/train/F02_p286_031.wav,2
/USERSPACE/DATASETS/CodecFake/train/F02_SSB12030233.wav,2
/USERSPACE/DATASETS/CodecFake/train/F02_p261_145.wav,2
/USERSPACE/DATASETS/CodecFake/train/F02_p376_082.wav,2
/USERSPACE/DATASETS/CodecFake/train/F02_SSB13220478.wav,2
/USERSPACE/DATASETS/CodecFake/train/F02_SSB07110194.wav,2
/USERSPACE/DATASETS/CodecFake/train/F02_SSB18090410.wav,2
/USERSPACE/DATASETS/CodecFake/train/F02_p248_003.wav,2
/USERSPACE/DATASETS/CodecFake/train/F02_SSB09190011.wav,2
/USERSPACE/DATASETS/CodecFake/train/F02_SSB09870446.wav,2
/USERSPACE/DATASETS/CodecFake/train/F02_p276_140.wav,2
/USERSPACE/DATASETS/CodecFake/train/F02_SSB18280082.wav,2
/USERSPACE/DATASETS/CodecFake/train/F02_SSB01970303.wav,2
/USERSPACE/DATASETS/CodecFake/train/F02_p273_319.wav,2
/USERSPACE/DATASETS/CodecFake/train/F02_SSB04070134.wav,2
/USERSPACE/DATASETS/CodecFake/train/F02_p247_328.wav,2
/USERSPACE/DATASETS/CodecFake/train/F02_SSB04150232.wav,2
/USERSPACE/DATASETS/CodecFake/train/F02_SSB15750292.wav,2
/USERSPACE/DATASETS/CodecFake/train/F02_p231_026.wav,2
/USERSPACE/DATASETS/CodecFake/train/F02_p362_358.wav,2
/USERSPACE/DATASETS/CodecFake/train/F02_p286_266.wav,2
/USERSPACE/DATASETS/CodecFake/train/F02_SSB16250474.wav,2
/USERSPACE/DATASETS/CodecFake/train/F02_SSB00730039.wav,2
/USERSPACE/DATASETS/CodecFake/train/F02_SSB13650218.wav,2
/USERSPACE/DATASETS/CodecFake/train/F02_SSB10640443.wav,2
/USERSPACE/DATASETS/CodecFake/train/F02_SSB05700042.wav,2
/USERSPACE/DATASETS/CodecFake/train/F02_SSB17450178.wav,2
/USERSPACE/DATASETS/CodecFake/train/F02_SSB13930272.wav,2
/USERSPACE/DATASETS/CodecFake/train/F02_p293_184.wav,2
/USERSPACE/DATASETS/CodecFake/train/F02_SSB01450075.wav,2
/USERSPACE/DATASETS/CodecFake/train/F02_SSB03230082.wav,2
/USERSPACE/DATASETS/CodecFake/train/F02_SSB16240385.wav,2
/USERSPACE/DATASETS/CodecFake/train/F02_p279_340.wav,2
/USERSPACE/DATASETS/CodecFake/train/F02_p308_115.wav,2
/USERSPACE/DATASETS/CodecFake/train/F02_SSB02000252.wav,2
/USERSPACE/DATASETS/CodecFake/train/F02_SSB07100494.wav,2
/USERSPACE/DATASETS/CodecFake/train/F02_SSB01390339.wav,2
/USERSPACE/DATASETS/CodecFake/train/F02_SSB01490099.wav,2
/USERSPACE/DATASETS/CodecFake/train/F02_p364_079.wav,2
/USERSPACE/DATASETS/CodecFake/train/F02_p253_289.wav,2
/USERSPACE/DATASETS/CodecFake/train/F02_p241_275.wav,2
/USERSPACE/DATASETS/CodecFake/train/F02_SSB13200105.wav,2
/USERSPACE/DATASETS/CodecFake/train/F02_p281_079.wav,2
/USERSPACE/DATASETS/CodecFake/train/F02_SSB06290339.wav,2
/USERSPACE/DATASETS/CodecFake/train/F02_SSB10240229.wav,2
/USERSPACE/DATASETS/CodecFake/train/F02_SSB04070339.wav,2
/USERSPACE/DATASETS/CodecFake/train/F02_p360_412.wav,2
/USERSPACE/DATASETS/CodecFake/train/F02_SSB07100419.wav,2
/USERSPACE/DATASETS/CodecFake/train/F02_SSB06660245.wav,2
/USERSPACE/DATASETS/CodecFake/train/F02_SSB15630263.wav,2
/USERSPACE/DATASETS/CodecFake/train/F02_SSB10000267.wav,2
/USERSPACE/DATASETS/CodecFake/train/F02_SSB12030214.wav,2
/USERSPACE/DATASETS/CodecFake/train/F02_SSB03390266.wav,2
/USERSPACE/DATASETS/CodecFake/train/F02_SSB03230023.wav,2
/USERSPACE/DATASETS/CodecFake/train/F02_SSB01390309.wav,2
/USERSPACE/DATASETS/CodecFake/train/F02_SSB02870364.wav,2
/USERSPACE/DATASETS/CodecFake/train/F02_SSB02670039.wav,2
/USERSPACE/DATASETS/CodecFake/train/F02_SSB01450188.wav,2
/USERSPACE/DATASETS/CodecFake/train/F02_p335_228.wav,2
/USERSPACE/DATASETS/CodecFake/train/F02_SSB02880099.wav,2
/USERSPACE/DATASETS/CodecFake/train/F02_SSB10020236.wav,2
/USERSPACE/DATASETS/CodecFake/train/F02_SSB17280438.wav,2
/USERSPACE/DATASETS/CodecFake/train/F02_p272_122.wav,2
/USERSPACE/DATASETS/CodecFake/train/F02_SSB11080261.wav,2
/USERSPACE/DATASETS/CodecFake/train/F02_SSB04260164.wav,2
/USERSPACE/DATASETS/CodecFake/train/F02_SSB18370289.wav,2
/USERSPACE/DATASETS/CodecFake/train/F02_SSB00090212.wav,2
/USERSPACE/DATASETS/CodecFake/train/F02_p277_378.wav,2
/USERSPACE/DATASETS/CodecFake/train/F02_SSB16070450.wav,2
/USERSPACE/DATASETS/CodecFake/train/F02_SSB00120221.wav,2
/USERSPACE/DATASETS/CodecFake/train/F02_p345_209.wav,2
/USERSPACE/DATASETS/CodecFake/train/F02_p363_181.wav,2
/USERSPACE/DATASETS/CodecFake/train/F02_SSB13020422.wav,2
/USERSPACE/DATASETS/CodecFake/train/F02_SSB11970096.wav,2
/USERSPACE/DATASETS/CodecFake/train/F02_p232_092.wav,2
/USERSPACE/DATASETS/CodecFake/train/F02_SSB05020210.wav,2
/USERSPACE/DATASETS/CodecFake/train/F02_p345_157.wav,2
/USERSPACE/DATASETS/CodecFake/train/F02_SSB16240486.wav,2
/USERSPACE/DATASETS/CodecFake/train/F02_SSB09190010.wav,2
/USERSPACE/DATASETS/CodecFake/train/F02_SSB07780267.wav,2
/USERSPACE/DATASETS/CodecFake/train/F02_SSB02410373.wav,2
/USERSPACE/DATASETS/CodecFake/train/F02_p268_353.wav,2
/USERSPACE/DATASETS/CodecFake/train/F02_p277_023.wav,2
/USERSPACE/DATASETS/CodecFake/train/F02_SSB16240135.wav,2
/USERSPACE/DATASETS/CodecFake/train/F02_p311_061.wav,2
/USERSPACE/DATASETS/CodecFake/train/F02_SSB02730480.wav,2
/USERSPACE/DATASETS/CodecFake/train/F02_SSB00330268.wav,2
/USERSPACE/DATASETS/CodecFake/train/F02_SSB08710308.wav,2
/USERSPACE/DATASETS/CodecFake/train/F02_p253_195.wav,2
/USERSPACE/DATASETS/CodecFake/train/F02_SSB12740109.wav,2
/USERSPACE/DATASETS/CodecFake/train/F02_p282_164.wav,2
/USERSPACE/DATASETS/CodecFake/train/F02_SSB18630349.wav,2
/USERSPACE/DATASETS/CodecFake/train/F02_p304_174.wav,2
/USERSPACE/DATASETS/CodecFake/train/F02_p272_200.wav,2
/USERSPACE/DATASETS/CodecFake/train/F02_SSB04340422.wav,2
/USERSPACE/DATASETS/CodecFake/train/F02_SSB01930075.wav,2
/USERSPACE/DATASETS/CodecFake/train/F02_p303_273.wav,2
/USERSPACE/DATASETS/CodecFake/train/F02_SSB03790192.wav,2
/USERSPACE/DATASETS/CodecFake/train/F02_SSB07860385.wav,2
/USERSPACE/DATASETS/CodecFake/train/F02_SSB17450184.wav,2
/USERSPACE/DATASETS/CodecFake/train/F02_SSB06660356.wav,2
/USERSPACE/DATASETS/CodecFake/train/F02_p345_151.wav,2
/USERSPACE/DATASETS/CodecFake/train/F02_p268_249.wav,2
/USERSPACE/DATASETS/CodecFake/train/F02_SSB03820284.wav,2
/USERSPACE/DATASETS/CodecFake/train/F02_SSB07840450.wav,2
/USERSPACE/DATASETS/CodecFake/train/F02_SSB02730069.wav,2
/USERSPACE/DATASETS/CodecFake/train/F02_p253_223.wav,2
/USERSPACE/DATASETS/CodecFake/train/F02_SSB00120270.wav,2
/USERSPACE/DATASETS/CodecFake/train/F02_SSB16990411.wav,2
/USERSPACE/DATASETS/CodecFake/train/F02_SSB07200101.wav,2
/USERSPACE/DATASETS/CodecFake/train/F02_p302_171.wav,2
/USERSPACE/DATASETS/CodecFake/train/F02_SSB07860371.wav,2
/USERSPACE/DATASETS/CodecFake/train/F02_SSB02410104.wav,2
/USERSPACE/DATASETS/CodecFake/train/F02_p226_255.wav,2
/USERSPACE/DATASETS/CodecFake/train/F02_SSB19020423.wav,2
/USERSPACE/DATASETS/CodecFake/train/F02_p287_282.wav,2
/USERSPACE/DATASETS/CodecFake/train/F02_p364_032.wav,2
/USERSPACE/DATASETS/CodecFake/train/F02_p243_206.wav,2
/USERSPACE/DATASETS/CodecFake/train/F02_SSB17450420.wav,2
/USERSPACE/DATASETS/CodecFake/train/F02_p232_367.wav,2
/USERSPACE/DATASETS/CodecFake/train/F02_p300_102.wav,2
/USERSPACE/DATASETS/CodecFake/train/F02_p308_109.wav,2
/USERSPACE/DATASETS/CodecFake/train/F02_p255_060.wav,2
/USERSPACE/DATASETS/CodecFake/train/F02_p253_065.wav,2
/USERSPACE/DATASETS/CodecFake/train/F02_SSB19560354.wav,2
/USERSPACE/DATASETS/CodecFake/train/F02_SSB13660014.wav,2
/USERSPACE/DATASETS/CodecFake/train/F02_p274_101.wav,2
/USERSPACE/DATASETS/CodecFake/train/F02_p259_057.wav,2
/USERSPACE/DATASETS/CodecFake/train/F02_SSB04350443.wav,2
/USERSPACE/DATASETS/CodecFake/train/F02_SSB07020266.wav,2
/USERSPACE/DATASETS/CodecFake/train/F02_p312_139.wav,2
/USERSPACE/DATASETS/CodecFake/train/F02_SSB15930491.wav,2
/USERSPACE/DATASETS/CodecFake/train/F02_SSB04350003.wav,2
/USERSPACE/DATASETS/CodecFake/train/F02_p281_042.wav,2
/USERSPACE/DATASETS/CodecFake/train/F02_SSB04350163.wav,2
/USERSPACE/DATASETS/CodecFake/train/F02_p360_113.wav,2
/USERSPACE/DATASETS/CodecFake/train/F02_SSB03070098.wav,2
/USERSPACE/DATASETS/CodecFake/train/F02_p282_243.wav,2
/USERSPACE/DATASETS/CodecFake/train/F02_SSB13410226.wav,2
/USERSPACE/DATASETS/CodecFake/train/F02_p243_113.wav,2
/USERSPACE/DATASETS/CodecFake/train/F02_SSB02880259.wav,2
/USERSPACE/DATASETS/CodecFake/train/F02_SSB07620118.wav,2
/USERSPACE/DATASETS/CodecFake/train/F02_SSB12530232.wav,2
/USERSPACE/DATASETS/CodecFake/train/F02_p313_394.wav,2
/USERSPACE/DATASETS/CodecFake/train/F02_SSB10910254.wav,2
/USERSPACE/DATASETS/CodecFake/train/F02_SSB01120494.wav,2
/USERSPACE/DATASETS/CodecFake/train/F02_SSB07580353.wav,2
/USERSPACE/DATASETS/CodecFake/train/F02_SSB07460188.wav,2
/USERSPACE/DATASETS/CodecFake/train/F02_SSB07510471.wav,2
/USERSPACE/DATASETS/CodecFake/train/F02_SSB06010288.wav,2
/USERSPACE/DATASETS/CodecFake/train/F02_SSB11760238.wav,2
/USERSPACE/DATASETS/CodecFake/train/F02_p300_322.wav,2
/USERSPACE/DATASETS/CodecFake/train/F02_SSB05020092.wav,2
/USERSPACE/DATASETS/CodecFake/train/F02_SSB13820411.wav,2
/USERSPACE/DATASETS/CodecFake/train/F02_SSB06070317.wav,2
/USERSPACE/DATASETS/CodecFake/train/F02_p314_136.wav,2
/USERSPACE/DATASETS/CodecFake/train/F02_SSB03850154.wav,2
/USERSPACE/DATASETS/CodecFake/train/F02_p363_188.wav,2
/USERSPACE/DATASETS/CodecFake/train/F02_SSB07780173.wav,2
/USERSPACE/DATASETS/CodecFake/train/F02_SSB06710451.wav,2
/USERSPACE/DATASETS/CodecFake/train/F02_SSB05650086.wav,2
/USERSPACE/DATASETS/CodecFake/train/F02_SSB18280326.wav,2
/USERSPACE/DATASETS/CodecFake/train/F02_SSB18370415.wav,2
/USERSPACE/DATASETS/CodecFake/train/F02_SSB02990297.wav,2
/USERSPACE/DATASETS/CodecFake/train/F02_SSB13220400.wav,2
/USERSPACE/DATASETS/CodecFake/train/F02_SSB03420131.wav,2
/USERSPACE/DATASETS/CodecFake/train/F02_SSB13820381.wav,2
/USERSPACE/DATASETS/CodecFake/train/F02_SSB10720198.wav,2
/USERSPACE/DATASETS/CodecFake/train/F02_SSB12030054.wav,2
/USERSPACE/DATASETS/CodecFake/train/F02_SSB06710098.wav,2
/USERSPACE/DATASETS/CodecFake/train/F02_SSB14310457.wav,2
/USERSPACE/DATASETS/CodecFake/train/F02_SSB00180348.wav,2
/USERSPACE/DATASETS/CodecFake/train/F02_SSB07020469.wav,2
/USERSPACE/DATASETS/CodecFake/train/F02_p259_266.wav,2
/USERSPACE/DATASETS/CodecFake/train/F02_SSB03150341.wav,2
/USERSPACE/DATASETS/CodecFake/train/F02_p299_068.wav,2
/USERSPACE/DATASETS/CodecFake/train/F02_SSB07580274.wav,2
/USERSPACE/DATASETS/CodecFake/train/F02_p287_323.wav,2
/USERSPACE/DATASETS/CodecFake/train/F02_SSB07160070.wav,2
/USERSPACE/DATASETS/CodecFake/train/F02_SSB11970161.wav,2
/USERSPACE/DATASETS/CodecFake/train/F02_SSB03950027.wav,2
/USERSPACE/DATASETS/CodecFake/train/F02_SSB10550095.wav,2
/USERSPACE/DATASETS/CodecFake/train/F02_p297_268.wav,2
/USERSPACE/DATASETS/CodecFake/train/F02_SSB07460156.wav,2
/USERSPACE/DATASETS/CodecFake/train/F02_SSB06680432.wav,2
/USERSPACE/DATASETS/CodecFake/train/F02_SSB00090091.wav,2
/USERSPACE/DATASETS/CodecFake/train/F02_SSB05700039.wav,2
/USERSPACE/DATASETS/CodecFake/train/F02_SSB04070056.wav,2
/USERSPACE/DATASETS/CodecFake/train/F02_SSB07110386.wav,2
/USERSPACE/DATASETS/CodecFake/train/F02_SSB07100234.wav,2
/USERSPACE/DATASETS/CodecFake/train/F02_SSB01330296.wav,2
/USERSPACE/DATASETS/CodecFake/train/F02_SSB03390145.wav,2
/USERSPACE/DATASETS/CodecFake/train/F02_SSB09870238.wav,2
/USERSPACE/DATASETS/CodecFake/train/F02_SSB06140391.wav,2
/USERSPACE/DATASETS/CodecFake/train/F02_p228_124.wav,2
/USERSPACE/DATASETS/CodecFake/train/F02_SSB03160482.wav,2
/USERSPACE/DATASETS/CodecFake/train/F02_SSB18630315.wav,2
/USERSPACE/DATASETS/CodecFake/train/F02_p275_224.wav,2
/USERSPACE/DATASETS/CodecFake/train/F02_SSB10000372.wav,2
/USERSPACE/DATASETS/CodecFake/train/F02_SSB01390252.wav,2
/USERSPACE/DATASETS/CodecFake/train/F02_SSB08220133.wav,2
/USERSPACE/DATASETS/CodecFake/train/F02_SSB07230135.wav,2
/USERSPACE/DATASETS/CodecFake/train/F02_SSB09870483.wav,2
/USERSPACE/DATASETS/CodecFake/train/F02_SSB04070330.wav,2
/USERSPACE/DATASETS/CodecFake/train/F02_SSB06860428.wav,2
/USERSPACE/DATASETS/CodecFake/train/F02_SSB18720334.wav,2
/USERSPACE/DATASETS/CodecFake/train/F02_SSB05390466.wav,2
/USERSPACE/DATASETS/CodecFake/train/F02_p298_196.wav,2
/USERSPACE/DATASETS/CodecFake/train/F02_SSB05880104.wav,2
/USERSPACE/DATASETS/CodecFake/train/F02_SSB14520297.wav,2
/USERSPACE/DATASETS/CodecFake/train/F02_SSB01390400.wav,2
/USERSPACE/DATASETS/CodecFake/train/F02_SSB13400390.wav,2
/USERSPACE/DATASETS/CodecFake/train/F02_p284_003.wav,2
/USERSPACE/DATASETS/CodecFake/train/F02_SSB02000204.wav,2
/USERSPACE/DATASETS/CodecFake/train/F02_SSB06310034.wav,2
/USERSPACE/DATASETS/CodecFake/train/F02_p232_308.wav,2
/USERSPACE/DATASETS/CodecFake/train/F02_p265_323.wav,2
/USERSPACE/DATASETS/CodecFake/train/F02_SSB16500062.wav,2
/USERSPACE/DATASETS/CodecFake/train/F02_p336_273.wav,2
/USERSPACE/DATASETS/CodecFake/train/F02_p270_057.wav,2
/USERSPACE/DATASETS/CodecFake/train/F02_SSB06930275.wav,2
/USERSPACE/DATASETS/CodecFake/train/F02_SSB07460065.wav,2
/USERSPACE/DATASETS/CodecFake/train/F02_SSB05390161.wav,2
/USERSPACE/DATASETS/CodecFake/train/F02_p236_316.wav,2
/USERSPACE/DATASETS/CodecFake/train/F02_SSB19560027.wav,2
/USERSPACE/DATASETS/CodecFake/train/F02_p333_167.wav,2
/USERSPACE/DATASETS/CodecFake/train/F02_SSB07940143.wav,2
/USERSPACE/DATASETS/CodecFake/train/F02_SSB00430306.wav,2
/USERSPACE/DATASETS/CodecFake/train/F02_SSB07600242.wav,2
/USERSPACE/DATASETS/CodecFake/train/F02_p245_298.wav,2
/USERSPACE/DATASETS/CodecFake/train/F02_SSB13820036.wav,2
/USERSPACE/DATASETS/CodecFake/train/F02_SSB04070309.wav,2
/USERSPACE/DATASETS/CodecFake/train/F02_SSB00330337.wav,2
/USERSPACE/DATASETS/CodecFake/train/F02_p343_005.wav,2
/USERSPACE/DATASETS/CodecFake/train/F02_SSB10240020.wav,2
/USERSPACE/DATASETS/CodecFake/train/F02_SSB06310252.wav,2
/USERSPACE/DATASETS/CodecFake/train/F02_SSB13660413.wav,2
/USERSPACE/DATASETS/CodecFake/train/F02_p297_225.wav,2
/USERSPACE/DATASETS/CodecFake/train/F02_p316_383.wav,2
/USERSPACE/DATASETS/CodecFake/train/F02_SSB07370102.wav,2
/USERSPACE/DATASETS/CodecFake/train/F02_SSB08870027.wav,2
/USERSPACE/DATASETS/CodecFake/train/F02_p305_102.wav,2
/USERSPACE/DATASETS/CodecFake/train/F02_p263_363.wav,2
/USERSPACE/DATASETS/CodecFake/train/F02_SSB07000016.wav,2
/USERSPACE/DATASETS/CodecFake/train/F02_SSB09130056.wav,2
/USERSPACE/DATASETS/CodecFake/train/F02_SSB06090232.wav,2
/USERSPACE/DATASETS/CodecFake/train/F02_SSB06070098.wav,2
/USERSPACE/DATASETS/CodecFake/train/F02_p294_410.wav,2
/USERSPACE/DATASETS/CodecFake/train/F02_SSB03940124.wav,2
/USERSPACE/DATASETS/CodecFake/train/F02_SSB07800227.wav,2
/USERSPACE/DATASETS/CodecFake/train/F02_p241_285.wav,2
/USERSPACE/DATASETS/CodecFake/train/F02_SSB07780363.wav,2
/USERSPACE/DATASETS/CodecFake/train/F02_SSB03850271.wav,2
/USERSPACE/DATASETS/CodecFake/train/F02_p275_105.wav,2
/USERSPACE/DATASETS/CodecFake/train/F02_p360_268.wav,2
/USERSPACE/DATASETS/CodecFake/train/F02_SSB07510323.wav,2
/USERSPACE/DATASETS/CodecFake/train/F02_SSB03410012.wav,2
/USERSPACE/DATASETS/CodecFake/train/F02_SSB15630372.wav,2
/USERSPACE/DATASETS/CodecFake/train/F02_SSB09150228.wav,2
/USERSPACE/DATASETS/CodecFake/train/F02_SSB13220440.wav,2
/USERSPACE/DATASETS/CodecFake/train/F02_SSB10720481.wav,2
/USERSPACE/DATASETS/CodecFake/train/F02_SSB07370251.wav,2
/USERSPACE/DATASETS/CodecFake/train/F02_SSB11150484.wav,2
/USERSPACE/DATASETS/CodecFake/train/F02_SSB12190137.wav,2
/USERSPACE/DATASETS/CodecFake/train/F02_SSB00160399.wav,2
/USERSPACE/DATASETS/CodecFake/train/F02_p313_150.wav,2
/USERSPACE/DATASETS/CodecFake/train/F02_p340_121.wav,2
/USERSPACE/DATASETS/CodecFake/train/F02_SSB03410308.wav,2
/USERSPACE/DATASETS/CodecFake/train/F02_p301_225.wav,2
/USERSPACE/DATASETS/CodecFake/train/F02_p280_237.wav,2
/USERSPACE/DATASETS/CodecFake/train/F02_SSB07480139.wav,2
/USERSPACE/DATASETS/CodecFake/train/F02_SSB12030129.wav,2
/USERSPACE/DATASETS/CodecFake/train/F02_p297_068.wav,2
/USERSPACE/DATASETS/CodecFake/train/F02_p272_229.wav,2
/USERSPACE/DATASETS/CodecFake/train/F02_SSB11350290.wav,2
/USERSPACE/DATASETS/CodecFake/train/F02_SSB07230320.wav,2
/USERSPACE/DATASETS/CodecFake/train/F02_SSB01120188.wav,2
/USERSPACE/DATASETS/CodecFake/train/F02_SSB06140266.wav,2
/USERSPACE/DATASETS/CodecFake/train/F02_SSB15850224.wav,2
/USERSPACE/DATASETS/CodecFake/train/F02_p267_108.wav,2
/USERSPACE/DATASETS/CodecFake/train/F02_SSB17390283.wav,2
/USERSPACE/DATASETS/CodecFake/train/F02_p268_059.wav,2
/USERSPACE/DATASETS/CodecFake/train/F02_p264_408.wav,2
/USERSPACE/DATASETS/CodecFake/train/F02_p240_279.wav,2
/USERSPACE/DATASETS/CodecFake/train/F02_SSB16500255.wav,2
/USERSPACE/DATASETS/CodecFake/train/F02_SSB08710444.wav,2
/USERSPACE/DATASETS/CodecFake/train/F02_p287_182.wav,2
/USERSPACE/DATASETS/CodecFake/train/F02_SSB18100262.wav,2
/USERSPACE/DATASETS/CodecFake/train/F02_SSB13770104.wav,2
/USERSPACE/DATASETS/CodecFake/train/F02_SSB06860221.wav,2
/USERSPACE/DATASETS/CodecFake/train/F02_SSB07360285.wav,2
/USERSPACE/DATASETS/CodecFake/train/F02_SSB13020409.wav,2
/USERSPACE/DATASETS/CodecFake/train/F02_SSB16990230.wav,2
/USERSPACE/DATASETS/CodecFake/train/F02_p269_268.wav,2
/USERSPACE/DATASETS/CodecFake/train/F02_p228_177.wav,2
/USERSPACE/DATASETS/CodecFake/train/F02_p238_185.wav,2
/USERSPACE/DATASETS/CodecFake/train/F02_SSB18910369.wav,2
/USERSPACE/DATASETS/CodecFake/train/F02_SSB10720419.wav,2
/USERSPACE/DATASETS/CodecFake/train/F02_SSB09130256.wav,2
/USERSPACE/DATASETS/CodecFake/train/F02_SSB01390215.wav,2
/USERSPACE/DATASETS/CodecFake/train/F02_SSB18630457.wav,2
/USERSPACE/DATASETS/CodecFake/train/F02_SSB06010063.wav,2
/USERSPACE/DATASETS/CodecFake/train/F02_SSB15550168.wav,2
/USERSPACE/DATASETS/CodecFake/train/F02_SSB11380147.wav,2
/USERSPACE/DATASETS/CodecFake/train/F02_SSB03540322.wav,2
/USERSPACE/DATASETS/CodecFake/train/F02_SSB06320152.wav,2
/USERSPACE/DATASETS/CodecFake/train/F02_SSB03380329.wav,2
/USERSPACE/DATASETS/CodecFake/train/F02_SSB00430455.wav,2
/USERSPACE/DATASETS/CodecFake/train/F02_SSB00160461.wav,2
/USERSPACE/DATASETS/CodecFake/train/F02_SSB11000390.wav,2
/USERSPACE/DATASETS/CodecFake/train/F02_SSB18780131.wav,2
/USERSPACE/DATASETS/CodecFake/train/F02_p302_139.wav,2
/USERSPACE/DATASETS/CodecFake/train/F02_SSB00570437.wav,2
/USERSPACE/DATASETS/CodecFake/train/F02_SSB05900048.wav,2
/USERSPACE/DATASETS/CodecFake/train/F02_SSB04150053.wav,2
/USERSPACE/DATASETS/CodecFake/train/F02_SSB02000288.wav,2
/USERSPACE/DATASETS/CodecFake/train/F02_SSB08220289.wav,2
/USERSPACE/DATASETS/CodecFake/train/F02_SSB03850018.wav,2
/USERSPACE/DATASETS/CodecFake/train/F02_SSB03790007.wav,2
/USERSPACE/DATASETS/CodecFake/train/F02_p248_325.wav,2
/USERSPACE/DATASETS/CodecFake/train/F02_p277_065.wav,2
/USERSPACE/DATASETS/CodecFake/train/F02_p334_269.wav,2
/USERSPACE/DATASETS/CodecFake/train/F02_SSB09190183.wav,2
/USERSPACE/DATASETS/CodecFake/train/F02_SSB17450343.wav,2
/USERSPACE/DATASETS/CodecFake/train/F02_p232_344.wav,2
/USERSPACE/DATASETS/CodecFake/train/F02_SSB15750080.wav,2
/USERSPACE/DATASETS/CodecFake/train/F02_SSB03150288.wav,2
/USERSPACE/DATASETS/CodecFake/train/F02_SSB13660199.wav,2
/USERSPACE/DATASETS/CodecFake/train/F02_SSB13410269.wav,2
/USERSPACE/DATASETS/CodecFake/train/F02_SSB13990329.wav,2
/USERSPACE/DATASETS/CodecFake/train/F02_p260_177.wav,2
/USERSPACE/DATASETS/CodecFake/train/F02_SSB06010094.wav,2
/USERSPACE/DATASETS/CodecFake/train/F02_SSB09970346.wav,2
/USERSPACE/DATASETS/CodecFake/train/F02_SSB11970171.wav,2
/USERSPACE/DATASETS/CodecFake/train/F02_SSB07480120.wav,2
/USERSPACE/DATASETS/CodecFake/train/F02_SSB03070152.wav,2
/USERSPACE/DATASETS/CodecFake/train/F02_p252_015.wav,2
/USERSPACE/DATASETS/CodecFake/train/F02_SSB06090429.wav,2
/USERSPACE/DATASETS/CodecFake/train/F02_p323_199.wav,2
/USERSPACE/DATASETS/CodecFake/train/F02_SSB01120123.wav,2
/USERSPACE/DATASETS/CodecFake/train/F02_SSB03150106.wav,2
/USERSPACE/DATASETS/CodecFake/train/F02_SSB19560282.wav,2
/USERSPACE/DATASETS/CodecFake/train/F02_SSB10560058.wav,2
/USERSPACE/DATASETS/CodecFake/train/F02_SSB11000063.wav,2
/USERSPACE/DATASETS/CodecFake/train/F02_SSB11310114.wav,2
/USERSPACE/DATASETS/CodecFake/train/F02_p243_260.wav,2
/USERSPACE/DATASETS/CodecFake/train/F02_p257_256.wav,2
/USERSPACE/DATASETS/CodecFake/train/F02_p250_120.wav,2
/USERSPACE/DATASETS/CodecFake/train/F02_SSB17110213.wav,2
/USERSPACE/DATASETS/CodecFake/train/F02_SSB04270476.wav,2
/USERSPACE/DATASETS/CodecFake/train/F02_SSB07800281.wav,2
/USERSPACE/DATASETS/CodecFake/train/F02_SSB02870395.wav,2
/USERSPACE/DATASETS/CodecFake/train/F02_SSB01120166.wav,2
/USERSPACE/DATASETS/CodecFake/train/F02_SSB15670192.wav,2
/USERSPACE/DATASETS/CodecFake/train/F02_SSB12190007.wav,2
/USERSPACE/DATASETS/CodecFake/train/F02_SSB07110297.wav,2
/USERSPACE/DATASETS/CodecFake/train/F02_SSB19020353.wav,2
/USERSPACE/DATASETS/CodecFake/train/F02_p281_127.wav,2
/USERSPACE/DATASETS/CodecFake/train/F02_SSB03230329.wav,2
/USERSPACE/DATASETS/CodecFake/train/F02_SSB11250250.wav,2
/USERSPACE/DATASETS/CodecFake/train/F02_SSB11310017.wav,2
/USERSPACE/DATASETS/CodecFake/train/F02_SSB09660439.wav,2
/USERSPACE/DATASETS/CodecFake/train/F02_SSB13020015.wav,2
/USERSPACE/DATASETS/CodecFake/train/F02_p268_266.wav,2
/USERSPACE/DATASETS/CodecFake/train/F02_SSB14520205.wav,2
/USERSPACE/DATASETS/CodecFake/train/F02_SSB07000360.wav,2
/USERSPACE/DATASETS/CodecFake/train/F02_SSB09970076.wav,2
/USERSPACE/DATASETS/CodecFake/train/F02_p238_264.wav,2
/USERSPACE/DATASETS/CodecFake/train/F02_SSB09150176.wav,2
/USERSPACE/DATASETS/CodecFake/train/F02_p268_041.wav,2
/USERSPACE/DATASETS/CodecFake/train/F02_p288_248.wav,2
/USERSPACE/DATASETS/CodecFake/train/F02_p292_153.wav,2
/USERSPACE/DATASETS/CodecFake/train/F02_SSB13400294.wav,2
/USERSPACE/DATASETS/CodecFake/train/F02_SSB02410222.wav,2
/USERSPACE/DATASETS/CodecFake/train/F02_SSB00090400.wav,2
/USERSPACE/DATASETS/CodecFake/train/F02_p274_019.wav,2
/USERSPACE/DATASETS/CodecFake/train/F02_SSB13770326.wav,2
/USERSPACE/DATASETS/CodecFake/train/F02_p241_011.wav,2
/USERSPACE/DATASETS/CodecFake/train/F02_p228_171.wav,2
/USERSPACE/DATASETS/CodecFake/train/F02_p270_444.wav,2
/USERSPACE/DATASETS/CodecFake/train/F02_SSB03790295.wav,2
/USERSPACE/DATASETS/CodecFake/train/F02_SSB03540228.wav,2
/USERSPACE/DATASETS/CodecFake/train/F02_SSB04340342.wav,2
/USERSPACE/DATASETS/CodecFake/train/F02_SSB03380473.wav,2
/USERSPACE/DATASETS/CodecFake/train/F02_SSB12150474.wav,2
/USERSPACE/DATASETS/CodecFake/train/F02_SSB02460055.wav,2
/USERSPACE/DATASETS/CodecFake/train/F02_SSB06930284.wav,2
/USERSPACE/DATASETS/CodecFake/train/F02_SSB06060124.wav,2
/USERSPACE/DATASETS/CodecFake/train/F02_SSB08870015.wav,2
/USERSPACE/DATASETS/CodecFake/train/F02_p241_186.wav,2
/USERSPACE/DATASETS/CodecFake/train/F02_SSB14310273.wav,2
/USERSPACE/DATASETS/CodecFake/train/F02_SSB13770119.wav,2
/USERSPACE/DATASETS/CodecFake/train/F02_p305_044.wav,2
/USERSPACE/DATASETS/CodecFake/train/F02_SSB02730165.wav,2
/USERSPACE/DATASETS/CodecFake/train/F02_p293_007.wav,2
/USERSPACE/DATASETS/CodecFake/train/F02_SSB00430247.wav,2
/USERSPACE/DATASETS/CodecFake/train/F02_SSB08870442.wav,2
/USERSPACE/DATASETS/CodecFake/train/F02_SSB00120450.wav,2
/USERSPACE/DATASETS/CodecFake/train/F02_SSB07510344.wav,2
/USERSPACE/DATASETS/CodecFake/train/F02_SSB03940036.wav,2
/USERSPACE/DATASETS/CodecFake/train/F02_SSB12740367.wav,2
/USERSPACE/DATASETS/CodecFake/train/F02_SSB08090113.wav,2
/USERSPACE/DATASETS/CodecFake/train/F02_SSB15930069.wav,2
/USERSPACE/DATASETS/CodecFake/train/F02_SSB15550280.wav,2
/USERSPACE/DATASETS/CodecFake/train/F02_p252_391.wav,2
/USERSPACE/DATASETS/CodecFake/train/F02_SSB18780135.wav,2
/USERSPACE/DATASETS/CodecFake/train/F02_SSB13770362.wav,2
/USERSPACE/DATASETS/CodecFake/train/F02_SSB01120221.wav,2
/USERSPACE/DATASETS/CodecFake/train/F02_p364_193.wav,2
/USERSPACE/DATASETS/CodecFake/train/F02_SSB07940256.wav,2
/USERSPACE/DATASETS/CodecFake/train/F02_SSB18720115.wav,2
/USERSPACE/DATASETS/CodecFake/train/F02_SSB05020266.wav,2
/USERSPACE/DATASETS/CodecFake/train/F02_p306_111.wav,2
/USERSPACE/DATASETS/CodecFake/train/F02_p244_227.wav,2
/USERSPACE/DATASETS/CodecFake/train/F02_p306_185.wav,2
/USERSPACE/DATASETS/CodecFake/train/F02_SSB03950037.wav,2
/USERSPACE/DATASETS/CodecFake/train/F02_p339_258.wav,2
/USERSPACE/DATASETS/CodecFake/train/F02_p300_355.wav,2
/USERSPACE/DATASETS/CodecFake/train/F02_SSB01120460.wav,2
/USERSPACE/DATASETS/CodecFake/train/F02_SSB08220376.wav,2
/USERSPACE/DATASETS/CodecFake/train/F02_SSB16860397.wav,2
/USERSPACE/DATASETS/CodecFake/train/F02_p274_398.wav,2
/USERSPACE/DATASETS/CodecFake/train/F02_SSB13280171.wav,2
/USERSPACE/DATASETS/CodecFake/train/F02_SSB07490258.wav,2
/USERSPACE/DATASETS/CodecFake/train/F02_p285_158.wav,2
/USERSPACE/DATASETS/CodecFake/train/F02_SSB06660401.wav,2
/USERSPACE/DATASETS/CodecFake/train/F02_SSB06030171.wav,2
/USERSPACE/DATASETS/CodecFake/train/F02_p227_155.wav,2
/USERSPACE/DATASETS/CodecFake/train/F02_SSB11080353.wav,2
/USERSPACE/DATASETS/CodecFake/train/F02_SSB11000140.wav,2
/USERSPACE/DATASETS/CodecFake/train/F02_SSB15550474.wav,2
/USERSPACE/DATASETS/CodecFake/train/F02_SSB02990431.wav,2
/USERSPACE/DATASETS/CodecFake/train/F02_SSB06010363.wav,2
/USERSPACE/DATASETS/CodecFake/train/F02_SSB00330082.wav,2
/USERSPACE/DATASETS/CodecFake/train/F02_p277_459.wav,2
/USERSPACE/DATASETS/CodecFake/train/F02_SSB10200111.wav,2
/USERSPACE/DATASETS/CodecFake/train/F02_SSB06090052.wav,2
/USERSPACE/DATASETS/CodecFake/train/F02_SSB16250012.wav,2
/USERSPACE/DATASETS/CodecFake/train/F02_SSB10910068.wav,2
/USERSPACE/DATASETS/CodecFake/train/F02_SSB03410088.wav,2
/USERSPACE/DATASETS/CodecFake/train/F02_SSB04270272.wav,2
/USERSPACE/DATASETS/CodecFake/train/F02_SSB05350338.wav,2
/USERSPACE/DATASETS/CodecFake/train/F02_SSB05390051.wav,2
/USERSPACE/DATASETS/CodecFake/train/F02_SSB13850168.wav,2
/USERSPACE/DATASETS/CodecFake/train/F02_SSB12030104.wav,2
/USERSPACE/DATASETS/CodecFake/train/F02_SSB10240119.wav,2
/USERSPACE/DATASETS/CodecFake/train/F02_SSB18370372.wav,2
/USERSPACE/DATASETS/CodecFake/train/F02_SSB01970122.wav,2
/USERSPACE/DATASETS/CodecFake/train/F02_SSB05880024.wav,2
/USERSPACE/DATASETS/CodecFake/train/F02_p256_242.wav,2
/USERSPACE/DATASETS/CodecFake/train/F02_p294_079.wav,2
/USERSPACE/DATASETS/CodecFake/train/F02_p229_085.wav,2
/USERSPACE/DATASETS/CodecFake/train/F02_p267_025.wav,2
/USERSPACE/DATASETS/CodecFake/train/F02_SSB06230431.wav,2
/USERSPACE/DATASETS/CodecFake/train/F02_SSB17390131.wav,2
/USERSPACE/DATASETS/CodecFake/train/F02_SSB17280349.wav,2
/USERSPACE/DATASETS/CodecFake/train/F02_SSB04350148.wav,2
/USERSPACE/DATASETS/CodecFake/train/F02_SSB09130387.wav,2
/USERSPACE/DATASETS/CodecFake/train/F02_p270_453.wav,2
/USERSPACE/DATASETS/CodecFake/train/F02_SSB07170051.wav,2
/USERSPACE/DATASETS/CodecFake/train/F02_SSB02000245.wav,2
/USERSPACE/DATASETS/CodecFake/train/F02_p239_216.wav,2
/USERSPACE/DATASETS/CodecFake/train/F02_SSB10240010.wav,2
/USERSPACE/DATASETS/CodecFake/train/F02_p245_066.wav,2
/USERSPACE/DATASETS/CodecFake/train/F02_SSB13660109.wav,2
/USERSPACE/DATASETS/CodecFake/train/F02_SSB06030146.wav,2
/USERSPACE/DATASETS/CodecFake/train/F02_SSB00380030.wav,2
/USERSPACE/DATASETS/CodecFake/train/F02_SSB05880057.wav,2
/USERSPACE/DATASETS/CodecFake/train/F02_SSB14080462.wav,2
/USERSPACE/DATASETS/CodecFake/train/F02_p335_004.wav,2
/USERSPACE/DATASETS/CodecFake/train/F02_p260_049.wav,2
/USERSPACE/DATASETS/CodecFake/train/F02_SSB10720171.wav,2
/USERSPACE/DATASETS/CodecFake/train/F02_p272_116.wav,2
/USERSPACE/DATASETS/CodecFake/train/F02_SSB04350460.wav,2
/USERSPACE/DATASETS/CodecFake/train/F02_SSB16860356.wav,2
/USERSPACE/DATASETS/CodecFake/train/F02_p227_183.wav,2
/USERSPACE/DATASETS/CodecFake/train/F02_p262_338.wav,2
/USERSPACE/DATASETS/CodecFake/train/F02_SSB06070149.wav,2
/USERSPACE/DATASETS/CodecFake/train/F02_SSB00090432.wav,2
/USERSPACE/DATASETS/CodecFake/train/F02_SSB11000168.wav,2
/USERSPACE/DATASETS/CodecFake/train/F02_p333_003.wav,2
/USERSPACE/DATASETS/CodecFake/train/F02_p254_121.wav,2
/USERSPACE/DATASETS/CodecFake/train/F02_SSB07000320.wav,2
/USERSPACE/DATASETS/CodecFake/train/F02_SSB00090423.wav,2
/USERSPACE/DATASETS/CodecFake/train/F02_p340_002.wav,2
/USERSPACE/DATASETS/CodecFake/train/F02_SSB18780290.wav,2
/USERSPACE/DATASETS/CodecFake/train/F02_SSB13770399.wav,2
/USERSPACE/DATASETS/CodecFake/train/F02_p299_384.wav,2
/USERSPACE/DATASETS/CodecFake/train/F02_SSB16500069.wav,2
/USERSPACE/DATASETS/CodecFake/train/F02_SSB00090312.wav,2
/USERSPACE/DATASETS/CodecFake/train/F02_SSB11150308.wav,2
/USERSPACE/DATASETS/CodecFake/train/F02_SSB12150414.wav,2
/USERSPACE/DATASETS/CodecFake/train/F02_SSB07620164.wav,2
/USERSPACE/DATASETS/CodecFake/train/F02_SSB07860199.wav,2
/USERSPACE/DATASETS/CodecFake/train/F02_p283_043.wav,2
/USERSPACE/DATASETS/CodecFake/train/F02_p374_118.wav,2
/USERSPACE/DATASETS/CodecFake/train/F02_p280_368.wav,2
/USERSPACE/DATASETS/CodecFake/train/F02_SSB11000277.wav,2
/USERSPACE/DATASETS/CodecFake/train/F02_SSB13280485.wav,2
/USERSPACE/DATASETS/CodecFake/train/F02_p305_152.wav,2
/USERSPACE/DATASETS/CodecFake/train/F02_SSB18320403.wav,2
/USERSPACE/DATASETS/CodecFake/train/F02_p360_148.wav,2
/USERSPACE/DATASETS/CodecFake/train/F02_SSB19180304.wav,2
/USERSPACE/DATASETS/CodecFake/train/F02_SSB00160346.wav,2
/USERSPACE/DATASETS/CodecFake/train/F02_p240_196.wav,2
/USERSPACE/DATASETS/CodecFake/train/F02_SSB07100457.wav,2
/USERSPACE/DATASETS/CodecFake/train/F02_p276_207.wav,2
/USERSPACE/DATASETS/CodecFake/train/F02_p254_382.wav,2
/USERSPACE/DATASETS/CodecFake/train/F02_p336_311.wav,2
/USERSPACE/DATASETS/CodecFake/train/F02_p230_346.wav,2
/USERSPACE/DATASETS/CodecFake/train/F02_SSB09150218.wav,2
/USERSPACE/DATASETS/CodecFake/train/F02_SSB03800050.wav,2
/USERSPACE/DATASETS/CodecFake/train/F02_SSB07460442.wav,2
/USERSPACE/DATASETS/CodecFake/train/F02_SSB05390148.wav,2
/USERSPACE/DATASETS/CodecFake/train/F02_p285_403.wav,2
/USERSPACE/DATASETS/CodecFake/train/F02_SSB11000337.wav,2
/USERSPACE/DATASETS/CodecFake/train/F02_p265_317.wav,2
/USERSPACE/DATASETS/CodecFake/train/F02_SSB11870497.wav,2
/USERSPACE/DATASETS/CodecFake/train/F02_SSB16240231.wav,2
/USERSPACE/DATASETS/CodecFake/train/F02_p256_129.wav,2
/USERSPACE/DATASETS/CodecFake/train/F02_SSB03750279.wav,2
/USERSPACE/DATASETS/CodecFake/train/F02_SSB13400305.wav,2
/USERSPACE/DATASETS/CodecFake/train/F02_p363_330.wav,2
/USERSPACE/DATASETS/CodecFake/train/F02_SSB09130027.wav,2
/USERSPACE/DATASETS/CodecFake/train/F02_p259_404.wav,2
/USERSPACE/DATASETS/CodecFake/train/F02_SSB11150183.wav,2
/USERSPACE/DATASETS/CodecFake/train/F02_SSB13820475.wav,2
/USERSPACE/DATASETS/CodecFake/train/F02_p243_055.wav,2
/USERSPACE/DATASETS/CodecFake/train/F02_p339_264.wav,2
/USERSPACE/DATASETS/CodecFake/train/F02_p362_152.wav,2
/USERSPACE/DATASETS/CodecFake/train/F02_p364_024.wav,2
/USERSPACE/DATASETS/CodecFake/train/F02_SSB16070206.wav,2
/USERSPACE/DATASETS/CodecFake/train/F02_SSB01390066.wav,2
/USERSPACE/DATASETS/CodecFake/train/F02_p236_110.wav,2
/USERSPACE/DATASETS/CodecFake/train/F02_SSB05940021.wav,2
/USERSPACE/DATASETS/CodecFake/train/F02_SSB13650250.wav,2
/USERSPACE/DATASETS/CodecFake/train/F02_SSB08870116.wav,2
/USERSPACE/DATASETS/CodecFake/train/F02_SSB01970300.wav,2
/USERSPACE/DATASETS/CodecFake/train/F02_p297_172.wav,2
/USERSPACE/DATASETS/CodecFake/train/F02_SSB10200311.wav,2
/USERSPACE/DATASETS/CodecFake/train/F02_SSB10020137.wav,2
/USERSPACE/DATASETS/CodecFake/train/F02_SSB01220400.wav,2
/USERSPACE/DATASETS/CodecFake/train/F02_SSB06310178.wav,2
/USERSPACE/DATASETS/CodecFake/train/F02_SSB11610350.wav,2
/USERSPACE/DATASETS/CodecFake/train/F02_p347_228.wav,2
/USERSPACE/DATASETS/CodecFake/train/F02_p276_220.wav,2
/USERSPACE/DATASETS/CodecFake/train/F02_SSB05020287.wav,2
/USERSPACE/DATASETS/CodecFake/train/F02_p341_316.wav,2
/USERSPACE/DATASETS/CodecFake/train/F02_p229_357.wav,2
/USERSPACE/DATASETS/CodecFake/train/F02_SSB14480373.wav,2
/USERSPACE/DATASETS/CodecFake/train/F02_SSB11250041.wav,2
/USERSPACE/DATASETS/CodecFake/train/F02_p345_128.wav,2
/USERSPACE/DATASETS/CodecFake/train/F02_SSB05900322.wav,2
/USERSPACE/DATASETS/CodecFake/train/F02_SSB16700078.wav,2
/USERSPACE/DATASETS/CodecFake/train/F02_SSB11080201.wav,2
/USERSPACE/DATASETS/CodecFake/train/F02_SSB00800382.wav,2
/USERSPACE/DATASETS/CodecFake/train/F02_SSB00430190.wav,2
/USERSPACE/DATASETS/CodecFake/train/F02_SSB18090087.wav,2
/USERSPACE/DATASETS/CodecFake/train/F02_SSB07200419.wav,2
/USERSPACE/DATASETS/CodecFake/train/F02_SSB03230479.wav,2
/USERSPACE/DATASETS/CodecFake/train/F02_p333_298.wav,2
/USERSPACE/DATASETS/CodecFake/train/F02_SSB01390106.wav,2
/USERSPACE/DATASETS/CodecFake/train/F02_SSB15670223.wav,2
/USERSPACE/DATASETS/CodecFake/train/F02_SSB06010301.wav,2
/USERSPACE/DATASETS/CodecFake/train/F02_SSB09350134.wav,2
/USERSPACE/DATASETS/CodecFake/train/F02_p256_268.wav,2
/USERSPACE/DATASETS/CodecFake/train/F02_SSB06030269.wav,2
/USERSPACE/DATASETS/CodecFake/train/F02_SSB15750229.wav,2
/USERSPACE/DATASETS/CodecFake/train/F02_p279_062.wav,2
/USERSPACE/DATASETS/CodecFake/train/F02_SSB07600026.wav,2
/USERSPACE/DATASETS/CodecFake/train/F02_SSB04700277.wav,2
/USERSPACE/DATASETS/CodecFake/train/F02_p316_124.wav,2
/USERSPACE/DATASETS/CodecFake/train/F02_SSB03940366.wav,2
/USERSPACE/DATASETS/CodecFake/train/F02_SSB02410286.wav,2
/USERSPACE/DATASETS/CodecFake/train/F02_SSB03930025.wav,2
/USERSPACE/DATASETS/CodecFake/train/F02_p240_330.wav,2
/USERSPACE/DATASETS/CodecFake/train/F02_SSB06290393.wav,2
/USERSPACE/DATASETS/CodecFake/train/F02_p247_299.wav,2
/USERSPACE/DATASETS/CodecFake/train/F02_SSB00730211.wav,2
/USERSPACE/DATASETS/CodecFake/train/F02_SSB12210168.wav,2
/USERSPACE/DATASETS/CodecFake/train/F02_SSB18370414.wav,2
/USERSPACE/DATASETS/CodecFake/train/F02_SSB11760038.wav,2
/USERSPACE/DATASETS/CodecFake/train/F02_p248_282.wav,2
/USERSPACE/DATASETS/CodecFake/train/F02_p257_092.wav,2
/USERSPACE/DATASETS/CodecFake/train/F02_SSB07840067.wav,2
/USERSPACE/DATASETS/CodecFake/train/F02_p312_071.wav,2
/USERSPACE/DATASETS/CodecFake/train/F02_p237_092.wav,2
/USERSPACE/DATASETS/CodecFake/train/F02_SSB10200050.wav,2
/USERSPACE/DATASETS/CodecFake/train/F02_p226_227.wav,2
/USERSPACE/DATASETS/CodecFake/train/F02_p250_371.wav,2
/USERSPACE/DATASETS/CodecFake/train/F02_p336_410.wav,2
/USERSPACE/DATASETS/CodecFake/train/F02_SSB03420146.wav,2
/USERSPACE/DATASETS/CodecFake/train/F02_SSB16700193.wav,2
/USERSPACE/DATASETS/CodecFake/train/F02_SSB17820384.wav,2
/USERSPACE/DATASETS/CodecFake/train/F02_SSB05650001.wav,2
/USERSPACE/DATASETS/CodecFake/train/F02_p351_251.wav,2
/USERSPACE/DATASETS/CodecFake/train/F02_SSB04150286.wav,2
/USERSPACE/DATASETS/CodecFake/train/F02_SSB11000402.wav,2
/USERSPACE/DATASETS/CodecFake/train/F02_SSB07800309.wav,2
/USERSPACE/DATASETS/CodecFake/train/F02_SSB04700141.wav,2
/USERSPACE/DATASETS/CodecFake/train/F02_SSB02870023.wav,2
/USERSPACE/DATASETS/CodecFake/train/F02_p306_340.wav,2
/USERSPACE/DATASETS/CodecFake/train/F02_SSB11310167.wav,2
/USERSPACE/DATASETS/CodecFake/train/F02_p252_038.wav,2
/USERSPACE/DATASETS/CodecFake/train/F02_SSB19560463.wav,2
/USERSPACE/DATASETS/CodecFake/train/F02_SSB11870327.wav,2
/USERSPACE/DATASETS/CodecFake/train/F02_p317_213.wav,2
/USERSPACE/DATASETS/CodecFake/train/F02_SSB16240171.wav,2
/USERSPACE/DATASETS/CodecFake/train/F02_SSB06090058.wav,2
/USERSPACE/DATASETS/CodecFake/train/F02_SSB08220070.wav,2
/USERSPACE/DATASETS/CodecFake/train/F02_SSB07620275.wav,2
/USERSPACE/DATASETS/CodecFake/train/F02_SSB03390163.wav,2
/USERSPACE/DATASETS/CodecFake/train/F02_SSB04270114.wav,2
/USERSPACE/DATASETS/CodecFake/train/F02_SSB15750494.wav,2
/USERSPACE/DATASETS/CodecFake/train/F02_p248_007.wav,2
/USERSPACE/DATASETS/CodecFake/train/F02_SSB03750147.wav,2
/USERSPACE/DATASETS/CodecFake/train/F02_SSB03420366.wav,2
/USERSPACE/DATASETS/CodecFake/train/F02_SSB06290458.wav,2
/USERSPACE/DATASETS/CodecFake/train/F02_SSB07170120.wav,2
/USERSPACE/DATASETS/CodecFake/train/F02_SSB09130178.wav,2
/USERSPACE/DATASETS/CodecFake/train/F02_p246_162.wav,2
/USERSPACE/DATASETS/CodecFake/train/F02_SSB10960169.wav,2
/USERSPACE/DATASETS/CodecFake/train/F02_p278_216.wav,2
/USERSPACE/DATASETS/CodecFake/train/F02_SSB04820131.wav,2
/USERSPACE/DATASETS/CodecFake/train/F02_SSB00570196.wav,2
/USERSPACE/DATASETS/CodecFake/train/F02_SSB03790318.wav,2
/USERSPACE/DATASETS/CodecFake/train/F02_p230_280.wav,2
/USERSPACE/DATASETS/CodecFake/train/F02_SSB11260134.wav,2
/USERSPACE/DATASETS/CodecFake/train/F02_SSB03940341.wav,2
/USERSPACE/DATASETS/CodecFake/train/F02_SSB06320084.wav,2
/USERSPACE/DATASETS/CodecFake/train/F02_p286_172.wav,2
/USERSPACE/DATASETS/CodecFake/train/F02_p240_205.wav,2
/USERSPACE/DATASETS/CodecFake/train/F02_p297_297.wav,2
/USERSPACE/DATASETS/CodecFake/train/F02_SSB02880366.wav,2
/USERSPACE/DATASETS/CodecFake/train/F02_p311_345.wav,2
/USERSPACE/DATASETS/CodecFake/train/F02_SSB01490319.wav,2
/USERSPACE/DATASETS/CodecFake/train/F02_p300_033.wav,2
/USERSPACE/DATASETS/CodecFake/train/F02_p330_312.wav,2
/USERSPACE/DATASETS/CodecFake/train/F02_SSB03160129.wav,2
/USERSPACE/DATASETS/CodecFake/train/F02_SSB11870407.wav,2
/USERSPACE/DATASETS/CodecFake/train/F02_SSB15670011.wav,2
/USERSPACE/DATASETS/CodecFake/train/F02_SSB00120307.wav,2
/USERSPACE/DATASETS/CodecFake/train/F02_SSB07480194.wav,2
/USERSPACE/DATASETS/CodecFake/train/F02_p335_252.wav,2
/USERSPACE/DATASETS/CodecFake/train/F02_SSB03940150.wav,2
/USERSPACE/DATASETS/CodecFake/train/F02_SSB14020443.wav,2
/USERSPACE/DATASETS/CodecFake/train/F02_SSB11380313.wav,2
/USERSPACE/DATASETS/CodecFake/train/F02_p301_269.wav,2
/USERSPACE/DATASETS/CodecFake/train/F02_SSB01390043.wav,2
/USERSPACE/DATASETS/CodecFake/train/F02_SSB06680162.wav,2
/USERSPACE/DATASETS/CodecFake/train/F02_SSB18780274.wav,2
/USERSPACE/DATASETS/CodecFake/train/F02_SSB17590251.wav,2
/USERSPACE/DATASETS/CodecFake/train/F02_SSB03070436.wav,2
/USERSPACE/DATASETS/CodecFake/train/F02_SSB03160357.wav,2
/USERSPACE/DATASETS/CodecFake/train/F02_SSB02670105.wav,2
/USERSPACE/DATASETS/CodecFake/train/F02_SSB10910024.wav,2
/USERSPACE/DATASETS/CodecFake/train/F02_SSB13220360.wav,2
/USERSPACE/DATASETS/CodecFake/train/F02_p362_185.wav,2
/USERSPACE/DATASETS/CodecFake/train/F02_p300_342.wav,2
/USERSPACE/DATASETS/CodecFake/train/F02_SSB04270286.wav,2
/USERSPACE/DATASETS/CodecFake/train/F02_SSB03930317.wav,2
/USERSPACE/DATASETS/CodecFake/train/F02_p318_266.wav,2
/USERSPACE/DATASETS/CodecFake/train/F02_SSB10550377.wav,2
/USERSPACE/DATASETS/CodecFake/train/F02_p274_288.wav,2
/USERSPACE/DATASETS/CodecFake/train/F02_SSB03540402.wav,2
/USERSPACE/DATASETS/CodecFake/train/F02_p374_413.wav,2
/USERSPACE/DATASETS/CodecFake/train/F02_SSB01330115.wav,2
/USERSPACE/DATASETS/CodecFake/train/F02_p234_099.wav,2
/USERSPACE/DATASETS/CodecFake/train/F02_SSB12040199.wav,2
/USERSPACE/DATASETS/CodecFake/train/F02_SSB07000047.wav,2
/USERSPACE/DATASETS/CodecFake/train/F02_p236_178.wav,2
/USERSPACE/DATASETS/CodecFake/train/F02_p231_217.wav,2
/USERSPACE/DATASETS/CodecFake/train/F02_SSB00430331.wav,2
/USERSPACE/DATASETS/CodecFake/train/F02_SSB15850240.wav,2
/USERSPACE/DATASETS/CodecFake/train/F02_SSB14370051.wav,2
/USERSPACE/DATASETS/CodecFake/train/F02_SSB05780159.wav,2
/USERSPACE/DATASETS/CodecFake/train/F02_SSB03390303.wav,2
/USERSPACE/DATASETS/CodecFake/train/F02_SSB17450146.wav,2
/USERSPACE/DATASETS/CodecFake/train/F02_SSB06030237.wav,2
/USERSPACE/DATASETS/CodecFake/train/F02_p316_299.wav,2
/USERSPACE/DATASETS/CodecFake/train/F02_SSB16990081.wav,2
/USERSPACE/DATASETS/CodecFake/train/F02_SSB13280087.wav,2
/USERSPACE/DATASETS/CodecFake/train/F02_p292_080.wav,2
/USERSPACE/DATASETS/CodecFake/train/F02_p313_122.wav,2
/USERSPACE/DATASETS/CodecFake/train/F02_SSB11610214.wav,2
/USERSPACE/DATASETS/CodecFake/train/F02_SSB08220377.wav,2
/USERSPACE/DATASETS/CodecFake/train/F02_p301_407.wav,2
/USERSPACE/DATASETS/CodecFake/train/F02_p294_066.wav,2
/USERSPACE/DATASETS/CodecFake/train/F02_SSB04820477.wav,2
/USERSPACE/DATASETS/CodecFake/train/F02_SSB17280440.wav,2
/USERSPACE/DATASETS/CodecFake/train/F02_SSB06290158.wav,2
/USERSPACE/DATASETS/CodecFake/train/F02_SSB07370155.wav,2
/USERSPACE/DATASETS/CodecFake/train/F02_SSB07460357.wav,2
/USERSPACE/DATASETS/CodecFake/train/F02_p317_235.wav,2
/USERSPACE/DATASETS/CodecFake/train/F02_SSB18280017.wav,2
/USERSPACE/DATASETS/CodecFake/train/F02_SSB03940327.wav,2
/USERSPACE/DATASETS/CodecFake/train/F02_p276_169.wav,2
/USERSPACE/DATASETS/CodecFake/train/F02_SSB04700331.wav,2
/USERSPACE/DATASETS/CodecFake/train/F02_SSB05900112.wav,2
/USERSPACE/DATASETS/CodecFake/train/F02_p374_031.wav,2
/USERSPACE/DATASETS/CodecFake/train/F02_p265_334.wav,2
/USERSPACE/DATASETS/CodecFake/train/F02_SSB05990366.wav,2
/USERSPACE/DATASETS/CodecFake/train/F02_p374_291.wav,2
/USERSPACE/DATASETS/CodecFake/train/F02_SSB06140437.wav,2
/USERSPACE/DATASETS/CodecFake/train/F02_p276_385.wav,2
/USERSPACE/DATASETS/CodecFake/train/F02_SSB06680323.wav,2
/USERSPACE/DATASETS/CodecFake/train/F02_SSB10080084.wav,2
/USERSPACE/DATASETS/CodecFake/train/F02_SSB03230421.wav,2
/USERSPACE/DATASETS/CodecFake/train/F02_SSB10910261.wav,2
/USERSPACE/DATASETS/CodecFake/train/F02_p259_317.wav,2
/USERSPACE/DATASETS/CodecFake/train/F02_p364_097.wav,2
/USERSPACE/DATASETS/CodecFake/train/F02_p278_105.wav,2
/USERSPACE/DATASETS/CodecFake/train/F02_p313_366.wav,2
/USERSPACE/DATASETS/CodecFake/train/F02_SSB03940269.wav,2
/USERSPACE/DATASETS/CodecFake/train/F02_SSB07370488.wav,2
/USERSPACE/DATASETS/CodecFake/train/F02_SSB19560247.wav,2
/USERSPACE/DATASETS/CodecFake/train/F02_SSB03930091.wav,2
/USERSPACE/DATASETS/CodecFake/train/F02_p243_014.wav,2
/USERSPACE/DATASETS/CodecFake/train/F02_SSB02990503.wav,2
/USERSPACE/DATASETS/CodecFake/train/F02_SSB09870253.wav,2
/USERSPACE/DATASETS/CodecFake/train/F02_SSB01970010.wav,2
/USERSPACE/DATASETS/CodecFake/train/F02_SSB06140365.wav,2
/USERSPACE/DATASETS/CodecFake/train/F02_SSB11150288.wav,2
/USERSPACE/DATASETS/CodecFake/train/F02_SSB06060318.wav,2
/USERSPACE/DATASETS/CodecFake/train/F02_SSB04270126.wav,2
/USERSPACE/DATASETS/CodecFake/train/F02_p285_155.wav,2
/USERSPACE/DATASETS/CodecFake/train/F02_SSB18280261.wav,2
/USERSPACE/DATASETS/CodecFake/train/F02_SSB12150056.wav,2
/USERSPACE/DATASETS/CodecFake/train/F02_SSB06680486.wav,2
/USERSPACE/DATASETS/CodecFake/train/F02_SSB16840126.wav,2
/USERSPACE/DATASETS/CodecFake/train/F02_SSB08510364.wav,2
/USERSPACE/DATASETS/CodecFake/train/F02_SSB05900181.wav,2
/USERSPACE/DATASETS/CodecFake/train/F02_SSB19020256.wav,2
/USERSPACE/DATASETS/CodecFake/train/F02_SSB06860088.wav,2
/USERSPACE/DATASETS/CodecFake/train/F02_p293_134.wav,2
/USERSPACE/DATASETS/CodecFake/train/F02_SSB01120339.wav,2
/USERSPACE/DATASETS/CodecFake/train/F02_SSB01330406.wav,2
/USERSPACE/DATASETS/CodecFake/train/F02_SSB06230156.wav,2
/USERSPACE/DATASETS/CodecFake/train/F02_p376_224.wav,2
/USERSPACE/DATASETS/CodecFake/train/F02_p314_075.wav,2
/USERSPACE/DATASETS/CodecFake/train/F02_p254_093.wav,2
/USERSPACE/DATASETS/CodecFake/train/F02_SSB16070097.wav,2
/USERSPACE/DATASETS/CodecFake/train/F02_SSB11760010.wav,2
/USERSPACE/DATASETS/CodecFake/train/F02_SSB17280283.wav,2
/USERSPACE/DATASETS/CodecFake/train/F02_SSB09190167.wav,2
/USERSPACE/DATASETS/CodecFake/train/F02_SSB06290277.wav,2
/USERSPACE/DATASETS/CodecFake/train/F02_SSB19350136.wav,2
/USERSPACE/DATASETS/CodecFake/train/F02_SSB02870060.wav,2
/USERSPACE/DATASETS/CodecFake/train/F02_SSB11260366.wav,2
/USERSPACE/DATASETS/CodecFake/train/F02_SSB08510410.wav,2
/USERSPACE/DATASETS/CodecFake/train/F02_SSB09350225.wav,2
/USERSPACE/DATASETS/CodecFake/train/F02_p333_398.wav,2
/USERSPACE/DATASETS/CodecFake/train/F02_SSB07780315.wav,2
/USERSPACE/DATASETS/CodecFake/train/F02_p253_322.wav,2
/USERSPACE/DATASETS/CodecFake/train/F02_SSB00330291.wav,2
/USERSPACE/DATASETS/CodecFake/train/F02_SSB10910344.wav,2
/USERSPACE/DATASETS/CodecFake/train/F02_SSB15670150.wav,2
/USERSPACE/DATASETS/CodecFake/train/F02_SSB01490306.wav,2
/USERSPACE/DATASETS/CodecFake/train/F02_SSB03790056.wav,2
/USERSPACE/DATASETS/CodecFake/train/F02_p330_274.wav,2
/USERSPACE/DATASETS/CodecFake/train/F02_SSB07510243.wav,2
/USERSPACE/DATASETS/CodecFake/train/F02_p364_020.wav,2
/USERSPACE/DATASETS/CodecFake/train/F02_p284_188.wav,2
/USERSPACE/DATASETS/CodecFake/train/F02_p345_374.wav,2
/USERSPACE/DATASETS/CodecFake/train/F02_SSB07580186.wav,2
/USERSPACE/DATASETS/CodecFake/train/F02_p239_441.wav,2
/USERSPACE/DATASETS/CodecFake/train/F02_p266_038.wav,2
/USERSPACE/DATASETS/CodecFake/train/F02_SSB17280102.wav,2
/USERSPACE/DATASETS/CodecFake/train/F02_SSB07170009.wav,2
/USERSPACE/DATASETS/CodecFake/train/F02_p272_109.wav,2
/USERSPACE/DATASETS/CodecFake/train/F02_SSB07110458.wav,2
/USERSPACE/DATASETS/CodecFake/train/F02_SSB08510166.wav,2
/USERSPACE/DATASETS/CodecFake/train/F02_SSB05650476.wav,2
/USERSPACE/DATASETS/CodecFake/train/F02_SSB03390069.wav,2
/USERSPACE/DATASETS/CodecFake/train/F02_p307_169.wav,2
/USERSPACE/DATASETS/CodecFake/train/F02_SSB05780156.wav,2
/USERSPACE/DATASETS/CodecFake/train/F02_SSB00050428.wav,2
/USERSPACE/DATASETS/CodecFake/train/F02_p225_294.wav,2
/USERSPACE/DATASETS/CodecFake/train/F02_SSB17810061.wav,2
/USERSPACE/DATASETS/CodecFake/train/F02_SSB06230316.wav,2
/USERSPACE/DATASETS/CodecFake/train/F02_SSB03410122.wav,2
/USERSPACE/DATASETS/CodecFake/train/F02_SSB05990110.wav,2
/USERSPACE/DATASETS/CodecFake/train/F02_SSB07510340.wav,2
/USERSPACE/DATASETS/CodecFake/train/F02_SSB04150456.wav,2
/USERSPACE/DATASETS/CodecFake/train/F02_p288_219.wav,2
/USERSPACE/DATASETS/CodecFake/train/F02_SSB16860357.wav,2
/USERSPACE/DATASETS/CodecFake/train/F02_SSB00160328.wav,2
/USERSPACE/DATASETS/CodecFake/train/F02_SSB18780019.wav,2
/USERSPACE/DATASETS/CodecFake/train/F02_SSB16070035.wav,2
/USERSPACE/DATASETS/CodecFake/train/F02_SSB04070448.wav,2
/USERSPACE/DATASETS/CodecFake/train/F02_p300_302.wav,2
/USERSPACE/DATASETS/CodecFake/train/F02_SSB07580075.wav,2
/USERSPACE/DATASETS/CodecFake/train/F02_SSB03800178.wav,2
/USERSPACE/DATASETS/CodecFake/train/F02_SSB10240283.wav,2
/USERSPACE/DATASETS/CodecFake/train/F02_p306_181.wav,2
/USERSPACE/DATASETS/CodecFake/train/F02_p251_085.wav,2
/USERSPACE/DATASETS/CodecFake/train/F02_SSB00570349.wav,2
/USERSPACE/DATASETS/CodecFake/train/F02_SSB18780173.wav,2
/USERSPACE/DATASETS/CodecFake/train/F02_p243_231.wav,2
/USERSPACE/DATASETS/CodecFake/train/F02_SSB07460040.wav,2
/USERSPACE/DATASETS/CodecFake/train/F02_SSB07480186.wav,2
/USERSPACE/DATASETS/CodecFake/train/F02_SSB02610397.wav,2
/USERSPACE/DATASETS/CodecFake/train/F02_SSB00380071.wav,2
/USERSPACE/DATASETS/CodecFake/train/F02_SSB07360006.wav,2
/USERSPACE/DATASETS/CodecFake/train/F02_p314_298.wav,2
/USERSPACE/DATASETS/CodecFake/train/F02_SSB10200192.wav,2
/USERSPACE/DATASETS/CodecFake/train/F02_SSB00090196.wav,2
/USERSPACE/DATASETS/CodecFake/train/F02_SSB00380116.wav,2
/USERSPACE/DATASETS/CodecFake/train/F02_p311_142.wav,2
/USERSPACE/DATASETS/CodecFake/train/F02_p270_385.wav,2
/USERSPACE/DATASETS/CodecFake/train/F02_SSB07020284.wav,2
/USERSPACE/DATASETS/CodecFake/train/F02_SSB03940472.wav,2
/USERSPACE/DATASETS/CodecFake/train/F02_SSB17110306.wav,2
/USERSPACE/DATASETS/CodecFake/train/F02_SSB06660050.wav,2
/USERSPACE/DATASETS/CodecFake/train/F02_SSB03850255.wav,2
/USERSPACE/DATASETS/CodecFake/train/F02_p282_154.wav,2
/USERSPACE/DATASETS/CodecFake/train/F02_SSB10010142.wav,2
/USERSPACE/DATASETS/CodecFake/train/F02_SSB18720328.wav,2
/USERSPACE/DATASETS/CodecFake/train/F02_p361_122.wav,2
/USERSPACE/DATASETS/CodecFake/train/F02_SSB02670449.wav,2
/USERSPACE/DATASETS/CodecFake/train/F02_p264_343.wav,2
/USERSPACE/DATASETS/CodecFake/train/F02_p260_181.wav,2
/USERSPACE/DATASETS/CodecFake/train/F02_p240_288.wav,2
/USERSPACE/DATASETS/CodecFake/train/F02_SSB10720265.wav,2
/USERSPACE/DATASETS/CodecFake/train/F02_p253_227.wav,2
/USERSPACE/DATASETS/CodecFake/train/F02_SSB09130060.wav,2
/USERSPACE/DATASETS/CodecFake/train/F02_p279_206.wav,2
/USERSPACE/DATASETS/CodecFake/train/F02_p329_242.wav,2
/USERSPACE/DATASETS/CodecFake/train/F02_p254_393.wav,2
/USERSPACE/DATASETS/CodecFake/train/F02_SSB03420122.wav,2
/USERSPACE/DATASETS/CodecFake/train/F02_p339_071.wav,2
/USERSPACE/DATASETS/CodecFake/train/F02_SSB06930467.wav,2
/USERSPACE/DATASETS/CodecFake/train/F02_SSB05990177.wav,2
/USERSPACE/DATASETS/CodecFake/train/F02_SSB18370175.wav,2
/USERSPACE/DATASETS/CodecFake/train/F02_SSB07000050.wav,2
/USERSPACE/DATASETS/CodecFake/train/F02_p302_228.wav,2
/USERSPACE/DATASETS/CodecFake/train/F02_SSB09660392.wav,2
/USERSPACE/DATASETS/CodecFake/train/F02_SSB04350369.wav,2
/USERSPACE/DATASETS/CodecFake/train/F02_p274_324.wav,2
/USERSPACE/DATASETS/CodecFake/train/F02_SSB11150336.wav,2
/USERSPACE/DATASETS/CodecFake/train/F02_p280_369.wav,2
/USERSPACE/DATASETS/CodecFake/train/F02_SSB15630339.wav,2
/USERSPACE/DATASETS/CodecFake/train/F02_p347_157.wav,2
/USERSPACE/DATASETS/CodecFake/train/F02_SSB03820160.wav,2
/USERSPACE/DATASETS/CodecFake/train/F02_p246_262.wav,2
/USERSPACE/DATASETS/CodecFake/train/F02_p299_368.wav,2
/USERSPACE/DATASETS/CodecFake/train/F02_SSB13650059.wav,2
/USERSPACE/DATASETS/CodecFake/train/F02_SSB19180220.wav,2
/USERSPACE/DATASETS/CodecFake/train/F02_p248_252.wav,2
/USERSPACE/DATASETS/CodecFake/train/F02_p280_281.wav,2
/USERSPACE/DATASETS/CodecFake/train/F02_SSB08090290.wav,2
/USERSPACE/DATASETS/CodecFake/train/F02_SSB10910136.wav,2
/USERSPACE/DATASETS/CodecFake/train/F02_SSB05700097.wav,2
/USERSPACE/DATASETS/CodecFake/train/F02_SSB11260240.wav,2
/USERSPACE/DATASETS/CodecFake/train/F02_SSB17110440.wav,2
/USERSPACE/DATASETS/CodecFake/train/F02_SSB10910207.wav,2
/USERSPACE/DATASETS/CodecFake/train/F02_SSB00120404.wav,2
/USERSPACE/DATASETS/CodecFake/train/F02_SSB04260119.wav,2
/USERSPACE/DATASETS/CodecFake/train/F02_SSB05900426.wav,2
/USERSPACE/DATASETS/CodecFake/train/F02_SSB07620425.wav,2
/USERSPACE/DATASETS/CodecFake/train/F02_SSB09930251.wav,2
/USERSPACE/DATASETS/CodecFake/train/F02_SSB02410308.wav,2
/USERSPACE/DATASETS/CodecFake/train/F02_p312_230.wav,2
/USERSPACE/DATASETS/CodecFake/train/F02_SSB12210183.wav,2
/USERSPACE/DATASETS/CodecFake/train/F02_SSB04070355.wav,2
/USERSPACE/DATASETS/CodecFake/train/F02_SSB05440169.wav,2
/USERSPACE/DATASETS/CodecFake/train/F02_p227_046.wav,2
/USERSPACE/DATASETS/CodecFake/train/F02_SSB11360242.wav,2
/USERSPACE/DATASETS/CodecFake/train/F02_p248_173.wav,2
/USERSPACE/DATASETS/CodecFake/train/F02_p254_182.wav,2
/USERSPACE/DATASETS/CodecFake/train/F02_p263_133.wav,2
/USERSPACE/DATASETS/CodecFake/train/F02_p361_033.wav,2
/USERSPACE/DATASETS/CodecFake/train/F02_p307_217.wav,2
/USERSPACE/DATASETS/CodecFake/train/F02_SSB15670076.wav,2
/USERSPACE/DATASETS/CodecFake/train/F02_SSB06230169.wav,2
/USERSPACE/DATASETS/CodecFake/train/F02_SSB05020412.wav,2
/USERSPACE/DATASETS/CodecFake/train/F02_p251_060.wav,2
/USERSPACE/DATASETS/CodecFake/train/F02_SSB17110211.wav,2
/USERSPACE/DATASETS/CodecFake/train/F02_p376_193.wav,2
/USERSPACE/DATASETS/CodecFake/train/F02_SSB14310008.wav,2
/USERSPACE/DATASETS/CodecFake/train/F02_SSB06860011.wav,2
/USERSPACE/DATASETS/CodecFake/train/F02_p278_170.wav,2
/USERSPACE/DATASETS/CodecFake/train/F02_SSB00110369.wav,2
/USERSPACE/DATASETS/CodecFake/train/F02_p260_260.wav,2
/USERSPACE/DATASETS/CodecFake/train/F02_SSB07460268.wav,2
/USERSPACE/DATASETS/CodecFake/train/F02_p238_369.wav,2
/USERSPACE/DATASETS/CodecFake/train/F02_SSB09150277.wav,2
/USERSPACE/DATASETS/CodecFake/train/F02_p240_228.wav,2
/USERSPACE/DATASETS/CodecFake/train/F02_SSB15850119.wav,2
/USERSPACE/DATASETS/CodecFake/train/F02_SSB05780169.wav,2
/USERSPACE/DATASETS/CodecFake/train/F02_SSB06710441.wav,2
/USERSPACE/DATASETS/CodecFake/train/F02_SSB04820381.wav,2
/USERSPACE/DATASETS/CodecFake/train/F02_SSB03660285.wav,2
/USERSPACE/DATASETS/CodecFake/train/F02_SSB13830274.wav,2
/USERSPACE/DATASETS/CodecFake/train/F02_SSB17810429.wav,2
/USERSPACE/DATASETS/CodecFake/train/F02_SSB05340472.wav,2
/USERSPACE/DATASETS/CodecFake/train/F02_p310_090.wav,2
/USERSPACE/DATASETS/CodecFake/train/F02_p281_150.wav,2
/USERSPACE/DATASETS/CodecFake/train/F02_SSB07940127.wav,2
/USERSPACE/DATASETS/CodecFake/train/F02_SSB15930236.wav,2
/USERSPACE/DATASETS/CodecFake/train/F02_SSB03390318.wav,2
/USERSPACE/DATASETS/CodecFake/train/F02_SSB01220412.wav,2
/USERSPACE/DATASETS/CodecFake/train/F02_SSB03540112.wav,2
/USERSPACE/DATASETS/CodecFake/train/F02_SSB09970157.wav,2
/USERSPACE/DATASETS/CodecFake/train/F02_SSB16500164.wav,2
/USERSPACE/DATASETS/CodecFake/train/F02_SSB18630206.wav,2
/USERSPACE/DATASETS/CodecFake/train/F02_SSB06230345.wav,2
/USERSPACE/DATASETS/CodecFake/train/F02_p231_041.wav,2
/USERSPACE/DATASETS/CodecFake/train/F02_SSB03410127.wav,2
/USERSPACE/DATASETS/CodecFake/train/F02_p284_033.wav,2
/USERSPACE/DATASETS/CodecFake/train/F02_SSB15930407.wav,2
/USERSPACE/DATASETS/CodecFake/train/F02_p313_333.wav,2
/USERSPACE/DATASETS/CodecFake/train/F02_p261_407.wav,2
/USERSPACE/DATASETS/CodecFake/train/F02_p228_048.wav,2
/USERSPACE/DATASETS/CodecFake/train/F02_SSB01930208.wav,2
/USERSPACE/DATASETS/CodecFake/train/F02_p270_250.wav,2
/USERSPACE/DATASETS/CodecFake/train/F02_SSB00800333.wav,2
/USERSPACE/DATASETS/CodecFake/train/F02_p264_231.wav,2
/USERSPACE/DATASETS/CodecFake/train/F02_p260_114.wav,2
/USERSPACE/DATASETS/CodecFake/train/F02_SSB09130199.wav,2
/USERSPACE/DATASETS/CodecFake/train/F02_p261_115.wav,2
/USERSPACE/DATASETS/CodecFake/train/F02_p345_397.wav,2
/USERSPACE/DATASETS/CodecFake/train/F02_SSB05780311.wav,2
/USERSPACE/DATASETS/CodecFake/train/F02_p311_394.wav,2
/USERSPACE/DATASETS/CodecFake/train/F02_SSB13200417.wav,2
/USERSPACE/DATASETS/CodecFake/train/F02_p304_184.wav,2
/USERSPACE/DATASETS/CodecFake/train/F02_SSB06680112.wav,2
/USERSPACE/DATASETS/CodecFake/train/F02_SSB06030254.wav,2
/USERSPACE/DATASETS/CodecFake/train/F02_p236_089.wav,2
/USERSPACE/DATASETS/CodecFake/train/F02_SSB12530342.wav,2
/USERSPACE/DATASETS/CodecFake/train/F02_SSB01390173.wav,2
/USERSPACE/DATASETS/CodecFake/train/F02_SSB08170177.wav,2
/USERSPACE/DATASETS/CodecFake/train/F02_p316_410.wav,2
/USERSPACE/DATASETS/CodecFake/train/F02_SSB15550059.wav,2
/USERSPACE/DATASETS/CodecFake/train/F02_SSB04260289.wav,2
/USERSPACE/DATASETS/CodecFake/train/F02_SSB18910252.wav,2
/USERSPACE/DATASETS/CodecFake/train/F02_SSB05940262.wav,2
/USERSPACE/DATASETS/CodecFake/train/F02_p299_371.wav,2
/USERSPACE/DATASETS/CodecFake/train/F02_p318_121.wav,2
/USERSPACE/DATASETS/CodecFake/train/F02_p253_276.wav,2
/USERSPACE/DATASETS/CodecFake/train/F02_SSB09660351.wav,2
/USERSPACE/DATASETS/CodecFake/train/F02_SSB15930373.wav,2
/USERSPACE/DATASETS/CodecFake/train/F02_SSB08870144.wav,2
/USERSPACE/DATASETS/CodecFake/train/F02_SSB03090003.wav,2
/USERSPACE/DATASETS/CodecFake/train/F02_p326_130.wav,2
/USERSPACE/DATASETS/CodecFake/train/F02_p281_359.wav,2
/USERSPACE/DATASETS/CodecFake/train/F02_SSB07000114.wav,2
/USERSPACE/DATASETS/CodecFake/train/F02_SSB09190004.wav,2
/USERSPACE/DATASETS/CodecFake/train/F02_SSB09930182.wav,2
/USERSPACE/DATASETS/CodecFake/train/F02_SSB07490456.wav,2
/USERSPACE/DATASETS/CodecFake/train/F02_SSB00730032.wav,2
/USERSPACE/DATASETS/CodecFake/train/F02_SSB03930504.wav,2
/USERSPACE/DATASETS/CodecFake/train/F02_SSB11970379.wav,2
/USERSPACE/DATASETS/CodecFake/train/F02_SSB13660362.wav,2
/USERSPACE/DATASETS/CodecFake/train/F02_SSB03950318.wav,2
/USERSPACE/DATASETS/CodecFake/train/F02_p294_402.wav,2
/USERSPACE/DATASETS/CodecFake/train/F02_SSB18100261.wav,2
/USERSPACE/DATASETS/CodecFake/train/F02_SSB03660478.wav,2
/USERSPACE/DATASETS/CodecFake/train/F02_p238_076.wav,2
/USERSPACE/DATASETS/CodecFake/train/F02_SSB16070025.wav,2
/USERSPACE/DATASETS/CodecFake/train/F02_p351_056.wav,2
/USERSPACE/DATASETS/CodecFake/train/F02_p308_333.wav,2
/USERSPACE/DATASETS/CodecFake/train/F02_SSB09190007.wav,2
/USERSPACE/DATASETS/CodecFake/train/F02_p279_332.wav,2
/USERSPACE/DATASETS/CodecFake/train/F02_SSB13280436.wav,2
/USERSPACE/DATASETS/CodecFake/train/F02_p300_082.wav,2
/USERSPACE/DATASETS/CodecFake/train/F02_p323_340.wav,2
/USERSPACE/DATASETS/CodecFake/train/F02_p360_222.wav,2
/USERSPACE/DATASETS/CodecFake/train/F02_SSB05900169.wav,2
/USERSPACE/DATASETS/CodecFake/train/F02_p298_379.wav,2
/USERSPACE/DATASETS/CodecFake/train/F02_SSB03090439.wav,2
/USERSPACE/DATASETS/CodecFake/train/F02_p293_205.wav,2
/USERSPACE/DATASETS/CodecFake/train/F02_SSB12030355.wav,2
/USERSPACE/DATASETS/CodecFake/train/F02_p233_168.wav,2
/USERSPACE/DATASETS/CodecFake/train/F02_SSB02460208.wav,2
/USERSPACE/DATASETS/CodecFake/train/F02_SSB01930396.wav,2
/USERSPACE/DATASETS/CodecFake/train/F02_SSB07200393.wav,2
/USERSPACE/DATASETS/CodecFake/train/F02_SSB13660169.wav,2
/USERSPACE/DATASETS/CodecFake/train/F02_SSB03940102.wav,2
/USERSPACE/DATASETS/CodecFake/train/F02_SSB07200072.wav,2
/USERSPACE/DATASETS/CodecFake/train/F02_SSB05990071.wav,2
/USERSPACE/DATASETS/CodecFake/train/F02_SSB07800449.wav,2
/USERSPACE/DATASETS/CodecFake/train/F02_p300_259.wav,2
/USERSPACE/DATASETS/CodecFake/train/F02_SSB06930296.wav,2
/USERSPACE/DATASETS/CodecFake/train/F02_SSB18460064.wav,2
/USERSPACE/DATASETS/CodecFake/train/F02_SSB11380356.wav,2
/USERSPACE/DATASETS/CodecFake/train/F02_SSB13820404.wav,2
/USERSPACE/DATASETS/CodecFake/train/F02_SSB03750154.wav,2
/USERSPACE/DATASETS/CodecFake/train/F02_SSB02870283.wav,2
/USERSPACE/DATASETS/CodecFake/train/F02_SSB11250222.wav,2
/USERSPACE/DATASETS/CodecFake/train/F02_SSB13410081.wav,2
/USERSPACE/DATASETS/CodecFake/train/F02_SSB07110288.wav,2
/USERSPACE/DATASETS/CodecFake/train/F02_SSB01220320.wav,2
/USERSPACE/DATASETS/CodecFake/train/F02_p287_090.wav,2
/USERSPACE/DATASETS/CodecFake/train/F02_SSB01390019.wav,2
/USERSPACE/DATASETS/CodecFake/train/F02_p273_150.wav,2
/USERSPACE/DATASETS/CodecFake/train/F02_SSB18310267.wav,2
/USERSPACE/DATASETS/CodecFake/train/F02_SSB05020366.wav,2
/USERSPACE/DATASETS/CodecFake/train/F02_SSB18280392.wav,2
/USERSPACE/DATASETS/CodecFake/train/F02_SSB11080114.wav,2
/USERSPACE/DATASETS/CodecFake/train/F02_SSB14310278.wav,2
/USERSPACE/DATASETS/CodecFake/train/F02_SSB11150109.wav,2
/USERSPACE/DATASETS/CodecFake/train/F02_SSB07100447.wav,2
/USERSPACE/DATASETS/CodecFake/train/F02_SSB04070010.wav,2
/USERSPACE/DATASETS/CodecFake/train/F02_p253_007.wav,2
/USERSPACE/DATASETS/CodecFake/train/F02_p234_246.wav,2
/USERSPACE/DATASETS/CodecFake/train/F02_SSB07940070.wav,2
/USERSPACE/DATASETS/CodecFake/train/F02_p233_100.wav,2
/USERSPACE/DATASETS/CodecFake/train/F02_SSB10560388.wav,2
/USERSPACE/DATASETS/CodecFake/train/F02_SSB18370214.wav,2
/USERSPACE/DATASETS/CodecFake/train/F02_SSB03380134.wav,2
/USERSPACE/DATASETS/CodecFake/train/F02_SSB05390062.wav,2
/USERSPACE/DATASETS/CodecFake/train/F02_SSB06310139.wav,2
/USERSPACE/DATASETS/CodecFake/train/F02_p313_204.wav,2
/USERSPACE/DATASETS/CodecFake/train/F02_p315_056.wav,2
/USERSPACE/DATASETS/CodecFake/train/F02_p311_279.wav,2
/USERSPACE/DATASETS/CodecFake/train/F02_SSB09350335.wav,2
/USERSPACE/DATASETS/CodecFake/train/F02_SSB08170214.wav,2
/USERSPACE/DATASETS/CodecFake/train/F02_p236_149.wav,2
/USERSPACE/DATASETS/CodecFake/train/F02_SSB18090305.wav,2
/USERSPACE/DATASETS/CodecFake/train/F02_SSB04820364.wav,2
/USERSPACE/DATASETS/CodecFake/train/F02_SSB11760382.wav,2
/USERSPACE/DATASETS/CodecFake/train/F02_SSB06660280.wav,2
/USERSPACE/DATASETS/CodecFake/train/F02_SSB03150331.wav,2
/USERSPACE/DATASETS/CodecFake/train/F02_SSB15670441.wav,2
/USERSPACE/DATASETS/CodecFake/train/F02_SSB10560389.wav,2
/USERSPACE/DATASETS/CodecFake/train/F02_p347_241.wav,2
/USERSPACE/DATASETS/CodecFake/train/F02_SSB16990352.wav,2
/USERSPACE/DATASETS/CodecFake/train/F02_SSB03070388.wav,2
/USERSPACE/DATASETS/CodecFake/train/F02_SSB13920208.wav,2
/USERSPACE/DATASETS/CodecFake/train/F02_SSB10560418.wav,2
/USERSPACE/DATASETS/CodecFake/train/F02_SSB07230344.wav,2
/USERSPACE/DATASETS/CodecFake/train/F02_SSB07160272.wav,2
/USERSPACE/DATASETS/CodecFake/train/F02_SSB07360079.wav,2
/USERSPACE/DATASETS/CodecFake/train/F02_p270_299.wav,2
/USERSPACE/DATASETS/CodecFake/train/F02_SSB05700375.wav,2
/USERSPACE/DATASETS/CodecFake/train/F02_p228_336.wav,2
/USERSPACE/DATASETS/CodecFake/train/F02_SSB11360213.wav,2
/USERSPACE/DATASETS/CodecFake/train/F02_SSB04260098.wav,2
/USERSPACE/DATASETS/CodecFake/train/F02_SSB16070080.wav,2
/USERSPACE/DATASETS/CodecFake/train/F02_SSB18910395.wav,2
/USERSPACE/DATASETS/CodecFake/train/F02_p340_367.wav,2
/USERSPACE/DATASETS/CodecFake/train/F02_p264_322.wav,2
/USERSPACE/DATASETS/CodecFake/train/F02_SSB05440219.wav,2
/USERSPACE/DATASETS/CodecFake/train/F02_SSB04070074.wav,2
/USERSPACE/DATASETS/CodecFake/train/F02_p299_002.wav,2
/USERSPACE/DATASETS/CodecFake/train/F02_p228_208.wav,2
/USERSPACE/DATASETS/CodecFake/train/F02_SSB19560380.wav,2
/USERSPACE/DATASETS/CodecFake/train/F02_SSB00160085.wav,2
/USERSPACE/DATASETS/CodecFake/train/F02_SSB07480251.wav,2
/USERSPACE/DATASETS/CodecFake/train/F02_SSB13200140.wav,2
/USERSPACE/DATASETS/CodecFake/train/F02_SSB02880093.wav,2
/USERSPACE/DATASETS/CodecFake/train/F02_p330_362.wav,2
/USERSPACE/DATASETS/CodecFake/train/F02_p254_169.wav,2
/USERSPACE/DATASETS/CodecFake/train/F02_p260_188.wav,2
/USERSPACE/DATASETS/CodecFake/train/F02_SSB04150381.wav,2
/USERSPACE/DATASETS/CodecFake/train/F02_SSB00800347.wav,2
/USERSPACE/DATASETS/CodecFake/train/F02_SSB07460176.wav,2
/USERSPACE/DATASETS/CodecFake/train/F02_p225_241.wav,2
/USERSPACE/DATASETS/CodecFake/train/F02_SSB02990368.wav,2
/USERSPACE/DATASETS/CodecFake/train/F02_p302_068.wav,2
/USERSPACE/DATASETS/CodecFake/train/F02_p292_265.wav,2
/USERSPACE/DATASETS/CodecFake/train/F02_SSB06070194.wav,2
/USERSPACE/DATASETS/CodecFake/train/F02_p268_327.wav,2
/USERSPACE/DATASETS/CodecFake/train/F02_SSB16240259.wav,2
/USERSPACE/DATASETS/CodecFake/train/F02_SSB03160386.wav,2
/USERSPACE/DATASETS/CodecFake/train/F02_SSB13770129.wav,2
/USERSPACE/DATASETS/CodecFake/train/F02_SSB03410503.wav,2
/USERSPACE/DATASETS/CodecFake/train/F02_SSB03070444.wav,2
/USERSPACE/DATASETS/CodecFake/train/F02_SSB13400115.wav,2
/USERSPACE/DATASETS/CodecFake/train/F02_p277_196.wav,2
/USERSPACE/DATASETS/CodecFake/train/F02_SSB13280414.wav,2
/USERSPACE/DATASETS/CodecFake/train/F02_SSB15630241.wav,2
/USERSPACE/DATASETS/CodecFake/train/F02_SSB02990505.wav,2
/USERSPACE/DATASETS/CodecFake/train/F02_p283_416.wav,2
/USERSPACE/DATASETS/CodecFake/train/F02_p230_087.wav,2
/USERSPACE/DATASETS/CodecFake/train/F02_SSB05350139.wav,2
/USERSPACE/DATASETS/CodecFake/train/F02_SSB04070201.wav,2
/USERSPACE/DATASETS/CodecFake/train/F02_p297_062.wav,2
/USERSPACE/DATASETS/CodecFake/train/F02_p285_211.wav,2
/USERSPACE/DATASETS/CodecFake/train/F02_SSB10200039.wav,2
/USERSPACE/DATASETS/CodecFake/train/F02_SSB15670110.wav,2
/USERSPACE/DATASETS/CodecFake/train/F02_p287_253.wav,2
/USERSPACE/DATASETS/CodecFake/train/F02_SSB05350298.wav,2
/USERSPACE/DATASETS/CodecFake/train/F02_SSB05350353.wav,2
/USERSPACE/DATASETS/CodecFake/train/F02_SSB11380410.wav,2
/USERSPACE/DATASETS/CodecFake/train/F02_SSB00800165.wav,2
/USERSPACE/DATASETS/CodecFake/train/F02_SSB12210314.wav,2
/USERSPACE/DATASETS/CodecFake/train/F02_SSB11380037.wav,2
/USERSPACE/DATASETS/CodecFake/train/F02_SSB08170349.wav,2
/USERSPACE/DATASETS/CodecFake/train/F02_SSB06010020.wav,2
/USERSPACE/DATASETS/CodecFake/train/F02_SSB19560298.wav,2
/USERSPACE/DATASETS/CodecFake/train/F02_SSB03660331.wav,2
/USERSPACE/DATASETS/CodecFake/train/F02_SSB01390323.wav,2
/USERSPACE/DATASETS/CodecFake/train/F02_SSB00110169.wav,2
/USERSPACE/DATASETS/CodecFake/train/F02_SSB01120175.wav,2
/USERSPACE/DATASETS/CodecFake/train/F02_SSB18910112.wav,2
/USERSPACE/DATASETS/CodecFake/train/F02_SSB07600096.wav,2
/USERSPACE/DATASETS/CodecFake/train/F02_p236_295.wav,2
/USERSPACE/DATASETS/CodecFake/train/F02_SSB12040332.wav,2
/USERSPACE/DATASETS/CodecFake/train/F02_p266_387.wav,2
/USERSPACE/DATASETS/CodecFake/train/F02_p287_208.wav,2
/USERSPACE/DATASETS/CodecFake/train/F02_SSB00180506.wav,2
/USERSPACE/DATASETS/CodecFake/train/F02_p247_223.wav,2
/USERSPACE/DATASETS/CodecFake/train/F02_p311_403.wav,2
/USERSPACE/DATASETS/CodecFake/train/F02_p335_312.wav,2
/USERSPACE/DATASETS/CodecFake/train/F02_p251_319.wav,2
/USERSPACE/DATASETS/CodecFake/train/F02_SSB13820370.wav,2
/USERSPACE/DATASETS/CodecFake/train/F02_p316_161.wav,2
/USERSPACE/DATASETS/CodecFake/train/F02_SSB16700314.wav,2
/USERSPACE/DATASETS/CodecFake/train/F02_SSB15930125.wav,2
/USERSPACE/DATASETS/CodecFake/train/F02_SSB03070129.wav,2
/USERSPACE/DATASETS/CodecFake/train/F02_SSB00050228.wav,2
/USERSPACE/DATASETS/CodecFake/train/F02_SSB07370105.wav,2
/USERSPACE/DATASETS/CodecFake/train/F02_p298_027.wav,2
/USERSPACE/DATASETS/CodecFake/train/F02_p300_389.wav,2
/USERSPACE/DATASETS/CodecFake/train/F02_SSB19390070.wav,2
/USERSPACE/DATASETS/CodecFake/train/F02_p315_129.wav,2
/USERSPACE/DATASETS/CodecFake/train/F02_p310_213.wav,2
/USERSPACE/DATASETS/CodecFake/train/F02_p313_172.wav,2
/USERSPACE/DATASETS/CodecFake/train/F02_SSB13280186.wav,2
/USERSPACE/DATASETS/CodecFake/train/F02_p275_428.wav,2
/USERSPACE/DATASETS/CodecFake/train/F02_SSB07580465.wav,2
/USERSPACE/DATASETS/CodecFake/train/F02_p283_055.wav,2
/USERSPACE/DATASETS/CodecFake/train/F02_SSB03930396.wav,2
/USERSPACE/DATASETS/CodecFake/train/F02_p298_190.wav,2
/USERSPACE/DATASETS/CodecFake/train/F02_p280_138.wav,2
/USERSPACE/DATASETS/CodecFake/train/F02_SSB11000339.wav,2
/USERSPACE/DATASETS/CodecFake/train/F02_p228_009.wav,2
/USERSPACE/DATASETS/CodecFake/train/F02_SSB11000317.wav,2
/USERSPACE/DATASETS/CodecFake/train/F02_SSB07360317.wav,2
/USERSPACE/DATASETS/CodecFake/train/F02_SSB06680196.wav,2
/USERSPACE/DATASETS/CodecFake/train/F02_SSB10560507.wav,2
/USERSPACE/DATASETS/CodecFake/train/F02_p329_170.wav,2
/USERSPACE/DATASETS/CodecFake/train/F02_SSB03660027.wav,2
/USERSPACE/DATASETS/CodecFake/train/F02_p288_006.wav,2
/USERSPACE/DATASETS/CodecFake/train/F02_p293_335.wav,2
/USERSPACE/DATASETS/CodecFake/train/F02_p374_199.wav,2
/USERSPACE/DATASETS/CodecFake/train/F02_p287_191.wav,2
/USERSPACE/DATASETS/CodecFake/train/F02_SSB03850111.wav,2
/USERSPACE/DATASETS/CodecFake/train/F02_p330_052.wav,2
/USERSPACE/DATASETS/CodecFake/train/F02_p317_290.wav,2
/USERSPACE/DATASETS/CodecFake/train/F02_SSB06290395.wav,2
/USERSPACE/DATASETS/CodecFake/train/F02_SSB10010103.wav,2
/USERSPACE/DATASETS/CodecFake/train/F02_SSB12740407.wav,2
/USERSPACE/DATASETS/CodecFake/train/F02_SSB07800340.wav,2
/USERSPACE/DATASETS/CodecFake/train/F02_SSB10560147.wav,2
/USERSPACE/DATASETS/CodecFake/train/F02_SSB07580439.wav,2
/USERSPACE/DATASETS/CodecFake/train/F02_SSB00330215.wav,2
/USERSPACE/DATASETS/CodecFake/train/F02_p238_238.wav,2
/USERSPACE/DATASETS/CodecFake/train/F02_p326_258.wav,2
/USERSPACE/DATASETS/CodecFake/train/F02_SSB05440463.wav,2
/USERSPACE/DATASETS/CodecFake/train/F02_SSB10720416.wav,2
/USERSPACE/DATASETS/CodecFake/train/F02_p308_349.wav,2
/USERSPACE/DATASETS/CodecFake/train/F02_SSB03930198.wav,2
/USERSPACE/DATASETS/CodecFake/train/F02_p363_318.wav,2
/USERSPACE/DATASETS/CodecFake/train/F02_SSB06710096.wav,2
/USERSPACE/DATASETS/CodecFake/train/F02_SSB10640487.wav,2
/USERSPACE/DATASETS/CodecFake/train/F02_SSB06230236.wav,2
/USERSPACE/DATASETS/CodecFake/train/F02_SSB07370247.wav,2
/USERSPACE/DATASETS/CodecFake/train/F02_p374_026.wav,2
/USERSPACE/DATASETS/CodecFake/train/F02_SSB03160222.wav,2
/USERSPACE/DATASETS/CodecFake/train/F02_p245_041.wav,2
/USERSPACE/DATASETS/CodecFake/train/F02_p281_187.wav,2
/USERSPACE/DATASETS/CodecFake/train/F02_SSB12030094.wav,2
/USERSPACE/DATASETS/CodecFake/train/F02_SSB15930090.wav,2
/USERSPACE/DATASETS/CodecFake/train/F02_p260_098.wav,2
/USERSPACE/DATASETS/CodecFake/train/F02_p300_285.wav,2
/USERSPACE/DATASETS/CodecFake/train/F02_SSB17810350.wav,2
/USERSPACE/DATASETS/CodecFake/train/F02_SSB00180459.wav,2
/USERSPACE/DATASETS/CodecFake/train/F02_SSB16250266.wav,2
/USERSPACE/DATASETS/CodecFake/train/F02_SSB05900482.wav,2
/USERSPACE/DATASETS/CodecFake/train/F02_SSB12160022.wav,2
/USERSPACE/DATASETS/CodecFake/train/F02_p310_357.wav,2
/USERSPACE/DATASETS/CodecFake/train/F02_SSB02410180.wav,2
/USERSPACE/DATASETS/CodecFake/train/F02_SSB16070152.wav,2
/USERSPACE/DATASETS/CodecFake/train/F02_SSB13220209.wav,2
/USERSPACE/DATASETS/CodecFake/train/F02_SSB03380464.wav,2
/USERSPACE/DATASETS/CodecFake/train/F02_p248_035.wav,2
/USERSPACE/DATASETS/CodecFake/train/F02_SSB03410015.wav,2
/USERSPACE/DATASETS/CodecFake/train/F02_SSB11970314.wav,2
/USERSPACE/DATASETS/CodecFake/train/F02_SSB03070190.wav,2
/USERSPACE/DATASETS/CodecFake/train/F02_p283_429.wav,2
/USERSPACE/DATASETS/CodecFake/train/F02_SSB09660428.wav,2
/USERSPACE/DATASETS/CodecFake/train/F02_SSB05940385.wav,2
/USERSPACE/DATASETS/CodecFake/train/F02_SSB01970159.wav,2
/USERSPACE/DATASETS/CodecFake/train/F02_SSB02990428.wav,2
/USERSPACE/DATASETS/CodecFake/train/F02_p238_050.wav,2
/USERSPACE/DATASETS/CodecFake/train/F02_SSB07460411.wav,2
/USERSPACE/DATASETS/CodecFake/train/F02_p336_207.wav,2
/USERSPACE/DATASETS/CodecFake/train/F02_SSB01120495.wav,2
/USERSPACE/DATASETS/CodecFake/train/F02_SSB03090149.wav,2
/USERSPACE/DATASETS/CodecFake/train/F02_SSB15750097.wav,2
/USERSPACE/DATASETS/CodecFake/train/F02_SSB04150038.wav,2
/USERSPACE/DATASETS/CodecFake/train/F02_SSB03950057.wav,2
/USERSPACE/DATASETS/CodecFake/train/F02_p362_277.wav,2
/USERSPACE/DATASETS/CodecFake/train/F02_SSB09870370.wav,2
/USERSPACE/DATASETS/CodecFake/train/F02_SSB12390212.wav,2
/USERSPACE/DATASETS/CodecFake/train/F02_SSB00380243.wav,2
/USERSPACE/DATASETS/CodecFake/train/F02_p295_402.wav,2
/USERSPACE/DATASETS/CodecFake/train/F02_SSB04820049.wav,2
/USERSPACE/DATASETS/CodecFake/train/F02_p362_188.wav,2
/USERSPACE/DATASETS/CodecFake/train/F02_p267_356.wav,2
/USERSPACE/DATASETS/CodecFake/train/F02_SSB10550279.wav,2
/USERSPACE/DATASETS/CodecFake/train/F02_SSB11610110.wav,2
/USERSPACE/DATASETS/CodecFake/train/F02_SSB16700164.wav,2
/USERSPACE/DATASETS/CodecFake/train/F02_p281_202.wav,2
/USERSPACE/DATASETS/CodecFake/train/F02_SSB03940262.wav,2
/USERSPACE/DATASETS/CodecFake/train/F02_p299_009.wav,2
/USERSPACE/DATASETS/CodecFake/train/F02_p232_184.wav,2
/USERSPACE/DATASETS/CodecFake/train/F02_p300_205.wav,2
/USERSPACE/DATASETS/CodecFake/train/F02_SSB13930173.wav,2
/USERSPACE/DATASETS/CodecFake/train/F02_SSB00050231.wav,2
/USERSPACE/DATASETS/CodecFake/train/F02_SSB13650340.wav,2
/USERSPACE/DATASETS/CodecFake/train/F02_SSB11150284.wav,2
/USERSPACE/DATASETS/CodecFake/train/F02_SSB07620166.wav,2
/USERSPACE/DATASETS/CodecFake/train/F02_SSB14480413.wav,2
/USERSPACE/DATASETS/CodecFake/train/F02_SSB02670091.wav,2
/USERSPACE/DATASETS/CodecFake/train/F02_SSB15550176.wav,2
/USERSPACE/DATASETS/CodecFake/train/F02_p343_139.wav,2
/USERSPACE/DATASETS/CodecFake/train/F02_SSB00800061.wav,2
/USERSPACE/DATASETS/CodecFake/train/F02_SSB09870032.wav,2
/USERSPACE/DATASETS/CodecFake/train/F02_p262_331.wav,2
/USERSPACE/DATASETS/CodecFake/train/F02_p264_369.wav,2
/USERSPACE/DATASETS/CodecFake/train/F02_SSB06320082.wav,2
/USERSPACE/DATASETS/CodecFake/train/F02_SSB06310291.wav,2
/USERSPACE/DATASETS/CodecFake/train/F02_SSB05880434.wav,2
/USERSPACE/DATASETS/CodecFake/train/F02_SSB05390048.wav,2
/USERSPACE/DATASETS/CodecFake/train/F02_SSB02880080.wav,2
/USERSPACE/DATASETS/CodecFake/train/F02_p270_327.wav,2
/USERSPACE/DATASETS/CodecFake/train/F02_p241_308.wav,2
/USERSPACE/DATASETS/CodecFake/train/F02_SSB06680047.wav,2
/USERSPACE/DATASETS/CodecFake/train/F02_SSB06060168.wav,2
/USERSPACE/DATASETS/CodecFake/train/F02_p225_025.wav,2
/USERSPACE/DATASETS/CodecFake/train/F02_SSB06060048.wav,2
/USERSPACE/DATASETS/CodecFake/train/F02_SSB19390068.wav,2
/USERSPACE/DATASETS/CodecFake/train/F02_p307_228.wav,2
/USERSPACE/DATASETS/CodecFake/train/F02_SSB15550437.wav,2
/USERSPACE/DATASETS/CodecFake/train/F02_SSB06140286.wav,2
/USERSPACE/DATASETS/CodecFake/train/F02_SSB10240263.wav,2
/USERSPACE/DATASETS/CodecFake/train/F02_SSB11100278.wav,2
/USERSPACE/DATASETS/CodecFake/train/F02_SSB12390392.wav,2
/USERSPACE/DATASETS/CodecFake/train/F02_p288_153.wav,2
/USERSPACE/DATASETS/CodecFake/train/F02_p300_056.wav,2
/USERSPACE/DATASETS/CodecFake/train/F02_SSB13930227.wav,2
/USERSPACE/DATASETS/CodecFake/train/F02_SSB13220204.wav,2
/USERSPACE/DATASETS/CodecFake/train/F02_p272_362.wav,2
/USERSPACE/DATASETS/CodecFake/train/F02_SSB07940430.wav,2
/USERSPACE/DATASETS/CodecFake/train/F02_SSB14570364.wav,2
/USERSPACE/DATASETS/CodecFake/train/F02_SSB10010058.wav,2
/USERSPACE/DATASETS/CodecFake/train/F02_p272_284.wav,2
/USERSPACE/DATASETS/CodecFake/train/F02_SSB18280359.wav,2
/USERSPACE/DATASETS/CodecFake/train/F02_SSB02730041.wav,2
/USERSPACE/DATASETS/CodecFake/train/F02_SSB15850304.wav,2
/USERSPACE/DATASETS/CodecFake/train/F02_p345_023.wav,2
/USERSPACE/DATASETS/CodecFake/train/F02_p311_178.wav,2
/USERSPACE/DATASETS/CodecFake/train/F02_SSB00570033.wav,2
/USERSPACE/DATASETS/CodecFake/train/F02_SSB00330459.wav,2
/USERSPACE/DATASETS/CodecFake/train/F02_SSB02000449.wav,2
/USERSPACE/DATASETS/CodecFake/train/F02_SSB02000246.wav,2
/USERSPACE/DATASETS/CodecFake/train/F02_p314_387.wav,2
/USERSPACE/DATASETS/CodecFake/train/F02_SSB03160400.wav,2
/USERSPACE/DATASETS/CodecFake/train/F02_SSB11310195.wav,2
/USERSPACE/DATASETS/CodecFake/train/F02_p334_028.wav,2
/USERSPACE/DATASETS/CodecFake/train/F02_SSB10910057.wav,2
/USERSPACE/DATASETS/CodecFake/train/F02_SSB16990019.wav,2
/USERSPACE/DATASETS/CodecFake/train/F02_p313_155.wav,2
/USERSPACE/DATASETS/CodecFake/train/F02_SSB12030095.wav,2
/USERSPACE/DATASETS/CodecFake/train/F02_p323_387.wav,2
/USERSPACE/DATASETS/CodecFake/train/F02_SSB00160357.wav,2
/USERSPACE/DATASETS/CodecFake/train/F02_SSB13650003.wav,2
/USERSPACE/DATASETS/CodecFake/train/F02_SSB16240016.wav,2
/USERSPACE/DATASETS/CodecFake/train/F02_SSB03390255.wav,2
/USERSPACE/DATASETS/CodecFake/train/F02_SSB03540210.wav,2
/USERSPACE/DATASETS/CodecFake/train/F02_SSB13920142.wav,2
/USERSPACE/DATASETS/CodecFake/train/F02_p231_210.wav,2
/USERSPACE/DATASETS/CodecFake/train/F02_SSB06660318.wav,2
/USERSPACE/DATASETS/CodecFake/train/F02_SSB03160125.wav,2
/USERSPACE/DATASETS/CodecFake/train/F02_SSB06010451.wav,2
/USERSPACE/DATASETS/CodecFake/train/F02_SSB01970353.wav,2
/USERSPACE/DATASETS/CodecFake/train/F02_p335_115.wav,2
/USERSPACE/DATASETS/CodecFake/train/F02_SSB04150153.wav,2
/USERSPACE/DATASETS/CodecFake/train/F02_p312_092.wav,2
/USERSPACE/DATASETS/CodecFake/train/F02_SSB07000468.wav,2
/USERSPACE/DATASETS/CodecFake/train/F02_SSB06060212.wav,2
/USERSPACE/DATASETS/CodecFake/train/F02_SSB07490153.wav,2
/USERSPACE/DATASETS/CodecFake/train/F02_SSB00090457.wav,2
/USERSPACE/DATASETS/CodecFake/train/F02_SSB06310124.wav,2
/USERSPACE/DATASETS/CodecFake/train/F02_SSB03850078.wav,2
/USERSPACE/DATASETS/CodecFake/train/F02_SSB05900276.wav,2
/USERSPACE/DATASETS/CodecFake/train/F02_p361_382.wav,2
/USERSPACE/DATASETS/CodecFake/train/F02_SSB04150426.wav,2
/USERSPACE/DATASETS/CodecFake/train/F02_SSB03850333.wav,2
/USERSPACE/DATASETS/CodecFake/train/F02_p243_216.wav,2
/USERSPACE/DATASETS/CodecFake/train/F02_p374_013.wav,2
/USERSPACE/DATASETS/CodecFake/train/F02_SSB06070313.wav,2
/USERSPACE/DATASETS/CodecFake/train/F02_SSB19390452.wav,2
/USERSPACE/DATASETS/CodecFake/train/F02_p278_099.wav,2
/USERSPACE/DATASETS/CodecFake/train/F02_SSB05880465.wav,2
/USERSPACE/DATASETS/CodecFake/train/F02_p254_153.wav,2
/USERSPACE/DATASETS/CodecFake/train/F02_SSB12530053.wav,2
/USERSPACE/DATASETS/CodecFake/train/F02_p341_287.wav,2
/USERSPACE/DATASETS/CodecFake/train/F02_p310_176.wav,2
/USERSPACE/DATASETS/CodecFake/train/F02_SSB06010151.wav,2
/USERSPACE/DATASETS/CodecFake/train/F02_SSB08510093.wav,2
/USERSPACE/DATASETS/CodecFake/train/F02_p299_125.wav,2
/USERSPACE/DATASETS/CodecFake/train/F02_p229_217.wav,2
/USERSPACE/DATASETS/CodecFake/train/F02_SSB13770334.wav,2
/USERSPACE/DATASETS/CodecFake/train/F02_SSB03850331.wav,2
/USERSPACE/DATASETS/CodecFake/train/F02_SSB06060374.wav,2
/USERSPACE/DATASETS/CodecFake/train/F02_p330_199.wav,2
/USERSPACE/DATASETS/CodecFake/train/F02_p304_397.wav,2
/USERSPACE/DATASETS/CodecFake/train/F02_SSB18100235.wav,2
/USERSPACE/DATASETS/CodecFake/train/F02_p293_145.wav,2
/USERSPACE/DATASETS/CodecFake/train/F02_p308_297.wav,2
/USERSPACE/DATASETS/CodecFake/train/F02_p253_088.wav,2
/USERSPACE/DATASETS/CodecFake/train/F02_p228_139.wav,2
/USERSPACE/DATASETS/CodecFake/train/F02_p360_124.wav,2
/USERSPACE/DATASETS/CodecFake/train/F02_p275_125.wav,2
/USERSPACE/DATASETS/CodecFake/train/F02_SSB06140145.wav,2
/USERSPACE/DATASETS/CodecFake/train/F02_SSB19560226.wav,2
/USERSPACE/DATASETS/CodecFake/train/F02_p351_212.wav,2
/USERSPACE/DATASETS/CodecFake/train/F02_p326_206.wav,2
/USERSPACE/DATASETS/CodecFake/train/F02_p294_091.wav,2
/USERSPACE/DATASETS/CodecFake/train/F02_p231_112.wav,2
/USERSPACE/DATASETS/CodecFake/train/F02_SSB06030110.wav,2
/USERSPACE/DATASETS/CodecFake/train/F02_p374_092.wav,2
/USERSPACE/DATASETS/CodecFake/train/F02_SSB10000130.wav,2
/USERSPACE/DATASETS/CodecFake/train/F02_SSB03800109.wav,2
/USERSPACE/DATASETS/CodecFake/train/F02_SSB13660079.wav,2
/USERSPACE/DATASETS/CodecFake/train/F02_SSB08510202.wav,2
/USERSPACE/DATASETS/CodecFake/train/F02_SSB03750125.wav,2
/USERSPACE/DATASETS/CodecFake/train/F02_p335_282.wav,2
/USERSPACE/DATASETS/CodecFake/train/F02_SSB05940280.wav,2
/USERSPACE/DATASETS/CodecFake/train/F02_SSB11250393.wav,2
/USERSPACE/DATASETS/CodecFake/train/F02_p326_185.wav,2
/USERSPACE/DATASETS/CodecFake/train/F02_SSB03540321.wav,2
/USERSPACE/DATASETS/CodecFake/train/F02_p336_101.wav,2
/USERSPACE/DATASETS/CodecFake/train/F02_SSB00330153.wav,2
/USERSPACE/DATASETS/CodecFake/train/F02_SSB07020074.wav,2
/USERSPACE/DATASETS/CodecFake/train/F02_p292_345.wav,2
/USERSPACE/DATASETS/CodecFake/train/F02_SSB05900393.wav,2
/USERSPACE/DATASETS/CodecFake/train/F02_SSB03790436.wav,2
/USERSPACE/DATASETS/CodecFake/train/F02_p269_386.wav,2
/USERSPACE/DATASETS/CodecFake/train/F02_p329_179.wav,2
/USERSPACE/DATASETS/CodecFake/train/F02_SSB13410079.wav,2
/USERSPACE/DATASETS/CodecFake/train/F02_SSB07230458.wav,2
/USERSPACE/DATASETS/CodecFake/train/F02_p310_150.wav,2
/USERSPACE/DATASETS/CodecFake/train/F02_SSB12040088.wav,2
/USERSPACE/DATASETS/CodecFake/train/F02_SSB14080030.wav,2
/USERSPACE/DATASETS/CodecFake/train/F02_SSB08510445.wav,2
/USERSPACE/DATASETS/CodecFake/train/F02_p261_209.wav,2
/USERSPACE/DATASETS/CodecFake/train/F02_SSB13990450.wav,2
/USERSPACE/DATASETS/CodecFake/train/F02_SSB07780233.wav,2
/USERSPACE/DATASETS/CodecFake/train/F02_SSB09930458.wav,2
/USERSPACE/DATASETS/CodecFake/train/F02_p233_263.wav,2
/USERSPACE/DATASETS/CodecFake/train/F02_p259_142.wav,2
/USERSPACE/DATASETS/CodecFake/train/F02_p268_061.wav,2
/USERSPACE/DATASETS/CodecFake/train/F02_SSB06070167.wav,2
/USERSPACE/DATASETS/CodecFake/train/F02_SSB03940500.wav,2
/USERSPACE/DATASETS/CodecFake/train/F02_SSB01120051.wav,2
/USERSPACE/DATASETS/CodecFake/train/F02_p245_296.wav,2
/USERSPACE/DATASETS/CodecFake/train/F02_p312_027.wav,2
/USERSPACE/DATASETS/CodecFake/train/F02_p230_369.wav,2
/USERSPACE/DATASETS/CodecFake/train/F02_SSB00330132.wav,2
/USERSPACE/DATASETS/CodecFake/train/F02_SSB07110002.wav,2
/USERSPACE/DATASETS/CodecFake/train/F02_p376_252.wav,2
/USERSPACE/DATASETS/CodecFake/train/F02_SSB02670006.wav,2
/USERSPACE/DATASETS/CodecFake/train/F02_SSB06090245.wav,2
/USERSPACE/DATASETS/CodecFake/train/F02_SSB18310317.wav,2
/USERSPACE/DATASETS/CodecFake/train/F02_p229_234.wav,2
/USERSPACE/DATASETS/CodecFake/train/F02_SSB04700187.wav,2
/USERSPACE/DATASETS/CodecFake/train/F02_p288_378.wav,2
/USERSPACE/DATASETS/CodecFake/train/F02_SSB04820105.wav,2
/USERSPACE/DATASETS/CodecFake/train/F02_SSB03820081.wav,2
/USERSPACE/DATASETS/CodecFake/train/F02_SSB15930442.wav,2
/USERSPACE/DATASETS/CodecFake/train/F02_SSB01390304.wav,2
/USERSPACE/DATASETS/CodecFake/train/F02_p330_405.wav,2
/USERSPACE/DATASETS/CodecFake/train/F02_SSB07370457.wav,2
/USERSPACE/DATASETS/CodecFake/train/F02_SSB11080037.wav,2
/USERSPACE/DATASETS/CodecFake/train/F02_SSB07600180.wav,2
/USERSPACE/DATASETS/CodecFake/train/F02_SSB03750093.wav,2
/USERSPACE/DATASETS/CodecFake/train/F02_SSB11970083.wav,2
/USERSPACE/DATASETS/CodecFake/train/F02_p287_345.wav,2
/USERSPACE/DATASETS/CodecFake/train/F02_SSB12390311.wav,2
/USERSPACE/DATASETS/CodecFake/train/F02_SSB05780429.wav,2
/USERSPACE/DATASETS/CodecFake/train/F02_SSB03750458.wav,2
/USERSPACE/DATASETS/CodecFake/train/F02_p257_067.wav,2
/USERSPACE/DATASETS/CodecFake/train/F02_SSB06290146.wav,2
/USERSPACE/DATASETS/CodecFake/train/F02_SSB03070078.wav,2
/USERSPACE/DATASETS/CodecFake/train/F02_SSB07490280.wav,2
/USERSPACE/DATASETS/CodecFake/train/F02_SSB11360272.wav,2
/USERSPACE/DATASETS/CodecFake/train/F02_p339_303.wav,2
/USERSPACE/DATASETS/CodecFake/train/F02_p351_016.wav,2
/USERSPACE/DATASETS/CodecFake/train/F02_SSB00090011.wav,2
/USERSPACE/DATASETS/CodecFake/train/F02_SSB03820078.wav,2
/USERSPACE/DATASETS/CodecFake/train/F02_SSB05650263.wav,2
/USERSPACE/DATASETS/CodecFake/train/F02_SSB07940045.wav,2
/USERSPACE/DATASETS/CodecFake/train/F02_p333_045.wav,2
/USERSPACE/DATASETS/CodecFake/train/F02_p244_184.wav,2
/USERSPACE/DATASETS/CodecFake/train/F02_SSB11080125.wav,2
/USERSPACE/DATASETS/CodecFake/train/F02_SSB14020227.wav,2
/USERSPACE/DATASETS/CodecFake/train/F02_SSB12390437.wav,2
/USERSPACE/DATASETS/CodecFake/train/F02_SSB17110348.wav,2
/USERSPACE/DATASETS/CodecFake/train/F02_p305_150.wav,2
/USERSPACE/DATASETS/CodecFake/train/F02_SSB03090440.wav,2
/USERSPACE/DATASETS/CodecFake/train/F02_SSB14520014.wav,2
/USERSPACE/DATASETS/CodecFake/train/F02_p243_278.wav,2
/USERSPACE/DATASETS/CodecFake/train/F02_SSB10020067.wav,2
/USERSPACE/DATASETS/CodecFake/train/F02_SSB04350486.wav,2
/USERSPACE/DATASETS/CodecFake/train/F02_p233_345.wav,2
/USERSPACE/DATASETS/CodecFake/train/F02_SSB02670326.wav,2
/USERSPACE/DATASETS/CodecFake/train/F02_p334_022.wav,2
/USERSPACE/DATASETS/CodecFake/train/F02_SSB05390364.wav,2
/USERSPACE/DATASETS/CodecFake/train/F02_p360_315.wav,2
/USERSPACE/DATASETS/CodecFake/train/F02_SSB16840403.wav,2
/USERSPACE/DATASETS/CodecFake/train/F02_p340_049.wav,2
/USERSPACE/DATASETS/CodecFake/train/F02_p294_328.wav,2
/USERSPACE/DATASETS/CodecFake/train/F02_SSB10960239.wav,2
/USERSPACE/DATASETS/CodecFake/train/F02_SSB16240430.wav,2
/USERSPACE/DATASETS/CodecFake/train/F02_SSB00160261.wav,2
/USERSPACE/DATASETS/CodecFake/train/F02_SSB15750032.wav,2
/USERSPACE/DATASETS/CodecFake/train/F02_SSB07490232.wav,2
/USERSPACE/DATASETS/CodecFake/train/F02_SSB00120452.wav,2
/USERSPACE/DATASETS/CodecFake/train/F02_SSB06090447.wav,2
/USERSPACE/DATASETS/CodecFake/train/F02_SSB08090303.wav,2
/USERSPACE/DATASETS/CodecFake/train/F02_SSB03930424.wav,2
/USERSPACE/DATASETS/CodecFake/train/F02_SSB16250169.wav,2
/USERSPACE/DATASETS/CodecFake/train/F02_p297_219.wav,2
/USERSPACE/DATASETS/CodecFake/train/F02_p351_110.wav,2
/USERSPACE/DATASETS/CodecFake/train/F02_SSB05650378.wav,2
/USERSPACE/DATASETS/CodecFake/train/F02_SSB17820067.wav,2
/USERSPACE/DATASETS/CodecFake/train/F02_SSB01970044.wav,2
/USERSPACE/DATASETS/CodecFake/train/F02_SSB10020127.wav,2
/USERSPACE/DATASETS/CodecFake/train/F02_SSB16840224.wav,2
/USERSPACE/DATASETS/CodecFake/train/F02_SSB10640434.wav,2
/USERSPACE/DATASETS/CodecFake/train/F02_SSB00330080.wav,2
/USERSPACE/DATASETS/CodecFake/train/F02_p281_131.wav,2
/USERSPACE/DATASETS/CodecFake/train/F02_p236_291.wav,2
/USERSPACE/DATASETS/CodecFake/train/F02_SSB04070147.wav,2
/USERSPACE/DATASETS/CodecFake/train/F02_SSB13280006.wav,2
/USERSPACE/DATASETS/CodecFake/train/F02_SSB07860154.wav,2
/USERSPACE/DATASETS/CodecFake/train/F02_SSB06320258.wav,2
/USERSPACE/DATASETS/CodecFake/train/F02_SSB15930058.wav,2
/USERSPACE/DATASETS/CodecFake/train/F02_p336_295.wav,2
/USERSPACE/DATASETS/CodecFake/train/F02_SSB03070438.wav,2
/USERSPACE/DATASETS/CodecFake/train/F02_SSB06680134.wav,2
/USERSPACE/DATASETS/CodecFake/train/F02_SSB00800112.wav,2
/USERSPACE/DATASETS/CodecFake/train/F02_SSB06060246.wav,2
/USERSPACE/DATASETS/CodecFake/train/F02_p288_324.wav,2
/USERSPACE/DATASETS/CodecFake/train/F02_SSB03930094.wav,2
/USERSPACE/DATASETS/CodecFake/train/F02_p293_209.wav,2
/USERSPACE/DATASETS/CodecFake/train/F02_SSB03410191.wav,2
/USERSPACE/DATASETS/CodecFake/train/F02_SSB07360256.wav,2
/USERSPACE/DATASETS/CodecFake/train/F02_p326_226.wav,2
/USERSPACE/DATASETS/CodecFake/train/F02_p307_335.wav,2
/USERSPACE/DATASETS/CodecFake/train/F02_SSB07100418.wav,2
/USERSPACE/DATASETS/CodecFake/train/F02_SSB15670310.wav,2
/USERSPACE/DATASETS/CodecFake/train/F02_SSB07510430.wav,2
/USERSPACE/DATASETS/CodecFake/train/F02_SSB19390436.wav,2
/USERSPACE/DATASETS/CodecFake/train/F02_SSB05350458.wav,2
/USERSPACE/DATASETS/CodecFake/train/F02_SSB11150385.wav,2
/USERSPACE/DATASETS/CodecFake/train/F02_p263_120.wav,2
/USERSPACE/DATASETS/CodecFake/train/F02_SSB02730366.wav,2
/USERSPACE/DATASETS/CodecFake/train/F02_SSB09870399.wav,2
/USERSPACE/DATASETS/CodecFake/train/F02_p330_337.wav,2
/USERSPACE/DATASETS/CodecFake/train/F02_p360_378.wav,2
/USERSPACE/DATASETS/CodecFake/train/F02_p241_288.wav,2
/USERSPACE/DATASETS/CodecFake/train/F02_SSB06680148.wav,2
/USERSPACE/DATASETS/CodecFake/train/F02_SSB00800385.wav,2
/USERSPACE/DATASETS/CodecFake/train/F02_SSB12030212.wav,2
/USERSPACE/DATASETS/CodecFake/train/F02_SSB05900227.wav,2
/USERSPACE/DATASETS/CodecFake/train/F02_p294_248.wav,2
/USERSPACE/DATASETS/CodecFake/train/F02_SSB04700039.wav,2
/USERSPACE/DATASETS/CodecFake/train/F02_SSB12390463.wav,2
/USERSPACE/DATASETS/CodecFake/train/F02_p272_164.wav,2
/USERSPACE/DATASETS/CodecFake/train/F02_SSB02730030.wav,2
/USERSPACE/DATASETS/CodecFake/train/F02_SSB03540039.wav,2
/USERSPACE/DATASETS/CodecFake/train/F02_SSB00180454.wav,2
/USERSPACE/DATASETS/CodecFake/train/F02_SSB12210064.wav,2
/USERSPACE/DATASETS/CodecFake/train/F02_p326_106.wav,2
/USERSPACE/DATASETS/CodecFake/train/F02_SSB07840455.wav,2
/USERSPACE/DATASETS/CodecFake/train/F02_SSB15670447.wav,2
/USERSPACE/DATASETS/CodecFake/train/F02_SSB06710144.wav,2
/USERSPACE/DATASETS/CodecFake/train/F02_p278_396.wav,2
/USERSPACE/DATASETS/CodecFake/train/F02_SSB06680337.wav,2
/USERSPACE/DATASETS/CodecFake/train/F02_SSB07860179.wav,2
/USERSPACE/DATASETS/CodecFake/train/F02_SSB05350171.wav,2
/USERSPACE/DATASETS/CodecFake/train/F02_p299_035.wav,2
/USERSPACE/DATASETS/CodecFake/train/F02_SSB07020133.wav,2
/USERSPACE/DATASETS/CodecFake/train/F02_SSB18280398.wav,2
/USERSPACE/DATASETS/CodecFake/train/F02_SSB09660334.wav,2
/USERSPACE/DATASETS/CodecFake/train/F02_p247_472.wav,2
/USERSPACE/DATASETS/CodecFake/train/F02_p282_012.wav,2
/USERSPACE/DATASETS/CodecFake/train/F02_SSB16700074.wav,2
/USERSPACE/DATASETS/CodecFake/train/F02_SSB07780319.wav,2
/USERSPACE/DATASETS/CodecFake/train/F02_SSB02670114.wav,2
/USERSPACE/DATASETS/CodecFake/train/F02_SSB06140361.wav,2
/USERSPACE/DATASETS/CodecFake/train/F02_SSB07490309.wav,2
/USERSPACE/DATASETS/CodecFake/train/F02_p231_166.wav,2
/USERSPACE/DATASETS/CodecFake/train/F02_p300_280.wav,2
/USERSPACE/DATASETS/CodecFake/train/F02_SSB15630080.wav,2
/USERSPACE/DATASETS/CodecFake/train/F02_SSB04260295.wav,2
/USERSPACE/DATASETS/CodecFake/train/F02_p308_414.wav,2
/USERSPACE/DATASETS/CodecFake/train/F02_SSB09660073.wav,2
/USERSPACE/DATASETS/CodecFake/train/F02_p340_409.wav,2
/USERSPACE/DATASETS/CodecFake/train/F02_SSB13410472.wav,2
/USERSPACE/DATASETS/CodecFake/train/F02_SSB17110173.wav,2
/USERSPACE/DATASETS/CodecFake/train/F02_SSB08710438.wav,2
/USERSPACE/DATASETS/CodecFake/train/F02_SSB01390232.wav,2
/USERSPACE/DATASETS/CodecFake/train/F02_p293_325.wav,2
/USERSPACE/DATASETS/CodecFake/train/F02_SSB05440387.wav,2
/USERSPACE/DATASETS/CodecFake/train/F02_SSB03790122.wav,2
/USERSPACE/DATASETS/CodecFake/train/F02_p323_250.wav,2
/USERSPACE/DATASETS/CodecFake/train/F02_p231_164.wav,2
/USERSPACE/DATASETS/CodecFake/train/F02_p295_004.wav,2
/USERSPACE/DATASETS/CodecFake/train/F02_SSB10640057.wav,2
/USERSPACE/DATASETS/CodecFake/train/F02_p240_266.wav,2
/USERSPACE/DATASETS/CodecFake/train/F02_SSB10200279.wav,2
/USERSPACE/DATASETS/CodecFake/train/F02_SSB17450403.wav,2
/USERSPACE/DATASETS/CodecFake/train/F02_SSB01390445.wav,2
/USERSPACE/DATASETS/CodecFake/train/F02_SSB03930429.wav,2
/USERSPACE/DATASETS/CodecFake/train/F02_SSB03940185.wav,2
/USERSPACE/DATASETS/CodecFake/train/F02_p229_349.wav,2
/USERSPACE/DATASETS/CodecFake/train/F02_SSB18060066.wav,2
/USERSPACE/DATASETS/CodecFake/train/F02_p234_219.wav,2
/USERSPACE/DATASETS/CodecFake/train/F02_SSB06060409.wav,2
/USERSPACE/DATASETS/CodecFake/train/F02_SSB11970286.wav,2
/USERSPACE/DATASETS/CodecFake/train/F02_SSB07170021.wav,2
/USERSPACE/DATASETS/CodecFake/train/F02_SSB04270282.wav,2
/USERSPACE/DATASETS/CodecFake/train/F02_p273_005.wav,2
/USERSPACE/DATASETS/CodecFake/train/F02_p257_404.wav,2
/USERSPACE/DATASETS/CodecFake/train/F02_SSB04260284.wav,2
/USERSPACE/DATASETS/CodecFake/train/F02_p227_108.wav,2
/USERSPACE/DATASETS/CodecFake/train/F02_p244_089.wav,2
/USERSPACE/DATASETS/CodecFake/train/F02_p313_102.wav,2
/USERSPACE/DATASETS/CodecFake/train/F02_SSB11970280.wav,2
/USERSPACE/DATASETS/CodecFake/train/F02_p250_233.wav,2
/USERSPACE/DATASETS/CodecFake/train/F02_SSB17590359.wav,2
/USERSPACE/DATASETS/CodecFake/train/F02_SSB00570455.wav,2
/USERSPACE/DATASETS/CodecFake/train/F02_SSB07600318.wav,2
/USERSPACE/DATASETS/CodecFake/train/F02_p285_103.wav,2
/USERSPACE/DATASETS/CodecFake/train/F02_p259_167.wav,2
/USERSPACE/DATASETS/CodecFake/train/F02_SSB04150184.wav,2
/USERSPACE/DATASETS/CodecFake/train/F02_p269_124.wav,2
/USERSPACE/DATASETS/CodecFake/train/F02_SSB10560154.wav,2
/USERSPACE/DATASETS/CodecFake/train/F02_SSB06140278.wav,2
/USERSPACE/DATASETS/CodecFake/train/F02_SSB06930114.wav,2
/USERSPACE/DATASETS/CodecFake/train/F02_SSB16240462.wav,2
/USERSPACE/DATASETS/CodecFake/train/F02_p345_013.wav,2
/USERSPACE/DATASETS/CodecFake/train/F02_SSB07940227.wav,2
/USERSPACE/DATASETS/CodecFake/train/F02_SSB19350329.wav,2
/USERSPACE/DATASETS/CodecFake/train/F02_SSB12040174.wav,2
/USERSPACE/DATASETS/CodecFake/train/F02_SSB07480152.wav,2
/USERSPACE/DATASETS/CodecFake/train/F02_SSB03940095.wav,2
/USERSPACE/DATASETS/CodecFake/train/F02_p229_189.wav,2
/USERSPACE/DATASETS/CodecFake/train/F02_SSB17590229.wav,2
/USERSPACE/DATASETS/CodecFake/train/F02_SSB06010386.wav,2
/USERSPACE/DATASETS/CodecFake/train/F02_p227_152.wav,2
/USERSPACE/DATASETS/CodecFake/train/F02_p299_059.wav,2
/USERSPACE/DATASETS/CodecFake/train/F02_SSB05340342.wav,2
/USERSPACE/DATASETS/CodecFake/train/F02_SSB10720142.wav,2
/USERSPACE/DATASETS/CodecFake/train/F02_p294_268.wav,2
/USERSPACE/DATASETS/CodecFake/train/F02_SSB17110264.wav,2
/USERSPACE/DATASETS/CodecFake/train/F02_p228_130.wav,2
/USERSPACE/DATASETS/CodecFake/train/F02_p245_355.wav,2
/USERSPACE/DATASETS/CodecFake/train/F02_p271_138.wav,2
/USERSPACE/DATASETS/CodecFake/train/F02_SSB09870493.wav,2
/USERSPACE/DATASETS/CodecFake/train/F02_SSB13820259.wav,2
/USERSPACE/DATASETS/CodecFake/train/F02_SSB05350319.wav,2
/USERSPACE/DATASETS/CodecFake/train/F02_SSB09150044.wav,2
/USERSPACE/DATASETS/CodecFake/train/F02_SSB05900094.wav,2
/USERSPACE/DATASETS/CodecFake/train/F02_SSB11250134.wav,2
/USERSPACE/DATASETS/CodecFake/train/F02_p301_130.wav,2
/USERSPACE/DATASETS/CodecFake/train/F02_p267_194.wav,2
/USERSPACE/DATASETS/CodecFake/train/F02_p313_298.wav,2
/USERSPACE/DATASETS/CodecFake/train/F02_SSB03940342.wav,2
/USERSPACE/DATASETS/CodecFake/train/F02_SSB18910412.wav,2
/USERSPACE/DATASETS/CodecFake/train/F02_SSB16240475.wav,2
/USERSPACE/DATASETS/CodecFake/train/F02_SSB06860224.wav,2
/USERSPACE/DATASETS/CodecFake/train/F02_SSB19180039.wav,2
/USERSPACE/DATASETS/CodecFake/train/F02_SSB10960114.wav,2
/USERSPACE/DATASETS/CodecFake/train/F02_p314_022.wav,2
/USERSPACE/DATASETS/CodecFake/train/F02_p231_165.wav,2
/USERSPACE/DATASETS/CodecFake/train/F02_SSB11100043.wav,2
/USERSPACE/DATASETS/CodecFake/train/F02_SSB16860011.wav,2
/USERSPACE/DATASETS/CodecFake/train/F02_SSB13850465.wav,2
/USERSPACE/DATASETS/CodecFake/train/F02_SSB00380027.wav,2
/USERSPACE/DATASETS/CodecFake/train/F02_p335_366.wav,2
/USERSPACE/DATASETS/CodecFake/train/F02_SSB00330338.wav,2
/USERSPACE/DATASETS/CodecFake/train/F02_SSB12740192.wav,2
/USERSPACE/DATASETS/CodecFake/train/F02_SSB03820173.wav,2
/USERSPACE/DATASETS/CodecFake/train/F02_SSB15750295.wav,2
/USERSPACE/DATASETS/CodecFake/train/F02_SSB01450308.wav,2
/USERSPACE/DATASETS/CodecFake/train/F02_p256_143.wav,2
/USERSPACE/DATASETS/CodecFake/train/F02_SSB07480294.wav,2
/USERSPACE/DATASETS/CodecFake/train/F02_p254_190.wav,2
/USERSPACE/DATASETS/CodecFake/train/F02_SSB07230360.wav,2
/USERSPACE/DATASETS/CodecFake/train/F02_SSB07230271.wav,2
/USERSPACE/DATASETS/CodecFake/train/F02_SSB03800499.wav,2
/USERSPACE/DATASETS/CodecFake/train/F02_SSB02000330.wav,2
/USERSPACE/DATASETS/CodecFake/train/F02_SSB11360303.wav,2
/USERSPACE/DATASETS/CodecFake/train/F02_SSB08710101.wav,2
/USERSPACE/DATASETS/CodecFake/train/F02_p300_332.wav,2
/USERSPACE/DATASETS/CodecFake/train/F02_SSB09350105.wav,2
/USERSPACE/DATASETS/CodecFake/train/F02_SSB03230237.wav,2
/USERSPACE/DATASETS/CodecFake/train/F02_p231_122.wav,2
/USERSPACE/DATASETS/CodecFake/train/F02_SSB06070320.wav,2
/USERSPACE/DATASETS/CodecFake/train/F02_SSB19390292.wav,2
/USERSPACE/DATASETS/CodecFake/train/F02_p314_179.wav,2
/USERSPACE/DATASETS/CodecFake/train/F02_SSB04070122.wav,2
/USERSPACE/DATASETS/CodecFake/train/F02_SSB03230200.wav,2
/USERSPACE/DATASETS/CodecFake/train/F02_p281_269.wav,2
/USERSPACE/DATASETS/CodecFake/train/F02_SSB11260130.wav,2
/USERSPACE/DATASETS/CodecFake/train/F02_p281_112.wav,2
/USERSPACE/DATASETS/CodecFake/train/F02_SSB07580232.wav,2
/USERSPACE/DATASETS/CodecFake/train/F02_SSB11150267.wav,2
/USERSPACE/DATASETS/CodecFake/train/F02_SSB17280213.wav,2
/USERSPACE/DATASETS/CodecFake/train/F02_SSB19350473.wav,2
/USERSPACE/DATASETS/CodecFake/train/F02_SSB02990335.wav,2
/USERSPACE/DATASETS/CodecFake/train/F02_SSB02610395.wav,2
/USERSPACE/DATASETS/CodecFake/train/F02_SSB09970162.wav,2
/USERSPACE/DATASETS/CodecFake/train/F02_SSB16500087.wav,2
/USERSPACE/DATASETS/CodecFake/train/F02_p226_134.wav,2
/USERSPACE/DATASETS/CodecFake/train/F02_SSB03070493.wav,2
/USERSPACE/DATASETS/CodecFake/train/F02_SSB00160135.wav,2
/USERSPACE/DATASETS/CodecFake/train/F02_SSB00120126.wav,2
/USERSPACE/DATASETS/CodecFake/train/F02_SSB14020221.wav,2
/USERSPACE/DATASETS/CodecFake/train/F02_p271_041.wav,2
/USERSPACE/DATASETS/CodecFake/train/F02_SSB07100479.wav,2
/USERSPACE/DATASETS/CodecFake/train/F02_SSB06680372.wav,2
/USERSPACE/DATASETS/CodecFake/train/F02_SSB03380237.wav,2
/USERSPACE/DATASETS/CodecFake/train/F02_p316_345.wav,2
/USERSPACE/DATASETS/CodecFake/train/F02_SSB15750474.wav,2
/USERSPACE/DATASETS/CodecFake/train/F02_SSB07020349.wav,2
/USERSPACE/DATASETS/CodecFake/train/F02_SSB02990192.wav,2
/USERSPACE/DATASETS/CodecFake/train/F02_p294_363.wav,2
/USERSPACE/DATASETS/CodecFake/train/F02_SSB06010021.wav,2
/USERSPACE/DATASETS/CodecFake/train/F02_SSB01490275.wav,2
/USERSPACE/DATASETS/CodecFake/train/F02_p263_168.wav,2
/USERSPACE/DATASETS/CodecFake/train/F02_SSB13410167.wav,2
/USERSPACE/DATASETS/CodecFake/train/F02_SSB03380041.wav,2
/USERSPACE/DATASETS/CodecFake/train/F02_SSB10640303.wav,2
/USERSPACE/DATASETS/CodecFake/train/F02_p312_040.wav,2
/USERSPACE/DATASETS/CodecFake/train/F02_SSB10020100.wav,2
/USERSPACE/DATASETS/CodecFake/train/F02_SSB08170084.wav,2
/USERSPACE/DATASETS/CodecFake/train/F02_SSB03380293.wav,2
/USERSPACE/DATASETS/CodecFake/train/F02_p233_266.wav,2
/USERSPACE/DATASETS/CodecFake/train/F02_SSB13220223.wav,2
/USERSPACE/DATASETS/CodecFake/train/F02_p225_123.wav,2
/USERSPACE/DATASETS/CodecFake/train/F02_SSB02730240.wav,2
/USERSPACE/DATASETS/CodecFake/train/F02_SSB18280093.wav,2
/USERSPACE/DATASETS/CodecFake/train/F02_SSB07110211.wav,2
/USERSPACE/DATASETS/CodecFake/train/F02_SSB03420208.wav,2
/USERSPACE/DATASETS/CodecFake/train/F02_SSB16840227.wav,2
/USERSPACE/DATASETS/CodecFake/train/F02_SSB15930242.wav,2
/USERSPACE/DATASETS/CodecFake/train/F02_p264_433.wav,2
/USERSPACE/DATASETS/CodecFake/train/F02_p286_279.wav,2
/USERSPACE/DATASETS/CodecFake/train/F02_SSB00180001.wav,2
/USERSPACE/DATASETS/CodecFake/train/F02_SSB02670343.wav,2
/USERSPACE/DATASETS/CodecFake/train/F02_SSB13280337.wav,2
/USERSPACE/DATASETS/CodecFake/train/F02_SSB03410099.wav,2
/USERSPACE/DATASETS/CodecFake/train/F02_SSB15550263.wav,2
/USERSPACE/DATASETS/CodecFake/train/F02_SSB16990185.wav,2
/USERSPACE/DATASETS/CodecFake/train/F02_SSB09930172.wav,2
/USERSPACE/DATASETS/CodecFake/train/F02_p270_028.wav,2
/USERSPACE/DATASETS/CodecFake/train/F02_p311_290.wav,2
/USERSPACE/DATASETS/CodecFake/train/F02_p326_338.wav,2
/USERSPACE/DATASETS/CodecFake/train/F02_SSB06070176.wav,2
/USERSPACE/DATASETS/CodecFake/train/F02_SSB11350108.wav,2
/USERSPACE/DATASETS/CodecFake/train/F02_SSB05350157.wav,2
/USERSPACE/DATASETS/CodecFake/train/F02_p251_109.wav,2
/USERSPACE/DATASETS/CodecFake/train/F02_SSB07370044.wav,2
/USERSPACE/DATASETS/CodecFake/train/F02_p300_088.wav,2
/USERSPACE/DATASETS/CodecFake/train/F02_SSB07200431.wav,2
/USERSPACE/DATASETS/CodecFake/train/F02_SSB00800219.wav,2
/USERSPACE/DATASETS/CodecFake/train/F02_SSB05020187.wav,2
/USERSPACE/DATASETS/CodecFake/train/F02_SSB04260400.wav,2
/USERSPACE/DATASETS/CodecFake/train/F02_SSB06090301.wav,2
/USERSPACE/DATASETS/CodecFake/train/F02_p257_108.wav,2
/USERSPACE/DATASETS/CodecFake/train/F02_SSB06140413.wav,2
/USERSPACE/DATASETS/CodecFake/train/F02_p334_187.wav,2
/USERSPACE/DATASETS/CodecFake/train/F02_SSB18100013.wav,2
/USERSPACE/DATASETS/CodecFake/train/F02_SSB00570067.wav,2
/USERSPACE/DATASETS/CodecFake/train/F02_SSB02610326.wav,2
/USERSPACE/DATASETS/CodecFake/train/F02_SSB11150310.wav,2
/USERSPACE/DATASETS/CodecFake/train/F02_SSB10560207.wav,2
/USERSPACE/DATASETS/CodecFake/train/F02_SSB16860056.wav,2
/USERSPACE/DATASETS/CodecFake/train/F02_SSB03850328.wav,2
/USERSPACE/DATASETS/CodecFake/train/F02_SSB05340339.wav,2
/USERSPACE/DATASETS/CodecFake/train/F02_SSB07460260.wav,2
/USERSPACE/DATASETS/CodecFake/train/F02_SSB04150464.wav,2
/USERSPACE/DATASETS/CodecFake/train/F02_SSB12210045.wav,2
/USERSPACE/DATASETS/CodecFake/train/F02_SSB06660317.wav,2
/USERSPACE/DATASETS/CodecFake/train/F02_SSB04340261.wav,2
/USERSPACE/DATASETS/CodecFake/train/F02_p306_017.wav,2
/USERSPACE/DATASETS/CodecFake/train/F02_p333_412.wav,2
/USERSPACE/DATASETS/CodecFake/train/F02_p226_017.wav,2
/USERSPACE/DATASETS/CodecFake/train/F02_SSB16250320.wav,2
/USERSPACE/DATASETS/CodecFake/train/F02_SSB10200384.wav,2
/USERSPACE/DATASETS/CodecFake/train/F02_SSB03540392.wav,2
/USERSPACE/DATASETS/CodecFake/train/F02_p301_030.wav,2
/USERSPACE/DATASETS/CodecFake/train/F02_SSB07840373.wav,2
/USERSPACE/DATASETS/CodecFake/train/F02_SSB12740201.wav,2
/USERSPACE/DATASETS/CodecFake/train/F02_p310_203.wav,2
/USERSPACE/DATASETS/CodecFake/train/F02_p334_071.wav,2
/USERSPACE/DATASETS/CodecFake/train/F02_SSB07480226.wav,2
/USERSPACE/DATASETS/CodecFake/train/F02_p280_047.wav,2
/USERSPACE/DATASETS/CodecFake/train/F02_p339_308.wav,2
/USERSPACE/DATASETS/CodecFake/train/F02_SSB19560016.wav,2
/USERSPACE/DATASETS/CodecFake/train/F02_p363_034.wav,2
/USERSPACE/DATASETS/CodecFake/train/F02_SSB19350008.wav,2
/USERSPACE/DATASETS/CodecFake/train/F02_p307_005.wav,2
/USERSPACE/DATASETS/CodecFake/train/F02_p268_141.wav,2
/USERSPACE/DATASETS/CodecFake/train/F02_p374_375.wav,2
/USERSPACE/DATASETS/CodecFake/train/F02_SSB14020222.wav,2
/USERSPACE/DATASETS/CodecFake/train/F02_SSB06660092.wav,2
/USERSPACE/DATASETS/CodecFake/train/F02_SSB03420245.wav,2
/USERSPACE/DATASETS/CodecFake/train/F02_SSB15850394.wav,2
/USERSPACE/DATASETS/CodecFake/train/F02_p237_073.wav,2
/USERSPACE/DATASETS/CodecFake/train/F02_SSB10910496.wav,2
/USERSPACE/DATASETS/CodecFake/train/F02_SSB12030257.wav,2
/USERSPACE/DATASETS/CodecFake/train/F02_SSB03930182.wav,2
/USERSPACE/DATASETS/CodecFake/train/F02_SSB03070267.wav,2
/USERSPACE/DATASETS/CodecFake/train/F02_SSB02730448.wav,2
/USERSPACE/DATASETS/CodecFake/train/F02_SSB01390008.wav,2
/USERSPACE/DATASETS/CodecFake/train/F02_p317_138.wav,2
/USERSPACE/DATASETS/CodecFake/train/F02_p340_241.wav,2
/USERSPACE/DATASETS/CodecFake/train/F02_SSB03380043.wav,2
/USERSPACE/DATASETS/CodecFake/train/F02_SSB10500165.wav,2
/USERSPACE/DATASETS/CodecFake/train/F02_p279_088.wav,2
/USERSPACE/DATASETS/CodecFake/train/F02_SSB18280091.wav,2
/USERSPACE/DATASETS/CodecFake/train/F02_SSB06230164.wav,2
/USERSPACE/DATASETS/CodecFake/train/F02_SSB05650478.wav,2
/USERSPACE/DATASETS/CodecFake/train/F02_SSB18460041.wav,2
/USERSPACE/DATASETS/CodecFake/train/F02_SSB11360502.wav,2
/USERSPACE/DATASETS/CodecFake/train/F02_SSB19180089.wav,2
/USERSPACE/DATASETS/CodecFake/train/F02_SSB17590390.wav,2
/USERSPACE/DATASETS/CodecFake/train/F02_SSB03800087.wav,2
/USERSPACE/DATASETS/CodecFake/train/F02_SSB03850252.wav,2
/USERSPACE/DATASETS/CodecFake/train/F02_p307_211.wav,2
/USERSPACE/DATASETS/CodecFake/train/F02_SSB11350217.wav,2
/USERSPACE/DATASETS/CodecFake/train/F02_p345_065.wav,2
/USERSPACE/DATASETS/CodecFake/train/F02_p362_032.wav,2
/USERSPACE/DATASETS/CodecFake/train/F02_SSB07800397.wav,2
/USERSPACE/DATASETS/CodecFake/train/F02_p278_176.wav,2
/USERSPACE/DATASETS/CodecFake/train/F02_SSB03090454.wav,2
/USERSPACE/DATASETS/CodecFake/train/F02_SSB07860382.wav,2
/USERSPACE/DATASETS/CodecFake/train/F02_SSB05440466.wav,2
/USERSPACE/DATASETS/CodecFake/train/F02_p260_047.wav,2
/USERSPACE/DATASETS/CodecFake/train/F02_SSB07370123.wav,2
/USERSPACE/DATASETS/CodecFake/train/F02_p268_273.wav,2
/USERSPACE/DATASETS/CodecFake/train/F02_SSB00800060.wav,2
/USERSPACE/DATASETS/CodecFake/train/F02_SSB05700179.wav,2
/USERSPACE/DATASETS/CodecFake/train/F02_SSB00570442.wav,2
/USERSPACE/DATASETS/CodecFake/train/F02_SSB11970403.wav,2
/USERSPACE/DATASETS/CodecFake/train/F02_SSB02460374.wav,2
/USERSPACE/DATASETS/CodecFake/train/F02_SSB00110115.wav,2
/USERSPACE/DATASETS/CodecFake/train/F02_SSB17810344.wav,2
/USERSPACE/DATASETS/CodecFake/train/F02_SSB06030166.wav,2
/USERSPACE/DATASETS/CodecFake/train/F02_SSB01330416.wav,2
/USERSPACE/DATASETS/CodecFake/train/F02_SSB07480142.wav,2
/USERSPACE/DATASETS/CodecFake/train/F02_p376_056.wav,2
/USERSPACE/DATASETS/CodecFake/train/F02_p341_096.wav,2
/USERSPACE/DATASETS/CodecFake/train/F02_SSB18910295.wav,2
/USERSPACE/DATASETS/CodecFake/train/F02_p243_086.wav,2
/USERSPACE/DATASETS/CodecFake/train/F02_p329_299.wav,2
/USERSPACE/DATASETS/CodecFake/train/F02_SSB04340347.wav,2
/USERSPACE/DATASETS/CodecFake/train/F02_p271_289.wav,2
/USERSPACE/DATASETS/CodecFake/train/F02_p292_049.wav,2
/USERSPACE/DATASETS/CodecFake/train/F02_p267_295.wav,2
/USERSPACE/DATASETS/CodecFake/train/F02_SSB07490266.wav,2
/USERSPACE/DATASETS/CodecFake/train/F02_p326_052.wav,2
/USERSPACE/DATASETS/CodecFake/train/F02_SSB09350161.wav,2
/USERSPACE/DATASETS/CodecFake/train/F02_SSB06030046.wav,2
/USERSPACE/DATASETS/CodecFake/train/F02_SSB07480316.wav,2
/USERSPACE/DATASETS/CodecFake/train/F02_SSB13020438.wav,2
/USERSPACE/DATASETS/CodecFake/train/F02_SSB03750100.wav,2
/USERSPACE/DATASETS/CodecFake/train/F02_p228_015.wav,2
/USERSPACE/DATASETS/CodecFake/train/F02_SSB15930065.wav,2
/USERSPACE/DATASETS/CodecFake/train/F02_SSB06680146.wav,2
/USERSPACE/DATASETS/CodecFake/train/F02_SSB07580163.wav,2
/USERSPACE/DATASETS/CodecFake/train/F02_SSB01330301.wav,2
/USERSPACE/DATASETS/CodecFake/train/F02_p318_254.wav,2
/USERSPACE/DATASETS/CodecFake/train/F02_p311_152.wav,2
/USERSPACE/DATASETS/CodecFake/train/F02_SSB06660381.wav,2
/USERSPACE/DATASETS/CodecFake/train/F02_SSB15750016.wav,2
/USERSPACE/DATASETS/CodecFake/train/F02_SSB15850351.wav,2
/USERSPACE/DATASETS/CodecFake/train/F02_p275_167.wav,2
/USERSPACE/DATASETS/CodecFake/train/F02_SSB12740239.wav,2
/USERSPACE/DATASETS/CodecFake/train/F02_SSB07160312.wav,2
/USERSPACE/DATASETS/CodecFake/train/F02_SSB19350248.wav,2
/USERSPACE/DATASETS/CodecFake/train/F02_SSB14370295.wav,2
/USERSPACE/DATASETS/CodecFake/train/F02_SSB03790111.wav,2
/USERSPACE/DATASETS/CodecFake/train/F02_SSB09660391.wav,2
/USERSPACE/DATASETS/CodecFake/train/F02_SSB08170413.wav,2
/USERSPACE/DATASETS/CodecFake/train/F02_SSB03160072.wav,2
/USERSPACE/DATASETS/CodecFake/train/F02_SSB11250067.wav,2
/USERSPACE/DATASETS/CodecFake/train/F02_SSB04700321.wav,2
/USERSPACE/DATASETS/CodecFake/train/F02_p241_061.wav,2
/USERSPACE/DATASETS/CodecFake/train/F02_SSB03820349.wav,2
/USERSPACE/DATASETS/CodecFake/train/F02_SSB05390270.wav,2
/USERSPACE/DATASETS/CodecFake/train/F02_p305_047.wav,2
/USERSPACE/DATASETS/CodecFake/train/F02_SSB07200475.wav,2
/USERSPACE/DATASETS/CodecFake/train/F02_SSB02870229.wav,2
/USERSPACE/DATASETS/CodecFake/train/F02_SSB07100373.wav,2
/USERSPACE/DATASETS/CodecFake/train/F02_SSB11250009.wav,2
/USERSPACE/DATASETS/CodecFake/train/F02_SSB02460010.wav,2
/USERSPACE/DATASETS/CodecFake/train/F02_p259_278.wav,2
/USERSPACE/DATASETS/CodecFake/train/F02_SSB06290473.wav,2
/USERSPACE/DATASETS/CodecFake/train/F02_SSB06140037.wav,2
/USERSPACE/DATASETS/CodecFake/train/F02_SSB17280308.wav,2
/USERSPACE/DATASETS/CodecFake/train/F02_p263_391.wav,2
/USERSPACE/DATASETS/CodecFake/train/F02_p251_264.wav,2
/USERSPACE/DATASETS/CodecFake/train/F02_p299_056.wav,2
/USERSPACE/DATASETS/CodecFake/train/F02_SSB00730321.wav,2
/USERSPACE/DATASETS/CodecFake/train/F02_SSB09660225.wav,2
/USERSPACE/DATASETS/CodecFake/train/F02_SSB13200315.wav,2
/USERSPACE/DATASETS/CodecFake/train/F02_p271_206.wav,2
/USERSPACE/DATASETS/CodecFake/train/F02_SSB03410298.wav,2
/USERSPACE/DATASETS/CodecFake/train/F02_p227_210.wav,2
/USERSPACE/DATASETS/CodecFake/train/F02_p259_411.wav,2
/USERSPACE/DATASETS/CodecFake/train/F02_p263_194.wav,2
/USERSPACE/DATASETS/CodecFake/train/F02_p314_255.wav,2
/USERSPACE/DATASETS/CodecFake/train/F02_p262_353.wav,2
/USERSPACE/DATASETS/CodecFake/train/F02_SSB05780214.wav,2
/USERSPACE/DATASETS/CodecFake/train/F02_SSB03800205.wav,2
/USERSPACE/DATASETS/CodecFake/train/F02_p318_234.wav,2
/USERSPACE/DATASETS/CodecFake/train/F02_SSB18780328.wav,2
/USERSPACE/DATASETS/CodecFake/train/F02_p316_016.wav,2
/USERSPACE/DATASETS/CodecFake/train/F02_p339_001.wav,2
/USERSPACE/DATASETS/CodecFake/train/F02_p248_187.wav,2
/USERSPACE/DATASETS/CodecFake/train/F02_SSB04340287.wav,2
/USERSPACE/DATASETS/CodecFake/train/F02_SSB06230082.wav,2
/USERSPACE/DATASETS/CodecFake/train/F02_p255_006.wav,2
/USERSPACE/DATASETS/CodecFake/train/F02_p273_194.wav,2
/USERSPACE/DATASETS/CodecFake/train/F02_p362_382.wav,2
/USERSPACE/DATASETS/CodecFake/train/F02_SSB11310301.wav,2
/USERSPACE/DATASETS/CodecFake/train/F02_SSB05020447.wav,2
/USERSPACE/DATASETS/CodecFake/train/F02_p253_363.wav,2
/USERSPACE/DATASETS/CodecFake/train/F02_p314_299.wav,2
/USERSPACE/DATASETS/CodecFake/train/F02_SSB13220010.wav,2
/USERSPACE/DATASETS/CodecFake/train/F02_SSB12530319.wav,2
/USERSPACE/DATASETS/CodecFake/train/F02_p270_107.wav,2
/USERSPACE/DATASETS/CodecFake/train/F02_p250_414.wav,2
/USERSPACE/DATASETS/CodecFake/train/F02_p263_342.wav,2
/USERSPACE/DATASETS/CodecFake/train/F02_SSB00050319.wav,2
/USERSPACE/DATASETS/CodecFake/train/F02_SSB17390118.wav,2
/USERSPACE/DATASETS/CodecFake/train/F02_SSB06010108.wav,2
/USERSPACE/DATASETS/CodecFake/train/F02_SSB02730066.wav,2
/USERSPACE/DATASETS/CodecFake/train/F02_p283_082.wav,2
/USERSPACE/DATASETS/CodecFake/train/F02_SSB03390136.wav,2
/USERSPACE/DATASETS/CodecFake/train/F02_SSB18060162.wav,2
/USERSPACE/DATASETS/CodecFake/train/F02_p351_028.wav,2
/USERSPACE/DATASETS/CodecFake/train/F02_SSB18630314.wav,2
/USERSPACE/DATASETS/CodecFake/train/F02_SSB04270368.wav,2
/USERSPACE/DATASETS/CodecFake/train/F02_p238_025.wav,2
/USERSPACE/DATASETS/CodecFake/train/F02_p247_307.wav,2
/USERSPACE/DATASETS/CodecFake/train/F02_SSB15930467.wav,2
/USERSPACE/DATASETS/CodecFake/train/F02_SSB04820008.wav,2
/USERSPACE/DATASETS/CodecFake/train/F02_SSB05340191.wav,2
/USERSPACE/DATASETS/CodecFake/train/F02_p316_179.wav,2
/USERSPACE/DATASETS/CodecFake/train/F02_p261_189.wav,2
/USERSPACE/DATASETS/CodecFake/train/F02_SSB17280222.wav,2
/USERSPACE/DATASETS/CodecFake/train/F02_p269_248.wav,2
/USERSPACE/DATASETS/CodecFake/train/F02_p250_444.wav,2
/USERSPACE/DATASETS/CodecFake/train/F02_SSB09930001.wav,2
/USERSPACE/DATASETS/CodecFake/train/F02_SSB18780232.wav,2
/USERSPACE/DATASETS/CodecFake/train/F02_SSB05900152.wav,2
/USERSPACE/DATASETS/CodecFake/train/F02_SSB11000172.wav,2
/USERSPACE/DATASETS/CodecFake/train/F02_SSB05780484.wav,2
/USERSPACE/DATASETS/CodecFake/train/F02_SSB12180052.wav,2
/USERSPACE/DATASETS/CodecFake/train/F02_SSB10560358.wav,2
/USERSPACE/DATASETS/CodecFake/train/F02_SSB10550248.wav,2
/USERSPACE/DATASETS/CodecFake/train/F02_p326_030.wav,2
/USERSPACE/DATASETS/CodecFake/train/F02_SSB06860481.wav,2
/USERSPACE/DATASETS/CodecFake/train/F02_SSB15750210.wav,2
/USERSPACE/DATASETS/CodecFake/train/F02_SSB01220048.wav,2
/USERSPACE/DATASETS/CodecFake/train/F02_SSB02730321.wav,2
/USERSPACE/DATASETS/CodecFake/train/F02_p286_003.wav,2
/USERSPACE/DATASETS/CodecFake/train/F02_SSB06290407.wav,2
/USERSPACE/DATASETS/CodecFake/train/F02_p243_193.wav,2
/USERSPACE/DATASETS/CodecFake/train/F02_p285_034.wav,2
/USERSPACE/DATASETS/CodecFake/train/F02_SSB06660437.wav,2
/USERSPACE/DATASETS/CodecFake/train/F02_SSB06010127.wav,2
/USERSPACE/DATASETS/CodecFake/train/F02_SSB02730398.wav,2
/USERSPACE/DATASETS/CodecFake/train/F02_SSB15630362.wav,2
/USERSPACE/DATASETS/CodecFake/train/F02_p239_007.wav,2
/USERSPACE/DATASETS/CodecFake/train/F02_p303_348.wav,2
/USERSPACE/DATASETS/CodecFake/train/F02_SSB12740501.wav,2
/USERSPACE/DATASETS/CodecFake/train/F02_p256_107.wav,2
/USERSPACE/DATASETS/CodecFake/train/F02_SSB06680164.wav,2
/USERSPACE/DATASETS/CodecFake/train/F02_p312_155.wav,2
/USERSPACE/DATASETS/CodecFake/train/F02_SSB06030081.wav,2
/USERSPACE/DATASETS/CodecFake/train/F02_SSB19390384.wav,2
/USERSPACE/DATASETS/CodecFake/train/F02_SSB01490080.wav,2
/USERSPACE/DATASETS/CodecFake/train/F02_SSB12740403.wav,2
/USERSPACE/DATASETS/CodecFake/train/F02_SSB06060177.wav,2
/USERSPACE/DATASETS/CodecFake/train/F02_SSB02610064.wav,2
/USERSPACE/DATASETS/CodecFake/train/F02_SSB10560481.wav,2
/USERSPACE/DATASETS/CodecFake/train/F02_SSB09870033.wav,2
/USERSPACE/DATASETS/CodecFake/train/F02_SSB07160243.wav,2
/USERSPACE/DATASETS/CodecFake/train/F02_SSB10960026.wav,2
/USERSPACE/DATASETS/CodecFake/train/F02_p227_290.wav,2
/USERSPACE/DATASETS/CodecFake/train/F02_SSB18460129.wav,2
/USERSPACE/DATASETS/CodecFake/train/F02_p273_107.wav,2
/USERSPACE/DATASETS/CodecFake/train/F02_p316_043.wav,2
/USERSPACE/DATASETS/CodecFake/train/F02_p245_278.wav,2
/USERSPACE/DATASETS/CodecFake/train/F02_SSB00730294.wav,2
/USERSPACE/DATASETS/CodecFake/train/F02_SSB10720449.wav,2
/USERSPACE/DATASETS/CodecFake/train/F02_SSB07460453.wav,2
/USERSPACE/DATASETS/CodecFake/train/F02_p268_275.wav,2
/USERSPACE/DATASETS/CodecFake/train/F02_p333_402.wav,2
/USERSPACE/DATASETS/CodecFake/train/F02_SSB01120121.wav,2
/USERSPACE/DATASETS/CodecFake/train/F02_SSB06930022.wav,2
/USERSPACE/DATASETS/CodecFake/train/F02_SSB12390362.wav,2
/USERSPACE/DATASETS/CodecFake/train/F02_SSB16240081.wav,2
/USERSPACE/DATASETS/CodecFake/train/F02_p226_272.wav,2
/USERSPACE/DATASETS/CodecFake/train/F02_SSB16240173.wav,2
/USERSPACE/DATASETS/CodecFake/train/F02_SSB10720275.wav,2
/USERSPACE/DATASETS/CodecFake/train/F02_p316_273.wav,2
/USERSPACE/DATASETS/CodecFake/train/F02_p240_346.wav,2
/USERSPACE/DATASETS/CodecFake/train/F02_p256_185.wav,2
/USERSPACE/DATASETS/CodecFake/train/F02_SSB03090335.wav,2
/USERSPACE/DATASETS/CodecFake/train/F02_p274_225.wav,2
/USERSPACE/DATASETS/CodecFake/train/F02_SSB12180345.wav,2
/USERSPACE/DATASETS/CodecFake/train/F02_SSB06140290.wav,2
/USERSPACE/DATASETS/CodecFake/train/F02_SSB17810224.wav,2
/USERSPACE/DATASETS/CodecFake/train/F02_SSB19180248.wav,2
/USERSPACE/DATASETS/CodecFake/train/F02_SSB03390131.wav,2
/USERSPACE/DATASETS/CodecFake/train/F02_SSB16250430.wav,2
/USERSPACE/DATASETS/CodecFake/train/F02_p243_026.wav,2
/USERSPACE/DATASETS/CodecFake/train/F02_SSB10500227.wav,2
/USERSPACE/DATASETS/CodecFake/train/F02_p310_086.wav,2
/USERSPACE/DATASETS/CodecFake/train/F02_SSB00160240.wav,2
/USERSPACE/DATASETS/CodecFake/train/F02_p277_123.wav,2
/USERSPACE/DATASETS/CodecFake/train/F02_SSB13220279.wav,2
/USERSPACE/DATASETS/CodecFake/train/F02_p307_293.wav,2
/USERSPACE/DATASETS/CodecFake/train/F02_SSB10010392.wav,2
/USERSPACE/DATASETS/CodecFake/train/F02_SSB03090082.wav,2
/USERSPACE/DATASETS/CodecFake/train/F02_SSB08870085.wav,2
/USERSPACE/DATASETS/CodecFake/train/F02_SSB11350200.wav,2
/USERSPACE/DATASETS/CodecFake/train/F02_SSB02610171.wav,2
/USERSPACE/DATASETS/CodecFake/train/F02_SSB06660055.wav,2
/USERSPACE/DATASETS/CodecFake/train/F02_SSB00570313.wav,2
/USERSPACE/DATASETS/CodecFake/train/F02_SSB19180263.wav,2
/USERSPACE/DATASETS/CodecFake/train/F02_p231_226.wav,2
/USERSPACE/DATASETS/CodecFake/train/F02_p262_196.wav,2
/USERSPACE/DATASETS/CodecFake/train/F02_p250_232.wav,2
/USERSPACE/DATASETS/CodecFake/train/F02_SSB18320214.wav,2
/USERSPACE/DATASETS/CodecFake/train/F02_p330_268.wav,2
/USERSPACE/DATASETS/CodecFake/train/F02_SSB06060275.wav,2
/USERSPACE/DATASETS/CodecFake/train/F02_SSB03790040.wav,2
/USERSPACE/DATASETS/CodecFake/train/F02_SSB04350275.wav,2
/USERSPACE/DATASETS/CodecFake/train/F02_SSB11260404.wav,2
/USERSPACE/DATASETS/CodecFake/train/F02_SSB05650095.wav,2
/USERSPACE/DATASETS/CodecFake/train/F02_SSB12180331.wav,2
/USERSPACE/DATASETS/CodecFake/train/F02_p286_231.wav,2
/USERSPACE/DATASETS/CodecFake/train/F02_p270_268.wav,2
/USERSPACE/DATASETS/CodecFake/train/F02_SSB02000380.wav,2
/USERSPACE/DATASETS/CodecFake/train/F02_p298_136.wav,2
/USERSPACE/DATASETS/CodecFake/train/F02_SSB11970495.wav,2
/USERSPACE/DATASETS/CodecFake/train/F02_SSB03390269.wav,2
/USERSPACE/DATASETS/CodecFake/train/F02_p257_367.wav,2
/USERSPACE/DATASETS/CodecFake/train/F02_p263_320.wav,2
/USERSPACE/DATASETS/CodecFake/train/F02_SSB02460036.wav,2
/USERSPACE/DATASETS/CodecFake/train/F02_SSB18090422.wav,2
/USERSPACE/DATASETS/CodecFake/train/F02_SSB03150022.wav,2
/USERSPACE/DATASETS/CodecFake/train/F02_SSB13410091.wav,2
/USERSPACE/DATASETS/CodecFake/train/F02_SSB01930066.wav,2
/USERSPACE/DATASETS/CodecFake/train/F02_SSB07580397.wav,2
/USERSPACE/DATASETS/CodecFake/train/F02_p311_268.wav,2
/USERSPACE/DATASETS/CodecFake/train/F02_SSB03850185.wav,2
/USERSPACE/DATASETS/CodecFake/train/F02_SSB01970017.wav,2
/USERSPACE/DATASETS/CodecFake/train/F02_p248_087.wav,2
/USERSPACE/DATASETS/CodecFake/train/F02_p246_338.wav,2
/USERSPACE/DATASETS/CodecFake/train/F02_SSB04070410.wav,2
/USERSPACE/DATASETS/CodecFake/train/F02_SSB00570179.wav,2
/USERSPACE/DATASETS/CodecFake/train/F02_p308_131.wav,2
/USERSPACE/DATASETS/CodecFake/train/F02_p286_372.wav,2
/USERSPACE/DATASETS/CodecFake/train/F02_SSB07000122.wav,2
/USERSPACE/DATASETS/CodecFake/train/F02_p360_061.wav,2
/USERSPACE/DATASETS/CodecFake/train/F02_p263_014.wav,2
/USERSPACE/DATASETS/CodecFake/train/F02_p347_374.wav,2
/USERSPACE/DATASETS/CodecFake/train/F02_p231_417.wav,2
/USERSPACE/DATASETS/CodecFake/train/F02_SSB18090376.wav,2
/USERSPACE/DATASETS/CodecFake/train/F02_p261_111.wav,2
/USERSPACE/DATASETS/CodecFake/train/F02_p351_365.wav,2
/USERSPACE/DATASETS/CodecFake/train/F02_SSB10910066.wav,2
/USERSPACE/DATASETS/CodecFake/train/F02_SSB09660144.wav,2
/USERSPACE/DATASETS/CodecFake/train/F02_SSB06680321.wav,2
/USERSPACE/DATASETS/CodecFake/train/F02_SSB12180401.wav,2
/USERSPACE/DATASETS/CodecFake/train/F02_SSB00570463.wav,2
/USERSPACE/DATASETS/CodecFake/train/F02_SSB05390330.wav,2
/USERSPACE/DATASETS/CodecFake/train/F02_p302_074.wav,2
/USERSPACE/DATASETS/CodecFake/train/F02_p336_049.wav,2
/USERSPACE/DATASETS/CodecFake/train/F02_SSB00380014.wav,2
/USERSPACE/DATASETS/CodecFake/train/F02_SSB00730269.wav,2
/USERSPACE/DATASETS/CodecFake/train/F02_p238_011.wav,2
/USERSPACE/DATASETS/CodecFake/train/F02_SSB09930402.wav,2
/USERSPACE/DATASETS/CodecFake/train/F02_p248_168.wav,2
/USERSPACE/DATASETS/CodecFake/train/F02_SSB07780047.wav,2
/USERSPACE/DATASETS/CodecFake/train/F02_SSB13200393.wav,2
/USERSPACE/DATASETS/CodecFake/train/F02_SSB01490466.wav,2
/USERSPACE/DATASETS/CodecFake/train/F02_p318_390.wav,2
/USERSPACE/DATASETS/CodecFake/train/F02_p266_327.wav,2
/USERSPACE/DATASETS/CodecFake/train/F02_SSB07940420.wav,2
/USERSPACE/DATASETS/CodecFake/train/F02_SSB10010404.wav,2
/USERSPACE/DATASETS/CodecFake/train/F02_SSB05990422.wav,2
/USERSPACE/DATASETS/CodecFake/train/F02_p252_062.wav,2
/USERSPACE/DATASETS/CodecFake/train/F02_SSB03070071.wav,2
/USERSPACE/DATASETS/CodecFake/train/F02_p310_368.wav,2
/USERSPACE/DATASETS/CodecFake/train/F02_p261_422.wav,2
/USERSPACE/DATASETS/CodecFake/train/F02_p376_053.wav,2
/USERSPACE/DATASETS/CodecFake/train/F02_p247_234.wav,2
/USERSPACE/DATASETS/CodecFake/train/F02_p292_128.wav,2
/USERSPACE/DATASETS/CodecFake/train/F02_SSB05340196.wav,2
/USERSPACE/DATASETS/CodecFake/train/F02_SSB18910066.wav,2
/USERSPACE/DATASETS/CodecFake/train/F02_p293_120.wav,2
/USERSPACE/DATASETS/CodecFake/train/F02_p294_092.wav,2
/USERSPACE/DATASETS/CodecFake/train/F02_SSB04150115.wav,2
/USERSPACE/DATASETS/CodecFake/train/F02_p333_016.wav,2
/USERSPACE/DATASETS/CodecFake/train/F02_p256_154.wav,2
/USERSPACE/DATASETS/CodecFake/train/F02_SSB02000470.wav,2
/USERSPACE/DATASETS/CodecFake/train/F02_p295_039.wav,2
/USERSPACE/DATASETS/CodecFake/train/F02_SSB06140194.wav,2
/USERSPACE/DATASETS/CodecFake/train/F02_SSB06680090.wav,2
/USERSPACE/DATASETS/CodecFake/train/F02_SSB11380085.wav,2
/USERSPACE/DATASETS/CodecFake/train/F02_p297_117.wav,2
/USERSPACE/DATASETS/CodecFake/train/F02_SSB10020082.wav,2
/USERSPACE/DATASETS/CodecFake/train/F02_SSB11760111.wav,2
/USERSPACE/DATASETS/CodecFake/train/F02_SSB02460223.wav,2
/USERSPACE/DATASETS/CodecFake/train/F02_SSB12180379.wav,2
/USERSPACE/DATASETS/CodecFake/train/F02_SSB04070058.wav,2
/USERSPACE/DATASETS/CodecFake/train/F02_SSB16250478.wav,2
/USERSPACE/DATASETS/CodecFake/train/F02_SSB01120277.wav,2
/USERSPACE/DATASETS/CodecFake/train/F02_SSB06140222.wav,2
/USERSPACE/DATASETS/CodecFake/train/F02_p269_348.wav,2
/USERSPACE/DATASETS/CodecFake/train/F02_SSB03800442.wav,2
/USERSPACE/DATASETS/CodecFake/train/F02_p340_037.wav,2
/USERSPACE/DATASETS/CodecFake/train/F02_SSB11000401.wav,2
/USERSPACE/DATASETS/CodecFake/train/F02_SSB07800338.wav,2
/USERSPACE/DATASETS/CodecFake/train/F02_SSB19180323.wav,2
/USERSPACE/DATASETS/CodecFake/train/F02_SSB04070209.wav,2
/USERSPACE/DATASETS/CodecFake/train/F02_SSB10910220.wav,2
/USERSPACE/DATASETS/CodecFake/train/F02_SSB03390291.wav,2
/USERSPACE/DATASETS/CodecFake/train/F02_p229_128.wav,2
/USERSPACE/DATASETS/CodecFake/train/F02_SSB06010254.wav,2
/USERSPACE/DATASETS/CodecFake/train/F02_p232_354.wav,2
/USERSPACE/DATASETS/CodecFake/train/F02_SSB14480266.wav,2
/USERSPACE/DATASETS/CodecFake/train/F02_p264_248.wav,2
/USERSPACE/DATASETS/CodecFake/train/F02_SSB17110175.wav,2
/USERSPACE/DATASETS/CodecFake/train/F02_p277_017.wav,2
/USERSPACE/DATASETS/CodecFake/train/F02_SSB13200239.wav,2
/USERSPACE/DATASETS/CodecFake/train/F02_p241_304.wav,2
/USERSPACE/DATASETS/CodecFake/train/F02_SSB00180497.wav,2
/USERSPACE/DATASETS/CodecFake/train/F02_SSB06320216.wav,2
/USERSPACE/DATASETS/CodecFake/train/F02_p299_012.wav,2
/USERSPACE/DATASETS/CodecFake/train/F02_SSB03380145.wav,2
/USERSPACE/DATASETS/CodecFake/train/F02_p285_142.wav,2
/USERSPACE/DATASETS/CodecFake/train/F02_SSB05780313.wav,2
/USERSPACE/DATASETS/CodecFake/train/F02_SSB05880477.wav,2
/USERSPACE/DATASETS/CodecFake/train/F02_SSB03380448.wav,2
/USERSPACE/DATASETS/CodecFake/train/F02_SSB03150040.wav,2
/USERSPACE/DATASETS/CodecFake/train/F02_p282_030.wav,2
/USERSPACE/DATASETS/CodecFake/train/F02_p248_012.wav,2
/USERSPACE/DATASETS/CodecFake/train/F02_p269_121.wav,2
/USERSPACE/DATASETS/CodecFake/train/F02_SSB03420391.wav,2
/USERSPACE/DATASETS/CodecFake/train/F02_SSB01450317.wav,2
/USERSPACE/DATASETS/CodecFake/train/F02_SSB01450364.wav,2
/USERSPACE/DATASETS/CodecFake/train/F02_p326_188.wav,2
/USERSPACE/DATASETS/CodecFake/train/F02_p307_103.wav,2
/USERSPACE/DATASETS/CodecFake/train/F02_SSB11310385.wav,2
/USERSPACE/DATASETS/CodecFake/train/F02_SSB07000384.wav,2
/USERSPACE/DATASETS/CodecFake/train/F02_SSB10010233.wav,2
/USERSPACE/DATASETS/CodecFake/train/F02_SSB01390045.wav,2
/USERSPACE/DATASETS/CodecFake/train/F02_p347_324.wav,2
/USERSPACE/DATASETS/CodecFake/train/F02_SSB10720299.wav,2
/USERSPACE/DATASETS/CodecFake/train/F02_p260_004.wav,2
/USERSPACE/DATASETS/CodecFake/train/F02_SSB11100001.wav,2
/USERSPACE/DATASETS/CodecFake/train/F02_SSB00120455.wav,2
/USERSPACE/DATASETS/CodecFake/train/F02_p300_039.wav,2
/USERSPACE/DATASETS/CodecFake/train/F02_p230_155.wav,2
/USERSPACE/DATASETS/CodecFake/train/F02_SSB02610030.wav,2
/USERSPACE/DATASETS/CodecFake/train/F02_SSB09130032.wav,2
/USERSPACE/DATASETS/CodecFake/train/F02_p274_316.wav,2
/USERSPACE/DATASETS/CodecFake/train/F02_SSB02730035.wav,2
/USERSPACE/DATASETS/CodecFake/train/F02_SSB05650392.wav,2
/USERSPACE/DATASETS/CodecFake/train/F02_SSB13220304.wav,2
/USERSPACE/DATASETS/CodecFake/train/F02_p316_375.wav,2
/USERSPACE/DATASETS/CodecFake/train/F02_SSB12740470.wav,2
/USERSPACE/DATASETS/CodecFake/train/F02_SSB06320101.wav,2
/USERSPACE/DATASETS/CodecFake/train/F02_p261_067.wav,2
/USERSPACE/DATASETS/CodecFake/train/F02_p277_264.wav,2
/USERSPACE/DATASETS/CodecFake/train/F02_SSB07020042.wav,2
/USERSPACE/DATASETS/CodecFake/train/F02_p283_139.wav,2
/USERSPACE/DATASETS/CodecFake/train/F02_SSB06030236.wav,2
/USERSPACE/DATASETS/CodecFake/train/F02_p231_386.wav,2
/USERSPACE/DATASETS/CodecFake/train/F02_SSB07480409.wav,2
/USERSPACE/DATASETS/CodecFake/train/F02_SSB05990167.wav,2
/USERSPACE/DATASETS/CodecFake/train/F02_p227_264.wav,2
/USERSPACE/DATASETS/CodecFake/train/F02_SSB18060298.wav,2
/USERSPACE/DATASETS/CodecFake/train/F02_SSB05700234.wav,2
/USERSPACE/DATASETS/CodecFake/train/F02_SSB00120072.wav,2
/USERSPACE/DATASETS/CodecFake/train/F02_p301_339.wav,2
/USERSPACE/DATASETS/CodecFake/train/F02_SSB13410423.wav,2
/USERSPACE/DATASETS/CodecFake/train/F02_SSB11610468.wav,2
/USERSPACE/DATASETS/CodecFake/train/F02_SSB10720214.wav,2
/USERSPACE/DATASETS/CodecFake/train/F02_SSB14520462.wav,2
/USERSPACE/DATASETS/CodecFake/train/F02_SSB17810471.wav,2
/USERSPACE/DATASETS/CodecFake/train/F02_SSB11260056.wav,2
/USERSPACE/DATASETS/CodecFake/train/F02_SSB07510228.wav,2
/USERSPACE/DATASETS/CodecFake/train/F02_p245_280.wav,2
/USERSPACE/DATASETS/CodecFake/train/F02_p270_159.wav,2
/USERSPACE/DATASETS/CodecFake/train/F02_p282_150.wav,2
/USERSPACE/DATASETS/CodecFake/train/F02_SSB07460272.wav,2
/USERSPACE/DATASETS/CodecFake/train/F02_p301_217.wav,2
/USERSPACE/DATASETS/CodecFake/train/F02_p361_380.wav,2
/USERSPACE/DATASETS/CodecFake/train/F02_p255_063.wav,2
/USERSPACE/DATASETS/CodecFake/train/F02_p246_116.wav,2
/USERSPACE/DATASETS/CodecFake/train/F02_SSB06930006.wav,2
/USERSPACE/DATASETS/CodecFake/train/F02_SSB03090389.wav,2
/USERSPACE/DATASETS/CodecFake/train/F02_p248_258.wav,2
/USERSPACE/DATASETS/CodecFake/train/F02_p268_399.wav,2
/USERSPACE/DATASETS/CodecFake/train/F02_SSB04270115.wav,2
/USERSPACE/DATASETS/CodecFake/train/F02_p265_102.wav,2
/USERSPACE/DATASETS/CodecFake/train/F02_SSB07840159.wav,2
/USERSPACE/DATASETS/CodecFake/train/F02_SSB09660458.wav,2
/USERSPACE/DATASETS/CodecFake/train/F02_p229_118.wav,2
/USERSPACE/DATASETS/CodecFake/train/F02_SSB13220178.wav,2
/USERSPACE/DATASETS/CodecFake/train/F02_SSB04350184.wav,2
/USERSPACE/DATASETS/CodecFake/train/F02_SSB12740268.wav,2
/USERSPACE/DATASETS/CodecFake/train/F02_SSB16250457.wav,2
/USERSPACE/DATASETS/CodecFake/train/F02_p301_037.wav,2
/USERSPACE/DATASETS/CodecFake/train/F02_p311_122.wav,2
/USERSPACE/DATASETS/CodecFake/train/F02_SSB13930458.wav,2
/USERSPACE/DATASETS/CodecFake/train/F02_p313_140.wav,2
/USERSPACE/DATASETS/CodecFake/train/F02_SSB07480144.wav,2
/USERSPACE/DATASETS/CodecFake/train/F02_SSB03540417.wav,2
/USERSPACE/DATASETS/CodecFake/train/F02_SSB06070050.wav,2
/USERSPACE/DATASETS/CodecFake/train/F02_p279_164.wav,2
/USERSPACE/DATASETS/CodecFake/train/F02_p317_332.wav,2
/USERSPACE/DATASETS/CodecFake/train/F02_SSB04070069.wav,2
/USERSPACE/DATASETS/CodecFake/train/F02_SSB12150433.wav,2
/USERSPACE/DATASETS/CodecFake/train/F02_SSB15670042.wav,2
/USERSPACE/DATASETS/CodecFake/train/F02_SSB07940324.wav,2
/USERSPACE/DATASETS/CodecFake/train/F02_p273_279.wav,2
/USERSPACE/DATASETS/CodecFake/train/F02_SSB05390186.wav,2
/USERSPACE/DATASETS/CodecFake/train/F02_p234_029.wav,2
/USERSPACE/DATASETS/CodecFake/train/F02_SSB18460476.wav,2
/USERSPACE/DATASETS/CodecFake/train/F02_p273_253.wav,2
/USERSPACE/DATASETS/CodecFake/train/F02_SSB07490100.wav,2
/USERSPACE/DATASETS/CodecFake/train/F02_p300_367.wav,2
/USERSPACE/DATASETS/CodecFake/train/F02_SSB10640218.wav,2
/USERSPACE/DATASETS/CodecFake/train/F02_p305_258.wav,2
/USERSPACE/DATASETS/CodecFake/train/F02_p227_399.wav,2
/USERSPACE/DATASETS/CodecFake/train/F02_SSB14520451.wav,2
/USERSPACE/DATASETS/CodecFake/train/F02_SSB01220220.wav,2
/USERSPACE/DATASETS/CodecFake/train/F02_SSB03420094.wav,2
/USERSPACE/DATASETS/CodecFake/train/F02_p308_065.wav,2
/USERSPACE/DATASETS/CodecFake/train/F02_SSB05880159.wav,2
/USERSPACE/DATASETS/CodecFake/train/F02_SSB12210415.wav,2
/USERSPACE/DATASETS/CodecFake/train/F02_SSB03160046.wav,2
/USERSPACE/DATASETS/CodecFake/train/F02_SSB12740076.wav,2
/USERSPACE/DATASETS/CodecFake/train/F02_p239_339.wav,2
/USERSPACE/DATASETS/CodecFake/train/F02_p229_127.wav,2
/USERSPACE/DATASETS/CodecFake/train/F02_SSB01490124.wav,2
/USERSPACE/DATASETS/CodecFake/train/F02_p308_121.wav,2
/USERSPACE/DATASETS/CodecFake/train/F02_p260_305.wav,2
/USERSPACE/DATASETS/CodecFake/train/F02_p246_002.wav,2
/USERSPACE/DATASETS/CodecFake/train/F02_p269_025.wav,2
/USERSPACE/DATASETS/CodecFake/train/F02_p362_301.wav,2
/USERSPACE/DATASETS/CodecFake/train/F02_p237_162.wav,2
/USERSPACE/DATASETS/CodecFake/train/F02_SSB00160286.wav,2
/USERSPACE/DATASETS/CodecFake/train/F02_SSB11870077.wav,2
/USERSPACE/DATASETS/CodecFake/train/F02_SSB03070370.wav,2
/USERSPACE/DATASETS/CodecFake/train/F02_SSB16070287.wav,2
/USERSPACE/DATASETS/CodecFake/train/F02_SSB00090097.wav,2
/USERSPACE/DATASETS/CodecFake/train/F02_p316_355.wav,2
/USERSPACE/DATASETS/CodecFake/train/F02_SSB06030062.wav,2
/USERSPACE/DATASETS/CodecFake/train/F02_p317_261.wav,2
/USERSPACE/DATASETS/CodecFake/train/F02_p236_166.wav,2
/USERSPACE/DATASETS/CodecFake/train/F02_SSB05390111.wav,2
/USERSPACE/DATASETS/CodecFake/train/F02_p269_126.wav,2
/USERSPACE/DATASETS/CodecFake/train/F02_SSB15750122.wav,2
/USERSPACE/DATASETS/CodecFake/train/F02_SSB06070274.wav,2
/USERSPACE/DATASETS/CodecFake/train/F02_SSB06010096.wav,2
/USERSPACE/DATASETS/CodecFake/train/F02_SSB16070151.wav,2
/USERSPACE/DATASETS/CodecFake/train/F02_p281_454.wav,2
/USERSPACE/DATASETS/CodecFake/train/F02_SSB10960162.wav,2
/USERSPACE/DATASETS/CodecFake/train/F02_SSB03850363.wav,2
/USERSPACE/DATASETS/CodecFake/train/F02_SSB05350062.wav,2
/USERSPACE/DATASETS/CodecFake/train/F02_p264_488.wav,2
/USERSPACE/DATASETS/CodecFake/train/F02_SSB18370183.wav,2
/USERSPACE/DATASETS/CodecFake/train/F02_SSB05700034.wav,2
/USERSPACE/DATASETS/CodecFake/train/F02_p273_380.wav,2
/USERSPACE/DATASETS/CodecFake/train/F02_SSB01220140.wav,2
/USERSPACE/DATASETS/CodecFake/train/F02_SSB01490243.wav,2
/USERSPACE/DATASETS/CodecFake/train/F02_SSB05350025.wav,2
/USERSPACE/DATASETS/CodecFake/train/F02_SSB03850270.wav,2
/USERSPACE/DATASETS/CodecFake/train/F02_SSB01120124.wav,2
/USERSPACE/DATASETS/CodecFake/train/F02_SSB02870243.wav,2
/USERSPACE/DATASETS/CodecFake/train/F02_p246_271.wav,2
/USERSPACE/DATASETS/CodecFake/train/F02_SSB06090359.wav,2
/USERSPACE/DATASETS/CodecFake/train/F02_SSB07580030.wav,2
/USERSPACE/DATASETS/CodecFake/train/F02_SSB02460234.wav,2
/USERSPACE/DATASETS/CodecFake/train/F02_SSB03850306.wav,2
/USERSPACE/DATASETS/CodecFake/train/F02_SSB12390336.wav,2
/USERSPACE/DATASETS/CodecFake/train/F02_SSB08510106.wav,2
/USERSPACE/DATASETS/CodecFake/train/F02_SSB02870091.wav,2
/USERSPACE/DATASETS/CodecFake/train/F02_SSB04700310.wav,2
/USERSPACE/DATASETS/CodecFake/train/F02_SSB02870028.wav,2
/USERSPACE/DATASETS/CodecFake/train/F02_SSB11360507.wav,2
/USERSPACE/DATASETS/CodecFake/train/F02_SSB18460268.wav,2
/USERSPACE/DATASETS/CodecFake/train/F02_p374_337.wav,2
/USERSPACE/DATASETS/CodecFake/train/F02_SSB03420360.wav,2
/USERSPACE/DATASETS/CodecFake/train/F02_SSB09350480.wav,2
/USERSPACE/DATASETS/CodecFake/train/F02_SSB07600284.wav,2
/USERSPACE/DATASETS/CodecFake/train/F02_SSB03230368.wav,2
/USERSPACE/DATASETS/CodecFake/train/F02_SSB14020095.wav,2
/USERSPACE/DATASETS/CodecFake/train/F02_SSB03070402.wav,2
/USERSPACE/DATASETS/CodecFake/train/F02_SSB07100359.wav,2
/USERSPACE/DATASETS/CodecFake/train/F02_SSB03800380.wav,2
/USERSPACE/DATASETS/CodecFake/train/F02_p345_211.wav,2
/USERSPACE/DATASETS/CodecFake/train/F02_SSB03940347.wav,2
/USERSPACE/DATASETS/CodecFake/train/F02_SSB14080255.wav,2
/USERSPACE/DATASETS/CodecFake/train/F02_SSB08220380.wav,2
/USERSPACE/DATASETS/CodecFake/train/F02_SSB07200206.wav,2
/USERSPACE/DATASETS/CodecFake/train/F02_SSB15750410.wav,2
/USERSPACE/DATASETS/CodecFake/train/F02_p229_367.wav,2
/USERSPACE/DATASETS/CodecFake/train/F02_p239_230.wav,2
/USERSPACE/DATASETS/CodecFake/train/F02_SSB06710294.wav,2
/USERSPACE/DATASETS/CodecFake/train/F02_SSB12160225.wav,2
/USERSPACE/DATASETS/CodecFake/train/F02_SSB18780467.wav,2
/USERSPACE/DATASETS/CodecFake/train/F02_p227_301.wav,2
/USERSPACE/DATASETS/CodecFake/train/F02_SSB19390193.wav,2
/USERSPACE/DATASETS/CodecFake/train/F02_SSB17450244.wav,2
/USERSPACE/DATASETS/CodecFake/train/F02_SSB07490323.wav,2
/USERSPACE/DATASETS/CodecFake/train/F02_SSB07160088.wav,2
/USERSPACE/DATASETS/CodecFake/train/F02_SSB19020027.wav,2
/USERSPACE/DATASETS/CodecFake/train/F02_SSB06060094.wav,2
/USERSPACE/DATASETS/CodecFake/train/F02_p293_055.wav,2
/USERSPACE/DATASETS/CodecFake/train/F02_SSB15930013.wav,2
/USERSPACE/DATASETS/CodecFake/train/F02_SSB18370129.wav,2
/USERSPACE/DATASETS/CodecFake/train/F02_p299_101.wav,2
/USERSPACE/DATASETS/CodecFake/train/F02_p362_181.wav,2
/USERSPACE/DATASETS/CodecFake/train/F02_SSB07800303.wav,2
/USERSPACE/DATASETS/CodecFake/train/F02_SSB16500121.wav,2
/USERSPACE/DATASETS/CodecFake/train/F02_SSB19180488.wav,2
/USERSPACE/DATASETS/CodecFake/train/F02_SSB02880084.wav,2
/USERSPACE/DATASETS/CodecFake/train/F02_SSB08870385.wav,2
/USERSPACE/DATASETS/CodecFake/train/F02_p340_270.wav,2
/USERSPACE/DATASETS/CodecFake/train/F02_p329_187.wav,2
/USERSPACE/DATASETS/CodecFake/train/F02_SSB10200063.wav,2
/USERSPACE/DATASETS/CodecFake/train/F02_p303_006.wav,2
/USERSPACE/DATASETS/CodecFake/train/F02_SSB07580091.wav,2
/USERSPACE/DATASETS/CodecFake/train/F02_SSB05900188.wav,2
/USERSPACE/DATASETS/CodecFake/train/F02_SSB13660145.wav,2
/USERSPACE/DATASETS/CodecFake/train/F02_SSB16240278.wav,2
/USERSPACE/DATASETS/CodecFake/train/F02_SSB15750088.wav,2
/USERSPACE/DATASETS/CodecFake/train/F02_SSB11610179.wav,2
/USERSPACE/DATASETS/CodecFake/train/F02_SSB01120303.wav,2
/USERSPACE/DATASETS/CodecFake/train/F02_SSB04270078.wav,2
/USERSPACE/DATASETS/CodecFake/train/F02_SSB15670207.wav,2
/USERSPACE/DATASETS/CodecFake/train/F02_SSB00330024.wav,2
/USERSPACE/DATASETS/CodecFake/train/F02_SSB00110087.wav,2
/USERSPACE/DATASETS/CodecFake/train/F02_SSB06710502.wav,2
/USERSPACE/DATASETS/CodecFake/train/F02_p254_381.wav,2
/USERSPACE/DATASETS/CodecFake/train/F02_p247_003.wav,2
/USERSPACE/DATASETS/CodecFake/train/F02_p312_408.wav,2
/USERSPACE/DATASETS/CodecFake/train/F02_p308_138.wav,2
/USERSPACE/DATASETS/CodecFake/train/F02_p270_178.wav,2
/USERSPACE/DATASETS/CodecFake/train/F02_SSB10910046.wav,2
/USERSPACE/DATASETS/CodecFake/train/F02_SSB03380007.wav,2
/USERSPACE/DATASETS/CodecFake/train/F02_p286_160.wav,2
/USERSPACE/DATASETS/CodecFake/train/F02_SSB18320308.wav,2
/USERSPACE/DATASETS/CodecFake/train/F02_p308_412.wav,2
/USERSPACE/DATASETS/CodecFake/train/F02_p288_266.wav,2
/USERSPACE/DATASETS/CodecFake/train/F02_SSB09350032.wav,2
/USERSPACE/DATASETS/CodecFake/train/F02_p317_175.wav,2
/USERSPACE/DATASETS/CodecFake/train/F02_SSB06140102.wav,2
/USERSPACE/DATASETS/CodecFake/train/F02_SSB17280500.wav,2
/USERSPACE/DATASETS/CodecFake/train/F02_SSB09130353.wav,2
/USERSPACE/DATASETS/CodecFake/train/F02_SSB06290379.wav,2
/USERSPACE/DATASETS/CodecFake/train/F02_p360_024.wav,2
/USERSPACE/DATASETS/CodecFake/train/F02_p305_382.wav,2
/USERSPACE/DATASETS/CodecFake/train/F02_p281_294.wav,2
/USERSPACE/DATASETS/CodecFake/train/F02_SSB03660453.wav,2
/USERSPACE/DATASETS/CodecFake/train/F02_SSB13660405.wav,2
/USERSPACE/DATASETS/CodecFake/train/F02_SSB00180499.wav,2
/USERSPACE/DATASETS/CodecFake/train/F02_SSB00330224.wav,2
/USERSPACE/DATASETS/CodecFake/train/F02_SSB09870508.wav,2
/USERSPACE/DATASETS/CodecFake/train/F02_SSB07020120.wav,2
/USERSPACE/DATASETS/CodecFake/train/F02_SSB03390273.wav,2
/USERSPACE/DATASETS/CodecFake/train/F02_SSB03820088.wav,2
/USERSPACE/DATASETS/CodecFake/train/F02_SSB13830145.wav,2
/USERSPACE/DATASETS/CodecFake/train/F02_SSB10000272.wav,2
/USERSPACE/DATASETS/CodecFake/train/F02_p374_300.wav,2
/USERSPACE/DATASETS/CodecFake/train/F02_p247_033.wav,2
/USERSPACE/DATASETS/CodecFake/train/F02_SSB06680448.wav,2
/USERSPACE/DATASETS/CodecFake/train/F02_SSB02610053.wav,2
/USERSPACE/DATASETS/CodecFake/train/F02_p230_204.wav,2
/USERSPACE/DATASETS/CodecFake/train/F02_SSB07170218.wav,2
/USERSPACE/DATASETS/CodecFake/train/F02_p281_121.wav,2
/USERSPACE/DATASETS/CodecFake/train/F02_SSB07800223.wav,2
/USERSPACE/DATASETS/CodecFake/train/F02_SSB01930048.wav,2
/USERSPACE/DATASETS/CodecFake/train/F02_p277_006.wav,2
/USERSPACE/DATASETS/CodecFake/train/F02_SSB07020321.wav,2
/USERSPACE/DATASETS/CodecFake/train/F02_p233_184.wav,2
/USERSPACE/DATASETS/CodecFake/train/F02_p283_376.wav,2
/USERSPACE/DATASETS/CodecFake/train/F02_p252_191.wav,2
/USERSPACE/DATASETS/CodecFake/train/F02_SSB18720117.wav,2
/USERSPACE/DATASETS/CodecFake/train/F02_p265_037.wav,2
/USERSPACE/DATASETS/CodecFake/train/F02_SSB01970459.wav,2
/USERSPACE/DATASETS/CodecFake/train/F02_SSB17390129.wav,2
/USERSPACE/DATASETS/CodecFake/train/F02_p294_372.wav,2
/USERSPACE/DATASETS/CodecFake/train/F02_SSB13200359.wav,2
/USERSPACE/DATASETS/CodecFake/train/F02_p333_030.wav,2
/USERSPACE/DATASETS/CodecFake/train/F02_SSB15930167.wav,2
/USERSPACE/DATASETS/CodecFake/train/F02_SSB03750332.wav,2
/USERSPACE/DATASETS/CodecFake/train/F02_SSB07940295.wav,2
/USERSPACE/DATASETS/CodecFake/train/F02_p286_118.wav,2
/USERSPACE/DATASETS/CodecFake/train/F02_p312_369.wav,2
/USERSPACE/DATASETS/CodecFake/train/F02_SSB07940113.wav,2
/USERSPACE/DATASETS/CodecFake/train/F02_SSB14020296.wav,2
/USERSPACE/DATASETS/CodecFake/train/F02_SSB13930278.wav,2
/USERSPACE/DATASETS/CodecFake/train/F02_SSB00050226.wav,2
/USERSPACE/DATASETS/CodecFake/train/F02_p362_039.wav,2
/USERSPACE/DATASETS/CodecFake/train/F02_SSB00570405.wav,2
/USERSPACE/DATASETS/CodecFake/train/F02_SSB03070026.wav,2
/USERSPACE/DATASETS/CodecFake/train/F02_SSB09660070.wav,2
/USERSPACE/DATASETS/CodecFake/train/F02_SSB03390347.wav,2
/USERSPACE/DATASETS/CodecFake/train/F02_p258_404.wav,2
/USERSPACE/DATASETS/CodecFake/train/F02_SSB07510249.wav,2
/USERSPACE/DATASETS/CodecFake/train/F02_SSB02730265.wav,2
/USERSPACE/DATASETS/CodecFake/train/F02_p260_084.wav,2
/USERSPACE/DATASETS/CodecFake/train/F02_SSB15850376.wav,2
/USERSPACE/DATASETS/CodecFake/train/F02_SSB03420429.wav,2
/USERSPACE/DATASETS/CodecFake/train/F02_SSB12190336.wav,2
/USERSPACE/DATASETS/CodecFake/train/F02_p246_251.wav,2
/USERSPACE/DATASETS/CodecFake/train/F02_SSB16500076.wav,2
/USERSPACE/DATASETS/CodecFake/train/F02_p285_246.wav,2
/USERSPACE/DATASETS/CodecFake/train/F02_p278_018.wav,2
/USERSPACE/DATASETS/CodecFake/train/F02_p232_263.wav,2
/USERSPACE/DATASETS/CodecFake/train/F02_p246_236.wav,2
/USERSPACE/DATASETS/CodecFake/train/F02_p269_043.wav,2
/USERSPACE/DATASETS/CodecFake/train/F02_p279_369.wav,2
/USERSPACE/DATASETS/CodecFake/train/F02_SSB09190349.wav,2
/USERSPACE/DATASETS/CodecFake/train/F02_p299_397.wav,2
/USERSPACE/DATASETS/CodecFake/train/F02_SSB06320312.wav,2
/USERSPACE/DATASETS/CodecFake/train/F02_SSB13830244.wav,2
/USERSPACE/DATASETS/CodecFake/train/F02_p270_332.wav,2
/USERSPACE/DATASETS/CodecFake/train/F02_SSB19020155.wav,2
/USERSPACE/DATASETS/CodecFake/train/F02_p374_119.wav,2
/USERSPACE/DATASETS/CodecFake/train/F02_SSB16250326.wav,2
/USERSPACE/DATASETS/CodecFake/train/F02_p273_355.wav,2
/USERSPACE/DATASETS/CodecFake/train/F02_SSB04700400.wav,2
/USERSPACE/DATASETS/CodecFake/train/F02_p229_301.wav,2
/USERSPACE/DATASETS/CodecFake/train/F02_SSB15550441.wav,2
/USERSPACE/DATASETS/CodecFake/train/F02_p258_410.wav,2
/USERSPACE/DATASETS/CodecFake/train/F02_SSB08870199.wav,2
/USERSPACE/DATASETS/CodecFake/train/F02_p351_333.wav,2
/USERSPACE/DATASETS/CodecFake/train/F02_SSB06660419.wav,2
/USERSPACE/DATASETS/CodecFake/train/F02_SSB02730446.wav,2
/USERSPACE/DATASETS/CodecFake/train/F02_p374_408.wav,2
/USERSPACE/DATASETS/CodecFake/train/F02_SSB03750218.wav,2
/USERSPACE/DATASETS/CodecFake/train/F02_p248_247.wav,2
/USERSPACE/DATASETS/CodecFake/train/F02_SSB16700345.wav,2
/USERSPACE/DATASETS/CodecFake/train/F02_SSB06010211.wav,2
/USERSPACE/DATASETS/CodecFake/train/F02_SSB01390439.wav,2
/USERSPACE/DATASETS/CodecFake/train/F02_SSB11760041.wav,2
/USERSPACE/DATASETS/CodecFake/train/F02_p343_190.wav,2
/USERSPACE/DATASETS/CodecFake/train/F02_SSB13990259.wav,2
/USERSPACE/DATASETS/CodecFake/train/F02_SSB04150179.wav,2
/USERSPACE/DATASETS/CodecFake/train/F02_p257_296.wav,2
/USERSPACE/DATASETS/CodecFake/train/F02_p227_254.wav,2
/USERSPACE/DATASETS/CodecFake/train/F02_p330_124.wav,2
/USERSPACE/DATASETS/CodecFake/train/F02_SSB12740082.wav,2
/USERSPACE/DATASETS/CodecFake/train/F02_SSB18720004.wav,2
/USERSPACE/DATASETS/CodecFake/train/F02_SSB01390406.wav,2
/USERSPACE/DATASETS/CodecFake/train/F02_SSB06710193.wav,2
/USERSPACE/DATASETS/CodecFake/train/F02_p323_341.wav,2
/USERSPACE/DATASETS/CodecFake/train/F02_p278_178.wav,2
/USERSPACE/DATASETS/CodecFake/train/F02_SSB01390456.wav,2
/USERSPACE/DATASETS/CodecFake/train/F02_SSB16250214.wav,2
/USERSPACE/DATASETS/CodecFake/train/F02_SSB03160388.wav,2
/USERSPACE/DATASETS/CodecFake/train/F02_p243_204.wav,2
/USERSPACE/DATASETS/CodecFake/train/F02_SSB07370375.wav,2
/USERSPACE/DATASETS/CodecFake/train/F02_SSB04340257.wav,2
/USERSPACE/DATASETS/CodecFake/train/F02_SSB03380104.wav,2
/USERSPACE/DATASETS/CodecFake/train/F02_p304_352.wav,2
/USERSPACE/DATASETS/CodecFake/train/F02_p313_330.wav,2
/USERSPACE/DATASETS/CodecFake/train/F02_SSB07600267.wav,2
/USERSPACE/DATASETS/CodecFake/train/F02_p267_417.wav,2
/USERSPACE/DATASETS/CodecFake/train/F02_p233_245.wav,2
/USERSPACE/DATASETS/CodecFake/train/F02_SSB10640380.wav,2
/USERSPACE/DATASETS/CodecFake/train/F02_SSB10550212.wav,2
/USERSPACE/DATASETS/CodecFake/train/F02_SSB07460230.wav,2
/USERSPACE/DATASETS/CodecFake/train/F02_p265_206.wav,2
/USERSPACE/DATASETS/CodecFake/train/F02_SSB06010155.wav,2
/USERSPACE/DATASETS/CodecFake/train/F02_p306_244.wav,2
/USERSPACE/DATASETS/CodecFake/train/F02_SSB13220330.wav,2
/USERSPACE/DATASETS/CodecFake/train/F02_SSB03790003.wav,2
/USERSPACE/DATASETS/CodecFake/train/F02_SSB07360268.wav,2
/USERSPACE/DATASETS/CodecFake/train/F02_p299_236.wav,2
/USERSPACE/DATASETS/CodecFake/train/F02_SSB11250022.wav,2
/USERSPACE/DATASETS/CodecFake/train/F02_SSB10720322.wav,2
/USERSPACE/DATASETS/CodecFake/train/F02_SSB12390368.wav,2
/USERSPACE/DATASETS/CodecFake/train/F02_SSB18780024.wav,2
/USERSPACE/DATASETS/CodecFake/train/F02_p243_251.wav,2
/USERSPACE/DATASETS/CodecFake/train/F02_SSB00050348.wav,2
/USERSPACE/DATASETS/CodecFake/train/F02_SSB02410124.wav,2
/USERSPACE/DATASETS/CodecFake/train/F02_SSB03820095.wav,2
/USERSPACE/DATASETS/CodecFake/train/F02_SSB00050064.wav,2
/USERSPACE/DATASETS/CodecFake/train/F02_SSB06320196.wav,2
/USERSPACE/DATASETS/CodecFake/train/F02_SSB18630301.wav,2
/USERSPACE/DATASETS/CodecFake/train/F02_SSB13200268.wav,2
/USERSPACE/DATASETS/CodecFake/train/F02_p252_079.wav,2
/USERSPACE/DATASETS/CodecFake/train/F02_p363_231.wav,2
/USERSPACE/DATASETS/CodecFake/train/F02_SSB18630121.wav,2
/USERSPACE/DATASETS/CodecFake/train/F02_SSB09130230.wav,2
/USERSPACE/DATASETS/CodecFake/train/F02_SSB13650066.wav,2
/USERSPACE/DATASETS/CodecFake/train/F02_p364_292.wav,2
/USERSPACE/DATASETS/CodecFake/train/F02_SSB07020295.wav,2
/USERSPACE/DATASETS/CodecFake/train/F02_p305_137.wav,2
/USERSPACE/DATASETS/CodecFake/train/F02_SSB06660374.wav,2
/USERSPACE/DATASETS/CodecFake/train/F02_SSB13400378.wav,2
/USERSPACE/DATASETS/CodecFake/train/F02_SSB14370435.wav,2
/USERSPACE/DATASETS/CodecFake/train/F02_SSB05650098.wav,2
/USERSPACE/DATASETS/CodecFake/train/F02_SSB12180182.wav,2
/USERSPACE/DATASETS/CodecFake/train/F02_p259_104.wav,2
/USERSPACE/DATASETS/CodecFake/train/F02_SSB14570291.wav,2
/USERSPACE/DATASETS/CodecFake/train/F02_SSB02460486.wav,2
/USERSPACE/DATASETS/CodecFake/train/F02_p274_048.wav,2
/USERSPACE/DATASETS/CodecFake/train/F02_p263_293.wav,2
/USERSPACE/DATASETS/CodecFake/train/F02_p233_118.wav,2
/USERSPACE/DATASETS/CodecFake/train/F02_SSB01450232.wav,2
/USERSPACE/DATASETS/CodecFake/train/F02_SSB16840144.wav,2
/USERSPACE/DATASETS/CodecFake/train/F02_p269_291.wav,2
/USERSPACE/DATASETS/CodecFake/train/F02_SSB03420127.wav,2
/USERSPACE/DATASETS/CodecFake/train/F02_SSB07020333.wav,2
/USERSPACE/DATASETS/CodecFake/train/F02_SSB18780074.wav,2
/USERSPACE/DATASETS/CodecFake/train/F02_SSB00110276.wav,2
/USERSPACE/DATASETS/CodecFake/train/F02_SSB03940120.wav,2
/USERSPACE/DATASETS/CodecFake/train/F02_SSB08630137.wav,2
/USERSPACE/DATASETS/CodecFake/train/F02_SSB01220080.wav,2
/USERSPACE/DATASETS/CodecFake/train/F02_SSB09350442.wav,2
/USERSPACE/DATASETS/CodecFake/train/F02_SSB03540250.wav,2
/USERSPACE/DATASETS/CodecFake/train/F02_SSB07840347.wav,2
/USERSPACE/DATASETS/CodecFake/train/F02_p244_308.wav,2
/USERSPACE/DATASETS/CodecFake/train/F02_SSB05440127.wav,2
/USERSPACE/DATASETS/CodecFake/train/F02_SSB12040337.wav,2
/USERSPACE/DATASETS/CodecFake/train/F02_p225_056.wav,2
/USERSPACE/DATASETS/CodecFake/train/F02_SSB00090289.wav,2
/USERSPACE/DATASETS/CodecFake/train/F02_SSB15670371.wav,2
/USERSPACE/DATASETS/CodecFake/train/F02_p329_397.wav,2
/USERSPACE/DATASETS/CodecFake/train/F02_SSB01120132.wav,2
/USERSPACE/DATASETS/CodecFake/train/F02_p330_278.wav,2
/USERSPACE/DATASETS/CodecFake/train/F02_p351_377.wav,2
/USERSPACE/DATASETS/CodecFake/train/F02_p253_239.wav,2
/USERSPACE/DATASETS/CodecFake/train/F02_SSB03390137.wav,2
/USERSPACE/DATASETS/CodecFake/train/F02_SSB06060146.wav,2
/USERSPACE/DATASETS/CodecFake/train/F02_SSB14020175.wav,2
/USERSPACE/DATASETS/CodecFake/train/F02_SSB07860451.wav,2
/USERSPACE/DATASETS/CodecFake/train/F02_SSB10550484.wav,2
/USERSPACE/DATASETS/CodecFake/train/F02_SSB04340338.wav,2
/USERSPACE/DATASETS/CodecFake/train/F02_p270_086.wav,2
/USERSPACE/DATASETS/CodecFake/train/F02_SSB02880174.wav,2
/USERSPACE/DATASETS/CodecFake/train/F02_SSB07480303.wav,2
/USERSPACE/DATASETS/CodecFake/train/F02_p270_152.wav,2
/USERSPACE/DATASETS/CodecFake/train/F02_p278_029.wav,2
/USERSPACE/DATASETS/CodecFake/train/F02_SSB14080403.wav,2
/USERSPACE/DATASETS/CodecFake/train/F02_SSB07160130.wav,2
/USERSPACE/DATASETS/CodecFake/train/F02_SSB06680182.wav,2
/USERSPACE/DATASETS/CodecFake/train/F02_SSB06680326.wav,2
/USERSPACE/DATASETS/CodecFake/train/F02_SSB11080004.wav,2
/USERSPACE/DATASETS/CodecFake/train/F02_p347_064.wav,2
/USERSPACE/DATASETS/CodecFake/train/F02_SSB08710118.wav,2
/USERSPACE/DATASETS/CodecFake/train/F02_SSB10720485.wav,2
/USERSPACE/DATASETS/CodecFake/train/F02_SSB00380318.wav,2
/USERSPACE/DATASETS/CodecFake/train/F02_p245_310.wav,2
/USERSPACE/DATASETS/CodecFake/train/F02_p311_307.wav,2
/USERSPACE/DATASETS/CodecFake/train/F02_p280_056.wav,2
/USERSPACE/DATASETS/CodecFake/train/F02_SSB01930177.wav,2
/USERSPACE/DATASETS/CodecFake/train/F02_SSB07000365.wav,2
/USERSPACE/DATASETS/CodecFake/train/F02_SSB07110438.wav,2
/USERSPACE/DATASETS/CodecFake/train/F02_SSB06140407.wav,2
/USERSPACE/DATASETS/CodecFake/train/F02_SSB07580034.wav,2
/USERSPACE/DATASETS/CodecFake/train/F02_p313_207.wav,2
/USERSPACE/DATASETS/CodecFake/train/F02_p362_184.wav,2
/USERSPACE/DATASETS/CodecFake/train/F02_p283_081.wav,2
/USERSPACE/DATASETS/CodecFake/train/F02_p255_107.wav,2
/USERSPACE/DATASETS/CodecFake/train/F02_p273_280.wav,2
/USERSPACE/DATASETS/CodecFake/train/F02_p305_182.wav,2
/USERSPACE/DATASETS/CodecFake/train/F02_p340_116.wav,2
/USERSPACE/DATASETS/CodecFake/train/F02_SSB14370281.wav,2
/USERSPACE/DATASETS/CodecFake/train/F02_SSB02410463.wav,2
/USERSPACE/DATASETS/CodecFake/train/F02_p360_381.wav,2
/USERSPACE/DATASETS/CodecFake/train/F02_SSB06030159.wav,2
/USERSPACE/DATASETS/CodecFake/train/F02_SSB13200197.wav,2
/USERSPACE/DATASETS/CodecFake/train/F02_p251_196.wav,2
/USERSPACE/DATASETS/CodecFake/train/F02_SSB10240050.wav,2
/USERSPACE/DATASETS/CodecFake/train/F02_p245_314.wav,2
/USERSPACE/DATASETS/CodecFake/train/F02_SSB11360373.wav,2
/USERSPACE/DATASETS/CodecFake/train/F02_SSB03390113.wav,2
/USERSPACE/DATASETS/CodecFake/train/F02_p341_160.wav,2
/USERSPACE/DATASETS/CodecFake/train/F02_SSB13020404.wav,2
/USERSPACE/DATASETS/CodecFake/train/F02_SSB06010180.wav,2
/USERSPACE/DATASETS/CodecFake/train/F02_SSB00330232.wav,2
/USERSPACE/DATASETS/CodecFake/train/F02_SSB19560412.wav,2
/USERSPACE/DATASETS/CodecFake/train/F02_SSB07360123.wav,2
/USERSPACE/DATASETS/CodecFake/train/F02_SSB00800106.wav,2
/USERSPACE/DATASETS/CodecFake/train/F02_p263_256.wav,2
/USERSPACE/DATASETS/CodecFake/train/F02_SSB09130310.wav,2
/USERSPACE/DATASETS/CodecFake/train/F02_p239_164.wav,2
/USERSPACE/DATASETS/CodecFake/train/F02_SSB07860079.wav,2
/USERSPACE/DATASETS/CodecFake/train/F02_SSB03230241.wav,2
/USERSPACE/DATASETS/CodecFake/train/F02_p268_339.wav,2
/USERSPACE/DATASETS/CodecFake/train/F02_p230_255.wav,2
/USERSPACE/DATASETS/CodecFake/train/F02_SSB19020169.wav,2
/USERSPACE/DATASETS/CodecFake/train/F02_SSB02870175.wav,2
/USERSPACE/DATASETS/CodecFake/train/F02_p287_204.wav,2
/USERSPACE/DATASETS/CodecFake/train/F02_SSB18280291.wav,2
/USERSPACE/DATASETS/CodecFake/train/F02_SSB18370338.wav,2
/USERSPACE/DATASETS/CodecFake/train/F02_SSB11380171.wav,2
/USERSPACE/DATASETS/CodecFake/train/F02_p268_210.wav,2
/USERSPACE/DATASETS/CodecFake/train/F02_p294_099.wav,2
/USERSPACE/DATASETS/CodecFake/train/F02_SSB03790069.wav,2
/USERSPACE/DATASETS/CodecFake/train/F02_SSB02410452.wav,2
/USERSPACE/DATASETS/CodecFake/train/F02_SSB06710066.wav,2
/USERSPACE/DATASETS/CodecFake/train/F02_SSB06030357.wav,2
/USERSPACE/DATASETS/CodecFake/train/F02_SSB10960075.wav,2
/USERSPACE/DATASETS/CodecFake/train/F02_p248_100.wav,2
/USERSPACE/DATASETS/CodecFake/train/F02_SSB03150136.wav,2
/USERSPACE/DATASETS/CodecFake/train/F02_p347_232.wav,2
/USERSPACE/DATASETS/CodecFake/train/F02_SSB00110235.wav,2
/USERSPACE/DATASETS/CodecFake/train/F02_SSB17390335.wav,2
/USERSPACE/DATASETS/CodecFake/train/F02_SSB11610243.wav,2
/USERSPACE/DATASETS/CodecFake/train/F02_p293_041.wav,2
/USERSPACE/DATASETS/CodecFake/train/F02_SSB03660289.wav,2
/USERSPACE/DATASETS/CodecFake/train/F02_p286_169.wav,2
/USERSPACE/DATASETS/CodecFake/train/F02_p244_015.wav,2
/USERSPACE/DATASETS/CodecFake/train/F02_SSB04150267.wav,2
/USERSPACE/DATASETS/CodecFake/train/F02_SSB03800323.wav,2
/USERSPACE/DATASETS/CodecFake/train/F02_SSB15930239.wav,2
/USERSPACE/DATASETS/CodecFake/train/F02_SSB05440232.wav,2
/USERSPACE/DATASETS/CodecFake/train/F02_SSB06710358.wav,2
/USERSPACE/DATASETS/CodecFake/train/F02_SSB19560288.wav,2
/USERSPACE/DATASETS/CodecFake/train/F02_SSB00570424.wav,2
/USERSPACE/DATASETS/CodecFake/train/F02_SSB06060281.wav,2
/USERSPACE/DATASETS/CodecFake/train/F02_SSB03930447.wav,2
/USERSPACE/DATASETS/CodecFake/train/F02_p292_398.wav,2
/USERSPACE/DATASETS/CodecFake/train/F02_SSB10560436.wav,2
/USERSPACE/DATASETS/CodecFake/train/F02_SSB11380062.wav,2
/USERSPACE/DATASETS/CodecFake/train/F02_SSB07460371.wav,2
/USERSPACE/DATASETS/CodecFake/train/F02_SSB13280483.wav,2
/USERSPACE/DATASETS/CodecFake/train/F02_p252_227.wav,2
/USERSPACE/DATASETS/CodecFake/train/F02_SSB06290204.wav,2
/USERSPACE/DATASETS/CodecFake/train/F02_SSB05440196.wav,2
/USERSPACE/DATASETS/CodecFake/train/F02_p274_370.wav,2
/USERSPACE/DATASETS/CodecFake/train/F02_SSB03790281.wav,2
/USERSPACE/DATASETS/CodecFake/train/F02_SSB13660304.wav,2
/USERSPACE/DATASETS/CodecFake/train/F02_p362_417.wav,2
/USERSPACE/DATASETS/CodecFake/train/F02_SSB09130384.wav,2
/USERSPACE/DATASETS/CodecFake/train/F02_SSB01120023.wav,2
/USERSPACE/DATASETS/CodecFake/train/F02_SSB07510046.wav,2
/USERSPACE/DATASETS/CodecFake/train/F02_p307_160.wav,2
/USERSPACE/DATASETS/CodecFake/train/F02_SSB06310173.wav,2
/USERSPACE/DATASETS/CodecFake/train/F02_SSB07800339.wav,2
/USERSPACE/DATASETS/CodecFake/train/F02_p277_042.wav,2
/USERSPACE/DATASETS/CodecFake/train/F02_p306_277.wav,2
/USERSPACE/DATASETS/CodecFake/train/F02_p249_031.wav,2
/USERSPACE/DATASETS/CodecFake/train/F02_SSB07600266.wav,2
/USERSPACE/DATASETS/CodecFake/train/F02_p255_008.wav,2
/USERSPACE/DATASETS/CodecFake/train/F02_p269_361.wav,2
/USERSPACE/DATASETS/CodecFake/train/F02_p234_028.wav,2
/USERSPACE/DATASETS/CodecFake/train/F02_p376_019.wav,2
/USERSPACE/DATASETS/CodecFake/train/F02_SSB03940209.wav,2
/USERSPACE/DATASETS/CodecFake/train/F02_SSB03800501.wav,2
/USERSPACE/DATASETS/CodecFake/train/F02_SSB03090431.wav,2
/USERSPACE/DATASETS/CodecFake/train/F02_SSB06010245.wav,2
/USERSPACE/DATASETS/CodecFake/train/F02_SSB18320112.wav,2
/USERSPACE/DATASETS/CodecFake/train/F02_SSB13660271.wav,2
/USERSPACE/DATASETS/CodecFake/train/F02_p360_318.wav,2
/USERSPACE/DATASETS/CodecFake/train/F02_p231_004.wav,2
/USERSPACE/DATASETS/CodecFake/train/F02_p240_059.wav,2
/USERSPACE/DATASETS/CodecFake/train/F02_SSB07000125.wav,2
/USERSPACE/DATASETS/CodecFake/train/F02_p330_201.wav,2
/USERSPACE/DATASETS/CodecFake/train/F02_SSB05990423.wav,2
/USERSPACE/DATASETS/CodecFake/train/F02_SSB12180004.wav,2
/USERSPACE/DATASETS/CodecFake/train/F02_SSB02000285.wav,2
/USERSPACE/DATASETS/CodecFake/train/F02_SSB01330012.wav,2
/USERSPACE/DATASETS/CodecFake/train/F02_SSB18090261.wav,2
/USERSPACE/DATASETS/CodecFake/train/F02_p271_139.wav,2
/USERSPACE/DATASETS/CodecFake/train/F02_SSB03380462.wav,2
/USERSPACE/DATASETS/CodecFake/train/F02_SSB18720225.wav,2
/USERSPACE/DATASETS/CodecFake/train/F02_p284_238.wav,2
/USERSPACE/DATASETS/CodecFake/train/F02_p239_008.wav,2
/USERSPACE/DATASETS/CodecFake/train/F02_SSB10640224.wav,2
/USERSPACE/DATASETS/CodecFake/train/F02_p285_151.wav,2
/USERSPACE/DATASETS/CodecFake/train/F02_SSB14370285.wav,2
/USERSPACE/DATASETS/CodecFake/train/F02_SSB13850180.wav,2
/USERSPACE/DATASETS/CodecFake/train/F02_SSB03790046.wav,2
/USERSPACE/DATASETS/CodecFake/train/F02_SSB01930189.wav,2
/USERSPACE/DATASETS/CodecFake/train/F02_SSB07230325.wav,2
/USERSPACE/DATASETS/CodecFake/train/F02_SSB07490314.wav,2
/USERSPACE/DATASETS/CodecFake/train/F02_p253_122.wav,2
/USERSPACE/DATASETS/CodecFake/train/F02_SSB05990019.wav,2
/USERSPACE/DATASETS/CodecFake/train/F02_p232_290.wav,2
/USERSPACE/DATASETS/CodecFake/train/F02_p278_186.wav,2
/USERSPACE/DATASETS/CodecFake/train/F02_p268_173.wav,2
/USERSPACE/DATASETS/CodecFake/train/F02_SSB07860361.wav,2
/USERSPACE/DATASETS/CodecFake/train/F02_SSB19560339.wav,2
/USERSPACE/DATASETS/CodecFake/train/F02_p293_124.wav,2
/USERSPACE/DATASETS/CodecFake/train/F02_p274_354.wav,2
/USERSPACE/DATASETS/CodecFake/train/F02_SSB00120434.wav,2
/USERSPACE/DATASETS/CodecFake/train/F02_SSB03390125.wav,2
/USERSPACE/DATASETS/CodecFake/train/F02_SSB02990018.wav,2
/USERSPACE/DATASETS/CodecFake/train/F02_SSB11100322.wav,2
/USERSPACE/DATASETS/CodecFake/train/F02_SSB00050055.wav,2
/USERSPACE/DATASETS/CodecFake/train/F02_SSB04700506.wav,2
/USERSPACE/DATASETS/CodecFake/train/F02_p362_224.wav,2
/USERSPACE/DATASETS/CodecFake/train/F02_p323_289.wav,2
/USERSPACE/DATASETS/CodecFake/train/F02_SSB19560167.wav,2
/USERSPACE/DATASETS/CodecFake/train/F02_SSB01490130.wav,2
/USERSPACE/DATASETS/CodecFake/train/F02_SSB07860144.wav,2
/USERSPACE/DATASETS/CodecFake/train/F02_SSB03790206.wav,2
/USERSPACE/DATASETS/CodecFake/train/F02_SSB13400020.wav,2
/USERSPACE/DATASETS/CodecFake/train/F02_SSB12530314.wav,2
/USERSPACE/DATASETS/CodecFake/train/F02_SSB05900098.wav,2
/USERSPACE/DATASETS/CodecFake/train/F02_p256_225.wav,2
/USERSPACE/DATASETS/CodecFake/train/F02_SSB15850085.wav,2
/USERSPACE/DATASETS/CodecFake/train/F02_SSB07370462.wav,2
/USERSPACE/DATASETS/CodecFake/train/F02_p316_413.wav,2
/USERSPACE/DATASETS/CodecFake/train/F02_SSB05350038.wav,2
/USERSPACE/DATASETS/CodecFake/train/F02_SSB12150464.wav,2
/USERSPACE/DATASETS/CodecFake/train/F02_SSB01120481.wav,2
/USERSPACE/DATASETS/CodecFake/train/F02_SSB07170242.wav,2
/USERSPACE/DATASETS/CodecFake/train/F02_SSB05900481.wav,2
/USERSPACE/DATASETS/CodecFake/train/F02_SSB05020024.wav,2
/USERSPACE/DATASETS/CodecFake/train/F02_p228_217.wav,2
/USERSPACE/DATASETS/CodecFake/train/F02_p271_168.wav,2
/USERSPACE/DATASETS/CodecFake/train/F02_p311_036.wav,2
/USERSPACE/DATASETS/CodecFake/train/F02_p254_267.wav,2
/USERSPACE/DATASETS/CodecFake/train/F02_p276_071.wav,2
/USERSPACE/DATASETS/CodecFake/train/F02_SSB06060114.wav,2
/USERSPACE/DATASETS/CodecFake/train/F02_SSB13400018.wav,2
/USERSPACE/DATASETS/CodecFake/train/F02_p243_347.wav,2
/USERSPACE/DATASETS/CodecFake/train/F02_p313_079.wav,2
/USERSPACE/DATASETS/CodecFake/train/F02_p239_203.wav,2
/USERSPACE/DATASETS/CodecFake/train/F02_SSB11100118.wav,2
/USERSPACE/DATASETS/CodecFake/train/F02_SSB03750225.wav,2
/USERSPACE/DATASETS/CodecFake/train/F02_p267_419.wav,2
/USERSPACE/DATASETS/CodecFake/train/F02_SSB13020144.wav,2
/USERSPACE/DATASETS/CodecFake/train/F02_SSB15630120.wav,2
/USERSPACE/DATASETS/CodecFake/train/F02_SSB02990270.wav,2
/USERSPACE/DATASETS/CodecFake/train/F02_p258_362.wav,2
/USERSPACE/DATASETS/CodecFake/train/F02_p255_312.wav,2
/USERSPACE/DATASETS/CodecFake/train/F02_SSB06680030.wav,2
/USERSPACE/DATASETS/CodecFake/train/F02_SSB02610393.wav,2
/USERSPACE/DATASETS/CodecFake/train/F02_SSB00120109.wav,2
/USERSPACE/DATASETS/CodecFake/train/F02_SSB05340067.wav,2
/USERSPACE/DATASETS/CodecFake/train/F02_p271_442.wav,2
/USERSPACE/DATASETS/CodecFake/train/F02_SSB16840148.wav,2
/USERSPACE/DATASETS/CodecFake/train/F02_p262_084.wav,2
/USERSPACE/DATASETS/CodecFake/train/F02_SSB15670168.wav,2
/USERSPACE/DATASETS/CodecFake/train/F02_p253_260.wav,2
/USERSPACE/DATASETS/CodecFake/train/F02_SSB16250212.wav,2
/USERSPACE/DATASETS/CodecFake/train/F02_SSB02870380.wav,2
/USERSPACE/DATASETS/CodecFake/train/F02_SSB06710374.wav,2
/USERSPACE/DATASETS/CodecFake/train/F02_SSB03380176.wav,2
/USERSPACE/DATASETS/CodecFake/train/F02_p315_393.wav,2
/USERSPACE/DATASETS/CodecFake/train/F02_SSB00120287.wav,2
/USERSPACE/DATASETS/CodecFake/train/F02_p279_292.wav,2
/USERSPACE/DATASETS/CodecFake/train/F02_SSB05880445.wav,2
/USERSPACE/DATASETS/CodecFake/train/F02_p245_110.wav,2
/USERSPACE/DATASETS/CodecFake/train/F02_p280_232.wav,2
/USERSPACE/DATASETS/CodecFake/train/F02_SSB19350343.wav,2
/USERSPACE/DATASETS/CodecFake/train/F02_SSB06010068.wav,2
/USERSPACE/DATASETS/CodecFake/train/F02_SSB04260194.wav,2
/USERSPACE/DATASETS/CodecFake/train/F02_p281_304.wav,2
/USERSPACE/DATASETS/CodecFake/train/F02_p252_125.wav,2
/USERSPACE/DATASETS/CodecFake/train/F02_p345_162.wav,2
/USERSPACE/DATASETS/CodecFake/train/F02_SSB12150299.wav,2
/USERSPACE/DATASETS/CodecFake/train/F02_SSB15850015.wav,2
/USERSPACE/DATASETS/CodecFake/train/F02_SSB08630408.wav,2
/USERSPACE/DATASETS/CodecFake/train/F02_SSB04340033.wav,2
/USERSPACE/DATASETS/CodecFake/train/F02_p305_069.wav,2
/USERSPACE/DATASETS/CodecFake/train/F02_SSB07620502.wav,2
/USERSPACE/DATASETS/CodecFake/train/F02_SSB07100211.wav,2
/USERSPACE/DATASETS/CodecFake/train/F02_SSB04070386.wav,2
/USERSPACE/DATASETS/CodecFake/train/F02_p265_116.wav,2
/USERSPACE/DATASETS/CodecFake/train/F02_p270_131.wav,2
/USERSPACE/DATASETS/CodecFake/train/F02_p267_182.wav,2
/USERSPACE/DATASETS/CodecFake/train/F02_SSB06680176.wav,2
/USERSPACE/DATASETS/CodecFake/train/F02_p270_065.wav,2
/USERSPACE/DATASETS/CodecFake/train/F02_p334_297.wav,2
/USERSPACE/DATASETS/CodecFake/train/F02_SSB04820294.wav,2
/USERSPACE/DATASETS/CodecFake/train/F02_SSB02460351.wav,2
/USERSPACE/DATASETS/CodecFake/train/F02_SSB07580093.wav,2
/USERSPACE/DATASETS/CodecFake/train/F02_SSB17810462.wav,2
/USERSPACE/DATASETS/CodecFake/train/F02_p271_080.wav,2
/USERSPACE/DATASETS/CodecFake/train/F02_SSB03390409.wav,2
/USERSPACE/DATASETS/CodecFake/train/F02_SSB06660360.wav,2
/USERSPACE/DATASETS/CodecFake/train/F02_SSB10010478.wav,2
/USERSPACE/DATASETS/CodecFake/train/F02_SSB00800128.wav,2
/USERSPACE/DATASETS/CodecFake/train/F02_SSB07600211.wav,2
/USERSPACE/DATASETS/CodecFake/train/F02_SSB01330363.wav,2
/USERSPACE/DATASETS/CodecFake/train/F02_SSB06070163.wav,2
/USERSPACE/DATASETS/CodecFake/train/F02_SSB03070500.wav,2
/USERSPACE/DATASETS/CodecFake/train/F02_SSB07580370.wav,2
/USERSPACE/DATASETS/CodecFake/train/F02_p250_021.wav,2
/USERSPACE/DATASETS/CodecFake/train/F02_p237_221.wav,2
/USERSPACE/DATASETS/CodecFake/train/F02_SSB03410051.wav,2
/USERSPACE/DATASETS/CodecFake/train/F02_SSB06290451.wav,2
/USERSPACE/DATASETS/CodecFake/train/F02_p240_154.wav,2
/USERSPACE/DATASETS/CodecFake/train/F02_SSB02670350.wav,2
/USERSPACE/DATASETS/CodecFake/train/F02_SSB08220197.wav,2
/USERSPACE/DATASETS/CodecFake/train/F02_SSB16240380.wav,2
/USERSPACE/DATASETS/CodecFake/train/F02_SSB07230086.wav,2
/USERSPACE/DATASETS/CodecFake/train/F02_SSB13650326.wav,2
/USERSPACE/DATASETS/CodecFake/train/F02_SSB17110349.wav,2
/USERSPACE/DATASETS/CodecFake/train/F02_SSB18060398.wav,2
/USERSPACE/DATASETS/CodecFake/train/F02_SSB05390399.wav,2
/USERSPACE/DATASETS/CodecFake/train/F02_SSB10560015.wav,2
/USERSPACE/DATASETS/CodecFake/train/F02_SSB15850357.wav,2
/USERSPACE/DATASETS/CodecFake/train/F02_p345_285.wav,2
/USERSPACE/DATASETS/CodecFake/train/F02_SSB08090212.wav,2
/USERSPACE/DATASETS/CodecFake/train/F02_p277_462.wav,2
/USERSPACE/DATASETS/CodecFake/train/F02_SSB17450439.wav,2
/USERSPACE/DATASETS/CodecFake/train/F02_SSB07000269.wav,2
/USERSPACE/DATASETS/CodecFake/train/F02_SSB06060271.wav,2
/USERSPACE/DATASETS/CodecFake/train/F02_p300_061.wav,2
/USERSPACE/DATASETS/CodecFake/train/F02_p336_362.wav,2
/USERSPACE/DATASETS/CodecFake/train/F02_SSB03930010.wav,2
/USERSPACE/DATASETS/CodecFake/train/F02_SSB13220438.wav,2
/USERSPACE/DATASETS/CodecFake/train/F02_SSB18370431.wav,2
/USERSPACE/DATASETS/CodecFake/train/F02_SSB17810139.wav,2
/USERSPACE/DATASETS/CodecFake/train/F02_SSB08710231.wav,2
/USERSPACE/DATASETS/CodecFake/train/F02_SSB10910277.wav,2
/USERSPACE/DATASETS/CodecFake/train/F02_SSB13930255.wav,2
/USERSPACE/DATASETS/CodecFake/train/F02_SSB08090382.wav,2
/USERSPACE/DATASETS/CodecFake/train/F02_SSB03150351.wav,2
/USERSPACE/DATASETS/CodecFake/train/F02_p278_255.wav,2
/USERSPACE/DATASETS/CodecFake/train/F02_SSB07460359.wav,2
/USERSPACE/DATASETS/CodecFake/train/F02_SSB09660183.wav,2
/USERSPACE/DATASETS/CodecFake/train/F02_SSB03820344.wav,2
/USERSPACE/DATASETS/CodecFake/train/F02_SSB06090102.wav,2
/USERSPACE/DATASETS/CodecFake/train/F02_SSB03160175.wav,2
/USERSPACE/DATASETS/CodecFake/train/F02_p266_266.wav,2
/USERSPACE/DATASETS/CodecFake/train/F02_p282_234.wav,2
/USERSPACE/DATASETS/CodecFake/train/F02_SSB06230202.wav,2
/USERSPACE/DATASETS/CodecFake/train/F02_SSB03390055.wav,2
/USERSPACE/DATASETS/CodecFake/train/F02_SSB03380186.wav,2
/USERSPACE/DATASETS/CodecFake/train/F02_p246_200.wav,2
/USERSPACE/DATASETS/CodecFake/train/F02_p329_168.wav,2
/USERSPACE/DATASETS/CodecFake/train/F02_SSB07100236.wav,2
/USERSPACE/DATASETS/CodecFake/train/F02_SSB02880033.wav,2
/USERSPACE/DATASETS/CodecFake/train/F02_p258_189.wav,2
/USERSPACE/DATASETS/CodecFake/train/F02_SSB07840063.wav,2
/USERSPACE/DATASETS/CodecFake/train/F02_SSB19180430.wav,2
/USERSPACE/DATASETS/CodecFake/train/F02_SSB07360121.wav,2
/USERSPACE/DATASETS/CodecFake/train/F02_SSB03820200.wav,2
/USERSPACE/DATASETS/CodecFake/train/F02_SSB05940027.wav,2
/USERSPACE/DATASETS/CodecFake/train/F02_SSB13830365.wav,2
/USERSPACE/DATASETS/CodecFake/train/F02_SSB15670319.wav,2
/USERSPACE/DATASETS/CodecFake/train/F02_p260_175.wav,2
/USERSPACE/DATASETS/CodecFake/train/F02_SSB00110079.wav,2
/USERSPACE/DATASETS/CodecFake/train/F02_p238_245.wav,2
/USERSPACE/DATASETS/CodecFake/train/F02_SSB13280406.wav,2
/USERSPACE/DATASETS/CodecFake/train/F02_p295_119.wav,2
/USERSPACE/DATASETS/CodecFake/train/F02_SSB09660373.wav,2
/USERSPACE/DATASETS/CodecFake/train/F02_SSB00050318.wav,2
/USERSPACE/DATASETS/CodecFake/train/F02_SSB06310092.wav,2
/USERSPACE/DATASETS/CodecFake/train/F02_p229_204.wav,2
/USERSPACE/DATASETS/CodecFake/train/F02_SSB03940297.wav,2
/USERSPACE/DATASETS/CodecFake/train/F02_SSB08510270.wav,2
/USERSPACE/DATASETS/CodecFake/train/F02_SSB18370362.wav,2
/USERSPACE/DATASETS/CodecFake/train/F02_p271_323.wav,2
/USERSPACE/DATASETS/CodecFake/train/F02_SSB05020004.wav,2
/USERSPACE/DATASETS/CodecFake/train/F02_SSB07110422.wav,2
/USERSPACE/DATASETS/CodecFake/train/F02_p340_359.wav,2
/USERSPACE/DATASETS/CodecFake/train/F02_SSB02000080.wav,2
/USERSPACE/DATASETS/CodecFake/train/F02_SSB10560351.wav,2
/USERSPACE/DATASETS/CodecFake/train/F02_p243_386.wav,2
/USERSPACE/DATASETS/CodecFake/train/F02_SSB09350098.wav,2
/USERSPACE/DATASETS/CodecFake/train/F02_p326_031.wav,2
/USERSPACE/DATASETS/CodecFake/train/F02_SSB05700221.wav,2
/USERSPACE/DATASETS/CodecFake/train/F02_SSB03410156.wav,2
/USERSPACE/DATASETS/CodecFake/train/F02_p266_018.wav,2
/USERSPACE/DATASETS/CodecFake/train/F02_p333_086.wav,2
/USERSPACE/DATASETS/CodecFake/train/F02_SSB06320022.wav,2
/USERSPACE/DATASETS/CodecFake/train/F02_SSB03790452.wav,2
/USERSPACE/DATASETS/CodecFake/train/F02_SSB19350054.wav,2
/USERSPACE/DATASETS/CodecFake/train/F02_SSB07580294.wav,2
/USERSPACE/DATASETS/CodecFake/train/F02_SSB03800308.wav,2
/USERSPACE/DATASETS/CodecFake/train/F02_SSB07000404.wav,2
/USERSPACE/DATASETS/CodecFake/train/F02_SSB13770251.wav,2
/USERSPACE/DATASETS/CodecFake/train/F02_SSB06140289.wav,2
/USERSPACE/DATASETS/CodecFake/train/F02_SSB03230310.wav,2
/USERSPACE/DATASETS/CodecFake/train/F02_SSB01970108.wav,2
/USERSPACE/DATASETS/CodecFake/train/F02_SSB16250508.wav,2
/USERSPACE/DATASETS/CodecFake/train/F02_p313_385.wav,2
/USERSPACE/DATASETS/CodecFake/train/F02_p304_309.wav,2
/USERSPACE/DATASETS/CodecFake/train/F02_SSB04070454.wav,2
/USERSPACE/DATASETS/CodecFake/train/F02_SSB10960235.wav,2
/USERSPACE/DATASETS/CodecFake/train/F02_SSB02000002.wav,2
/USERSPACE/DATASETS/CodecFake/train/F02_SSB09930475.wav,2
/USERSPACE/DATASETS/CodecFake/train/F02_SSB14480319.wav,2
/USERSPACE/DATASETS/CodecFake/train/F02_SSB04700222.wav,2
/USERSPACE/DATASETS/CodecFake/train/F02_SSB11760384.wav,2
/USERSPACE/DATASETS/CodecFake/train/F02_SSB04070436.wav,2
/USERSPACE/DATASETS/CodecFake/train/F02_SSB00730247.wav,2
/USERSPACE/DATASETS/CodecFake/train/F02_SSB16700337.wav,2
/USERSPACE/DATASETS/CodecFake/train/F02_SSB05440136.wav,2
/USERSPACE/DATASETS/CodecFake/train/F02_SSB02870270.wav,2
/USERSPACE/DATASETS/CodecFake/train/F02_SSB16500116.wav,2
/USERSPACE/DATASETS/CodecFake/train/F02_p288_405.wav,2
/USERSPACE/DATASETS/CodecFake/train/F02_p334_024.wav,2
/USERSPACE/DATASETS/CodecFake/train/F02_p277_197.wav,2
/USERSPACE/DATASETS/CodecFake/train/F02_SSB01490302.wav,2
/USERSPACE/DATASETS/CodecFake/train/F02_SSB11870245.wav,2
/USERSPACE/DATASETS/CodecFake/train/F02_SSB03750457.wav,2
/USERSPACE/DATASETS/CodecFake/train/F02_p364_104.wav,2
/USERSPACE/DATASETS/CodecFake/train/F02_SSB06320306.wav,2
/USERSPACE/DATASETS/CodecFake/train/F02_SSB08870055.wav,2
/USERSPACE/DATASETS/CodecFake/train/F02_SSB07000422.wav,2
/USERSPACE/DATASETS/CodecFake/train/F02_p297_361.wav,2
/USERSPACE/DATASETS/CodecFake/train/F02_p335_044.wav,2
/USERSPACE/DATASETS/CodecFake/train/F02_SSB00180042.wav,2
/USERSPACE/DATASETS/CodecFake/train/F02_SSB00160401.wav,2
/USERSPACE/DATASETS/CodecFake/train/F02_SSB13020061.wav,2
/USERSPACE/DATASETS/CodecFake/train/F02_p278_090.wav,2
/USERSPACE/DATASETS/CodecFake/train/F02_SSB00430443.wav,2
/USERSPACE/DATASETS/CodecFake/train/F02_SSB03800502.wav,2
/USERSPACE/DATASETS/CodecFake/train/F02_SSB13280285.wav,2
/USERSPACE/DATASETS/CodecFake/train/F02_SSB13820167.wav,2
/USERSPACE/DATASETS/CodecFake/train/F02_SSB16700052.wav,2
/USERSPACE/DATASETS/CodecFake/train/F02_SSB12180457.wav,2
/USERSPACE/DATASETS/CodecFake/train/F02_SSB07460251.wav,2
/USERSPACE/DATASETS/CodecFake/train/F02_p287_034.wav,2
/USERSPACE/DATASETS/CodecFake/train/F02_SSB04260403.wav,2
/USERSPACE/DATASETS/CodecFake/train/F02_SSB05900178.wav,2
/USERSPACE/DATASETS/CodecFake/train/F02_SSB03380191.wav,2
/USERSPACE/DATASETS/CodecFake/train/F02_p308_178.wav,2
/USERSPACE/DATASETS/CodecFake/train/F02_p271_163.wav,2
/USERSPACE/DATASETS/CodecFake/train/F02_SSB00120163.wav,2
/USERSPACE/DATASETS/CodecFake/train/F02_p335_393.wav,2
/USERSPACE/DATASETS/CodecFake/train/F02_SSB03540389.wav,2
/USERSPACE/DATASETS/CodecFake/train/F02_p317_217.wav,2
/USERSPACE/DATASETS/CodecFake/train/F02_SSB09870230.wav,2
/USERSPACE/DATASETS/CodecFake/train/F02_SSB12740480.wav,2
/USERSPACE/DATASETS/CodecFake/train/F02_SSB17590119.wav,2
/USERSPACE/DATASETS/CodecFake/train/F02_p317_387.wav,2
/USERSPACE/DATASETS/CodecFake/train/F02_SSB02730476.wav,2
/USERSPACE/DATASETS/CodecFake/train/F02_SSB06030169.wav,2
/USERSPACE/DATASETS/CodecFake/train/F02_p243_367.wav,2
/USERSPACE/DATASETS/CodecFake/train/F02_SSB07200049.wav,2
/USERSPACE/DATASETS/CodecFake/train/F02_p280_069.wav,2
/USERSPACE/DATASETS/CodecFake/train/F02_SSB03950340.wav,2
/USERSPACE/DATASETS/CodecFake/train/F02_SSB07620225.wav,2
/USERSPACE/DATASETS/CodecFake/train/F02_p317_042.wav,2
/USERSPACE/DATASETS/CodecFake/train/F02_p265_328.wav,2
/USERSPACE/DATASETS/CodecFake/train/F02_SSB11310258.wav,2
/USERSPACE/DATASETS/CodecFake/train/F02_p292_302.wav,2
/USERSPACE/DATASETS/CodecFake/train/F02_SSB16860116.wav,2
/USERSPACE/DATASETS/CodecFake/train/F02_SSB02990058.wav,2
/USERSPACE/DATASETS/CodecFake/train/F02_SSB07580004.wav,2
/USERSPACE/DATASETS/CodecFake/train/F02_SSB17390111.wav,2
/USERSPACE/DATASETS/CodecFake/train/F02_SSB06930079.wav,2
/USERSPACE/DATASETS/CodecFake/train/F02_SSB07460309.wav,2
/USERSPACE/DATASETS/CodecFake/train/F02_SSB07160421.wav,2
/USERSPACE/DATASETS/CodecFake/train/F02_SSB03390323.wav,2
/USERSPACE/DATASETS/CodecFake/train/F02_p281_364.wav,2
/USERSPACE/DATASETS/CodecFake/train/F02_SSB16250315.wav,2
/USERSPACE/DATASETS/CodecFake/train/F02_p233_319.wav,2
/USERSPACE/DATASETS/CodecFake/train/F02_p334_271.wav,2
/USERSPACE/DATASETS/CodecFake/train/F02_SSB16500301.wav,2
/USERSPACE/DATASETS/CodecFake/train/F02_SSB09350153.wav,2
/USERSPACE/DATASETS/CodecFake/train/F02_p314_231.wav,2
/USERSPACE/DATASETS/CodecFake/train/F02_p234_238.wav,2
/USERSPACE/DATASETS/CodecFake/train/F02_SSB01330326.wav,2
/USERSPACE/DATASETS/CodecFake/train/F02_SSB16700004.wav,2
/USERSPACE/DATASETS/CodecFake/train/F02_SSB18370366.wav,2
/USERSPACE/DATASETS/CodecFake/train/F02_p232_326.wav,2
/USERSPACE/DATASETS/CodecFake/train/F02_p360_297.wav,2
/USERSPACE/DATASETS/CodecFake/train/F02_p343_291.wav,2
/USERSPACE/DATASETS/CodecFake/train/F02_p311_150.wav,2
/USERSPACE/DATASETS/CodecFake/train/F02_SSB03160023.wav,2
/USERSPACE/DATASETS/CodecFake/train/F02_p263_072.wav,2
/USERSPACE/DATASETS/CodecFake/train/F02_SSB11760245.wav,2
/USERSPACE/DATASETS/CodecFake/train/F02_SSB16070357.wav,2
/USERSPACE/DATASETS/CodecFake/train/F02_SSB08870041.wav,2
/USERSPACE/DATASETS/CodecFake/train/F02_SSB15630373.wav,2
/USERSPACE/DATASETS/CodecFake/train/F02_SSB07840075.wav,2
/USERSPACE/DATASETS/CodecFake/train/F02_p229_192.wav,2
/USERSPACE/DATASETS/CodecFake/train/F02_p339_033.wav,2
/USERSPACE/DATASETS/CodecFake/train/F02_p249_297.wav,2
/USERSPACE/DATASETS/CodecFake/train/F02_p376_141.wav,2
/USERSPACE/DATASETS/CodecFake/train/F02_p277_295.wav,2
/USERSPACE/DATASETS/CodecFake/train/F02_SSB03660428.wav,2
/USERSPACE/DATASETS/CodecFake/train/F02_SSB09870500.wav,2
/USERSPACE/DATASETS/CodecFake/train/F02_SSB05880308.wav,2
/USERSPACE/DATASETS/CodecFake/train/F02_SSB05390151.wav,2
/USERSPACE/DATASETS/CodecFake/train/F02_SSB07000003.wav,2
/USERSPACE/DATASETS/CodecFake/train/F02_SSB18630241.wav,2
/USERSPACE/DATASETS/CodecFake/train/F02_SSB00380409.wav,2
/USERSPACE/DATASETS/CodecFake/train/F02_SSB01220297.wav,2
/USERSPACE/DATASETS/CodecFake/train/F02_SSB05440483.wav,2
/USERSPACE/DATASETS/CodecFake/train/F02_SSB04270057.wav,2
/USERSPACE/DATASETS/CodecFake/train/F02_SSB06230382.wav,2
/USERSPACE/DATASETS/CodecFake/train/F02_SSB11100071.wav,2
/USERSPACE/DATASETS/CodecFake/train/F02_SSB00380321.wav,2
/USERSPACE/DATASETS/CodecFake/train/F02_p363_072.wav,2
/USERSPACE/DATASETS/CodecFake/train/F02_SSB18370069.wav,2
/USERSPACE/DATASETS/CodecFake/train/F02_SSB02410336.wav,2
/USERSPACE/DATASETS/CodecFake/train/F02_SSB03420303.wav,2
/USERSPACE/DATASETS/CodecFake/train/F02_p245_238.wav,2
/USERSPACE/DATASETS/CodecFake/train/F02_p364_254.wav,2
/USERSPACE/DATASETS/CodecFake/train/F02_SSB08220443.wav,2
/USERSPACE/DATASETS/CodecFake/train/F02_SSB10910374.wav,2
/USERSPACE/DATASETS/CodecFake/train/F02_SSB09130325.wav,2
/USERSPACE/DATASETS/CodecFake/train/F02_SSB15670260.wav,2
/USERSPACE/DATASETS/CodecFake/train/F02_p239_455.wav,2
/USERSPACE/DATASETS/CodecFake/train/F02_SSB12190468.wav,2
/USERSPACE/DATASETS/CodecFake/train/F02_SSB13660023.wav,2
/USERSPACE/DATASETS/CodecFake/train/F02_SSB18780402.wav,2
/USERSPACE/DATASETS/CodecFake/train/F02_SSB06230303.wav,2
/USERSPACE/DATASETS/CodecFake/train/F02_p243_388.wav,2
/USERSPACE/DATASETS/CodecFake/train/F02_SSB02610328.wav,2
/USERSPACE/DATASETS/CodecFake/train/F02_SSB00050434.wav,2
/USERSPACE/DATASETS/CodecFake/train/F02_SSB03380016.wav,2
/USERSPACE/DATASETS/CodecFake/train/F02_SSB05440016.wav,2
/USERSPACE/DATASETS/CodecFake/train/F02_SSB01220295.wav,2
/USERSPACE/DATASETS/CodecFake/train/F02_SSB06060252.wav,2
/USERSPACE/DATASETS/CodecFake/train/F02_p305_082.wav,2
/USERSPACE/DATASETS/CodecFake/train/F02_p298_258.wav,2
/USERSPACE/DATASETS/CodecFake/train/F02_SSB08510192.wav,2
/USERSPACE/DATASETS/CodecFake/train/F02_p271_344.wav,2
/USERSPACE/DATASETS/CodecFake/train/F02_SSB05340210.wav,2
/USERSPACE/DATASETS/CodecFake/train/F02_SSB16250318.wav,2
/USERSPACE/DATASETS/CodecFake/train/F02_SSB03090271.wav,2
/USERSPACE/DATASETS/CodecFake/train/F02_SSB05440324.wav,2
/USERSPACE/DATASETS/CodecFake/train/F02_SSB07360398.wav,2
/USERSPACE/DATASETS/CodecFake/train/F02_SSB00090290.wav,2
/USERSPACE/DATASETS/CodecFake/train/F02_p340_217.wav,2
/USERSPACE/DATASETS/CodecFake/train/F02_SSB04270441.wav,2
/USERSPACE/DATASETS/CodecFake/train/F02_SSB09970204.wav,2
/USERSPACE/DATASETS/CodecFake/train/F02_p245_045.wav,2
/USERSPACE/DATASETS/CodecFake/train/F02_SSB14370341.wav,2
/USERSPACE/DATASETS/CodecFake/train/F02_SSB15670220.wav,2
/USERSPACE/DATASETS/CodecFake/train/F02_SSB04350185.wav,2
/USERSPACE/DATASETS/CodecFake/train/F02_p304_289.wav,2
/USERSPACE/DATASETS/CodecFake/train/F02_p229_240.wav,2
/USERSPACE/DATASETS/CodecFake/train/F02_SSB07840078.wav,2
/USERSPACE/DATASETS/CodecFake/train/F02_SSB13200322.wav,2
/USERSPACE/DATASETS/CodecFake/train/F02_SSB09660098.wav,2
/USERSPACE/DATASETS/CodecFake/train/F02_SSB08220062.wav,2
/USERSPACE/DATASETS/CodecFake/train/F02_SSB17110113.wav,2
/USERSPACE/DATASETS/CodecFake/train/F02_SSB10550374.wav,2
/USERSPACE/DATASETS/CodecFake/train/F02_p276_138.wav,2
/USERSPACE/DATASETS/CodecFake/train/F02_SSB00110267.wav,2
/USERSPACE/DATASETS/CodecFake/train/F02_SSB14480386.wav,2
/USERSPACE/DATASETS/CodecFake/train/F02_p227_057.wav,2
/USERSPACE/DATASETS/CodecFake/train/F02_SSB10560272.wav,2
/USERSPACE/DATASETS/CodecFake/train/F02_SSB10000013.wav,2
/USERSPACE/DATASETS/CodecFake/train/F02_p300_388.wav,2
/USERSPACE/DATASETS/CodecFake/train/F02_SSB07510277.wav,2
/USERSPACE/DATASETS/CodecFake/train/F02_p343_397.wav,2
/USERSPACE/DATASETS/CodecFake/train/F02_SSB00380317.wav,2
/USERSPACE/DATASETS/CodecFake/train/F02_SSB03230084.wav,2
/USERSPACE/DATASETS/CodecFake/train/F02_SSB01970171.wav,2
/USERSPACE/DATASETS/CodecFake/train/F02_SSB07940353.wav,2
/USERSPACE/DATASETS/CodecFake/train/F02_SSB09130276.wav,2
/USERSPACE/DATASETS/CodecFake/train/F02_SSB05340443.wav,2
/USERSPACE/DATASETS/CodecFake/train/F02_p315_085.wav,2
/USERSPACE/DATASETS/CodecFake/train/F02_p284_198.wav,2
/USERSPACE/DATASETS/CodecFake/train/F02_p297_226.wav,2
/USERSPACE/DATASETS/CodecFake/train/F02_p246_210.wav,2
/USERSPACE/DATASETS/CodecFake/train/F02_SSB07360200.wav,2
/USERSPACE/DATASETS/CodecFake/train/F02_p312_036.wav,2
/USERSPACE/DATASETS/CodecFake/train/F02_SSB12040318.wav,2
/USERSPACE/DATASETS/CodecFake/train/F02_p285_275.wav,2
/USERSPACE/DATASETS/CodecFake/train/F02_SSB10500256.wav,2
/USERSPACE/DATASETS/CodecFake/train/F02_SSB03090183.wav,2
/USERSPACE/DATASETS/CodecFake/train/F02_SSB11970285.wav,2
/USERSPACE/DATASETS/CodecFake/train/F02_SSB18910116.wav,2
/USERSPACE/DATASETS/CodecFake/train/F02_p282_277.wav,2
/USERSPACE/DATASETS/CodecFake/train/F02_SSB06710490.wav,2
/USERSPACE/DATASETS/CodecFake/train/F02_p304_150.wav,2
/USERSPACE/DATASETS/CodecFake/train/F02_p301_085.wav,2
/USERSPACE/DATASETS/CodecFake/train/F02_SSB02460204.wav,2
/USERSPACE/DATASETS/CodecFake/train/F02_p234_032.wav,2
/USERSPACE/DATASETS/CodecFake/train/F02_SSB07020336.wav,2
/USERSPACE/DATASETS/CodecFake/train/F02_SSB15850355.wav,2
/USERSPACE/DATASETS/CodecFake/train/F02_p254_225.wav,2
/USERSPACE/DATASETS/CodecFake/train/F02_SSB13220128.wav,2
/USERSPACE/DATASETS/CodecFake/train/F02_SSB07200116.wav,2
/USERSPACE/DATASETS/CodecFake/train/F02_SSB11360290.wav,2
/USERSPACE/DATASETS/CodecFake/train/F02_SSB15630266.wav,2
/USERSPACE/DATASETS/CodecFake/train/F02_SSB12150152.wav,2
/USERSPACE/DATASETS/CodecFake/train/F02_SSB17590309.wav,2
/USERSPACE/DATASETS/CodecFake/train/F02_SSB02670090.wav,2
/USERSPACE/DATASETS/CodecFake/train/F02_p298_012.wav,2
/USERSPACE/DATASETS/CodecFake/train/F02_SSB07110121.wav,2
/USERSPACE/DATASETS/CodecFake/train/F02_SSB00800175.wav,2
/USERSPACE/DATASETS/CodecFake/train/F02_SSB05780202.wav,2
/USERSPACE/DATASETS/CodecFake/train/F02_SSB07100239.wav,2
/USERSPACE/DATASETS/CodecFake/train/F02_SSB02990327.wav,2
/USERSPACE/DATASETS/CodecFake/train/F02_SSB12190321.wav,2
/USERSPACE/DATASETS/CodecFake/train/F02_SSB00570296.wav,2
/USERSPACE/DATASETS/CodecFake/train/F02_SSB03090435.wav,2
/USERSPACE/DATASETS/CodecFake/train/F02_SSB10080039.wav,2
/USERSPACE/DATASETS/CodecFake/train/F02_SSB03410482.wav,2
/USERSPACE/DATASETS/CodecFake/train/F02_p257_156.wav,2
/USERSPACE/DATASETS/CodecFake/train/F02_SSB03820043.wav,2
/USERSPACE/DATASETS/CodecFake/train/F02_SSB13650152.wav,2
/USERSPACE/DATASETS/CodecFake/train/F02_SSB15850043.wav,2
/USERSPACE/DATASETS/CodecFake/train/F02_SSB09150397.wav,2
/USERSPACE/DATASETS/CodecFake/train/F02_p307_028.wav,2
/USERSPACE/DATASETS/CodecFake/train/F02_SSB01220217.wav,2
/USERSPACE/DATASETS/CodecFake/train/F02_SSB14370016.wav,2
/USERSPACE/DATASETS/CodecFake/train/F02_SSB06710383.wav,2
/USERSPACE/DATASETS/CodecFake/train/F02_SSB04260371.wav,2
/USERSPACE/DATASETS/CodecFake/train/F02_SSB11100158.wav,2
/USERSPACE/DATASETS/CodecFake/train/F02_SSB07780307.wav,2
/USERSPACE/DATASETS/CodecFake/train/F02_p279_046.wav,2
/USERSPACE/DATASETS/CodecFake/train/F02_SSB01120194.wav,2
/USERSPACE/DATASETS/CodecFake/train/F02_SSB18780312.wav,2
/USERSPACE/DATASETS/CodecFake/train/F02_SSB10240458.wav,2
/USERSPACE/DATASETS/CodecFake/train/F02_p259_329.wav,2
/USERSPACE/DATASETS/CodecFake/train/F02_SSB10640116.wav,2
/USERSPACE/DATASETS/CodecFake/train/F02_p340_246.wav,2
/USERSPACE/DATASETS/CodecFake/train/F02_SSB18780182.wav,2
/USERSPACE/DATASETS/CodecFake/train/F02_SSB11350023.wav,2
/USERSPACE/DATASETS/CodecFake/train/F02_SSB14020392.wav,2
/USERSPACE/DATASETS/CodecFake/train/F02_SSB06060487.wav,2
/USERSPACE/DATASETS/CodecFake/train/F02_p361_204.wav,2
/USERSPACE/DATASETS/CodecFake/train/F02_SSB07600168.wav,2
/USERSPACE/DATASETS/CodecFake/train/F02_p364_180.wav,2
/USERSPACE/DATASETS/CodecFake/train/F02_p283_465.wav,2
/USERSPACE/DATASETS/CodecFake/train/F02_SSB01450314.wav,2
/USERSPACE/DATASETS/CodecFake/train/F02_SSB09130109.wav,2
/USERSPACE/DATASETS/CodecFake/train/F02_p311_057.wav,2
/USERSPACE/DATASETS/CodecFake/train/F02_p238_130.wav,2
/USERSPACE/DATASETS/CodecFake/train/F02_p281_213.wav,2
/USERSPACE/DATASETS/CodecFake/train/F02_SSB19560174.wav,2
/USERSPACE/DATASETS/CodecFake/train/F02_SSB09130037.wav,2
/USERSPACE/DATASETS/CodecFake/train/F02_SSB14310388.wav,2
/USERSPACE/DATASETS/CodecFake/train/F02_SSB05880345.wav,2
/USERSPACE/DATASETS/CodecFake/train/F02_SSB06060161.wav,2
/USERSPACE/DATASETS/CodecFake/train/F02_SSB13280475.wav,2
/USERSPACE/DATASETS/CodecFake/train/F02_SSB06070385.wav,2
/USERSPACE/DATASETS/CodecFake/train/F02_SSB03820211.wav,2
/USERSPACE/DATASETS/CodecFake/train/F02_SSB05340166.wav,2
/USERSPACE/DATASETS/CodecFake/train/F02_SSB12030439.wav,2
/USERSPACE/DATASETS/CodecFake/train/F02_SSB08090109.wav,2
/USERSPACE/DATASETS/CodecFake/train/F02_p284_168.wav,2
/USERSPACE/DATASETS/CodecFake/train/F02_p269_338.wav,2
/USERSPACE/DATASETS/CodecFake/train/F02_SSB16240078.wav,2
/USERSPACE/DATASETS/CodecFake/train/F02_SSB12180462.wav,2
/USERSPACE/DATASETS/CodecFake/train/F02_SSB00110238.wav,2
/USERSPACE/DATASETS/CodecFake/train/F02_SSB07100242.wav,2
/USERSPACE/DATASETS/CodecFake/train/F02_SSB04260349.wav,2
/USERSPACE/DATASETS/CodecFake/train/F02_SSB05940174.wav,2
/USERSPACE/DATASETS/CodecFake/train/F02_SSB05700351.wav,2
/USERSPACE/DATASETS/CodecFake/train/F02_SSB03950089.wav,2
/USERSPACE/DATASETS/CodecFake/train/F02_SSB17450219.wav,2
/USERSPACE/DATASETS/CodecFake/train/F02_SSB00160272.wav,2
/USERSPACE/DATASETS/CodecFake/train/F02_SSB00050041.wav,2
/USERSPACE/DATASETS/CodecFake/train/F02_SSB06320303.wav,2
/USERSPACE/DATASETS/CodecFake/train/F02_SSB01390372.wav,2
/USERSPACE/DATASETS/CodecFake/train/F02_SSB02610495.wav,2
/USERSPACE/DATASETS/CodecFake/train/F02_SSB08170432.wav,2
/USERSPACE/DATASETS/CodecFake/train/F02_SSB11080229.wav,2
/USERSPACE/DATASETS/CodecFake/train/F02_SSB07800035.wav,2
/USERSPACE/DATASETS/CodecFake/train/F02_p257_178.wav,2
/USERSPACE/DATASETS/CodecFake/train/F02_SSB04700293.wav,2
/USERSPACE/DATASETS/CodecFake/train/F02_p280_103.wav,2
/USERSPACE/DATASETS/CodecFake/train/F02_SSB07020434.wav,2
/USERSPACE/DATASETS/CodecFake/train/F02_p266_350.wav,2
/USERSPACE/DATASETS/CodecFake/train/F02_SSB01330419.wav,2
/USERSPACE/DATASETS/CodecFake/train/F02_SSB10960120.wav,2
/USERSPACE/DATASETS/CodecFake/train/F02_p315_196.wav,2
/USERSPACE/DATASETS/CodecFake/train/F02_p234_321.wav,2
/USERSPACE/DATASETS/CodecFake/train/F02_SSB01330354.wav,2
/USERSPACE/DATASETS/CodecFake/train/F02_p341_302.wav,2
/USERSPACE/DATASETS/CodecFake/train/F02_SSB18780013.wav,2
/USERSPACE/DATASETS/CodecFake/train/F02_p268_048.wav,2
/USERSPACE/DATASETS/CodecFake/train/F02_p252_100.wav,2
/USERSPACE/DATASETS/CodecFake/train/F02_p243_273.wav,2
/USERSPACE/DATASETS/CodecFake/train/F02_p283_155.wav,2
/USERSPACE/DATASETS/CodecFake/train/F02_SSB07020113.wav,2
/USERSPACE/DATASETS/CodecFake/train/F02_p316_073.wav,2
/USERSPACE/DATASETS/CodecFake/train/F02_SSB04700303.wav,2
/USERSPACE/DATASETS/CodecFake/train/F02_SSB03790008.wav,2
/USERSPACE/DATASETS/CodecFake/train/F02_SSB00120383.wav,2
/USERSPACE/DATASETS/CodecFake/train/F02_p330_409.wav,2
/USERSPACE/DATASETS/CodecFake/train/F02_p228_145.wav,2
/USERSPACE/DATASETS/CodecFake/train/F02_SSB03950365.wav,2
/USERSPACE/DATASETS/CodecFake/train/F02_SSB14370408.wav,2
/USERSPACE/DATASETS/CodecFake/train/F02_p361_021.wav,2
/USERSPACE/DATASETS/CodecFake/train/F02_SSB06090302.wav,2
/USERSPACE/DATASETS/CodecFake/train/F02_SSB18780333.wav,2
/USERSPACE/DATASETS/CodecFake/train/F02_p249_178.wav,2
/USERSPACE/DATASETS/CodecFake/train/F02_SSB03800491.wav,2
/USERSPACE/DATASETS/CodecFake/train/F02_SSB05650394.wav,2
/USERSPACE/DATASETS/CodecFake/train/F02_SSB13200092.wav,2
/USERSPACE/DATASETS/CodecFake/train/F02_SSB07160005.wav,2
/USERSPACE/DATASETS/CodecFake/train/F02_SSB12150184.wav,2
/USERSPACE/DATASETS/CodecFake/train/F02_p241_229.wav,2
/USERSPACE/DATASETS/CodecFake/train/F02_SSB07460400.wav,2
/USERSPACE/DATASETS/CodecFake/train/F02_p317_278.wav,2
/USERSPACE/DATASETS/CodecFake/train/F02_p236_085.wav,2
/USERSPACE/DATASETS/CodecFake/train/F02_p266_184.wav,2
/USERSPACE/DATASETS/CodecFake/train/F02_p278_053.wav,2
/USERSPACE/DATASETS/CodecFake/train/F02_SSB07620041.wav,2
/USERSPACE/DATASETS/CodecFake/train/F02_SSB06230302.wav,2
/USERSPACE/DATASETS/CodecFake/train/F02_SSB10240357.wav,2
/USERSPACE/DATASETS/CodecFake/train/F02_p262_049.wav,2
/USERSPACE/DATASETS/CodecFake/train/F02_p272_129.wav,2
/USERSPACE/DATASETS/CodecFake/train/F02_SSB14480344.wav,2
/USERSPACE/DATASETS/CodecFake/train/F02_SSB06230245.wav,2
/USERSPACE/DATASETS/CodecFake/train/F02_p288_302.wav,2
/USERSPACE/DATASETS/CodecFake/train/F02_SSB12210088.wav,2
/USERSPACE/DATASETS/CodecFake/train/F02_p333_300.wav,2
/USERSPACE/DATASETS/CodecFake/train/F02_p363_234.wav,2
/USERSPACE/DATASETS/CodecFake/train/F02_p246_204.wav,2
/USERSPACE/DATASETS/CodecFake/train/F02_SSB07780502.wav,2
/USERSPACE/DATASETS/CodecFake/train/F02_p276_205.wav,2
/USERSPACE/DATASETS/CodecFake/train/F02_SSB19350326.wav,2
/USERSPACE/DATASETS/CodecFake/train/F02_SSB07840285.wav,2
/USERSPACE/DATASETS/CodecFake/train/F02_p340_073.wav,2
/USERSPACE/DATASETS/CodecFake/train/F02_SSB13650365.wav,2
/USERSPACE/DATASETS/CodecFake/train/F02_p316_321.wav,2
/USERSPACE/DATASETS/CodecFake/train/F02_p317_001.wav,2
/USERSPACE/DATASETS/CodecFake/train/F02_p245_302.wav,2
/USERSPACE/DATASETS/CodecFake/train/F02_SSB17280290.wav,2
/USERSPACE/DATASETS/CodecFake/train/F02_p234_198.wav,2
/USERSPACE/DATASETS/CodecFake/train/F02_SSB06290281.wav,2
/USERSPACE/DATASETS/CodecFake/train/F02_SSB02990217.wav,2
/USERSPACE/DATASETS/CodecFake/train/F02_SSB01930325.wav,2
/USERSPACE/DATASETS/CodecFake/train/F02_p264_163.wav,2
/USERSPACE/DATASETS/CodecFake/train/F02_SSB19390304.wav,2
/USERSPACE/DATASETS/CodecFake/train/F02_SSB09130082.wav,2
/USERSPACE/DATASETS/CodecFake/train/F02_SSB01490261.wav,2
/USERSPACE/DATASETS/CodecFake/train/F02_SSB16500323.wav,2
/USERSPACE/DATASETS/CodecFake/train/F02_p305_251.wav,2
/USERSPACE/DATASETS/CodecFake/train/F02_SSB06230428.wav,2
/USERSPACE/DATASETS/CodecFake/train/F02_SSB17590013.wav,2
/USERSPACE/DATASETS/CodecFake/train/F02_SSB02880078.wav,2
/USERSPACE/DATASETS/CodecFake/train/F02_SSB05390239.wav,2
/USERSPACE/DATASETS/CodecFake/train/F02_SSB06660001.wav,2
/USERSPACE/DATASETS/CodecFake/train/F02_SSB05020134.wav,2
/USERSPACE/DATASETS/CodecFake/train/F02_SSB06140247.wav,2
/USERSPACE/DATASETS/CodecFake/train/F02_SSB00330206.wav,2
/USERSPACE/DATASETS/CodecFake/train/F02_p227_128.wav,2
/USERSPACE/DATASETS/CodecFake/train/F02_SSB00570038.wav,2
/USERSPACE/DATASETS/CodecFake/train/F02_SSB02870094.wav,2
/USERSPACE/DATASETS/CodecFake/train/F02_SSB09150059.wav,2
/USERSPACE/DATASETS/CodecFake/train/F02_p265_262.wav,2
/USERSPACE/DATASETS/CodecFake/train/F02_p270_114.wav,2
/USERSPACE/DATASETS/CodecFake/train/F02_SSB03150193.wav,2
/USERSPACE/DATASETS/CodecFake/train/F02_SSB00430354.wav,2
/USERSPACE/DATASETS/CodecFake/train/F02_p313_299.wav,2
/USERSPACE/DATASETS/CodecFake/train/F02_SSB07490408.wav,2
/USERSPACE/DATASETS/CodecFake/train/F02_p345_265.wav,2
/USERSPACE/DATASETS/CodecFake/train/F02_SSB04820424.wav,2
/USERSPACE/DATASETS/CodecFake/train/F02_SSB18780322.wav,2
/USERSPACE/DATASETS/CodecFake/train/F02_SSB05390405.wav,2
/USERSPACE/DATASETS/CodecFake/train/F02_SSB11380481.wav,2
/USERSPACE/DATASETS/CodecFake/train/F02_SSB07370452.wav,2
/USERSPACE/DATASETS/CodecFake/train/F02_SSB04340180.wav,2
/USERSPACE/DATASETS/CodecFake/train/F02_SSB02410323.wav,2
/USERSPACE/DATASETS/CodecFake/train/F02_SSB15750117.wav,2
/USERSPACE/DATASETS/CodecFake/train/F02_SSB15630483.wav,2
/USERSPACE/DATASETS/CodecFake/train/F02_p281_255.wav,2
/USERSPACE/DATASETS/CodecFake/train/F02_SSB11310248.wav,2
/USERSPACE/DATASETS/CodecFake/train/F02_SSB04260227.wav,2
/USERSPACE/DATASETS/CodecFake/train/F02_SSB07800274.wav,2
/USERSPACE/DATASETS/CodecFake/train/F02_SSB00120071.wav,2
/USERSPACE/DATASETS/CodecFake/train/F02_SSB03410358.wav,2
/USERSPACE/DATASETS/CodecFake/train/F02_SSB07840165.wav,2
/USERSPACE/DATASETS/CodecFake/train/F02_SSB17820072.wav,2
/USERSPACE/DATASETS/CodecFake/train/F02_p251_143.wav,2
/USERSPACE/DATASETS/CodecFake/train/F02_SSB08170423.wav,2
/USERSPACE/DATASETS/CodecFake/train/F02_p351_134.wav,2
/USERSPACE/DATASETS/CodecFake/train/F02_SSB03950294.wav,2
/USERSPACE/DATASETS/CodecFake/train/F02_p312_404.wav,2
/USERSPACE/DATASETS/CodecFake/train/F02_SSB07800051.wav,2
/USERSPACE/DATASETS/CodecFake/train/F02_p226_191.wav,2
/USERSPACE/DATASETS/CodecFake/train/F02_p323_007.wav,2
/USERSPACE/DATASETS/CodecFake/train/F02_SSB02730166.wav,2
/USERSPACE/DATASETS/CodecFake/train/F02_p339_057.wav,2
/USERSPACE/DATASETS/CodecFake/train/F02_SSB16840276.wav,2
/USERSPACE/DATASETS/CodecFake/train/F02_SSB06230327.wav,2
/USERSPACE/DATASETS/CodecFake/train/F02_SSB11350295.wav,2
/USERSPACE/DATASETS/CodecFake/train/F02_SSB07620243.wav,2
/USERSPACE/DATASETS/CodecFake/train/F02_SSB04260455.wav,2
/USERSPACE/DATASETS/CodecFake/train/F02_SSB03540007.wav,2
/USERSPACE/DATASETS/CodecFake/train/F02_SSB12210349.wav,2
/USERSPACE/DATASETS/CodecFake/train/F02_p229_282.wav,2
/USERSPACE/DATASETS/CodecFake/train/F02_SSB06680119.wav,2
/USERSPACE/DATASETS/CodecFake/train/F02_SSB19350401.wav,2
/USERSPACE/DATASETS/CodecFake/train/F02_SSB07840322.wav,2
/USERSPACE/DATASETS/CodecFake/train/F02_SSB10500456.wav,2
/USERSPACE/DATASETS/CodecFake/train/F02_p301_391.wav,2
/USERSPACE/DATASETS/CodecFake/train/F02_SSB10240376.wav,2
/USERSPACE/DATASETS/CodecFake/train/F02_SSB07160402.wav,2
/USERSPACE/DATASETS/CodecFake/train/F02_p247_005.wav,2
/USERSPACE/DATASETS/CodecFake/train/F02_p374_218.wav,2
/USERSPACE/DATASETS/CodecFake/train/F02_SSB13400267.wav,2
/USERSPACE/DATASETS/CodecFake/train/F02_p304_318.wav,2
/USERSPACE/DATASETS/CodecFake/train/F02_p287_088.wav,2
/USERSPACE/DATASETS/CodecFake/train/F02_SSB02990101.wav,2
/USERSPACE/DATASETS/CodecFake/train/F02_SSB07100489.wav,2
/USERSPACE/DATASETS/CodecFake/train/F02_SSB04820170.wav,2
/USERSPACE/DATASETS/CodecFake/train/F02_SSB16860293.wav,2
/USERSPACE/DATASETS/CodecFake/train/F02_SSB06030141.wav,2
/USERSPACE/DATASETS/CodecFake/train/F02_SSB07110109.wav,2
/USERSPACE/DATASETS/CodecFake/train/F02_SSB07600287.wav,2
/USERSPACE/DATASETS/CodecFake/train/F02_p314_254.wav,2
/USERSPACE/DATASETS/CodecFake/train/F02_SSB17810009.wav,2
/USERSPACE/DATASETS/CodecFake/train/F02_SSB01970352.wav,2
/USERSPACE/DATASETS/CodecFake/train/F02_SSB06140054.wav,2
/USERSPACE/DATASETS/CodecFake/train/F02_SSB01330314.wav,2
/USERSPACE/DATASETS/CodecFake/train/F02_p317_375.wav,2
/USERSPACE/DATASETS/CodecFake/train/F02_SSB13850035.wav,2
/USERSPACE/DATASETS/CodecFake/train/F02_p351_104.wav,2
/USERSPACE/DATASETS/CodecFake/train/F02_SSB16700111.wav,2
/USERSPACE/DATASETS/CodecFake/train/F02_SSB08220078.wav,2
/USERSPACE/DATASETS/CodecFake/train/F02_p233_077.wav,2
/USERSPACE/DATASETS/CodecFake/train/F02_SSB11760338.wav,2
/USERSPACE/DATASETS/CodecFake/train/F02_SSB10010082.wav,2
/USERSPACE/DATASETS/CodecFake/train/F02_SSB06710010.wav,2
/USERSPACE/DATASETS/CodecFake/train/F02_p347_079.wav,2
/USERSPACE/DATASETS/CodecFake/train/F02_p308_063.wav,2
/USERSPACE/DATASETS/CodecFake/train/F02_SSB03090115.wav,2
/USERSPACE/DATASETS/CodecFake/train/F02_SSB03160318.wav,2
/USERSPACE/DATASETS/CodecFake/train/F02_p330_059.wav,2
/USERSPACE/DATASETS/CodecFake/train/F02_SSB00380470.wav,2
/USERSPACE/DATASETS/CodecFake/train/F02_SSB03090205.wav,2
/USERSPACE/DATASETS/CodecFake/train/F02_SSB11310369.wav,2
/USERSPACE/DATASETS/CodecFake/train/F02_SSB07110339.wav,2
/USERSPACE/DATASETS/CodecFake/train/F02_p314_189.wav,2
/USERSPACE/DATASETS/CodecFake/train/F02_SSB11760404.wav,2
/USERSPACE/DATASETS/CodecFake/train/F02_p312_337.wav,2
/USERSPACE/DATASETS/CodecFake/train/F02_SSB07480475.wav,2
/USERSPACE/DATASETS/CodecFake/train/F02_p264_398.wav,2
/USERSPACE/DATASETS/CodecFake/train/F02_p307_388.wav,2
/USERSPACE/DATASETS/CodecFake/train/F02_p339_416.wav,2
/USERSPACE/DATASETS/CodecFake/train/F02_p307_263.wav,2
/USERSPACE/DATASETS/CodecFake/train/F02_SSB01490273.wav,2
/USERSPACE/DATASETS/CodecFake/train/F02_p263_325.wav,2
/USERSPACE/DATASETS/CodecFake/train/F02_SSB15630496.wav,2
/USERSPACE/DATASETS/CodecFake/train/F02_SSB07000313.wav,2
/USERSPACE/DATASETS/CodecFake/train/F02_SSB15630448.wav,2
/USERSPACE/DATASETS/CodecFake/train/F02_SSB18090134.wav,2
/USERSPACE/DATASETS/CodecFake/train/F02_SSB10960211.wav,2
/USERSPACE/DATASETS/CodecFake/train/F02_SSB03090039.wav,2
/USERSPACE/DATASETS/CodecFake/train/F02_SSB05900307.wav,2
/USERSPACE/DATASETS/CodecFake/train/F02_SSB05020303.wav,2
/USERSPACE/DATASETS/CodecFake/train/F02_p310_305.wav,2
/USERSPACE/DATASETS/CodecFake/train/F02_p292_188.wav,2
/USERSPACE/DATASETS/CodecFake/train/F02_p272_135.wav,2
/USERSPACE/DATASETS/CodecFake/train/F02_p313_129.wav,2
/USERSPACE/DATASETS/CodecFake/train/F02_p251_268.wav,2
/USERSPACE/DATASETS/CodecFake/train/F02_SSB02730358.wav,2
/USERSPACE/DATASETS/CodecFake/train/F02_p270_146.wav,2
/USERSPACE/DATASETS/CodecFake/train/F02_SSB06070506.wav,2
/USERSPACE/DATASETS/CodecFake/train/F02_SSB11260161.wav,2
/USERSPACE/DATASETS/CodecFake/train/F02_p323_249.wav,2
/USERSPACE/DATASETS/CodecFake/train/F02_SSB00330415.wav,2
/USERSPACE/DATASETS/CodecFake/train/F02_SSB04270433.wav,2
/USERSPACE/DATASETS/CodecFake/train/F02_SSB16990229.wav,2
/USERSPACE/DATASETS/CodecFake/train/F02_SSB00380218.wav,2
/USERSPACE/DATASETS/CodecFake/train/F02_SSB10500276.wav,2
/USERSPACE/DATASETS/CodecFake/train/F02_SSB08510301.wav,2
/USERSPACE/DATASETS/CodecFake/train/F02_p280_065.wav,2
/USERSPACE/DATASETS/CodecFake/train/F02_SSB04350414.wav,2
/USERSPACE/DATASETS/CodecFake/train/F02_p225_072.wav,2
/USERSPACE/DATASETS/CodecFake/train/F02_SSB18910025.wav,2
/USERSPACE/DATASETS/CodecFake/train/F02_SSB07490011.wav,2
/USERSPACE/DATASETS/CodecFake/train/F02_SSB01490300.wav,2
/USERSPACE/DATASETS/CodecFake/train/F02_p306_202.wav,2
/USERSPACE/DATASETS/CodecFake/train/F02_SSB14570478.wav,2
/USERSPACE/DATASETS/CodecFake/train/F02_SSB03940015.wav,2
/USERSPACE/DATASETS/CodecFake/train/F02_p239_183.wav,2
/USERSPACE/DATASETS/CodecFake/train/F02_SSB07000031.wav,2
/USERSPACE/DATASETS/CodecFake/train/F02_p227_003.wav,2
/USERSPACE/DATASETS/CodecFake/train/F02_SSB02870448.wav,2
/USERSPACE/DATASETS/CodecFake/train/F02_SSB00180152.wav,2
/USERSPACE/DATASETS/CodecFake/train/F02_SSB09350111.wav,2
/USERSPACE/DATASETS/CodecFake/train/F02_SSB06710371.wav,2
/USERSPACE/DATASETS/CodecFake/train/F02_SSB03800284.wav,2
/USERSPACE/DATASETS/CodecFake/train/F02_SSB10080398.wav,2
/USERSPACE/DATASETS/CodecFake/train/F02_p274_006.wav,2
/USERSPACE/DATASETS/CodecFake/train/F02_p243_314.wav,2
/USERSPACE/DATASETS/CodecFake/train/F02_p305_236.wav,2
/USERSPACE/DATASETS/CodecFake/train/F02_SSB03930167.wav,2
/USERSPACE/DATASETS/CodecFake/train/F02_SSB05780028.wav,2
/USERSPACE/DATASETS/CodecFake/train/F02_p261_150.wav,2
/USERSPACE/DATASETS/CodecFake/train/F02_SSB19020214.wav,2
/USERSPACE/DATASETS/CodecFake/train/F02_p229_157.wav,2
/USERSPACE/DATASETS/CodecFake/train/F02_SSB16240483.wav,2
/USERSPACE/DATASETS/CodecFake/train/F02_SSB18720417.wav,2
/USERSPACE/DATASETS/CodecFake/train/F02_p281_227.wav,2
/USERSPACE/DATASETS/CodecFake/train/F02_SSB12180089.wav,2
/USERSPACE/DATASETS/CodecFake/train/F02_SSB10550467.wav,2
/USERSPACE/DATASETS/CodecFake/train/F02_SSB03950243.wav,2
/USERSPACE/DATASETS/CodecFake/train/F02_SSB00380314.wav,2
/USERSPACE/DATASETS/CodecFake/train/F02_SSB09350152.wav,2
/USERSPACE/DATASETS/CodecFake/train/F02_SSB13820024.wav,2
/USERSPACE/DATASETS/CodecFake/train/F02_SSB11970369.wav,2
/USERSPACE/DATASETS/CodecFake/train/F02_SSB15750211.wav,2
/USERSPACE/DATASETS/CodecFake/train/F02_SSB12180192.wav,2
/USERSPACE/DATASETS/CodecFake/train/F02_SSB00730096.wav,2
/USERSPACE/DATASETS/CodecFake/train/F02_p267_220.wav,2
/USERSPACE/DATASETS/CodecFake/train/F02_SSB16860187.wav,2
/USERSPACE/DATASETS/CodecFake/train/F02_SSB04260359.wav,2
/USERSPACE/DATASETS/CodecFake/train/F02_SSB18060213.wav,2
/USERSPACE/DATASETS/CodecFake/train/F02_SSB07480401.wav,2
/USERSPACE/DATASETS/CodecFake/train/F02_SSB13920466.wav,2
/USERSPACE/DATASETS/CodecFake/train/F02_SSB18630385.wav,2
/USERSPACE/DATASETS/CodecFake/train/F02_SSB05940282.wav,2
/USERSPACE/DATASETS/CodecFake/train/F02_SSB01220391.wav,2
/USERSPACE/DATASETS/CodecFake/train/F02_p233_105.wav,2
/USERSPACE/DATASETS/CodecFake/train/F02_p345_217.wav,2
/USERSPACE/DATASETS/CodecFake/train/F02_SSB01390387.wav,2
/USERSPACE/DATASETS/CodecFake/train/F02_SSB13410386.wav,2
/USERSPACE/DATASETS/CodecFake/train/F02_p255_013.wav,2
/USERSPACE/DATASETS/CodecFake/train/F02_SSB09130048.wav,2
/USERSPACE/DATASETS/CodecFake/train/F02_SSB11610161.wav,2
/USERSPACE/DATASETS/CodecFake/train/F02_p284_195.wav,2
/USERSPACE/DATASETS/CodecFake/train/F02_SSB07460198.wav,2
/USERSPACE/DATASETS/CodecFake/train/F02_SSB02870404.wav,2
/USERSPACE/DATASETS/CodecFake/train/F02_p246_097.wav,2
/USERSPACE/DATASETS/CodecFake/train/F02_SSB04700327.wav,2
/USERSPACE/DATASETS/CodecFake/train/F02_SSB01390404.wav,2
/USERSPACE/DATASETS/CodecFake/train/F02_SSB03420232.wav,2
/USERSPACE/DATASETS/CodecFake/train/F02_SSB12150073.wav,2
/USERSPACE/DATASETS/CodecFake/train/F02_p261_406.wav,2
/USERSPACE/DATASETS/CodecFake/train/F02_p261_234.wav,2
/USERSPACE/DATASETS/CodecFake/train/F02_p334_184.wav,2
/USERSPACE/DATASETS/CodecFake/train/F02_p292_211.wav,2
/USERSPACE/DATASETS/CodecFake/train/F02_p276_373.wav,2
/USERSPACE/DATASETS/CodecFake/train/F02_SSB06140240.wav,2
/USERSPACE/DATASETS/CodecFake/train/F02_SSB05020126.wav,2
/USERSPACE/DATASETS/CodecFake/train/F02_p251_141.wav,2
/USERSPACE/DATASETS/CodecFake/train/F02_SSB08870420.wav,2
/USERSPACE/DATASETS/CodecFake/train/F02_SSB11310275.wav,2
/USERSPACE/DATASETS/CodecFake/train/F02_p302_042.wav,2
/USERSPACE/DATASETS/CodecFake/train/F02_SSB02460412.wav,2
/USERSPACE/DATASETS/CodecFake/train/F02_SSB02670320.wav,2
/USERSPACE/DATASETS/CodecFake/train/F02_SSB18370106.wav,2
/USERSPACE/DATASETS/CodecFake/train/F02_SSB12030136.wav,2
/USERSPACE/DATASETS/CodecFake/train/F02_p274_325.wav,2
/USERSPACE/DATASETS/CodecFake/train/F02_SSB12190133.wav,2
/USERSPACE/DATASETS/CodecFake/train/F02_SSB10960474.wav,2
/USERSPACE/DATASETS/CodecFake/train/F02_SSB07200380.wav,2
/USERSPACE/DATASETS/CodecFake/train/F02_p243_177.wav,2
/USERSPACE/DATASETS/CodecFake/train/F02_p311_003.wav,2
/USERSPACE/DATASETS/CodecFake/train/F02_p318_005.wav,2
/USERSPACE/DATASETS/CodecFake/train/F02_SSB03390391.wav,2
/USERSPACE/DATASETS/CodecFake/train/F02_SSB04340304.wav,2
/USERSPACE/DATASETS/CodecFake/train/F02_SSB18310465.wav,2
/USERSPACE/DATASETS/CodecFake/train/F02_SSB04070441.wav,2
/USERSPACE/DATASETS/CodecFake/train/F02_SSB18460120.wav,2
/USERSPACE/DATASETS/CodecFake/train/F02_SSB11380384.wav,2
/USERSPACE/DATASETS/CodecFake/train/F02_SSB07370071.wav,2
/USERSPACE/DATASETS/CodecFake/train/F02_SSB07020239.wav,2
/USERSPACE/DATASETS/CodecFake/train/F02_SSB07100215.wav,2
/USERSPACE/DATASETS/CodecFake/train/F02_SSB12210411.wav,2
/USERSPACE/DATASETS/CodecFake/train/F02_p279_143.wav,2
/USERSPACE/DATASETS/CodecFake/train/F02_p262_169.wav,2
/USERSPACE/DATASETS/CodecFake/train/F02_p245_108.wav,2
/USERSPACE/DATASETS/CodecFake/train/F02_SSB04340425.wav,2
/USERSPACE/DATASETS/CodecFake/train/F02_p271_301.wav,2
/USERSPACE/DATASETS/CodecFake/train/F02_p301_344.wav,2
/USERSPACE/DATASETS/CodecFake/train/F02_SSB03150390.wav,2
/USERSPACE/DATASETS/CodecFake/train/F02_SSB07000342.wav,2
/USERSPACE/DATASETS/CodecFake/train/F02_SSB02000439.wav,2
/USERSPACE/DATASETS/CodecFake/train/F02_SSB06710181.wav,2
/USERSPACE/DATASETS/CodecFake/train/F02_p266_207.wav,2
/USERSPACE/DATASETS/CodecFake/train/F02_p254_248.wav,2
/USERSPACE/DATASETS/CodecFake/train/F02_SSB02730418.wav,2
/USERSPACE/DATASETS/CodecFake/train/F02_SSB06310264.wav,2
/USERSPACE/DATASETS/CodecFake/train/F02_SSB06290481.wav,2
/USERSPACE/DATASETS/CodecFake/train/F02_p335_149.wav,2
/USERSPACE/DATASETS/CodecFake/train/F02_p227_010.wav,2
/USERSPACE/DATASETS/CodecFake/train/F02_SSB13820208.wav,2
/USERSPACE/DATASETS/CodecFake/train/F02_p269_116.wav,2
/USERSPACE/DATASETS/CodecFake/train/F02_p267_185.wav,2
/USERSPACE/DATASETS/CodecFake/train/F02_SSB12040152.wav,2
/USERSPACE/DATASETS/CodecFake/train/F02_p347_239.wav,2
/USERSPACE/DATASETS/CodecFake/train/F02_p268_119.wav,2
/USERSPACE/DATASETS/CodecFake/train/F02_SSB07780232.wav,2
/USERSPACE/DATASETS/CodecFake/train/F02_SSB07160217.wav,2
/USERSPACE/DATASETS/CodecFake/train/F02_SSB07620092.wav,2
/USERSPACE/DATASETS/CodecFake/train/F02_SSB14080333.wav,2
/USERSPACE/DATASETS/CodecFake/train/F02_SSB08630214.wav,2
/USERSPACE/DATASETS/CodecFake/train/F02_SSB07000048.wav,2
/USERSPACE/DATASETS/CodecFake/train/F02_SSB11610026.wav,2
/USERSPACE/DATASETS/CodecFake/train/F02_SSB07200454.wav,2
/USERSPACE/DATASETS/CodecFake/train/F02_SSB14480206.wav,2
/USERSPACE/DATASETS/CodecFake/train/F02_SSB05780372.wav,2
/USERSPACE/DATASETS/CodecFake/train/F02_SSB07370052.wav,2
/USERSPACE/DATASETS/CodecFake/train/F02_p330_383.wav,2
/USERSPACE/DATASETS/CodecFake/train/F02_p254_124.wav,2
/USERSPACE/DATASETS/CodecFake/train/F02_p298_044.wav,2
/USERSPACE/DATASETS/CodecFake/train/F02_SSB07000326.wav,2
/USERSPACE/DATASETS/CodecFake/train/F02_p306_272.wav,2
/USERSPACE/DATASETS/CodecFake/train/F02_p278_327.wav,2
/USERSPACE/DATASETS/CodecFake/train/F02_SSB18460350.wav,2
/USERSPACE/DATASETS/CodecFake/train/F02_SSB03070197.wav,2
/USERSPACE/DATASETS/CodecFake/train/F02_p239_088.wav,2
/USERSPACE/DATASETS/CodecFake/train/F02_SSB05940430.wav,2
/USERSPACE/DATASETS/CodecFake/train/F02_p323_312.wav,2
/USERSPACE/DATASETS/CodecFake/train/F02_SSB03150188.wav,2
/USERSPACE/DATASETS/CodecFake/train/F02_SSB03660306.wav,2
/USERSPACE/DATASETS/CodecFake/train/F02_SSB12040187.wav,2
/USERSPACE/DATASETS/CodecFake/train/F02_p227_030.wav,2
/USERSPACE/DATASETS/CodecFake/train/F02_SSB04270390.wav,2
/USERSPACE/DATASETS/CodecFake/train/F02_SSB10500176.wav,2
/USERSPACE/DATASETS/CodecFake/train/F02_p252_058.wav,2
/USERSPACE/DATASETS/CodecFake/train/F02_p243_297.wav,2
/USERSPACE/DATASETS/CodecFake/train/F02_p303_251.wav,2
/USERSPACE/DATASETS/CodecFake/train/F02_SSB10560108.wav,2
/USERSPACE/DATASETS/CodecFake/train/F02_p270_015.wav,2
/USERSPACE/DATASETS/CodecFake/train/F02_p270_223.wav,2
/USERSPACE/DATASETS/CodecFake/train/F02_SSB03070288.wav,2
/USERSPACE/DATASETS/CodecFake/train/F02_SSB16070458.wav,2
/USERSPACE/DATASETS/CodecFake/train/F02_SSB00120074.wav,2
/USERSPACE/DATASETS/CodecFake/train/F02_p300_258.wav,2
/USERSPACE/DATASETS/CodecFake/train/F02_SSB16240423.wav,2
/USERSPACE/DATASETS/CodecFake/train/F02_SSB12530308.wav,2
/USERSPACE/DATASETS/CodecFake/train/F02_p283_350.wav,2
/USERSPACE/DATASETS/CodecFake/train/F02_SSB15850454.wav,2
/USERSPACE/DATASETS/CodecFake/train/F02_SSB09350042.wav,2
/USERSPACE/DATASETS/CodecFake/train/F02_SSB19180201.wav,2
/USERSPACE/DATASETS/CodecFake/train/F02_SSB03820177.wav,2
/USERSPACE/DATASETS/CodecFake/train/F02_p272_119.wav,2
/USERSPACE/DATASETS/CodecFake/train/F02_p250_197.wav,2
/USERSPACE/DATASETS/CodecFake/train/F02_SSB03150356.wav,2
/USERSPACE/DATASETS/CodecFake/train/F02_p347_396.wav,2
/USERSPACE/DATASETS/CodecFake/train/F02_SSB06010290.wav,2
/USERSPACE/DATASETS/CodecFake/train/F02_SSB13400279.wav,2
/USERSPACE/DATASETS/CodecFake/train/F02_p239_039.wav,2
/USERSPACE/DATASETS/CodecFake/train/F02_SSB16700293.wav,2
/USERSPACE/DATASETS/CodecFake/train/F02_SSB00430179.wav,2
/USERSPACE/DATASETS/CodecFake/train/F02_SSB07860210.wav,2
/USERSPACE/DATASETS/CodecFake/train/F02_SSB11610223.wav,2
/USERSPACE/DATASETS/CodecFake/train/F02_p271_157.wav,2
/USERSPACE/DATASETS/CodecFake/train/F02_SSB06310387.wav,2
/USERSPACE/DATASETS/CodecFake/train/F02_SSB02460190.wav,2
/USERSPACE/DATASETS/CodecFake/train/F02_SSB05440267.wav,2
/USERSPACE/DATASETS/CodecFake/train/F02_SSB07840269.wav,2
/USERSPACE/DATASETS/CodecFake/train/F02_SSB18280187.wav,2
/USERSPACE/DATASETS/CodecFake/train/F02_SSB16240248.wav,2
/USERSPACE/DATASETS/CodecFake/train/F02_SSB18720426.wav,2
/USERSPACE/DATASETS/CodecFake/train/F02_SSB00330327.wav,2
/USERSPACE/DATASETS/CodecFake/train/F02_p234_322.wav,2
/USERSPACE/DATASETS/CodecFake/train/F02_SSB18280019.wav,2
/USERSPACE/DATASETS/CodecFake/train/F02_SSB06680444.wav,2
/USERSPACE/DATASETS/CodecFake/train/F02_SSB00050027.wav,2
/USERSPACE/DATASETS/CodecFake/train/F02_p313_406.wav,2
/USERSPACE/DATASETS/CodecFake/train/F02_SSB16990450.wav,2
/USERSPACE/DATASETS/CodecFake/train/F02_SSB11360134.wav,2
/USERSPACE/DATASETS/CodecFake/train/F02_SSB06230022.wav,2
/USERSPACE/DATASETS/CodecFake/train/F02_SSB06140253.wav,2
/USERSPACE/DATASETS/CodecFake/train/F02_SSB02410253.wav,2
/USERSPACE/DATASETS/CodecFake/train/F02_SSB00330491.wav,2
/USERSPACE/DATASETS/CodecFake/train/F02_SSB06320044.wav,2
/USERSPACE/DATASETS/CodecFake/train/F02_p287_381.wav,2
/USERSPACE/DATASETS/CodecFake/train/F02_p229_265.wav,2
/USERSPACE/DATASETS/CodecFake/train/F02_p360_144.wav,2
/USERSPACE/DATASETS/CodecFake/train/F02_p300_197.wav,2
/USERSPACE/DATASETS/CodecFake/train/F02_p273_389.wav,2
/USERSPACE/DATASETS/CodecFake/train/F02_SSB11310228.wav,2
/USERSPACE/DATASETS/CodecFake/train/F02_SSB02000340.wav,2
/USERSPACE/DATASETS/CodecFake/train/F02_SSB18780208.wav,2
/USERSPACE/DATASETS/CodecFake/train/F02_SSB04150182.wav,2
/USERSPACE/DATASETS/CodecFake/train/F02_p329_410.wav,2
/USERSPACE/DATASETS/CodecFake/train/F02_SSB12190516.wav,2
/USERSPACE/DATASETS/CodecFake/train/F02_p326_340.wav,2
/USERSPACE/DATASETS/CodecFake/train/F02_SSB05650333.wav,2
/USERSPACE/DATASETS/CodecFake/train/F02_SSB13650067.wav,2
/USERSPACE/DATASETS/CodecFake/train/F02_SSB03150224.wav,2
/USERSPACE/DATASETS/CodecFake/train/F02_p250_271.wav,2
/USERSPACE/DATASETS/CodecFake/train/F02_SSB06140182.wav,2
/USERSPACE/DATASETS/CodecFake/train/F02_SSB05990165.wav,2
/USERSPACE/DATASETS/CodecFake/train/F02_p234_092.wav,2
/USERSPACE/DATASETS/CodecFake/train/F02_p330_355.wav,2
/USERSPACE/DATASETS/CodecFake/train/F02_p231_042.wav,2
/USERSPACE/DATASETS/CodecFake/train/F02_SSB00330058.wav,2
/USERSPACE/DATASETS/CodecFake/train/F02_SSB18370445.wav,2
/USERSPACE/DATASETS/CodecFake/train/F02_p248_210.wav,2
/USERSPACE/DATASETS/CodecFake/train/F02_SSB07780412.wav,2
/USERSPACE/DATASETS/CodecFake/train/F02_SSB10560295.wav,2
/USERSPACE/DATASETS/CodecFake/train/F02_SSB19020328.wav,2
/USERSPACE/DATASETS/CodecFake/train/F02_SSB00730474.wav,2
/USERSPACE/DATASETS/CodecFake/train/F02_SSB00180045.wav,2
/USERSPACE/DATASETS/CodecFake/train/F02_SSB14520294.wav,2
/USERSPACE/DATASETS/CodecFake/train/F02_p362_400.wav,2
/USERSPACE/DATASETS/CodecFake/train/F02_SSB02730447.wav,2
/USERSPACE/DATASETS/CodecFake/train/F02_SSB00800238.wav,2
/USERSPACE/DATASETS/CodecFake/train/F02_SSB09970472.wav,2
/USERSPACE/DATASETS/CodecFake/train/F02_SSB09130465.wav,2
/USERSPACE/DATASETS/CodecFake/train/F02_p323_060.wav,2
/USERSPACE/DATASETS/CodecFake/train/F02_SSB18780368.wav,2
/USERSPACE/DATASETS/CodecFake/train/F02_p335_091.wav,2
/USERSPACE/DATASETS/CodecFake/train/F02_p257_425.wav,2
/USERSPACE/DATASETS/CodecFake/train/F02_SSB07000170.wav,2
/USERSPACE/DATASETS/CodecFake/train/F02_SSB00050405.wav,2
/USERSPACE/DATASETS/CodecFake/train/F02_p294_069.wav,2
/USERSPACE/DATASETS/CodecFake/train/F02_SSB03070108.wav,2
/USERSPACE/DATASETS/CodecFake/train/F02_p287_021.wav,2
/USERSPACE/DATASETS/CodecFake/train/F02_p307_118.wav,2
/USERSPACE/DATASETS/CodecFake/train/F02_SSB14020148.wav,2
/USERSPACE/DATASETS/CodecFake/train/F02_p329_129.wav,2
/USERSPACE/DATASETS/CodecFake/train/F02_p244_049.wav,2
/USERSPACE/DATASETS/CodecFake/train/F02_p260_121.wav,2
/USERSPACE/DATASETS/CodecFake/train/F02_SSB19180288.wav,2
/USERSPACE/DATASETS/CodecFake/train/F02_SSB16240105.wav,2
/USERSPACE/DATASETS/CodecFake/train/F02_p307_393.wav,2
/USERSPACE/DATASETS/CodecFake/train/F02_SSB18910453.wav,2
/USERSPACE/DATASETS/CodecFake/train/F02_SSB06230272.wav,2
/USERSPACE/DATASETS/CodecFake/train/F02_p295_158.wav,2
/USERSPACE/DATASETS/CodecFake/train/F02_p313_407.wav,2
/USERSPACE/DATASETS/CodecFake/train/F02_SSB09660002.wav,2
/USERSPACE/DATASETS/CodecFake/train/F02_p303_260.wav,2
/USERSPACE/DATASETS/CodecFake/train/F02_SSB02410187.wav,2
/USERSPACE/DATASETS/CodecFake/train/F02_SSB03390187.wav,2
/USERSPACE/DATASETS/CodecFake/train/F02_SSB10960108.wav,2
/USERSPACE/DATASETS/CodecFake/train/F02_SSB13650453.wav,2
/USERSPACE/DATASETS/CodecFake/train/F02_SSB05880435.wav,2
/USERSPACE/DATASETS/CodecFake/train/F02_p316_240.wav,2
/USERSPACE/DATASETS/CodecFake/train/F02_SSB19020063.wav,2
/USERSPACE/DATASETS/CodecFake/train/F02_p258_360.wav,2
/USERSPACE/DATASETS/CodecFake/train/F02_SSB07170263.wav,2
/USERSPACE/DATASETS/CodecFake/train/F02_SSB04700273.wav,2
/USERSPACE/DATASETS/CodecFake/train/F02_SSB07360224.wav,2
/USERSPACE/DATASETS/CodecFake/train/F02_SSB07620330.wav,2
/USERSPACE/DATASETS/CodecFake/train/F02_SSB02610300.wav,2
/USERSPACE/DATASETS/CodecFake/train/F02_p278_307.wav,2
/USERSPACE/DATASETS/CodecFake/train/F02_SSB10910045.wav,2
/USERSPACE/DATASETS/CodecFake/train/F02_p307_315.wav,2
/USERSPACE/DATASETS/CodecFake/train/F02_SSB02610153.wav,2
/USERSPACE/DATASETS/CodecFake/train/F02_SSB18460358.wav,2
/USERSPACE/DATASETS/CodecFake/train/F02_SSB07480253.wav,2
/USERSPACE/DATASETS/CodecFake/train/F02_SSB10720263.wav,2
/USERSPACE/DATASETS/CodecFake/train/F02_p258_306.wav,2
/USERSPACE/DATASETS/CodecFake/train/F02_SSB05440031.wav,2
/USERSPACE/DATASETS/CodecFake/train/F02_SSB07580407.wav,2
/USERSPACE/DATASETS/CodecFake/train/F02_SSB03230331.wav,2
/USERSPACE/DATASETS/CodecFake/train/F02_p360_050.wav,2
/USERSPACE/DATASETS/CodecFake/train/F02_SSB10640254.wav,2
/USERSPACE/DATASETS/CodecFake/train/F02_SSB03090208.wav,2
/USERSPACE/DATASETS/CodecFake/train/F02_p263_049.wav,2
/USERSPACE/DATASETS/CodecFake/train/F02_SSB11000301.wav,2
/USERSPACE/DATASETS/CodecFake/train/F02_p256_083.wav,2
/USERSPACE/DATASETS/CodecFake/train/F02_p329_413.wav,2
/USERSPACE/DATASETS/CodecFake/train/F02_SSB07600478.wav,2
/USERSPACE/DATASETS/CodecFake/train/F02_p303_014.wav,2
/USERSPACE/DATASETS/CodecFake/train/F02_SSB03090035.wav,2
/USERSPACE/DATASETS/CodecFake/train/F02_p272_067.wav,2
/USERSPACE/DATASETS/CodecFake/train/F02_SSB05990178.wav,2
/USERSPACE/DATASETS/CodecFake/train/F02_SSB09190095.wav,2
/USERSPACE/DATASETS/CodecFake/train/F02_p281_406.wav,2
/USERSPACE/DATASETS/CodecFake/train/F02_SSB10720016.wav,2
/USERSPACE/DATASETS/CodecFake/train/F02_p262_120.wav,2
/USERSPACE/DATASETS/CodecFake/train/F02_SSB10240110.wav,2
/USERSPACE/DATASETS/CodecFake/train/F02_p259_274.wav,2
/USERSPACE/DATASETS/CodecFake/train/F02_SSB12190430.wav,2
/USERSPACE/DATASETS/CodecFake/train/F02_SSB10720081.wav,2
/USERSPACE/DATASETS/CodecFake/train/F02_p261_425.wav,2
/USERSPACE/DATASETS/CodecFake/train/F02_p268_020.wav,2
/USERSPACE/DATASETS/CodecFake/train/F02_SSB06930351.wav,2
/USERSPACE/DATASETS/CodecFake/train/F02_SSB00730007.wav,2
/USERSPACE/DATASETS/CodecFake/train/F02_SSB07100367.wav,2
/USERSPACE/DATASETS/CodecFake/train/F02_SSB02990255.wav,2
/USERSPACE/DATASETS/CodecFake/train/F02_SSB11870320.wav,2
/USERSPACE/DATASETS/CodecFake/train/F02_SSB01120290.wav,2
/USERSPACE/DATASETS/CodecFake/train/F02_p232_305.wav,2
/USERSPACE/DATASETS/CodecFake/train/F02_SSB13650051.wav,2
/USERSPACE/DATASETS/CodecFake/train/F02_p362_321.wav,2
/USERSPACE/DATASETS/CodecFake/train/F02_SSB15630450.wav,2
/USERSPACE/DATASETS/CodecFake/train/F02_SSB09190239.wav,2
/USERSPACE/DATASETS/CodecFake/train/F02_p241_108.wav,2
/USERSPACE/DATASETS/CodecFake/train/F02_p305_384.wav,2
/USERSPACE/DATASETS/CodecFake/train/F02_p345_280.wav,2
/USERSPACE/DATASETS/CodecFake/train/F02_SSB12180463.wav,2
/USERSPACE/DATASETS/CodecFake/train/F02_SSB08630130.wav,2
/USERSPACE/DATASETS/CodecFake/train/F02_p263_274.wav,2
/USERSPACE/DATASETS/CodecFake/train/F02_p326_045.wav,2
/USERSPACE/DATASETS/CodecFake/train/F02_SSB14310462.wav,2
/USERSPACE/DATASETS/CodecFake/train/F02_p335_352.wav,2
/USERSPACE/DATASETS/CodecFake/train/F02_p316_418.wav,2
/USERSPACE/DATASETS/CodecFake/train/F02_SSB05700189.wav,2
/USERSPACE/DATASETS/CodecFake/train/F02_SSB03150204.wav,2
/USERSPACE/DATASETS/CodecFake/train/F02_SSB14370201.wav,2
/USERSPACE/DATASETS/CodecFake/train/F02_p279_276.wav,2
/USERSPACE/DATASETS/CodecFake/train/F02_SSB07940360.wav,2
/USERSPACE/DATASETS/CodecFake/train/F02_p273_163.wav,2
/USERSPACE/DATASETS/CodecFake/train/F02_SSB03150093.wav,2
/USERSPACE/DATASETS/CodecFake/train/F02_p229_064.wav,2
/USERSPACE/DATASETS/CodecFake/train/F02_SSB03390374.wav,2
/USERSPACE/DATASETS/CodecFake/train/F02_SSB06860435.wav,2
/USERSPACE/DATASETS/CodecFake/train/F02_SSB19180011.wav,2
/USERSPACE/DATASETS/CodecFake/train/F02_SSB08510035.wav,2
/USERSPACE/DATASETS/CodecFake/train/F02_SSB04270275.wav,2
/USERSPACE/DATASETS/CodecFake/train/F02_SSB07000111.wav,2
/USERSPACE/DATASETS/CodecFake/train/F02_p314_166.wav,2
/USERSPACE/DATASETS/CodecFake/train/F02_SSB07620161.wav,2
/USERSPACE/DATASETS/CodecFake/train/F02_SSB11250300.wav,2
/USERSPACE/DATASETS/CodecFake/train/F02_p268_402.wav,2
/USERSPACE/DATASETS/CodecFake/train/F02_SSB01450211.wav,2
/USERSPACE/DATASETS/CodecFake/train/F02_p231_303.wav,2
/USERSPACE/DATASETS/CodecFake/train/F02_SSB16240072.wav,2
/USERSPACE/DATASETS/CodecFake/train/F02_SSB05900254.wav,2
/USERSPACE/DATASETS/CodecFake/train/F02_p311_180.wav,2
/USERSPACE/DATASETS/CodecFake/train/F02_SSB02000036.wav,2
/USERSPACE/DATASETS/CodecFake/train/F02_SSB02460077.wav,2
/USERSPACE/DATASETS/CodecFake/train/F02_SSB02460137.wav,2
/USERSPACE/DATASETS/CodecFake/train/F02_SSB10020234.wav,2
/USERSPACE/DATASETS/CodecFake/train/F02_SSB13020337.wav,2
/USERSPACE/DATASETS/CodecFake/train/F02_SSB04270443.wav,2
/USERSPACE/DATASETS/CodecFake/train/F02_SSB10240145.wav,2
/USERSPACE/DATASETS/CodecFake/train/F02_p307_108.wav,2
/USERSPACE/DATASETS/CodecFake/train/F02_SSB09970260.wav,2
/USERSPACE/DATASETS/CodecFake/train/F02_p280_349.wav,2
/USERSPACE/DATASETS/CodecFake/train/F02_p313_311.wav,2
/USERSPACE/DATASETS/CodecFake/train/F02_SSB06060399.wav,2
/USERSPACE/DATASETS/CodecFake/train/F02_SSB06660028.wav,2
/USERSPACE/DATASETS/CodecFake/train/F02_SSB07160166.wav,2
/USERSPACE/DATASETS/CodecFake/train/F02_SSB18630363.wav,2
/USERSPACE/DATASETS/CodecFake/train/F02_SSB16250232.wav,2
/USERSPACE/DATASETS/CodecFake/train/F02_SSB16240215.wav,2
/USERSPACE/DATASETS/CodecFake/train/F02_p278_363.wav,2
/USERSPACE/DATASETS/CodecFake/train/F02_SSB11000009.wav,2
/USERSPACE/DATASETS/CodecFake/train/F02_SSB09660021.wav,2
/USERSPACE/DATASETS/CodecFake/train/F02_SSB06680049.wav,2
/USERSPACE/DATASETS/CodecFake/train/F02_p314_305.wav,2
/USERSPACE/DATASETS/CodecFake/train/F02_SSB16840158.wav,2
/USERSPACE/DATASETS/CodecFake/train/F02_SSB07800205.wav,2
/USERSPACE/DATASETS/CodecFake/train/F02_SSB06710320.wav,2
/USERSPACE/DATASETS/CodecFake/train/F02_p323_203.wav,2
/USERSPACE/DATASETS/CodecFake/train/F02_p347_020.wav,2
/USERSPACE/DATASETS/CodecFake/train/F02_SSB10200460.wav,2
/USERSPACE/DATASETS/CodecFake/train/F02_p261_127.wav,2
/USERSPACE/DATASETS/CodecFake/train/F02_SSB04350432.wav,2
/USERSPACE/DATASETS/CodecFake/train/F02_p292_063.wav,2
/USERSPACE/DATASETS/CodecFake/train/F02_SSB00160078.wav,2
/USERSPACE/DATASETS/CodecFake/train/F02_SSB07100446.wav,2
/USERSPACE/DATASETS/CodecFake/train/F02_SSB03380216.wav,2
/USERSPACE/DATASETS/CodecFake/train/F02_SSB11310106.wav,2
/USERSPACE/DATASETS/CodecFake/train/F02_SSB09870472.wav,2
/USERSPACE/DATASETS/CodecFake/train/F02_SSB03410481.wav,2
/USERSPACE/DATASETS/CodecFake/train/F02_p258_081.wav,2
/USERSPACE/DATASETS/CodecFake/train/F02_SSB15750416.wav,2
/USERSPACE/DATASETS/CodecFake/train/F02_SSB06310383.wav,2
/USERSPACE/DATASETS/CodecFake/train/F02_SSB12530366.wav,2
/USERSPACE/DATASETS/CodecFake/train/F02_SSB03540501.wav,2
/USERSPACE/DATASETS/CodecFake/train/F02_SSB11150203.wav,2
/USERSPACE/DATASETS/CodecFake/train/F02_SSB18280292.wav,2
/USERSPACE/DATASETS/CodecFake/train/F02_SSB18630306.wav,2
/USERSPACE/DATASETS/CodecFake/train/F02_SSB19390303.wav,2
/USERSPACE/DATASETS/CodecFake/train/F02_SSB19560368.wav,2
/USERSPACE/DATASETS/CodecFake/train/F02_SSB13280236.wav,2
/USERSPACE/DATASETS/CodecFake/train/F02_SSB02610447.wav,2
/USERSPACE/DATASETS/CodecFake/train/F02_SSB00050008.wav,2
/USERSPACE/DATASETS/CodecFake/train/F02_SSB07170356.wav,2
/USERSPACE/DATASETS/CodecFake/train/F02_SSB16840373.wav,2
/USERSPACE/DATASETS/CodecFake/train/F02_SSB00090356.wav,2
/USERSPACE/DATASETS/CodecFake/train/F02_SSB11360276.wav,2
/USERSPACE/DATASETS/CodecFake/train/F02_p239_083.wav,2
/USERSPACE/DATASETS/CodecFake/train/F02_p293_383.wav,2
/USERSPACE/DATASETS/CodecFake/train/F02_SSB05350010.wav,2
/USERSPACE/DATASETS/CodecFake/train/F02_p340_013.wav,2
/USERSPACE/DATASETS/CodecFake/train/F02_SSB07200295.wav,2
/USERSPACE/DATASETS/CodecFake/train/F02_p295_299.wav,2
/USERSPACE/DATASETS/CodecFake/train/F02_SSB11000294.wav,2
/USERSPACE/DATASETS/CodecFake/train/F02_SSB02870140.wav,2
/USERSPACE/DATASETS/CodecFake/train/F02_p281_256.wav,2
/USERSPACE/DATASETS/CodecFake/train/F02_SSB07600091.wav,2
/USERSPACE/DATASETS/CodecFake/train/F02_p335_412.wav,2
/USERSPACE/DATASETS/CodecFake/train/F02_SSB15930296.wav,2
/USERSPACE/DATASETS/CodecFake/train/F02_SSB18280128.wav,2
/USERSPACE/DATASETS/CodecFake/train/F02_SSB01970155.wav,2
/USERSPACE/DATASETS/CodecFake/train/F02_p254_231.wav,2
/USERSPACE/DATASETS/CodecFake/train/F02_SSB16840334.wav,2
/USERSPACE/DATASETS/CodecFake/train/F02_p252_347.wav,2
/USERSPACE/DATASETS/CodecFake/train/F02_SSB10560338.wav,2
/USERSPACE/DATASETS/CodecFake/train/F02_SSB04700143.wav,2
/USERSPACE/DATASETS/CodecFake/train/F02_SSB10020339.wav,2
/USERSPACE/DATASETS/CodecFake/train/F02_SSB07600077.wav,2
/USERSPACE/DATASETS/CodecFake/train/F02_p243_059.wav,2
/USERSPACE/DATASETS/CodecFake/train/F02_SSB07510133.wav,2
/USERSPACE/DATASETS/CodecFake/train/F02_p284_006.wav,2
/USERSPACE/DATASETS/CodecFake/train/F02_SSB09190463.wav,2
/USERSPACE/DATASETS/CodecFake/train/F02_p351_395.wav,2
/USERSPACE/DATASETS/CodecFake/train/F02_p243_376.wav,2
/USERSPACE/DATASETS/CodecFake/train/F02_SSB03070044.wav,2
/USERSPACE/DATASETS/CodecFake/train/F02_p361_273.wav,2
/USERSPACE/DATASETS/CodecFake/train/F02_SSB07230021.wav,2
/USERSPACE/DATASETS/CodecFake/train/F02_SSB18630002.wav,2
/USERSPACE/DATASETS/CodecFake/train/F02_p238_282.wav,2
/USERSPACE/DATASETS/CodecFake/train/F02_p333_076.wav,2
/USERSPACE/DATASETS/CodecFake/train/F02_SSB06320110.wav,2
/USERSPACE/DATASETS/CodecFake/train/F02_SSB00430093.wav,2
/USERSPACE/DATASETS/CodecFake/train/F02_SSB12030002.wav,2
/USERSPACE/DATASETS/CodecFake/train/F02_p279_045.wav,2
/USERSPACE/DATASETS/CodecFake/train/F02_SSB07360003.wav,2
/USERSPACE/DATASETS/CodecFake/train/F02_SSB05880399.wav,2
/USERSPACE/DATASETS/CodecFake/train/F02_SSB13770138.wav,2
/USERSPACE/DATASETS/CodecFake/train/F02_SSB16240178.wav,2
/USERSPACE/DATASETS/CodecFake/train/F02_p361_374.wav,2
/USERSPACE/DATASETS/CodecFake/train/F02_p343_141.wav,2
/USERSPACE/DATASETS/CodecFake/train/F02_SSB11250177.wav,2
/USERSPACE/DATASETS/CodecFake/train/F02_SSB14310284.wav,2
/USERSPACE/DATASETS/CodecFake/train/F02_SSB07100037.wav,2
/USERSPACE/DATASETS/CodecFake/train/F02_p280_036.wav,2
/USERSPACE/DATASETS/CodecFake/train/F02_p250_033.wav,2
/USERSPACE/DATASETS/CodecFake/train/F02_SSB07510157.wav,2
/USERSPACE/DATASETS/CodecFake/train/F02_SSB10910416.wav,2
/USERSPACE/DATASETS/CodecFake/train/F02_p363_324.wav,2
/USERSPACE/DATASETS/CodecFake/train/F02_p275_351.wav,2
/USERSPACE/DATASETS/CodecFake/train/F02_SSB07580111.wav,2
/USERSPACE/DATASETS/CodecFake/train/F02_p293_361.wav,2
/USERSPACE/DATASETS/CodecFake/train/F02_SSB15930120.wav,2
/USERSPACE/DATASETS/CodecFake/train/F02_p259_311.wav,2
/USERSPACE/DATASETS/CodecFake/train/F02_SSB06310481.wav,2
/USERSPACE/DATASETS/CodecFake/train/F02_SSB01930265.wav,2
/USERSPACE/DATASETS/CodecFake/train/F02_SSB03150275.wav,2
/USERSPACE/DATASETS/CodecFake/train/F02_SSB18630075.wav,2
/USERSPACE/DATASETS/CodecFake/train/F02_SSB05990083.wav,2
/USERSPACE/DATASETS/CodecFake/train/F02_SSB11150283.wav,2
/USERSPACE/DATASETS/CodecFake/train/F02_p244_264.wav,2
/USERSPACE/DATASETS/CodecFake/train/F02_p316_056.wav,2
/USERSPACE/DATASETS/CodecFake/train/F02_SSB10550231.wav,2
/USERSPACE/DATASETS/CodecFake/train/F02_SSB05700048.wav,2
/USERSPACE/DATASETS/CodecFake/train/F02_SSB16240267.wav,2
/USERSPACE/DATASETS/CodecFake/train/F02_SSB03820345.wav,2
/USERSPACE/DATASETS/CodecFake/train/F02_p330_028.wav,2
/USERSPACE/DATASETS/CodecFake/train/F02_p230_080.wav,2
/USERSPACE/DATASETS/CodecFake/train/F02_SSB15630209.wav,2
/USERSPACE/DATASETS/CodecFake/train/F02_p308_201.wav,2
/USERSPACE/DATASETS/CodecFake/train/F02_SSB11250236.wav,2
/USERSPACE/DATASETS/CodecFake/train/F02_SSB19350200.wav,2
/USERSPACE/DATASETS/CodecFake/train/F02_SSB17280156.wav,2
/USERSPACE/DATASETS/CodecFake/train/F02_p250_126.wav,2
/USERSPACE/DATASETS/CodecFake/train/F02_SSB13770239.wav,2
/USERSPACE/DATASETS/CodecFake/train/F02_SSB04260464.wav,2
/USERSPACE/DATASETS/CodecFake/train/F02_SSB14310128.wav,2
/USERSPACE/DATASETS/CodecFake/train/F02_SSB06310183.wav,2
/USERSPACE/DATASETS/CodecFake/train/F02_SSB04150024.wav,2
/USERSPACE/DATASETS/CodecFake/train/F02_SSB10560216.wav,2
/USERSPACE/DATASETS/CodecFake/train/F02_SSB03390085.wav,2
/USERSPACE/DATASETS/CodecFake/train/F02_p314_349.wav,2
/USERSPACE/DATASETS/CodecFake/train/F02_SSB08630269.wav,2
/USERSPACE/DATASETS/CodecFake/train/F02_SSB05780267.wav,2
/USERSPACE/DATASETS/CodecFake/train/F02_SSB06010343.wav,2
/USERSPACE/DATASETS/CodecFake/train/F02_SSB02730245.wav,2
/USERSPACE/DATASETS/CodecFake/train/F02_p230_176.wav,2
/USERSPACE/DATASETS/CodecFake/train/F02_p258_195.wav,2
/USERSPACE/DATASETS/CodecFake/train/F02_SSB00430090.wav,2
/USERSPACE/DATASETS/CodecFake/train/F02_p248_013.wav,2
/USERSPACE/DATASETS/CodecFake/train/F02_SSB01970452.wav,2
/USERSPACE/DATASETS/CodecFake/train/F02_SSB05340437.wav,2
/USERSPACE/DATASETS/CodecFake/train/F02_SSB11150415.wav,2
/USERSPACE/DATASETS/CodecFake/train/F02_p251_092.wav,2
/USERSPACE/DATASETS/CodecFake/train/F02_SSB06310428.wav,2
/USERSPACE/DATASETS/CodecFake/train/F02_p231_207.wav,2
/USERSPACE/DATASETS/CodecFake/train/F02_p376_046.wav,2
/USERSPACE/DATASETS/CodecFake/train/F02_SSB07940213.wav,2
/USERSPACE/DATASETS/CodecFake/train/F02_SSB14370414.wav,2
/USERSPACE/DATASETS/CodecFake/train/F02_p340_047.wav,2
/USERSPACE/DATASETS/CodecFake/train/F02_SSB01330319.wav,2
/USERSPACE/DATASETS/CodecFake/train/F02_SSB13660424.wav,2
/USERSPACE/DATASETS/CodecFake/train/F02_p273_419.wav,2
/USERSPACE/DATASETS/CodecFake/train/F02_SSB13990042.wav,2
/USERSPACE/DATASETS/CodecFake/train/F02_SSB12180337.wav,2
/USERSPACE/DATASETS/CodecFake/train/F02_SSB07110147.wav,2
/USERSPACE/DATASETS/CodecFake/train/F02_SSB05780194.wav,2
/USERSPACE/DATASETS/CodecFake/train/F02_p301_010.wav,2
/USERSPACE/DATASETS/CodecFake/train/F02_SSB16840268.wav,2
/USERSPACE/DATASETS/CodecFake/train/F02_SSB18780172.wav,2
/USERSPACE/DATASETS/CodecFake/train/F02_p347_187.wav,2
/USERSPACE/DATASETS/CodecFake/train/F02_SSB11970231.wav,2
/USERSPACE/DATASETS/CodecFake/train/F02_p240_191.wav,2
/USERSPACE/DATASETS/CodecFake/train/F02_SSB13930104.wav,2
/USERSPACE/DATASETS/CodecFake/train/F02_SSB18320094.wav,2
/USERSPACE/DATASETS/CodecFake/train/F02_SSB02990080.wav,2
/USERSPACE/DATASETS/CodecFake/train/F02_SSB02990254.wav,2
/USERSPACE/DATASETS/CodecFake/train/F02_SSB10550448.wav,2
/USERSPACE/DATASETS/CodecFake/train/F02_SSB07800359.wav,2
/USERSPACE/DATASETS/CodecFake/train/F02_p243_043.wav,2
/USERSPACE/DATASETS/CodecFake/train/F02_SSB00090202.wav,2
/USERSPACE/DATASETS/CodecFake/train/F02_SSB19560266.wav,2
/USERSPACE/DATASETS/CodecFake/train/F02_p347_189.wav,2
/USERSPACE/DATASETS/CodecFake/train/F02_SSB03380238.wav,2
/USERSPACE/DATASETS/CodecFake/train/F02_SSB04150089.wav,2
/USERSPACE/DATASETS/CodecFake/train/F02_p363_370.wav,2
/USERSPACE/DATASETS/CodecFake/train/F02_SSB10960002.wav,2
/USERSPACE/DATASETS/CodecFake/train/F02_p341_182.wav,2
/USERSPACE/DATASETS/CodecFake/train/F02_SSB10960051.wav,2
/USERSPACE/DATASETS/CodecFake/train/F02_p271_089.wav,2
/USERSPACE/DATASETS/CodecFake/train/F02_p228_166.wav,2
/USERSPACE/DATASETS/CodecFake/train/F02_SSB07020492.wav,2
/USERSPACE/DATASETS/CodecFake/train/F02_p258_333.wav,2
/USERSPACE/DATASETS/CodecFake/train/F02_SSB16840487.wav,2
/USERSPACE/DATASETS/CodecFake/train/F02_SSB13920274.wav,2
/USERSPACE/DATASETS/CodecFake/train/F02_SSB02460429.wav,2
/USERSPACE/DATASETS/CodecFake/train/F02_SSB11970013.wav,2
/USERSPACE/DATASETS/CodecFake/train/F02_SSB03940365.wav,2
/USERSPACE/DATASETS/CodecFake/train/F02_SSB02730271.wav,2
/USERSPACE/DATASETS/CodecFake/train/F02_SSB11310107.wav,2
/USERSPACE/DATASETS/CodecFake/train/F02_SSB10560097.wav,2
/USERSPACE/DATASETS/CodecFake/train/F02_SSB11000438.wav,2
/USERSPACE/DATASETS/CodecFake/train/F02_SSB10010474.wav,2
/USERSPACE/DATASETS/CodecFake/train/F02_SSB02410201.wav,2
/USERSPACE/DATASETS/CodecFake/train/F02_SSB19020178.wav,2
/USERSPACE/DATASETS/CodecFake/train/F02_p245_182.wav,2
/USERSPACE/DATASETS/CodecFake/train/F02_SSB06230013.wav,2
/USERSPACE/DATASETS/CodecFake/train/F02_SSB06310288.wav,2
/USERSPACE/DATASETS/CodecFake/train/F02_SSB12040111.wav,2
/USERSPACE/DATASETS/CodecFake/train/F02_SSB03790048.wav,2
/USERSPACE/DATASETS/CodecFake/train/F02_p301_152.wav,2
/USERSPACE/DATASETS/CodecFake/train/F02_SSB06660159.wav,2
/USERSPACE/DATASETS/CodecFake/train/F02_SSB13410127.wav,2
/USERSPACE/DATASETS/CodecFake/train/F02_SSB09660341.wav,2
/USERSPACE/DATASETS/CodecFake/train/F02_SSB10960171.wav,2
/USERSPACE/DATASETS/CodecFake/train/F02_SSB00380141.wav,2
/USERSPACE/DATASETS/CodecFake/train/F02_SSB18370425.wav,2
/USERSPACE/DATASETS/CodecFake/train/F02_SSB10010044.wav,2
/USERSPACE/DATASETS/CodecFake/train/F02_SSB03410300.wav,2
/USERSPACE/DATASETS/CodecFake/train/F02_p239_206.wav,2
/USERSPACE/DATASETS/CodecFake/train/F02_p339_073.wav,2
/USERSPACE/DATASETS/CodecFake/train/F02_SSB13850106.wav,2
/USERSPACE/DATASETS/CodecFake/train/F02_SSB12030090.wav,2
/USERSPACE/DATASETS/CodecFake/train/F02_SSB07200153.wav,2
/USERSPACE/DATASETS/CodecFake/train/F02_p274_367.wav,2
/USERSPACE/DATASETS/CodecFake/train/F02_SSB01390381.wav,2
/USERSPACE/DATASETS/CodecFake/train/F02_SSB03420105.wav,2
/USERSPACE/DATASETS/CodecFake/train/F02_SSB06930410.wav,2
/USERSPACE/DATASETS/CodecFake/train/F02_p343_271.wav,2
/USERSPACE/DATASETS/CodecFake/train/F02_p276_159.wav,2
/USERSPACE/DATASETS/CodecFake/train/F02_p283_426.wav,2
/USERSPACE/DATASETS/CodecFake/train/F02_SSB07200092.wav,2
/USERSPACE/DATASETS/CodecFake/train/F02_SSB07800004.wav,2
/USERSPACE/DATASETS/CodecFake/train/F02_SSB03070206.wav,2
/USERSPACE/DATASETS/CodecFake/train/F02_SSB14480317.wav,2
/USERSPACE/DATASETS/CodecFake/train/F02_SSB01220120.wav,2
/USERSPACE/DATASETS/CodecFake/train/F02_p227_282.wav,2
/USERSPACE/DATASETS/CodecFake/train/F02_p301_082.wav,2
/USERSPACE/DATASETS/CodecFake/train/F02_SSB01390219.wav,2
/USERSPACE/DATASETS/CodecFake/train/F02_SSB01120119.wav,2
/USERSPACE/DATASETS/CodecFake/train/F02_p304_036.wav,2
/USERSPACE/DATASETS/CodecFake/train/F02_p260_350.wav,2
/USERSPACE/DATASETS/CodecFake/train/F02_p282_218.wav,2
/USERSPACE/DATASETS/CodecFake/train/F02_SSB08710155.wav,2
/USERSPACE/DATASETS/CodecFake/train/F02_p351_210.wav,2
/USERSPACE/DATASETS/CodecFake/train/F02_p310_412.wav,2
/USERSPACE/DATASETS/CodecFake/train/F02_SSB18720277.wav,2
/USERSPACE/DATASETS/CodecFake/train/F02_SSB07510441.wav,2
/USERSPACE/DATASETS/CodecFake/train/F02_SSB07100448.wav,2
/USERSPACE/DATASETS/CodecFake/train/F02_SSB13200442.wav,2
/USERSPACE/DATASETS/CodecFake/train/F02_SSB03380441.wav,2
/USERSPACE/DATASETS/CodecFake/train/F02_p252_308.wav,2
/USERSPACE/DATASETS/CodecFake/train/F02_SSB00330428.wav,2
/USERSPACE/DATASETS/CodecFake/train/F02_p282_175.wav,2
/USERSPACE/DATASETS/CodecFake/train/F02_p314_265.wav,2
/USERSPACE/DATASETS/CodecFake/train/F02_SSB02410229.wav,2
/USERSPACE/DATASETS/CodecFake/train/F02_SSB15670227.wav,2
/USERSPACE/DATASETS/CodecFake/train/F02_p266_329.wav,2
/USERSPACE/DATASETS/CodecFake/train/F02_SSB02880018.wav,2
/USERSPACE/DATASETS/CodecFake/train/F02_SSB05700259.wav,2
/USERSPACE/DATASETS/CodecFake/train/F02_p277_333.wav,2
/USERSPACE/DATASETS/CodecFake/train/F02_SSB11310009.wav,2
/USERSPACE/DATASETS/CodecFake/train/F02_p254_031.wav,2
/USERSPACE/DATASETS/CodecFake/train/F02_SSB19390060.wav,2
/USERSPACE/DATASETS/CodecFake/train/F02_SSB02730475.wav,2
/USERSPACE/DATASETS/CodecFake/train/F02_p287_354.wav,2
/USERSPACE/DATASETS/CodecFake/train/F02_p229_258.wav,2
/USERSPACE/DATASETS/CodecFake/train/F02_SSB00090061.wav,2
/USERSPACE/DATASETS/CodecFake/train/F02_SSB03380479.wav,2
/USERSPACE/DATASETS/CodecFake/train/F02_p318_412.wav,2
/USERSPACE/DATASETS/CodecFake/train/F02_SSB08870335.wav,2
/USERSPACE/DATASETS/CodecFake/train/F02_p248_339.wav,2
/USERSPACE/DATASETS/CodecFake/train/F02_SSB01120429.wav,2
/USERSPACE/DATASETS/CodecFake/train/F02_p281_011.wav,2
/USERSPACE/DATASETS/CodecFake/train/F02_p262_007.wav,2
/USERSPACE/DATASETS/CodecFake/train/F02_SSB03850410.wav,2
/USERSPACE/DATASETS/CodecFake/train/F02_SSB16500316.wav,2
/USERSPACE/DATASETS/CodecFake/train/F02_p263_281.wav,2
/USERSPACE/DATASETS/CodecFake/train/F02_SSB08710294.wav,2
/USERSPACE/DATASETS/CodecFake/train/F02_p270_344.wav,2
/USERSPACE/DATASETS/CodecFake/train/F02_SSB05900342.wav,2
/USERSPACE/DATASETS/CodecFake/train/F02_SSB17390316.wav,2
/USERSPACE/DATASETS/CodecFake/train/F02_SSB06230171.wav,2
/USERSPACE/DATASETS/CodecFake/train/F02_SSB03790199.wav,2
/USERSPACE/DATASETS/CodecFake/train/F02_SSB10640211.wav,2
/USERSPACE/DATASETS/CodecFake/train/F02_p288_138.wav,2
/USERSPACE/DATASETS/CodecFake/train/F02_SSB03380447.wav,2
/USERSPACE/DATASETS/CodecFake/train/F02_SSB10240069.wav,2
/USERSPACE/DATASETS/CodecFake/train/F02_p273_179.wav,2
/USERSPACE/DATASETS/CodecFake/train/F02_p241_351.wav,2
/USERSPACE/DATASETS/CodecFake/train/F02_SSB09190024.wav,2
/USERSPACE/DATASETS/CodecFake/train/F02_p287_299.wav,2
/USERSPACE/DATASETS/CodecFake/train/F02_p260_289.wav,2
/USERSPACE/DATASETS/CodecFake/train/F02_SSB18100481.wav,2
/USERSPACE/DATASETS/CodecFake/train/F02_p316_145.wav,2
/USERSPACE/DATASETS/CodecFake/train/F02_SSB00800343.wav,2
/USERSPACE/DATASETS/CodecFake/train/F02_SSB09150058.wav,2
/USERSPACE/DATASETS/CodecFake/train/F02_p237_286.wav,2
/USERSPACE/DATASETS/CodecFake/train/F02_SSB16840484.wav,2
/USERSPACE/DATASETS/CodecFake/train/F02_SSB12390031.wav,2
/USERSPACE/DATASETS/CodecFake/train/F02_SSB06930225.wav,2
/USERSPACE/DATASETS/CodecFake/train/F02_p285_215.wav,2
/USERSPACE/DATASETS/CodecFake/train/F02_SSB03850188.wav,2
/USERSPACE/DATASETS/CodecFake/train/F02_p226_053.wav,2
/USERSPACE/DATASETS/CodecFake/train/F02_SSB02610114.wav,2
/USERSPACE/DATASETS/CodecFake/train/F02_p249_060.wav,2
/USERSPACE/DATASETS/CodecFake/train/F02_SSB13660408.wav,2
/USERSPACE/DATASETS/CodecFake/train/F02_SSB16240276.wav,2
/USERSPACE/DATASETS/CodecFake/train/F02_SSB03070024.wav,2
/USERSPACE/DATASETS/CodecFake/train/F02_SSB07460086.wav,2
/USERSPACE/DATASETS/CodecFake/train/F02_SSB03750373.wav,2
/USERSPACE/DATASETS/CodecFake/train/F02_SSB16070386.wav,2
/USERSPACE/DATASETS/CodecFake/train/F02_SSB00380200.wav,2
/USERSPACE/DATASETS/CodecFake/train/F02_SSB04820463.wav,2
/USERSPACE/DATASETS/CodecFake/train/F02_SSB09350146.wav,2
/USERSPACE/DATASETS/CodecFake/train/F02_SSB06010318.wav,2
/USERSPACE/DATASETS/CodecFake/train/F02_p329_258.wav,2
/USERSPACE/DATASETS/CodecFake/train/F02_p254_205.wav,2
/USERSPACE/DATASETS/CodecFake/train/F02_SSB01220314.wav,2
/USERSPACE/DATASETS/CodecFake/train/F02_SSB11970481.wav,2
/USERSPACE/DATASETS/CodecFake/train/F02_p364_158.wav,2
/USERSPACE/DATASETS/CodecFake/train/F02_p270_156.wav,2
/USERSPACE/DATASETS/CodecFake/train/F02_p225_195.wav,2
/USERSPACE/DATASETS/CodecFake/train/F02_p225_116.wav,2
/USERSPACE/DATASETS/CodecFake/train/F02_p286_387.wav,2
/USERSPACE/DATASETS/CodecFake/train/F02_SSB18280021.wav,2
/USERSPACE/DATASETS/CodecFake/train/F02_SSB04820040.wav,2
/USERSPACE/DATASETS/CodecFake/train/F02_SSB00380357.wav,2
/USERSPACE/DATASETS/CodecFake/train/F02_SSB01120247.wav,2
/USERSPACE/DATASETS/CodecFake/train/F02_SSB11350482.wav,2
/USERSPACE/DATASETS/CodecFake/train/F02_SSB07100110.wav,2
/USERSPACE/DATASETS/CodecFake/train/F02_SSB14370155.wav,2
/USERSPACE/DATASETS/CodecFake/train/F02_SSB06290017.wav,2
/USERSPACE/DATASETS/CodecFake/train/F02_SSB07230066.wav,2
/USERSPACE/DATASETS/CodecFake/train/F02_p304_307.wav,2
/USERSPACE/DATASETS/CodecFake/train/F02_SSB13650220.wav,2
/USERSPACE/DATASETS/CodecFake/train/F02_SSB12530470.wav,2
/USERSPACE/DATASETS/CodecFake/train/F02_p239_401.wav,2
/USERSPACE/DATASETS/CodecFake/train/F02_p312_012.wav,2
/USERSPACE/DATASETS/CodecFake/train/F02_SSB08220009.wav,2
/USERSPACE/DATASETS/CodecFake/train/F02_SSB11260003.wav,2
/USERSPACE/DATASETS/CodecFake/train/F02_SSB05990230.wav,2
/USERSPACE/DATASETS/CodecFake/train/F02_p333_212.wav,2
/USERSPACE/DATASETS/CodecFake/train/F02_p280_097.wav,2
/USERSPACE/DATASETS/CodecFake/train/F02_p305_169.wav,2
/USERSPACE/DATASETS/CodecFake/train/F02_SSB00120421.wav,2
/USERSPACE/DATASETS/CodecFake/train/F02_p236_309.wav,2
/USERSPACE/DATASETS/CodecFake/train/F02_SSB09930119.wav,2
/USERSPACE/DATASETS/CodecFake/train/F02_SSB05340355.wav,2
/USERSPACE/DATASETS/CodecFake/train/F02_SSB01450405.wav,2
/USERSPACE/DATASETS/CodecFake/train/F02_p272_181.wav,2
/USERSPACE/DATASETS/CodecFake/train/F02_SSB09870073.wav,2
/USERSPACE/DATASETS/CodecFake/train/F02_SSB10000089.wav,2
/USERSPACE/DATASETS/CodecFake/train/F02_SSB18780126.wav,2
/USERSPACE/DATASETS/CodecFake/train/F02_SSB03660051.wav,2
/USERSPACE/DATASETS/CodecFake/train/F02_SSB18910075.wav,2
/USERSPACE/DATASETS/CodecFake/train/F02_SSB11610051.wav,2
/USERSPACE/DATASETS/CodecFake/train/F02_p263_077.wav,2
/USERSPACE/DATASETS/CodecFake/train/F02_p361_161.wav,2
/USERSPACE/DATASETS/CodecFake/train/F02_SSB04340197.wav,2
/USERSPACE/DATASETS/CodecFake/train/F02_p277_071.wav,2
/USERSPACE/DATASETS/CodecFake/train/F02_SSB09150196.wav,2
/USERSPACE/DATASETS/CodecFake/train/F02_SSB13200003.wav,2
/USERSPACE/DATASETS/CodecFake/train/F02_p247_324.wav,2
/USERSPACE/DATASETS/CodecFake/train/F02_SSB10500168.wav,2
/USERSPACE/DATASETS/CodecFake/train/F02_p318_011.wav,2
/USERSPACE/DATASETS/CodecFake/train/F02_p278_243.wav,2
/USERSPACE/DATASETS/CodecFake/train/F02_SSB07490414.wav,2
/USERSPACE/DATASETS/CodecFake/train/F02_SSB19020017.wav,2
/USERSPACE/DATASETS/CodecFake/train/F02_SSB10200309.wav,2
/USERSPACE/DATASETS/CodecFake/train/F02_p251_043.wav,2
/USERSPACE/DATASETS/CodecFake/train/F02_p363_162.wav,2
/USERSPACE/DATASETS/CodecFake/train/F02_SSB03660412.wav,2
/USERSPACE/DATASETS/CodecFake/train/F02_p231_448.wav,2
/USERSPACE/DATASETS/CodecFake/train/F02_p243_233.wav,2
/USERSPACE/DATASETS/CodecFake/train/F02_p292_232.wav,2
/USERSPACE/DATASETS/CodecFake/train/F02_p316_250.wav,2
/USERSPACE/DATASETS/CodecFake/train/F02_SSB19180278.wav,2
/USERSPACE/DATASETS/CodecFake/train/F02_SSB13280407.wav,2
/USERSPACE/DATASETS/CodecFake/train/F02_SSB19180341.wav,2
/USERSPACE/DATASETS/CodecFake/train/F02_p297_392.wav,2
/USERSPACE/DATASETS/CodecFake/train/F02_SSB16070267.wav,2
/USERSPACE/DATASETS/CodecFake/train/F02_SSB07490306.wav,2
/USERSPACE/DATASETS/CodecFake/train/F02_p329_065.wav,2
/USERSPACE/DATASETS/CodecFake/train/F02_p240_200.wav,2
/USERSPACE/DATASETS/CodecFake/train/F02_SSB10960379.wav,2
/USERSPACE/DATASETS/CodecFake/train/F02_SSB10960130.wav,2
/USERSPACE/DATASETS/CodecFake/train/F02_SSB05880301.wav,2
/USERSPACE/DATASETS/CodecFake/train/F02_SSB19560387.wav,2
/USERSPACE/DATASETS/CodecFake/train/F02_p374_080.wav,2
/USERSPACE/DATASETS/CodecFake/train/F02_SSB03850062.wav,2
/USERSPACE/DATASETS/CodecFake/train/F02_p298_327.wav,2
/USERSPACE/DATASETS/CodecFake/train/F02_SSB00430482.wav,2
/USERSPACE/DATASETS/CodecFake/train/F02_p233_348.wav,2
/USERSPACE/DATASETS/CodecFake/train/F02_p351_383.wav,2
/USERSPACE/DATASETS/CodecFake/train/F02_SSB10240045.wav,2
/USERSPACE/DATASETS/CodecFake/train/F02_SSB07620495.wav,2
/USERSPACE/DATASETS/CodecFake/train/F02_SSB13820274.wav,2
/USERSPACE/DATASETS/CodecFake/train/F02_SSB01970026.wav,2
/USERSPACE/DATASETS/CodecFake/train/F02_SSB16700213.wav,2
/USERSPACE/DATASETS/CodecFake/train/F02_p281_239.wav,2
/USERSPACE/DATASETS/CodecFake/train/F02_SSB10080140.wav,2
/USERSPACE/DATASETS/CodecFake/train/F02_p275_285.wav,2
/USERSPACE/DATASETS/CodecFake/train/F02_p255_286.wav,2
/USERSPACE/DATASETS/CodecFake/train/F02_p243_078.wav,2
/USERSPACE/DATASETS/CodecFake/train/F02_p288_208.wav,2
/USERSPACE/DATASETS/CodecFake/train/F02_SSB11350028.wav,2
/USERSPACE/DATASETS/CodecFake/train/F02_SSB06710435.wav,2
/USERSPACE/DATASETS/CodecFake/train/F02_SSB12390269.wav,2
/USERSPACE/DATASETS/CodecFake/train/F02_SSB05880200.wav,2
/USERSPACE/DATASETS/CodecFake/train/F02_SSB16700466.wav,2
/USERSPACE/DATASETS/CodecFake/train/F02_SSB00120164.wav,2
/USERSPACE/DATASETS/CodecFake/train/F02_p340_254.wav,2
/USERSPACE/DATASETS/CodecFake/train/F02_p268_150.wav,2
/USERSPACE/DATASETS/CodecFake/train/F02_p303_295.wav,2
/USERSPACE/DATASETS/CodecFake/train/F02_SSB10640109.wav,2
/USERSPACE/DATASETS/CodecFake/train/F02_SSB17110422.wav,2
/USERSPACE/DATASETS/CodecFake/train/F02_SSB11610077.wav,2
/USERSPACE/DATASETS/CodecFake/train/F02_SSB03150182.wav,2
/USERSPACE/DATASETS/CodecFake/train/F02_p285_012.wav,2
/USERSPACE/DATASETS/CodecFake/train/F02_SSB02990039.wav,2
/USERSPACE/DATASETS/CodecFake/train/F02_SSB10720290.wav,2
/USERSPACE/DATASETS/CodecFake/train/F02_SSB14310435.wav,2
/USERSPACE/DATASETS/CodecFake/train/F02_SSB11260463.wav,2
/USERSPACE/DATASETS/CodecFake/train/F02_p274_425.wav,2
/USERSPACE/DATASETS/CodecFake/train/F02_p243_322.wav,2
/USERSPACE/DATASETS/CodecFake/train/F02_SSB02870366.wav,2
/USERSPACE/DATASETS/CodecFake/train/F02_SSB18910430.wav,2
/USERSPACE/DATASETS/CodecFake/train/F02_SSB10960292.wav,2
/USERSPACE/DATASETS/CodecFake/train/F02_p360_415.wav,2
/USERSPACE/DATASETS/CodecFake/train/F02_p335_183.wav,2
/USERSPACE/DATASETS/CodecFake/train/F02_p293_090.wav,2
/USERSPACE/DATASETS/CodecFake/train/F02_SSB11150233.wav,2
/USERSPACE/DATASETS/CodecFake/train/F02_SSB05020286.wav,2
/USERSPACE/DATASETS/CodecFake/train/F02_SSB17450216.wav,2
/USERSPACE/DATASETS/CodecFake/train/F02_SSB14080054.wav,2
/USERSPACE/DATASETS/CodecFake/train/F02_SSB19560271.wav,2
/USERSPACE/DATASETS/CodecFake/train/F02_SSB00330368.wav,2
/USERSPACE/DATASETS/CodecFake/train/F02_p345_138.wav,2
/USERSPACE/DATASETS/CodecFake/train/F02_SSB09970154.wav,2
/USERSPACE/DATASETS/CodecFake/train/F02_SSB13020486.wav,2
/USERSPACE/DATASETS/CodecFake/train/F02_SSB10500465.wav,2
/USERSPACE/DATASETS/CodecFake/train/F02_SSB06230479.wav,2
/USERSPACE/DATASETS/CodecFake/train/F02_SSB13220248.wav,2
/USERSPACE/DATASETS/CodecFake/train/F02_p292_171.wav,2
/USERSPACE/DATASETS/CodecFake/train/F02_SSB00330136.wav,2
/USERSPACE/DATASETS/CodecFake/train/F02_p361_321.wav,2
/USERSPACE/DATASETS/CodecFake/train/F02_SSB03790310.wav,2
/USERSPACE/DATASETS/CodecFake/train/F02_p256_192.wav,2
/USERSPACE/DATASETS/CodecFake/train/F02_p281_263.wav,2
/USERSPACE/DATASETS/CodecFake/train/F02_SSB01220115.wav,2
/USERSPACE/DATASETS/CodecFake/train/F02_SSB17110098.wav,2
/USERSPACE/DATASETS/CodecFake/train/F02_SSB04270316.wav,2
/USERSPACE/DATASETS/CodecFake/train/F02_SSB02670493.wav,2
/USERSPACE/DATASETS/CodecFake/train/F02_SSB16240277.wav,2
/USERSPACE/DATASETS/CodecFake/train/F02_SSB03410241.wav,2
/USERSPACE/DATASETS/CodecFake/train/F02_SSB00180228.wav,2
/USERSPACE/DATASETS/CodecFake/train/F02_p244_417.wav,2
/USERSPACE/DATASETS/CodecFake/train/F02_SSB13820182.wav,2
/USERSPACE/DATASETS/CodecFake/train/F02_SSB06090413.wav,2
/USERSPACE/DATASETS/CodecFake/train/F02_SSB11610055.wav,2
/USERSPACE/DATASETS/CodecFake/train/F02_SSB11250436.wav,2
/USERSPACE/DATASETS/CodecFake/train/F02_p362_380.wav,2
/USERSPACE/DATASETS/CodecFake/train/F02_SSB10240343.wav,2
/USERSPACE/DATASETS/CodecFake/train/F02_p276_147.wav,2
/USERSPACE/DATASETS/CodecFake/train/F02_SSB05990261.wav,2
/USERSPACE/DATASETS/CodecFake/train/F02_p292_294.wav,2
/USERSPACE/DATASETS/CodecFake/train/F02_SSB15930099.wav,2
/USERSPACE/DATASETS/CodecFake/train/F02_SSB13200102.wav,2
/USERSPACE/DATASETS/CodecFake/train/F02_SSB11760282.wav,2
/USERSPACE/DATASETS/CodecFake/train/F02_p259_297.wav,2
/USERSPACE/DATASETS/CodecFake/train/F02_SSB07800208.wav,2
/USERSPACE/DATASETS/CodecFake/train/F02_SSB05650160.wav,2
/USERSPACE/DATASETS/CodecFake/train/F02_SSB10020008.wav,2
/USERSPACE/DATASETS/CodecFake/train/F02_SSB04820023.wav,2
/USERSPACE/DATASETS/CodecFake/train/F02_SSB19350122.wav,2
/USERSPACE/DATASETS/CodecFake/train/F02_p258_297.wav,2
/USERSPACE/DATASETS/CodecFake/train/F02_p347_217.wav,2
/USERSPACE/DATASETS/CodecFake/train/F02_SSB05940338.wav,2
/USERSPACE/DATASETS/CodecFake/train/F02_p251_179.wav,2
/USERSPACE/DATASETS/CodecFake/train/F02_SSB15670382.wav,2
/USERSPACE/DATASETS/CodecFake/train/F02_SSB01930371.wav,2
/USERSPACE/DATASETS/CodecFake/train/F02_p293_318.wav,2
/USERSPACE/DATASETS/CodecFake/train/F02_p363_015.wav,2
/USERSPACE/DATASETS/CodecFake/train/F02_SSB03790328.wav,2
/USERSPACE/DATASETS/CodecFake/train/F02_SSB09930221.wav,2
/USERSPACE/DATASETS/CodecFake/train/F02_p247_027.wav,2
/USERSPACE/DATASETS/CodecFake/train/F02_SSB02460037.wav,2
/USERSPACE/DATASETS/CodecFake/train/F02_p336_203.wav,2
/USERSPACE/DATASETS/CodecFake/train/F02_SSB07160471.wav,2
/USERSPACE/DATASETS/CodecFake/train/F02_SSB19560446.wav,2
/USERSPACE/DATASETS/CodecFake/train/F02_p246_110.wav,2
/USERSPACE/DATASETS/CodecFake/train/F02_SSB01450035.wav,2
/USERSPACE/DATASETS/CodecFake/train/F02_p275_089.wav,2
/USERSPACE/DATASETS/CodecFake/train/F02_SSB05940376.wav,2
/USERSPACE/DATASETS/CodecFake/train/F02_SSB03940225.wav,2
/USERSPACE/DATASETS/CodecFake/train/F02_SSB18370385.wav,2
/USERSPACE/DATASETS/CodecFake/train/F02_p361_300.wav,2
/USERSPACE/DATASETS/CodecFake/train/F02_p251_259.wav,2
/USERSPACE/DATASETS/CodecFake/train/F02_SSB00730394.wav,2
/USERSPACE/DATASETS/CodecFake/train/F02_p272_152.wav,2
/USERSPACE/DATASETS/CodecFake/train/F02_SSB10910339.wav,2
/USERSPACE/DATASETS/CodecFake/train/F02_SSB05440426.wav,2
/USERSPACE/DATASETS/CodecFake/train/F02_SSB11250239.wav,2
/USERSPACE/DATASETS/CodecFake/train/F02_p261_107.wav,2
/USERSPACE/DATASETS/CodecFake/train/F02_SSB10000164.wav,2
/USERSPACE/DATASETS/CodecFake/train/F02_p276_260.wav,2
/USERSPACE/DATASETS/CodecFake/train/F02_SSB01490111.wav,2
/USERSPACE/DATASETS/CodecFake/train/F02_SSB03820316.wav,2
/USERSPACE/DATASETS/CodecFake/train/F02_p276_451.wav,2
/USERSPACE/DATASETS/CodecFake/train/F02_SSB07600434.wav,2
/USERSPACE/DATASETS/CodecFake/train/F02_SSB13410134.wav,2
/USERSPACE/DATASETS/CodecFake/train/F02_SSB12030089.wav,2
/USERSPACE/DATASETS/CodecFake/train/F02_SSB13280204.wav,2
/USERSPACE/DATASETS/CodecFake/train/F02_p226_098.wav,2
/USERSPACE/DATASETS/CodecFake/train/F02_SSB08220446.wav,2
/USERSPACE/DATASETS/CodecFake/train/F02_SSB03790018.wav,2
/USERSPACE/DATASETS/CodecFake/train/F02_p249_143.wav,2
/USERSPACE/DATASETS/CodecFake/train/F02_SSB12040429.wav,2
/USERSPACE/DATASETS/CodecFake/train/F02_SSB13770452.wav,2
/USERSPACE/DATASETS/CodecFake/train/F02_p244_104.wav,2
/USERSPACE/DATASETS/CodecFake/train/F02_SSB07170017.wav,2
/USERSPACE/DATASETS/CodecFake/train/F02_SSB13660385.wav,2
/USERSPACE/DATASETS/CodecFake/train/F02_SSB12180403.wav,2
/USERSPACE/DATASETS/CodecFake/train/F02_SSB19350060.wav,2
/USERSPACE/DATASETS/CodecFake/train/F02_SSB01120458.wav,2
/USERSPACE/DATASETS/CodecFake/train/F02_SSB11000353.wav,2
/USERSPACE/DATASETS/CodecFake/train/F02_SSB18910188.wav,2
/USERSPACE/DATASETS/CodecFake/train/F02_p282_051.wav,2
/USERSPACE/DATASETS/CodecFake/train/F02_SSB06060075.wav,2
/USERSPACE/DATASETS/CodecFake/train/F02_SSB14480265.wav,2
/USERSPACE/DATASETS/CodecFake/train/F02_SSB01120356.wav,2
/USERSPACE/DATASETS/CodecFake/train/F02_SSB01120250.wav,2
/USERSPACE/DATASETS/CodecFake/train/F02_SSB01970104.wav,2
/USERSPACE/DATASETS/CodecFake/train/F02_SSB14570010.wav,2
/USERSPACE/DATASETS/CodecFake/train/F02_SSB05780069.wav,2
/USERSPACE/DATASETS/CodecFake/train/F02_SSB13650070.wav,2
/USERSPACE/DATASETS/CodecFake/train/F02_p340_358.wav,2
/USERSPACE/DATASETS/CodecFake/train/F02_SSB04340272.wav,2
/USERSPACE/DATASETS/CodecFake/train/F02_SSB03380025.wav,2
/USERSPACE/DATASETS/CodecFake/train/F02_p374_238.wav,2
/USERSPACE/DATASETS/CodecFake/train/F02_SSB00570410.wav,2
/USERSPACE/DATASETS/CodecFake/train/F02_SSB08090264.wav,2
/USERSPACE/DATASETS/CodecFake/train/F02_SSB10550297.wav,2
/USERSPACE/DATASETS/CodecFake/train/F02_p239_432.wav,2
/USERSPACE/DATASETS/CodecFake/train/F02_SSB01330001.wav,2
/USERSPACE/DATASETS/CodecFake/train/F02_SSB12210463.wav,2
/USERSPACE/DATASETS/CodecFake/train/F02_SSB13660231.wav,2
/USERSPACE/DATASETS/CodecFake/train/F02_p264_323.wav,2
/USERSPACE/DATASETS/CodecFake/train/F02_SSB12530196.wav,2
/USERSPACE/DATASETS/CodecFake/train/F02_SSB03410304.wav,2
/USERSPACE/DATASETS/CodecFake/train/F02_SSB16070307.wav,2
/USERSPACE/DATASETS/CodecFake/train/F02_SSB00180443.wav,2
/USERSPACE/DATASETS/CodecFake/train/F02_p343_338.wav,2
/USERSPACE/DATASETS/CodecFake/train/F02_p343_020.wav,2
/USERSPACE/DATASETS/CodecFake/train/F02_SSB02670404.wav,2
/USERSPACE/DATASETS/CodecFake/train/F02_SSB10720358.wav,2
/USERSPACE/DATASETS/CodecFake/train/F02_SSB03090310.wav,2
/USERSPACE/DATASETS/CodecFake/train/F02_SSB06660503.wav,2
/USERSPACE/DATASETS/CodecFake/train/F02_p305_179.wav,2
/USERSPACE/DATASETS/CodecFake/train/F02_SSB16240409.wav,2
/USERSPACE/DATASETS/CodecFake/train/F02_SSB03090452.wav,2
/USERSPACE/DATASETS/CodecFake/train/F02_SSB00050276.wav,2
/USERSPACE/DATASETS/CodecFake/train/F02_p343_201.wav,2
/USERSPACE/DATASETS/CodecFake/train/F02_p307_212.wav,2
/USERSPACE/DATASETS/CodecFake/train/F02_SSB02880085.wav,2
/USERSPACE/DATASETS/CodecFake/train/F02_SSB12040073.wav,2
/USERSPACE/DATASETS/CodecFake/train/F02_SSB07200236.wav,2
/USERSPACE/DATASETS/CodecFake/train/F02_SSB19390394.wav,2
/USERSPACE/DATASETS/CodecFake/train/F02_p269_398.wav,2
/USERSPACE/DATASETS/CodecFake/train/F02_SSB04340090.wav,2
/USERSPACE/DATASETS/CodecFake/train/F02_p277_297.wav,2
/USERSPACE/DATASETS/CodecFake/train/F02_SSB10500312.wav,2
/USERSPACE/DATASETS/CodecFake/train/F02_SSB01390085.wav,2
/USERSPACE/DATASETS/CodecFake/train/F02_p364_033.wav,2
/USERSPACE/DATASETS/CodecFake/train/F02_SSB17390361.wav,2
/USERSPACE/DATASETS/CodecFake/train/F02_SSB17810189.wav,2
/USERSPACE/DATASETS/CodecFake/train/F02_SSB11350064.wav,2
/USERSPACE/DATASETS/CodecFake/train/F02_p295_040.wav,2
/USERSPACE/DATASETS/CodecFake/train/F02_SSB19020131.wav,2
/USERSPACE/DATASETS/CodecFake/train/F02_SSB00330097.wav,2
/USERSPACE/DATASETS/CodecFake/train/F02_p329_157.wav,2
/USERSPACE/DATASETS/CodecFake/train/F02_p341_022.wav,2
/USERSPACE/DATASETS/CodecFake/train/F02_p299_194.wav,2
/USERSPACE/DATASETS/CodecFake/train/F02_SSB18280015.wav,2
/USERSPACE/DATASETS/CodecFake/train/F02_SSB05990344.wav,2
/USERSPACE/DATASETS/CodecFake/train/F02_SSB02880354.wav,2
/USERSPACE/DATASETS/CodecFake/train/F02_SSB02730258.wav,2
/USERSPACE/DATASETS/CodecFake/train/F02_SSB01930259.wav,2
/USERSPACE/DATASETS/CodecFake/train/F02_p253_296.wav,2
/USERSPACE/DATASETS/CodecFake/train/F02_SSB02000310.wav,2
/USERSPACE/DATASETS/CodecFake/train/F02_SSB18280235.wav,2
/USERSPACE/DATASETS/CodecFake/train/F02_p362_125.wav,2
/USERSPACE/DATASETS/CodecFake/train/F02_SSB07480077.wav,2
/USERSPACE/DATASETS/CodecFake/train/F02_SSB05020117.wav,2
/USERSPACE/DATASETS/CodecFake/train/F02_p255_072.wav,2
/USERSPACE/DATASETS/CodecFake/train/F02_SSB10910161.wav,2
/USERSPACE/DATASETS/CodecFake/train/F02_SSB09350029.wav,2
/USERSPACE/DATASETS/CodecFake/train/F02_SSB10010048.wav,2
/USERSPACE/DATASETS/CodecFake/train/F02_SSB16840353.wav,2
/USERSPACE/DATASETS/CodecFake/train/F02_p288_154.wav,2
/USERSPACE/DATASETS/CodecFake/train/F02_SSB04350310.wav,2
/USERSPACE/DATASETS/CodecFake/train/F02_SSB17110169.wav,2
/USERSPACE/DATASETS/CodecFake/train/F02_p313_258.wav,2
/USERSPACE/DATASETS/CodecFake/train/F02_SSB03820460.wav,2
/USERSPACE/DATASETS/CodecFake/train/F02_p276_185.wav,2
/USERSPACE/DATASETS/CodecFake/train/F02_SSB07110051.wav,2
/USERSPACE/DATASETS/CodecFake/train/F02_p237_344.wav,2
/USERSPACE/DATASETS/CodecFake/train/F02_SSB18280408.wav,2
/USERSPACE/DATASETS/CodecFake/train/F02_p251_241.wav,2
/USERSPACE/DATASETS/CodecFake/train/F02_p301_087.wav,2
/USERSPACE/DATASETS/CodecFake/train/F02_p360_372.wav,2
/USERSPACE/DATASETS/CodecFake/train/F02_SSB16250306.wav,2
/USERSPACE/DATASETS/CodecFake/train/F02_p334_200.wav,2
/USERSPACE/DATASETS/CodecFake/train/F02_SSB06230440.wav,2
/USERSPACE/DATASETS/CodecFake/train/F02_p282_147.wav,2
/USERSPACE/DATASETS/CodecFake/train/F02_p329_298.wav,2
/USERSPACE/DATASETS/CodecFake/train/F02_SSB03850216.wav,2
/USERSPACE/DATASETS/CodecFake/train/F02_p340_293.wav,2
/USERSPACE/DATASETS/CodecFake/train/F02_SSB07000032.wav,2
/USERSPACE/DATASETS/CodecFake/train/F02_SSB03160425.wav,2
/USERSPACE/DATASETS/CodecFake/train/F02_SSB16500219.wav,2
/USERSPACE/DATASETS/CodecFake/train/F02_SSB19180287.wav,2
/USERSPACE/DATASETS/CodecFake/train/F02_SSB04260405.wav,2
/USERSPACE/DATASETS/CodecFake/train/F02_SSB02610238.wav,2
/USERSPACE/DATASETS/CodecFake/train/F02_p364_099.wav,2
/USERSPACE/DATASETS/CodecFake/train/F02_SSB07490468.wav,2
/USERSPACE/DATASETS/CodecFake/train/F02_SSB04260253.wav,2
/USERSPACE/DATASETS/CodecFake/train/F02_p267_264.wav,2
/USERSPACE/DATASETS/CodecFake/train/F02_SSB12160093.wav,2
/USERSPACE/DATASETS/CodecFake/train/F02_SSB11870093.wav,2
/USERSPACE/DATASETS/CodecFake/train/F02_SSB15750500.wav,2
/USERSPACE/DATASETS/CodecFake/train/F02_p340_012.wav,2
/USERSPACE/DATASETS/CodecFake/train/F02_SSB16840065.wav,2
/USERSPACE/DATASETS/CodecFake/train/F02_p376_010.wav,2
/USERSPACE/DATASETS/CodecFake/train/F02_SSB06070083.wav,2
/USERSPACE/DATASETS/CodecFake/train/F02_SSB10240120.wav,2
/USERSPACE/DATASETS/CodecFake/train/F02_SSB02670468.wav,2
/USERSPACE/DATASETS/CodecFake/train/F02_p318_118.wav,2
/USERSPACE/DATASETS/CodecFake/train/F02_SSB12040287.wav,2
/USERSPACE/DATASETS/CodecFake/train/F02_p311_248.wav,2
/USERSPACE/DATASETS/CodecFake/train/F02_SSB06070244.wav,2
/USERSPACE/DATASETS/CodecFake/train/F02_SSB10500131.wav,2
/USERSPACE/DATASETS/CodecFake/train/F02_p247_304.wav,2
/USERSPACE/DATASETS/CodecFake/train/F02_SSB13410457.wav,2
/USERSPACE/DATASETS/CodecFake/train/F02_SSB03070401.wav,2
/USERSPACE/DATASETS/CodecFake/train/F02_SSB05650372.wav,2
/USERSPACE/DATASETS/CodecFake/train/F02_SSB10640015.wav,2
/USERSPACE/DATASETS/CodecFake/train/F02_p312_256.wav,2
/USERSPACE/DATASETS/CodecFake/train/F02_p251_275.wav,2
/USERSPACE/DATASETS/CodecFake/train/F02_SSB00180317.wav,2
/USERSPACE/DATASETS/CodecFake/train/F02_SSB06710314.wav,2
/USERSPACE/DATASETS/CodecFake/train/F02_SSB09190422.wav,2
/USERSPACE/DATASETS/CodecFake/train/F02_p334_272.wav,2
/USERSPACE/DATASETS/CodecFake/train/F02_SSB17390278.wav,2
/USERSPACE/DATASETS/CodecFake/train/F02_p286_206.wav,2
/USERSPACE/DATASETS/CodecFake/train/F02_SSB09660025.wav,2
/USERSPACE/DATASETS/CodecFake/train/F02_p311_143.wav,2
/USERSPACE/DATASETS/CodecFake/train/F02_SSB04350204.wav,2
/USERSPACE/DATASETS/CodecFake/train/F02_SSB05020433.wav,2
/USERSPACE/DATASETS/CodecFake/train/F02_SSB06320244.wav,2
/USERSPACE/DATASETS/CodecFake/train/F02_p364_179.wav,2
/USERSPACE/DATASETS/CodecFake/train/F02_SSB11310166.wav,2
/USERSPACE/DATASETS/CodecFake/train/F02_SSB07020422.wav,2
/USERSPACE/DATASETS/CodecFake/train/F02_SSB04150190.wav,2
/USERSPACE/DATASETS/CodecFake/train/F02_SSB07170296.wav,2
/USERSPACE/DATASETS/CodecFake/train/F02_SSB03380470.wav,2
/USERSPACE/DATASETS/CodecFake/train/F02_p257_137.wav,2
/USERSPACE/DATASETS/CodecFake/train/F02_SSB16500282.wav,2
/USERSPACE/DATASETS/CodecFake/train/F02_SSB04070124.wav,2
/USERSPACE/DATASETS/CodecFake/train/F02_p277_128.wav,2
/USERSPACE/DATASETS/CodecFake/train/F02_SSB07580375.wav,2
/USERSPACE/DATASETS/CodecFake/train/F02_p351_360.wav,2
/USERSPACE/DATASETS/CodecFake/train/F02_SSB13660359.wav,2
/USERSPACE/DATASETS/CodecFake/train/F02_SSB10200502.wav,2
/USERSPACE/DATASETS/CodecFake/train/F02_p260_006.wav,2
/USERSPACE/DATASETS/CodecFake/train/F02_SSB07460093.wav,2
/USERSPACE/DATASETS/CodecFake/train/F02_p267_379.wav,2
/USERSPACE/DATASETS/CodecFake/train/F02_SSB07360248.wav,2
/USERSPACE/DATASETS/CodecFake/train/F02_p236_285.wav,2
/USERSPACE/DATASETS/CodecFake/train/F02_SSB05900008.wav,2
/USERSPACE/DATASETS/CodecFake/train/F02_p313_198.wav,2
/USERSPACE/DATASETS/CodecFake/train/F02_p343_242.wav,2
/USERSPACE/DATASETS/CodecFake/train/F02_SSB00570088.wav,2
/USERSPACE/DATASETS/CodecFake/train/F02_p236_242.wav,2
/USERSPACE/DATASETS/CodecFake/train/F02_SSB11970006.wav,2
/USERSPACE/DATASETS/CodecFake/train/F02_p233_242.wav,2
/USERSPACE/DATASETS/CodecFake/train/F02_p263_124.wav,2
/USERSPACE/DATASETS/CodecFake/train/F02_p361_326.wav,2
/USERSPACE/DATASETS/CodecFake/train/F02_SSB10960392.wav,2
/USERSPACE/DATASETS/CodecFake/train/F02_SSB00120226.wav,2
/USERSPACE/DATASETS/CodecFake/train/F02_p362_163.wav,2
/USERSPACE/DATASETS/CodecFake/train/F02_SSB15550374.wav,2
/USERSPACE/DATASETS/CodecFake/train/F02_SSB15930346.wav,2
/USERSPACE/DATASETS/CodecFake/train/F02_SSB03090343.wav,2
/USERSPACE/DATASETS/CodecFake/train/F02_SSB07110135.wav,2
/USERSPACE/DATASETS/CodecFake/train/F02_SSB10500429.wav,2
/USERSPACE/DATASETS/CodecFake/train/F02_SSB03410167.wav,2
/USERSPACE/DATASETS/CodecFake/train/F02_SSB18910118.wav,2
/USERSPACE/DATASETS/CodecFake/train/F02_p301_367.wav,2
/USERSPACE/DATASETS/CodecFake/train/F02_SSB08630403.wav,2
/USERSPACE/DATASETS/CodecFake/train/F02_p299_251.wav,2
/USERSPACE/DATASETS/CodecFake/train/F02_SSB10020219.wav,2
/USERSPACE/DATASETS/CodecFake/train/F02_SSB00430006.wav,2
/USERSPACE/DATASETS/CodecFake/train/F02_p318_073.wav,2
/USERSPACE/DATASETS/CodecFake/train/F02_SSB13930123.wav,2
/USERSPACE/DATASETS/CodecFake/train/F02_SSB15930427.wav,2
/USERSPACE/DATASETS/CodecFake/train/F02_SSB07600074.wav,2
/USERSPACE/DATASETS/CodecFake/train/F02_p318_292.wav,2
/USERSPACE/DATASETS/CodecFake/train/F02_SSB13280358.wav,2
/USERSPACE/DATASETS/CodecFake/train/F02_p248_086.wav,2
/USERSPACE/DATASETS/CodecFake/train/F02_p334_395.wav,2
/USERSPACE/DATASETS/CodecFake/train/F02_SSB09660132.wav,2
/USERSPACE/DATASETS/CodecFake/train/F02_SSB05390314.wav,2
/USERSPACE/DATASETS/CodecFake/train/F02_p343_304.wav,2
/USERSPACE/DATASETS/CodecFake/train/F02_p228_169.wav,2
/USERSPACE/DATASETS/CodecFake/train/F02_SSB03420439.wav,2
/USERSPACE/DATASETS/CodecFake/train/F02_SSB03420331.wav,2
/USERSPACE/DATASETS/CodecFake/train/F02_p288_252.wav,2
/USERSPACE/DATASETS/CodecFake/train/F02_SSB17110050.wav,2
/USERSPACE/DATASETS/CodecFake/train/F02_p226_345.wav,2
/USERSPACE/DATASETS/CodecFake/train/F02_SSB10560039.wav,2
/USERSPACE/DATASETS/CodecFake/train/F02_SSB18460448.wav,2
/USERSPACE/DATASETS/CodecFake/train/F02_p257_247.wav,2
/USERSPACE/DATASETS/CodecFake/train/F02_SSB07110217.wav,2
/USERSPACE/DATASETS/CodecFake/train/F02_SSB18090002.wav,2
/USERSPACE/DATASETS/CodecFake/train/F02_p254_064.wav,2
/USERSPACE/DATASETS/CodecFake/train/F02_SSB03410356.wav,2
/USERSPACE/DATASETS/CodecFake/train/F02_SSB17450190.wav,2
/USERSPACE/DATASETS/CodecFake/train/F02_SSB07780220.wav,2
/USERSPACE/DATASETS/CodecFake/train/F02_SSB03390155.wav,2
/USERSPACE/DATASETS/CodecFake/train/F02_SSB03070092.wav,2
/USERSPACE/DATASETS/CodecFake/train/F02_p227_095.wav,2
/USERSPACE/DATASETS/CodecFake/train/F02_SSB03660256.wav,2
/USERSPACE/DATASETS/CodecFake/train/F02_p239_192.wav,2
/USERSPACE/DATASETS/CodecFake/train/F02_SSB05350033.wav,2
/USERSPACE/DATASETS/CodecFake/train/F02_SSB18370409.wav,2
/USERSPACE/DATASETS/CodecFake/train/F02_SSB03160430.wav,2
/USERSPACE/DATASETS/CodecFake/train/F02_p245_253.wav,2
/USERSPACE/DATASETS/CodecFake/train/F02_SSB04070282.wav,2
/USERSPACE/DATASETS/CodecFake/train/F02_SSB07940073.wav,2
/USERSPACE/DATASETS/CodecFake/train/F02_SSB02990474.wav,2
/USERSPACE/DATASETS/CodecFake/train/F02_SSB11870207.wav,2
/USERSPACE/DATASETS/CodecFake/train/F02_p245_105.wav,2
/USERSPACE/DATASETS/CodecFake/train/F02_SSB03160476.wav,2
/USERSPACE/DATASETS/CodecFake/train/F02_SSB19560142.wav,2
/USERSPACE/DATASETS/CodecFake/train/F02_SSB03940164.wav,2
/USERSPACE/DATASETS/CodecFake/train/F02_SSB07230206.wav,2
/USERSPACE/DATASETS/CodecFake/train/F02_SSB07580099.wav,2
/USERSPACE/DATASETS/CodecFake/train/F02_p272_078.wav,2
/USERSPACE/DATASETS/CodecFake/train/F02_SSB00430098.wav,2
/USERSPACE/DATASETS/CodecFake/train/F02_SSB10020249.wav,2
/USERSPACE/DATASETS/CodecFake/train/F02_SSB00800008.wav,2
/USERSPACE/DATASETS/CodecFake/train/F02_SSB03090303.wav,2
/USERSPACE/DATASETS/CodecFake/train/F02_SSB10960488.wav,2
/USERSPACE/DATASETS/CodecFake/train/F02_p260_125.wav,2
/USERSPACE/DATASETS/CodecFake/train/F02_SSB04340076.wav,2
/USERSPACE/DATASETS/CodecFake/train/F02_SSB06660423.wav,2
/USERSPACE/DATASETS/CodecFake/train/F02_p226_180.wav,2
/USERSPACE/DATASETS/CodecFake/train/F02_SSB17810315.wav,2
/USERSPACE/DATASETS/CodecFake/train/F02_p237_101.wav,2
/USERSPACE/DATASETS/CodecFake/train/F02_SSB00050329.wav,2
/USERSPACE/DATASETS/CodecFake/train/F02_p266_407.wav,2
/USERSPACE/DATASETS/CodecFake/train/F02_p305_072.wav,2
/USERSPACE/DATASETS/CodecFake/train/F02_SSB05340188.wav,2
/USERSPACE/DATASETS/CodecFake/train/F02_SSB01490186.wav,2
/USERSPACE/DATASETS/CodecFake/train/F02_SSB02000217.wav,2
/USERSPACE/DATASETS/CodecFake/train/F02_p298_281.wav,2
/USERSPACE/DATASETS/CodecFake/train/F02_SSB00330112.wav,2
/USERSPACE/DATASETS/CodecFake/train/F02_SSB07000383.wav,2
/USERSPACE/DATASETS/CodecFake/train/F02_SSB03380127.wav,2
/USERSPACE/DATASETS/CodecFake/train/F02_p273_131.wav,2
/USERSPACE/DATASETS/CodecFake/train/F02_SSB06710363.wav,2
/USERSPACE/DATASETS/CodecFake/train/F02_SSB06060306.wav,2
/USERSPACE/DATASETS/CodecFake/train/F02_p300_245.wav,2
/USERSPACE/DATASETS/CodecFake/train/F02_SSB13830386.wav,2
/USERSPACE/DATASETS/CodecFake/train/F02_SSB18100100.wav,2
/USERSPACE/DATASETS/CodecFake/train/F02_SSB00110146.wav,2
/USERSPACE/DATASETS/CodecFake/train/F02_SSB10640391.wav,2
/USERSPACE/DATASETS/CodecFake/train/F02_SSB00160251.wav,2
/USERSPACE/DATASETS/CodecFake/train/F02_p285_222.wav,2
/USERSPACE/DATASETS/CodecFake/train/F02_p234_109.wav,2
/USERSPACE/DATASETS/CodecFake/train/F02_SSB06710377.wav,2
/USERSPACE/DATASETS/CodecFake/train/F02_SSB10550268.wav,2
/USERSPACE/DATASETS/CodecFake/train/F02_p266_154.wav,2
/USERSPACE/DATASETS/CodecFake/train/F02_p304_175.wav,2
/USERSPACE/DATASETS/CodecFake/train/F02_SSB07170154.wav,2
/USERSPACE/DATASETS/CodecFake/train/F02_p232_393.wav,2
/USERSPACE/DATASETS/CodecFake/train/F02_p295_006.wav,2
/USERSPACE/DATASETS/CodecFake/train/F02_SSB05390024.wav,2
/USERSPACE/DATASETS/CodecFake/train/F02_SSB00570202.wav,2
/USERSPACE/DATASETS/CodecFake/train/F02_SSB11380135.wav,2
/USERSPACE/DATASETS/CodecFake/train/F02_SSB06140399.wav,2
/USERSPACE/DATASETS/CodecFake/train/F02_p341_304.wav,2
/USERSPACE/DATASETS/CodecFake/train/F02_SSB06680181.wav,2
/USERSPACE/DATASETS/CodecFake/train/F02_SSB00110450.wav,2
/USERSPACE/DATASETS/CodecFake/train/F02_SSB10020390.wav,2
/USERSPACE/DATASETS/CodecFake/train/F02_SSB05340316.wav,2
/USERSPACE/DATASETS/CodecFake/train/F02_p374_178.wav,2
/USERSPACE/DATASETS/CodecFake/train/F02_SSB16500457.wav,2
/USERSPACE/DATASETS/CodecFake/train/F02_p274_164.wav,2
/USERSPACE/DATASETS/CodecFake/train/F02_p282_149.wav,2
/USERSPACE/DATASETS/CodecFake/train/F02_p248_030.wav,2
/USERSPACE/DATASETS/CodecFake/train/F02_SSB11250242.wav,2
/USERSPACE/DATASETS/CodecFake/train/F02_SSB06660288.wav,2
/USERSPACE/DATASETS/CodecFake/train/F02_SSB11250088.wav,2
/USERSPACE/DATASETS/CodecFake/train/F02_SSB19020438.wav,2
/USERSPACE/DATASETS/CodecFake/train/F02_SSB17110491.wav,2
/USERSPACE/DATASETS/CodecFake/train/F02_SSB06860405.wav,2
/USERSPACE/DATASETS/CodecFake/train/F02_SSB06070192.wav,2
/USERSPACE/DATASETS/CodecFake/train/F02_SSB01450272.wav,2
/USERSPACE/DATASETS/CodecFake/train/F02_SSB10010126.wav,2
/USERSPACE/DATASETS/CodecFake/train/F02_p336_066.wav,2
/USERSPACE/DATASETS/CodecFake/train/F02_p267_052.wav,2
/USERSPACE/DATASETS/CodecFake/train/F02_SSB06930239.wav,2
/USERSPACE/DATASETS/CodecFake/train/F02_SSB04070458.wav,2
/USERSPACE/DATASETS/CodecFake/train/F02_p333_369.wav,2
/USERSPACE/DATASETS/CodecFake/train/F02_p258_241.wav,2
/USERSPACE/DATASETS/CodecFake/train/F02_SSB10720510.wav,2
/USERSPACE/DATASETS/CodecFake/train/F02_SSB07230123.wav,2
/USERSPACE/DATASETS/CodecFake/train/F02_SSB08630097.wav,2
/USERSPACE/DATASETS/CodecFake/train/F02_p304_285.wav,2
/USERSPACE/DATASETS/CodecFake/train/F02_p248_226.wav,2
/USERSPACE/DATASETS/CodecFake/train/F02_p293_369.wav,2
/USERSPACE/DATASETS/CodecFake/train/F02_p339_016.wav,2
/USERSPACE/DATASETS/CodecFake/train/F02_p245_251.wav,2
/USERSPACE/DATASETS/CodecFake/train/F02_p304_171.wav,2
/USERSPACE/DATASETS/CodecFake/train/F02_SSB10720167.wav,2
/USERSPACE/DATASETS/CodecFake/train/F02_SSB12040487.wav,2
/USERSPACE/DATASETS/CodecFake/train/F02_SSB10240294.wav,2
/USERSPACE/DATASETS/CodecFake/train/F02_SSB01490132.wav,2
/USERSPACE/DATASETS/CodecFake/train/F02_SSB00330408.wav,2
/USERSPACE/DATASETS/CodecFake/train/F02_SSB01390161.wav,2
/USERSPACE/DATASETS/CodecFake/train/F02_p260_299.wav,2
/USERSPACE/DATASETS/CodecFake/train/F02_p363_045.wav,2
/USERSPACE/DATASETS/CodecFake/train/F02_p314_113.wav,2
/USERSPACE/DATASETS/CodecFake/train/F02_p231_212.wav,2
/USERSPACE/DATASETS/CodecFake/train/F02_SSB18060444.wav,2
/USERSPACE/DATASETS/CodecFake/train/F02_SSB01390174.wav,2
/USERSPACE/DATASETS/CodecFake/train/F02_SSB13820176.wav,2
/USERSPACE/DATASETS/CodecFake/train/F02_SSB07780038.wav,2
/USERSPACE/DATASETS/CodecFake/train/F02_p280_037.wav,2
/USERSPACE/DATASETS/CodecFake/train/F02_SSB07000441.wav,2
/USERSPACE/DATASETS/CodecFake/train/F02_SSB04820259.wav,2
/USERSPACE/DATASETS/CodecFake/train/F02_SSB18630417.wav,2
/USERSPACE/DATASETS/CodecFake/train/F02_SSB07800317.wav,2
/USERSPACE/DATASETS/CodecFake/train/F02_p275_221.wav,2
/USERSPACE/DATASETS/CodecFake/train/F02_SSB11000493.wav,2
/USERSPACE/DATASETS/CodecFake/train/F02_SSB06320055.wav,2
/USERSPACE/DATASETS/CodecFake/train/F02_SSB16240126.wav,2
/USERSPACE/DATASETS/CodecFake/train/F02_SSB05650327.wav,2
/USERSPACE/DATASETS/CodecFake/train/F02_p317_050.wav,2
/USERSPACE/DATASETS/CodecFake/train/F02_p264_341.wav,2
/USERSPACE/DATASETS/CodecFake/train/F02_SSB03930128.wav,2
/USERSPACE/DATASETS/CodecFake/train/F02_p323_171.wav,2
/USERSPACE/DATASETS/CodecFake/train/F02_SSB18370412.wav,2
/USERSPACE/DATASETS/CodecFake/train/F02_SSB00110338.wav,2
/USERSPACE/DATASETS/CodecFake/train/F02_p293_210.wav,2
/USERSPACE/DATASETS/CodecFake/train/F02_SSB00380381.wav,2
/USERSPACE/DATASETS/CodecFake/train/F02_SSB06660178.wav,2
/USERSPACE/DATASETS/CodecFake/train/F02_p258_390.wav,2
/USERSPACE/DATASETS/CodecFake/train/F02_SSB11150485.wav,2
/USERSPACE/DATASETS/CodecFake/train/F02_p254_281.wav,2
/USERSPACE/DATASETS/CodecFake/train/F02_SSB18310378.wav,2
/USERSPACE/DATASETS/CodecFake/train/F02_SSB10240340.wav,2
/USERSPACE/DATASETS/CodecFake/train/F02_p261_176.wav,2
/USERSPACE/DATASETS/CodecFake/train/F02_SSB10910252.wav,2
/USERSPACE/DATASETS/CodecFake/train/F02_SSB07780390.wav,2
/USERSPACE/DATASETS/CodecFake/train/F02_SSB18780382.wav,2
/USERSPACE/DATASETS/CodecFake/train/F02_SSB00090145.wav,2
/USERSPACE/DATASETS/CodecFake/train/F02_p361_352.wav,2
/USERSPACE/DATASETS/CodecFake/train/F02_SSB00330218.wav,2
/USERSPACE/DATASETS/CodecFake/train/F02_SSB00160361.wav,2
/USERSPACE/DATASETS/CodecFake/train/F02_SSB07100346.wav,2
/USERSPACE/DATASETS/CodecFake/train/F02_SSB00800012.wav,2
/USERSPACE/DATASETS/CodecFake/train/F02_SSB03420193.wav,2
/USERSPACE/DATASETS/CodecFake/train/F02_SSB11080211.wav,2
/USERSPACE/DATASETS/CodecFake/train/F02_SSB00180324.wav,2
/USERSPACE/DATASETS/CodecFake/train/F02_SSB00180148.wav,2
/USERSPACE/DATASETS/CodecFake/train/F02_SSB19560238.wav,2
/USERSPACE/DATASETS/CodecFake/train/F02_SSB17820030.wav,2
/USERSPACE/DATASETS/CodecFake/train/F02_p256_168.wav,2
/USERSPACE/DATASETS/CodecFake/train/F02_SSB18060052.wav,2
/USERSPACE/DATASETS/CodecFake/train/F02_SSB11100363.wav,2
/USERSPACE/DATASETS/CodecFake/train/F02_SSB07360205.wav,2
/USERSPACE/DATASETS/CodecFake/train/F02_SSB00050481.wav,2
/USERSPACE/DATASETS/CodecFake/train/F02_SSB06660365.wav,2
/USERSPACE/DATASETS/CodecFake/train/F02_p263_324.wav,2
/USERSPACE/DATASETS/CodecFake/train/F02_p326_146.wav,2
/USERSPACE/DATASETS/CodecFake/train/F02_SSB06320392.wav,2
/USERSPACE/DATASETS/CodecFake/train/F02_SSB10240152.wav,2
/USERSPACE/DATASETS/CodecFake/train/F02_SSB02460109.wav,2
/USERSPACE/DATASETS/CodecFake/train/F02_p246_219.wav,2
/USERSPACE/DATASETS/CodecFake/train/F02_p274_093.wav,2
/USERSPACE/DATASETS/CodecFake/train/F02_SSB09970233.wav,2
/USERSPACE/DATASETS/CodecFake/train/F02_p249_120.wav,2
/USERSPACE/DATASETS/CodecFake/train/F02_SSB05650070.wav,2
/USERSPACE/DATASETS/CodecFake/train/F02_SSB18910244.wav,2
/USERSPACE/DATASETS/CodecFake/train/F02_SSB12530060.wav,2
/USERSPACE/DATASETS/CodecFake/train/F02_SSB09870276.wav,2
/USERSPACE/DATASETS/CodecFake/train/F02_SSB17110272.wav,2
/USERSPACE/DATASETS/CodecFake/train/F02_SSB11310089.wav,2
/USERSPACE/DATASETS/CodecFake/train/F02_p286_108.wav,2
/USERSPACE/DATASETS/CodecFake/train/F02_SSB11250344.wav,2
/USERSPACE/DATASETS/CodecFake/train/F02_SSB11310341.wav,2
/USERSPACE/DATASETS/CodecFake/train/F02_p250_314.wav,2
/USERSPACE/DATASETS/CodecFake/train/F02_p277_103.wav,2
/USERSPACE/DATASETS/CodecFake/train/F02_SSB01220481.wav,2
/USERSPACE/DATASETS/CodecFake/train/F02_SSB06290431.wav,2
/USERSPACE/DATASETS/CodecFake/train/F02_SSB11350385.wav,2
/USERSPACE/DATASETS/CodecFake/train/F02_SSB08710177.wav,2
/USERSPACE/DATASETS/CodecFake/train/F02_p360_417.wav,2
/USERSPACE/DATASETS/CodecFake/train/F02_p278_242.wav,2
/USERSPACE/DATASETS/CodecFake/train/F02_SSB00120203.wav,2
/USERSPACE/DATASETS/CodecFake/train/F02_SSB05440243.wav,2
/USERSPACE/DATASETS/CodecFake/train/F02_SSB13770376.wav,2
/USERSPACE/DATASETS/CodecFake/train/F02_SSB16840359.wav,2
/USERSPACE/DATASETS/CodecFake/train/F02_SSB13020322.wav,2
/USERSPACE/DATASETS/CodecFake/train/F02_SSB00160322.wav,2
/USERSPACE/DATASETS/CodecFake/train/F02_SSB03540225.wav,2
/USERSPACE/DATASETS/CodecFake/train/F02_p340_094.wav,2
/USERSPACE/DATASETS/CodecFake/train/F02_SSB16250416.wav,2
/USERSPACE/DATASETS/CodecFake/train/F02_SSB13650234.wav,2
/USERSPACE/DATASETS/CodecFake/train/F02_SSB09660051.wav,2
/USERSPACE/DATASETS/CodecFake/train/F02_p313_277.wav,2
/USERSPACE/DATASETS/CodecFake/train/F02_p297_127.wav,2
/USERSPACE/DATASETS/CodecFake/train/F02_p364_199.wav,2
/USERSPACE/DATASETS/CodecFake/train/F02_SSB00160244.wav,2
/USERSPACE/DATASETS/CodecFake/train/F02_SSB11610004.wav,2
/USERSPACE/DATASETS/CodecFake/train/F02_SSB14370226.wav,2
/USERSPACE/DATASETS/CodecFake/train/F02_SSB03160413.wav,2
/USERSPACE/DATASETS/CodecFake/train/F02_p233_138.wav,2
/USERSPACE/DATASETS/CodecFake/train/F02_SSB03410372.wav,2
/USERSPACE/DATASETS/CodecFake/train/F02_SSB11150359.wav,2
/USERSPACE/DATASETS/CodecFake/train/F02_SSB01220472.wav,2
/USERSPACE/DATASETS/CodecFake/train/F02_SSB02870220.wav,2
/USERSPACE/DATASETS/CodecFake/train/F02_p316_025.wav,2
/USERSPACE/DATASETS/CodecFake/train/F02_p283_466.wav,2
/USERSPACE/DATASETS/CodecFake/train/F02_SSB07160391.wav,2
/USERSPACE/DATASETS/CodecFake/train/F02_SSB19180463.wav,2
/USERSPACE/DATASETS/CodecFake/train/F02_SSB15850391.wav,2
/USERSPACE/DATASETS/CodecFake/train/F02_SSB07110380.wav,2
/USERSPACE/DATASETS/CodecFake/train/F02_SSB13220244.wav,2
/USERSPACE/DATASETS/CodecFake/train/F02_SSB11260084.wav,2
/USERSPACE/DATASETS/CodecFake/train/F02_p243_337.wav,2
/USERSPACE/DATASETS/CodecFake/train/F02_p267_333.wav,2
/USERSPACE/DATASETS/CodecFake/train/F02_SSB13770236.wav,2
/USERSPACE/DATASETS/CodecFake/train/F02_p272_029.wav,2
/USERSPACE/DATASETS/CodecFake/train/F02_p250_384.wav,2
/USERSPACE/DATASETS/CodecFake/train/F02_SSB07840110.wav,2
/USERSPACE/DATASETS/CodecFake/train/F02_SSB18910340.wav,2
/USERSPACE/DATASETS/CodecFake/train/F02_SSB10560378.wav,2
/USERSPACE/DATASETS/CodecFake/train/F02_SSB07100033.wav,2
/USERSPACE/DATASETS/CodecFake/train/F02_SSB12740415.wav,2
/USERSPACE/DATASETS/CodecFake/train/F02_p302_232.wav,2
/USERSPACE/DATASETS/CodecFake/train/F02_SSB06710143.wav,2
/USERSPACE/DATASETS/CodecFake/train/F02_SSB17390481.wav,2
/USERSPACE/DATASETS/CodecFake/train/F02_p363_419.wav,2
/USERSPACE/DATASETS/CodecFake/train/F02_SSB16250116.wav,2
/USERSPACE/DATASETS/CodecFake/train/F02_SSB07100020.wav,2
/USERSPACE/DATASETS/CodecFake/train/F02_p360_084.wav,2
/USERSPACE/DATASETS/CodecFake/train/F02_SSB15850269.wav,2
/USERSPACE/DATASETS/CodecFake/train/F02_SSB00160220.wav,2
/USERSPACE/DATASETS/CodecFake/train/F02_SSB07370026.wav,2
/USERSPACE/DATASETS/CodecFake/train/F02_p243_227.wav,2
/USERSPACE/DATASETS/CodecFake/train/F02_SSB05880026.wav,2
/USERSPACE/DATASETS/CodecFake/train/F02_SSB09930441.wav,2
/USERSPACE/DATASETS/CodecFake/train/F02_p283_448.wav,2
/USERSPACE/DATASETS/CodecFake/train/F02_p278_263.wav,2
/USERSPACE/DATASETS/CodecFake/train/F02_SSB13660067.wav,2
/USERSPACE/DATASETS/CodecFake/train/F02_SSB04700104.wav,2
/USERSPACE/DATASETS/CodecFake/train/F02_p244_301.wav,2
/USERSPACE/DATASETS/CodecFake/train/F02_SSB02610302.wav,2
/USERSPACE/DATASETS/CodecFake/train/F02_p266_371.wav,2
/USERSPACE/DATASETS/CodecFake/train/F02_p240_147.wav,2
/USERSPACE/DATASETS/CodecFake/train/F02_p275_035.wav,2
/USERSPACE/DATASETS/CodecFake/train/F02_SSB13850483.wav,2
/USERSPACE/DATASETS/CodecFake/train/F02_SSB10560258.wav,2
/USERSPACE/DATASETS/CodecFake/train/F02_p347_296.wav,2
/USERSPACE/DATASETS/CodecFake/train/F02_SSB07020069.wav,2
/USERSPACE/DATASETS/CodecFake/train/F02_p230_414.wav,2
/USERSPACE/DATASETS/CodecFake/train/F02_SSB18780207.wav,2
/USERSPACE/DATASETS/CodecFake/train/F02_SSB04340321.wav,2
/USERSPACE/DATASETS/CodecFake/train/F02_SSB03070413.wav,2
/USERSPACE/DATASETS/CodecFake/train/F02_SSB02670300.wav,2
/USERSPACE/DATASETS/CodecFake/train/F02_SSB07200185.wav,2
/USERSPACE/DATASETS/CodecFake/train/F02_SSB00730363.wav,2
/USERSPACE/DATASETS/CodecFake/train/F02_p279_112.wav,2
/USERSPACE/DATASETS/CodecFake/train/F02_SSB02610172.wav,2
/USERSPACE/DATASETS/CodecFake/train/F02_SSB08090404.wav,2
/USERSPACE/DATASETS/CodecFake/train/F02_SSB12150287.wav,2
/USERSPACE/DATASETS/CodecFake/train/F02_p312_030.wav,2
/USERSPACE/DATASETS/CodecFake/train/F02_SSB05340268.wav,2
/USERSPACE/DATASETS/CodecFake/train/F02_SSB07620134.wav,2
/USERSPACE/DATASETS/CodecFake/train/F02_SSB06660379.wav,2
/USERSPACE/DATASETS/CodecFake/train/F02_SSB13990118.wav,2
/USERSPACE/DATASETS/CodecFake/train/F02_SSB05350247.wav,2
/USERSPACE/DATASETS/CodecFake/train/F02_SSB10550459.wav,2
/USERSPACE/DATASETS/CodecFake/train/F02_p264_261.wav,2
/USERSPACE/DATASETS/CodecFake/train/F02_p301_236.wav,2
/USERSPACE/DATASETS/CodecFake/train/F02_SSB18280424.wav,2
/USERSPACE/DATASETS/CodecFake/train/F02_p302_309.wav,2
/USERSPACE/DATASETS/CodecFake/train/F02_SSB05880474.wav,2
/USERSPACE/DATASETS/CodecFake/train/F02_SSB17110285.wav,2
/USERSPACE/DATASETS/CodecFake/train/F02_p316_398.wav,2
/USERSPACE/DATASETS/CodecFake/train/F02_p275_070.wav,2
/USERSPACE/DATASETS/CodecFake/train/F02_SSB02610186.wav,2
/USERSPACE/DATASETS/CodecFake/train/F02_SSB03790304.wav,2
/USERSPACE/DATASETS/CodecFake/train/F02_p300_269.wav,2
/USERSPACE/DATASETS/CodecFake/train/F02_SSB10080162.wav,2
/USERSPACE/DATASETS/CodecFake/train/F02_p260_220.wav,2
/USERSPACE/DATASETS/CodecFake/train/F02_p313_128.wav,2
/USERSPACE/DATASETS/CodecFake/train/F02_SSB06680029.wav,2
/USERSPACE/DATASETS/CodecFake/train/F02_p314_085.wav,2
/USERSPACE/DATASETS/CodecFake/train/F02_SSB09130288.wav,2
/USERSPACE/DATASETS/CodecFake/train/F02_SSB07940285.wav,2
/USERSPACE/DATASETS/CodecFake/train/F02_SSB04070326.wav,2
/USERSPACE/DATASETS/CodecFake/train/F02_SSB06930185.wav,2
/USERSPACE/DATASETS/CodecFake/train/F02_p264_340.wav,2
/USERSPACE/DATASETS/CodecFake/train/F02_p300_075.wav,2
/USERSPACE/DATASETS/CodecFake/train/F02_SSB06310448.wav,2
/USERSPACE/DATASETS/CodecFake/train/F02_p279_122.wav,2
/USERSPACE/DATASETS/CodecFake/train/F02_SSB11350459.wav,2
/USERSPACE/DATASETS/CodecFake/train/F02_SSB16990317.wav,2
/USERSPACE/DATASETS/CodecFake/train/F02_SSB13650012.wav,2
/USERSPACE/DATASETS/CodecFake/train/F02_SSB02870146.wav,2
/USERSPACE/DATASETS/CodecFake/train/F02_SSB06070505.wav,2
/USERSPACE/DATASETS/CodecFake/train/F02_SSB19560289.wav,2
/USERSPACE/DATASETS/CodecFake/train/F02_p232_198.wav,2
/USERSPACE/DATASETS/CodecFake/train/F02_p232_074.wav,2
/USERSPACE/DATASETS/CodecFake/train/F02_SSB18060239.wav,2
/USERSPACE/DATASETS/CodecFake/train/F02_SSB11250195.wav,2
/USERSPACE/DATASETS/CodecFake/train/F02_SSB16700218.wav,2
/USERSPACE/DATASETS/CodecFake/train/F02_SSB04150119.wav,2
/USERSPACE/DATASETS/CodecFake/train/F02_SSB07110119.wav,2
/USERSPACE/DATASETS/CodecFake/train/F02_SSB07370373.wav,2
/USERSPACE/DATASETS/CodecFake/train/F02_p261_149.wav,2
/USERSPACE/DATASETS/CodecFake/train/F02_SSB06070323.wav,2
/USERSPACE/DATASETS/CodecFake/train/F02_SSB07860321.wav,2
/USERSPACE/DATASETS/CodecFake/train/F02_p287_018.wav,2
/USERSPACE/DATASETS/CodecFake/train/F02_SSB12740191.wav,2
/USERSPACE/DATASETS/CodecFake/train/F02_SSB03410218.wav,2
/USERSPACE/DATASETS/CodecFake/train/F02_SSB02610092.wav,2
/USERSPACE/DATASETS/CodecFake/train/F02_SSB10240211.wav,2
/USERSPACE/DATASETS/CodecFake/train/F02_p231_372.wav,2
/USERSPACE/DATASETS/CodecFake/train/F02_p244_317.wav,2
/USERSPACE/DATASETS/CodecFake/train/F02_SSB17810122.wav,2
/USERSPACE/DATASETS/CodecFake/train/F02_SSB07860216.wav,2
/USERSPACE/DATASETS/CodecFake/train/F02_p262_249.wav,2
/USERSPACE/DATASETS/CodecFake/train/F02_p276_437.wav,2
/USERSPACE/DATASETS/CodecFake/train/F02_SSB00050356.wav,2
/USERSPACE/DATASETS/CodecFake/train/F02_SSB00090014.wav,2
/USERSPACE/DATASETS/CodecFake/train/F02_SSB10960087.wav,2
/USERSPACE/DATASETS/CodecFake/train/F02_SSB19390324.wav,2
/USERSPACE/DATASETS/CodecFake/train/F02_p251_217.wav,2
/USERSPACE/DATASETS/CodecFake/train/F02_SSB07020353.wav,2
/USERSPACE/DATASETS/CodecFake/train/F02_SSB01490362.wav,2
/USERSPACE/DATASETS/CodecFake/train/F02_SSB03070230.wav,2
/USERSPACE/DATASETS/CodecFake/train/F02_SSB02460119.wav,2
/USERSPACE/DATASETS/CodecFake/train/F02_p295_193.wav,2
/USERSPACE/DATASETS/CodecFake/train/F02_SSB13410016.wav,2
/USERSPACE/DATASETS/CodecFake/train/F02_SSB05390473.wav,2
/USERSPACE/DATASETS/CodecFake/train/F02_p347_313.wav,2
/USERSPACE/DATASETS/CodecFake/train/F02_p299_280.wav,2
/USERSPACE/DATASETS/CodecFake/train/F02_SSB07940052.wav,2
/USERSPACE/DATASETS/CodecFake/train/F02_SSB05880227.wav,2
/USERSPACE/DATASETS/CodecFake/train/F02_SSB07100114.wav,2
/USERSPACE/DATASETS/CodecFake/train/F02_SSB05440234.wav,2
/USERSPACE/DATASETS/CodecFake/train/F02_SSB12740106.wav,2
/USERSPACE/DATASETS/CodecFake/train/F02_SSB11100130.wav,2
/USERSPACE/DATASETS/CodecFake/train/F02_SSB14020286.wav,2
/USERSPACE/DATASETS/CodecFake/train/F02_SSB02670347.wav,2
/USERSPACE/DATASETS/CodecFake/train/F02_SSB07800108.wav,2
/USERSPACE/DATASETS/CodecFake/train/F02_p335_358.wav,2
/USERSPACE/DATASETS/CodecFake/train/F02_SSB09350122.wav,2
/USERSPACE/DATASETS/CodecFake/train/F02_SSB11380019.wav,2
/USERSPACE/DATASETS/CodecFake/train/F02_p284_197.wav,2
/USERSPACE/DATASETS/CodecFake/train/F02_SSB03070323.wav,2
/USERSPACE/DATASETS/CodecFake/train/F02_SSB06030292.wav,2
/USERSPACE/DATASETS/CodecFake/train/F02_SSB07110482.wav,2
/USERSPACE/DATASETS/CodecFake/train/F02_SSB04070377.wav,2
/USERSPACE/DATASETS/CodecFake/train/F02_SSB06070188.wav,2
/USERSPACE/DATASETS/CodecFake/train/F02_SSB03930027.wav,2
/USERSPACE/DATASETS/CodecFake/train/F02_p316_094.wav,2
/USERSPACE/DATASETS/CodecFake/train/F02_p268_251.wav,2
/USERSPACE/DATASETS/CodecFake/train/F02_SSB12740162.wav,2
/USERSPACE/DATASETS/CodecFake/train/F02_p313_083.wav,2
/USERSPACE/DATASETS/CodecFake/train/F02_SSB13930263.wav,2
/USERSPACE/DATASETS/CodecFake/train/F02_SSB07940004.wav,2
/USERSPACE/DATASETS/CodecFake/train/F02_p244_159.wav,2
/USERSPACE/DATASETS/CodecFake/train/F02_SSB06010002.wav,2
/USERSPACE/DATASETS/CodecFake/train/F02_p252_282.wav,2
/USERSPACE/DATASETS/CodecFake/train/F02_SSB06060336.wav,2
/USERSPACE/DATASETS/CodecFake/train/F02_SSB04350376.wav,2
/USERSPACE/DATASETS/CodecFake/train/F02_SSB05020421.wav,2
/USERSPACE/DATASETS/CodecFake/train/F02_p240_033.wav,2
/USERSPACE/DATASETS/CodecFake/train/F02_p281_411.wav,2
/USERSPACE/DATASETS/CodecFake/train/F02_p256_180.wav,2
/USERSPACE/DATASETS/CodecFake/train/F02_p236_078.wav,2
/USERSPACE/DATASETS/CodecFake/train/F02_p256_226.wav,2
/USERSPACE/DATASETS/CodecFake/train/F02_SSB06710272.wav,2
/USERSPACE/DATASETS/CodecFake/train/F02_p271_049.wav,2
/USERSPACE/DATASETS/CodecFake/train/F02_p251_125.wav,2
/USERSPACE/DATASETS/CodecFake/train/F02_SSB07020099.wav,2
/USERSPACE/DATASETS/CodecFake/train/F02_SSB13660156.wav,2
/USERSPACE/DATASETS/CodecFake/train/F02_p285_188.wav,2
/USERSPACE/DATASETS/CodecFake/train/F02_p345_053.wav,2
/USERSPACE/DATASETS/CodecFake/train/F02_SSB07460470.wav,2
/USERSPACE/DATASETS/CodecFake/train/F02_SSB18720165.wav,2
/USERSPACE/DATASETS/CodecFake/train/F02_SSB05650371.wav,2
/USERSPACE/DATASETS/CodecFake/train/F02_SSB16500103.wav,2
/USERSPACE/DATASETS/CodecFake/train/F02_SSB00730328.wav,2
/USERSPACE/DATASETS/CodecFake/train/F02_SSB03940043.wav,2
/USERSPACE/DATASETS/CodecFake/train/F02_p256_219.wav,2
/USERSPACE/DATASETS/CodecFake/train/F02_SSB10200286.wav,2
/USERSPACE/DATASETS/CodecFake/train/F02_SSB07200416.wav,2
/USERSPACE/DATASETS/CodecFake/train/F02_SSB18630286.wav,2
/USERSPACE/DATASETS/CodecFake/train/F02_p239_167.wav,2
/USERSPACE/DATASETS/CodecFake/train/F02_SSB16250039.wav,2
/USERSPACE/DATASETS/CodecFake/train/F02_SSB03380035.wav,2
/USERSPACE/DATASETS/CodecFake/train/F02_SSB19350199.wav,2
/USERSPACE/DATASETS/CodecFake/train/F02_SSB09190170.wav,2
/USERSPACE/DATASETS/CodecFake/train/F02_p363_247.wav,2
/USERSPACE/DATASETS/CodecFake/train/F02_p335_322.wav,2
/USERSPACE/DATASETS/CodecFake/train/F02_SSB08090150.wav,2
/USERSPACE/DATASETS/CodecFake/train/F02_SSB05780301.wav,2
/USERSPACE/DATASETS/CodecFake/train/F02_p263_409.wav,2
/USERSPACE/DATASETS/CodecFake/train/F02_SSB05650165.wav,2
/USERSPACE/DATASETS/CodecFake/train/F02_p311_260.wav,2
/USERSPACE/DATASETS/CodecFake/train/F02_SSB11360035.wav,2
/USERSPACE/DATASETS/CodecFake/train/F02_p227_065.wav,2
/USERSPACE/DATASETS/CodecFake/train/F02_SSB11310159.wav,2
/USERSPACE/DATASETS/CodecFake/train/F02_SSB05020098.wav,2
/USERSPACE/DATASETS/CodecFake/train/F02_SSB01330267.wav,2
/USERSPACE/DATASETS/CodecFake/train/F02_SSB06680328.wav,2
/USERSPACE/DATASETS/CodecFake/train/F02_SSB16990314.wav,2
/USERSPACE/DATASETS/CodecFake/train/F02_p307_301.wav,2
/USERSPACE/DATASETS/CodecFake/train/F02_SSB16070413.wav,2
/USERSPACE/DATASETS/CodecFake/train/F02_SSB03820356.wav,2
/USERSPACE/DATASETS/CodecFake/train/F02_p265_203.wav,2
/USERSPACE/DATASETS/CodecFake/train/F02_SSB14480033.wav,2
/USERSPACE/DATASETS/CodecFake/train/F02_SSB02670046.wav,2
/USERSPACE/DATASETS/CodecFake/train/F02_SSB13650048.wav,2
/USERSPACE/DATASETS/CodecFake/train/F02_SSB08170366.wav,2
/USERSPACE/DATASETS/CodecFake/train/F02_SSB12740074.wav,2
/USERSPACE/DATASETS/CodecFake/train/F02_SSB04820020.wav,2
/USERSPACE/DATASETS/CodecFake/train/F02_p241_257.wav,2
/USERSPACE/DATASETS/CodecFake/train/F02_p299_225.wav,2
/USERSPACE/DATASETS/CodecFake/train/F02_SSB09130200.wav,2
/USERSPACE/DATASETS/CodecFake/train/F02_SSB06710022.wav,2
/USERSPACE/DATASETS/CodecFake/train/F02_SSB13020317.wav,2
/USERSPACE/DATASETS/CodecFake/train/F02_SSB16990388.wav,2
/USERSPACE/DATASETS/CodecFake/train/F02_SSB06310101.wav,2
/USERSPACE/DATASETS/CodecFake/train/F02_p238_420.wav,2
/USERSPACE/DATASETS/CodecFake/train/F02_SSB07200020.wav,2
/USERSPACE/DATASETS/CodecFake/train/F02_SSB09970071.wav,2
/USERSPACE/DATASETS/CodecFake/train/F02_SSB18780411.wav,2
/USERSPACE/DATASETS/CodecFake/train/F02_SSB06090062.wav,2
/USERSPACE/DATASETS/CodecFake/train/F02_SSB02610017.wav,2
/USERSPACE/DATASETS/CodecFake/train/F02_SSB05940046.wav,2
/USERSPACE/DATASETS/CodecFake/train/F02_p308_184.wav,2
/USERSPACE/DATASETS/CodecFake/train/F02_SSB03410254.wav,2
/USERSPACE/DATASETS/CodecFake/train/F02_SSB09930249.wav,2
/USERSPACE/DATASETS/CodecFake/train/F02_SSB00180077.wav,2
/USERSPACE/DATASETS/CodecFake/train/F02_SSB13020055.wav,2
/USERSPACE/DATASETS/CodecFake/train/F02_SSB13820500.wav,2
/USERSPACE/DATASETS/CodecFake/train/F02_SSB15750172.wav,2
/USERSPACE/DATASETS/CodecFake/train/F02_SSB07780299.wav,2
/USERSPACE/DATASETS/CodecFake/train/F02_p313_335.wav,2
/USERSPACE/DATASETS/CodecFake/train/F02_SSB17810446.wav,2
/USERSPACE/DATASETS/CodecFake/train/F02_p271_439.wav,2
/USERSPACE/DATASETS/CodecFake/train/F02_SSB07230348.wav,2
/USERSPACE/DATASETS/CodecFake/train/F02_p247_424.wav,2
/USERSPACE/DATASETS/CodecFake/train/F02_p288_135.wav,2
/USERSPACE/DATASETS/CodecFake/train/F02_SSB07360114.wav,2
/USERSPACE/DATASETS/CodecFake/train/F02_SSB07510188.wav,2
/USERSPACE/DATASETS/CodecFake/train/F02_SSB04700106.wav,2
/USERSPACE/DATASETS/CodecFake/train/F02_p287_382.wav,2
/USERSPACE/DATASETS/CodecFake/train/F02_SSB01390430.wav,2
/USERSPACE/DATASETS/CodecFake/train/F02_SSB07780392.wav,2
/USERSPACE/DATASETS/CodecFake/train/F02_p303_033.wav,2
/USERSPACE/DATASETS/CodecFake/train/F02_SSB08170070.wav,2
/USERSPACE/DATASETS/CodecFake/train/F02_p239_468.wav,2
/USERSPACE/DATASETS/CodecFake/train/F02_SSB10960201.wav,2
/USERSPACE/DATASETS/CodecFake/train/F02_SSB03940220.wav,2
/USERSPACE/DATASETS/CodecFake/train/F02_SSB01220333.wav,2
/USERSPACE/DATASETS/CodecFake/train/F02_p275_343.wav,2
/USERSPACE/DATASETS/CodecFake/train/F02_SSB07360177.wav,2
/USERSPACE/DATASETS/CodecFake/train/F02_SSB03420199.wav,2
/USERSPACE/DATASETS/CodecFake/train/F02_SSB12210386.wav,2
/USERSPACE/DATASETS/CodecFake/train/F02_SSB13850036.wav,2
/USERSPACE/DATASETS/CodecFake/train/F02_SSB00430202.wav,2
/USERSPACE/DATASETS/CodecFake/train/F02_p231_067.wav,2
/USERSPACE/DATASETS/CodecFake/train/F02_p329_185.wav,2
/USERSPACE/DATASETS/CodecFake/train/F02_SSB00800169.wav,2
/USERSPACE/DATASETS/CodecFake/train/F02_SSB02670286.wav,2
/USERSPACE/DATASETS/CodecFake/train/F02_SSB07360260.wav,2
/USERSPACE/DATASETS/CodecFake/train/F02_SSB17280392.wav,2
/USERSPACE/DATASETS/CodecFake/train/F02_SSB16860442.wav,2
/USERSPACE/DATASETS/CodecFake/train/F02_p274_208.wav,2
/USERSPACE/DATASETS/CodecFake/train/F02_SSB08090287.wav,2
/USERSPACE/DATASETS/CodecFake/train/F02_p374_116.wav,2
/USERSPACE/DATASETS/CodecFake/train/F02_p232_058.wav,2
/USERSPACE/DATASETS/CodecFake/train/F02_SSB05650218.wav,2
/USERSPACE/DATASETS/CodecFake/train/F02_p307_370.wav,2
/USERSPACE/DATASETS/CodecFake/train/F02_SSB07360502.wav,2
/USERSPACE/DATASETS/CodecFake/train/F02_p266_360.wav,2
/USERSPACE/DATASETS/CodecFake/train/F02_SSB07100438.wav,2
/USERSPACE/DATASETS/CodecFake/train/F02_p247_346.wav,2
/USERSPACE/DATASETS/CodecFake/train/F02_SSB04270366.wav,2
/USERSPACE/DATASETS/CodecFake/train/F02_SSB03160037.wav,2
/USERSPACE/DATASETS/CodecFake/train/F02_p257_220.wav,2
/USERSPACE/DATASETS/CodecFake/train/F02_SSB07460023.wav,2
/USERSPACE/DATASETS/CodecFake/train/F02_SSB11970370.wav,2
/USERSPACE/DATASETS/CodecFake/train/F02_p281_035.wav,2
/USERSPACE/DATASETS/CodecFake/train/F02_p362_327.wav,2
/USERSPACE/DATASETS/CodecFake/train/F02_SSB00380125.wav,2
/USERSPACE/DATASETS/CodecFake/train/F02_SSB07940007.wav,2
/USERSPACE/DATASETS/CodecFake/train/F02_p347_130.wav,2
/USERSPACE/DATASETS/CodecFake/train/F02_SSB14570394.wav,2
/USERSPACE/DATASETS/CodecFake/train/F02_SSB06090383.wav,2
/USERSPACE/DATASETS/CodecFake/train/F02_SSB11000319.wav,2
/USERSPACE/DATASETS/CodecFake/train/F02_p231_405.wav,2
/USERSPACE/DATASETS/CodecFake/train/F02_SSB13660315.wav,2
/USERSPACE/DATASETS/CodecFake/train/F02_SSB03930407.wav,2
/USERSPACE/DATASETS/CodecFake/train/F02_p299_358.wav,2
/USERSPACE/DATASETS/CodecFake/train/F02_SSB15750446.wav,2
/USERSPACE/DATASETS/CodecFake/train/F02_p240_159.wav,2
/USERSPACE/DATASETS/CodecFake/train/F02_SSB16840186.wav,2
/USERSPACE/DATASETS/CodecFake/train/F02_p286_136.wav,2
/USERSPACE/DATASETS/CodecFake/train/F02_p326_396.wav,2
/USERSPACE/DATASETS/CodecFake/train/F02_p293_283.wav,2
/USERSPACE/DATASETS/CodecFake/train/F02_p279_040.wav,2
/USERSPACE/DATASETS/CodecFake/train/F02_p310_402.wav,2
/USERSPACE/DATASETS/CodecFake/train/F02_p256_259.wav,2
/USERSPACE/DATASETS/CodecFake/train/F02_SSB10200147.wav,2
/USERSPACE/DATASETS/CodecFake/train/F02_p275_065.wav,2
/USERSPACE/DATASETS/CodecFake/train/F02_p301_180.wav,2
/USERSPACE/DATASETS/CodecFake/train/F02_p302_104.wav,2
/USERSPACE/DATASETS/CodecFake/train/F02_SSB16500175.wav,2
/USERSPACE/DATASETS/CodecFake/train/F02_p345_304.wav,2
/USERSPACE/DATASETS/CodecFake/train/F02_SSB07160472.wav,2
/USERSPACE/DATASETS/CodecFake/train/F02_p305_215.wav,2
/USERSPACE/DATASETS/CodecFake/train/F02_SSB13820315.wav,2
/USERSPACE/DATASETS/CodecFake/train/F02_SSB07230149.wav,2
/USERSPACE/DATASETS/CodecFake/train/F02_p233_257.wav,2
/USERSPACE/DATASETS/CodecFake/train/F02_p233_330.wav,2
/USERSPACE/DATASETS/CodecFake/train/F02_p318_120.wav,2
/USERSPACE/DATASETS/CodecFake/train/F02_SSB06230040.wav,2
/USERSPACE/DATASETS/CodecFake/train/F02_p275_044.wav,2
/USERSPACE/DATASETS/CodecFake/train/F02_p271_276.wav,2
/USERSPACE/DATASETS/CodecFake/train/F02_p249_313.wav,2
/USERSPACE/DATASETS/CodecFake/train/F02_p285_090.wav,2
/USERSPACE/DATASETS/CodecFake/train/F02_SSB11250432.wav,2
/USERSPACE/DATASETS/CodecFake/train/F02_SSB00120432.wav,2
/USERSPACE/DATASETS/CodecFake/train/F02_SSB03800300.wav,2
/USERSPACE/DATASETS/CodecFake/train/F02_SSB13930420.wav,2
/USERSPACE/DATASETS/CodecFake/train/F02_p261_211.wav,2
/USERSPACE/DATASETS/CodecFake/train/F02_SSB08090461.wav,2
/USERSPACE/DATASETS/CodecFake/train/F02_SSB12190126.wav,2
/USERSPACE/DATASETS/CodecFake/train/F02_SSB03070220.wav,2
/USERSPACE/DATASETS/CodecFake/train/F02_SSB08630211.wav,2
/USERSPACE/DATASETS/CodecFake/train/F02_p278_026.wav,2
/USERSPACE/DATASETS/CodecFake/train/F02_SSB10560494.wav,2
/USERSPACE/DATASETS/CodecFake/train/F02_SSB03390478.wav,2
/USERSPACE/DATASETS/CodecFake/train/F02_SSB05700191.wav,2
/USERSPACE/DATASETS/CodecFake/train/F02_SSB09870250.wav,2
/USERSPACE/DATASETS/CodecFake/train/F02_SSB07800363.wav,2
/USERSPACE/DATASETS/CodecFake/train/F02_p312_351.wav,2
/USERSPACE/DATASETS/CodecFake/train/F02_SSB02730219.wav,2
/USERSPACE/DATASETS/CodecFake/train/F02_SSB02870357.wav,2
/USERSPACE/DATASETS/CodecFake/train/F02_p374_210.wav,2
/USERSPACE/DATASETS/CodecFake/train/F02_p298_181.wav,2
/USERSPACE/DATASETS/CodecFake/train/F02_SSB15550326.wav,2
/USERSPACE/DATASETS/CodecFake/train/F02_SSB07490430.wav,2
/USERSPACE/DATASETS/CodecFake/train/F02_SSB15850023.wav,2
/USERSPACE/DATASETS/CodecFake/train/F02_SSB00430198.wav,2
/USERSPACE/DATASETS/CodecFake/train/F02_SSB00180076.wav,2
/USERSPACE/DATASETS/CodecFake/train/F02_p305_321.wav,2
/USERSPACE/DATASETS/CodecFake/train/F02_SSB05390012.wav,2
/USERSPACE/DATASETS/CodecFake/train/F02_SSB09190415.wav,2
/USERSPACE/DATASETS/CodecFake/train/F02_SSB07230029.wav,2
/USERSPACE/DATASETS/CodecFake/train/F02_SSB06090257.wav,2
/USERSPACE/DATASETS/CodecFake/train/F02_SSB04270123.wav,2
/USERSPACE/DATASETS/CodecFake/train/F02_SSB08510256.wav,2
/USERSPACE/DATASETS/CodecFake/train/F02_p263_220.wav,2
/USERSPACE/DATASETS/CodecFake/train/F02_p307_300.wav,2
/USERSPACE/DATASETS/CodecFake/train/F02_p306_344.wav,2
/USERSPACE/DATASETS/CodecFake/train/F02_SSB10960388.wav,2
/USERSPACE/DATASETS/CodecFake/train/F02_SSB02880266.wav,2
/USERSPACE/DATASETS/CodecFake/train/F02_p288_281.wav,2
/USERSPACE/DATASETS/CodecFake/train/F02_SSB02990430.wav,2
/USERSPACE/DATASETS/CodecFake/train/F02_SSB10500038.wav,2
/USERSPACE/DATASETS/CodecFake/train/F02_SSB07580229.wav,2
/USERSPACE/DATASETS/CodecFake/train/F02_SSB18370313.wav,2
/USERSPACE/DATASETS/CodecFake/train/F02_SSB00050188.wav,2
/USERSPACE/DATASETS/CodecFake/train/F02_SSB13660198.wav,2
/USERSPACE/DATASETS/CodecFake/train/F02_SSB07370112.wav,2
/USERSPACE/DATASETS/CodecFake/train/F02_SSB03850443.wav,2
/USERSPACE/DATASETS/CodecFake/train/F02_SSB18630072.wav,2
/USERSPACE/DATASETS/CodecFake/train/F02_p263_108.wav,2
/USERSPACE/DATASETS/CodecFake/train/F02_p276_295.wav,2
/USERSPACE/DATASETS/CodecFake/train/F02_p231_275.wav,2
/USERSPACE/DATASETS/CodecFake/train/F02_SSB07100270.wav,2
/USERSPACE/DATASETS/CodecFake/train/F02_SSB13200162.wav,2
/USERSPACE/DATASETS/CodecFake/train/F02_SSB15670435.wav,2
/USERSPACE/DATASETS/CodecFake/train/F02_SSB07360226.wav,2
/USERSPACE/DATASETS/CodecFake/train/F02_SSB03150051.wav,2
/USERSPACE/DATASETS/CodecFake/train/F02_SSB07620093.wav,2
/USERSPACE/DATASETS/CodecFake/train/F02_SSB03940368.wav,2
/USERSPACE/DATASETS/CodecFake/train/F02_SSB07110381.wav,2
/USERSPACE/DATASETS/CodecFake/train/F02_SSB02460196.wav,2
/USERSPACE/DATASETS/CodecFake/train/F02_SSB03380305.wav,2
/USERSPACE/DATASETS/CodecFake/train/F02_SSB05700164.wav,2
/USERSPACE/DATASETS/CodecFake/train/F02_SSB03390330.wav,2
/USERSPACE/DATASETS/CodecFake/train/F02_SSB06320017.wav,2
/USERSPACE/DATASETS/CodecFake/train/F02_SSB11100391.wav,2
/USERSPACE/DATASETS/CodecFake/train/F02_SSB06010174.wav,2
/USERSPACE/DATASETS/CodecFake/train/F02_SSB18780159.wav,2
/USERSPACE/DATASETS/CodecFake/train/F02_SSB07480137.wav,2
/USERSPACE/DATASETS/CodecFake/train/F02_p277_316.wav,2
/USERSPACE/DATASETS/CodecFake/train/F02_p374_412.wav,2
/USERSPACE/DATASETS/CodecFake/train/F02_SSB18630024.wav,2
/USERSPACE/DATASETS/CodecFake/train/F02_SSB01120468.wav,2
/USERSPACE/DATASETS/CodecFake/train/F02_SSB00160180.wav,2
/USERSPACE/DATASETS/CodecFake/train/F02_SSB03150044.wav,2
/USERSPACE/DATASETS/CodecFake/train/F02_SSB18310234.wav,2
/USERSPACE/DATASETS/CodecFake/train/F02_p339_035.wav,2
/USERSPACE/DATASETS/CodecFake/train/F02_SSB12150331.wav,2
/USERSPACE/DATASETS/CodecFake/train/F02_SSB13990184.wav,2
/USERSPACE/DATASETS/CodecFake/train/F02_SSB10960266.wav,2
/USERSPACE/DATASETS/CodecFake/train/F02_SSB06140273.wav,2
/USERSPACE/DATASETS/CodecFake/train/F02_SSB11260002.wav,2
/USERSPACE/DATASETS/CodecFake/train/F02_SSB17810034.wav,2
/USERSPACE/DATASETS/CodecFake/train/F02_SSB06660313.wav,2
/USERSPACE/DATASETS/CodecFake/train/F02_p261_040.wav,2
/USERSPACE/DATASETS/CodecFake/train/F02_p361_336.wav,2
/USERSPACE/DATASETS/CodecFake/train/F02_SSB02730323.wav,2
/USERSPACE/DATASETS/CodecFake/train/F02_SSB05880180.wav,2
/USERSPACE/DATASETS/CodecFake/train/F02_SSB11150497.wav,2
/USERSPACE/DATASETS/CodecFake/train/F02_p304_026.wav,2
/USERSPACE/DATASETS/CodecFake/train/F02_SSB15750434.wav,2
/USERSPACE/DATASETS/CodecFake/train/F02_p333_366.wav,2
/USERSPACE/DATASETS/CodecFake/train/F02_SSB18460059.wav,2
/USERSPACE/DATASETS/CodecFake/train/F02_SSB02460341.wav,2
/USERSPACE/DATASETS/CodecFake/train/F02_p282_139.wav,2
/USERSPACE/DATASETS/CodecFake/train/F02_SSB02410184.wav,2
/USERSPACE/DATASETS/CodecFake/train/F02_SSB03800425.wav,2
/USERSPACE/DATASETS/CodecFake/train/F02_p248_158.wav,2
/USERSPACE/DATASETS/CodecFake/train/F02_SSB00330393.wav,2
/USERSPACE/DATASETS/CodecFake/train/F02_p306_129.wav,2
/USERSPACE/DATASETS/CodecFake/train/F02_SSB11000189.wav,2
/USERSPACE/DATASETS/CodecFake/train/F02_p251_198.wav,2
/USERSPACE/DATASETS/CodecFake/train/F02_SSB13410066.wav,2
/USERSPACE/DATASETS/CodecFake/train/F02_SSB09150388.wav,2
/USERSPACE/DATASETS/CodecFake/train/F02_p270_301.wav,2
/USERSPACE/DATASETS/CodecFake/train/F02_p298_009.wav,2
/USERSPACE/DATASETS/CodecFake/train/F02_SSB16700001.wav,2
/USERSPACE/DATASETS/CodecFake/train/F02_SSB14370315.wav,2
/USERSPACE/DATASETS/CodecFake/train/F02_SSB06310237.wav,2
/USERSPACE/DATASETS/CodecFake/train/F02_SSB01450016.wav,2
/USERSPACE/DATASETS/CodecFake/train/F02_p305_296.wav,2
/USERSPACE/DATASETS/CodecFake/train/F02_SSB01120399.wav,2
/USERSPACE/DATASETS/CodecFake/train/F02_SSB03380504.wav,2
/USERSPACE/DATASETS/CodecFake/train/F02_p316_085.wav,2
/USERSPACE/DATASETS/CodecFake/train/F02_SSB06060376.wav,2
/USERSPACE/DATASETS/CodecFake/train/F02_SSB02460469.wav,2
/USERSPACE/DATASETS/CodecFake/train/F02_SSB16840366.wav,2
/USERSPACE/DATASETS/CodecFake/train/F02_SSB07600102.wav,2
/USERSPACE/DATASETS/CodecFake/train/F02_SSB00730373.wav,2
/USERSPACE/DATASETS/CodecFake/train/F02_SSB17280323.wav,2
/USERSPACE/DATASETS/CodecFake/train/F02_SSB05880358.wav,2
/USERSPACE/DATASETS/CodecFake/train/F02_SSB12180247.wav,2
/USERSPACE/DATASETS/CodecFake/train/F02_SSB07620401.wav,2
/USERSPACE/DATASETS/CodecFake/train/F02_SSB07160168.wav,2
/USERSPACE/DATASETS/CodecFake/train/F02_SSB12530102.wav,2
/USERSPACE/DATASETS/CodecFake/train/F02_SSB09190289.wav,2
/USERSPACE/DATASETS/CodecFake/train/F02_SSB19350443.wav,2
/USERSPACE/DATASETS/CodecFake/train/F02_p298_072.wav,2
/USERSPACE/DATASETS/CodecFake/train/F02_p340_410.wav,2
/USERSPACE/DATASETS/CodecFake/train/F02_p339_087.wav,2
/USERSPACE/DATASETS/CodecFake/train/F02_SSB18780084.wav,2
/USERSPACE/DATASETS/CodecFake/train/F02_SSB00380174.wav,2
/USERSPACE/DATASETS/CodecFake/train/F02_SSB05650341.wav,2
/USERSPACE/DATASETS/CodecFake/train/F02_SSB06070235.wav,2
/USERSPACE/DATASETS/CodecFake/train/F02_SSB15930066.wav,2
/USERSPACE/DATASETS/CodecFake/train/F02_SSB11970289.wav,2
/USERSPACE/DATASETS/CodecFake/train/F02_SSB03850126.wav,2
/USERSPACE/DATASETS/CodecFake/train/F02_SSB07800432.wav,2
/USERSPACE/DATASETS/CodecFake/train/F02_p261_009.wav,2
/USERSPACE/DATASETS/CodecFake/train/F02_SSB02880437.wav,2
/USERSPACE/DATASETS/CodecFake/train/F02_SSB00570289.wav,2
/USERSPACE/DATASETS/CodecFake/train/F02_p269_376.wav,2
/USERSPACE/DATASETS/CodecFake/train/F02_SSB18630031.wav,2
/USERSPACE/DATASETS/CodecFake/train/F02_SSB10550161.wav,2
/USERSPACE/DATASETS/CodecFake/train/F02_p326_249.wav,2
/USERSPACE/DATASETS/CodecFake/train/F02_SSB05880328.wav,2
/USERSPACE/DATASETS/CodecFake/train/F02_SSB06860053.wav,2
/USERSPACE/DATASETS/CodecFake/train/F02_SSB10560118.wav,2
/USERSPACE/DATASETS/CodecFake/train/F02_SSB03790492.wav,2
/USERSPACE/DATASETS/CodecFake/train/F02_p362_250.wav,2
/USERSPACE/DATASETS/CodecFake/train/F02_p258_292.wav,2
/USERSPACE/DATASETS/CodecFake/train/F02_SSB04270457.wav,2
/USERSPACE/DATASETS/CodecFake/train/F02_SSB03850357.wav,2
/USERSPACE/DATASETS/CodecFake/train/F02_SSB02730203.wav,2
/USERSPACE/DATASETS/CodecFake/train/F02_SSB11380286.wav,2
/USERSPACE/DATASETS/CodecFake/train/F02_p310_022.wav,2
/USERSPACE/DATASETS/CodecFake/train/F02_SSB03230201.wav,2
/USERSPACE/DATASETS/CodecFake/train/F02_p294_010.wav,2
/USERSPACE/DATASETS/CodecFake/train/F02_p266_291.wav,2
/USERSPACE/DATASETS/CodecFake/train/F02_p252_266.wav,2
/USERSPACE/DATASETS/CodecFake/train/F02_p314_150.wav,2
/USERSPACE/DATASETS/CodecFake/train/F02_SSB11150139.wav,2
/USERSPACE/DATASETS/CodecFake/train/F02_SSB14080025.wav,2
/USERSPACE/DATASETS/CodecFake/train/F02_SSB05340264.wav,2
/USERSPACE/DATASETS/CodecFake/train/F02_SSB05780014.wav,2
/USERSPACE/DATASETS/CodecFake/train/F02_p280_223.wav,2
/USERSPACE/DATASETS/CodecFake/train/F02_p306_085.wav,2
/USERSPACE/DATASETS/CodecFake/train/F02_SSB07780246.wav,2
/USERSPACE/DATASETS/CodecFake/train/F02_SSB06070493.wav,2
/USERSPACE/DATASETS/CodecFake/train/F02_SSB03850200.wav,2
/USERSPACE/DATASETS/CodecFake/train/F02_p237_113.wav,2
/USERSPACE/DATASETS/CodecFake/train/F02_SSB05350005.wav,2
/USERSPACE/DATASETS/CodecFake/train/F02_SSB07940177.wav,2
/USERSPACE/DATASETS/CodecFake/train/F02_SSB18060401.wav,2
/USERSPACE/DATASETS/CodecFake/train/F02_p305_401.wav,2
/USERSPACE/DATASETS/CodecFake/train/F02_SSB16860316.wav,2
/USERSPACE/DATASETS/CodecFake/train/F02_p292_184.wav,2
/USERSPACE/DATASETS/CodecFake/train/F02_SSB06140107.wav,2
/USERSPACE/DATASETS/CodecFake/train/F02_SSB05940193.wav,2
/USERSPACE/DATASETS/CodecFake/train/F02_p263_327.wav,2
/USERSPACE/DATASETS/CodecFake/train/F02_p336_134.wav,2
/USERSPACE/DATASETS/CodecFake/train/F02_SSB07600124.wav,2
/USERSPACE/DATASETS/CodecFake/train/F02_p286_134.wav,2
/USERSPACE/DATASETS/CodecFake/train/F02_SSB04340430.wav,2
/USERSPACE/DATASETS/CodecFake/train/F02_p278_371.wav,2
/USERSPACE/DATASETS/CodecFake/train/F02_p311_116.wav,2
/USERSPACE/DATASETS/CodecFake/train/F02_SSB10240101.wav,2
/USERSPACE/DATASETS/CodecFake/train/F02_SSB05940393.wav,2
/USERSPACE/DATASETS/CodecFake/train/F02_SSB05350394.wav,2
/USERSPACE/DATASETS/CodecFake/train/F02_SSB16240054.wav,2
/USERSPACE/DATASETS/CodecFake/train/F02_SSB11000382.wav,2
/USERSPACE/DATASETS/CodecFake/train/F02_SSB02610245.wav,2
/USERSPACE/DATASETS/CodecFake/train/F02_SSB01390195.wav,2
/USERSPACE/DATASETS/CodecFake/train/F02_SSB06320429.wav,2
/USERSPACE/DATASETS/CodecFake/train/F02_SSB07200156.wav,2
/USERSPACE/DATASETS/CodecFake/train/F02_SSB19350169.wav,2
/USERSPACE/DATASETS/CodecFake/train/F02_SSB07600090.wav,2
/USERSPACE/DATASETS/CodecFake/train/F02_SSB06860302.wav,2
/USERSPACE/DATASETS/CodecFake/train/F02_p313_201.wav,2
/USERSPACE/DATASETS/CodecFake/train/F02_SSB07800098.wav,2
/USERSPACE/DATASETS/CodecFake/train/F02_p280_118.wav,2
/USERSPACE/DATASETS/CodecFake/train/F02_SSB10020079.wav,2
/USERSPACE/DATASETS/CodecFake/train/F02_p273_416.wav,2
/USERSPACE/DATASETS/CodecFake/train/F02_p259_423.wav,2
/USERSPACE/DATASETS/CodecFake/train/F02_SSB18280253.wav,2
/USERSPACE/DATASETS/CodecFake/train/F02_SSB11150113.wav,2
/USERSPACE/DATASETS/CodecFake/train/F02_SSB07170109.wav,2
/USERSPACE/DATASETS/CodecFake/train/F02_SSB05880173.wav,2
/USERSPACE/DATASETS/CodecFake/train/F02_SSB11000428.wav,2
/USERSPACE/DATASETS/CodecFake/train/F02_SSB01390396.wav,2
/USERSPACE/DATASETS/CodecFake/train/F02_SSB15670364.wav,2
/USERSPACE/DATASETS/CodecFake/train/F02_SSB12210295.wav,2
/USERSPACE/DATASETS/CodecFake/train/F02_SSB05390097.wav,2
/USERSPACE/DATASETS/CodecFake/train/F02_SSB18320017.wav,2
/USERSPACE/DATASETS/CodecFake/train/F02_p306_024.wav,2
/USERSPACE/DATASETS/CodecFake/train/F02_SSB15670174.wav,2
/USERSPACE/DATASETS/CodecFake/train/F02_SSB19390152.wav,2
/USERSPACE/DATASETS/CodecFake/train/F02_SSB07170280.wav,2
/USERSPACE/DATASETS/CodecFake/train/F02_SSB07840445.wav,2
/USERSPACE/DATASETS/CodecFake/train/F02_SSB07940471.wav,2
/USERSPACE/DATASETS/CodecFake/train/F02_SSB03420196.wav,2
/USERSPACE/DATASETS/CodecFake/train/F02_SSB06030174.wav,2
/USERSPACE/DATASETS/CodecFake/train/F02_p361_265.wav,2
/USERSPACE/DATASETS/CodecFake/train/F02_SSB09190220.wav,2
/USERSPACE/DATASETS/CodecFake/train/F02_SSB07480124.wav,2
/USERSPACE/DATASETS/CodecFake/train/F02_p284_247.wav,2
/USERSPACE/DATASETS/CodecFake/train/F02_SSB07360007.wav,2
/USERSPACE/DATASETS/CodecFake/train/F02_SSB13200165.wav,2
/USERSPACE/DATASETS/CodecFake/train/F02_SSB18630356.wav,2
/USERSPACE/DATASETS/CodecFake/train/F02_SSB18460461.wav,2
/USERSPACE/DATASETS/CodecFake/train/F02_p318_297.wav,2
/USERSPACE/DATASETS/CodecFake/train/F02_SSB06010473.wav,2
/USERSPACE/DATASETS/CodecFake/train/F02_SSB02870096.wav,2
/USERSPACE/DATASETS/CodecFake/train/F02_SSB07460166.wav,2
/USERSPACE/DATASETS/CodecFake/train/F02_p293_119.wav,2
/USERSPACE/DATASETS/CodecFake/train/F02_SSB14310215.wav,2
/USERSPACE/DATASETS/CodecFake/train/F02_SSB08090381.wav,2
/USERSPACE/DATASETS/CodecFake/train/F02_SSB09660136.wav,2
/USERSPACE/DATASETS/CodecFake/train/F02_p374_244.wav,2
/USERSPACE/DATASETS/CodecFake/train/F02_p259_047.wav,2
/USERSPACE/DATASETS/CodecFake/train/F02_SSB07840493.wav,2
/USERSPACE/DATASETS/CodecFake/train/F02_SSB03070437.wav,2
/USERSPACE/DATASETS/CodecFake/train/F02_SSB06320411.wav,2
/USERSPACE/DATASETS/CodecFake/train/F02_p280_081.wav,2
/USERSPACE/DATASETS/CodecFake/train/F02_p274_393.wav,2
/USERSPACE/DATASETS/CodecFake/train/F02_SSB13660051.wav,2
/USERSPACE/DATASETS/CodecFake/train/F02_SSB04270082.wav,2
/USERSPACE/DATASETS/CodecFake/train/F02_p238_018.wav,2
/USERSPACE/DATASETS/CodecFake/train/F02_SSB03230129.wav,2
/USERSPACE/DATASETS/CodecFake/train/F02_SSB06290111.wav,2
/USERSPACE/DATASETS/CodecFake/train/F02_SSB13410282.wav,2
/USERSPACE/DATASETS/CodecFake/train/F02_SSB10720423.wav,2
/USERSPACE/DATASETS/CodecFake/train/F02_SSB03160196.wav,2
/USERSPACE/DATASETS/CodecFake/train/F02_SSB15630406.wav,2
/USERSPACE/DATASETS/CodecFake/train/F02_SSB05020155.wav,2
/USERSPACE/DATASETS/CodecFake/train/F02_SSB11760029.wav,2
/USERSPACE/DATASETS/CodecFake/train/F02_SSB00570422.wav,2
/USERSPACE/DATASETS/CodecFake/train/F02_p340_372.wav,2
/USERSPACE/DATASETS/CodecFake/train/F02_p263_299.wav,2
/USERSPACE/DATASETS/CodecFake/train/F02_SSB08870393.wav,2
/USERSPACE/DATASETS/CodecFake/train/F02_p244_147.wav,2
/USERSPACE/DATASETS/CodecFake/train/F02_p330_114.wav,2
/USERSPACE/DATASETS/CodecFake/train/F02_p304_344.wav,2
/USERSPACE/DATASETS/CodecFake/train/F02_SSB15850314.wav,2
/USERSPACE/DATASETS/CodecFake/train/F02_SSB15550113.wav,2
/USERSPACE/DATASETS/CodecFake/train/F02_SSB10560421.wav,2
/USERSPACE/DATASETS/CodecFake/train/F02_p360_109.wav,2
/USERSPACE/DATASETS/CodecFake/train/F02_SSB06010324.wav,2
/USERSPACE/DATASETS/CodecFake/train/F02_p361_100.wav,2
/USERSPACE/DATASETS/CodecFake/train/F02_p259_304.wav,2
/USERSPACE/DATASETS/CodecFake/train/F02_SSB18370299.wav,2
/USERSPACE/DATASETS/CodecFake/train/F02_p302_172.wav,2
/USERSPACE/DATASETS/CodecFake/train/F02_SSB07580016.wav,2
/USERSPACE/DATASETS/CodecFake/train/F02_SSB10550235.wav,2
/USERSPACE/DATASETS/CodecFake/train/F02_p238_122.wav,2
/USERSPACE/DATASETS/CodecFake/train/F02_SSB16070057.wav,2
/USERSPACE/DATASETS/CodecFake/train/F02_SSB09190434.wav,2
/USERSPACE/DATASETS/CodecFake/train/F02_SSB05880286.wav,2
/USERSPACE/DATASETS/CodecFake/train/F02_SSB07510478.wav,2
/USERSPACE/DATASETS/CodecFake/train/F02_p247_221.wav,2
/USERSPACE/DATASETS/CodecFake/train/F02_SSB08870248.wav,2
/USERSPACE/DATASETS/CodecFake/train/F02_SSB06310058.wav,2
/USERSPACE/DATASETS/CodecFake/train/F02_SSB06660136.wav,2
/USERSPACE/DATASETS/CodecFake/train/F02_SSB00050282.wav,2
/USERSPACE/DATASETS/CodecFake/train/F02_p253_043.wav,2
/USERSPACE/DATASETS/CodecFake/train/F02_SSB03070319.wav,2
/USERSPACE/DATASETS/CodecFake/train/F02_p376_227.wav,2
/USERSPACE/DATASETS/CodecFake/train/F02_SSB14570294.wav,2
/USERSPACE/DATASETS/CodecFake/train/F02_p361_387.wav,2
/USERSPACE/DATASETS/CodecFake/train/F02_p334_043.wav,2
/USERSPACE/DATASETS/CodecFake/train/F02_SSB07860030.wav,2
/USERSPACE/DATASETS/CodecFake/train/F02_SSB06710048.wav,2
/USERSPACE/DATASETS/CodecFake/train/F02_SSB09150357.wav,2
/USERSPACE/DATASETS/CodecFake/train/F02_p272_390.wav,2
/USERSPACE/DATASETS/CodecFake/train/F02_SSB05440251.wav,2
/USERSPACE/DATASETS/CodecFake/train/F02_SSB02880139.wav,2
/USERSPACE/DATASETS/CodecFake/train/F02_p329_342.wav,2
/USERSPACE/DATASETS/CodecFake/train/F02_SSB07170241.wav,2
/USERSPACE/DATASETS/CodecFake/train/F02_SSB10080199.wav,2
/USERSPACE/DATASETS/CodecFake/train/F02_SSB06320323.wav,2
/USERSPACE/DATASETS/CodecFake/train/F02_p299_165.wav,2
/USERSPACE/DATASETS/CodecFake/train/F02_SSB07480431.wav,2
/USERSPACE/DATASETS/CodecFake/train/F02_p234_115.wav,2
/USERSPACE/DATASETS/CodecFake/train/F02_p257_399.wav,2
/USERSPACE/DATASETS/CodecFake/train/F02_p231_018.wav,2
/USERSPACE/DATASETS/CodecFake/train/F02_SSB03930273.wav,2
/USERSPACE/DATASETS/CodecFake/train/F02_p307_107.wav,2
/USERSPACE/DATASETS/CodecFake/train/F02_SSB07840213.wav,2
/USERSPACE/DATASETS/CodecFake/train/F02_p270_279.wav,2
/USERSPACE/DATASETS/CodecFake/train/F02_SSB07360309.wav,2
/USERSPACE/DATASETS/CodecFake/train/F02_SSB13990081.wav,2
/USERSPACE/DATASETS/CodecFake/train/F02_SSB06070066.wav,2
/USERSPACE/DATASETS/CodecFake/train/F02_p264_061.wav,2
/USERSPACE/DATASETS/CodecFake/train/F02_p263_185.wav,2
/USERSPACE/DATASETS/CodecFake/train/F02_SSB07020369.wav,2
/USERSPACE/DATASETS/CodecFake/train/F02_SSB10010183.wav,2
/USERSPACE/DATASETS/CodecFake/train/F02_p238_419.wav,2
/USERSPACE/DATASETS/CodecFake/train/F02_p312_223.wav,2
/USERSPACE/DATASETS/CodecFake/train/F02_SSB06060304.wav,2
/USERSPACE/DATASETS/CodecFake/train/F02_p241_184.wav,2
/USERSPACE/DATASETS/CodecFake/train/F02_SSB00090109.wav,2
/USERSPACE/DATASETS/CodecFake/train/F02_p293_186.wav,2
/USERSPACE/DATASETS/CodecFake/train/F02_SSB02670206.wav,2
/USERSPACE/DATASETS/CodecFake/train/F02_p295_411.wav,2
/USERSPACE/DATASETS/CodecFake/train/F02_SSB05780033.wav,2
/USERSPACE/DATASETS/CodecFake/train/F02_SSB03230137.wav,2
/USERSPACE/DATASETS/CodecFake/train/F02_p252_010.wav,2
/USERSPACE/DATASETS/CodecFake/train/F02_SSB03940370.wav,2
/USERSPACE/DATASETS/CodecFake/train/F02_p263_237.wav,2
/USERSPACE/DATASETS/CodecFake/train/F02_SSB01220043.wav,2
/USERSPACE/DATASETS/CodecFake/train/F02_p298_255.wav,2
/USERSPACE/DATASETS/CodecFake/train/F02_SSB06680185.wav,2
/USERSPACE/DATASETS/CodecFake/train/F02_SSB14370121.wav,2
/USERSPACE/DATASETS/CodecFake/train/F02_SSB17590303.wav,2
/USERSPACE/DATASETS/CodecFake/train/F02_SSB19020473.wav,2
/USERSPACE/DATASETS/CodecFake/train/F02_SSB07360137.wav,2
/USERSPACE/DATASETS/CodecFake/train/F02_SSB06320266.wav,2
/USERSPACE/DATASETS/CodecFake/train/F02_SSB02870262.wav,2
/USERSPACE/DATASETS/CodecFake/train/F02_p234_088.wav,2
/USERSPACE/DATASETS/CodecFake/train/F02_SSB15930283.wav,2
/USERSPACE/DATASETS/CodecFake/train/F02_SSB05650077.wav,2
/USERSPACE/DATASETS/CodecFake/train/F02_SSB10200295.wav,2
/USERSPACE/DATASETS/CodecFake/train/F02_SSB06320226.wav,2
/USERSPACE/DATASETS/CodecFake/train/F02_SSB02730430.wav,2
/USERSPACE/DATASETS/CodecFake/train/F02_SSB00380023.wav,2
/USERSPACE/DATASETS/CodecFake/train/F02_SSB10240219.wav,2
/USERSPACE/DATASETS/CodecFake/train/F02_SSB02670275.wav,2
/USERSPACE/DATASETS/CodecFake/train/F02_SSB05650496.wav,2
/USERSPACE/DATASETS/CodecFake/train/F02_SSB07780351.wav,2
/USERSPACE/DATASETS/CodecFake/train/F02_p243_332.wav,2
/USERSPACE/DATASETS/CodecFake/train/F02_p245_212.wav,2
/USERSPACE/DATASETS/CodecFake/train/F02_p274_357.wav,2
/USERSPACE/DATASETS/CodecFake/train/F02_p333_239.wav,2
/USERSPACE/DATASETS/CodecFake/train/F02_SSB04700258.wav,2
/USERSPACE/DATASETS/CodecFake/train/F02_p261_258.wav,2
/USERSPACE/DATASETS/CodecFake/train/F02_p244_414.wav,2
/USERSPACE/DATASETS/CodecFake/train/F02_SSB13220251.wav,2
/USERSPACE/DATASETS/CodecFake/train/F02_SSB07940460.wav,2
/USERSPACE/DATASETS/CodecFake/train/F02_p250_429.wav,2
/USERSPACE/DATASETS/CodecFake/train/F02_p276_095.wav,2
/USERSPACE/DATASETS/CodecFake/train/F02_p343_268.wav,2
/USERSPACE/DATASETS/CodecFake/train/F02_p306_159.wav,2
/USERSPACE/DATASETS/CodecFake/train/F02_SSB07480414.wav,2
/USERSPACE/DATASETS/CodecFake/train/F02_p269_085.wav,2
/USERSPACE/DATASETS/CodecFake/train/F02_p300_380.wav,2
/USERSPACE/DATASETS/CodecFake/train/F02_p255_290.wav,2
/USERSPACE/DATASETS/CodecFake/train/F02_SSB08090195.wav,2
/USERSPACE/DATASETS/CodecFake/train/F02_SSB19560130.wav,2
/USERSPACE/DATASETS/CodecFake/train/F02_p246_221.wav,2
/USERSPACE/DATASETS/CodecFake/train/F02_p232_316.wav,2
/USERSPACE/DATASETS/CodecFake/train/F02_SSB17280329.wav,2
