path,label
/USERSPACE/DATASETS/CodecFake/train/F03_SSB14370088.wav,3
/USERSPACE/DATASETS/CodecFake/train/F03_SSB06660294.wav,3
/USERSPACE/DATASETS/CodecFake/train/F03_SSB15750484.wav,3
/USERSPACE/DATASETS/CodecFake/train/F03_SSB19180305.wav,3
/USERSPACE/DATASETS/CodecFake/train/F03_SSB04270431.wav,3
/USERSPACE/DATASETS/CodecFake/train/F03_SSB14520039.wav,3
/USERSPACE/DATASETS/CodecFake/train/F03_SSB14020041.wav,3
/USERSPACE/DATASETS/CodecFake/train/F03_SSB11310006.wav,3
/USERSPACE/DATASETS/CodecFake/train/F03_SSB03230281.wav,3
/USERSPACE/DATASETS/CodecFake/train/F03_SSB15630191.wav,3
/USERSPACE/DATASETS/CodecFake/train/F03_SSB02000334.wav,3
/USERSPACE/DATASETS/CodecFake/train/F03_SSB02870133.wav,3
/USERSPACE/DATASETS/CodecFake/train/F03_SSB03090115.wav,3
/USERSPACE/DATASETS/CodecFake/train/F03_p258_019.wav,3
/USERSPACE/DATASETS/CodecFake/train/F03_p299_314.wav,3
/USERSPACE/DATASETS/CodecFake/train/F03_SSB02000047.wav,3
/USERSPACE/DATASETS/CodecFake/train/F03_SSB01930252.wav,3
/USERSPACE/DATASETS/CodecFake/train/F03_SSB07360332.wav,3
/USERSPACE/DATASETS/CodecFake/train/F03_SSB07840459.wav,3
/USERSPACE/DATASETS/CodecFake/train/F03_SSB02000066.wav,3
/USERSPACE/DATASETS/CodecFake/train/F03_SSB09190253.wav,3
/USERSPACE/DATASETS/CodecFake/train/F03_SSB09970184.wav,3
/USERSPACE/DATASETS/CodecFake/train/F03_p304_036.wav,3
/USERSPACE/DATASETS/CodecFake/train/F03_SSB12210103.wav,3
/USERSPACE/DATASETS/CodecFake/train/F03_p274_430.wav,3
/USERSPACE/DATASETS/CodecFake/train/F03_SSB05940336.wav,3
/USERSPACE/DATASETS/CodecFake/train/F03_SSB12040063.wav,3
/USERSPACE/DATASETS/CodecFake/train/F03_SSB04340163.wav,3
/USERSPACE/DATASETS/CodecFake/train/F03_p241_042.wav,3
/USERSPACE/DATASETS/CodecFake/train/F03_p285_105.wav,3
/USERSPACE/DATASETS/CodecFake/train/F03_p236_164.wav,3
/USERSPACE/DATASETS/CodecFake/train/F03_SSB06930024.wav,3
/USERSPACE/DATASETS/CodecFake/train/F03_SSB03790115.wav,3
/USERSPACE/DATASETS/CodecFake/train/F03_SSB06660368.wav,3
/USERSPACE/DATASETS/CodecFake/train/F03_SSB10910432.wav,3
/USERSPACE/DATASETS/CodecFake/train/F03_p268_062.wav,3
/USERSPACE/DATASETS/CodecFake/train/F03_SSB07370133.wav,3
/USERSPACE/DATASETS/CodecFake/train/F03_SSB19350457.wav,3
/USERSPACE/DATASETS/CodecFake/train/F03_p335_075.wav,3
/USERSPACE/DATASETS/CodecFake/train/F03_p306_086.wav,3
/USERSPACE/DATASETS/CodecFake/train/F03_SSB06290376.wav,3
/USERSPACE/DATASETS/CodecFake/train/F03_p276_259.wav,3
/USERSPACE/DATASETS/CodecFake/train/F03_p330_117.wav,3
/USERSPACE/DATASETS/CodecFake/train/F03_SSB14520386.wav,3
/USERSPACE/DATASETS/CodecFake/train/F03_SSB03800375.wav,3
/USERSPACE/DATASETS/CodecFake/train/F03_p237_030.wav,3
/USERSPACE/DATASETS/CodecFake/train/F03_SSB06290182.wav,3
/USERSPACE/DATASETS/CodecFake/train/F03_p247_219.wav,3
/USERSPACE/DATASETS/CodecFake/train/F03_SSB05350210.wav,3
/USERSPACE/DATASETS/CodecFake/train/F03_SSB18720073.wav,3
/USERSPACE/DATASETS/CodecFake/train/F03_SSB04350063.wav,3
/USERSPACE/DATASETS/CodecFake/train/F03_p307_255.wav,3
/USERSPACE/DATASETS/CodecFake/train/F03_SSB19560337.wav,3
/USERSPACE/DATASETS/CodecFake/train/F03_p314_387.wav,3
/USERSPACE/DATASETS/CodecFake/train/F03_p300_247.wav,3
/USERSPACE/DATASETS/CodecFake/train/F03_SSB00110176.wav,3
/USERSPACE/DATASETS/CodecFake/train/F03_SSB07480349.wav,3
/USERSPACE/DATASETS/CodecFake/train/F03_p335_065.wav,3
/USERSPACE/DATASETS/CodecFake/train/F03_SSB16500016.wav,3
/USERSPACE/DATASETS/CodecFake/train/F03_SSB10560392.wav,3
/USERSPACE/DATASETS/CodecFake/train/F03_SSB03420066.wav,3
/USERSPACE/DATASETS/CodecFake/train/F03_SSB07110409.wav,3
/USERSPACE/DATASETS/CodecFake/train/F03_SSB07230212.wav,3
/USERSPACE/DATASETS/CodecFake/train/F03_p329_121.wav,3
/USERSPACE/DATASETS/CodecFake/train/F03_p239_423.wav,3
/USERSPACE/DATASETS/CodecFake/train/F03_SSB06090092.wav,3
/USERSPACE/DATASETS/CodecFake/train/F03_SSB07620121.wav,3
/USERSPACE/DATASETS/CodecFake/train/F03_p303_085.wav,3
/USERSPACE/DATASETS/CodecFake/train/F03_SSB07100234.wav,3
/USERSPACE/DATASETS/CodecFake/train/F03_SSB05940466.wav,3
/USERSPACE/DATASETS/CodecFake/train/F03_SSB03390152.wav,3
/USERSPACE/DATASETS/CodecFake/train/F03_SSB15850245.wav,3
/USERSPACE/DATASETS/CodecFake/train/F03_SSB06030151.wav,3
/USERSPACE/DATASETS/CodecFake/train/F03_SSB18630260.wav,3
/USERSPACE/DATASETS/CodecFake/train/F03_SSB05440257.wav,3
/USERSPACE/DATASETS/CodecFake/train/F03_p229_157.wav,3
/USERSPACE/DATASETS/CodecFake/train/F03_p256_057.wav,3
/USERSPACE/DATASETS/CodecFake/train/F03_p293_004.wav,3
/USERSPACE/DATASETS/CodecFake/train/F03_p253_138.wav,3
/USERSPACE/DATASETS/CodecFake/train/F03_p360_124.wav,3
/USERSPACE/DATASETS/CodecFake/train/F03_p287_382.wav,3
/USERSPACE/DATASETS/CodecFake/train/F03_SSB06290187.wav,3
/USERSPACE/DATASETS/CodecFake/train/F03_SSB06680036.wav,3
/USERSPACE/DATASETS/CodecFake/train/F03_SSB04340472.wav,3
/USERSPACE/DATASETS/CodecFake/train/F03_SSB18100165.wav,3
/USERSPACE/DATASETS/CodecFake/train/F03_SSB11000285.wav,3
/USERSPACE/DATASETS/CodecFake/train/F03_SSB10200012.wav,3
/USERSPACE/DATASETS/CodecFake/train/F03_SSB07600310.wav,3
/USERSPACE/DATASETS/CodecFake/train/F03_SSB11870499.wav,3
/USERSPACE/DATASETS/CodecFake/train/F03_SSB06090138.wav,3
/USERSPACE/DATASETS/CodecFake/train/F03_SSB05020483.wav,3
/USERSPACE/DATASETS/CodecFake/train/F03_p268_052.wav,3
/USERSPACE/DATASETS/CodecFake/train/F03_p265_028.wav,3
/USERSPACE/DATASETS/CodecFake/train/F03_SSB09130418.wav,3
/USERSPACE/DATASETS/CodecFake/train/F03_p343_322.wav,3
/USERSPACE/DATASETS/CodecFake/train/F03_p229_341.wav,3
/USERSPACE/DATASETS/CodecFake/train/F03_p274_104.wav,3
/USERSPACE/DATASETS/CodecFake/train/F03_SSB19020449.wav,3
/USERSPACE/DATASETS/CodecFake/train/F03_SSB08510161.wav,3
/USERSPACE/DATASETS/CodecFake/train/F03_p227_073.wav,3
/USERSPACE/DATASETS/CodecFake/train/F03_SSB07940432.wav,3
/USERSPACE/DATASETS/CodecFake/train/F03_SSB13770043.wav,3
/USERSPACE/DATASETS/CodecFake/train/F03_SSB11380301.wav,3
/USERSPACE/DATASETS/CodecFake/train/F03_SSB00120010.wav,3
/USERSPACE/DATASETS/CodecFake/train/F03_SSB01970332.wav,3
/USERSPACE/DATASETS/CodecFake/train/F03_SSB10020061.wav,3
/USERSPACE/DATASETS/CodecFake/train/F03_SSB02670059.wav,3
/USERSPACE/DATASETS/CodecFake/train/F03_SSB12150171.wav,3
/USERSPACE/DATASETS/CodecFake/train/F03_p272_186.wav,3
/USERSPACE/DATASETS/CodecFake/train/F03_p264_136.wav,3
/USERSPACE/DATASETS/CodecFake/train/F03_p258_136.wav,3
/USERSPACE/DATASETS/CodecFake/train/F03_p284_413.wav,3
/USERSPACE/DATASETS/CodecFake/train/F03_SSB11610137.wav,3
/USERSPACE/DATASETS/CodecFake/train/F03_p303_329.wav,3
/USERSPACE/DATASETS/CodecFake/train/F03_p285_083.wav,3
/USERSPACE/DATASETS/CodecFake/train/F03_SSB03410054.wav,3
/USERSPACE/DATASETS/CodecFake/train/F03_p260_295.wav,3
/USERSPACE/DATASETS/CodecFake/train/F03_SSB06660471.wav,3
/USERSPACE/DATASETS/CodecFake/train/F03_SSB00330470.wav,3
/USERSPACE/DATASETS/CodecFake/train/F03_SSB07800380.wav,3
/USERSPACE/DATASETS/CodecFake/train/F03_SSB02460227.wav,3
/USERSPACE/DATASETS/CodecFake/train/F03_p262_071.wav,3
/USERSPACE/DATASETS/CodecFake/train/F03_SSB01930231.wav,3
/USERSPACE/DATASETS/CodecFake/train/F03_p247_333.wav,3
/USERSPACE/DATASETS/CodecFake/train/F03_SSB11260004.wav,3
/USERSPACE/DATASETS/CodecFake/train/F03_SSB00110346.wav,3
/USERSPACE/DATASETS/CodecFake/train/F03_SSB13820212.wav,3
/USERSPACE/DATASETS/CodecFake/train/F03_p298_302.wav,3
/USERSPACE/DATASETS/CodecFake/train/F03_p302_177.wav,3
/USERSPACE/DATASETS/CodecFake/train/F03_SSB18280003.wav,3
/USERSPACE/DATASETS/CodecFake/train/F03_SSB03940150.wav,3
/USERSPACE/DATASETS/CodecFake/train/F03_SSB04150299.wav,3
/USERSPACE/DATASETS/CodecFake/train/F03_SSB07580234.wav,3
/USERSPACE/DATASETS/CodecFake/train/F03_SSB11350079.wav,3
/USERSPACE/DATASETS/CodecFake/train/F03_SSB05700027.wav,3
/USERSPACE/DATASETS/CodecFake/train/F03_SSB18280165.wav,3
/USERSPACE/DATASETS/CodecFake/train/F03_SSB07100313.wav,3
/USERSPACE/DATASETS/CodecFake/train/F03_SSB11080179.wav,3
/USERSPACE/DATASETS/CodecFake/train/F03_SSB07940317.wav,3
/USERSPACE/DATASETS/CodecFake/train/F03_p305_264.wav,3
/USERSPACE/DATASETS/CodecFake/train/F03_SSB07860231.wav,3
/USERSPACE/DATASETS/CodecFake/train/F03_SSB06710071.wav,3
/USERSPACE/DATASETS/CodecFake/train/F03_p227_122.wav,3
/USERSPACE/DATASETS/CodecFake/train/F03_p345_357.wav,3
/USERSPACE/DATASETS/CodecFake/train/F03_p256_135.wav,3
/USERSPACE/DATASETS/CodecFake/train/F03_SSB10560116.wav,3
/USERSPACE/DATASETS/CodecFake/train/F03_SSB10560213.wav,3
/USERSPACE/DATASETS/CodecFake/train/F03_p244_402.wav,3
/USERSPACE/DATASETS/CodecFake/train/F03_SSB07800302.wav,3
/USERSPACE/DATASETS/CodecFake/train/F03_SSB07800266.wav,3
/USERSPACE/DATASETS/CodecFake/train/F03_SSB05650351.wav,3
/USERSPACE/DATASETS/CodecFake/train/F03_p275_163.wav,3
/USERSPACE/DATASETS/CodecFake/train/F03_SSB12030263.wav,3
/USERSPACE/DATASETS/CodecFake/train/F03_SSB05940171.wav,3
/USERSPACE/DATASETS/CodecFake/train/F03_p326_132.wav,3
/USERSPACE/DATASETS/CodecFake/train/F03_SSB06090355.wav,3
/USERSPACE/DATASETS/CodecFake/train/F03_SSB17280409.wav,3
/USERSPACE/DATASETS/CodecFake/train/F03_SSB04070343.wav,3
/USERSPACE/DATASETS/CodecFake/train/F03_SSB07780248.wav,3
/USERSPACE/DATASETS/CodecFake/train/F03_SSB00090210.wav,3
/USERSPACE/DATASETS/CodecFake/train/F03_SSB06060083.wav,3
/USERSPACE/DATASETS/CodecFake/train/F03_p293_096.wav,3
/USERSPACE/DATASETS/CodecFake/train/F03_SSB16240298.wav,3
/USERSPACE/DATASETS/CodecFake/train/F03_SSB18630233.wav,3
/USERSPACE/DATASETS/CodecFake/train/F03_SSB10000181.wav,3
/USERSPACE/DATASETS/CodecFake/train/F03_SSB05390125.wav,3
/USERSPACE/DATASETS/CodecFake/train/F03_SSB10550135.wav,3
/USERSPACE/DATASETS/CodecFake/train/F03_SSB07000412.wav,3
/USERSPACE/DATASETS/CodecFake/train/F03_p374_059.wav,3
/USERSPACE/DATASETS/CodecFake/train/F03_p312_250.wav,3
/USERSPACE/DATASETS/CodecFake/train/F03_SSB02410027.wav,3
/USERSPACE/DATASETS/CodecFake/train/F03_p304_196.wav,3
/USERSPACE/DATASETS/CodecFake/train/F03_SSB15550160.wav,3
/USERSPACE/DATASETS/CodecFake/train/F03_SSB06320180.wav,3
/USERSPACE/DATASETS/CodecFake/train/F03_p287_028.wav,3
/USERSPACE/DATASETS/CodecFake/train/F03_p315_380.wav,3
/USERSPACE/DATASETS/CodecFake/train/F03_p376_016.wav,3
/USERSPACE/DATASETS/CodecFake/train/F03_p297_221.wav,3
/USERSPACE/DATASETS/CodecFake/train/F03_SSB18320204.wav,3
/USERSPACE/DATASETS/CodecFake/train/F03_p280_379.wav,3
/USERSPACE/DATASETS/CodecFake/train/F03_SSB01970023.wav,3
/USERSPACE/DATASETS/CodecFake/train/F03_SSB01390135.wav,3
/USERSPACE/DATASETS/CodecFake/train/F03_SSB10240029.wav,3
/USERSPACE/DATASETS/CodecFake/train/F03_SSB00570456.wav,3
/USERSPACE/DATASETS/CodecFake/train/F03_p340_036.wav,3
/USERSPACE/DATASETS/CodecFake/train/F03_SSB11350304.wav,3
/USERSPACE/DATASETS/CodecFake/train/F03_SSB03150190.wav,3
/USERSPACE/DATASETS/CodecFake/train/F03_p238_334.wav,3
/USERSPACE/DATASETS/CodecFake/train/F03_SSB12190467.wav,3
/USERSPACE/DATASETS/CodecFake/train/F03_SSB17810414.wav,3
/USERSPACE/DATASETS/CodecFake/train/F03_SSB06710214.wav,3
/USERSPACE/DATASETS/CodecFake/train/F03_SSB02990453.wav,3
/USERSPACE/DATASETS/CodecFake/train/F03_SSB10910105.wav,3
/USERSPACE/DATASETS/CodecFake/train/F03_SSB03090272.wav,3
/USERSPACE/DATASETS/CodecFake/train/F03_p343_239.wav,3
/USERSPACE/DATASETS/CodecFake/train/F03_p284_016.wav,3
/USERSPACE/DATASETS/CodecFake/train/F03_SSB03150357.wav,3
/USERSPACE/DATASETS/CodecFake/train/F03_SSB18370276.wav,3
/USERSPACE/DATASETS/CodecFake/train/F03_p316_370.wav,3
/USERSPACE/DATASETS/CodecFake/train/F03_SSB11310368.wav,3
/USERSPACE/DATASETS/CodecFake/train/F03_p265_302.wav,3
/USERSPACE/DATASETS/CodecFake/train/F03_p246_152.wav,3
/USERSPACE/DATASETS/CodecFake/train/F03_SSB05020071.wav,3
/USERSPACE/DATASETS/CodecFake/train/F03_SSB03800142.wav,3
/USERSPACE/DATASETS/CodecFake/train/F03_SSB11610026.wav,3
/USERSPACE/DATASETS/CodecFake/train/F03_p258_158.wav,3
/USERSPACE/DATASETS/CodecFake/train/F03_SSB04340129.wav,3
/USERSPACE/DATASETS/CodecFake/train/F03_SSB01450077.wav,3
/USERSPACE/DATASETS/CodecFake/train/F03_p278_052.wav,3
/USERSPACE/DATASETS/CodecFake/train/F03_SSB07020433.wav,3
/USERSPACE/DATASETS/CodecFake/train/F03_SSB12150452.wav,3
/USERSPACE/DATASETS/CodecFake/train/F03_SSB06010113.wav,3
/USERSPACE/DATASETS/CodecFake/train/F03_SSB03790129.wav,3
/USERSPACE/DATASETS/CodecFake/train/F03_p293_283.wav,3
/USERSPACE/DATASETS/CodecFake/train/F03_p258_303.wav,3
/USERSPACE/DATASETS/CodecFake/train/F03_SSB01930487.wav,3
/USERSPACE/DATASETS/CodecFake/train/F03_SSB05340224.wav,3
/USERSPACE/DATASETS/CodecFake/train/F03_p284_111.wav,3
/USERSPACE/DATASETS/CodecFake/train/F03_p284_006.wav,3
/USERSPACE/DATASETS/CodecFake/train/F03_p280_357.wav,3
/USERSPACE/DATASETS/CodecFake/train/F03_SSB13200463.wav,3
/USERSPACE/DATASETS/CodecFake/train/F03_p263_424.wav,3
/USERSPACE/DATASETS/CodecFake/train/F03_p262_227.wav,3
/USERSPACE/DATASETS/CodecFake/train/F03_SSB04700202.wav,3
/USERSPACE/DATASETS/CodecFake/train/F03_SSB06060451.wav,3
/USERSPACE/DATASETS/CodecFake/train/F03_SSB16250178.wav,3
/USERSPACE/DATASETS/CodecFake/train/F03_p239_137.wav,3
/USERSPACE/DATASETS/CodecFake/train/F03_SSB03540064.wav,3
/USERSPACE/DATASETS/CodecFake/train/F03_SSB03070453.wav,3
/USERSPACE/DATASETS/CodecFake/train/F03_SSB05390303.wav,3
/USERSPACE/DATASETS/CodecFake/train/F03_SSB02730206.wav,3
/USERSPACE/DATASETS/CodecFake/train/F03_SSB16700008.wav,3
/USERSPACE/DATASETS/CodecFake/train/F03_p330_240.wav,3
/USERSPACE/DATASETS/CodecFake/train/F03_SSB18720006.wav,3
/USERSPACE/DATASETS/CodecFake/train/F03_p238_011.wav,3
/USERSPACE/DATASETS/CodecFake/train/F03_p360_188.wav,3
/USERSPACE/DATASETS/CodecFake/train/F03_p228_043.wav,3
/USERSPACE/DATASETS/CodecFake/train/F03_SSB16240302.wav,3
/USERSPACE/DATASETS/CodecFake/train/F03_SSB00570447.wav,3
/USERSPACE/DATASETS/CodecFake/train/F03_SSB07230197.wav,3
/USERSPACE/DATASETS/CodecFake/train/F03_p335_321.wav,3
/USERSPACE/DATASETS/CodecFake/train/F03_SSB03940228.wav,3
/USERSPACE/DATASETS/CodecFake/train/F03_SSB07780096.wav,3
/USERSPACE/DATASETS/CodecFake/train/F03_SSB02880272.wav,3
/USERSPACE/DATASETS/CodecFake/train/F03_SSB11150424.wav,3
/USERSPACE/DATASETS/CodecFake/train/F03_SSB05780170.wav,3
/USERSPACE/DATASETS/CodecFake/train/F03_SSB06320036.wav,3
/USERSPACE/DATASETS/CodecFake/train/F03_p246_043.wav,3
/USERSPACE/DATASETS/CodecFake/train/F03_SSB00380347.wav,3
/USERSPACE/DATASETS/CodecFake/train/F03_SSB15670344.wav,3
/USERSPACE/DATASETS/CodecFake/train/F03_SSB03950132.wav,3
/USERSPACE/DATASETS/CodecFake/train/F03_SSB05780469.wav,3
/USERSPACE/DATASETS/CodecFake/train/F03_SSB13200156.wav,3
/USERSPACE/DATASETS/CodecFake/train/F03_SSB13920113.wav,3
/USERSPACE/DATASETS/CodecFake/train/F03_SSB16840175.wav,3
/USERSPACE/DATASETS/CodecFake/train/F03_SSB04150085.wav,3
/USERSPACE/DATASETS/CodecFake/train/F03_SSB08630354.wav,3
/USERSPACE/DATASETS/CodecFake/train/F03_SSB16840046.wav,3
/USERSPACE/DATASETS/CodecFake/train/F03_p265_282.wav,3
/USERSPACE/DATASETS/CodecFake/train/F03_SSB05990098.wav,3
/USERSPACE/DATASETS/CodecFake/train/F03_p268_040.wav,3
/USERSPACE/DATASETS/CodecFake/train/F03_p295_277.wav,3
/USERSPACE/DATASETS/CodecFake/train/F03_SSB06010287.wav,3
/USERSPACE/DATASETS/CodecFake/train/F03_SSB08090109.wav,3
/USERSPACE/DATASETS/CodecFake/train/F03_SSB03090099.wav,3
/USERSPACE/DATASETS/CodecFake/train/F03_p275_013.wav,3
/USERSPACE/DATASETS/CodecFake/train/F03_SSB06090278.wav,3
/USERSPACE/DATASETS/CodecFake/train/F03_SSB09660020.wav,3
/USERSPACE/DATASETS/CodecFake/train/F03_p317_418.wav,3
/USERSPACE/DATASETS/CodecFake/train/F03_p237_037.wav,3
/USERSPACE/DATASETS/CodecFake/train/F03_p286_133.wav,3
/USERSPACE/DATASETS/CodecFake/train/F03_SSB17590210.wav,3
/USERSPACE/DATASETS/CodecFake/train/F03_p251_147.wav,3
/USERSPACE/DATASETS/CodecFake/train/F03_p279_310.wav,3
/USERSPACE/DATASETS/CodecFake/train/F03_SSB12160215.wav,3
/USERSPACE/DATASETS/CodecFake/train/F03_SSB06140393.wav,3
/USERSPACE/DATASETS/CodecFake/train/F03_SSB13400066.wav,3
/USERSPACE/DATASETS/CodecFake/train/F03_SSB01970068.wav,3
/USERSPACE/DATASETS/CodecFake/train/F03_p236_126.wav,3
/USERSPACE/DATASETS/CodecFake/train/F03_SSB05880445.wav,3
/USERSPACE/DATASETS/CodecFake/train/F03_SSB07100186.wav,3
/USERSPACE/DATASETS/CodecFake/train/F03_SSB04070391.wav,3
/USERSPACE/DATASETS/CodecFake/train/F03_SSB06140384.wav,3
/USERSPACE/DATASETS/CodecFake/train/F03_SSB06230068.wav,3
/USERSPACE/DATASETS/CodecFake/train/F03_SSB03390042.wav,3
/USERSPACE/DATASETS/CodecFake/train/F03_p339_410.wav,3
/USERSPACE/DATASETS/CodecFake/train/F03_SSB06290152.wav,3
/USERSPACE/DATASETS/CodecFake/train/F03_p311_208.wav,3
/USERSPACE/DATASETS/CodecFake/train/F03_p238_390.wav,3
/USERSPACE/DATASETS/CodecFake/train/F03_SSB03150425.wav,3
/USERSPACE/DATASETS/CodecFake/train/F03_SSB06230388.wav,3
/USERSPACE/DATASETS/CodecFake/train/F03_SSB04350289.wav,3
/USERSPACE/DATASETS/CodecFake/train/F03_p250_126.wav,3
/USERSPACE/DATASETS/CodecFake/train/F03_SSB11360507.wav,3
/USERSPACE/DATASETS/CodecFake/train/F03_SSB00380154.wav,3
/USERSPACE/DATASETS/CodecFake/train/F03_SSB10010460.wav,3
/USERSPACE/DATASETS/CodecFake/train/F03_p266_244.wav,3
/USERSPACE/DATASETS/CodecFake/train/F03_p280_337.wav,3
/USERSPACE/DATASETS/CodecFake/train/F03_SSB01330038.wav,3
/USERSPACE/DATASETS/CodecFake/train/F03_p277_107.wav,3
/USERSPACE/DATASETS/CodecFake/train/F03_SSB16700215.wav,3
/USERSPACE/DATASETS/CodecFake/train/F03_SSB03230461.wav,3
/USERSPACE/DATASETS/CodecFake/train/F03_SSB07940404.wav,3
/USERSPACE/DATASETS/CodecFake/train/F03_SSB03540311.wav,3
/USERSPACE/DATASETS/CodecFake/train/F03_SSB02000461.wav,3
/USERSPACE/DATASETS/CodecFake/train/F03_p268_102.wav,3
/USERSPACE/DATASETS/CodecFake/train/F03_SSB01220157.wav,3
/USERSPACE/DATASETS/CodecFake/train/F03_SSB16300438.wav,3
/USERSPACE/DATASETS/CodecFake/train/F03_SSB03930206.wav,3
/USERSPACE/DATASETS/CodecFake/train/F03_SSB02410030.wav,3
/USERSPACE/DATASETS/CodecFake/train/F03_SSB18370192.wav,3
/USERSPACE/DATASETS/CodecFake/train/F03_p251_344.wav,3
/USERSPACE/DATASETS/CodecFake/train/F03_SSB01330295.wav,3
/USERSPACE/DATASETS/CodecFake/train/F03_SSB11250086.wav,3
/USERSPACE/DATASETS/CodecFake/train/F03_SSB01330212.wav,3
/USERSPACE/DATASETS/CodecFake/train/F03_SSB07840186.wav,3
/USERSPACE/DATASETS/CodecFake/train/F03_SSB02670334.wav,3
/USERSPACE/DATASETS/CodecFake/train/F03_SSB07110327.wav,3
/USERSPACE/DATASETS/CodecFake/train/F03_SSB07480189.wav,3
/USERSPACE/DATASETS/CodecFake/train/F03_SSB06680195.wav,3
/USERSPACE/DATASETS/CodecFake/train/F03_SSB02870291.wav,3
/USERSPACE/DATASETS/CodecFake/train/F03_SSB16990302.wav,3
/USERSPACE/DATASETS/CodecFake/train/F03_SSB10550182.wav,3
/USERSPACE/DATASETS/CodecFake/train/F03_SSB01450312.wav,3
/USERSPACE/DATASETS/CodecFake/train/F03_SSB16300493.wav,3
/USERSPACE/DATASETS/CodecFake/train/F03_SSB04150117.wav,3
/USERSPACE/DATASETS/CodecFake/train/F03_SSB16500206.wav,3
/USERSPACE/DATASETS/CodecFake/train/F03_SSB19390008.wav,3
/USERSPACE/DATASETS/CodecFake/train/F03_SSB06710014.wav,3
/USERSPACE/DATASETS/CodecFake/train/F03_SSB17450074.wav,3
/USERSPACE/DATASETS/CodecFake/train/F03_SSB03070437.wav,3
/USERSPACE/DATASETS/CodecFake/train/F03_SSB11250156.wav,3
/USERSPACE/DATASETS/CodecFake/train/F03_SSB12390377.wav,3
/USERSPACE/DATASETS/CodecFake/train/F03_p265_217.wav,3
/USERSPACE/DATASETS/CodecFake/train/F03_SSB01930444.wav,3
/USERSPACE/DATASETS/CodecFake/train/F03_SSB00570469.wav,3
/USERSPACE/DATASETS/CodecFake/train/F03_SSB05900029.wav,3
/USERSPACE/DATASETS/CodecFake/train/F03_SSB03420103.wav,3
/USERSPACE/DATASETS/CodecFake/train/F03_SSB07940480.wav,3
/USERSPACE/DATASETS/CodecFake/train/F03_SSB00090173.wav,3
/USERSPACE/DATASETS/CodecFake/train/F03_SSB04820346.wav,3
/USERSPACE/DATASETS/CodecFake/train/F03_SSB03950353.wav,3
/USERSPACE/DATASETS/CodecFake/train/F03_SSB10240295.wav,3
/USERSPACE/DATASETS/CodecFake/train/F03_SSB09130072.wav,3
/USERSPACE/DATASETS/CodecFake/train/F03_p341_238.wav,3
/USERSPACE/DATASETS/CodecFake/train/F03_SSB15930491.wav,3
/USERSPACE/DATASETS/CodecFake/train/F03_SSB13280450.wav,3
/USERSPACE/DATASETS/CodecFake/train/F03_SSB00380212.wav,3
/USERSPACE/DATASETS/CodecFake/train/F03_p347_413.wav,3
/USERSPACE/DATASETS/CodecFake/train/F03_p374_044.wav,3
/USERSPACE/DATASETS/CodecFake/train/F03_p376_027.wav,3
/USERSPACE/DATASETS/CodecFake/train/F03_p286_345.wav,3
/USERSPACE/DATASETS/CodecFake/train/F03_SSB01970461.wav,3
/USERSPACE/DATASETS/CodecFake/train/F03_SSB08710378.wav,3
/USERSPACE/DATASETS/CodecFake/train/F03_SSB06290095.wav,3
/USERSPACE/DATASETS/CodecFake/train/F03_SSB10910107.wav,3
/USERSPACE/DATASETS/CodecFake/train/F03_SSB11000053.wav,3
/USERSPACE/DATASETS/CodecFake/train/F03_SSB18320335.wav,3
/USERSPACE/DATASETS/CodecFake/train/F03_SSB04350076.wav,3
/USERSPACE/DATASETS/CodecFake/train/F03_SSB10720094.wav,3
/USERSPACE/DATASETS/CodecFake/train/F03_SSB03820386.wav,3
/USERSPACE/DATASETS/CodecFake/train/F03_p314_358.wav,3
/USERSPACE/DATASETS/CodecFake/train/F03_p226_162.wav,3
/USERSPACE/DATASETS/CodecFake/train/F03_SSB11610043.wav,3
/USERSPACE/DATASETS/CodecFake/train/F03_SSB06930244.wav,3
/USERSPACE/DATASETS/CodecFake/train/F03_p288_075.wav,3
/USERSPACE/DATASETS/CodecFake/train/F03_p230_137.wav,3
/USERSPACE/DATASETS/CodecFake/train/F03_SSB19560437.wav,3
/USERSPACE/DATASETS/CodecFake/train/F03_SSB10240402.wav,3
/USERSPACE/DATASETS/CodecFake/train/F03_SSB18460184.wav,3
/USERSPACE/DATASETS/CodecFake/train/F03_SSB18280361.wav,3
/USERSPACE/DATASETS/CodecFake/train/F03_SSB09970189.wav,3
/USERSPACE/DATASETS/CodecFake/train/F03_p282_330.wav,3
/USERSPACE/DATASETS/CodecFake/train/F03_SSB08220247.wav,3
/USERSPACE/DATASETS/CodecFake/train/F03_p245_112.wav,3
/USERSPACE/DATASETS/CodecFake/train/F03_SSB18280013.wav,3
/USERSPACE/DATASETS/CodecFake/train/F03_p340_233.wav,3
/USERSPACE/DATASETS/CodecFake/train/F03_SSB07170125.wav,3
/USERSPACE/DATASETS/CodecFake/train/F03_SSB10500439.wav,3
/USERSPACE/DATASETS/CodecFake/train/F03_SSB09350254.wav,3
/USERSPACE/DATASETS/CodecFake/train/F03_p295_163.wav,3
/USERSPACE/DATASETS/CodecFake/train/F03_SSB08170387.wav,3
/USERSPACE/DATASETS/CodecFake/train/F03_SSB05340451.wav,3
/USERSPACE/DATASETS/CodecFake/train/F03_SSB06140367.wav,3
/USERSPACE/DATASETS/CodecFake/train/F03_SSB09870403.wav,3
/USERSPACE/DATASETS/CodecFake/train/F03_SSB07000216.wav,3
/USERSPACE/DATASETS/CodecFake/train/F03_SSB11080143.wav,3
/USERSPACE/DATASETS/CodecFake/train/F03_SSB05350362.wav,3
/USERSPACE/DATASETS/CodecFake/train/F03_p267_389.wav,3
/USERSPACE/DATASETS/CodecFake/train/F03_SSB18630314.wav,3
/USERSPACE/DATASETS/CodecFake/train/F03_SSB07580186.wav,3
/USERSPACE/DATASETS/CodecFake/train/F03_p311_409.wav,3
/USERSPACE/DATASETS/CodecFake/train/F03_p271_395.wav,3
/USERSPACE/DATASETS/CodecFake/train/F03_SSB04150304.wav,3
/USERSPACE/DATASETS/CodecFake/train/F03_SSB03800008.wav,3
/USERSPACE/DATASETS/CodecFake/train/F03_SSB03160350.wav,3
/USERSPACE/DATASETS/CodecFake/train/F03_p306_260.wav,3
/USERSPACE/DATASETS/CodecFake/train/F03_SSB01970267.wav,3
/USERSPACE/DATASETS/CodecFake/train/F03_p240_283.wav,3
/USERSPACE/DATASETS/CodecFake/train/F03_p292_329.wav,3
/USERSPACE/DATASETS/CodecFake/train/F03_SSB13660169.wav,3
/USERSPACE/DATASETS/CodecFake/train/F03_SSB03800317.wav,3
/USERSPACE/DATASETS/CodecFake/train/F03_SSB10000208.wav,3
/USERSPACE/DATASETS/CodecFake/train/F03_p284_198.wav,3
/USERSPACE/DATASETS/CodecFake/train/F03_p363_007.wav,3
/USERSPACE/DATASETS/CodecFake/train/F03_p232_140.wav,3
/USERSPACE/DATASETS/CodecFake/train/F03_SSB09190145.wav,3
/USERSPACE/DATASETS/CodecFake/train/F03_SSB02990335.wav,3
/USERSPACE/DATASETS/CodecFake/train/F03_p312_185.wav,3
/USERSPACE/DATASETS/CodecFake/train/F03_SSB10200512.wav,3
/USERSPACE/DATASETS/CodecFake/train/F03_p323_290.wav,3
/USERSPACE/DATASETS/CodecFake/train/F03_SSB10910101.wav,3
/USERSPACE/DATASETS/CodecFake/train/F03_SSB03390032.wav,3
/USERSPACE/DATASETS/CodecFake/train/F03_p252_039.wav,3
/USERSPACE/DATASETS/CodecFake/train/F03_SSB02610483.wav,3
/USERSPACE/DATASETS/CodecFake/train/F03_p277_091.wav,3
/USERSPACE/DATASETS/CodecFake/train/F03_SSB05780078.wav,3
/USERSPACE/DATASETS/CodecFake/train/F03_SSB05650217.wav,3
/USERSPACE/DATASETS/CodecFake/train/F03_SSB00730114.wav,3
/USERSPACE/DATASETS/CodecFake/train/F03_SSB18720464.wav,3
/USERSPACE/DATASETS/CodecFake/train/F03_SSB13660426.wav,3
/USERSPACE/DATASETS/CodecFake/train/F03_p233_075.wav,3
/USERSPACE/DATASETS/CodecFake/train/F03_SSB11350341.wav,3
/USERSPACE/DATASETS/CodecFake/train/F03_SSB03150171.wav,3
/USERSPACE/DATASETS/CodecFake/train/F03_SSB13920144.wav,3
/USERSPACE/DATASETS/CodecFake/train/F03_SSB06010324.wav,3
/USERSPACE/DATASETS/CodecFake/train/F03_p264_217.wav,3
/USERSPACE/DATASETS/CodecFake/train/F03_SSB15930025.wav,3
/USERSPACE/DATASETS/CodecFake/train/F03_SSB19180097.wav,3
/USERSPACE/DATASETS/CodecFake/train/F03_SSB11360265.wav,3
/USERSPACE/DATASETS/CodecFake/train/F03_p293_134.wav,3
/USERSPACE/DATASETS/CodecFake/train/F03_SSB13820456.wav,3
/USERSPACE/DATASETS/CodecFake/train/F03_SSB04700336.wav,3
/USERSPACE/DATASETS/CodecFake/train/F03_SSB07780165.wav,3
/USERSPACE/DATASETS/CodecFake/train/F03_SSB18630323.wav,3
/USERSPACE/DATASETS/CodecFake/train/F03_SSB07230305.wav,3
/USERSPACE/DATASETS/CodecFake/train/F03_SSB16500003.wav,3
/USERSPACE/DATASETS/CodecFake/train/F03_p237_274.wav,3
/USERSPACE/DATASETS/CodecFake/train/F03_SSB17590429.wav,3
/USERSPACE/DATASETS/CodecFake/train/F03_SSB03540165.wav,3
/USERSPACE/DATASETS/CodecFake/train/F03_p251_126.wav,3
/USERSPACE/DATASETS/CodecFake/train/F03_SSB03230264.wav,3
/USERSPACE/DATASETS/CodecFake/train/F03_SSB18460116.wav,3
/USERSPACE/DATASETS/CodecFake/train/F03_SSB04820104.wav,3
/USERSPACE/DATASETS/CodecFake/train/F03_SSB06320171.wav,3
/USERSPACE/DATASETS/CodecFake/train/F03_SSB05990445.wav,3
/USERSPACE/DATASETS/CodecFake/train/F03_SSB05940419.wav,3
/USERSPACE/DATASETS/CodecFake/train/F03_SSB13200466.wav,3
/USERSPACE/DATASETS/CodecFake/train/F03_SSB05780397.wav,3
/USERSPACE/DATASETS/CodecFake/train/F03_SSB11250017.wav,3
/USERSPACE/DATASETS/CodecFake/train/F03_SSB07170457.wav,3
/USERSPACE/DATASETS/CodecFake/train/F03_p283_433.wav,3
/USERSPACE/DATASETS/CodecFake/train/F03_SSB09350126.wav,3
/USERSPACE/DATASETS/CodecFake/train/F03_p305_237.wav,3
/USERSPACE/DATASETS/CodecFake/train/F03_SSB08710319.wav,3
/USERSPACE/DATASETS/CodecFake/train/F03_SSB10550506.wav,3
/USERSPACE/DATASETS/CodecFake/train/F03_SSB03660499.wav,3
/USERSPACE/DATASETS/CodecFake/train/F03_SSB07620113.wav,3
/USERSPACE/DATASETS/CodecFake/train/F03_SSB11250041.wav,3
/USERSPACE/DATASETS/CodecFake/train/F03_p301_311.wav,3
/USERSPACE/DATASETS/CodecFake/train/F03_SSB06030143.wav,3
/USERSPACE/DATASETS/CodecFake/train/F03_SSB12180191.wav,3
/USERSPACE/DATASETS/CodecFake/train/F03_SSB06930307.wav,3
/USERSPACE/DATASETS/CodecFake/train/F03_p225_151.wav,3
/USERSPACE/DATASETS/CodecFake/train/F03_SSB10960014.wav,3
/USERSPACE/DATASETS/CodecFake/train/F03_p263_069.wav,3
/USERSPACE/DATASETS/CodecFake/train/F03_SSB10240468.wav,3
/USERSPACE/DATASETS/CodecFake/train/F03_SSB18630217.wav,3
/USERSPACE/DATASETS/CodecFake/train/F03_SSB06860481.wav,3
/USERSPACE/DATASETS/CodecFake/train/F03_p343_155.wav,3
/USERSPACE/DATASETS/CodecFake/train/F03_SSB11000136.wav,3
/USERSPACE/DATASETS/CodecFake/train/F03_p287_079.wav,3
/USERSPACE/DATASETS/CodecFake/train/F03_SSB06930416.wav,3
/USERSPACE/DATASETS/CodecFake/train/F03_p272_353.wav,3
/USERSPACE/DATASETS/CodecFake/train/F03_SSB11000206.wav,3
/USERSPACE/DATASETS/CodecFake/train/F03_SSB06140337.wav,3
/USERSPACE/DATASETS/CodecFake/train/F03_SSB10200118.wav,3
/USERSPACE/DATASETS/CodecFake/train/F03_SSB12040049.wav,3
/USERSPACE/DATASETS/CodecFake/train/F03_SSB06660403.wav,3
/USERSPACE/DATASETS/CodecFake/train/F03_p302_070.wav,3
/USERSPACE/DATASETS/CodecFake/train/F03_SSB09190341.wav,3
/USERSPACE/DATASETS/CodecFake/train/F03_p340_186.wav,3
/USERSPACE/DATASETS/CodecFake/train/F03_SSB03090093.wav,3
/USERSPACE/DATASETS/CodecFake/train/F03_SSB07490284.wav,3
/USERSPACE/DATASETS/CodecFake/train/F03_p334_031.wav,3
/USERSPACE/DATASETS/CodecFake/train/F03_SSB10010357.wav,3
/USERSPACE/DATASETS/CodecFake/train/F03_SSB04150340.wav,3
/USERSPACE/DATASETS/CodecFake/train/F03_SSB02990022.wav,3
/USERSPACE/DATASETS/CodecFake/train/F03_SSB00330401.wav,3
/USERSPACE/DATASETS/CodecFake/train/F03_SSB10720214.wav,3
/USERSPACE/DATASETS/CodecFake/train/F03_p268_220.wav,3
/USERSPACE/DATASETS/CodecFake/train/F03_p273_194.wav,3
/USERSPACE/DATASETS/CodecFake/train/F03_SSB02870073.wav,3
/USERSPACE/DATASETS/CodecFake/train/F03_SSB03090241.wav,3
/USERSPACE/DATASETS/CodecFake/train/F03_SSB19350284.wav,3
/USERSPACE/DATASETS/CodecFake/train/F03_SSB03420232.wav,3
/USERSPACE/DATASETS/CodecFake/train/F03_p231_010.wav,3
/USERSPACE/DATASETS/CodecFake/train/F03_SSB06090206.wav,3
/USERSPACE/DATASETS/CodecFake/train/F03_p237_212.wav,3
/USERSPACE/DATASETS/CodecFake/train/F03_SSB10550314.wav,3
/USERSPACE/DATASETS/CodecFake/train/F03_SSB02460411.wav,3
/USERSPACE/DATASETS/CodecFake/train/F03_SSB01490324.wav,3
/USERSPACE/DATASETS/CodecFake/train/F03_p310_125.wav,3
/USERSPACE/DATASETS/CodecFake/train/F03_SSB07170181.wav,3
/USERSPACE/DATASETS/CodecFake/train/F03_SSB07780160.wav,3
/USERSPACE/DATASETS/CodecFake/train/F03_SSB07360172.wav,3
/USERSPACE/DATASETS/CodecFake/train/F03_SSB14520024.wav,3
/USERSPACE/DATASETS/CodecFake/train/F03_SSB02460267.wav,3
/USERSPACE/DATASETS/CodecFake/train/F03_SSB06660450.wav,3
/USERSPACE/DATASETS/CodecFake/train/F03_SSB02000448.wav,3
/USERSPACE/DATASETS/CodecFake/train/F03_SSB07490381.wav,3
/USERSPACE/DATASETS/CodecFake/train/F03_p271_314.wav,3
/USERSPACE/DATASETS/CodecFake/train/F03_SSB07580128.wav,3
/USERSPACE/DATASETS/CodecFake/train/F03_SSB05340099.wav,3
/USERSPACE/DATASETS/CodecFake/train/F03_SSB03790263.wav,3
/USERSPACE/DATASETS/CodecFake/train/F03_SSB06290446.wav,3
/USERSPACE/DATASETS/CodecFake/train/F03_p333_227.wav,3
/USERSPACE/DATASETS/CodecFake/train/F03_p281_112.wav,3
/USERSPACE/DATASETS/CodecFake/train/F03_SSB02730236.wav,3
/USERSPACE/DATASETS/CodecFake/train/F03_p252_333.wav,3
/USERSPACE/DATASETS/CodecFake/train/F03_SSB07110140.wav,3
/USERSPACE/DATASETS/CodecFake/train/F03_SSB00180400.wav,3
/USERSPACE/DATASETS/CodecFake/train/F03_SSB09150305.wav,3
/USERSPACE/DATASETS/CodecFake/train/F03_SSB01930346.wav,3
/USERSPACE/DATASETS/CodecFake/train/F03_SSB15670460.wav,3
/USERSPACE/DATASETS/CodecFake/train/F03_SSB18780174.wav,3
/USERSPACE/DATASETS/CodecFake/train/F03_p248_158.wav,3
/USERSPACE/DATASETS/CodecFake/train/F03_SSB03800381.wav,3
/USERSPACE/DATASETS/CodecFake/train/F03_SSB02460014.wav,3
/USERSPACE/DATASETS/CodecFake/train/F03_p241_164.wav,3
/USERSPACE/DATASETS/CodecFake/train/F03_p313_352.wav,3
/USERSPACE/DATASETS/CodecFake/train/F03_SSB03160261.wav,3
/USERSPACE/DATASETS/CodecFake/train/F03_SSB00430189.wav,3
/USERSPACE/DATASETS/CodecFake/train/F03_SSB09350270.wav,3
/USERSPACE/DATASETS/CodecFake/train/F03_SSB00180193.wav,3
/USERSPACE/DATASETS/CodecFake/train/F03_SSB06930298.wav,3
/USERSPACE/DATASETS/CodecFake/train/F03_SSB06070198.wav,3
/USERSPACE/DATASETS/CodecFake/train/F03_SSB06090238.wav,3
/USERSPACE/DATASETS/CodecFake/train/F03_SSB06710017.wav,3
/USERSPACE/DATASETS/CodecFake/train/F03_SSB11350445.wav,3
/USERSPACE/DATASETS/CodecFake/train/F03_SSB08510173.wav,3
/USERSPACE/DATASETS/CodecFake/train/F03_p295_115.wav,3
/USERSPACE/DATASETS/CodecFake/train/F03_SSB13200446.wav,3
/USERSPACE/DATASETS/CodecFake/train/F03_SSB03410002.wav,3
/USERSPACE/DATASETS/CodecFake/train/F03_SSB12390446.wav,3
/USERSPACE/DATASETS/CodecFake/train/F03_p259_165.wav,3
/USERSPACE/DATASETS/CodecFake/train/F03_SSB00110074.wav,3
/USERSPACE/DATASETS/CodecFake/train/F03_SSB18320329.wav,3
/USERSPACE/DATASETS/CodecFake/train/F03_SSB10200137.wav,3
/USERSPACE/DATASETS/CodecFake/train/F03_SSB18090343.wav,3
/USERSPACE/DATASETS/CodecFake/train/F03_p300_390.wav,3
/USERSPACE/DATASETS/CodecFake/train/F03_p300_061.wav,3
/USERSPACE/DATASETS/CodecFake/train/F03_p312_357.wav,3
/USERSPACE/DATASETS/CodecFake/train/F03_SSB06310336.wav,3
/USERSPACE/DATASETS/CodecFake/train/F03_SSB16070468.wav,3
/USERSPACE/DATASETS/CodecFake/train/F03_p264_459.wav,3
/USERSPACE/DATASETS/CodecFake/train/F03_SSB16990358.wav,3
/USERSPACE/DATASETS/CodecFake/train/F03_SSB12210393.wav,3
/USERSPACE/DATASETS/CodecFake/train/F03_SSB01220275.wav,3
/USERSPACE/DATASETS/CodecFake/train/F03_p305_364.wav,3
/USERSPACE/DATASETS/CodecFake/train/F03_SSB08630258.wav,3
/USERSPACE/DATASETS/CodecFake/train/F03_SSB07780251.wav,3
/USERSPACE/DATASETS/CodecFake/train/F03_SSB03950452.wav,3
/USERSPACE/DATASETS/CodecFake/train/F03_SSB00090098.wav,3
/USERSPACE/DATASETS/CodecFake/train/F03_SSB07100382.wav,3
/USERSPACE/DATASETS/CodecFake/train/F03_p274_275.wav,3
/USERSPACE/DATASETS/CodecFake/train/F03_p229_377.wav,3
/USERSPACE/DATASETS/CodecFake/train/F03_p283_044.wav,3
/USERSPACE/DATASETS/CodecFake/train/F03_SSB07360220.wav,3
/USERSPACE/DATASETS/CodecFake/train/F03_SSB14080428.wav,3
/USERSPACE/DATASETS/CodecFake/train/F03_SSB07600029.wav,3
/USERSPACE/DATASETS/CodecFake/train/F03_SSB00090199.wav,3
/USERSPACE/DATASETS/CodecFake/train/F03_SSB19180444.wav,3
/USERSPACE/DATASETS/CodecFake/train/F03_p330_012.wav,3
/USERSPACE/DATASETS/CodecFake/train/F03_p312_154.wav,3
/USERSPACE/DATASETS/CodecFake/train/F03_p287_338.wav,3
/USERSPACE/DATASETS/CodecFake/train/F03_SSB07170268.wav,3
/USERSPACE/DATASETS/CodecFake/train/F03_SSB11100203.wav,3
/USERSPACE/DATASETS/CodecFake/train/F03_SSB05990017.wav,3
/USERSPACE/DATASETS/CodecFake/train/F03_SSB09130157.wav,3
/USERSPACE/DATASETS/CodecFake/train/F03_SSB03090188.wav,3
/USERSPACE/DATASETS/CodecFake/train/F03_SSB07940219.wav,3
/USERSPACE/DATASETS/CodecFake/train/F03_p336_374.wav,3
/USERSPACE/DATASETS/CodecFake/train/F03_p278_114.wav,3
/USERSPACE/DATASETS/CodecFake/train/F03_p315_306.wav,3
/USERSPACE/DATASETS/CodecFake/train/F03_p363_107.wav,3
/USERSPACE/DATASETS/CodecFake/train/F03_p305_097.wav,3
/USERSPACE/DATASETS/CodecFake/train/F03_SSB11610426.wav,3
/USERSPACE/DATASETS/CodecFake/train/F03_p282_106.wav,3
/USERSPACE/DATASETS/CodecFake/train/F03_p270_057.wav,3
/USERSPACE/DATASETS/CodecFake/train/F03_p276_014.wav,3
/USERSPACE/DATASETS/CodecFake/train/F03_SSB05780316.wav,3
/USERSPACE/DATASETS/CodecFake/train/F03_SSB07360359.wav,3
/USERSPACE/DATASETS/CodecFake/train/F03_p255_144.wav,3
/USERSPACE/DATASETS/CodecFake/train/F03_SSB08510425.wav,3
/USERSPACE/DATASETS/CodecFake/train/F03_SSB00180318.wav,3
/USERSPACE/DATASETS/CodecFake/train/F03_SSB04340015.wav,3
/USERSPACE/DATASETS/CodecFake/train/F03_SSB11760281.wav,3
/USERSPACE/DATASETS/CodecFake/train/F03_SSB09660408.wav,3
/USERSPACE/DATASETS/CodecFake/train/F03_SSB04340257.wav,3
/USERSPACE/DATASETS/CodecFake/train/F03_SSB07580096.wav,3
/USERSPACE/DATASETS/CodecFake/train/F03_SSB04820149.wav,3
/USERSPACE/DATASETS/CodecFake/train/F03_p345_017.wav,3
/USERSPACE/DATASETS/CodecFake/train/F03_SSB15750460.wav,3
/USERSPACE/DATASETS/CodecFake/train/F03_p259_212.wav,3
/USERSPACE/DATASETS/CodecFake/train/F03_SSB04340170.wav,3
/USERSPACE/DATASETS/CodecFake/train/F03_p316_208.wav,3
/USERSPACE/DATASETS/CodecFake/train/F03_SSB03660424.wav,3
/USERSPACE/DATASETS/CodecFake/train/F03_p329_173.wav,3
/USERSPACE/DATASETS/CodecFake/train/F03_SSB09970006.wav,3
/USERSPACE/DATASETS/CodecFake/train/F03_p287_364.wav,3
/USERSPACE/DATASETS/CodecFake/train/F03_SSB05900166.wav,3
/USERSPACE/DATASETS/CodecFake/train/F03_SSB07840458.wav,3
/USERSPACE/DATASETS/CodecFake/train/F03_SSB07370111.wav,3
/USERSPACE/DATASETS/CodecFake/train/F03_SSB03660460.wav,3
/USERSPACE/DATASETS/CodecFake/train/F03_SSB09350253.wav,3
/USERSPACE/DATASETS/CodecFake/train/F03_p251_153.wav,3
/USERSPACE/DATASETS/CodecFake/train/F03_SSB00050289.wav,3
/USERSPACE/DATASETS/CodecFake/train/F03_p232_161.wav,3
/USERSPACE/DATASETS/CodecFake/train/F03_p271_049.wav,3
/USERSPACE/DATASETS/CodecFake/train/F03_SSB06860375.wav,3
/USERSPACE/DATASETS/CodecFake/train/F03_SSB10960274.wav,3
/USERSPACE/DATASETS/CodecFake/train/F03_p274_076.wav,3
/USERSPACE/DATASETS/CodecFake/train/F03_SSB18910215.wav,3
/USERSPACE/DATASETS/CodecFake/train/F03_SSB03090335.wav,3
/USERSPACE/DATASETS/CodecFake/train/F03_p252_177.wav,3
/USERSPACE/DATASETS/CodecFake/train/F03_SSB05880056.wav,3
/USERSPACE/DATASETS/CodecFake/train/F03_SSB05700347.wav,3
/USERSPACE/DATASETS/CodecFake/train/F03_SSB00380218.wav,3
/USERSPACE/DATASETS/CodecFake/train/F03_p374_139.wav,3
/USERSPACE/DATASETS/CodecFake/train/F03_SSB18630101.wav,3
/USERSPACE/DATASETS/CodecFake/train/F03_SSB07510297.wav,3
/USERSPACE/DATASETS/CodecFake/train/F03_SSB07490408.wav,3
/USERSPACE/DATASETS/CodecFake/train/F03_SSB00050068.wav,3
/USERSPACE/DATASETS/CodecFake/train/F03_p374_224.wav,3
/USERSPACE/DATASETS/CodecFake/train/F03_SSB06010083.wav,3
/USERSPACE/DATASETS/CodecFake/train/F03_SSB00730110.wav,3
/USERSPACE/DATASETS/CodecFake/train/F03_SSB10720304.wav,3
/USERSPACE/DATASETS/CodecFake/train/F03_SSB06140448.wav,3
/USERSPACE/DATASETS/CodecFake/train/F03_SSB07780502.wav,3
/USERSPACE/DATASETS/CodecFake/train/F03_SSB06290298.wav,3
/USERSPACE/DATASETS/CodecFake/train/F03_p335_083.wav,3
/USERSPACE/DATASETS/CodecFake/train/F03_SSB06140027.wav,3
/USERSPACE/DATASETS/CodecFake/train/F03_SSB16250182.wav,3
/USERSPACE/DATASETS/CodecFake/train/F03_SSB07000125.wav,3
/USERSPACE/DATASETS/CodecFake/train/F03_p244_244.wav,3
/USERSPACE/DATASETS/CodecFake/train/F03_p264_318.wav,3
/USERSPACE/DATASETS/CodecFake/train/F03_SSB13200166.wav,3
/USERSPACE/DATASETS/CodecFake/train/F03_p374_265.wav,3
/USERSPACE/DATASETS/CodecFake/train/F03_p259_414.wav,3
/USERSPACE/DATASETS/CodecFake/train/F03_SSB07360300.wav,3
/USERSPACE/DATASETS/CodecFake/train/F03_p316_309.wav,3
/USERSPACE/DATASETS/CodecFake/train/F03_SSB07840454.wav,3
/USERSPACE/DATASETS/CodecFake/train/F03_SSB05780450.wav,3
/USERSPACE/DATASETS/CodecFake/train/F03_SSB11380361.wav,3
/USERSPACE/DATASETS/CodecFake/train/F03_SSB15630156.wav,3
/USERSPACE/DATASETS/CodecFake/train/F03_p277_294.wav,3
/USERSPACE/DATASETS/CodecFake/train/F03_p227_317.wav,3
/USERSPACE/DATASETS/CodecFake/train/F03_SSB03410185.wav,3
/USERSPACE/DATASETS/CodecFake/train/F03_SSB02670118.wav,3
/USERSPACE/DATASETS/CodecFake/train/F03_SSB03660355.wav,3
/USERSPACE/DATASETS/CodecFake/train/F03_SSB05340131.wav,3
/USERSPACE/DATASETS/CodecFake/train/F03_SSB11100510.wav,3
/USERSPACE/DATASETS/CodecFake/train/F03_p285_237.wav,3
/USERSPACE/DATASETS/CodecFake/train/F03_p276_269.wav,3
/USERSPACE/DATASETS/CodecFake/train/F03_p231_327.wav,3
/USERSPACE/DATASETS/CodecFake/train/F03_p251_325.wav,3
/USERSPACE/DATASETS/CodecFake/train/F03_SSB03790247.wav,3
/USERSPACE/DATASETS/CodecFake/train/F03_SSB00570232.wav,3
/USERSPACE/DATASETS/CodecFake/train/F03_p237_320.wav,3
/USERSPACE/DATASETS/CodecFake/train/F03_p305_416.wav,3
/USERSPACE/DATASETS/CodecFake/train/F03_p304_344.wav,3
/USERSPACE/DATASETS/CodecFake/train/F03_SSB05340094.wav,3
/USERSPACE/DATASETS/CodecFake/train/F03_SSB19560165.wav,3
/USERSPACE/DATASETS/CodecFake/train/F03_p227_105.wav,3
/USERSPACE/DATASETS/CodecFake/train/F03_p301_344.wav,3
/USERSPACE/DATASETS/CodecFake/train/F03_SSB16240448.wav,3
/USERSPACE/DATASETS/CodecFake/train/F03_p302_052.wav,3
/USERSPACE/DATASETS/CodecFake/train/F03_SSB03820226.wav,3
/USERSPACE/DATASETS/CodecFake/train/F03_p345_095.wav,3
/USERSPACE/DATASETS/CodecFake/train/F03_SSB01970406.wav,3
/USERSPACE/DATASETS/CodecFake/train/F03_p251_281.wav,3
/USERSPACE/DATASETS/CodecFake/train/F03_SSB11260174.wav,3
/USERSPACE/DATASETS/CodecFake/train/F03_p361_037.wav,3
/USERSPACE/DATASETS/CodecFake/train/F03_SSB13220180.wav,3
/USERSPACE/DATASETS/CodecFake/train/F03_SSB18320214.wav,3
/USERSPACE/DATASETS/CodecFake/train/F03_SSB12180112.wav,3
/USERSPACE/DATASETS/CodecFake/train/F03_SSB10720425.wav,3
/USERSPACE/DATASETS/CodecFake/train/F03_SSB08510077.wav,3
/USERSPACE/DATASETS/CodecFake/train/F03_SSB07860040.wav,3
/USERSPACE/DATASETS/CodecFake/train/F03_SSB02880273.wav,3
/USERSPACE/DATASETS/CodecFake/train/F03_SSB11150134.wav,3
/USERSPACE/DATASETS/CodecFake/train/F03_SSB10550138.wav,3
/USERSPACE/DATASETS/CodecFake/train/F03_SSB08710148.wav,3
/USERSPACE/DATASETS/CodecFake/train/F03_SSB12180438.wav,3
/USERSPACE/DATASETS/CodecFake/train/F03_SSB05650266.wav,3
/USERSPACE/DATASETS/CodecFake/train/F03_SSB11870186.wav,3
/USERSPACE/DATASETS/CodecFake/train/F03_SSB00160400.wav,3
/USERSPACE/DATASETS/CodecFake/train/F03_SSB16240252.wav,3
/USERSPACE/DATASETS/CodecFake/train/F03_SSB07940101.wav,3
/USERSPACE/DATASETS/CodecFake/train/F03_p246_180.wav,3
/USERSPACE/DATASETS/CodecFake/train/F03_SSB19180503.wav,3
/USERSPACE/DATASETS/CodecFake/train/F03_SSB06070051.wav,3
/USERSPACE/DATASETS/CodecFake/train/F03_SSB06230200.wav,3
/USERSPACE/DATASETS/CodecFake/train/F03_p228_345.wav,3
/USERSPACE/DATASETS/CodecFake/train/F03_SSB10200204.wav,3
/USERSPACE/DATASETS/CodecFake/train/F03_SSB10080382.wav,3
/USERSPACE/DATASETS/CodecFake/train/F03_p275_341.wav,3
/USERSPACE/DATASETS/CodecFake/train/F03_p268_290.wav,3
/USERSPACE/DATASETS/CodecFake/train/F03_SSB02410186.wav,3
/USERSPACE/DATASETS/CodecFake/train/F03_SSB00730040.wav,3
/USERSPACE/DATASETS/CodecFake/train/F03_p292_372.wav,3
/USERSPACE/DATASETS/CodecFake/train/F03_SSB00120384.wav,3
/USERSPACE/DATASETS/CodecFake/train/F03_SSB19180386.wav,3
/USERSPACE/DATASETS/CodecFake/train/F03_SSB03800429.wav,3
/USERSPACE/DATASETS/CodecFake/train/F03_SSB03390423.wav,3
/USERSPACE/DATASETS/CodecFake/train/F03_SSB18090291.wav,3
/USERSPACE/DATASETS/CodecFake/train/F03_SSB19020086.wav,3
/USERSPACE/DATASETS/CodecFake/train/F03_p364_247.wav,3
/USERSPACE/DATASETS/CodecFake/train/F03_SSB11310326.wav,3
/USERSPACE/DATASETS/CodecFake/train/F03_SSB07170176.wav,3
/USERSPACE/DATASETS/CodecFake/train/F03_p273_425.wav,3
/USERSPACE/DATASETS/CodecFake/train/F03_SSB07200160.wav,3
/USERSPACE/DATASETS/CodecFake/train/F03_SSB08510041.wav,3
/USERSPACE/DATASETS/CodecFake/train/F03_p323_233.wav,3
/USERSPACE/DATASETS/CodecFake/train/F03_SSB14480466.wav,3
/USERSPACE/DATASETS/CodecFake/train/F03_p248_211.wav,3
/USERSPACE/DATASETS/CodecFake/train/F03_SSB18310477.wav,3
/USERSPACE/DATASETS/CodecFake/train/F03_p240_175.wav,3
/USERSPACE/DATASETS/CodecFake/train/F03_p271_278.wav,3
/USERSPACE/DATASETS/CodecFake/train/F03_SSB05780044.wav,3
/USERSPACE/DATASETS/CodecFake/train/F03_SSB14310327.wav,3
/USERSPACE/DATASETS/CodecFake/train/F03_p241_142.wav,3
/USERSPACE/DATASETS/CodecFake/train/F03_p303_180.wav,3
/USERSPACE/DATASETS/CodecFake/train/F03_SSB00380312.wav,3
/USERSPACE/DATASETS/CodecFake/train/F03_SSB07510052.wav,3
/USERSPACE/DATASETS/CodecFake/train/F03_SSB03930479.wav,3
/USERSPACE/DATASETS/CodecFake/train/F03_SSB06140379.wav,3
/USERSPACE/DATASETS/CodecFake/train/F03_p248_081.wav,3
/USERSPACE/DATASETS/CodecFake/train/F03_p298_352.wav,3
/USERSPACE/DATASETS/CodecFake/train/F03_SSB00430383.wav,3
/USERSPACE/DATASETS/CodecFake/train/F03_SSB11250166.wav,3
/USERSPACE/DATASETS/CodecFake/train/F03_SSB03230419.wav,3
/USERSPACE/DATASETS/CodecFake/train/F03_SSB07940254.wav,3
/USERSPACE/DATASETS/CodecFake/train/F03_SSB14080480.wav,3
/USERSPACE/DATASETS/CodecFake/train/F03_p278_365.wav,3
/USERSPACE/DATASETS/CodecFake/train/F03_SSB10500310.wav,3
/USERSPACE/DATASETS/CodecFake/train/F03_SSB07020369.wav,3
/USERSPACE/DATASETS/CodecFake/train/F03_SSB07840060.wav,3
/USERSPACE/DATASETS/CodecFake/train/F03_SSB07510134.wav,3
/USERSPACE/DATASETS/CodecFake/train/F03_SSB13660125.wav,3
/USERSPACE/DATASETS/CodecFake/train/F03_SSB11250354.wav,3
/USERSPACE/DATASETS/CodecFake/train/F03_SSB18630002.wav,3
/USERSPACE/DATASETS/CodecFake/train/F03_SSB02870275.wav,3
/USERSPACE/DATASETS/CodecFake/train/F03_SSB00090102.wav,3
/USERSPACE/DATASETS/CodecFake/train/F03_SSB15550339.wav,3
/USERSPACE/DATASETS/CodecFake/train/F03_SSB03660324.wav,3
/USERSPACE/DATASETS/CodecFake/train/F03_p241_081.wav,3
/USERSPACE/DATASETS/CodecFake/train/F03_SSB12030372.wav,3
/USERSPACE/DATASETS/CodecFake/train/F03_p308_232.wav,3
/USERSPACE/DATASETS/CodecFake/train/F03_SSB05650350.wav,3
/USERSPACE/DATASETS/CodecFake/train/F03_SSB03380027.wav,3
/USERSPACE/DATASETS/CodecFake/train/F03_p362_388.wav,3
/USERSPACE/DATASETS/CodecFake/train/F03_SSB07620384.wav,3
/USERSPACE/DATASETS/CodecFake/train/F03_SSB02670488.wav,3
/USERSPACE/DATASETS/CodecFake/train/F03_SSB10240105.wav,3
/USERSPACE/DATASETS/CodecFake/train/F03_p345_024.wav,3
/USERSPACE/DATASETS/CodecFake/train/F03_SSB07780483.wav,3
/USERSPACE/DATASETS/CodecFake/train/F03_p310_342.wav,3
/USERSPACE/DATASETS/CodecFake/train/F03_SSB07860406.wav,3
/USERSPACE/DATASETS/CodecFake/train/F03_SSB16250068.wav,3
/USERSPACE/DATASETS/CodecFake/train/F03_SSB05900474.wav,3
/USERSPACE/DATASETS/CodecFake/train/F03_SSB07940047.wav,3
/USERSPACE/DATASETS/CodecFake/train/F03_p340_421.wav,3
/USERSPACE/DATASETS/CodecFake/train/F03_p293_348.wav,3
/USERSPACE/DATASETS/CodecFake/train/F03_SSB18780045.wav,3
/USERSPACE/DATASETS/CodecFake/train/F03_SSB07000286.wav,3
/USERSPACE/DATASETS/CodecFake/train/F03_SSB04260285.wav,3
/USERSPACE/DATASETS/CodecFake/train/F03_SSB02990416.wav,3
/USERSPACE/DATASETS/CodecFake/train/F03_SSB05020068.wav,3
/USERSPACE/DATASETS/CodecFake/train/F03_p299_351.wav,3
/USERSPACE/DATASETS/CodecFake/train/F03_SSB16240044.wav,3
/USERSPACE/DATASETS/CodecFake/train/F03_SSB07110286.wav,3
/USERSPACE/DATASETS/CodecFake/train/F03_SSB06310012.wav,3
/USERSPACE/DATASETS/CodecFake/train/F03_SSB11000218.wav,3
/USERSPACE/DATASETS/CodecFake/train/F03_SSB12210403.wav,3
/USERSPACE/DATASETS/CodecFake/train/F03_SSB06140506.wav,3
/USERSPACE/DATASETS/CodecFake/train/F03_SSB05350148.wav,3
/USERSPACE/DATASETS/CodecFake/train/F03_SSB11870106.wav,3
/USERSPACE/DATASETS/CodecFake/train/F03_p249_019.wav,3
/USERSPACE/DATASETS/CodecFake/train/F03_SSB07110375.wav,3
/USERSPACE/DATASETS/CodecFake/train/F03_SSB09130467.wav,3
/USERSPACE/DATASETS/CodecFake/train/F03_SSB11610126.wav,3
/USERSPACE/DATASETS/CodecFake/train/F03_p295_130.wav,3
/USERSPACE/DATASETS/CodecFake/train/F03_p275_168.wav,3
/USERSPACE/DATASETS/CodecFake/train/F03_SSB18370326.wav,3
/USERSPACE/DATASETS/CodecFake/train/F03_p360_342.wav,3
/USERSPACE/DATASETS/CodecFake/train/F03_p233_240.wav,3
/USERSPACE/DATASETS/CodecFake/train/F03_SSB00090467.wav,3
/USERSPACE/DATASETS/CodecFake/train/F03_p266_204.wav,3
/USERSPACE/DATASETS/CodecFake/train/F03_p308_041.wav,3
/USERSPACE/DATASETS/CodecFake/train/F03_SSB14310203.wav,3
/USERSPACE/DATASETS/CodecFake/train/F03_SSB15630008.wav,3
/USERSPACE/DATASETS/CodecFake/train/F03_SSB06710197.wav,3
/USERSPACE/DATASETS/CodecFake/train/F03_SSB07000225.wav,3
/USERSPACE/DATASETS/CodecFake/train/F03_p351_107.wav,3
/USERSPACE/DATASETS/CodecFake/train/F03_p295_058.wav,3
/USERSPACE/DATASETS/CodecFake/train/F03_p301_117.wav,3
/USERSPACE/DATASETS/CodecFake/train/F03_p330_056.wav,3
/USERSPACE/DATASETS/CodecFake/train/F03_SSB11150266.wav,3
/USERSPACE/DATASETS/CodecFake/train/F03_SSB00050482.wav,3
/USERSPACE/DATASETS/CodecFake/train/F03_SSB18780461.wav,3
/USERSPACE/DATASETS/CodecFake/train/F03_SSB16500235.wav,3
/USERSPACE/DATASETS/CodecFake/train/F03_SSB06030139.wav,3
/USERSPACE/DATASETS/CodecFake/train/F03_SSB16860210.wav,3
/USERSPACE/DATASETS/CodecFake/train/F03_p329_298.wav,3
/USERSPACE/DATASETS/CodecFake/train/F03_SSB04270344.wav,3
/USERSPACE/DATASETS/CodecFake/train/F03_SSB09930158.wav,3
/USERSPACE/DATASETS/CodecFake/train/F03_SSB11350306.wav,3
/USERSPACE/DATASETS/CodecFake/train/F03_SSB11250064.wav,3
/USERSPACE/DATASETS/CodecFake/train/F03_SSB17810355.wav,3
/USERSPACE/DATASETS/CodecFake/train/F03_SSB06660276.wav,3
/USERSPACE/DATASETS/CodecFake/train/F03_SSB10720289.wav,3
/USERSPACE/DATASETS/CodecFake/train/F03_p243_383.wav,3
/USERSPACE/DATASETS/CodecFake/train/F03_SSB08870300.wav,3
/USERSPACE/DATASETS/CodecFake/train/F03_p256_021.wav,3
/USERSPACE/DATASETS/CodecFake/train/F03_SSB02880243.wav,3
/USERSPACE/DATASETS/CodecFake/train/F03_SSB06140068.wav,3
/USERSPACE/DATASETS/CodecFake/train/F03_SSB03390426.wav,3
/USERSPACE/DATASETS/CodecFake/train/F03_SSB02460410.wav,3
/USERSPACE/DATASETS/CodecFake/train/F03_SSB06140120.wav,3
/USERSPACE/DATASETS/CodecFake/train/F03_SSB17450281.wav,3
/USERSPACE/DATASETS/CodecFake/train/F03_SSB00570004.wav,3
/USERSPACE/DATASETS/CodecFake/train/F03_SSB03750440.wav,3
/USERSPACE/DATASETS/CodecFake/train/F03_p267_385.wav,3
/USERSPACE/DATASETS/CodecFake/train/F03_SSB04820124.wav,3
/USERSPACE/DATASETS/CodecFake/train/F03_SSB07490421.wav,3
/USERSPACE/DATASETS/CodecFake/train/F03_SSB06290243.wav,3
/USERSPACE/DATASETS/CodecFake/train/F03_SSB02870326.wav,3
/USERSPACE/DATASETS/CodecFake/train/F03_p274_269.wav,3
/USERSPACE/DATASETS/CodecFake/train/F03_p318_054.wav,3
/USERSPACE/DATASETS/CodecFake/train/F03_SSB15850421.wav,3
/USERSPACE/DATASETS/CodecFake/train/F03_SSB13820096.wav,3
/USERSPACE/DATASETS/CodecFake/train/F03_SSB12160323.wav,3
/USERSPACE/DATASETS/CodecFake/train/F03_p225_141.wav,3
/USERSPACE/DATASETS/CodecFake/train/F03_p254_363.wav,3
/USERSPACE/DATASETS/CodecFake/train/F03_p234_030.wav,3
/USERSPACE/DATASETS/CodecFake/train/F03_p287_172.wav,3
/USERSPACE/DATASETS/CodecFake/train/F03_SSB03230144.wav,3
/USERSPACE/DATASETS/CodecFake/train/F03_SSB02870409.wav,3
/USERSPACE/DATASETS/CodecFake/train/F03_p302_244.wav,3
/USERSPACE/DATASETS/CodecFake/train/F03_SSB09970163.wav,3
/USERSPACE/DATASETS/CodecFake/train/F03_SSB05900181.wav,3
/USERSPACE/DATASETS/CodecFake/train/F03_SSB02000251.wav,3
/USERSPACE/DATASETS/CodecFake/train/F03_SSB02610043.wav,3
/USERSPACE/DATASETS/CodecFake/train/F03_SSB19350367.wav,3
/USERSPACE/DATASETS/CodecFake/train/F03_SSB18320053.wav,3
/USERSPACE/DATASETS/CodecFake/train/F03_SSB18910245.wav,3
/USERSPACE/DATASETS/CodecFake/train/F03_p303_203.wav,3
/USERSPACE/DATASETS/CodecFake/train/F03_SSB05440417.wav,3
/USERSPACE/DATASETS/CodecFake/train/F03_SSB04270312.wav,3
/USERSPACE/DATASETS/CodecFake/train/F03_SSB15630218.wav,3
/USERSPACE/DATASETS/CodecFake/train/F03_SSB00180390.wav,3
/USERSPACE/DATASETS/CodecFake/train/F03_SSB06030159.wav,3
/USERSPACE/DATASETS/CodecFake/train/F03_p313_029.wav,3
/USERSPACE/DATASETS/CodecFake/train/F03_SSB16500290.wav,3
/USERSPACE/DATASETS/CodecFake/train/F03_SSB04260063.wav,3
/USERSPACE/DATASETS/CodecFake/train/F03_SSB10200146.wav,3
/USERSPACE/DATASETS/CodecFake/train/F03_p317_331.wav,3
/USERSPACE/DATASETS/CodecFake/train/F03_SSB16860363.wav,3
/USERSPACE/DATASETS/CodecFake/train/F03_SSB04700195.wav,3
/USERSPACE/DATASETS/CodecFake/train/F03_SSB04350010.wav,3
/USERSPACE/DATASETS/CodecFake/train/F03_SSB16250321.wav,3
/USERSPACE/DATASETS/CodecFake/train/F03_SSB01970089.wav,3
/USERSPACE/DATASETS/CodecFake/train/F03_p302_204.wav,3
/USERSPACE/DATASETS/CodecFake/train/F03_SSB16990318.wav,3
/USERSPACE/DATASETS/CodecFake/train/F03_SSB12030034.wav,3
/USERSPACE/DATASETS/CodecFake/train/F03_SSB06290149.wav,3
/USERSPACE/DATASETS/CodecFake/train/F03_p269_231.wav,3
/USERSPACE/DATASETS/CodecFake/train/F03_p288_367.wav,3
/USERSPACE/DATASETS/CodecFake/train/F03_p334_312.wav,3
/USERSPACE/DATASETS/CodecFake/train/F03_p251_241.wav,3
/USERSPACE/DATASETS/CodecFake/train/F03_SSB05940443.wav,3
/USERSPACE/DATASETS/CodecFake/train/F03_SSB11380012.wav,3
/USERSPACE/DATASETS/CodecFake/train/F03_p279_291.wav,3
/USERSPACE/DATASETS/CodecFake/train/F03_SSB02670347.wav,3
/USERSPACE/DATASETS/CodecFake/train/F03_SSB04340001.wav,3
/USERSPACE/DATASETS/CodecFake/train/F03_SSB02880175.wav,3
/USERSPACE/DATASETS/CodecFake/train/F03_SSB03160370.wav,3
/USERSPACE/DATASETS/CodecFake/train/F03_p270_127.wav,3
/USERSPACE/DATASETS/CodecFake/train/F03_SSB06310277.wav,3
/USERSPACE/DATASETS/CodecFake/train/F03_SSB13850478.wav,3
/USERSPACE/DATASETS/CodecFake/train/F03_SSB00330077.wav,3
/USERSPACE/DATASETS/CodecFake/train/F03_SSB00160488.wav,3
/USERSPACE/DATASETS/CodecFake/train/F03_p247_236.wav,3
/USERSPACE/DATASETS/CodecFake/train/F03_SSB06140224.wav,3
/USERSPACE/DATASETS/CodecFake/train/F03_SSB03230246.wav,3
/USERSPACE/DATASETS/CodecFake/train/F03_SSB10010447.wav,3
/USERSPACE/DATASETS/CodecFake/train/F03_p232_120.wav,3
/USERSPACE/DATASETS/CodecFake/train/F03_SSB13820077.wav,3
/USERSPACE/DATASETS/CodecFake/train/F03_SSB15850350.wav,3
/USERSPACE/DATASETS/CodecFake/train/F03_SSB14370450.wav,3
/USERSPACE/DATASETS/CodecFake/train/F03_p303_171.wav,3
/USERSPACE/DATASETS/CodecFake/train/F03_SSB13400439.wav,3
/USERSPACE/DATASETS/CodecFake/train/F03_SSB18280012.wav,3
/USERSPACE/DATASETS/CodecFake/train/F03_SSB06680026.wav,3
/USERSPACE/DATASETS/CodecFake/train/F03_SSB03660401.wav,3
/USERSPACE/DATASETS/CodecFake/train/F03_p270_215.wav,3
/USERSPACE/DATASETS/CodecFake/train/F03_p283_165.wav,3
/USERSPACE/DATASETS/CodecFake/train/F03_SSB04150443.wav,3
/USERSPACE/DATASETS/CodecFake/train/F03_SSB11610042.wav,3
/USERSPACE/DATASETS/CodecFake/train/F03_SSB09350453.wav,3
/USERSPACE/DATASETS/CodecFake/train/F03_SSB05880486.wav,3
/USERSPACE/DATASETS/CodecFake/train/F03_p288_013.wav,3
/USERSPACE/DATASETS/CodecFake/train/F03_SSB03850454.wav,3
/USERSPACE/DATASETS/CodecFake/train/F03_SSB05440330.wav,3
/USERSPACE/DATASETS/CodecFake/train/F03_SSB06930057.wav,3
/USERSPACE/DATASETS/CodecFake/train/F03_SSB00330435.wav,3
/USERSPACE/DATASETS/CodecFake/train/F03_p233_314.wav,3
/USERSPACE/DATASETS/CodecFake/train/F03_SSB10240254.wav,3
/USERSPACE/DATASETS/CodecFake/train/F03_SSB00160427.wav,3
/USERSPACE/DATASETS/CodecFake/train/F03_p273_340.wav,3
/USERSPACE/DATASETS/CodecFake/train/F03_p323_124.wav,3
/USERSPACE/DATASETS/CodecFake/train/F03_SSB14080271.wav,3
/USERSPACE/DATASETS/CodecFake/train/F03_SSB05390472.wav,3
/USERSPACE/DATASETS/CodecFake/train/F03_SSB01970065.wav,3
/USERSPACE/DATASETS/CodecFake/train/F03_SSB06860359.wav,3
/USERSPACE/DATASETS/CodecFake/train/F03_SSB09350464.wav,3
/USERSPACE/DATASETS/CodecFake/train/F03_SSB07840010.wav,3
/USERSPACE/DATASETS/CodecFake/train/F03_SSB00330133.wav,3
/USERSPACE/DATASETS/CodecFake/train/F03_SSB04070491.wav,3
/USERSPACE/DATASETS/CodecFake/train/F03_SSB07840284.wav,3
/USERSPACE/DATASETS/CodecFake/train/F03_SSB11380420.wav,3
/USERSPACE/DATASETS/CodecFake/train/F03_SSB09350110.wav,3
/USERSPACE/DATASETS/CodecFake/train/F03_SSB05440286.wav,3
/USERSPACE/DATASETS/CodecFake/train/F03_p363_162.wav,3
/USERSPACE/DATASETS/CodecFake/train/F03_SSB13200197.wav,3
/USERSPACE/DATASETS/CodecFake/train/F03_SSB13400076.wav,3
/USERSPACE/DATASETS/CodecFake/train/F03_SSB15630064.wav,3
/USERSPACE/DATASETS/CodecFake/train/F03_p310_374.wav,3
/USERSPACE/DATASETS/CodecFake/train/F03_SSB01390401.wav,3
/USERSPACE/DATASETS/CodecFake/train/F03_p360_160.wav,3
/USERSPACE/DATASETS/CodecFake/train/F03_SSB00180102.wav,3
/USERSPACE/DATASETS/CodecFake/train/F03_SSB07490264.wav,3
/USERSPACE/DATASETS/CodecFake/train/F03_SSB19350293.wav,3
/USERSPACE/DATASETS/CodecFake/train/F03_SSB02990336.wav,3
/USERSPACE/DATASETS/CodecFake/train/F03_SSB06090012.wav,3
/USERSPACE/DATASETS/CodecFake/train/F03_p363_230.wav,3
/USERSPACE/DATASETS/CodecFake/train/F03_SSB12040387.wav,3
/USERSPACE/DATASETS/CodecFake/train/F03_p267_128.wav,3
/USERSPACE/DATASETS/CodecFake/train/F03_SSB11000372.wav,3
/USERSPACE/DATASETS/CodecFake/train/F03_SSB02990031.wav,3
/USERSPACE/DATASETS/CodecFake/train/F03_SSB08710440.wav,3
/USERSPACE/DATASETS/CodecFake/train/F03_SSB01390117.wav,3
/USERSPACE/DATASETS/CodecFake/train/F03_SSB12190213.wav,3
/USERSPACE/DATASETS/CodecFake/train/F03_SSB15750186.wav,3
/USERSPACE/DATASETS/CodecFake/train/F03_SSB11150175.wav,3
/USERSPACE/DATASETS/CodecFake/train/F03_SSB05340293.wav,3
/USERSPACE/DATASETS/CodecFake/train/F03_p317_385.wav,3
/USERSPACE/DATASETS/CodecFake/train/F03_SSB13660451.wav,3
/USERSPACE/DATASETS/CodecFake/train/F03_SSB04820099.wav,3
/USERSPACE/DATASETS/CodecFake/train/F03_SSB17590342.wav,3
/USERSPACE/DATASETS/CodecFake/train/F03_SSB05900444.wav,3
/USERSPACE/DATASETS/CodecFake/train/F03_SSB07860076.wav,3
/USERSPACE/DATASETS/CodecFake/train/F03_SSB01450462.wav,3
/USERSPACE/DATASETS/CodecFake/train/F03_SSB07840205.wav,3
/USERSPACE/DATASETS/CodecFake/train/F03_p329_379.wav,3
/USERSPACE/DATASETS/CodecFake/train/F03_SSB13830476.wav,3
/USERSPACE/DATASETS/CodecFake/train/F03_p311_390.wav,3
/USERSPACE/DATASETS/CodecFake/train/F03_SSB19350045.wav,3
/USERSPACE/DATASETS/CodecFake/train/F03_SSB04150208.wav,3
/USERSPACE/DATASETS/CodecFake/train/F03_SSB10010057.wav,3
/USERSPACE/DATASETS/CodecFake/train/F03_SSB10500071.wav,3
/USERSPACE/DATASETS/CodecFake/train/F03_SSB18090363.wav,3
/USERSPACE/DATASETS/CodecFake/train/F03_SSB03930383.wav,3
/USERSPACE/DATASETS/CodecFake/train/F03_p236_139.wav,3
/USERSPACE/DATASETS/CodecFake/train/F03_SSB01120192.wav,3
/USERSPACE/DATASETS/CodecFake/train/F03_p363_292.wav,3
/USERSPACE/DATASETS/CodecFake/train/F03_SSB02730107.wav,3
/USERSPACE/DATASETS/CodecFake/train/F03_SSB05990340.wav,3
/USERSPACE/DATASETS/CodecFake/train/F03_p278_318.wav,3
/USERSPACE/DATASETS/CodecFake/train/F03_p255_107.wav,3
/USERSPACE/DATASETS/CodecFake/train/F03_p361_193.wav,3
/USERSPACE/DATASETS/CodecFake/train/F03_SSB03070368.wav,3
/USERSPACE/DATASETS/CodecFake/train/F03_SSB06290293.wav,3
/USERSPACE/DATASETS/CodecFake/train/F03_p305_255.wav,3
/USERSPACE/DATASETS/CodecFake/train/F03_SSB03750073.wav,3
/USERSPACE/DATASETS/CodecFake/train/F03_p245_300.wav,3
/USERSPACE/DATASETS/CodecFake/train/F03_SSB06320131.wav,3
/USERSPACE/DATASETS/CodecFake/train/F03_SSB06710329.wav,3
/USERSPACE/DATASETS/CodecFake/train/F03_SSB07780139.wav,3
/USERSPACE/DATASETS/CodecFake/train/F03_SSB07940342.wav,3
/USERSPACE/DATASETS/CodecFake/train/F03_SSB11100475.wav,3
/USERSPACE/DATASETS/CodecFake/train/F03_p300_025.wav,3
/USERSPACE/DATASETS/CodecFake/train/F03_SSB07110422.wav,3
/USERSPACE/DATASETS/CodecFake/train/F03_SSB13660051.wav,3
/USERSPACE/DATASETS/CodecFake/train/F03_SSB02670201.wav,3
/USERSPACE/DATASETS/CodecFake/train/F03_p292_292.wav,3
/USERSPACE/DATASETS/CodecFake/train/F03_p244_347.wav,3
/USERSPACE/DATASETS/CodecFake/train/F03_SSB11970163.wav,3
/USERSPACE/DATASETS/CodecFake/train/F03_p228_223.wav,3
/USERSPACE/DATASETS/CodecFake/train/F03_SSB03540197.wav,3
/USERSPACE/DATASETS/CodecFake/train/F03_p272_261.wav,3
/USERSPACE/DATASETS/CodecFake/train/F03_p263_105.wav,3
/USERSPACE/DATASETS/CodecFake/train/F03_p284_029.wav,3
/USERSPACE/DATASETS/CodecFake/train/F03_SSB03150182.wav,3
/USERSPACE/DATASETS/CodecFake/train/F03_SSB06320197.wav,3
/USERSPACE/DATASETS/CodecFake/train/F03_SSB13660079.wav,3
/USERSPACE/DATASETS/CodecFake/train/F03_p287_287.wav,3
/USERSPACE/DATASETS/CodecFake/train/F03_p243_322.wav,3
/USERSPACE/DATASETS/CodecFake/train/F03_SSB10000155.wav,3
/USERSPACE/DATASETS/CodecFake/train/F03_p260_336.wav,3
/USERSPACE/DATASETS/CodecFake/train/F03_SSB07510169.wav,3
/USERSPACE/DATASETS/CodecFake/train/F03_SSB11350024.wav,3
/USERSPACE/DATASETS/CodecFake/train/F03_p270_113.wav,3
/USERSPACE/DATASETS/CodecFake/train/F03_SSB11610003.wav,3
/USERSPACE/DATASETS/CodecFake/train/F03_SSB07490198.wav,3
/USERSPACE/DATASETS/CodecFake/train/F03_SSB06930480.wav,3
/USERSPACE/DATASETS/CodecFake/train/F03_SSB07020136.wav,3
/USERSPACE/DATASETS/CodecFake/train/F03_p276_036.wav,3
/USERSPACE/DATASETS/CodecFake/train/F03_SSB01930030.wav,3
/USERSPACE/DATASETS/CodecFake/train/F03_SSB09870243.wav,3
/USERSPACE/DATASETS/CodecFake/train/F03_p362_294.wav,3
/USERSPACE/DATASETS/CodecFake/train/F03_SSB11150441.wav,3
/USERSPACE/DATASETS/CodecFake/train/F03_p295_350.wav,3
/USERSPACE/DATASETS/CodecFake/train/F03_SSB01120495.wav,3
/USERSPACE/DATASETS/CodecFake/train/F03_p272_403.wav,3
/USERSPACE/DATASETS/CodecFake/train/F03_SSB16860172.wav,3
/USERSPACE/DATASETS/CodecFake/train/F03_SSB06860066.wav,3
/USERSPACE/DATASETS/CodecFake/train/F03_p287_006.wav,3
/USERSPACE/DATASETS/CodecFake/train/F03_SSB15550203.wav,3
/USERSPACE/DATASETS/CodecFake/train/F03_SSB03070171.wav,3
/USERSPACE/DATASETS/CodecFake/train/F03_SSB13660247.wav,3
/USERSPACE/DATASETS/CodecFake/train/F03_p351_063.wav,3
/USERSPACE/DATASETS/CodecFake/train/F03_SSB07110210.wav,3
/USERSPACE/DATASETS/CodecFake/train/F03_SSB03150332.wav,3
/USERSPACE/DATASETS/CodecFake/train/F03_SSB07840196.wav,3
/USERSPACE/DATASETS/CodecFake/train/F03_SSB04070463.wav,3
/USERSPACE/DATASETS/CodecFake/train/F03_p277_387.wav,3
/USERSPACE/DATASETS/CodecFake/train/F03_SSB06710148.wav,3
/USERSPACE/DATASETS/CodecFake/train/F03_SSB00430241.wav,3
/USERSPACE/DATASETS/CodecFake/train/F03_p305_114.wav,3
/USERSPACE/DATASETS/CodecFake/train/F03_p247_378.wav,3
/USERSPACE/DATASETS/CodecFake/train/F03_SSB09190167.wav,3
/USERSPACE/DATASETS/CodecFake/train/F03_SSB03820107.wav,3
/USERSPACE/DATASETS/CodecFake/train/F03_p283_363.wav,3
/USERSPACE/DATASETS/CodecFake/train/F03_SSB04260093.wav,3
/USERSPACE/DATASETS/CodecFake/train/F03_p294_085.wav,3
/USERSPACE/DATASETS/CodecFake/train/F03_SSB11100443.wav,3
/USERSPACE/DATASETS/CodecFake/train/F03_SSB18280247.wav,3
/USERSPACE/DATASETS/CodecFake/train/F03_SSB07840407.wav,3
/USERSPACE/DATASETS/CodecFake/train/F03_p258_103.wav,3
/USERSPACE/DATASETS/CodecFake/train/F03_p300_059.wav,3
/USERSPACE/DATASETS/CodecFake/train/F03_p364_133.wav,3
/USERSPACE/DATASETS/CodecFake/train/F03_p272_402.wav,3
/USERSPACE/DATASETS/CodecFake/train/F03_SSB04700311.wav,3
/USERSPACE/DATASETS/CodecFake/train/F03_SSB07110431.wav,3
/USERSPACE/DATASETS/CodecFake/train/F03_p247_427.wav,3
/USERSPACE/DATASETS/CodecFake/train/F03_p282_256.wav,3
/USERSPACE/DATASETS/CodecFake/train/F03_SSB18720084.wav,3
/USERSPACE/DATASETS/CodecFake/train/F03_SSB02000017.wav,3
/USERSPACE/DATASETS/CodecFake/train/F03_SSB04350233.wav,3
/USERSPACE/DATASETS/CodecFake/train/F03_SSB07480419.wav,3
/USERSPACE/DATASETS/CodecFake/train/F03_SSB14480425.wav,3
/USERSPACE/DATASETS/CodecFake/train/F03_SSB07490453.wav,3
/USERSPACE/DATASETS/CodecFake/train/F03_SSB10080373.wav,3
/USERSPACE/DATASETS/CodecFake/train/F03_SSB05340431.wav,3
/USERSPACE/DATASETS/CodecFake/train/F03_SSB06070004.wav,3
/USERSPACE/DATASETS/CodecFake/train/F03_p284_197.wav,3
/USERSPACE/DATASETS/CodecFake/train/F03_p261_129.wav,3
/USERSPACE/DATASETS/CodecFake/train/F03_SSB19560238.wav,3
/USERSPACE/DATASETS/CodecFake/train/F03_SSB04340167.wav,3
/USERSPACE/DATASETS/CodecFake/train/F03_SSB17450127.wav,3
/USERSPACE/DATASETS/CodecFake/train/F03_SSB07600380.wav,3
/USERSPACE/DATASETS/CodecFake/train/F03_SSB04070454.wav,3
/USERSPACE/DATASETS/CodecFake/train/F03_SSB02000299.wav,3
/USERSPACE/DATASETS/CodecFake/train/F03_SSB12740027.wav,3
/USERSPACE/DATASETS/CodecFake/train/F03_SSB04340312.wav,3
/USERSPACE/DATASETS/CodecFake/train/F03_p232_201.wav,3
/USERSPACE/DATASETS/CodecFake/train/F03_SSB03070412.wav,3
/USERSPACE/DATASETS/CodecFake/train/F03_p340_165.wav,3
/USERSPACE/DATASETS/CodecFake/train/F03_SSB03660166.wav,3
/USERSPACE/DATASETS/CodecFake/train/F03_SSB00800029.wav,3
/USERSPACE/DATASETS/CodecFake/train/F03_SSB12040229.wav,3
/USERSPACE/DATASETS/CodecFake/train/F03_p274_407.wav,3
/USERSPACE/DATASETS/CodecFake/train/F03_p256_163.wav,3
/USERSPACE/DATASETS/CodecFake/train/F03_p265_089.wav,3
/USERSPACE/DATASETS/CodecFake/train/F03_SSB19350170.wav,3
/USERSPACE/DATASETS/CodecFake/train/F03_SSB12150283.wav,3
/USERSPACE/DATASETS/CodecFake/train/F03_SSB15670441.wav,3
/USERSPACE/DATASETS/CodecFake/train/F03_SSB18630153.wav,3
/USERSPACE/DATASETS/CodecFake/train/F03_SSB10560028.wav,3
/USERSPACE/DATASETS/CodecFake/train/F03_SSB13200461.wav,3
/USERSPACE/DATASETS/CodecFake/train/F03_SSB06310149.wav,3
/USERSPACE/DATASETS/CodecFake/train/F03_p245_034.wav,3
/USERSPACE/DATASETS/CodecFake/train/F03_SSB06710424.wav,3
/USERSPACE/DATASETS/CodecFake/train/F03_SSB18630448.wav,3
/USERSPACE/DATASETS/CodecFake/train/F03_SSB07940354.wav,3
/USERSPACE/DATASETS/CodecFake/train/F03_SSB03940295.wav,3
/USERSPACE/DATASETS/CodecFake/train/F03_SSB13650260.wav,3
/USERSPACE/DATASETS/CodecFake/train/F03_p297_120.wav,3
/USERSPACE/DATASETS/CodecFake/train/F03_p258_150.wav,3
/USERSPACE/DATASETS/CodecFake/train/F03_SSB16860043.wav,3
/USERSPACE/DATASETS/CodecFake/train/F03_SSB03950360.wav,3
/USERSPACE/DATASETS/CodecFake/train/F03_p237_016.wav,3
/USERSPACE/DATASETS/CodecFake/train/F03_SSB05440282.wav,3
/USERSPACE/DATASETS/CodecFake/train/F03_SSB18320230.wav,3
/USERSPACE/DATASETS/CodecFake/train/F03_SSB12530314.wav,3
/USERSPACE/DATASETS/CodecFake/train/F03_SSB05350403.wav,3
/USERSPACE/DATASETS/CodecFake/train/F03_SSB07160231.wav,3
/USERSPACE/DATASETS/CodecFake/train/F03_SSB12030214.wav,3
/USERSPACE/DATASETS/CodecFake/train/F03_p261_220.wav,3
/USERSPACE/DATASETS/CodecFake/train/F03_SSB11380217.wav,3
/USERSPACE/DATASETS/CodecFake/train/F03_SSB05390022.wav,3
/USERSPACE/DATASETS/CodecFake/train/F03_SSB02670054.wav,3
/USERSPACE/DATASETS/CodecFake/train/F03_SSB10550065.wav,3
/USERSPACE/DATASETS/CodecFake/train/F03_p250_386.wav,3
/USERSPACE/DATASETS/CodecFake/train/F03_SSB11380298.wav,3
/USERSPACE/DATASETS/CodecFake/train/F03_SSB03790374.wav,3
/USERSPACE/DATASETS/CodecFake/train/F03_SSB10200356.wav,3
/USERSPACE/DATASETS/CodecFake/train/F03_p376_080.wav,3
/USERSPACE/DATASETS/CodecFake/train/F03_SSB06010205.wav,3
/USERSPACE/DATASETS/CodecFake/train/F03_p230_215.wav,3
/USERSPACE/DATASETS/CodecFake/train/F03_p234_170.wav,3
/USERSPACE/DATASETS/CodecFake/train/F03_p317_405.wav,3
/USERSPACE/DATASETS/CodecFake/train/F03_SSB19350266.wav,3
/USERSPACE/DATASETS/CodecFake/train/F03_p270_189.wav,3
/USERSPACE/DATASETS/CodecFake/train/F03_SSB07110403.wav,3
/USERSPACE/DATASETS/CodecFake/train/F03_p363_392.wav,3
/USERSPACE/DATASETS/CodecFake/train/F03_SSB07780094.wav,3
/USERSPACE/DATASETS/CodecFake/train/F03_SSB04350097.wav,3
/USERSPACE/DATASETS/CodecFake/train/F03_SSB01490316.wav,3
/USERSPACE/DATASETS/CodecFake/train/F03_SSB11350105.wav,3
/USERSPACE/DATASETS/CodecFake/train/F03_SSB03540192.wav,3
/USERSPACE/DATASETS/CodecFake/train/F03_p329_337.wav,3
/USERSPACE/DATASETS/CodecFake/train/F03_SSB07200131.wav,3
/USERSPACE/DATASETS/CodecFake/train/F03_p276_285.wav,3
/USERSPACE/DATASETS/CodecFake/train/F03_SSB16300030.wav,3
/USERSPACE/DATASETS/CodecFake/train/F03_SSB13200096.wav,3
/USERSPACE/DATASETS/CodecFake/train/F03_SSB02610326.wav,3
/USERSPACE/DATASETS/CodecFake/train/F03_p360_281.wav,3
/USERSPACE/DATASETS/CodecFake/train/F03_SSB08090266.wav,3
/USERSPACE/DATASETS/CodecFake/train/F03_SSB18910437.wav,3
/USERSPACE/DATASETS/CodecFake/train/F03_SSB06230345.wav,3
/USERSPACE/DATASETS/CodecFake/train/F03_p250_168.wav,3
/USERSPACE/DATASETS/CodecFake/train/F03_SSB14480230.wav,3
/USERSPACE/DATASETS/CodecFake/train/F03_SSB07480152.wav,3
/USERSPACE/DATASETS/CodecFake/train/F03_SSB00730321.wav,3
/USERSPACE/DATASETS/CodecFake/train/F03_SSB18370043.wav,3
/USERSPACE/DATASETS/CodecFake/train/F03_SSB02460184.wav,3
/USERSPACE/DATASETS/CodecFake/train/F03_p293_210.wav,3
/USERSPACE/DATASETS/CodecFake/train/F03_SSB04700119.wav,3
/USERSPACE/DATASETS/CodecFake/train/F03_SSB00120009.wav,3
/USERSPACE/DATASETS/CodecFake/train/F03_SSB10560274.wav,3
/USERSPACE/DATASETS/CodecFake/train/F03_p238_220.wav,3
/USERSPACE/DATASETS/CodecFake/train/F03_SSB00730165.wav,3
/USERSPACE/DATASETS/CodecFake/train/F03_SSB00800280.wav,3
/USERSPACE/DATASETS/CodecFake/train/F03_SSB17280457.wav,3
/USERSPACE/DATASETS/CodecFake/train/F03_p295_227.wav,3
/USERSPACE/DATASETS/CodecFake/train/F03_SSB03940043.wav,3
/USERSPACE/DATASETS/CodecFake/train/F03_SSB06860396.wav,3
/USERSPACE/DATASETS/CodecFake/train/F03_p227_253.wav,3
/USERSPACE/DATASETS/CodecFake/train/F03_SSB04270208.wav,3
/USERSPACE/DATASETS/CodecFake/train/F03_SSB03950278.wav,3
/USERSPACE/DATASETS/CodecFake/train/F03_SSB00730374.wav,3
/USERSPACE/DATASETS/CodecFake/train/F03_p255_193.wav,3
/USERSPACE/DATASETS/CodecFake/train/F03_SSB09660188.wav,3
/USERSPACE/DATASETS/CodecFake/train/F03_SSB06140400.wav,3
/USERSPACE/DATASETS/CodecFake/train/F03_p278_079.wav,3
/USERSPACE/DATASETS/CodecFake/train/F03_SSB11610055.wav,3
/USERSPACE/DATASETS/CodecFake/train/F03_p243_059.wav,3
/USERSPACE/DATASETS/CodecFake/train/F03_SSB03070190.wav,3
/USERSPACE/DATASETS/CodecFake/train/F03_p300_352.wav,3
/USERSPACE/DATASETS/CodecFake/train/F03_SSB14020068.wav,3
/USERSPACE/DATASETS/CodecFake/train/F03_SSB19180132.wav,3
/USERSPACE/DATASETS/CodecFake/train/F03_SSB07860228.wav,3
/USERSPACE/DATASETS/CodecFake/train/F03_SSB03070108.wav,3
/USERSPACE/DATASETS/CodecFake/train/F03_SSB02460051.wav,3
/USERSPACE/DATASETS/CodecFake/train/F03_SSB05990083.wav,3
/USERSPACE/DATASETS/CodecFake/train/F03_p285_310.wav,3
/USERSPACE/DATASETS/CodecFake/train/F03_p274_246.wav,3
/USERSPACE/DATASETS/CodecFake/train/F03_SSB18910026.wav,3
/USERSPACE/DATASETS/CodecFake/train/F03_SSB07620205.wav,3
/USERSPACE/DATASETS/CodecFake/train/F03_SSB13400003.wav,3
/USERSPACE/DATASETS/CodecFake/train/F03_SSB05780116.wav,3
/USERSPACE/DATASETS/CodecFake/train/F03_p236_427.wav,3
/USERSPACE/DATASETS/CodecFake/train/F03_SSB13200451.wav,3
/USERSPACE/DATASETS/CodecFake/train/F03_SSB10960282.wav,3
/USERSPACE/DATASETS/CodecFake/train/F03_SSB05990211.wav,3
/USERSPACE/DATASETS/CodecFake/train/F03_SSB19560458.wav,3
/USERSPACE/DATASETS/CodecFake/train/F03_p285_191.wav,3
/USERSPACE/DATASETS/CodecFake/train/F03_SSB03950141.wav,3
/USERSPACE/DATASETS/CodecFake/train/F03_p237_192.wav,3
/USERSPACE/DATASETS/CodecFake/train/F03_SSB15550210.wav,3
/USERSPACE/DATASETS/CodecFake/train/F03_p282_312.wav,3
/USERSPACE/DATASETS/CodecFake/train/F03_p351_207.wav,3
/USERSPACE/DATASETS/CodecFake/train/F03_SSB16240469.wav,3
/USERSPACE/DATASETS/CodecFake/train/F03_SSB07170180.wav,3
/USERSPACE/DATASETS/CodecFake/train/F03_SSB06710130.wav,3
/USERSPACE/DATASETS/CodecFake/train/F03_p284_087.wav,3
/USERSPACE/DATASETS/CodecFake/train/F03_SSB05780189.wav,3
/USERSPACE/DATASETS/CodecFake/train/F03_p262_317.wav,3
/USERSPACE/DATASETS/CodecFake/train/F03_SSB04070289.wav,3
/USERSPACE/DATASETS/CodecFake/train/F03_SSB11150340.wav,3
/USERSPACE/DATASETS/CodecFake/train/F03_SSB15930360.wav,3
/USERSPACE/DATASETS/CodecFake/train/F03_p298_127.wav,3
/USERSPACE/DATASETS/CodecFake/train/F03_SSB03750039.wav,3
/USERSPACE/DATASETS/CodecFake/train/F03_SSB16860235.wav,3
/USERSPACE/DATASETS/CodecFake/train/F03_p334_403.wav,3
/USERSPACE/DATASETS/CodecFake/train/F03_SSB01220415.wav,3
/USERSPACE/DATASETS/CodecFake/train/F03_SSB13280271.wav,3
/USERSPACE/DATASETS/CodecFake/train/F03_SSB00160131.wav,3
/USERSPACE/DATASETS/CodecFake/train/F03_SSB00120024.wav,3
/USERSPACE/DATASETS/CodecFake/train/F03_SSB07360175.wav,3
/USERSPACE/DATASETS/CodecFake/train/F03_p269_080.wav,3
/USERSPACE/DATASETS/CodecFake/train/F03_p280_125.wav,3
/USERSPACE/DATASETS/CodecFake/train/F03_SSB03940462.wav,3
/USERSPACE/DATASETS/CodecFake/train/F03_SSB07490423.wav,3
/USERSPACE/DATASETS/CodecFake/train/F03_SSB00110363.wav,3
/USERSPACE/DATASETS/CodecFake/train/F03_SSB00090267.wav,3
/USERSPACE/DATASETS/CodecFake/train/F03_SSB02870386.wav,3
/USERSPACE/DATASETS/CodecFake/train/F03_p273_216.wav,3
/USERSPACE/DATASETS/CodecFake/train/F03_SSB17820444.wav,3
/USERSPACE/DATASETS/CodecFake/train/F03_SSB07020164.wav,3
/USERSPACE/DATASETS/CodecFake/train/F03_SSB04340372.wav,3
/USERSPACE/DATASETS/CodecFake/train/F03_SSB03750030.wav,3
/USERSPACE/DATASETS/CodecFake/train/F03_p272_062.wav,3
/USERSPACE/DATASETS/CodecFake/train/F03_SSB05880450.wav,3
/USERSPACE/DATASETS/CodecFake/train/F03_SSB16990279.wav,3
/USERSPACE/DATASETS/CodecFake/train/F03_SSB00330406.wav,3
/USERSPACE/DATASETS/CodecFake/train/F03_SSB10020176.wav,3
/USERSPACE/DATASETS/CodecFake/train/F03_SSB12150371.wav,3
/USERSPACE/DATASETS/CodecFake/train/F03_SSB13280071.wav,3
/USERSPACE/DATASETS/CodecFake/train/F03_SSB15850326.wav,3
/USERSPACE/DATASETS/CodecFake/train/F03_SSB06010421.wav,3
/USERSPACE/DATASETS/CodecFake/train/F03_SSB06310340.wav,3
/USERSPACE/DATASETS/CodecFake/train/F03_SSB04260364.wav,3
/USERSPACE/DATASETS/CodecFake/train/F03_p238_186.wav,3
/USERSPACE/DATASETS/CodecFake/train/F03_SSB01330259.wav,3
/USERSPACE/DATASETS/CodecFake/train/F03_SSB07230053.wav,3
/USERSPACE/DATASETS/CodecFake/train/F03_SSB03750007.wav,3
/USERSPACE/DATASETS/CodecFake/train/F03_SSB07170047.wav,3
/USERSPACE/DATASETS/CodecFake/train/F03_p340_202.wav,3
/USERSPACE/DATASETS/CodecFake/train/F03_SSB02870064.wav,3
/USERSPACE/DATASETS/CodecFake/train/F03_p258_397.wav,3
/USERSPACE/DATASETS/CodecFake/train/F03_p311_060.wav,3
/USERSPACE/DATASETS/CodecFake/train/F03_SSB16250308.wav,3
/USERSPACE/DATASETS/CodecFake/train/F03_p280_097.wav,3
/USERSPACE/DATASETS/CodecFake/train/F03_SSB00570312.wav,3
/USERSPACE/DATASETS/CodecFake/train/F03_SSB12210171.wav,3
/USERSPACE/DATASETS/CodecFake/train/F03_SSB04700037.wav,3
/USERSPACE/DATASETS/CodecFake/train/F03_SSB05020351.wav,3
/USERSPACE/DATASETS/CodecFake/train/F03_SSB16860338.wav,3
/USERSPACE/DATASETS/CodecFake/train/F03_p318_157.wav,3
/USERSPACE/DATASETS/CodecFake/train/F03_p316_273.wav,3
/USERSPACE/DATASETS/CodecFake/train/F03_SSB04340228.wav,3
/USERSPACE/DATASETS/CodecFake/train/F03_SSB11970036.wav,3
/USERSPACE/DATASETS/CodecFake/train/F03_SSB06140265.wav,3
/USERSPACE/DATASETS/CodecFake/train/F03_SSB03420374.wav,3
/USERSPACE/DATASETS/CodecFake/train/F03_p230_061.wav,3
/USERSPACE/DATASETS/CodecFake/train/F03_p239_273.wav,3
/USERSPACE/DATASETS/CodecFake/train/F03_SSB07000414.wav,3
/USERSPACE/DATASETS/CodecFake/train/F03_SSB10550462.wav,3
/USERSPACE/DATASETS/CodecFake/train/F03_SSB14370139.wav,3
/USERSPACE/DATASETS/CodecFake/train/F03_p374_072.wav,3
/USERSPACE/DATASETS/CodecFake/train/F03_p301_358.wav,3
/USERSPACE/DATASETS/CodecFake/train/F03_p227_129.wav,3
/USERSPACE/DATASETS/CodecFake/train/F03_SSB13410397.wav,3
/USERSPACE/DATASETS/CodecFake/train/F03_SSB16840261.wav,3
/USERSPACE/DATASETS/CodecFake/train/F03_SSB01930173.wav,3
/USERSPACE/DATASETS/CodecFake/train/F03_SSB06290450.wav,3
/USERSPACE/DATASETS/CodecFake/train/F03_p330_162.wav,3
/USERSPACE/DATASETS/CodecFake/train/F03_SSB03230440.wav,3
/USERSPACE/DATASETS/CodecFake/train/F03_SSB03540228.wav,3
/USERSPACE/DATASETS/CodecFake/train/F03_SSB14480301.wav,3
/USERSPACE/DATASETS/CodecFake/train/F03_SSB06030415.wav,3
/USERSPACE/DATASETS/CodecFake/train/F03_SSB03790317.wav,3
/USERSPACE/DATASETS/CodecFake/train/F03_SSB10240459.wav,3
/USERSPACE/DATASETS/CodecFake/train/F03_p236_273.wav,3
/USERSPACE/DATASETS/CodecFake/train/F03_p236_255.wav,3
/USERSPACE/DATASETS/CodecFake/train/F03_SSB13820088.wav,3
/USERSPACE/DATASETS/CodecFake/train/F03_SSB06140420.wav,3
/USERSPACE/DATASETS/CodecFake/train/F03_p283_367.wav,3
/USERSPACE/DATASETS/CodecFake/train/F03_SSB17390463.wav,3
/USERSPACE/DATASETS/CodecFake/train/F03_p253_357.wav,3
/USERSPACE/DATASETS/CodecFake/train/F03_SSB01450333.wav,3
/USERSPACE/DATASETS/CodecFake/train/F03_SSB08220162.wav,3
/USERSPACE/DATASETS/CodecFake/train/F03_p304_385.wav,3
/USERSPACE/DATASETS/CodecFake/train/F03_SSB16990292.wav,3
/USERSPACE/DATASETS/CodecFake/train/F03_SSB03380316.wav,3
/USERSPACE/DATASETS/CodecFake/train/F03_SSB13830076.wav,3
/USERSPACE/DATASETS/CodecFake/train/F03_p249_144.wav,3
/USERSPACE/DATASETS/CodecFake/train/F03_SSB09190385.wav,3
/USERSPACE/DATASETS/CodecFake/train/F03_SSB16860020.wav,3
/USERSPACE/DATASETS/CodecFake/train/F03_SSB15930167.wav,3
/USERSPACE/DATASETS/CodecFake/train/F03_SSB11260322.wav,3
/USERSPACE/DATASETS/CodecFake/train/F03_p287_024.wav,3
/USERSPACE/DATASETS/CodecFake/train/F03_p269_201.wav,3
/USERSPACE/DATASETS/CodecFake/train/F03_SSB18280282.wav,3
/USERSPACE/DATASETS/CodecFake/train/F03_SSB18320467.wav,3
/USERSPACE/DATASETS/CodecFake/train/F03_p233_049.wav,3
/USERSPACE/DATASETS/CodecFake/train/F03_p257_177.wav,3
/USERSPACE/DATASETS/CodecFake/train/F03_p336_249.wav,3
/USERSPACE/DATASETS/CodecFake/train/F03_p343_116.wav,3
/USERSPACE/DATASETS/CodecFake/train/F03_SSB13660332.wav,3
/USERSPACE/DATASETS/CodecFake/train/F03_SSB01490201.wav,3
/USERSPACE/DATASETS/CodecFake/train/F03_SSB08090319.wav,3
/USERSPACE/DATASETS/CodecFake/train/F03_SSB07170086.wav,3
/USERSPACE/DATASETS/CodecFake/train/F03_p247_371.wav,3
/USERSPACE/DATASETS/CodecFake/train/F03_SSB13220049.wav,3
/USERSPACE/DATASETS/CodecFake/train/F03_SSB00430099.wav,3
/USERSPACE/DATASETS/CodecFake/train/F03_SSB05340448.wav,3
/USERSPACE/DATASETS/CodecFake/train/F03_SSB06680090.wav,3
/USERSPACE/DATASETS/CodecFake/train/F03_SSB03160056.wav,3
/USERSPACE/DATASETS/CodecFake/train/F03_SSB07200097.wav,3
/USERSPACE/DATASETS/CodecFake/train/F03_SSB06230394.wav,3
/USERSPACE/DATASETS/CodecFake/train/F03_SSB05940017.wav,3
/USERSPACE/DATASETS/CodecFake/train/F03_p336_270.wav,3
/USERSPACE/DATASETS/CodecFake/train/F03_SSB11380039.wav,3
/USERSPACE/DATASETS/CodecFake/train/F03_SSB06030499.wav,3
/USERSPACE/DATASETS/CodecFake/train/F03_SSB07110273.wav,3
/USERSPACE/DATASETS/CodecFake/train/F03_p246_004.wav,3
/USERSPACE/DATASETS/CodecFake/train/F03_SSB17590146.wav,3
/USERSPACE/DATASETS/CodecFake/train/F03_p263_232.wav,3
/USERSPACE/DATASETS/CodecFake/train/F03_SSB06010323.wav,3
/USERSPACE/DATASETS/CodecFake/train/F03_SSB09930184.wav,3
/USERSPACE/DATASETS/CodecFake/train/F03_p255_325.wav,3
/USERSPACE/DATASETS/CodecFake/train/F03_p262_266.wav,3
/USERSPACE/DATASETS/CodecFake/train/F03_SSB01330227.wav,3
/USERSPACE/DATASETS/CodecFake/train/F03_SSB13820180.wav,3
/USERSPACE/DATASETS/CodecFake/train/F03_SSB04350136.wav,3
/USERSPACE/DATASETS/CodecFake/train/F03_SSB14370231.wav,3
/USERSPACE/DATASETS/CodecFake/train/F03_SSB12180432.wav,3
/USERSPACE/DATASETS/CodecFake/train/F03_SSB16990237.wav,3
/USERSPACE/DATASETS/CodecFake/train/F03_SSB03090097.wav,3
/USERSPACE/DATASETS/CodecFake/train/F03_SSB09970308.wav,3
/USERSPACE/DATASETS/CodecFake/train/F03_SSB07860131.wav,3
/USERSPACE/DATASETS/CodecFake/train/F03_SSB00570036.wav,3
/USERSPACE/DATASETS/CodecFake/train/F03_p274_391.wav,3
/USERSPACE/DATASETS/CodecFake/train/F03_SSB04700184.wav,3
/USERSPACE/DATASETS/CodecFake/train/F03_SSB03660453.wav,3
/USERSPACE/DATASETS/CodecFake/train/F03_SSB11000257.wav,3
/USERSPACE/DATASETS/CodecFake/train/F03_SSB15930424.wav,3
/USERSPACE/DATASETS/CodecFake/train/F03_SSB17280228.wav,3
/USERSPACE/DATASETS/CodecFake/train/F03_SSB01120485.wav,3
/USERSPACE/DATASETS/CodecFake/train/F03_p257_230.wav,3
/USERSPACE/DATASETS/CodecFake/train/F03_SSB05780064.wav,3
/USERSPACE/DATASETS/CodecFake/train/F03_SSB07370421.wav,3
/USERSPACE/DATASETS/CodecFake/train/F03_p312_296.wav,3
/USERSPACE/DATASETS/CodecFake/train/F03_SSB03070004.wav,3
/USERSPACE/DATASETS/CodecFake/train/F03_p237_050.wav,3
/USERSPACE/DATASETS/CodecFake/train/F03_p282_335.wav,3
/USERSPACE/DATASETS/CodecFake/train/F03_SSB06680019.wav,3
/USERSPACE/DATASETS/CodecFake/train/F03_SSB11760446.wav,3
/USERSPACE/DATASETS/CodecFake/train/F03_p307_337.wav,3
/USERSPACE/DATASETS/CodecFake/train/F03_SSB19020455.wav,3
/USERSPACE/DATASETS/CodecFake/train/F03_SSB11250039.wav,3
/USERSPACE/DATASETS/CodecFake/train/F03_p334_247.wav,3
/USERSPACE/DATASETS/CodecFake/train/F03_SSB06010096.wav,3
/USERSPACE/DATASETS/CodecFake/train/F03_SSB17110271.wav,3
/USERSPACE/DATASETS/CodecFake/train/F03_SSB08220006.wav,3
/USERSPACE/DATASETS/CodecFake/train/F03_p250_064.wav,3
/USERSPACE/DATASETS/CodecFake/train/F03_SSB12190017.wav,3
/USERSPACE/DATASETS/CodecFake/train/F03_SSB10720080.wav,3
/USERSPACE/DATASETS/CodecFake/train/F03_SSB04350323.wav,3
/USERSPACE/DATASETS/CodecFake/train/F03_p308_044.wav,3
/USERSPACE/DATASETS/CodecFake/train/F03_p307_142.wav,3
/USERSPACE/DATASETS/CodecFake/train/F03_SSB19350465.wav,3
/USERSPACE/DATASETS/CodecFake/train/F03_SSB15550271.wav,3
/USERSPACE/DATASETS/CodecFake/train/F03_SSB12740480.wav,3
/USERSPACE/DATASETS/CodecFake/train/F03_p329_073.wav,3
/USERSPACE/DATASETS/CodecFake/train/F03_p333_003.wav,3
/USERSPACE/DATASETS/CodecFake/train/F03_SSB12160183.wav,3
/USERSPACE/DATASETS/CodecFake/train/F03_SSB07940115.wav,3
/USERSPACE/DATASETS/CodecFake/train/F03_p261_342.wav,3
/USERSPACE/DATASETS/CodecFake/train/F03_SSB06660031.wav,3
/USERSPACE/DATASETS/CodecFake/train/F03_SSB19390286.wav,3
/USERSPACE/DATASETS/CodecFake/train/F03_p341_300.wav,3
/USERSPACE/DATASETS/CodecFake/train/F03_SSB15630400.wav,3
/USERSPACE/DATASETS/CodecFake/train/F03_p293_058.wav,3
/USERSPACE/DATASETS/CodecFake/train/F03_p250_101.wav,3
/USERSPACE/DATASETS/CodecFake/train/F03_SSB07370371.wav,3
/USERSPACE/DATASETS/CodecFake/train/F03_p227_142.wav,3
/USERSPACE/DATASETS/CodecFake/train/F03_SSB06140446.wav,3
/USERSPACE/DATASETS/CodecFake/train/F03_SSB06090053.wav,3
/USERSPACE/DATASETS/CodecFake/train/F03_p248_064.wav,3
/USERSPACE/DATASETS/CodecFake/train/F03_SSB14480374.wav,3
/USERSPACE/DATASETS/CodecFake/train/F03_p257_295.wav,3
/USERSPACE/DATASETS/CodecFake/train/F03_SSB03660405.wav,3
/USERSPACE/DATASETS/CodecFake/train/F03_SSB06030206.wav,3
/USERSPACE/DATASETS/CodecFake/train/F03_SSB18320065.wav,3
/USERSPACE/DATASETS/CodecFake/train/F03_p251_005.wav,3
/USERSPACE/DATASETS/CodecFake/train/F03_SSB10200407.wav,3
/USERSPACE/DATASETS/CodecFake/train/F03_SSB19350268.wav,3
/USERSPACE/DATASETS/CodecFake/train/F03_SSB05340445.wav,3
/USERSPACE/DATASETS/CodecFake/train/F03_p259_056.wav,3
/USERSPACE/DATASETS/CodecFake/train/F03_p340_142.wav,3
/USERSPACE/DATASETS/CodecFake/train/F03_SSB00120417.wav,3
/USERSPACE/DATASETS/CodecFake/train/F03_SSB06060275.wav,3
/USERSPACE/DATASETS/CodecFake/train/F03_SSB11380450.wav,3
/USERSPACE/DATASETS/CodecFake/train/F03_SSB00430301.wav,3
/USERSPACE/DATASETS/CodecFake/train/F03_SSB03790234.wav,3
/USERSPACE/DATASETS/CodecFake/train/F03_p260_010.wav,3
/USERSPACE/DATASETS/CodecFake/train/F03_p250_181.wav,3
/USERSPACE/DATASETS/CodecFake/train/F03_p230_088.wav,3
/USERSPACE/DATASETS/CodecFake/train/F03_SSB12740456.wav,3
/USERSPACE/DATASETS/CodecFake/train/F03_SSB17810475.wav,3
/USERSPACE/DATASETS/CodecFake/train/F03_SSB02610372.wav,3
/USERSPACE/DATASETS/CodecFake/train/F03_SSB18780430.wav,3
/USERSPACE/DATASETS/CodecFake/train/F03_p326_285.wav,3
/USERSPACE/DATASETS/CodecFake/train/F03_p347_047.wav,3
/USERSPACE/DATASETS/CodecFake/train/F03_p345_102.wav,3
/USERSPACE/DATASETS/CodecFake/train/F03_p240_050.wav,3
/USERSPACE/DATASETS/CodecFake/train/F03_SSB07480271.wav,3
/USERSPACE/DATASETS/CodecFake/train/F03_SSB07000144.wav,3
/USERSPACE/DATASETS/CodecFake/train/F03_p305_268.wav,3
/USERSPACE/DATASETS/CodecFake/train/F03_SSB01490387.wav,3
/USERSPACE/DATASETS/CodecFake/train/F03_p227_162.wav,3
/USERSPACE/DATASETS/CodecFake/train/F03_SSB16500423.wav,3
/USERSPACE/DATASETS/CodecFake/train/F03_SSB03940242.wav,3
/USERSPACE/DATASETS/CodecFake/train/F03_p228_051.wav,3
/USERSPACE/DATASETS/CodecFake/train/F03_p274_420.wav,3
/USERSPACE/DATASETS/CodecFake/train/F03_p316_078.wav,3
/USERSPACE/DATASETS/CodecFake/train/F03_SSB05900026.wav,3
/USERSPACE/DATASETS/CodecFake/train/F03_SSB03090233.wav,3
/USERSPACE/DATASETS/CodecFake/train/F03_SSB10720497.wav,3
/USERSPACE/DATASETS/CodecFake/train/F03_SSB00050354.wav,3
/USERSPACE/DATASETS/CodecFake/train/F03_p256_243.wav,3
/USERSPACE/DATASETS/CodecFake/train/F03_SSB18630324.wav,3
/USERSPACE/DATASETS/CodecFake/train/F03_p249_295.wav,3
/USERSPACE/DATASETS/CodecFake/train/F03_p276_224.wav,3
/USERSPACE/DATASETS/CodecFake/train/F03_SSB02000414.wav,3
/USERSPACE/DATASETS/CodecFake/train/F03_SSB06310305.wav,3
/USERSPACE/DATASETS/CodecFake/train/F03_SSB07100354.wav,3
/USERSPACE/DATASETS/CodecFake/train/F03_SSB02460316.wav,3
/USERSPACE/DATASETS/CodecFake/train/F03_p252_091.wav,3
/USERSPACE/DATASETS/CodecFake/train/F03_SSB03230455.wav,3
/USERSPACE/DATASETS/CodecFake/train/F03_p376_127.wav,3
/USERSPACE/DATASETS/CodecFake/train/F03_SSB06230085.wav,3
/USERSPACE/DATASETS/CodecFake/train/F03_SSB03660316.wav,3
/USERSPACE/DATASETS/CodecFake/train/F03_SSB11100171.wav,3
/USERSPACE/DATASETS/CodecFake/train/F03_SSB06710186.wav,3
/USERSPACE/DATASETS/CodecFake/train/F03_p227_387.wav,3
/USERSPACE/DATASETS/CodecFake/train/F03_p306_026.wav,3
/USERSPACE/DATASETS/CodecFake/train/F03_SSB13020288.wav,3
/USERSPACE/DATASETS/CodecFake/train/F03_p243_353.wav,3
/USERSPACE/DATASETS/CodecFake/train/F03_SSB07940052.wav,3
/USERSPACE/DATASETS/CodecFake/train/F03_p254_069.wav,3
/USERSPACE/DATASETS/CodecFake/train/F03_SSB11250300.wav,3
/USERSPACE/DATASETS/CodecFake/train/F03_SSB09350219.wav,3
/USERSPACE/DATASETS/CodecFake/train/F03_p280_237.wav,3
/USERSPACE/DATASETS/CodecFake/train/F03_SSB14520091.wav,3
/USERSPACE/DATASETS/CodecFake/train/F03_SSB02730483.wav,3
/USERSPACE/DATASETS/CodecFake/train/F03_SSB10640064.wav,3
/USERSPACE/DATASETS/CodecFake/train/F03_p241_197.wav,3
/USERSPACE/DATASETS/CodecFake/train/F03_SSB13660312.wav,3
/USERSPACE/DATASETS/CodecFake/train/F03_SSB07510420.wav,3
/USERSPACE/DATASETS/CodecFake/train/F03_p363_267.wav,3
/USERSPACE/DATASETS/CodecFake/train/F03_p282_177.wav,3
/USERSPACE/DATASETS/CodecFake/train/F03_p268_185.wav,3
/USERSPACE/DATASETS/CodecFake/train/F03_SSB12030300.wav,3
/USERSPACE/DATASETS/CodecFake/train/F03_SSB05390231.wav,3
/USERSPACE/DATASETS/CodecFake/train/F03_SSB07510448.wav,3
/USERSPACE/DATASETS/CodecFake/train/F03_SSB18320311.wav,3
/USERSPACE/DATASETS/CodecFake/train/F03_SSB15750479.wav,3
/USERSPACE/DATASETS/CodecFake/train/F03_SSB02730264.wav,3
/USERSPACE/DATASETS/CodecFake/train/F03_SSB02870364.wav,3
/USERSPACE/DATASETS/CodecFake/train/F03_p311_015.wav,3
/USERSPACE/DATASETS/CodecFake/train/F03_SSB06010129.wav,3
/USERSPACE/DATASETS/CodecFake/train/F03_SSB05990476.wav,3
/USERSPACE/DATASETS/CodecFake/train/F03_p316_278.wav,3
/USERSPACE/DATASETS/CodecFake/train/F03_SSB15750249.wav,3
/USERSPACE/DATASETS/CodecFake/train/F03_SSB03160244.wav,3
/USERSPACE/DATASETS/CodecFake/train/F03_SSB10560131.wav,3
/USERSPACE/DATASETS/CodecFake/train/F03_SSB16240488.wav,3
/USERSPACE/DATASETS/CodecFake/train/F03_SSB03950345.wav,3
/USERSPACE/DATASETS/CodecFake/train/F03_SSB15850166.wav,3
/USERSPACE/DATASETS/CodecFake/train/F03_SSB09660184.wav,3
/USERSPACE/DATASETS/CodecFake/train/F03_SSB03750468.wav,3
/USERSPACE/DATASETS/CodecFake/train/F03_p254_293.wav,3
/USERSPACE/DATASETS/CodecFake/train/F03_SSB09350098.wav,3
/USERSPACE/DATASETS/CodecFake/train/F03_SSB07800387.wav,3
/USERSPACE/DATASETS/CodecFake/train/F03_p254_340.wav,3
/USERSPACE/DATASETS/CodecFake/train/F03_p237_279.wav,3
/USERSPACE/DATASETS/CodecFake/train/F03_SSB00430482.wav,3
/USERSPACE/DATASETS/CodecFake/train/F03_SSB01120066.wav,3
/USERSPACE/DATASETS/CodecFake/train/F03_SSB07600149.wav,3
/USERSPACE/DATASETS/CodecFake/train/F03_p304_421.wav,3
/USERSPACE/DATASETS/CodecFake/train/F03_p326_327.wav,3
/USERSPACE/DATASETS/CodecFake/train/F03_SSB07840122.wav,3
/USERSPACE/DATASETS/CodecFake/train/F03_p345_054.wav,3
/USERSPACE/DATASETS/CodecFake/train/F03_p239_189.wav,3
/USERSPACE/DATASETS/CodecFake/train/F03_p266_005.wav,3
/USERSPACE/DATASETS/CodecFake/train/F03_SSB04700079.wav,3
/USERSPACE/DATASETS/CodecFake/train/F03_p305_275.wav,3
/USERSPACE/DATASETS/CodecFake/train/F03_SSB03150291.wav,3
/USERSPACE/DATASETS/CodecFake/train/F03_SSB13850281.wav,3
/USERSPACE/DATASETS/CodecFake/train/F03_SSB00430397.wav,3
/USERSPACE/DATASETS/CodecFake/train/F03_SSB12160048.wav,3
/USERSPACE/DATASETS/CodecFake/train/F03_SSB03790119.wav,3
/USERSPACE/DATASETS/CodecFake/train/F03_SSB06710052.wav,3
/USERSPACE/DATASETS/CodecFake/train/F03_SSB00050149.wav,3
/USERSPACE/DATASETS/CodecFake/train/F03_p255_194.wav,3
/USERSPACE/DATASETS/CodecFake/train/F03_SSB10910221.wav,3
/USERSPACE/DATASETS/CodecFake/train/F03_p340_379.wav,3
/USERSPACE/DATASETS/CodecFake/train/F03_SSB03940359.wav,3
/USERSPACE/DATASETS/CodecFake/train/F03_SSB04150477.wav,3
/USERSPACE/DATASETS/CodecFake/train/F03_p248_264.wav,3
/USERSPACE/DATASETS/CodecFake/train/F03_SSB11970134.wav,3
/USERSPACE/DATASETS/CodecFake/train/F03_p282_364.wav,3
/USERSPACE/DATASETS/CodecFake/train/F03_p297_074.wav,3
/USERSPACE/DATASETS/CodecFake/train/F03_SSB00110402.wav,3
/USERSPACE/DATASETS/CodecFake/train/F03_SSB15850442.wav,3
/USERSPACE/DATASETS/CodecFake/train/F03_p360_195.wav,3
/USERSPACE/DATASETS/CodecFake/train/F03_SSB10720107.wav,3
/USERSPACE/DATASETS/CodecFake/train/F03_SSB16700270.wav,3
/USERSPACE/DATASETS/CodecFake/train/F03_SSB15670055.wav,3
/USERSPACE/DATASETS/CodecFake/train/F03_SSB04070309.wav,3
/USERSPACE/DATASETS/CodecFake/train/F03_SSB11380030.wav,3
/USERSPACE/DATASETS/CodecFake/train/F03_SSB05700104.wav,3
/USERSPACE/DATASETS/CodecFake/train/F03_SSB12740076.wav,3
/USERSPACE/DATASETS/CodecFake/train/F03_p243_292.wav,3
/USERSPACE/DATASETS/CodecFake/train/F03_SSB07800353.wav,3
/USERSPACE/DATASETS/CodecFake/train/F03_SSB04070313.wav,3
/USERSPACE/DATASETS/CodecFake/train/F03_SSB14520249.wav,3
/USERSPACE/DATASETS/CodecFake/train/F03_p233_028.wav,3
/USERSPACE/DATASETS/CodecFake/train/F03_SSB15850086.wav,3
/USERSPACE/DATASETS/CodecFake/train/F03_SSB05880338.wav,3
/USERSPACE/DATASETS/CodecFake/train/F03_SSB18280337.wav,3
/USERSPACE/DATASETS/CodecFake/train/F03_SSB00330066.wav,3
/USERSPACE/DATASETS/CodecFake/train/F03_SSB05390228.wav,3
/USERSPACE/DATASETS/CodecFake/train/F03_SSB03820193.wav,3
/USERSPACE/DATASETS/CodecFake/train/F03_SSB07230418.wav,3
/USERSPACE/DATASETS/CodecFake/train/F03_SSB00570351.wav,3
/USERSPACE/DATASETS/CodecFake/train/F03_SSB07000142.wav,3
/USERSPACE/DATASETS/CodecFake/train/F03_SSB13400059.wav,3
/USERSPACE/DATASETS/CodecFake/train/F03_SSB03420294.wav,3
/USERSPACE/DATASETS/CodecFake/train/F03_SSB08710128.wav,3
/USERSPACE/DATASETS/CodecFake/train/F03_SSB03090376.wav,3
/USERSPACE/DATASETS/CodecFake/train/F03_SSB11610116.wav,3
/USERSPACE/DATASETS/CodecFake/train/F03_SSB15750020.wav,3
/USERSPACE/DATASETS/CodecFake/train/F03_SSB15750469.wav,3
/USERSPACE/DATASETS/CodecFake/train/F03_p234_064.wav,3
/USERSPACE/DATASETS/CodecFake/train/F03_SSB13280384.wav,3
/USERSPACE/DATASETS/CodecFake/train/F03_SSB09660177.wav,3
/USERSPACE/DATASETS/CodecFake/train/F03_SSB05990462.wav,3
/USERSPACE/DATASETS/CodecFake/train/F03_SSB17590217.wav,3
/USERSPACE/DATASETS/CodecFake/train/F03_SSB02460468.wav,3
/USERSPACE/DATASETS/CodecFake/train/F03_p261_223.wav,3
/USERSPACE/DATASETS/CodecFake/train/F03_p255_202.wav,3
/USERSPACE/DATASETS/CodecFake/train/F03_SSB18630241.wav,3
/USERSPACE/DATASETS/CodecFake/train/F03_p253_082.wav,3
/USERSPACE/DATASETS/CodecFake/train/F03_p269_012.wav,3
/USERSPACE/DATASETS/CodecFake/train/F03_p333_338.wav,3
/USERSPACE/DATASETS/CodecFake/train/F03_SSB15550233.wav,3
/USERSPACE/DATASETS/CodecFake/train/F03_SSB12740396.wav,3
/USERSPACE/DATASETS/CodecFake/train/F03_SSB17110332.wav,3
/USERSPACE/DATASETS/CodecFake/train/F03_SSB14480122.wav,3
/USERSPACE/DATASETS/CodecFake/train/F03_p253_163.wav,3
/USERSPACE/DATASETS/CodecFake/train/F03_SSB04150067.wav,3
/USERSPACE/DATASETS/CodecFake/train/F03_p272_226.wav,3
/USERSPACE/DATASETS/CodecFake/train/F03_SSB18630257.wav,3
/USERSPACE/DATASETS/CodecFake/train/F03_p285_293.wav,3
/USERSPACE/DATASETS/CodecFake/train/F03_p335_191.wav,3
/USERSPACE/DATASETS/CodecFake/train/F03_p239_204.wav,3
/USERSPACE/DATASETS/CodecFake/train/F03_p254_232.wav,3
/USERSPACE/DATASETS/CodecFake/train/F03_p280_035.wav,3
/USERSPACE/DATASETS/CodecFake/train/F03_SSB13020127.wav,3
/USERSPACE/DATASETS/CodecFake/train/F03_p226_285.wav,3
/USERSPACE/DATASETS/CodecFake/train/F03_SSB00110464.wav,3
/USERSPACE/DATASETS/CodecFake/train/F03_SSB08170228.wav,3
/USERSPACE/DATASETS/CodecFake/train/F03_p251_350.wav,3
/USERSPACE/DATASETS/CodecFake/train/F03_SSB15550061.wav,3
/USERSPACE/DATASETS/CodecFake/train/F03_SSB04350346.wav,3
/USERSPACE/DATASETS/CodecFake/train/F03_p314_354.wav,3
/USERSPACE/DATASETS/CodecFake/train/F03_p233_087.wav,3
/USERSPACE/DATASETS/CodecFake/train/F03_p258_234.wav,3
/USERSPACE/DATASETS/CodecFake/train/F03_p276_172.wav,3
/USERSPACE/DATASETS/CodecFake/train/F03_SSB13850089.wav,3
/USERSPACE/DATASETS/CodecFake/train/F03_SSB13660049.wav,3
/USERSPACE/DATASETS/CodecFake/train/F03_SSB15850298.wav,3
/USERSPACE/DATASETS/CodecFake/train/F03_p249_036.wav,3
/USERSPACE/DATASETS/CodecFake/train/F03_SSB11000173.wav,3
/USERSPACE/DATASETS/CodecFake/train/F03_SSB11150471.wav,3
/USERSPACE/DATASETS/CodecFake/train/F03_SSB09150394.wav,3
/USERSPACE/DATASETS/CodecFake/train/F03_SSB09660090.wav,3
/USERSPACE/DATASETS/CodecFake/train/F03_SSB03660100.wav,3
/USERSPACE/DATASETS/CodecFake/train/F03_p238_039.wav,3
/USERSPACE/DATASETS/CodecFake/train/F03_p293_368.wav,3
/USERSPACE/DATASETS/CodecFake/train/F03_SSB19560470.wav,3
/USERSPACE/DATASETS/CodecFake/train/F03_p244_026.wav,3
/USERSPACE/DATASETS/CodecFake/train/F03_SSB13930369.wav,3
/USERSPACE/DATASETS/CodecFake/train/F03_SSB05900197.wav,3
/USERSPACE/DATASETS/CodecFake/train/F03_p311_074.wav,3
/USERSPACE/DATASETS/CodecFake/train/F03_p275_002.wav,3
/USERSPACE/DATASETS/CodecFake/train/F03_SSB19180093.wav,3
/USERSPACE/DATASETS/CodecFake/train/F03_SSB00090426.wav,3
/USERSPACE/DATASETS/CodecFake/train/F03_p303_229.wav,3
/USERSPACE/DATASETS/CodecFake/train/F03_p333_109.wav,3
/USERSPACE/DATASETS/CodecFake/train/F03_SSB15930438.wav,3
/USERSPACE/DATASETS/CodecFake/train/F03_SSB00160115.wav,3
/USERSPACE/DATASETS/CodecFake/train/F03_SSB05440466.wav,3
/USERSPACE/DATASETS/CodecFake/train/F03_p298_350.wav,3
/USERSPACE/DATASETS/CodecFake/train/F03_SSB11080130.wav,3
/USERSPACE/DATASETS/CodecFake/train/F03_p298_084.wav,3
/USERSPACE/DATASETS/CodecFake/train/F03_SSB13930481.wav,3
/USERSPACE/DATASETS/CodecFake/train/F03_SSB08090494.wav,3
/USERSPACE/DATASETS/CodecFake/train/F03_SSB01220209.wav,3
/USERSPACE/DATASETS/CodecFake/train/F03_SSB06140472.wav,3
/USERSPACE/DATASETS/CodecFake/train/F03_p323_097.wav,3
/USERSPACE/DATASETS/CodecFake/train/F03_SSB04260081.wav,3
/USERSPACE/DATASETS/CodecFake/train/F03_SSB12740428.wav,3
/USERSPACE/DATASETS/CodecFake/train/F03_p266_273.wav,3
/USERSPACE/DATASETS/CodecFake/train/F03_SSB13770142.wav,3
/USERSPACE/DATASETS/CodecFake/train/F03_SSB16500186.wav,3
/USERSPACE/DATASETS/CodecFake/train/F03_p239_120.wav,3
/USERSPACE/DATASETS/CodecFake/train/F03_SSB13820329.wav,3
/USERSPACE/DATASETS/CodecFake/train/F03_SSB15630228.wav,3
/USERSPACE/DATASETS/CodecFake/train/F03_SSB03930038.wav,3
/USERSPACE/DATASETS/CodecFake/train/F03_p230_341.wav,3
/USERSPACE/DATASETS/CodecFake/train/F03_p282_176.wav,3
/USERSPACE/DATASETS/CodecFake/train/F03_SSB06230294.wav,3
/USERSPACE/DATASETS/CodecFake/train/F03_SSB06320308.wav,3
/USERSPACE/DATASETS/CodecFake/train/F03_SSB01220059.wav,3
/USERSPACE/DATASETS/CodecFake/train/F03_p376_191.wav,3
/USERSPACE/DATASETS/CodecFake/train/F03_p318_194.wav,3
/USERSPACE/DATASETS/CodecFake/train/F03_SSB07000214.wav,3
/USERSPACE/DATASETS/CodecFake/train/F03_SSB18310203.wav,3
/USERSPACE/DATASETS/CodecFake/train/F03_p234_059.wav,3
/USERSPACE/DATASETS/CodecFake/train/F03_SSB04350437.wav,3
/USERSPACE/DATASETS/CodecFake/train/F03_SSB02880254.wav,3
/USERSPACE/DATASETS/CodecFake/train/F03_p266_209.wav,3
/USERSPACE/DATASETS/CodecFake/train/F03_p236_292.wav,3
/USERSPACE/DATASETS/CodecFake/train/F03_SSB07840090.wav,3
/USERSPACE/DATASETS/CodecFake/train/F03_p250_023.wav,3
/USERSPACE/DATASETS/CodecFake/train/F03_SSB07360399.wav,3
/USERSPACE/DATASETS/CodecFake/train/F03_SSB13770417.wav,3
/USERSPACE/DATASETS/CodecFake/train/F03_p364_106.wav,3
/USERSPACE/DATASETS/CodecFake/train/F03_p243_247.wav,3
/USERSPACE/DATASETS/CodecFake/train/F03_SSB00160305.wav,3
/USERSPACE/DATASETS/CodecFake/train/F03_SSB15850049.wav,3
/USERSPACE/DATASETS/CodecFake/train/F03_SSB03660502.wav,3
/USERSPACE/DATASETS/CodecFake/train/F03_SSB19350050.wav,3
/USERSPACE/DATASETS/CodecFake/train/F03_p270_392.wav,3
/USERSPACE/DATASETS/CodecFake/train/F03_SSB14310310.wav,3
/USERSPACE/DATASETS/CodecFake/train/F03_SSB13820035.wav,3
/USERSPACE/DATASETS/CodecFake/train/F03_SSB11360412.wav,3
/USERSPACE/DATASETS/CodecFake/train/F03_SSB13660370.wav,3
/USERSPACE/DATASETS/CodecFake/train/F03_p270_173.wav,3
/USERSPACE/DATASETS/CodecFake/train/F03_SSB05340415.wav,3
/USERSPACE/DATASETS/CodecFake/train/F03_p274_379.wav,3
/USERSPACE/DATASETS/CodecFake/train/F03_SSB07170199.wav,3
/USERSPACE/DATASETS/CodecFake/train/F03_p227_043.wav,3
/USERSPACE/DATASETS/CodecFake/train/F03_p315_123.wav,3
/USERSPACE/DATASETS/CodecFake/train/F03_SSB06010311.wav,3
/USERSPACE/DATASETS/CodecFake/train/F03_p273_267.wav,3
/USERSPACE/DATASETS/CodecFake/train/F03_SSB03070047.wav,3
/USERSPACE/DATASETS/CodecFake/train/F03_p263_219.wav,3
/USERSPACE/DATASETS/CodecFake/train/F03_p271_058.wav,3
/USERSPACE/DATASETS/CodecFake/train/F03_p231_112.wav,3
/USERSPACE/DATASETS/CodecFake/train/F03_SSB00800112.wav,3
/USERSPACE/DATASETS/CodecFake/train/F03_SSB02880466.wav,3
/USERSPACE/DATASETS/CodecFake/train/F03_p277_214.wav,3
/USERSPACE/DATASETS/CodecFake/train/F03_SSB14020235.wav,3
/USERSPACE/DATASETS/CodecFake/train/F03_SSB13930455.wav,3
/USERSPACE/DATASETS/CodecFake/train/F03_SSB02460136.wav,3
/USERSPACE/DATASETS/CodecFake/train/F03_SSB05940306.wav,3
/USERSPACE/DATASETS/CodecFake/train/F03_SSB00120274.wav,3
/USERSPACE/DATASETS/CodecFake/train/F03_SSB12740082.wav,3
/USERSPACE/DATASETS/CodecFake/train/F03_p250_068.wav,3
/USERSPACE/DATASETS/CodecFake/train/F03_p334_303.wav,3
/USERSPACE/DATASETS/CodecFake/train/F03_SSB10640379.wav,3
/USERSPACE/DATASETS/CodecFake/train/F03_SSB16240089.wav,3
/USERSPACE/DATASETS/CodecFake/train/F03_p305_132.wav,3
/USERSPACE/DATASETS/CodecFake/train/F03_SSB08090113.wav,3
/USERSPACE/DATASETS/CodecFake/train/F03_p251_023.wav,3
/USERSPACE/DATASETS/CodecFake/train/F03_p333_191.wav,3
/USERSPACE/DATASETS/CodecFake/train/F03_p312_129.wav,3
/USERSPACE/DATASETS/CodecFake/train/F03_p283_457.wav,3
/USERSPACE/DATASETS/CodecFake/train/F03_p241_125.wav,3
/USERSPACE/DATASETS/CodecFake/train/F03_SSB19390222.wav,3
/USERSPACE/DATASETS/CodecFake/train/F03_p262_332.wav,3
/USERSPACE/DATASETS/CodecFake/train/F03_SSB11080221.wav,3
/USERSPACE/DATASETS/CodecFake/train/F03_SSB18910443.wav,3
/USERSPACE/DATASETS/CodecFake/train/F03_p318_349.wav,3
/USERSPACE/DATASETS/CodecFake/train/F03_SSB06930068.wav,3
/USERSPACE/DATASETS/CodecFake/train/F03_p229_144.wav,3
/USERSPACE/DATASETS/CodecFake/train/F03_p283_422.wav,3
/USERSPACE/DATASETS/CodecFake/train/F03_SSB07230333.wav,3
/USERSPACE/DATASETS/CodecFake/train/F03_SSB14520152.wav,3
/USERSPACE/DATASETS/CodecFake/train/F03_SSB18320048.wav,3
/USERSPACE/DATASETS/CodecFake/train/F03_SSB02730268.wav,3
/USERSPACE/DATASETS/CodecFake/train/F03_SSB02870077.wav,3
/USERSPACE/DATASETS/CodecFake/train/F03_SSB00110286.wav,3
/USERSPACE/DATASETS/CodecFake/train/F03_p239_410.wav,3
/USERSPACE/DATASETS/CodecFake/train/F03_SSB11260029.wav,3
/USERSPACE/DATASETS/CodecFake/train/F03_SSB07580188.wav,3
/USERSPACE/DATASETS/CodecFake/train/F03_p339_279.wav,3
/USERSPACE/DATASETS/CodecFake/train/F03_SSB16700350.wav,3
/USERSPACE/DATASETS/CodecFake/train/F03_SSB10020283.wav,3
/USERSPACE/DATASETS/CodecFake/train/F03_SSB05780115.wav,3
/USERSPACE/DATASETS/CodecFake/train/F03_SSB03790178.wav,3
/USERSPACE/DATASETS/CodecFake/train/F03_p237_011.wav,3
/USERSPACE/DATASETS/CodecFake/train/F03_SSB08870385.wav,3
/USERSPACE/DATASETS/CodecFake/train/F03_p294_022.wav,3
/USERSPACE/DATASETS/CodecFake/train/F03_p261_354.wav,3
/USERSPACE/DATASETS/CodecFake/train/F03_SSB10960166.wav,3
/USERSPACE/DATASETS/CodecFake/train/F03_SSB15670065.wav,3
/USERSPACE/DATASETS/CodecFake/train/F03_p343_048.wav,3
/USERSPACE/DATASETS/CodecFake/train/F03_SSB10720060.wav,3
/USERSPACE/DATASETS/CodecFake/train/F03_SSB16860026.wav,3
/USERSPACE/DATASETS/CodecFake/train/F03_SSB15850138.wav,3
/USERSPACE/DATASETS/CodecFake/train/F03_SSB03850434.wav,3
/USERSPACE/DATASETS/CodecFake/train/F03_SSB14480201.wav,3
/USERSPACE/DATASETS/CodecFake/train/F03_SSB13920109.wav,3
/USERSPACE/DATASETS/CodecFake/train/F03_SSB00180311.wav,3
/USERSPACE/DATASETS/CodecFake/train/F03_SSB13820367.wav,3
/USERSPACE/DATASETS/CodecFake/train/F03_SSB01930351.wav,3
/USERSPACE/DATASETS/CodecFake/train/F03_p225_346.wav,3
/USERSPACE/DATASETS/CodecFake/train/F03_p238_169.wav,3
/USERSPACE/DATASETS/CodecFake/train/F03_p316_196.wav,3
/USERSPACE/DATASETS/CodecFake/train/F03_p259_109.wav,3
/USERSPACE/DATASETS/CodecFake/train/F03_p303_284.wav,3
/USERSPACE/DATASETS/CodecFake/train/F03_SSB01390086.wav,3
/USERSPACE/DATASETS/CodecFake/train/F03_p266_042.wav,3
/USERSPACE/DATASETS/CodecFake/train/F03_p276_034.wav,3
/USERSPACE/DATASETS/CodecFake/train/F03_SSB06320282.wav,3
/USERSPACE/DATASETS/CodecFake/train/F03_SSB06230499.wav,3
/USERSPACE/DATASETS/CodecFake/train/F03_p305_190.wav,3
/USERSPACE/DATASETS/CodecFake/train/F03_SSB03950176.wav,3
/USERSPACE/DATASETS/CodecFake/train/F03_SSB14370056.wav,3
/USERSPACE/DATASETS/CodecFake/train/F03_p271_164.wav,3
/USERSPACE/DATASETS/CodecFake/train/F03_p281_325.wav,3
/USERSPACE/DATASETS/CodecFake/train/F03_p248_157.wav,3
/USERSPACE/DATASETS/CodecFake/train/F03_SSB11260449.wav,3
/USERSPACE/DATASETS/CodecFake/train/F03_SSB03410419.wav,3
/USERSPACE/DATASETS/CodecFake/train/F03_p297_403.wav,3
/USERSPACE/DATASETS/CodecFake/train/F03_SSB18630275.wav,3
/USERSPACE/DATASETS/CodecFake/train/F03_p308_360.wav,3
/USERSPACE/DATASETS/CodecFake/train/F03_SSB03410316.wav,3
/USERSPACE/DATASETS/CodecFake/train/F03_p287_060.wav,3
/USERSPACE/DATASETS/CodecFake/train/F03_p374_339.wav,3
/USERSPACE/DATASETS/CodecFake/train/F03_SSB11350375.wav,3
/USERSPACE/DATASETS/CodecFake/train/F03_SSB02670197.wav,3
/USERSPACE/DATASETS/CodecFake/train/F03_SSB00110398.wav,3
/USERSPACE/DATASETS/CodecFake/train/F03_SSB18910372.wav,3
/USERSPACE/DATASETS/CodecFake/train/F03_SSB06930447.wav,3
/USERSPACE/DATASETS/CodecFake/train/F03_SSB03850212.wav,3
/USERSPACE/DATASETS/CodecFake/train/F03_p303_053.wav,3
/USERSPACE/DATASETS/CodecFake/train/F03_SSB03850190.wav,3
/USERSPACE/DATASETS/CodecFake/train/F03_p243_303.wav,3
/USERSPACE/DATASETS/CodecFake/train/F03_p234_296.wav,3
/USERSPACE/DATASETS/CodecFake/train/F03_SSB10000475.wav,3
/USERSPACE/DATASETS/CodecFake/train/F03_SSB13220171.wav,3
/USERSPACE/DATASETS/CodecFake/train/F03_p252_269.wav,3
/USERSPACE/DATASETS/CodecFake/train/F03_p361_398.wav,3
/USERSPACE/DATASETS/CodecFake/train/F03_p229_378.wav,3
/USERSPACE/DATASETS/CodecFake/train/F03_SSB15670257.wav,3
/USERSPACE/DATASETS/CodecFake/train/F03_p282_352.wav,3
/USERSPACE/DATASETS/CodecFake/train/F03_SSB00430165.wav,3
/USERSPACE/DATASETS/CodecFake/train/F03_SSB07840387.wav,3
/USERSPACE/DATASETS/CodecFake/train/F03_p251_052.wav,3
/USERSPACE/DATASETS/CodecFake/train/F03_p329_010.wav,3
/USERSPACE/DATASETS/CodecFake/train/F03_SSB00090321.wav,3
/USERSPACE/DATASETS/CodecFake/train/F03_SSB11360487.wav,3
/USERSPACE/DATASETS/CodecFake/train/F03_SSB07940040.wav,3
/USERSPACE/DATASETS/CodecFake/train/F03_SSB09350165.wav,3
/USERSPACE/DATASETS/CodecFake/train/F03_SSB06860338.wav,3
/USERSPACE/DATASETS/CodecFake/train/F03_p364_214.wav,3
/USERSPACE/DATASETS/CodecFake/train/F03_p257_189.wav,3
/USERSPACE/DATASETS/CodecFake/train/F03_SSB05390235.wav,3
/USERSPACE/DATASETS/CodecFake/train/F03_SSB04270246.wav,3
/USERSPACE/DATASETS/CodecFake/train/F03_SSB01450446.wav,3
/USERSPACE/DATASETS/CodecFake/train/F03_p314_260.wav,3
/USERSPACE/DATASETS/CodecFake/train/F03_SSB10720445.wav,3
/USERSPACE/DATASETS/CodecFake/train/F03_p231_428.wav,3
/USERSPACE/DATASETS/CodecFake/train/F03_p282_370.wav,3
/USERSPACE/DATASETS/CodecFake/train/F03_SSB16300042.wav,3
/USERSPACE/DATASETS/CodecFake/train/F03_SSB04070278.wav,3
/USERSPACE/DATASETS/CodecFake/train/F03_SSB06680265.wav,3
/USERSPACE/DATASETS/CodecFake/train/F03_SSB13410193.wav,3
/USERSPACE/DATASETS/CodecFake/train/F03_p333_054.wav,3
/USERSPACE/DATASETS/CodecFake/train/F03_SSB12180128.wav,3
/USERSPACE/DATASETS/CodecFake/train/F03_p299_366.wav,3
/USERSPACE/DATASETS/CodecFake/train/F03_SSB04260389.wav,3
/USERSPACE/DATASETS/CodecFake/train/F03_SSB07580154.wav,3
/USERSPACE/DATASETS/CodecFake/train/F03_SSB04820037.wav,3
/USERSPACE/DATASETS/CodecFake/train/F03_SSB00570032.wav,3
/USERSPACE/DATASETS/CodecFake/train/F03_SSB07480336.wav,3
/USERSPACE/DATASETS/CodecFake/train/F03_p275_230.wav,3
/USERSPACE/DATASETS/CodecFake/train/F03_SSB00800062.wav,3
/USERSPACE/DATASETS/CodecFake/train/F03_SSB12740354.wav,3
/USERSPACE/DATASETS/CodecFake/train/F03_p247_070.wav,3
/USERSPACE/DATASETS/CodecFake/train/F03_SSB15630097.wav,3
/USERSPACE/DATASETS/CodecFake/train/F03_SSB03940206.wav,3
/USERSPACE/DATASETS/CodecFake/train/F03_p233_079.wav,3
/USERSPACE/DATASETS/CodecFake/train/F03_SSB16990035.wav,3
/USERSPACE/DATASETS/CodecFake/train/F03_p302_007.wav,3
/USERSPACE/DATASETS/CodecFake/train/F03_SSB09660111.wav,3
/USERSPACE/DATASETS/CodecFake/train/F03_p306_298.wav,3
/USERSPACE/DATASETS/CodecFake/train/F03_SSB07840137.wav,3
/USERSPACE/DATASETS/CodecFake/train/F03_p293_040.wav,3
/USERSPACE/DATASETS/CodecFake/train/F03_SSB18460365.wav,3
/USERSPACE/DATASETS/CodecFake/train/F03_SSB09930417.wav,3
/USERSPACE/DATASETS/CodecFake/train/F03_p301_089.wav,3
/USERSPACE/DATASETS/CodecFake/train/F03_SSB18060129.wav,3
/USERSPACE/DATASETS/CodecFake/train/F03_SSB03420201.wav,3
/USERSPACE/DATASETS/CodecFake/train/F03_p272_235.wav,3
/USERSPACE/DATASETS/CodecFake/train/F03_p336_178.wav,3
/USERSPACE/DATASETS/CodecFake/train/F03_SSB10720392.wav,3
/USERSPACE/DATASETS/CodecFake/train/F03_SSB02460350.wav,3
/USERSPACE/DATASETS/CodecFake/train/F03_SSB09660299.wav,3
/USERSPACE/DATASETS/CodecFake/train/F03_SSB00800228.wav,3
/USERSPACE/DATASETS/CodecFake/train/F03_p252_149.wav,3
/USERSPACE/DATASETS/CodecFake/train/F03_SSB04070155.wav,3
/USERSPACE/DATASETS/CodecFake/train/F03_p308_216.wav,3
/USERSPACE/DATASETS/CodecFake/train/F03_SSB07600084.wav,3
/USERSPACE/DATASETS/CodecFake/train/F03_SSB08630427.wav,3
/USERSPACE/DATASETS/CodecFake/train/F03_SSB07110318.wav,3
/USERSPACE/DATASETS/CodecFake/train/F03_SSB01930359.wav,3
/USERSPACE/DATASETS/CodecFake/train/F03_p258_057.wav,3
/USERSPACE/DATASETS/CodecFake/train/F03_SSB16070281.wav,3
/USERSPACE/DATASETS/CodecFake/train/F03_SSB07230179.wav,3
/USERSPACE/DATASETS/CodecFake/train/F03_SSB03380200.wav,3
/USERSPACE/DATASETS/CodecFake/train/F03_p277_270.wav,3
/USERSPACE/DATASETS/CodecFake/train/F03_p267_186.wav,3
/USERSPACE/DATASETS/CodecFake/train/F03_SSB16840025.wav,3
/USERSPACE/DATASETS/CodecFake/train/F03_p308_140.wav,3
/USERSPACE/DATASETS/CodecFake/train/F03_SSB10960154.wav,3
/USERSPACE/DATASETS/CodecFake/train/F03_SSB10720255.wav,3
/USERSPACE/DATASETS/CodecFake/train/F03_SSB00050310.wav,3
/USERSPACE/DATASETS/CodecFake/train/F03_p307_292.wav,3
/USERSPACE/DATASETS/CodecFake/train/F03_SSB06030466.wav,3
/USERSPACE/DATASETS/CodecFake/train/F03_SSB06060450.wav,3
/USERSPACE/DATASETS/CodecFake/train/F03_SSB18280288.wav,3
/USERSPACE/DATASETS/CodecFake/train/F03_SSB04260268.wav,3
/USERSPACE/DATASETS/CodecFake/train/F03_p253_232.wav,3
/USERSPACE/DATASETS/CodecFake/train/F03_p231_063.wav,3
/USERSPACE/DATASETS/CodecFake/train/F03_SSB06070221.wav,3
/USERSPACE/DATASETS/CodecFake/train/F03_SSB06010300.wav,3
/USERSPACE/DATASETS/CodecFake/train/F03_SSB00180507.wav,3
/USERSPACE/DATASETS/CodecFake/train/F03_SSB17820273.wav,3
/USERSPACE/DATASETS/CodecFake/train/F03_SSB09150074.wav,3
/USERSPACE/DATASETS/CodecFake/train/F03_p264_450.wav,3
/USERSPACE/DATASETS/CodecFake/train/F03_p336_128.wav,3
/USERSPACE/DATASETS/CodecFake/train/F03_p276_185.wav,3
/USERSPACE/DATASETS/CodecFake/train/F03_p240_295.wav,3
/USERSPACE/DATASETS/CodecFake/train/F03_SSB02410282.wav,3
/USERSPACE/DATASETS/CodecFake/train/F03_SSB18910254.wav,3
/USERSPACE/DATASETS/CodecFake/train/F03_SSB07510314.wav,3
/USERSPACE/DATASETS/CodecFake/train/F03_SSB14310393.wav,3
/USERSPACE/DATASETS/CodecFake/train/F03_SSB09350300.wav,3
/USERSPACE/DATASETS/CodecFake/train/F03_p304_310.wav,3
/USERSPACE/DATASETS/CodecFake/train/F03_SSB00180489.wav,3
/USERSPACE/DATASETS/CodecFake/train/F03_SSB16250285.wav,3
/USERSPACE/DATASETS/CodecFake/train/F03_p310_003.wav,3
/USERSPACE/DATASETS/CodecFake/train/F03_p243_066.wav,3
/USERSPACE/DATASETS/CodecFake/train/F03_SSB06010053.wav,3
/USERSPACE/DATASETS/CodecFake/train/F03_SSB07940353.wav,3
/USERSPACE/DATASETS/CodecFake/train/F03_SSB06010125.wav,3
/USERSPACE/DATASETS/CodecFake/train/F03_SSB12190060.wav,3
/USERSPACE/DATASETS/CodecFake/train/F03_SSB04700313.wav,3
/USERSPACE/DATASETS/CodecFake/train/F03_SSB07490006.wav,3
/USERSPACE/DATASETS/CodecFake/train/F03_SSB13400278.wav,3
/USERSPACE/DATASETS/CodecFake/train/F03_SSB06290003.wav,3
/USERSPACE/DATASETS/CodecFake/train/F03_SSB03390500.wav,3
/USERSPACE/DATASETS/CodecFake/train/F03_SSB09190313.wav,3
/USERSPACE/DATASETS/CodecFake/train/F03_SSB01220165.wav,3
/USERSPACE/DATASETS/CodecFake/train/F03_SSB03950077.wav,3
/USERSPACE/DATASETS/CodecFake/train/F03_SSB16840199.wav,3
/USERSPACE/DATASETS/CodecFake/train/F03_SSB06030377.wav,3
/USERSPACE/DATASETS/CodecFake/train/F03_SSB05940322.wav,3
/USERSPACE/DATASETS/CodecFake/train/F03_SSB00380038.wav,3
/USERSPACE/DATASETS/CodecFake/train/F03_SSB03420205.wav,3
/USERSPACE/DATASETS/CodecFake/train/F03_SSB04070432.wav,3
/USERSPACE/DATASETS/CodecFake/train/F03_p341_224.wav,3
/USERSPACE/DATASETS/CodecFake/train/F03_SSB03800081.wav,3
/USERSPACE/DATASETS/CodecFake/train/F03_SSB04340147.wav,3
/USERSPACE/DATASETS/CodecFake/train/F03_SSB07480133.wav,3
/USERSPACE/DATASETS/CodecFake/train/F03_p271_233.wav,3
/USERSPACE/DATASETS/CodecFake/train/F03_SSB03540224.wav,3
/USERSPACE/DATASETS/CodecFake/train/F03_SSB07460395.wav,3
/USERSPACE/DATASETS/CodecFake/train/F03_p313_032.wav,3
/USERSPACE/DATASETS/CodecFake/train/F03_p225_113.wav,3
/USERSPACE/DATASETS/CodecFake/train/F03_p286_354.wav,3
/USERSPACE/DATASETS/CodecFake/train/F03_SSB06290425.wav,3
/USERSPACE/DATASETS/CodecFake/train/F03_p248_065.wav,3
/USERSPACE/DATASETS/CodecFake/train/F03_SSB01930353.wav,3
/USERSPACE/DATASETS/CodecFake/train/F03_p248_246.wav,3
/USERSPACE/DATASETS/CodecFake/train/F03_p248_136.wav,3
/USERSPACE/DATASETS/CodecFake/train/F03_SSB07100243.wav,3
/USERSPACE/DATASETS/CodecFake/train/F03_SSB15630266.wav,3
/USERSPACE/DATASETS/CodecFake/train/F03_SSB11310446.wav,3
/USERSPACE/DATASETS/CodecFake/train/F03_SSB10020129.wav,3
/USERSPACE/DATASETS/CodecFake/train/F03_SSB11610327.wav,3
/USERSPACE/DATASETS/CodecFake/train/F03_SSB06060091.wav,3
/USERSPACE/DATASETS/CodecFake/train/F03_SSB08220197.wav,3
/USERSPACE/DATASETS/CodecFake/train/F03_SSB18910356.wav,3
/USERSPACE/DATASETS/CodecFake/train/F03_SSB18090058.wav,3
/USERSPACE/DATASETS/CodecFake/train/F03_SSB15930433.wav,3
/USERSPACE/DATASETS/CodecFake/train/F03_SSB11360150.wav,3
/USERSPACE/DATASETS/CodecFake/train/F03_SSB06320415.wav,3
/USERSPACE/DATASETS/CodecFake/train/F03_SSB14310108.wav,3
/USERSPACE/DATASETS/CodecFake/train/F03_SSB03850076.wav,3
/USERSPACE/DATASETS/CodecFake/train/F03_SSB13220250.wav,3
/USERSPACE/DATASETS/CodecFake/train/F03_SSB04820159.wav,3
/USERSPACE/DATASETS/CodecFake/train/F03_SSB13280341.wav,3
/USERSPACE/DATASETS/CodecFake/train/F03_p304_415.wav,3
/USERSPACE/DATASETS/CodecFake/train/F03_SSB00570181.wav,3
/USERSPACE/DATASETS/CodecFake/train/F03_p295_052.wav,3
/USERSPACE/DATASETS/CodecFake/train/F03_SSB08710031.wav,3
/USERSPACE/DATASETS/CodecFake/train/F03_p345_039.wav,3
/USERSPACE/DATASETS/CodecFake/train/F03_SSB03150092.wav,3
/USERSPACE/DATASETS/CodecFake/train/F03_SSB06860273.wav,3
/USERSPACE/DATASETS/CodecFake/train/F03_p231_085.wav,3
/USERSPACE/DATASETS/CodecFake/train/F03_p345_253.wav,3
/USERSPACE/DATASETS/CodecFake/train/F03_p299_084.wav,3
/USERSPACE/DATASETS/CodecFake/train/F03_p261_243.wav,3
/USERSPACE/DATASETS/CodecFake/train/F03_p335_210.wav,3
/USERSPACE/DATASETS/CodecFake/train/F03_p323_015.wav,3
/USERSPACE/DATASETS/CodecFake/train/F03_p253_109.wav,3
/USERSPACE/DATASETS/CodecFake/train/F03_SSB07800209.wav,3
/USERSPACE/DATASETS/CodecFake/train/F03_p307_326.wav,3
/USERSPACE/DATASETS/CodecFake/train/F03_p234_279.wav,3
/USERSPACE/DATASETS/CodecFake/train/F03_SSB03660309.wav,3
/USERSPACE/DATASETS/CodecFake/train/F03_p294_102.wav,3
/USERSPACE/DATASETS/CodecFake/train/F03_SSB17810319.wav,3
/USERSPACE/DATASETS/CodecFake/train/F03_SSB03380026.wav,3
/USERSPACE/DATASETS/CodecFake/train/F03_SSB00090477.wav,3
/USERSPACE/DATASETS/CodecFake/train/F03_SSB08220124.wav,3
/USERSPACE/DATASETS/CodecFake/train/F03_p268_205.wav,3
/USERSPACE/DATASETS/CodecFake/train/F03_SSB00430308.wav,3
/USERSPACE/DATASETS/CodecFake/train/F03_SSB06070354.wav,3
/USERSPACE/DATASETS/CodecFake/train/F03_SSB06660196.wav,3
/USERSPACE/DATASETS/CodecFake/train/F03_SSB05990029.wav,3
/USERSPACE/DATASETS/CodecFake/train/F03_p229_165.wav,3
/USERSPACE/DATASETS/CodecFake/train/F03_SSB10960391.wav,3
/USERSPACE/DATASETS/CodecFake/train/F03_SSB10640387.wav,3
/USERSPACE/DATASETS/CodecFake/train/F03_SSB02610149.wav,3
/USERSPACE/DATASETS/CodecFake/train/F03_SSB04700301.wav,3
/USERSPACE/DATASETS/CodecFake/train/F03_p315_319.wav,3
/USERSPACE/DATASETS/CodecFake/train/F03_p232_204.wav,3
/USERSPACE/DATASETS/CodecFake/train/F03_SSB18630306.wav,3
/USERSPACE/DATASETS/CodecFake/train/F03_SSB00180128.wav,3
/USERSPACE/DATASETS/CodecFake/train/F03_SSB07100211.wav,3
/USERSPACE/DATASETS/CodecFake/train/F03_p277_207.wav,3
/USERSPACE/DATASETS/CodecFake/train/F03_p259_154.wav,3
/USERSPACE/DATASETS/CodecFake/train/F03_SSB00730225.wav,3
/USERSPACE/DATASETS/CodecFake/train/F03_p312_277.wav,3
/USERSPACE/DATASETS/CodecFake/train/F03_p259_448.wav,3
/USERSPACE/DATASETS/CodecFake/train/F03_SSB15670209.wav,3
/USERSPACE/DATASETS/CodecFake/train/F03_SSB18780152.wav,3
/USERSPACE/DATASETS/CodecFake/train/F03_p265_101.wav,3
/USERSPACE/DATASETS/CodecFake/train/F03_SSB15670169.wav,3
/USERSPACE/DATASETS/CodecFake/train/F03_p253_051.wav,3
/USERSPACE/DATASETS/CodecFake/train/F03_SSB04340144.wav,3
/USERSPACE/DATASETS/CodecFake/train/F03_p226_324.wav,3
/USERSPACE/DATASETS/CodecFake/train/F03_SSB05020440.wav,3
/USERSPACE/DATASETS/CodecFake/train/F03_SSB02880011.wav,3
/USERSPACE/DATASETS/CodecFake/train/F03_p284_287.wav,3
/USERSPACE/DATASETS/CodecFake/train/F03_SSB03850086.wav,3
/USERSPACE/DATASETS/CodecFake/train/F03_SSB00330142.wav,3
/USERSPACE/DATASETS/CodecFake/train/F03_SSB03090413.wav,3
/USERSPACE/DATASETS/CodecFake/train/F03_p335_253.wav,3
/USERSPACE/DATASETS/CodecFake/train/F03_SSB07780504.wav,3
/USERSPACE/DATASETS/CodecFake/train/F03_p226_272.wav,3
/USERSPACE/DATASETS/CodecFake/train/F03_SSB00120480.wav,3
/USERSPACE/DATASETS/CodecFake/train/F03_p255_180.wav,3
/USERSPACE/DATASETS/CodecFake/train/F03_SSB10240135.wav,3
/USERSPACE/DATASETS/CodecFake/train/F03_SSB03850185.wav,3
/USERSPACE/DATASETS/CodecFake/train/F03_SSB12190157.wav,3
/USERSPACE/DATASETS/CodecFake/train/F03_SSB08510359.wav,3
/USERSPACE/DATASETS/CodecFake/train/F03_SSB18310138.wav,3
/USERSPACE/DATASETS/CodecFake/train/F03_p303_270.wav,3
/USERSPACE/DATASETS/CodecFake/train/F03_p247_111.wav,3
/USERSPACE/DATASETS/CodecFake/train/F03_p258_384.wav,3
/USERSPACE/DATASETS/CodecFake/train/F03_p308_053.wav,3
/USERSPACE/DATASETS/CodecFake/train/F03_p285_249.wav,3
/USERSPACE/DATASETS/CodecFake/train/F03_p250_090.wav,3
/USERSPACE/DATASETS/CodecFake/train/F03_SSB18090331.wav,3
/USERSPACE/DATASETS/CodecFake/train/F03_p284_134.wav,3
/USERSPACE/DATASETS/CodecFake/train/F03_p272_109.wav,3
/USERSPACE/DATASETS/CodecFake/train/F03_SSB16240111.wav,3
/USERSPACE/DATASETS/CodecFake/train/F03_SSB03940421.wav,3
/USERSPACE/DATASETS/CodecFake/train/F03_SSB05880162.wav,3
/USERSPACE/DATASETS/CodecFake/train/F03_p347_069.wav,3
/USERSPACE/DATASETS/CodecFake/train/F03_SSB00730441.wav,3
/USERSPACE/DATASETS/CodecFake/train/F03_SSB01450081.wav,3
/USERSPACE/DATASETS/CodecFake/train/F03_p308_117.wav,3
/USERSPACE/DATASETS/CodecFake/train/F03_SSB07620038.wav,3
/USERSPACE/DATASETS/CodecFake/train/F03_SSB11360162.wav,3
/USERSPACE/DATASETS/CodecFake/train/F03_SSB07460215.wav,3
/USERSPACE/DATASETS/CodecFake/train/F03_p255_100.wav,3
/USERSPACE/DATASETS/CodecFake/train/F03_SSB00050460.wav,3
/USERSPACE/DATASETS/CodecFake/train/F03_SSB06860083.wav,3
/USERSPACE/DATASETS/CodecFake/train/F03_SSB16240093.wav,3
/USERSPACE/DATASETS/CodecFake/train/F03_p339_271.wav,3
/USERSPACE/DATASETS/CodecFake/train/F03_SSB11360274.wav,3
/USERSPACE/DATASETS/CodecFake/train/F03_p345_136.wav,3
/USERSPACE/DATASETS/CodecFake/train/F03_SSB00570281.wav,3
/USERSPACE/DATASETS/CodecFake/train/F03_SSB13220363.wav,3
/USERSPACE/DATASETS/CodecFake/train/F03_SSB14480223.wav,3
/USERSPACE/DATASETS/CodecFake/train/F03_SSB01930407.wav,3
/USERSPACE/DATASETS/CodecFake/train/F03_SSB18370056.wav,3
/USERSPACE/DATASETS/CodecFake/train/F03_SSB04350411.wav,3
/USERSPACE/DATASETS/CodecFake/train/F03_SSB06320326.wav,3
/USERSPACE/DATASETS/CodecFake/train/F03_SSB19390311.wav,3
/USERSPACE/DATASETS/CodecFake/train/F03_SSB00430055.wav,3
/USERSPACE/DATASETS/CodecFake/train/F03_p262_127.wav,3
/USERSPACE/DATASETS/CodecFake/train/F03_SSB17450227.wav,3
/USERSPACE/DATASETS/CodecFake/train/F03_SSB16700245.wav,3
/USERSPACE/DATASETS/CodecFake/train/F03_p239_390.wav,3
/USERSPACE/DATASETS/CodecFake/train/F03_p263_354.wav,3
/USERSPACE/DATASETS/CodecFake/train/F03_p310_248.wav,3
/USERSPACE/DATASETS/CodecFake/train/F03_SSB17110083.wav,3
/USERSPACE/DATASETS/CodecFake/train/F03_p273_152.wav,3
/USERSPACE/DATASETS/CodecFake/train/F03_p361_402.wav,3
/USERSPACE/DATASETS/CodecFake/train/F03_SSB03230158.wav,3
/USERSPACE/DATASETS/CodecFake/train/F03_p259_395.wav,3
/USERSPACE/DATASETS/CodecFake/train/F03_SSB02410263.wav,3
/USERSPACE/DATASETS/CodecFake/train/F03_SSB03390167.wav,3
/USERSPACE/DATASETS/CodecFake/train/F03_SSB05340358.wav,3
/USERSPACE/DATASETS/CodecFake/train/F03_SSB16250198.wav,3
/USERSPACE/DATASETS/CodecFake/train/F03_p312_314.wav,3
/USERSPACE/DATASETS/CodecFake/train/F03_SSB00330026.wav,3
/USERSPACE/DATASETS/CodecFake/train/F03_SSB07100098.wav,3
/USERSPACE/DATASETS/CodecFake/train/F03_p347_384.wav,3
/USERSPACE/DATASETS/CodecFake/train/F03_SSB08510229.wav,3
/USERSPACE/DATASETS/CodecFake/train/F03_p307_178.wav,3
/USERSPACE/DATASETS/CodecFake/train/F03_SSB00570013.wav,3
/USERSPACE/DATASETS/CodecFake/train/F03_p275_306.wav,3
/USERSPACE/DATASETS/CodecFake/train/F03_SSB02730189.wav,3
/USERSPACE/DATASETS/CodecFake/train/F03_SSB09130406.wav,3
/USERSPACE/DATASETS/CodecFake/train/F03_p302_190.wav,3
/USERSPACE/DATASETS/CodecFake/train/F03_p266_050.wav,3
/USERSPACE/DATASETS/CodecFake/train/F03_p278_080.wav,3
/USERSPACE/DATASETS/CodecFake/train/F03_SSB05440429.wav,3
/USERSPACE/DATASETS/CodecFake/train/F03_p284_258.wav,3
/USERSPACE/DATASETS/CodecFake/train/F03_p310_139.wav,3
/USERSPACE/DATASETS/CodecFake/train/F03_SSB02460437.wav,3
/USERSPACE/DATASETS/CodecFake/train/F03_SSB00330063.wav,3
/USERSPACE/DATASETS/CodecFake/train/F03_SSB03410220.wav,3
/USERSPACE/DATASETS/CodecFake/train/F03_p300_075.wav,3
/USERSPACE/DATASETS/CodecFake/train/F03_SSB10910404.wav,3
/USERSPACE/DATASETS/CodecFake/train/F03_p312_116.wav,3
/USERSPACE/DATASETS/CodecFake/train/F03_SSB10500162.wav,3
/USERSPACE/DATASETS/CodecFake/train/F03_p285_345.wav,3
/USERSPACE/DATASETS/CodecFake/train/F03_p311_351.wav,3
/USERSPACE/DATASETS/CodecFake/train/F03_SSB02730162.wav,3
/USERSPACE/DATASETS/CodecFake/train/F03_SSB05700389.wav,3
/USERSPACE/DATASETS/CodecFake/train/F03_p259_104.wav,3
/USERSPACE/DATASETS/CodecFake/train/F03_p247_449.wav,3
/USERSPACE/DATASETS/CodecFake/train/F03_SSB10960436.wav,3
/USERSPACE/DATASETS/CodecFake/train/F03_p269_384.wav,3
/USERSPACE/DATASETS/CodecFake/train/F03_SSB13920027.wav,3
/USERSPACE/DATASETS/CodecFake/train/F03_p343_098.wav,3
/USERSPACE/DATASETS/CodecFake/train/F03_SSB08710131.wav,3
/USERSPACE/DATASETS/CodecFake/train/F03_SSB19180146.wav,3
/USERSPACE/DATASETS/CodecFake/train/F03_p364_152.wav,3
/USERSPACE/DATASETS/CodecFake/train/F03_SSB00570330.wav,3
/USERSPACE/DATASETS/CodecFake/train/F03_p228_134.wav,3
/USERSPACE/DATASETS/CodecFake/train/F03_p308_180.wav,3
/USERSPACE/DATASETS/CodecFake/train/F03_SSB01490412.wav,3
/USERSPACE/DATASETS/CodecFake/train/F03_SSB15550103.wav,3
/USERSPACE/DATASETS/CodecFake/train/F03_p341_092.wav,3
/USERSPACE/DATASETS/CodecFake/train/F03_p364_267.wav,3
/USERSPACE/DATASETS/CodecFake/train/F03_p336_109.wav,3
/USERSPACE/DATASETS/CodecFake/train/F03_p264_145.wav,3
/USERSPACE/DATASETS/CodecFake/train/F03_SSB13220023.wav,3
/USERSPACE/DATASETS/CodecFake/train/F03_SSB00090334.wav,3
/USERSPACE/DATASETS/CodecFake/train/F03_SSB01450357.wav,3
/USERSPACE/DATASETS/CodecFake/train/F03_SSB18720099.wav,3
/USERSPACE/DATASETS/CodecFake/train/F03_p238_001.wav,3
/USERSPACE/DATASETS/CodecFake/train/F03_SSB00730398.wav,3
/USERSPACE/DATASETS/CodecFake/train/F03_SSB00430281.wav,3
/USERSPACE/DATASETS/CodecFake/train/F03_SSB07940005.wav,3
/USERSPACE/DATASETS/CodecFake/train/F03_SSB01970273.wav,3
/USERSPACE/DATASETS/CodecFake/train/F03_SSB19180208.wav,3
/USERSPACE/DATASETS/CodecFake/train/F03_SSB04350513.wav,3
/USERSPACE/DATASETS/CodecFake/train/F03_SSB03800282.wav,3
/USERSPACE/DATASETS/CodecFake/train/F03_p341_357.wav,3
/USERSPACE/DATASETS/CodecFake/train/F03_SSB10960338.wav,3
/USERSPACE/DATASETS/CodecFake/train/F03_SSB07480157.wav,3
/USERSPACE/DATASETS/CodecFake/train/F03_SSB00570406.wav,3
/USERSPACE/DATASETS/CodecFake/train/F03_SSB14570158.wav,3
/USERSPACE/DATASETS/CodecFake/train/F03_SSB07580017.wav,3
/USERSPACE/DATASETS/CodecFake/train/F03_SSB17280296.wav,3
/USERSPACE/DATASETS/CodecFake/train/F03_p330_166.wav,3
/USERSPACE/DATASETS/CodecFake/train/F03_p281_399.wav,3
/USERSPACE/DATASETS/CodecFake/train/F03_SSB06070276.wav,3
/USERSPACE/DATASETS/CodecFake/train/F03_SSB09930428.wav,3
/USERSPACE/DATASETS/CodecFake/train/F03_SSB15630038.wav,3
/USERSPACE/DATASETS/CodecFake/train/F03_SSB12530137.wav,3
/USERSPACE/DATASETS/CodecFake/train/F03_SSB07580223.wav,3
/USERSPACE/DATASETS/CodecFake/train/F03_p228_317.wav,3
/USERSPACE/DATASETS/CodecFake/train/F03_SSB09150296.wav,3
/USERSPACE/DATASETS/CodecFake/train/F03_SSB06860110.wav,3
/USERSPACE/DATASETS/CodecFake/train/F03_SSB19180320.wav,3
/USERSPACE/DATASETS/CodecFake/train/F03_SSB16250116.wav,3
/USERSPACE/DATASETS/CodecFake/train/F03_SSB07860054.wav,3
/USERSPACE/DATASETS/CodecFake/train/F03_SSB11870314.wav,3
/USERSPACE/DATASETS/CodecFake/train/F03_SSB07940403.wav,3
/USERSPACE/DATASETS/CodecFake/train/F03_SSB00090397.wav,3
/USERSPACE/DATASETS/CodecFake/train/F03_p269_081.wav,3
/USERSPACE/DATASETS/CodecFake/train/F03_p297_219.wav,3
/USERSPACE/DATASETS/CodecFake/train/F03_SSB13650435.wav,3
/USERSPACE/DATASETS/CodecFake/train/F03_SSB11760148.wav,3
/USERSPACE/DATASETS/CodecFake/train/F03_SSB07230444.wav,3
/USERSPACE/DATASETS/CodecFake/train/F03_p298_346.wav,3
/USERSPACE/DATASETS/CodecFake/train/F03_p287_073.wav,3
/USERSPACE/DATASETS/CodecFake/train/F03_p303_328.wav,3
/USERSPACE/DATASETS/CodecFake/train/F03_SSB13930132.wav,3
/USERSPACE/DATASETS/CodecFake/train/F03_p287_025.wav,3
/USERSPACE/DATASETS/CodecFake/train/F03_SSB18280142.wav,3
/USERSPACE/DATASETS/CodecFake/train/F03_p243_034.wav,3
/USERSPACE/DATASETS/CodecFake/train/F03_SSB05780223.wav,3
/USERSPACE/DATASETS/CodecFake/train/F03_p268_387.wav,3
/USERSPACE/DATASETS/CodecFake/train/F03_SSB13220248.wav,3
/USERSPACE/DATASETS/CodecFake/train/F03_p240_105.wav,3
/USERSPACE/DATASETS/CodecFake/train/F03_SSB18060440.wav,3
/USERSPACE/DATASETS/CodecFake/train/F03_SSB07600508.wav,3
/USERSPACE/DATASETS/CodecFake/train/F03_p362_331.wav,3
/USERSPACE/DATASETS/CodecFake/train/F03_SSB09930309.wav,3
/USERSPACE/DATASETS/CodecFake/train/F03_SSB05990007.wav,3
/USERSPACE/DATASETS/CodecFake/train/F03_SSB06230114.wav,3
/USERSPACE/DATASETS/CodecFake/train/F03_SSB03230169.wav,3
/USERSPACE/DATASETS/CodecFake/train/F03_SSB07460379.wav,3
/USERSPACE/DATASETS/CodecFake/train/F03_p301_297.wav,3
/USERSPACE/DATASETS/CodecFake/train/F03_p351_146.wav,3
/USERSPACE/DATASETS/CodecFake/train/F03_SSB03660252.wav,3
/USERSPACE/DATASETS/CodecFake/train/F03_SSB04820480.wav,3
/USERSPACE/DATASETS/CodecFake/train/F03_SSB13660184.wav,3
/USERSPACE/DATASETS/CodecFake/train/F03_p279_168.wav,3
/USERSPACE/DATASETS/CodecFake/train/F03_SSB15850184.wav,3
/USERSPACE/DATASETS/CodecFake/train/F03_SSB06320216.wav,3
/USERSPACE/DATASETS/CodecFake/train/F03_SSB08220033.wav,3
/USERSPACE/DATASETS/CodecFake/train/F03_SSB09660425.wav,3
/USERSPACE/DATASETS/CodecFake/train/F03_p360_415.wav,3
/USERSPACE/DATASETS/CodecFake/train/F03_SSB03790284.wav,3
/USERSPACE/DATASETS/CodecFake/train/F03_SSB18100302.wav,3
/USERSPACE/DATASETS/CodecFake/train/F03_SSB00380172.wav,3
/USERSPACE/DATASETS/CodecFake/train/F03_p245_189.wav,3
/USERSPACE/DATASETS/CodecFake/train/F03_SSB06930371.wav,3
/USERSPACE/DATASETS/CodecFake/train/F03_SSB05340397.wav,3
/USERSPACE/DATASETS/CodecFake/train/F03_SSB09130310.wav,3
/USERSPACE/DATASETS/CodecFake/train/F03_p281_175.wav,3
/USERSPACE/DATASETS/CodecFake/train/F03_SSB04150317.wav,3
/USERSPACE/DATASETS/CodecFake/train/F03_SSB03150035.wav,3
/USERSPACE/DATASETS/CodecFake/train/F03_p297_117.wav,3
/USERSPACE/DATASETS/CodecFake/train/F03_SSB18280020.wav,3
/USERSPACE/DATASETS/CodecFake/train/F03_p308_286.wav,3
/USERSPACE/DATASETS/CodecFake/train/F03_SSB01120337.wav,3
/USERSPACE/DATASETS/CodecFake/train/F03_SSB19020365.wav,3
/USERSPACE/DATASETS/CodecFake/train/F03_SSB00110069.wav,3
/USERSPACE/DATASETS/CodecFake/train/F03_SSB07580436.wav,3
/USERSPACE/DATASETS/CodecFake/train/F03_SSB11310117.wav,3
/USERSPACE/DATASETS/CodecFake/train/F03_SSB10720006.wav,3
/USERSPACE/DATASETS/CodecFake/train/F03_SSB11000243.wav,3
/USERSPACE/DATASETS/CodecFake/train/F03_SSB15750326.wav,3
/USERSPACE/DATASETS/CodecFake/train/F03_SSB14570191.wav,3
/USERSPACE/DATASETS/CodecFake/train/F03_p334_276.wav,3
/USERSPACE/DATASETS/CodecFake/train/F03_p304_100.wav,3
/USERSPACE/DATASETS/CodecFake/train/F03_p310_146.wav,3
/USERSPACE/DATASETS/CodecFake/train/F03_p341_339.wav,3
/USERSPACE/DATASETS/CodecFake/train/F03_SSB03950021.wav,3
/USERSPACE/DATASETS/CodecFake/train/F03_SSB15930124.wav,3
/USERSPACE/DATASETS/CodecFake/train/F03_SSB11100202.wav,3
/USERSPACE/DATASETS/CodecFake/train/F03_p286_318.wav,3
/USERSPACE/DATASETS/CodecFake/train/F03_p329_240.wav,3
/USERSPACE/DATASETS/CodecFake/train/F03_SSB07020110.wav,3
/USERSPACE/DATASETS/CodecFake/train/F03_SSB03660490.wav,3
/USERSPACE/DATASETS/CodecFake/train/F03_SSB17390380.wav,3
/USERSPACE/DATASETS/CodecFake/train/F03_p293_150.wav,3
/USERSPACE/DATASETS/CodecFake/train/F03_p244_266.wav,3
/USERSPACE/DATASETS/CodecFake/train/F03_SSB00160259.wav,3
/USERSPACE/DATASETS/CodecFake/train/F03_SSB01930301.wav,3
/USERSPACE/DATASETS/CodecFake/train/F03_SSB18630106.wav,3
/USERSPACE/DATASETS/CodecFake/train/F03_SSB10720340.wav,3
/USERSPACE/DATASETS/CodecFake/train/F03_SSB19390097.wav,3
/USERSPACE/DATASETS/CodecFake/train/F03_p351_159.wav,3
/USERSPACE/DATASETS/CodecFake/train/F03_SSB13770482.wav,3
/USERSPACE/DATASETS/CodecFake/train/F03_p340_017.wav,3
/USERSPACE/DATASETS/CodecFake/train/F03_SSB05700349.wav,3
/USERSPACE/DATASETS/CodecFake/train/F03_SSB13650103.wav,3
/USERSPACE/DATASETS/CodecFake/train/F03_SSB06860142.wav,3
/USERSPACE/DATASETS/CodecFake/train/F03_SSB01390374.wav,3
/USERSPACE/DATASETS/CodecFake/train/F03_SSB13830051.wav,3
/USERSPACE/DATASETS/CodecFake/train/F03_SSB03160150.wav,3
/USERSPACE/DATASETS/CodecFake/train/F03_p314_341.wav,3
/USERSPACE/DATASETS/CodecFake/train/F03_p294_244.wav,3
/USERSPACE/DATASETS/CodecFake/train/F03_SSB17390412.wav,3
/USERSPACE/DATASETS/CodecFake/train/F03_SSB14480187.wav,3
/USERSPACE/DATASETS/CodecFake/train/F03_p267_275.wav,3
/USERSPACE/DATASETS/CodecFake/train/F03_SSB07000377.wav,3
/USERSPACE/DATASETS/CodecFake/train/F03_SSB16070247.wav,3
/USERSPACE/DATASETS/CodecFake/train/F03_p226_258.wav,3
/USERSPACE/DATASETS/CodecFake/train/F03_SSB08510172.wav,3
/USERSPACE/DATASETS/CodecFake/train/F03_p275_237.wav,3
/USERSPACE/DATASETS/CodecFake/train/F03_SSB15930263.wav,3
/USERSPACE/DATASETS/CodecFake/train/F03_SSB14520104.wav,3
/USERSPACE/DATASETS/CodecFake/train/F03_p334_158.wav,3
/USERSPACE/DATASETS/CodecFake/train/F03_SSB02730311.wav,3
/USERSPACE/DATASETS/CodecFake/train/F03_SSB11310196.wav,3
/USERSPACE/DATASETS/CodecFake/train/F03_SSB04270385.wav,3
/USERSPACE/DATASETS/CodecFake/train/F03_SSB03790167.wav,3
/USERSPACE/DATASETS/CodecFake/train/F03_SSB01450132.wav,3
/USERSPACE/DATASETS/CodecFake/train/F03_SSB09350231.wav,3
/USERSPACE/DATASETS/CodecFake/train/F03_p351_112.wav,3
/USERSPACE/DATASETS/CodecFake/train/F03_SSB06010456.wav,3
/USERSPACE/DATASETS/CodecFake/train/F03_SSB18320196.wav,3
/USERSPACE/DATASETS/CodecFake/train/F03_p335_423.wav,3
/USERSPACE/DATASETS/CodecFake/train/F03_SSB06710263.wav,3
/USERSPACE/DATASETS/CodecFake/train/F03_SSB03660126.wav,3
/USERSPACE/DATASETS/CodecFake/train/F03_SSB13410158.wav,3
/USERSPACE/DATASETS/CodecFake/train/F03_p292_212.wav,3
/USERSPACE/DATASETS/CodecFake/train/F03_p241_063.wav,3
/USERSPACE/DATASETS/CodecFake/train/F03_SSB07490457.wav,3
/USERSPACE/DATASETS/CodecFake/train/F03_SSB12190455.wav,3
/USERSPACE/DATASETS/CodecFake/train/F03_p274_203.wav,3
/USERSPACE/DATASETS/CodecFake/train/F03_SSB16240085.wav,3
/USERSPACE/DATASETS/CodecFake/train/F03_SSB06660269.wav,3
/USERSPACE/DATASETS/CodecFake/train/F03_p273_395.wav,3
/USERSPACE/DATASETS/CodecFake/train/F03_p306_230.wav,3
/USERSPACE/DATASETS/CodecFake/train/F03_p336_272.wav,3
/USERSPACE/DATASETS/CodecFake/train/F03_SSB01930042.wav,3
/USERSPACE/DATASETS/CodecFake/train/F03_SSB00090254.wav,3
/USERSPACE/DATASETS/CodecFake/train/F03_p374_135.wav,3
/USERSPACE/DATASETS/CodecFake/train/F03_SSB03540068.wav,3
/USERSPACE/DATASETS/CodecFake/train/F03_p376_152.wav,3
/USERSPACE/DATASETS/CodecFake/train/F03_p256_045.wav,3
/USERSPACE/DATASETS/CodecFake/train/F03_SSB03410392.wav,3
/USERSPACE/DATASETS/CodecFake/train/F03_SSB02460266.wav,3
/USERSPACE/DATASETS/CodecFake/train/F03_SSB06660491.wav,3
/USERSPACE/DATASETS/CodecFake/train/F03_SSB09350419.wav,3
/USERSPACE/DATASETS/CodecFake/train/F03_SSB05020458.wav,3
/USERSPACE/DATASETS/CodecFake/train/F03_SSB09190352.wav,3
/USERSPACE/DATASETS/CodecFake/train/F03_p300_165.wav,3
/USERSPACE/DATASETS/CodecFake/train/F03_SSB08220235.wav,3
/USERSPACE/DATASETS/CodecFake/train/F03_p284_289.wav,3
/USERSPACE/DATASETS/CodecFake/train/F03_SSB13410081.wav,3
/USERSPACE/DATASETS/CodecFake/train/F03_SSB05340327.wav,3
/USERSPACE/DATASETS/CodecFake/train/F03_SSB02610121.wav,3
/USERSPACE/DATASETS/CodecFake/train/F03_SSB11870331.wav,3
/USERSPACE/DATASETS/CodecFake/train/F03_SSB07100125.wav,3
/USERSPACE/DATASETS/CodecFake/train/F03_SSB05880378.wav,3
/USERSPACE/DATASETS/CodecFake/train/F03_p245_283.wav,3
/USERSPACE/DATASETS/CodecFake/train/F03_SSB19350442.wav,3
/USERSPACE/DATASETS/CodecFake/train/F03_SSB00570480.wav,3
/USERSPACE/DATASETS/CodecFake/train/F03_SSB01450234.wav,3
/USERSPACE/DATASETS/CodecFake/train/F03_SSB03800235.wav,3
/USERSPACE/DATASETS/CodecFake/train/F03_SSB07100286.wav,3
/USERSPACE/DATASETS/CodecFake/train/F03_p303_277.wav,3
/USERSPACE/DATASETS/CodecFake/train/F03_SSB03790279.wav,3
/USERSPACE/DATASETS/CodecFake/train/F03_SSB05390481.wav,3
/USERSPACE/DATASETS/CodecFake/train/F03_SSB06070009.wav,3
/USERSPACE/DATASETS/CodecFake/train/F03_SSB18780077.wav,3
/USERSPACE/DATASETS/CodecFake/train/F03_p250_412.wav,3
/USERSPACE/DATASETS/CodecFake/train/F03_SSB10560007.wav,3
/USERSPACE/DATASETS/CodecFake/train/F03_p301_053.wav,3
/USERSPACE/DATASETS/CodecFake/train/F03_SSB03850057.wav,3
/USERSPACE/DATASETS/CodecFake/train/F03_SSB15930415.wav,3
/USERSPACE/DATASETS/CodecFake/train/F03_p326_253.wav,3
/USERSPACE/DATASETS/CodecFake/train/F03_p233_209.wav,3
/USERSPACE/DATASETS/CodecFake/train/F03_SSB19560348.wav,3
/USERSPACE/DATASETS/CodecFake/train/F03_SSB03940286.wav,3
/USERSPACE/DATASETS/CodecFake/train/F03_SSB03390289.wav,3
/USERSPACE/DATASETS/CodecFake/train/F03_p362_133.wav,3
/USERSPACE/DATASETS/CodecFake/train/F03_p293_234.wav,3
/USERSPACE/DATASETS/CodecFake/train/F03_SSB16700046.wav,3
/USERSPACE/DATASETS/CodecFake/train/F03_p239_037.wav,3
/USERSPACE/DATASETS/CodecFake/train/F03_p360_409.wav,3
/USERSPACE/DATASETS/CodecFake/train/F03_p261_011.wav,3
/USERSPACE/DATASETS/CodecFake/train/F03_SSB01120353.wav,3
/USERSPACE/DATASETS/CodecFake/train/F03_SSB03150157.wav,3
/USERSPACE/DATASETS/CodecFake/train/F03_SSB13920282.wav,3
/USERSPACE/DATASETS/CodecFake/train/F03_p297_237.wav,3
/USERSPACE/DATASETS/CodecFake/train/F03_SSB04820469.wav,3
/USERSPACE/DATASETS/CodecFake/train/F03_SSB19020334.wav,3
/USERSPACE/DATASETS/CodecFake/train/F03_p298_360.wav,3
/USERSPACE/DATASETS/CodecFake/train/F03_SSB13200141.wav,3
/USERSPACE/DATASETS/CodecFake/train/F03_p273_013.wav,3
/USERSPACE/DATASETS/CodecFake/train/F03_SSB11380236.wav,3
/USERSPACE/DATASETS/CodecFake/train/F03_SSB19350363.wav,3
/USERSPACE/DATASETS/CodecFake/train/F03_SSB10000342.wav,3
/USERSPACE/DATASETS/CodecFake/train/F03_SSB07490164.wav,3
/USERSPACE/DATASETS/CodecFake/train/F03_p231_110.wav,3
/USERSPACE/DATASETS/CodecFake/train/F03_SSB19350120.wav,3
/USERSPACE/DATASETS/CodecFake/train/F03_SSB07170383.wav,3
/USERSPACE/DATASETS/CodecFake/train/F03_p273_388.wav,3
/USERSPACE/DATASETS/CodecFake/train/F03_SSB14080301.wav,3
/USERSPACE/DATASETS/CodecFake/train/F03_SSB18320033.wav,3
/USERSPACE/DATASETS/CodecFake/train/F03_SSB05020235.wav,3
/USERSPACE/DATASETS/CodecFake/train/F03_p257_108.wav,3
/USERSPACE/DATASETS/CodecFake/train/F03_SSB02610332.wav,3
/USERSPACE/DATASETS/CodecFake/train/F03_SSB13400203.wav,3
/USERSPACE/DATASETS/CodecFake/train/F03_SSB02460134.wav,3
/USERSPACE/DATASETS/CodecFake/train/F03_SSB09150319.wav,3
/USERSPACE/DATASETS/CodecFake/train/F03_SSB10910427.wav,3
/USERSPACE/DATASETS/CodecFake/train/F03_SSB07020493.wav,3
/USERSPACE/DATASETS/CodecFake/train/F03_p276_157.wav,3
/USERSPACE/DATASETS/CodecFake/train/F03_SSB07360064.wav,3
/USERSPACE/DATASETS/CodecFake/train/F03_SSB03410331.wav,3
/USERSPACE/DATASETS/CodecFake/train/F03_SSB03930144.wav,3
/USERSPACE/DATASETS/CodecFake/train/F03_p286_305.wav,3
/USERSPACE/DATASETS/CodecFake/train/F03_SSB13220496.wav,3
/USERSPACE/DATASETS/CodecFake/train/F03_SSB08090035.wav,3
/USERSPACE/DATASETS/CodecFake/train/F03_p363_322.wav,3
/USERSPACE/DATASETS/CodecFake/train/F03_SSB16070451.wav,3
/USERSPACE/DATASETS/CodecFake/train/F03_SSB06070491.wav,3
/USERSPACE/DATASETS/CodecFake/train/F03_SSB02460073.wav,3
/USERSPACE/DATASETS/CodecFake/train/F03_SSB06010322.wav,3
/USERSPACE/DATASETS/CodecFake/train/F03_p305_415.wav,3
/USERSPACE/DATASETS/CodecFake/train/F03_p230_148.wav,3
/USERSPACE/DATASETS/CodecFake/train/F03_p318_210.wav,3
/USERSPACE/DATASETS/CodecFake/train/F03_SSB17820012.wav,3
/USERSPACE/DATASETS/CodecFake/train/F03_SSB01970043.wav,3
/USERSPACE/DATASETS/CodecFake/train/F03_p255_039.wav,3
/USERSPACE/DATASETS/CodecFake/train/F03_SSB11360183.wav,3
/USERSPACE/DATASETS/CodecFake/train/F03_SSB10200388.wav,3
/USERSPACE/DATASETS/CodecFake/train/F03_p303_222.wav,3
/USERSPACE/DATASETS/CodecFake/train/F03_SSB04070422.wav,3
/USERSPACE/DATASETS/CodecFake/train/F03_SSB10500234.wav,3
/USERSPACE/DATASETS/CodecFake/train/F03_p233_281.wav,3
/USERSPACE/DATASETS/CodecFake/train/F03_SSB06140016.wav,3
/USERSPACE/DATASETS/CodecFake/train/F03_SSB11150221.wav,3
/USERSPACE/DATASETS/CodecFake/train/F03_SSB11250348.wav,3
/USERSPACE/DATASETS/CodecFake/train/F03_p275_336.wav,3
/USERSPACE/DATASETS/CodecFake/train/F03_SSB06010469.wav,3
/USERSPACE/DATASETS/CodecFake/train/F03_p240_129.wav,3
/USERSPACE/DATASETS/CodecFake/train/F03_SSB02610182.wav,3
/USERSPACE/DATASETS/CodecFake/train/F03_SSB05350374.wav,3
/USERSPACE/DATASETS/CodecFake/train/F03_SSB10910029.wav,3
/USERSPACE/DATASETS/CodecFake/train/F03_SSB13990339.wav,3
/USERSPACE/DATASETS/CodecFake/train/F03_p253_045.wav,3
/USERSPACE/DATASETS/CodecFake/train/F03_SSB17280092.wav,3
/USERSPACE/DATASETS/CodecFake/train/F03_SSB09870431.wav,3
/USERSPACE/DATASETS/CodecFake/train/F03_SSB10560223.wav,3
/USERSPACE/DATASETS/CodecFake/train/F03_SSB03420241.wav,3
/USERSPACE/DATASETS/CodecFake/train/F03_SSB06860233.wav,3
/USERSPACE/DATASETS/CodecFake/train/F03_SSB13220330.wav,3
/USERSPACE/DATASETS/CodecFake/train/F03_SSB17590111.wav,3
/USERSPACE/DATASETS/CodecFake/train/F03_p314_056.wav,3
/USERSPACE/DATASETS/CodecFake/train/F03_SSB04070243.wav,3
/USERSPACE/DATASETS/CodecFake/train/F03_p264_300.wav,3
/USERSPACE/DATASETS/CodecFake/train/F03_SSB16500419.wav,3
/USERSPACE/DATASETS/CodecFake/train/F03_SSB17450299.wav,3
/USERSPACE/DATASETS/CodecFake/train/F03_p287_037.wav,3
/USERSPACE/DATASETS/CodecFake/train/F03_SSB03540146.wav,3
/USERSPACE/DATASETS/CodecFake/train/F03_SSB02460199.wav,3
/USERSPACE/DATASETS/CodecFake/train/F03_p283_197.wav,3
/USERSPACE/DATASETS/CodecFake/train/F03_p339_038.wav,3
/USERSPACE/DATASETS/CodecFake/train/F03_p351_304.wav,3
/USERSPACE/DATASETS/CodecFake/train/F03_SSB02870135.wav,3
/USERSPACE/DATASETS/CodecFake/train/F03_p298_152.wav,3
/USERSPACE/DATASETS/CodecFake/train/F03_SSB07580091.wav,3
/USERSPACE/DATASETS/CodecFake/train/F03_SSB06680452.wav,3
/USERSPACE/DATASETS/CodecFake/train/F03_SSB07840184.wav,3
/USERSPACE/DATASETS/CodecFake/train/F03_SSB12150098.wav,3
/USERSPACE/DATASETS/CodecFake/train/F03_SSB02610122.wav,3
/USERSPACE/DATASETS/CodecFake/train/F03_p311_366.wav,3
/USERSPACE/DATASETS/CodecFake/train/F03_p275_214.wav,3
/USERSPACE/DATASETS/CodecFake/train/F03_SSB13770342.wav,3
/USERSPACE/DATASETS/CodecFake/train/F03_p305_078.wav,3
/USERSPACE/DATASETS/CodecFake/train/F03_SSB06290380.wav,3
/USERSPACE/DATASETS/CodecFake/train/F03_SSB07460186.wav,3
/USERSPACE/DATASETS/CodecFake/train/F03_SSB09870364.wav,3
/USERSPACE/DATASETS/CodecFake/train/F03_p317_130.wav,3
/USERSPACE/DATASETS/CodecFake/train/F03_p275_274.wav,3
/USERSPACE/DATASETS/CodecFake/train/F03_SSB16070459.wav,3
/USERSPACE/DATASETS/CodecFake/train/F03_SSB04350458.wav,3
/USERSPACE/DATASETS/CodecFake/train/F03_SSB16240280.wav,3
/USERSPACE/DATASETS/CodecFake/train/F03_p294_259.wav,3
/USERSPACE/DATASETS/CodecFake/train/F03_SSB06660059.wav,3
/USERSPACE/DATASETS/CodecFake/train/F03_SSB09190392.wav,3
/USERSPACE/DATASETS/CodecFake/train/F03_SSB07160394.wav,3
/USERSPACE/DATASETS/CodecFake/train/F03_SSB10640482.wav,3
/USERSPACE/DATASETS/CodecFake/train/F03_SSB03930425.wav,3
/USERSPACE/DATASETS/CodecFake/train/F03_p227_215.wav,3
/USERSPACE/DATASETS/CodecFake/train/F03_SSB06070502.wav,3
/USERSPACE/DATASETS/CodecFake/train/F03_p262_273.wav,3
/USERSPACE/DATASETS/CodecFake/train/F03_p240_366.wav,3
/USERSPACE/DATASETS/CodecFake/train/F03_SSB03540023.wav,3
/USERSPACE/DATASETS/CodecFake/train/F03_SSB03410219.wav,3
/USERSPACE/DATASETS/CodecFake/train/F03_SSB00570383.wav,3
/USERSPACE/DATASETS/CodecFake/train/F03_p294_333.wav,3
/USERSPACE/DATASETS/CodecFake/train/F03_SSB10550208.wav,3
/USERSPACE/DATASETS/CodecFake/train/F03_p270_357.wav,3
/USERSPACE/DATASETS/CodecFake/train/F03_SSB08710111.wav,3
/USERSPACE/DATASETS/CodecFake/train/F03_SSB03090398.wav,3
/USERSPACE/DATASETS/CodecFake/train/F03_SSB03420407.wav,3
/USERSPACE/DATASETS/CodecFake/train/F03_p236_146.wav,3
/USERSPACE/DATASETS/CodecFake/train/F03_SSB16240014.wav,3
/USERSPACE/DATASETS/CodecFake/train/F03_SSB15930120.wav,3
/USERSPACE/DATASETS/CodecFake/train/F03_p241_108.wav,3
/USERSPACE/DATASETS/CodecFake/train/F03_SSB03070413.wav,3
/USERSPACE/DATASETS/CodecFake/train/F03_p238_138.wav,3
/USERSPACE/DATASETS/CodecFake/train/F03_SSB07620099.wav,3
/USERSPACE/DATASETS/CodecFake/train/F03_p343_245.wav,3
/USERSPACE/DATASETS/CodecFake/train/F03_SSB12160287.wav,3
/USERSPACE/DATASETS/CodecFake/train/F03_p292_235.wav,3
/USERSPACE/DATASETS/CodecFake/train/F03_SSB08870340.wav,3
/USERSPACE/DATASETS/CodecFake/train/F03_SSB07480475.wav,3
/USERSPACE/DATASETS/CodecFake/train/F03_p231_282.wav,3
/USERSPACE/DATASETS/CodecFake/train/F03_p347_274.wav,3
/USERSPACE/DATASETS/CodecFake/train/F03_p247_049.wav,3
/USERSPACE/DATASETS/CodecFake/train/F03_p281_166.wav,3
/USERSPACE/DATASETS/CodecFake/train/F03_p265_029.wav,3
/USERSPACE/DATASETS/CodecFake/train/F03_SSB03390440.wav,3
/USERSPACE/DATASETS/CodecFake/train/F03_p257_415.wav,3
/USERSPACE/DATASETS/CodecFake/train/F03_p268_132.wav,3
/USERSPACE/DATASETS/CodecFake/train/F03_SSB03850100.wav,3
/USERSPACE/DATASETS/CodecFake/train/F03_SSB06310233.wav,3
/USERSPACE/DATASETS/CodecFake/train/F03_SSB13850380.wav,3
/USERSPACE/DATASETS/CodecFake/train/F03_SSB11000147.wav,3
/USERSPACE/DATASETS/CodecFake/train/F03_SSB02610447.wav,3
/USERSPACE/DATASETS/CodecFake/train/F03_SSB06660032.wav,3
/USERSPACE/DATASETS/CodecFake/train/F03_p362_010.wav,3
/USERSPACE/DATASETS/CodecFake/train/F03_SSB11360306.wav,3
/USERSPACE/DATASETS/CodecFake/train/F03_SSB07000196.wav,3
/USERSPACE/DATASETS/CodecFake/train/F03_p275_356.wav,3
/USERSPACE/DATASETS/CodecFake/train/F03_SSB01970466.wav,3
/USERSPACE/DATASETS/CodecFake/train/F03_SSB01450285.wav,3
/USERSPACE/DATASETS/CodecFake/train/F03_SSB10910134.wav,3
/USERSPACE/DATASETS/CodecFake/train/F03_SSB03660396.wav,3
/USERSPACE/DATASETS/CodecFake/train/F03_SSB02460092.wav,3
/USERSPACE/DATASETS/CodecFake/train/F03_SSB11360031.wav,3
/USERSPACE/DATASETS/CodecFake/train/F03_SSB02730064.wav,3
/USERSPACE/DATASETS/CodecFake/train/F03_SSB12180470.wav,3
/USERSPACE/DATASETS/CodecFake/train/F03_SSB03800240.wav,3
/USERSPACE/DATASETS/CodecFake/train/F03_SSB18720439.wav,3
/USERSPACE/DATASETS/CodecFake/train/F03_SSB03930282.wav,3
/USERSPACE/DATASETS/CodecFake/train/F03_SSB11380070.wav,3
/USERSPACE/DATASETS/CodecFake/train/F03_SSB18910432.wav,3
/USERSPACE/DATASETS/CodecFake/train/F03_SSB07860120.wav,3
/USERSPACE/DATASETS/CodecFake/train/F03_SSB05700342.wav,3
/USERSPACE/DATASETS/CodecFake/train/F03_p312_113.wav,3
/USERSPACE/DATASETS/CodecFake/train/F03_SSB15670265.wav,3
/USERSPACE/DATASETS/CodecFake/train/F03_p232_333.wav,3
/USERSPACE/DATASETS/CodecFake/train/F03_SSB07510149.wav,3
/USERSPACE/DATASETS/CodecFake/train/F03_SSB15630121.wav,3
/USERSPACE/DATASETS/CodecFake/train/F03_SSB06660150.wav,3
/USERSPACE/DATASETS/CodecFake/train/F03_SSB03380016.wav,3
/USERSPACE/DATASETS/CodecFake/train/F03_SSB07460498.wav,3
/USERSPACE/DATASETS/CodecFake/train/F03_SSB10960244.wav,3
/USERSPACE/DATASETS/CodecFake/train/F03_p269_053.wav,3
/USERSPACE/DATASETS/CodecFake/train/F03_SSB01330043.wav,3
/USERSPACE/DATASETS/CodecFake/train/F03_p343_023.wav,3
/USERSPACE/DATASETS/CodecFake/train/F03_SSB13770337.wav,3
/USERSPACE/DATASETS/CodecFake/train/F03_SSB11310014.wav,3
/USERSPACE/DATASETS/CodecFake/train/F03_p341_016.wav,3
/USERSPACE/DATASETS/CodecFake/train/F03_SSB03160403.wav,3
/USERSPACE/DATASETS/CodecFake/train/F03_p247_340.wav,3
/USERSPACE/DATASETS/CodecFake/train/F03_SSB12180116.wav,3
/USERSPACE/DATASETS/CodecFake/train/F03_p283_155.wav,3
/USERSPACE/DATASETS/CodecFake/train/F03_p333_408.wav,3
/USERSPACE/DATASETS/CodecFake/train/F03_p285_124.wav,3
/USERSPACE/DATASETS/CodecFake/train/F03_p232_332.wav,3
/USERSPACE/DATASETS/CodecFake/train/F03_SSB02990275.wav,3
/USERSPACE/DATASETS/CodecFake/train/F03_p225_220.wav,3
/USERSPACE/DATASETS/CodecFake/train/F03_p253_034.wav,3
/USERSPACE/DATASETS/CodecFake/train/F03_SSB00430026.wav,3
/USERSPACE/DATASETS/CodecFake/train/F03_SSB07860297.wav,3
/USERSPACE/DATASETS/CodecFake/train/F03_SSB01490055.wav,3
/USERSPACE/DATASETS/CodecFake/train/F03_p316_353.wav,3
/USERSPACE/DATASETS/CodecFake/train/F03_SSB17110339.wav,3
/USERSPACE/DATASETS/CodecFake/train/F03_SSB00090489.wav,3
/USERSPACE/DATASETS/CodecFake/train/F03_SSB16700173.wav,3
/USERSPACE/DATASETS/CodecFake/train/F03_p329_139.wav,3
/USERSPACE/DATASETS/CodecFake/train/F03_SSB14020467.wav,3
/USERSPACE/DATASETS/CodecFake/train/F03_SSB07620149.wav,3
/USERSPACE/DATASETS/CodecFake/train/F03_p267_369.wav,3
/USERSPACE/DATASETS/CodecFake/train/F03_SSB13650481.wav,3
/USERSPACE/DATASETS/CodecFake/train/F03_SSB14570308.wav,3
/USERSPACE/DATASETS/CodecFake/train/F03_SSB05650159.wav,3
/USERSPACE/DATASETS/CodecFake/train/F03_p264_412.wav,3
/USERSPACE/DATASETS/CodecFake/train/F03_p284_415.wav,3
/USERSPACE/DATASETS/CodecFake/train/F03_SSB19560274.wav,3
/USERSPACE/DATASETS/CodecFake/train/F03_p236_286.wav,3
/USERSPACE/DATASETS/CodecFake/train/F03_SSB08710458.wav,3
/USERSPACE/DATASETS/CodecFake/train/F03_p323_111.wav,3
/USERSPACE/DATASETS/CodecFake/train/F03_SSB03750457.wav,3
/USERSPACE/DATASETS/CodecFake/train/F03_SSB18720252.wav,3
/USERSPACE/DATASETS/CodecFake/train/F03_SSB05900428.wav,3
/USERSPACE/DATASETS/CodecFake/train/F03_p326_229.wav,3
/USERSPACE/DATASETS/CodecFake/train/F03_SSB03800116.wav,3
/USERSPACE/DATASETS/CodecFake/train/F03_p304_060.wav,3
/USERSPACE/DATASETS/CodecFake/train/F03_SSB09930383.wav,3
/USERSPACE/DATASETS/CodecFake/train/F03_SSB05900047.wav,3
/USERSPACE/DATASETS/CodecFake/train/F03_SSB06070488.wav,3
/USERSPACE/DATASETS/CodecFake/train/F03_SSB00050112.wav,3
/USERSPACE/DATASETS/CodecFake/train/F03_SSB04260079.wav,3
/USERSPACE/DATASETS/CodecFake/train/F03_SSB06660431.wav,3
/USERSPACE/DATASETS/CodecFake/train/F03_p266_303.wav,3
/USERSPACE/DATASETS/CodecFake/train/F03_SSB07100265.wav,3
/USERSPACE/DATASETS/CodecFake/train/F03_p275_280.wav,3
/USERSPACE/DATASETS/CodecFake/train/F03_p274_074.wav,3
/USERSPACE/DATASETS/CodecFake/train/F03_SSB05390440.wav,3
/USERSPACE/DATASETS/CodecFake/train/F03_SSB15670375.wav,3
/USERSPACE/DATASETS/CodecFake/train/F03_SSB00330170.wav,3
/USERSPACE/DATASETS/CodecFake/train/F03_SSB13820055.wav,3
/USERSPACE/DATASETS/CodecFake/train/F03_SSB06140346.wav,3
/USERSPACE/DATASETS/CodecFake/train/F03_SSB07360021.wav,3
/USERSPACE/DATASETS/CodecFake/train/F03_SSB02670070.wav,3
/USERSPACE/DATASETS/CodecFake/train/F03_p299_014.wav,3
/USERSPACE/DATASETS/CodecFake/train/F03_SSB07020071.wav,3
/USERSPACE/DATASETS/CodecFake/train/F03_p283_037.wav,3
/USERSPACE/DATASETS/CodecFake/train/F03_SSB13930028.wav,3
/USERSPACE/DATASETS/CodecFake/train/F03_p258_060.wav,3
/USERSPACE/DATASETS/CodecFake/train/F03_p288_338.wav,3
/USERSPACE/DATASETS/CodecFake/train/F03_SSB09190042.wav,3
/USERSPACE/DATASETS/CodecFake/train/F03_p226_332.wav,3
/USERSPACE/DATASETS/CodecFake/train/F03_SSB06680368.wav,3
/USERSPACE/DATASETS/CodecFake/train/F03_p246_017.wav,3
/USERSPACE/DATASETS/CodecFake/train/F03_SSB02460023.wav,3
/USERSPACE/DATASETS/CodecFake/train/F03_SSB03950375.wav,3
/USERSPACE/DATASETS/CodecFake/train/F03_SSB02000084.wav,3
/USERSPACE/DATASETS/CodecFake/train/F03_SSB12160335.wav,3
/USERSPACE/DATASETS/CodecFake/train/F03_SSB00730283.wav,3
/USERSPACE/DATASETS/CodecFake/train/F03_SSB06310187.wav,3
/USERSPACE/DATASETS/CodecFake/train/F03_SSB07200375.wav,3
/USERSPACE/DATASETS/CodecFake/train/F03_SSB11610260.wav,3
/USERSPACE/DATASETS/CodecFake/train/F03_p279_392.wav,3
/USERSPACE/DATASETS/CodecFake/train/F03_p264_431.wav,3
/USERSPACE/DATASETS/CodecFake/train/F03_SSB13220495.wav,3
/USERSPACE/DATASETS/CodecFake/train/F03_p298_103.wav,3
/USERSPACE/DATASETS/CodecFake/train/F03_SSB07490492.wav,3
/USERSPACE/DATASETS/CodecFake/train/F03_p276_235.wav,3
/USERSPACE/DATASETS/CodecFake/train/F03_SSB11000320.wav,3
/USERSPACE/DATASETS/CodecFake/train/F03_p363_056.wav,3
/USERSPACE/DATASETS/CodecFake/train/F03_SSB06070084.wav,3
/USERSPACE/DATASETS/CodecFake/train/F03_SSB01930382.wav,3
/USERSPACE/DATASETS/CodecFake/train/F03_p269_345.wav,3
/USERSPACE/DATASETS/CodecFake/train/F03_p260_152.wav,3
/USERSPACE/DATASETS/CodecFake/train/F03_p280_304.wav,3
/USERSPACE/DATASETS/CodecFake/train/F03_SSB01970253.wav,3
/USERSPACE/DATASETS/CodecFake/train/F03_SSB11310176.wav,3
/USERSPACE/DATASETS/CodecFake/train/F03_p248_017.wav,3
/USERSPACE/DATASETS/CodecFake/train/F03_SSB03800156.wav,3
/USERSPACE/DATASETS/CodecFake/train/F03_p280_324.wav,3
/USERSPACE/DATASETS/CodecFake/train/F03_SSB18910447.wav,3
/USERSPACE/DATASETS/CodecFake/train/F03_SSB16860282.wav,3
/USERSPACE/DATASETS/CodecFake/train/F03_p237_240.wav,3
/USERSPACE/DATASETS/CodecFake/train/F03_SSB16300049.wav,3
/USERSPACE/DATASETS/CodecFake/train/F03_p339_147.wav,3
/USERSPACE/DATASETS/CodecFake/train/F03_SSB01330119.wav,3
/USERSPACE/DATASETS/CodecFake/train/F03_SSB10960353.wav,3
/USERSPACE/DATASETS/CodecFake/train/F03_SSB00160482.wav,3
/USERSPACE/DATASETS/CodecFake/train/F03_SSB10720313.wav,3
/USERSPACE/DATASETS/CodecFake/train/F03_SSB04270410.wav,3
/USERSPACE/DATASETS/CodecFake/train/F03_p277_344.wav,3
/USERSPACE/DATASETS/CodecFake/train/F03_SSB14570275.wav,3
/USERSPACE/DATASETS/CodecFake/train/F03_SSB02410157.wav,3
/USERSPACE/DATASETS/CodecFake/train/F03_p230_222.wav,3
/USERSPACE/DATASETS/CodecFake/train/F03_p254_239.wav,3
/USERSPACE/DATASETS/CodecFake/train/F03_SSB05990022.wav,3
/USERSPACE/DATASETS/CodecFake/train/F03_SSB03420289.wav,3
/USERSPACE/DATASETS/CodecFake/train/F03_p300_121.wav,3
/USERSPACE/DATASETS/CodecFake/train/F03_SSB07370212.wav,3
/USERSPACE/DATASETS/CodecFake/train/F03_p249_204.wav,3
/USERSPACE/DATASETS/CodecFake/train/F03_SSB03380134.wav,3
/USERSPACE/DATASETS/CodecFake/train/F03_p245_038.wav,3
/USERSPACE/DATASETS/CodecFake/train/F03_p361_423.wav,3
/USERSPACE/DATASETS/CodecFake/train/F03_SSB17280150.wav,3
/USERSPACE/DATASETS/CodecFake/train/F03_SSB12160475.wav,3
/USERSPACE/DATASETS/CodecFake/train/F03_p298_010.wav,3
/USERSPACE/DATASETS/CodecFake/train/F03_SSB19020009.wav,3
/USERSPACE/DATASETS/CodecFake/train/F03_SSB18310480.wav,3
/USERSPACE/DATASETS/CodecFake/train/F03_p272_372.wav,3
/USERSPACE/DATASETS/CodecFake/train/F03_SSB11260220.wav,3
/USERSPACE/DATASETS/CodecFake/train/F03_SSB10550482.wav,3
/USERSPACE/DATASETS/CodecFake/train/F03_SSB10640244.wav,3
/USERSPACE/DATASETS/CodecFake/train/F03_SSB14080327.wav,3
/USERSPACE/DATASETS/CodecFake/train/F03_SSB06680404.wav,3
/USERSPACE/DATASETS/CodecFake/train/F03_p300_399.wav,3
/USERSPACE/DATASETS/CodecFake/train/F03_SSB17110137.wav,3
/USERSPACE/DATASETS/CodecFake/train/F03_SSB13990320.wav,3
/USERSPACE/DATASETS/CodecFake/train/F03_SSB13850055.wav,3
/USERSPACE/DATASETS/CodecFake/train/F03_p340_418.wav,3
/USERSPACE/DATASETS/CodecFake/train/F03_SSB07110225.wav,3
/USERSPACE/DATASETS/CodecFake/train/F03_SSB02870434.wav,3
/USERSPACE/DATASETS/CodecFake/train/F03_SSB14570393.wav,3
/USERSPACE/DATASETS/CodecFake/train/F03_SSB08220199.wav,3
/USERSPACE/DATASETS/CodecFake/train/F03_SSB07100240.wav,3
/USERSPACE/DATASETS/CodecFake/train/F03_SSB06680489.wav,3
/USERSPACE/DATASETS/CodecFake/train/F03_p285_303.wav,3
/USERSPACE/DATASETS/CodecFake/train/F03_p257_418.wav,3
/USERSPACE/DATASETS/CodecFake/train/F03_SSB08870123.wav,3
/USERSPACE/DATASETS/CodecFake/train/F03_SSB06070019.wav,3
/USERSPACE/DATASETS/CodecFake/train/F03_p334_400.wav,3
/USERSPACE/DATASETS/CodecFake/train/F03_p232_354.wav,3
/USERSPACE/DATASETS/CodecFake/train/F03_SSB10240401.wav,3
/USERSPACE/DATASETS/CodecFake/train/F03_SSB07360157.wav,3
/USERSPACE/DATASETS/CodecFake/train/F03_p239_368.wav,3
/USERSPACE/DATASETS/CodecFake/train/F03_p287_088.wav,3
/USERSPACE/DATASETS/CodecFake/train/F03_SSB05350119.wav,3
/USERSPACE/DATASETS/CodecFake/train/F03_SSB06710365.wav,3
/USERSPACE/DATASETS/CodecFake/train/F03_SSB00050119.wav,3
/USERSPACE/DATASETS/CodecFake/train/F03_SSB13220453.wav,3
/USERSPACE/DATASETS/CodecFake/train/F03_SSB07200310.wav,3
/USERSPACE/DATASETS/CodecFake/train/F03_SSB04350282.wav,3
/USERSPACE/DATASETS/CodecFake/train/F03_p307_289.wav,3
/USERSPACE/DATASETS/CodecFake/train/F03_SSB07020416.wav,3
/USERSPACE/DATASETS/CodecFake/train/F03_p293_167.wav,3
/USERSPACE/DATASETS/CodecFake/train/F03_SSB03750136.wav,3
/USERSPACE/DATASETS/CodecFake/train/F03_SSB03160023.wav,3
/USERSPACE/DATASETS/CodecFake/train/F03_SSB04350351.wav,3
/USERSPACE/DATASETS/CodecFake/train/F03_SSB04340299.wav,3
/USERSPACE/DATASETS/CodecFake/train/F03_SSB10720431.wav,3
/USERSPACE/DATASETS/CodecFake/train/F03_SSB12390286.wav,3
/USERSPACE/DATASETS/CodecFake/train/F03_SSB07600340.wav,3
/USERSPACE/DATASETS/CodecFake/train/F03_SSB01450410.wav,3
/USERSPACE/DATASETS/CodecFake/train/F03_SSB13650414.wav,3
/USERSPACE/DATASETS/CodecFake/train/F03_p286_282.wav,3
/USERSPACE/DATASETS/CodecFake/train/F03_SSB19350460.wav,3
/USERSPACE/DATASETS/CodecFake/train/F03_SSB01330095.wav,3
/USERSPACE/DATASETS/CodecFake/train/F03_p301_257.wav,3
/USERSPACE/DATASETS/CodecFake/train/F03_SSB06030257.wav,3
/USERSPACE/DATASETS/CodecFake/train/F03_SSB13990072.wav,3
/USERSPACE/DATASETS/CodecFake/train/F03_p236_279.wav,3
/USERSPACE/DATASETS/CodecFake/train/F03_p265_122.wav,3
/USERSPACE/DATASETS/CodecFake/train/F03_p326_238.wav,3
/USERSPACE/DATASETS/CodecFake/train/F03_SSB07600420.wav,3
/USERSPACE/DATASETS/CodecFake/train/F03_SSB03930447.wav,3
/USERSPACE/DATASETS/CodecFake/train/F03_p308_269.wav,3
/USERSPACE/DATASETS/CodecFake/train/F03_SSB03850355.wav,3
/USERSPACE/DATASETS/CodecFake/train/F03_SSB12210170.wav,3
/USERSPACE/DATASETS/CodecFake/train/F03_p295_095.wav,3
/USERSPACE/DATASETS/CodecFake/train/F03_SSB19020415.wav,3
/USERSPACE/DATASETS/CodecFake/train/F03_p329_258.wav,3
/USERSPACE/DATASETS/CodecFake/train/F03_p244_233.wav,3
/USERSPACE/DATASETS/CodecFake/train/F03_p330_055.wav,3
/USERSPACE/DATASETS/CodecFake/train/F03_SSB16840329.wav,3
/USERSPACE/DATASETS/CodecFake/train/F03_p340_302.wav,3
/USERSPACE/DATASETS/CodecFake/train/F03_SSB00050309.wav,3
/USERSPACE/DATASETS/CodecFake/train/F03_p264_152.wav,3
/USERSPACE/DATASETS/CodecFake/train/F03_p270_277.wav,3
/USERSPACE/DATASETS/CodecFake/train/F03_SSB12040361.wav,3
/USERSPACE/DATASETS/CodecFake/train/F03_SSB13920311.wav,3
/USERSPACE/DATASETS/CodecFake/train/F03_SSB10000051.wav,3
/USERSPACE/DATASETS/CodecFake/train/F03_p266_334.wav,3
/USERSPACE/DATASETS/CodecFake/train/F03_SSB15750397.wav,3
/USERSPACE/DATASETS/CodecFake/train/F03_SSB03390073.wav,3
/USERSPACE/DATASETS/CodecFake/train/F03_SSB09660070.wav,3
/USERSPACE/DATASETS/CodecFake/train/F03_SSB09870067.wav,3
/USERSPACE/DATASETS/CodecFake/train/F03_SSB01930384.wav,3
/USERSPACE/DATASETS/CodecFake/train/F03_p229_088.wav,3
/USERSPACE/DATASETS/CodecFake/train/F03_SSB00570236.wav,3
/USERSPACE/DATASETS/CodecFake/train/F03_SSB03410470.wav,3
/USERSPACE/DATASETS/CodecFake/train/F03_SSB12390102.wav,3
/USERSPACE/DATASETS/CodecFake/train/F03_SSB18060117.wav,3
/USERSPACE/DATASETS/CodecFake/train/F03_p317_268.wav,3
/USERSPACE/DATASETS/CodecFake/train/F03_SSB07370147.wav,3
/USERSPACE/DATASETS/CodecFake/train/F03_SSB05940221.wav,3
/USERSPACE/DATASETS/CodecFake/train/F03_p343_021.wav,3
/USERSPACE/DATASETS/CodecFake/train/F03_SSB13410134.wav,3
/USERSPACE/DATASETS/CodecFake/train/F03_p281_377.wav,3
/USERSPACE/DATASETS/CodecFake/train/F03_SSB09350169.wav,3
/USERSPACE/DATASETS/CodecFake/train/F03_p302_220.wav,3
/USERSPACE/DATASETS/CodecFake/train/F03_SSB13850422.wav,3
/USERSPACE/DATASETS/CodecFake/train/F03_p287_278.wav,3
/USERSPACE/DATASETS/CodecFake/train/F03_SSB12390423.wav,3
/USERSPACE/DATASETS/CodecFake/train/F03_SSB11000116.wav,3
/USERSPACE/DATASETS/CodecFake/train/F03_SSB00180305.wav,3
/USERSPACE/DATASETS/CodecFake/train/F03_p345_165.wav,3
/USERSPACE/DATASETS/CodecFake/train/F03_SSB06140112.wav,3
/USERSPACE/DATASETS/CodecFake/train/F03_p258_211.wav,3
/USERSPACE/DATASETS/CodecFake/train/F03_SSB18780477.wav,3
/USERSPACE/DATASETS/CodecFake/train/F03_SSB13400316.wav,3
/USERSPACE/DATASETS/CodecFake/train/F03_SSB07110005.wav,3
/USERSPACE/DATASETS/CodecFake/train/F03_SSB15630158.wav,3
/USERSPACE/DATASETS/CodecFake/train/F03_SSB03930050.wav,3
/USERSPACE/DATASETS/CodecFake/train/F03_SSB04070421.wav,3
/USERSPACE/DATASETS/CodecFake/train/F03_SSB00120034.wav,3
/USERSPACE/DATASETS/CodecFake/train/F03_SSB13280321.wav,3
/USERSPACE/DATASETS/CodecFake/train/F03_p239_379.wav,3
/USERSPACE/DATASETS/CodecFake/train/F03_p262_004.wav,3
/USERSPACE/DATASETS/CodecFake/train/F03_p374_151.wav,3
/USERSPACE/DATASETS/CodecFake/train/F03_SSB11150047.wav,3
/USERSPACE/DATASETS/CodecFake/train/F03_SSB00120451.wav,3
/USERSPACE/DATASETS/CodecFake/train/F03_SSB06680241.wav,3
/USERSPACE/DATASETS/CodecFake/train/F03_SSB13820484.wav,3
/USERSPACE/DATASETS/CodecFake/train/F03_SSB01490290.wav,3
/USERSPACE/DATASETS/CodecFake/train/F03_p247_401.wav,3
/USERSPACE/DATASETS/CodecFake/train/F03_SSB13220355.wav,3
/USERSPACE/DATASETS/CodecFake/train/F03_SSB18280241.wav,3
/USERSPACE/DATASETS/CodecFake/train/F03_SSB09930325.wav,3
/USERSPACE/DATASETS/CodecFake/train/F03_SSB13820217.wav,3
/USERSPACE/DATASETS/CodecFake/train/F03_p259_178.wav,3
/USERSPACE/DATASETS/CodecFake/train/F03_SSB05990391.wav,3
/USERSPACE/DATASETS/CodecFake/train/F03_SSB19020440.wav,3
/USERSPACE/DATASETS/CodecFake/train/F03_SSB19350087.wav,3
/USERSPACE/DATASETS/CodecFake/train/F03_p225_104.wav,3
/USERSPACE/DATASETS/CodecFake/train/F03_SSB03160458.wav,3
/USERSPACE/DATASETS/CodecFake/train/F03_SSB12190028.wav,3
/USERSPACE/DATASETS/CodecFake/train/F03_SSB00090362.wav,3
/USERSPACE/DATASETS/CodecFake/train/F03_p376_130.wav,3
/USERSPACE/DATASETS/CodecFake/train/F03_p243_008.wav,3
/USERSPACE/DATASETS/CodecFake/train/F03_p266_256.wav,3
/USERSPACE/DATASETS/CodecFake/train/F03_SSB10200005.wav,3
/USERSPACE/DATASETS/CodecFake/train/F03_SSB14020130.wav,3
/USERSPACE/DATASETS/CodecFake/train/F03_SSB02610002.wav,3
/USERSPACE/DATASETS/CodecFake/train/F03_SSB03420169.wav,3
/USERSPACE/DATASETS/CodecFake/train/F03_p260_042.wav,3
/USERSPACE/DATASETS/CodecFake/train/F03_p278_205.wav,3
/USERSPACE/DATASETS/CodecFake/train/F03_SSB06930394.wav,3
/USERSPACE/DATASETS/CodecFake/train/F03_p275_215.wav,3
/USERSPACE/DATASETS/CodecFake/train/F03_p308_014.wav,3
/USERSPACE/DATASETS/CodecFake/train/F03_SSB16250286.wav,3
/USERSPACE/DATASETS/CodecFake/train/F03_SSB03160397.wav,3
/USERSPACE/DATASETS/CodecFake/train/F03_SSB05700273.wav,3
/USERSPACE/DATASETS/CodecFake/train/F03_SSB05940341.wav,3
/USERSPACE/DATASETS/CodecFake/train/F03_SSB05900193.wav,3
/USERSPACE/DATASETS/CodecFake/train/F03_p260_060.wav,3
/USERSPACE/DATASETS/CodecFake/train/F03_SSB06030061.wav,3
/USERSPACE/DATASETS/CodecFake/train/F03_SSB06860001.wav,3
/USERSPACE/DATASETS/CodecFake/train/F03_p329_404.wav,3
/USERSPACE/DATASETS/CodecFake/train/F03_SSB18910035.wav,3
/USERSPACE/DATASETS/CodecFake/train/F03_p311_362.wav,3
/USERSPACE/DATASETS/CodecFake/train/F03_SSB07780221.wav,3
/USERSPACE/DATASETS/CodecFake/train/F03_p251_288.wav,3
/USERSPACE/DATASETS/CodecFake/train/F03_SSB18910027.wav,3
/USERSPACE/DATASETS/CodecFake/train/F03_p275_050.wav,3
/USERSPACE/DATASETS/CodecFake/train/F03_p311_131.wav,3
/USERSPACE/DATASETS/CodecFake/train/F03_p343_150.wav,3
/USERSPACE/DATASETS/CodecFake/train/F03_p364_121.wav,3
/USERSPACE/DATASETS/CodecFake/train/F03_SSB09190140.wav,3
/USERSPACE/DATASETS/CodecFake/train/F03_p280_288.wav,3
/USERSPACE/DATASETS/CodecFake/train/F03_SSB00800255.wav,3
/USERSPACE/DATASETS/CodecFake/train/F03_SSB00180073.wav,3
/USERSPACE/DATASETS/CodecFake/train/F03_p333_001.wav,3
/USERSPACE/DATASETS/CodecFake/train/F03_SSB03930201.wav,3
/USERSPACE/DATASETS/CodecFake/train/F03_p259_234.wav,3
/USERSPACE/DATASETS/CodecFake/train/F03_SSB18370279.wav,3
/USERSPACE/DATASETS/CodecFake/train/F03_SSB08090480.wav,3
/USERSPACE/DATASETS/CodecFake/train/F03_p287_312.wav,3
/USERSPACE/DATASETS/CodecFake/train/F03_SSB02880366.wav,3
/USERSPACE/DATASETS/CodecFake/train/F03_SSB18100123.wav,3
/USERSPACE/DATASETS/CodecFake/train/F03_p308_193.wav,3
/USERSPACE/DATASETS/CodecFake/train/F03_p262_045.wav,3
/USERSPACE/DATASETS/CodecFake/train/F03_SSB05440471.wav,3
/USERSPACE/DATASETS/CodecFake/train/F03_SSB00180141.wav,3
/USERSPACE/DATASETS/CodecFake/train/F03_SSB06010240.wav,3
/USERSPACE/DATASETS/CodecFake/train/F03_SSB18280469.wav,3
/USERSPACE/DATASETS/CodecFake/train/F03_SSB01450373.wav,3
/USERSPACE/DATASETS/CodecFake/train/F03_SSB16990374.wav,3
/USERSPACE/DATASETS/CodecFake/train/F03_SSB19350037.wav,3
/USERSPACE/DATASETS/CodecFake/train/F03_p239_105.wav,3
/USERSPACE/DATASETS/CodecFake/train/F03_p364_251.wav,3
/USERSPACE/DATASETS/CodecFake/train/F03_SSB10960364.wav,3
/USERSPACE/DATASETS/CodecFake/train/F03_SSB01220323.wav,3
/USERSPACE/DATASETS/CodecFake/train/F03_SSB03820116.wav,3
/USERSPACE/DATASETS/CodecFake/train/F03_SSB11350154.wav,3
/USERSPACE/DATASETS/CodecFake/train/F03_p241_245.wav,3
/USERSPACE/DATASETS/CodecFake/train/F03_p345_345.wav,3
/USERSPACE/DATASETS/CodecFake/train/F03_p303_294.wav,3
/USERSPACE/DATASETS/CodecFake/train/F03_SSB06070196.wav,3
/USERSPACE/DATASETS/CodecFake/train/F03_SSB07490400.wav,3
/USERSPACE/DATASETS/CodecFake/train/F03_p308_421.wav,3
/USERSPACE/DATASETS/CodecFake/train/F03_p329_045.wav,3
/USERSPACE/DATASETS/CodecFake/train/F03_SSB10550225.wav,3
/USERSPACE/DATASETS/CodecFake/train/F03_p283_330.wav,3
/USERSPACE/DATASETS/CodecFake/train/F03_p267_051.wav,3
/USERSPACE/DATASETS/CodecFake/train/F03_SSB12740438.wav,3
/USERSPACE/DATASETS/CodecFake/train/F03_SSB15550179.wav,3
/USERSPACE/DATASETS/CodecFake/train/F03_SSB01390426.wav,3
/USERSPACE/DATASETS/CodecFake/train/F03_SSB00160441.wav,3
/USERSPACE/DATASETS/CodecFake/train/F03_SSB03800481.wav,3
/USERSPACE/DATASETS/CodecFake/train/F03_SSB19560462.wav,3
/USERSPACE/DATASETS/CodecFake/train/F03_p305_059.wav,3
/USERSPACE/DATASETS/CodecFake/train/F03_p312_261.wav,3
/USERSPACE/DATASETS/CodecFake/train/F03_p333_348.wav,3
/USERSPACE/DATASETS/CodecFake/train/F03_p259_065.wav,3
/USERSPACE/DATASETS/CodecFake/train/F03_p376_149.wav,3
/USERSPACE/DATASETS/CodecFake/train/F03_SSB19560408.wav,3
/USERSPACE/DATASETS/CodecFake/train/F03_SSB03410431.wav,3
/USERSPACE/DATASETS/CodecFake/train/F03_SSB08090148.wav,3
/USERSPACE/DATASETS/CodecFake/train/F03_SSB00180036.wav,3
/USERSPACE/DATASETS/CodecFake/train/F03_SSB07360442.wav,3
/USERSPACE/DATASETS/CodecFake/train/F03_SSB03410123.wav,3
/USERSPACE/DATASETS/CodecFake/train/F03_p292_071.wav,3
/USERSPACE/DATASETS/CodecFake/train/F03_SSB13650166.wav,3
/USERSPACE/DATASETS/CodecFake/train/F03_SSB07230465.wav,3
/USERSPACE/DATASETS/CodecFake/train/F03_SSB07840240.wav,3
/USERSPACE/DATASETS/CodecFake/train/F03_SSB18720047.wav,3
/USERSPACE/DATASETS/CodecFake/train/F03_p310_264.wav,3
/USERSPACE/DATASETS/CodecFake/train/F03_SSB07510450.wav,3
/USERSPACE/DATASETS/CodecFake/train/F03_SSB05020461.wav,3
/USERSPACE/DATASETS/CodecFake/train/F03_SSB18720338.wav,3
/USERSPACE/DATASETS/CodecFake/train/F03_SSB06140284.wav,3
/USERSPACE/DATASETS/CodecFake/train/F03_SSB19020417.wav,3
/USERSPACE/DATASETS/CodecFake/train/F03_p239_497.wav,3
/USERSPACE/DATASETS/CodecFake/train/F03_SSB11870123.wav,3
/USERSPACE/DATASETS/CodecFake/train/F03_SSB16250001.wav,3
/USERSPACE/DATASETS/CodecFake/train/F03_SSB07020058.wav,3
/USERSPACE/DATASETS/CodecFake/train/F03_p234_266.wav,3
/USERSPACE/DATASETS/CodecFake/train/F03_p317_039.wav,3
/USERSPACE/DATASETS/CodecFake/train/F03_p339_057.wav,3
/USERSPACE/DATASETS/CodecFake/train/F03_p254_146.wav,3
/USERSPACE/DATASETS/CodecFake/train/F03_SSB18630325.wav,3
/USERSPACE/DATASETS/CodecFake/train/F03_p306_257.wav,3
/USERSPACE/DATASETS/CodecFake/train/F03_SSB15630304.wav,3
/USERSPACE/DATASETS/CodecFake/train/F03_SSB15550260.wav,3
/USERSPACE/DATASETS/CodecFake/train/F03_SSB11970238.wav,3
/USERSPACE/DATASETS/CodecFake/train/F03_SSB00180355.wav,3
/USERSPACE/DATASETS/CodecFake/train/F03_SSB11150330.wav,3
/USERSPACE/DATASETS/CodecFake/train/F03_p334_191.wav,3
/USERSPACE/DATASETS/CodecFake/train/F03_p362_383.wav,3
/USERSPACE/DATASETS/CodecFake/train/F03_p259_353.wav,3
/USERSPACE/DATASETS/CodecFake/train/F03_SSB01970350.wav,3
/USERSPACE/DATASETS/CodecFake/train/F03_SSB02670400.wav,3
/USERSPACE/DATASETS/CodecFake/train/F03_SSB00380222.wav,3
/USERSPACE/DATASETS/CodecFake/train/F03_SSB11760190.wav,3
/USERSPACE/DATASETS/CodecFake/train/F03_SSB08220063.wav,3
/USERSPACE/DATASETS/CodecFake/train/F03_p256_150.wav,3
/USERSPACE/DATASETS/CodecFake/train/F03_SSB19350227.wav,3
/USERSPACE/DATASETS/CodecFake/train/F03_SSB07020274.wav,3
/USERSPACE/DATASETS/CodecFake/train/F03_SSB08220468.wav,3
/USERSPACE/DATASETS/CodecFake/train/F03_SSB00090338.wav,3
/USERSPACE/DATASETS/CodecFake/train/F03_SSB07110246.wav,3
/USERSPACE/DATASETS/CodecFake/train/F03_p244_412.wav,3
/USERSPACE/DATASETS/CodecFake/train/F03_SSB06320153.wav,3
/USERSPACE/DATASETS/CodecFake/train/F03_SSB18630061.wav,3
/USERSPACE/DATASETS/CodecFake/train/F03_SSB10960318.wav,3
/USERSPACE/DATASETS/CodecFake/train/F03_SSB12180199.wav,3
/USERSPACE/DATASETS/CodecFake/train/F03_SSB11150225.wav,3
/USERSPACE/DATASETS/CodecFake/train/F03_SSB14080365.wav,3
/USERSPACE/DATASETS/CodecFake/train/F03_SSB04260343.wav,3
/USERSPACE/DATASETS/CodecFake/train/F03_SSB06060462.wav,3
/USERSPACE/DATASETS/CodecFake/train/F03_SSB11360035.wav,3
/USERSPACE/DATASETS/CodecFake/train/F03_p255_116.wav,3
/USERSPACE/DATASETS/CodecFake/train/F03_SSB06140371.wav,3
/USERSPACE/DATASETS/CodecFake/train/F03_SSB16860187.wav,3
/USERSPACE/DATASETS/CodecFake/train/F03_SSB03420142.wav,3
/USERSPACE/DATASETS/CodecFake/train/F03_SSB09660154.wav,3
/USERSPACE/DATASETS/CodecFake/train/F03_p336_224.wav,3
/USERSPACE/DATASETS/CodecFake/train/F03_SSB11360331.wav,3
/USERSPACE/DATASETS/CodecFake/train/F03_SSB07940325.wav,3
/USERSPACE/DATASETS/CodecFake/train/F03_SSB04070193.wav,3
/USERSPACE/DATASETS/CodecFake/train/F03_p285_053.wav,3
/USERSPACE/DATASETS/CodecFake/train/F03_SSB08710030.wav,3
/USERSPACE/DATASETS/CodecFake/train/F03_p248_050.wav,3
/USERSPACE/DATASETS/CodecFake/train/F03_SSB19350344.wav,3
/USERSPACE/DATASETS/CodecFake/train/F03_p239_480.wav,3
/USERSPACE/DATASETS/CodecFake/train/F03_p270_015.wav,3
/USERSPACE/DATASETS/CodecFake/train/F03_SSB10960173.wav,3
/USERSPACE/DATASETS/CodecFake/train/F03_SSB05780465.wav,3
/USERSPACE/DATASETS/CodecFake/train/F03_SSB05440457.wav,3
/USERSPACE/DATASETS/CodecFake/train/F03_SSB15930369.wav,3
/USERSPACE/DATASETS/CodecFake/train/F03_SSB00090357.wav,3
/USERSPACE/DATASETS/CodecFake/train/F03_p330_047.wav,3
/USERSPACE/DATASETS/CodecFake/train/F03_p259_019.wav,3
/USERSPACE/DATASETS/CodecFake/train/F03_SSB18630454.wav,3
/USERSPACE/DATASETS/CodecFake/train/F03_SSB11000046.wav,3
/USERSPACE/DATASETS/CodecFake/train/F03_SSB08090178.wav,3
/USERSPACE/DATASETS/CodecFake/train/F03_SSB06930444.wav,3
/USERSPACE/DATASETS/CodecFake/train/F03_SSB18320034.wav,3
/USERSPACE/DATASETS/CodecFake/train/F03_p267_360.wav,3
/USERSPACE/DATASETS/CodecFake/train/F03_p335_260.wav,3
/USERSPACE/DATASETS/CodecFake/train/F03_p298_383.wav,3
/USERSPACE/DATASETS/CodecFake/train/F03_SSB18310339.wav,3
/USERSPACE/DATASETS/CodecFake/train/F03_SSB05780040.wav,3
/USERSPACE/DATASETS/CodecFake/train/F03_p259_055.wav,3
/USERSPACE/DATASETS/CodecFake/train/F03_SSB03160304.wav,3
/USERSPACE/DATASETS/CodecFake/train/F03_SSB10020127.wav,3
/USERSPACE/DATASETS/CodecFake/train/F03_SSB14370137.wav,3
/USERSPACE/DATASETS/CodecFake/train/F03_SSB14080042.wav,3
/USERSPACE/DATASETS/CodecFake/train/F03_SSB11970222.wav,3
/USERSPACE/DATASETS/CodecFake/train/F03_SSB17280055.wav,3
/USERSPACE/DATASETS/CodecFake/train/F03_p270_234.wav,3
/USERSPACE/DATASETS/CodecFake/train/F03_SSB02730109.wav,3
/USERSPACE/DATASETS/CodecFake/train/F03_SSB07480034.wav,3
/USERSPACE/DATASETS/CodecFake/train/F03_SSB18720138.wav,3
/USERSPACE/DATASETS/CodecFake/train/F03_p245_209.wav,3
/USERSPACE/DATASETS/CodecFake/train/F03_SSB05900294.wav,3
/USERSPACE/DATASETS/CodecFake/train/F03_SSB07490432.wav,3
/USERSPACE/DATASETS/CodecFake/train/F03_p245_008.wav,3
/USERSPACE/DATASETS/CodecFake/train/F03_SSB13920449.wav,3
/USERSPACE/DATASETS/CodecFake/train/F03_p255_135.wav,3
/USERSPACE/DATASETS/CodecFake/train/F03_p316_053.wav,3
/USERSPACE/DATASETS/CodecFake/train/F03_p374_146.wav,3
/USERSPACE/DATASETS/CodecFake/train/F03_p299_196.wav,3
/USERSPACE/DATASETS/CodecFake/train/F03_SSB00050363.wav,3
/USERSPACE/DATASETS/CodecFake/train/F03_SSB09190049.wav,3
/USERSPACE/DATASETS/CodecFake/train/F03_p339_077.wav,3
/USERSPACE/DATASETS/CodecFake/train/F03_SSB07480253.wav,3
/USERSPACE/DATASETS/CodecFake/train/F03_SSB03790321.wav,3
/USERSPACE/DATASETS/CodecFake/train/F03_p336_264.wav,3
/USERSPACE/DATASETS/CodecFake/train/F03_SSB03820318.wav,3
/USERSPACE/DATASETS/CodecFake/train/F03_SSB06230099.wav,3
/USERSPACE/DATASETS/CodecFake/train/F03_SSB16250027.wav,3
/USERSPACE/DATASETS/CodecFake/train/F03_SSB11150233.wav,3
/USERSPACE/DATASETS/CodecFake/train/F03_p267_215.wav,3
/USERSPACE/DATASETS/CodecFake/train/F03_SSB11610233.wav,3
/USERSPACE/DATASETS/CodecFake/train/F03_SSB05700088.wav,3
/USERSPACE/DATASETS/CodecFake/train/F03_p264_025.wav,3
/USERSPACE/DATASETS/CodecFake/train/F03_SSB07110137.wav,3
/USERSPACE/DATASETS/CodecFake/train/F03_SSB07480424.wav,3
/USERSPACE/DATASETS/CodecFake/train/F03_p269_147.wav,3
/USERSPACE/DATASETS/CodecFake/train/F03_p294_068.wav,3
/USERSPACE/DATASETS/CodecFake/train/F03_p286_340.wav,3
/USERSPACE/DATASETS/CodecFake/train/F03_SSB10960012.wav,3
/USERSPACE/DATASETS/CodecFake/train/F03_SSB18630343.wav,3
/USERSPACE/DATASETS/CodecFake/train/F03_SSB15630178.wav,3
/USERSPACE/DATASETS/CodecFake/train/F03_SSB15850151.wav,3
/USERSPACE/DATASETS/CodecFake/train/F03_SSB13410411.wav,3
/USERSPACE/DATASETS/CodecFake/train/F03_SSB07480124.wav,3
/USERSPACE/DATASETS/CodecFake/train/F03_p271_138.wav,3
/USERSPACE/DATASETS/CodecFake/train/F03_SSB07510249.wav,3
/USERSPACE/DATASETS/CodecFake/train/F03_SSB04340348.wav,3
/USERSPACE/DATASETS/CodecFake/train/F03_SSB19560147.wav,3
/USERSPACE/DATASETS/CodecFake/train/F03_SSB17450247.wav,3
/USERSPACE/DATASETS/CodecFake/train/F03_SSB16990416.wav,3
/USERSPACE/DATASETS/CodecFake/train/F03_SSB11350152.wav,3
/USERSPACE/DATASETS/CodecFake/train/F03_p256_249.wav,3
/USERSPACE/DATASETS/CodecFake/train/F03_SSB14480382.wav,3
/USERSPACE/DATASETS/CodecFake/train/F03_SSB03070479.wav,3
/USERSPACE/DATASETS/CodecFake/train/F03_SSB00330499.wav,3
/USERSPACE/DATASETS/CodecFake/train/F03_SSB07940007.wav,3
/USERSPACE/DATASETS/CodecFake/train/F03_SSB15750010.wav,3
/USERSPACE/DATASETS/CodecFake/train/F03_p292_367.wav,3
/USERSPACE/DATASETS/CodecFake/train/F03_p362_149.wav,3
/USERSPACE/DATASETS/CodecFake/train/F03_SSB06930359.wav,3
/USERSPACE/DATASETS/CodecFake/train/F03_SSB13770117.wav,3
/USERSPACE/DATASETS/CodecFake/train/F03_p269_021.wav,3
/USERSPACE/DATASETS/CodecFake/train/F03_SSB10010166.wav,3
/USERSPACE/DATASETS/CodecFake/train/F03_SSB11000026.wav,3
/USERSPACE/DATASETS/CodecFake/train/F03_p351_167.wav,3
/USERSPACE/DATASETS/CodecFake/train/F03_p313_076.wav,3
/USERSPACE/DATASETS/CodecFake/train/F03_SSB19180288.wav,3
/USERSPACE/DATASETS/CodecFake/train/F03_p229_231.wav,3
/USERSPACE/DATASETS/CodecFake/train/F03_SSB09190212.wav,3
/USERSPACE/DATASETS/CodecFake/train/F03_SSB12180022.wav,3
/USERSPACE/DATASETS/CodecFake/train/F03_SSB06660249.wav,3
/USERSPACE/DATASETS/CodecFake/train/F03_SSB18780042.wav,3
/USERSPACE/DATASETS/CodecFake/train/F03_SSB11380341.wav,3
/USERSPACE/DATASETS/CodecFake/train/F03_SSB13020045.wav,3
/USERSPACE/DATASETS/CodecFake/train/F03_SSB13220433.wav,3
/USERSPACE/DATASETS/CodecFake/train/F03_p269_263.wav,3
/USERSPACE/DATASETS/CodecFake/train/F03_SSB07840143.wav,3
/USERSPACE/DATASETS/CodecFake/train/F03_SSB14370247.wav,3
/USERSPACE/DATASETS/CodecFake/train/F03_SSB19390299.wav,3
/USERSPACE/DATASETS/CodecFake/train/F03_SSB10720312.wav,3
/USERSPACE/DATASETS/CodecFake/train/F03_p277_277.wav,3
/USERSPACE/DATASETS/CodecFake/train/F03_p263_138.wav,3
/USERSPACE/DATASETS/CodecFake/train/F03_SSB11360014.wav,3
/USERSPACE/DATASETS/CodecFake/train/F03_SSB06930431.wav,3
/USERSPACE/DATASETS/CodecFake/train/F03_SSB07160345.wav,3
/USERSPACE/DATASETS/CodecFake/train/F03_SSB12180361.wav,3
/USERSPACE/DATASETS/CodecFake/train/F03_SSB16500373.wav,3
/USERSPACE/DATASETS/CodecFake/train/F03_SSB18780260.wav,3
/USERSPACE/DATASETS/CodecFake/train/F03_p278_043.wav,3
/USERSPACE/DATASETS/CodecFake/train/F03_p303_197.wav,3
/USERSPACE/DATASETS/CodecFake/train/F03_p288_287.wav,3
/USERSPACE/DATASETS/CodecFake/train/F03_p323_303.wav,3
/USERSPACE/DATASETS/CodecFake/train/F03_p262_013.wav,3
/USERSPACE/DATASETS/CodecFake/train/F03_SSB19390254.wav,3
/USERSPACE/DATASETS/CodecFake/train/F03_SSB05440014.wav,3
/USERSPACE/DATASETS/CodecFake/train/F03_SSB19350173.wav,3
/USERSPACE/DATASETS/CodecFake/train/F03_p259_456.wav,3
/USERSPACE/DATASETS/CodecFake/train/F03_p229_139.wav,3
/USERSPACE/DATASETS/CodecFake/train/F03_p266_164.wav,3
/USERSPACE/DATASETS/CodecFake/train/F03_p264_124.wav,3
/USERSPACE/DATASETS/CodecFake/train/F03_SSB06310458.wav,3
/USERSPACE/DATASETS/CodecFake/train/F03_SSB04820208.wav,3
/USERSPACE/DATASETS/CodecFake/train/F03_SSB10240407.wav,3
/USERSPACE/DATASETS/CodecFake/train/F03_SSB07110013.wav,3
/USERSPACE/DATASETS/CodecFake/train/F03_SSB06860214.wav,3
/USERSPACE/DATASETS/CodecFake/train/F03_p245_187.wav,3
/USERSPACE/DATASETS/CodecFake/train/F03_SSB06660191.wav,3
/USERSPACE/DATASETS/CodecFake/train/F03_SSB05650324.wav,3
/USERSPACE/DATASETS/CodecFake/train/F03_p255_133.wav,3
/USERSPACE/DATASETS/CodecFake/train/F03_SSB06230078.wav,3
/USERSPACE/DATASETS/CodecFake/train/F03_SSB11000097.wav,3
/USERSPACE/DATASETS/CodecFake/train/F03_SSB00090252.wav,3
/USERSPACE/DATASETS/CodecFake/train/F03_SSB07940217.wav,3
/USERSPACE/DATASETS/CodecFake/train/F03_SSB16250086.wav,3
/USERSPACE/DATASETS/CodecFake/train/F03_SSB11080125.wav,3
/USERSPACE/DATASETS/CodecFake/train/F03_SSB07100262.wav,3
/USERSPACE/DATASETS/CodecFake/train/F03_SSB17280404.wav,3
/USERSPACE/DATASETS/CodecFake/train/F03_p308_410.wav,3
/USERSPACE/DATASETS/CodecFake/train/F03_SSB00380063.wav,3
/USERSPACE/DATASETS/CodecFake/train/F03_SSB06680481.wav,3
/USERSPACE/DATASETS/CodecFake/train/F03_SSB11000425.wav,3
/USERSPACE/DATASETS/CodecFake/train/F03_SSB07840345.wav,3
/USERSPACE/DATASETS/CodecFake/train/F03_SSB19020311.wav,3
/USERSPACE/DATASETS/CodecFake/train/F03_SSB07510370.wav,3
/USERSPACE/DATASETS/CodecFake/train/F03_SSB02730235.wav,3
/USERSPACE/DATASETS/CodecFake/train/F03_p339_311.wav,3
/USERSPACE/DATASETS/CodecFake/train/F03_p287_242.wav,3
/USERSPACE/DATASETS/CodecFake/train/F03_p261_283.wav,3
/USERSPACE/DATASETS/CodecFake/train/F03_SSB00160378.wav,3
/USERSPACE/DATASETS/CodecFake/train/F03_SSB18780182.wav,3
/USERSPACE/DATASETS/CodecFake/train/F03_p303_200.wav,3
/USERSPACE/DATASETS/CodecFake/train/F03_SSB07860245.wav,3
/USERSPACE/DATASETS/CodecFake/train/F03_SSB06860176.wav,3
/USERSPACE/DATASETS/CodecFake/train/F03_SSB05780503.wav,3
/USERSPACE/DATASETS/CodecFake/train/F03_SSB07160243.wav,3
/USERSPACE/DATASETS/CodecFake/train/F03_SSB07620049.wav,3
/USERSPACE/DATASETS/CodecFake/train/F03_SSB18320464.wav,3
/USERSPACE/DATASETS/CodecFake/train/F03_p339_107.wav,3
/USERSPACE/DATASETS/CodecFake/train/F03_SSB06070112.wav,3
/USERSPACE/DATASETS/CodecFake/train/F03_SSB03940423.wav,3
/USERSPACE/DATASETS/CodecFake/train/F03_p334_393.wav,3
/USERSPACE/DATASETS/CodecFake/train/F03_p329_158.wav,3
/USERSPACE/DATASETS/CodecFake/train/F03_SSB07460032.wav,3
/USERSPACE/DATASETS/CodecFake/train/F03_p351_168.wav,3
/USERSPACE/DATASETS/CodecFake/train/F03_SSB07100290.wav,3
/USERSPACE/DATASETS/CodecFake/train/F03_SSB09350240.wav,3
/USERSPACE/DATASETS/CodecFake/train/F03_SSB04070342.wav,3
/USERSPACE/DATASETS/CodecFake/train/F03_SSB05990328.wav,3
/USERSPACE/DATASETS/CodecFake/train/F03_p314_208.wav,3
/USERSPACE/DATASETS/CodecFake/train/F03_SSB05990223.wav,3
/USERSPACE/DATASETS/CodecFake/train/F03_SSB01330032.wav,3
/USERSPACE/DATASETS/CodecFake/train/F03_p311_078.wav,3
/USERSPACE/DATASETS/CodecFake/train/F03_SSB13930493.wav,3
/USERSPACE/DATASETS/CodecFake/train/F03_p271_326.wav,3
/USERSPACE/DATASETS/CodecFake/train/F03_SSB16500457.wav,3
/USERSPACE/DATASETS/CodecFake/train/F03_SSB01330421.wav,3
/USERSPACE/DATASETS/CodecFake/train/F03_SSB00160116.wav,3
/USERSPACE/DATASETS/CodecFake/train/F03_SSB00120335.wav,3
/USERSPACE/DATASETS/CodecFake/train/F03_SSB05440439.wav,3
/USERSPACE/DATASETS/CodecFake/train/F03_SSB10560065.wav,3
/USERSPACE/DATASETS/CodecFake/train/F03_SSB07110150.wav,3
/USERSPACE/DATASETS/CodecFake/train/F03_SSB10240019.wav,3
/USERSPACE/DATASETS/CodecFake/train/F03_SSB01930233.wav,3
/USERSPACE/DATASETS/CodecFake/train/F03_p277_321.wav,3
/USERSPACE/DATASETS/CodecFake/train/F03_SSB11100437.wav,3
/USERSPACE/DATASETS/CodecFake/train/F03_p288_103.wav,3
/USERSPACE/DATASETS/CodecFake/train/F03_SSB06320390.wav,3
/USERSPACE/DATASETS/CodecFake/train/F03_p239_353.wav,3
/USERSPACE/DATASETS/CodecFake/train/F03_p258_308.wav,3
/USERSPACE/DATASETS/CodecFake/train/F03_SSB06010335.wav,3
/USERSPACE/DATASETS/CodecFake/train/F03_p250_357.wav,3
/USERSPACE/DATASETS/CodecFake/train/F03_SSB03070406.wav,3
/USERSPACE/DATASETS/CodecFake/train/F03_SSB13990287.wav,3
/USERSPACE/DATASETS/CodecFake/train/F03_SSB11000080.wav,3
/USERSPACE/DATASETS/CodecFake/train/F03_SSB18100270.wav,3
/USERSPACE/DATASETS/CodecFake/train/F03_p283_227.wav,3
/USERSPACE/DATASETS/CodecFake/train/F03_p244_378.wav,3
/USERSPACE/DATASETS/CodecFake/train/F03_SSB07000345.wav,3
/USERSPACE/DATASETS/CodecFake/train/F03_SSB15550302.wav,3
/USERSPACE/DATASETS/CodecFake/train/F03_SSB07160296.wav,3
/USERSPACE/DATASETS/CodecFake/train/F03_p233_046.wav,3
/USERSPACE/DATASETS/CodecFake/train/F03_SSB07100175.wav,3
/USERSPACE/DATASETS/CodecFake/train/F03_p299_081.wav,3
/USERSPACE/DATASETS/CodecFake/train/F03_p333_391.wav,3
/USERSPACE/DATASETS/CodecFake/train/F03_SSB01330435.wav,3
/USERSPACE/DATASETS/CodecFake/train/F03_p363_363.wav,3
/USERSPACE/DATASETS/CodecFake/train/F03_p301_036.wav,3
/USERSPACE/DATASETS/CodecFake/train/F03_SSB02410172.wav,3
/USERSPACE/DATASETS/CodecFake/train/F03_SSB11100451.wav,3
/USERSPACE/DATASETS/CodecFake/train/F03_SSB05900209.wav,3
/USERSPACE/DATASETS/CodecFake/train/F03_SSB03420225.wav,3
/USERSPACE/DATASETS/CodecFake/train/F03_p341_047.wav,3
/USERSPACE/DATASETS/CodecFake/train/F03_p279_349.wav,3
/USERSPACE/DATASETS/CodecFake/train/F03_SSB07580316.wav,3
/USERSPACE/DATASETS/CodecFake/train/F03_p246_091.wav,3
/USERSPACE/DATASETS/CodecFake/train/F03_SSB05440176.wav,3
/USERSPACE/DATASETS/CodecFake/train/F03_SSB09190434.wav,3
/USERSPACE/DATASETS/CodecFake/train/F03_SSB18910487.wav,3
/USERSPACE/DATASETS/CodecFake/train/F03_SSB14310166.wav,3
/USERSPACE/DATASETS/CodecFake/train/F03_p278_141.wav,3
/USERSPACE/DATASETS/CodecFake/train/F03_p274_441.wav,3
/USERSPACE/DATASETS/CodecFake/train/F03_SSB17280283.wav,3
/USERSPACE/DATASETS/CodecFake/train/F03_SSB00160021.wav,3
/USERSPACE/DATASETS/CodecFake/train/F03_SSB16860098.wav,3
/USERSPACE/DATASETS/CodecFake/train/F03_SSB09350119.wav,3
/USERSPACE/DATASETS/CodecFake/train/F03_SSB13020055.wav,3
/USERSPACE/DATASETS/CodecFake/train/F03_p272_102.wav,3
/USERSPACE/DATASETS/CodecFake/train/F03_SSB01450230.wav,3
/USERSPACE/DATASETS/CodecFake/train/F03_p250_339.wav,3
/USERSPACE/DATASETS/CodecFake/train/F03_SSB15750234.wav,3
/USERSPACE/DATASETS/CodecFake/train/F03_p362_157.wav,3
/USERSPACE/DATASETS/CodecFake/train/F03_p299_343.wav,3
/USERSPACE/DATASETS/CodecFake/train/F03_SSB00120438.wav,3
/USERSPACE/DATASETS/CodecFake/train/F03_p318_374.wav,3
/USERSPACE/DATASETS/CodecFake/train/F03_SSB03070132.wav,3
/USERSPACE/DATASETS/CodecFake/train/F03_p259_446.wav,3
/USERSPACE/DATASETS/CodecFake/train/F03_SSB15550386.wav,3
/USERSPACE/DATASETS/CodecFake/train/F03_SSB13990289.wav,3
/USERSPACE/DATASETS/CodecFake/train/F03_SSB11150196.wav,3
/USERSPACE/DATASETS/CodecFake/train/F03_SSB02460168.wav,3
/USERSPACE/DATASETS/CodecFake/train/F03_p360_004.wav,3
/USERSPACE/DATASETS/CodecFake/train/F03_SSB14310381.wav,3
/USERSPACE/DATASETS/CodecFake/train/F03_SSB03540058.wav,3
/USERSPACE/DATASETS/CodecFake/train/F03_SSB06070096.wav,3
/USERSPACE/DATASETS/CodecFake/train/F03_p230_392.wav,3
/USERSPACE/DATASETS/CodecFake/train/F03_SSB10200274.wav,3
/USERSPACE/DATASETS/CodecFake/train/F03_p314_133.wav,3
/USERSPACE/DATASETS/CodecFake/train/F03_SSB03070414.wav,3
/USERSPACE/DATASETS/CodecFake/train/F03_SSB12740231.wav,3
/USERSPACE/DATASETS/CodecFake/train/F03_p244_327.wav,3
/USERSPACE/DATASETS/CodecFake/train/F03_p341_141.wav,3
/USERSPACE/DATASETS/CodecFake/train/F03_p260_221.wav,3
/USERSPACE/DATASETS/CodecFake/train/F03_SSB07510413.wav,3
/USERSPACE/DATASETS/CodecFake/train/F03_SSB05020158.wav,3
/USERSPACE/DATASETS/CodecFake/train/F03_p339_080.wav,3
/USERSPACE/DATASETS/CodecFake/train/F03_p347_086.wav,3
/USERSPACE/DATASETS/CodecFake/train/F03_SSB07480421.wav,3
/USERSPACE/DATASETS/CodecFake/train/F03_p246_163.wav,3
/USERSPACE/DATASETS/CodecFake/train/F03_p316_340.wav,3
/USERSPACE/DATASETS/CodecFake/train/F03_SSB17280119.wav,3
/USERSPACE/DATASETS/CodecFake/train/F03_SSB05350331.wav,3
/USERSPACE/DATASETS/CodecFake/train/F03_SSB03850125.wav,3
/USERSPACE/DATASETS/CodecFake/train/F03_SSB10080017.wav,3
/USERSPACE/DATASETS/CodecFake/train/F03_SSB07230423.wav,3
/USERSPACE/DATASETS/CodecFake/train/F03_p261_369.wav,3
/USERSPACE/DATASETS/CodecFake/train/F03_SSB10200244.wav,3
/USERSPACE/DATASETS/CodecFake/train/F03_p273_156.wav,3
/USERSPACE/DATASETS/CodecFake/train/F03_SSB07230422.wav,3
/USERSPACE/DATASETS/CodecFake/train/F03_SSB10720122.wav,3
/USERSPACE/DATASETS/CodecFake/train/F03_SSB03940011.wav,3
/USERSPACE/DATASETS/CodecFake/train/F03_SSB19020287.wav,3
/USERSPACE/DATASETS/CodecFake/train/F03_p347_255.wav,3
/USERSPACE/DATASETS/CodecFake/train/F03_SSB12740328.wav,3
/USERSPACE/DATASETS/CodecFake/train/F03_SSB03230152.wav,3
/USERSPACE/DATASETS/CodecFake/train/F03_SSB11260024.wav,3
/USERSPACE/DATASETS/CodecFake/train/F03_p258_304.wav,3
/USERSPACE/DATASETS/CodecFake/train/F03_SSB13400276.wav,3
/USERSPACE/DATASETS/CodecFake/train/F03_SSB13660251.wav,3
/USERSPACE/DATASETS/CodecFake/train/F03_SSB13020008.wav,3
/USERSPACE/DATASETS/CodecFake/train/F03_SSB04700442.wav,3
/USERSPACE/DATASETS/CodecFake/train/F03_p225_331.wav,3
/USERSPACE/DATASETS/CodecFake/train/F03_p268_408.wav,3
/USERSPACE/DATASETS/CodecFake/train/F03_SSB04820058.wav,3
/USERSPACE/DATASETS/CodecFake/train/F03_p225_013.wav,3
/USERSPACE/DATASETS/CodecFake/train/F03_SSB09350344.wav,3
/USERSPACE/DATASETS/CodecFake/train/F03_p317_370.wav,3
/USERSPACE/DATASETS/CodecFake/train/F03_SSB13820082.wav,3
/USERSPACE/DATASETS/CodecFake/train/F03_p264_478.wav,3
/USERSPACE/DATASETS/CodecFake/train/F03_SSB07600182.wav,3
/USERSPACE/DATASETS/CodecFake/train/F03_SSB03790190.wav,3
/USERSPACE/DATASETS/CodecFake/train/F03_SSB01970099.wav,3
/USERSPACE/DATASETS/CodecFake/train/F03_SSB07460230.wav,3
/USERSPACE/DATASETS/CodecFake/train/F03_SSB08710359.wav,3
/USERSPACE/DATASETS/CodecFake/train/F03_SSB13920456.wav,3
/USERSPACE/DATASETS/CodecFake/train/F03_SSB07800030.wav,3
/USERSPACE/DATASETS/CodecFake/train/F03_SSB07020391.wav,3
/USERSPACE/DATASETS/CodecFake/train/F03_p266_098.wav,3
/USERSPACE/DATASETS/CodecFake/train/F03_SSB13410285.wav,3
/USERSPACE/DATASETS/CodecFake/train/F03_SSB07370250.wav,3
/USERSPACE/DATASETS/CodecFake/train/F03_SSB13280232.wav,3
/USERSPACE/DATASETS/CodecFake/train/F03_p239_299.wav,3
/USERSPACE/DATASETS/CodecFake/train/F03_SSB03150388.wav,3
/USERSPACE/DATASETS/CodecFake/train/F03_SSB16700141.wav,3
/USERSPACE/DATASETS/CodecFake/train/F03_p249_217.wav,3
/USERSPACE/DATASETS/CodecFake/train/F03_SSB03070185.wav,3
/USERSPACE/DATASETS/CodecFake/train/F03_SSB06140216.wav,3
/USERSPACE/DATASETS/CodecFake/train/F03_SSB19390413.wav,3
/USERSPACE/DATASETS/CodecFake/train/F03_SSB07840118.wav,3
/USERSPACE/DATASETS/CodecFake/train/F03_p262_123.wav,3
/USERSPACE/DATASETS/CodecFake/train/F03_p270_382.wav,3
/USERSPACE/DATASETS/CodecFake/train/F03_SSB11310268.wav,3
/USERSPACE/DATASETS/CodecFake/train/F03_p259_162.wav,3
/USERSPACE/DATASETS/CodecFake/train/F03_SSB03150140.wav,3
/USERSPACE/DATASETS/CodecFake/train/F03_p362_419.wav,3
/USERSPACE/DATASETS/CodecFake/train/F03_SSB07600227.wav,3
/USERSPACE/DATASETS/CodecFake/train/F03_SSB10200460.wav,3
/USERSPACE/DATASETS/CodecFake/train/F03_SSB05700258.wav,3
/USERSPACE/DATASETS/CodecFake/train/F03_p285_281.wav,3
/USERSPACE/DATASETS/CodecFake/train/F03_SSB15630373.wav,3
/USERSPACE/DATASETS/CodecFake/train/F03_SSB04350113.wav,3
/USERSPACE/DATASETS/CodecFake/train/F03_p272_185.wav,3
/USERSPACE/DATASETS/CodecFake/train/F03_p277_425.wav,3
/USERSPACE/DATASETS/CodecFake/train/F03_SSB00120396.wav,3
/USERSPACE/DATASETS/CodecFake/train/F03_SSB01390444.wav,3
/USERSPACE/DATASETS/CodecFake/train/F03_SSB02410212.wav,3
/USERSPACE/DATASETS/CodecFake/train/F03_p318_398.wav,3
/USERSPACE/DATASETS/CodecFake/train/F03_SSB12740322.wav,3
/USERSPACE/DATASETS/CodecFake/train/F03_SSB13650048.wav,3
/USERSPACE/DATASETS/CodecFake/train/F03_SSB03660413.wav,3
/USERSPACE/DATASETS/CodecFake/train/F03_SSB12530181.wav,3
/USERSPACE/DATASETS/CodecFake/train/F03_SSB12530363.wav,3
/USERSPACE/DATASETS/CodecFake/train/F03_SSB05650370.wav,3
/USERSPACE/DATASETS/CodecFake/train/F03_SSB03660459.wav,3
/USERSPACE/DATASETS/CodecFake/train/F03_p314_024.wav,3
/USERSPACE/DATASETS/CodecFake/train/F03_SSB12040262.wav,3
/USERSPACE/DATASETS/CodecFake/train/F03_SSB04350438.wav,3
/USERSPACE/DATASETS/CodecFake/train/F03_SSB18910510.wav,3
/USERSPACE/DATASETS/CodecFake/train/F03_SSB06090377.wav,3
/USERSPACE/DATASETS/CodecFake/train/F03_SSB03540426.wav,3
/USERSPACE/DATASETS/CodecFake/train/F03_SSB07160370.wav,3
/USERSPACE/DATASETS/CodecFake/train/F03_SSB01220082.wav,3
/USERSPACE/DATASETS/CodecFake/train/F03_p281_090.wav,3
/USERSPACE/DATASETS/CodecFake/train/F03_SSB15670386.wav,3
/USERSPACE/DATASETS/CodecFake/train/F03_SSB13410295.wav,3
/USERSPACE/DATASETS/CodecFake/train/F03_SSB13220317.wav,3
/USERSPACE/DATASETS/CodecFake/train/F03_p326_046.wav,3
/USERSPACE/DATASETS/CodecFake/train/F03_p295_381.wav,3
/USERSPACE/DATASETS/CodecFake/train/F03_p260_318.wav,3
/USERSPACE/DATASETS/CodecFake/train/F03_SSB06320252.wav,3
/USERSPACE/DATASETS/CodecFake/train/F03_SSB18630185.wav,3
/USERSPACE/DATASETS/CodecFake/train/F03_p361_222.wav,3
/USERSPACE/DATASETS/CodecFake/train/F03_SSB13660209.wav,3
/USERSPACE/DATASETS/CodecFake/train/F03_SSB13220244.wav,3
/USERSPACE/DATASETS/CodecFake/train/F03_p288_320.wav,3
/USERSPACE/DATASETS/CodecFake/train/F03_SSB03230195.wav,3
/USERSPACE/DATASETS/CodecFake/train/F03_SSB04700105.wav,3
/USERSPACE/DATASETS/CodecFake/train/F03_SSB11310057.wav,3
/USERSPACE/DATASETS/CodecFake/train/F03_SSB07510214.wav,3
/USERSPACE/DATASETS/CodecFake/train/F03_p310_044.wav,3
/USERSPACE/DATASETS/CodecFake/train/F03_SSB00730158.wav,3
/USERSPACE/DATASETS/CodecFake/train/F03_SSB05390154.wav,3
/USERSPACE/DATASETS/CodecFake/train/F03_p274_031.wav,3
/USERSPACE/DATASETS/CodecFake/train/F03_SSB06680176.wav,3
/USERSPACE/DATASETS/CodecFake/train/F03_SSB00120129.wav,3
/USERSPACE/DATASETS/CodecFake/train/F03_SSB10240204.wav,3
/USERSPACE/DATASETS/CodecFake/train/F03_SSB19350033.wav,3
/USERSPACE/DATASETS/CodecFake/train/F03_SSB16070276.wav,3
/USERSPACE/DATASETS/CodecFake/train/F03_SSB02460210.wav,3
/USERSPACE/DATASETS/CodecFake/train/F03_SSB07100041.wav,3
/USERSPACE/DATASETS/CodecFake/train/F03_p280_217.wav,3
/USERSPACE/DATASETS/CodecFake/train/F03_SSB13660336.wav,3
/USERSPACE/DATASETS/CodecFake/train/F03_p297_235.wav,3
/USERSPACE/DATASETS/CodecFake/train/F03_SSB04820224.wav,3
/USERSPACE/DATASETS/CodecFake/train/F03_SSB06310365.wav,3
/USERSPACE/DATASETS/CodecFake/train/F03_SSB11870147.wav,3
/USERSPACE/DATASETS/CodecFake/train/F03_SSB03540486.wav,3
/USERSPACE/DATASETS/CodecFake/train/F03_SSB17390276.wav,3
/USERSPACE/DATASETS/CodecFake/train/F03_SSB13400364.wav,3
/USERSPACE/DATASETS/CodecFake/train/F03_SSB14480052.wav,3
/USERSPACE/DATASETS/CodecFake/train/F03_SSB07800441.wav,3
/USERSPACE/DATASETS/CodecFake/train/F03_SSB01930220.wav,3
/USERSPACE/DATASETS/CodecFake/train/F03_p256_091.wav,3
/USERSPACE/DATASETS/CodecFake/train/F03_p263_289.wav,3
/USERSPACE/DATASETS/CodecFake/train/F03_SSB12030257.wav,3
/USERSPACE/DATASETS/CodecFake/train/F03_SSB15550013.wav,3
/USERSPACE/DATASETS/CodecFake/train/F03_p300_222.wav,3
/USERSPACE/DATASETS/CodecFake/train/F03_p286_306.wav,3
/USERSPACE/DATASETS/CodecFake/train/F03_p260_256.wav,3
/USERSPACE/DATASETS/CodecFake/train/F03_p312_244.wav,3
/USERSPACE/DATASETS/CodecFake/train/F03_SSB07860065.wav,3
/USERSPACE/DATASETS/CodecFake/train/F03_p260_301.wav,3
/USERSPACE/DATASETS/CodecFake/train/F03_p294_027.wav,3
/USERSPACE/DATASETS/CodecFake/train/F03_SSB03930270.wav,3
/USERSPACE/DATASETS/CodecFake/train/F03_SSB10020400.wav,3
/USERSPACE/DATASETS/CodecFake/train/F03_SSB10720128.wav,3
/USERSPACE/DATASETS/CodecFake/train/F03_p333_008.wav,3
/USERSPACE/DATASETS/CodecFake/train/F03_p301_107.wav,3
/USERSPACE/DATASETS/CodecFake/train/F03_SSB08090041.wav,3
/USERSPACE/DATASETS/CodecFake/train/F03_SSB07940088.wav,3
/USERSPACE/DATASETS/CodecFake/train/F03_p288_256.wav,3
/USERSPACE/DATASETS/CodecFake/train/F03_SSB03090429.wav,3
/USERSPACE/DATASETS/CodecFake/train/F03_SSB11250081.wav,3
/USERSPACE/DATASETS/CodecFake/train/F03_p237_054.wav,3
/USERSPACE/DATASETS/CodecFake/train/F03_SSB03800193.wav,3
/USERSPACE/DATASETS/CodecFake/train/F03_SSB16990110.wav,3
/USERSPACE/DATASETS/CodecFake/train/F03_SSB07620459.wav,3
/USERSPACE/DATASETS/CodecFake/train/F03_SSB13020122.wav,3
/USERSPACE/DATASETS/CodecFake/train/F03_SSB03800092.wav,3
/USERSPACE/DATASETS/CodecFake/train/F03_SSB03790121.wav,3
/USERSPACE/DATASETS/CodecFake/train/F03_SSB09130240.wav,3
/USERSPACE/DATASETS/CodecFake/train/F03_SSB03070401.wav,3
/USERSPACE/DATASETS/CodecFake/train/F03_p275_272.wav,3
/USERSPACE/DATASETS/CodecFake/train/F03_SSB14480226.wav,3
/USERSPACE/DATASETS/CodecFake/train/F03_SSB01390263.wav,3
/USERSPACE/DATASETS/CodecFake/train/F03_p279_400.wav,3
/USERSPACE/DATASETS/CodecFake/train/F03_p276_433.wav,3
/USERSPACE/DATASETS/CodecFake/train/F03_SSB05880199.wav,3
/USERSPACE/DATASETS/CodecFake/train/F03_SSB15670420.wav,3
/USERSPACE/DATASETS/CodecFake/train/F03_SSB18910456.wav,3
/USERSPACE/DATASETS/CodecFake/train/F03_SSB15750004.wav,3
/USERSPACE/DATASETS/CodecFake/train/F03_SSB13920467.wav,3
/USERSPACE/DATASETS/CodecFake/train/F03_SSB16860012.wav,3
/USERSPACE/DATASETS/CodecFake/train/F03_p313_055.wav,3
/USERSPACE/DATASETS/CodecFake/train/F03_SSB03380103.wav,3
/USERSPACE/DATASETS/CodecFake/train/F03_p284_088.wav,3
/USERSPACE/DATASETS/CodecFake/train/F03_p341_084.wav,3
/USERSPACE/DATASETS/CodecFake/train/F03_SSB07460408.wav,3
/USERSPACE/DATASETS/CodecFake/train/F03_p313_343.wav,3
/USERSPACE/DATASETS/CodecFake/train/F03_SSB09870483.wav,3
/USERSPACE/DATASETS/CodecFake/train/F03_p340_075.wav,3
/USERSPACE/DATASETS/CodecFake/train/F03_p263_124.wav,3
/USERSPACE/DATASETS/CodecFake/train/F03_SSB07370241.wav,3
/USERSPACE/DATASETS/CodecFake/train/F03_SSB03800406.wav,3
/USERSPACE/DATASETS/CodecFake/train/F03_p282_361.wav,3
/USERSPACE/DATASETS/CodecFake/train/F03_SSB05940488.wav,3
/USERSPACE/DATASETS/CodecFake/train/F03_p293_195.wav,3
/USERSPACE/DATASETS/CodecFake/train/F03_SSB11360313.wav,3
/USERSPACE/DATASETS/CodecFake/train/F03_p282_086.wav,3
/USERSPACE/DATASETS/CodecFake/train/F03_SSB12160501.wav,3
/USERSPACE/DATASETS/CodecFake/train/F03_SSB13990109.wav,3
/USERSPACE/DATASETS/CodecFake/train/F03_SSB03420293.wav,3
/USERSPACE/DATASETS/CodecFake/train/F03_SSB15550227.wav,3
/USERSPACE/DATASETS/CodecFake/train/F03_SSB07780297.wav,3
/USERSPACE/DATASETS/CodecFake/train/F03_SSB01330289.wav,3
/USERSPACE/DATASETS/CodecFake/train/F03_p333_250.wav,3
/USERSPACE/DATASETS/CodecFake/train/F03_SSB07490137.wav,3
/USERSPACE/DATASETS/CodecFake/train/F03_SSB00110479.wav,3
/USERSPACE/DATASETS/CodecFake/train/F03_p268_370.wav,3
/USERSPACE/DATASETS/CodecFake/train/F03_p323_135.wav,3
/USERSPACE/DATASETS/CodecFake/train/F03_p255_269.wav,3
/USERSPACE/DATASETS/CodecFake/train/F03_SSB07840209.wav,3
/USERSPACE/DATASETS/CodecFake/train/F03_SSB07370168.wav,3
/USERSPACE/DATASETS/CodecFake/train/F03_SSB04260318.wav,3
/USERSPACE/DATASETS/CodecFake/train/F03_SSB06310230.wav,3
/USERSPACE/DATASETS/CodecFake/train/F03_SSB12530384.wav,3
/USERSPACE/DATASETS/CodecFake/train/F03_SSB00800440.wav,3
/USERSPACE/DATASETS/CodecFake/train/F03_p268_386.wav,3
/USERSPACE/DATASETS/CodecFake/train/F03_SSB05900237.wav,3
/USERSPACE/DATASETS/CodecFake/train/F03_SSB14370419.wav,3
/USERSPACE/DATASETS/CodecFake/train/F03_SSB13200228.wav,3
/USERSPACE/DATASETS/CodecFake/train/F03_p284_225.wav,3
/USERSPACE/DATASETS/CodecFake/train/F03_SSB18280201.wav,3
/USERSPACE/DATASETS/CodecFake/train/F03_p248_068.wav,3
/USERSPACE/DATASETS/CodecFake/train/F03_p280_241.wav,3
/USERSPACE/DATASETS/CodecFake/train/F03_SSB07230377.wav,3
/USERSPACE/DATASETS/CodecFake/train/F03_SSB18780396.wav,3
/USERSPACE/DATASETS/CodecFake/train/F03_p333_127.wav,3
/USERSPACE/DATASETS/CodecFake/train/F03_SSB15670026.wav,3
/USERSPACE/DATASETS/CodecFake/train/F03_SSB13220161.wav,3
/USERSPACE/DATASETS/CodecFake/train/F03_p286_468.wav,3
/USERSPACE/DATASETS/CodecFake/train/F03_p293_081.wav,3
/USERSPACE/DATASETS/CodecFake/train/F03_p258_097.wav,3
/USERSPACE/DATASETS/CodecFake/train/F03_p323_248.wav,3
/USERSPACE/DATASETS/CodecFake/train/F03_SSB13220184.wav,3
/USERSPACE/DATASETS/CodecFake/train/F03_p310_186.wav,3
/USERSPACE/DATASETS/CodecFake/train/F03_SSB09930443.wav,3
/USERSPACE/DATASETS/CodecFake/train/F03_p318_166.wav,3
/USERSPACE/DATASETS/CodecFake/train/F03_p311_394.wav,3
/USERSPACE/DATASETS/CodecFake/train/F03_SSB05940051.wav,3
/USERSPACE/DATASETS/CodecFake/train/F03_SSB18370366.wav,3
/USERSPACE/DATASETS/CodecFake/train/F03_p238_284.wav,3
/USERSPACE/DATASETS/CodecFake/train/F03_p295_025.wav,3
/USERSPACE/DATASETS/CodecFake/train/F03_SSB06310425.wav,3
/USERSPACE/DATASETS/CodecFake/train/F03_p260_103.wav,3
/USERSPACE/DATASETS/CodecFake/train/F03_p233_129.wav,3
/USERSPACE/DATASETS/CodecFake/train/F03_p335_101.wav,3
/USERSPACE/DATASETS/CodecFake/train/F03_SSB00160324.wav,3
/USERSPACE/DATASETS/CodecFake/train/F03_p297_419.wav,3
/USERSPACE/DATASETS/CodecFake/train/F03_SSB00800330.wav,3
/USERSPACE/DATASETS/CodecFake/train/F03_p238_052.wav,3
/USERSPACE/DATASETS/CodecFake/train/F03_SSB16700128.wav,3
/USERSPACE/DATASETS/CodecFake/train/F03_SSB12740397.wav,3
/USERSPACE/DATASETS/CodecFake/train/F03_SSB03070501.wav,3
/USERSPACE/DATASETS/CodecFake/train/F03_SSB10240436.wav,3
/USERSPACE/DATASETS/CodecFake/train/F03_p316_310.wav,3
/USERSPACE/DATASETS/CodecFake/train/F03_SSB08870291.wav,3
/USERSPACE/DATASETS/CodecFake/train/F03_SSB06090224.wav,3
/USERSPACE/DATASETS/CodecFake/train/F03_SSB09130185.wav,3
/USERSPACE/DATASETS/CodecFake/train/F03_SSB06320173.wav,3
/USERSPACE/DATASETS/CodecFake/train/F03_p275_315.wav,3
/USERSPACE/DATASETS/CodecFake/train/F03_p230_171.wav,3
/USERSPACE/DATASETS/CodecFake/train/F03_SSB10640240.wav,3
/USERSPACE/DATASETS/CodecFake/train/F03_p261_084.wav,3
/USERSPACE/DATASETS/CodecFake/train/F03_SSB19560345.wav,3
/USERSPACE/DATASETS/CodecFake/train/F03_p288_207.wav,3
/USERSPACE/DATASETS/CodecFake/train/F03_SSB07200153.wav,3
/USERSPACE/DATASETS/CodecFake/train/F03_p347_001.wav,3
/USERSPACE/DATASETS/CodecFake/train/F03_SSB19020325.wav,3
/USERSPACE/DATASETS/CodecFake/train/F03_SSB19020345.wav,3
/USERSPACE/DATASETS/CodecFake/train/F03_SSB07840140.wav,3
/USERSPACE/DATASETS/CodecFake/train/F03_p311_082.wav,3
/USERSPACE/DATASETS/CodecFake/train/F03_SSB18780038.wav,3
/USERSPACE/DATASETS/CodecFake/train/F03_p273_061.wav,3
/USERSPACE/DATASETS/CodecFake/train/F03_SSB16990195.wav,3
/USERSPACE/DATASETS/CodecFake/train/F03_p271_193.wav,3
/USERSPACE/DATASETS/CodecFake/train/F03_SSB16240174.wav,3
/USERSPACE/DATASETS/CodecFake/train/F03_p340_014.wav,3
/USERSPACE/DATASETS/CodecFake/train/F03_p243_234.wav,3
/USERSPACE/DATASETS/CodecFake/train/F03_SSB00330089.wav,3
/USERSPACE/DATASETS/CodecFake/train/F03_p316_323.wav,3
/USERSPACE/DATASETS/CodecFake/train/F03_SSB06010418.wav,3
/USERSPACE/DATASETS/CodecFake/train/F03_p318_236.wav,3
/USERSPACE/DATASETS/CodecFake/train/F03_p232_364.wav,3
/USERSPACE/DATASETS/CodecFake/train/F03_p292_138.wav,3
/USERSPACE/DATASETS/CodecFake/train/F03_SSB07860337.wav,3
/USERSPACE/DATASETS/CodecFake/train/F03_SSB00050271.wav,3
/USERSPACE/DATASETS/CodecFake/train/F03_p233_292.wav,3
/USERSPACE/DATASETS/CodecFake/train/F03_SSB13650176.wav,3
/USERSPACE/DATASETS/CodecFake/train/F03_SSB06680413.wav,3
/USERSPACE/DATASETS/CodecFake/train/F03_p239_049.wav,3
/USERSPACE/DATASETS/CodecFake/train/F03_SSB02730129.wav,3
/USERSPACE/DATASETS/CodecFake/train/F03_SSB07460069.wav,3
/USERSPACE/DATASETS/CodecFake/train/F03_SSB06710340.wav,3
/USERSPACE/DATASETS/CodecFake/train/F03_SSB07600005.wav,3
/USERSPACE/DATASETS/CodecFake/train/F03_SSB06660350.wav,3
/USERSPACE/DATASETS/CodecFake/train/F03_SSB06230148.wav,3
/USERSPACE/DATASETS/CodecFake/train/F03_p292_195.wav,3
/USERSPACE/DATASETS/CodecFake/train/F03_SSB13410349.wav,3
/USERSPACE/DATASETS/CodecFake/train/F03_SSB09870047.wav,3
/USERSPACE/DATASETS/CodecFake/train/F03_p251_267.wav,3
/USERSPACE/DATASETS/CodecFake/train/F03_SSB01220462.wav,3
/USERSPACE/DATASETS/CodecFake/train/F03_SSB12740007.wav,3
/USERSPACE/DATASETS/CodecFake/train/F03_SSB13930456.wav,3
/USERSPACE/DATASETS/CodecFake/train/F03_p260_200.wav,3
/USERSPACE/DATASETS/CodecFake/train/F03_SSB18320348.wav,3
/USERSPACE/DATASETS/CodecFake/train/F03_SSB07000044.wav,3
/USERSPACE/DATASETS/CodecFake/train/F03_SSB06860271.wav,3
/USERSPACE/DATASETS/CodecFake/train/F03_p316_158.wav,3
/USERSPACE/DATASETS/CodecFake/train/F03_p250_333.wav,3
/USERSPACE/DATASETS/CodecFake/train/F03_SSB14480485.wav,3
/USERSPACE/DATASETS/CodecFake/train/F03_SSB03800301.wav,3
/USERSPACE/DATASETS/CodecFake/train/F03_SSB03540235.wav,3
/USERSPACE/DATASETS/CodecFake/train/F03_SSB11380285.wav,3
/USERSPACE/DATASETS/CodecFake/train/F03_p283_088.wav,3
/USERSPACE/DATASETS/CodecFake/train/F03_p261_367.wav,3
/USERSPACE/DATASETS/CodecFake/train/F03_SSB01490006.wav,3
/USERSPACE/DATASETS/CodecFake/train/F03_p307_157.wav,3
/USERSPACE/DATASETS/CodecFake/train/F03_p341_117.wav,3
/USERSPACE/DATASETS/CodecFake/train/F03_p306_297.wav,3
/USERSPACE/DATASETS/CodecFake/train/F03_p302_079.wav,3
/USERSPACE/DATASETS/CodecFake/train/F03_SSB02670276.wav,3
/USERSPACE/DATASETS/CodecFake/train/F03_p307_405.wav,3
/USERSPACE/DATASETS/CodecFake/train/F03_p274_125.wav,3
/USERSPACE/DATASETS/CodecFake/train/F03_SSB09350166.wav,3
/USERSPACE/DATASETS/CodecFake/train/F03_SSB16990415.wav,3
/USERSPACE/DATASETS/CodecFake/train/F03_SSB14080344.wav,3
/USERSPACE/DATASETS/CodecFake/train/F03_SSB03070366.wav,3
/USERSPACE/DATASETS/CodecFake/train/F03_p260_022.wav,3
/USERSPACE/DATASETS/CodecFake/train/F03_SSB01450260.wav,3
/USERSPACE/DATASETS/CodecFake/train/F03_SSB09350115.wav,3
/USERSPACE/DATASETS/CodecFake/train/F03_p283_429.wav,3
/USERSPACE/DATASETS/CodecFake/train/F03_SSB15930189.wav,3
/USERSPACE/DATASETS/CodecFake/train/F03_p330_333.wav,3
/USERSPACE/DATASETS/CodecFake/train/F03_p245_055.wav,3
/USERSPACE/DATASETS/CodecFake/train/F03_SSB09970452.wav,3
/USERSPACE/DATASETS/CodecFake/train/F03_SSB07020339.wav,3
/USERSPACE/DATASETS/CodecFake/train/F03_SSB11150368.wav,3
/USERSPACE/DATASETS/CodecFake/train/F03_SSB08220143.wav,3
/USERSPACE/DATASETS/CodecFake/train/F03_p274_418.wav,3
/USERSPACE/DATASETS/CodecFake/train/F03_SSB06660126.wav,3
/USERSPACE/DATASETS/CodecFake/train/F03_SSB05650453.wav,3
/USERSPACE/DATASETS/CodecFake/train/F03_SSB14310314.wav,3
/USERSPACE/DATASETS/CodecFake/train/F03_p326_236.wav,3
/USERSPACE/DATASETS/CodecFake/train/F03_SSB05340268.wav,3
/USERSPACE/DATASETS/CodecFake/train/F03_SSB05990122.wav,3
/USERSPACE/DATASETS/CodecFake/train/F03_p334_215.wav,3
/USERSPACE/DATASETS/CodecFake/train/F03_p241_154.wav,3
/USERSPACE/DATASETS/CodecFake/train/F03_SSB16250247.wav,3
/USERSPACE/DATASETS/CodecFake/train/F03_p300_307.wav,3
/USERSPACE/DATASETS/CodecFake/train/F03_SSB03540078.wav,3
/USERSPACE/DATASETS/CodecFake/train/F03_p257_397.wav,3
/USERSPACE/DATASETS/CodecFake/train/F03_SSB19020096.wav,3
/USERSPACE/DATASETS/CodecFake/train/F03_SSB03420328.wav,3
/USERSPACE/DATASETS/CodecFake/train/F03_SSB11260391.wav,3
/USERSPACE/DATASETS/CodecFake/train/F03_p343_293.wav,3
/USERSPACE/DATASETS/CodecFake/train/F03_SSB07800130.wav,3
/USERSPACE/DATASETS/CodecFake/train/F03_p362_166.wav,3
/USERSPACE/DATASETS/CodecFake/train/F03_p228_141.wav,3
/USERSPACE/DATASETS/CodecFake/train/F03_p260_314.wav,3
/USERSPACE/DATASETS/CodecFake/train/F03_p262_393.wav,3
/USERSPACE/DATASETS/CodecFake/train/F03_SSB12210138.wav,3
/USERSPACE/DATASETS/CodecFake/train/F03_SSB01120103.wav,3
/USERSPACE/DATASETS/CodecFake/train/F03_SSB09870171.wav,3
/USERSPACE/DATASETS/CodecFake/train/F03_p244_145.wav,3
/USERSPACE/DATASETS/CodecFake/train/F03_SSB04700463.wav,3
/USERSPACE/DATASETS/CodecFake/train/F03_SSB13020043.wav,3
/USERSPACE/DATASETS/CodecFake/train/F03_SSB07840337.wav,3
/USERSPACE/DATASETS/CodecFake/train/F03_SSB00380482.wav,3
/USERSPACE/DATASETS/CodecFake/train/F03_SSB06320069.wav,3
/USERSPACE/DATASETS/CodecFake/train/F03_SSB07170511.wav,3
/USERSPACE/DATASETS/CodecFake/train/F03_SSB10640277.wav,3
/USERSPACE/DATASETS/CodecFake/train/F03_SSB07200158.wav,3
/USERSPACE/DATASETS/CodecFake/train/F03_SSB10960024.wav,3
/USERSPACE/DATASETS/CodecFake/train/F03_SSB09870167.wav,3
/USERSPACE/DATASETS/CodecFake/train/F03_SSB07600211.wav,3
/USERSPACE/DATASETS/CodecFake/train/F03_SSB03820436.wav,3
/USERSPACE/DATASETS/CodecFake/train/F03_p287_354.wav,3
/USERSPACE/DATASETS/CodecFake/train/F03_SSB04700150.wav,3
/USERSPACE/DATASETS/CodecFake/train/F03_p297_212.wav,3
/USERSPACE/DATASETS/CodecFake/train/F03_SSB00050318.wav,3
/USERSPACE/DATASETS/CodecFake/train/F03_SSB04150214.wav,3
/USERSPACE/DATASETS/CodecFake/train/F03_SSB18780121.wav,3
/USERSPACE/DATASETS/CodecFake/train/F03_SSB05390448.wav,3
/USERSPACE/DATASETS/CodecFake/train/F03_SSB10720030.wav,3
/USERSPACE/DATASETS/CodecFake/train/F03_p273_296.wav,3
/USERSPACE/DATASETS/CodecFake/train/F03_p238_010.wav,3
/USERSPACE/DATASETS/CodecFake/train/F03_p270_044.wav,3
/USERSPACE/DATASETS/CodecFake/train/F03_SSB04070138.wav,3
/USERSPACE/DATASETS/CodecFake/train/F03_p343_274.wav,3
/USERSPACE/DATASETS/CodecFake/train/F03_p280_366.wav,3
/USERSPACE/DATASETS/CodecFake/train/F03_SSB11360128.wav,3
/USERSPACE/DATASETS/CodecFake/train/F03_p237_019.wav,3
/USERSPACE/DATASETS/CodecFake/train/F03_p228_365.wav,3
/USERSPACE/DATASETS/CodecFake/train/F03_p316_083.wav,3
/USERSPACE/DATASETS/CodecFake/train/F03_SSB05990425.wav,3
/USERSPACE/DATASETS/CodecFake/train/F03_SSB07620385.wav,3
/USERSPACE/DATASETS/CodecFake/train/F03_SSB11610475.wav,3
/USERSPACE/DATASETS/CodecFake/train/F03_p248_107.wav,3
/USERSPACE/DATASETS/CodecFake/train/F03_SSB00050440.wav,3
/USERSPACE/DATASETS/CodecFake/train/F03_p360_333.wav,3
/USERSPACE/DATASETS/CodecFake/train/F03_SSB02670141.wav,3
/USERSPACE/DATASETS/CodecFake/train/F03_SSB11350361.wav,3
/USERSPACE/DATASETS/CodecFake/train/F03_SSB14570084.wav,3
/USERSPACE/DATASETS/CodecFake/train/F03_SSB00120363.wav,3
/USERSPACE/DATASETS/CodecFake/train/F03_p341_256.wav,3
/USERSPACE/DATASETS/CodecFake/train/F03_SSB11250145.wav,3
/USERSPACE/DATASETS/CodecFake/train/F03_SSB07510311.wav,3
/USERSPACE/DATASETS/CodecFake/train/F03_SSB18720307.wav,3
/USERSPACE/DATASETS/CodecFake/train/F03_p270_383.wav,3
/USERSPACE/DATASETS/CodecFake/train/F03_p263_122.wav,3
/USERSPACE/DATASETS/CodecFake/train/F03_SSB07780291.wav,3
/USERSPACE/DATASETS/CodecFake/train/F03_SSB01120243.wav,3
/USERSPACE/DATASETS/CodecFake/train/F03_SSB11310392.wav,3
/USERSPACE/DATASETS/CodecFake/train/F03_SSB01450051.wav,3
/USERSPACE/DATASETS/CodecFake/train/F03_SSB07490005.wav,3
/USERSPACE/DATASETS/CodecFake/train/F03_p262_349.wav,3
/USERSPACE/DATASETS/CodecFake/train/F03_SSB05990365.wav,3
/USERSPACE/DATASETS/CodecFake/train/F03_SSB13770445.wav,3
/USERSPACE/DATASETS/CodecFake/train/F03_SSB07230344.wav,3
/USERSPACE/DATASETS/CodecFake/train/F03_SSB15930439.wav,3
/USERSPACE/DATASETS/CodecFake/train/F03_SSB05990357.wav,3
/USERSPACE/DATASETS/CodecFake/train/F03_SSB03410031.wav,3
/USERSPACE/DATASETS/CodecFake/train/F03_SSB05020309.wav,3
/USERSPACE/DATASETS/CodecFake/train/F03_SSB14080063.wav,3
/USERSPACE/DATASETS/CodecFake/train/F03_SSB11610355.wav,3
/USERSPACE/DATASETS/CodecFake/train/F03_SSB09930244.wav,3
/USERSPACE/DATASETS/CodecFake/train/F03_p312_014.wav,3
/USERSPACE/DATASETS/CodecFake/train/F03_SSB06290084.wav,3
/USERSPACE/DATASETS/CodecFake/train/F03_p227_324.wav,3
/USERSPACE/DATASETS/CodecFake/train/F03_SSB03790063.wav,3
/USERSPACE/DATASETS/CodecFake/train/F03_SSB11380108.wav,3
/USERSPACE/DATASETS/CodecFake/train/F03_p329_281.wav,3
/USERSPACE/DATASETS/CodecFake/train/F03_SSB10010479.wav,3
/USERSPACE/DATASETS/CodecFake/train/F03_p294_400.wav,3
/USERSPACE/DATASETS/CodecFake/train/F03_SSB07840030.wav,3
/USERSPACE/DATASETS/CodecFake/train/F03_SSB14480045.wav,3
/USERSPACE/DATASETS/CodecFake/train/F03_SSB00110329.wav,3
/USERSPACE/DATASETS/CodecFake/train/F03_SSB06090415.wav,3
/USERSPACE/DATASETS/CodecFake/train/F03_p236_296.wav,3
/USERSPACE/DATASETS/CodecFake/train/F03_SSB07510373.wav,3
/USERSPACE/DATASETS/CodecFake/train/F03_p227_230.wav,3
/USERSPACE/DATASETS/CodecFake/train/F03_p301_155.wav,3
/USERSPACE/DATASETS/CodecFake/train/F03_p286_437.wav,3
/USERSPACE/DATASETS/CodecFake/train/F03_p336_146.wav,3
/USERSPACE/DATASETS/CodecFake/train/F03_SSB08220392.wav,3
/USERSPACE/DATASETS/CodecFake/train/F03_SSB01120091.wav,3
/USERSPACE/DATASETS/CodecFake/train/F03_SSB07940162.wav,3
/USERSPACE/DATASETS/CodecFake/train/F03_p341_236.wav,3
/USERSPACE/DATASETS/CodecFake/train/F03_SSB02670110.wav,3
/USERSPACE/DATASETS/CodecFake/train/F03_SSB13410002.wav,3
/USERSPACE/DATASETS/CodecFake/train/F03_SSB00180218.wav,3
/USERSPACE/DATASETS/CodecFake/train/F03_SSB10640293.wav,3
/USERSPACE/DATASETS/CodecFake/train/F03_SSB01970051.wav,3
/USERSPACE/DATASETS/CodecFake/train/F03_p274_146.wav,3
/USERSPACE/DATASETS/CodecFake/train/F03_p279_192.wav,3
/USERSPACE/DATASETS/CodecFake/train/F03_p364_032.wav,3
/USERSPACE/DATASETS/CodecFake/train/F03_SSB07360110.wav,3
/USERSPACE/DATASETS/CodecFake/train/F03_p257_069.wav,3
/USERSPACE/DATASETS/CodecFake/train/F03_SSB01450059.wav,3
/USERSPACE/DATASETS/CodecFake/train/F03_SSB01970190.wav,3
/USERSPACE/DATASETS/CodecFake/train/F03_p360_271.wav,3
/USERSPACE/DATASETS/CodecFake/train/F03_SSB07480119.wav,3
/USERSPACE/DATASETS/CodecFake/train/F03_SSB03380503.wav,3
/USERSPACE/DATASETS/CodecFake/train/F03_SSB11380141.wav,3
/USERSPACE/DATASETS/CodecFake/train/F03_SSB18370162.wav,3
/USERSPACE/DATASETS/CodecFake/train/F03_p253_326.wav,3
/USERSPACE/DATASETS/CodecFake/train/F03_SSB03540499.wav,3
/USERSPACE/DATASETS/CodecFake/train/F03_p233_163.wav,3
/USERSPACE/DATASETS/CodecFake/train/F03_p231_103.wav,3
/USERSPACE/DATASETS/CodecFake/train/F03_p278_250.wav,3
/USERSPACE/DATASETS/CodecFake/train/F03_p274_383.wav,3
/USERSPACE/DATASETS/CodecFake/train/F03_p253_122.wav,3
/USERSPACE/DATASETS/CodecFake/train/F03_SSB07360132.wav,3
/USERSPACE/DATASETS/CodecFake/train/F03_SSB08510079.wav,3
/USERSPACE/DATASETS/CodecFake/train/F03_SSB04700372.wav,3
/USERSPACE/DATASETS/CodecFake/train/F03_p284_212.wav,3
/USERSPACE/DATASETS/CodecFake/train/F03_SSB07940429.wav,3
/USERSPACE/DATASETS/CodecFake/train/F03_p248_249.wav,3
/USERSPACE/DATASETS/CodecFake/train/F03_p265_224.wav,3
/USERSPACE/DATASETS/CodecFake/train/F03_p227_201.wav,3
/USERSPACE/DATASETS/CodecFake/train/F03_SSB13920019.wav,3
/USERSPACE/DATASETS/CodecFake/train/F03_p250_421.wav,3
/USERSPACE/DATASETS/CodecFake/train/F03_SSB00050228.wav,3
/USERSPACE/DATASETS/CodecFake/train/F03_p280_140.wav,3
/USERSPACE/DATASETS/CodecFake/train/F03_SSB18780243.wav,3
/USERSPACE/DATASETS/CodecFake/train/F03_SSB03390268.wav,3
/USERSPACE/DATASETS/CodecFake/train/F03_SSB13280404.wav,3
/USERSPACE/DATASETS/CodecFake/train/F03_p341_335.wav,3
/USERSPACE/DATASETS/CodecFake/train/F03_SSB16860253.wav,3
/USERSPACE/DATASETS/CodecFake/train/F03_p287_061.wav,3
/USERSPACE/DATASETS/CodecFake/train/F03_p274_354.wav,3
/USERSPACE/DATASETS/CodecFake/train/F03_p275_030.wav,3
/USERSPACE/DATASETS/CodecFake/train/F03_SSB11310437.wav,3
/USERSPACE/DATASETS/CodecFake/train/F03_p267_283.wav,3
/USERSPACE/DATASETS/CodecFake/train/F03_SSB07600006.wav,3
/USERSPACE/DATASETS/CodecFake/train/F03_p267_337.wav,3
/USERSPACE/DATASETS/CodecFake/train/F03_SSB05440294.wav,3
/USERSPACE/DATASETS/CodecFake/train/F03_SSB00110330.wav,3
/USERSPACE/DATASETS/CodecFake/train/F03_SSB02610444.wav,3
/USERSPACE/DATASETS/CodecFake/train/F03_p307_175.wav,3
/USERSPACE/DATASETS/CodecFake/train/F03_p336_408.wav,3
/USERSPACE/DATASETS/CodecFake/train/F03_SSB06070474.wav,3
/USERSPACE/DATASETS/CodecFake/train/F03_SSB16240487.wav,3
/USERSPACE/DATASETS/CodecFake/train/F03_SSB00730177.wav,3
/USERSPACE/DATASETS/CodecFake/train/F03_p308_288.wav,3
/USERSPACE/DATASETS/CodecFake/train/F03_p251_204.wav,3
/USERSPACE/DATASETS/CodecFake/train/F03_SSB07460237.wav,3
/USERSPACE/DATASETS/CodecFake/train/F03_SSB02870341.wav,3
/USERSPACE/DATASETS/CodecFake/train/F03_SSB12390027.wav,3
/USERSPACE/DATASETS/CodecFake/train/F03_SSB03150391.wav,3
/USERSPACE/DATASETS/CodecFake/train/F03_SSB11000428.wav,3
/USERSPACE/DATASETS/CodecFake/train/F03_SSB05940446.wav,3
/USERSPACE/DATASETS/CodecFake/train/F03_p304_020.wav,3
/USERSPACE/DATASETS/CodecFake/train/F03_p254_059.wav,3
/USERSPACE/DATASETS/CodecFake/train/F03_p343_352.wav,3
/USERSPACE/DATASETS/CodecFake/train/F03_p323_155.wav,3
/USERSPACE/DATASETS/CodecFake/train/F03_p294_210.wav,3
/USERSPACE/DATASETS/CodecFake/train/F03_SSB05880495.wav,3
/USERSPACE/DATASETS/CodecFake/train/F03_p270_145.wav,3
/USERSPACE/DATASETS/CodecFake/train/F03_SSB10560443.wav,3
/USERSPACE/DATASETS/CodecFake/train/F03_SSB07100193.wav,3
/USERSPACE/DATASETS/CodecFake/train/F03_SSB10200491.wav,3
/USERSPACE/DATASETS/CodecFake/train/F03_SSB09130116.wav,3
/USERSPACE/DATASETS/CodecFake/train/F03_p329_296.wav,3
/USERSPACE/DATASETS/CodecFake/train/F03_SSB06140248.wav,3
/USERSPACE/DATASETS/CodecFake/train/F03_p295_369.wav,3
/USERSPACE/DATASETS/CodecFake/train/F03_SSB16990077.wav,3
/USERSPACE/DATASETS/CodecFake/train/F03_SSB07780028.wav,3
/USERSPACE/DATASETS/CodecFake/train/F03_SSB00570280.wav,3
/USERSPACE/DATASETS/CodecFake/train/F03_p228_092.wav,3
/USERSPACE/DATASETS/CodecFake/train/F03_SSB00800061.wav,3
/USERSPACE/DATASETS/CodecFake/train/F03_p300_360.wav,3
/USERSPACE/DATASETS/CodecFake/train/F03_SSB01120003.wav,3
/USERSPACE/DATASETS/CodecFake/train/F03_p286_068.wav,3
/USERSPACE/DATASETS/CodecFake/train/F03_p237_038.wav,3
/USERSPACE/DATASETS/CodecFake/train/F03_p268_148.wav,3
/USERSPACE/DATASETS/CodecFake/train/F03_SSB07800279.wav,3
/USERSPACE/DATASETS/CodecFake/train/F03_SSB01390063.wav,3
/USERSPACE/DATASETS/CodecFake/train/F03_SSB16250473.wav,3
/USERSPACE/DATASETS/CodecFake/train/F03_SSB16070127.wav,3
/USERSPACE/DATASETS/CodecFake/train/F03_SSB15750033.wav,3
/USERSPACE/DATASETS/CodecFake/train/F03_SSB18630240.wav,3
/USERSPACE/DATASETS/CodecFake/train/F03_p298_317.wav,3
/USERSPACE/DATASETS/CodecFake/train/F03_SSB13220262.wav,3
/USERSPACE/DATASETS/CodecFake/train/F03_p335_111.wav,3
/USERSPACE/DATASETS/CodecFake/train/F03_SSB00110437.wav,3
/USERSPACE/DATASETS/CodecFake/train/F03_SSB11000302.wav,3
/USERSPACE/DATASETS/CodecFake/train/F03_p266_400.wav,3
/USERSPACE/DATASETS/CodecFake/train/F03_SSB19560468.wav,3
/USERSPACE/DATASETS/CodecFake/train/F03_SSB06230103.wav,3
/USERSPACE/DATASETS/CodecFake/train/F03_p341_010.wav,3
/USERSPACE/DATASETS/CodecFake/train/F03_SSB06010378.wav,3
/USERSPACE/DATASETS/CodecFake/train/F03_p293_354.wav,3
/USERSPACE/DATASETS/CodecFake/train/F03_SSB11250361.wav,3
/USERSPACE/DATASETS/CodecFake/train/F03_SSB12390196.wav,3
/USERSPACE/DATASETS/CodecFake/train/F03_SSB11870081.wav,3
/USERSPACE/DATASETS/CodecFake/train/F03_SSB05880372.wav,3
/USERSPACE/DATASETS/CodecFake/train/F03_SSB04350242.wav,3
/USERSPACE/DATASETS/CodecFake/train/F03_SSB06090220.wav,3
/USERSPACE/DATASETS/CodecFake/train/F03_SSB03380463.wav,3
/USERSPACE/DATASETS/CodecFake/train/F03_SSB03160098.wav,3
/USERSPACE/DATASETS/CodecFake/train/F03_SSB04350101.wav,3
/USERSPACE/DATASETS/CodecFake/train/F03_p304_229.wav,3
/USERSPACE/DATASETS/CodecFake/train/F03_p236_335.wav,3
/USERSPACE/DATASETS/CodecFake/train/F03_p234_236.wav,3
/USERSPACE/DATASETS/CodecFake/train/F03_p263_075.wav,3
/USERSPACE/DATASETS/CodecFake/train/F03_SSB13410089.wav,3
/USERSPACE/DATASETS/CodecFake/train/F03_p269_335.wav,3
/USERSPACE/DATASETS/CodecFake/train/F03_SSB16840087.wav,3
/USERSPACE/DATASETS/CodecFake/train/F03_p312_059.wav,3
/USERSPACE/DATASETS/CodecFake/train/F03_SSB18720407.wav,3
/USERSPACE/DATASETS/CodecFake/train/F03_SSB12740426.wav,3
/USERSPACE/DATASETS/CodecFake/train/F03_SSB07800231.wav,3
/USERSPACE/DATASETS/CodecFake/train/F03_SSB00380290.wav,3
/USERSPACE/DATASETS/CodecFake/train/F03_p360_028.wav,3
/USERSPACE/DATASETS/CodecFake/train/F03_SSB03230111.wav,3
/USERSPACE/DATASETS/CodecFake/train/F03_p310_361.wav,3
/USERSPACE/DATASETS/CodecFake/train/F03_p249_031.wav,3
/USERSPACE/DATASETS/CodecFake/train/F03_p277_392.wav,3
/USERSPACE/DATASETS/CodecFake/train/F03_p245_152.wav,3
/USERSPACE/DATASETS/CodecFake/train/F03_p285_187.wav,3
/USERSPACE/DATASETS/CodecFake/train/F03_SSB10020093.wav,3
/USERSPACE/DATASETS/CodecFake/train/F03_SSB03850110.wav,3
/USERSPACE/DATASETS/CodecFake/train/F03_SSB04070311.wav,3
/USERSPACE/DATASETS/CodecFake/train/F03_SSB18720361.wav,3
/USERSPACE/DATASETS/CodecFake/train/F03_SSB12180389.wav,3
/USERSPACE/DATASETS/CodecFake/train/F03_SSB03800221.wav,3
/USERSPACE/DATASETS/CodecFake/train/F03_p294_002.wav,3
/USERSPACE/DATASETS/CodecFake/train/F03_SSB03390255.wav,3
/USERSPACE/DATASETS/CodecFake/train/F03_SSB11760143.wav,3
/USERSPACE/DATASETS/CodecFake/train/F03_p286_153.wav,3
/USERSPACE/DATASETS/CodecFake/train/F03_p318_424.wav,3
/USERSPACE/DATASETS/CodecFake/train/F03_SSB01930300.wav,3
/USERSPACE/DATASETS/CodecFake/train/F03_SSB16700160.wav,3
/USERSPACE/DATASETS/CodecFake/train/F03_SSB10020051.wav,3
/USERSPACE/DATASETS/CodecFake/train/F03_SSB17110467.wav,3
/USERSPACE/DATASETS/CodecFake/train/F03_SSB01390023.wav,3
/USERSPACE/DATASETS/CodecFake/train/F03_SSB00160162.wav,3
/USERSPACE/DATASETS/CodecFake/train/F03_p274_182.wav,3
/USERSPACE/DATASETS/CodecFake/train/F03_SSB00330416.wav,3
/USERSPACE/DATASETS/CodecFake/train/F03_p275_079.wav,3
/USERSPACE/DATASETS/CodecFake/train/F03_SSB06070402.wav,3
/USERSPACE/DATASETS/CodecFake/train/F03_SSB02410229.wav,3
/USERSPACE/DATASETS/CodecFake/train/F03_p246_003.wav,3
/USERSPACE/DATASETS/CodecFake/train/F03_SSB03850157.wav,3
/USERSPACE/DATASETS/CodecFake/train/F03_SSB15850230.wav,3
/USERSPACE/DATASETS/CodecFake/train/F03_p362_261.wav,3
/USERSPACE/DATASETS/CodecFake/train/F03_SSB09970426.wav,3
/USERSPACE/DATASETS/CodecFake/train/F03_SSB02880026.wav,3
/USERSPACE/DATASETS/CodecFake/train/F03_SSB03160160.wav,3
/USERSPACE/DATASETS/CodecFake/train/F03_p305_139.wav,3
/USERSPACE/DATASETS/CodecFake/train/F03_SSB09190058.wav,3
/USERSPACE/DATASETS/CodecFake/train/F03_SSB15670360.wav,3
/USERSPACE/DATASETS/CodecFake/train/F03_SSB03750041.wav,3
/USERSPACE/DATASETS/CodecFake/train/F03_SSB02410408.wav,3
/USERSPACE/DATASETS/CodecFake/train/F03_SSB07170096.wav,3
/USERSPACE/DATASETS/CodecFake/train/F03_p252_366.wav,3
/USERSPACE/DATASETS/CodecFake/train/F03_SSB06230039.wav,3
/USERSPACE/DATASETS/CodecFake/train/F03_p250_071.wav,3
/USERSPACE/DATASETS/CodecFake/train/F03_SSB02880028.wav,3
/USERSPACE/DATASETS/CodecFake/train/F03_p281_082.wav,3
/USERSPACE/DATASETS/CodecFake/train/F03_SSB06310354.wav,3
/USERSPACE/DATASETS/CodecFake/train/F03_SSB00330304.wav,3
/USERSPACE/DATASETS/CodecFake/train/F03_SSB03850078.wav,3
/USERSPACE/DATASETS/CodecFake/train/F03_SSB07020104.wav,3
/USERSPACE/DATASETS/CodecFake/train/F03_p287_213.wav,3
/USERSPACE/DATASETS/CodecFake/train/F03_SSB09930409.wav,3
/USERSPACE/DATASETS/CodecFake/train/F03_SSB10010192.wav,3
/USERSPACE/DATASETS/CodecFake/train/F03_SSB05650467.wav,3
/USERSPACE/DATASETS/CodecFake/train/F03_SSB07510015.wav,3
/USERSPACE/DATASETS/CodecFake/train/F03_p339_339.wav,3
/USERSPACE/DATASETS/CodecFake/train/F03_p286_012.wav,3
/USERSPACE/DATASETS/CodecFake/train/F03_p233_190.wav,3
/USERSPACE/DATASETS/CodecFake/train/F03_SSB01450063.wav,3
/USERSPACE/DATASETS/CodecFake/train/F03_SSB06930215.wav,3
/USERSPACE/DATASETS/CodecFake/train/F03_p360_187.wav,3
/USERSPACE/DATASETS/CodecFake/train/F03_p251_156.wav,3
/USERSPACE/DATASETS/CodecFake/train/F03_p315_311.wav,3
/USERSPACE/DATASETS/CodecFake/train/F03_SSB03230307.wav,3
/USERSPACE/DATASETS/CodecFake/train/F03_SSB03150087.wav,3
/USERSPACE/DATASETS/CodecFake/train/F03_SSB00570235.wav,3
/USERSPACE/DATASETS/CodecFake/train/F03_SSB00330367.wav,3
/USERSPACE/DATASETS/CodecFake/train/F03_SSB02410024.wav,3
/USERSPACE/DATASETS/CodecFake/train/F03_p339_164.wav,3
/USERSPACE/DATASETS/CodecFake/train/F03_SSB10960321.wav,3
/USERSPACE/DATASETS/CodecFake/train/F03_SSB11310096.wav,3
/USERSPACE/DATASETS/CodecFake/train/F03_SSB03150135.wav,3
/USERSPACE/DATASETS/CodecFake/train/F03_SSB06060438.wav,3
/USERSPACE/DATASETS/CodecFake/train/F03_SSB00800249.wav,3
/USERSPACE/DATASETS/CodecFake/train/F03_p313_350.wav,3
/USERSPACE/DATASETS/CodecFake/train/F03_p238_158.wav,3
/USERSPACE/DATASETS/CodecFake/train/F03_SSB11360053.wav,3
/USERSPACE/DATASETS/CodecFake/train/F03_SSB11150343.wav,3
/USERSPACE/DATASETS/CodecFake/train/F03_SSB16860256.wav,3
/USERSPACE/DATASETS/CodecFake/train/F03_SSB04270155.wav,3
/USERSPACE/DATASETS/CodecFake/train/F03_SSB00800132.wav,3
/USERSPACE/DATASETS/CodecFake/train/F03_SSB02410331.wav,3
/USERSPACE/DATASETS/CodecFake/train/F03_SSB05440219.wav,3
/USERSPACE/DATASETS/CodecFake/train/F03_p268_059.wav,3
/USERSPACE/DATASETS/CodecFake/train/F03_p293_053.wav,3
/USERSPACE/DATASETS/CodecFake/train/F03_SSB03380485.wav,3
/USERSPACE/DATASETS/CodecFake/train/F03_p240_357.wav,3
/USERSPACE/DATASETS/CodecFake/train/F03_SSB02870072.wav,3
/USERSPACE/DATASETS/CodecFake/train/F03_SSB10720460.wav,3
/USERSPACE/DATASETS/CodecFake/train/F03_p243_025.wav,3
/USERSPACE/DATASETS/CodecFake/train/F03_p323_295.wav,3
/USERSPACE/DATASETS/CodecFake/train/F03_SSB06660250.wav,3
/USERSPACE/DATASETS/CodecFake/train/F03_p265_310.wav,3
/USERSPACE/DATASETS/CodecFake/train/F03_SSB13850290.wav,3
/USERSPACE/DATASETS/CodecFake/train/F03_p302_217.wav,3
/USERSPACE/DATASETS/CodecFake/train/F03_p238_137.wav,3
/USERSPACE/DATASETS/CodecFake/train/F03_SSB01120086.wav,3
/USERSPACE/DATASETS/CodecFake/train/F03_p374_159.wav,3
/USERSPACE/DATASETS/CodecFake/train/F03_p297_007.wav,3
/USERSPACE/DATASETS/CodecFake/train/F03_SSB05700301.wav,3
/USERSPACE/DATASETS/CodecFake/train/F03_p237_342.wav,3
/USERSPACE/DATASETS/CodecFake/train/F03_SSB01220342.wav,3
/USERSPACE/DATASETS/CodecFake/train/F03_SSB00160262.wav,3
/USERSPACE/DATASETS/CodecFake/train/F03_SSB02460165.wav,3
/USERSPACE/DATASETS/CodecFake/train/F03_SSB18090104.wav,3
/USERSPACE/DATASETS/CodecFake/train/F03_SSB18630251.wav,3
/USERSPACE/DATASETS/CodecFake/train/F03_p236_332.wav,3
/USERSPACE/DATASETS/CodecFake/train/F03_SSB07110298.wav,3
/USERSPACE/DATASETS/CodecFake/train/F03_SSB03540419.wav,3
/USERSPACE/DATASETS/CodecFake/train/F03_SSB06710092.wav,3
/USERSPACE/DATASETS/CodecFake/train/F03_p301_401.wav,3
/USERSPACE/DATASETS/CodecFake/train/F03_SSB17590001.wav,3
/USERSPACE/DATASETS/CodecFake/train/F03_SSB11000316.wav,3
/USERSPACE/DATASETS/CodecFake/train/F03_SSB03940129.wav,3
/USERSPACE/DATASETS/CodecFake/train/F03_p318_323.wav,3
/USERSPACE/DATASETS/CodecFake/train/F03_SSB00180136.wav,3
/USERSPACE/DATASETS/CodecFake/train/F03_SSB05940131.wav,3
/USERSPACE/DATASETS/CodecFake/train/F03_p360_299.wav,3
/USERSPACE/DATASETS/CodecFake/train/F03_p326_137.wav,3
/USERSPACE/DATASETS/CodecFake/train/F03_SSB16860358.wav,3
/USERSPACE/DATASETS/CodecFake/train/F03_SSB10000301.wav,3
/USERSPACE/DATASETS/CodecFake/train/F03_SSB07370231.wav,3
/USERSPACE/DATASETS/CodecFake/train/F03_SSB18780341.wav,3
/USERSPACE/DATASETS/CodecFake/train/F03_SSB03540252.wav,3
/USERSPACE/DATASETS/CodecFake/train/F03_SSB03410144.wav,3
/USERSPACE/DATASETS/CodecFake/train/F03_SSB07620012.wav,3
/USERSPACE/DATASETS/CodecFake/train/F03_SSB10000203.wav,3
/USERSPACE/DATASETS/CodecFake/train/F03_SSB03850437.wav,3
/USERSPACE/DATASETS/CodecFake/train/F03_SSB04260340.wav,3
/USERSPACE/DATASETS/CodecFake/train/F03_SSB05990313.wav,3
/USERSPACE/DATASETS/CodecFake/train/F03_p301_030.wav,3
/USERSPACE/DATASETS/CodecFake/train/F03_p243_072.wav,3
/USERSPACE/DATASETS/CodecFake/train/F03_SSB11150336.wav,3
/USERSPACE/DATASETS/CodecFake/train/F03_p317_353.wav,3
/USERSPACE/DATASETS/CodecFake/train/F03_p313_069.wav,3
/USERSPACE/DATASETS/CodecFake/train/F03_p341_179.wav,3
/USERSPACE/DATASETS/CodecFake/train/F03_p312_365.wav,3
/USERSPACE/DATASETS/CodecFake/train/F03_p307_286.wav,3
/USERSPACE/DATASETS/CodecFake/train/F03_p341_059.wav,3
/USERSPACE/DATASETS/CodecFake/train/F03_p308_368.wav,3
/USERSPACE/DATASETS/CodecFake/train/F03_SSB11970401.wav,3
/USERSPACE/DATASETS/CodecFake/train/F03_SSB04820240.wav,3
/USERSPACE/DATASETS/CodecFake/train/F03_SSB01390128.wav,3
/USERSPACE/DATASETS/CodecFake/train/F03_SSB00800493.wav,3
/USERSPACE/DATASETS/CodecFake/train/F03_SSB05390111.wav,3
/USERSPACE/DATASETS/CodecFake/train/F03_SSB15850400.wav,3
/USERSPACE/DATASETS/CodecFake/train/F03_SSB19350428.wav,3
/USERSPACE/DATASETS/CodecFake/train/F03_p306_049.wav,3
/USERSPACE/DATASETS/CodecFake/train/F03_SSB11250206.wav,3
/USERSPACE/DATASETS/CodecFake/train/F03_p271_228.wav,3
/USERSPACE/DATASETS/CodecFake/train/F03_SSB13920399.wav,3
/USERSPACE/DATASETS/CodecFake/train/F03_p269_268.wav,3
/USERSPACE/DATASETS/CodecFake/train/F03_SSB02670421.wav,3
/USERSPACE/DATASETS/CodecFake/train/F03_SSB01390120.wav,3
/USERSPACE/DATASETS/CodecFake/train/F03_p268_204.wav,3
/USERSPACE/DATASETS/CodecFake/train/F03_SSB10200380.wav,3
/USERSPACE/DATASETS/CodecFake/train/F03_SSB11760419.wav,3
/USERSPACE/DATASETS/CodecFake/train/F03_SSB07600287.wav,3
/USERSPACE/DATASETS/CodecFake/train/F03_SSB06930323.wav,3
/USERSPACE/DATASETS/CodecFake/train/F03_p241_068.wav,3
/USERSPACE/DATASETS/CodecFake/train/F03_SSB00090309.wav,3
/USERSPACE/DATASETS/CodecFake/train/F03_SSB08170461.wav,3
/USERSPACE/DATASETS/CodecFake/train/F03_SSB02880349.wav,3
/USERSPACE/DATASETS/CodecFake/train/F03_p227_172.wav,3
/USERSPACE/DATASETS/CodecFake/train/F03_p226_330.wav,3
/USERSPACE/DATASETS/CodecFake/train/F03_p301_336.wav,3
/USERSPACE/DATASETS/CodecFake/train/F03_p228_335.wav,3
/USERSPACE/DATASETS/CodecFake/train/F03_p314_073.wav,3
/USERSPACE/DATASETS/CodecFake/train/F03_SSB16700096.wav,3
/USERSPACE/DATASETS/CodecFake/train/F03_p310_194.wav,3
/USERSPACE/DATASETS/CodecFake/train/F03_p315_280.wav,3
/USERSPACE/DATASETS/CodecFake/train/F03_p244_261.wav,3
/USERSPACE/DATASETS/CodecFake/train/F03_SSB01330232.wav,3
/USERSPACE/DATASETS/CodecFake/train/F03_SSB03850278.wav,3
/USERSPACE/DATASETS/CodecFake/train/F03_SSB18780380.wav,3
/USERSPACE/DATASETS/CodecFake/train/F03_p271_043.wav,3
/USERSPACE/DATASETS/CodecFake/train/F03_SSB13220393.wav,3
/USERSPACE/DATASETS/CodecFake/train/F03_SSB04270382.wav,3
/USERSPACE/DATASETS/CodecFake/train/F03_SSB06660504.wav,3
/USERSPACE/DATASETS/CodecFake/train/F03_p294_206.wav,3
/USERSPACE/DATASETS/CodecFake/train/F03_SSB06710261.wav,3
/USERSPACE/DATASETS/CodecFake/train/F03_SSB07600255.wav,3
/USERSPACE/DATASETS/CodecFake/train/F03_p364_109.wav,3
/USERSPACE/DATASETS/CodecFake/train/F03_p237_343.wav,3
/USERSPACE/DATASETS/CodecFake/train/F03_p303_241.wav,3
/USERSPACE/DATASETS/CodecFake/train/F03_SSB05650267.wav,3
/USERSPACE/DATASETS/CodecFake/train/F03_SSB18720328.wav,3
/USERSPACE/DATASETS/CodecFake/train/F03_p247_226.wav,3
/USERSPACE/DATASETS/CodecFake/train/F03_SSB06680210.wav,3
/USERSPACE/DATASETS/CodecFake/train/F03_p363_176.wav,3
/USERSPACE/DATASETS/CodecFake/train/F03_p297_370.wav,3
/USERSPACE/DATASETS/CodecFake/train/F03_SSB19390108.wav,3
/USERSPACE/DATASETS/CodecFake/train/F03_SSB04270476.wav,3
/USERSPACE/DATASETS/CodecFake/train/F03_SSB07860111.wav,3
/USERSPACE/DATASETS/CodecFake/train/F03_SSB05880403.wav,3
/USERSPACE/DATASETS/CodecFake/train/F03_SSB04260061.wav,3
/USERSPACE/DATASETS/CodecFake/train/F03_SSB09660229.wav,3
/USERSPACE/DATASETS/CodecFake/train/F03_p260_216.wav,3
/USERSPACE/DATASETS/CodecFake/train/F03_SSB14020234.wav,3
/USERSPACE/DATASETS/CodecFake/train/F03_SSB09150138.wav,3
/USERSPACE/DATASETS/CodecFake/train/F03_SSB18100099.wav,3
/USERSPACE/DATASETS/CodecFake/train/F03_SSB07110149.wav,3
/USERSPACE/DATASETS/CodecFake/train/F03_SSB06090383.wav,3
/USERSPACE/DATASETS/CodecFake/train/F03_p279_282.wav,3
/USERSPACE/DATASETS/CodecFake/train/F03_p243_278.wav,3
/USERSPACE/DATASETS/CodecFake/train/F03_SSB13400341.wav,3
/USERSPACE/DATASETS/CodecFake/train/F03_p247_076.wav,3
/USERSPACE/DATASETS/CodecFake/train/F03_SSB16860213.wav,3
/USERSPACE/DATASETS/CodecFake/train/F03_p362_013.wav,3
/USERSPACE/DATASETS/CodecFake/train/F03_SSB05940211.wav,3
/USERSPACE/DATASETS/CodecFake/train/F03_SSB16840403.wav,3
/USERSPACE/DATASETS/CodecFake/train/F03_SSB16240087.wav,3
/USERSPACE/DATASETS/CodecFake/train/F03_SSB00730179.wav,3
/USERSPACE/DATASETS/CodecFake/train/F03_p360_248.wav,3
/USERSPACE/DATASETS/CodecFake/train/F03_p244_081.wav,3
/USERSPACE/DATASETS/CodecFake/train/F03_p264_187.wav,3
/USERSPACE/DATASETS/CodecFake/train/F03_SSB13200159.wav,3
/USERSPACE/DATASETS/CodecFake/train/F03_SSB05340346.wav,3
/USERSPACE/DATASETS/CodecFake/train/F03_p343_319.wav,3
/USERSPACE/DATASETS/CodecFake/train/F03_p336_100.wav,3
/USERSPACE/DATASETS/CodecFake/train/F03_SSB06230066.wav,3
/USERSPACE/DATASETS/CodecFake/train/F03_p304_296.wav,3
/USERSPACE/DATASETS/CodecFake/train/F03_p364_274.wav,3
/USERSPACE/DATASETS/CodecFake/train/F03_p227_138.wav,3
/USERSPACE/DATASETS/CodecFake/train/F03_SSB02000054.wav,3
/USERSPACE/DATASETS/CodecFake/train/F03_SSB16240423.wav,3
/USERSPACE/DATASETS/CodecFake/train/F03_p298_041.wav,3
/USERSPACE/DATASETS/CodecFake/train/F03_p267_102.wav,3
/USERSPACE/DATASETS/CodecFake/train/F03_SSB19560253.wav,3
/USERSPACE/DATASETS/CodecFake/train/F03_p243_271.wav,3
/USERSPACE/DATASETS/CodecFake/train/F03_p293_007.wav,3
/USERSPACE/DATASETS/CodecFake/train/F03_p295_028.wav,3
/USERSPACE/DATASETS/CodecFake/train/F03_p279_205.wav,3
/USERSPACE/DATASETS/CodecFake/train/F03_p255_043.wav,3
/USERSPACE/DATASETS/CodecFake/train/F03_p286_369.wav,3
/USERSPACE/DATASETS/CodecFake/train/F03_p329_422.wav,3
/USERSPACE/DATASETS/CodecFake/train/F03_SSB08870353.wav,3
/USERSPACE/DATASETS/CodecFake/train/F03_p302_019.wav,3
/USERSPACE/DATASETS/CodecFake/train/F03_SSB10500293.wav,3
/USERSPACE/DATASETS/CodecFake/train/F03_p284_344.wav,3
/USERSPACE/DATASETS/CodecFake/train/F03_SSB00380079.wav,3
/USERSPACE/DATASETS/CodecFake/train/F03_SSB06290408.wav,3
/USERSPACE/DATASETS/CodecFake/train/F03_SSB17590442.wav,3
/USERSPACE/DATASETS/CodecFake/train/F03_SSB06290358.wav,3
/USERSPACE/DATASETS/CodecFake/train/F03_SSB06010137.wav,3
/USERSPACE/DATASETS/CodecFake/train/F03_p314_148.wav,3
/USERSPACE/DATASETS/CodecFake/train/F03_p260_118.wav,3
/USERSPACE/DATASETS/CodecFake/train/F03_SSB03950334.wav,3
/USERSPACE/DATASETS/CodecFake/train/F03_SSB11250224.wav,3
/USERSPACE/DATASETS/CodecFake/train/F03_p258_312.wav,3
/USERSPACE/DATASETS/CodecFake/train/F03_SSB02610067.wav,3
/USERSPACE/DATASETS/CodecFake/train/F03_SSB06030374.wav,3
/USERSPACE/DATASETS/CodecFake/train/F03_SSB05390213.wav,3
/USERSPACE/DATASETS/CodecFake/train/F03_SSB07780058.wav,3
/USERSPACE/DATASETS/CodecFake/train/F03_SSB06710133.wav,3
/USERSPACE/DATASETS/CodecFake/train/F03_SSB05340130.wav,3
/USERSPACE/DATASETS/CodecFake/train/F03_SSB19390048.wav,3
/USERSPACE/DATASETS/CodecFake/train/F03_p361_133.wav,3
/USERSPACE/DATASETS/CodecFake/train/F03_SSB00800170.wav,3
/USERSPACE/DATASETS/CodecFake/train/F03_SSB00180465.wav,3
/USERSPACE/DATASETS/CodecFake/train/F03_p247_120.wav,3
/USERSPACE/DATASETS/CodecFake/train/F03_SSB12030346.wav,3
/USERSPACE/DATASETS/CodecFake/train/F03_SSB18370008.wav,3
/USERSPACE/DATASETS/CodecFake/train/F03_SSB16860094.wav,3
/USERSPACE/DATASETS/CodecFake/train/F03_SSB09190062.wav,3
/USERSPACE/DATASETS/CodecFake/train/F03_SSB02730104.wav,3
/USERSPACE/DATASETS/CodecFake/train/F03_p364_138.wav,3
/USERSPACE/DATASETS/CodecFake/train/F03_p250_410.wav,3
/USERSPACE/DATASETS/CodecFake/train/F03_SSB03160348.wav,3
/USERSPACE/DATASETS/CodecFake/train/F03_p335_059.wav,3
/USERSPACE/DATASETS/CodecFake/train/F03_SSB13280417.wav,3
/USERSPACE/DATASETS/CodecFake/train/F03_SSB08710438.wav,3
/USERSPACE/DATASETS/CodecFake/train/F03_SSB07460480.wav,3
/USERSPACE/DATASETS/CodecFake/train/F03_p316_301.wav,3
/USERSPACE/DATASETS/CodecFake/train/F03_SSB13930169.wav,3
/USERSPACE/DATASETS/CodecFake/train/F03_SSB03940399.wav,3
/USERSPACE/DATASETS/CodecFake/train/F03_SSB00800120.wav,3
/USERSPACE/DATASETS/CodecFake/train/F03_SSB04350146.wav,3
/USERSPACE/DATASETS/CodecFake/train/F03_p279_225.wav,3
/USERSPACE/DATASETS/CodecFake/train/F03_p347_091.wav,3
/USERSPACE/DATASETS/CodecFake/train/F03_p343_152.wav,3
/USERSPACE/DATASETS/CodecFake/train/F03_p230_086.wav,3
/USERSPACE/DATASETS/CodecFake/train/F03_SSB00120485.wav,3
/USERSPACE/DATASETS/CodecFake/train/F03_p287_232.wav,3
/USERSPACE/DATASETS/CodecFake/train/F03_SSB18780082.wav,3
/USERSPACE/DATASETS/CodecFake/train/F03_SSB02880170.wav,3
/USERSPACE/DATASETS/CodecFake/train/F03_SSB12150338.wav,3
/USERSPACE/DATASETS/CodecFake/train/F03_SSB07100322.wav,3
/USERSPACE/DATASETS/CodecFake/train/F03_SSB18460094.wav,3
/USERSPACE/DATASETS/CodecFake/train/F03_p241_188.wav,3
/USERSPACE/DATASETS/CodecFake/train/F03_SSB16500122.wav,3
/USERSPACE/DATASETS/CodecFake/train/F03_p316_212.wav,3
/USERSPACE/DATASETS/CodecFake/train/F03_SSB18630132.wav,3
/USERSPACE/DATASETS/CodecFake/train/F03_SSB03940055.wav,3
/USERSPACE/DATASETS/CodecFake/train/F03_SSB05940058.wav,3
/USERSPACE/DATASETS/CodecFake/train/F03_SSB03380223.wav,3
/USERSPACE/DATASETS/CodecFake/train/F03_p248_214.wav,3
/USERSPACE/DATASETS/CodecFake/train/F03_SSB00110180.wav,3
/USERSPACE/DATASETS/CodecFake/train/F03_SSB10720048.wav,3
/USERSPACE/DATASETS/CodecFake/train/F03_p278_122.wav,3
/USERSPACE/DATASETS/CodecFake/train/F03_p227_153.wav,3
/USERSPACE/DATASETS/CodecFake/train/F03_SSB13280381.wav,3
/USERSPACE/DATASETS/CodecFake/train/F03_SSB07460299.wav,3
/USERSPACE/DATASETS/CodecFake/train/F03_p301_112.wav,3
/USERSPACE/DATASETS/CodecFake/train/F03_SSB07110244.wav,3
/USERSPACE/DATASETS/CodecFake/train/F03_p347_350.wav,3
/USERSPACE/DATASETS/CodecFake/train/F03_SSB04260017.wav,3
/USERSPACE/DATASETS/CodecFake/train/F03_SSB02410150.wav,3
/USERSPACE/DATASETS/CodecFake/train/F03_SSB09930415.wav,3
/USERSPACE/DATASETS/CodecFake/train/F03_p247_034.wav,3
/USERSPACE/DATASETS/CodecFake/train/F03_SSB06030429.wav,3
/USERSPACE/DATASETS/CodecFake/train/F03_SSB12390111.wav,3
/USERSPACE/DATASETS/CodecFake/train/F03_p233_039.wav,3
/USERSPACE/DATASETS/CodecFake/train/F03_p364_055.wav,3
/USERSPACE/DATASETS/CodecFake/train/F03_p316_045.wav,3
/USERSPACE/DATASETS/CodecFake/train/F03_SSB12530438.wav,3
/USERSPACE/DATASETS/CodecFake/train/F03_SSB19350379.wav,3
/USERSPACE/DATASETS/CodecFake/train/F03_SSB10910227.wav,3
/USERSPACE/DATASETS/CodecFake/train/F03_SSB06680059.wav,3
/USERSPACE/DATASETS/CodecFake/train/F03_SSB00730259.wav,3
/USERSPACE/DATASETS/CodecFake/train/F03_p276_458.wav,3
/USERSPACE/DATASETS/CodecFake/train/F03_SSB13020164.wav,3
/USERSPACE/DATASETS/CodecFake/train/F03_SSB04820107.wav,3
/USERSPACE/DATASETS/CodecFake/train/F03_SSB05880023.wav,3
/USERSPACE/DATASETS/CodecFake/train/F03_SSB05390157.wav,3
/USERSPACE/DATASETS/CodecFake/train/F03_SSB03660473.wav,3
/USERSPACE/DATASETS/CodecFake/train/F03_p311_286.wav,3
/USERSPACE/DATASETS/CodecFake/train/F03_SSB01120155.wav,3
/USERSPACE/DATASETS/CodecFake/train/F03_SSB13020311.wav,3
/USERSPACE/DATASETS/CodecFake/train/F03_p283_092.wav,3
/USERSPACE/DATASETS/CodecFake/train/F03_SSB05020419.wav,3
/USERSPACE/DATASETS/CodecFake/train/F03_SSB18090301.wav,3
/USERSPACE/DATASETS/CodecFake/train/F03_SSB18720175.wav,3
/USERSPACE/DATASETS/CodecFake/train/F03_SSB06060075.wav,3
/USERSPACE/DATASETS/CodecFake/train/F03_SSB05350357.wav,3
/USERSPACE/DATASETS/CodecFake/train/F03_SSB05390339.wav,3
/USERSPACE/DATASETS/CodecFake/train/F03_SSB08220377.wav,3
/USERSPACE/DATASETS/CodecFake/train/F03_SSB07170447.wav,3
/USERSPACE/DATASETS/CodecFake/train/F03_p263_267.wav,3
/USERSPACE/DATASETS/CodecFake/train/F03_SSB15550078.wav,3
/USERSPACE/DATASETS/CodecFake/train/F03_SSB13400441.wav,3
/USERSPACE/DATASETS/CodecFake/train/F03_SSB01450128.wav,3
/USERSPACE/DATASETS/CodecFake/train/F03_SSB07230214.wav,3
/USERSPACE/DATASETS/CodecFake/train/F03_p227_305.wav,3
/USERSPACE/DATASETS/CodecFake/train/F03_SSB05350446.wav,3
/USERSPACE/DATASETS/CodecFake/train/F03_p250_036.wav,3
/USERSPACE/DATASETS/CodecFake/train/F03_p298_187.wav,3
/USERSPACE/DATASETS/CodecFake/train/F03_SSB14310180.wav,3
/USERSPACE/DATASETS/CodecFake/train/F03_SSB07100468.wav,3
/USERSPACE/DATASETS/CodecFake/train/F03_p280_114.wav,3
/USERSPACE/DATASETS/CodecFake/train/F03_SSB12160480.wav,3
/USERSPACE/DATASETS/CodecFake/train/F03_p363_326.wav,3
/USERSPACE/DATASETS/CodecFake/train/F03_SSB00380294.wav,3
/USERSPACE/DATASETS/CodecFake/train/F03_p295_402.wav,3
/USERSPACE/DATASETS/CodecFake/train/F03_p317_036.wav,3
/USERSPACE/DATASETS/CodecFake/train/F03_SSB07490200.wav,3
/USERSPACE/DATASETS/CodecFake/train/F03_SSB19350005.wav,3
/USERSPACE/DATASETS/CodecFake/train/F03_SSB05990361.wav,3
/USERSPACE/DATASETS/CodecFake/train/F03_p225_225.wav,3
/USERSPACE/DATASETS/CodecFake/train/F03_SSB00120117.wav,3
/USERSPACE/DATASETS/CodecFake/train/F03_SSB03150467.wav,3
/USERSPACE/DATASETS/CodecFake/train/F03_p281_331.wav,3
/USERSPACE/DATASETS/CodecFake/train/F03_SSB06930243.wav,3
/USERSPACE/DATASETS/CodecFake/train/F03_SSB12030412.wav,3
/USERSPACE/DATASETS/CodecFake/train/F03_SSB02990457.wav,3
/USERSPACE/DATASETS/CodecFake/train/F03_p259_012.wav,3
/USERSPACE/DATASETS/CodecFake/train/F03_SSB16990263.wav,3
/USERSPACE/DATASETS/CodecFake/train/F03_SSB00800333.wav,3
/USERSPACE/DATASETS/CodecFake/train/F03_SSB17590184.wav,3
/USERSPACE/DATASETS/CodecFake/train/F03_SSB05020159.wav,3
/USERSPACE/DATASETS/CodecFake/train/F03_SSB07370296.wav,3
/USERSPACE/DATASETS/CodecFake/train/F03_SSB06010292.wav,3
/USERSPACE/DATASETS/CodecFake/train/F03_SSB10960315.wav,3
/USERSPACE/DATASETS/CodecFake/train/F03_SSB01970104.wav,3
/USERSPACE/DATASETS/CodecFake/train/F03_p237_136.wav,3
/USERSPACE/DATASETS/CodecFake/train/F03_SSB15670040.wav,3
/USERSPACE/DATASETS/CodecFake/train/F03_SSB13850137.wav,3
/USERSPACE/DATASETS/CodecFake/train/F03_p306_181.wav,3
/USERSPACE/DATASETS/CodecFake/train/F03_SSB12740096.wav,3
/USERSPACE/DATASETS/CodecFake/train/F03_SSB15930224.wav,3
/USERSPACE/DATASETS/CodecFake/train/F03_SSB12040398.wav,3
/USERSPACE/DATASETS/CodecFake/train/F03_SSB04070154.wav,3
/USERSPACE/DATASETS/CodecFake/train/F03_p270_457.wav,3
/USERSPACE/DATASETS/CodecFake/train/F03_SSB10960284.wav,3
/USERSPACE/DATASETS/CodecFake/train/F03_p265_230.wav,3
/USERSPACE/DATASETS/CodecFake/train/F03_p240_220.wav,3
/USERSPACE/DATASETS/CodecFake/train/F03_SSB11360236.wav,3
/USERSPACE/DATASETS/CodecFake/train/F03_SSB06710310.wav,3
/USERSPACE/DATASETS/CodecFake/train/F03_p316_354.wav,3
/USERSPACE/DATASETS/CodecFake/train/F03_p361_360.wav,3
/USERSPACE/DATASETS/CodecFake/train/F03_SSB00160127.wav,3
/USERSPACE/DATASETS/CodecFake/train/F03_SSB04350269.wav,3
/USERSPACE/DATASETS/CodecFake/train/F03_p230_390.wav,3
/USERSPACE/DATASETS/CodecFake/train/F03_SSB11000189.wav,3
/USERSPACE/DATASETS/CodecFake/train/F03_SSB16990303.wav,3
/USERSPACE/DATASETS/CodecFake/train/F03_SSB05650330.wav,3
/USERSPACE/DATASETS/CodecFake/train/F03_p254_365.wav,3
/USERSPACE/DATASETS/CodecFake/train/F03_SSB13990024.wav,3
/USERSPACE/DATASETS/CodecFake/train/F03_SSB02670107.wav,3
/USERSPACE/DATASETS/CodecFake/train/F03_SSB12390288.wav,3
/USERSPACE/DATASETS/CodecFake/train/F03_SSB05020169.wav,3
/USERSPACE/DATASETS/CodecFake/train/F03_SSB02460010.wav,3
/USERSPACE/DATASETS/CodecFake/train/F03_p257_062.wav,3
/USERSPACE/DATASETS/CodecFake/train/F03_SSB00800263.wav,3
/USERSPACE/DATASETS/CodecFake/train/F03_SSB07940374.wav,3
/USERSPACE/DATASETS/CodecFake/train/F03_p351_408.wav,3
/USERSPACE/DATASETS/CodecFake/train/F03_p314_043.wav,3
/USERSPACE/DATASETS/CodecFake/train/F03_SSB10000056.wav,3
/USERSPACE/DATASETS/CodecFake/train/F03_SSB19390050.wav,3
/USERSPACE/DATASETS/CodecFake/train/F03_p276_270.wav,3
/USERSPACE/DATASETS/CodecFake/train/F03_p326_277.wav,3
/USERSPACE/DATASETS/CodecFake/train/F03_SSB18310273.wav,3
/USERSPACE/DATASETS/CodecFake/train/F03_SSB06090399.wav,3
/USERSPACE/DATASETS/CodecFake/train/F03_SSB19020175.wav,3
/USERSPACE/DATASETS/CodecFake/train/F03_SSB05340257.wav,3
/USERSPACE/DATASETS/CodecFake/train/F03_SSB18060346.wav,3
/USERSPACE/DATASETS/CodecFake/train/F03_SSB11350401.wav,3
/USERSPACE/DATASETS/CodecFake/train/F03_SSB15550481.wav,3
/USERSPACE/DATASETS/CodecFake/train/F03_SSB15630382.wav,3
/USERSPACE/DATASETS/CodecFake/train/F03_SSB07460484.wav,3
/USERSPACE/DATASETS/CodecFake/train/F03_p280_352.wav,3
/USERSPACE/DATASETS/CodecFake/train/F03_SSB03940321.wav,3
/USERSPACE/DATASETS/CodecFake/train/F03_p302_215.wav,3
/USERSPACE/DATASETS/CodecFake/train/F03_SSB15930113.wav,3
/USERSPACE/DATASETS/CodecFake/train/F03_SSB00380388.wav,3
/USERSPACE/DATASETS/CodecFake/train/F03_SSB18320390.wav,3
/USERSPACE/DATASETS/CodecFake/train/F03_SSB00110040.wav,3
/USERSPACE/DATASETS/CodecFake/train/F03_p264_364.wav,3
/USERSPACE/DATASETS/CodecFake/train/F03_SSB04340275.wav,3
/USERSPACE/DATASETS/CodecFake/train/F03_SSB03790185.wav,3
/USERSPACE/DATASETS/CodecFake/train/F03_p362_122.wav,3
/USERSPACE/DATASETS/CodecFake/train/F03_p295_006.wav,3
/USERSPACE/DATASETS/CodecFake/train/F03_SSB01450277.wav,3
/USERSPACE/DATASETS/CodecFake/train/F03_SSB16300062.wav,3
/USERSPACE/DATASETS/CodecFake/train/F03_SSB13660342.wav,3
/USERSPACE/DATASETS/CodecFake/train/F03_SSB02460474.wav,3
/USERSPACE/DATASETS/CodecFake/train/F03_SSB06930451.wav,3
/USERSPACE/DATASETS/CodecFake/train/F03_p263_357.wav,3
/USERSPACE/DATASETS/CodecFake/train/F03_SSB05990186.wav,3
/USERSPACE/DATASETS/CodecFake/train/F03_SSB09350422.wav,3
/USERSPACE/DATASETS/CodecFake/train/F03_SSB04270029.wav,3
/USERSPACE/DATASETS/CodecFake/train/F03_SSB02730302.wav,3
/USERSPACE/DATASETS/CodecFake/train/F03_SSB11260279.wav,3
/USERSPACE/DATASETS/CodecFake/train/F03_SSB07360440.wav,3
/USERSPACE/DATASETS/CodecFake/train/F03_SSB06310033.wav,3
/USERSPACE/DATASETS/CodecFake/train/F03_SSB05650114.wav,3
/USERSPACE/DATASETS/CodecFake/train/F03_SSB03790248.wav,3
/USERSPACE/DATASETS/CodecFake/train/F03_SSB19180120.wav,3
/USERSPACE/DATASETS/CodecFake/train/F03_p257_241.wav,3
/USERSPACE/DATASETS/CodecFake/train/F03_SSB02460178.wav,3
/USERSPACE/DATASETS/CodecFake/train/F03_p339_282.wav,3
/USERSPACE/DATASETS/CodecFake/train/F03_SSB18280139.wav,3
/USERSPACE/DATASETS/CodecFake/train/F03_SSB07580003.wav,3
/USERSPACE/DATASETS/CodecFake/train/F03_SSB15750485.wav,3
/USERSPACE/DATASETS/CodecFake/train/F03_SSB09350426.wav,3
/USERSPACE/DATASETS/CodecFake/train/F03_SSB03090186.wav,3
/USERSPACE/DATASETS/CodecFake/train/F03_SSB04150079.wav,3
/USERSPACE/DATASETS/CodecFake/train/F03_p313_157.wav,3
/USERSPACE/DATASETS/CodecFake/train/F03_SSB18460178.wav,3
/USERSPACE/DATASETS/CodecFake/train/F03_SSB03820211.wav,3
/USERSPACE/DATASETS/CodecFake/train/F03_p283_374.wav,3
/USERSPACE/DATASETS/CodecFake/train/F03_p228_077.wav,3
/USERSPACE/DATASETS/CodecFake/train/F03_SSB06090386.wav,3
/USERSPACE/DATASETS/CodecFake/train/F03_SSB08510048.wav,3
/USERSPACE/DATASETS/CodecFake/train/F03_p236_363.wav,3
/USERSPACE/DATASETS/CodecFake/train/F03_SSB03750217.wav,3
/USERSPACE/DATASETS/CodecFake/train/F03_SSB03150093.wav,3
/USERSPACE/DATASETS/CodecFake/train/F03_SSB04260127.wav,3
/USERSPACE/DATASETS/CodecFake/train/F03_SSB03850044.wav,3
/USERSPACE/DATASETS/CodecFake/train/F03_SSB07490443.wav,3
/USERSPACE/DATASETS/CodecFake/train/F03_SSB08170231.wav,3
/USERSPACE/DATASETS/CodecFake/train/F03_SSB18320058.wav,3
/USERSPACE/DATASETS/CodecFake/train/F03_SSB16500358.wav,3
/USERSPACE/DATASETS/CodecFake/train/F03_p273_060.wav,3
/USERSPACE/DATASETS/CodecFake/train/F03_p326_373.wav,3
/USERSPACE/DATASETS/CodecFake/train/F03_p317_167.wav,3
/USERSPACE/DATASETS/CodecFake/train/F03_SSB15930091.wav,3
/USERSPACE/DATASETS/CodecFake/train/F03_SSB00730147.wav,3
/USERSPACE/DATASETS/CodecFake/train/F03_SSB17450437.wav,3
/USERSPACE/DATASETS/CodecFake/train/F03_p225_144.wav,3
/USERSPACE/DATASETS/CodecFake/train/F03_p273_414.wav,3
/USERSPACE/DATASETS/CodecFake/train/F03_SSB03150096.wav,3
/USERSPACE/DATASETS/CodecFake/train/F03_SSB07000387.wav,3
/USERSPACE/DATASETS/CodecFake/train/F03_SSB18370314.wav,3
/USERSPACE/DATASETS/CodecFake/train/F03_SSB04150211.wav,3
/USERSPACE/DATASETS/CodecFake/train/F03_SSB02410351.wav,3
/USERSPACE/DATASETS/CodecFake/train/F03_p277_059.wav,3
/USERSPACE/DATASETS/CodecFake/train/F03_SSB02870200.wav,3
/USERSPACE/DATASETS/CodecFake/train/F03_p244_220.wav,3
/USERSPACE/DATASETS/CodecFake/train/F03_p339_023.wav,3
/USERSPACE/DATASETS/CodecFake/train/F03_SSB12530237.wav,3
/USERSPACE/DATASETS/CodecFake/train/F03_SSB09660392.wav,3
/USERSPACE/DATASETS/CodecFake/train/F03_SSB19180325.wav,3
/USERSPACE/DATASETS/CodecFake/train/F03_SSB16840222.wav,3
/USERSPACE/DATASETS/CodecFake/train/F03_SSB03230320.wav,3
/USERSPACE/DATASETS/CodecFake/train/F03_SSB12030099.wav,3
/USERSPACE/DATASETS/CodecFake/train/F03_p267_307.wav,3
/USERSPACE/DATASETS/CodecFake/train/F03_p274_135.wav,3
/USERSPACE/DATASETS/CodecFake/train/F03_SSB03940185.wav,3
/USERSPACE/DATASETS/CodecFake/train/F03_SSB19180460.wav,3
/USERSPACE/DATASETS/CodecFake/train/F03_SSB10960331.wav,3
/USERSPACE/DATASETS/CodecFake/train/F03_SSB05020190.wav,3
/USERSPACE/DATASETS/CodecFake/train/F03_p334_315.wav,3
/USERSPACE/DATASETS/CodecFake/train/F03_p241_315.wav,3
/USERSPACE/DATASETS/CodecFake/train/F03_SSB01390062.wav,3
/USERSPACE/DATASETS/CodecFake/train/F03_SSB03540445.wav,3
/USERSPACE/DATASETS/CodecFake/train/F03_SSB04150302.wav,3
/USERSPACE/DATASETS/CodecFake/train/F03_SSB00330246.wav,3
/USERSPACE/DATASETS/CodecFake/train/F03_p254_166.wav,3
/USERSPACE/DATASETS/CodecFake/train/F03_p247_186.wav,3
/USERSPACE/DATASETS/CodecFake/train/F03_SSB08090417.wav,3
/USERSPACE/DATASETS/CodecFake/train/F03_SSB10560432.wav,3
/USERSPACE/DATASETS/CodecFake/train/F03_SSB10640348.wav,3
/USERSPACE/DATASETS/CodecFake/train/F03_SSB10720477.wav,3
/USERSPACE/DATASETS/CodecFake/train/F03_SSB19180164.wav,3
/USERSPACE/DATASETS/CodecFake/train/F03_p294_278.wav,3
/USERSPACE/DATASETS/CodecFake/train/F03_p234_119.wav,3
/USERSPACE/DATASETS/CodecFake/train/F03_p231_418.wav,3
/USERSPACE/DATASETS/CodecFake/train/F03_p298_401.wav,3
/USERSPACE/DATASETS/CodecFake/train/F03_SSB12530087.wav,3
/USERSPACE/DATASETS/CodecFake/train/F03_SSB18780369.wav,3
/USERSPACE/DATASETS/CodecFake/train/F03_p316_422.wav,3
/USERSPACE/DATASETS/CodecFake/train/F03_SSB07860171.wav,3
/USERSPACE/DATASETS/CodecFake/train/F03_p277_291.wav,3
/USERSPACE/DATASETS/CodecFake/train/F03_SSB07600053.wav,3
/USERSPACE/DATASETS/CodecFake/train/F03_p263_433.wav,3
/USERSPACE/DATASETS/CodecFake/train/F03_p329_115.wav,3
/USERSPACE/DATASETS/CodecFake/train/F03_SSB12740083.wav,3
/USERSPACE/DATASETS/CodecFake/train/F03_SSB14480471.wav,3
/USERSPACE/DATASETS/CodecFake/train/F03_p260_338.wav,3
/USERSPACE/DATASETS/CodecFake/train/F03_SSB11000056.wav,3
/USERSPACE/DATASETS/CodecFake/train/F03_SSB00380142.wav,3
/USERSPACE/DATASETS/CodecFake/train/F03_SSB06660220.wav,3
/USERSPACE/DATASETS/CodecFake/train/F03_SSB10960484.wav,3
/USERSPACE/DATASETS/CodecFake/train/F03_SSB19560120.wav,3
/USERSPACE/DATASETS/CodecFake/train/F03_SSB08870363.wav,3
/USERSPACE/DATASETS/CodecFake/train/F03_SSB11350165.wav,3
/USERSPACE/DATASETS/CodecFake/train/F03_SSB06290269.wav,3
/USERSPACE/DATASETS/CodecFake/train/F03_SSB13280099.wav,3
/USERSPACE/DATASETS/CodecFake/train/F03_p244_215.wav,3
/USERSPACE/DATASETS/CodecFake/train/F03_SSB03410165.wav,3
/USERSPACE/DATASETS/CodecFake/train/F03_p247_133.wav,3
/USERSPACE/DATASETS/CodecFake/train/F03_SSB14480117.wav,3
/USERSPACE/DATASETS/CodecFake/train/F03_SSB01120327.wav,3
/USERSPACE/DATASETS/CodecFake/train/F03_p363_195.wav,3
/USERSPACE/DATASETS/CodecFake/train/F03_SSB07370206.wav,3
/USERSPACE/DATASETS/CodecFake/train/F03_p361_180.wav,3
/USERSPACE/DATASETS/CodecFake/train/F03_SSB04820476.wav,3
/USERSPACE/DATASETS/CodecFake/train/F03_SSB18460218.wav,3
/USERSPACE/DATASETS/CodecFake/train/F03_SSB06030213.wav,3
/USERSPACE/DATASETS/CodecFake/train/F03_SSB09350038.wav,3
/USERSPACE/DATASETS/CodecFake/train/F03_SSB00730209.wav,3
/USERSPACE/DATASETS/CodecFake/train/F03_SSB02990184.wav,3
/USERSPACE/DATASETS/CodecFake/train/F03_p237_239.wav,3
/USERSPACE/DATASETS/CodecFake/train/F03_p347_326.wav,3
/USERSPACE/DATASETS/CodecFake/train/F03_p243_374.wav,3
/USERSPACE/DATASETS/CodecFake/train/F03_SSB19020199.wav,3
/USERSPACE/DATASETS/CodecFake/train/F03_SSB11080180.wav,3
/USERSPACE/DATASETS/CodecFake/train/F03_p351_129.wav,3
/USERSPACE/DATASETS/CodecFake/train/F03_SSB05440175.wav,3
/USERSPACE/DATASETS/CodecFake/train/F03_p312_330.wav,3
/USERSPACE/DATASETS/CodecFake/train/F03_SSB17810062.wav,3
/USERSPACE/DATASETS/CodecFake/train/F03_SSB15930269.wav,3
/USERSPACE/DATASETS/CodecFake/train/F03_SSB02670279.wav,3
/USERSPACE/DATASETS/CodecFake/train/F03_SSB03790428.wav,3
/USERSPACE/DATASETS/CodecFake/train/F03_SSB09190388.wav,3
/USERSPACE/DATASETS/CodecFake/train/F03_SSB06230300.wav,3
/USERSPACE/DATASETS/CodecFake/train/F03_p283_210.wav,3
/USERSPACE/DATASETS/CodecFake/train/F03_SSB15930356.wav,3
/USERSPACE/DATASETS/CodecFake/train/F03_p339_342.wav,3
/USERSPACE/DATASETS/CodecFake/train/F03_SSB13770100.wav,3
/USERSPACE/DATASETS/CodecFake/train/F03_p241_351.wav,3
/USERSPACE/DATASETS/CodecFake/train/F03_SSB04270152.wav,3
/USERSPACE/DATASETS/CodecFake/train/F03_p340_030.wav,3
/USERSPACE/DATASETS/CodecFake/train/F03_SSB10000309.wav,3
/USERSPACE/DATASETS/CodecFake/train/F03_SSB09930177.wav,3
/USERSPACE/DATASETS/CodecFake/train/F03_SSB03160293.wav,3
/USERSPACE/DATASETS/CodecFake/train/F03_p239_089.wav,3
/USERSPACE/DATASETS/CodecFake/train/F03_SSB06860251.wav,3
/USERSPACE/DATASETS/CodecFake/train/F03_SSB02410299.wav,3
/USERSPACE/DATASETS/CodecFake/train/F03_SSB13400344.wav,3
/USERSPACE/DATASETS/CodecFake/train/F03_SSB04260071.wav,3
/USERSPACE/DATASETS/CodecFake/train/F03_p246_075.wav,3
/USERSPACE/DATASETS/CodecFake/train/F03_p362_160.wav,3
/USERSPACE/DATASETS/CodecFake/train/F03_SSB10960134.wav,3
/USERSPACE/DATASETS/CodecFake/train/F03_SSB01390501.wav,3
/USERSPACE/DATASETS/CodecFake/train/F03_SSB11610473.wav,3
/USERSPACE/DATASETS/CodecFake/train/F03_SSB13020319.wav,3
/USERSPACE/DATASETS/CodecFake/train/F03_SSB08090443.wav,3
/USERSPACE/DATASETS/CodecFake/train/F03_SSB17390400.wav,3
/USERSPACE/DATASETS/CodecFake/train/F03_p361_056.wav,3
/USERSPACE/DATASETS/CodecFake/train/F03_SSB00800390.wav,3
/USERSPACE/DATASETS/CodecFake/train/F03_SSB00380137.wav,3
/USERSPACE/DATASETS/CodecFake/train/F03_p292_182.wav,3
/USERSPACE/DATASETS/CodecFake/train/F03_p241_100.wav,3
/USERSPACE/DATASETS/CodecFake/train/F03_SSB02880388.wav,3
/USERSPACE/DATASETS/CodecFake/train/F03_SSB12210042.wav,3
/USERSPACE/DATASETS/CodecFake/train/F03_SSB14080068.wav,3
/USERSPACE/DATASETS/CodecFake/train/F03_p247_057.wav,3
/USERSPACE/DATASETS/CodecFake/train/F03_p262_271.wav,3
/USERSPACE/DATASETS/CodecFake/train/F03_SSB13850104.wav,3
/USERSPACE/DATASETS/CodecFake/train/F03_SSB01490020.wav,3
/USERSPACE/DATASETS/CodecFake/train/F03_SSB06060150.wav,3
/USERSPACE/DATASETS/CodecFake/train/F03_SSB08630048.wav,3
/USERSPACE/DATASETS/CodecFake/train/F03_SSB10240313.wav,3
/USERSPACE/DATASETS/CodecFake/train/F03_SSB03800300.wav,3
/USERSPACE/DATASETS/CodecFake/train/F03_SSB05340089.wav,3
/USERSPACE/DATASETS/CodecFake/train/F03_SSB02000458.wav,3
/USERSPACE/DATASETS/CodecFake/train/F03_p273_239.wav,3
/USERSPACE/DATASETS/CodecFake/train/F03_SSB15550432.wav,3
/USERSPACE/DATASETS/CodecFake/train/F03_p229_068.wav,3
/USERSPACE/DATASETS/CodecFake/train/F03_SSB07490116.wav,3
/USERSPACE/DATASETS/CodecFake/train/F03_p329_067.wav,3
/USERSPACE/DATASETS/CodecFake/train/F03_SSB06070438.wav,3
/USERSPACE/DATASETS/CodecFake/train/F03_SSB01450076.wav,3
/USERSPACE/DATASETS/CodecFake/train/F03_p227_020.wav,3
/USERSPACE/DATASETS/CodecFake/train/F03_p267_171.wav,3
/USERSPACE/DATASETS/CodecFake/train/F03_SSB03750107.wav,3
/USERSPACE/DATASETS/CodecFake/train/F03_SSB07020070.wav,3
/USERSPACE/DATASETS/CodecFake/train/F03_SSB07100145.wav,3
/USERSPACE/DATASETS/CodecFake/train/F03_SSB07620119.wav,3
/USERSPACE/DATASETS/CodecFake/train/F03_SSB03420309.wav,3
/USERSPACE/DATASETS/CodecFake/train/F03_p260_337.wav,3
/USERSPACE/DATASETS/CodecFake/train/F03_SSB15850396.wav,3
/USERSPACE/DATASETS/CodecFake/train/F03_p305_353.wav,3
/USERSPACE/DATASETS/CodecFake/train/F03_p266_414.wav,3
/USERSPACE/DATASETS/CodecFake/train/F03_SSB07620486.wav,3
/USERSPACE/DATASETS/CodecFake/train/F03_p255_200.wav,3
/USERSPACE/DATASETS/CodecFake/train/F03_SSB11360152.wav,3
/USERSPACE/DATASETS/CodecFake/train/F03_SSB06140431.wav,3
/USERSPACE/DATASETS/CodecFake/train/F03_SSB06030085.wav,3
/USERSPACE/DATASETS/CodecFake/train/F03_SSB03380006.wav,3
/USERSPACE/DATASETS/CodecFake/train/F03_p287_078.wav,3
/USERSPACE/DATASETS/CodecFake/train/F03_p295_270.wav,3
/USERSPACE/DATASETS/CodecFake/train/F03_SSB13220354.wav,3
/USERSPACE/DATASETS/CodecFake/train/F03_p264_114.wav,3
/USERSPACE/DATASETS/CodecFake/train/F03_SSB19020050.wav,3
/USERSPACE/DATASETS/CodecFake/train/F03_SSB13410224.wav,3
/USERSPACE/DATASETS/CodecFake/train/F03_SSB18780411.wav,3
/USERSPACE/DATASETS/CodecFake/train/F03_SSB09660034.wav,3
/USERSPACE/DATASETS/CodecFake/train/F03_SSB05990266.wav,3
/USERSPACE/DATASETS/CodecFake/train/F03_SSB01490354.wav,3
/USERSPACE/DATASETS/CodecFake/train/F03_SSB10500328.wav,3
/USERSPACE/DATASETS/CodecFake/train/F03_SSB03850014.wav,3
/USERSPACE/DATASETS/CodecFake/train/F03_p259_357.wav,3
/USERSPACE/DATASETS/CodecFake/train/F03_SSB00110276.wav,3
/USERSPACE/DATASETS/CodecFake/train/F03_p347_176.wav,3
/USERSPACE/DATASETS/CodecFake/train/F03_SSB14520259.wav,3
/USERSPACE/DATASETS/CodecFake/train/F03_SSB18280268.wav,3
/USERSPACE/DATASETS/CodecFake/train/F03_p315_360.wav,3
/USERSPACE/DATASETS/CodecFake/train/F03_p343_299.wav,3
/USERSPACE/DATASETS/CodecFake/train/F03_p250_166.wav,3
/USERSPACE/DATASETS/CodecFake/train/F03_SSB03800166.wav,3
/USERSPACE/DATASETS/CodecFake/train/F03_p286_337.wav,3
/USERSPACE/DATASETS/CodecFake/train/F03_SSB07600093.wav,3
/USERSPACE/DATASETS/CodecFake/train/F03_SSB04820192.wav,3
/USERSPACE/DATASETS/CodecFake/train/F03_p345_076.wav,3
/USERSPACE/DATASETS/CodecFake/train/F03_p238_344.wav,3
/USERSPACE/DATASETS/CodecFake/train/F03_SSB11970320.wav,3
/USERSPACE/DATASETS/CodecFake/train/F03_SSB04150376.wav,3
/USERSPACE/DATASETS/CodecFake/train/F03_SSB01330380.wav,3
/USERSPACE/DATASETS/CodecFake/train/F03_p351_125.wav,3
/USERSPACE/DATASETS/CodecFake/train/F03_SSB10550210.wav,3
/USERSPACE/DATASETS/CodecFake/train/F03_SSB11260146.wav,3
/USERSPACE/DATASETS/CodecFake/train/F03_SSB12190053.wav,3
/USERSPACE/DATASETS/CodecFake/train/F03_p308_135.wav,3
/USERSPACE/DATASETS/CodecFake/train/F03_SSB08090363.wav,3
/USERSPACE/DATASETS/CodecFake/train/F03_p313_237.wav,3
/USERSPACE/DATASETS/CodecFake/train/F03_SSB16990417.wav,3
/USERSPACE/DATASETS/CodecFake/train/F03_p275_419.wav,3
/USERSPACE/DATASETS/CodecFake/train/F03_SSB16250021.wav,3
/USERSPACE/DATASETS/CodecFake/train/F03_p226_030.wav,3
/USERSPACE/DATASETS/CodecFake/train/F03_SSB03420098.wav,3
/USERSPACE/DATASETS/CodecFake/train/F03_SSB08510227.wav,3
/USERSPACE/DATASETS/CodecFake/train/F03_p339_245.wav,3
/USERSPACE/DATASETS/CodecFake/train/F03_SSB00090257.wav,3
/USERSPACE/DATASETS/CodecFake/train/F03_p303_292.wav,3
/USERSPACE/DATASETS/CodecFake/train/F03_SSB07460325.wav,3
/USERSPACE/DATASETS/CodecFake/train/F03_SSB02610499.wav,3
/USERSPACE/DATASETS/CodecFake/train/F03_SSB07600425.wav,3
/USERSPACE/DATASETS/CodecFake/train/F03_p226_054.wav,3
/USERSPACE/DATASETS/CodecFake/train/F03_SSB06090245.wav,3
/USERSPACE/DATASETS/CodecFake/train/F03_SSB05900303.wav,3
/USERSPACE/DATASETS/CodecFake/train/F03_p294_145.wav,3
/USERSPACE/DATASETS/CodecFake/train/F03_SSB09870091.wav,3
/USERSPACE/DATASETS/CodecFake/train/F03_SSB12040476.wav,3
/USERSPACE/DATASETS/CodecFake/train/F03_SSB03930269.wav,3
/USERSPACE/DATASETS/CodecFake/train/F03_p261_026.wav,3
/USERSPACE/DATASETS/CodecFake/train/F03_SSB04340097.wav,3
/USERSPACE/DATASETS/CodecFake/train/F03_SSB11350170.wav,3
/USERSPACE/DATASETS/CodecFake/train/F03_SSB05940296.wav,3
/USERSPACE/DATASETS/CodecFake/train/F03_p351_288.wav,3
/USERSPACE/DATASETS/CodecFake/train/F03_p341_277.wav,3
/USERSPACE/DATASETS/CodecFake/train/F03_SSB06070302.wav,3
/USERSPACE/DATASETS/CodecFake/train/F03_p374_293.wav,3
/USERSPACE/DATASETS/CodecFake/train/F03_p285_006.wav,3
/USERSPACE/DATASETS/CodecFake/train/F03_SSB06860030.wav,3
/USERSPACE/DATASETS/CodecFake/train/F03_SSB03540370.wav,3
/USERSPACE/DATASETS/CodecFake/train/F03_SSB07110155.wav,3
/USERSPACE/DATASETS/CodecFake/train/F03_p374_287.wav,3
/USERSPACE/DATASETS/CodecFake/train/F03_SSB12530272.wav,3
/USERSPACE/DATASETS/CodecFake/train/F03_SSB07840063.wav,3
/USERSPACE/DATASETS/CodecFake/train/F03_SSB01220269.wav,3
/USERSPACE/DATASETS/CodecFake/train/F03_p302_193.wav,3
/USERSPACE/DATASETS/CodecFake/train/F03_SSB06930383.wav,3
/USERSPACE/DATASETS/CodecFake/train/F03_p230_195.wav,3
/USERSPACE/DATASETS/CodecFake/train/F03_SSB13820238.wav,3
/USERSPACE/DATASETS/CodecFake/train/F03_SSB06660088.wav,3
/USERSPACE/DATASETS/CodecFake/train/F03_p313_043.wav,3
/USERSPACE/DATASETS/CodecFake/train/F03_SSB04700166.wav,3
/USERSPACE/DATASETS/CodecFake/train/F03_SSB01450055.wav,3
/USERSPACE/DATASETS/CodecFake/train/F03_SSB10960388.wav,3
/USERSPACE/DATASETS/CodecFake/train/F03_SSB09660114.wav,3
/USERSPACE/DATASETS/CodecFake/train/F03_p318_179.wav,3
/USERSPACE/DATASETS/CodecFake/train/F03_SSB07600370.wav,3
/USERSPACE/DATASETS/CodecFake/train/F03_SSB11260083.wav,3
/USERSPACE/DATASETS/CodecFake/train/F03_SSB01930036.wav,3
/USERSPACE/DATASETS/CodecFake/train/F03_SSB13660331.wav,3
/USERSPACE/DATASETS/CodecFake/train/F03_SSB09190168.wav,3
/USERSPACE/DATASETS/CodecFake/train/F03_p269_230.wav,3
/USERSPACE/DATASETS/CodecFake/train/F03_p334_370.wav,3
/USERSPACE/DATASETS/CodecFake/train/F03_SSB03540202.wav,3
/USERSPACE/DATASETS/CodecFake/train/F03_p241_270.wav,3
/USERSPACE/DATASETS/CodecFake/train/F03_SSB07200415.wav,3
/USERSPACE/DATASETS/CodecFake/train/F03_SSB18060109.wav,3
/USERSPACE/DATASETS/CodecFake/train/F03_SSB13400103.wav,3
/USERSPACE/DATASETS/CodecFake/train/F03_SSB03160185.wav,3
/USERSPACE/DATASETS/CodecFake/train/F03_p293_376.wav,3
/USERSPACE/DATASETS/CodecFake/train/F03_SSB04700427.wav,3
/USERSPACE/DATASETS/CodecFake/train/F03_p295_070.wav,3
/USERSPACE/DATASETS/CodecFake/train/F03_SSB02000246.wav,3
/USERSPACE/DATASETS/CodecFake/train/F03_p256_309.wav,3
/USERSPACE/DATASETS/CodecFake/train/F03_SSB19020481.wav,3
/USERSPACE/DATASETS/CodecFake/train/F03_p225_312.wav,3
/USERSPACE/DATASETS/CodecFake/train/F03_SSB01930344.wav,3
/USERSPACE/DATASETS/CodecFake/train/F03_SSB10560503.wav,3
/USERSPACE/DATASETS/CodecFake/train/F03_SSB19560340.wav,3
/USERSPACE/DATASETS/CodecFake/train/F03_SSB00380008.wav,3
/USERSPACE/DATASETS/CodecFake/train/F03_SSB07100102.wav,3
/USERSPACE/DATASETS/CodecFake/train/F03_SSB07110114.wav,3
/USERSPACE/DATASETS/CodecFake/train/F03_p376_007.wav,3
/USERSPACE/DATASETS/CodecFake/train/F03_p247_140.wav,3
/USERSPACE/DATASETS/CodecFake/train/F03_SSB12210347.wav,3
/USERSPACE/DATASETS/CodecFake/train/F03_p277_203.wav,3
/USERSPACE/DATASETS/CodecFake/train/F03_p360_317.wav,3
/USERSPACE/DATASETS/CodecFake/train/F03_SSB03160031.wav,3
/USERSPACE/DATASETS/CodecFake/train/F03_SSB18910286.wav,3
/USERSPACE/DATASETS/CodecFake/train/F03_p345_171.wav,3
/USERSPACE/DATASETS/CodecFake/train/F03_SSB10960138.wav,3
/USERSPACE/DATASETS/CodecFake/train/F03_SSB07480008.wav,3
/USERSPACE/DATASETS/CodecFake/train/F03_SSB13850311.wav,3
/USERSPACE/DATASETS/CodecFake/train/F03_SSB03070189.wav,3
/USERSPACE/DATASETS/CodecFake/train/F03_SSB13400107.wav,3
/USERSPACE/DATASETS/CodecFake/train/F03_SSB15930205.wav,3
/USERSPACE/DATASETS/CodecFake/train/F03_p257_277.wav,3
/USERSPACE/DATASETS/CodecFake/train/F03_SSB18320022.wav,3
/USERSPACE/DATASETS/CodecFake/train/F03_SSB06860508.wav,3
/USERSPACE/DATASETS/CodecFake/train/F03_p363_121.wav,3
/USERSPACE/DATASETS/CodecFake/train/F03_p252_042.wav,3
/USERSPACE/DATASETS/CodecFake/train/F03_SSB03660264.wav,3
/USERSPACE/DATASETS/CodecFake/train/F03_p326_234.wav,3
/USERSPACE/DATASETS/CodecFake/train/F03_SSB15930371.wav,3
/USERSPACE/DATASETS/CodecFake/train/F03_SSB07100068.wav,3
/USERSPACE/DATASETS/CodecFake/train/F03_SSB11250331.wav,3
/USERSPACE/DATASETS/CodecFake/train/F03_p252_363.wav,3
/USERSPACE/DATASETS/CodecFake/train/F03_p275_010.wav,3
/USERSPACE/DATASETS/CodecFake/train/F03_SSB10010409.wav,3
/USERSPACE/DATASETS/CodecFake/train/F03_SSB07940294.wav,3
/USERSPACE/DATASETS/CodecFake/train/F03_SSB12530189.wav,3
/USERSPACE/DATASETS/CodecFake/train/F03_p295_062.wav,3
/USERSPACE/DATASETS/CodecFake/train/F03_p230_046.wav,3
/USERSPACE/DATASETS/CodecFake/train/F03_p239_050.wav,3
/USERSPACE/DATASETS/CodecFake/train/F03_SSB13020251.wav,3
/USERSPACE/DATASETS/CodecFake/train/F03_p330_283.wav,3
/USERSPACE/DATASETS/CodecFake/train/F03_SSB16700346.wav,3
/USERSPACE/DATASETS/CodecFake/train/F03_SSB07510454.wav,3
/USERSPACE/DATASETS/CodecFake/train/F03_SSB12530452.wav,3
/USERSPACE/DATASETS/CodecFake/train/F03_SSB16700132.wav,3
/USERSPACE/DATASETS/CodecFake/train/F03_SSB10200058.wav,3
/USERSPACE/DATASETS/CodecFake/train/F03_SSB05650071.wav,3
/USERSPACE/DATASETS/CodecFake/train/F03_p294_119.wav,3
/USERSPACE/DATASETS/CodecFake/train/F03_SSB13660434.wav,3
/USERSPACE/DATASETS/CodecFake/train/F03_SSB03380373.wav,3
/USERSPACE/DATASETS/CodecFake/train/F03_p299_047.wav,3
/USERSPACE/DATASETS/CodecFake/train/F03_SSB09350179.wav,3
/USERSPACE/DATASETS/CodecFake/train/F03_p313_375.wav,3
/USERSPACE/DATASETS/CodecFake/train/F03_SSB00050069.wav,3
/USERSPACE/DATASETS/CodecFake/train/F03_p251_131.wav,3
/USERSPACE/DATASETS/CodecFake/train/F03_p260_316.wav,3
/USERSPACE/DATASETS/CodecFake/train/F03_p270_347.wav,3
/USERSPACE/DATASETS/CodecFake/train/F03_p262_064.wav,3
/USERSPACE/DATASETS/CodecFake/train/F03_SSB07490028.wav,3
/USERSPACE/DATASETS/CodecFake/train/F03_SSB03230086.wav,3
/USERSPACE/DATASETS/CodecFake/train/F03_SSB06090371.wav,3
/USERSPACE/DATASETS/CodecFake/train/F03_SSB07490464.wav,3
/USERSPACE/DATASETS/CodecFake/train/F03_p229_259.wav,3
/USERSPACE/DATASETS/CodecFake/train/F03_p333_364.wav,3
/USERSPACE/DATASETS/CodecFake/train/F03_SSB13660383.wav,3
/USERSPACE/DATASETS/CodecFake/train/F03_SSB19020370.wav,3
/USERSPACE/DATASETS/CodecFake/train/F03_SSB13410196.wav,3
/USERSPACE/DATASETS/CodecFake/train/F03_SSB05350326.wav,3
/USERSPACE/DATASETS/CodecFake/train/F03_p238_140.wav,3
/USERSPACE/DATASETS/CodecFake/train/F03_SSB06030147.wav,3
/USERSPACE/DATASETS/CodecFake/train/F03_p273_351.wav,3
/USERSPACE/DATASETS/CodecFake/train/F03_SSB12190430.wav,3
/USERSPACE/DATASETS/CodecFake/train/F03_SSB15930050.wav,3
/USERSPACE/DATASETS/CodecFake/train/F03_SSB07800083.wav,3
/USERSPACE/DATASETS/CodecFake/train/F03_SSB01390464.wav,3
/USERSPACE/DATASETS/CodecFake/train/F03_SSB06060437.wav,3
/USERSPACE/DATASETS/CodecFake/train/F03_SSB05780306.wav,3
/USERSPACE/DATASETS/CodecFake/train/F03_SSB12180290.wav,3
/USERSPACE/DATASETS/CodecFake/train/F03_SSB13920102.wav,3
/USERSPACE/DATASETS/CodecFake/train/F03_SSB05350151.wav,3
/USERSPACE/DATASETS/CodecFake/train/F03_SSB06060180.wav,3
/USERSPACE/DATASETS/CodecFake/train/F03_SSB12210161.wav,3
/USERSPACE/DATASETS/CodecFake/train/F03_SSB16860047.wav,3
/USERSPACE/DATASETS/CodecFake/train/F03_SSB15670312.wav,3
/USERSPACE/DATASETS/CodecFake/train/F03_p305_314.wav,3
/USERSPACE/DATASETS/CodecFake/train/F03_p261_069.wav,3
/USERSPACE/DATASETS/CodecFake/train/F03_SSB18370284.wav,3
/USERSPACE/DATASETS/CodecFake/train/F03_SSB01450159.wav,3
/USERSPACE/DATASETS/CodecFake/train/F03_SSB16250380.wav,3
/USERSPACE/DATASETS/CodecFake/train/F03_p294_321.wav,3
/USERSPACE/DATASETS/CodecFake/train/F03_SSB03380176.wav,3
/USERSPACE/DATASETS/CodecFake/train/F03_p283_405.wav,3
/USERSPACE/DATASETS/CodecFake/train/F03_p362_362.wav,3
/USERSPACE/DATASETS/CodecFake/train/F03_p326_146.wav,3
/USERSPACE/DATASETS/CodecFake/train/F03_SSB06710139.wav,3
/USERSPACE/DATASETS/CodecFake/train/F03_SSB10960313.wav,3
/USERSPACE/DATASETS/CodecFake/train/F03_SSB16700075.wav,3
/USERSPACE/DATASETS/CodecFake/train/F03_p292_365.wav,3
/USERSPACE/DATASETS/CodecFake/train/F03_SSB11360221.wav,3
/USERSPACE/DATASETS/CodecFake/train/F03_p271_264.wav,3
/USERSPACE/DATASETS/CodecFake/train/F03_p264_170.wav,3
/USERSPACE/DATASETS/CodecFake/train/F03_SSB07580075.wav,3
/USERSPACE/DATASETS/CodecFake/train/F03_p225_122.wav,3
/USERSPACE/DATASETS/CodecFake/train/F03_SSB07620195.wav,3
/USERSPACE/DATASETS/CodecFake/train/F03_p318_069.wav,3
/USERSPACE/DATASETS/CodecFake/train/F03_p362_414.wav,3
/USERSPACE/DATASETS/CodecFake/train/F03_SSB05780143.wav,3
/USERSPACE/DATASETS/CodecFake/train/F03_SSB09970233.wav,3
/USERSPACE/DATASETS/CodecFake/train/F03_SSB05940415.wav,3
/USERSPACE/DATASETS/CodecFake/train/F03_SSB06310446.wav,3
/USERSPACE/DATASETS/CodecFake/train/F03_p308_125.wav,3
/USERSPACE/DATASETS/CodecFake/train/F03_SSB09660263.wav,3
/USERSPACE/DATASETS/CodecFake/train/F03_p311_338.wav,3
/USERSPACE/DATASETS/CodecFake/train/F03_SSB07940248.wav,3
/USERSPACE/DATASETS/CodecFake/train/F03_p351_085.wav,3
/USERSPACE/DATASETS/CodecFake/train/F03_p274_446.wav,3
/USERSPACE/DATASETS/CodecFake/train/F03_SSB13410150.wav,3
/USERSPACE/DATASETS/CodecFake/train/F03_SSB06010477.wav,3
/USERSPACE/DATASETS/CodecFake/train/F03_p277_024.wav,3
/USERSPACE/DATASETS/CodecFake/train/F03_SSB03660167.wav,3
/USERSPACE/DATASETS/CodecFake/train/F03_SSB00090211.wav,3
/USERSPACE/DATASETS/CodecFake/train/F03_SSB01450309.wav,3
/USERSPACE/DATASETS/CodecFake/train/F03_p286_315.wav,3
/USERSPACE/DATASETS/CodecFake/train/F03_SSB06090051.wav,3
/USERSPACE/DATASETS/CodecFake/train/F03_SSB00730431.wav,3
/USERSPACE/DATASETS/CodecFake/train/F03_p297_247.wav,3
/USERSPACE/DATASETS/CodecFake/train/F03_SSB03070039.wav,3
/USERSPACE/DATASETS/CodecFake/train/F03_SSB07460421.wav,3
/USERSPACE/DATASETS/CodecFake/train/F03_SSB07160028.wav,3
/USERSPACE/DATASETS/CodecFake/train/F03_p261_040.wav,3
/USERSPACE/DATASETS/CodecFake/train/F03_SSB07200380.wav,3
/USERSPACE/DATASETS/CodecFake/train/F03_p323_222.wav,3
/USERSPACE/DATASETS/CodecFake/train/F03_SSB04820304.wav,3
/USERSPACE/DATASETS/CodecFake/train/F03_p274_033.wav,3
/USERSPACE/DATASETS/CodecFake/train/F03_SSB16860206.wav,3
/USERSPACE/DATASETS/CodecFake/train/F03_SSB10240158.wav,3
/USERSPACE/DATASETS/CodecFake/train/F03_p295_224.wav,3
/USERSPACE/DATASETS/CodecFake/train/F03_p292_166.wav,3
/USERSPACE/DATASETS/CodecFake/train/F03_SSB06030005.wav,3
/USERSPACE/DATASETS/CodecFake/train/F03_SSB00050198.wav,3
/USERSPACE/DATASETS/CodecFake/train/F03_SSB05900203.wav,3
/USERSPACE/DATASETS/CodecFake/train/F03_p274_393.wav,3
/USERSPACE/DATASETS/CodecFake/train/F03_p280_085.wav,3
/USERSPACE/DATASETS/CodecFake/train/F03_SSB19180171.wav,3
/USERSPACE/DATASETS/CodecFake/train/F03_p376_252.wav,3
/USERSPACE/DATASETS/CodecFake/train/F03_SSB05900250.wav,3
/USERSPACE/DATASETS/CodecFake/train/F03_SSB07800146.wav,3
/USERSPACE/DATASETS/CodecFake/train/F03_p275_086.wav,3
/USERSPACE/DATASETS/CodecFake/train/F03_SSB03820297.wav,3
/USERSPACE/DATASETS/CodecFake/train/F03_SSB19390298.wav,3
/USERSPACE/DATASETS/CodecFake/train/F03_SSB13020061.wav,3
/USERSPACE/DATASETS/CodecFake/train/F03_SSB00430394.wav,3
/USERSPACE/DATASETS/CodecFake/train/F03_SSB00330162.wav,3
/USERSPACE/DATASETS/CodecFake/train/F03_p285_333.wav,3
/USERSPACE/DATASETS/CodecFake/train/F03_SSB02610506.wav,3
/USERSPACE/DATASETS/CodecFake/train/F03_p251_351.wav,3
/USERSPACE/DATASETS/CodecFake/train/F03_p286_003.wav,3
/USERSPACE/DATASETS/CodecFake/train/F03_p286_076.wav,3
/USERSPACE/DATASETS/CodecFake/train/F03_p314_186.wav,3
/USERSPACE/DATASETS/CodecFake/train/F03_SSB06230245.wav,3
/USERSPACE/DATASETS/CodecFake/train/F03_SSB01220429.wav,3
/USERSPACE/DATASETS/CodecFake/train/F03_SSB16240128.wav,3
/USERSPACE/DATASETS/CodecFake/train/F03_SSB05900035.wav,3
/USERSPACE/DATASETS/CodecFake/train/F03_SSB18280392.wav,3
/USERSPACE/DATASETS/CodecFake/train/F03_SSB00730304.wav,3
/USERSPACE/DATASETS/CodecFake/train/F03_SSB02460356.wav,3
/USERSPACE/DATASETS/CodecFake/train/F03_p317_071.wav,3
/USERSPACE/DATASETS/CodecFake/train/F03_SSB06140274.wav,3
/USERSPACE/DATASETS/CodecFake/train/F03_SSB06320272.wav,3
/USERSPACE/DATASETS/CodecFake/train/F03_p252_282.wav,3
/USERSPACE/DATASETS/CodecFake/train/F03_SSB03660433.wav,3
/USERSPACE/DATASETS/CodecFake/train/F03_SSB03390083.wav,3
/USERSPACE/DATASETS/CodecFake/train/F03_SSB07110297.wav,3
/USERSPACE/DATASETS/CodecFake/train/F03_SSB07580258.wav,3
/USERSPACE/DATASETS/CodecFake/train/F03_p264_277.wav,3
/USERSPACE/DATASETS/CodecFake/train/F03_SSB12740300.wav,3
/USERSPACE/DATASETS/CodecFake/train/F03_SSB00570093.wav,3
/USERSPACE/DATASETS/CodecFake/train/F03_SSB13220263.wav,3
/USERSPACE/DATASETS/CodecFake/train/F03_SSB11260190.wav,3
/USERSPACE/DATASETS/CodecFake/train/F03_p301_149.wav,3
/USERSPACE/DATASETS/CodecFake/train/F03_SSB07940240.wav,3
/USERSPACE/DATASETS/CodecFake/train/F03_p364_058.wav,3
/USERSPACE/DATASETS/CodecFake/train/F03_SSB14520319.wav,3
/USERSPACE/DATASETS/CodecFake/train/F03_SSB18910368.wav,3
/USERSPACE/DATASETS/CodecFake/train/F03_SSB07370130.wav,3
/USERSPACE/DATASETS/CodecFake/train/F03_SSB00430016.wav,3
/USERSPACE/DATASETS/CodecFake/train/F03_SSB01450029.wav,3
/USERSPACE/DATASETS/CodecFake/train/F03_SSB04350316.wav,3
/USERSPACE/DATASETS/CodecFake/train/F03_SSB07020239.wav,3
/USERSPACE/DATASETS/CodecFake/train/F03_p298_211.wav,3
/USERSPACE/DATASETS/CodecFake/train/F03_p267_192.wav,3
/USERSPACE/DATASETS/CodecFake/train/F03_p305_308.wav,3
/USERSPACE/DATASETS/CodecFake/train/F03_SSB11310285.wav,3
/USERSPACE/DATASETS/CodecFake/train/F03_SSB13280206.wav,3
/USERSPACE/DATASETS/CodecFake/train/F03_SSB11610185.wav,3
/USERSPACE/DATASETS/CodecFake/train/F03_SSB02990253.wav,3
/USERSPACE/DATASETS/CodecFake/train/F03_SSB11970040.wav,3
/USERSPACE/DATASETS/CodecFake/train/F03_SSB07230267.wav,3
/USERSPACE/DATASETS/CodecFake/train/F03_SSB14480451.wav,3
/USERSPACE/DATASETS/CodecFake/train/F03_p312_126.wav,3
/USERSPACE/DATASETS/CodecFake/train/F03_SSB12740503.wav,3
/USERSPACE/DATASETS/CodecFake/train/F03_SSB06140461.wav,3
/USERSPACE/DATASETS/CodecFake/train/F03_SSB08510162.wav,3
/USERSPACE/DATASETS/CodecFake/train/F03_SSB01330302.wav,3
/USERSPACE/DATASETS/CodecFake/train/F03_SSB07100362.wav,3
/USERSPACE/DATASETS/CodecFake/train/F03_p341_055.wav,3
/USERSPACE/DATASETS/CodecFake/train/F03_p270_348.wav,3
/USERSPACE/DATASETS/CodecFake/train/F03_p287_368.wav,3
/USERSPACE/DATASETS/CodecFake/train/F03_SSB07800075.wav,3
/USERSPACE/DATASETS/CodecFake/train/F03_SSB09970213.wav,3
/USERSPACE/DATASETS/CodecFake/train/F03_SSB18780421.wav,3
/USERSPACE/DATASETS/CodecFake/train/F03_p285_315.wav,3
/USERSPACE/DATASETS/CodecFake/train/F03_SSB07510386.wav,3
/USERSPACE/DATASETS/CodecFake/train/F03_SSB03160316.wav,3
/USERSPACE/DATASETS/CodecFake/train/F03_p270_424.wav,3
/USERSPACE/DATASETS/CodecFake/train/F03_SSB18630412.wav,3
/USERSPACE/DATASETS/CodecFake/train/F03_SSB01930325.wav,3
/USERSPACE/DATASETS/CodecFake/train/F03_SSB08170051.wav,3
/USERSPACE/DATASETS/CodecFake/train/F03_SSB16250295.wav,3
/USERSPACE/DATASETS/CodecFake/train/F03_SSB03850346.wav,3
/USERSPACE/DATASETS/CodecFake/train/F03_SSB11610460.wav,3
/USERSPACE/DATASETS/CodecFake/train/F03_SSB03160058.wav,3
/USERSPACE/DATASETS/CodecFake/train/F03_p257_012.wav,3
/USERSPACE/DATASETS/CodecFake/train/F03_SSB04820384.wav,3
/USERSPACE/DATASETS/CodecFake/train/F03_SSB11150298.wav,3
/USERSPACE/DATASETS/CodecFake/train/F03_SSB19020220.wav,3
/USERSPACE/DATASETS/CodecFake/train/F03_SSB01450213.wav,3
/USERSPACE/DATASETS/CodecFake/train/F03_SSB00730046.wav,3
/USERSPACE/DATASETS/CodecFake/train/F03_SSB12180227.wav,3
/USERSPACE/DATASETS/CodecFake/train/F03_SSB04820163.wav,3
/USERSPACE/DATASETS/CodecFake/train/F03_p276_073.wav,3
/USERSPACE/DATASETS/CodecFake/train/F03_p284_003.wav,3
/USERSPACE/DATASETS/CodecFake/train/F03_SSB03660310.wav,3
/USERSPACE/DATASETS/CodecFake/train/F03_SSB08090218.wav,3
/USERSPACE/DATASETS/CodecFake/train/F03_SSB08870234.wav,3
/USERSPACE/DATASETS/CodecFake/train/F03_p363_049.wav,3
/USERSPACE/DATASETS/CodecFake/train/F03_SSB15930465.wav,3
/USERSPACE/DATASETS/CodecFake/train/F03_p312_341.wav,3
/USERSPACE/DATASETS/CodecFake/train/F03_SSB07780429.wav,3
/USERSPACE/DATASETS/CodecFake/train/F03_SSB03940405.wav,3
/USERSPACE/DATASETS/CodecFake/train/F03_SSB06030291.wav,3
/USERSPACE/DATASETS/CodecFake/train/F03_SSB07020081.wav,3
/USERSPACE/DATASETS/CodecFake/train/F03_SSB02870311.wav,3
/USERSPACE/DATASETS/CodecFake/train/F03_p299_228.wav,3
/USERSPACE/DATASETS/CodecFake/train/F03_p317_163.wav,3
/USERSPACE/DATASETS/CodecFake/train/F03_SSB00430307.wav,3
/USERSPACE/DATASETS/CodecFake/train/F03_SSB03940334.wav,3
/USERSPACE/DATASETS/CodecFake/train/F03_p247_110.wav,3
/USERSPACE/DATASETS/CodecFake/train/F03_SSB13990001.wav,3
/USERSPACE/DATASETS/CodecFake/train/F03_SSB18320272.wav,3
/USERSPACE/DATASETS/CodecFake/train/F03_p249_212.wav,3
/USERSPACE/DATASETS/CodecFake/train/F03_SSB07360315.wav,3
/USERSPACE/DATASETS/CodecFake/train/F03_p261_205.wav,3
/USERSPACE/DATASETS/CodecFake/train/F03_SSB02730355.wav,3
/USERSPACE/DATASETS/CodecFake/train/F03_SSB00430329.wav,3
/USERSPACE/DATASETS/CodecFake/train/F03_p282_204.wav,3
/USERSPACE/DATASETS/CodecFake/train/F03_SSB07800245.wav,3
/USERSPACE/DATASETS/CodecFake/train/F03_SSB10720159.wav,3
/USERSPACE/DATASETS/CodecFake/train/F03_p286_109.wav,3
/USERSPACE/DATASETS/CodecFake/train/F03_SSB16070171.wav,3
/USERSPACE/DATASETS/CodecFake/train/F03_SSB15670180.wav,3
/USERSPACE/DATASETS/CodecFake/train/F03_SSB12160210.wav,3
/USERSPACE/DATASETS/CodecFake/train/F03_SSB01930166.wav,3
/USERSPACE/DATASETS/CodecFake/train/F03_SSB16240220.wav,3
/USERSPACE/DATASETS/CodecFake/train/F03_p246_192.wav,3
/USERSPACE/DATASETS/CodecFake/train/F03_SSB03390091.wav,3
/USERSPACE/DATASETS/CodecFake/train/F03_p300_241.wav,3
/USERSPACE/DATASETS/CodecFake/train/F03_SSB12530412.wav,3
/USERSPACE/DATASETS/CodecFake/train/F03_SSB09350471.wav,3
/USERSPACE/DATASETS/CodecFake/train/F03_SSB07480171.wav,3
/USERSPACE/DATASETS/CodecFake/train/F03_SSB03160307.wav,3
/USERSPACE/DATASETS/CodecFake/train/F03_p286_043.wav,3
/USERSPACE/DATASETS/CodecFake/train/F03_p262_196.wav,3
/USERSPACE/DATASETS/CodecFake/train/F03_SSB15850104.wav,3
/USERSPACE/DATASETS/CodecFake/train/F03_SSB03940453.wav,3
/USERSPACE/DATASETS/CodecFake/train/F03_p340_359.wav,3
/USERSPACE/DATASETS/CodecFake/train/F03_SSB03540496.wav,3
/USERSPACE/DATASETS/CodecFake/train/F03_SSB18460293.wav,3
/USERSPACE/DATASETS/CodecFake/train/F03_p306_347.wav,3
/USERSPACE/DATASETS/CodecFake/train/F03_SSB03940016.wav,3
/USERSPACE/DATASETS/CodecFake/train/F03_p286_247.wav,3
/USERSPACE/DATASETS/CodecFake/train/F03_SSB08170163.wav,3
/USERSPACE/DATASETS/CodecFake/train/F03_p347_014.wav,3
/USERSPACE/DATASETS/CodecFake/train/F03_SSB06060471.wav,3
/USERSPACE/DATASETS/CodecFake/train/F03_p266_394.wav,3
/USERSPACE/DATASETS/CodecFake/train/F03_SSB07800307.wav,3
/USERSPACE/DATASETS/CodecFake/train/F03_p323_281.wav,3
/USERSPACE/DATASETS/CodecFake/train/F03_SSB00570265.wav,3
/USERSPACE/DATASETS/CodecFake/train/F03_SSB03790174.wav,3
/USERSPACE/DATASETS/CodecFake/train/F03_p317_149.wav,3
/USERSPACE/DATASETS/CodecFake/train/F03_SSB04150076.wav,3
/USERSPACE/DATASETS/CodecFake/train/F03_SSB04150250.wav,3
/USERSPACE/DATASETS/CodecFake/train/F03_p292_320.wav,3
/USERSPACE/DATASETS/CodecFake/train/F03_SSB03380435.wav,3
/USERSPACE/DATASETS/CodecFake/train/F03_p267_357.wav,3
/USERSPACE/DATASETS/CodecFake/train/F03_SSB04700024.wav,3
/USERSPACE/DATASETS/CodecFake/train/F03_SSB07100215.wav,3
/USERSPACE/DATASETS/CodecFake/train/F03_p271_147.wav,3
/USERSPACE/DATASETS/CodecFake/train/F03_SSB05940477.wav,3
/USERSPACE/DATASETS/CodecFake/train/F03_p225_065.wav,3
/USERSPACE/DATASETS/CodecFake/train/F03_SSB00800315.wav,3
/USERSPACE/DATASETS/CodecFake/train/F03_SSB11380153.wav,3
/USERSPACE/DATASETS/CodecFake/train/F03_SSB03660442.wav,3
/USERSPACE/DATASETS/CodecFake/train/F03_p306_034.wav,3
/USERSPACE/DATASETS/CodecFake/train/F03_p282_017.wav,3
/USERSPACE/DATASETS/CodecFake/train/F03_SSB03950174.wav,3
/USERSPACE/DATASETS/CodecFake/train/F03_p340_338.wav,3
/USERSPACE/DATASETS/CodecFake/train/F03_p335_220.wav,3
/USERSPACE/DATASETS/CodecFake/train/F03_SSB07000449.wav,3
/USERSPACE/DATASETS/CodecFake/train/F03_SSB04820227.wav,3
/USERSPACE/DATASETS/CodecFake/train/F03_SSB13660263.wav,3
/USERSPACE/DATASETS/CodecFake/train/F03_SSB11760391.wav,3
/USERSPACE/DATASETS/CodecFake/train/F03_SSB05700120.wav,3
/USERSPACE/DATASETS/CodecFake/train/F03_SSB03150371.wav,3
/USERSPACE/DATASETS/CodecFake/train/F03_SSB07200042.wav,3
/USERSPACE/DATASETS/CodecFake/train/F03_p304_106.wav,3
/USERSPACE/DATASETS/CodecFake/train/F03_SSB00180089.wav,3
/USERSPACE/DATASETS/CodecFake/train/F03_p250_131.wav,3
/USERSPACE/DATASETS/CodecFake/train/F03_SSB19020462.wav,3
/USERSPACE/DATASETS/CodecFake/train/F03_p252_310.wav,3
/USERSPACE/DATASETS/CodecFake/train/F03_SSB05990426.wav,3
/USERSPACE/DATASETS/CodecFake/train/F03_p230_413.wav,3
/USERSPACE/DATASETS/CodecFake/train/F03_SSB07780265.wav,3
/USERSPACE/DATASETS/CodecFake/train/F03_SSB07940091.wav,3
/USERSPACE/DATASETS/CodecFake/train/F03_SSB14080110.wav,3
/USERSPACE/DATASETS/CodecFake/train/F03_p230_407.wav,3
/USERSPACE/DATASETS/CodecFake/train/F03_SSB10910333.wav,3
/USERSPACE/DATASETS/CodecFake/train/F03_p264_077.wav,3
/USERSPACE/DATASETS/CodecFake/train/F03_SSB07800178.wav,3
/USERSPACE/DATASETS/CodecFake/train/F03_SSB12040109.wav,3
/USERSPACE/DATASETS/CodecFake/train/F03_p301_034.wav,3
/USERSPACE/DATASETS/CodecFake/train/F03_p284_201.wav,3
/USERSPACE/DATASETS/CodecFake/train/F03_p247_384.wav,3
/USERSPACE/DATASETS/CodecFake/train/F03_SSB02410253.wav,3
/USERSPACE/DATASETS/CodecFake/train/F03_p230_039.wav,3
/USERSPACE/DATASETS/CodecFake/train/F03_SSB03390293.wav,3
/USERSPACE/DATASETS/CodecFake/train/F03_SSB00800437.wav,3
/USERSPACE/DATASETS/CodecFake/train/F03_SSB02410223.wav,3
/USERSPACE/DATASETS/CodecFake/train/F03_p282_052.wav,3
/USERSPACE/DATASETS/CodecFake/train/F03_SSB03090397.wav,3
/USERSPACE/DATASETS/CodecFake/train/F03_p237_123.wav,3
/USERSPACE/DATASETS/CodecFake/train/F03_SSB04070199.wav,3
/USERSPACE/DATASETS/CodecFake/train/F03_SSB11080378.wav,3
/USERSPACE/DATASETS/CodecFake/train/F03_SSB07100387.wav,3
/USERSPACE/DATASETS/CodecFake/train/F03_SSB00090080.wav,3
/USERSPACE/DATASETS/CodecFake/train/F03_SSB00330140.wav,3
/USERSPACE/DATASETS/CodecFake/train/F03_p278_183.wav,3
/USERSPACE/DATASETS/CodecFake/train/F03_SSB07160382.wav,3
/USERSPACE/DATASETS/CodecFake/train/F03_SSB18060303.wav,3
/USERSPACE/DATASETS/CodecFake/train/F03_SSB01120218.wav,3
/USERSPACE/DATASETS/CodecFake/train/F03_SSB13650161.wav,3
/USERSPACE/DATASETS/CodecFake/train/F03_p275_358.wav,3
/USERSPACE/DATASETS/CodecFake/train/F03_p239_021.wav,3
/USERSPACE/DATASETS/CodecFake/train/F03_SSB13820206.wav,3
/USERSPACE/DATASETS/CodecFake/train/F03_SSB07580482.wav,3
/USERSPACE/DATASETS/CodecFake/train/F03_p274_004.wav,3
/USERSPACE/DATASETS/CodecFake/train/F03_SSB00430179.wav,3
/USERSPACE/DATASETS/CodecFake/train/F03_SSB17390069.wav,3
/USERSPACE/DATASETS/CodecFake/train/F03_p282_070.wav,3
/USERSPACE/DATASETS/CodecFake/train/F03_SSB07780492.wav,3
/USERSPACE/DATASETS/CodecFake/train/F03_SSB08510288.wav,3
/USERSPACE/DATASETS/CodecFake/train/F03_p297_082.wav,3
/USERSPACE/DATASETS/CodecFake/train/F03_SSB06680160.wav,3
/USERSPACE/DATASETS/CodecFake/train/F03_SSB01490298.wav,3
/USERSPACE/DATASETS/CodecFake/train/F03_SSB10010404.wav,3
/USERSPACE/DATASETS/CodecFake/train/F03_SSB13770453.wav,3
/USERSPACE/DATASETS/CodecFake/train/F03_SSB13650101.wav,3
/USERSPACE/DATASETS/CodecFake/train/F03_SSB07230399.wav,3
/USERSPACE/DATASETS/CodecFake/train/F03_p240_330.wav,3
/USERSPACE/DATASETS/CodecFake/train/F03_SSB11100075.wav,3
/USERSPACE/DATASETS/CodecFake/train/F03_SSB06090114.wav,3
/USERSPACE/DATASETS/CodecFake/train/F03_SSB19560089.wav,3
/USERSPACE/DATASETS/CodecFake/train/F03_p301_084.wav,3
/USERSPACE/DATASETS/CodecFake/train/F03_p363_187.wav,3
/USERSPACE/DATASETS/CodecFake/train/F03_p310_230.wav,3
/USERSPACE/DATASETS/CodecFake/train/F03_SSB10020405.wav,3
/USERSPACE/DATASETS/CodecFake/train/F03_SSB13020234.wav,3
/USERSPACE/DATASETS/CodecFake/train/F03_SSB13660250.wav,3
/USERSPACE/DATASETS/CodecFake/train/F03_SSB13820144.wav,3
/USERSPACE/DATASETS/CodecFake/train/F03_p333_377.wav,3
/USERSPACE/DATASETS/CodecFake/train/F03_SSB13400378.wav,3
/USERSPACE/DATASETS/CodecFake/train/F03_p299_208.wav,3
/USERSPACE/DATASETS/CodecFake/train/F03_SSB00120433.wav,3
/USERSPACE/DATASETS/CodecFake/train/F03_SSB04700218.wav,3
/USERSPACE/DATASETS/CodecFake/train/F03_SSB19560083.wav,3
/USERSPACE/DATASETS/CodecFake/train/F03_SSB03380475.wav,3
/USERSPACE/DATASETS/CodecFake/train/F03_SSB06230500.wav,3
/USERSPACE/DATASETS/CodecFake/train/F03_p241_258.wav,3
/USERSPACE/DATASETS/CodecFake/train/F03_SSB06140478.wav,3
/USERSPACE/DATASETS/CodecFake/train/F03_p258_172.wav,3
/USERSPACE/DATASETS/CodecFake/train/F03_SSB03390260.wav,3
/USERSPACE/DATASETS/CodecFake/train/F03_p268_044.wav,3
/USERSPACE/DATASETS/CodecFake/train/F03_SSB02730151.wav,3
/USERSPACE/DATASETS/CodecFake/train/F03_p283_081.wav,3
/USERSPACE/DATASETS/CodecFake/train/F03_p298_100.wav,3
/USERSPACE/DATASETS/CodecFake/train/F03_p255_155.wav,3
/USERSPACE/DATASETS/CodecFake/train/F03_SSB19350221.wav,3
/USERSPACE/DATASETS/CodecFake/train/F03_SSB03420217.wav,3
/USERSPACE/DATASETS/CodecFake/train/F03_SSB00380024.wav,3
/USERSPACE/DATASETS/CodecFake/train/F03_SSB06310268.wav,3
/USERSPACE/DATASETS/CodecFake/train/F03_p315_264.wav,3
/USERSPACE/DATASETS/CodecFake/train/F03_SSB03660008.wav,3
/USERSPACE/DATASETS/CodecFake/train/F03_SSB13820261.wav,3
/USERSPACE/DATASETS/CodecFake/train/F03_p292_280.wav,3
/USERSPACE/DATASETS/CodecFake/train/F03_p260_291.wav,3
/USERSPACE/DATASETS/CodecFake/train/F03_SSB05650258.wav,3
/USERSPACE/DATASETS/CodecFake/train/F03_p262_307.wav,3
/USERSPACE/DATASETS/CodecFake/train/F03_SSB07800402.wav,3
/USERSPACE/DATASETS/CodecFake/train/F03_p308_196.wav,3
/USERSPACE/DATASETS/CodecFake/train/F03_SSB03160057.wav,3
/USERSPACE/DATASETS/CodecFake/train/F03_SSB02000428.wav,3
/USERSPACE/DATASETS/CodecFake/train/F03_p268_141.wav,3
/USERSPACE/DATASETS/CodecFake/train/F03_SSB10550090.wav,3
/USERSPACE/DATASETS/CodecFake/train/F03_SSB04150261.wav,3
/USERSPACE/DATASETS/CodecFake/train/F03_SSB05700020.wav,3
/USERSPACE/DATASETS/CodecFake/train/F03_SSB18320203.wav,3
/USERSPACE/DATASETS/CodecFake/train/F03_p236_214.wav,3
/USERSPACE/DATASETS/CodecFake/train/F03_p270_141.wav,3
/USERSPACE/DATASETS/CodecFake/train/F03_SSB02610222.wav,3
/USERSPACE/DATASETS/CodecFake/train/F03_SSB07460072.wav,3
/USERSPACE/DATASETS/CodecFake/train/F03_SSB06060357.wav,3
/USERSPACE/DATASETS/CodecFake/train/F03_p285_122.wav,3
/USERSPACE/DATASETS/CodecFake/train/F03_p293_205.wav,3
/USERSPACE/DATASETS/CodecFake/train/F03_SSB07860217.wav,3
/USERSPACE/DATASETS/CodecFake/train/F03_SSB06060247.wav,3
/USERSPACE/DATASETS/CodecFake/train/F03_SSB02730332.wav,3
/USERSPACE/DATASETS/CodecFake/train/F03_SSB11360198.wav,3
/USERSPACE/DATASETS/CodecFake/train/F03_SSB17450085.wav,3
/USERSPACE/DATASETS/CodecFake/train/F03_p236_101.wav,3
/USERSPACE/DATASETS/CodecFake/train/F03_p323_157.wav,3
/USERSPACE/DATASETS/CodecFake/train/F03_SSB08170043.wav,3
/USERSPACE/DATASETS/CodecFake/train/F03_SSB01970250.wav,3
/USERSPACE/DATASETS/CodecFake/train/F03_p343_061.wav,3
/USERSPACE/DATASETS/CodecFake/train/F03_p283_113.wav,3
/USERSPACE/DATASETS/CodecFake/train/F03_SSB01970226.wav,3
/USERSPACE/DATASETS/CodecFake/train/F03_SSB19180425.wav,3
/USERSPACE/DATASETS/CodecFake/train/F03_SSB01930137.wav,3
/USERSPACE/DATASETS/CodecFake/train/F03_SSB00380043.wav,3
/USERSPACE/DATASETS/CodecFake/train/F03_p318_147.wav,3
/USERSPACE/DATASETS/CodecFake/train/F03_SSB13020292.wav,3
/USERSPACE/DATASETS/CodecFake/train/F03_SSB05440212.wav,3
/USERSPACE/DATASETS/CodecFake/train/F03_p244_099.wav,3
/USERSPACE/DATASETS/CodecFake/train/F03_SSB17280240.wav,3
/USERSPACE/DATASETS/CodecFake/train/F03_p341_021.wav,3
/USERSPACE/DATASETS/CodecFake/train/F03_SSB05900112.wav,3
/USERSPACE/DATASETS/CodecFake/train/F03_p295_110.wav,3
/USERSPACE/DATASETS/CodecFake/train/F03_SSB00090043.wav,3
/USERSPACE/DATASETS/CodecFake/train/F03_SSB13410115.wav,3
/USERSPACE/DATASETS/CodecFake/train/F03_SSB01330188.wav,3
/USERSPACE/DATASETS/CodecFake/train/F03_p305_131.wav,3
/USERSPACE/DATASETS/CodecFake/train/F03_SSB07480198.wav,3
/USERSPACE/DATASETS/CodecFake/train/F03_SSB02990016.wav,3
/USERSPACE/DATASETS/CodecFake/train/F03_SSB10020045.wav,3
/USERSPACE/DATASETS/CodecFake/train/F03_p236_038.wav,3
/USERSPACE/DATASETS/CodecFake/train/F03_SSB15630220.wav,3
/USERSPACE/DATASETS/CodecFake/train/F03_SSB16840485.wav,3
/USERSPACE/DATASETS/CodecFake/train/F03_SSB03090150.wav,3
/USERSPACE/DATASETS/CodecFake/train/F03_SSB06320087.wav,3
/USERSPACE/DATASETS/CodecFake/train/F03_SSB04260101.wav,3
/USERSPACE/DATASETS/CodecFake/train/F03_p288_160.wav,3
/USERSPACE/DATASETS/CodecFake/train/F03_SSB02870026.wav,3
/USERSPACE/DATASETS/CodecFake/train/F03_SSB12030178.wav,3
/USERSPACE/DATASETS/CodecFake/train/F03_SSB10960219.wav,3
/USERSPACE/DATASETS/CodecFake/train/F03_SSB05780165.wav,3
/USERSPACE/DATASETS/CodecFake/train/F03_SSB05880276.wav,3
/USERSPACE/DATASETS/CodecFake/train/F03_SSB03750273.wav,3
/USERSPACE/DATASETS/CodecFake/train/F03_p361_294.wav,3
/USERSPACE/DATASETS/CodecFake/train/F03_SSB16500346.wav,3
/USERSPACE/DATASETS/CodecFake/train/F03_p293_291.wav,3
/USERSPACE/DATASETS/CodecFake/train/F03_SSB10960502.wav,3
/USERSPACE/DATASETS/CodecFake/train/F03_p310_276.wav,3
/USERSPACE/DATASETS/CodecFake/train/F03_SSB03090307.wav,3
/USERSPACE/DATASETS/CodecFake/train/F03_SSB13280207.wav,3
/USERSPACE/DATASETS/CodecFake/train/F03_SSB13820366.wav,3
/USERSPACE/DATASETS/CodecFake/train/F03_SSB07460158.wav,3
/USERSPACE/DATASETS/CodecFake/train/F03_SSB01220449.wav,3
/USERSPACE/DATASETS/CodecFake/train/F03_p241_045.wav,3
/USERSPACE/DATASETS/CodecFake/train/F03_SSB13220277.wav,3
/USERSPACE/DATASETS/CodecFake/train/F03_SSB16840284.wav,3
/USERSPACE/DATASETS/CodecFake/train/F03_SSB17820064.wav,3
/USERSPACE/DATASETS/CodecFake/train/F03_SSB00800305.wav,3
/USERSPACE/DATASETS/CodecFake/train/F03_p253_187.wav,3
/USERSPACE/DATASETS/CodecFake/train/F03_p253_264.wav,3
/USERSPACE/DATASETS/CodecFake/train/F03_SSB03420475.wav,3
/USERSPACE/DATASETS/CodecFake/train/F03_SSB03420399.wav,3
/USERSPACE/DATASETS/CodecFake/train/F03_SSB06290113.wav,3
/USERSPACE/DATASETS/CodecFake/train/F03_SSB15630192.wav,3
/USERSPACE/DATASETS/CodecFake/train/F03_SSB03420053.wav,3
/USERSPACE/DATASETS/CodecFake/train/F03_p340_384.wav,3
/USERSPACE/DATASETS/CodecFake/train/F03_p263_059.wav,3
/USERSPACE/DATASETS/CodecFake/train/F03_SSB08710364.wav,3
/USERSPACE/DATASETS/CodecFake/train/F03_SSB05880086.wav,3
/USERSPACE/DATASETS/CodecFake/train/F03_SSB12040332.wav,3
/USERSPACE/DATASETS/CodecFake/train/F03_p305_396.wav,3
/USERSPACE/DATASETS/CodecFake/train/F03_SSB02610363.wav,3
/USERSPACE/DATASETS/CodecFake/train/F03_SSB00160174.wav,3
/USERSPACE/DATASETS/CodecFake/train/F03_p260_323.wav,3
/USERSPACE/DATASETS/CodecFake/train/F03_p226_241.wav,3
/USERSPACE/DATASETS/CodecFake/train/F03_SSB03150025.wav,3
/USERSPACE/DATASETS/CodecFake/train/F03_p293_047.wav,3
/USERSPACE/DATASETS/CodecFake/train/F03_p246_056.wav,3
/USERSPACE/DATASETS/CodecFake/train/F03_SSB04340266.wav,3
/USERSPACE/DATASETS/CodecFake/train/F03_SSB07510434.wav,3
/USERSPACE/DATASETS/CodecFake/train/F03_SSB18460120.wav,3
/USERSPACE/DATASETS/CodecFake/train/F03_SSB18320042.wav,3
/USERSPACE/DATASETS/CodecFake/train/F03_p288_376.wav,3
/USERSPACE/DATASETS/CodecFake/train/F03_SSB03540441.wav,3
/USERSPACE/DATASETS/CodecFake/train/F03_SSB13200271.wav,3
/USERSPACE/DATASETS/CodecFake/train/F03_p292_356.wav,3
/USERSPACE/DATASETS/CodecFake/train/F03_p274_278.wav,3
/USERSPACE/DATASETS/CodecFake/train/F03_SSB02880325.wav,3
/USERSPACE/DATASETS/CodecFake/train/F03_SSB16990076.wav,3
/USERSPACE/DATASETS/CodecFake/train/F03_SSB11310360.wav,3
/USERSPACE/DATASETS/CodecFake/train/F03_SSB13820248.wav,3
/USERSPACE/DATASETS/CodecFake/train/F03_SSB18280057.wav,3
/USERSPACE/DATASETS/CodecFake/train/F03_SSB00120237.wav,3
/USERSPACE/DATASETS/CodecFake/train/F03_p362_065.wav,3
/USERSPACE/DATASETS/CodecFake/train/F03_p317_126.wav,3
/USERSPACE/DATASETS/CodecFake/train/F03_SSB07160271.wav,3
/USERSPACE/DATASETS/CodecFake/train/F03_p343_240.wav,3
/USERSPACE/DATASETS/CodecFake/train/F03_SSB13770346.wav,3
/USERSPACE/DATASETS/CodecFake/train/F03_SSB03800080.wav,3
/USERSPACE/DATASETS/CodecFake/train/F03_SSB00160233.wav,3
/USERSPACE/DATASETS/CodecFake/train/F03_SSB11610360.wav,3
/USERSPACE/DATASETS/CodecFake/train/F03_SSB18280370.wav,3
/USERSPACE/DATASETS/CodecFake/train/F03_SSB01390355.wav,3
/USERSPACE/DATASETS/CodecFake/train/F03_SSB01970108.wav,3
/USERSPACE/DATASETS/CodecFake/train/F03_SSB06320369.wav,3
/USERSPACE/DATASETS/CodecFake/train/F03_p274_153.wav,3
/USERSPACE/DATASETS/CodecFake/train/F03_SSB06010499.wav,3
/USERSPACE/DATASETS/CodecFake/train/F03_SSB06070481.wav,3
/USERSPACE/DATASETS/CodecFake/train/F03_p244_373.wav,3
/USERSPACE/DATASETS/CodecFake/train/F03_SSB03410094.wav,3
/USERSPACE/DATASETS/CodecFake/train/F03_SSB02990323.wav,3
/USERSPACE/DATASETS/CodecFake/train/F03_p294_175.wav,3
/USERSPACE/DATASETS/CodecFake/train/F03_SSB17450182.wav,3
/USERSPACE/DATASETS/CodecFake/train/F03_SSB05880320.wav,3
/USERSPACE/DATASETS/CodecFake/train/F03_p364_163.wav,3
/USERSPACE/DATASETS/CodecFake/train/F03_SSB11310192.wav,3
/USERSPACE/DATASETS/CodecFake/train/F03_SSB04070029.wav,3
/USERSPACE/DATASETS/CodecFake/train/F03_p264_406.wav,3
/USERSPACE/DATASETS/CodecFake/train/F03_p241_037.wav,3
/USERSPACE/DATASETS/CodecFake/train/F03_p250_009.wav,3
/USERSPACE/DATASETS/CodecFake/train/F03_SSB07800422.wav,3
/USERSPACE/DATASETS/CodecFake/train/F03_SSB04340080.wav,3
/USERSPACE/DATASETS/CodecFake/train/F03_SSB18460238.wav,3
/USERSPACE/DATASETS/CodecFake/train/F03_SSB11760156.wav,3
/USERSPACE/DATASETS/CodecFake/train/F03_SSB05440149.wav,3
/USERSPACE/DATASETS/CodecFake/train/F03_SSB12740188.wav,3
/USERSPACE/DATASETS/CodecFake/train/F03_p232_084.wav,3
/USERSPACE/DATASETS/CodecFake/train/F03_p280_334.wav,3
/USERSPACE/DATASETS/CodecFake/train/F03_p257_093.wav,3
/USERSPACE/DATASETS/CodecFake/train/F03_SSB10910245.wav,3
/USERSPACE/DATASETS/CodecFake/train/F03_p301_404.wav,3
/USERSPACE/DATASETS/CodecFake/train/F03_SSB14480279.wav,3
/USERSPACE/DATASETS/CodecFake/train/F03_SSB09190304.wav,3
/USERSPACE/DATASETS/CodecFake/train/F03_p265_343.wav,3
/USERSPACE/DATASETS/CodecFake/train/F03_p262_318.wav,3
/USERSPACE/DATASETS/CodecFake/train/F03_p279_386.wav,3
/USERSPACE/DATASETS/CodecFake/train/F03_p316_039.wav,3
/USERSPACE/DATASETS/CodecFake/train/F03_SSB12390016.wav,3
/USERSPACE/DATASETS/CodecFake/train/F03_SSB04350445.wav,3
/USERSPACE/DATASETS/CodecFake/train/F03_p374_152.wav,3
/USERSPACE/DATASETS/CodecFake/train/F03_p299_313.wav,3
/USERSPACE/DATASETS/CodecFake/train/F03_SSB13400457.wav,3
/USERSPACE/DATASETS/CodecFake/train/F03_p286_435.wav,3
/USERSPACE/DATASETS/CodecFake/train/F03_SSB01390407.wav,3
/USERSPACE/DATASETS/CodecFake/train/F03_SSB02410468.wav,3
/USERSPACE/DATASETS/CodecFake/train/F03_SSB07490249.wav,3
/USERSPACE/DATASETS/CodecFake/train/F03_SSB10010119.wav,3
/USERSPACE/DATASETS/CodecFake/train/F03_SSB06660236.wav,3
/USERSPACE/DATASETS/CodecFake/train/F03_SSB01220133.wav,3
/USERSPACE/DATASETS/CodecFake/train/F03_p298_294.wav,3
/USERSPACE/DATASETS/CodecFake/train/F03_SSB10000041.wav,3
/USERSPACE/DATASETS/CodecFake/train/F03_p250_082.wav,3
/USERSPACE/DATASETS/CodecFake/train/F03_p287_306.wav,3
/USERSPACE/DATASETS/CodecFake/train/F03_SSB06010501.wav,3
/USERSPACE/DATASETS/CodecFake/train/F03_p364_046.wav,3
/USERSPACE/DATASETS/CodecFake/train/F03_SSB11760472.wav,3
/USERSPACE/DATASETS/CodecFake/train/F03_SSB07620455.wav,3
/USERSPACE/DATASETS/CodecFake/train/F03_p226_062.wav,3
/USERSPACE/DATASETS/CodecFake/train/F03_SSB00730282.wav,3
/USERSPACE/DATASETS/CodecFake/train/F03_SSB06230119.wav,3
/USERSPACE/DATASETS/CodecFake/train/F03_p279_052.wav,3
/USERSPACE/DATASETS/CodecFake/train/F03_SSB01390367.wav,3
/USERSPACE/DATASETS/CodecFake/train/F03_p301_069.wav,3
/USERSPACE/DATASETS/CodecFake/train/F03_p340_326.wav,3
/USERSPACE/DATASETS/CodecFake/train/F03_p336_088.wav,3
/USERSPACE/DATASETS/CodecFake/train/F03_SSB11260134.wav,3
/USERSPACE/DATASETS/CodecFake/train/F03_SSB01330048.wav,3
/USERSPACE/DATASETS/CodecFake/train/F03_SSB09350343.wav,3
/USERSPACE/DATASETS/CodecFake/train/F03_SSB16860164.wav,3
/USERSPACE/DATASETS/CodecFake/train/F03_SSB07370207.wav,3
/USERSPACE/DATASETS/CodecFake/train/F03_SSB06930150.wav,3
/USERSPACE/DATASETS/CodecFake/train/F03_SSB17810138.wav,3
/USERSPACE/DATASETS/CodecFake/train/F03_p229_112.wav,3
/USERSPACE/DATASETS/CodecFake/train/F03_SSB11310367.wav,3
/USERSPACE/DATASETS/CodecFake/train/F03_SSB11610330.wav,3
/USERSPACE/DATASETS/CodecFake/train/F03_SSB10000099.wav,3
/USERSPACE/DATASETS/CodecFake/train/F03_p259_102.wav,3
/USERSPACE/DATASETS/CodecFake/train/F03_p335_158.wav,3
/USERSPACE/DATASETS/CodecFake/train/F03_SSB00110133.wav,3
/USERSPACE/DATASETS/CodecFake/train/F03_p282_192.wav,3
/USERSPACE/DATASETS/CodecFake/train/F03_SSB15850178.wav,3
/USERSPACE/DATASETS/CodecFake/train/F03_SSB05440445.wav,3
/USERSPACE/DATASETS/CodecFake/train/F03_SSB01220213.wav,3
/USERSPACE/DATASETS/CodecFake/train/F03_p297_269.wav,3
/USERSPACE/DATASETS/CodecFake/train/F03_SSB18100172.wav,3
/USERSPACE/DATASETS/CodecFake/train/F03_SSB03930248.wav,3
/USERSPACE/DATASETS/CodecFake/train/F03_SSB04150427.wav,3
/USERSPACE/DATASETS/CodecFake/train/F03_SSB13200126.wav,3
/USERSPACE/DATASETS/CodecFake/train/F03_SSB11360048.wav,3
/USERSPACE/DATASETS/CodecFake/train/F03_SSB05940388.wav,3
/USERSPACE/DATASETS/CodecFake/train/F03_SSB11150066.wav,3
/USERSPACE/DATASETS/CodecFake/train/F03_SSB06230021.wav,3
/USERSPACE/DATASETS/CodecFake/train/F03_SSB12030397.wav,3
/USERSPACE/DATASETS/CodecFake/train/F03_SSB16500253.wav,3
/USERSPACE/DATASETS/CodecFake/train/F03_p311_157.wav,3
/USERSPACE/DATASETS/CodecFake/train/F03_SSB07110456.wav,3
/USERSPACE/DATASETS/CodecFake/train/F03_SSB06660141.wav,3
/USERSPACE/DATASETS/CodecFake/train/F03_SSB05780132.wav,3
/USERSPACE/DATASETS/CodecFake/train/F03_p323_046.wav,3
/USERSPACE/DATASETS/CodecFake/train/F03_SSB11970156.wav,3
/USERSPACE/DATASETS/CodecFake/train/F03_SSB07800080.wav,3
/USERSPACE/DATASETS/CodecFake/train/F03_SSB07460328.wav,3
/USERSPACE/DATASETS/CodecFake/train/F03_SSB13410108.wav,3
/USERSPACE/DATASETS/CodecFake/train/F03_SSB04070437.wav,3
/USERSPACE/DATASETS/CodecFake/train/F03_p234_227.wav,3
/USERSPACE/DATASETS/CodecFake/train/F03_p280_164.wav,3
/USERSPACE/DATASETS/CodecFake/train/F03_SSB05650355.wav,3
/USERSPACE/DATASETS/CodecFake/train/F03_SSB03540159.wav,3
/USERSPACE/DATASETS/CodecFake/train/F03_SSB02870301.wav,3
/USERSPACE/DATASETS/CodecFake/train/F03_SSB03420425.wav,3
/USERSPACE/DATASETS/CodecFake/train/F03_p341_254.wav,3
/USERSPACE/DATASETS/CodecFake/train/F03_p259_385.wav,3
/USERSPACE/DATASETS/CodecFake/train/F03_SSB06060151.wav,3
/USERSPACE/DATASETS/CodecFake/train/F03_p274_007.wav,3
/USERSPACE/DATASETS/CodecFake/train/F03_p295_022.wav,3
/USERSPACE/DATASETS/CodecFake/train/F03_SSB11250471.wav,3
/USERSPACE/DATASETS/CodecFake/train/F03_SSB12040436.wav,3
/USERSPACE/DATASETS/CodecFake/train/F03_SSB06660221.wav,3
/USERSPACE/DATASETS/CodecFake/train/F03_SSB11310454.wav,3
/USERSPACE/DATASETS/CodecFake/train/F03_p239_199.wav,3
/USERSPACE/DATASETS/CodecFake/train/F03_p314_012.wav,3
/USERSPACE/DATASETS/CodecFake/train/F03_SSB18720288.wav,3
/USERSPACE/DATASETS/CodecFake/train/F03_p249_134.wav,3
/USERSPACE/DATASETS/CodecFake/train/F03_SSB14370048.wav,3
/USERSPACE/DATASETS/CodecFake/train/F03_SSB13930161.wav,3
/USERSPACE/DATASETS/CodecFake/train/F03_p273_006.wav,3
/USERSPACE/DATASETS/CodecFake/train/F03_SSB02410112.wav,3
/USERSPACE/DATASETS/CodecFake/train/F03_SSB13020379.wav,3
/USERSPACE/DATASETS/CodecFake/train/F03_SSB10550045.wav,3
/USERSPACE/DATASETS/CodecFake/train/F03_p374_256.wav,3
/USERSPACE/DATASETS/CodecFake/train/F03_SSB05900053.wav,3
/USERSPACE/DATASETS/CodecFake/train/F03_SSB18630009.wav,3
/USERSPACE/DATASETS/CodecFake/train/F03_SSB05900222.wav,3
/USERSPACE/DATASETS/CodecFake/train/F03_SSB03940366.wav,3
/USERSPACE/DATASETS/CodecFake/train/F03_p341_191.wav,3
/USERSPACE/DATASETS/CodecFake/train/F03_SSB02000200.wav,3
/USERSPACE/DATASETS/CodecFake/train/F03_p285_167.wav,3
/USERSPACE/DATASETS/CodecFake/train/F03_SSB10500131.wav,3
/USERSPACE/DATASETS/CodecFake/train/F03_SSB12740424.wav,3
/USERSPACE/DATASETS/CodecFake/train/F03_SSB11310493.wav,3
/USERSPACE/DATASETS/CodecFake/train/F03_p227_394.wav,3
/USERSPACE/DATASETS/CodecFake/train/F03_SSB11310138.wav,3
/USERSPACE/DATASETS/CodecFake/train/F03_SSB15670097.wav,3
/USERSPACE/DATASETS/CodecFake/train/F03_p316_201.wav,3
/USERSPACE/DATASETS/CodecFake/train/F03_SSB03540155.wav,3
/USERSPACE/DATASETS/CodecFake/train/F03_p229_158.wav,3
/USERSPACE/DATASETS/CodecFake/train/F03_SSB00120279.wav,3
/USERSPACE/DATASETS/CodecFake/train/F03_SSB13850278.wav,3
/USERSPACE/DATASETS/CodecFake/train/F03_SSB11970069.wav,3
/USERSPACE/DATASETS/CodecFake/train/F03_SSB00730254.wav,3
/USERSPACE/DATASETS/CodecFake/train/F03_SSB12210059.wav,3
/USERSPACE/DATASETS/CodecFake/train/F03_p317_136.wav,3
/USERSPACE/DATASETS/CodecFake/train/F03_SSB05880120.wav,3
/USERSPACE/DATASETS/CodecFake/train/F03_p258_035.wav,3
/USERSPACE/DATASETS/CodecFake/train/F03_p249_003.wav,3
/USERSPACE/DATASETS/CodecFake/train/F03_SSB18100108.wav,3
/USERSPACE/DATASETS/CodecFake/train/F03_p243_105.wav,3
/USERSPACE/DATASETS/CodecFake/train/F03_p334_114.wav,3
/USERSPACE/DATASETS/CodecFake/train/F03_p376_131.wav,3
/USERSPACE/DATASETS/CodecFake/train/F03_SSB03800378.wav,3
/USERSPACE/DATASETS/CodecFake/train/F03_p230_333.wav,3
/USERSPACE/DATASETS/CodecFake/train/F03_p282_290.wav,3
/USERSPACE/DATASETS/CodecFake/train/F03_SSB16250025.wav,3
/USERSPACE/DATASETS/CodecFake/train/F03_SSB13930286.wav,3
/USERSPACE/DATASETS/CodecFake/train/F03_p265_135.wav,3
/USERSPACE/DATASETS/CodecFake/train/F03_SSB09970461.wav,3
/USERSPACE/DATASETS/CodecFake/train/F03_SSB17590277.wav,3
/USERSPACE/DATASETS/CodecFake/train/F03_SSB03930016.wav,3
/USERSPACE/DATASETS/CodecFake/train/F03_SSB11610413.wav,3
/USERSPACE/DATASETS/CodecFake/train/F03_SSB00570382.wav,3
/USERSPACE/DATASETS/CodecFake/train/F03_SSB11100385.wav,3
/USERSPACE/DATASETS/CodecFake/train/F03_p248_169.wav,3
/USERSPACE/DATASETS/CodecFake/train/F03_SSB13410462.wav,3
/USERSPACE/DATASETS/CodecFake/train/F03_SSB08090046.wav,3
/USERSPACE/DATASETS/CodecFake/train/F03_p264_387.wav,3
/USERSPACE/DATASETS/CodecFake/train/F03_p259_138.wav,3
/USERSPACE/DATASETS/CodecFake/train/F03_SSB10500277.wav,3
/USERSPACE/DATASETS/CodecFake/train/F03_SSB07110011.wav,3
/USERSPACE/DATASETS/CodecFake/train/F03_p230_417.wav,3
/USERSPACE/DATASETS/CodecFake/train/F03_SSB01930224.wav,3
/USERSPACE/DATASETS/CodecFake/train/F03_p266_130.wav,3
/USERSPACE/DATASETS/CodecFake/train/F03_SSB07170234.wav,3
/USERSPACE/DATASETS/CodecFake/train/F03_SSB03150311.wav,3
/USERSPACE/DATASETS/CodecFake/train/F03_SSB05020332.wav,3
/USERSPACE/DATASETS/CodecFake/train/F03_p311_058.wav,3
/USERSPACE/DATASETS/CodecFake/train/F03_SSB10000474.wav,3
/USERSPACE/DATASETS/CodecFake/train/F03_SSB03820336.wav,3
/USERSPACE/DATASETS/CodecFake/train/F03_SSB07780426.wav,3
/USERSPACE/DATASETS/CodecFake/train/F03_p232_023.wav,3
/USERSPACE/DATASETS/CodecFake/train/F03_p227_101.wav,3
/USERSPACE/DATASETS/CodecFake/train/F03_SSB04350153.wav,3
/USERSPACE/DATASETS/CodecFake/train/F03_SSB08870056.wav,3
/USERSPACE/DATASETS/CodecFake/train/F03_SSB16070154.wav,3
/USERSPACE/DATASETS/CodecFake/train/F03_p283_138.wav,3
/USERSPACE/DATASETS/CodecFake/train/F03_p231_076.wav,3
/USERSPACE/DATASETS/CodecFake/train/F03_SSB07230469.wav,3
/USERSPACE/DATASETS/CodecFake/train/F03_SSB16070401.wav,3
/USERSPACE/DATASETS/CodecFake/train/F03_SSB08630086.wav,3
/USERSPACE/DATASETS/CodecFake/train/F03_SSB13770435.wav,3
/USERSPACE/DATASETS/CodecFake/train/F03_p306_252.wav,3
/USERSPACE/DATASETS/CodecFake/train/F03_SSB10640109.wav,3
/USERSPACE/DATASETS/CodecFake/train/F03_SSB11350247.wav,3
/USERSPACE/DATASETS/CodecFake/train/F03_SSB03230472.wav,3
/USERSPACE/DATASETS/CodecFake/train/F03_p257_106.wav,3
/USERSPACE/DATASETS/CodecFake/train/F03_SSB12740243.wav,3
/USERSPACE/DATASETS/CodecFake/train/F03_SSB03950458.wav,3
/USERSPACE/DATASETS/CodecFake/train/F03_SSB01930079.wav,3
/USERSPACE/DATASETS/CodecFake/train/F03_SSB10720040.wav,3
/USERSPACE/DATASETS/CodecFake/train/F03_p257_274.wav,3
/USERSPACE/DATASETS/CodecFake/train/F03_SSB16700167.wav,3
/USERSPACE/DATASETS/CodecFake/train/F03_p247_169.wav,3
/USERSPACE/DATASETS/CodecFake/train/F03_SSB05390379.wav,3
/USERSPACE/DATASETS/CodecFake/train/F03_SSB05650212.wav,3
/USERSPACE/DATASETS/CodecFake/train/F03_p261_017.wav,3
/USERSPACE/DATASETS/CodecFake/train/F03_p252_374.wav,3
/USERSPACE/DATASETS/CodecFake/train/F03_SSB11260463.wav,3
/USERSPACE/DATASETS/CodecFake/train/F03_SSB15550436.wav,3
/USERSPACE/DATASETS/CodecFake/train/F03_SSB06090006.wav,3
/USERSPACE/DATASETS/CodecFake/train/F03_SSB07100217.wav,3
/USERSPACE/DATASETS/CodecFake/train/F03_SSB17820105.wav,3
/USERSPACE/DATASETS/CodecFake/train/F03_SSB04340285.wav,3
/USERSPACE/DATASETS/CodecFake/train/F03_SSB05020175.wav,3
/USERSPACE/DATASETS/CodecFake/train/F03_SSB06710298.wav,3
/USERSPACE/DATASETS/CodecFake/train/F03_SSB18910188.wav,3
/USERSPACE/DATASETS/CodecFake/train/F03_p239_213.wav,3
/USERSPACE/DATASETS/CodecFake/train/F03_SSB07800276.wav,3
/USERSPACE/DATASETS/CodecFake/train/F03_SSB05880160.wav,3
/USERSPACE/DATASETS/CodecFake/train/F03_SSB13850168.wav,3
/USERSPACE/DATASETS/CodecFake/train/F03_p251_140.wav,3
/USERSPACE/DATASETS/CodecFake/train/F03_SSB13410166.wav,3
/USERSPACE/DATASETS/CodecFake/train/F03_SSB06070020.wav,3
/USERSPACE/DATASETS/CodecFake/train/F03_p361_179.wav,3
/USERSPACE/DATASETS/CodecFake/train/F03_SSB11150131.wav,3
/USERSPACE/DATASETS/CodecFake/train/F03_SSB03090423.wav,3
/USERSPACE/DATASETS/CodecFake/train/F03_p318_170.wav,3
/USERSPACE/DATASETS/CodecFake/train/F03_p234_027.wav,3
/USERSPACE/DATASETS/CodecFake/train/F03_SSB16700298.wav,3
/USERSPACE/DATASETS/CodecFake/train/F03_p272_294.wav,3
/USERSPACE/DATASETS/CodecFake/train/F03_p317_377.wav,3
/USERSPACE/DATASETS/CodecFake/train/F03_SSB03950402.wav,3
/USERSPACE/DATASETS/CodecFake/train/F03_p252_009.wav,3
/USERSPACE/DATASETS/CodecFake/train/F03_SSB13410176.wav,3
/USERSPACE/DATASETS/CodecFake/train/F03_SSB03950182.wav,3
/USERSPACE/DATASETS/CodecFake/train/F03_SSB07480194.wav,3
/USERSPACE/DATASETS/CodecFake/train/F03_p298_196.wav,3
/USERSPACE/DATASETS/CodecFake/train/F03_SSB11080112.wav,3
/USERSPACE/DATASETS/CodecFake/train/F03_p251_271.wav,3
/USERSPACE/DATASETS/CodecFake/train/F03_SSB03930079.wav,3
/USERSPACE/DATASETS/CodecFake/train/F03_SSB18630189.wav,3
/USERSPACE/DATASETS/CodecFake/train/F03_SSB00120315.wav,3
/USERSPACE/DATASETS/CodecFake/train/F03_SSB04340419.wav,3
/USERSPACE/DATASETS/CodecFake/train/F03_p228_147.wav,3
/USERSPACE/DATASETS/CodecFake/train/F03_SSB13020225.wav,3
/USERSPACE/DATASETS/CodecFake/train/F03_SSB10960311.wav,3
/USERSPACE/DATASETS/CodecFake/train/F03_SSB00730465.wav,3
/USERSPACE/DATASETS/CodecFake/train/F03_SSB07840365.wav,3
/USERSPACE/DATASETS/CodecFake/train/F03_SSB07940279.wav,3
/USERSPACE/DATASETS/CodecFake/train/F03_SSB14570138.wav,3
/USERSPACE/DATASETS/CodecFake/train/F03_p326_286.wav,3
/USERSPACE/DATASETS/CodecFake/train/F03_SSB10560381.wav,3
/USERSPACE/DATASETS/CodecFake/train/F03_SSB13820113.wav,3
/USERSPACE/DATASETS/CodecFake/train/F03_p258_066.wav,3
/USERSPACE/DATASETS/CodecFake/train/F03_SSB18370182.wav,3
/USERSPACE/DATASETS/CodecFake/train/F03_p260_163.wav,3
/USERSPACE/DATASETS/CodecFake/train/F03_SSB01390036.wav,3
/USERSPACE/DATASETS/CodecFake/train/F03_p329_372.wav,3
/USERSPACE/DATASETS/CodecFake/train/F03_SSB03820398.wav,3
/USERSPACE/DATASETS/CodecFake/train/F03_SSB13200263.wav,3
/USERSPACE/DATASETS/CodecFake/train/F03_p278_399.wav,3
/USERSPACE/DATASETS/CodecFake/train/F03_p299_025.wav,3
/USERSPACE/DATASETS/CodecFake/train/F03_SSB10240055.wav,3
/USERSPACE/DATASETS/CodecFake/train/F03_SSB10010374.wav,3
/USERSPACE/DATASETS/CodecFake/train/F03_p340_218.wav,3
/USERSPACE/DATASETS/CodecFake/train/F03_SSB16840356.wav,3
/USERSPACE/DATASETS/CodecFake/train/F03_p299_199.wav,3
/USERSPACE/DATASETS/CodecFake/train/F03_SSB08220152.wav,3
/USERSPACE/DATASETS/CodecFake/train/F03_SSB08220190.wav,3
/USERSPACE/DATASETS/CodecFake/train/F03_SSB06680458.wav,3
/USERSPACE/DATASETS/CodecFake/train/F03_p288_273.wav,3
/USERSPACE/DATASETS/CodecFake/train/F03_SSB16990027.wav,3
/USERSPACE/DATASETS/CodecFake/train/F03_SSB03380354.wav,3
/USERSPACE/DATASETS/CodecFake/train/F03_SSB00730405.wav,3
/USERSPACE/DATASETS/CodecFake/train/F03_SSB08710230.wav,3
/USERSPACE/DATASETS/CodecFake/train/F03_SSB03410197.wav,3
/USERSPACE/DATASETS/CodecFake/train/F03_p323_401.wav,3
/USERSPACE/DATASETS/CodecFake/train/F03_p240_031.wav,3
/USERSPACE/DATASETS/CodecFake/train/F03_p254_209.wav,3
/USERSPACE/DATASETS/CodecFake/train/F03_p274_086.wav,3
/USERSPACE/DATASETS/CodecFake/train/F03_SSB03390021.wav,3
/USERSPACE/DATASETS/CodecFake/train/F03_SSB16300434.wav,3
/USERSPACE/DATASETS/CodecFake/train/F03_p306_299.wav,3
/USERSPACE/DATASETS/CodecFake/train/F03_SSB05900109.wav,3
/USERSPACE/DATASETS/CodecFake/train/F03_SSB01490336.wav,3
/USERSPACE/DATASETS/CodecFake/train/F03_SSB00120367.wav,3
/USERSPACE/DATASETS/CodecFake/train/F03_SSB06090050.wav,3
/USERSPACE/DATASETS/CodecFake/train/F03_p234_028.wav,3
/USERSPACE/DATASETS/CodecFake/train/F03_SSB06290194.wav,3
/USERSPACE/DATASETS/CodecFake/train/F03_SSB11000447.wav,3
/USERSPACE/DATASETS/CodecFake/train/F03_p279_108.wav,3
/USERSPACE/DATASETS/CodecFake/train/F03_p347_368.wav,3
/USERSPACE/DATASETS/CodecFake/train/F03_SSB05390430.wav,3
/USERSPACE/DATASETS/CodecFake/train/F03_SSB12390360.wav,3
/USERSPACE/DATASETS/CodecFake/train/F03_p340_372.wav,3
/USERSPACE/DATASETS/CodecFake/train/F03_SSB16500159.wav,3
/USERSPACE/DATASETS/CodecFake/train/F03_p329_211.wav,3
/USERSPACE/DATASETS/CodecFake/train/F03_SSB00800338.wav,3
/USERSPACE/DATASETS/CodecFake/train/F03_p259_435.wav,3
/USERSPACE/DATASETS/CodecFake/train/F03_p229_059.wav,3
/USERSPACE/DATASETS/CodecFake/train/F03_SSB01330178.wav,3
/USERSPACE/DATASETS/CodecFake/train/F03_SSB01330342.wav,3
/USERSPACE/DATASETS/CodecFake/train/F03_SSB18280424.wav,3
/USERSPACE/DATASETS/CodecFake/train/F03_SSB19350469.wav,3
/USERSPACE/DATASETS/CodecFake/train/F03_p261_048.wav,3
/USERSPACE/DATASETS/CodecFake/train/F03_SSB06320012.wav,3
/USERSPACE/DATASETS/CodecFake/train/F03_p280_123.wav,3
/USERSPACE/DATASETS/CodecFake/train/F03_SSB19180394.wav,3
/USERSPACE/DATASETS/CodecFake/train/F03_p376_082.wav,3
/USERSPACE/DATASETS/CodecFake/train/F03_SSB08630132.wav,3
/USERSPACE/DATASETS/CodecFake/train/F03_p237_254.wav,3
/USERSPACE/DATASETS/CodecFake/train/F03_p276_413.wav,3
/USERSPACE/DATASETS/CodecFake/train/F03_SSB12030327.wav,3
/USERSPACE/DATASETS/CodecFake/train/F03_SSB00730219.wav,3
/USERSPACE/DATASETS/CodecFake/train/F03_p300_145.wav,3
/USERSPACE/DATASETS/CodecFake/train/F03_SSB07860379.wav,3
/USERSPACE/DATASETS/CodecFake/train/F03_SSB11150329.wav,3
/USERSPACE/DATASETS/CodecFake/train/F03_SSB14310009.wav,3
/USERSPACE/DATASETS/CodecFake/train/F03_SSB06930249.wav,3
/USERSPACE/DATASETS/CodecFake/train/F03_SSB07000388.wav,3
/USERSPACE/DATASETS/CodecFake/train/F03_SSB03820066.wav,3
/USERSPACE/DATASETS/CodecFake/train/F03_SSB12150290.wav,3
/USERSPACE/DATASETS/CodecFake/train/F03_p295_232.wav,3
/USERSPACE/DATASETS/CodecFake/train/F03_SSB11260014.wav,3
/USERSPACE/DATASETS/CodecFake/train/F03_SSB01120056.wav,3
/USERSPACE/DATASETS/CodecFake/train/F03_p234_025.wav,3
/USERSPACE/DATASETS/CodecFake/train/F03_SSB00160051.wav,3
/USERSPACE/DATASETS/CodecFake/train/F03_SSB06680013.wav,3
/USERSPACE/DATASETS/CodecFake/train/F03_SSB07460309.wav,3
/USERSPACE/DATASETS/CodecFake/train/F03_SSB19350077.wav,3
/USERSPACE/DATASETS/CodecFake/train/F03_SSB18310345.wav,3
/USERSPACE/DATASETS/CodecFake/train/F03_p233_158.wav,3
/USERSPACE/DATASETS/CodecFake/train/F03_SSB08710026.wav,3
/USERSPACE/DATASETS/CodecFake/train/F03_p312_373.wav,3
/USERSPACE/DATASETS/CodecFake/train/F03_p339_141.wav,3
/USERSPACE/DATASETS/CodecFake/train/F03_p274_320.wav,3
/USERSPACE/DATASETS/CodecFake/train/F03_p240_379.wav,3
/USERSPACE/DATASETS/CodecFake/train/F03_SSB07200400.wav,3
/USERSPACE/DATASETS/CodecFake/train/F03_SSB03660379.wav,3
/USERSPACE/DATASETS/CodecFake/train/F03_p278_295.wav,3
/USERSPACE/DATASETS/CodecFake/train/F03_SSB01970161.wav,3
/USERSPACE/DATASETS/CodecFake/train/F03_p285_262.wav,3
/USERSPACE/DATASETS/CodecFake/train/F03_SSB04820293.wav,3
/USERSPACE/DATASETS/CodecFake/train/F03_SSB03090439.wav,3
/USERSPACE/DATASETS/CodecFake/train/F03_p334_405.wav,3
/USERSPACE/DATASETS/CodecFake/train/F03_p304_400.wav,3
/USERSPACE/DATASETS/CodecFake/train/F03_SSB13650273.wav,3
/USERSPACE/DATASETS/CodecFake/train/F03_SSB18280394.wav,3
/USERSPACE/DATASETS/CodecFake/train/F03_SSB17810117.wav,3
/USERSPACE/DATASETS/CodecFake/train/F03_SSB18090088.wav,3
/USERSPACE/DATASETS/CodecFake/train/F03_SSB19560094.wav,3
/USERSPACE/DATASETS/CodecFake/train/F03_p329_070.wav,3
/USERSPACE/DATASETS/CodecFake/train/F03_SSB11310450.wav,3
/USERSPACE/DATASETS/CodecFake/train/F03_SSB10240136.wav,3
/USERSPACE/DATASETS/CodecFake/train/F03_p284_376.wav,3
/USERSPACE/DATASETS/CodecFake/train/F03_p299_388.wav,3
/USERSPACE/DATASETS/CodecFake/train/F03_SSB05340079.wav,3
/USERSPACE/DATASETS/CodecFake/train/F03_SSB18320144.wav,3
/USERSPACE/DATASETS/CodecFake/train/F03_SSB17810055.wav,3
/USERSPACE/DATASETS/CodecFake/train/F03_SSB02460307.wav,3
/USERSPACE/DATASETS/CodecFake/train/F03_p244_024.wav,3
/USERSPACE/DATASETS/CodecFake/train/F03_p250_230.wav,3
/USERSPACE/DATASETS/CodecFake/train/F03_p280_268.wav,3
/USERSPACE/DATASETS/CodecFake/train/F03_SSB00050158.wav,3
/USERSPACE/DATASETS/CodecFake/train/F03_SSB07200126.wav,3
/USERSPACE/DATASETS/CodecFake/train/F03_SSB09930131.wav,3
/USERSPACE/DATASETS/CodecFake/train/F03_SSB10550448.wav,3
/USERSPACE/DATASETS/CodecFake/train/F03_SSB03390380.wav,3
/USERSPACE/DATASETS/CodecFake/train/F03_SSB05990309.wav,3
/USERSPACE/DATASETS/CodecFake/train/F03_SSB19560451.wav,3
/USERSPACE/DATASETS/CodecFake/train/F03_p270_428.wav,3
/USERSPACE/DATASETS/CodecFake/train/F03_SSB10640032.wav,3
/USERSPACE/DATASETS/CodecFake/train/F03_SSB05780228.wav,3
/USERSPACE/DATASETS/CodecFake/train/F03_SSB11080350.wav,3
/USERSPACE/DATASETS/CodecFake/train/F03_SSB06230105.wav,3
/USERSPACE/DATASETS/CodecFake/train/F03_p347_088.wav,3
/USERSPACE/DATASETS/CodecFake/train/F03_SSB05020119.wav,3
/USERSPACE/DATASETS/CodecFake/train/F03_SSB10200053.wav,3
/USERSPACE/DATASETS/CodecFake/train/F03_SSB06930438.wav,3
/USERSPACE/DATASETS/CodecFake/train/F03_SSB03940036.wav,3
/USERSPACE/DATASETS/CodecFake/train/F03_SSB10910242.wav,3
/USERSPACE/DATASETS/CodecFake/train/F03_p298_307.wav,3
/USERSPACE/DATASETS/CodecFake/train/F03_SSB00570438.wav,3
/USERSPACE/DATASETS/CodecFake/train/F03_p360_226.wav,3
/USERSPACE/DATASETS/CodecFake/train/F03_p238_100.wav,3
/USERSPACE/DATASETS/CodecFake/train/F03_SSB02880208.wav,3
/USERSPACE/DATASETS/CodecFake/train/F03_SSB05700332.wav,3
/USERSPACE/DATASETS/CodecFake/train/F03_p360_270.wav,3
/USERSPACE/DATASETS/CodecFake/train/F03_SSB01390222.wav,3
/USERSPACE/DATASETS/CodecFake/train/F03_p300_036.wav,3
/USERSPACE/DATASETS/CodecFake/train/F03_SSB07170273.wav,3
/USERSPACE/DATASETS/CodecFake/train/F03_p364_024.wav,3
/USERSPACE/DATASETS/CodecFake/train/F03_SSB19020082.wav,3
/USERSPACE/DATASETS/CodecFake/train/F03_p248_170.wav,3
/USERSPACE/DATASETS/CodecFake/train/F03_p269_387.wav,3
/USERSPACE/DATASETS/CodecFake/train/F03_SSB05340454.wav,3
/USERSPACE/DATASETS/CodecFake/train/F03_p229_241.wav,3
/USERSPACE/DATASETS/CodecFake/train/F03_SSB05650426.wav,3
/USERSPACE/DATASETS/CodecFake/train/F03_SSB04340119.wav,3
/USERSPACE/DATASETS/CodecFake/train/F03_p351_273.wav,3
/USERSPACE/DATASETS/CodecFake/train/F03_SSB10200090.wav,3
/USERSPACE/DATASETS/CodecFake/train/F03_SSB03230379.wav,3
/USERSPACE/DATASETS/CodecFake/train/F03_p294_172.wav,3
/USERSPACE/DATASETS/CodecFake/train/F03_SSB03070100.wav,3
/USERSPACE/DATASETS/CodecFake/train/F03_p345_085.wav,3
/USERSPACE/DATASETS/CodecFake/train/F03_p313_323.wav,3
/USERSPACE/DATASETS/CodecFake/train/F03_SSB11760279.wav,3
/USERSPACE/DATASETS/CodecFake/train/F03_p250_115.wav,3
/USERSPACE/DATASETS/CodecFake/train/F03_SSB18910084.wav,3
/USERSPACE/DATASETS/CodecFake/train/F03_SSB03820106.wav,3
/USERSPACE/DATASETS/CodecFake/train/F03_SSB07860450.wav,3
/USERSPACE/DATASETS/CodecFake/train/F03_p311_363.wav,3
/USERSPACE/DATASETS/CodecFake/train/F03_p306_247.wav,3
/USERSPACE/DATASETS/CodecFake/train/F03_SSB12150262.wav,3
/USERSPACE/DATASETS/CodecFake/train/F03_SSB04150319.wav,3
/USERSPACE/DATASETS/CodecFake/train/F03_SSB05650486.wav,3
/USERSPACE/DATASETS/CodecFake/train/F03_SSB02990291.wav,3
/USERSPACE/DATASETS/CodecFake/train/F03_SSB03410337.wav,3
/USERSPACE/DATASETS/CodecFake/train/F03_SSB02990007.wav,3
/USERSPACE/DATASETS/CodecFake/train/F03_p333_134.wav,3
/USERSPACE/DATASETS/CodecFake/train/F03_p311_327.wav,3
/USERSPACE/DATASETS/CodecFake/train/F03_SSB05020456.wav,3
/USERSPACE/DATASETS/CodecFake/train/F03_SSB08220408.wav,3
/USERSPACE/DATASETS/CodecFake/train/F03_SSB16840081.wav,3
/USERSPACE/DATASETS/CodecFake/train/F03_SSB11610258.wav,3
/USERSPACE/DATASETS/CodecFake/train/F03_SSB11100444.wav,3
/USERSPACE/DATASETS/CodecFake/train/F03_p241_297.wav,3
/USERSPACE/DATASETS/CodecFake/train/F03_p276_384.wav,3
/USERSPACE/DATASETS/CodecFake/train/F03_SSB13850112.wav,3
/USERSPACE/DATASETS/CodecFake/train/F03_SSB08710431.wav,3
/USERSPACE/DATASETS/CodecFake/train/F03_SSB16250425.wav,3
/USERSPACE/DATASETS/CodecFake/train/F03_p306_036.wav,3
/USERSPACE/DATASETS/CodecFake/train/F03_SSB06060112.wav,3
/USERSPACE/DATASETS/CodecFake/train/F03_SSB10010121.wav,3
/USERSPACE/DATASETS/CodecFake/train/F03_SSB18310375.wav,3
/USERSPACE/DATASETS/CodecFake/train/F03_SSB17450422.wav,3
/USERSPACE/DATASETS/CodecFake/train/F03_p228_302.wav,3
/USERSPACE/DATASETS/CodecFake/train/F03_p351_348.wav,3
/USERSPACE/DATASETS/CodecFake/train/F03_p298_198.wav,3
/USERSPACE/DATASETS/CodecFake/train/F03_p277_115.wav,3
/USERSPACE/DATASETS/CodecFake/train/F03_p252_290.wav,3
/USERSPACE/DATASETS/CodecFake/train/F03_SSB04700288.wav,3
/USERSPACE/DATASETS/CodecFake/train/F03_p329_133.wav,3
/USERSPACE/DATASETS/CodecFake/train/F03_SSB11080184.wav,3
/USERSPACE/DATASETS/CodecFake/train/F03_SSB07170371.wav,3
/USERSPACE/DATASETS/CodecFake/train/F03_SSB08710437.wav,3
/USERSPACE/DATASETS/CodecFake/train/F03_SSB17110450.wav,3
/USERSPACE/DATASETS/CodecFake/train/F03_p306_236.wav,3
/USERSPACE/DATASETS/CodecFake/train/F03_p268_279.wav,3
/USERSPACE/DATASETS/CodecFake/train/F03_p241_041.wav,3
/USERSPACE/DATASETS/CodecFake/train/F03_SSB06010328.wav,3
/USERSPACE/DATASETS/CodecFake/train/F03_SSB14310221.wav,3
/USERSPACE/DATASETS/CodecFake/train/F03_p257_240.wav,3
/USERSPACE/DATASETS/CodecFake/train/F03_SSB06070197.wav,3
/USERSPACE/DATASETS/CodecFake/train/F03_p241_177.wav,3
/USERSPACE/DATASETS/CodecFake/train/F03_SSB13220102.wav,3
/USERSPACE/DATASETS/CodecFake/train/F03_p253_344.wav,3
/USERSPACE/DATASETS/CodecFake/train/F03_SSB16300291.wav,3
/USERSPACE/DATASETS/CodecFake/train/F03_SSB03820397.wav,3
/USERSPACE/DATASETS/CodecFake/train/F03_p257_316.wav,3
/USERSPACE/DATASETS/CodecFake/train/F03_p351_267.wav,3
/USERSPACE/DATASETS/CodecFake/train/F03_SSB12390285.wav,3
/USERSPACE/DATASETS/CodecFake/train/F03_SSB04070438.wav,3
/USERSPACE/DATASETS/CodecFake/train/F03_SSB05900273.wav,3
/USERSPACE/DATASETS/CodecFake/train/F03_SSB09660320.wav,3
/USERSPACE/DATASETS/CodecFake/train/F03_SSB07480352.wav,3
/USERSPACE/DATASETS/CodecFake/train/F03_p299_325.wav,3
/USERSPACE/DATASETS/CodecFake/train/F03_SSB09190236.wav,3
/USERSPACE/DATASETS/CodecFake/train/F03_SSB13990076.wav,3
/USERSPACE/DATASETS/CodecFake/train/F03_p276_132.wav,3
/USERSPACE/DATASETS/CodecFake/train/F03_SSB03150246.wav,3
/USERSPACE/DATASETS/CodecFake/train/F03_SSB12390265.wav,3
/USERSPACE/DATASETS/CodecFake/train/F03_p231_232.wav,3
/USERSPACE/DATASETS/CodecFake/train/F03_SSB05880483.wav,3
/USERSPACE/DATASETS/CodecFake/train/F03_SSB10550226.wav,3
/USERSPACE/DATASETS/CodecFake/train/F03_p299_274.wav,3
/USERSPACE/DATASETS/CodecFake/train/F03_p364_308.wav,3
/USERSPACE/DATASETS/CodecFake/train/F03_SSB06930430.wav,3
/USERSPACE/DATASETS/CodecFake/train/F03_SSB01970198.wav,3
/USERSPACE/DATASETS/CodecFake/train/F03_SSB12530027.wav,3
/USERSPACE/DATASETS/CodecFake/train/F03_SSB13820354.wav,3
/USERSPACE/DATASETS/CodecFake/train/F03_SSB06030306.wav,3
/USERSPACE/DATASETS/CodecFake/train/F03_SSB05880342.wav,3
/USERSPACE/DATASETS/CodecFake/train/F03_SSB05700309.wav,3
/USERSPACE/DATASETS/CodecFake/train/F03_p245_248.wav,3
/USERSPACE/DATASETS/CodecFake/train/F03_SSB13650236.wav,3
/USERSPACE/DATASETS/CodecFake/train/F03_SSB16840133.wav,3
/USERSPACE/DATASETS/CodecFake/train/F03_SSB03930096.wav,3
/USERSPACE/DATASETS/CodecFake/train/F03_SSB18720214.wav,3
/USERSPACE/DATASETS/CodecFake/train/F03_SSB18720130.wav,3
/USERSPACE/DATASETS/CodecFake/train/F03_SSB10500345.wav,3
/USERSPACE/DATASETS/CodecFake/train/F03_p271_149.wav,3
/USERSPACE/DATASETS/CodecFake/train/F03_SSB02670139.wav,3
/USERSPACE/DATASETS/CodecFake/train/F03_p311_421.wav,3
/USERSPACE/DATASETS/CodecFake/train/F03_SSB11080174.wav,3
/USERSPACE/DATASETS/CodecFake/train/F03_SSB06860072.wav,3
/USERSPACE/DATASETS/CodecFake/train/F03_SSB10240462.wav,3
/USERSPACE/DATASETS/CodecFake/train/F03_SSB05780489.wav,3
/USERSPACE/DATASETS/CodecFake/train/F03_p303_122.wav,3
/USERSPACE/DATASETS/CodecFake/train/F03_SSB18320169.wav,3
/USERSPACE/DATASETS/CodecFake/train/F03_SSB01490223.wav,3
/USERSPACE/DATASETS/CodecFake/train/F03_SSB10500359.wav,3
/USERSPACE/DATASETS/CodecFake/train/F03_SSB13650113.wav,3
/USERSPACE/DATASETS/CodecFake/train/F03_p285_143.wav,3
/USERSPACE/DATASETS/CodecFake/train/F03_SSB07490390.wav,3
/USERSPACE/DATASETS/CodecFake/train/F03_SSB10240207.wav,3
/USERSPACE/DATASETS/CodecFake/train/F03_SSB18060320.wav,3
/USERSPACE/DATASETS/CodecFake/train/F03_SSB04820248.wav,3
/USERSPACE/DATASETS/CodecFake/train/F03_SSB06230314.wav,3
/USERSPACE/DATASETS/CodecFake/train/F03_SSB05350353.wav,3
/USERSPACE/DATASETS/CodecFake/train/F03_SSB00380337.wav,3
/USERSPACE/DATASETS/CodecFake/train/F03_SSB07100094.wav,3
/USERSPACE/DATASETS/CodecFake/train/F03_p307_410.wav,3
/USERSPACE/DATASETS/CodecFake/train/F03_SSB09970374.wav,3
/USERSPACE/DATASETS/CodecFake/train/F03_SSB10960328.wav,3
/USERSPACE/DATASETS/CodecFake/train/F03_SSB13850095.wav,3
/USERSPACE/DATASETS/CodecFake/train/F03_SSB03380224.wav,3
/USERSPACE/DATASETS/CodecFake/train/F03_SSB09190372.wav,3
/USERSPACE/DATASETS/CodecFake/train/F03_p323_060.wav,3
/USERSPACE/DATASETS/CodecFake/train/F03_p347_111.wav,3
/USERSPACE/DATASETS/CodecFake/train/F03_SSB03410360.wav,3
/USERSPACE/DATASETS/CodecFake/train/F03_SSB04070436.wav,3
/USERSPACE/DATASETS/CodecFake/train/F03_SSB18320428.wav,3
/USERSPACE/DATASETS/CodecFake/train/F03_SSB18910103.wav,3
/USERSPACE/DATASETS/CodecFake/train/F03_SSB13770018.wav,3
/USERSPACE/DATASETS/CodecFake/train/F03_SSB15750051.wav,3
/USERSPACE/DATASETS/CodecFake/train/F03_p305_198.wav,3
/USERSPACE/DATASETS/CodecFake/train/F03_SSB07510029.wav,3
/USERSPACE/DATASETS/CodecFake/train/F03_SSB19350195.wav,3
/USERSPACE/DATASETS/CodecFake/train/F03_SSB03930109.wav,3
/USERSPACE/DATASETS/CodecFake/train/F03_SSB05340029.wav,3
/USERSPACE/DATASETS/CodecFake/train/F03_SSB13200067.wav,3
/USERSPACE/DATASETS/CodecFake/train/F03_SSB03540049.wav,3
/USERSPACE/DATASETS/CodecFake/train/F03_SSB10020274.wav,3
/USERSPACE/DATASETS/CodecFake/train/F03_p334_389.wav,3
/USERSPACE/DATASETS/CodecFake/train/F03_SSB02870261.wav,3
/USERSPACE/DATASETS/CodecFake/train/F03_SSB05990108.wav,3
/USERSPACE/DATASETS/CodecFake/train/F03_p330_328.wav,3
/USERSPACE/DATASETS/CodecFake/train/F03_SSB06930011.wav,3
/USERSPACE/DATASETS/CodecFake/train/F03_p255_229.wav,3
/USERSPACE/DATASETS/CodecFake/train/F03_SSB00120128.wav,3
/USERSPACE/DATASETS/CodecFake/train/F03_SSB13220432.wav,3
/USERSPACE/DATASETS/CodecFake/train/F03_SSB04350195.wav,3
/USERSPACE/DATASETS/CodecFake/train/F03_SSB05650503.wav,3
/USERSPACE/DATASETS/CodecFake/train/F03_SSB13220356.wav,3
/USERSPACE/DATASETS/CodecFake/train/F03_SSB14020204.wav,3
/USERSPACE/DATASETS/CodecFake/train/F03_SSB11360026.wav,3
/USERSPACE/DATASETS/CodecFake/train/F03_SSB02610384.wav,3
/USERSPACE/DATASETS/CodecFake/train/F03_SSB03540315.wav,3
/USERSPACE/DATASETS/CodecFake/train/F03_SSB06140107.wav,3
/USERSPACE/DATASETS/CodecFake/train/F03_SSB15750061.wav,3
/USERSPACE/DATASETS/CodecFake/train/F03_p263_345.wav,3
/USERSPACE/DATASETS/CodecFake/train/F03_SSB13400056.wav,3
/USERSPACE/DATASETS/CodecFake/train/F03_SSB00430421.wav,3
/USERSPACE/DATASETS/CodecFake/train/F03_p318_331.wav,3
/USERSPACE/DATASETS/CodecFake/train/F03_SSB09130029.wav,3
/USERSPACE/DATASETS/CodecFake/train/F03_p323_242.wav,3
/USERSPACE/DATASETS/CodecFake/train/F03_SSB07780125.wav,3
/USERSPACE/DATASETS/CodecFake/train/F03_p247_349.wav,3
/USERSPACE/DATASETS/CodecFake/train/F03_p250_396.wav,3
/USERSPACE/DATASETS/CodecFake/train/F03_SSB16240242.wav,3
/USERSPACE/DATASETS/CodecFake/train/F03_SSB05990213.wav,3
/USERSPACE/DATASETS/CodecFake/train/F03_SSB06310269.wav,3
/USERSPACE/DATASETS/CodecFake/train/F03_SSB07800331.wav,3
/USERSPACE/DATASETS/CodecFake/train/F03_p264_457.wav,3
/USERSPACE/DATASETS/CodecFake/train/F03_SSB01220313.wav,3
/USERSPACE/DATASETS/CodecFake/train/F03_p233_383.wav,3
/USERSPACE/DATASETS/CodecFake/train/F03_SSB15630502.wav,3
/USERSPACE/DATASETS/CodecFake/train/F03_SSB04350110.wav,3
/USERSPACE/DATASETS/CodecFake/train/F03_SSB17450043.wav,3
/USERSPACE/DATASETS/CodecFake/train/F03_SSB13020254.wav,3
/USERSPACE/DATASETS/CodecFake/train/F03_SSB11000230.wav,3
/USERSPACE/DATASETS/CodecFake/train/F03_SSB18720447.wav,3
/USERSPACE/DATASETS/CodecFake/train/F03_p277_286.wav,3
/USERSPACE/DATASETS/CodecFake/train/F03_SSB03950214.wav,3
/USERSPACE/DATASETS/CodecFake/train/F03_SSB09130003.wav,3
/USERSPACE/DATASETS/CodecFake/train/F03_p227_344.wav,3
/USERSPACE/DATASETS/CodecFake/train/F03_SSB03540488.wav,3
/USERSPACE/DATASETS/CodecFake/train/F03_SSB18310196.wav,3
/USERSPACE/DATASETS/CodecFake/train/F03_SSB11310246.wav,3
/USERSPACE/DATASETS/CodecFake/train/F03_p361_380.wav,3
/USERSPACE/DATASETS/CodecFake/train/F03_SSB04340014.wav,3
/USERSPACE/DATASETS/CodecFake/train/F03_SSB04820302.wav,3
/USERSPACE/DATASETS/CodecFake/train/F03_SSB19020214.wav,3
/USERSPACE/DATASETS/CodecFake/train/F03_p247_432.wav,3
/USERSPACE/DATASETS/CodecFake/train/F03_SSB08220300.wav,3
/USERSPACE/DATASETS/CodecFake/train/F03_SSB16700362.wav,3
/USERSPACE/DATASETS/CodecFake/train/F03_SSB07100105.wav,3
/USERSPACE/DATASETS/CodecFake/train/F03_p361_004.wav,3
/USERSPACE/DATASETS/CodecFake/train/F03_SSB07840051.wav,3
/USERSPACE/DATASETS/CodecFake/train/F03_SSB00160391.wav,3
/USERSPACE/DATASETS/CodecFake/train/F03_SSB12740255.wav,3
/USERSPACE/DATASETS/CodecFake/train/F03_p351_301.wav,3
/USERSPACE/DATASETS/CodecFake/train/F03_p306_217.wav,3
/USERSPACE/DATASETS/CodecFake/train/F03_p243_229.wav,3
/USERSPACE/DATASETS/CodecFake/train/F03_SSB03410174.wav,3
/USERSPACE/DATASETS/CodecFake/train/F03_p376_022.wav,3
/USERSPACE/DATASETS/CodecFake/train/F03_p295_230.wav,3
/USERSPACE/DATASETS/CodecFake/train/F03_SSB18060190.wav,3
/USERSPACE/DATASETS/CodecFake/train/F03_SSB06010131.wav,3
/USERSPACE/DATASETS/CodecFake/train/F03_SSB13280276.wav,3
/USERSPACE/DATASETS/CodecFake/train/F03_SSB00050373.wav,3
/USERSPACE/DATASETS/CodecFake/train/F03_SSB10020334.wav,3
/USERSPACE/DATASETS/CodecFake/train/F03_p276_406.wav,3
/USERSPACE/DATASETS/CodecFake/train/F03_p340_037.wav,3
/USERSPACE/DATASETS/CodecFake/train/F03_p360_302.wav,3
/USERSPACE/DATASETS/CodecFake/train/F03_SSB13020158.wav,3
/USERSPACE/DATASETS/CodecFake/train/F03_SSB07840327.wav,3
/USERSPACE/DATASETS/CodecFake/train/F03_p361_337.wav,3
/USERSPACE/DATASETS/CodecFake/train/F03_SSB10500193.wav,3
/USERSPACE/DATASETS/CodecFake/train/F03_SSB03380162.wav,3
/USERSPACE/DATASETS/CodecFake/train/F03_SSB09150304.wav,3
/USERSPACE/DATASETS/CodecFake/train/F03_p272_080.wav,3
/USERSPACE/DATASETS/CodecFake/train/F03_p239_088.wav,3
/USERSPACE/DATASETS/CodecFake/train/F03_SSB07020398.wav,3
/USERSPACE/DATASETS/CodecFake/train/F03_SSB05020288.wav,3
/USERSPACE/DATASETS/CodecFake/train/F03_SSB02410338.wav,3
/USERSPACE/DATASETS/CodecFake/train/F03_SSB00110053.wav,3
/USERSPACE/DATASETS/CodecFake/train/F03_SSB11150466.wav,3
/USERSPACE/DATASETS/CodecFake/train/F03_p316_234.wav,3
/USERSPACE/DATASETS/CodecFake/train/F03_p250_072.wav,3
/USERSPACE/DATASETS/CodecFake/train/F03_SSB06710038.wav,3
/USERSPACE/DATASETS/CodecFake/train/F03_SSB13820193.wav,3
/USERSPACE/DATASETS/CodecFake/train/F03_p360_107.wav,3
/USERSPACE/DATASETS/CodecFake/train/F03_p310_239.wav,3
/USERSPACE/DATASETS/CodecFake/train/F03_SSB19180065.wav,3
/USERSPACE/DATASETS/CodecFake/train/F03_SSB08090125.wav,3
/USERSPACE/DATASETS/CodecFake/train/F03_p271_042.wav,3
/USERSPACE/DATASETS/CodecFake/train/F03_p340_224.wav,3
/USERSPACE/DATASETS/CodecFake/train/F03_SSB16500432.wav,3
/USERSPACE/DATASETS/CodecFake/train/F03_SSB02730083.wav,3
/USERSPACE/DATASETS/CodecFake/train/F03_SSB15930362.wav,3
/USERSPACE/DATASETS/CodecFake/train/F03_SSB03940401.wav,3
/USERSPACE/DATASETS/CodecFake/train/F03_SSB06070487.wav,3
/USERSPACE/DATASETS/CodecFake/train/F03_p277_176.wav,3
/USERSPACE/DATASETS/CodecFake/train/F03_p227_321.wav,3
/USERSPACE/DATASETS/CodecFake/train/F03_p340_015.wav,3
/USERSPACE/DATASETS/CodecFake/train/F03_SSB01330210.wav,3
/USERSPACE/DATASETS/CodecFake/train/F03_p264_426.wav,3
/USERSPACE/DATASETS/CodecFake/train/F03_p233_048.wav,3
/USERSPACE/DATASETS/CodecFake/train/F03_SSB04260082.wav,3
/USERSPACE/DATASETS/CodecFake/train/F03_p306_284.wav,3
/USERSPACE/DATASETS/CodecFake/train/F03_SSB08710298.wav,3
/USERSPACE/DATASETS/CodecFake/train/F03_SSB03070181.wav,3
/USERSPACE/DATASETS/CodecFake/train/F03_p294_051.wav,3
/USERSPACE/DATASETS/CodecFake/train/F03_SSB11260334.wav,3
/USERSPACE/DATASETS/CodecFake/train/F03_p244_111.wav,3
/USERSPACE/DATASETS/CodecFake/train/F03_SSB07780470.wav,3
/USERSPACE/DATASETS/CodecFake/train/F03_p304_380.wav,3
/USERSPACE/DATASETS/CodecFake/train/F03_SSB07460370.wav,3
/USERSPACE/DATASETS/CodecFake/train/F03_SSB05880228.wav,3
/USERSPACE/DATASETS/CodecFake/train/F03_p308_038.wav,3
/USERSPACE/DATASETS/CodecFake/train/F03_SSB06030215.wav,3
/USERSPACE/DATASETS/CodecFake/train/F03_p300_122.wav,3
/USERSPACE/DATASETS/CodecFake/train/F03_SSB03950400.wav,3
/USERSPACE/DATASETS/CodecFake/train/F03_SSB00120287.wav,3
/USERSPACE/DATASETS/CodecFake/train/F03_SSB03660012.wav,3
/USERSPACE/DATASETS/CodecFake/train/F03_SSB10240257.wav,3
/USERSPACE/DATASETS/CodecFake/train/F03_SSB02730027.wav,3
/USERSPACE/DATASETS/CodecFake/train/F03_SSB04340071.wav,3
/USERSPACE/DATASETS/CodecFake/train/F03_SSB05780360.wav,3
/USERSPACE/DATASETS/CodecFake/train/F03_SSB15930019.wav,3
/USERSPACE/DATASETS/CodecFake/train/F03_SSB12150370.wav,3
/USERSPACE/DATASETS/CodecFake/train/F03_SSB04260276.wav,3
/USERSPACE/DATASETS/CodecFake/train/F03_SSB09130333.wav,3
/USERSPACE/DATASETS/CodecFake/train/F03_SSB12180261.wav,3
/USERSPACE/DATASETS/CodecFake/train/F03_SSB07100252.wav,3
/USERSPACE/DATASETS/CodecFake/train/F03_SSB03160088.wav,3
/USERSPACE/DATASETS/CodecFake/train/F03_SSB12160354.wav,3
/USERSPACE/DATASETS/CodecFake/train/F03_SSB02990223.wav,3
/USERSPACE/DATASETS/CodecFake/train/F03_p330_414.wav,3
/USERSPACE/DATASETS/CodecFake/train/F03_SSB13820257.wav,3
/USERSPACE/DATASETS/CodecFake/train/F03_SSB10560239.wav,3
/USERSPACE/DATASETS/CodecFake/train/F03_SSB06710288.wav,3
/USERSPACE/DATASETS/CodecFake/train/F03_p230_386.wav,3
/USERSPACE/DATASETS/CodecFake/train/F03_p361_082.wav,3
/USERSPACE/DATASETS/CodecFake/train/F03_SSB06860405.wav,3
/USERSPACE/DATASETS/CodecFake/train/F03_SSB06060227.wav,3
/USERSPACE/DATASETS/CodecFake/train/F03_SSB10200475.wav,3
/USERSPACE/DATASETS/CodecFake/train/F03_SSB19560203.wav,3
/USERSPACE/DATASETS/CodecFake/train/F03_SSB03660253.wav,3
/USERSPACE/DATASETS/CodecFake/train/F03_SSB05020278.wav,3
/USERSPACE/DATASETS/CodecFake/train/F03_SSB18370022.wav,3
/USERSPACE/DATASETS/CodecFake/train/F03_SSB03070191.wav,3
/USERSPACE/DATASETS/CodecFake/train/F03_p227_157.wav,3
/USERSPACE/DATASETS/CodecFake/train/F03_SSB03800376.wav,3
/USERSPACE/DATASETS/CodecFake/train/F03_p243_232.wav,3
/USERSPACE/DATASETS/CodecFake/train/F03_SSB06030483.wav,3
/USERSPACE/DATASETS/CodecFake/train/F03_p257_267.wav,3
/USERSPACE/DATASETS/CodecFake/train/F03_SSB00120511.wav,3
/USERSPACE/DATASETS/CodecFake/train/F03_SSB05900056.wav,3
/USERSPACE/DATASETS/CodecFake/train/F03_p361_050.wav,3
/USERSPACE/DATASETS/CodecFake/train/F03_p334_066.wav,3
/USERSPACE/DATASETS/CodecFake/train/F03_p254_307.wav,3
/USERSPACE/DATASETS/CodecFake/train/F03_p301_360.wav,3
/USERSPACE/DATASETS/CodecFake/train/F03_p276_063.wav,3
/USERSPACE/DATASETS/CodecFake/train/F03_SSB07940019.wav,3
/USERSPACE/DATASETS/CodecFake/train/F03_p276_163.wav,3
/USERSPACE/DATASETS/CodecFake/train/F03_SSB00120150.wav,3
/USERSPACE/DATASETS/CodecFake/train/F03_p225_212.wav,3
/USERSPACE/DATASETS/CodecFake/train/F03_SSB07940016.wav,3
/USERSPACE/DATASETS/CodecFake/train/F03_SSB05940196.wav,3
/USERSPACE/DATASETS/CodecFake/train/F03_SSB10500391.wav,3
/USERSPACE/DATASETS/CodecFake/train/F03_SSB01330205.wav,3
/USERSPACE/DATASETS/CodecFake/train/F03_SSB04340404.wav,3
/USERSPACE/DATASETS/CodecFake/train/F03_p238_320.wav,3
/USERSPACE/DATASETS/CodecFake/train/F03_p249_030.wav,3
/USERSPACE/DATASETS/CodecFake/train/F03_SSB05390089.wav,3
/USERSPACE/DATASETS/CodecFake/train/F03_SSB09350322.wav,3
/USERSPACE/DATASETS/CodecFake/train/F03_SSB10960185.wav,3
/USERSPACE/DATASETS/CodecFake/train/F03_SSB02610078.wav,3
/USERSPACE/DATASETS/CodecFake/train/F03_SSB07840056.wav,3
/USERSPACE/DATASETS/CodecFake/train/F03_SSB06710291.wav,3
/USERSPACE/DATASETS/CodecFake/train/F03_p362_014.wav,3
/USERSPACE/DATASETS/CodecFake/train/F03_SSB16990134.wav,3
/USERSPACE/DATASETS/CodecFake/train/F03_SSB11080349.wav,3
/USERSPACE/DATASETS/CodecFake/train/F03_p329_361.wav,3
/USERSPACE/DATASETS/CodecFake/train/F03_SSB03940013.wav,3
/USERSPACE/DATASETS/CodecFake/train/F03_SSB01930259.wav,3
/USERSPACE/DATASETS/CodecFake/train/F03_SSB08710056.wav,3
/USERSPACE/DATASETS/CodecFake/train/F03_SSB10000067.wav,3
/USERSPACE/DATASETS/CodecFake/train/F03_SSB09130081.wav,3
/USERSPACE/DATASETS/CodecFake/train/F03_SSB07860174.wav,3
/USERSPACE/DATASETS/CodecFake/train/F03_SSB03930154.wav,3
/USERSPACE/DATASETS/CodecFake/train/F03_SSB01390079.wav,3
/USERSPACE/DATASETS/CodecFake/train/F03_SSB06710256.wav,3
/USERSPACE/DATASETS/CodecFake/train/F03_SSB03090438.wav,3
/USERSPACE/DATASETS/CodecFake/train/F03_p258_086.wav,3
/USERSPACE/DATASETS/CodecFake/train/F03_SSB06660374.wav,3
/USERSPACE/DATASETS/CodecFake/train/F03_p294_070.wav,3
/USERSPACE/DATASETS/CodecFake/train/F03_SSB06860468.wav,3
/USERSPACE/DATASETS/CodecFake/train/F03_SSB09660444.wav,3
/USERSPACE/DATASETS/CodecFake/train/F03_SSB00090015.wav,3
/USERSPACE/DATASETS/CodecFake/train/F03_p313_287.wav,3
/USERSPACE/DATASETS/CodecFake/train/F03_SSB15930412.wav,3
/USERSPACE/DATASETS/CodecFake/train/F03_p248_202.wav,3
/USERSPACE/DATASETS/CodecFake/train/F03_SSB17810239.wav,3
/USERSPACE/DATASETS/CodecFake/train/F03_SSB03150478.wav,3
/USERSPACE/DATASETS/CodecFake/train/F03_p330_139.wav,3
/USERSPACE/DATASETS/CodecFake/train/F03_SSB05650147.wav,3
/USERSPACE/DATASETS/CodecFake/train/F03_SSB09970106.wav,3
/USERSPACE/DATASETS/CodecFake/train/F03_p300_340.wav,3
/USERSPACE/DATASETS/CodecFake/train/F03_SSB06310219.wav,3
/USERSPACE/DATASETS/CodecFake/train/F03_SSB19020258.wav,3
/USERSPACE/DATASETS/CodecFake/train/F03_SSB03090304.wav,3
/USERSPACE/DATASETS/CodecFake/train/F03_p280_311.wav,3
/USERSPACE/DATASETS/CodecFake/train/F03_p258_071.wav,3
/USERSPACE/DATASETS/CodecFake/train/F03_p249_326.wav,3
/USERSPACE/DATASETS/CodecFake/train/F03_p362_089.wav,3
/USERSPACE/DATASETS/CodecFake/train/F03_p305_129.wav,3
/USERSPACE/DATASETS/CodecFake/train/F03_SSB18720459.wav,3
/USERSPACE/DATASETS/CodecFake/train/F03_p323_216.wav,3
/USERSPACE/DATASETS/CodecFake/train/F03_p234_185.wav,3
/USERSPACE/DATASETS/CodecFake/train/F03_SSB14020260.wav,3
/USERSPACE/DATASETS/CodecFake/train/F03_SSB05650265.wav,3
/USERSPACE/DATASETS/CodecFake/train/F03_p260_246.wav,3
/USERSPACE/DATASETS/CodecFake/train/F03_SSB03090020.wav,3
/USERSPACE/DATASETS/CodecFake/train/F03_p333_351.wav,3
/USERSPACE/DATASETS/CodecFake/train/F03_SSB19350471.wav,3
/USERSPACE/DATASETS/CodecFake/train/F03_SSB07490372.wav,3
/USERSPACE/DATASETS/CodecFake/train/F03_SSB00110283.wav,3
/USERSPACE/DATASETS/CodecFake/train/F03_SSB03820449.wav,3
/USERSPACE/DATASETS/CodecFake/train/F03_p259_121.wav,3
/USERSPACE/DATASETS/CodecFake/train/F03_SSB12160022.wav,3
/USERSPACE/DATASETS/CodecFake/train/F03_SSB05700208.wav,3
/USERSPACE/DATASETS/CodecFake/train/F03_SSB19390326.wav,3
/USERSPACE/DATASETS/CodecFake/train/F03_p264_419.wav,3
/USERSPACE/DATASETS/CodecFake/train/F03_SSB06230071.wav,3
/USERSPACE/DATASETS/CodecFake/train/F03_p236_452.wav,3
/USERSPACE/DATASETS/CodecFake/train/F03_SSB18780190.wav,3
/USERSPACE/DATASETS/CodecFake/train/F03_SSB05440306.wav,3
/USERSPACE/DATASETS/CodecFake/train/F03_p225_182.wav,3
/USERSPACE/DATASETS/CodecFake/train/F03_SSB15630016.wav,3
/USERSPACE/DATASETS/CodecFake/train/F03_p252_174.wav,3
/USERSPACE/DATASETS/CodecFake/train/F03_SSB07780233.wav,3
/USERSPACE/DATASETS/CodecFake/train/F03_SSB03940387.wav,3
/USERSPACE/DATASETS/CodecFake/train/F03_p336_290.wav,3
/USERSPACE/DATASETS/CodecFake/train/F03_SSB11310252.wav,3
/USERSPACE/DATASETS/CodecFake/train/F03_SSB07230154.wav,3
/USERSPACE/DATASETS/CodecFake/train/F03_SSB10200394.wav,3
/USERSPACE/DATASETS/CodecFake/train/F03_SSB18630303.wav,3
/USERSPACE/DATASETS/CodecFake/train/F03_p253_153.wav,3
/USERSPACE/DATASETS/CodecFake/train/F03_SSB05650262.wav,3
/USERSPACE/DATASETS/CodecFake/train/F03_SSB11000009.wav,3
/USERSPACE/DATASETS/CodecFake/train/F03_SSB03410434.wav,3
/USERSPACE/DATASETS/CodecFake/train/F03_SSB13660346.wav,3
/USERSPACE/DATASETS/CodecFake/train/F03_p347_288.wav,3
/USERSPACE/DATASETS/CodecFake/train/F03_SSB13660366.wav,3
/USERSPACE/DATASETS/CodecFake/train/F03_p260_267.wav,3
/USERSPACE/DATASETS/CodecFake/train/F03_SSB10010062.wav,3
/USERSPACE/DATASETS/CodecFake/train/F03_SSB00380023.wav,3
/USERSPACE/DATASETS/CodecFake/train/F03_SSB09660043.wav,3
/USERSPACE/DATASETS/CodecFake/train/F03_SSB06860129.wav,3
/USERSPACE/DATASETS/CodecFake/train/F03_SSB16240329.wav,3
/USERSPACE/DATASETS/CodecFake/train/F03_p256_010.wav,3
/USERSPACE/DATASETS/CodecFake/train/F03_SSB00730131.wav,3
/USERSPACE/DATASETS/CodecFake/train/F03_SSB11100293.wav,3
/USERSPACE/DATASETS/CodecFake/train/F03_p284_419.wav,3
/USERSPACE/DATASETS/CodecFake/train/F03_SSB06860082.wav,3
/USERSPACE/DATASETS/CodecFake/train/F03_SSB03850354.wav,3
/USERSPACE/DATASETS/CodecFake/train/F03_SSB07370481.wav,3
/USERSPACE/DATASETS/CodecFake/train/F03_SSB07000192.wav,3
/USERSPACE/DATASETS/CodecFake/train/F03_SSB10640468.wav,3
/USERSPACE/DATASETS/CodecFake/train/F03_SSB07600200.wav,3
/USERSPACE/DATASETS/CodecFake/train/F03_SSB07490186.wav,3
/USERSPACE/DATASETS/CodecFake/train/F03_SSB07020217.wav,3
/USERSPACE/DATASETS/CodecFake/train/F03_SSB13990030.wav,3
/USERSPACE/DATASETS/CodecFake/train/F03_SSB08220170.wav,3
/USERSPACE/DATASETS/CodecFake/train/F03_SSB17110320.wav,3
/USERSPACE/DATASETS/CodecFake/train/F03_SSB02670349.wav,3
/USERSPACE/DATASETS/CodecFake/train/F03_SSB16990151.wav,3
/USERSPACE/DATASETS/CodecFake/train/F03_SSB04350020.wav,3
/USERSPACE/DATASETS/CodecFake/train/F03_p336_311.wav,3
/USERSPACE/DATASETS/CodecFake/train/F03_SSB07940316.wav,3
/USERSPACE/DATASETS/CodecFake/train/F03_p226_016.wav,3
/USERSPACE/DATASETS/CodecFake/train/F03_SSB18320427.wav,3
/USERSPACE/DATASETS/CodecFake/train/F03_p234_308.wav,3
/USERSPACE/DATASETS/CodecFake/train/F03_p253_376.wav,3
/USERSPACE/DATASETS/CodecFake/train/F03_SSB14520462.wav,3
/USERSPACE/DATASETS/CodecFake/train/F03_SSB06660452.wav,3
/USERSPACE/DATASETS/CodecFake/train/F03_SSB00110122.wav,3
/USERSPACE/DATASETS/CodecFake/train/F03_SSB03790085.wav,3
/USERSPACE/DATASETS/CodecFake/train/F03_SSB01220050.wav,3
/USERSPACE/DATASETS/CodecFake/train/F03_SSB04350415.wav,3
/USERSPACE/DATASETS/CodecFake/train/F03_SSB03150403.wav,3
/USERSPACE/DATASETS/CodecFake/train/F03_p225_136.wav,3
/USERSPACE/DATASETS/CodecFake/train/F03_SSB03410099.wav,3
/USERSPACE/DATASETS/CodecFake/train/F03_SSB05340427.wav,3
/USERSPACE/DATASETS/CodecFake/train/F03_p281_076.wav,3
/USERSPACE/DATASETS/CodecFake/train/F03_SSB02730334.wav,3
/USERSPACE/DATASETS/CodecFake/train/F03_p293_184.wav,3
/USERSPACE/DATASETS/CodecFake/train/F03_SSB13020125.wav,3
/USERSPACE/DATASETS/CodecFake/train/F03_p311_316.wav,3
/USERSPACE/DATASETS/CodecFake/train/F03_SSB10020390.wav,3
/USERSPACE/DATASETS/CodecFake/train/F03_SSB03750316.wav,3
/USERSPACE/DATASETS/CodecFake/train/F03_p281_437.wav,3
/USERSPACE/DATASETS/CodecFake/train/F03_SSB03090172.wav,3
/USERSPACE/DATASETS/CodecFake/train/F03_SSB19390408.wav,3
/USERSPACE/DATASETS/CodecFake/train/F03_p299_177.wav,3
/USERSPACE/DATASETS/CodecFake/train/F03_p226_101.wav,3
/USERSPACE/DATASETS/CodecFake/train/F03_SSB13200125.wav,3
/USERSPACE/DATASETS/CodecFake/train/F03_p299_390.wav,3
/USERSPACE/DATASETS/CodecFake/train/F03_SSB04820361.wav,3
/USERSPACE/DATASETS/CodecFake/train/F03_SSB06930115.wav,3
/USERSPACE/DATASETS/CodecFake/train/F03_p246_085.wav,3
/USERSPACE/DATASETS/CodecFake/train/F03_SSB13410299.wav,3
/USERSPACE/DATASETS/CodecFake/train/F03_p300_328.wav,3
/USERSPACE/DATASETS/CodecFake/train/F03_SSB13410138.wav,3
/USERSPACE/DATASETS/CodecFake/train/F03_p229_386.wav,3
/USERSPACE/DATASETS/CodecFake/train/F03_SSB06860478.wav,3
/USERSPACE/DATASETS/CodecFake/train/F03_SSB15930069.wav,3
/USERSPACE/DATASETS/CodecFake/train/F03_SSB03820087.wav,3
/USERSPACE/DATASETS/CodecFake/train/F03_SSB13820245.wav,3
/USERSPACE/DATASETS/CodecFake/train/F03_SSB10020109.wav,3
/USERSPACE/DATASETS/CodecFake/train/F03_SSB00180175.wav,3
/USERSPACE/DATASETS/CodecFake/train/F03_SSB18320067.wav,3
/USERSPACE/DATASETS/CodecFake/train/F03_p259_062.wav,3
/USERSPACE/DATASETS/CodecFake/train/F03_SSB10960289.wav,3
/USERSPACE/DATASETS/CodecFake/train/F03_p246_013.wav,3
/USERSPACE/DATASETS/CodecFake/train/F03_p230_034.wav,3
/USERSPACE/DATASETS/CodecFake/train/F03_p227_052.wav,3
/USERSPACE/DATASETS/CodecFake/train/F03_p240_266.wav,3
/USERSPACE/DATASETS/CodecFake/train/F03_SSB05020337.wav,3
/USERSPACE/DATASETS/CodecFake/train/F03_SSB10500339.wav,3
/USERSPACE/DATASETS/CodecFake/train/F03_SSB01930028.wav,3
/USERSPACE/DATASETS/CodecFake/train/F03_p299_077.wav,3
/USERSPACE/DATASETS/CodecFake/train/F03_SSB10640294.wav,3
/USERSPACE/DATASETS/CodecFake/train/F03_SSB00730378.wav,3
/USERSPACE/DATASETS/CodecFake/train/F03_SSB09870253.wav,3
/USERSPACE/DATASETS/CodecFake/train/F03_SSB07370424.wav,3
/USERSPACE/DATASETS/CodecFake/train/F03_SSB06140334.wav,3
/USERSPACE/DATASETS/CodecFake/train/F03_SSB07480003.wav,3
/USERSPACE/DATASETS/CodecFake/train/F03_SSB18720217.wav,3
/USERSPACE/DATASETS/CodecFake/train/F03_SSB06660207.wav,3
/USERSPACE/DATASETS/CodecFake/train/F03_p238_402.wav,3
/USERSPACE/DATASETS/CodecFake/train/F03_SSB07160285.wav,3
/USERSPACE/DATASETS/CodecFake/train/F03_SSB10720208.wav,3
/USERSPACE/DATASETS/CodecFake/train/F03_SSB00050332.wav,3
/USERSPACE/DATASETS/CodecFake/train/F03_p329_046.wav,3
/USERSPACE/DATASETS/CodecFake/train/F03_SSB06320389.wav,3
/USERSPACE/DATASETS/CodecFake/train/F03_SSB09970417.wav,3
/USERSPACE/DATASETS/CodecFake/train/F03_SSB00730395.wav,3
/USERSPACE/DATASETS/CodecFake/train/F03_p362_016.wav,3
/USERSPACE/DATASETS/CodecFake/train/F03_SSB06030381.wav,3
/USERSPACE/DATASETS/CodecFake/train/F03_SSB12210387.wav,3
/USERSPACE/DATASETS/CodecFake/train/F03_SSB16840100.wav,3
/USERSPACE/DATASETS/CodecFake/train/F03_SSB03160264.wav,3
/USERSPACE/DATASETS/CodecFake/train/F03_SSB16240079.wav,3
/USERSPACE/DATASETS/CodecFake/train/F03_p340_264.wav,3
/USERSPACE/DATASETS/CodecFake/train/F03_p263_472.wav,3
/USERSPACE/DATASETS/CodecFake/train/F03_p340_094.wav,3
/USERSPACE/DATASETS/CodecFake/train/F03_SSB08090012.wav,3
/USERSPACE/DATASETS/CodecFake/train/F03_p288_204.wav,3
/USERSPACE/DATASETS/CodecFake/train/F03_SSB05940034.wav,3
/USERSPACE/DATASETS/CodecFake/train/F03_SSB12180077.wav,3
/USERSPACE/DATASETS/CodecFake/train/F03_p239_326.wav,3
/USERSPACE/DATASETS/CodecFake/train/F03_p237_349.wav,3
/USERSPACE/DATASETS/CodecFake/train/F03_SSB12740011.wav,3
/USERSPACE/DATASETS/CodecFake/train/F03_SSB03150269.wav,3
/USERSPACE/DATASETS/CodecFake/train/F03_SSB19350180.wav,3
/USERSPACE/DATASETS/CodecFake/train/F03_p244_168.wav,3
/USERSPACE/DATASETS/CodecFake/train/F03_p305_276.wav,3
/USERSPACE/DATASETS/CodecFake/train/F03_SSB03070218.wav,3
/USERSPACE/DATASETS/CodecFake/train/F03_SSB15550240.wav,3
/USERSPACE/DATASETS/CodecFake/train/F03_SSB10960314.wav,3
/USERSPACE/DATASETS/CodecFake/train/F03_SSB07840304.wav,3
/USERSPACE/DATASETS/CodecFake/train/F03_SSB09130442.wav,3
/USERSPACE/DATASETS/CodecFake/train/F03_SSB08630250.wav,3
/USERSPACE/DATASETS/CodecFake/train/F03_p292_043.wav,3
/USERSPACE/DATASETS/CodecFake/train/F03_SSB12190104.wav,3
/USERSPACE/DATASETS/CodecFake/train/F03_p361_383.wav,3
/USERSPACE/DATASETS/CodecFake/train/F03_p288_024.wav,3
/USERSPACE/DATASETS/CodecFake/train/F03_SSB02460312.wav,3
/USERSPACE/DATASETS/CodecFake/train/F03_SSB04350400.wav,3
/USERSPACE/DATASETS/CodecFake/train/F03_p317_181.wav,3
/USERSPACE/DATASETS/CodecFake/train/F03_SSB03540065.wav,3
/USERSPACE/DATASETS/CodecFake/train/F03_SSB12150148.wav,3
/USERSPACE/DATASETS/CodecFake/train/F03_p335_297.wav,3
/USERSPACE/DATASETS/CodecFake/train/F03_SSB18780489.wav,3
/USERSPACE/DATASETS/CodecFake/train/F03_SSB05350030.wav,3
/USERSPACE/DATASETS/CodecFake/train/F03_SSB19350162.wav,3
/USERSPACE/DATASETS/CodecFake/train/F03_p244_229.wav,3
/USERSPACE/DATASETS/CodecFake/train/F03_p293_120.wav,3
/USERSPACE/DATASETS/CodecFake/train/F03_SSB00120430.wav,3
/USERSPACE/DATASETS/CodecFake/train/F03_SSB08710386.wav,3
/USERSPACE/DATASETS/CodecFake/train/F03_SSB16250070.wav,3
/USERSPACE/DATASETS/CodecFake/train/F03_SSB15550393.wav,3
/USERSPACE/DATASETS/CodecFake/train/F03_SSB03800372.wav,3
/USERSPACE/DATASETS/CodecFake/train/F03_SSB00160103.wav,3
/USERSPACE/DATASETS/CodecFake/train/F03_SSB01490271.wav,3
/USERSPACE/DATASETS/CodecFake/train/F03_SSB17390185.wav,3
/USERSPACE/DATASETS/CodecFake/train/F03_p303_080.wav,3
/USERSPACE/DATASETS/CodecFake/train/F03_SSB07230169.wav,3
/USERSPACE/DATASETS/CodecFake/train/F03_p300_361.wav,3
/USERSPACE/DATASETS/CodecFake/train/F03_SSB02990053.wav,3
/USERSPACE/DATASETS/CodecFake/train/F03_SSB12180091.wav,3
/USERSPACE/DATASETS/CodecFake/train/F03_p264_276.wav,3
/USERSPACE/DATASETS/CodecFake/train/F03_SSB16990139.wav,3
/USERSPACE/DATASETS/CodecFake/train/F03_SSB04260430.wav,3
/USERSPACE/DATASETS/CodecFake/train/F03_SSB03150160.wav,3
/USERSPACE/DATASETS/CodecFake/train/F03_SSB05340247.wav,3
/USERSPACE/DATASETS/CodecFake/train/F03_SSB06930479.wav,3
/USERSPACE/DATASETS/CodecFake/train/F03_SSB03950033.wav,3
/USERSPACE/DATASETS/CodecFake/train/F03_SSB06090077.wav,3
/USERSPACE/DATASETS/CodecFake/train/F03_p313_314.wav,3
/USERSPACE/DATASETS/CodecFake/train/F03_SSB02610393.wav,3
/USERSPACE/DATASETS/CodecFake/train/F03_SSB11970150.wav,3
/USERSPACE/DATASETS/CodecFake/train/F03_SSB11610289.wav,3
/USERSPACE/DATASETS/CodecFake/train/F03_SSB00330120.wav,3
/USERSPACE/DATASETS/CodecFake/train/F03_p303_326.wav,3
/USERSPACE/DATASETS/CodecFake/train/F03_SSB09970061.wav,3
/USERSPACE/DATASETS/CodecFake/train/F03_p299_192.wav,3
/USERSPACE/DATASETS/CodecFake/train/F03_SSB03790337.wav,3
/USERSPACE/DATASETS/CodecFake/train/F03_p376_145.wav,3
/USERSPACE/DATASETS/CodecFake/train/F03_SSB05940021.wav,3
/USERSPACE/DATASETS/CodecFake/train/F03_SSB01490172.wav,3
/USERSPACE/DATASETS/CodecFake/train/F03_SSB01120050.wav,3
/USERSPACE/DATASETS/CodecFake/train/F03_SSB07110363.wav,3
/USERSPACE/DATASETS/CodecFake/train/F03_p303_003.wav,3
/USERSPACE/DATASETS/CodecFake/train/F03_SSB11260125.wav,3
/USERSPACE/DATASETS/CodecFake/train/F03_SSB03800234.wav,3
/USERSPACE/DATASETS/CodecFake/train/F03_p362_074.wav,3
/USERSPACE/DATASETS/CodecFake/train/F03_SSB07860372.wav,3
/USERSPACE/DATASETS/CodecFake/train/F03_p250_119.wav,3
/USERSPACE/DATASETS/CodecFake/train/F03_p298_160.wav,3
/USERSPACE/DATASETS/CodecFake/train/F03_p244_090.wav,3
/USERSPACE/DATASETS/CodecFake/train/F03_SSB15670322.wav,3
/USERSPACE/DATASETS/CodecFake/train/F03_p275_337.wav,3
/USERSPACE/DATASETS/CodecFake/train/F03_SSB05650118.wav,3
/USERSPACE/DATASETS/CodecFake/train/F03_SSB16860175.wav,3
/USERSPACE/DATASETS/CodecFake/train/F03_SSB15930301.wav,3
/USERSPACE/DATASETS/CodecFake/train/F03_SSB15930200.wav,3
/USERSPACE/DATASETS/CodecFake/train/F03_SSB05390333.wav,3
/USERSPACE/DATASETS/CodecFake/train/F03_SSB06030216.wav,3
/USERSPACE/DATASETS/CodecFake/train/F03_SSB06140459.wav,3
/USERSPACE/DATASETS/CodecFake/train/F03_p307_355.wav,3
/USERSPACE/DATASETS/CodecFake/train/F03_SSB03660186.wav,3
/USERSPACE/DATASETS/CodecFake/train/F03_SSB14570050.wav,3
/USERSPACE/DATASETS/CodecFake/train/F03_p265_249.wav,3
/USERSPACE/DATASETS/CodecFake/train/F03_SSB07490407.wav,3
/USERSPACE/DATASETS/CodecFake/train/F03_SSB04260206.wav,3
/USERSPACE/DATASETS/CodecFake/train/F03_SSB04340281.wav,3
/USERSPACE/DATASETS/CodecFake/train/F03_SSB10200340.wav,3
/USERSPACE/DATASETS/CodecFake/train/F03_p288_167.wav,3
/USERSPACE/DATASETS/CodecFake/train/F03_SSB03800323.wav,3
/USERSPACE/DATASETS/CodecFake/train/F03_SSB00330171.wav,3
/USERSPACE/DATASETS/CodecFake/train/F03_p244_282.wav,3
/USERSPACE/DATASETS/CodecFake/train/F03_SSB13220158.wav,3
/USERSPACE/DATASETS/CodecFake/train/F03_p267_092.wav,3
/USERSPACE/DATASETS/CodecFake/train/F03_SSB00570252.wav,3
/USERSPACE/DATASETS/CodecFake/train/F03_SSB09190274.wav,3
/USERSPACE/DATASETS/CodecFake/train/F03_p282_229.wav,3
/USERSPACE/DATASETS/CodecFake/train/F03_p226_025.wav,3
/USERSPACE/DATASETS/CodecFake/train/F03_SSB13830020.wav,3
/USERSPACE/DATASETS/CodecFake/train/F03_p271_076.wav,3
/USERSPACE/DATASETS/CodecFake/train/F03_p273_251.wav,3
/USERSPACE/DATASETS/CodecFake/train/F03_p249_206.wav,3
/USERSPACE/DATASETS/CodecFake/train/F03_p286_150.wav,3
/USERSPACE/DATASETS/CodecFake/train/F03_SSB03750393.wav,3
/USERSPACE/DATASETS/CodecFake/train/F03_SSB07600306.wav,3
/USERSPACE/DATASETS/CodecFake/train/F03_SSB03750071.wav,3
/USERSPACE/DATASETS/CodecFake/train/F03_SSB01490244.wav,3
/USERSPACE/DATASETS/CodecFake/train/F03_p241_014.wav,3
/USERSPACE/DATASETS/CodecFake/train/F03_SSB07020195.wav,3
/USERSPACE/DATASETS/CodecFake/train/F03_p345_061.wav,3
/USERSPACE/DATASETS/CodecFake/train/F03_p247_408.wav,3
/USERSPACE/DATASETS/CodecFake/train/F03_p303_238.wav,3
/USERSPACE/DATASETS/CodecFake/train/F03_p364_043.wav,3
/USERSPACE/DATASETS/CodecFake/train/F03_p339_059.wav,3
/USERSPACE/DATASETS/CodecFake/train/F03_SSB05880384.wav,3
/USERSPACE/DATASETS/CodecFake/train/F03_SSB07510257.wav,3
/USERSPACE/DATASETS/CodecFake/train/F03_SSB18780438.wav,3
/USERSPACE/DATASETS/CodecFake/train/F03_SSB06710079.wav,3
/USERSPACE/DATASETS/CodecFake/train/F03_SSB00120378.wav,3
/USERSPACE/DATASETS/CodecFake/train/F03_SSB09150128.wav,3
/USERSPACE/DATASETS/CodecFake/train/F03_SSB16500391.wav,3
/USERSPACE/DATASETS/CodecFake/train/F03_SSB07800159.wav,3
/USERSPACE/DATASETS/CodecFake/train/F03_SSB01490222.wav,3
/USERSPACE/DATASETS/CodecFake/train/F03_p363_190.wav,3
/USERSPACE/DATASETS/CodecFake/train/F03_SSB11100441.wav,3
/USERSPACE/DATASETS/CodecFake/train/F03_SSB07620377.wav,3
/USERSPACE/DATASETS/CodecFake/train/F03_SSB12180282.wav,3
/USERSPACE/DATASETS/CodecFake/train/F03_SSB06290467.wav,3
/USERSPACE/DATASETS/CodecFake/train/F03_SSB19350279.wav,3
/USERSPACE/DATASETS/CodecFake/train/F03_p310_318.wav,3
/USERSPACE/DATASETS/CodecFake/train/F03_p313_246.wav,3
/USERSPACE/DATASETS/CodecFake/train/F03_p274_306.wav,3
/USERSPACE/DATASETS/CodecFake/train/F03_p266_290.wav,3
/USERSPACE/DATASETS/CodecFake/train/F03_p339_344.wav,3
/USERSPACE/DATASETS/CodecFake/train/F03_p347_197.wav,3
/USERSPACE/DATASETS/CodecFake/train/F03_p300_193.wav,3
/USERSPACE/DATASETS/CodecFake/train/F03_SSB10560430.wav,3
/USERSPACE/DATASETS/CodecFake/train/F03_p278_152.wav,3
/USERSPACE/DATASETS/CodecFake/train/F03_SSB19560030.wav,3
/USERSPACE/DATASETS/CodecFake/train/F03_p258_018.wav,3
/USERSPACE/DATASETS/CodecFake/train/F03_SSB06310248.wav,3
/USERSPACE/DATASETS/CodecFake/train/F03_SSB01970070.wav,3
/USERSPACE/DATASETS/CodecFake/train/F03_p262_076.wav,3
/USERSPACE/DATASETS/CodecFake/train/F03_SSB03930325.wav,3
/USERSPACE/DATASETS/CodecFake/train/F03_p230_160.wav,3
/USERSPACE/DATASETS/CodecFake/train/F03_p285_093.wav,3
/USERSPACE/DATASETS/CodecFake/train/F03_p277_102.wav,3
/USERSPACE/DATASETS/CodecFake/train/F03_SSB06320400.wav,3
/USERSPACE/DATASETS/CodecFake/train/F03_SSB12390201.wav,3
/USERSPACE/DATASETS/CodecFake/train/F03_p306_126.wav,3
/USERSPACE/DATASETS/CodecFake/train/F03_SSB17110158.wav,3
/USERSPACE/DATASETS/CodecFake/train/F03_SSB06290278.wav,3
/USERSPACE/DATASETS/CodecFake/train/F03_SSB11760325.wav,3
/USERSPACE/DATASETS/CodecFake/train/F03_SSB07370199.wav,3
/USERSPACE/DATASETS/CodecFake/train/F03_p318_268.wav,3
/USERSPACE/DATASETS/CodecFake/train/F03_SSB07020211.wav,3
/USERSPACE/DATASETS/CodecFake/train/F03_SSB18090107.wav,3
/USERSPACE/DATASETS/CodecFake/train/F03_SSB12740382.wav,3
/USERSPACE/DATASETS/CodecFake/train/F03_SSB11250339.wav,3
/USERSPACE/DATASETS/CodecFake/train/F03_p307_241.wav,3
/USERSPACE/DATASETS/CodecFake/train/F03_p301_398.wav,3
/USERSPACE/DATASETS/CodecFake/train/F03_SSB00570291.wav,3
/USERSPACE/DATASETS/CodecFake/train/F03_SSB12210324.wav,3
/USERSPACE/DATASETS/CodecFake/train/F03_SSB03090382.wav,3
/USERSPACE/DATASETS/CodecFake/train/F03_SSB15750465.wav,3
/USERSPACE/DATASETS/CodecFake/train/F03_SSB07170009.wav,3
/USERSPACE/DATASETS/CodecFake/train/F03_p317_291.wav,3
/USERSPACE/DATASETS/CodecFake/train/F03_SSB05350269.wav,3
/USERSPACE/DATASETS/CodecFake/train/F03_p228_081.wav,3
/USERSPACE/DATASETS/CodecFake/train/F03_SSB11610474.wav,3
/USERSPACE/DATASETS/CodecFake/train/F03_SSB02870418.wav,3
/USERSPACE/DATASETS/CodecFake/train/F03_SSB11150310.wav,3
/USERSPACE/DATASETS/CodecFake/train/F03_p323_330.wav,3
/USERSPACE/DATASETS/CodecFake/train/F03_SSB03660291.wav,3
/USERSPACE/DATASETS/CodecFake/train/F03_SSB07940443.wav,3
/USERSPACE/DATASETS/CodecFake/train/F03_SSB16240312.wav,3
/USERSPACE/DATASETS/CodecFake/train/F03_SSB18910012.wav,3
/USERSPACE/DATASETS/CodecFake/train/F03_SSB01970153.wav,3
/USERSPACE/DATASETS/CodecFake/train/F03_p273_073.wav,3
/USERSPACE/DATASETS/CodecFake/train/F03_SSB13400010.wav,3
/USERSPACE/DATASETS/CodecFake/train/F03_SSB11000497.wav,3
/USERSPACE/DATASETS/CodecFake/train/F03_SSB10010269.wav,3
/USERSPACE/DATASETS/CodecFake/train/F03_SSB06140500.wav,3
/USERSPACE/DATASETS/CodecFake/train/F03_SSB05390084.wav,3
/USERSPACE/DATASETS/CodecFake/train/F03_SSB03750231.wav,3
/USERSPACE/DATASETS/CodecFake/train/F03_SSB15850131.wav,3
/USERSPACE/DATASETS/CodecFake/train/F03_p300_342.wav,3
/USERSPACE/DATASETS/CodecFake/train/F03_SSB13410388.wav,3
/USERSPACE/DATASETS/CodecFake/train/F03_p335_336.wav,3
/USERSPACE/DATASETS/CodecFake/train/F03_SSB07600083.wav,3
/USERSPACE/DATASETS/CodecFake/train/F03_SSB07940305.wav,3
/USERSPACE/DATASETS/CodecFake/train/F03_p376_250.wav,3
/USERSPACE/DATASETS/CodecFake/train/F03_p286_115.wav,3
/USERSPACE/DATASETS/CodecFake/train/F03_SSB13920170.wav,3
/USERSPACE/DATASETS/CodecFake/train/F03_p360_354.wav,3
/USERSPACE/DATASETS/CodecFake/train/F03_SSB03850096.wav,3
/USERSPACE/DATASETS/CodecFake/train/F03_SSB06030288.wav,3
/USERSPACE/DATASETS/CodecFake/train/F03_SSB03420197.wav,3
/USERSPACE/DATASETS/CodecFake/train/F03_p326_315.wav,3
/USERSPACE/DATASETS/CodecFake/train/F03_SSB10910451.wav,3
/USERSPACE/DATASETS/CodecFake/train/F03_p336_176.wav,3
/USERSPACE/DATASETS/CodecFake/train/F03_SSB17280213.wav,3
/USERSPACE/DATASETS/CodecFake/train/F03_SSB13020495.wav,3
/USERSPACE/DATASETS/CodecFake/train/F03_SSB02670357.wav,3
/USERSPACE/DATASETS/CodecFake/train/F03_SSB07110267.wav,3
/USERSPACE/DATASETS/CodecFake/train/F03_SSB07110178.wav,3
/USERSPACE/DATASETS/CodecFake/train/F03_SSB17820429.wav,3
/USERSPACE/DATASETS/CodecFake/train/F03_SSB00110171.wav,3
/USERSPACE/DATASETS/CodecFake/train/F03_SSB01120304.wav,3
/USERSPACE/DATASETS/CodecFake/train/F03_SSB07510116.wav,3
/USERSPACE/DATASETS/CodecFake/train/F03_SSB13410043.wav,3
/USERSPACE/DATASETS/CodecFake/train/F03_p267_059.wav,3
/USERSPACE/DATASETS/CodecFake/train/F03_SSB14080140.wav,3
/USERSPACE/DATASETS/CodecFake/train/F03_SSB13990386.wav,3
/USERSPACE/DATASETS/CodecFake/train/F03_SSB01930143.wav,3
/USERSPACE/DATASETS/CodecFake/train/F03_SSB00110417.wav,3
/USERSPACE/DATASETS/CodecFake/train/F03_SSB10550057.wav,3
/USERSPACE/DATASETS/CodecFake/train/F03_p304_130.wav,3
/USERSPACE/DATASETS/CodecFake/train/F03_p285_173.wav,3
/USERSPACE/DATASETS/CodecFake/train/F03_SSB02990361.wav,3
/USERSPACE/DATASETS/CodecFake/train/F03_p226_118.wav,3
/USERSPACE/DATASETS/CodecFake/train/F03_p246_253.wav,3
/USERSPACE/DATASETS/CodecFake/train/F03_p232_016.wav,3
/USERSPACE/DATASETS/CodecFake/train/F03_p285_264.wav,3
/USERSPACE/DATASETS/CodecFake/train/F03_SSB00430079.wav,3
/USERSPACE/DATASETS/CodecFake/train/F03_SSB13850255.wav,3
/USERSPACE/DATASETS/CodecFake/train/F03_p307_299.wav,3
/USERSPACE/DATASETS/CodecFake/train/F03_SSB11100298.wav,3
/USERSPACE/DATASETS/CodecFake/train/F03_p282_008.wav,3
/USERSPACE/DATASETS/CodecFake/train/F03_p229_359.wav,3
/USERSPACE/DATASETS/CodecFake/train/F03_SSB11610399.wav,3
/USERSPACE/DATASETS/CodecFake/train/F03_p236_007.wav,3
/USERSPACE/DATASETS/CodecFake/train/F03_p284_247.wav,3
/USERSPACE/DATASETS/CodecFake/train/F03_p351_068.wav,3
/USERSPACE/DATASETS/CodecFake/train/F03_SSB05780467.wav,3
/USERSPACE/DATASETS/CodecFake/train/F03_SSB03540371.wav,3
/USERSPACE/DATASETS/CodecFake/train/F03_SSB06230123.wav,3
/USERSPACE/DATASETS/CodecFake/train/F03_SSB10500435.wav,3
/USERSPACE/DATASETS/CodecFake/train/F03_SSB09870312.wav,3
/USERSPACE/DATASETS/CodecFake/train/F03_p263_260.wav,3
/USERSPACE/DATASETS/CodecFake/train/F03_SSB14570083.wav,3
/USERSPACE/DATASETS/CodecFake/train/F03_SSB02880421.wav,3
/USERSPACE/DATASETS/CodecFake/train/F03_SSB07480231.wav,3
/USERSPACE/DATASETS/CodecFake/train/F03_p317_241.wav,3
/USERSPACE/DATASETS/CodecFake/train/F03_SSB08170076.wav,3
/USERSPACE/DATASETS/CodecFake/train/F03_SSB00090209.wav,3
/USERSPACE/DATASETS/CodecFake/train/F03_SSB10020362.wav,3
/USERSPACE/DATASETS/CodecFake/train/F03_p277_187.wav,3
/USERSPACE/DATASETS/CodecFake/train/F03_SSB07160469.wav,3
/USERSPACE/DATASETS/CodecFake/train/F03_p280_371.wav,3
/USERSPACE/DATASETS/CodecFake/train/F03_SSB06710341.wav,3
/USERSPACE/DATASETS/CodecFake/train/F03_SSB09660421.wav,3
/USERSPACE/DATASETS/CodecFake/train/F03_p255_302.wav,3
/USERSPACE/DATASETS/CodecFake/train/F03_SSB18780331.wav,3
/USERSPACE/DATASETS/CodecFake/train/F03_SSB16070388.wav,3
/USERSPACE/DATASETS/CodecFake/train/F03_SSB03410461.wav,3
/USERSPACE/DATASETS/CodecFake/train/F03_SSB00800178.wav,3
/USERSPACE/DATASETS/CodecFake/train/F03_SSB03660466.wav,3
/USERSPACE/DATASETS/CodecFake/train/F03_p329_340.wav,3
/USERSPACE/DATASETS/CodecFake/train/F03_SSB00160291.wav,3
/USERSPACE/DATASETS/CodecFake/train/F03_p273_382.wav,3
/USERSPACE/DATASETS/CodecFake/train/F03_SSB01220141.wav,3
/USERSPACE/DATASETS/CodecFake/train/F03_p317_378.wav,3
/USERSPACE/DATASETS/CodecFake/train/F03_SSB18780387.wav,3
/USERSPACE/DATASETS/CodecFake/train/F03_p308_340.wav,3
/USERSPACE/DATASETS/CodecFake/train/F03_SSB07100185.wav,3
/USERSPACE/DATASETS/CodecFake/train/F03_SSB10560071.wav,3
/USERSPACE/DATASETS/CodecFake/train/F03_p286_098.wav,3
/USERSPACE/DATASETS/CodecFake/train/F03_SSB05340020.wav,3
/USERSPACE/DATASETS/CodecFake/train/F03_SSB02870087.wav,3
/USERSPACE/DATASETS/CodecFake/train/F03_p240_312.wav,3
/USERSPACE/DATASETS/CodecFake/train/F03_SSB07780498.wav,3
/USERSPACE/DATASETS/CodecFake/train/F03_SSB00330210.wav,3
/USERSPACE/DATASETS/CodecFake/train/F03_SSB17280238.wav,3
/USERSPACE/DATASETS/CodecFake/train/F03_p228_117.wav,3
/USERSPACE/DATASETS/CodecFake/train/F03_SSB16240143.wav,3
/USERSPACE/DATASETS/CodecFake/train/F03_SSB16300262.wav,3
/USERSPACE/DATASETS/CodecFake/train/F03_SSB07490055.wav,3
/USERSPACE/DATASETS/CodecFake/train/F03_SSB07490395.wav,3
/USERSPACE/DATASETS/CodecFake/train/F03_p330_384.wav,3
/USERSPACE/DATASETS/CodecFake/train/F03_SSB07100271.wav,3
/USERSPACE/DATASETS/CodecFake/train/F03_SSB03940167.wav,3
/USERSPACE/DATASETS/CodecFake/train/F03_SSB11870312.wav,3
/USERSPACE/DATASETS/CodecFake/train/F03_SSB17820471.wav,3
/USERSPACE/DATASETS/CodecFake/train/F03_SSB15750329.wav,3
/USERSPACE/DATASETS/CodecFake/train/F03_SSB19180089.wav,3
/USERSPACE/DATASETS/CodecFake/train/F03_SSB03070350.wav,3
/USERSPACE/DATASETS/CodecFake/train/F03_p237_275.wav,3
/USERSPACE/DATASETS/CodecFake/train/F03_SSB10500017.wav,3
/USERSPACE/DATASETS/CodecFake/train/F03_SSB05020163.wav,3
/USERSPACE/DATASETS/CodecFake/train/F03_SSB18280254.wav,3
/USERSPACE/DATASETS/CodecFake/train/F03_SSB06030289.wav,3
/USERSPACE/DATASETS/CodecFake/train/F03_p336_266.wav,3
/USERSPACE/DATASETS/CodecFake/train/F03_SSB15630424.wav,3
/USERSPACE/DATASETS/CodecFake/train/F03_SSB02730171.wav,3
/USERSPACE/DATASETS/CodecFake/train/F03_SSB16250229.wav,3
/USERSPACE/DATASETS/CodecFake/train/F03_p271_273.wav,3
/USERSPACE/DATASETS/CodecFake/train/F03_p237_246.wav,3
/USERSPACE/DATASETS/CodecFake/train/F03_p264_362.wav,3
/USERSPACE/DATASETS/CodecFake/train/F03_p317_235.wav,3
/USERSPACE/DATASETS/CodecFake/train/F03_SSB13830377.wav,3
/USERSPACE/DATASETS/CodecFake/train/F03_SSB16990287.wav,3
/USERSPACE/DATASETS/CodecFake/train/F03_p273_244.wav,3
/USERSPACE/DATASETS/CodecFake/train/F03_p236_205.wav,3
/USERSPACE/DATASETS/CodecFake/train/F03_p253_012.wav,3
/USERSPACE/DATASETS/CodecFake/train/F03_SSB09190022.wav,3
/USERSPACE/DATASETS/CodecFake/train/F03_SSB05650268.wav,3
/USERSPACE/DATASETS/CodecFake/train/F03_p323_042.wav,3
/USERSPACE/DATASETS/CodecFake/train/F03_SSB14480039.wav,3
/USERSPACE/DATASETS/CodecFake/train/F03_p329_092.wav,3
/USERSPACE/DATASETS/CodecFake/train/F03_SSB15930453.wav,3
/USERSPACE/DATASETS/CodecFake/train/F03_SSB03380498.wav,3
/USERSPACE/DATASETS/CodecFake/train/F03_p258_401.wav,3
/USERSPACE/DATASETS/CodecFake/train/F03_p257_188.wav,3
/USERSPACE/DATASETS/CodecFake/train/F03_SSB01330217.wav,3
/USERSPACE/DATASETS/CodecFake/train/F03_SSB13020409.wav,3
/USERSPACE/DATASETS/CodecFake/train/F03_SSB10240091.wav,3
/USERSPACE/DATASETS/CodecFake/train/F03_SSB05990104.wav,3
/USERSPACE/DATASETS/CodecFake/train/F03_p238_246.wav,3
/USERSPACE/DATASETS/CodecFake/train/F03_SSB11150067.wav,3
/USERSPACE/DATASETS/CodecFake/train/F03_SSB07200442.wav,3
/USERSPACE/DATASETS/CodecFake/train/F03_SSB04700257.wav,3
/USERSPACE/DATASETS/CodecFake/train/F03_SSB03420215.wav,3
/USERSPACE/DATASETS/CodecFake/train/F03_SSB06930214.wav,3
/USERSPACE/DATASETS/CodecFake/train/F03_p271_024.wav,3
/USERSPACE/DATASETS/CodecFake/train/F03_p345_364.wav,3
/USERSPACE/DATASETS/CodecFake/train/F03_p364_020.wav,3
/USERSPACE/DATASETS/CodecFake/train/F03_p250_162.wav,3
/USERSPACE/DATASETS/CodecFake/train/F03_SSB16240257.wav,3
/USERSPACE/DATASETS/CodecFake/train/F03_SSB05440255.wav,3
/USERSPACE/DATASETS/CodecFake/train/F03_SSB06090324.wav,3
/USERSPACE/DATASETS/CodecFake/train/F03_SSB17590343.wav,3
/USERSPACE/DATASETS/CodecFake/train/F03_SSB04340377.wav,3
/USERSPACE/DATASETS/CodecFake/train/F03_SSB07360454.wav,3
/USERSPACE/DATASETS/CodecFake/train/F03_p311_043.wav,3
/USERSPACE/DATASETS/CodecFake/train/F03_p299_381.wav,3
/USERSPACE/DATASETS/CodecFake/train/F03_SSB02670412.wav,3
/USERSPACE/DATASETS/CodecFake/train/F03_SSB13660382.wav,3
/USERSPACE/DATASETS/CodecFake/train/F03_p374_126.wav,3
/USERSPACE/DATASETS/CodecFake/train/F03_SSB01490426.wav,3
/USERSPACE/DATASETS/CodecFake/train/F03_p283_099.wav,3
/USERSPACE/DATASETS/CodecFake/train/F03_SSB00090468.wav,3
/USERSPACE/DATASETS/CodecFake/train/F03_SSB10500319.wav,3
/USERSPACE/DATASETS/CodecFake/train/F03_p263_439.wav,3
/USERSPACE/DATASETS/CodecFake/train/F03_SSB18320136.wav,3
/USERSPACE/DATASETS/CodecFake/train/F03_SSB10560161.wav,3
/USERSPACE/DATASETS/CodecFake/train/F03_SSB09930292.wav,3
/USERSPACE/DATASETS/CodecFake/train/F03_p239_186.wav,3
/USERSPACE/DATASETS/CodecFake/train/F03_SSB09130189.wav,3
/USERSPACE/DATASETS/CodecFake/train/F03_SSB17110139.wav,3
/USERSPACE/DATASETS/CodecFake/train/F03_SSB03070503.wav,3
/USERSPACE/DATASETS/CodecFake/train/F03_SSB11080465.wav,3
/USERSPACE/DATASETS/CodecFake/train/F03_SSB07000076.wav,3
/USERSPACE/DATASETS/CodecFake/train/F03_SSB09660271.wav,3
/USERSPACE/DATASETS/CodecFake/train/F03_SSB14520251.wav,3
/USERSPACE/DATASETS/CodecFake/train/F03_SSB04700438.wav,3
/USERSPACE/DATASETS/CodecFake/train/F03_SSB03850312.wav,3
/USERSPACE/DATASETS/CodecFake/train/F03_SSB07490324.wav,3
/USERSPACE/DATASETS/CodecFake/train/F03_p286_040.wav,3
/USERSPACE/DATASETS/CodecFake/train/F03_SSB01220401.wav,3
/USERSPACE/DATASETS/CodecFake/train/F03_SSB13650303.wav,3
/USERSPACE/DATASETS/CodecFake/train/F03_p333_343.wav,3
/USERSPACE/DATASETS/CodecFake/train/F03_p245_321.wav,3
/USERSPACE/DATASETS/CodecFake/train/F03_SSB12390215.wav,3
/USERSPACE/DATASETS/CodecFake/train/F03_SSB07940025.wav,3
/USERSPACE/DATASETS/CodecFake/train/F03_SSB07370442.wav,3
/USERSPACE/DATASETS/CodecFake/train/F03_p314_234.wav,3
/USERSPACE/DATASETS/CodecFake/train/F03_SSB12390352.wav,3
/USERSPACE/DATASETS/CodecFake/train/F03_SSB13820389.wav,3
/USERSPACE/DATASETS/CodecFake/train/F03_SSB07020439.wav,3
/USERSPACE/DATASETS/CodecFake/train/F03_SSB17450401.wav,3
/USERSPACE/DATASETS/CodecFake/train/F03_p261_113.wav,3
/USERSPACE/DATASETS/CodecFake/train/F03_SSB15550470.wav,3
/USERSPACE/DATASETS/CodecFake/train/F03_p273_435.wav,3
/USERSPACE/DATASETS/CodecFake/train/F03_SSB04150047.wav,3
/USERSPACE/DATASETS/CodecFake/train/F03_SSB19180149.wav,3
/USERSPACE/DATASETS/CodecFake/train/F03_SSB11000172.wav,3
/USERSPACE/DATASETS/CodecFake/train/F03_SSB00180103.wav,3
/USERSPACE/DATASETS/CodecFake/train/F03_SSB07020226.wav,3
/USERSPACE/DATASETS/CodecFake/train/F03_SSB15550438.wav,3
/USERSPACE/DATASETS/CodecFake/train/F03_p305_412.wav,3
/USERSPACE/DATASETS/CodecFake/train/F03_SSB19390423.wav,3
/USERSPACE/DATASETS/CodecFake/train/F03_SSB00430428.wav,3
/USERSPACE/DATASETS/CodecFake/train/F03_SSB13200089.wav,3
/USERSPACE/DATASETS/CodecFake/train/F03_SSB03230318.wav,3
/USERSPACE/DATASETS/CodecFake/train/F03_SSB05340143.wav,3
/USERSPACE/DATASETS/CodecFake/train/F03_SSB17590505.wav,3
/USERSPACE/DATASETS/CodecFake/train/F03_p300_306.wav,3
/USERSPACE/DATASETS/CodecFake/train/F03_p307_222.wav,3
/USERSPACE/DATASETS/CodecFake/train/F03_p264_273.wav,3
/USERSPACE/DATASETS/CodecFake/train/F03_SSB01120308.wav,3
/USERSPACE/DATASETS/CodecFake/train/F03_SSB03420491.wav,3
/USERSPACE/DATASETS/CodecFake/train/F03_SSB05940450.wav,3
/USERSPACE/DATASETS/CodecFake/train/F03_SSB19020382.wav,3
/USERSPACE/DATASETS/CodecFake/train/F03_SSB13200074.wav,3
/USERSPACE/DATASETS/CodecFake/train/F03_SSB10020168.wav,3
/USERSPACE/DATASETS/CodecFake/train/F03_p295_039.wav,3
/USERSPACE/DATASETS/CodecFake/train/F03_SSB18320314.wav,3
/USERSPACE/DATASETS/CodecFake/train/F03_SSB03160329.wav,3
/USERSPACE/DATASETS/CodecFake/train/F03_SSB00050474.wav,3
/USERSPACE/DATASETS/CodecFake/train/F03_SSB13660325.wav,3
/USERSPACE/DATASETS/CodecFake/train/F03_p283_006.wav,3
/USERSPACE/DATASETS/CodecFake/train/F03_SSB07490015.wav,3
/USERSPACE/DATASETS/CodecFake/train/F03_SSB14570035.wav,3
/USERSPACE/DATASETS/CodecFake/train/F03_SSB18720273.wav,3
/USERSPACE/DATASETS/CodecFake/train/F03_SSB03750340.wav,3
/USERSPACE/DATASETS/CodecFake/train/F03_SSB01390104.wav,3
/USERSPACE/DATASETS/CodecFake/train/F03_SSB19390209.wav,3
/USERSPACE/DATASETS/CodecFake/train/F03_SSB00110393.wav,3
/USERSPACE/DATASETS/CodecFake/train/F03_SSB16070252.wav,3
/USERSPACE/DATASETS/CodecFake/train/F03_p308_252.wav,3
/USERSPACE/DATASETS/CodecFake/train/F03_p307_109.wav,3
/USERSPACE/DATASETS/CodecFake/train/F03_p261_273.wav,3
/USERSPACE/DATASETS/CodecFake/train/F03_SSB03410128.wav,3
/USERSPACE/DATASETS/CodecFake/train/F03_SSB07160463.wav,3
/USERSPACE/DATASETS/CodecFake/train/F03_SSB06030091.wav,3
/USERSPACE/DATASETS/CodecFake/train/F03_SSB13850246.wav,3
/USERSPACE/DATASETS/CodecFake/train/F03_SSB02990158.wav,3
/USERSPACE/DATASETS/CodecFake/train/F03_SSB03790487.wav,3
/USERSPACE/DATASETS/CodecFake/train/F03_SSB03950162.wav,3
/USERSPACE/DATASETS/CodecFake/train/F03_SSB02610309.wav,3
/USERSPACE/DATASETS/CodecFake/train/F03_p297_288.wav,3
/USERSPACE/DATASETS/CodecFake/train/F03_p251_207.wav,3
/USERSPACE/DATASETS/CodecFake/train/F03_SSB18460401.wav,3
/USERSPACE/DATASETS/CodecFake/train/F03_SSB17110285.wav,3
/USERSPACE/DATASETS/CodecFake/train/F03_SSB07100218.wav,3
/USERSPACE/DATASETS/CodecFake/train/F03_SSB08710177.wav,3
/USERSPACE/DATASETS/CodecFake/train/F03_SSB12150216.wav,3
/USERSPACE/DATASETS/CodecFake/train/F03_SSB04700276.wav,3
/USERSPACE/DATASETS/CodecFake/train/F03_SSB17390440.wav,3
/USERSPACE/DATASETS/CodecFake/train/F03_SSB17450264.wav,3
/USERSPACE/DATASETS/CodecFake/train/F03_p274_454.wav,3
/USERSPACE/DATASETS/CodecFake/train/F03_p270_017.wav,3
/USERSPACE/DATASETS/CodecFake/train/F03_SSB01390186.wav,3
/USERSPACE/DATASETS/CodecFake/train/F03_SSB11360411.wav,3
/USERSPACE/DATASETS/CodecFake/train/F03_SSB18910475.wav,3
/USERSPACE/DATASETS/CodecFake/train/F03_p334_098.wav,3
/USERSPACE/DATASETS/CodecFake/train/F03_SSB07170310.wav,3
/USERSPACE/DATASETS/CodecFake/train/F03_SSB05390403.wav,3
/USERSPACE/DATASETS/CodecFake/train/F03_p286_181.wav,3
/USERSPACE/DATASETS/CodecFake/train/F03_p266_404.wav,3
/USERSPACE/DATASETS/CodecFake/train/F03_SSB03160424.wav,3
/USERSPACE/DATASETS/CodecFake/train/F03_SSB02410446.wav,3
/USERSPACE/DATASETS/CodecFake/train/F03_SSB19560317.wav,3
/USERSPACE/DATASETS/CodecFake/train/F03_SSB07460279.wav,3
/USERSPACE/DATASETS/CodecFake/train/F03_SSB03150214.wav,3
/USERSPACE/DATASETS/CodecFake/train/F03_p313_119.wav,3
/USERSPACE/DATASETS/CodecFake/train/F03_p311_219.wav,3
/USERSPACE/DATASETS/CodecFake/train/F03_SSB15930481.wav,3
/USERSPACE/DATASETS/CodecFake/train/F03_p248_089.wav,3
/USERSPACE/DATASETS/CodecFake/train/F03_SSB06320294.wav,3
/USERSPACE/DATASETS/CodecFake/train/F03_SSB10200416.wav,3
/USERSPACE/DATASETS/CodecFake/train/F03_SSB16990230.wav,3
/USERSPACE/DATASETS/CodecFake/train/F03_p281_197.wav,3
/USERSPACE/DATASETS/CodecFake/train/F03_p259_186.wav,3
/USERSPACE/DATASETS/CodecFake/train/F03_SSB07860141.wav,3
/USERSPACE/DATASETS/CodecFake/train/F03_p245_196.wav,3
/USERSPACE/DATASETS/CodecFake/train/F03_SSB06030018.wav,3
/USERSPACE/DATASETS/CodecFake/train/F03_SSB02670112.wav,3
/USERSPACE/DATASETS/CodecFake/train/F03_SSB11250464.wav,3
/USERSPACE/DATASETS/CodecFake/train/F03_SSB06680050.wav,3
/USERSPACE/DATASETS/CodecFake/train/F03_p281_444.wav,3
/USERSPACE/DATASETS/CodecFake/train/F03_SSB07490433.wav,3
/USERSPACE/DATASETS/CodecFake/train/F03_SSB07600335.wav,3
/USERSPACE/DATASETS/CodecFake/train/F03_SSB18460253.wav,3
/USERSPACE/DATASETS/CodecFake/train/F03_SSB03150216.wav,3
/USERSPACE/DATASETS/CodecFake/train/F03_SSB15550040.wav,3
/USERSPACE/DATASETS/CodecFake/train/F03_SSB08170002.wav,3
/USERSPACE/DATASETS/CodecFake/train/F03_SSB18910401.wav,3
/USERSPACE/DATASETS/CodecFake/train/F03_SSB00570404.wav,3
/USERSPACE/DATASETS/CodecFake/train/F03_p326_140.wav,3
/USERSPACE/DATASETS/CodecFake/train/F03_p318_275.wav,3
/USERSPACE/DATASETS/CodecFake/train/F03_SSB03750407.wav,3
/USERSPACE/DATASETS/CodecFake/train/F03_SSB01450270.wav,3
/USERSPACE/DATASETS/CodecFake/train/F03_p269_029.wav,3
/USERSPACE/DATASETS/CodecFake/train/F03_p248_155.wav,3
/USERSPACE/DATASETS/CodecFake/train/F03_SSB12030363.wav,3
/USERSPACE/DATASETS/CodecFake/train/F03_p281_234.wav,3
/USERSPACE/DATASETS/CodecFake/train/F03_p230_145.wav,3
/USERSPACE/DATASETS/CodecFake/train/F03_SSB10500275.wav,3
/USERSPACE/DATASETS/CodecFake/train/F03_SSB13660023.wav,3
/USERSPACE/DATASETS/CodecFake/train/F03_p323_348.wav,3
/USERSPACE/DATASETS/CodecFake/train/F03_p254_222.wav,3
/USERSPACE/DATASETS/CodecFake/train/F03_SSB07940148.wav,3
/USERSPACE/DATASETS/CodecFake/train/F03_p323_133.wav,3
/USERSPACE/DATASETS/CodecFake/train/F03_SSB19350333.wav,3
/USERSPACE/DATASETS/CodecFake/train/F03_SSB07800018.wav,3
/USERSPACE/DATASETS/CodecFake/train/F03_SSB12030039.wav,3
/USERSPACE/DATASETS/CodecFake/train/F03_p229_263.wav,3
/USERSPACE/DATASETS/CodecFake/train/F03_SSB01330173.wav,3
/USERSPACE/DATASETS/CodecFake/train/F03_SSB07510309.wav,3
/USERSPACE/DATASETS/CodecFake/train/F03_p339_272.wav,3
/USERSPACE/DATASETS/CodecFake/train/F03_p253_023.wav,3
/USERSPACE/DATASETS/CodecFake/train/F03_SSB00180012.wav,3
/USERSPACE/DATASETS/CodecFake/train/F03_p280_363.wav,3
/USERSPACE/DATASETS/CodecFake/train/F03_p280_289.wav,3
/USERSPACE/DATASETS/CodecFake/train/F03_p281_392.wav,3
/USERSPACE/DATASETS/CodecFake/train/F03_p360_039.wav,3
/USERSPACE/DATASETS/CodecFake/train/F03_p240_226.wav,3
/USERSPACE/DATASETS/CodecFake/train/F03_p255_379.wav,3
/USERSPACE/DATASETS/CodecFake/train/F03_p275_410.wav,3
/USERSPACE/DATASETS/CodecFake/train/F03_SSB00330038.wav,3
/USERSPACE/DATASETS/CodecFake/train/F03_SSB11260374.wav,3
/USERSPACE/DATASETS/CodecFake/train/F03_SSB07200179.wav,3
/USERSPACE/DATASETS/CodecFake/train/F03_SSB12160058.wav,3
/USERSPACE/DATASETS/CodecFake/train/F03_SSB10550013.wav,3
/USERSPACE/DATASETS/CodecFake/train/F03_SSB07370290.wav,3
/USERSPACE/DATASETS/CodecFake/train/F03_p281_375.wav,3
/USERSPACE/DATASETS/CodecFake/train/F03_SSB03160050.wav,3
/USERSPACE/DATASETS/CodecFake/train/F03_SSB16240017.wav,3
/USERSPACE/DATASETS/CodecFake/train/F03_SSB06680137.wav,3
/USERSPACE/DATASETS/CodecFake/train/F03_p251_123.wav,3
/USERSPACE/DATASETS/CodecFake/train/F03_SSB03800211.wav,3
/USERSPACE/DATASETS/CodecFake/train/F03_SSB08170399.wav,3
/USERSPACE/DATASETS/CodecFake/train/F03_p284_033.wav,3
/USERSPACE/DATASETS/CodecFake/train/F03_SSB15850071.wav,3
/USERSPACE/DATASETS/CodecFake/train/F03_SSB00800009.wav,3
/USERSPACE/DATASETS/CodecFake/train/F03_SSB02730436.wav,3
/USERSPACE/DATASETS/CodecFake/train/F03_p292_296.wav,3
/USERSPACE/DATASETS/CodecFake/train/F03_p276_169.wav,3
/USERSPACE/DATASETS/CodecFake/train/F03_p250_296.wav,3
/USERSPACE/DATASETS/CodecFake/train/F03_SSB10640020.wav,3
/USERSPACE/DATASETS/CodecFake/train/F03_SSB03150059.wav,3
/USERSPACE/DATASETS/CodecFake/train/F03_SSB13830174.wav,3
/USERSPACE/DATASETS/CodecFake/train/F03_SSB03150009.wav,3
/USERSPACE/DATASETS/CodecFake/train/F03_SSB02990342.wav,3
/USERSPACE/DATASETS/CodecFake/train/F03_p333_225.wav,3
/USERSPACE/DATASETS/CodecFake/train/F03_SSB14020165.wav,3
/USERSPACE/DATASETS/CodecFake/train/F03_SSB06660027.wav,3
/USERSPACE/DATASETS/CodecFake/train/F03_SSB14310209.wav,3
/USERSPACE/DATASETS/CodecFake/train/F03_p276_231.wav,3
/USERSPACE/DATASETS/CodecFake/train/F03_SSB19390041.wav,3
/USERSPACE/DATASETS/CodecFake/train/F03_SSB14480022.wav,3
/USERSPACE/DATASETS/CodecFake/train/F03_p276_102.wav,3
/USERSPACE/DATASETS/CodecFake/train/F03_SSB01930437.wav,3
/USERSPACE/DATASETS/CodecFake/train/F03_SSB19180466.wav,3
/USERSPACE/DATASETS/CodecFake/train/F03_p362_146.wav,3
/USERSPACE/DATASETS/CodecFake/train/F03_p295_191.wav,3
/USERSPACE/DATASETS/CodecFake/train/F03_SSB02410330.wav,3
/USERSPACE/DATASETS/CodecFake/train/F03_SSB11150039.wav,3
/USERSPACE/DATASETS/CodecFake/train/F03_p310_100.wav,3
/USERSPACE/DATASETS/CodecFake/train/F03_SSB07940070.wav,3
/USERSPACE/DATASETS/CodecFake/train/F03_SSB03090422.wav,3
/USERSPACE/DATASETS/CodecFake/train/F03_SSB05940292.wav,3
/USERSPACE/DATASETS/CodecFake/train/F03_p306_185.wav,3
/USERSPACE/DATASETS/CodecFake/train/F03_p307_199.wav,3
/USERSPACE/DATASETS/CodecFake/train/F03_SSB07580447.wav,3
/USERSPACE/DATASETS/CodecFake/train/F03_p340_004.wav,3
/USERSPACE/DATASETS/CodecFake/train/F03_p306_300.wav,3
/USERSPACE/DATASETS/CodecFake/train/F03_p259_076.wav,3
/USERSPACE/DATASETS/CodecFake/train/F03_p312_385.wav,3
/USERSPACE/DATASETS/CodecFake/train/F03_SSB18780206.wav,3
/USERSPACE/DATASETS/CodecFake/train/F03_SSB05650055.wav,3
/USERSPACE/DATASETS/CodecFake/train/F03_SSB07110216.wav,3
/USERSPACE/DATASETS/CodecFake/train/F03_SSB10240389.wav,3
/USERSPACE/DATASETS/CodecFake/train/F03_SSB06930432.wav,3
/USERSPACE/DATASETS/CodecFake/train/F03_SSB07230145.wav,3
/USERSPACE/DATASETS/CodecFake/train/F03_p301_258.wav,3
/USERSPACE/DATASETS/CodecFake/train/F03_p335_085.wav,3
/USERSPACE/DATASETS/CodecFake/train/F03_SSB13820207.wav,3
/USERSPACE/DATASETS/CodecFake/train/F03_p292_168.wav,3
/USERSPACE/DATASETS/CodecFake/train/F03_p306_159.wav,3
/USERSPACE/DATASETS/CodecFake/train/F03_p232_038.wav,3
/USERSPACE/DATASETS/CodecFake/train/F03_SSB00180274.wav,3
/USERSPACE/DATASETS/CodecFake/train/F03_SSB07840110.wav,3
/USERSPACE/DATASETS/CodecFake/train/F03_p308_393.wav,3
/USERSPACE/DATASETS/CodecFake/train/F03_SSB02460041.wav,3
/USERSPACE/DATASETS/CodecFake/train/F03_SSB09350440.wav,3
/USERSPACE/DATASETS/CodecFake/train/F03_SSB15850471.wav,3
/USERSPACE/DATASETS/CodecFake/train/F03_SSB07460416.wav,3
/USERSPACE/DATASETS/CodecFake/train/F03_p347_396.wav,3
/USERSPACE/DATASETS/CodecFake/train/F03_SSB19390373.wav,3
/USERSPACE/DATASETS/CodecFake/train/F03_p234_196.wav,3
/USERSPACE/DATASETS/CodecFake/train/F03_SSB18780465.wav,3
/USERSPACE/DATASETS/CodecFake/train/F03_p255_006.wav,3
/USERSPACE/DATASETS/CodecFake/train/F03_p273_049.wav,3
/USERSPACE/DATASETS/CodecFake/train/F03_SSB15850266.wav,3
/USERSPACE/DATASETS/CodecFake/train/F03_p364_278.wav,3
/USERSPACE/DATASETS/CodecFake/train/F03_SSB13660059.wav,3
/USERSPACE/DATASETS/CodecFake/train/F03_SSB07360469.wav,3
/USERSPACE/DATASETS/CodecFake/train/F03_SSB09870492.wav,3
/USERSPACE/DATASETS/CodecFake/train/F03_SSB00120013.wav,3
/USERSPACE/DATASETS/CodecFake/train/F03_SSB07170475.wav,3
/USERSPACE/DATASETS/CodecFake/train/F03_p277_358.wav,3
/USERSPACE/DATASETS/CodecFake/train/F03_SSB16990193.wav,3
/USERSPACE/DATASETS/CodecFake/train/F03_p305_251.wav,3
/USERSPACE/DATASETS/CodecFake/train/F03_SSB07600234.wav,3
/USERSPACE/DATASETS/CodecFake/train/F03_SSB03390074.wav,3
/USERSPACE/DATASETS/CodecFake/train/F03_SSB02880076.wav,3
/USERSPACE/DATASETS/CodecFake/train/F03_p374_216.wav,3
/USERSPACE/DATASETS/CodecFake/train/F03_SSB17590337.wav,3
/USERSPACE/DATASETS/CodecFake/train/F03_SSB05900436.wav,3
/USERSPACE/DATASETS/CodecFake/train/F03_p326_241.wav,3
/USERSPACE/DATASETS/CodecFake/train/F03_SSB12390029.wav,3
/USERSPACE/DATASETS/CodecFake/train/F03_SSB05350077.wav,3
/USERSPACE/DATASETS/CodecFake/train/F03_SSB04340232.wav,3
/USERSPACE/DATASETS/CodecFake/train/F03_p262_391.wav,3
/USERSPACE/DATASETS/CodecFake/train/F03_SSB00090221.wav,3
/USERSPACE/DATASETS/CodecFake/train/F03_p297_041.wav,3
/USERSPACE/DATASETS/CodecFake/train/F03_SSB08220110.wav,3
/USERSPACE/DATASETS/CodecFake/train/F03_p339_252.wav,3
/USERSPACE/DATASETS/CodecFake/train/F03_p251_303.wav,3
/USERSPACE/DATASETS/CodecFake/train/F03_SSB09190023.wav,3
/USERSPACE/DATASETS/CodecFake/train/F03_SSB03540125.wav,3
/USERSPACE/DATASETS/CodecFake/train/F03_SSB03230439.wav,3
/USERSPACE/DATASETS/CodecFake/train/F03_SSB07160453.wav,3
/USERSPACE/DATASETS/CodecFake/train/F03_SSB06010271.wav,3
/USERSPACE/DATASETS/CodecFake/train/F03_p292_039.wav,3
/USERSPACE/DATASETS/CodecFake/train/F03_SSB10550333.wav,3
/USERSPACE/DATASETS/CodecFake/train/F03_p313_154.wav,3
/USERSPACE/DATASETS/CodecFake/train/F03_SSB09350411.wav,3
/USERSPACE/DATASETS/CodecFake/train/F03_SSB13650247.wav,3
/USERSPACE/DATASETS/CodecFake/train/F03_SSB05020010.wav,3
/USERSPACE/DATASETS/CodecFake/train/F03_SSB19350450.wav,3
/USERSPACE/DATASETS/CodecFake/train/F03_SSB10000004.wav,3
/USERSPACE/DATASETS/CodecFake/train/F03_SSB06320127.wav,3
/USERSPACE/DATASETS/CodecFake/train/F03_SSB11250328.wav,3
/USERSPACE/DATASETS/CodecFake/train/F03_p247_393.wav,3
/USERSPACE/DATASETS/CodecFake/train/F03_SSB00430175.wav,3
/USERSPACE/DATASETS/CodecFake/train/F03_SSB18370003.wav,3
/USERSPACE/DATASETS/CodecFake/train/F03_SSB06140429.wav,3
/USERSPACE/DATASETS/CodecFake/train/F03_SSB01330292.wav,3
/USERSPACE/DATASETS/CodecFake/train/F03_SSB18280177.wav,3
/USERSPACE/DATASETS/CodecFake/train/F03_p278_261.wav,3
/USERSPACE/DATASETS/CodecFake/train/F03_SSB00330385.wav,3
/USERSPACE/DATASETS/CodecFake/train/F03_SSB05780224.wav,3
/USERSPACE/DATASETS/CodecFake/train/F03_SSB09660389.wav,3
/USERSPACE/DATASETS/CodecFake/train/F03_p260_101.wav,3
/USERSPACE/DATASETS/CodecFake/train/F03_SSB03820320.wav,3
/USERSPACE/DATASETS/CodecFake/train/F03_p253_224.wav,3
/USERSPACE/DATASETS/CodecFake/train/F03_p238_285.wav,3
/USERSPACE/DATASETS/CodecFake/train/F03_p277_245.wav,3
/USERSPACE/DATASETS/CodecFake/train/F03_SSB00090002.wav,3
/USERSPACE/DATASETS/CodecFake/train/F03_SSB10200225.wav,3
/USERSPACE/DATASETS/CodecFake/train/F03_SSB08220225.wav,3
/USERSPACE/DATASETS/CodecFake/train/F03_SSB03410430.wav,3
/USERSPACE/DATASETS/CodecFake/train/F03_p299_107.wav,3
/USERSPACE/DATASETS/CodecFake/train/F03_SSB10720439.wav,3
/USERSPACE/DATASETS/CodecFake/train/F03_p333_129.wav,3
/USERSPACE/DATASETS/CodecFake/train/F03_SSB10560260.wav,3
/USERSPACE/DATASETS/CodecFake/train/F03_SSB15750416.wav,3
/USERSPACE/DATASETS/CodecFake/train/F03_SSB00330422.wav,3
/USERSPACE/DATASETS/CodecFake/train/F03_p275_427.wav,3
/USERSPACE/DATASETS/CodecFake/train/F03_p317_254.wav,3
/USERSPACE/DATASETS/CodecFake/train/F03_p273_078.wav,3
/USERSPACE/DATASETS/CodecFake/train/F03_SSB13220373.wav,3
/USERSPACE/DATASETS/CodecFake/train/F03_SSB19180096.wav,3
/USERSPACE/DATASETS/CodecFake/train/F03_SSB13020195.wav,3
/USERSPACE/DATASETS/CodecFake/train/F03_SSB02410075.wav,3
/USERSPACE/DATASETS/CodecFake/train/F03_p278_148.wav,3
/USERSPACE/DATASETS/CodecFake/train/F03_SSB07170297.wav,3
/USERSPACE/DATASETS/CodecFake/train/F03_SSB05780061.wav,3
/USERSPACE/DATASETS/CodecFake/train/F03_SSB16840265.wav,3
/USERSPACE/DATASETS/CodecFake/train/F03_SSB12180331.wav,3
/USERSPACE/DATASETS/CodecFake/train/F03_SSB04350429.wav,3
/USERSPACE/DATASETS/CodecFake/train/F03_SSB03070391.wav,3
/USERSPACE/DATASETS/CodecFake/train/F03_SSB01490373.wav,3
/USERSPACE/DATASETS/CodecFake/train/F03_SSB17450253.wav,3
/USERSPACE/DATASETS/CodecFake/train/F03_SSB13400463.wav,3
/USERSPACE/DATASETS/CodecFake/train/F03_SSB12390099.wav,3
/USERSPACE/DATASETS/CodecFake/train/F03_SSB18630414.wav,3
/USERSPACE/DATASETS/CodecFake/train/F03_SSB01390074.wav,3
/USERSPACE/DATASETS/CodecFake/train/F03_SSB10560358.wav,3
/USERSPACE/DATASETS/CodecFake/train/F03_p256_041.wav,3
/USERSPACE/DATASETS/CodecFake/train/F03_p231_256.wav,3
/USERSPACE/DATASETS/CodecFake/train/F03_SSB10240098.wav,3
/USERSPACE/DATASETS/CodecFake/train/F03_p226_203.wav,3
/USERSPACE/DATASETS/CodecFake/train/F03_SSB10960179.wav,3
/USERSPACE/DATASETS/CodecFake/train/F03_SSB06320302.wav,3
/USERSPACE/DATASETS/CodecFake/train/F03_SSB18720038.wav,3
/USERSPACE/DATASETS/CodecFake/train/F03_SSB09970030.wav,3
/USERSPACE/DATASETS/CodecFake/train/F03_SSB13850407.wav,3
/USERSPACE/DATASETS/CodecFake/train/F03_p253_046.wav,3
/USERSPACE/DATASETS/CodecFake/train/F03_SSB00430022.wav,3
/USERSPACE/DATASETS/CodecFake/train/F03_p330_130.wav,3
/USERSPACE/DATASETS/CodecFake/train/F03_p236_486.wav,3
/USERSPACE/DATASETS/CodecFake/train/F03_SSB06680054.wav,3
/USERSPACE/DATASETS/CodecFake/train/F03_p272_400.wav,3
/USERSPACE/DATASETS/CodecFake/train/F03_p251_146.wav,3
/USERSPACE/DATASETS/CodecFake/train/F03_SSB05940324.wav,3
/USERSPACE/DATASETS/CodecFake/train/F03_SSB15930425.wav,3
/USERSPACE/DATASETS/CodecFake/train/F03_p247_030.wav,3
/USERSPACE/DATASETS/CodecFake/train/F03_SSB08170212.wav,3
/USERSPACE/DATASETS/CodecFake/train/F03_SSB09870227.wav,3
/USERSPACE/DATASETS/CodecFake/train/F03_SSB18280294.wav,3
/USERSPACE/DATASETS/CodecFake/train/F03_SSB16700001.wav,3
/USERSPACE/DATASETS/CodecFake/train/F03_p246_095.wav,3
/USERSPACE/DATASETS/CodecFake/train/F03_p318_407.wav,3
/USERSPACE/DATASETS/CodecFake/train/F03_SSB19390238.wav,3
/USERSPACE/DATASETS/CodecFake/train/F03_SSB09150201.wav,3
/USERSPACE/DATASETS/CodecFake/train/F03_SSB03950439.wav,3
/USERSPACE/DATASETS/CodecFake/train/F03_SSB06030303.wav,3
/USERSPACE/DATASETS/CodecFake/train/F03_SSB07000413.wav,3
/USERSPACE/DATASETS/CodecFake/train/F03_p312_142.wav,3
/USERSPACE/DATASETS/CodecFake/train/F03_SSB00330199.wav,3
/USERSPACE/DATASETS/CodecFake/train/F03_SSB15550259.wav,3
/USERSPACE/DATASETS/CodecFake/train/F03_SSB01450047.wav,3
/USERSPACE/DATASETS/CodecFake/train/F03_SSB14570414.wav,3
/USERSPACE/DATASETS/CodecFake/train/F03_SSB07580336.wav,3
/USERSPACE/DATASETS/CodecFake/train/F03_p260_136.wav,3
/USERSPACE/DATASETS/CodecFake/train/F03_p374_356.wav,3
/USERSPACE/DATASETS/CodecFake/train/F03_p226_237.wav,3
/USERSPACE/DATASETS/CodecFake/train/F03_SSB15550317.wav,3
/USERSPACE/DATASETS/CodecFake/train/F03_p294_279.wav,3
/USERSPACE/DATASETS/CodecFake/train/F03_SSB06290216.wav,3
/USERSPACE/DATASETS/CodecFake/train/F03_p285_200.wav,3
/USERSPACE/DATASETS/CodecFake/train/F03_p270_028.wav,3
/USERSPACE/DATASETS/CodecFake/train/F03_SSB16240121.wav,3
/USERSPACE/DATASETS/CodecFake/train/F03_SSB01390272.wav,3
/USERSPACE/DATASETS/CodecFake/train/F03_SSB11310300.wav,3
/USERSPACE/DATASETS/CodecFake/train/F03_p269_385.wav,3
/USERSPACE/DATASETS/CodecFake/train/F03_SSB07480284.wav,3
/USERSPACE/DATASETS/CodecFake/train/F03_SSB04820139.wav,3
/USERSPACE/DATASETS/CodecFake/train/F03_p227_050.wav,3
/USERSPACE/DATASETS/CodecFake/train/F03_SSB01120479.wav,3
/USERSPACE/DATASETS/CodecFake/train/F03_SSB19560402.wav,3
/USERSPACE/DATASETS/CodecFake/train/F03_SSB00800201.wav,3
/USERSPACE/DATASETS/CodecFake/train/F03_SSB07100255.wav,3
/USERSPACE/DATASETS/CodecFake/train/F03_SSB03150338.wav,3
/USERSPACE/DATASETS/CodecFake/train/F03_SSB11250057.wav,3
/USERSPACE/DATASETS/CodecFake/train/F03_SSB07490007.wav,3
/USERSPACE/DATASETS/CodecFake/train/F03_SSB03790463.wav,3
/USERSPACE/DATASETS/CodecFake/train/F03_SSB04070179.wav,3
/USERSPACE/DATASETS/CodecFake/train/F03_p345_329.wav,3
/USERSPACE/DATASETS/CodecFake/train/F03_p339_094.wav,3
/USERSPACE/DATASETS/CodecFake/train/F03_SSB00110302.wav,3
/USERSPACE/DATASETS/CodecFake/train/F03_p335_244.wav,3
/USERSPACE/DATASETS/CodecFake/train/F03_SSB07940068.wav,3
/USERSPACE/DATASETS/CodecFake/train/F03_SSB02000217.wav,3
/USERSPACE/DATASETS/CodecFake/train/F03_SSB18780279.wav,3
/USERSPACE/DATASETS/CodecFake/train/F03_p297_092.wav,3
/USERSPACE/DATASETS/CodecFake/train/F03_SSB10080441.wav,3
/USERSPACE/DATASETS/CodecFake/train/F03_SSB11380475.wav,3
/USERSPACE/DATASETS/CodecFake/train/F03_SSB01220360.wav,3
/USERSPACE/DATASETS/CodecFake/train/F03_SSB17590153.wav,3
/USERSPACE/DATASETS/CodecFake/train/F03_SSB10500108.wav,3
/USERSPACE/DATASETS/CodecFake/train/F03_p262_319.wav,3
/USERSPACE/DATASETS/CodecFake/train/F03_SSB01330226.wav,3
/USERSPACE/DATASETS/CodecFake/train/F03_SSB10010285.wav,3
/USERSPACE/DATASETS/CodecFake/train/F03_SSB18910253.wav,3
/USERSPACE/DATASETS/CodecFake/train/F03_SSB13220425.wav,3
/USERSPACE/DATASETS/CodecFake/train/F03_SSB13200178.wav,3
/USERSPACE/DATASETS/CodecFake/train/F03_SSB16250040.wav,3
/USERSPACE/DATASETS/CodecFake/train/F03_SSB12030473.wav,3
/USERSPACE/DATASETS/CodecFake/train/F03_p271_052.wav,3
/USERSPACE/DATASETS/CodecFake/train/F03_p262_313.wav,3
/USERSPACE/DATASETS/CodecFake/train/F03_SSB05900179.wav,3
/USERSPACE/DATASETS/CodecFake/train/F03_SSB17590379.wav,3
/USERSPACE/DATASETS/CodecFake/train/F03_SSB00430349.wav,3
/USERSPACE/DATASETS/CodecFake/train/F03_SSB04350424.wav,3
/USERSPACE/DATASETS/CodecFake/train/F03_p307_015.wav,3
/USERSPACE/DATASETS/CodecFake/train/F03_p305_232.wav,3
/USERSPACE/DATASETS/CodecFake/train/F03_p343_034.wav,3
/USERSPACE/DATASETS/CodecFake/train/F03_SSB14310224.wav,3
/USERSPACE/DATASETS/CodecFake/train/F03_p261_270.wav,3
/USERSPACE/DATASETS/CodecFake/train/F03_SSB09130239.wav,3
/USERSPACE/DATASETS/CodecFake/train/F03_SSB08170089.wav,3
/USERSPACE/DATASETS/CodecFake/train/F03_p286_386.wav,3
/USERSPACE/DATASETS/CodecFake/train/F03_SSB17450123.wav,3
/USERSPACE/DATASETS/CodecFake/train/F03_SSB02990083.wav,3
/USERSPACE/DATASETS/CodecFake/train/F03_SSB01490473.wav,3
/USERSPACE/DATASETS/CodecFake/train/F03_SSB13220007.wav,3
/USERSPACE/DATASETS/CodecFake/train/F03_SSB02410176.wav,3
/USERSPACE/DATASETS/CodecFake/train/F03_p284_354.wav,3
/USERSPACE/DATASETS/CodecFake/train/F03_p334_220.wav,3
/USERSPACE/DATASETS/CodecFake/train/F03_SSB03070173.wav,3
/USERSPACE/DATASETS/CodecFake/train/F03_p281_247.wav,3
/USERSPACE/DATASETS/CodecFake/train/F03_SSB04270464.wav,3
/USERSPACE/DATASETS/CodecFake/train/F03_SSB09190175.wav,3
/USERSPACE/DATASETS/CodecFake/train/F03_p275_068.wav,3
/USERSPACE/DATASETS/CodecFake/train/F03_SSB09190227.wav,3
/USERSPACE/DATASETS/CodecFake/train/F03_p257_283.wav,3
/USERSPACE/DATASETS/CodecFake/train/F03_SSB07370145.wav,3
/USERSPACE/DATASETS/CodecFake/train/F03_SSB03410486.wav,3
/USERSPACE/DATASETS/CodecFake/train/F03_SSB01970399.wav,3
/USERSPACE/DATASETS/CodecFake/train/F03_p258_178.wav,3
/USERSPACE/DATASETS/CodecFake/train/F03_SSB18720284.wav,3
/USERSPACE/DATASETS/CodecFake/train/F03_p229_260.wav,3
/USERSPACE/DATASETS/CodecFake/train/F03_SSB10960188.wav,3
/USERSPACE/DATASETS/CodecFake/train/F03_SSB03230010.wav,3
/USERSPACE/DATASETS/CodecFake/train/F03_p288_153.wav,3
/USERSPACE/DATASETS/CodecFake/train/F03_SSB16500287.wav,3
/USERSPACE/DATASETS/CodecFake/train/F03_SSB13930116.wav,3
/USERSPACE/DATASETS/CodecFake/train/F03_SSB11350325.wav,3
/USERSPACE/DATASETS/CodecFake/train/F03_p237_221.wav,3
/USERSPACE/DATASETS/CodecFake/train/F03_SSB19350183.wav,3
/USERSPACE/DATASETS/CodecFake/train/F03_p292_316.wav,3
/USERSPACE/DATASETS/CodecFake/train/F03_SSB05990417.wav,3
/USERSPACE/DATASETS/CodecFake/train/F03_SSB13200211.wav,3
/USERSPACE/DATASETS/CodecFake/train/F03_p230_356.wav,3
/USERSPACE/DATASETS/CodecFake/train/F03_SSB19180382.wav,3
/USERSPACE/DATASETS/CodecFake/train/F03_SSB07460409.wav,3
/USERSPACE/DATASETS/CodecFake/train/F03_p252_294.wav,3
/USERSPACE/DATASETS/CodecFake/train/F03_SSB13410143.wav,3
/USERSPACE/DATASETS/CodecFake/train/F03_p264_257.wav,3
/USERSPACE/DATASETS/CodecFake/train/F03_SSB07860280.wav,3
/USERSPACE/DATASETS/CodecFake/train/F03_SSB02000449.wav,3
/USERSPACE/DATASETS/CodecFake/train/F03_p336_227.wav,3
/USERSPACE/DATASETS/CodecFake/train/F03_SSB00180061.wav,3
/USERSPACE/DATASETS/CodecFake/train/F03_p263_470.wav,3
/USERSPACE/DATASETS/CodecFake/train/F03_p293_035.wav,3
/USERSPACE/DATASETS/CodecFake/train/F03_SSB05350060.wav,3
/USERSPACE/DATASETS/CodecFake/train/F03_SSB19390302.wav,3
/USERSPACE/DATASETS/CodecFake/train/F03_SSB03090440.wav,3
/USERSPACE/DATASETS/CodecFake/train/F03_SSB09970070.wav,3
/USERSPACE/DATASETS/CodecFake/train/F03_p341_070.wav,3
/USERSPACE/DATASETS/CodecFake/train/F03_SSB05940011.wav,3
/USERSPACE/DATASETS/CodecFake/train/F03_p293_246.wav,3
/USERSPACE/DATASETS/CodecFake/train/F03_SSB09350260.wav,3
/USERSPACE/DATASETS/CodecFake/train/F03_SSB07510341.wav,3
/USERSPACE/DATASETS/CodecFake/train/F03_p250_143.wav,3
/USERSPACE/DATASETS/CodecFake/train/F03_SSB10720013.wav,3
/USERSPACE/DATASETS/CodecFake/train/F03_p268_110.wav,3
/USERSPACE/DATASETS/CodecFake/train/F03_SSB10240236.wav,3
/USERSPACE/DATASETS/CodecFake/train/F03_p283_057.wav,3
/USERSPACE/DATASETS/CodecFake/train/F03_p347_243.wav,3
/USERSPACE/DATASETS/CodecFake/train/F03_SSB01930005.wav,3
/USERSPACE/DATASETS/CodecFake/train/F03_SSB16500406.wav,3
/USERSPACE/DATASETS/CodecFake/train/F03_p248_134.wav,3
/USERSPACE/DATASETS/CodecFake/train/F03_p282_129.wav,3
/USERSPACE/DATASETS/CodecFake/train/F03_SSB06140341.wav,3
/USERSPACE/DATASETS/CodecFake/train/F03_p241_256.wav,3
/USERSPACE/DATASETS/CodecFake/train/F03_SSB01220406.wav,3
/USERSPACE/DATASETS/CodecFake/train/F03_SSB00430117.wav,3
/USERSPACE/DATASETS/CodecFake/train/F03_p374_299.wav,3
/USERSPACE/DATASETS/CodecFake/train/F03_SSB12530198.wav,3
/USERSPACE/DATASETS/CodecFake/train/F03_SSB10010183.wav,3
/USERSPACE/DATASETS/CodecFake/train/F03_SSB15750494.wav,3
/USERSPACE/DATASETS/CodecFake/train/F03_p231_139.wav,3
/USERSPACE/DATASETS/CodecFake/train/F03_SSB01390227.wav,3
/USERSPACE/DATASETS/CodecFake/train/F03_p293_071.wav,3
/USERSPACE/DATASETS/CodecFake/train/F03_SSB08870191.wav,3
/USERSPACE/DATASETS/CodecFake/train/F03_p260_349.wav,3
/USERSPACE/DATASETS/CodecFake/train/F03_p333_041.wav,3
/USERSPACE/DATASETS/CodecFake/train/F03_p287_185.wav,3
/USERSPACE/DATASETS/CodecFake/train/F03_SSB15630412.wav,3
/USERSPACE/DATASETS/CodecFake/train/F03_SSB00180413.wav,3
/USERSPACE/DATASETS/CodecFake/train/F03_SSB13660108.wav,3
/USERSPACE/DATASETS/CodecFake/train/F03_SSB00330260.wav,3
/USERSPACE/DATASETS/CodecFake/train/F03_SSB07580013.wav,3
/USERSPACE/DATASETS/CodecFake/train/F03_SSB07370073.wav,3
/USERSPACE/DATASETS/CodecFake/train/F03_SSB07170414.wav,3
/USERSPACE/DATASETS/CodecFake/train/F03_SSB06710151.wav,3
/USERSPACE/DATASETS/CodecFake/train/F03_SSB07110113.wav,3
/USERSPACE/DATASETS/CodecFake/train/F03_SSB09350444.wav,3
/USERSPACE/DATASETS/CodecFake/train/F03_SSB03850148.wav,3
/USERSPACE/DATASETS/CodecFake/train/F03_p251_246.wav,3
/USERSPACE/DATASETS/CodecFake/train/F03_SSB10640235.wav,3
/USERSPACE/DATASETS/CodecFake/train/F03_p274_460.wav,3
/USERSPACE/DATASETS/CodecFake/train/F03_p226_335.wav,3
/USERSPACE/DATASETS/CodecFake/train/F03_p269_085.wav,3
/USERSPACE/DATASETS/CodecFake/train/F03_SSB05940274.wav,3
/USERSPACE/DATASETS/CodecFake/train/F03_p323_414.wav,3
/USERSPACE/DATASETS/CodecFake/train/F03_SSB15930265.wav,3
/USERSPACE/DATASETS/CodecFake/train/F03_SSB07020266.wav,3
/USERSPACE/DATASETS/CodecFake/train/F03_SSB00430313.wav,3
/USERSPACE/DATASETS/CodecFake/train/F03_SSB05900062.wav,3
/USERSPACE/DATASETS/CodecFake/train/F03_SSB03090064.wav,3
/USERSPACE/DATASETS/CodecFake/train/F03_SSB05700003.wav,3
/USERSPACE/DATASETS/CodecFake/train/F03_SSB17820332.wav,3
/USERSPACE/DATASETS/CodecFake/train/F03_SSB10000263.wav,3
/USERSPACE/DATASETS/CodecFake/train/F03_SSB18060207.wav,3
/USERSPACE/DATASETS/CodecFake/train/F03_SSB11000223.wav,3
/USERSPACE/DATASETS/CodecFake/train/F03_p261_231.wav,3
/USERSPACE/DATASETS/CodecFake/train/F03_SSB07600305.wav,3
/USERSPACE/DATASETS/CodecFake/train/F03_p258_029.wav,3
/USERSPACE/DATASETS/CodecFake/train/F03_SSB07940031.wav,3
/USERSPACE/DATASETS/CodecFake/train/F03_SSB03790474.wav,3
/USERSPACE/DATASETS/CodecFake/train/F03_SSB00050415.wav,3
/USERSPACE/DATASETS/CodecFake/train/F03_SSB13280208.wav,3
/USERSPACE/DATASETS/CodecFake/train/F03_p287_093.wav,3
/USERSPACE/DATASETS/CodecFake/train/F03_p347_152.wav,3
/USERSPACE/DATASETS/CodecFake/train/F03_SSB02870352.wav,3
/USERSPACE/DATASETS/CodecFake/train/F03_p374_245.wav,3
/USERSPACE/DATASETS/CodecFake/train/F03_p231_275.wav,3
/USERSPACE/DATASETS/CodecFake/train/F03_SSB06930060.wav,3
/USERSPACE/DATASETS/CodecFake/train/F03_SSB00090308.wav,3
/USERSPACE/DATASETS/CodecFake/train/F03_p363_188.wav,3
/USERSPACE/DATASETS/CodecFake/train/F03_SSB19180458.wav,3
/USERSPACE/DATASETS/CodecFake/train/F03_SSB16300377.wav,3
/USERSPACE/DATASETS/CodecFake/train/F03_p250_234.wav,3
/USERSPACE/DATASETS/CodecFake/train/F03_SSB07230341.wav,3
/USERSPACE/DATASETS/CodecFake/train/F03_SSB18090305.wav,3
/USERSPACE/DATASETS/CodecFake/train/F03_SSB08090497.wav,3
/USERSPACE/DATASETS/CodecFake/train/F03_SSB04070332.wav,3
/USERSPACE/DATASETS/CodecFake/train/F03_p259_349.wav,3
/USERSPACE/DATASETS/CodecFake/train/F03_SSB08170372.wav,3
/USERSPACE/DATASETS/CodecFake/train/F03_p258_256.wav,3
/USERSPACE/DATASETS/CodecFake/train/F03_SSB03750054.wav,3
/USERSPACE/DATASETS/CodecFake/train/F03_SSB06710105.wav,3
/USERSPACE/DATASETS/CodecFake/train/F03_SSB14310071.wav,3
/USERSPACE/DATASETS/CodecFake/train/F03_SSB12190454.wav,3
/USERSPACE/DATASETS/CodecFake/train/F03_SSB10550026.wav,3
/USERSPACE/DATASETS/CodecFake/train/F03_SSB07490069.wav,3
/USERSPACE/DATASETS/CodecFake/train/F03_p336_029.wav,3
/USERSPACE/DATASETS/CodecFake/train/F03_SSB06140347.wav,3
/USERSPACE/DATASETS/CodecFake/train/F03_p374_232.wav,3
/USERSPACE/DATASETS/CodecFake/train/F03_SSB10960304.wav,3
/USERSPACE/DATASETS/CodecFake/train/F03_SSB03390100.wav,3
/USERSPACE/DATASETS/CodecFake/train/F03_p326_203.wav,3
/USERSPACE/DATASETS/CodecFake/train/F03_SSB19390141.wav,3
/USERSPACE/DATASETS/CodecFake/train/F03_SSB07370065.wav,3
/USERSPACE/DATASETS/CodecFake/train/F03_SSB07510212.wav,3
/USERSPACE/DATASETS/CodecFake/train/F03_SSB03390407.wav,3
/USERSPACE/DATASETS/CodecFake/train/F03_p297_096.wav,3
/USERSPACE/DATASETS/CodecFake/train/F03_SSB15630429.wav,3
/USERSPACE/DATASETS/CodecFake/train/F03_SSB16500405.wav,3
/USERSPACE/DATASETS/CodecFake/train/F03_SSB07460401.wav,3
/USERSPACE/DATASETS/CodecFake/train/F03_SSB07230146.wav,3
/USERSPACE/DATASETS/CodecFake/train/F03_SSB05390361.wav,3
/USERSPACE/DATASETS/CodecFake/train/F03_SSB06230306.wav,3
/USERSPACE/DATASETS/CodecFake/train/F03_SSB05390307.wav,3
/USERSPACE/DATASETS/CodecFake/train/F03_SSB07230041.wav,3
/USERSPACE/DATASETS/CodecFake/train/F03_p268_012.wav,3
/USERSPACE/DATASETS/CodecFake/train/F03_SSB05940366.wav,3
/USERSPACE/DATASETS/CodecFake/train/F03_SSB03940393.wav,3
/USERSPACE/DATASETS/CodecFake/train/F03_SSB03090281.wav,3
/USERSPACE/DATASETS/CodecFake/train/F03_p343_105.wav,3
/USERSPACE/DATASETS/CodecFake/train/F03_SSB01490453.wav,3
/USERSPACE/DATASETS/CodecFake/train/F03_SSB07490412.wav,3
/USERSPACE/DATASETS/CodecFake/train/F03_SSB15750323.wav,3
/USERSPACE/DATASETS/CodecFake/train/F03_p343_286.wav,3
/USERSPACE/DATASETS/CodecFake/train/F03_p316_292.wav,3
/USERSPACE/DATASETS/CodecFake/train/F03_p281_137.wav,3
/USERSPACE/DATASETS/CodecFake/train/F03_SSB16300017.wav,3
/USERSPACE/DATASETS/CodecFake/train/F03_p270_161.wav,3
/USERSPACE/DATASETS/CodecFake/train/F03_p277_062.wav,3
/USERSPACE/DATASETS/CodecFake/train/F03_SSB07360301.wav,3
/USERSPACE/DATASETS/CodecFake/train/F03_p232_370.wav,3
/USERSPACE/DATASETS/CodecFake/train/F03_SSB06310441.wav,3
/USERSPACE/DATASETS/CodecFake/train/F03_p232_089.wav,3
/USERSPACE/DATASETS/CodecFake/train/F03_SSB07170295.wav,3
/USERSPACE/DATASETS/CodecFake/train/F03_SSB03380482.wav,3
/USERSPACE/DATASETS/CodecFake/train/F03_SSB07100337.wav,3
/USERSPACE/DATASETS/CodecFake/train/F03_p287_422.wav,3
/USERSPACE/DATASETS/CodecFake/train/F03_SSB00800371.wav,3
/USERSPACE/DATASETS/CodecFake/train/F03_p268_384.wav,3
/USERSPACE/DATASETS/CodecFake/train/F03_SSB14480192.wav,3
/USERSPACE/DATASETS/CodecFake/train/F03_p343_376.wav,3
/USERSPACE/DATASETS/CodecFake/train/F03_p339_074.wav,3
/USERSPACE/DATASETS/CodecFake/train/F03_p330_017.wav,3
/USERSPACE/DATASETS/CodecFake/train/F03_p318_252.wav,3
/USERSPACE/DATASETS/CodecFake/train/F03_SSB05340418.wav,3
/USERSPACE/DATASETS/CodecFake/train/F03_SSB02000164.wav,3
/USERSPACE/DATASETS/CodecFake/train/F03_SSB01450364.wav,3
/USERSPACE/DATASETS/CodecFake/train/F03_p251_142.wav,3
/USERSPACE/DATASETS/CodecFake/train/F03_p295_344.wav,3
/USERSPACE/DATASETS/CodecFake/train/F03_SSB18060025.wav,3
/USERSPACE/DATASETS/CodecFake/train/F03_SSB10720186.wav,3
/USERSPACE/DATASETS/CodecFake/train/F03_SSB09130220.wav,3
/USERSPACE/DATASETS/CodecFake/train/F03_SSB02610021.wav,3
/USERSPACE/DATASETS/CodecFake/train/F03_SSB13920098.wav,3
/USERSPACE/DATASETS/CodecFake/train/F03_SSB06930053.wav,3
/USERSPACE/DATASETS/CodecFake/train/F03_p315_025.wav,3
/USERSPACE/DATASETS/CodecFake/train/F03_p277_216.wav,3
/USERSPACE/DATASETS/CodecFake/train/F03_p286_067.wav,3
/USERSPACE/DATASETS/CodecFake/train/F03_p323_384.wav,3
/USERSPACE/DATASETS/CodecFake/train/F03_p339_276.wav,3
/USERSPACE/DATASETS/CodecFake/train/F03_SSB03390163.wav,3
/USERSPACE/DATASETS/CodecFake/train/F03_SSB00800454.wav,3
/USERSPACE/DATASETS/CodecFake/train/F03_SSB05700228.wav,3
/USERSPACE/DATASETS/CodecFake/train/F03_p267_115.wav,3
/USERSPACE/DATASETS/CodecFake/train/F03_SSB12740472.wav,3
/USERSPACE/DATASETS/CodecFake/train/F03_p295_387.wav,3
/USERSPACE/DATASETS/CodecFake/train/F03_SSB15550318.wav,3
/USERSPACE/DATASETS/CodecFake/train/F03_SSB00090121.wav,3
/USERSPACE/DATASETS/CodecFake/train/F03_p374_304.wav,3
/USERSPACE/DATASETS/CodecFake/train/F03_p311_048.wav,3
/USERSPACE/DATASETS/CodecFake/train/F03_SSB01930428.wav,3
/USERSPACE/DATASETS/CodecFake/train/F03_SSB06060413.wav,3
/USERSPACE/DATASETS/CodecFake/train/F03_SSB11080249.wav,3
/USERSPACE/DATASETS/CodecFake/train/F03_p283_017.wav,3
/USERSPACE/DATASETS/CodecFake/train/F03_p311_038.wav,3
/USERSPACE/DATASETS/CodecFake/train/F03_p335_216.wav,3
/USERSPACE/DATASETS/CodecFake/train/F03_SSB06310064.wav,3
/USERSPACE/DATASETS/CodecFake/train/F03_SSB12210133.wav,3
/USERSPACE/DATASETS/CodecFake/train/F03_SSB04270139.wav,3
/USERSPACE/DATASETS/CodecFake/train/F03_SSB15750077.wav,3
/USERSPACE/DATASETS/CodecFake/train/F03_SSB19390461.wav,3
/USERSPACE/DATASETS/CodecFake/train/F03_SSB07200331.wav,3
/USERSPACE/DATASETS/CodecFake/train/F03_SSB00180051.wav,3
/USERSPACE/DATASETS/CodecFake/train/F03_SSB07200201.wav,3
/USERSPACE/DATASETS/CodecFake/train/F03_SSB05340163.wav,3
/USERSPACE/DATASETS/CodecFake/train/F03_p311_225.wav,3
/USERSPACE/DATASETS/CodecFake/train/F03_p276_062.wav,3
/USERSPACE/DATASETS/CodecFake/train/F03_p326_027.wav,3
/USERSPACE/DATASETS/CodecFake/train/F03_SSB05340213.wav,3
/USERSPACE/DATASETS/CodecFake/train/F03_p278_182.wav,3
/USERSPACE/DATASETS/CodecFake/train/F03_SSB06710003.wav,3
/USERSPACE/DATASETS/CodecFake/train/F03_SSB15850060.wav,3
/USERSPACE/DATASETS/CodecFake/train/F03_p312_281.wav,3
/USERSPACE/DATASETS/CodecFake/train/F03_SSB07110184.wav,3
/USERSPACE/DATASETS/CodecFake/train/F03_SSB03850380.wav,3
/USERSPACE/DATASETS/CodecFake/train/F03_SSB05390057.wav,3
/USERSPACE/DATASETS/CodecFake/train/F03_p248_126.wav,3
/USERSPACE/DATASETS/CodecFake/train/F03_SSB02870379.wav,3
/USERSPACE/DATASETS/CodecFake/train/F03_SSB02610051.wav,3
/USERSPACE/DATASETS/CodecFake/train/F03_p234_240.wav,3
/USERSPACE/DATASETS/CodecFake/train/F03_SSB00120225.wav,3
/USERSPACE/DATASETS/CodecFake/train/F03_p270_313.wav,3
/USERSPACE/DATASETS/CodecFake/train/F03_p347_126.wav,3
/USERSPACE/DATASETS/CodecFake/train/F03_SSB01970126.wav,3
/USERSPACE/DATASETS/CodecFake/train/F03_SSB06060212.wav,3
/USERSPACE/DATASETS/CodecFake/train/F03_SSB11610053.wav,3
/USERSPACE/DATASETS/CodecFake/train/F03_p268_266.wav,3
/USERSPACE/DATASETS/CodecFake/train/F03_SSB07580461.wav,3
/USERSPACE/DATASETS/CodecFake/train/F03_SSB07620073.wav,3
/USERSPACE/DATASETS/CodecFake/train/F03_p293_253.wav,3
/USERSPACE/DATASETS/CodecFake/train/F03_SSB08630381.wav,3
/USERSPACE/DATASETS/CodecFake/train/F03_SSB11610333.wav,3
/USERSPACE/DATASETS/CodecFake/train/F03_p343_135.wav,3
/USERSPACE/DATASETS/CodecFake/train/F03_SSB07940027.wav,3
/USERSPACE/DATASETS/CodecFake/train/F03_p305_250.wav,3
/USERSPACE/DATASETS/CodecFake/train/F03_p361_103.wav,3
/USERSPACE/DATASETS/CodecFake/train/F03_p257_387.wav,3
/USERSPACE/DATASETS/CodecFake/train/F03_SSB05990142.wav,3
/USERSPACE/DATASETS/CodecFake/train/F03_SSB03940079.wav,3
/USERSPACE/DATASETS/CodecFake/train/F03_p341_285.wav,3
/USERSPACE/DATASETS/CodecFake/train/F03_SSB07170436.wav,3
/USERSPACE/DATASETS/CodecFake/train/F03_SSB05440355.wav,3
/USERSPACE/DATASETS/CodecFake/train/F03_SSB09150328.wav,3
/USERSPACE/DATASETS/CodecFake/train/F03_SSB11610447.wav,3
/USERSPACE/DATASETS/CodecFake/train/F03_p227_256.wav,3
/USERSPACE/DATASETS/CodecFake/train/F03_p232_359.wav,3
/USERSPACE/DATASETS/CodecFake/train/F03_SSB10500404.wav,3
/USERSPACE/DATASETS/CodecFake/train/F03_SSB03940329.wav,3
/USERSPACE/DATASETS/CodecFake/train/F03_SSB06320236.wav,3
/USERSPACE/DATASETS/CodecFake/train/F03_p270_134.wav,3
/USERSPACE/DATASETS/CodecFake/train/F03_p231_309.wav,3
/USERSPACE/DATASETS/CodecFake/train/F03_SSB06310040.wav,3
/USERSPACE/DATASETS/CodecFake/train/F03_SSB01930238.wav,3
/USERSPACE/DATASETS/CodecFake/train/F03_p298_393.wav,3
/USERSPACE/DATASETS/CodecFake/train/F03_p307_146.wav,3
/USERSPACE/DATASETS/CodecFake/train/F03_p269_013.wav,3
/USERSPACE/DATASETS/CodecFake/train/F03_SSB18460368.wav,3
/USERSPACE/DATASETS/CodecFake/train/F03_SSB06310362.wav,3
/USERSPACE/DATASETS/CodecFake/train/F03_SSB03150367.wav,3
/USERSPACE/DATASETS/CodecFake/train/F03_p276_376.wav,3
/USERSPACE/DATASETS/CodecFake/train/F03_p234_238.wav,3
/USERSPACE/DATASETS/CodecFake/train/F03_SSB05880020.wav,3
/USERSPACE/DATASETS/CodecFake/train/F03_SSB05020395.wav,3
/USERSPACE/DATASETS/CodecFake/train/F03_p262_274.wav,3
/USERSPACE/DATASETS/CodecFake/train/F03_SSB07230288.wav,3
/USERSPACE/DATASETS/CodecFake/train/F03_SSB02870250.wav,3
/USERSPACE/DATASETS/CodecFake/train/F03_SSB13400284.wav,3
/USERSPACE/DATASETS/CodecFake/train/F03_SSB19180342.wav,3
/USERSPACE/DATASETS/CodecFake/train/F03_p318_180.wav,3
/USERSPACE/DATASETS/CodecFake/train/F03_p323_380.wav,3
/USERSPACE/DATASETS/CodecFake/train/F03_SSB06660155.wav,3
/USERSPACE/DATASETS/CodecFake/train/F03_p273_193.wav,3
/USERSPACE/DATASETS/CodecFake/train/F03_p314_042.wav,3
/USERSPACE/DATASETS/CodecFake/train/F03_p280_280.wav,3
/USERSPACE/DATASETS/CodecFake/train/F03_SSB07360304.wav,3
/USERSPACE/DATASETS/CodecFake/train/F03_p310_310.wav,3
/USERSPACE/DATASETS/CodecFake/train/F03_SSB07460207.wav,3
/USERSPACE/DATASETS/CodecFake/train/F03_SSB14310302.wav,3
/USERSPACE/DATASETS/CodecFake/train/F03_p314_116.wav,3
/USERSPACE/DATASETS/CodecFake/train/F03_p333_313.wav,3
/USERSPACE/DATASETS/CodecFake/train/F03_SSB00050145.wav,3
/USERSPACE/DATASETS/CodecFake/train/F03_p339_177.wav,3
/USERSPACE/DATASETS/CodecFake/train/F03_SSB03800063.wav,3
/USERSPACE/DATASETS/CodecFake/train/F03_p340_291.wav,3
/USERSPACE/DATASETS/CodecFake/train/F03_SSB00330321.wav,3
/USERSPACE/DATASETS/CodecFake/train/F03_p273_322.wav,3
/USERSPACE/DATASETS/CodecFake/train/F03_SSB15750182.wav,3
/USERSPACE/DATASETS/CodecFake/train/F03_SSB15630290.wav,3
/USERSPACE/DATASETS/CodecFake/train/F03_SSB01970124.wav,3
/USERSPACE/DATASETS/CodecFake/train/F03_SSB19390192.wav,3
/USERSPACE/DATASETS/CodecFake/train/F03_p374_193.wav,3
/USERSPACE/DATASETS/CodecFake/train/F03_p254_074.wav,3
/USERSPACE/DATASETS/CodecFake/train/F03_SSB13920466.wav,3
/USERSPACE/DATASETS/CodecFake/train/F03_p257_139.wav,3
/USERSPACE/DATASETS/CodecFake/train/F03_SSB06660099.wav,3
/USERSPACE/DATASETS/CodecFake/train/F03_SSB10200112.wav,3
/USERSPACE/DATASETS/CodecFake/train/F03_SSB15750092.wav,3
/USERSPACE/DATASETS/CodecFake/train/F03_p252_379.wav,3
/USERSPACE/DATASETS/CodecFake/train/F03_p253_074.wav,3
/USERSPACE/DATASETS/CodecFake/train/F03_SSB07200248.wav,3
/USERSPACE/DATASETS/CodecFake/train/F03_SSB08090231.wav,3
/USERSPACE/DATASETS/CodecFake/train/F03_p310_086.wav,3
/USERSPACE/DATASETS/CodecFake/train/F03_p292_288.wav,3
/USERSPACE/DATASETS/CodecFake/train/F03_SSB12040157.wav,3
/USERSPACE/DATASETS/CodecFake/train/F03_SSB03660337.wav,3
/USERSPACE/DATASETS/CodecFake/train/F03_SSB03420110.wav,3
/USERSPACE/DATASETS/CodecFake/train/F03_SSB03660441.wav,3
/USERSPACE/DATASETS/CodecFake/train/F03_SSB04340437.wav,3
/USERSPACE/DATASETS/CodecFake/train/F03_SSB16250266.wav,3
/USERSPACE/DATASETS/CodecFake/train/F03_SSB00110138.wav,3
/USERSPACE/DATASETS/CodecFake/train/F03_SSB08870139.wav,3
/USERSPACE/DATASETS/CodecFake/train/F03_p297_239.wav,3
/USERSPACE/DATASETS/CodecFake/train/F03_p339_136.wav,3
/USERSPACE/DATASETS/CodecFake/train/F03_SSB04270477.wav,3
/USERSPACE/DATASETS/CodecFake/train/F03_SSB01450407.wav,3
/USERSPACE/DATASETS/CodecFake/train/F03_SSB19560477.wav,3
/USERSPACE/DATASETS/CodecFake/train/F03_SSB04260119.wav,3
/USERSPACE/DATASETS/CodecFake/train/F03_p279_136.wav,3
/USERSPACE/DATASETS/CodecFake/train/F03_SSB08220017.wav,3
/USERSPACE/DATASETS/CodecFake/train/F03_p230_201.wav,3
/USERSPACE/DATASETS/CodecFake/train/F03_SSB07490280.wav,3
/USERSPACE/DATASETS/CodecFake/train/F03_SSB12030008.wav,3
/USERSPACE/DATASETS/CodecFake/train/F03_SSB06310139.wav,3
/USERSPACE/DATASETS/CodecFake/train/F03_SSB12160122.wav,3
/USERSPACE/DATASETS/CodecFake/train/F03_SSB06930049.wav,3
/USERSPACE/DATASETS/CodecFake/train/F03_p362_320.wav,3
/USERSPACE/DATASETS/CodecFake/train/F03_p268_054.wav,3
/USERSPACE/DATASETS/CodecFake/train/F03_SSB04150203.wav,3
/USERSPACE/DATASETS/CodecFake/train/F03_SSB13650234.wav,3
/USERSPACE/DATASETS/CodecFake/train/F03_SSB12390071.wav,3
/USERSPACE/DATASETS/CodecFake/train/F03_p283_431.wav,3
/USERSPACE/DATASETS/CodecFake/train/F03_p278_006.wav,3
/USERSPACE/DATASETS/CodecFake/train/F03_SSB04070118.wav,3
/USERSPACE/DATASETS/CodecFake/train/F03_SSB06140142.wav,3
/USERSPACE/DATASETS/CodecFake/train/F03_SSB00800208.wav,3
/USERSPACE/DATASETS/CodecFake/train/F03_SSB06710338.wav,3
/USERSPACE/DATASETS/CodecFake/train/F03_p275_112.wav,3
/USERSPACE/DATASETS/CodecFake/train/F03_p251_268.wav,3
/USERSPACE/DATASETS/CodecFake/train/F03_SSB13400115.wav,3
/USERSPACE/DATASETS/CodecFake/train/F03_SSB10960191.wav,3
/USERSPACE/DATASETS/CodecFake/train/F03_SSB18780080.wav,3
/USERSPACE/DATASETS/CodecFake/train/F03_SSB05990106.wav,3
/USERSPACE/DATASETS/CodecFake/train/F03_p232_322.wav,3
/USERSPACE/DATASETS/CodecFake/train/F03_p278_078.wav,3
/USERSPACE/DATASETS/CodecFake/train/F03_SSB16070095.wav,3
/USERSPACE/DATASETS/CodecFake/train/F03_p267_415.wav,3
/USERSPACE/DATASETS/CodecFake/train/F03_SSB01120366.wav,3
/USERSPACE/DATASETS/CodecFake/train/F03_p277_373.wav,3
/USERSPACE/DATASETS/CodecFake/train/F03_p283_327.wav,3
/USERSPACE/DATASETS/CodecFake/train/F03_SSB04820008.wav,3
/USERSPACE/DATASETS/CodecFake/train/F03_SSB07860182.wav,3
/USERSPACE/DATASETS/CodecFake/train/F03_p245_070.wav,3
/USERSPACE/DATASETS/CodecFake/train/F03_p343_070.wav,3
/USERSPACE/DATASETS/CodecFake/train/F03_SSB16990388.wav,3
/USERSPACE/DATASETS/CodecFake/train/F03_SSB18910078.wav,3
/USERSPACE/DATASETS/CodecFake/train/F03_SSB06060424.wav,3
/USERSPACE/DATASETS/CodecFake/train/F03_p361_008.wav,3
/USERSPACE/DATASETS/CodecFake/train/F03_SSB06930124.wav,3
/USERSPACE/DATASETS/CodecFake/train/F03_SSB03410024.wav,3
/USERSPACE/DATASETS/CodecFake/train/F03_SSB11250496.wav,3
/USERSPACE/DATASETS/CodecFake/train/F03_SSB05390438.wav,3
/USERSPACE/DATASETS/CodecFake/train/F03_SSB01390465.wav,3
/USERSPACE/DATASETS/CodecFake/train/F03_SSB03540012.wav,3
/USERSPACE/DATASETS/CodecFake/train/F03_p259_467.wav,3
/USERSPACE/DATASETS/CodecFake/train/F03_p304_345.wav,3
/USERSPACE/DATASETS/CodecFake/train/F03_SSB00050135.wav,3
/USERSPACE/DATASETS/CodecFake/train/F03_SSB16500305.wav,3
/USERSPACE/DATASETS/CodecFake/train/F03_p259_477.wav,3
/USERSPACE/DATASETS/CodecFake/train/F03_SSB14310307.wav,3
/USERSPACE/DATASETS/CodecFake/train/F03_SSB00430018.wav,3
/USERSPACE/DATASETS/CodecFake/train/F03_p343_208.wav,3
/USERSPACE/DATASETS/CodecFake/train/F03_p247_355.wav,3
/USERSPACE/DATASETS/CodecFake/train/F03_p258_046.wav,3
/USERSPACE/DATASETS/CodecFake/train/F03_SSB04270164.wav,3
/USERSPACE/DATASETS/CodecFake/train/F03_p318_272.wav,3
/USERSPACE/DATASETS/CodecFake/train/F03_SSB16700290.wav,3
/USERSPACE/DATASETS/CodecFake/train/F03_SSB18630077.wav,3
/USERSPACE/DATASETS/CodecFake/train/F03_SSB06060354.wav,3
/USERSPACE/DATASETS/CodecFake/train/F03_p230_240.wav,3
/USERSPACE/DATASETS/CodecFake/train/F03_SSB04340076.wav,3
/USERSPACE/DATASETS/CodecFake/train/F03_p281_159.wav,3
/USERSPACE/DATASETS/CodecFake/train/F03_SSB03930443.wav,3
/USERSPACE/DATASETS/CodecFake/train/F03_SSB05700127.wav,3
/USERSPACE/DATASETS/CodecFake/train/F03_p339_292.wav,3
/USERSPACE/DATASETS/CodecFake/train/F03_SSB05440266.wav,3
/USERSPACE/DATASETS/CodecFake/train/F03_SSB10560437.wav,3
/USERSPACE/DATASETS/CodecFake/train/F03_p228_238.wav,3
/USERSPACE/DATASETS/CodecFake/train/F03_p257_245.wav,3
/USERSPACE/DATASETS/CodecFake/train/F03_SSB02460279.wav,3
/USERSPACE/DATASETS/CodecFake/train/F03_SSB12740170.wav,3
/USERSPACE/DATASETS/CodecFake/train/F03_p243_071.wav,3
/USERSPACE/DATASETS/CodecFake/train/F03_SSB07480190.wav,3
/USERSPACE/DATASETS/CodecFake/train/F03_SSB18280094.wav,3
/USERSPACE/DATASETS/CodecFake/train/F03_SSB12030164.wav,3
/USERSPACE/DATASETS/CodecFake/train/F03_SSB15750127.wav,3
/USERSPACE/DATASETS/CodecFake/train/F03_SSB06660166.wav,3
/USERSPACE/DATASETS/CodecFake/train/F03_SSB05340238.wav,3
/USERSPACE/DATASETS/CodecFake/train/F03_p233_224.wav,3
/USERSPACE/DATASETS/CodecFake/train/F03_p312_253.wav,3
/USERSPACE/DATASETS/CodecFake/train/F03_SSB07160406.wav,3
/USERSPACE/DATASETS/CodecFake/train/F03_SSB07860049.wav,3
/USERSPACE/DATASETS/CodecFake/train/F03_SSB12150419.wav,3
/USERSPACE/DATASETS/CodecFake/train/F03_p329_013.wav,3
/USERSPACE/DATASETS/CodecFake/train/F03_SSB18320463.wav,3
/USERSPACE/DATASETS/CodecFake/train/F03_SSB19180112.wav,3
/USERSPACE/DATASETS/CodecFake/train/F03_SSB00090438.wav,3
/USERSPACE/DATASETS/CodecFake/train/F03_p300_116.wav,3
/USERSPACE/DATASETS/CodecFake/train/F03_SSB03930426.wav,3
/USERSPACE/DATASETS/CodecFake/train/F03_SSB05340326.wav,3
/USERSPACE/DATASETS/CodecFake/train/F03_SSB03540465.wav,3
/USERSPACE/DATASETS/CodecFake/train/F03_SSB04820368.wav,3
/USERSPACE/DATASETS/CodecFake/train/F03_SSB05990166.wav,3
/USERSPACE/DATASETS/CodecFake/train/F03_SSB00050186.wav,3
/USERSPACE/DATASETS/CodecFake/train/F03_SSB06930463.wav,3
/USERSPACE/DATASETS/CodecFake/train/F03_p305_267.wav,3
/USERSPACE/DATASETS/CodecFake/train/F03_SSB12530327.wav,3
/USERSPACE/DATASETS/CodecFake/train/F03_p313_025.wav,3
/USERSPACE/DATASETS/CodecFake/train/F03_SSB15750391.wav,3
/USERSPACE/DATASETS/CodecFake/train/F03_p376_035.wav,3
/USERSPACE/DATASETS/CodecFake/train/F03_SSB06320125.wav,3
/USERSPACE/DATASETS/CodecFake/train/F03_p295_237.wav,3
/USERSPACE/DATASETS/CodecFake/train/F03_SSB10240161.wav,3
/USERSPACE/DATASETS/CodecFake/train/F03_SSB00120255.wav,3
/USERSPACE/DATASETS/CodecFake/train/F03_SSB01220441.wav,3
/USERSPACE/DATASETS/CodecFake/train/F03_SSB07370276.wav,3
/USERSPACE/DATASETS/CodecFake/train/F03_SSB14480206.wav,3
/USERSPACE/DATASETS/CodecFake/train/F03_SSB05940197.wav,3
/USERSPACE/DATASETS/CodecFake/train/F03_SSB00110130.wav,3
/USERSPACE/DATASETS/CodecFake/train/F03_p341_218.wav,3
/USERSPACE/DATASETS/CodecFake/train/F03_SSB07160464.wav,3
/USERSPACE/DATASETS/CodecFake/train/F03_SSB02730248.wav,3
/USERSPACE/DATASETS/CodecFake/train/F03_p247_413.wav,3
/USERSPACE/DATASETS/CodecFake/train/F03_SSB07160010.wav,3
/USERSPACE/DATASETS/CodecFake/train/F03_SSB03660478.wav,3
/USERSPACE/DATASETS/CodecFake/train/F03_SSB13220076.wav,3
/USERSPACE/DATASETS/CodecFake/train/F03_SSB00090509.wav,3
/USERSPACE/DATASETS/CodecFake/train/F03_SSB03090263.wav,3
/USERSPACE/DATASETS/CodecFake/train/F03_SSB11760053.wav,3
/USERSPACE/DATASETS/CodecFake/train/F03_p250_341.wav,3
/USERSPACE/DATASETS/CodecFake/train/F03_SSB07490189.wav,3
/USERSPACE/DATASETS/CodecFake/train/F03_SSB01120320.wav,3
/USERSPACE/DATASETS/CodecFake/train/F03_p336_010.wav,3
/USERSPACE/DATASETS/CodecFake/train/F03_p305_269.wav,3
/USERSPACE/DATASETS/CodecFake/train/F03_SSB03410487.wav,3
/USERSPACE/DATASETS/CodecFake/train/F03_SSB16070460.wav,3
/USERSPACE/DATASETS/CodecFake/train/F03_SSB14020316.wav,3
/USERSPACE/DATASETS/CodecFake/train/F03_SSB18910163.wav,3
/USERSPACE/DATASETS/CodecFake/train/F03_SSB11870157.wav,3
/USERSPACE/DATASETS/CodecFake/train/F03_p326_273.wav,3
/USERSPACE/DATASETS/CodecFake/train/F03_SSB03160138.wav,3
/USERSPACE/DATASETS/CodecFake/train/F03_SSB01450118.wav,3
/USERSPACE/DATASETS/CodecFake/train/F03_SSB00090410.wav,3
/USERSPACE/DATASETS/CodecFake/train/F03_SSB03390017.wav,3
/USERSPACE/DATASETS/CodecFake/train/F03_SSB18630124.wav,3
/USERSPACE/DATASETS/CodecFake/train/F03_SSB00330491.wav,3
/USERSPACE/DATASETS/CodecFake/train/F03_SSB11000478.wav,3
/USERSPACE/DATASETS/CodecFake/train/F03_SSB06660248.wav,3
/USERSPACE/DATASETS/CodecFake/train/F03_SSB03150029.wav,3
/USERSPACE/DATASETS/CodecFake/train/F03_SSB10560464.wav,3
/USERSPACE/DATASETS/CodecFake/train/F03_SSB02870365.wav,3
/USERSPACE/DATASETS/CodecFake/train/F03_SSB00800267.wav,3
/USERSPACE/DATASETS/CodecFake/train/F03_p227_290.wav,3
/USERSPACE/DATASETS/CodecFake/train/F03_p303_346.wav,3
/USERSPACE/DATASETS/CodecFake/train/F03_p376_159.wav,3
/USERSPACE/DATASETS/CodecFake/train/F03_SSB10560375.wav,3
/USERSPACE/DATASETS/CodecFake/train/F03_SSB16500140.wav,3
/USERSPACE/DATASETS/CodecFake/train/F03_SSB01120144.wav,3
/USERSPACE/DATASETS/CodecFake/train/F03_SSB14520162.wav,3
/USERSPACE/DATASETS/CodecFake/train/F03_p364_216.wav,3
/USERSPACE/DATASETS/CodecFake/train/F03_SSB13920364.wav,3
/USERSPACE/DATASETS/CodecFake/train/F03_p269_296.wav,3
/USERSPACE/DATASETS/CodecFake/train/F03_p302_219.wav,3
/USERSPACE/DATASETS/CodecFake/train/F03_p286_277.wav,3
/USERSPACE/DATASETS/CodecFake/train/F03_p248_161.wav,3
/USERSPACE/DATASETS/CodecFake/train/F03_SSB10000205.wav,3
/USERSPACE/DATASETS/CodecFake/train/F03_SSB10960164.wav,3
/USERSPACE/DATASETS/CodecFake/train/F03_SSB04070498.wav,3
/USERSPACE/DATASETS/CodecFake/train/F03_p232_106.wav,3
/USERSPACE/DATASETS/CodecFake/train/F03_SSB02000402.wav,3
/USERSPACE/DATASETS/CodecFake/train/F03_p236_211.wav,3
/USERSPACE/DATASETS/CodecFake/train/F03_SSB03380124.wav,3
/USERSPACE/DATASETS/CodecFake/train/F03_SSB04070444.wav,3
/USERSPACE/DATASETS/CodecFake/train/F03_SSB12190315.wav,3
/USERSPACE/DATASETS/CodecFake/train/F03_SSB17450473.wav,3
/USERSPACE/DATASETS/CodecFake/train/F03_p281_344.wav,3
/USERSPACE/DATASETS/CodecFake/train/F03_SSB03070201.wav,3
/USERSPACE/DATASETS/CodecFake/train/F03_SSB18320050.wav,3
/USERSPACE/DATASETS/CodecFake/train/F03_SSB07230001.wav,3
/USERSPACE/DATASETS/CodecFake/train/F03_SSB07620286.wav,3
/USERSPACE/DATASETS/CodecFake/train/F03_SSB05780301.wav,3
/USERSPACE/DATASETS/CodecFake/train/F03_p293_269.wav,3
/USERSPACE/DATASETS/CodecFake/train/F03_p341_146.wav,3
/USERSPACE/DATASETS/CodecFake/train/F03_SSB05340490.wav,3
/USERSPACE/DATASETS/CodecFake/train/F03_p274_370.wav,3
/USERSPACE/DATASETS/CodecFake/train/F03_SSB14570285.wav,3
/USERSPACE/DATASETS/CodecFake/train/F03_p297_009.wav,3
/USERSPACE/DATASETS/CodecFake/train/F03_SSB12030331.wav,3
/USERSPACE/DATASETS/CodecFake/train/F03_SSB11970030.wav,3
/USERSPACE/DATASETS/CodecFake/train/F03_p253_354.wav,3
/USERSPACE/DATASETS/CodecFake/train/F03_p236_359.wav,3
/USERSPACE/DATASETS/CodecFake/train/F03_p247_223.wav,3
/USERSPACE/DATASETS/CodecFake/train/F03_p255_067.wav,3
/USERSPACE/DATASETS/CodecFake/train/F03_p293_224.wav,3
/USERSPACE/DATASETS/CodecFake/train/F03_p252_101.wav,3
/USERSPACE/DATASETS/CodecFake/train/F03_SSB07360407.wav,3
/USERSPACE/DATASETS/CodecFake/train/F03_SSB12190499.wav,3
/USERSPACE/DATASETS/CodecFake/train/F03_p249_321.wav,3
/USERSPACE/DATASETS/CodecFake/train/F03_SSB11350193.wav,3
/USERSPACE/DATASETS/CodecFake/train/F03_p334_373.wav,3
/USERSPACE/DATASETS/CodecFake/train/F03_p316_311.wav,3
/USERSPACE/DATASETS/CodecFake/train/F03_SSB14480026.wav,3
/USERSPACE/DATASETS/CodecFake/train/F03_SSB17810413.wav,3
/USERSPACE/DATASETS/CodecFake/train/F03_SSB07200372.wav,3
/USERSPACE/DATASETS/CodecFake/train/F03_SSB07100131.wav,3
/USERSPACE/DATASETS/CodecFake/train/F03_p294_013.wav,3
/USERSPACE/DATASETS/CodecFake/train/F03_SSB06660492.wav,3
/USERSPACE/DATASETS/CodecFake/train/F03_SSB05900375.wav,3
/USERSPACE/DATASETS/CodecFake/train/F03_SSB01120460.wav,3
/USERSPACE/DATASETS/CodecFake/train/F03_SSB03390154.wav,3
/USERSPACE/DATASETS/CodecFake/train/F03_SSB05020263.wav,3
/USERSPACE/DATASETS/CodecFake/train/F03_p270_456.wav,3
/USERSPACE/DATASETS/CodecFake/train/F03_SSB01330111.wav,3
/USERSPACE/DATASETS/CodecFake/train/F03_p286_323.wav,3
/USERSPACE/DATASETS/CodecFake/train/F03_SSB00330018.wav,3
/USERSPACE/DATASETS/CodecFake/train/F03_SSB05700113.wav,3
/USERSPACE/DATASETS/CodecFake/train/F03_SSB08510464.wav,3
/USERSPACE/DATASETS/CodecFake/train/F03_SSB00180358.wav,3
/USERSPACE/DATASETS/CodecFake/train/F03_SSB07800292.wav,3
/USERSPACE/DATASETS/CodecFake/train/F03_SSB07000084.wav,3
/USERSPACE/DATASETS/CodecFake/train/F03_SSB07490031.wav,3
/USERSPACE/DATASETS/CodecFake/train/F03_p260_188.wav,3
/USERSPACE/DATASETS/CodecFake/train/F03_p330_156.wav,3
/USERSPACE/DATASETS/CodecFake/train/F03_p228_142.wav,3
/USERSPACE/DATASETS/CodecFake/train/F03_SSB19350054.wav,3
/USERSPACE/DATASETS/CodecFake/train/F03_p278_054.wav,3
/USERSPACE/DATASETS/CodecFake/train/F03_SSB05020020.wav,3
/USERSPACE/DATASETS/CodecFake/train/F03_p295_317.wav,3
/USERSPACE/DATASETS/CodecFake/train/F03_SSB05650439.wav,3
/USERSPACE/DATASETS/CodecFake/train/F03_SSB10200509.wav,3
/USERSPACE/DATASETS/CodecFake/train/F03_SSB07580353.wav,3
/USERSPACE/DATASETS/CodecFake/train/F03_SSB13200116.wav,3
/USERSPACE/DATASETS/CodecFake/train/F03_SSB13200360.wav,3
/USERSPACE/DATASETS/CodecFake/train/F03_p314_349.wav,3
/USERSPACE/DATASETS/CodecFake/train/F03_p340_311.wav,3
/USERSPACE/DATASETS/CodecFake/train/F03_SSB12390180.wav,3
/USERSPACE/DATASETS/CodecFake/train/F03_p308_146.wav,3
/USERSPACE/DATASETS/CodecFake/train/F03_SSB05880255.wav,3
/USERSPACE/DATASETS/CodecFake/train/F03_p315_121.wav,3
/USERSPACE/DATASETS/CodecFake/train/F03_SSB10910116.wav,3
/USERSPACE/DATASETS/CodecFake/train/F03_p284_075.wav,3
/USERSPACE/DATASETS/CodecFake/train/F03_SSB07480187.wav,3
/USERSPACE/DATASETS/CodecFake/train/F03_p262_185.wav,3
/USERSPACE/DATASETS/CodecFake/train/F03_SSB17810152.wav,3
/USERSPACE/DATASETS/CodecFake/train/F03_p281_060.wav,3
/USERSPACE/DATASETS/CodecFake/train/F03_SSB15930235.wav,3
/USERSPACE/DATASETS/CodecFake/train/F03_SSB12160123.wav,3
/USERSPACE/DATASETS/CodecFake/train/F03_SSB07940470.wav,3
/USERSPACE/DATASETS/CodecFake/train/F03_SSB00120504.wav,3
/USERSPACE/DATASETS/CodecFake/train/F03_SSB15550422.wav,3
/USERSPACE/DATASETS/CodecFake/train/F03_SSB01390137.wav,3
/USERSPACE/DATASETS/CodecFake/train/F03_p314_376.wav,3
/USERSPACE/DATASETS/CodecFake/train/F03_SSB06090274.wav,3
/USERSPACE/DATASETS/CodecFake/train/F03_p268_039.wav,3
/USERSPACE/DATASETS/CodecFake/train/F03_p251_337.wav,3
/USERSPACE/DATASETS/CodecFake/train/F03_p280_315.wav,3
/USERSPACE/DATASETS/CodecFake/train/F03_p263_341.wav,3
/USERSPACE/DATASETS/CodecFake/train/F03_SSB18910439.wav,3
/USERSPACE/DATASETS/CodecFake/train/F03_SSB01970149.wav,3
/USERSPACE/DATASETS/CodecFake/train/F03_p305_011.wav,3
/USERSPACE/DATASETS/CodecFake/train/F03_SSB03230351.wav,3
/USERSPACE/DATASETS/CodecFake/train/F03_SSB00160146.wav,3
/USERSPACE/DATASETS/CodecFake/train/F03_SSB06010098.wav,3
/USERSPACE/DATASETS/CodecFake/train/F03_p305_207.wav,3
/USERSPACE/DATASETS/CodecFake/train/F03_SSB16250410.wav,3
/USERSPACE/DATASETS/CodecFake/train/F03_SSB18370362.wav,3
/USERSPACE/DATASETS/CodecFake/train/F03_p255_292.wav,3
/USERSPACE/DATASETS/CodecFake/train/F03_SSB02670494.wav,3
/USERSPACE/DATASETS/CodecFake/train/F03_p287_165.wav,3
/USERSPACE/DATASETS/CodecFake/train/F03_SSB11350283.wav,3
/USERSPACE/DATASETS/CodecFake/train/F03_SSB07600437.wav,3
/USERSPACE/DATASETS/CodecFake/train/F03_SSB12160393.wav,3
/USERSPACE/DATASETS/CodecFake/train/F03_SSB07110426.wav,3
/USERSPACE/DATASETS/CodecFake/train/F03_p312_276.wav,3
/USERSPACE/DATASETS/CodecFake/train/F03_p345_235.wav,3
/USERSPACE/DATASETS/CodecFake/train/F03_p360_018.wav,3
/USERSPACE/DATASETS/CodecFake/train/F03_SSB07110444.wav,3
/USERSPACE/DATASETS/CodecFake/train/F03_p247_228.wav,3
/USERSPACE/DATASETS/CodecFake/train/F03_p249_265.wav,3
/USERSPACE/DATASETS/CodecFake/train/F03_SSB13220168.wav,3
/USERSPACE/DATASETS/CodecFake/train/F03_SSB11150108.wav,3
/USERSPACE/DATASETS/CodecFake/train/F03_SSB00160395.wav,3
/USERSPACE/DATASETS/CodecFake/train/F03_p336_283.wav,3
/USERSPACE/DATASETS/CodecFake/train/F03_SSB01120313.wav,3
/USERSPACE/DATASETS/CodecFake/train/F03_SSB13200436.wav,3
/USERSPACE/DATASETS/CodecFake/train/F03_p272_067.wav,3
/USERSPACE/DATASETS/CodecFake/train/F03_SSB07840046.wav,3
/USERSPACE/DATASETS/CodecFake/train/F03_p263_408.wav,3
/USERSPACE/DATASETS/CodecFake/train/F03_SSB07480042.wav,3
/USERSPACE/DATASETS/CodecFake/train/F03_p304_092.wav,3
/USERSPACE/DATASETS/CodecFake/train/F03_p236_346.wav,3
/USERSPACE/DATASETS/CodecFake/train/F03_SSB11870037.wav,3
/USERSPACE/DATASETS/CodecFake/train/F03_p310_034.wav,3
/USERSPACE/DATASETS/CodecFake/train/F03_SSB07580125.wav,3
/USERSPACE/DATASETS/CodecFake/train/F03_SSB11000151.wav,3
/USERSPACE/DATASETS/CodecFake/train/F03_SSB06680018.wav,3
/USERSPACE/DATASETS/CodecFake/train/F03_SSB06030116.wav,3
/USERSPACE/DATASETS/CodecFake/train/F03_SSB03940478.wav,3
/USERSPACE/DATASETS/CodecFake/train/F03_SSB05900073.wav,3
/USERSPACE/DATASETS/CodecFake/train/F03_SSB05700149.wav,3
/USERSPACE/DATASETS/CodecFake/train/F03_SSB06030039.wav,3
/USERSPACE/DATASETS/CodecFake/train/F03_SSB03750290.wav,3
/USERSPACE/DATASETS/CodecFake/train/F03_SSB07510315.wav,3
/USERSPACE/DATASETS/CodecFake/train/F03_p300_129.wav,3
/USERSPACE/DATASETS/CodecFake/train/F03_SSB07620070.wav,3
/USERSPACE/DATASETS/CodecFake/train/F03_SSB00160193.wav,3
/USERSPACE/DATASETS/CodecFake/train/F03_SSB03540432.wav,3
/USERSPACE/DATASETS/CodecFake/train/F03_SSB03090142.wav,3
/USERSPACE/DATASETS/CodecFake/train/F03_p362_027.wav,3
/USERSPACE/DATASETS/CodecFake/train/F03_SSB07360188.wav,3
/USERSPACE/DATASETS/CodecFake/train/F03_SSB11350285.wav,3
/USERSPACE/DATASETS/CodecFake/train/F03_p274_373.wav,3
/USERSPACE/DATASETS/CodecFake/train/F03_SSB11870366.wav,3
/USERSPACE/DATASETS/CodecFake/train/F03_SSB11250016.wav,3
/USERSPACE/DATASETS/CodecFake/train/F03_SSB13400281.wav,3
/USERSPACE/DATASETS/CodecFake/train/F03_SSB09190431.wav,3
/USERSPACE/DATASETS/CodecFake/train/F03_SSB00160108.wav,3
/USERSPACE/DATASETS/CodecFake/train/F03_SSB13830124.wav,3
/USERSPACE/DATASETS/CodecFake/train/F03_SSB07110316.wav,3
/USERSPACE/DATASETS/CodecFake/train/F03_SSB19560346.wav,3
/USERSPACE/DATASETS/CodecFake/train/F03_p276_115.wav,3
/USERSPACE/DATASETS/CodecFake/train/F03_SSB09660329.wav,3
/USERSPACE/DATASETS/CodecFake/train/F03_SSB07170502.wav,3
/USERSPACE/DATASETS/CodecFake/train/F03_SSB19180285.wav,3
/USERSPACE/DATASETS/CodecFake/train/F03_SSB00730070.wav,3
/USERSPACE/DATASETS/CodecFake/train/F03_p335_404.wav,3
/USERSPACE/DATASETS/CodecFake/train/F03_p302_081.wav,3
/USERSPACE/DATASETS/CodecFake/train/F03_p273_085.wav,3
/USERSPACE/DATASETS/CodecFake/train/F03_SSB00180059.wav,3
/USERSPACE/DATASETS/CodecFake/train/F03_p310_383.wav,3
/USERSPACE/DATASETS/CodecFake/train/F03_SSB09150161.wav,3
/USERSPACE/DATASETS/CodecFake/train/F03_SSB12530046.wav,3
/USERSPACE/DATASETS/CodecFake/train/F03_SSB03850231.wav,3
/USERSPACE/DATASETS/CodecFake/train/F03_p244_326.wav,3
/USERSPACE/DATASETS/CodecFake/train/F03_SSB06930091.wav,3
/USERSPACE/DATASETS/CodecFake/train/F03_SSB15630458.wav,3
/USERSPACE/DATASETS/CodecFake/train/F03_SSB07600394.wav,3
/USERSPACE/DATASETS/CodecFake/train/F03_SSB03850264.wav,3
/USERSPACE/DATASETS/CodecFake/train/F03_p260_082.wav,3
/USERSPACE/DATASETS/CodecFake/train/F03_SSB03800250.wav,3
/USERSPACE/DATASETS/CodecFake/train/F03_SSB09870058.wav,3
/USERSPACE/DATASETS/CodecFake/train/F03_SSB14370435.wav,3
/USERSPACE/DATASETS/CodecFake/train/F03_SSB03850300.wav,3
/USERSPACE/DATASETS/CodecFake/train/F03_SSB14480365.wav,3
/USERSPACE/DATASETS/CodecFake/train/F03_SSB05340210.wav,3
/USERSPACE/DATASETS/CodecFake/train/F03_SSB01330336.wav,3
/USERSPACE/DATASETS/CodecFake/train/F03_SSB00570366.wav,3
/USERSPACE/DATASETS/CodecFake/train/F03_SSB09130115.wav,3
/USERSPACE/DATASETS/CodecFake/train/F03_p313_369.wav,3
/USERSPACE/DATASETS/CodecFake/train/F03_p293_394.wav,3
/USERSPACE/DATASETS/CodecFake/train/F03_SSB11360258.wav,3
/USERSPACE/DATASETS/CodecFake/train/F03_SSB07000396.wav,3
/USERSPACE/DATASETS/CodecFake/train/F03_p257_392.wav,3
/USERSPACE/DATASETS/CodecFake/train/F03_SSB06310484.wav,3
/USERSPACE/DATASETS/CodecFake/train/F03_SSB02000338.wav,3
/USERSPACE/DATASETS/CodecFake/train/F03_SSB17810088.wav,3
/USERSPACE/DATASETS/CodecFake/train/F03_p345_360.wav,3
/USERSPACE/DATASETS/CodecFake/train/F03_p318_186.wav,3
/USERSPACE/DATASETS/CodecFake/train/F03_p339_296.wav,3
/USERSPACE/DATASETS/CodecFake/train/F03_SSB09130094.wav,3
/USERSPACE/DATASETS/CodecFake/train/F03_SSB00730041.wav,3
/USERSPACE/DATASETS/CodecFake/train/F03_p376_241.wav,3
/USERSPACE/DATASETS/CodecFake/train/F03_p284_323.wav,3
/USERSPACE/DATASETS/CodecFake/train/F03_p266_037.wav,3
/USERSPACE/DATASETS/CodecFake/train/F03_SSB07020465.wav,3
/USERSPACE/DATASETS/CodecFake/train/F03_SSB12160267.wav,3
/USERSPACE/DATASETS/CodecFake/train/F03_SSB03930290.wav,3
/USERSPACE/DATASETS/CodecFake/train/F03_SSB04340328.wav,3
/USERSPACE/DATASETS/CodecFake/train/F03_SSB18630459.wav,3
/USERSPACE/DATASETS/CodecFake/train/F03_p305_422.wav,3
/USERSPACE/DATASETS/CodecFake/train/F03_p245_222.wav,3
/USERSPACE/DATASETS/CodecFake/train/F03_SSB00160106.wav,3
/USERSPACE/DATASETS/CodecFake/train/F03_p263_230.wav,3
/USERSPACE/DATASETS/CodecFake/train/F03_SSB01330176.wav,3
/USERSPACE/DATASETS/CodecFake/train/F03_SSB05350349.wav,3
/USERSPACE/DATASETS/CodecFake/train/F03_p263_259.wav,3
/USERSPACE/DATASETS/CodecFake/train/F03_SSB06030239.wav,3
/USERSPACE/DATASETS/CodecFake/train/F03_p225_158.wav,3
/USERSPACE/DATASETS/CodecFake/train/F03_p252_375.wav,3
/USERSPACE/DATASETS/CodecFake/train/F03_SSB00800135.wav,3
/USERSPACE/DATASETS/CodecFake/train/F03_SSB14480264.wav,3
/USERSPACE/DATASETS/CodecFake/train/F03_SSB03750046.wav,3
/USERSPACE/DATASETS/CodecFake/train/F03_SSB02670266.wav,3
/USERSPACE/DATASETS/CodecFake/train/F03_SSB15630114.wav,3
/USERSPACE/DATASETS/CodecFake/train/F03_p261_360.wav,3
/USERSPACE/DATASETS/CodecFake/train/F03_SSB05940254.wav,3
/USERSPACE/DATASETS/CodecFake/train/F03_SSB03160384.wav,3
/USERSPACE/DATASETS/CodecFake/train/F03_p246_189.wav,3
/USERSPACE/DATASETS/CodecFake/train/F03_p318_048.wav,3
/USERSPACE/DATASETS/CodecFake/train/F03_SSB13200042.wav,3
/USERSPACE/DATASETS/CodecFake/train/F03_SSB05900185.wav,3
/USERSPACE/DATASETS/CodecFake/train/F03_p313_384.wav,3
/USERSPACE/DATASETS/CodecFake/train/F03_p271_328.wav,3
/USERSPACE/DATASETS/CodecFake/train/F03_SSB07860360.wav,3
/USERSPACE/DATASETS/CodecFake/train/F03_SSB03090323.wav,3
/USERSPACE/DATASETS/CodecFake/train/F03_SSB11310359.wav,3
/USERSPACE/DATASETS/CodecFake/train/F03_SSB03230046.wav,3
/USERSPACE/DATASETS/CodecFake/train/F03_SSB04820173.wav,3
/USERSPACE/DATASETS/CodecFake/train/F03_SSB18630445.wav,3
/USERSPACE/DATASETS/CodecFake/train/F03_SSB11150003.wav,3
/USERSPACE/DATASETS/CodecFake/train/F03_SSB12530129.wav,3
/USERSPACE/DATASETS/CodecFake/train/F03_SSB06070249.wav,3
/USERSPACE/DATASETS/CodecFake/train/F03_SSB07510469.wav,3
/USERSPACE/DATASETS/CodecFake/train/F03_p263_352.wav,3
/USERSPACE/DATASETS/CodecFake/train/F03_SSB05340383.wav,3
/USERSPACE/DATASETS/CodecFake/train/F03_SSB16240325.wav,3
/USERSPACE/DATASETS/CodecFake/train/F03_p232_159.wav,3
/USERSPACE/DATASETS/CodecFake/train/F03_p312_106.wav,3
/USERSPACE/DATASETS/CodecFake/train/F03_SSB14080392.wav,3
/USERSPACE/DATASETS/CodecFake/train/F03_SSB16250253.wav,3
/USERSPACE/DATASETS/CodecFake/train/F03_SSB03660244.wav,3
/USERSPACE/DATASETS/CodecFake/train/F03_p297_324.wav,3
/USERSPACE/DATASETS/CodecFake/train/F03_SSB10010336.wav,3
/USERSPACE/DATASETS/CodecFake/train/F03_SSB11380253.wav,3
/USERSPACE/DATASETS/CodecFake/train/F03_p267_294.wav,3
/USERSPACE/DATASETS/CodecFake/train/F03_p254_068.wav,3
/USERSPACE/DATASETS/CodecFake/train/F03_SSB03410341.wav,3
/USERSPACE/DATASETS/CodecFake/train/F03_SSB18280434.wav,3
/USERSPACE/DATASETS/CodecFake/train/F03_SSB06230044.wav,3
/USERSPACE/DATASETS/CodecFake/train/F03_SSB14080323.wav,3
/USERSPACE/DATASETS/CodecFake/train/F03_p345_226.wav,3
/USERSPACE/DATASETS/CodecFake/train/F03_p306_322.wav,3
/USERSPACE/DATASETS/CodecFake/train/F03_SSB03390201.wav,3
/USERSPACE/DATASETS/CodecFake/train/F03_p343_163.wav,3
/USERSPACE/DATASETS/CodecFake/train/F03_p265_038.wav,3
/USERSPACE/DATASETS/CodecFake/train/F03_p303_290.wav,3
/USERSPACE/DATASETS/CodecFake/train/F03_SSB05700097.wav,3
/USERSPACE/DATASETS/CodecFake/train/F03_p361_265.wav,3
/USERSPACE/DATASETS/CodecFake/train/F03_p268_354.wav,3
/USERSPACE/DATASETS/CodecFake/train/F03_p244_352.wav,3
/USERSPACE/DATASETS/CodecFake/train/F03_p272_394.wav,3
/USERSPACE/DATASETS/CodecFake/train/F03_SSB07780044.wav,3
/USERSPACE/DATASETS/CodecFake/train/F03_p315_171.wav,3
/USERSPACE/DATASETS/CodecFake/train/F03_SSB03940305.wav,3
/USERSPACE/DATASETS/CodecFake/train/F03_p323_349.wav,3
/USERSPACE/DATASETS/CodecFake/train/F03_SSB03410096.wav,3
/USERSPACE/DATASETS/CodecFake/train/F03_p310_390.wav,3
/USERSPACE/DATASETS/CodecFake/train/F03_SSB03410255.wav,3
/USERSPACE/DATASETS/CodecFake/train/F03_SSB00330007.wav,3
/USERSPACE/DATASETS/CodecFake/train/F03_SSB13850132.wav,3
/USERSPACE/DATASETS/CodecFake/train/F03_SSB03820017.wav,3
/USERSPACE/DATASETS/CodecFake/train/F03_p282_036.wav,3
/USERSPACE/DATASETS/CodecFake/train/F03_SSB10720191.wav,3
/USERSPACE/DATASETS/CodecFake/train/F03_p272_033.wav,3
/USERSPACE/DATASETS/CodecFake/train/F03_SSB04350279.wav,3
/USERSPACE/DATASETS/CodecFake/train/F03_p263_426.wav,3
/USERSPACE/DATASETS/CodecFake/train/F03_p329_033.wav,3
/USERSPACE/DATASETS/CodecFake/train/F03_p306_169.wav,3
/USERSPACE/DATASETS/CodecFake/train/F03_p254_154.wav,3
/USERSPACE/DATASETS/CodecFake/train/F03_SSB18320025.wav,3
/USERSPACE/DATASETS/CodecFake/train/F03_SSB01930217.wav,3
/USERSPACE/DATASETS/CodecFake/train/F03_p240_030.wav,3
/USERSPACE/DATASETS/CodecFake/train/F03_SSB18630114.wav,3
/USERSPACE/DATASETS/CodecFake/train/F03_SSB18910481.wav,3
/USERSPACE/DATASETS/CodecFake/train/F03_SSB06320223.wav,3
/USERSPACE/DATASETS/CodecFake/train/F03_p304_159.wav,3
/USERSPACE/DATASETS/CodecFake/train/F03_p231_098.wav,3
/USERSPACE/DATASETS/CodecFake/train/F03_p279_116.wav,3
/USERSPACE/DATASETS/CodecFake/train/F03_p233_250.wav,3
/USERSPACE/DATASETS/CodecFake/train/F03_SSB07510399.wav,3
/USERSPACE/DATASETS/CodecFake/train/F03_p244_153.wav,3
/USERSPACE/DATASETS/CodecFake/train/F03_SSB08220273.wav,3
/USERSPACE/DATASETS/CodecFake/train/F03_SSB15750471.wav,3
/USERSPACE/DATASETS/CodecFake/train/F03_p246_137.wav,3
/USERSPACE/DATASETS/CodecFake/train/F03_SSB02730326.wav,3
/USERSPACE/DATASETS/CodecFake/train/F03_p360_419.wav,3
/USERSPACE/DATASETS/CodecFake/train/F03_SSB10550167.wav,3
/USERSPACE/DATASETS/CodecFake/train/F03_p247_394.wav,3
/USERSPACE/DATASETS/CodecFake/train/F03_SSB15630111.wav,3
/USERSPACE/DATASETS/CodecFake/train/F03_p273_196.wav,3
/USERSPACE/DATASETS/CodecFake/train/F03_SSB06140489.wav,3
/USERSPACE/DATASETS/CodecFake/train/F03_p303_018.wav,3
/USERSPACE/DATASETS/CodecFake/train/F03_SSB06310144.wav,3
/USERSPACE/DATASETS/CodecFake/train/F03_SSB03800002.wav,3
/USERSPACE/DATASETS/CodecFake/train/F03_SSB03380293.wav,3
/USERSPACE/DATASETS/CodecFake/train/F03_SSB07480461.wav,3
/USERSPACE/DATASETS/CodecFake/train/F03_p269_017.wav,3
/USERSPACE/DATASETS/CodecFake/train/F03_SSB04260162.wav,3
/USERSPACE/DATASETS/CodecFake/train/F03_SSB06060057.wav,3
/USERSPACE/DATASETS/CodecFake/train/F03_p241_030.wav,3
/USERSPACE/DATASETS/CodecFake/train/F03_p293_363.wav,3
/USERSPACE/DATASETS/CodecFake/train/F03_SSB15550131.wav,3
/USERSPACE/DATASETS/CodecFake/train/F03_SSB00570110.wav,3
/USERSPACE/DATASETS/CodecFake/train/F03_SSB18100368.wav,3
/USERSPACE/DATASETS/CodecFake/train/F03_p238_426.wav,3
/USERSPACE/DATASETS/CodecFake/train/F03_SSB14520288.wav,3
/USERSPACE/DATASETS/CodecFake/train/F03_SSB10000295.wav,3
/USERSPACE/DATASETS/CodecFake/train/F03_SSB09970405.wav,3
/USERSPACE/DATASETS/CodecFake/train/F03_SSB17110069.wav,3
/USERSPACE/DATASETS/CodecFake/train/F03_SSB02000343.wav,3
/USERSPACE/DATASETS/CodecFake/train/F03_p266_366.wav,3
/USERSPACE/DATASETS/CodecFake/train/F03_p239_460.wav,3
/USERSPACE/DATASETS/CodecFake/train/F03_SSB01120046.wav,3
/USERSPACE/DATASETS/CodecFake/train/F03_p264_414.wav,3
/USERSPACE/DATASETS/CodecFake/train/F03_SSB03660382.wav,3
/USERSPACE/DATASETS/CodecFake/train/F03_SSB07490221.wav,3
/USERSPACE/DATASETS/CodecFake/train/F03_SSB10960309.wav,3
/USERSPACE/DATASETS/CodecFake/train/F03_p293_130.wav,3
/USERSPACE/DATASETS/CodecFake/train/F03_SSB11260163.wav,3
/USERSPACE/DATASETS/CodecFake/train/F03_SSB10550081.wav,3
/USERSPACE/DATASETS/CodecFake/train/F03_SSB02880364.wav,3
/USERSPACE/DATASETS/CodecFake/train/F03_SSB11150141.wav,3
/USERSPACE/DATASETS/CodecFake/train/F03_SSB06010449.wav,3
/USERSPACE/DATASETS/CodecFake/train/F03_p240_124.wav,3
/USERSPACE/DATASETS/CodecFake/train/F03_SSB13020100.wav,3
/USERSPACE/DATASETS/CodecFake/train/F03_p250_169.wav,3
/USERSPACE/DATASETS/CodecFake/train/F03_p228_251.wav,3
/USERSPACE/DATASETS/CodecFake/train/F03_SSB05390405.wav,3
/USERSPACE/DATASETS/CodecFake/train/F03_SSB00050255.wav,3
/USERSPACE/DATASETS/CodecFake/train/F03_SSB00330220.wav,3
/USERSPACE/DATASETS/CodecFake/train/F03_SSB03750003.wav,3
/USERSPACE/DATASETS/CodecFake/train/F03_SSB00120382.wav,3
/USERSPACE/DATASETS/CodecFake/train/F03_SSB05880124.wav,3
/USERSPACE/DATASETS/CodecFake/train/F03_SSB07170044.wav,3
/USERSPACE/DATASETS/CodecFake/train/F03_SSB13410342.wav,3
/USERSPACE/DATASETS/CodecFake/train/F03_SSB09970013.wav,3
/USERSPACE/DATASETS/CodecFake/train/F03_SSB13400199.wav,3
/USERSPACE/DATASETS/CodecFake/train/F03_SSB07600412.wav,3
/USERSPACE/DATASETS/CodecFake/train/F03_p271_354.wav,3
/USERSPACE/DATASETS/CodecFake/train/F03_SSB05780131.wav,3
/USERSPACE/DATASETS/CodecFake/train/F03_SSB15630362.wav,3
/USERSPACE/DATASETS/CodecFake/train/F03_p339_123.wav,3
/USERSPACE/DATASETS/CodecFake/train/F03_p253_064.wav,3
/USERSPACE/DATASETS/CodecFake/train/F03_SSB02460105.wav,3
/USERSPACE/DATASETS/CodecFake/train/F03_SSB10020318.wav,3
/USERSPACE/DATASETS/CodecFake/train/F03_p308_072.wav,3
/USERSPACE/DATASETS/CodecFake/train/F03_SSB01970331.wav,3
/USERSPACE/DATASETS/CodecFake/train/F03_SSB01330021.wav,3
/USERSPACE/DATASETS/CodecFake/train/F03_SSB00110257.wav,3
/USERSPACE/DATASETS/CodecFake/train/F03_SSB15630201.wav,3
/USERSPACE/DATASETS/CodecFake/train/F03_p266_061.wav,3
/USERSPACE/DATASETS/CodecFake/train/F03_SSB13020179.wav,3
/USERSPACE/DATASETS/CodecFake/train/F03_SSB08090037.wav,3
/USERSPACE/DATASETS/CodecFake/train/F03_SSB07370376.wav,3
/USERSPACE/DATASETS/CodecFake/train/F03_p301_142.wav,3
/USERSPACE/DATASETS/CodecFake/train/F03_SSB07620504.wav,3
/USERSPACE/DATASETS/CodecFake/train/F03_SSB11250087.wav,3
/USERSPACE/DATASETS/CodecFake/train/F03_SSB12210192.wav,3
/USERSPACE/DATASETS/CodecFake/train/F03_p263_399.wav,3
/USERSPACE/DATASETS/CodecFake/train/F03_SSB18100464.wav,3
/USERSPACE/DATASETS/CodecFake/train/F03_p232_310.wav,3
/USERSPACE/DATASETS/CodecFake/train/F03_SSB15630328.wav,3
/USERSPACE/DATASETS/CodecFake/train/F03_SSB11380097.wav,3
/USERSPACE/DATASETS/CodecFake/train/F03_SSB12040174.wav,3
/USERSPACE/DATASETS/CodecFake/train/F03_p282_180.wav,3
/USERSPACE/DATASETS/CodecFake/train/F03_SSB19180244.wav,3
/USERSPACE/DATASETS/CodecFake/train/F03_SSB04150318.wav,3
/USERSPACE/DATASETS/CodecFake/train/F03_SSB07780128.wav,3
/USERSPACE/DATASETS/CodecFake/train/F03_SSB09970472.wav,3
/USERSPACE/DATASETS/CodecFake/train/F03_SSB04070280.wav,3
/USERSPACE/DATASETS/CodecFake/train/F03_SSB18090253.wav,3
/USERSPACE/DATASETS/CodecFake/train/F03_SSB13410024.wav,3
/USERSPACE/DATASETS/CodecFake/train/F03_SSB07460360.wav,3
/USERSPACE/DATASETS/CodecFake/train/F03_p228_024.wav,3
/USERSPACE/DATASETS/CodecFake/train/F03_p313_309.wav,3
/USERSPACE/DATASETS/CodecFake/train/F03_SSB16990102.wav,3
/USERSPACE/DATASETS/CodecFake/train/F03_p313_166.wav,3
/USERSPACE/DATASETS/CodecFake/train/F03_SSB07780500.wav,3
/USERSPACE/DATASETS/CodecFake/train/F03_SSB07360207.wav,3
/USERSPACE/DATASETS/CodecFake/train/F03_p298_029.wav,3
/USERSPACE/DATASETS/CodecFake/train/F03_p312_246.wav,3
/USERSPACE/DATASETS/CodecFake/train/F03_SSB05900499.wav,3
/USERSPACE/DATASETS/CodecFake/train/F03_SSB07170422.wav,3
/USERSPACE/DATASETS/CodecFake/train/F03_SSB03150365.wav,3
/USERSPACE/DATASETS/CodecFake/train/F03_SSB01120325.wav,3
/USERSPACE/DATASETS/CodecFake/train/F03_SSB01930288.wav,3
/USERSPACE/DATASETS/CodecFake/train/F03_SSB04820156.wav,3
/USERSPACE/DATASETS/CodecFake/train/F03_SSB05900501.wav,3
/USERSPACE/DATASETS/CodecFake/train/F03_SSB03540061.wav,3
/USERSPACE/DATASETS/CodecFake/train/F03_SSB00050333.wav,3
/USERSPACE/DATASETS/CodecFake/train/F03_SSB05880227.wav,3
/USERSPACE/DATASETS/CodecFake/train/F03_p316_097.wav,3
/USERSPACE/DATASETS/CodecFake/train/F03_SSB11310225.wav,3
/USERSPACE/DATASETS/CodecFake/train/F03_p301_339.wav,3
/USERSPACE/DATASETS/CodecFake/train/F03_SSB18060037.wav,3
/USERSPACE/DATASETS/CodecFake/train/F03_p307_219.wav,3
/USERSPACE/DATASETS/CodecFake/train/F03_SSB08220102.wav,3
/USERSPACE/DATASETS/CodecFake/train/F03_SSB11310404.wav,3
/USERSPACE/DATASETS/CodecFake/train/F03_p329_378.wav,3
/USERSPACE/DATASETS/CodecFake/train/F03_SSB06060207.wav,3
/USERSPACE/DATASETS/CodecFake/train/F03_SSB02610028.wav,3
/USERSPACE/DATASETS/CodecFake/train/F03_SSB06320220.wav,3
/USERSPACE/DATASETS/CodecFake/train/F03_SSB15930149.wav,3
/USERSPACE/DATASETS/CodecFake/train/F03_SSB02870170.wav,3
/USERSPACE/DATASETS/CodecFake/train/F03_SSB06710244.wav,3
/USERSPACE/DATASETS/CodecFake/train/F03_p315_051.wav,3
/USERSPACE/DATASETS/CodecFake/train/F03_SSB06320195.wav,3
/USERSPACE/DATASETS/CodecFake/train/F03_SSB09130370.wav,3
/USERSPACE/DATASETS/CodecFake/train/F03_p255_318.wav,3
/USERSPACE/DATASETS/CodecFake/train/F03_p361_036.wav,3
/USERSPACE/DATASETS/CodecFake/train/F03_SSB14480283.wav,3
/USERSPACE/DATASETS/CodecFake/train/F03_SSB13850449.wav,3
/USERSPACE/DATASETS/CodecFake/train/F03_SSB02000476.wav,3
/USERSPACE/DATASETS/CodecFake/train/F03_SSB13770460.wav,3
/USERSPACE/DATASETS/CodecFake/train/F03_SSB06660098.wav,3
/USERSPACE/DATASETS/CodecFake/train/F03_p341_094.wav,3
/USERSPACE/DATASETS/CodecFake/train/F03_SSB13850006.wav,3
/USERSPACE/DATASETS/CodecFake/train/F03_SSB17110259.wav,3
/USERSPACE/DATASETS/CodecFake/train/F03_p266_191.wav,3
/USERSPACE/DATASETS/CodecFake/train/F03_p317_276.wav,3
/USERSPACE/DATASETS/CodecFake/train/F03_SSB03410299.wav,3
/USERSPACE/DATASETS/CodecFake/train/F03_SSB00730385.wav,3
/USERSPACE/DATASETS/CodecFake/train/F03_p347_324.wav,3
/USERSPACE/DATASETS/CodecFake/train/F03_p363_177.wav,3
/USERSPACE/DATASETS/CodecFake/train/F03_p267_295.wav,3
/USERSPACE/DATASETS/CodecFake/train/F03_SSB07200127.wav,3
/USERSPACE/DATASETS/CodecFake/train/F03_SSB05780171.wav,3
/USERSPACE/DATASETS/CodecFake/train/F03_SSB00430222.wav,3
/USERSPACE/DATASETS/CodecFake/train/F03_p288_190.wav,3
/USERSPACE/DATASETS/CodecFake/train/F03_SSB04070024.wav,3
/USERSPACE/DATASETS/CodecFake/train/F03_p347_321.wav,3
/USERSPACE/DATASETS/CodecFake/train/F03_SSB11150090.wav,3
/USERSPACE/DATASETS/CodecFake/train/F03_SSB04700053.wav,3
/USERSPACE/DATASETS/CodecFake/train/F03_SSB06310115.wav,3
/USERSPACE/DATASETS/CodecFake/train/F03_p260_319.wav,3
/USERSPACE/DATASETS/CodecFake/train/F03_SSB11360175.wav,3
/USERSPACE/DATASETS/CodecFake/train/F03_p229_333.wav,3
/USERSPACE/DATASETS/CodecFake/train/F03_SSB03660440.wav,3
/USERSPACE/DATASETS/CodecFake/train/F03_p249_089.wav,3
/USERSPACE/DATASETS/CodecFake/train/F03_SSB06090155.wav,3
/USERSPACE/DATASETS/CodecFake/train/F03_SSB07170043.wav,3
/USERSPACE/DATASETS/CodecFake/train/F03_p297_046.wav,3
/USERSPACE/DATASETS/CodecFake/train/F03_SSB07360129.wav,3
/USERSPACE/DATASETS/CodecFake/train/F03_SSB05350442.wav,3
/USERSPACE/DATASETS/CodecFake/train/F03_SSB13280051.wav,3
/USERSPACE/DATASETS/CodecFake/train/F03_SSB07840253.wav,3
/USERSPACE/DATASETS/CodecFake/train/F03_p275_040.wav,3
/USERSPACE/DATASETS/CodecFake/train/F03_SSB06010482.wav,3
/USERSPACE/DATASETS/CodecFake/train/F03_SSB11360143.wav,3
/USERSPACE/DATASETS/CodecFake/train/F03_SSB07360112.wav,3
/USERSPACE/DATASETS/CodecFake/train/F03_p264_476.wav,3
/USERSPACE/DATASETS/CodecFake/train/F03_p339_360.wav,3
/USERSPACE/DATASETS/CodecFake/train/F03_p312_264.wav,3
/USERSPACE/DATASETS/CodecFake/train/F03_p278_359.wav,3
/USERSPACE/DATASETS/CodecFake/train/F03_SSB05020485.wav,3
/USERSPACE/DATASETS/CodecFake/train/F03_p226_109.wav,3
/USERSPACE/DATASETS/CodecFake/train/F03_SSB00730044.wav,3
/USERSPACE/DATASETS/CodecFake/train/F03_p310_089.wav,3
/USERSPACE/DATASETS/CodecFake/train/F03_SSB07160348.wav,3
/USERSPACE/DATASETS/CodecFake/train/F03_SSB15750309.wav,3
/USERSPACE/DATASETS/CodecFake/train/F03_SSB10720219.wav,3
/USERSPACE/DATASETS/CodecFake/train/F03_p277_234.wav,3
/USERSPACE/DATASETS/CodecFake/train/F03_p318_220.wav,3
/USERSPACE/DATASETS/CodecFake/train/F03_p225_203.wav,3
/USERSPACE/DATASETS/CodecFake/train/F03_p317_346.wav,3
/USERSPACE/DATASETS/CodecFake/train/F03_SSB00090033.wav,3
/USERSPACE/DATASETS/CodecFake/train/F03_SSB01930424.wav,3
/USERSPACE/DATASETS/CodecFake/train/F03_p231_143.wav,3
/USERSPACE/DATASETS/CodecFake/train/F03_SSB10080068.wav,3
/USERSPACE/DATASETS/CodecFake/train/F03_SSB03950474.wav,3
/USERSPACE/DATASETS/CodecFake/train/F03_SSB19560320.wav,3
/USERSPACE/DATASETS/CodecFake/train/F03_p318_086.wav,3
/USERSPACE/DATASETS/CodecFake/train/F03_p295_288.wav,3
/USERSPACE/DATASETS/CodecFake/train/F03_SSB09930453.wav,3
/USERSPACE/DATASETS/CodecFake/train/F03_SSB16840333.wav,3
/USERSPACE/DATASETS/CodecFake/train/F03_SSB07580236.wav,3
/USERSPACE/DATASETS/CodecFake/train/F03_SSB13850437.wav,3
/USERSPACE/DATASETS/CodecFake/train/F03_SSB16070253.wav,3
/USERSPACE/DATASETS/CodecFake/train/F03_SSB10560322.wav,3
/USERSPACE/DATASETS/CodecFake/train/F03_p298_236.wav,3
/USERSPACE/DATASETS/CodecFake/train/F03_SSB14570232.wav,3
/USERSPACE/DATASETS/CodecFake/train/F03_p341_356.wav,3
/USERSPACE/DATASETS/CodecFake/train/F03_SSB07370393.wav,3
/USERSPACE/DATASETS/CodecFake/train/F03_SSB07840021.wav,3
/USERSPACE/DATASETS/CodecFake/train/F03_SSB10550055.wav,3
/USERSPACE/DATASETS/CodecFake/train/F03_p247_418.wav,3
/USERSPACE/DATASETS/CodecFake/train/F03_SSB09660415.wav,3
/USERSPACE/DATASETS/CodecFake/train/F03_SSB07490104.wav,3
/USERSPACE/DATASETS/CodecFake/train/F03_p262_184.wav,3
/USERSPACE/DATASETS/CodecFake/train/F03_p310_279.wav,3
/USERSPACE/DATASETS/CodecFake/train/F03_SSB03800405.wav,3
/USERSPACE/DATASETS/CodecFake/train/F03_SSB00800385.wav,3
/USERSPACE/DATASETS/CodecFake/train/F03_SSB18320326.wav,3
/USERSPACE/DATASETS/CodecFake/train/F03_SSB03230467.wav,3
/USERSPACE/DATASETS/CodecFake/train/F03_SSB11150079.wav,3
/USERSPACE/DATASETS/CodecFake/train/F03_SSB18310132.wav,3
/USERSPACE/DATASETS/CodecFake/train/F03_SSB15750245.wav,3
/USERSPACE/DATASETS/CodecFake/train/F03_p307_106.wav,3
/USERSPACE/DATASETS/CodecFake/train/F03_SSB08510056.wav,3
/USERSPACE/DATASETS/CodecFake/train/F03_SSB01490402.wav,3
/USERSPACE/DATASETS/CodecFake/train/F03_p299_124.wav,3
/USERSPACE/DATASETS/CodecFake/train/F03_SSB05650054.wav,3
/USERSPACE/DATASETS/CodecFake/train/F03_p253_087.wav,3
/USERSPACE/DATASETS/CodecFake/train/F03_SSB07800253.wav,3
/USERSPACE/DATASETS/CodecFake/train/F03_SSB07160262.wav,3
/USERSPACE/DATASETS/CodecFake/train/F03_SSB05440453.wav,3
/USERSPACE/DATASETS/CodecFake/train/F03_SSB03160476.wav,3
/USERSPACE/DATASETS/CodecFake/train/F03_SSB17110324.wav,3
/USERSPACE/DATASETS/CodecFake/train/F03_SSB01390455.wav,3
/USERSPACE/DATASETS/CodecFake/train/F03_SSB06030282.wav,3
/USERSPACE/DATASETS/CodecFake/train/F03_SSB03800148.wav,3
/USERSPACE/DATASETS/CodecFake/train/F03_p345_041.wav,3
/USERSPACE/DATASETS/CodecFake/train/F03_SSB11000429.wav,3
/USERSPACE/DATASETS/CodecFake/train/F03_SSB11250417.wav,3
/USERSPACE/DATASETS/CodecFake/train/F03_SSB17280156.wav,3
/USERSPACE/DATASETS/CodecFake/train/F03_SSB16240476.wav,3
/USERSPACE/DATASETS/CodecFake/train/F03_SSB07940176.wav,3
/USERSPACE/DATASETS/CodecFake/train/F03_SSB00160389.wav,3
/USERSPACE/DATASETS/CodecFake/train/F03_SSB03090207.wav,3
/USERSPACE/DATASETS/CodecFake/train/F03_p305_012.wav,3
/USERSPACE/DATASETS/CodecFake/train/F03_p256_081.wav,3
/USERSPACE/DATASETS/CodecFake/train/F03_SSB18780334.wav,3
/USERSPACE/DATASETS/CodecFake/train/F03_p376_024.wav,3
/USERSPACE/DATASETS/CodecFake/train/F03_p277_248.wav,3
/USERSPACE/DATASETS/CodecFake/train/F03_SSB01450113.wav,3
/USERSPACE/DATASETS/CodecFake/train/F03_SSB17390432.wav,3
/USERSPACE/DATASETS/CodecFake/train/F03_SSB03410195.wav,3
/USERSPACE/DATASETS/CodecFake/train/F03_SSB08170447.wav,3
/USERSPACE/DATASETS/CodecFake/train/F03_p317_100.wav,3
/USERSPACE/DATASETS/CodecFake/train/F03_p249_287.wav,3
/USERSPACE/DATASETS/CodecFake/train/F03_p238_445.wav,3
/USERSPACE/DATASETS/CodecFake/train/F03_SSB06010248.wav,3
/USERSPACE/DATASETS/CodecFake/train/F03_p340_356.wav,3
/USERSPACE/DATASETS/CodecFake/train/F03_SSB13850242.wav,3
/USERSPACE/DATASETS/CodecFake/train/F03_p276_455.wav,3
/USERSPACE/DATASETS/CodecFake/train/F03_SSB06230207.wav,3
/USERSPACE/DATASETS/CodecFake/train/F03_p236_148.wav,3
/USERSPACE/DATASETS/CodecFake/train/F03_SSB04150354.wav,3
/USERSPACE/DATASETS/CodecFake/train/F03_p302_316.wav,3
/USERSPACE/DATASETS/CodecFake/train/F03_SSB03750376.wav,3
/USERSPACE/DATASETS/CodecFake/train/F03_SSB04070207.wav,3
/USERSPACE/DATASETS/CodecFake/train/F03_SSB12160414.wav,3
/USERSPACE/DATASETS/CodecFake/train/F03_p340_108.wav,3
/USERSPACE/DATASETS/CodecFake/train/F03_SSB11970228.wav,3
/USERSPACE/DATASETS/CodecFake/train/F03_SSB06070483.wav,3
/USERSPACE/DATASETS/CodecFake/train/F03_SSB00090184.wav,3
/USERSPACE/DATASETS/CodecFake/train/F03_p226_251.wav,3
/USERSPACE/DATASETS/CodecFake/train/F03_p270_291.wav,3
/USERSPACE/DATASETS/CodecFake/train/F03_SSB07840244.wav,3
/USERSPACE/DATASETS/CodecFake/train/F03_p374_251.wav,3
/USERSPACE/DATASETS/CodecFake/train/F03_SSB07020199.wav,3
/USERSPACE/DATASETS/CodecFake/train/F03_p275_008.wav,3
/USERSPACE/DATASETS/CodecFake/train/F03_p345_110.wav,3
/USERSPACE/DATASETS/CodecFake/train/F03_SSB03160048.wav,3
/USERSPACE/DATASETS/CodecFake/train/F03_SSB05990432.wav,3
/USERSPACE/DATASETS/CodecFake/train/F03_p306_290.wav,3
/USERSPACE/DATASETS/CodecFake/train/F03_SSB11350129.wav,3
/USERSPACE/DATASETS/CodecFake/train/F03_SSB00120020.wav,3
/USERSPACE/DATASETS/CodecFake/train/F03_p286_038.wav,3
/USERSPACE/DATASETS/CodecFake/train/F03_p275_394.wav,3
/USERSPACE/DATASETS/CodecFake/train/F03_SSB18630475.wav,3
/USERSPACE/DATASETS/CodecFake/train/F03_SSB03950083.wav,3
/USERSPACE/DATASETS/CodecFake/train/F03_SSB11870280.wav,3
/USERSPACE/DATASETS/CodecFake/train/F03_SSB14570325.wav,3
/USERSPACE/DATASETS/CodecFake/train/F03_p307_339.wav,3
/USERSPACE/DATASETS/CodecFake/train/F03_SSB13410363.wav,3
/USERSPACE/DATASETS/CodecFake/train/F03_SSB07780443.wav,3
/USERSPACE/DATASETS/CodecFake/train/F03_SSB15630451.wav,3
/USERSPACE/DATASETS/CodecFake/train/F03_SSB16250382.wav,3
/USERSPACE/DATASETS/CodecFake/train/F03_p232_274.wav,3
/USERSPACE/DATASETS/CodecFake/train/F03_SSB03160454.wav,3
/USERSPACE/DATASETS/CodecFake/train/F03_SSB02460032.wav,3
/USERSPACE/DATASETS/CodecFake/train/F03_p293_037.wav,3
/USERSPACE/DATASETS/CodecFake/train/F03_SSB05350158.wav,3
/USERSPACE/DATASETS/CodecFake/train/F03_SSB06310420.wav,3
/USERSPACE/DATASETS/CodecFake/train/F03_p279_289.wav,3
/USERSPACE/DATASETS/CodecFake/train/F03_p245_212.wav,3
/USERSPACE/DATASETS/CodecFake/train/F03_SSB01490257.wav,3
/USERSPACE/DATASETS/CodecFake/train/F03_p262_212.wav,3
/USERSPACE/DATASETS/CodecFake/train/F03_p287_377.wav,3
/USERSPACE/DATASETS/CodecFake/train/F03_SSB09130291.wav,3
/USERSPACE/DATASETS/CodecFake/train/F03_p281_291.wav,3
/USERSPACE/DATASETS/CodecFake/train/F03_SSB18720022.wav,3
/USERSPACE/DATASETS/CodecFake/train/F03_SSB02410057.wav,3
/USERSPACE/DATASETS/CodecFake/train/F03_SSB13770274.wav,3
/USERSPACE/DATASETS/CodecFake/train/F03_SSB19180430.wav,3
/USERSPACE/DATASETS/CodecFake/train/F03_SSB00050175.wav,3
/USERSPACE/DATASETS/CodecFake/train/F03_SSB08510066.wav,3
/USERSPACE/DATASETS/CodecFake/train/F03_SSB11000074.wav,3
/USERSPACE/DATASETS/CodecFake/train/F03_SSB05440425.wav,3
/USERSPACE/DATASETS/CodecFake/train/F03_p334_108.wav,3
/USERSPACE/DATASETS/CodecFake/train/F03_SSB07460106.wav,3
/USERSPACE/DATASETS/CodecFake/train/F03_SSB03390057.wav,3
/USERSPACE/DATASETS/CodecFake/train/F03_SSB07840113.wav,3
/USERSPACE/DATASETS/CodecFake/train/F03_p306_172.wav,3
/USERSPACE/DATASETS/CodecFake/train/F03_p336_240.wav,3
/USERSPACE/DATASETS/CodecFake/train/F03_p258_296.wav,3
/USERSPACE/DATASETS/CodecFake/train/F03_p273_428.wav,3
/USERSPACE/DATASETS/CodecFake/train/F03_SSB05020044.wav,3
/USERSPACE/DATASETS/CodecFake/train/F03_p317_302.wav,3
/USERSPACE/DATASETS/CodecFake/train/F03_SSB06860109.wav,3
/USERSPACE/DATASETS/CodecFake/train/F03_SSB03820069.wav,3
/USERSPACE/DATASETS/CodecFake/train/F03_SSB13410369.wav,3
/USERSPACE/DATASETS/CodecFake/train/F03_p274_367.wav,3
/USERSPACE/DATASETS/CodecFake/train/F03_SSB11380124.wav,3
/USERSPACE/DATASETS/CodecFake/train/F03_p311_114.wav,3
/USERSPACE/DATASETS/CodecFake/train/F03_SSB00050414.wav,3
/USERSPACE/DATASETS/CodecFake/train/F03_SSB00570102.wav,3
/USERSPACE/DATASETS/CodecFake/train/F03_SSB15850047.wav,3
/USERSPACE/DATASETS/CodecFake/train/F03_SSB01490046.wav,3
/USERSPACE/DATASETS/CodecFake/train/F03_SSB07490434.wav,3
/USERSPACE/DATASETS/CodecFake/train/F03_p270_434.wav,3
/USERSPACE/DATASETS/CodecFake/train/F03_p299_154.wav,3
/USERSPACE/DATASETS/CodecFake/train/F03_SSB00330067.wav,3
/USERSPACE/DATASETS/CodecFake/train/F03_SSB00570279.wav,3
/USERSPACE/DATASETS/CodecFake/train/F03_SSB07370328.wav,3
/USERSPACE/DATASETS/CodecFake/train/F03_SSB07510421.wav,3
/USERSPACE/DATASETS/CodecFake/train/F03_SSB10240101.wav,3
/USERSPACE/DATASETS/CodecFake/train/F03_SSB05350404.wav,3
/USERSPACE/DATASETS/CodecFake/train/F03_p313_169.wav,3
/USERSPACE/DATASETS/CodecFake/train/F03_p347_239.wav,3
/USERSPACE/DATASETS/CodecFake/train/F03_SSB12530108.wav,3
/USERSPACE/DATASETS/CodecFake/train/F03_SSB11610423.wav,3
/USERSPACE/DATASETS/CodecFake/train/F03_SSB10640284.wav,3
/USERSPACE/DATASETS/CodecFake/train/F03_p273_372.wav,3
/USERSPACE/DATASETS/CodecFake/train/F03_p362_376.wav,3
/USERSPACE/DATASETS/CodecFake/train/F03_p228_239.wav,3
/USERSPACE/DATASETS/CodecFake/train/F03_p256_056.wav,3
/USERSPACE/DATASETS/CodecFake/train/F03_SSB06290330.wav,3
/USERSPACE/DATASETS/CodecFake/train/F03_SSB03800022.wav,3
/USERSPACE/DATASETS/CodecFake/train/F03_SSB16700034.wav,3
/USERSPACE/DATASETS/CodecFake/train/F03_SSB09870132.wav,3
/USERSPACE/DATASETS/CodecFake/train/F03_p255_264.wav,3
/USERSPACE/DATASETS/CodecFake/train/F03_SSB18280344.wav,3
/USERSPACE/DATASETS/CodecFake/train/F03_p335_367.wav,3
/USERSPACE/DATASETS/CodecFake/train/F03_SSB01490082.wav,3
/USERSPACE/DATASETS/CodecFake/train/F03_p276_116.wav,3
/USERSPACE/DATASETS/CodecFake/train/F03_SSB00180316.wav,3
/USERSPACE/DATASETS/CodecFake/train/F03_SSB15750048.wav,3
/USERSPACE/DATASETS/CodecFake/train/F03_p288_092.wav,3
/USERSPACE/DATASETS/CodecFake/train/F03_p302_151.wav,3
/USERSPACE/DATASETS/CodecFake/train/F03_p345_270.wav,3
/USERSPACE/DATASETS/CodecFake/train/F03_SSB04700500.wav,3
/USERSPACE/DATASETS/CodecFake/train/F03_p230_227.wav,3
/USERSPACE/DATASETS/CodecFake/train/F03_SSB13410054.wav,3
/USERSPACE/DATASETS/CodecFake/train/F03_p258_410.wav,3
/USERSPACE/DATASETS/CodecFake/train/F03_p343_128.wav,3
/USERSPACE/DATASETS/CodecFake/train/F03_p313_415.wav,3
/USERSPACE/DATASETS/CodecFake/train/F03_p362_277.wav,3
/USERSPACE/DATASETS/CodecFake/train/F03_SSB06310146.wav,3
/USERSPACE/DATASETS/CodecFake/train/F03_SSB07580317.wav,3
/USERSPACE/DATASETS/CodecFake/train/F03_SSB07370204.wav,3
/USERSPACE/DATASETS/CodecFake/train/F03_SSB03410478.wav,3
/USERSPACE/DATASETS/CodecFake/train/F03_p255_129.wav,3
/USERSPACE/DATASETS/CodecFake/train/F03_p257_323.wav,3
/USERSPACE/DATASETS/CodecFake/train/F03_SSB05340148.wav,3
/USERSPACE/DATASETS/CodecFake/train/F03_SSB11080120.wav,3
/USERSPACE/DATASETS/CodecFake/train/F03_SSB10010289.wav,3
/USERSPACE/DATASETS/CodecFake/train/F03_SSB00730096.wav,3
/USERSPACE/DATASETS/CodecFake/train/F03_SSB00160284.wav,3
/USERSPACE/DATASETS/CodecFake/train/F03_p232_228.wav,3
/USERSPACE/DATASETS/CodecFake/train/F03_SSB07160234.wav,3
/USERSPACE/DATASETS/CodecFake/train/F03_SSB05340447.wav,3
/USERSPACE/DATASETS/CodecFake/train/F03_SSB13020249.wav,3
/USERSPACE/DATASETS/CodecFake/train/F03_SSB07160186.wav,3
/USERSPACE/DATASETS/CodecFake/train/F03_p333_184.wav,3
/USERSPACE/DATASETS/CodecFake/train/F03_SSB05440132.wav,3
/USERSPACE/DATASETS/CodecFake/train/F03_SSB09350207.wav,3
/USERSPACE/DATASETS/CodecFake/train/F03_p270_262.wav,3
/USERSPACE/DATASETS/CodecFake/train/F03_SSB16240090.wav,3
/USERSPACE/DATASETS/CodecFake/train/F03_SSB18460265.wav,3
/USERSPACE/DATASETS/CodecFake/train/F03_SSB15550415.wav,3
/USERSPACE/DATASETS/CodecFake/train/F03_SSB14520073.wav,3
/USERSPACE/DATASETS/CodecFake/train/F03_p233_027.wav,3
/USERSPACE/DATASETS/CodecFake/train/F03_p295_415.wav,3
/USERSPACE/DATASETS/CodecFake/train/F03_SSB16500282.wav,3
/USERSPACE/DATASETS/CodecFake/train/F03_SSB15550474.wav,3
/USERSPACE/DATASETS/CodecFake/train/F03_SSB13850287.wav,3
/USERSPACE/DATASETS/CodecFake/train/F03_p312_403.wav,3
/USERSPACE/DATASETS/CodecFake/train/F03_SSB11150184.wav,3
/USERSPACE/DATASETS/CodecFake/train/F03_p280_261.wav,3
/USERSPACE/DATASETS/CodecFake/train/F03_SSB00180080.wav,3
/USERSPACE/DATASETS/CodecFake/train/F03_p271_312.wav,3
/USERSPACE/DATASETS/CodecFake/train/F03_SSB09870348.wav,3
/USERSPACE/DATASETS/CodecFake/train/F03_SSB13400085.wav,3
/USERSPACE/DATASETS/CodecFake/train/F03_p229_284.wav,3
/USERSPACE/DATASETS/CodecFake/train/F03_SSB08090399.wav,3
/USERSPACE/DATASETS/CodecFake/train/F03_SSB00730019.wav,3
/USERSPACE/DATASETS/CodecFake/train/F03_p252_404.wav,3
/USERSPACE/DATASETS/CodecFake/train/F03_SSB04700252.wav,3
/USERSPACE/DATASETS/CodecFake/train/F03_SSB05700232.wav,3
/USERSPACE/DATASETS/CodecFake/train/F03_SSB13770040.wav,3
/USERSPACE/DATASETS/CodecFake/train/F03_SSB12210045.wav,3
/USERSPACE/DATASETS/CodecFake/train/F03_SSB16250466.wav,3
/USERSPACE/DATASETS/CodecFake/train/F03_SSB11100409.wav,3
/USERSPACE/DATASETS/CodecFake/train/F03_SSB07860333.wav,3
/USERSPACE/DATASETS/CodecFake/train/F03_SSB03090266.wav,3
/USERSPACE/DATASETS/CodecFake/train/F03_p237_024.wav,3
/USERSPACE/DATASETS/CodecFake/train/F03_p261_445.wav,3
/USERSPACE/DATASETS/CodecFake/train/F03_SSB07000374.wav,3
/USERSPACE/DATASETS/CodecFake/train/F03_p264_333.wav,3
/USERSPACE/DATASETS/CodecFake/train/F03_SSB13200181.wav,3
/USERSPACE/DATASETS/CodecFake/train/F03_SSB11360238.wav,3
/USERSPACE/DATASETS/CodecFake/train/F03_SSB07100047.wav,3
/USERSPACE/DATASETS/CodecFake/train/F03_p232_154.wav,3
/USERSPACE/DATASETS/CodecFake/train/F03_SSB03090166.wav,3
/USERSPACE/DATASETS/CodecFake/train/F03_SSB04350218.wav,3
/USERSPACE/DATASETS/CodecFake/train/F03_p227_247.wav,3
/USERSPACE/DATASETS/CodecFake/train/F03_SSB15550049.wav,3
/USERSPACE/DATASETS/CodecFake/train/F03_p233_274.wav,3
/USERSPACE/DATASETS/CodecFake/train/F03_SSB10240294.wav,3
/USERSPACE/DATASETS/CodecFake/train/F03_p257_072.wav,3
/USERSPACE/DATASETS/CodecFake/train/F03_p307_187.wav,3
/USERSPACE/DATASETS/CodecFake/train/F03_SSB06060210.wav,3
/USERSPACE/DATASETS/CodecFake/train/F03_p286_141.wav,3
/USERSPACE/DATASETS/CodecFake/train/F03_p239_461.wav,3
/USERSPACE/DATASETS/CodecFake/train/F03_p225_126.wav,3
/USERSPACE/DATASETS/CodecFake/train/F03_p234_051.wav,3
/USERSPACE/DATASETS/CodecFake/train/F03_SSB15850073.wav,3
/USERSPACE/DATASETS/CodecFake/train/F03_p270_029.wav,3
/USERSPACE/DATASETS/CodecFake/train/F03_p244_218.wav,3
/USERSPACE/DATASETS/CodecFake/train/F03_SSB00800184.wav,3
/USERSPACE/DATASETS/CodecFake/train/F03_SSB18720173.wav,3
/USERSPACE/DATASETS/CodecFake/train/F03_p238_454.wav,3
/USERSPACE/DATASETS/CodecFake/train/F03_SSB07160490.wav,3
/USERSPACE/DATASETS/CodecFake/train/F03_SSB11100136.wav,3
/USERSPACE/DATASETS/CodecFake/train/F03_p292_124.wav,3
/USERSPACE/DATASETS/CodecFake/train/F03_p287_345.wav,3
/USERSPACE/DATASETS/CodecFake/train/F03_p270_251.wav,3
/USERSPACE/DATASETS/CodecFake/train/F03_p303_095.wav,3
/USERSPACE/DATASETS/CodecFake/train/F03_SSB02730294.wav,3
/USERSPACE/DATASETS/CodecFake/train/F03_SSB06320205.wav,3
/USERSPACE/DATASETS/CodecFake/train/F03_SSB01390253.wav,3
/USERSPACE/DATASETS/CodecFake/train/F03_SSB01330090.wav,3
/USERSPACE/DATASETS/CodecFake/train/F03_SSB12740313.wav,3
/USERSPACE/DATASETS/CodecFake/train/F03_p374_389.wav,3
/USERSPACE/DATASETS/CodecFake/train/F03_SSB02670042.wav,3
/USERSPACE/DATASETS/CodecFake/train/F03_p234_337.wav,3
/USERSPACE/DATASETS/CodecFake/train/F03_SSB06680349.wav,3
/USERSPACE/DATASETS/CodecFake/train/F03_SSB13930043.wav,3
/USERSPACE/DATASETS/CodecFake/train/F03_SSB02880219.wav,3
/USERSPACE/DATASETS/CodecFake/train/F03_SSB03930105.wav,3
/USERSPACE/DATASETS/CodecFake/train/F03_p226_006.wav,3
/USERSPACE/DATASETS/CodecFake/train/F03_SSB15670470.wav,3
/USERSPACE/DATASETS/CodecFake/train/F03_SSB07000228.wav,3
/USERSPACE/DATASETS/CodecFake/train/F03_p233_180.wav,3
/USERSPACE/DATASETS/CodecFake/train/F03_SSB12030453.wav,3
/USERSPACE/DATASETS/CodecFake/train/F03_p282_341.wav,3
/USERSPACE/DATASETS/CodecFake/train/F03_SSB08630057.wav,3
/USERSPACE/DATASETS/CodecFake/train/F03_p339_161.wav,3
/USERSPACE/DATASETS/CodecFake/train/F03_SSB03790166.wav,3
/USERSPACE/DATASETS/CodecFake/train/F03_p293_005.wav,3
/USERSPACE/DATASETS/CodecFake/train/F03_SSB03850089.wav,3
/USERSPACE/DATASETS/CodecFake/train/F03_SSB05340086.wav,3
/USERSPACE/DATASETS/CodecFake/train/F03_p301_118.wav,3
/USERSPACE/DATASETS/CodecFake/train/F03_p329_009.wav,3
/USERSPACE/DATASETS/CodecFake/train/F03_SSB01450443.wav,3
/USERSPACE/DATASETS/CodecFake/train/F03_p361_055.wav,3
/USERSPACE/DATASETS/CodecFake/train/F03_SSB03150314.wav,3
/USERSPACE/DATASETS/CodecFake/train/F03_SSB08870199.wav,3
/USERSPACE/DATASETS/CodecFake/train/F03_p374_199.wav,3
/USERSPACE/DATASETS/CodecFake/train/F03_SSB03950332.wav,3
/USERSPACE/DATASETS/CodecFake/train/F03_SSB08220459.wav,3
/USERSPACE/DATASETS/CodecFake/train/F03_SSB10200268.wav,3
/USERSPACE/DATASETS/CodecFake/train/F03_SSB18280124.wav,3
/USERSPACE/DATASETS/CodecFake/train/F03_SSB03850323.wav,3
/USERSPACE/DATASETS/CodecFake/train/F03_p351_221.wav,3
/USERSPACE/DATASETS/CodecFake/train/F03_p255_336.wav,3
/USERSPACE/DATASETS/CodecFake/train/F03_SSB00430473.wav,3
/USERSPACE/DATASETS/CodecFake/train/F03_p360_167.wav,3
/USERSPACE/DATASETS/CodecFake/train/F03_p239_244.wav,3
/USERSPACE/DATASETS/CodecFake/train/F03_p318_028.wav,3
/USERSPACE/DATASETS/CodecFake/train/F03_SSB17810401.wav,3
/USERSPACE/DATASETS/CodecFake/train/F03_p234_334.wav,3
/USERSPACE/DATASETS/CodecFake/train/F03_SSB03070198.wav,3
/USERSPACE/DATASETS/CodecFake/train/F03_p294_207.wav,3
/USERSPACE/DATASETS/CodecFake/train/F03_SSB14310341.wav,3
/USERSPACE/DATASETS/CodecFake/train/F03_p314_294.wav,3
/USERSPACE/DATASETS/CodecFake/train/F03_SSB12150198.wav,3
/USERSPACE/DATASETS/CodecFake/train/F03_SSB15750039.wav,3
/USERSPACE/DATASETS/CodecFake/train/F03_SSB03820234.wav,3
/USERSPACE/DATASETS/CodecFake/train/F03_p269_167.wav,3
/USERSPACE/DATASETS/CodecFake/train/F03_SSB11310310.wav,3
/USERSPACE/DATASETS/CodecFake/train/F03_SSB17450145.wav,3
/USERSPACE/DATASETS/CodecFake/train/F03_SSB03660343.wav,3
/USERSPACE/DATASETS/CodecFake/train/F03_SSB01330410.wav,3
/USERSPACE/DATASETS/CodecFake/train/F03_p300_354.wav,3
/USERSPACE/DATASETS/CodecFake/train/F03_SSB00090196.wav,3
/USERSPACE/DATASETS/CodecFake/train/F03_p292_214.wav,3
/USERSPACE/DATASETS/CodecFake/train/F03_p308_159.wav,3
/USERSPACE/DATASETS/CodecFake/train/F03_p257_171.wav,3
/USERSPACE/DATASETS/CodecFake/train/F03_SSB04270002.wav,3
/USERSPACE/DATASETS/CodecFake/train/F03_SSB06290096.wav,3
/USERSPACE/DATASETS/CodecFake/train/F03_p336_259.wav,3
/USERSPACE/DATASETS/CodecFake/train/F03_p226_135.wav,3
/USERSPACE/DATASETS/CodecFake/train/F03_SSB09660490.wav,3
/USERSPACE/DATASETS/CodecFake/train/F03_SSB05440319.wav,3
/USERSPACE/DATASETS/CodecFake/train/F03_p267_033.wav,3
/USERSPACE/DATASETS/CodecFake/train/F03_p306_289.wav,3
/USERSPACE/DATASETS/CodecFake/train/F03_SSB02610041.wav,3
/USERSPACE/DATASETS/CodecFake/train/F03_SSB06140470.wav,3
/USERSPACE/DATASETS/CodecFake/train/F03_SSB05880220.wav,3
/USERSPACE/DATASETS/CodecFake/train/F03_p341_304.wav,3
/USERSPACE/DATASETS/CodecFake/train/F03_p251_196.wav,3
/USERSPACE/DATASETS/CodecFake/train/F03_p285_033.wav,3
/USERSPACE/DATASETS/CodecFake/train/F03_SSB19560438.wav,3
/USERSPACE/DATASETS/CodecFake/train/F03_SSB00050106.wav,3
/USERSPACE/DATASETS/CodecFake/train/F03_SSB07160166.wav,3
/USERSPACE/DATASETS/CodecFake/train/F03_p264_477.wav,3
/USERSPACE/DATASETS/CodecFake/train/F03_p276_323.wav,3
/USERSPACE/DATASETS/CodecFake/train/F03_SSB03800139.wav,3
/USERSPACE/DATASETS/CodecFake/train/F03_SSB01220422.wav,3
/USERSPACE/DATASETS/CodecFake/train/F03_p339_283.wav,3
/USERSPACE/DATASETS/CodecFake/train/F03_p240_227.wav,3
/USERSPACE/DATASETS/CodecFake/train/F03_SSB18370422.wav,3
/USERSPACE/DATASETS/CodecFake/train/F03_SSB03410375.wav,3
/USERSPACE/DATASETS/CodecFake/train/F03_SSB10640285.wav,3
/USERSPACE/DATASETS/CodecFake/train/F03_SSB00800127.wav,3
/USERSPACE/DATASETS/CodecFake/train/F03_SSB14570420.wav,3
/USERSPACE/DATASETS/CodecFake/train/F03_p269_138.wav,3
/USERSPACE/DATASETS/CodecFake/train/F03_SSB06660085.wav,3
/USERSPACE/DATASETS/CodecFake/train/F03_SSB15930495.wav,3
/USERSPACE/DATASETS/CodecFake/train/F03_SSB09150204.wav,3
/USERSPACE/DATASETS/CodecFake/train/F03_p310_091.wav,3
/USERSPACE/DATASETS/CodecFake/train/F03_SSB10010120.wav,3
/USERSPACE/DATASETS/CodecFake/train/F03_p285_379.wav,3
/USERSPACE/DATASETS/CodecFake/train/F03_p252_071.wav,3
/USERSPACE/DATASETS/CodecFake/train/F03_SSB07230229.wav,3
/USERSPACE/DATASETS/CodecFake/train/F03_SSB12040253.wav,3
/USERSPACE/DATASETS/CodecFake/train/F03_SSB11870317.wav,3
/USERSPACE/DATASETS/CodecFake/train/F03_SSB07370487.wav,3
/USERSPACE/DATASETS/CodecFake/train/F03_p315_260.wav,3
/USERSPACE/DATASETS/CodecFake/train/F03_p300_167.wav,3
/USERSPACE/DATASETS/CodecFake/train/F03_SSB02000210.wav,3
/USERSPACE/DATASETS/CodecFake/train/F03_p361_162.wav,3
/USERSPACE/DATASETS/CodecFake/train/F03_SSB07360081.wav,3
/USERSPACE/DATASETS/CodecFake/train/F03_p374_280.wav,3
/USERSPACE/DATASETS/CodecFake/train/F03_SSB01930211.wav,3
/USERSPACE/DATASETS/CodecFake/train/F03_SSB09660235.wav,3
/USERSPACE/DATASETS/CodecFake/train/F03_SSB11310219.wav,3
/USERSPACE/DATASETS/CodecFake/train/F03_SSB07940368.wav,3
/USERSPACE/DATASETS/CodecFake/train/F03_p247_278.wav,3
/USERSPACE/DATASETS/CodecFake/train/F03_SSB11310288.wav,3
/USERSPACE/DATASETS/CodecFake/train/F03_SSB07230274.wav,3
/USERSPACE/DATASETS/CodecFake/train/F03_p294_142.wav,3
/USERSPACE/DATASETS/CodecFake/train/F03_SSB18100035.wav,3
/USERSPACE/DATASETS/CodecFake/train/F03_p279_016.wav,3
/USERSPACE/DATASETS/CodecFake/train/F03_SSB00180346.wav,3
/USERSPACE/DATASETS/CodecFake/train/F03_SSB10500153.wav,3
/USERSPACE/DATASETS/CodecFake/train/F03_p270_081.wav,3
/USERSPACE/DATASETS/CodecFake/train/F03_SSB03790311.wav,3
/USERSPACE/DATASETS/CodecFake/train/F03_SSB01390356.wav,3
/USERSPACE/DATASETS/CodecFake/train/F03_p285_138.wav,3
/USERSPACE/DATASETS/CodecFake/train/F03_p252_015.wav,3
/USERSPACE/DATASETS/CodecFake/train/F03_p261_407.wav,3
/USERSPACE/DATASETS/CodecFake/train/F03_p306_272.wav,3
/USERSPACE/DATASETS/CodecFake/train/F03_SSB03380335.wav,3
/USERSPACE/DATASETS/CodecFake/train/F03_SSB04820254.wav,3
/USERSPACE/DATASETS/CodecFake/train/F03_p288_108.wav,3
/USERSPACE/DATASETS/CodecFake/train/F03_p279_266.wav,3
/USERSPACE/DATASETS/CodecFake/train/F03_SSB07600406.wav,3
/USERSPACE/DATASETS/CodecFake/train/F03_SSB00430177.wav,3
/USERSPACE/DATASETS/CodecFake/train/F03_SSB18060381.wav,3
/USERSPACE/DATASETS/CodecFake/train/F03_SSB18630022.wav,3
/USERSPACE/DATASETS/CodecFake/train/F03_p297_345.wav,3
/USERSPACE/DATASETS/CodecFake/train/F03_SSB07840015.wav,3
/USERSPACE/DATASETS/CodecFake/train/F03_SSB02880458.wav,3
/USERSPACE/DATASETS/CodecFake/train/F03_SSB16240113.wav,3
/USERSPACE/DATASETS/CodecFake/train/F03_SSB05020146.wav,3
/USERSPACE/DATASETS/CodecFake/train/F03_p274_343.wav,3
/USERSPACE/DATASETS/CodecFake/train/F03_SSB03160410.wav,3
/USERSPACE/DATASETS/CodecFake/train/F03_p336_305.wav,3
/USERSPACE/DATASETS/CodecFake/train/F03_p361_201.wav,3
/USERSPACE/DATASETS/CodecFake/train/F03_SSB03940209.wav,3
/USERSPACE/DATASETS/CodecFake/train/F03_SSB10080041.wav,3
/USERSPACE/DATASETS/CodecFake/train/F03_SSB00050044.wav,3
/USERSPACE/DATASETS/CodecFake/train/F03_SSB15750255.wav,3
/USERSPACE/DATASETS/CodecFake/train/F03_SSB02880322.wav,3
/USERSPACE/DATASETS/CodecFake/train/F03_p284_375.wav,3
/USERSPACE/DATASETS/CodecFake/train/F03_SSB11610142.wav,3
/USERSPACE/DATASETS/CodecFake/train/F03_SSB08630175.wav,3
/USERSPACE/DATASETS/CodecFake/train/F03_p374_123.wav,3
/USERSPACE/DATASETS/CodecFake/train/F03_SSB03160191.wav,3
/USERSPACE/DATASETS/CodecFake/train/F03_p241_047.wav,3
/USERSPACE/DATASETS/CodecFake/train/F03_SSB11000160.wav,3
/USERSPACE/DATASETS/CodecFake/train/F03_p326_264.wav,3
/USERSPACE/DATASETS/CodecFake/train/F03_SSB00330030.wav,3
/USERSPACE/DATASETS/CodecFake/train/F03_SSB10080063.wav,3
/USERSPACE/DATASETS/CodecFake/train/F03_p255_231.wav,3
/USERSPACE/DATASETS/CodecFake/train/F03_SSB04700223.wav,3
/USERSPACE/DATASETS/CodecFake/train/F03_SSB02880005.wav,3
/USERSPACE/DATASETS/CodecFake/train/F03_p347_087.wav,3
/USERSPACE/DATASETS/CodecFake/train/F03_SSB19180500.wav,3
/USERSPACE/DATASETS/CodecFake/train/F03_SSB17110190.wav,3
/USERSPACE/DATASETS/CodecFake/train/F03_p286_152.wav,3
/USERSPACE/DATASETS/CodecFake/train/F03_SSB00120202.wav,3
/USERSPACE/DATASETS/CodecFake/train/F03_SSB03950302.wav,3
/USERSPACE/DATASETS/CodecFake/train/F03_p244_309.wav,3
/USERSPACE/DATASETS/CodecFake/train/F03_SSB16860143.wav,3
/USERSPACE/DATASETS/CodecFake/train/F03_SSB13660102.wav,3
/USERSPACE/DATASETS/CodecFake/train/F03_p361_151.wav,3
/USERSPACE/DATASETS/CodecFake/train/F03_SSB09350001.wav,3
/USERSPACE/DATASETS/CodecFake/train/F03_SSB06030354.wav,3
/USERSPACE/DATASETS/CodecFake/train/F03_SSB06860439.wav,3
/USERSPACE/DATASETS/CodecFake/train/F03_SSB17820376.wav,3
/USERSPACE/DATASETS/CodecFake/train/F03_SSB06660140.wav,3
/USERSPACE/DATASETS/CodecFake/train/F03_SSB19180455.wav,3
/USERSPACE/DATASETS/CodecFake/train/F03_p297_306.wav,3
/USERSPACE/DATASETS/CodecFake/train/F03_SSB01390171.wav,3
/USERSPACE/DATASETS/CodecFake/train/F03_p347_335.wav,3
/USERSPACE/DATASETS/CodecFake/train/F03_SSB01220222.wav,3
/USERSPACE/DATASETS/CodecFake/train/F03_SSB00090249.wav,3
/USERSPACE/DATASETS/CodecFake/train/F03_SSB05700478.wav,3
/USERSPACE/DATASETS/CodecFake/train/F03_SSB15630247.wav,3
/USERSPACE/DATASETS/CodecFake/train/F03_SSB11610100.wav,3
/USERSPACE/DATASETS/CodecFake/train/F03_SSB11000324.wav,3
/USERSPACE/DATASETS/CodecFake/train/F03_SSB03940422.wav,3
/USERSPACE/DATASETS/CodecFake/train/F03_SSB07510327.wav,3
/USERSPACE/DATASETS/CodecFake/train/F03_SSB19390212.wav,3
/USERSPACE/DATASETS/CodecFake/train/F03_p376_086.wav,3
/USERSPACE/DATASETS/CodecFake/train/F03_SSB06310217.wav,3
/USERSPACE/DATASETS/CodecFake/train/F03_p261_018.wav,3
/USERSPACE/DATASETS/CodecFake/train/F03_p231_154.wav,3
/USERSPACE/DATASETS/CodecFake/train/F03_SSB13930314.wav,3
/USERSPACE/DATASETS/CodecFake/train/F03_SSB03820427.wav,3
/USERSPACE/DATASETS/CodecFake/train/F03_SSB14020166.wav,3
/USERSPACE/DATASETS/CodecFake/train/F03_SSB05340292.wav,3
/USERSPACE/DATASETS/CodecFake/train/F03_p326_139.wav,3
/USERSPACE/DATASETS/CodecFake/train/F03_SSB13820079.wav,3
/USERSPACE/DATASETS/CodecFake/train/F03_SSB06860401.wav,3
/USERSPACE/DATASETS/CodecFake/train/F03_p229_227.wav,3
/USERSPACE/DATASETS/CodecFake/train/F03_p247_312.wav,3
/USERSPACE/DATASETS/CodecFake/train/F03_p351_253.wav,3
/USERSPACE/DATASETS/CodecFake/train/F03_SSB15550220.wav,3
/USERSPACE/DATASETS/CodecFake/train/F03_SSB18630225.wav,3
/USERSPACE/DATASETS/CodecFake/train/F03_p310_333.wav,3
/USERSPACE/DATASETS/CodecFake/train/F03_SSB09350194.wav,3
/USERSPACE/DATASETS/CodecFake/train/F03_SSB16700437.wav,3
/USERSPACE/DATASETS/CodecFake/train/F03_SSB07780415.wav,3
/USERSPACE/DATASETS/CodecFake/train/F03_SSB16070339.wav,3
/USERSPACE/DATASETS/CodecFake/train/F03_SSB03940216.wav,3
/USERSPACE/DATASETS/CodecFake/train/F03_SSB12030194.wav,3
/USERSPACE/DATASETS/CodecFake/train/F03_p271_287.wav,3
/USERSPACE/DATASETS/CodecFake/train/F03_SSB07860060.wav,3
/USERSPACE/DATASETS/CodecFake/train/F03_p283_408.wav,3
/USERSPACE/DATASETS/CodecFake/train/F03_SSB13650454.wav,3
/USERSPACE/DATASETS/CodecFake/train/F03_SSB01490150.wav,3
/USERSPACE/DATASETS/CodecFake/train/F03_SSB19020054.wav,3
/USERSPACE/DATASETS/CodecFake/train/F03_SSB10550260.wav,3
/USERSPACE/DATASETS/CodecFake/train/F03_SSB01390472.wav,3
/USERSPACE/DATASETS/CodecFake/train/F03_p274_015.wav,3
/USERSPACE/DATASETS/CodecFake/train/F03_p297_127.wav,3
/USERSPACE/DATASETS/CodecFake/train/F03_SSB01970260.wav,3
/USERSPACE/DATASETS/CodecFake/train/F03_p305_102.wav,3
/USERSPACE/DATASETS/CodecFake/train/F03_p238_444.wav,3
/USERSPACE/DATASETS/CodecFake/train/F03_SSB06140190.wav,3
/USERSPACE/DATASETS/CodecFake/train/F03_SSB07360041.wav,3
/USERSPACE/DATASETS/CodecFake/train/F03_SSB02410136.wav,3
/USERSPACE/DATASETS/CodecFake/train/F03_SSB15850252.wav,3
/USERSPACE/DATASETS/CodecFake/train/F03_p234_329.wav,3
/USERSPACE/DATASETS/CodecFake/train/F03_SSB06660417.wav,3
/USERSPACE/DATASETS/CodecFake/train/F03_SSB05900497.wav,3
/USERSPACE/DATASETS/CodecFake/train/F03_SSB06060141.wav,3
/USERSPACE/DATASETS/CodecFake/train/F03_p237_033.wav,3
/USERSPACE/DATASETS/CodecFake/train/F03_SSB01970279.wav,3
/USERSPACE/DATASETS/CodecFake/train/F03_p252_312.wav,3
/USERSPACE/DATASETS/CodecFake/train/F03_p300_215.wav,3
/USERSPACE/DATASETS/CodecFake/train/F03_SSB17390196.wav,3
/USERSPACE/DATASETS/CodecFake/train/F03_p269_181.wav,3
/USERSPACE/DATASETS/CodecFake/train/F03_SSB03930497.wav,3
/USERSPACE/DATASETS/CodecFake/train/F03_p240_228.wav,3
/USERSPACE/DATASETS/CodecFake/train/F03_p276_086.wav,3
/USERSPACE/DATASETS/CodecFake/train/F03_SSB02870011.wav,3
/USERSPACE/DATASETS/CodecFake/train/F03_p305_274.wav,3
/USERSPACE/DATASETS/CodecFake/train/F03_SSB05340335.wav,3
/USERSPACE/DATASETS/CodecFake/train/F03_SSB13660254.wav,3
/USERSPACE/DATASETS/CodecFake/train/F03_p272_176.wav,3
/USERSPACE/DATASETS/CodecFake/train/F03_SSB00090160.wav,3
/USERSPACE/DATASETS/CodecFake/train/F03_SSB11080272.wav,3
/USERSPACE/DATASETS/CodecFake/train/F03_SSB19020172.wav,3
/USERSPACE/DATASETS/CodecFake/train/F03_SSB06310453.wav,3
/USERSPACE/DATASETS/CodecFake/train/F03_SSB11610025.wav,3
/USERSPACE/DATASETS/CodecFake/train/F03_SSB00050458.wav,3
/USERSPACE/DATASETS/CodecFake/train/F03_p308_003.wav,3
/USERSPACE/DATASETS/CodecFake/train/F03_SSB07600124.wav,3
/USERSPACE/DATASETS/CodecFake/train/F03_p280_344.wav,3
/USERSPACE/DATASETS/CodecFake/train/F03_SSB17110192.wav,3
/USERSPACE/DATASETS/CodecFake/train/F03_SSB08510267.wav,3
/USERSPACE/DATASETS/CodecFake/train/F03_p301_064.wav,3
/USERSPACE/DATASETS/CodecFake/train/F03_SSB03160368.wav,3
/USERSPACE/DATASETS/CodecFake/train/F03_SSB00570046.wav,3
/USERSPACE/DATASETS/CodecFake/train/F03_p360_372.wav,3
/USERSPACE/DATASETS/CodecFake/train/F03_SSB11100056.wav,3
/USERSPACE/DATASETS/CodecFake/train/F03_p263_126.wav,3
/USERSPACE/DATASETS/CodecFake/train/F03_p294_403.wav,3
/USERSPACE/DATASETS/CodecFake/train/F03_SSB16240119.wav,3
/USERSPACE/DATASETS/CodecFake/train/F03_p281_154.wav,3
/USERSPACE/DATASETS/CodecFake/train/F03_SSB10020364.wav,3
/USERSPACE/DATASETS/CodecFake/train/F03_SSB18370042.wav,3
/USERSPACE/DATASETS/CodecFake/train/F03_SSB12160084.wav,3
/USERSPACE/DATASETS/CodecFake/train/F03_SSB11250347.wav,3
/USERSPACE/DATASETS/CodecFake/train/F03_SSB07170029.wav,3
/USERSPACE/DATASETS/CodecFake/train/F03_p298_340.wav,3
/USERSPACE/DATASETS/CodecFake/train/F03_SSB11260042.wav,3
/USERSPACE/DATASETS/CodecFake/train/F03_p279_319.wav,3
/USERSPACE/DATASETS/CodecFake/train/F03_p244_031.wav,3
/USERSPACE/DATASETS/CodecFake/train/F03_SSB13660202.wav,3
/USERSPACE/DATASETS/CodecFake/train/F03_SSB11150097.wav,3
/USERSPACE/DATASETS/CodecFake/train/F03_p335_067.wav,3
/USERSPACE/DATASETS/CodecFake/train/F03_p233_058.wav,3
/USERSPACE/DATASETS/CodecFake/train/F03_SSB01120201.wav,3
/USERSPACE/DATASETS/CodecFake/train/F03_SSB09870484.wav,3
/USERSPACE/DATASETS/CodecFake/train/F03_p330_269.wav,3
/USERSPACE/DATASETS/CodecFake/train/F03_SSB02670350.wav,3
/USERSPACE/DATASETS/CodecFake/train/F03_p260_088.wav,3
/USERSPACE/DATASETS/CodecFake/train/F03_SSB04700131.wav,3
/USERSPACE/DATASETS/CodecFake/train/F03_SSB19560082.wav,3
/USERSPACE/DATASETS/CodecFake/train/F03_SSB07020436.wav,3
/USERSPACE/DATASETS/CodecFake/train/F03_SSB06680289.wav,3
/USERSPACE/DATASETS/CodecFake/train/F03_SSB06030440.wav,3
/USERSPACE/DATASETS/CodecFake/train/F03_SSB06030419.wav,3
/USERSPACE/DATASETS/CodecFake/train/F03_p251_178.wav,3
/USERSPACE/DATASETS/CodecFake/train/F03_SSB12530185.wav,3
/USERSPACE/DATASETS/CodecFake/train/F03_SSB13820183.wav,3
/USERSPACE/DATASETS/CodecFake/train/F03_SSB13850141.wav,3
/USERSPACE/DATASETS/CodecFake/train/F03_SSB17110328.wav,3
/USERSPACE/DATASETS/CodecFake/train/F03_SSB11870495.wav,3
/USERSPACE/DATASETS/CodecFake/train/F03_SSB15750442.wav,3
/USERSPACE/DATASETS/CodecFake/train/F03_SSB04350056.wav,3
/USERSPACE/DATASETS/CodecFake/train/F03_SSB06060191.wav,3
/USERSPACE/DATASETS/CodecFake/train/F03_SSB15550466.wav,3
/USERSPACE/DATASETS/CodecFake/train/F03_SSB03390226.wav,3
/USERSPACE/DATASETS/CodecFake/train/F03_p313_233.wav,3
/USERSPACE/DATASETS/CodecFake/train/F03_SSB07580303.wav,3
/USERSPACE/DATASETS/CodecFake/train/F03_SSB07020233.wav,3
/USERSPACE/DATASETS/CodecFake/train/F03_SSB12210144.wav,3
/USERSPACE/DATASETS/CodecFake/train/F03_SSB15630196.wav,3
/USERSPACE/DATASETS/CodecFake/train/F03_SSB00120294.wav,3
/USERSPACE/DATASETS/CodecFake/train/F03_SSB03380084.wav,3
/USERSPACE/DATASETS/CodecFake/train/F03_SSB10240276.wav,3
/USERSPACE/DATASETS/CodecFake/train/F03_SSB19020202.wav,3
/USERSPACE/DATASETS/CodecFake/train/F03_p330_274.wav,3
/USERSPACE/DATASETS/CodecFake/train/F03_SSB01930094.wav,3
/USERSPACE/DATASETS/CodecFake/train/F03_SSB03930200.wav,3
/USERSPACE/DATASETS/CodecFake/train/F03_p299_121.wav,3
/USERSPACE/DATASETS/CodecFake/train/F03_SSB07510467.wav,3
/USERSPACE/DATASETS/CodecFake/train/F03_SSB03800201.wav,3
/USERSPACE/DATASETS/CodecFake/train/F03_p323_419.wav,3
/USERSPACE/DATASETS/CodecFake/train/F03_p316_328.wav,3
/USERSPACE/DATASETS/CodecFake/train/F03_p345_062.wav,3
/USERSPACE/DATASETS/CodecFake/train/F03_SSB00430096.wav,3
/USERSPACE/DATASETS/CodecFake/train/F03_SSB09190363.wav,3
/USERSPACE/DATASETS/CodecFake/train/F03_SSB07510264.wav,3
/USERSPACE/DATASETS/CodecFake/train/F03_SSB00120074.wav,3
/USERSPACE/DATASETS/CodecFake/train/F03_SSB00800376.wav,3
/USERSPACE/DATASETS/CodecFake/train/F03_p345_067.wav,3
/USERSPACE/DATASETS/CodecFake/train/F03_SSB06230135.wav,3
/USERSPACE/DATASETS/CodecFake/train/F03_p265_061.wav,3
/USERSPACE/DATASETS/CodecFake/train/F03_p247_212.wav,3
/USERSPACE/DATASETS/CodecFake/train/F03_p272_406.wav,3
/USERSPACE/DATASETS/CodecFake/train/F03_SSB03410157.wav,3
/USERSPACE/DATASETS/CodecFake/train/F03_p347_034.wav,3
/USERSPACE/DATASETS/CodecFake/train/F03_SSB06320248.wav,3
/USERSPACE/DATASETS/CodecFake/train/F03_SSB09130092.wav,3
/USERSPACE/DATASETS/CodecFake/train/F03_p227_060.wav,3
/USERSPACE/DATASETS/CodecFake/train/F03_SSB06660404.wav,3
/USERSPACE/DATASETS/CodecFake/train/F03_SSB00330483.wav,3
/USERSPACE/DATASETS/CodecFake/train/F03_SSB03380187.wav,3
/USERSPACE/DATASETS/CodecFake/train/F03_SSB19350310.wav,3
/USERSPACE/DATASETS/CodecFake/train/F03_SSB03660187.wav,3
/USERSPACE/DATASETS/CodecFake/train/F03_SSB10000327.wav,3
/USERSPACE/DATASETS/CodecFake/train/F03_p282_215.wav,3
/USERSPACE/DATASETS/CodecFake/train/F03_SSB11760160.wav,3
/USERSPACE/DATASETS/CodecFake/train/F03_p270_007.wav,3
/USERSPACE/DATASETS/CodecFake/train/F03_SSB06710494.wav,3
/USERSPACE/DATASETS/CodecFake/train/F03_SSB17110129.wav,3
/USERSPACE/DATASETS/CodecFake/train/F03_SSB02410082.wav,3
/USERSPACE/DATASETS/CodecFake/train/F03_SSB05940009.wav,3
/USERSPACE/DATASETS/CodecFake/train/F03_p302_144.wav,3
/USERSPACE/DATASETS/CodecFake/train/F03_p268_073.wav,3
/USERSPACE/DATASETS/CodecFake/train/F03_SSB16240365.wav,3
/USERSPACE/DATASETS/CodecFake/train/F03_p329_142.wav,3
/USERSPACE/DATASETS/CodecFake/train/F03_p312_312.wav,3
/USERSPACE/DATASETS/CodecFake/train/F03_p299_105.wav,3
/USERSPACE/DATASETS/CodecFake/train/F03_p278_280.wav,3
/USERSPACE/DATASETS/CodecFake/train/F03_SSB01120263.wav,3
/USERSPACE/DATASETS/CodecFake/train/F03_p273_336.wav,3
/USERSPACE/DATASETS/CodecFake/train/F03_SSB06030035.wav,3
/USERSPACE/DATASETS/CodecFake/train/F03_SSB10010005.wav,3
/USERSPACE/DATASETS/CodecFake/train/F03_p302_165.wav,3
/USERSPACE/DATASETS/CodecFake/train/F03_SSB16250257.wav,3
/USERSPACE/DATASETS/CodecFake/train/F03_SSB03750446.wav,3
/USERSPACE/DATASETS/CodecFake/train/F03_p239_454.wav,3
/USERSPACE/DATASETS/CodecFake/train/F03_SSB06060398.wav,3
/USERSPACE/DATASETS/CodecFake/train/F03_SSB00380474.wav,3
/USERSPACE/DATASETS/CodecFake/train/F03_p330_180.wav,3
/USERSPACE/DATASETS/CodecFake/train/F03_SSB03540302.wav,3
/USERSPACE/DATASETS/CodecFake/train/F03_p343_335.wav,3
/USERSPACE/DATASETS/CodecFake/train/F03_SSB02670231.wav,3
/USERSPACE/DATASETS/CodecFake/train/F03_SSB19180063.wav,3
/USERSPACE/DATASETS/CodecFake/train/F03_SSB12530175.wav,3
/USERSPACE/DATASETS/CodecFake/train/F03_p336_364.wav,3
/USERSPACE/DATASETS/CodecFake/train/F03_SSB09870304.wav,3
/USERSPACE/DATASETS/CodecFake/train/F03_SSB08220065.wav,3
/USERSPACE/DATASETS/CodecFake/train/F03_p281_342.wav,3
/USERSPACE/DATASETS/CodecFake/train/F03_p268_371.wav,3
/USERSPACE/DATASETS/CodecFake/train/F03_SSB03410463.wav,3
/USERSPACE/DATASETS/CodecFake/train/F03_SSB03160363.wav,3
/USERSPACE/DATASETS/CodecFake/train/F03_SSB04070396.wav,3
/USERSPACE/DATASETS/CodecFake/train/F03_p241_023.wav,3
/USERSPACE/DATASETS/CodecFake/train/F03_SSB05880490.wav,3
/USERSPACE/DATASETS/CodecFake/train/F03_SSB00090168.wav,3
/USERSPACE/DATASETS/CodecFake/train/F03_SSB04350094.wav,3
/USERSPACE/DATASETS/CodecFake/train/F03_SSB18320291.wav,3
/USERSPACE/DATASETS/CodecFake/train/F03_p343_360.wav,3
/USERSPACE/DATASETS/CodecFake/train/F03_SSB08220222.wav,3
/USERSPACE/DATASETS/CodecFake/train/F03_SSB06930153.wav,3
/USERSPACE/DATASETS/CodecFake/train/F03_SSB16070335.wav,3
/USERSPACE/DATASETS/CodecFake/train/F03_SSB19560352.wav,3
/USERSPACE/DATASETS/CodecFake/train/F03_p318_367.wav,3
/USERSPACE/DATASETS/CodecFake/train/F03_SSB18320152.wav,3
/USERSPACE/DATASETS/CodecFake/train/F03_p341_353.wav,3
/USERSPACE/DATASETS/CodecFake/train/F03_SSB15670438.wav,3
/USERSPACE/DATASETS/CodecFake/train/F03_SSB19350230.wav,3
/USERSPACE/DATASETS/CodecFake/train/F03_p363_132.wav,3
/USERSPACE/DATASETS/CodecFake/train/F03_p304_413.wav,3
/USERSPACE/DATASETS/CodecFake/train/F03_SSB15550195.wav,3
/USERSPACE/DATASETS/CodecFake/train/F03_SSB09190336.wav,3
/USERSPACE/DATASETS/CodecFake/train/F03_SSB01220437.wav,3
/USERSPACE/DATASETS/CodecFake/train/F03_SSB10240319.wav,3
/USERSPACE/DATASETS/CodecFake/train/F03_SSB02990395.wav,3
/USERSPACE/DATASETS/CodecFake/train/F03_SSB13820455.wav,3
/USERSPACE/DATASETS/CodecFake/train/F03_p287_169.wav,3
/USERSPACE/DATASETS/CodecFake/train/F03_SSB13400025.wav,3
/USERSPACE/DATASETS/CodecFake/train/F03_p347_013.wav,3
/USERSPACE/DATASETS/CodecFake/train/F03_p286_167.wav,3
/USERSPACE/DATASETS/CodecFake/train/F03_SSB04340140.wav,3
/USERSPACE/DATASETS/CodecFake/train/F03_SSB07170066.wav,3
/USERSPACE/DATASETS/CodecFake/train/F03_p258_030.wav,3
/USERSPACE/DATASETS/CodecFake/train/F03_SSB18100068.wav,3
/USERSPACE/DATASETS/CodecFake/train/F03_SSB07110232.wav,3
/USERSPACE/DATASETS/CodecFake/train/F03_SSB08630300.wav,3
/USERSPACE/DATASETS/CodecFake/train/F03_p233_259.wav,3
/USERSPACE/DATASETS/CodecFake/train/F03_SSB10560346.wav,3
/USERSPACE/DATASETS/CodecFake/train/F03_p293_077.wav,3
/USERSPACE/DATASETS/CodecFake/train/F03_p351_205.wav,3
/USERSPACE/DATASETS/CodecFake/train/F03_SSB02990079.wav,3
/USERSPACE/DATASETS/CodecFake/train/F03_SSB05780168.wav,3
/USERSPACE/DATASETS/CodecFake/train/F03_SSB03230448.wav,3
/USERSPACE/DATASETS/CodecFake/train/F03_SSB07940020.wav,3
/USERSPACE/DATASETS/CodecFake/train/F03_SSB13020246.wav,3
/USERSPACE/DATASETS/CodecFake/train/F03_SSB18370021.wav,3
/USERSPACE/DATASETS/CodecFake/train/F03_SSB03790496.wav,3
/USERSPACE/DATASETS/CodecFake/train/F03_SSB07170466.wav,3
/USERSPACE/DATASETS/CodecFake/train/F03_SSB11000352.wav,3
/USERSPACE/DATASETS/CodecFake/train/F03_SSB05440162.wav,3
/USERSPACE/DATASETS/CodecFake/train/F03_SSB05900373.wav,3
/USERSPACE/DATASETS/CodecFake/train/F03_p230_042.wav,3
/USERSPACE/DATASETS/CodecFake/train/F03_SSB08090047.wav,3
/USERSPACE/DATASETS/CodecFake/train/F03_SSB05940025.wav,3
/USERSPACE/DATASETS/CodecFake/train/F03_SSB07860188.wav,3
/USERSPACE/DATASETS/CodecFake/train/F03_SSB06010308.wav,3
/USERSPACE/DATASETS/CodecFake/train/F03_p299_278.wav,3
/USERSPACE/DATASETS/CodecFake/train/F03_SSB19390005.wav,3
/USERSPACE/DATASETS/CodecFake/train/F03_SSB07600089.wav,3
/USERSPACE/DATASETS/CodecFake/train/F03_p240_123.wav,3
/USERSPACE/DATASETS/CodecFake/train/F03_SSB06320043.wav,3
/USERSPACE/DATASETS/CodecFake/train/F03_p259_216.wav,3
/USERSPACE/DATASETS/CodecFake/train/F03_SSB18720289.wav,3
/USERSPACE/DATASETS/CodecFake/train/F03_SSB07620298.wav,3
/USERSPACE/DATASETS/CodecFake/train/F03_SSB07510098.wav,3
/USERSPACE/DATASETS/CodecFake/train/F03_SSB07620394.wav,3
/USERSPACE/DATASETS/CodecFake/train/F03_p295_147.wav,3
/USERSPACE/DATASETS/CodecFake/train/F03_SSB07490017.wav,3
/USERSPACE/DATASETS/CodecFake/train/F03_SSB18780258.wav,3
/USERSPACE/DATASETS/CodecFake/train/F03_p245_353.wav,3
/USERSPACE/DATASETS/CodecFake/train/F03_p276_326.wav,3
/USERSPACE/DATASETS/CodecFake/train/F03_SSB01970171.wav,3
/USERSPACE/DATASETS/CodecFake/train/F03_SSB09660026.wav,3
/USERSPACE/DATASETS/CodecFake/train/F03_SSB02410062.wav,3
/USERSPACE/DATASETS/CodecFake/train/F03_SSB00380311.wav,3
/USERSPACE/DATASETS/CodecFake/train/F03_SSB06060445.wav,3
/USERSPACE/DATASETS/CodecFake/train/F03_SSB18910040.wav,3
/USERSPACE/DATASETS/CodecFake/train/F03_SSB15630287.wav,3
/USERSPACE/DATASETS/CodecFake/train/F03_p229_200.wav,3
/USERSPACE/DATASETS/CodecFake/train/F03_p314_032.wav,3
/USERSPACE/DATASETS/CodecFake/train/F03_SSB03420342.wav,3
/USERSPACE/DATASETS/CodecFake/train/F03_SSB14310435.wav,3
/USERSPACE/DATASETS/CodecFake/train/F03_SSB07020116.wav,3
/USERSPACE/DATASETS/CodecFake/train/F03_p308_149.wav,3
/USERSPACE/DATASETS/CodecFake/train/F03_SSB03750223.wav,3
/USERSPACE/DATASETS/CodecFake/train/F03_p247_252.wav,3
/USERSPACE/DATASETS/CodecFake/train/F03_SSB01390390.wav,3
/USERSPACE/DATASETS/CodecFake/train/F03_SSB02880227.wav,3
/USERSPACE/DATASETS/CodecFake/train/F03_SSB03070483.wav,3
/USERSPACE/DATASETS/CodecFake/train/F03_SSB11380048.wav,3
/USERSPACE/DATASETS/CodecFake/train/F03_SSB13280064.wav,3
/USERSPACE/DATASETS/CodecFake/train/F03_SSB04340126.wav,3
/USERSPACE/DATASETS/CodecFake/train/F03_p239_035.wav,3
/USERSPACE/DATASETS/CodecFake/train/F03_p264_298.wav,3
/USERSPACE/DATASETS/CodecFake/train/F03_SSB06660094.wav,3
/USERSPACE/DATASETS/CodecFake/train/F03_SSB07480204.wav,3
/USERSPACE/DATASETS/CodecFake/train/F03_SSB19350328.wav,3
/USERSPACE/DATASETS/CodecFake/train/F03_p299_289.wav,3
/USERSPACE/DATASETS/CodecFake/train/F03_SSB13220293.wav,3
/USERSPACE/DATASETS/CodecFake/train/F03_p264_428.wav,3
/USERSPACE/DATASETS/CodecFake/train/F03_SSB07100291.wav,3
/USERSPACE/DATASETS/CodecFake/train/F03_SSB06090228.wav,3
/USERSPACE/DATASETS/CodecFake/train/F03_SSB03150158.wav,3
/USERSPACE/DATASETS/CodecFake/train/F03_SSB16990441.wav,3
/USERSPACE/DATASETS/CodecFake/train/F03_SSB00050229.wav,3
/USERSPACE/DATASETS/CodecFake/train/F03_SSB04070334.wav,3
/USERSPACE/DATASETS/CodecFake/train/F03_p248_137.wav,3
/USERSPACE/DATASETS/CodecFake/train/F03_SSB06070016.wav,3
/USERSPACE/DATASETS/CodecFake/train/F03_p233_297.wav,3
/USERSPACE/DATASETS/CodecFake/train/F03_SSB05700200.wav,3
/USERSPACE/DATASETS/CodecFake/train/F03_SSB10960051.wav,3
/USERSPACE/DATASETS/CodecFake/train/F03_p273_266.wav,3
/USERSPACE/DATASETS/CodecFake/train/F03_p301_150.wav,3
/USERSPACE/DATASETS/CodecFake/train/F03_p362_008.wav,3
/USERSPACE/DATASETS/CodecFake/train/F03_SSB11870210.wav,3
/USERSPACE/DATASETS/CodecFake/train/F03_SSB01390026.wav,3
/USERSPACE/DATASETS/CodecFake/train/F03_SSB06090213.wav,3
/USERSPACE/DATASETS/CodecFake/train/F03_SSB06010404.wav,3
/USERSPACE/DATASETS/CodecFake/train/F03_p329_375.wav,3
/USERSPACE/DATASETS/CodecFake/train/F03_SSB02410169.wav,3
/USERSPACE/DATASETS/CodecFake/train/F03_p237_252.wav,3
/USERSPACE/DATASETS/CodecFake/train/F03_p284_104.wav,3
/USERSPACE/DATASETS/CodecFake/train/F03_SSB13020305.wav,3
/USERSPACE/DATASETS/CodecFake/train/F03_SSB14310125.wav,3
/USERSPACE/DATASETS/CodecFake/train/F03_SSB10550127.wav,3
/USERSPACE/DATASETS/CodecFake/train/F03_SSB15630263.wav,3
/USERSPACE/DATASETS/CodecFake/train/F03_p238_177.wav,3
/USERSPACE/DATASETS/CodecFake/train/F03_SSB07600293.wav,3
/USERSPACE/DATASETS/CodecFake/train/F03_SSB03950342.wav,3
/USERSPACE/DATASETS/CodecFake/train/F03_SSB12740131.wav,3
/USERSPACE/DATASETS/CodecFake/train/F03_p229_083.wav,3
/USERSPACE/DATASETS/CodecFake/train/F03_SSB03410481.wav,3
/USERSPACE/DATASETS/CodecFake/train/F03_p245_241.wav,3
/USERSPACE/DATASETS/CodecFake/train/F03_p269_288.wav,3
/USERSPACE/DATASETS/CodecFake/train/F03_SSB04340073.wav,3
/USERSPACE/DATASETS/CodecFake/train/F03_SSB05780292.wav,3
/USERSPACE/DATASETS/CodecFake/train/F03_p313_227.wav,3
/USERSPACE/DATASETS/CodecFake/train/F03_SSB08710068.wav,3
/USERSPACE/DATASETS/CodecFake/train/F03_SSB10910431.wav,3
/USERSPACE/DATASETS/CodecFake/train/F03_SSB03150378.wav,3
/USERSPACE/DATASETS/CodecFake/train/F03_SSB08870180.wav,3
/USERSPACE/DATASETS/CodecFake/train/F03_SSB11150191.wav,3
/USERSPACE/DATASETS/CodecFake/train/F03_SSB07370450.wav,3
/USERSPACE/DATASETS/CodecFake/train/F03_p251_101.wav,3
/USERSPACE/DATASETS/CodecFake/train/F03_p251_308.wav,3
/USERSPACE/DATASETS/CodecFake/train/F03_p295_312.wav,3
/USERSPACE/DATASETS/CodecFake/train/F03_SSB13990182.wav,3
/USERSPACE/DATASETS/CodecFake/train/F03_SSB16840194.wav,3
/USERSPACE/DATASETS/CodecFake/train/F03_p248_263.wav,3
/USERSPACE/DATASETS/CodecFake/train/F03_SSB14520099.wav,3
/USERSPACE/DATASETS/CodecFake/train/F03_SSB05940398.wav,3
/USERSPACE/DATASETS/CodecFake/train/F03_SSB03420419.wav,3
/USERSPACE/DATASETS/CodecFake/train/F03_SSB18320257.wav,3
/USERSPACE/DATASETS/CodecFake/train/F03_p230_311.wav,3
/USERSPACE/DATASETS/CodecFake/train/F03_p300_278.wav,3
/USERSPACE/DATASETS/CodecFake/train/F03_SSB04350336.wav,3
/USERSPACE/DATASETS/CodecFake/train/F03_SSB13410335.wav,3
/USERSPACE/DATASETS/CodecFake/train/F03_SSB12040127.wav,3
/USERSPACE/DATASETS/CodecFake/train/F03_p343_263.wav,3
/USERSPACE/DATASETS/CodecFake/train/F03_p239_371.wav,3
/USERSPACE/DATASETS/CodecFake/train/F03_p255_064.wav,3
/USERSPACE/DATASETS/CodecFake/train/F03_SSB07460101.wav,3
/USERSPACE/DATASETS/CodecFake/train/F03_SSB04150366.wav,3
/USERSPACE/DATASETS/CodecFake/train/F03_p268_149.wav,3
/USERSPACE/DATASETS/CodecFake/train/F03_p292_058.wav,3
/USERSPACE/DATASETS/CodecFake/train/F03_p232_163.wav,3
/USERSPACE/DATASETS/CodecFake/train/F03_SSB06710364.wav,3
/USERSPACE/DATASETS/CodecFake/train/F03_SSB10560428.wav,3
/USERSPACE/DATASETS/CodecFake/train/F03_p256_159.wav,3
/USERSPACE/DATASETS/CodecFake/train/F03_SSB06860263.wav,3
/USERSPACE/DATASETS/CodecFake/train/F03_SSB03790306.wav,3
/USERSPACE/DATASETS/CodecFake/train/F03_SSB06710102.wav,3
/USERSPACE/DATASETS/CodecFake/train/F03_p341_038.wav,3
/USERSPACE/DATASETS/CodecFake/train/F03_SSB07000232.wav,3
/USERSPACE/DATASETS/CodecFake/train/F03_SSB15670359.wav,3
/USERSPACE/DATASETS/CodecFake/train/F03_SSB02730400.wav,3
/USERSPACE/DATASETS/CodecFake/train/F03_SSB07110500.wav,3
/USERSPACE/DATASETS/CodecFake/train/F03_p341_012.wav,3
/USERSPACE/DATASETS/CodecFake/train/F03_SSB06070043.wav,3
/USERSPACE/DATASETS/CodecFake/train/F03_SSB19180412.wav,3
/USERSPACE/DATASETS/CodecFake/train/F03_p236_217.wav,3
/USERSPACE/DATASETS/CodecFake/train/F03_SSB07490212.wav,3
/USERSPACE/DATASETS/CodecFake/train/F03_SSB04700280.wav,3
/USERSPACE/DATASETS/CodecFake/train/F03_SSB03660019.wav,3
/USERSPACE/DATASETS/CodecFake/train/F03_p264_235.wav,3
/USERSPACE/DATASETS/CodecFake/train/F03_SSB10240317.wav,3
/USERSPACE/DATASETS/CodecFake/train/F03_SSB07860326.wav,3
/USERSPACE/DATASETS/CodecFake/train/F03_SSB06060296.wav,3
/USERSPACE/DATASETS/CodecFake/train/F03_p326_062.wav,3
/USERSPACE/DATASETS/CodecFake/train/F03_p227_390.wav,3
/USERSPACE/DATASETS/CodecFake/train/F03_SSB10550465.wav,3
/USERSPACE/DATASETS/CodecFake/train/F03_SSB03380047.wav,3
/USERSPACE/DATASETS/CodecFake/train/F03_p250_376.wav,3
/USERSPACE/DATASETS/CodecFake/train/F03_SSB04350466.wav,3
/USERSPACE/DATASETS/CodecFake/train/F03_SSB10960263.wav,3
/USERSPACE/DATASETS/CodecFake/train/F03_SSB05350391.wav,3
/USERSPACE/DATASETS/CodecFake/train/F03_SSB04150182.wav,3
/USERSPACE/DATASETS/CodecFake/train/F03_SSB18100313.wav,3
/USERSPACE/DATASETS/CodecFake/train/F03_SSB10010067.wav,3
/USERSPACE/DATASETS/CodecFake/train/F03_SSB07460346.wav,3
/USERSPACE/DATASETS/CodecFake/train/F03_SSB18630292.wav,3
/USERSPACE/DATASETS/CodecFake/train/F03_SSB04820462.wav,3
/USERSPACE/DATASETS/CodecFake/train/F03_SSB03790172.wav,3
/USERSPACE/DATASETS/CodecFake/train/F03_p311_398.wav,3
/USERSPACE/DATASETS/CodecFake/train/F03_SSB01490158.wav,3
/USERSPACE/DATASETS/CodecFake/train/F03_p299_315.wav,3
/USERSPACE/DATASETS/CodecFake/train/F03_SSB11000292.wav,3
/USERSPACE/DATASETS/CodecFake/train/F03_SSB10080468.wav,3
/USERSPACE/DATASETS/CodecFake/train/F03_p251_181.wav,3
/USERSPACE/DATASETS/CodecFake/train/F03_p276_161.wav,3
/USERSPACE/DATASETS/CodecFake/train/F03_p273_281.wav,3
/USERSPACE/DATASETS/CodecFake/train/F03_SSB02880454.wav,3
/USERSPACE/DATASETS/CodecFake/train/F03_p251_279.wav,3
/USERSPACE/DATASETS/CodecFake/train/F03_SSB10640129.wav,3
/USERSPACE/DATASETS/CodecFake/train/F03_SSB15670421.wav,3
/USERSPACE/DATASETS/CodecFake/train/F03_SSB14480042.wav,3
/USERSPACE/DATASETS/CodecFake/train/F03_SSB13920236.wav,3
/USERSPACE/DATASETS/CodecFake/train/F03_SSB13930428.wav,3
/USERSPACE/DATASETS/CodecFake/train/F03_SSB18780482.wav,3
/USERSPACE/DATASETS/CodecFake/train/F03_SSB09870345.wav,3
/USERSPACE/DATASETS/CodecFake/train/F03_SSB04070244.wav,3
/USERSPACE/DATASETS/CodecFake/train/F03_SSB01220474.wav,3
/USERSPACE/DATASETS/CodecFake/train/F03_SSB05340258.wav,3
/USERSPACE/DATASETS/CodecFake/train/F03_p313_330.wav,3
/USERSPACE/DATASETS/CodecFake/train/F03_p226_136.wav,3
/USERSPACE/DATASETS/CodecFake/train/F03_p294_168.wav,3
/USERSPACE/DATASETS/CodecFake/train/F03_p285_328.wav,3
/USERSPACE/DATASETS/CodecFake/train/F03_p236_485.wav,3
/USERSPACE/DATASETS/CodecFake/train/F03_p272_319.wav,3
/USERSPACE/DATASETS/CodecFake/train/F03_SSB12530210.wav,3
/USERSPACE/DATASETS/CodecFake/train/F03_p347_306.wav,3
/USERSPACE/DATASETS/CodecFake/train/F03_SSB07580308.wav,3
/USERSPACE/DATASETS/CodecFake/train/F03_p278_009.wav,3
/USERSPACE/DATASETS/CodecFake/train/F03_SSB10020172.wav,3
/USERSPACE/DATASETS/CodecFake/train/F03_SSB11610134.wav,3
/USERSPACE/DATASETS/CodecFake/train/F03_p269_346.wav,3
/USERSPACE/DATASETS/CodecFake/train/F03_SSB07480448.wav,3
/USERSPACE/DATASETS/CodecFake/train/F03_SSB07510332.wav,3
/USERSPACE/DATASETS/CodecFake/train/F03_SSB03160146.wav,3
/USERSPACE/DATASETS/CodecFake/train/F03_SSB11100485.wav,3
/USERSPACE/DATASETS/CodecFake/train/F03_SSB13820326.wav,3
/USERSPACE/DATASETS/CodecFake/train/F03_SSB18780346.wav,3
/USERSPACE/DATASETS/CodecFake/train/F03_p293_340.wav,3
/USERSPACE/DATASETS/CodecFake/train/F03_SSB10960261.wav,3
/USERSPACE/DATASETS/CodecFake/train/F03_SSB05940151.wav,3
/USERSPACE/DATASETS/CodecFake/train/F03_SSB07230059.wav,3
/USERSPACE/DATASETS/CodecFake/train/F03_SSB10200194.wav,3
/USERSPACE/DATASETS/CodecFake/train/F03_SSB09970441.wav,3
/USERSPACE/DATASETS/CodecFake/train/F03_SSB02460112.wav,3
/USERSPACE/DATASETS/CodecFake/train/F03_p239_457.wav,3
/USERSPACE/DATASETS/CodecFake/train/F03_p271_094.wav,3
/USERSPACE/DATASETS/CodecFake/train/F03_SSB19180407.wav,3
/USERSPACE/DATASETS/CodecFake/train/F03_SSB02990399.wav,3
/USERSPACE/DATASETS/CodecFake/train/F03_p302_262.wav,3
/USERSPACE/DATASETS/CodecFake/train/F03_SSB01970098.wav,3
/USERSPACE/DATASETS/CodecFake/train/F03_SSB03800425.wav,3
/USERSPACE/DATASETS/CodecFake/train/F03_SSB18280326.wav,3
/USERSPACE/DATASETS/CodecFake/train/F03_p329_307.wav,3
/USERSPACE/DATASETS/CodecFake/train/F03_p273_373.wav,3
/USERSPACE/DATASETS/CodecFake/train/F03_SSB03540454.wav,3
/USERSPACE/DATASETS/CodecFake/train/F03_p281_108.wav,3
/USERSPACE/DATASETS/CodecFake/train/F03_SSB10550469.wav,3
/USERSPACE/DATASETS/CodecFake/train/F03_SSB09930472.wav,3
/USERSPACE/DATASETS/CodecFake/train/F03_p339_420.wav,3
/USERSPACE/DATASETS/CodecFake/train/F03_p294_245.wav,3
/USERSPACE/DATASETS/CodecFake/train/F03_SSB06010362.wav,3
/USERSPACE/DATASETS/CodecFake/train/F03_SSB03420063.wav,3
/USERSPACE/DATASETS/CodecFake/train/F03_SSB14310086.wav,3
/USERSPACE/DATASETS/CodecFake/train/F03_SSB07170123.wav,3
/USERSPACE/DATASETS/CodecFake/train/F03_SSB18370179.wav,3
/USERSPACE/DATASETS/CodecFake/train/F03_SSB03850058.wav,3
/USERSPACE/DATASETS/CodecFake/train/F03_p326_381.wav,3
/USERSPACE/DATASETS/CodecFake/train/F03_SSB10720005.wav,3
/USERSPACE/DATASETS/CodecFake/train/F03_SSB11260335.wav,3
/USERSPACE/DATASETS/CodecFake/train/F03_p340_150.wav,3
/USERSPACE/DATASETS/CodecFake/train/F03_SSB05700449.wav,3
/USERSPACE/DATASETS/CodecFake/train/F03_p240_064.wav,3
/USERSPACE/DATASETS/CodecFake/train/F03_p259_131.wav,3
/USERSPACE/DATASETS/CodecFake/train/F03_p341_334.wav,3
/USERSPACE/DATASETS/CodecFake/train/F03_SSB08710114.wav,3
/USERSPACE/DATASETS/CodecFake/train/F03_p273_123.wav,3
/USERSPACE/DATASETS/CodecFake/train/F03_p269_010.wav,3
/USERSPACE/DATASETS/CodecFake/train/F03_SSB04270128.wav,3
/USERSPACE/DATASETS/CodecFake/train/F03_SSB11870194.wav,3
/USERSPACE/DATASETS/CodecFake/train/F03_SSB16500094.wav,3
/USERSPACE/DATASETS/CodecFake/train/F03_p263_103.wav,3
/USERSPACE/DATASETS/CodecFake/train/F03_SSB10000062.wav,3
/USERSPACE/DATASETS/CodecFake/train/F03_SSB02990187.wav,3
/USERSPACE/DATASETS/CodecFake/train/F03_SSB04340382.wav,3
/USERSPACE/DATASETS/CodecFake/train/F03_p335_327.wav,3
/USERSPACE/DATASETS/CodecFake/train/F03_p276_412.wav,3
/USERSPACE/DATASETS/CodecFake/train/F03_SSB10960439.wav,3
/USERSPACE/DATASETS/CodecFake/train/F03_SSB11760215.wav,3
/USERSPACE/DATASETS/CodecFake/train/F03_SSB12530474.wav,3
/USERSPACE/DATASETS/CodecFake/train/F03_SSB06090473.wav,3
/USERSPACE/DATASETS/CodecFake/train/F03_SSB00730265.wav,3
/USERSPACE/DATASETS/CodecFake/train/F03_SSB01450408.wav,3
/USERSPACE/DATASETS/CodecFake/train/F03_SSB16700057.wav,3
/USERSPACE/DATASETS/CodecFake/train/F03_SSB00730237.wav,3
/USERSPACE/DATASETS/CodecFake/train/F03_SSB07480390.wav,3
/USERSPACE/DATASETS/CodecFake/train/F03_SSB16300200.wav,3
/USERSPACE/DATASETS/CodecFake/train/F03_p253_132.wav,3
/USERSPACE/DATASETS/CodecFake/train/F03_p282_023.wav,3
/USERSPACE/DATASETS/CodecFake/train/F03_SSB05940287.wav,3
/USERSPACE/DATASETS/CodecFake/train/F03_p297_215.wav,3
/USERSPACE/DATASETS/CodecFake/train/F03_SSB13850108.wav,3
/USERSPACE/DATASETS/CodecFake/train/F03_p258_328.wav,3
/USERSPACE/DATASETS/CodecFake/train/F03_SSB04340335.wav,3
/USERSPACE/DATASETS/CodecFake/train/F03_p225_279.wav,3
/USERSPACE/DATASETS/CodecFake/train/F03_SSB12190312.wav,3
/USERSPACE/DATASETS/CodecFake/train/F03_SSB15750241.wav,3
/USERSPACE/DATASETS/CodecFake/train/F03_SSB19180245.wav,3
/USERSPACE/DATASETS/CodecFake/train/F03_p250_330.wav,3
/USERSPACE/DATASETS/CodecFake/train/F03_p241_162.wav,3
/USERSPACE/DATASETS/CodecFake/train/F03_p257_225.wav,3
/USERSPACE/DATASETS/CodecFake/train/F03_p254_015.wav,3
/USERSPACE/DATASETS/CodecFake/train/F03_p333_086.wav,3
/USERSPACE/DATASETS/CodecFake/train/F03_SSB07360257.wav,3
/USERSPACE/DATASETS/CodecFake/train/F03_SSB14020215.wav,3
/USERSPACE/DATASETS/CodecFake/train/F03_SSB17820220.wav,3
/USERSPACE/DATASETS/CodecFake/train/F03_p310_402.wav,3
/USERSPACE/DATASETS/CodecFake/train/F03_SSB07620247.wav,3
/USERSPACE/DATASETS/CodecFake/train/F03_SSB18100066.wav,3
/USERSPACE/DATASETS/CodecFake/train/F03_SSB07510306.wav,3
/USERSPACE/DATASETS/CodecFake/train/F03_SSB14570180.wav,3
/USERSPACE/DATASETS/CodecFake/train/F03_SSB00380305.wav,3
/USERSPACE/DATASETS/CodecFake/train/F03_SSB07940327.wav,3
/USERSPACE/DATASETS/CodecFake/train/F03_p266_100.wav,3
/USERSPACE/DATASETS/CodecFake/train/F03_SSB16240373.wav,3
/USERSPACE/DATASETS/CodecFake/train/F03_SSB13410177.wav,3
/USERSPACE/DATASETS/CodecFake/train/F03_p225_124.wav,3
/USERSPACE/DATASETS/CodecFake/train/F03_SSB10910269.wav,3
/USERSPACE/DATASETS/CodecFake/train/F03_SSB04070479.wav,3
/USERSPACE/DATASETS/CodecFake/train/F03_SSB05900017.wav,3
/USERSPACE/DATASETS/CodecFake/train/F03_SSB00800107.wav,3
/USERSPACE/DATASETS/CodecFake/train/F03_SSB02880465.wav,3
/USERSPACE/DATASETS/CodecFake/train/F03_p294_328.wav,3
/USERSPACE/DATASETS/CodecFake/train/F03_p310_026.wav,3
/USERSPACE/DATASETS/CodecFake/train/F03_SSB02990233.wav,3
/USERSPACE/DATASETS/CodecFake/train/F03_SSB18780251.wav,3
/USERSPACE/DATASETS/CodecFake/train/F03_p275_382.wav,3
/USERSPACE/DATASETS/CodecFake/train/F03_SSB03380300.wav,3
/USERSPACE/DATASETS/CodecFake/train/F03_SSB11310121.wav,3
/USERSPACE/DATASETS/CodecFake/train/F03_SSB06930110.wav,3
/USERSPACE/DATASETS/CodecFake/train/F03_p239_058.wav,3
/USERSPACE/DATASETS/CodecFake/train/F03_SSB13660413.wav,3
/USERSPACE/DATASETS/CodecFake/train/F03_p303_169.wav,3
/USERSPACE/DATASETS/CodecFake/train/F03_SSB08630210.wav,3
/USERSPACE/DATASETS/CodecFake/train/F03_SSB07840341.wav,3
/USERSPACE/DATASETS/CodecFake/train/F03_SSB10010153.wav,3
/USERSPACE/DATASETS/CodecFake/train/F03_p312_310.wav,3
/USERSPACE/DATASETS/CodecFake/train/F03_p277_150.wav,3
/USERSPACE/DATASETS/CodecFake/train/F03_SSB07490081.wav,3
/USERSPACE/DATASETS/CodecFake/train/F03_SSB07840330.wav,3
/USERSPACE/DATASETS/CodecFake/train/F03_SSB02870284.wav,3
/USERSPACE/DATASETS/CodecFake/train/F03_p339_021.wav,3
/USERSPACE/DATASETS/CodecFake/train/F03_SSB03390404.wav,3
/USERSPACE/DATASETS/CodecFake/train/F03_SSB02990222.wav,3
/USERSPACE/DATASETS/CodecFake/train/F03_SSB11310365.wav,3
/USERSPACE/DATASETS/CodecFake/train/F03_SSB13850379.wav,3
/USERSPACE/DATASETS/CodecFake/train/F03_SSB18720142.wav,3
/USERSPACE/DATASETS/CodecFake/train/F03_SSB06140415.wav,3
/USERSPACE/DATASETS/CodecFake/train/F03_SSB00570302.wav,3
/USERSPACE/DATASETS/CodecFake/train/F03_p345_365.wav,3
/USERSPACE/DATASETS/CodecFake/train/F03_SSB12030220.wav,3
/USERSPACE/DATASETS/CodecFake/train/F03_p272_257.wav,3
/USERSPACE/DATASETS/CodecFake/train/F03_p311_414.wav,3
/USERSPACE/DATASETS/CodecFake/train/F03_SSB12030002.wav,3
/USERSPACE/DATASETS/CodecFake/train/F03_p294_208.wav,3
/USERSPACE/DATASETS/CodecFake/train/F03_SSB19020348.wav,3
/USERSPACE/DATASETS/CodecFake/train/F03_p251_122.wav,3
/USERSPACE/DATASETS/CodecFake/train/F03_SSB05990359.wav,3
/USERSPACE/DATASETS/CodecFake/train/F03_SSB06030272.wav,3
/USERSPACE/DATASETS/CodecFake/train/F03_p364_226.wav,3
/USERSPACE/DATASETS/CodecFake/train/F03_SSB12040060.wav,3
/USERSPACE/DATASETS/CodecFake/train/F03_SSB03930293.wav,3
/USERSPACE/DATASETS/CodecFake/train/F03_SSB10200502.wav,3
/USERSPACE/DATASETS/CodecFake/train/F03_SSB07100403.wav,3
/USERSPACE/DATASETS/CodecFake/train/F03_SSB01450053.wav,3
/USERSPACE/DATASETS/CodecFake/train/F03_SSB12390389.wav,3
/USERSPACE/DATASETS/CodecFake/train/F03_p275_247.wav,3
/USERSPACE/DATASETS/CodecFake/train/F03_SSB08630456.wav,3
/USERSPACE/DATASETS/CodecFake/train/F03_p280_227.wav,3
/USERSPACE/DATASETS/CodecFake/train/F03_p345_013.wav,3
/USERSPACE/DATASETS/CodecFake/train/F03_p269_124.wav,3
/USERSPACE/DATASETS/CodecFake/train/F03_SSB00800071.wav,3
/USERSPACE/DATASETS/CodecFake/train/F03_SSB10020249.wav,3
/USERSPACE/DATASETS/CodecFake/train/F03_SSB07200288.wav,3
/USERSPACE/DATASETS/CodecFake/train/F03_SSB05940280.wav,3
/USERSPACE/DATASETS/CodecFake/train/F03_p270_267.wav,3
/USERSPACE/DATASETS/CodecFake/train/F03_SSB01120437.wav,3
/USERSPACE/DATASETS/CodecFake/train/F03_SSB07160066.wav,3
/USERSPACE/DATASETS/CodecFake/train/F03_SSB07460058.wav,3
/USERSPACE/DATASETS/CodecFake/train/F03_p273_229.wav,3
/USERSPACE/DATASETS/CodecFake/train/F03_SSB09190132.wav,3
/USERSPACE/DATASETS/CodecFake/train/F03_SSB00110159.wav,3
/USERSPACE/DATASETS/CodecFake/train/F03_p254_369.wav,3
/USERSPACE/DATASETS/CodecFake/train/F03_SSB03940362.wav,3
/USERSPACE/DATASETS/CodecFake/train/F03_SSB07940004.wav,3
/USERSPACE/DATASETS/CodecFake/train/F03_p360_358.wav,3
/USERSPACE/DATASETS/CodecFake/train/F03_SSB03410177.wav,3
/USERSPACE/DATASETS/CodecFake/train/F03_SSB11310489.wav,3
/USERSPACE/DATASETS/CodecFake/train/F03_SSB01970059.wav,3
/USERSPACE/DATASETS/CodecFake/train/F03_p278_366.wav,3
/USERSPACE/DATASETS/CodecFake/train/F03_p277_383.wav,3
/USERSPACE/DATASETS/CodecFake/train/F03_SSB06860279.wav,3
/USERSPACE/DATASETS/CodecFake/train/F03_SSB07600222.wav,3
/USERSPACE/DATASETS/CodecFake/train/F03_p268_025.wav,3
/USERSPACE/DATASETS/CodecFake/train/F03_p263_006.wav,3
/USERSPACE/DATASETS/CodecFake/train/F03_p257_027.wav,3
/USERSPACE/DATASETS/CodecFake/train/F03_SSB12530358.wav,3
/USERSPACE/DATASETS/CodecFake/train/F03_p334_324.wav,3
/USERSPACE/DATASETS/CodecFake/train/F03_SSB06010247.wav,3
/USERSPACE/DATASETS/CodecFake/train/F03_SSB13020291.wav,3
/USERSPACE/DATASETS/CodecFake/train/F03_SSB04700020.wav,3
/USERSPACE/DATASETS/CodecFake/train/F03_SSB19390019.wav,3
/USERSPACE/DATASETS/CodecFake/train/F03_p287_099.wav,3
/USERSPACE/DATASETS/CodecFake/train/F03_p258_192.wav,3
/USERSPACE/DATASETS/CodecFake/train/F03_p351_242.wav,3
/USERSPACE/DATASETS/CodecFake/train/F03_SSB05650325.wav,3
/USERSPACE/DATASETS/CodecFake/train/F03_SSB10080195.wav,3
/USERSPACE/DATASETS/CodecFake/train/F03_SSB07110251.wav,3
/USERSPACE/DATASETS/CodecFake/train/F03_SSB05780351.wav,3
/USERSPACE/DATASETS/CodecFake/train/F03_SSB04820335.wav,3
/USERSPACE/DATASETS/CodecFake/train/F03_p249_335.wav,3
/USERSPACE/DATASETS/CodecFake/train/F03_SSB11260187.wav,3
/USERSPACE/DATASETS/CodecFake/train/F03_SSB13820303.wav,3
/USERSPACE/DATASETS/CodecFake/train/F03_p233_082.wav,3
/USERSPACE/DATASETS/CodecFake/train/F03_SSB03410095.wav,3
/USERSPACE/DATASETS/CodecFake/train/F03_SSB17820121.wav,3
/USERSPACE/DATASETS/CodecFake/train/F03_p329_163.wav,3
/USERSPACE/DATASETS/CodecFake/train/F03_SSB03940211.wav,3
/USERSPACE/DATASETS/CodecFake/train/F03_p267_111.wav,3
/USERSPACE/DATASETS/CodecFake/train/F03_p312_235.wav,3
/USERSPACE/DATASETS/CodecFake/train/F03_SSB03660120.wav,3
/USERSPACE/DATASETS/CodecFake/train/F03_SSB11760094.wav,3
/USERSPACE/DATASETS/CodecFake/train/F03_p314_244.wav,3
/USERSPACE/DATASETS/CodecFake/train/F03_SSB18910185.wav,3
/USERSPACE/DATASETS/CodecFake/train/F03_SSB01330327.wav,3
/USERSPACE/DATASETS/CodecFake/train/F03_SSB03070183.wav,3
/USERSPACE/DATASETS/CodecFake/train/F03_SSB07170232.wav,3
/USERSPACE/DATASETS/CodecFake/train/F03_p228_255.wav,3
/USERSPACE/DATASETS/CodecFake/train/F03_SSB00050252.wav,3
/USERSPACE/DATASETS/CodecFake/train/F03_SSB14370448.wav,3
/USERSPACE/DATASETS/CodecFake/train/F03_SSB06090419.wav,3
/USERSPACE/DATASETS/CodecFake/train/F03_SSB00330097.wav,3
/USERSPACE/DATASETS/CodecFake/train/F03_p294_099.wav,3
/USERSPACE/DATASETS/CodecFake/train/F03_p330_048.wav,3
/USERSPACE/DATASETS/CodecFake/train/F03_SSB11250151.wav,3
/USERSPACE/DATASETS/CodecFake/train/F03_SSB16300332.wav,3
/USERSPACE/DATASETS/CodecFake/train/F03_SSB06310318.wav,3
/USERSPACE/DATASETS/CodecFake/train/F03_p329_160.wav,3
/USERSPACE/DATASETS/CodecFake/train/F03_p278_075.wav,3
/USERSPACE/DATASETS/CodecFake/train/F03_p318_102.wav,3
/USERSPACE/DATASETS/CodecFake/train/F03_SSB15930182.wav,3
/USERSPACE/DATASETS/CodecFake/train/F03_SSB06230137.wav,3
/USERSPACE/DATASETS/CodecFake/train/F03_p295_391.wav,3
/USERSPACE/DATASETS/CodecFake/train/F03_SSB13200330.wav,3
/USERSPACE/DATASETS/CodecFake/train/F03_SSB07860223.wav,3
/USERSPACE/DATASETS/CodecFake/train/F03_SSB01120075.wav,3
/USERSPACE/DATASETS/CodecFake/train/F03_SSB01330129.wav,3
/USERSPACE/DATASETS/CodecFake/train/F03_SSB15550371.wav,3
/USERSPACE/DATASETS/CodecFake/train/F03_SSB13400308.wav,3
/USERSPACE/DATASETS/CodecFake/train/F03_p308_203.wav,3
/USERSPACE/DATASETS/CodecFake/train/F03_SSB03230032.wav,3
/USERSPACE/DATASETS/CodecFake/train/F03_SSB07360327.wav,3
/USERSPACE/DATASETS/CodecFake/train/F03_SSB00380440.wav,3
/USERSPACE/DATASETS/CodecFake/train/F03_p227_155.wav,3
/USERSPACE/DATASETS/CodecFake/train/F03_SSB02990467.wav,3
/USERSPACE/DATASETS/CodecFake/train/F03_p281_459.wav,3
/USERSPACE/DATASETS/CodecFake/train/F03_p312_344.wav,3
/USERSPACE/DATASETS/CodecFake/train/F03_SSB13220281.wav,3
/USERSPACE/DATASETS/CodecFake/train/F03_SSB01390061.wav,3
/USERSPACE/DATASETS/CodecFake/train/F03_SSB19020310.wav,3
/USERSPACE/DATASETS/CodecFake/train/F03_p310_223.wav,3
/USERSPACE/DATASETS/CodecFake/train/F03_SSB07800234.wav,3
/USERSPACE/DATASETS/CodecFake/train/F03_SSB07110348.wav,3
/USERSPACE/DATASETS/CodecFake/train/F03_p285_073.wav,3
/USERSPACE/DATASETS/CodecFake/train/F03_SSB04350358.wav,3
/USERSPACE/DATASETS/CodecFake/train/F03_p323_264.wav,3
/USERSPACE/DATASETS/CodecFake/train/F03_p244_182.wav,3
/USERSPACE/DATASETS/CodecFake/train/F03_p300_050.wav,3
/USERSPACE/DATASETS/CodecFake/train/F03_SSB16840089.wav,3
/USERSPACE/DATASETS/CodecFake/train/F03_SSB05650508.wav,3
/USERSPACE/DATASETS/CodecFake/train/F03_SSB02460325.wav,3
/USERSPACE/DATASETS/CodecFake/train/F03_p227_136.wav,3
/USERSPACE/DATASETS/CodecFake/train/F03_SSB13410014.wav,3
/USERSPACE/DATASETS/CodecFake/train/F03_SSB04700302.wav,3
/USERSPACE/DATASETS/CodecFake/train/F03_SSB10080398.wav,3
/USERSPACE/DATASETS/CodecFake/train/F03_SSB07200263.wav,3
/USERSPACE/DATASETS/CodecFake/train/F03_SSB03410116.wav,3
/USERSPACE/DATASETS/CodecFake/train/F03_SSB05990196.wav,3
/USERSPACE/DATASETS/CodecFake/train/F03_p343_366.wav,3
/USERSPACE/DATASETS/CodecFake/train/F03_p256_167.wav,3
/USERSPACE/DATASETS/CodecFake/train/F03_p287_117.wav,3
/USERSPACE/DATASETS/CodecFake/train/F03_SSB04350073.wav,3
/USERSPACE/DATASETS/CodecFake/train/F03_p376_272.wav,3
/USERSPACE/DATASETS/CodecFake/train/F03_p284_263.wav,3
/USERSPACE/DATASETS/CodecFake/train/F03_SSB05880262.wav,3
/USERSPACE/DATASETS/CodecFake/train/F03_SSB00120068.wav,3
/USERSPACE/DATASETS/CodecFake/train/F03_p333_006.wav,3
/USERSPACE/DATASETS/CodecFake/train/F03_SSB03410451.wav,3
/USERSPACE/DATASETS/CodecFake/train/F03_SSB05650461.wav,3
/USERSPACE/DATASETS/CodecFake/train/F03_SSB03750186.wav,3
/USERSPACE/DATASETS/CodecFake/train/F03_p238_051.wav,3
/USERSPACE/DATASETS/CodecFake/train/F03_SSB07490340.wav,3
/USERSPACE/DATASETS/CodecFake/train/F03_p250_277.wav,3
/USERSPACE/DATASETS/CodecFake/train/F03_p340_417.wav,3
/USERSPACE/DATASETS/CodecFake/train/F03_SSB07510259.wav,3
/USERSPACE/DATASETS/CodecFake/train/F03_SSB14480037.wav,3
/USERSPACE/DATASETS/CodecFake/train/F03_SSB11970018.wav,3
/USERSPACE/DATASETS/CodecFake/train/F03_SSB07170292.wav,3
/USERSPACE/DATASETS/CodecFake/train/F03_p317_194.wav,3
/USERSPACE/DATASETS/CodecFake/train/F03_SSB00380442.wav,3
/USERSPACE/DATASETS/CodecFake/train/F03_SSB07110168.wav,3
/USERSPACE/DATASETS/CodecFake/train/F03_SSB13920088.wav,3
/USERSPACE/DATASETS/CodecFake/train/F03_p287_131.wav,3
/USERSPACE/DATASETS/CodecFake/train/F03_SSB09350137.wav,3
/USERSPACE/DATASETS/CodecFake/train/F03_SSB10550219.wav,3
/USERSPACE/DATASETS/CodecFake/train/F03_p239_125.wav,3
/USERSPACE/DATASETS/CodecFake/train/F03_SSB13930254.wav,3
/USERSPACE/DATASETS/CodecFake/train/F03_SSB00110039.wav,3
/USERSPACE/DATASETS/CodecFake/train/F03_SSB06140286.wav,3
/USERSPACE/DATASETS/CodecFake/train/F03_p329_050.wav,3
/USERSPACE/DATASETS/CodecFake/train/F03_SSB02670148.wav,3
/USERSPACE/DATASETS/CodecFake/train/F03_p275_048.wav,3
/USERSPACE/DATASETS/CodecFake/train/F03_p283_376.wav,3
/USERSPACE/DATASETS/CodecFake/train/F03_SSB07620216.wav,3
/USERSPACE/DATASETS/CodecFake/train/F03_SSB01930395.wav,3
/USERSPACE/DATASETS/CodecFake/train/F03_p262_172.wav,3
/USERSPACE/DATASETS/CodecFake/train/F03_SSB16250427.wav,3
/USERSPACE/DATASETS/CodecFake/train/F03_SSB07580387.wav,3
/USERSPACE/DATASETS/CodecFake/train/F03_SSB12180196.wav,3
/USERSPACE/DATASETS/CodecFake/train/F03_SSB07490467.wav,3
/USERSPACE/DATASETS/CodecFake/train/F03_p277_109.wav,3
/USERSPACE/DATASETS/CodecFake/train/F03_SSB13280014.wav,3
/USERSPACE/DATASETS/CodecFake/train/F03_SSB13660129.wav,3
/USERSPACE/DATASETS/CodecFake/train/F03_SSB13770317.wav,3
/USERSPACE/DATASETS/CodecFake/train/F03_p252_047.wav,3
/USERSPACE/DATASETS/CodecFake/train/F03_SSB03070242.wav,3
/USERSPACE/DATASETS/CodecFake/train/F03_SSB07510356.wav,3
/USERSPACE/DATASETS/CodecFake/train/F03_SSB07110122.wav,3
/USERSPACE/DATASETS/CodecFake/train/F03_SSB13400279.wav,3
/USERSPACE/DATASETS/CodecFake/train/F03_SSB03850066.wav,3
/USERSPACE/DATASETS/CodecFake/train/F03_p233_021.wav,3
/USERSPACE/DATASETS/CodecFake/train/F03_SSB18910454.wav,3
/USERSPACE/DATASETS/CodecFake/train/F03_SSB03070013.wav,3
/USERSPACE/DATASETS/CodecFake/train/F03_SSB06320459.wav,3
/USERSPACE/DATASETS/CodecFake/train/F03_SSB05340117.wav,3
/USERSPACE/DATASETS/CodecFake/train/F03_SSB08090448.wav,3
/USERSPACE/DATASETS/CodecFake/train/F03_SSB07370069.wav,3
/USERSPACE/DATASETS/CodecFake/train/F03_SSB07460476.wav,3
/USERSPACE/DATASETS/CodecFake/train/F03_SSB00430366.wav,3
/USERSPACE/DATASETS/CodecFake/train/F03_p317_030.wav,3
/USERSPACE/DATASETS/CodecFake/train/F03_p298_303.wav,3
/USERSPACE/DATASETS/CodecFake/train/F03_SSB07510358.wav,3
/USERSPACE/DATASETS/CodecFake/train/F03_p312_243.wav,3
/USERSPACE/DATASETS/CodecFake/train/F03_p258_314.wav,3
/USERSPACE/DATASETS/CodecFake/train/F03_p307_189.wav,3
/USERSPACE/DATASETS/CodecFake/train/F03_p317_260.wav,3
/USERSPACE/DATASETS/CodecFake/train/F03_p307_245.wav,3
/USERSPACE/DATASETS/CodecFake/train/F03_p299_212.wav,3
/USERSPACE/DATASETS/CodecFake/train/F03_p232_365.wav,3
/USERSPACE/DATASETS/CodecFake/train/F03_SSB12530072.wav,3
/USERSPACE/DATASETS/CodecFake/train/F03_SSB05340249.wav,3
/USERSPACE/DATASETS/CodecFake/train/F03_SSB10640091.wav,3
/USERSPACE/DATASETS/CodecFake/train/F03_SSB11100065.wav,3
/USERSPACE/DATASETS/CodecFake/train/F03_p323_316.wav,3
/USERSPACE/DATASETS/CodecFake/train/F03_SSB11870025.wav,3
/USERSPACE/DATASETS/CodecFake/train/F03_SSB01220481.wav,3
/USERSPACE/DATASETS/CodecFake/train/F03_SSB16860441.wav,3
/USERSPACE/DATASETS/CodecFake/train/F03_SSB03230104.wav,3
/USERSPACE/DATASETS/CodecFake/train/F03_SSB10640174.wav,3
/USERSPACE/DATASETS/CodecFake/train/F03_p281_205.wav,3
/USERSPACE/DATASETS/CodecFake/train/F03_SSB15850486.wav,3
/USERSPACE/DATASETS/CodecFake/train/F03_SSB00570423.wav,3
/USERSPACE/DATASETS/CodecFake/train/F03_SSB09970022.wav,3
/USERSPACE/DATASETS/CodecFake/train/F03_p285_350.wav,3
/USERSPACE/DATASETS/CodecFake/train/F03_SSB13020483.wav,3
/USERSPACE/DATASETS/CodecFake/train/F03_SSB18720152.wav,3
/USERSPACE/DATASETS/CodecFake/train/F03_p304_179.wav,3
/USERSPACE/DATASETS/CodecFake/train/F03_SSB04340452.wav,3
/USERSPACE/DATASETS/CodecFake/train/F03_p255_301.wav,3
/USERSPACE/DATASETS/CodecFake/train/F03_SSB19020005.wav,3
/USERSPACE/DATASETS/CodecFake/train/F03_SSB00800241.wav,3
/USERSPACE/DATASETS/CodecFake/train/F03_SSB06860378.wav,3
/USERSPACE/DATASETS/CodecFake/train/F03_p257_084.wav,3
/USERSPACE/DATASETS/CodecFake/train/F03_SSB08220366.wav,3
/USERSPACE/DATASETS/CodecFake/train/F03_SSB18910008.wav,3
/USERSPACE/DATASETS/CodecFake/train/F03_p351_194.wav,3
/USERSPACE/DATASETS/CodecFake/train/F03_p287_319.wav,3
/USERSPACE/DATASETS/CodecFake/train/F03_SSB03850193.wav,3
/USERSPACE/DATASETS/CodecFake/train/F03_SSB04270096.wav,3
/USERSPACE/DATASETS/CodecFake/train/F03_SSB06140228.wav,3
/USERSPACE/DATASETS/CodecFake/train/F03_p314_298.wav,3
/USERSPACE/DATASETS/CodecFake/train/F03_p283_058.wav,3
/USERSPACE/DATASETS/CodecFake/train/F03_p336_041.wav,3
/USERSPACE/DATASETS/CodecFake/train/F03_p273_141.wav,3
/USERSPACE/DATASETS/CodecFake/train/F03_SSB05020280.wav,3
/USERSPACE/DATASETS/CodecFake/train/F03_SSB03790253.wav,3
/USERSPACE/DATASETS/CodecFake/train/F03_SSB04700075.wav,3
/USERSPACE/DATASETS/CodecFake/train/F03_SSB06310131.wav,3
/USERSPACE/DATASETS/CodecFake/train/F03_SSB02670158.wav,3
/USERSPACE/DATASETS/CodecFake/train/F03_p363_380.wav,3
/USERSPACE/DATASETS/CodecFake/train/F03_SSB03660303.wav,3
/USERSPACE/DATASETS/CodecFake/train/F03_SSB18090452.wav,3
/USERSPACE/DATASETS/CodecFake/train/F03_p229_141.wav,3
/USERSPACE/DATASETS/CodecFake/train/F03_p275_304.wav,3
/USERSPACE/DATASETS/CodecFake/train/F03_SSB15850294.wav,3
/USERSPACE/DATASETS/CodecFake/train/F03_SSB07840400.wav,3
/USERSPACE/DATASETS/CodecFake/train/F03_SSB01450321.wav,3
/USERSPACE/DATASETS/CodecFake/train/F03_SSB10010076.wav,3
/USERSPACE/DATASETS/CodecFake/train/F03_SSB11150390.wav,3
/USERSPACE/DATASETS/CodecFake/train/F03_SSB18370224.wav,3
/USERSPACE/DATASETS/CodecFake/train/F03_SSB18910132.wav,3
/USERSPACE/DATASETS/CodecFake/train/F03_p237_118.wav,3
/USERSPACE/DATASETS/CodecFake/train/F03_SSB19020385.wav,3
/USERSPACE/DATASETS/CodecFake/train/F03_p336_388.wav,3
/USERSPACE/DATASETS/CodecFake/train/F03_SSB00050300.wav,3
/USERSPACE/DATASETS/CodecFake/train/F03_p248_210.wav,3
/USERSPACE/DATASETS/CodecFake/train/F03_SSB14020114.wav,3
/USERSPACE/DATASETS/CodecFake/train/F03_SSB03420081.wav,3
/USERSPACE/DATASETS/CodecFake/train/F03_SSB00050020.wav,3
/USERSPACE/DATASETS/CodecFake/train/F03_p281_401.wav,3
/USERSPACE/DATASETS/CodecFake/train/F03_p351_333.wav,3
/USERSPACE/DATASETS/CodecFake/train/F03_p316_169.wav,3
/USERSPACE/DATASETS/CodecFake/train/F03_p233_221.wav,3
/USERSPACE/DATASETS/CodecFake/train/F03_p323_363.wav,3
/USERSPACE/DATASETS/CodecFake/train/F03_SSB00160372.wav,3
/USERSPACE/DATASETS/CodecFake/train/F03_SSB06680283.wav,3
/USERSPACE/DATASETS/CodecFake/train/F03_p275_197.wav,3
/USERSPACE/DATASETS/CodecFake/train/F03_SSB01970313.wav,3
/USERSPACE/DATASETS/CodecFake/train/F03_p336_196.wav,3
/USERSPACE/DATASETS/CodecFake/train/F03_SSB03410501.wav,3
/USERSPACE/DATASETS/CodecFake/train/F03_p238_219.wav,3
/USERSPACE/DATASETS/CodecFake/train/F03_SSB15850372.wav,3
/USERSPACE/DATASETS/CodecFake/train/F03_SSB11610349.wav,3
/USERSPACE/DATASETS/CodecFake/train/F03_p250_034.wav,3
/USERSPACE/DATASETS/CodecFake/train/F03_SSB13830331.wav,3
/USERSPACE/DATASETS/CodecFake/train/F03_SSB18090261.wav,3
/USERSPACE/DATASETS/CodecFake/train/F03_SSB07780259.wav,3
/USERSPACE/DATASETS/CodecFake/train/F03_p347_244.wav,3
/USERSPACE/DATASETS/CodecFake/train/F03_p267_408.wav,3
/USERSPACE/DATASETS/CodecFake/train/F03_p238_200.wav,3
/USERSPACE/DATASETS/CodecFake/train/F03_SSB00570056.wav,3
/USERSPACE/DATASETS/CodecFake/train/F03_p275_299.wav,3
/USERSPACE/DATASETS/CodecFake/train/F03_SSB04270226.wav,3
/USERSPACE/DATASETS/CodecFake/train/F03_p238_451.wav,3
/USERSPACE/DATASETS/CodecFake/train/F03_p330_109.wav,3
/USERSPACE/DATASETS/CodecFake/train/F03_SSB07620125.wav,3
/USERSPACE/DATASETS/CodecFake/train/F03_p351_024.wav,3
/USERSPACE/DATASETS/CodecFake/train/F03_p281_195.wav,3
/USERSPACE/DATASETS/CodecFake/train/F03_SSB03390079.wav,3
/USERSPACE/DATASETS/CodecFake/train/F03_SSB13850335.wav,3
/USERSPACE/DATASETS/CodecFake/train/F03_SSB10720350.wav,3
/USERSPACE/DATASETS/CodecFake/train/F03_SSB11150494.wav,3
/USERSPACE/DATASETS/CodecFake/train/F03_SSB00380056.wav,3
/USERSPACE/DATASETS/CodecFake/train/F03_SSB03800470.wav,3
/USERSPACE/DATASETS/CodecFake/train/F03_p339_159.wav,3
/USERSPACE/DATASETS/CodecFake/train/F03_p298_131.wav,3
/USERSPACE/DATASETS/CodecFake/train/F03_p305_137.wav,3
/USERSPACE/DATASETS/CodecFake/train/F03_SSB14020422.wav,3
/USERSPACE/DATASETS/CodecFake/train/F03_p304_335.wav,3
/USERSPACE/DATASETS/CodecFake/train/F03_SSB05440359.wav,3
/USERSPACE/DATASETS/CodecFake/train/F03_SSB05700324.wav,3
/USERSPACE/DATASETS/CodecFake/train/F03_SSB18370037.wav,3
/USERSPACE/DATASETS/CodecFake/train/F03_SSB03420476.wav,3
/USERSPACE/DATASETS/CodecFake/train/F03_SSB12030260.wav,3
/USERSPACE/DATASETS/CodecFake/train/F03_p351_262.wav,3
/USERSPACE/DATASETS/CodecFake/train/F03_SSB01970353.wav,3
/USERSPACE/DATASETS/CodecFake/train/F03_p270_153.wav,3
/USERSPACE/DATASETS/CodecFake/train/F03_SSB17280128.wav,3
/USERSPACE/DATASETS/CodecFake/train/F03_p293_123.wav,3
/USERSPACE/DATASETS/CodecFake/train/F03_SSB12740248.wav,3
/USERSPACE/DATASETS/CodecFake/train/F03_SSB13660364.wav,3
/USERSPACE/DATASETS/CodecFake/train/F03_SSB02870198.wav,3
/USERSPACE/DATASETS/CodecFake/train/F03_p297_261.wav,3
/USERSPACE/DATASETS/CodecFake/train/F03_p340_019.wav,3
/USERSPACE/DATASETS/CodecFake/train/F03_p257_197.wav,3
/USERSPACE/DATASETS/CodecFake/train/F03_p270_231.wav,3
/USERSPACE/DATASETS/CodecFake/train/F03_p261_371.wav,3
/USERSPACE/DATASETS/CodecFake/train/F03_SSB15630365.wav,3
/USERSPACE/DATASETS/CodecFake/train/F03_SSB06860015.wav,3
/USERSPACE/DATASETS/CodecFake/train/F03_p314_320.wav,3
/USERSPACE/DATASETS/CodecFake/train/F03_SSB14020460.wav,3
/USERSPACE/DATASETS/CodecFake/train/F03_p297_146.wav,3
/USERSPACE/DATASETS/CodecFake/train/F03_SSB18090178.wav,3
/USERSPACE/DATASETS/CodecFake/train/F03_p272_208.wav,3
/USERSPACE/DATASETS/CodecFake/train/F03_SSB04150346.wav,3
/USERSPACE/DATASETS/CodecFake/train/F03_SSB09350283.wav,3
/USERSPACE/DATASETS/CodecFake/train/F03_SSB06030105.wav,3
/USERSPACE/DATASETS/CodecFake/train/F03_SSB08170284.wav,3
/USERSPACE/DATASETS/CodecFake/train/F03_SSB17390068.wav,3
/USERSPACE/DATASETS/CodecFake/train/F03_p300_158.wav,3
/USERSPACE/DATASETS/CodecFake/train/F03_SSB08710153.wav,3
/USERSPACE/DATASETS/CodecFake/train/F03_SSB06230291.wav,3
/USERSPACE/DATASETS/CodecFake/train/F03_SSB07490312.wav,3
/USERSPACE/DATASETS/CodecFake/train/F03_SSB09970015.wav,3
/USERSPACE/DATASETS/CodecFake/train/F03_SSB00050276.wav,3
/USERSPACE/DATASETS/CodecFake/train/F03_SSB15930370.wav,3
/USERSPACE/DATASETS/CodecFake/train/F03_p374_076.wav,3
/USERSPACE/DATASETS/CodecFake/train/F03_SSB04070328.wav,3
/USERSPACE/DATASETS/CodecFake/train/F03_SSB03660374.wav,3
/USERSPACE/DATASETS/CodecFake/train/F03_p267_279.wav,3
/USERSPACE/DATASETS/CodecFake/train/F03_SSB04700010.wav,3
/USERSPACE/DATASETS/CodecFake/train/F03_SSB04270065.wav,3
/USERSPACE/DATASETS/CodecFake/train/F03_p362_192.wav,3
/USERSPACE/DATASETS/CodecFake/train/F03_p362_071.wav,3
/USERSPACE/DATASETS/CodecFake/train/F03_SSB04350467.wav,3
/USERSPACE/DATASETS/CodecFake/train/F03_p286_428.wav,3
/USERSPACE/DATASETS/CodecFake/train/F03_SSB19350123.wav,3
/USERSPACE/DATASETS/CodecFake/train/F03_SSB11870434.wav,3
/USERSPACE/DATASETS/CodecFake/train/F03_p335_172.wav,3
/USERSPACE/DATASETS/CodecFake/train/F03_p281_393.wav,3
/USERSPACE/DATASETS/CodecFake/train/F03_SSB06010140.wav,3
/USERSPACE/DATASETS/CodecFake/train/F03_SSB03380495.wav,3
/USERSPACE/DATASETS/CodecFake/train/F03_SSB11100465.wav,3
/USERSPACE/DATASETS/CodecFake/train/F03_SSB06090021.wav,3
/USERSPACE/DATASETS/CodecFake/train/F03_p259_339.wav,3
/USERSPACE/DATASETS/CodecFake/train/F03_p236_129.wav,3
/USERSPACE/DATASETS/CodecFake/train/F03_SSB13020007.wav,3
/USERSPACE/DATASETS/CodecFake/train/F03_SSB01450204.wav,3
/USERSPACE/DATASETS/CodecFake/train/F03_SSB10720212.wav,3
/USERSPACE/DATASETS/CodecFake/train/F03_p257_227.wav,3
/USERSPACE/DATASETS/CodecFake/train/F03_SSB03940467.wav,3
/USERSPACE/DATASETS/CodecFake/train/F03_SSB12180006.wav,3
/USERSPACE/DATASETS/CodecFake/train/F03_SSB06060205.wav,3
/USERSPACE/DATASETS/CodecFake/train/F03_SSB15850196.wav,3
/USERSPACE/DATASETS/CodecFake/train/F03_p231_042.wav,3
/USERSPACE/DATASETS/CodecFake/train/F03_p272_360.wav,3
/USERSPACE/DATASETS/CodecFake/train/F03_p278_336.wav,3
/USERSPACE/DATASETS/CodecFake/train/F03_p255_092.wav,3
/USERSPACE/DATASETS/CodecFake/train/F03_SSB15750473.wav,3
/USERSPACE/DATASETS/CodecFake/train/F03_p228_188.wav,3
/USERSPACE/DATASETS/CodecFake/train/F03_p264_454.wav,3
/USERSPACE/DATASETS/CodecFake/train/F03_p275_089.wav,3
/USERSPACE/DATASETS/CodecFake/train/F03_SSB06660367.wav,3
/USERSPACE/DATASETS/CodecFake/train/F03_SSB18320004.wav,3
/USERSPACE/DATASETS/CodecFake/train/F03_p231_322.wav,3
/USERSPACE/DATASETS/CodecFake/train/F03_p250_297.wav,3
/USERSPACE/DATASETS/CodecFake/train/F03_p334_302.wav,3
/USERSPACE/DATASETS/CodecFake/train/F03_SSB03540090.wav,3
/USERSPACE/DATASETS/CodecFake/train/F03_p298_205.wav,3
/USERSPACE/DATASETS/CodecFake/train/F03_p360_388.wav,3
/USERSPACE/DATASETS/CodecFake/train/F03_p364_191.wav,3
/USERSPACE/DATASETS/CodecFake/train/F03_SSB19180272.wav,3
/USERSPACE/DATASETS/CodecFake/train/F03_p308_352.wav,3
/USERSPACE/DATASETS/CodecFake/train/F03_SSB10020319.wav,3
/USERSPACE/DATASETS/CodecFake/train/F03_SSB07230106.wav,3
/USERSPACE/DATASETS/CodecFake/train/F03_SSB16240216.wav,3
/USERSPACE/DATASETS/CodecFake/train/F03_SSB09930324.wav,3
/USERSPACE/DATASETS/CodecFake/train/F03_p272_366.wav,3
/USERSPACE/DATASETS/CodecFake/train/F03_p227_352.wav,3
/USERSPACE/DATASETS/CodecFake/train/F03_SSB07600331.wav,3
/USERSPACE/DATASETS/CodecFake/train/F03_p226_019.wav,3
/USERSPACE/DATASETS/CodecFake/train/F03_SSB03420295.wav,3
/USERSPACE/DATASETS/CodecFake/train/F03_SSB05700168.wav,3
/USERSPACE/DATASETS/CodecFake/train/F03_SSB16500411.wav,3
/USERSPACE/DATASETS/CodecFake/train/F03_SSB10720416.wav,3
/USERSPACE/DATASETS/CodecFake/train/F03_p245_039.wav,3
/USERSPACE/DATASETS/CodecFake/train/F03_p255_367.wav,3
/USERSPACE/DATASETS/CodecFake/train/F03_SSB06230380.wav,3
/USERSPACE/DATASETS/CodecFake/train/F03_SSB03380461.wav,3
/USERSPACE/DATASETS/CodecFake/train/F03_SSB12390214.wav,3
/USERSPACE/DATASETS/CodecFake/train/F03_SSB00180407.wav,3
/USERSPACE/DATASETS/CodecFake/train/F03_p239_312.wav,3
/USERSPACE/DATASETS/CodecFake/train/F03_p239_097.wav,3
/USERSPACE/DATASETS/CodecFake/train/F03_SSB03660400.wav,3
/USERSPACE/DATASETS/CodecFake/train/F03_SSB00180035.wav,3
/USERSPACE/DATASETS/CodecFake/train/F03_SSB07460404.wav,3
/USERSPACE/DATASETS/CodecFake/train/F03_SSB18370063.wav,3
/USERSPACE/DATASETS/CodecFake/train/F03_SSB07940462.wav,3
/USERSPACE/DATASETS/CodecFake/train/F03_SSB07510321.wav,3
/USERSPACE/DATASETS/CodecFake/train/F03_SSB07510073.wav,3
/USERSPACE/DATASETS/CodecFake/train/F03_SSB02610045.wav,3
/USERSPACE/DATASETS/CodecFake/train/F03_SSB08870101.wav,3
/USERSPACE/DATASETS/CodecFake/train/F03_SSB18320436.wav,3
/USERSPACE/DATASETS/CodecFake/train/F03_p255_376.wav,3
/USERSPACE/DATASETS/CodecFake/train/F03_SSB07370107.wav,3
/USERSPACE/DATASETS/CodecFake/train/F03_SSB18280471.wav,3
/USERSPACE/DATASETS/CodecFake/train/F03_p314_355.wav,3
/USERSPACE/DATASETS/CodecFake/train/F03_p260_220.wav,3
/USERSPACE/DATASETS/CodecFake/train/F03_p279_067.wav,3
/USERSPACE/DATASETS/CodecFake/train/F03_SSB10560182.wav,3
/USERSPACE/DATASETS/CodecFake/train/F03_p250_044.wav,3
/USERSPACE/DATASETS/CodecFake/train/F03_SSB11250358.wav,3
/USERSPACE/DATASETS/CodecFake/train/F03_SSB04350129.wav,3
/USERSPACE/DATASETS/CodecFake/train/F03_SSB07360151.wav,3
/USERSPACE/DATASETS/CodecFake/train/F03_SSB07580391.wav,3
/USERSPACE/DATASETS/CodecFake/train/F03_SSB02880299.wav,3
/USERSPACE/DATASETS/CodecFake/train/F03_SSB07580479.wav,3
/USERSPACE/DATASETS/CodecFake/train/F03_SSB13410269.wav,3
/USERSPACE/DATASETS/CodecFake/train/F03_SSB13850257.wav,3
/USERSPACE/DATASETS/CodecFake/train/F03_SSB04150353.wav,3
/USERSPACE/DATASETS/CodecFake/train/F03_SSB00090372.wav,3
/USERSPACE/DATASETS/CodecFake/train/F03_p246_259.wav,3
/USERSPACE/DATASETS/CodecFake/train/F03_p247_126.wav,3
/USERSPACE/DATASETS/CodecFake/train/F03_SSB07480117.wav,3
/USERSPACE/DATASETS/CodecFake/train/F03_p281_224.wav,3
/USERSPACE/DATASETS/CodecFake/train/F03_p288_366.wav,3
/USERSPACE/DATASETS/CodecFake/train/F03_p229_235.wav,3
/USERSPACE/DATASETS/CodecFake/train/F03_SSB13930334.wav,3
/USERSPACE/DATASETS/CodecFake/train/F03_SSB14080165.wav,3
/USERSPACE/DATASETS/CodecFake/train/F03_SSB15930074.wav,3
/USERSPACE/DATASETS/CodecFake/train/F03_p376_031.wav,3
/USERSPACE/DATASETS/CodecFake/train/F03_SSB01490301.wav,3
/USERSPACE/DATASETS/CodecFake/train/F03_SSB13660353.wav,3
/USERSPACE/DATASETS/CodecFake/train/F03_p341_380.wav,3
/USERSPACE/DATASETS/CodecFake/train/F03_SSB06930224.wav,3
/USERSPACE/DATASETS/CodecFake/train/F03_SSB18320264.wav,3
/USERSPACE/DATASETS/CodecFake/train/F03_SSB10960269.wav,3
/USERSPACE/DATASETS/CodecFake/train/F03_SSB16840099.wav,3
/USERSPACE/DATASETS/CodecFake/train/F03_p318_377.wav,3
/USERSPACE/DATASETS/CodecFake/train/F03_SSB03230254.wav,3
/USERSPACE/DATASETS/CodecFake/train/F03_SSB04150174.wav,3
/USERSPACE/DATASETS/CodecFake/train/F03_SSB11610311.wav,3
/USERSPACE/DATASETS/CodecFake/train/F03_p236_479.wav,3
/USERSPACE/DATASETS/CodecFake/train/F03_SSB00180228.wav,3
/USERSPACE/DATASETS/CodecFake/train/F03_p304_226.wav,3
/USERSPACE/DATASETS/CodecFake/train/F03_p316_087.wav,3
/USERSPACE/DATASETS/CodecFake/train/F03_p261_378.wav,3
/USERSPACE/DATASETS/CodecFake/train/F03_SSB09870323.wav,3
/USERSPACE/DATASETS/CodecFake/train/F03_SSB13220364.wav,3
/USERSPACE/DATASETS/CodecFake/train/F03_SSB10560014.wav,3
/USERSPACE/DATASETS/CodecFake/train/F03_SSB05340221.wav,3
/USERSPACE/DATASETS/CodecFake/train/F03_SSB08870070.wav,3
/USERSPACE/DATASETS/CodecFake/train/F03_SSB07360441.wav,3
/USERSPACE/DATASETS/CodecFake/train/F03_SSB13200184.wav,3
/USERSPACE/DATASETS/CodecFake/train/F03_SSB16240118.wav,3
/USERSPACE/DATASETS/CodecFake/train/F03_SSB08870219.wav,3
/USERSPACE/DATASETS/CodecFake/train/F03_SSB05340430.wav,3
/USERSPACE/DATASETS/CodecFake/train/F03_SSB10550317.wav,3
/USERSPACE/DATASETS/CodecFake/train/F03_SSB08510369.wav,3
/USERSPACE/DATASETS/CodecFake/train/F03_SSB07620160.wav,3
/USERSPACE/DATASETS/CodecFake/train/F03_SSB10240152.wav,3
/USERSPACE/DATASETS/CodecFake/train/F03_SSB16840029.wav,3
/USERSPACE/DATASETS/CodecFake/train/F03_SSB05020348.wav,3
/USERSPACE/DATASETS/CodecFake/train/F03_SSB10010059.wav,3
/USERSPACE/DATASETS/CodecFake/train/F03_p269_182.wav,3
/USERSPACE/DATASETS/CodecFake/train/F03_SSB09350392.wav,3
/USERSPACE/DATASETS/CodecFake/train/F03_p253_251.wav,3
/USERSPACE/DATASETS/CodecFake/train/F03_p329_328.wav,3
/USERSPACE/DATASETS/CodecFake/train/F03_SSB02460011.wav,3
/USERSPACE/DATASETS/CodecFake/train/F03_SSB10240053.wav,3
/USERSPACE/DATASETS/CodecFake/train/F03_SSB02610491.wav,3
/USERSPACE/DATASETS/CodecFake/train/F03_p280_043.wav,3
/USERSPACE/DATASETS/CodecFake/train/F03_p275_035.wav,3
/USERSPACE/DATASETS/CodecFake/train/F03_SSB10640015.wav,3
/USERSPACE/DATASETS/CodecFake/train/F03_p287_334.wav,3
/USERSPACE/DATASETS/CodecFake/train/F03_SSB12030298.wav,3
/USERSPACE/DATASETS/CodecFake/train/F03_p345_304.wav,3
/USERSPACE/DATASETS/CodecFake/train/F03_SSB11150467.wav,3
/USERSPACE/DATASETS/CodecFake/train/F03_SSB02410205.wav,3
/USERSPACE/DATASETS/CodecFake/train/F03_SSB03940459.wav,3
/USERSPACE/DATASETS/CodecFake/train/F03_p264_142.wav,3
/USERSPACE/DATASETS/CodecFake/train/F03_SSB03750048.wav,3
/USERSPACE/DATASETS/CodecFake/train/F03_SSB10010081.wav,3
/USERSPACE/DATASETS/CodecFake/train/F03_SSB15630341.wav,3
/USERSPACE/DATASETS/CodecFake/train/F03_p376_211.wav,3
/USERSPACE/DATASETS/CodecFake/train/F03_SSB05440470.wav,3
/USERSPACE/DATASETS/CodecFake/train/F03_p326_227.wav,3
/USERSPACE/DATASETS/CodecFake/train/F03_SSB09870373.wav,3
/USERSPACE/DATASETS/CodecFake/train/F03_SSB01220149.wav,3
/USERSPACE/DATASETS/CodecFake/train/F03_SSB00730154.wav,3
/USERSPACE/DATASETS/CodecFake/train/F03_p329_380.wav,3
/USERSPACE/DATASETS/CodecFake/train/F03_p340_411.wav,3
/USERSPACE/DATASETS/CodecFake/train/F03_p279_076.wav,3
/USERSPACE/DATASETS/CodecFake/train/F03_SSB11870115.wav,3
/USERSPACE/DATASETS/CodecFake/train/F03_p307_280.wav,3
/USERSPACE/DATASETS/CodecFake/train/F03_p247_181.wav,3
/USERSPACE/DATASETS/CodecFake/train/F03_SSB00160425.wav,3
/USERSPACE/DATASETS/CodecFake/train/F03_p295_287.wav,3
/USERSPACE/DATASETS/CodecFake/train/F03_SSB19020305.wav,3
/USERSPACE/DATASETS/CodecFake/train/F03_SSB03090221.wav,3
/USERSPACE/DATASETS/CodecFake/train/F03_SSB06320133.wav,3
/USERSPACE/DATASETS/CodecFake/train/F03_p244_144.wav,3
/USERSPACE/DATASETS/CodecFake/train/F03_SSB02990413.wav,3
/USERSPACE/DATASETS/CodecFake/train/F03_p334_183.wav,3
/USERSPACE/DATASETS/CodecFake/train/F03_SSB02880025.wav,3
/USERSPACE/DATASETS/CodecFake/train/F03_SSB07170006.wav,3
/USERSPACE/DATASETS/CodecFake/train/F03_SSB06230262.wav,3
/USERSPACE/DATASETS/CodecFake/train/F03_p361_325.wav,3
/USERSPACE/DATASETS/CodecFake/train/F03_SSB12210120.wav,3
/USERSPACE/DATASETS/CodecFake/train/F03_p264_216.wav,3
/USERSPACE/DATASETS/CodecFake/train/F03_p246_088.wav,3
/USERSPACE/DATASETS/CodecFake/train/F03_SSB06140013.wav,3
/USERSPACE/DATASETS/CodecFake/train/F03_SSB14520360.wav,3
/USERSPACE/DATASETS/CodecFake/train/F03_SSB05900231.wav,3
/USERSPACE/DATASETS/CodecFake/train/F03_SSB11100109.wav,3
/USERSPACE/DATASETS/CodecFake/train/F03_SSB06710362.wav,3
/USERSPACE/DATASETS/CodecFake/train/F03_SSB06680043.wav,3
/USERSPACE/DATASETS/CodecFake/train/F03_p250_391.wav,3
/USERSPACE/DATASETS/CodecFake/train/F03_p330_392.wav,3
/USERSPACE/DATASETS/CodecFake/train/F03_p335_133.wav,3
/USERSPACE/DATASETS/CodecFake/train/F03_SSB05650433.wav,3
/USERSPACE/DATASETS/CodecFake/train/F03_p230_374.wav,3
/USERSPACE/DATASETS/CodecFake/train/F03_SSB00380303.wav,3
/USERSPACE/DATASETS/CodecFake/train/F03_SSB13770361.wav,3
/USERSPACE/DATASETS/CodecFake/train/F03_SSB07110098.wav,3
/USERSPACE/DATASETS/CodecFake/train/F03_SSB11150107.wav,3
/USERSPACE/DATASETS/CodecFake/train/F03_SSB04700391.wav,3
/USERSPACE/DATASETS/CodecFake/train/F03_SSB18910021.wav,3
/USERSPACE/DATASETS/CodecFake/train/F03_SSB02870084.wav,3
/USERSPACE/DATASETS/CodecFake/train/F03_SSB00570378.wav,3
/USERSPACE/DATASETS/CodecFake/train/F03_SSB10640103.wav,3
/USERSPACE/DATASETS/CodecFake/train/F03_SSB06680082.wav,3
/USERSPACE/DATASETS/CodecFake/train/F03_p336_004.wav,3
/USERSPACE/DATASETS/CodecFake/train/F03_p360_338.wav,3
/USERSPACE/DATASETS/CodecFake/train/F03_SSB00800165.wav,3
/USERSPACE/DATASETS/CodecFake/train/F03_SSB15750277.wav,3
/USERSPACE/DATASETS/CodecFake/train/F03_p363_059.wav,3
/USERSPACE/DATASETS/CodecFake/train/F03_SSB03090065.wav,3
/USERSPACE/DATASETS/CodecFake/train/F03_p265_084.wav,3
/USERSPACE/DATASETS/CodecFake/train/F03_p228_227.wav,3
/USERSPACE/DATASETS/CodecFake/train/F03_SSB04070126.wav,3
/USERSPACE/DATASETS/CodecFake/train/F03_SSB11360025.wav,3
/USERSPACE/DATASETS/CodecFake/train/F03_SSB02870081.wav,3
/USERSPACE/DATASETS/CodecFake/train/F03_p285_162.wav,3
/USERSPACE/DATASETS/CodecFake/train/F03_p270_438.wav,3
/USERSPACE/DATASETS/CodecFake/train/F03_SSB11000401.wav,3
/USERSPACE/DATASETS/CodecFake/train/F03_p248_354.wav,3
/USERSPACE/DATASETS/CodecFake/train/F03_SSB17280194.wav,3
/USERSPACE/DATASETS/CodecFake/train/F03_SSB09660254.wav,3
/USERSPACE/DATASETS/CodecFake/train/F03_SSB08170418.wav,3
/USERSPACE/DATASETS/CodecFake/train/F03_SSB17450173.wav,3
/USERSPACE/DATASETS/CodecFake/train/F03_SSB06860048.wav,3
/USERSPACE/DATASETS/CodecFake/train/F03_p266_413.wav,3
/USERSPACE/DATASETS/CodecFake/train/F03_p335_041.wav,3
/USERSPACE/DATASETS/CodecFake/train/F03_p243_152.wav,3
/USERSPACE/DATASETS/CodecFake/train/F03_p304_259.wav,3
/USERSPACE/DATASETS/CodecFake/train/F03_SSB07160255.wav,3
/USERSPACE/DATASETS/CodecFake/train/F03_SSB06070109.wav,3
/USERSPACE/DATASETS/CodecFake/train/F03_p313_326.wav,3
/USERSPACE/DATASETS/CodecFake/train/F03_SSB06010033.wav,3
/USERSPACE/DATASETS/CodecFake/train/F03_p244_186.wav,3
/USERSPACE/DATASETS/CodecFake/train/F03_SSB18100481.wav,3
/USERSPACE/DATASETS/CodecFake/train/F03_p227_067.wav,3
/USERSPACE/DATASETS/CodecFake/train/F03_p362_150.wav,3
/USERSPACE/DATASETS/CodecFake/train/F03_SSB10080449.wav,3
/USERSPACE/DATASETS/CodecFake/train/F03_SSB03380144.wav,3
/USERSPACE/DATASETS/CodecFake/train/F03_SSB11310416.wav,3
/USERSPACE/DATASETS/CodecFake/train/F03_SSB18910153.wav,3
/USERSPACE/DATASETS/CodecFake/train/F03_SSB10010378.wav,3
/USERSPACE/DATASETS/CodecFake/train/F03_SSB05780193.wav,3
/USERSPACE/DATASETS/CodecFake/train/F03_SSB05340359.wav,3
/USERSPACE/DATASETS/CodecFake/train/F03_SSB02730430.wav,3
/USERSPACE/DATASETS/CodecFake/train/F03_SSB05650032.wav,3
/USERSPACE/DATASETS/CodecFake/train/F03_SSB06230481.wav,3
/USERSPACE/DATASETS/CodecFake/train/F03_SSB05900362.wav,3
/USERSPACE/DATASETS/CodecFake/train/F03_SSB14570093.wav,3
/USERSPACE/DATASETS/CodecFake/train/F03_p287_100.wav,3
/USERSPACE/DATASETS/CodecFake/train/F03_p262_066.wav,3
/USERSPACE/DATASETS/CodecFake/train/F03_SSB19560056.wav,3
/USERSPACE/DATASETS/CodecFake/train/F03_p288_027.wav,3
/USERSPACE/DATASETS/CodecFake/train/F03_p347_329.wav,3
/USERSPACE/DATASETS/CodecFake/train/F03_SSB04820452.wav,3
/USERSPACE/DATASETS/CodecFake/train/F03_p282_257.wav,3
/USERSPACE/DATASETS/CodecFake/train/F03_p285_172.wav,3
/USERSPACE/DATASETS/CodecFake/train/F03_SSB00180008.wav,3
/USERSPACE/DATASETS/CodecFake/train/F03_p252_028.wav,3
/USERSPACE/DATASETS/CodecFake/train/F03_SSB06310437.wav,3
/USERSPACE/DATASETS/CodecFake/train/F03_SSB04270159.wav,3
/USERSPACE/DATASETS/CodecFake/train/F03_SSB06310091.wav,3
/USERSPACE/DATASETS/CodecFake/train/F03_SSB12740481.wav,3
/USERSPACE/DATASETS/CodecFake/train/F03_SSB10910015.wav,3
/USERSPACE/DATASETS/CodecFake/train/F03_SSB05780452.wav,3
/USERSPACE/DATASETS/CodecFake/train/F03_SSB03750338.wav,3
/USERSPACE/DATASETS/CodecFake/train/F03_SSB05650394.wav,3
/USERSPACE/DATASETS/CodecFake/train/F03_SSB16990170.wav,3
/USERSPACE/DATASETS/CodecFake/train/F03_p244_014.wav,3
/USERSPACE/DATASETS/CodecFake/train/F03_p241_359.wav,3
/USERSPACE/DATASETS/CodecFake/train/F03_SSB09190252.wav,3
/USERSPACE/DATASETS/CodecFake/train/F03_SSB07230484.wav,3
/USERSPACE/DATASETS/CodecFake/train/F03_p341_388.wav,3
/USERSPACE/DATASETS/CodecFake/train/F03_SSB15850224.wav,3
/USERSPACE/DATASETS/CodecFake/train/F03_p230_101.wav,3
/USERSPACE/DATASETS/CodecFake/train/F03_p269_131.wav,3
/USERSPACE/DATASETS/CodecFake/train/F03_SSB07840328.wav,3
/USERSPACE/DATASETS/CodecFake/train/F03_SSB07780409.wav,3
/USERSPACE/DATASETS/CodecFake/train/F03_SSB10560207.wav,3
/USERSPACE/DATASETS/CodecFake/train/F03_p297_062.wav,3
/USERSPACE/DATASETS/CodecFake/train/F03_SSB15550401.wav,3
/USERSPACE/DATASETS/CodecFake/train/F03_p313_126.wav,3
/USERSPACE/DATASETS/CodecFake/train/F03_SSB00120303.wav,3
/USERSPACE/DATASETS/CodecFake/train/F03_SSB13650330.wav,3
/USERSPACE/DATASETS/CodecFake/train/F03_p230_163.wav,3
/USERSPACE/DATASETS/CodecFake/train/F03_SSB04340203.wav,3
/USERSPACE/DATASETS/CodecFake/train/F03_p274_161.wav,3
/USERSPACE/DATASETS/CodecFake/train/F03_SSB11360167.wav,3
/USERSPACE/DATASETS/CodecFake/train/F03_p250_123.wav,3
/USERSPACE/DATASETS/CodecFake/train/F03_SSB06930404.wav,3
/USERSPACE/DATASETS/CodecFake/train/F03_SSB14520163.wav,3
/USERSPACE/DATASETS/CodecFake/train/F03_SSB13200272.wav,3
/USERSPACE/DATASETS/CodecFake/train/F03_SSB10560485.wav,3
/USERSPACE/DATASETS/CodecFake/train/F03_SSB06060241.wav,3
/USERSPACE/DATASETS/CodecFake/train/F03_SSB19390028.wav,3
/USERSPACE/DATASETS/CodecFake/train/F03_SSB13930027.wav,3
/USERSPACE/DATASETS/CodecFake/train/F03_SSB16860336.wav,3
/USERSPACE/DATASETS/CodecFake/train/F03_SSB00160429.wav,3
/USERSPACE/DATASETS/CodecFake/train/F03_SSB10560041.wav,3
/USERSPACE/DATASETS/CodecFake/train/F03_SSB06140326.wav,3
/USERSPACE/DATASETS/CodecFake/train/F03_p362_131.wav,3
/USERSPACE/DATASETS/CodecFake/train/F03_p303_049.wav,3
/USERSPACE/DATASETS/CodecFake/train/F03_p234_273.wav,3
/USERSPACE/DATASETS/CodecFake/train/F03_SSB07940482.wav,3
/USERSPACE/DATASETS/CodecFake/train/F03_p244_370.wav,3
/USERSPACE/DATASETS/CodecFake/train/F03_SSB14310065.wav,3
/USERSPACE/DATASETS/CodecFake/train/F03_SSB04150059.wav,3
/USERSPACE/DATASETS/CodecFake/train/F03_SSB00050372.wav,3
/USERSPACE/DATASETS/CodecFake/train/F03_SSB19390337.wav,3
/USERSPACE/DATASETS/CodecFake/train/F03_SSB00090418.wav,3
/USERSPACE/DATASETS/CodecFake/train/F03_p318_287.wav,3
/USERSPACE/DATASETS/CodecFake/train/F03_SSB07370057.wav,3
/USERSPACE/DATASETS/CodecFake/train/F03_SSB11360018.wav,3
/USERSPACE/DATASETS/CodecFake/train/F03_p282_022.wav,3
/USERSPACE/DATASETS/CodecFake/train/F03_SSB06090187.wav,3
/USERSPACE/DATASETS/CodecFake/train/F03_SSB13650041.wav,3
/USERSPACE/DATASETS/CodecFake/train/F03_p295_120.wav,3
/USERSPACE/DATASETS/CodecFake/train/F03_SSB13650066.wav,3
/USERSPACE/DATASETS/CodecFake/train/F03_SSB01930481.wav,3
/USERSPACE/DATASETS/CodecFake/train/F03_SSB05880127.wav,3
/USERSPACE/DATASETS/CodecFake/train/F03_p334_070.wav,3
/USERSPACE/DATASETS/CodecFake/train/F03_SSB05350074.wav,3
/USERSPACE/DATASETS/CodecFake/train/F03_SSB05780303.wav,3
/USERSPACE/DATASETS/CodecFake/train/F03_SSB00090313.wav,3
/USERSPACE/DATASETS/CodecFake/train/F03_p293_236.wav,3
/USERSPACE/DATASETS/CodecFake/train/F03_SSB02410254.wav,3
/USERSPACE/DATASETS/CodecFake/train/F03_p264_157.wav,3
/USERSPACE/DATASETS/CodecFake/train/F03_SSB14080058.wav,3
/USERSPACE/DATASETS/CodecFake/train/F03_SSB11310136.wav,3
/USERSPACE/DATASETS/CodecFake/train/F03_p251_321.wav,3
/USERSPACE/DATASETS/CodecFake/train/F03_SSB02670154.wav,3
/USERSPACE/DATASETS/CodecFake/train/F03_SSB16300073.wav,3
/USERSPACE/DATASETS/CodecFake/train/F03_p351_271.wav,3
/USERSPACE/DATASETS/CodecFake/train/F03_p333_366.wav,3
/USERSPACE/DATASETS/CodecFake/train/F03_SSB01490247.wav,3
/USERSPACE/DATASETS/CodecFake/train/F03_SSB06680418.wav,3
/USERSPACE/DATASETS/CodecFake/train/F03_SSB06710048.wav,3
/USERSPACE/DATASETS/CodecFake/train/F03_SSB06320343.wav,3
/USERSPACE/DATASETS/CodecFake/train/F03_p363_115.wav,3
/USERSPACE/DATASETS/CodecFake/train/F03_SSB16700108.wav,3
/USERSPACE/DATASETS/CodecFake/train/F03_p285_341.wav,3
/USERSPACE/DATASETS/CodecFake/train/F03_SSB07170204.wav,3
/USERSPACE/DATASETS/CodecFake/train/F03_SSB04350387.wav,3
/USERSPACE/DATASETS/CodecFake/train/F03_p253_195.wav,3
/USERSPACE/DATASETS/CodecFake/train/F03_SSB07200396.wav,3
/USERSPACE/DATASETS/CodecFake/train/F03_SSB16840201.wav,3
/USERSPACE/DATASETS/CodecFake/train/F03_SSB10500363.wav,3
/USERSPACE/DATASETS/CodecFake/train/F03_SSB07360160.wav,3
/USERSPACE/DATASETS/CodecFake/train/F03_p243_259.wav,3
/USERSPACE/DATASETS/CodecFake/train/F03_SSB00050113.wav,3
/USERSPACE/DATASETS/CodecFake/train/F03_p310_055.wav,3
/USERSPACE/DATASETS/CodecFake/train/F03_p239_142.wav,3
/USERSPACE/DATASETS/CodecFake/train/F03_SSB07360281.wav,3
/USERSPACE/DATASETS/CodecFake/train/F03_SSB07020142.wav,3
/USERSPACE/DATASETS/CodecFake/train/F03_SSB02880120.wav,3
/USERSPACE/DATASETS/CodecFake/train/F03_p254_213.wav,3
/USERSPACE/DATASETS/CodecFake/train/F03_SSB03160203.wav,3
/USERSPACE/DATASETS/CodecFake/train/F03_p241_203.wav,3
/USERSPACE/DATASETS/CodecFake/train/F03_SSB04350377.wav,3
/USERSPACE/DATASETS/CodecFake/train/F03_p233_107.wav,3
/USERSPACE/DATASETS/CodecFake/train/F03_p248_034.wav,3
/USERSPACE/DATASETS/CodecFake/train/F03_SSB18320293.wav,3
/USERSPACE/DATASETS/CodecFake/train/F03_SSB11250484.wav,3
/USERSPACE/DATASETS/CodecFake/train/F03_p276_177.wav,3
/USERSPACE/DATASETS/CodecFake/train/F03_SSB05990240.wav,3
/USERSPACE/DATASETS/CodecFake/train/F03_SSB10560246.wav,3
/USERSPACE/DATASETS/CodecFake/train/F03_SSB02730111.wav,3
/USERSPACE/DATASETS/CodecFake/train/F03_p283_228.wav,3
/USERSPACE/DATASETS/CodecFake/train/F03_SSB18280352.wav,3
/USERSPACE/DATASETS/CodecFake/train/F03_p297_086.wav,3
/USERSPACE/DATASETS/CodecFake/train/F03_SSB18720448.wav,3
/USERSPACE/DATASETS/CodecFake/train/F03_SSB04340176.wav,3
/USERSPACE/DATASETS/CodecFake/train/F03_SSB05440022.wav,3
/USERSPACE/DATASETS/CodecFake/train/F03_SSB02730043.wav,3
/USERSPACE/DATASETS/CodecFake/train/F03_SSB06660411.wav,3
/USERSPACE/DATASETS/CodecFake/train/F03_SSB02610340.wav,3
/USERSPACE/DATASETS/CodecFake/train/F03_p237_079.wav,3
/USERSPACE/DATASETS/CodecFake/train/F03_SSB03390340.wav,3
/USERSPACE/DATASETS/CodecFake/train/F03_p236_374.wav,3
/USERSPACE/DATASETS/CodecFake/train/F03_p225_019.wav,3
/USERSPACE/DATASETS/CodecFake/train/F03_SSB10010322.wav,3
/USERSPACE/DATASETS/CodecFake/train/F03_SSB06030475.wav,3
/USERSPACE/DATASETS/CodecFake/train/F03_SSB15670275.wav,3
/USERSPACE/DATASETS/CodecFake/train/F03_p274_144.wav,3
/USERSPACE/DATASETS/CodecFake/train/F03_p333_387.wav,3
/USERSPACE/DATASETS/CodecFake/train/F03_SSB05340465.wav,3
/USERSPACE/DATASETS/CodecFake/train/F03_SSB17390198.wav,3
/USERSPACE/DATASETS/CodecFake/train/F03_p251_163.wav,3
/USERSPACE/DATASETS/CodecFake/train/F03_SSB07840331.wav,3
/USERSPACE/DATASETS/CodecFake/train/F03_SSB10720115.wav,3
/USERSPACE/DATASETS/CodecFake/train/F03_p259_291.wav,3
/USERSPACE/DATASETS/CodecFake/train/F03_SSB13200502.wav,3
/USERSPACE/DATASETS/CodecFake/train/F03_p345_376.wav,3
/USERSPACE/DATASETS/CodecFake/train/F03_SSB17390460.wav,3
/USERSPACE/DATASETS/CodecFake/train/F03_SSB12530134.wav,3
/USERSPACE/DATASETS/CodecFake/train/F03_SSB10500036.wav,3
/USERSPACE/DATASETS/CodecFake/train/F03_SSB01330406.wav,3
/USERSPACE/DATASETS/CodecFake/train/F03_SSB15850371.wav,3
/USERSPACE/DATASETS/CodecFake/train/F03_SSB06030412.wav,3
/USERSPACE/DATASETS/CodecFake/train/F03_p240_035.wav,3
/USERSPACE/DATASETS/CodecFake/train/F03_p301_067.wav,3
/USERSPACE/DATASETS/CodecFake/train/F03_p246_344.wav,3
/USERSPACE/DATASETS/CodecFake/train/F03_SSB13820247.wav,3
/USERSPACE/DATASETS/CodecFake/train/F03_p231_068.wav,3
/USERSPACE/DATASETS/CodecFake/train/F03_SSB05940060.wav,3
/USERSPACE/DATASETS/CodecFake/train/F03_SSB16240104.wav,3
/USERSPACE/DATASETS/CodecFake/train/F03_SSB10000274.wav,3
/USERSPACE/DATASETS/CodecFake/train/F03_SSB11260188.wav,3
/USERSPACE/DATASETS/CodecFake/train/F03_SSB07000422.wav,3
/USERSPACE/DATASETS/CodecFake/train/F03_SSB07160445.wav,3
/USERSPACE/DATASETS/CodecFake/train/F03_SSB03090033.wav,3
/USERSPACE/DATASETS/CodecFake/train/F03_SSB05440118.wav,3
/USERSPACE/DATASETS/CodecFake/train/F03_p253_350.wav,3
/USERSPACE/DATASETS/CodecFake/train/F03_p254_312.wav,3
/USERSPACE/DATASETS/CodecFake/train/F03_p297_330.wav,3
/USERSPACE/DATASETS/CodecFake/train/F03_SSB07110291.wav,3
/USERSPACE/DATASETS/CodecFake/train/F03_p246_058.wav,3
/USERSPACE/DATASETS/CodecFake/train/F03_p299_066.wav,3
/USERSPACE/DATASETS/CodecFake/train/F03_SSB04070028.wav,3
/USERSPACE/DATASETS/CodecFake/train/F03_SSB14370328.wav,3
/USERSPACE/DATASETS/CodecFake/train/F03_SSB06660142.wav,3
/USERSPACE/DATASETS/CodecFake/train/F03_SSB13850254.wav,3
/USERSPACE/DATASETS/CodecFake/train/F03_SSB07600351.wav,3
/USERSPACE/DATASETS/CodecFake/train/F03_p257_375.wav,3
/USERSPACE/DATASETS/CodecFake/train/F03_SSB06290387.wav,3
/USERSPACE/DATASETS/CodecFake/train/F03_SSB13200168.wav,3
/USERSPACE/DATASETS/CodecFake/train/F03_SSB03160120.wav,3
/USERSPACE/DATASETS/CodecFake/train/F03_SSB01220062.wav,3
/USERSPACE/DATASETS/CodecFake/train/F03_p253_136.wav,3
/USERSPACE/DATASETS/CodecFake/train/F03_p286_105.wav,3
/USERSPACE/DATASETS/CodecFake/train/F03_p226_207.wav,3
/USERSPACE/DATASETS/CodecFake/train/F03_p251_165.wav,3
/USERSPACE/DATASETS/CodecFake/train/F03_p244_122.wav,3
/USERSPACE/DATASETS/CodecFake/train/F03_p249_180.wav,3
/USERSPACE/DATASETS/CodecFake/train/F03_SSB03540136.wav,3
/USERSPACE/DATASETS/CodecFake/train/F03_p316_243.wav,3
/USERSPACE/DATASETS/CodecFake/train/F03_SSB05880125.wav,3
/USERSPACE/DATASETS/CodecFake/train/F03_p275_190.wav,3
/USERSPACE/DATASETS/CodecFake/train/F03_SSB11310075.wav,3
/USERSPACE/DATASETS/CodecFake/train/F03_p374_221.wav,3
/USERSPACE/DATASETS/CodecFake/train/F03_p228_257.wav,3
/USERSPACE/DATASETS/CodecFake/train/F03_SSB15630238.wav,3
/USERSPACE/DATASETS/CodecFake/train/F03_SSB06860425.wav,3
/USERSPACE/DATASETS/CodecFake/train/F03_p297_343.wav,3
/USERSPACE/DATASETS/CodecFake/train/F03_p256_195.wav,3
/USERSPACE/DATASETS/CodecFake/train/F03_p314_195.wav,3
/USERSPACE/DATASETS/CodecFake/train/F03_SSB11310345.wav,3
/USERSPACE/DATASETS/CodecFake/train/F03_SSB18780322.wav,3
/USERSPACE/DATASETS/CodecFake/train/F03_p241_011.wav,3
/USERSPACE/DATASETS/CodecFake/train/F03_p347_209.wav,3
/USERSPACE/DATASETS/CodecFake/train/F03_SSB16990235.wav,3
/USERSPACE/DATASETS/CodecFake/train/F03_p231_001.wav,3
/USERSPACE/DATASETS/CodecFake/train/F03_p238_050.wav,3
/USERSPACE/DATASETS/CodecFake/train/F03_p274_054.wav,3
/USERSPACE/DATASETS/CodecFake/train/F03_p276_273.wav,3
/USERSPACE/DATASETS/CodecFake/train/F03_p305_278.wav,3
/USERSPACE/DATASETS/CodecFake/train/F03_p262_278.wav,3
/USERSPACE/DATASETS/CodecFake/train/F03_SSB10000390.wav,3
/USERSPACE/DATASETS/CodecFake/train/F03_p335_184.wav,3
/USERSPACE/DATASETS/CodecFake/train/F03_p351_166.wav,3
/USERSPACE/DATASETS/CodecFake/train/F03_SSB03380255.wav,3
/USERSPACE/DATASETS/CodecFake/train/F03_p361_083.wav,3
/USERSPACE/DATASETS/CodecFake/train/F03_SSB06060222.wav,3
/USERSPACE/DATASETS/CodecFake/train/F03_SSB09660106.wav,3
/USERSPACE/DATASETS/CodecFake/train/F03_p278_223.wav,3
/USERSPACE/DATASETS/CodecFake/train/F03_SSB16990299.wav,3
/USERSPACE/DATASETS/CodecFake/train/F03_SSB06070162.wav,3
/USERSPACE/DATASETS/CodecFake/train/F03_p297_245.wav,3
/USERSPACE/DATASETS/CodecFake/train/F03_p300_212.wav,3
/USERSPACE/DATASETS/CodecFake/train/F03_SSB05020268.wav,3
/USERSPACE/DATASETS/CodecFake/train/F03_SSB05940215.wav,3
/USERSPACE/DATASETS/CodecFake/train/F03_p298_036.wav,3
/USERSPACE/DATASETS/CodecFake/train/F03_p294_377.wav,3
/USERSPACE/DATASETS/CodecFake/train/F03_SSB01330218.wav,3
/USERSPACE/DATASETS/CodecFake/train/F03_SSB07620027.wav,3
/USERSPACE/DATASETS/CodecFake/train/F03_p279_088.wav,3
/USERSPACE/DATASETS/CodecFake/train/F03_SSB06860300.wav,3
/USERSPACE/DATASETS/CodecFake/train/F03_p255_278.wav,3
/USERSPACE/DATASETS/CodecFake/train/F03_p265_114.wav,3
/USERSPACE/DATASETS/CodecFake/train/F03_p339_389.wav,3
/USERSPACE/DATASETS/CodecFake/train/F03_p300_021.wav,3
/USERSPACE/DATASETS/CodecFake/train/F03_p261_363.wav,3
/USERSPACE/DATASETS/CodecFake/train/F03_SSB11970449.wav,3
/USERSPACE/DATASETS/CodecFake/train/F03_p317_358.wav,3
/USERSPACE/DATASETS/CodecFake/train/F03_SSB01390446.wav,3
/USERSPACE/DATASETS/CodecFake/train/F03_SSB11250266.wav,3
/USERSPACE/DATASETS/CodecFake/train/F03_p330_095.wav,3
/USERSPACE/DATASETS/CodecFake/train/F03_SSB18280310.wav,3
/USERSPACE/DATASETS/CodecFake/train/F03_p279_011.wav,3
/USERSPACE/DATASETS/CodecFake/train/F03_SSB10500444.wav,3
/USERSPACE/DATASETS/CodecFake/train/F03_SSB14370374.wav,3
/USERSPACE/DATASETS/CodecFake/train/F03_SSB00330396.wav,3
/USERSPACE/DATASETS/CodecFake/train/F03_SSB06310375.wav,3
/USERSPACE/DATASETS/CodecFake/train/F03_SSB06660272.wav,3
/USERSPACE/DATASETS/CodecFake/train/F03_SSB10640229.wav,3
/USERSPACE/DATASETS/CodecFake/train/F03_p272_254.wav,3
/USERSPACE/DATASETS/CodecFake/train/F03_SSB03820034.wav,3
/USERSPACE/DATASETS/CodecFake/train/F03_p308_285.wav,3
/USERSPACE/DATASETS/CodecFake/train/F03_p257_006.wav,3
/USERSPACE/DATASETS/CodecFake/train/F03_p318_161.wav,3
/USERSPACE/DATASETS/CodecFake/train/F03_SSB07860139.wav,3
/USERSPACE/DATASETS/CodecFake/train/F03_SSB02730057.wav,3
/USERSPACE/DATASETS/CodecFake/train/F03_SSB11000361.wav,3
/USERSPACE/DATASETS/CodecFake/train/F03_SSB03930052.wav,3
/USERSPACE/DATASETS/CodecFake/train/F03_p241_127.wav,3
/USERSPACE/DATASETS/CodecFake/train/F03_SSB04070266.wav,3
/USERSPACE/DATASETS/CodecFake/train/F03_SSB07100011.wav,3
/USERSPACE/DATASETS/CodecFake/train/F03_SSB01390453.wav,3
/USERSPACE/DATASETS/CodecFake/train/F03_SSB11100310.wav,3
/USERSPACE/DATASETS/CodecFake/train/F03_SSB10960015.wav,3
/USERSPACE/DATASETS/CodecFake/train/F03_SSB18090327.wav,3
/USERSPACE/DATASETS/CodecFake/train/F03_SSB10500126.wav,3
/USERSPACE/DATASETS/CodecFake/train/F03_p227_287.wav,3
/USERSPACE/DATASETS/CodecFake/train/F03_SSB10720422.wav,3
/USERSPACE/DATASETS/CodecFake/train/F03_SSB06660120.wav,3
/USERSPACE/DATASETS/CodecFake/train/F03_SSB19350049.wav,3
/USERSPACE/DATASETS/CodecFake/train/F03_p334_099.wav,3
/USERSPACE/DATASETS/CodecFake/train/F03_SSB02460287.wav,3
/USERSPACE/DATASETS/CodecFake/train/F03_SSB00120087.wav,3
/USERSPACE/DATASETS/CodecFake/train/F03_p271_082.wav,3
/USERSPACE/DATASETS/CodecFake/train/F03_SSB06710280.wav,3
/USERSPACE/DATASETS/CodecFake/train/F03_SSB12390150.wav,3
/USERSPACE/DATASETS/CodecFake/train/F03_SSB12180190.wav,3
/USERSPACE/DATASETS/CodecFake/train/F03_SSB02410080.wav,3
/USERSPACE/DATASETS/CodecFake/train/F03_SSB17810090.wav,3
/USERSPACE/DATASETS/CodecFake/train/F03_SSB03390028.wav,3
/USERSPACE/DATASETS/CodecFake/train/F03_p361_331.wav,3
/USERSPACE/DATASETS/CodecFake/train/F03_p305_173.wav,3
/USERSPACE/DATASETS/CodecFake/train/F03_SSB04820407.wav,3
/USERSPACE/DATASETS/CodecFake/train/F03_p240_011.wav,3
/USERSPACE/DATASETS/CodecFake/train/F03_SSB05020037.wav,3
/USERSPACE/DATASETS/CodecFake/train/F03_SSB13220365.wav,3
/USERSPACE/DATASETS/CodecFake/train/F03_SSB07800127.wav,3
/USERSPACE/DATASETS/CodecFake/train/F03_SSB05990370.wav,3
/USERSPACE/DATASETS/CodecFake/train/F03_SSB16840119.wav,3
/USERSPACE/DATASETS/CodecFake/train/F03_p340_060.wav,3
/USERSPACE/DATASETS/CodecFake/train/F03_SSB01490017.wav,3
/USERSPACE/DATASETS/CodecFake/train/F03_p268_365.wav,3
/USERSPACE/DATASETS/CodecFake/train/F03_SSB03800020.wav,3
/USERSPACE/DATASETS/CodecFake/train/F03_SSB04340428.wav,3
/USERSPACE/DATASETS/CodecFake/train/F03_SSB03380312.wav,3
/USERSPACE/DATASETS/CodecFake/train/F03_p234_232.wav,3
/USERSPACE/DATASETS/CodecFake/train/F03_p251_064.wav,3
/USERSPACE/DATASETS/CodecFake/train/F03_p254_385.wav,3
/USERSPACE/DATASETS/CodecFake/train/F03_SSB03420279.wav,3
/USERSPACE/DATASETS/CodecFake/train/F03_SSB00430113.wav,3
/USERSPACE/DATASETS/CodecFake/train/F03_SSB14480259.wav,3
/USERSPACE/DATASETS/CodecFake/train/F03_SSB18060330.wav,3
/USERSPACE/DATASETS/CodecFake/train/F03_p254_167.wav,3
/USERSPACE/DATASETS/CodecFake/train/F03_SSB02610317.wav,3
/USERSPACE/DATASETS/CodecFake/train/F03_SSB12150001.wav,3
/USERSPACE/DATASETS/CodecFake/train/F03_SSB11000215.wav,3
/USERSPACE/DATASETS/CodecFake/train/F03_p301_227.wav,3
/USERSPACE/DATASETS/CodecFake/train/F03_p244_251.wav,3
/USERSPACE/DATASETS/CodecFake/train/F03_SSB09350226.wav,3
/USERSPACE/DATASETS/CodecFake/train/F03_p250_316.wav,3
/USERSPACE/DATASETS/CodecFake/train/F03_p361_049.wav,3
/USERSPACE/DATASETS/CodecFake/train/F03_SSB18910502.wav,3
/USERSPACE/DATASETS/CodecFake/train/F03_SSB07170325.wav,3
/USERSPACE/DATASETS/CodecFake/train/F03_p259_472.wav,3
/USERSPACE/DATASETS/CodecFake/train/F03_SSB02880447.wav,3
/USERSPACE/DATASETS/CodecFake/train/F03_p306_018.wav,3
/USERSPACE/DATASETS/CodecFake/train/F03_SSB01930113.wav,3
/USERSPACE/DATASETS/CodecFake/train/F03_SSB09930476.wav,3
/USERSPACE/DATASETS/CodecFake/train/F03_SSB04350292.wav,3
/USERSPACE/DATASETS/CodecFake/train/F03_SSB07840486.wav,3
/USERSPACE/DATASETS/CodecFake/train/F03_p258_189.wav,3
/USERSPACE/DATASETS/CodecFake/train/F03_SSB06660355.wav,3
/USERSPACE/DATASETS/CodecFake/train/F03_SSB03150038.wav,3
/USERSPACE/DATASETS/CodecFake/train/F03_SSB03410119.wav,3
/USERSPACE/DATASETS/CodecFake/train/F03_p246_120.wav,3
/USERSPACE/DATASETS/CodecFake/train/F03_p285_082.wav,3
/USERSPACE/DATASETS/CodecFake/train/F03_p226_254.wav,3
/USERSPACE/DATASETS/CodecFake/train/F03_SSB11360491.wav,3
/USERSPACE/DATASETS/CodecFake/train/F03_SSB13020059.wav,3
/USERSPACE/DATASETS/CodecFake/train/F03_SSB11150220.wav,3
/USERSPACE/DATASETS/CodecFake/train/F03_SSB03150384.wav,3
/USERSPACE/DATASETS/CodecFake/train/F03_SSB07360316.wav,3
/USERSPACE/DATASETS/CodecFake/train/F03_SSB08220130.wav,3
/USERSPACE/DATASETS/CodecFake/train/F03_p263_051.wav,3
/USERSPACE/DATASETS/CodecFake/train/F03_p239_302.wav,3
/USERSPACE/DATASETS/CodecFake/train/F03_SSB15750146.wav,3
/USERSPACE/DATASETS/CodecFake/train/F03_p246_301.wav,3
/USERSPACE/DATASETS/CodecFake/train/F03_p347_056.wav,3
/USERSPACE/DATASETS/CodecFake/train/F03_SSB07460318.wav,3
/USERSPACE/DATASETS/CodecFake/train/F03_p299_303.wav,3
/USERSPACE/DATASETS/CodecFake/train/F03_p231_466.wav,3
/USERSPACE/DATASETS/CodecFake/train/F03_SSB10200214.wav,3
/USERSPACE/DATASETS/CodecFake/train/F03_SSB07860127.wav,3
/USERSPACE/DATASETS/CodecFake/train/F03_SSB00330258.wav,3
/USERSPACE/DATASETS/CodecFake/train/F03_p234_047.wav,3
/USERSPACE/DATASETS/CodecFake/train/F03_SSB02730459.wav,3
/USERSPACE/DATASETS/CodecFake/train/F03_SSB09870275.wav,3
/USERSPACE/DATASETS/CodecFake/train/F03_p264_252.wav,3
/USERSPACE/DATASETS/CodecFake/train/F03_p315_206.wav,3
/USERSPACE/DATASETS/CodecFake/train/F03_SSB16700377.wav,3
/USERSPACE/DATASETS/CodecFake/train/F03_p239_085.wav,3
/USERSPACE/DATASETS/CodecFake/train/F03_p274_326.wav,3
/USERSPACE/DATASETS/CodecFake/train/F03_SSB00050214.wav,3
/USERSPACE/DATASETS/CodecFake/train/F03_SSB15670277.wav,3
/USERSPACE/DATASETS/CodecFake/train/F03_p268_269.wav,3
/USERSPACE/DATASETS/CodecFake/train/F03_p310_072.wav,3
/USERSPACE/DATASETS/CodecFake/train/F03_SSB00800405.wav,3
/USERSPACE/DATASETS/CodecFake/train/F03_SSB18630255.wav,3
/USERSPACE/DATASETS/CodecFake/train/F03_SSB05650207.wav,3
/USERSPACE/DATASETS/CodecFake/train/F03_SSB19350458.wav,3
/USERSPACE/DATASETS/CodecFake/train/F03_p334_360.wav,3
/USERSPACE/DATASETS/CodecFake/train/F03_SSB04150247.wav,3
/USERSPACE/DATASETS/CodecFake/train/F03_SSB06030290.wav,3
/USERSPACE/DATASETS/CodecFake/train/F03_SSB16250344.wav,3
/USERSPACE/DATASETS/CodecFake/train/F03_SSB07510318.wav,3
/USERSPACE/DATASETS/CodecFake/train/F03_p243_395.wav,3
/USERSPACE/DATASETS/CodecFake/train/F03_SSB01490310.wav,3
/USERSPACE/DATASETS/CodecFake/train/F03_SSB13200394.wav,3
/USERSPACE/DATASETS/CodecFake/train/F03_SSB03930439.wav,3
/USERSPACE/DATASETS/CodecFake/train/F03_SSB05440232.wav,3
/USERSPACE/DATASETS/CodecFake/train/F03_p317_091.wav,3
/USERSPACE/DATASETS/CodecFake/train/F03_SSB07600284.wav,3
/USERSPACE/DATASETS/CodecFake/train/F03_SSB00090177.wav,3
/USERSPACE/DATASETS/CodecFake/train/F03_SSB03090248.wav,3
/USERSPACE/DATASETS/CodecFake/train/F03_SSB08220082.wav,3
/USERSPACE/DATASETS/CodecFake/train/F03_SSB06680072.wav,3
/USERSPACE/DATASETS/CodecFake/train/F03_SSB14480405.wav,3
/USERSPACE/DATASETS/CodecFake/train/F03_p313_194.wav,3
/USERSPACE/DATASETS/CodecFake/train/F03_SSB12740280.wav,3
/USERSPACE/DATASETS/CodecFake/train/F03_SSB16500277.wav,3
/USERSPACE/DATASETS/CodecFake/train/F03_p275_370.wav,3
/USERSPACE/DATASETS/CodecFake/train/F03_p265_219.wav,3
/USERSPACE/DATASETS/CodecFake/train/F03_p297_070.wav,3
/USERSPACE/DATASETS/CodecFake/train/F03_SSB15550045.wav,3
/USERSPACE/DATASETS/CodecFake/train/F03_SSB03940130.wav,3
/USERSPACE/DATASETS/CodecFake/train/F03_SSB00430385.wav,3
/USERSPACE/DATASETS/CodecFake/train/F03_p232_361.wav,3
/USERSPACE/DATASETS/CodecFake/train/F03_SSB01490162.wav,3
/USERSPACE/DATASETS/CodecFake/train/F03_p313_044.wav,3
/USERSPACE/DATASETS/CodecFake/train/F03_p233_185.wav,3
/USERSPACE/DATASETS/CodecFake/train/F03_SSB07490326.wav,3
/USERSPACE/DATASETS/CodecFake/train/F03_SSB10560030.wav,3
/USERSPACE/DATASETS/CodecFake/train/F03_p264_441.wav,3
/USERSPACE/DATASETS/CodecFake/train/F03_SSB09350400.wav,3
/USERSPACE/DATASETS/CodecFake/train/F03_SSB04270160.wav,3
/USERSPACE/DATASETS/CodecFake/train/F03_SSB14480456.wav,3
/USERSPACE/DATASETS/CodecFake/train/F03_SSB16240107.wav,3
/USERSPACE/DATASETS/CodecFake/train/F03_SSB10720209.wav,3
/USERSPACE/DATASETS/CodecFake/train/F03_SSB19560079.wav,3
/USERSPACE/DATASETS/CodecFake/train/F03_SSB02730336.wav,3
/USERSPACE/DATASETS/CodecFake/train/F03_SSB12040338.wav,3
/USERSPACE/DATASETS/CodecFake/train/F03_SSB13400215.wav,3
/USERSPACE/DATASETS/CodecFake/train/F03_SSB04350032.wav,3
/USERSPACE/DATASETS/CodecFake/train/F03_p310_001.wav,3
/USERSPACE/DATASETS/CodecFake/train/F03_SSB11350145.wav,3
/USERSPACE/DATASETS/CodecFake/train/F03_p260_199.wav,3
/USERSPACE/DATASETS/CodecFake/train/F03_SSB02990139.wav,3
/USERSPACE/DATASETS/CodecFake/train/F03_p258_122.wav,3
/USERSPACE/DATASETS/CodecFake/train/F03_p272_043.wav,3
/USERSPACE/DATASETS/CodecFake/train/F03_SSB07860384.wav,3
/USERSPACE/DATASETS/CodecFake/train/F03_p232_181.wav,3
/USERSPACE/DATASETS/CodecFake/train/F03_SSB13660041.wav,3
/USERSPACE/DATASETS/CodecFake/train/F03_SSB14370410.wav,3
/USERSPACE/DATASETS/CodecFake/train/F03_SSB00120267.wav,3
/USERSPACE/DATASETS/CodecFake/train/F03_SSB06290140.wav,3
/USERSPACE/DATASETS/CodecFake/train/F03_SSB16700409.wav,3
/USERSPACE/DATASETS/CodecFake/train/F03_SSB03660308.wav,3
/USERSPACE/DATASETS/CodecFake/train/F03_SSB09870070.wav,3
/USERSPACE/DATASETS/CodecFake/train/F03_SSB12210112.wav,3
/USERSPACE/DATASETS/CodecFake/train/F03_p334_022.wav,3
/USERSPACE/DATASETS/CodecFake/train/F03_SSB07620480.wav,3
/USERSPACE/DATASETS/CodecFake/train/F03_p270_224.wav,3
/USERSPACE/DATASETS/CodecFake/train/F03_p262_088.wav,3
/USERSPACE/DATASETS/CodecFake/train/F03_SSB02730267.wav,3
/USERSPACE/DATASETS/CodecFake/train/F03_p347_295.wav,3
/USERSPACE/DATASETS/CodecFake/train/F03_SSB04700338.wav,3
/USERSPACE/DATASETS/CodecFake/train/F03_SSB18370266.wav,3
/USERSPACE/DATASETS/CodecFake/train/F03_SSB02460365.wav,3
/USERSPACE/DATASETS/CodecFake/train/F03_SSB03820150.wav,3
/USERSPACE/DATASETS/CodecFake/train/F03_SSB07200325.wav,3
/USERSPACE/DATASETS/CodecFake/train/F03_p264_316.wav,3
/USERSPACE/DATASETS/CodecFake/train/F03_SSB13020033.wav,3
/USERSPACE/DATASETS/CodecFake/train/F03_p329_105.wav,3
/USERSPACE/DATASETS/CodecFake/train/F03_SSB00050280.wav,3
/USERSPACE/DATASETS/CodecFake/train/F03_SSB18910217.wav,3
/USERSPACE/DATASETS/CodecFake/train/F03_p341_264.wav,3
/USERSPACE/DATASETS/CodecFake/train/F03_SSB15670047.wav,3
/USERSPACE/DATASETS/CodecFake/train/F03_SSB07940230.wav,3
/USERSPACE/DATASETS/CodecFake/train/F03_SSB01490192.wav,3
/USERSPACE/DATASETS/CodecFake/train/F03_SSB03150194.wav,3
/USERSPACE/DATASETS/CodecFake/train/F03_SSB18100330.wav,3
/USERSPACE/DATASETS/CodecFake/train/F03_SSB18460239.wav,3
/USERSPACE/DATASETS/CodecFake/train/F03_SSB06860158.wav,3
/USERSPACE/DATASETS/CodecFake/train/F03_SSB16990323.wav,3
/USERSPACE/DATASETS/CodecFake/train/F03_SSB10240034.wav,3
/USERSPACE/DATASETS/CodecFake/train/F03_SSB10080323.wav,3
/USERSPACE/DATASETS/CodecFake/train/F03_p301_197.wav,3
/USERSPACE/DATASETS/CodecFake/train/F03_p285_161.wav,3
/USERSPACE/DATASETS/CodecFake/train/F03_p323_108.wav,3
/USERSPACE/DATASETS/CodecFake/train/F03_SSB11870326.wav,3
/USERSPACE/DATASETS/CodecFake/train/F03_SSB04340180.wav,3
/USERSPACE/DATASETS/CodecFake/train/F03_SSB07490123.wav,3
/USERSPACE/DATASETS/CodecFake/train/F03_SSB02000012.wav,3
/USERSPACE/DATASETS/CodecFake/train/F03_SSB04070458.wav,3
/USERSPACE/DATASETS/CodecFake/train/F03_p334_201.wav,3
/USERSPACE/DATASETS/CodecFake/train/F03_p314_055.wav,3
/USERSPACE/DATASETS/CodecFake/train/F03_p333_137.wav,3
/USERSPACE/DATASETS/CodecFake/train/F03_SSB07490053.wav,3
/USERSPACE/DATASETS/CodecFake/train/F03_SSB04820419.wav,3
/USERSPACE/DATASETS/CodecFake/train/F03_p311_164.wav,3
/USERSPACE/DATASETS/CodecFake/train/F03_p241_159.wav,3
/USERSPACE/DATASETS/CodecFake/train/F03_p276_401.wav,3
/USERSPACE/DATASETS/CodecFake/train/F03_SSB00380033.wav,3
/USERSPACE/DATASETS/CodecFake/train/F03_p232_091.wav,3
/USERSPACE/DATASETS/CodecFake/train/F03_p293_248.wav,3
/USERSPACE/DATASETS/CodecFake/train/F03_p360_126.wav,3
/USERSPACE/DATASETS/CodecFake/train/F03_SSB06010160.wav,3
/USERSPACE/DATASETS/CodecFake/train/F03_SSB10720009.wav,3
/USERSPACE/DATASETS/CodecFake/train/F03_SSB10200505.wav,3
/USERSPACE/DATASETS/CodecFake/train/F03_SSB08710257.wav,3
/USERSPACE/DATASETS/CodecFake/train/F03_p285_205.wav,3
/USERSPACE/DATASETS/CodecFake/train/F03_SSB07840411.wav,3
/USERSPACE/DATASETS/CodecFake/train/F03_SSB06090144.wav,3
/USERSPACE/DATASETS/CodecFake/train/F03_p311_143.wav,3
/USERSPACE/DATASETS/CodecFake/train/F03_p360_007.wav,3
/USERSPACE/DATASETS/CodecFake/train/F03_SSB13220179.wav,3
/USERSPACE/DATASETS/CodecFake/train/F03_SSB00730098.wav,3
/USERSPACE/DATASETS/CodecFake/train/F03_SSB02870361.wav,3
/USERSPACE/DATASETS/CodecFake/train/F03_p293_350.wav,3
/USERSPACE/DATASETS/CodecFake/train/F03_SSB12180007.wav,3
/USERSPACE/DATASETS/CodecFake/train/F03_SSB00800194.wav,3
/USERSPACE/DATASETS/CodecFake/train/F03_SSB18370026.wav,3
/USERSPACE/DATASETS/CodecFake/train/F03_p243_300.wav,3
/USERSPACE/DATASETS/CodecFake/train/F03_SSB07580373.wav,3
/USERSPACE/DATASETS/CodecFake/train/F03_SSB07460127.wav,3
/USERSPACE/DATASETS/CodecFake/train/F03_SSB17810218.wav,3
/USERSPACE/DATASETS/CodecFake/train/F03_p374_297.wav,3
/USERSPACE/DATASETS/CodecFake/train/F03_p333_004.wav,3
/USERSPACE/DATASETS/CodecFake/train/F03_SSB00050401.wav,3
/USERSPACE/DATASETS/CodecFake/train/F03_p313_234.wav,3
/USERSPACE/DATASETS/CodecFake/train/F03_p329_253.wav,3
/USERSPACE/DATASETS/CodecFake/train/F03_SSB13930069.wav,3
/USERSPACE/DATASETS/CodecFake/train/F03_p307_020.wav,3
/USERSPACE/DATASETS/CodecFake/train/F03_SSB01390428.wav,3
/USERSPACE/DATASETS/CodecFake/train/F03_SSB06860201.wav,3
/USERSPACE/DATASETS/CodecFake/train/F03_p317_002.wav,3
/USERSPACE/DATASETS/CodecFake/train/F03_SSB18310055.wav,3
/USERSPACE/DATASETS/CodecFake/train/F03_SSB00090174.wav,3
/USERSPACE/DATASETS/CodecFake/train/F03_p288_257.wav,3
/USERSPACE/DATASETS/CodecFake/train/F03_SSB16070212.wav,3
/USERSPACE/DATASETS/CodecFake/train/F03_p314_190.wav,3
/USERSPACE/DATASETS/CodecFake/train/F03_p308_257.wav,3
/USERSPACE/DATASETS/CodecFake/train/F03_p340_189.wav,3
/USERSPACE/DATASETS/CodecFake/train/F03_SSB07860255.wav,3
/USERSPACE/DATASETS/CodecFake/train/F03_p248_225.wav,3
/USERSPACE/DATASETS/CodecFake/train/F03_p234_166.wav,3
/USERSPACE/DATASETS/CodecFake/train/F03_SSB06010045.wav,3
/USERSPACE/DATASETS/CodecFake/train/F03_SSB03930005.wav,3
/USERSPACE/DATASETS/CodecFake/train/F03_SSB02990308.wav,3
/USERSPACE/DATASETS/CodecFake/train/F03_SSB06710384.wav,3
/USERSPACE/DATASETS/CodecFake/train/F03_SSB00430343.wav,3
/USERSPACE/DATASETS/CodecFake/train/F03_SSB02670477.wav,3
/USERSPACE/DATASETS/CodecFake/train/F03_SSB05940351.wav,3
/USERSPACE/DATASETS/CodecFake/train/F03_SSB10720489.wav,3
/USERSPACE/DATASETS/CodecFake/train/F03_SSB06010184.wav,3
/USERSPACE/DATASETS/CodecFake/train/F03_p255_347.wav,3
/USERSPACE/DATASETS/CodecFake/train/F03_SSB18370031.wav,3
/USERSPACE/DATASETS/CodecFake/train/F03_SSB04150413.wav,3
/USERSPACE/DATASETS/CodecFake/train/F03_SSB06290163.wav,3
/USERSPACE/DATASETS/CodecFake/train/F03_SSB00330372.wav,3
/USERSPACE/DATASETS/CodecFake/train/F03_SSB10960135.wav,3
/USERSPACE/DATASETS/CodecFake/train/F03_SSB07510102.wav,3
/USERSPACE/DATASETS/CodecFake/train/F03_p336_247.wav,3
/USERSPACE/DATASETS/CodecFake/train/F03_p238_267.wav,3
/USERSPACE/DATASETS/CodecFake/train/F03_p273_226.wav,3
/USERSPACE/DATASETS/CodecFake/train/F03_SSB07860328.wav,3
/USERSPACE/DATASETS/CodecFake/train/F03_p234_111.wav,3
/USERSPACE/DATASETS/CodecFake/train/F03_SSB03230356.wav,3
/USERSPACE/DATASETS/CodecFake/train/F03_p244_417.wav,3
/USERSPACE/DATASETS/CodecFake/train/F03_SSB17110132.wav,3
/USERSPACE/DATASETS/CodecFake/train/F03_SSB18320394.wav,3
/USERSPACE/DATASETS/CodecFake/train/F03_SSB00570247.wav,3
/USERSPACE/DATASETS/CodecFake/train/F03_SSB03750149.wav,3
/USERSPACE/DATASETS/CodecFake/train/F03_SSB18320217.wav,3
/USERSPACE/DATASETS/CodecFake/train/F03_SSB03660256.wav,3
/USERSPACE/DATASETS/CodecFake/train/F03_p361_291.wav,3
/USERSPACE/DATASETS/CodecFake/train/F03_SSB07490479.wav,3
/USERSPACE/DATASETS/CodecFake/train/F03_p278_387.wav,3
/USERSPACE/DATASETS/CodecFake/train/F03_p335_343.wav,3
/USERSPACE/DATASETS/CodecFake/train/F03_p326_180.wav,3
/USERSPACE/DATASETS/CodecFake/train/F03_p300_343.wav,3
/USERSPACE/DATASETS/CodecFake/train/F03_SSB06310049.wav,3
/USERSPACE/DATASETS/CodecFake/train/F03_p363_119.wav,3
/USERSPACE/DATASETS/CodecFake/train/F03_SSB16840158.wav,3
/USERSPACE/DATASETS/CodecFake/train/F03_p272_280.wav,3
/USERSPACE/DATASETS/CodecFake/train/F03_SSB17110316.wav,3
/USERSPACE/DATASETS/CodecFake/train/F03_SSB02000120.wav,3
/USERSPACE/DATASETS/CodecFake/train/F03_SSB07490334.wav,3
/USERSPACE/DATASETS/CodecFake/train/F03_SSB03950361.wav,3
/USERSPACE/DATASETS/CodecFake/train/F03_p340_287.wav,3
/USERSPACE/DATASETS/CodecFake/train/F03_p343_037.wav,3
/USERSPACE/DATASETS/CodecFake/train/F03_SSB05650362.wav,3
/USERSPACE/DATASETS/CodecFake/train/F03_p302_311.wav,3
/USERSPACE/DATASETS/CodecFake/train/F03_SSB05880383.wav,3
/USERSPACE/DATASETS/CodecFake/train/F03_p341_129.wav,3
/USERSPACE/DATASETS/CodecFake/train/F03_SSB11610029.wav,3
/USERSPACE/DATASETS/CodecFake/train/F03_SSB12160430.wav,3
/USERSPACE/DATASETS/CodecFake/train/F03_SSB06030004.wav,3
/USERSPACE/DATASETS/CodecFake/train/F03_SSB00800060.wav,3
/USERSPACE/DATASETS/CodecFake/train/F03_p316_153.wav,3
/USERSPACE/DATASETS/CodecFake/train/F03_SSB10240176.wav,3
/USERSPACE/DATASETS/CodecFake/train/F03_SSB09350089.wav,3
/USERSPACE/DATASETS/CodecFake/train/F03_SSB03090412.wav,3
/USERSPACE/DATASETS/CodecFake/train/F03_p270_259.wav,3
/USERSPACE/DATASETS/CodecFake/train/F03_p286_233.wav,3
/USERSPACE/DATASETS/CodecFake/train/F03_SSB01220204.wav,3
/USERSPACE/DATASETS/CodecFake/train/F03_SSB03950371.wav,3
/USERSPACE/DATASETS/CodecFake/train/F03_p272_369.wav,3
/USERSPACE/DATASETS/CodecFake/train/F03_p254_226.wav,3
/USERSPACE/DATASETS/CodecFake/train/F03_SSB18720270.wav,3
/USERSPACE/DATASETS/CodecFake/train/F03_p255_145.wav,3
/USERSPACE/DATASETS/CodecFake/train/F03_SSB00430066.wav,3
/USERSPACE/DATASETS/CodecFake/train/F03_SSB15630098.wav,3
/USERSPACE/DATASETS/CodecFake/train/F03_SSB14370030.wav,3
/USERSPACE/DATASETS/CodecFake/train/F03_SSB07940375.wav,3
/USERSPACE/DATASETS/CodecFake/train/F03_SSB01120038.wav,3
/USERSPACE/DATASETS/CodecFake/train/F03_SSB04350333.wav,3
/USERSPACE/DATASETS/CodecFake/train/F03_SSB01220270.wav,3
/USERSPACE/DATASETS/CodecFake/train/F03_SSB06710413.wav,3
/USERSPACE/DATASETS/CodecFake/train/F03_SSB07490242.wav,3
/USERSPACE/DATASETS/CodecFake/train/F03_SSB19020099.wav,3
/USERSPACE/DATASETS/CodecFake/train/F03_SSB10200243.wav,3
/USERSPACE/DATASETS/CodecFake/train/F03_SSB03540349.wav,3
/USERSPACE/DATASETS/CodecFake/train/F03_SSB11250445.wav,3
/USERSPACE/DATASETS/CodecFake/train/F03_SSB19020390.wav,3
/USERSPACE/DATASETS/CodecFake/train/F03_p277_104.wav,3
/USERSPACE/DATASETS/CodecFake/train/F03_SSB08220252.wav,3
/USERSPACE/DATASETS/CodecFake/train/F03_SSB07620015.wav,3
/USERSPACE/DATASETS/CodecFake/train/F03_SSB14570127.wav,3
/USERSPACE/DATASETS/CodecFake/train/F03_p376_165.wav,3
/USERSPACE/DATASETS/CodecFake/train/F03_SSB00120300.wav,3
/USERSPACE/DATASETS/CodecFake/train/F03_p313_026.wav,3
/USERSPACE/DATASETS/CodecFake/train/F03_SSB13850321.wav,3
/USERSPACE/DATASETS/CodecFake/train/F03_SSB13200175.wav,3
/USERSPACE/DATASETS/CodecFake/train/F03_SSB07160482.wav,3
/USERSPACE/DATASETS/CodecFake/train/F03_SSB12160271.wav,3
/USERSPACE/DATASETS/CodecFake/train/F03_SSB12390197.wav,3
/USERSPACE/DATASETS/CodecFake/train/F03_p329_059.wav,3
/USERSPACE/DATASETS/CodecFake/train/F03_p361_400.wav,3
/USERSPACE/DATASETS/CodecFake/train/F03_SSB07460391.wav,3
/USERSPACE/DATASETS/CodecFake/train/F03_SSB13920360.wav,3
/USERSPACE/DATASETS/CodecFake/train/F03_SSB16700360.wav,3
/USERSPACE/DATASETS/CodecFake/train/F03_p340_248.wav,3
/USERSPACE/DATASETS/CodecFake/train/F03_p231_043.wav,3
/USERSPACE/DATASETS/CodecFake/train/F03_SSB14080426.wav,3
/USERSPACE/DATASETS/CodecFake/train/F03_SSB03940320.wav,3
/USERSPACE/DATASETS/CodecFake/train/F03_SSB00730452.wav,3
/USERSPACE/DATASETS/CodecFake/train/F03_SSB15750102.wav,3
/USERSPACE/DATASETS/CodecFake/train/F03_p301_381.wav,3
/USERSPACE/DATASETS/CodecFake/train/F03_SSB06310293.wav,3
/USERSPACE/DATASETS/CodecFake/train/F03_SSB19560108.wav,3
/USERSPACE/DATASETS/CodecFake/train/F03_p333_030.wav,3
/USERSPACE/DATASETS/CodecFake/train/F03_SSB05440226.wav,3
/USERSPACE/DATASETS/CodecFake/train/F03_SSB12150440.wav,3
/USERSPACE/DATASETS/CodecFake/train/F03_p323_213.wav,3
/USERSPACE/DATASETS/CodecFake/train/F03_SSB01450313.wav,3
/USERSPACE/DATASETS/CodecFake/train/F03_SSB18630373.wav,3
/USERSPACE/DATASETS/CodecFake/train/F03_p259_147.wav,3
/USERSPACE/DATASETS/CodecFake/train/F03_p362_090.wav,3
/USERSPACE/DATASETS/CodecFake/train/F03_SSB09190394.wav,3
/USERSPACE/DATASETS/CodecFake/train/F03_p312_079.wav,3
/USERSPACE/DATASETS/CodecFake/train/F03_SSB13930182.wav,3
/USERSPACE/DATASETS/CodecFake/train/F03_SSB18630272.wav,3
/USERSPACE/DATASETS/CodecFake/train/F03_SSB07600116.wav,3
/USERSPACE/DATASETS/CodecFake/train/F03_SSB10960057.wav,3
/USERSPACE/DATASETS/CodecFake/train/F03_p335_022.wav,3
/USERSPACE/DATASETS/CodecFake/train/F03_p227_348.wav,3
/USERSPACE/DATASETS/CodecFake/train/F03_SSB05940209.wav,3
/USERSPACE/DATASETS/CodecFake/train/F03_SSB17110331.wav,3
/USERSPACE/DATASETS/CodecFake/train/F03_SSB01330273.wav,3
/USERSPACE/DATASETS/CodecFake/train/F03_p295_108.wav,3
/USERSPACE/DATASETS/CodecFake/train/F03_p278_401.wav,3
/USERSPACE/DATASETS/CodecFake/train/F03_SSB18370152.wav,3
/USERSPACE/DATASETS/CodecFake/train/F03_p230_224.wav,3
/USERSPACE/DATASETS/CodecFake/train/F03_p311_322.wav,3
/USERSPACE/DATASETS/CodecFake/train/F03_SSB01220040.wav,3
/USERSPACE/DATASETS/CodecFake/train/F03_SSB03390258.wav,3
/USERSPACE/DATASETS/CodecFake/train/F03_SSB08170325.wav,3
/USERSPACE/DATASETS/CodecFake/train/F03_p254_052.wav,3
/USERSPACE/DATASETS/CodecFake/train/F03_SSB03940464.wav,3
/USERSPACE/DATASETS/CodecFake/train/F03_SSB04700232.wav,3
/USERSPACE/DATASETS/CodecFake/train/F03_SSB06070473.wav,3
/USERSPACE/DATASETS/CodecFake/train/F03_p274_010.wav,3
/USERSPACE/DATASETS/CodecFake/train/F03_p326_206.wav,3
/USERSPACE/DATASETS/CodecFake/train/F03_p341_011.wav,3
/USERSPACE/DATASETS/CodecFake/train/F03_p329_136.wav,3
/USERSPACE/DATASETS/CodecFake/train/F03_p286_443.wav,3
/USERSPACE/DATASETS/CodecFake/train/F03_p261_087.wav,3
/USERSPACE/DATASETS/CodecFake/train/F03_SSB09190442.wav,3
/USERSPACE/DATASETS/CodecFake/train/F03_SSB19020154.wav,3
/USERSPACE/DATASETS/CodecFake/train/F03_SSB06030044.wav,3
/USERSPACE/DATASETS/CodecFake/train/F03_p243_191.wav,3
/USERSPACE/DATASETS/CodecFake/train/F03_SSB07780341.wav,3
/USERSPACE/DATASETS/CodecFake/train/F03_p295_338.wav,3
/USERSPACE/DATASETS/CodecFake/train/F03_p267_340.wav,3
/USERSPACE/DATASETS/CodecFake/train/F03_SSB07490468.wav,3
/USERSPACE/DATASETS/CodecFake/train/F03_p329_188.wav,3
/USERSPACE/DATASETS/CodecFake/train/F03_SSB13400393.wav,3
/USERSPACE/DATASETS/CodecFake/train/F03_SSB07460451.wav,3
/USERSPACE/DATASETS/CodecFake/train/F03_SSB18630356.wav,3
/USERSPACE/DATASETS/CodecFake/train/F03_p347_164.wav,3
/USERSPACE/DATASETS/CodecFake/train/F03_SSB03930106.wav,3
/USERSPACE/DATASETS/CodecFake/train/F03_SSB03790346.wav,3
/USERSPACE/DATASETS/CodecFake/train/F03_p286_258.wav,3
/USERSPACE/DATASETS/CodecFake/train/F03_SSB07170195.wav,3
/USERSPACE/DATASETS/CodecFake/train/F03_SSB10960490.wav,3
/USERSPACE/DATASETS/CodecFake/train/F03_SSB05900452.wav,3
/USERSPACE/DATASETS/CodecFake/train/F03_SSB04150095.wav,3
/USERSPACE/DATASETS/CodecFake/train/F03_SSB07230138.wav,3
/USERSPACE/DATASETS/CodecFake/train/F03_SSB02880379.wav,3
/USERSPACE/DATASETS/CodecFake/train/F03_p339_215.wav,3
/USERSPACE/DATASETS/CodecFake/train/F03_p245_316.wav,3
/USERSPACE/DATASETS/CodecFake/train/F03_SSB18910241.wav,3
/USERSPACE/DATASETS/CodecFake/train/F03_SSB01120029.wav,3
/USERSPACE/DATASETS/CodecFake/train/F03_p313_022.wav,3
/USERSPACE/DATASETS/CodecFake/train/F03_SSB19020090.wav,3
/USERSPACE/DATASETS/CodecFake/train/F03_SSB13990089.wav,3
/USERSPACE/DATASETS/CodecFake/train/F03_SSB01120126.wav,3
/USERSPACE/DATASETS/CodecFake/train/F03_p341_159.wav,3
/USERSPACE/DATASETS/CodecFake/train/F03_SSB10500430.wav,3
/USERSPACE/DATASETS/CodecFake/train/F03_SSB05940130.wav,3
/USERSPACE/DATASETS/CodecFake/train/F03_SSB03090404.wav,3
/USERSPACE/DATASETS/CodecFake/train/F03_p301_393.wav,3
/USERSPACE/DATASETS/CodecFake/train/F03_SSB01490442.wav,3
/USERSPACE/DATASETS/CodecFake/train/F03_p267_181.wav,3
/USERSPACE/DATASETS/CodecFake/train/F03_SSB18280446.wav,3
/USERSPACE/DATASETS/CodecFake/train/F03_SSB16070299.wav,3
/USERSPACE/DATASETS/CodecFake/train/F03_SSB07800352.wav,3
/USERSPACE/DATASETS/CodecFake/train/F03_p262_244.wav,3
/USERSPACE/DATASETS/CodecFake/train/F03_SSB17810304.wav,3
/USERSPACE/DATASETS/CodecFake/train/F03_p276_432.wav,3
/USERSPACE/DATASETS/CodecFake/train/F03_SSB02610133.wav,3
/USERSPACE/DATASETS/CodecFake/train/F03_SSB07940107.wav,3
/USERSPACE/DATASETS/CodecFake/train/F03_p236_100.wav,3
/USERSPACE/DATASETS/CodecFake/train/F03_SSB07160230.wav,3
/USERSPACE/DATASETS/CodecFake/train/F03_SSB19350418.wav,3
/USERSPACE/DATASETS/CodecFake/train/F03_SSB02670268.wav,3
/USERSPACE/DATASETS/CodecFake/train/F03_p293_287.wav,3
/USERSPACE/DATASETS/CodecFake/train/F03_SSB03410436.wav,3
/USERSPACE/DATASETS/CodecFake/train/F03_SSB11250212.wav,3
/USERSPACE/DATASETS/CodecFake/train/F03_SSB08090078.wav,3
/USERSPACE/DATASETS/CodecFake/train/F03_p250_161.wav,3
/USERSPACE/DATASETS/CodecFake/train/F03_SSB18630087.wav,3
/USERSPACE/DATASETS/CodecFake/train/F03_SSB06230283.wav,3
/USERSPACE/DATASETS/CodecFake/train/F03_p308_157.wav,3
/USERSPACE/DATASETS/CodecFake/train/F03_p273_344.wav,3
/USERSPACE/DATASETS/CodecFake/train/F03_SSB04700203.wav,3
/USERSPACE/DATASETS/CodecFake/train/F03_SSB05650194.wav,3
/USERSPACE/DATASETS/CodecFake/train/F03_SSB13660081.wav,3
/USERSPACE/DATASETS/CodecFake/train/F03_SSB00160443.wav,3
/USERSPACE/DATASETS/CodecFake/train/F03_SSB03850116.wav,3
/USERSPACE/DATASETS/CodecFake/train/F03_p267_189.wav,3
/USERSPACE/DATASETS/CodecFake/train/F03_p318_034.wav,3
/USERSPACE/DATASETS/CodecFake/train/F03_p250_155.wav,3
/USERSPACE/DATASETS/CodecFake/train/F03_SSB03930249.wav,3
/USERSPACE/DATASETS/CodecFake/train/F03_SSB08220339.wav,3
/USERSPACE/DATASETS/CodecFake/train/F03_p360_336.wav,3
/USERSPACE/DATASETS/CodecFake/train/F03_p248_353.wav,3
/USERSPACE/DATASETS/CodecFake/train/F03_SSB02610174.wav,3
/USERSPACE/DATASETS/CodecFake/train/F03_SSB15550039.wav,3
/USERSPACE/DATASETS/CodecFake/train/F03_SSB04700011.wav,3
/USERSPACE/DATASETS/CodecFake/train/F03_p257_331.wav,3
/USERSPACE/DATASETS/CodecFake/train/F03_SSB12530385.wav,3
/USERSPACE/DATASETS/CodecFake/train/F03_SSB07620335.wav,3
/USERSPACE/DATASETS/CodecFake/train/F03_SSB15670282.wav,3
/USERSPACE/DATASETS/CodecFake/train/F03_SSB12150411.wav,3
/USERSPACE/DATASETS/CodecFake/train/F03_SSB00160360.wav,3
/USERSPACE/DATASETS/CodecFake/train/F03_p339_232.wav,3
/USERSPACE/DATASETS/CodecFake/train/F03_SSB10720084.wav,3
/USERSPACE/DATASETS/CodecFake/train/F03_SSB06140266.wav,3
/USERSPACE/DATASETS/CodecFake/train/F03_SSB12190033.wav,3
/USERSPACE/DATASETS/CodecFake/train/F03_SSB06030126.wav,3
/USERSPACE/DATASETS/CodecFake/train/F03_SSB06230346.wav,3
/USERSPACE/DATASETS/CodecFake/train/F03_SSB09190221.wav,3
/USERSPACE/DATASETS/CodecFake/train/F03_p250_125.wav,3
/USERSPACE/DATASETS/CodecFake/train/F03_SSB06070021.wav,3
/USERSPACE/DATASETS/CodecFake/train/F03_SSB06860261.wav,3
/USERSPACE/DATASETS/CodecFake/train/F03_SSB15750476.wav,3
/USERSPACE/DATASETS/CodecFake/train/F03_p238_362.wav,3
/USERSPACE/DATASETS/CodecFake/train/F03_SSB17810242.wav,3
/USERSPACE/DATASETS/CodecFake/train/F03_SSB06710284.wav,3
/USERSPACE/DATASETS/CodecFake/train/F03_SSB07160174.wav,3
/USERSPACE/DATASETS/CodecFake/train/F03_p244_293.wav,3
/USERSPACE/DATASETS/CodecFake/train/F03_p266_250.wav,3
/USERSPACE/DATASETS/CodecFake/train/F03_SSB12390059.wav,3
/USERSPACE/DATASETS/CodecFake/train/F03_p278_260.wav,3
/USERSPACE/DATASETS/CodecFake/train/F03_p284_305.wav,3
/USERSPACE/DATASETS/CodecFake/train/F03_p326_200.wav,3
/USERSPACE/DATASETS/CodecFake/train/F03_p345_191.wav,3
/USERSPACE/DATASETS/CodecFake/train/F03_SSB05700450.wav,3
/USERSPACE/DATASETS/CodecFake/train/F03_SSB16250183.wav,3
/USERSPACE/DATASETS/CodecFake/train/F03_SSB13660058.wav,3
/USERSPACE/DATASETS/CodecFake/train/F03_SSB15550021.wav,3
/USERSPACE/DATASETS/CodecFake/train/F03_SSB03410314.wav,3
/USERSPACE/DATASETS/CodecFake/train/F03_SSB02990421.wav,3
/USERSPACE/DATASETS/CodecFake/train/F03_SSB17110354.wav,3
/USERSPACE/DATASETS/CodecFake/train/F03_SSB00800138.wav,3
/USERSPACE/DATASETS/CodecFake/train/F03_p271_421.wav,3
/USERSPACE/DATASETS/CodecFake/train/F03_SSB10720455.wav,3
/USERSPACE/DATASETS/CodecFake/train/F03_SSB09970387.wav,3
/USERSPACE/DATASETS/CodecFake/train/F03_p259_418.wav,3
/USERSPACE/DATASETS/CodecFake/train/F03_SSB02880435.wav,3
/USERSPACE/DATASETS/CodecFake/train/F03_p347_402.wav,3
/USERSPACE/DATASETS/CodecFake/train/F03_p250_188.wav,3
/USERSPACE/DATASETS/CodecFake/train/F03_SSB15850269.wav,3
/USERSPACE/DATASETS/CodecFake/train/F03_SSB07490384.wav,3
/USERSPACE/DATASETS/CodecFake/train/F03_SSB02730391.wav,3
/USERSPACE/DATASETS/CodecFake/train/F03_SSB06710199.wav,3
/USERSPACE/DATASETS/CodecFake/train/F03_p343_205.wav,3
/USERSPACE/DATASETS/CodecFake/train/F03_p312_335.wav,3
/USERSPACE/DATASETS/CodecFake/train/F03_SSB13770377.wav,3
/USERSPACE/DATASETS/CodecFake/train/F03_SSB10500003.wav,3
/USERSPACE/DATASETS/CodecFake/train/F03_p362_230.wav,3
/USERSPACE/DATASETS/CodecFake/train/F03_SSB03790278.wav,3
/USERSPACE/DATASETS/CodecFake/train/F03_SSB04700104.wav,3
/USERSPACE/DATASETS/CodecFake/train/F03_SSB11970187.wav,3
/USERSPACE/DATASETS/CodecFake/train/F03_p336_019.wav,3
/USERSPACE/DATASETS/CodecFake/train/F03_p283_169.wav,3
/USERSPACE/DATASETS/CodecFake/train/F03_SSB03660261.wav,3
/USERSPACE/DATASETS/CodecFake/train/F03_p282_321.wav,3
/USERSPACE/DATASETS/CodecFake/train/F03_SSB06060132.wav,3
/USERSPACE/DATASETS/CodecFake/train/F03_p303_301.wav,3
/USERSPACE/DATASETS/CodecFake/train/F03_SSB13280468.wav,3
/USERSPACE/DATASETS/CodecFake/train/F03_SSB02460126.wav,3
/USERSPACE/DATASETS/CodecFake/train/F03_SSB06230480.wav,3
/USERSPACE/DATASETS/CodecFake/train/F03_p335_074.wav,3
/USERSPACE/DATASETS/CodecFake/train/F03_SSB00330339.wav,3
/USERSPACE/DATASETS/CodecFake/train/F03_p285_307.wav,3
/USERSPACE/DATASETS/CodecFake/train/F03_SSB10500227.wav,3
/USERSPACE/DATASETS/CodecFake/train/F03_SSB10500504.wav,3
/USERSPACE/DATASETS/CodecFake/train/F03_p299_209.wav,3
/USERSPACE/DATASETS/CodecFake/train/F03_SSB19390219.wav,3
/USERSPACE/DATASETS/CodecFake/train/F03_SSB13770139.wav,3
/USERSPACE/DATASETS/CodecFake/train/F03_SSB05020078.wav,3
/USERSPACE/DATASETS/CodecFake/train/F03_SSB03230453.wav,3
/USERSPACE/DATASETS/CodecFake/train/F03_SSB06310136.wav,3
/USERSPACE/DATASETS/CodecFake/train/F03_p258_133.wav,3
/USERSPACE/DATASETS/CodecFake/train/F03_SSB11970384.wav,3
/USERSPACE/DATASETS/CodecFake/train/F03_SSB02610426.wav,3
/USERSPACE/DATASETS/CodecFake/train/F03_SSB07490424.wav,3
/USERSPACE/DATASETS/CodecFake/train/F03_SSB07780079.wav,3
/USERSPACE/DATASETS/CodecFake/train/F03_SSB07370360.wav,3
/USERSPACE/DATASETS/CodecFake/train/F03_p228_278.wav,3
/USERSPACE/DATASETS/CodecFake/train/F03_p258_194.wav,3
/USERSPACE/DATASETS/CodecFake/train/F03_p307_277.wav,3
/USERSPACE/DATASETS/CodecFake/train/F03_SSB13850316.wav,3
/USERSPACE/DATASETS/CodecFake/train/F03_p238_123.wav,3
/USERSPACE/DATASETS/CodecFake/train/F03_SSB04340151.wav,3
/USERSPACE/DATASETS/CodecFake/train/F03_p241_360.wav,3
/USERSPACE/DATASETS/CodecFake/train/F03_SSB05880318.wav,3
/USERSPACE/DATASETS/CodecFake/train/F03_SSB18630239.wav,3
/USERSPACE/DATASETS/CodecFake/train/F03_SSB06310085.wav,3
/USERSPACE/DATASETS/CodecFake/train/F03_SSB13200347.wav,3
/USERSPACE/DATASETS/CodecFake/train/F03_SSB00730271.wav,3
/USERSPACE/DATASETS/CodecFake/train/F03_SSB00800460.wav,3
/USERSPACE/DATASETS/CodecFake/train/F03_SSB08090407.wav,3
/USERSPACE/DATASETS/CodecFake/train/F03_p334_190.wav,3
/USERSPACE/DATASETS/CodecFake/train/F03_p376_182.wav,3
/USERSPACE/DATASETS/CodecFake/train/F03_p281_098.wav,3
/USERSPACE/DATASETS/CodecFake/train/F03_p245_080.wav,3
/USERSPACE/DATASETS/CodecFake/train/F03_SSB03850094.wav,3
/USERSPACE/DATASETS/CodecFake/train/F03_SSB09350099.wav,3
/USERSPACE/DATASETS/CodecFake/train/F03_SSB10500041.wav,3
/USERSPACE/DATASETS/CodecFake/train/F03_p304_044.wav,3
/USERSPACE/DATASETS/CodecFake/train/F03_SSB05990263.wav,3
/USERSPACE/DATASETS/CodecFake/train/F03_p333_035.wav,3
/USERSPACE/DATASETS/CodecFake/train/F03_SSB02730047.wav,3
/USERSPACE/DATASETS/CodecFake/train/F03_SSB04070241.wav,3
/USERSPACE/DATASETS/CodecFake/train/F03_p279_012.wav,3
/USERSPACE/DATASETS/CodecFake/train/F03_SSB14080005.wav,3
/USERSPACE/DATASETS/CodecFake/train/F03_SSB00800166.wav,3
/USERSPACE/DATASETS/CodecFake/train/F03_SSB03940348.wav,3
/USERSPACE/DATASETS/CodecFake/train/F03_p288_380.wav,3
/USERSPACE/DATASETS/CodecFake/train/F03_p351_275.wav,3
/USERSPACE/DATASETS/CodecFake/train/F03_p232_266.wav,3
/USERSPACE/DATASETS/CodecFake/train/F03_SSB12190328.wav,3
/USERSPACE/DATASETS/CodecFake/train/F03_SSB11100123.wav,3
/USERSPACE/DATASETS/CodecFake/train/F03_p266_120.wav,3
/USERSPACE/DATASETS/CodecFake/train/F03_SSB05650152.wav,3
/USERSPACE/DATASETS/CodecFake/train/F03_SSB00110248.wav,3
/USERSPACE/DATASETS/CodecFake/train/F03_p281_301.wav,3
/USERSPACE/DATASETS/CodecFake/train/F03_SSB19350197.wav,3
/USERSPACE/DATASETS/CodecFake/train/F03_SSB16700074.wav,3
/USERSPACE/DATASETS/CodecFake/train/F03_SSB03150278.wav,3
/USERSPACE/DATASETS/CodecFake/train/F03_p247_073.wav,3
/USERSPACE/DATASETS/CodecFake/train/F03_p335_356.wav,3
/USERSPACE/DATASETS/CodecFake/train/F03_SSB17280512.wav,3
/USERSPACE/DATASETS/CodecFake/train/F03_SSB06030169.wav,3
/USERSPACE/DATASETS/CodecFake/train/F03_SSB05700421.wav,3
/USERSPACE/DATASETS/CodecFake/train/F03_p265_299.wav,3
/USERSPACE/DATASETS/CodecFake/train/F03_SSB06140465.wav,3
/USERSPACE/DATASETS/CodecFake/train/F03_p301_338.wav,3
/USERSPACE/DATASETS/CodecFake/train/F03_p272_152.wav,3
/USERSPACE/DATASETS/CodecFake/train/F03_SSB19390103.wav,3
/USERSPACE/DATASETS/CodecFake/train/F03_SSB19020450.wav,3
/USERSPACE/DATASETS/CodecFake/train/F03_SSB11080337.wav,3
/USERSPACE/DATASETS/CodecFake/train/F03_SSB03800404.wav,3
/USERSPACE/DATASETS/CodecFake/train/F03_p261_268.wav,3
/USERSPACE/DATASETS/CodecFake/train/F03_SSB00380057.wav,3
/USERSPACE/DATASETS/CodecFake/train/F03_SSB07200091.wav,3
/USERSPACE/DATASETS/CodecFake/train/F03_SSB12040466.wav,3
/USERSPACE/DATASETS/CodecFake/train/F03_p305_067.wav,3
/USERSPACE/DATASETS/CodecFake/train/F03_SSB13820102.wav,3
/USERSPACE/DATASETS/CodecFake/train/F03_p287_240.wav,3
/USERSPACE/DATASETS/CodecFake/train/F03_SSB15630417.wav,3
/USERSPACE/DATASETS/CodecFake/train/F03_p274_406.wav,3
/USERSPACE/DATASETS/CodecFake/train/F03_SSB02610210.wav,3
/USERSPACE/DATASETS/CodecFake/train/F03_SSB05350239.wav,3
/USERSPACE/DATASETS/CodecFake/train/F03_SSB18720228.wav,3
/USERSPACE/DATASETS/CodecFake/train/F03_SSB06060268.wav,3
/USERSPACE/DATASETS/CodecFake/train/F03_p277_125.wav,3
/USERSPACE/DATASETS/CodecFake/train/F03_SSB06310036.wav,3
/USERSPACE/DATASETS/CodecFake/train/F03_SSB05390098.wav,3
/USERSPACE/DATASETS/CodecFake/train/F03_p261_221.wav,3
/USERSPACE/DATASETS/CodecFake/train/F03_SSB06140026.wav,3
/USERSPACE/DATASETS/CodecFake/train/F03_p243_281.wav,3
/USERSPACE/DATASETS/CodecFake/train/F03_SSB03090133.wav,3
/USERSPACE/DATASETS/CodecFake/train/F03_SSB13650087.wav,3
/USERSPACE/DATASETS/CodecFake/train/F03_SSB13850086.wav,3
/USERSPACE/DATASETS/CodecFake/train/F03_SSB01220154.wav,3
/USERSPACE/DATASETS/CodecFake/train/F03_p279_055.wav,3
/USERSPACE/DATASETS/CodecFake/train/F03_p248_248.wav,3
/USERSPACE/DATASETS/CodecFake/train/F03_SSB05780058.wav,3
/USERSPACE/DATASETS/CodecFake/train/F03_SSB01390178.wav,3
/USERSPACE/DATASETS/CodecFake/train/F03_p254_282.wav,3
/USERSPACE/DATASETS/CodecFake/train/F03_SSB03940281.wav,3
/USERSPACE/DATASETS/CodecFake/train/F03_SSB17810251.wav,3
/USERSPACE/DATASETS/CodecFake/train/F03_p236_348.wav,3
/USERSPACE/DATASETS/CodecFake/train/F03_SSB06230374.wav,3
/USERSPACE/DATASETS/CodecFake/train/F03_p345_186.wav,3
/USERSPACE/DATASETS/CodecFake/train/F03_p241_106.wav,3
/USERSPACE/DATASETS/CodecFake/train/F03_SSB03660170.wav,3
/USERSPACE/DATASETS/CodecFake/train/F03_SSB03940081.wav,3
/USERSPACE/DATASETS/CodecFake/train/F03_SSB01120294.wav,3
/USERSPACE/DATASETS/CodecFake/train/F03_SSB11350023.wav,3
/USERSPACE/DATASETS/CodecFake/train/F03_SSB16250047.wav,3
/USERSPACE/DATASETS/CodecFake/train/F03_p275_091.wav,3
/USERSPACE/DATASETS/CodecFake/train/F03_p335_389.wav,3
/USERSPACE/DATASETS/CodecFake/train/F03_SSB17450468.wav,3
/USERSPACE/DATASETS/CodecFake/train/F03_SSB00430492.wav,3
/USERSPACE/DATASETS/CodecFake/train/F03_SSB03790151.wav,3
/USERSPACE/DATASETS/CodecFake/train/F03_p233_265.wav,3
/USERSPACE/DATASETS/CodecFake/train/F03_SSB00180259.wav,3
/USERSPACE/DATASETS/CodecFake/train/F03_p236_366.wav,3
/USERSPACE/DATASETS/CodecFake/train/F03_SSB01390002.wav,3
/USERSPACE/DATASETS/CodecFake/train/F03_p299_181.wav,3
/USERSPACE/DATASETS/CodecFake/train/F03_p248_338.wav,3
/USERSPACE/DATASETS/CodecFake/train/F03_p269_229.wav,3
/USERSPACE/DATASETS/CodecFake/train/F03_p303_096.wav,3
/USERSPACE/DATASETS/CodecFake/train/F03_SSB07370264.wav,3
/USERSPACE/DATASETS/CodecFake/train/F03_SSB18630089.wav,3
/USERSPACE/DATASETS/CodecFake/train/F03_p301_217.wav,3
/USERSPACE/DATASETS/CodecFake/train/F03_SSB06930093.wav,3
/USERSPACE/DATASETS/CodecFake/train/F03_p279_314.wav,3
/USERSPACE/DATASETS/CodecFake/train/F03_SSB12030279.wav,3
/USERSPACE/DATASETS/CodecFake/train/F03_SSB05880269.wav,3
/USERSPACE/DATASETS/CodecFake/train/F03_SSB07580100.wav,3
/USERSPACE/DATASETS/CodecFake/train/F03_SSB07940185.wav,3
/USERSPACE/DATASETS/CodecFake/train/F03_SSB16990249.wav,3
/USERSPACE/DATASETS/CodecFake/train/F03_SSB02730183.wav,3
/USERSPACE/DATASETS/CodecFake/train/F03_SSB03420483.wav,3
/USERSPACE/DATASETS/CodecFake/train/F03_p316_079.wav,3
/USERSPACE/DATASETS/CodecFake/train/F03_SSB16840250.wav,3
/USERSPACE/DATASETS/CodecFake/train/F03_SSB10020090.wav,3
/USERSPACE/DATASETS/CodecFake/train/F03_SSB11150210.wav,3
/USERSPACE/DATASETS/CodecFake/train/F03_SSB12030266.wav,3
/USERSPACE/DATASETS/CodecFake/train/F03_SSB18090070.wav,3
/USERSPACE/DATASETS/CodecFake/train/F03_SSB00430242.wav,3
/USERSPACE/DATASETS/CodecFake/train/F03_p300_031.wav,3
/USERSPACE/DATASETS/CodecFake/train/F03_SSB13660295.wav,3
/USERSPACE/DATASETS/CodecFake/train/F03_SSB04070122.wav,3
/USERSPACE/DATASETS/CodecFake/train/F03_p249_093.wav,3
/USERSPACE/DATASETS/CodecFake/train/F03_SSB11250072.wav,3
/USERSPACE/DATASETS/CodecFake/train/F03_p253_249.wav,3
/USERSPACE/DATASETS/CodecFake/train/F03_SSB03660493.wav,3
/USERSPACE/DATASETS/CodecFake/train/F03_SSB07860226.wav,3
/USERSPACE/DATASETS/CodecFake/train/F03_SSB06680442.wav,3
/USERSPACE/DATASETS/CodecFake/train/F03_p263_071.wav,3
/USERSPACE/DATASETS/CodecFake/train/F03_SSB07360060.wav,3
/USERSPACE/DATASETS/CodecFake/train/F03_p363_270.wav,3
/USERSPACE/DATASETS/CodecFake/train/F03_SSB06290257.wav,3
/USERSPACE/DATASETS/CodecFake/train/F03_SSB00730411.wav,3
/USERSPACE/DATASETS/CodecFake/train/F03_SSB18630162.wav,3
/USERSPACE/DATASETS/CodecFake/train/F03_p230_079.wav,3
/USERSPACE/DATASETS/CodecFake/train/F03_SSB03660255.wav,3
/USERSPACE/DATASETS/CodecFake/train/F03_SSB04820325.wav,3
/USERSPACE/DATASETS/CodecFake/train/F03_SSB11250376.wav,3
/USERSPACE/DATASETS/CodecFake/train/F03_SSB01330193.wav,3
/USERSPACE/DATASETS/CodecFake/train/F03_SSB05940029.wav,3
/USERSPACE/DATASETS/CodecFake/train/F03_SSB11000433.wav,3
/USERSPACE/DATASETS/CodecFake/train/F03_p311_221.wav,3
/USERSPACE/DATASETS/CodecFake/train/F03_p298_347.wav,3
/USERSPACE/DATASETS/CodecFake/train/F03_SSB09350333.wav,3
/USERSPACE/DATASETS/CodecFake/train/F03_p281_153.wav,3
/USERSPACE/DATASETS/CodecFake/train/F03_SSB16840130.wav,3
/USERSPACE/DATASETS/CodecFake/train/F03_p270_416.wav,3
/USERSPACE/DATASETS/CodecFake/train/F03_p248_356.wav,3
/USERSPACE/DATASETS/CodecFake/train/F03_p243_208.wav,3
/USERSPACE/DATASETS/CodecFake/train/F03_SSB06860459.wav,3
/USERSPACE/DATASETS/CodecFake/train/F03_SSB15930355.wav,3
/USERSPACE/DATASETS/CodecFake/train/F03_p266_418.wav,3
/USERSPACE/DATASETS/CodecFake/train/F03_SSB05900058.wav,3
/USERSPACE/DATASETS/CodecFake/train/F03_SSB10720251.wav,3
/USERSPACE/DATASETS/CodecFake/train/F03_p334_160.wav,3
/USERSPACE/DATASETS/CodecFake/train/F03_SSB09660266.wav,3
/USERSPACE/DATASETS/CodecFake/train/F03_SSB05340191.wav,3
/USERSPACE/DATASETS/CodecFake/train/F03_SSB01970202.wav,3
/USERSPACE/DATASETS/CodecFake/train/F03_p313_271.wav,3
/USERSPACE/DATASETS/CodecFake/train/F03_p286_265.wav,3
/USERSPACE/DATASETS/CodecFake/train/F03_SSB18780371.wav,3
/USERSPACE/DATASETS/CodecFake/train/F03_SSB03090455.wav,3
/USERSPACE/DATASETS/CodecFake/train/F03_SSB06680482.wav,3
/USERSPACE/DATASETS/CodecFake/train/F03_SSB03230248.wav,3
/USERSPACE/DATASETS/CodecFake/train/F03_SSB07110086.wav,3
/USERSPACE/DATASETS/CodecFake/train/F03_SSB06140399.wav,3
/USERSPACE/DATASETS/CodecFake/train/F03_p226_164.wav,3
/USERSPACE/DATASETS/CodecFake/train/F03_SSB02990063.wav,3
/USERSPACE/DATASETS/CodecFake/train/F03_SSB10010278.wav,3
/USERSPACE/DATASETS/CodecFake/train/F03_SSB05990205.wav,3
/USERSPACE/DATASETS/CodecFake/train/F03_SSB07370243.wav,3
/USERSPACE/DATASETS/CodecFake/train/F03_SSB02460207.wav,3
/USERSPACE/DATASETS/CodecFake/train/F03_p229_106.wav,3
/USERSPACE/DATASETS/CodecFake/train/F03_SSB18320128.wav,3
/USERSPACE/DATASETS/CodecFake/train/F03_SSB00120125.wav,3
/USERSPACE/DATASETS/CodecFake/train/F03_SSB04340444.wav,3
/USERSPACE/DATASETS/CodecFake/train/F03_p339_051.wav,3
/USERSPACE/DATASETS/CodecFake/train/F03_SSB06060129.wav,3
/USERSPACE/DATASETS/CodecFake/train/F03_SSB04700365.wav,3
/USERSPACE/DATASETS/CodecFake/train/F03_SSB04820190.wav,3
/USERSPACE/DATASETS/CodecFake/train/F03_SSB05940050.wav,3
/USERSPACE/DATASETS/CodecFake/train/F03_p305_289.wav,3
/USERSPACE/DATASETS/CodecFake/train/F03_SSB04340153.wav,3
/USERSPACE/DATASETS/CodecFake/train/F03_SSB02000198.wav,3
/USERSPACE/DATASETS/CodecFake/train/F03_p294_147.wav,3
/USERSPACE/DATASETS/CodecFake/train/F03_SSB10000158.wav,3
/USERSPACE/DATASETS/CodecFake/train/F03_SSB10500089.wav,3
/USERSPACE/DATASETS/CodecFake/train/F03_SSB11250062.wav,3
/USERSPACE/DATASETS/CodecFake/train/F03_SSB02610061.wav,3
/USERSPACE/DATASETS/CodecFake/train/F03_SSB05780211.wav,3
/USERSPACE/DATASETS/CodecFake/train/F03_SSB06010002.wav,3
/USERSPACE/DATASETS/CodecFake/train/F03_SSB05650027.wav,3
/USERSPACE/DATASETS/CodecFake/train/F03_p262_002.wav,3
/USERSPACE/DATASETS/CodecFake/train/F03_SSB03420351.wav,3
/USERSPACE/DATASETS/CodecFake/train/F03_SSB03950073.wav,3
/USERSPACE/DATASETS/CodecFake/train/F03_SSB07480056.wav,3
/USERSPACE/DATASETS/CodecFake/train/F03_p284_204.wav,3
/USERSPACE/DATASETS/CodecFake/train/F03_p274_443.wav,3
/USERSPACE/DATASETS/CodecFake/train/F03_SSB11380268.wav,3
/USERSPACE/DATASETS/CodecFake/train/F03_SSB11080117.wav,3
/USERSPACE/DATASETS/CodecFake/train/F03_SSB09970288.wav,3
/USERSPACE/DATASETS/CodecFake/train/F03_SSB07940267.wav,3
/USERSPACE/DATASETS/CodecFake/train/F03_SSB01930060.wav,3
/USERSPACE/DATASETS/CodecFake/train/F03_p318_193.wav,3
/USERSPACE/DATASETS/CodecFake/train/F03_SSB17590104.wav,3
/USERSPACE/DATASETS/CodecFake/train/F03_SSB01490382.wav,3
/USERSPACE/DATASETS/CodecFake/train/F03_SSB13830323.wav,3
/USERSPACE/DATASETS/CodecFake/train/F03_p250_046.wav,3
/USERSPACE/DATASETS/CodecFake/train/F03_p252_391.wav,3
/USERSPACE/DATASETS/CodecFake/train/F03_SSB17110302.wav,3
/USERSPACE/DATASETS/CodecFake/train/F03_SSB12210085.wav,3
/USERSPACE/DATASETS/CodecFake/train/F03_p281_035.wav,3
/USERSPACE/DATASETS/CodecFake/train/F03_SSB10960009.wav,3
/USERSPACE/DATASETS/CodecFake/train/F03_SSB05780150.wav,3
/USERSPACE/DATASETS/CodecFake/train/F03_SSB04070151.wav,3
/USERSPACE/DATASETS/CodecFake/train/F03_p314_310.wav,3
/USERSPACE/DATASETS/CodecFake/train/F03_SSB10200195.wav,3
/USERSPACE/DATASETS/CodecFake/train/F03_p272_268.wav,3
/USERSPACE/DATASETS/CodecFake/train/F03_p256_199.wav,3
/USERSPACE/DATASETS/CodecFake/train/F03_SSB03850153.wav,3
/USERSPACE/DATASETS/CodecFake/train/F03_SSB01490318.wav,3
/USERSPACE/DATASETS/CodecFake/train/F03_SSB05940144.wav,3
/USERSPACE/DATASETS/CodecFake/train/F03_p283_030.wav,3
/USERSPACE/DATASETS/CodecFake/train/F03_SSB05700060.wav,3
/USERSPACE/DATASETS/CodecFake/train/F03_SSB13990185.wav,3
/USERSPACE/DATASETS/CodecFake/train/F03_SSB09350323.wav,3
/USERSPACE/DATASETS/CodecFake/train/F03_SSB00430054.wav,3
/USERSPACE/DATASETS/CodecFake/train/F03_SSB06090059.wav,3
/USERSPACE/DATASETS/CodecFake/train/F03_SSB07160204.wav,3
/USERSPACE/DATASETS/CodecFake/train/F03_SSB03930124.wav,3
/USERSPACE/DATASETS/CodecFake/train/F03_SSB14480034.wav,3
/USERSPACE/DATASETS/CodecFake/train/F03_p362_290.wav,3
/USERSPACE/DATASETS/CodecFake/train/F03_SSB04150372.wav,3
/USERSPACE/DATASETS/CodecFake/train/F03_SSB00160341.wav,3
/USERSPACE/DATASETS/CodecFake/train/F03_p225_147.wav,3
/USERSPACE/DATASETS/CodecFake/train/F03_SSB13220042.wav,3
/USERSPACE/DATASETS/CodecFake/train/F03_SSB02410455.wav,3
/USERSPACE/DATASETS/CodecFake/train/F03_SSB10200233.wav,3
/USERSPACE/DATASETS/CodecFake/train/F03_p239_496.wav,3
/USERSPACE/DATASETS/CodecFake/train/F03_p362_067.wav,3
/USERSPACE/DATASETS/CodecFake/train/F03_SSB05700152.wav,3
/USERSPACE/DATASETS/CodecFake/train/F03_SSB00330088.wav,3
/USERSPACE/DATASETS/CodecFake/train/F03_SSB10000388.wav,3
/USERSPACE/DATASETS/CodecFake/train/F03_p258_022.wav,3
/USERSPACE/DATASETS/CodecFake/train/F03_SSB16070434.wav,3
/USERSPACE/DATASETS/CodecFake/train/F03_SSB03750336.wav,3
/USERSPACE/DATASETS/CodecFake/train/F03_p275_132.wav,3
/USERSPACE/DATASETS/CodecFake/train/F03_p271_338.wav,3
/USERSPACE/DATASETS/CodecFake/train/F03_SSB04150096.wav,3
/USERSPACE/DATASETS/CodecFake/train/F03_SSB05350038.wav,3
/USERSPACE/DATASETS/CodecFake/train/F03_SSB04340047.wav,3
/USERSPACE/DATASETS/CodecFake/train/F03_p269_302.wav,3
/USERSPACE/DATASETS/CodecFake/train/F03_SSB05440394.wav,3
/USERSPACE/DATASETS/CodecFake/train/F03_SSB01220258.wav,3
/USERSPACE/DATASETS/CodecFake/train/F03_p275_316.wav,3
/USERSPACE/DATASETS/CodecFake/train/F03_SSB04700055.wav,3
/USERSPACE/DATASETS/CodecFake/train/F03_SSB12530435.wav,3
/USERSPACE/DATASETS/CodecFake/train/F03_SSB08630072.wav,3
/USERSPACE/DATASETS/CodecFake/train/F03_SSB03660005.wav,3
/USERSPACE/DATASETS/CodecFake/train/F03_p269_045.wav,3
/USERSPACE/DATASETS/CodecFake/train/F03_p330_326.wav,3
/USERSPACE/DATASETS/CodecFake/train/F03_SSB03390478.wav,3
/USERSPACE/DATASETS/CodecFake/train/F03_SSB00050397.wav,3
/USERSPACE/DATASETS/CodecFake/train/F03_SSB05340123.wav,3
/USERSPACE/DATASETS/CodecFake/train/F03_SSB08220329.wav,3
/USERSPACE/DATASETS/CodecFake/train/F03_SSB18460160.wav,3
/USERSPACE/DATASETS/CodecFake/train/F03_SSB13650373.wav,3
/USERSPACE/DATASETS/CodecFake/train/F03_SSB06090043.wav,3
/USERSPACE/DATASETS/CodecFake/train/F03_SSB05900340.wav,3
/USERSPACE/DATASETS/CodecFake/train/F03_SSB00800205.wav,3
/USERSPACE/DATASETS/CodecFake/train/F03_SSB07860451.wav,3
/USERSPACE/DATASETS/CodecFake/train/F03_SSB18280373.wav,3
/USERSPACE/DATASETS/CodecFake/train/F03_SSB04150039.wav,3
/USERSPACE/DATASETS/CodecFake/train/F03_SSB12030440.wav,3
/USERSPACE/DATASETS/CodecFake/train/F03_p292_080.wav,3
/USERSPACE/DATASETS/CodecFake/train/F03_SSB09970467.wav,3
/USERSPACE/DATASETS/CodecFake/train/F03_SSB13200386.wav,3
/USERSPACE/DATASETS/CodecFake/train/F03_SSB07460307.wav,3
/USERSPACE/DATASETS/CodecFake/train/F03_p238_276.wav,3
/USERSPACE/DATASETS/CodecFake/train/F03_SSB01120412.wav,3
/USERSPACE/DATASETS/CodecFake/train/F03_p237_201.wav,3
/USERSPACE/DATASETS/CodecFake/train/F03_SSB15550312.wav,3
/USERSPACE/DATASETS/CodecFake/train/F03_SSB18720221.wav,3
/USERSPACE/DATASETS/CodecFake/train/F03_SSB19560152.wav,3
/USERSPACE/DATASETS/CodecFake/train/F03_p247_336.wav,3
/USERSPACE/DATASETS/CodecFake/train/F03_SSB15630476.wav,3
/USERSPACE/DATASETS/CodecFake/train/F03_p251_231.wav,3
/USERSPACE/DATASETS/CodecFake/train/F03_p280_187.wav,3
/USERSPACE/DATASETS/CodecFake/train/F03_SSB16860296.wav,3
/USERSPACE/DATASETS/CodecFake/train/F03_p329_096.wav,3
/USERSPACE/DATASETS/CodecFake/train/F03_SSB06140428.wav,3
/USERSPACE/DATASETS/CodecFake/train/F03_p265_047.wav,3
/USERSPACE/DATASETS/CodecFake/train/F03_SSB03850037.wav,3
/USERSPACE/DATASETS/CodecFake/train/F03_SSB07020495.wav,3
/USERSPACE/DATASETS/CodecFake/train/F03_SSB03820405.wav,3
/USERSPACE/DATASETS/CodecFake/train/F03_SSB11080261.wav,3
/USERSPACE/DATASETS/CodecFake/train/F03_SSB17390257.wav,3
/USERSPACE/DATASETS/CodecFake/train/F03_SSB03800395.wav,3
/USERSPACE/DATASETS/CodecFake/train/F03_SSB08090440.wav,3
/USERSPACE/DATASETS/CodecFake/train/F03_p260_085.wav,3
/USERSPACE/DATASETS/CodecFake/train/F03_SSB07940201.wav,3
/USERSPACE/DATASETS/CodecFake/train/F03_SSB13830332.wav,3
/USERSPACE/DATASETS/CodecFake/train/F03_SSB02000435.wav,3
/USERSPACE/DATASETS/CodecFake/train/F03_p329_291.wav,3
/USERSPACE/DATASETS/CodecFake/train/F03_SSB11380405.wav,3
/USERSPACE/DATASETS/CodecFake/train/F03_SSB07580351.wav,3
/USERSPACE/DATASETS/CodecFake/train/F03_p333_372.wav,3
/USERSPACE/DATASETS/CodecFake/train/F03_SSB10080266.wav,3
/USERSPACE/DATASETS/CodecFake/train/F03_SSB03950464.wav,3
/USERSPACE/DATASETS/CodecFake/train/F03_SSB09350060.wav,3
/USERSPACE/DATASETS/CodecFake/train/F03_SSB03090044.wav,3
/USERSPACE/DATASETS/CodecFake/train/F03_SSB03540208.wav,3
/USERSPACE/DATASETS/CodecFake/train/F03_p268_228.wav,3
/USERSPACE/DATASETS/CodecFake/train/F03_p243_349.wav,3
/USERSPACE/DATASETS/CodecFake/train/F03_p277_295.wav,3
/USERSPACE/DATASETS/CodecFake/train/F03_SSB04260359.wav,3
/USERSPACE/DATASETS/CodecFake/train/F03_SSB11870098.wav,3
/USERSPACE/DATASETS/CodecFake/train/F03_p236_142.wav,3
/USERSPACE/DATASETS/CodecFake/train/F03_p274_387.wav,3
/USERSPACE/DATASETS/CodecFake/train/F03_SSB18720085.wav,3
/USERSPACE/DATASETS/CodecFake/train/F03_p341_345.wav,3
/USERSPACE/DATASETS/CodecFake/train/F03_SSB08870086.wav,3
/USERSPACE/DATASETS/CodecFake/train/F03_p310_088.wav,3
/USERSPACE/DATASETS/CodecFake/train/F03_SSB06660040.wav,3
/USERSPACE/DATASETS/CodecFake/train/F03_p237_171.wav,3
/USERSPACE/DATASETS/CodecFake/train/F03_p306_081.wav,3
/USERSPACE/DATASETS/CodecFake/train/F03_SSB03850374.wav,3
/USERSPACE/DATASETS/CodecFake/train/F03_SSB16860245.wav,3
/USERSPACE/DATASETS/CodecFake/train/F03_SSB05940216.wav,3
/USERSPACE/DATASETS/CodecFake/train/F03_p336_410.wav,3
/USERSPACE/DATASETS/CodecFake/train/F03_p261_453.wav,3
/USERSPACE/DATASETS/CodecFake/train/F03_SSB05440087.wav,3
/USERSPACE/DATASETS/CodecFake/train/F03_SSB16860157.wav,3
/USERSPACE/DATASETS/CodecFake/train/F03_SSB02670492.wav,3
/USERSPACE/DATASETS/CodecFake/train/F03_p241_271.wav,3
/USERSPACE/DATASETS/CodecFake/train/F03_p279_256.wav,3
/USERSPACE/DATASETS/CodecFake/train/F03_SSB00800293.wav,3
/USERSPACE/DATASETS/CodecFake/train/F03_p260_293.wav,3
/USERSPACE/DATASETS/CodecFake/train/F03_SSB03750173.wav,3
/USERSPACE/DATASETS/CodecFake/train/F03_SSB03940490.wav,3
/USERSPACE/DATASETS/CodecFake/train/F03_SSB00730093.wav,3
/USERSPACE/DATASETS/CodecFake/train/F03_p272_293.wav,3
/USERSPACE/DATASETS/CodecFake/train/F03_SSB13770467.wav,3
/USERSPACE/DATASETS/CodecFake/train/F03_SSB08710221.wav,3
/USERSPACE/DATASETS/CodecFake/train/F03_p334_412.wav,3
/USERSPACE/DATASETS/CodecFake/train/F03_SSB01450032.wav,3
/USERSPACE/DATASETS/CodecFake/train/F03_p272_131.wav,3
/USERSPACE/DATASETS/CodecFake/train/F03_SSB12390379.wav,3
/USERSPACE/DATASETS/CodecFake/train/F03_p267_179.wav,3
/USERSPACE/DATASETS/CodecFake/train/F03_SSB11100283.wav,3
/USERSPACE/DATASETS/CodecFake/train/F03_p257_118.wav,3
/USERSPACE/DATASETS/CodecFake/train/F03_SSB05880038.wav,3
/USERSPACE/DATASETS/CodecFake/train/F03_SSB10720367.wav,3
/USERSPACE/DATASETS/CodecFake/train/F03_SSB07160097.wav,3
/USERSPACE/DATASETS/CodecFake/train/F03_SSB18090086.wav,3
/USERSPACE/DATASETS/CodecFake/train/F03_SSB18720149.wav,3
/USERSPACE/DATASETS/CodecFake/train/F03_SSB11870190.wav,3
/USERSPACE/DATASETS/CodecFake/train/F03_SSB07780231.wav,3
/USERSPACE/DATASETS/CodecFake/train/F03_p335_299.wav,3
/USERSPACE/DATASETS/CodecFake/train/F03_SSB03850155.wav,3
/USERSPACE/DATASETS/CodecFake/train/F03_p351_306.wav,3
/USERSPACE/DATASETS/CodecFake/train/F03_p301_016.wav,3
/USERSPACE/DATASETS/CodecFake/train/F03_SSB17590013.wav,3
/USERSPACE/DATASETS/CodecFake/train/F03_SSB03950168.wav,3
/USERSPACE/DATASETS/CodecFake/train/F03_SSB14480355.wav,3
/USERSPACE/DATASETS/CodecFake/train/F03_p252_388.wav,3
/USERSPACE/DATASETS/CodecFake/train/F03_SSB06710154.wav,3
/USERSPACE/DATASETS/CodecFake/train/F03_SSB17280323.wav,3
/USERSPACE/DATASETS/CodecFake/train/F03_p287_211.wav,3
/USERSPACE/DATASETS/CodecFake/train/F03_SSB03940240.wav,3
/USERSPACE/DATASETS/CodecFake/train/F03_SSB07230108.wav,3
/USERSPACE/DATASETS/CodecFake/train/F03_SSB05700141.wav,3
/USERSPACE/DATASETS/CodecFake/train/F03_SSB19350193.wav,3
/USERSPACE/DATASETS/CodecFake/train/F03_p229_173.wav,3
/USERSPACE/DATASETS/CodecFake/train/F03_SSB04070483.wav,3
/USERSPACE/DATASETS/CodecFake/train/F03_SSB13220001.wav,3
/USERSPACE/DATASETS/CodecFake/train/F03_SSB15750005.wav,3
/USERSPACE/DATASETS/CodecFake/train/F03_SSB05350160.wav,3
/USERSPACE/DATASETS/CodecFake/train/F03_SSB09130252.wav,3
/USERSPACE/DATASETS/CodecFake/train/F03_p244_337.wav,3
/USERSPACE/DATASETS/CodecFake/train/F03_SSB15670002.wav,3
/USERSPACE/DATASETS/CodecFake/train/F03_SSB03660332.wav,3
/USERSPACE/DATASETS/CodecFake/train/F03_SSB01120471.wav,3
/USERSPACE/DATASETS/CodecFake/train/F03_SSB07230016.wav,3
/USERSPACE/DATASETS/CodecFake/train/F03_p280_026.wav,3
/USERSPACE/DATASETS/CodecFake/train/F03_SSB02990357.wav,3
/USERSPACE/DATASETS/CodecFake/train/F03_SSB07800442.wav,3
/USERSPACE/DATASETS/CodecFake/train/F03_SSB00160417.wav,3
/USERSPACE/DATASETS/CodecFake/train/F03_SSB16840155.wav,3
/USERSPACE/DATASETS/CodecFake/train/F03_SSB05340119.wav,3
/USERSPACE/DATASETS/CodecFake/train/F03_SSB06710273.wav,3
/USERSPACE/DATASETS/CodecFake/train/F03_SSB18910318.wav,3
/USERSPACE/DATASETS/CodecFake/train/F03_p231_018.wav,3
/USERSPACE/DATASETS/CodecFake/train/F03_SSB09190463.wav,3
/USERSPACE/DATASETS/CodecFake/train/F03_p244_375.wav,3
/USERSPACE/DATASETS/CodecFake/train/F03_p314_161.wav,3
/USERSPACE/DATASETS/CodecFake/train/F03_p282_080.wav,3
/USERSPACE/DATASETS/CodecFake/train/F03_SSB02990150.wav,3
/USERSPACE/DATASETS/CodecFake/train/F03_p363_117.wav,3
/USERSPACE/DATASETS/CodecFake/train/F03_p279_099.wav,3
/USERSPACE/DATASETS/CodecFake/train/F03_SSB03750459.wav,3
/USERSPACE/DATASETS/CodecFake/train/F03_p283_254.wav,3
/USERSPACE/DATASETS/CodecFake/train/F03_p245_208.wav,3
/USERSPACE/DATASETS/CodecFake/train/F03_SSB09350138.wav,3
/USERSPACE/DATASETS/CodecFake/train/F03_SSB15670101.wav,3
/USERSPACE/DATASETS/CodecFake/train/F03_SSB19560364.wav,3
/USERSPACE/DATASETS/CodecFake/train/F03_SSB02990387.wav,3
/USERSPACE/DATASETS/CodecFake/train/F03_SSB07510276.wav,3
/USERSPACE/DATASETS/CodecFake/train/F03_SSB01390001.wav,3
/USERSPACE/DATASETS/CodecFake/train/F03_SSB15750110.wav,3
/USERSPACE/DATASETS/CodecFake/train/F03_SSB07490391.wav,3
/USERSPACE/DATASETS/CodecFake/train/F03_p259_232.wav,3
/USERSPACE/DATASETS/CodecFake/train/F03_SSB09660246.wav,3
/USERSPACE/DATASETS/CodecFake/train/F03_SSB03930343.wav,3
/USERSPACE/DATASETS/CodecFake/train/F03_SSB17820086.wav,3
/USERSPACE/DATASETS/CodecFake/train/F03_SSB18630121.wav,3
/USERSPACE/DATASETS/CodecFake/train/F03_SSB13650135.wav,3
/USERSPACE/DATASETS/CodecFake/train/F03_SSB07490277.wav,3
/USERSPACE/DATASETS/CodecFake/train/F03_SSB05780272.wav,3
/USERSPACE/DATASETS/CodecFake/train/F03_SSB13400329.wav,3
/USERSPACE/DATASETS/CodecFake/train/F03_SSB15630101.wav,3
/USERSPACE/DATASETS/CodecFake/train/F03_SSB10020122.wav,3
/USERSPACE/DATASETS/CodecFake/train/F03_SSB00330380.wav,3
/USERSPACE/DATASETS/CodecFake/train/F03_p292_219.wav,3
/USERSPACE/DATASETS/CodecFake/train/F03_SSB14370452.wav,3
/USERSPACE/DATASETS/CodecFake/train/F03_SSB14520247.wav,3
/USERSPACE/DATASETS/CodecFake/train/F03_p233_376.wav,3
/USERSPACE/DATASETS/CodecFake/train/F03_p308_309.wav,3
/USERSPACE/DATASETS/CodecFake/train/F03_SSB12030391.wav,3
/USERSPACE/DATASETS/CodecFake/train/F03_p230_162.wav,3
/USERSPACE/DATASETS/CodecFake/train/F03_p277_017.wav,3
/USERSPACE/DATASETS/CodecFake/train/F03_SSB06140108.wav,3
/USERSPACE/DATASETS/CodecFake/train/F03_p280_131.wav,3
/USERSPACE/DATASETS/CodecFake/train/F03_p255_324.wav,3
/USERSPACE/DATASETS/CodecFake/train/F03_SSB03540220.wav,3
/USERSPACE/DATASETS/CodecFake/train/F03_p252_235.wav,3
/USERSPACE/DATASETS/CodecFake/train/F03_SSB03070179.wav,3
/USERSPACE/DATASETS/CodecFake/train/F03_SSB11310100.wav,3
/USERSPACE/DATASETS/CodecFake/train/F03_SSB03380387.wav,3
/USERSPACE/DATASETS/CodecFake/train/F03_SSB07200051.wav,3
/USERSPACE/DATASETS/CodecFake/train/F03_SSB00120112.wav,3
/USERSPACE/DATASETS/CodecFake/train/F03_SSB00430057.wav,3
/USERSPACE/DATASETS/CodecFake/train/F03_p265_178.wav,3
/USERSPACE/DATASETS/CodecFake/train/F03_SSB06930487.wav,3
/USERSPACE/DATASETS/CodecFake/train/F03_SSB18910080.wav,3
/USERSPACE/DATASETS/CodecFake/train/F03_p334_318.wav,3
/USERSPACE/DATASETS/CodecFake/train/F03_p295_073.wav,3
/USERSPACE/DATASETS/CodecFake/train/F03_SSB09350326.wav,3
/USERSPACE/DATASETS/CodecFake/train/F03_SSB16070360.wav,3
/USERSPACE/DATASETS/CodecFake/train/F03_SSB05650203.wav,3
/USERSPACE/DATASETS/CodecFake/train/F03_SSB07840496.wav,3
/USERSPACE/DATASETS/CodecFake/train/F03_SSB18100006.wav,3
/USERSPACE/DATASETS/CodecFake/train/F03_SSB07780329.wav,3
/USERSPACE/DATASETS/CodecFake/train/F03_p345_220.wav,3
/USERSPACE/DATASETS/CodecFake/train/F03_p226_246.wav,3
/USERSPACE/DATASETS/CodecFake/train/F03_SSB09130308.wav,3
/USERSPACE/DATASETS/CodecFake/train/F03_p266_369.wav,3
/USERSPACE/DATASETS/CodecFake/train/F03_SSB13410094.wav,3
/USERSPACE/DATASETS/CodecFake/train/F03_SSB10240315.wav,3
/USERSPACE/DATASETS/CodecFake/train/F03_SSB05020486.wav,3
/USERSPACE/DATASETS/CodecFake/train/F03_SSB01390081.wav,3
/USERSPACE/DATASETS/CodecFake/train/F03_SSB07170218.wav,3
/USERSPACE/DATASETS/CodecFake/train/F03_p247_003.wav,3
/USERSPACE/DATASETS/CodecFake/train/F03_SSB03410413.wav,3
/USERSPACE/DATASETS/CodecFake/train/F03_SSB11350309.wav,3
/USERSPACE/DATASETS/CodecFake/train/F03_SSB15930108.wav,3
/USERSPACE/DATASETS/CodecFake/train/F03_SSB01930022.wav,3
/USERSPACE/DATASETS/CodecFake/train/F03_SSB17820056.wav,3
/USERSPACE/DATASETS/CodecFake/train/F03_SSB11610084.wav,3
/USERSPACE/DATASETS/CodecFake/train/F03_SSB13660177.wav,3
/USERSPACE/DATASETS/CodecFake/train/F03_SSB02990423.wav,3
/USERSPACE/DATASETS/CodecFake/train/F03_SSB05440048.wav,3
/USERSPACE/DATASETS/CodecFake/train/F03_SSB17110437.wav,3
/USERSPACE/DATASETS/CodecFake/train/F03_SSB07620243.wav,3
/USERSPACE/DATASETS/CodecFake/train/F03_SSB18310079.wav,3
/USERSPACE/DATASETS/CodecFake/train/F03_SSB08220184.wav,3
/USERSPACE/DATASETS/CodecFake/train/F03_p364_249.wav,3
/USERSPACE/DATASETS/CodecFake/train/F03_p288_296.wav,3
/USERSPACE/DATASETS/CodecFake/train/F03_SSB00800415.wav,3
/USERSPACE/DATASETS/CodecFake/train/F03_p263_461.wav,3
/USERSPACE/DATASETS/CodecFake/train/F03_SSB09190118.wav,3
/USERSPACE/DATASETS/CodecFake/train/F03_SSB05650329.wav,3
/USERSPACE/DATASETS/CodecFake/train/F03_SSB10720033.wav,3
/USERSPACE/DATASETS/CodecFake/train/F03_p234_330.wav,3
/USERSPACE/DATASETS/CodecFake/train/F03_p227_343.wav,3
/USERSPACE/DATASETS/CodecFake/train/F03_SSB07020294.wav,3
/USERSPACE/DATASETS/CodecFake/train/F03_p241_278.wav,3
/USERSPACE/DATASETS/CodecFake/train/F03_SSB06660349.wav,3
/USERSPACE/DATASETS/CodecFake/train/F03_SSB17110321.wav,3
/USERSPACE/DATASETS/CodecFake/train/F03_SSB05020182.wav,3
/USERSPACE/DATASETS/CodecFake/train/F03_SSB03090276.wav,3
/USERSPACE/DATASETS/CodecFake/train/F03_SSB13020459.wav,3
/USERSPACE/DATASETS/CodecFake/train/F03_p247_036.wav,3
/USERSPACE/DATASETS/CodecFake/train/F03_p292_315.wav,3
/USERSPACE/DATASETS/CodecFake/train/F03_SSB13400176.wav,3
/USERSPACE/DATASETS/CodecFake/train/F03_p256_054.wav,3
/USERSPACE/DATASETS/CodecFake/train/F03_SSB09660191.wav,3
/USERSPACE/DATASETS/CodecFake/train/F03_p305_042.wav,3
/USERSPACE/DATASETS/CodecFake/train/F03_p263_262.wav,3
/USERSPACE/DATASETS/CodecFake/train/F03_SSB00380028.wav,3
/USERSPACE/DATASETS/CodecFake/train/F03_SSB05350266.wav,3
/USERSPACE/DATASETS/CodecFake/train/F03_SSB15630032.wav,3
/USERSPACE/DATASETS/CodecFake/train/F03_SSB13850366.wav,3
/USERSPACE/DATASETS/CodecFake/train/F03_SSB18630376.wav,3
/USERSPACE/DATASETS/CodecFake/train/F03_p244_421.wav,3
/USERSPACE/DATASETS/CodecFake/train/F03_p307_022.wav,3
/USERSPACE/DATASETS/CodecFake/train/F03_p333_062.wav,3
/USERSPACE/DATASETS/CodecFake/train/F03_SSB06660055.wav,3
/USERSPACE/DATASETS/CodecFake/train/F03_p302_090.wav,3
/USERSPACE/DATASETS/CodecFake/train/F03_SSB07020090.wav,3
/USERSPACE/DATASETS/CodecFake/train/F03_p311_340.wav,3
/USERSPACE/DATASETS/CodecFake/train/F03_SSB02610240.wav,3
/USERSPACE/DATASETS/CodecFake/train/F03_p273_044.wav,3
/USERSPACE/DATASETS/CodecFake/train/F03_p275_076.wav,3
/USERSPACE/DATASETS/CodecFake/train/F03_SSB03950097.wav,3
/USERSPACE/DATASETS/CodecFake/train/F03_p252_189.wav,3
/USERSPACE/DATASETS/CodecFake/train/F03_SSB12030087.wav,3
/USERSPACE/DATASETS/CodecFake/train/F03_SSB16240438.wav,3
/USERSPACE/DATASETS/CodecFake/train/F03_p226_148.wav,3
/USERSPACE/DATASETS/CodecFake/train/F03_p318_211.wav,3
/USERSPACE/DATASETS/CodecFake/train/F03_p230_075.wav,3
/USERSPACE/DATASETS/CodecFake/train/F03_SSB08220380.wav,3
/USERSPACE/DATASETS/CodecFake/train/F03_p270_201.wav,3
/USERSPACE/DATASETS/CodecFake/train/F03_SSB12390049.wav,3
/USERSPACE/DATASETS/CodecFake/train/F03_SSB05900417.wav,3
/USERSPACE/DATASETS/CodecFake/train/F03_SSB07460025.wav,3
/USERSPACE/DATASETS/CodecFake/train/F03_p225_199.wav,3
/USERSPACE/DATASETS/CodecFake/train/F03_p339_090.wav,3
/USERSPACE/DATASETS/CodecFake/train/F03_SSB10020339.wav,3
/USERSPACE/DATASETS/CodecFake/train/F03_SSB02460318.wav,3
/USERSPACE/DATASETS/CodecFake/train/F03_SSB03150044.wav,3
/USERSPACE/DATASETS/CodecFake/train/F03_SSB06680415.wav,3
/USERSPACE/DATASETS/CodecFake/train/F03_SSB01490287.wav,3
/USERSPACE/DATASETS/CodecFake/train/F03_p236_113.wav,3
/USERSPACE/DATASETS/CodecFake/train/F03_SSB05440127.wav,3
