path,label
/USERSPACE/DATASETS/CodecFake/train/F05_p361_242.wav,5
/USERSPACE/DATASETS/CodecFake/train/F05_SSB10200156.wav,5
/USERSPACE/DATASETS/CodecFake/train/F05_SSB14520455.wav,5
/USERSPACE/DATASETS/CodecFake/train/F05_SSB11260305.wav,5
/USERSPACE/DATASETS/CodecFake/train/F05_SSB13660125.wav,5
/USERSPACE/DATASETS/CodecFake/train/F05_SSB00110402.wav,5
/USERSPACE/DATASETS/CodecFake/train/F05_SSB01490288.wav,5
/USERSPACE/DATASETS/CodecFake/train/F05_SSB05340497.wav,5
/USERSPACE/DATASETS/CodecFake/train/F05_SSB01970213.wav,5
/USERSPACE/DATASETS/CodecFake/train/F05_SSB06680183.wav,5
/USERSPACE/DATASETS/CodecFake/train/F05_SSB03930118.wav,5
/USERSPACE/DATASETS/CodecFake/train/F05_p307_146.wav,5
/USERSPACE/DATASETS/CodecFake/train/F05_SSB10240320.wav,5
/USERSPACE/DATASETS/CodecFake/train/F05_SSB11100385.wav,5
/USERSPACE/DATASETS/CodecFake/train/F05_SSB18630310.wav,5
/USERSPACE/DATASETS/CodecFake/train/F05_p269_206.wav,5
/USERSPACE/DATASETS/CodecFake/train/F05_SSB06680234.wav,5
/USERSPACE/DATASETS/CodecFake/train/F05_SSB00730271.wav,5
/USERSPACE/DATASETS/CodecFake/train/F05_SSB05390409.wav,5
/USERSPACE/DATASETS/CodecFake/train/F05_SSB03390490.wav,5
/USERSPACE/DATASETS/CodecFake/train/F05_SSB00570345.wav,5
/USERSPACE/DATASETS/CodecFake/train/F05_SSB00330044.wav,5
/USERSPACE/DATASETS/CodecFake/train/F05_p340_307.wav,5
/USERSPACE/DATASETS/CodecFake/train/F05_p232_287.wav,5
/USERSPACE/DATASETS/CodecFake/train/F05_p351_240.wav,5
/USERSPACE/DATASETS/CodecFake/train/F05_p270_015.wav,5
/USERSPACE/DATASETS/CodecFake/train/F05_p248_318.wav,5
/USERSPACE/DATASETS/CodecFake/train/F05_SSB07800282.wav,5
/USERSPACE/DATASETS/CodecFake/train/F05_p306_297.wav,5
/USERSPACE/DATASETS/CodecFake/train/F05_SSB06680222.wav,5
/USERSPACE/DATASETS/CodecFake/train/F05_SSB05700052.wav,5
/USERSPACE/DATASETS/CodecFake/train/F05_p313_247.wav,5
/USERSPACE/DATASETS/CodecFake/train/F05_SSB18630273.wav,5
/USERSPACE/DATASETS/CodecFake/train/F05_SSB09970144.wav,5
/USERSPACE/DATASETS/CodecFake/train/F05_SSB05650430.wav,5
/USERSPACE/DATASETS/CodecFake/train/F05_SSB19390310.wav,5
/USERSPACE/DATASETS/CodecFake/train/F05_SSB13650290.wav,5
/USERSPACE/DATASETS/CodecFake/train/F05_SSB10080005.wav,5
/USERSPACE/DATASETS/CodecFake/train/F05_SSB10560147.wav,5
/USERSPACE/DATASETS/CodecFake/train/F05_p226_228.wav,5
/USERSPACE/DATASETS/CodecFake/train/F05_SSB02730288.wav,5
/USERSPACE/DATASETS/CodecFake/train/F05_SSB09150319.wav,5
/USERSPACE/DATASETS/CodecFake/train/F05_p317_313.wav,5
/USERSPACE/DATASETS/CodecFake/train/F05_p230_024.wav,5
/USERSPACE/DATASETS/CodecFake/train/F05_p269_086.wav,5
/USERSPACE/DATASETS/CodecFake/train/F05_p259_341.wav,5
/USERSPACE/DATASETS/CodecFake/train/F05_SSB06070009.wav,5
/USERSPACE/DATASETS/CodecFake/train/F05_SSB03090260.wav,5
/USERSPACE/DATASETS/CodecFake/train/F05_p299_091.wav,5
/USERSPACE/DATASETS/CodecFake/train/F05_p362_342.wav,5
/USERSPACE/DATASETS/CodecFake/train/F05_SSB03800169.wav,5
/USERSPACE/DATASETS/CodecFake/train/F05_SSB00800117.wav,5
/USERSPACE/DATASETS/CodecFake/train/F05_p259_433.wav,5
/USERSPACE/DATASETS/CodecFake/train/F05_SSB00570176.wav,5
/USERSPACE/DATASETS/CodecFake/train/F05_SSB12190455.wav,5
/USERSPACE/DATASETS/CodecFake/train/F05_SSB18090466.wav,5
/USERSPACE/DATASETS/CodecFake/train/F05_p280_334.wav,5
/USERSPACE/DATASETS/CodecFake/train/F05_SSB10910037.wav,5
/USERSPACE/DATASETS/CodecFake/train/F05_SSB07490375.wav,5
/USERSPACE/DATASETS/CodecFake/train/F05_SSB16070067.wav,5
/USERSPACE/DATASETS/CodecFake/train/F05_SSB06230445.wav,5
/USERSPACE/DATASETS/CodecFake/train/F05_p330_348.wav,5
/USERSPACE/DATASETS/CodecFake/train/F05_SSB19020209.wav,5
/USERSPACE/DATASETS/CodecFake/train/F05_p267_005.wav,5
/USERSPACE/DATASETS/CodecFake/train/F05_SSB10200052.wav,5
/USERSPACE/DATASETS/CodecFake/train/F05_SSB18370220.wav,5
/USERSPACE/DATASETS/CodecFake/train/F05_p362_125.wav,5
/USERSPACE/DATASETS/CodecFake/train/F05_SSB00430348.wav,5
/USERSPACE/DATASETS/CodecFake/train/F05_p269_199.wav,5
/USERSPACE/DATASETS/CodecFake/train/F05_p304_423.wav,5
/USERSPACE/DATASETS/CodecFake/train/F05_SSB06140017.wav,5
/USERSPACE/DATASETS/CodecFake/train/F05_SSB07000309.wav,5
/USERSPACE/DATASETS/CodecFake/train/F05_p316_191.wav,5
/USERSPACE/DATASETS/CodecFake/train/F05_p260_252.wav,5
/USERSPACE/DATASETS/CodecFake/train/F05_SSB10080398.wav,5
/USERSPACE/DATASETS/CodecFake/train/F05_p231_314.wav,5
/USERSPACE/DATASETS/CodecFake/train/F05_SSB07370374.wav,5
/USERSPACE/DATASETS/CodecFake/train/F05_SSB03160264.wav,5
/USERSPACE/DATASETS/CodecFake/train/F05_SSB11970285.wav,5
/USERSPACE/DATASETS/CodecFake/train/F05_SSB03090311.wav,5
/USERSPACE/DATASETS/CodecFake/train/F05_p245_290.wav,5
/USERSPACE/DATASETS/CodecFake/train/F05_SSB06230176.wav,5
/USERSPACE/DATASETS/CodecFake/train/F05_SSB01120401.wav,5
/USERSPACE/DATASETS/CodecFake/train/F05_SSB00800437.wav,5
/USERSPACE/DATASETS/CodecFake/train/F05_p279_172.wav,5
/USERSPACE/DATASETS/CodecFake/train/F05_SSB00050424.wav,5
/USERSPACE/DATASETS/CodecFake/train/F05_SSB03230168.wav,5
/USERSPACE/DATASETS/CodecFake/train/F05_SSB17820056.wav,5
/USERSPACE/DATASETS/CodecFake/train/F05_SSB15550436.wav,5
/USERSPACE/DATASETS/CodecFake/train/F05_SSB06030290.wav,5
/USERSPACE/DATASETS/CodecFake/train/F05_SSB11760104.wav,5
/USERSPACE/DATASETS/CodecFake/train/F05_p310_412.wav,5
/USERSPACE/DATASETS/CodecFake/train/F05_SSB07580017.wav,5
/USERSPACE/DATASETS/CodecFake/train/F05_p307_066.wav,5
/USERSPACE/DATASETS/CodecFake/train/F05_SSB09660485.wav,5
/USERSPACE/DATASETS/CodecFake/train/F05_SSB07360125.wav,5
/USERSPACE/DATASETS/CodecFake/train/F05_SSB05990205.wav,5
/USERSPACE/DATASETS/CodecFake/train/F05_SSB12740169.wav,5
/USERSPACE/DATASETS/CodecFake/train/F05_SSB15850380.wav,5
/USERSPACE/DATASETS/CodecFake/train/F05_SSB00180380.wav,5
/USERSPACE/DATASETS/CodecFake/train/F05_SSB07170280.wav,5
/USERSPACE/DATASETS/CodecFake/train/F05_SSB06070483.wav,5
/USERSPACE/DATASETS/CodecFake/train/F05_p258_289.wav,5
/USERSPACE/DATASETS/CodecFake/train/F05_SSB00380258.wav,5
/USERSPACE/DATASETS/CodecFake/train/F05_p277_215.wav,5
/USERSPACE/DATASETS/CodecFake/train/F05_p295_236.wav,5
/USERSPACE/DATASETS/CodecFake/train/F05_p276_231.wav,5
/USERSPACE/DATASETS/CodecFake/train/F05_SSB01330343.wav,5
/USERSPACE/DATASETS/CodecFake/train/F05_p272_142.wav,5
/USERSPACE/DATASETS/CodecFake/train/F05_SSB05990302.wav,5
/USERSPACE/DATASETS/CodecFake/train/F05_p245_118.wav,5
/USERSPACE/DATASETS/CodecFake/train/F05_SSB03540184.wav,5
/USERSPACE/DATASETS/CodecFake/train/F05_SSB02880126.wav,5
/USERSPACE/DATASETS/CodecFake/train/F05_p265_347.wav,5
/USERSPACE/DATASETS/CodecFake/train/F05_SSB03750182.wav,5
/USERSPACE/DATASETS/CodecFake/train/F05_SSB02730398.wav,5
/USERSPACE/DATASETS/CodecFake/train/F05_p295_332.wav,5
/USERSPACE/DATASETS/CodecFake/train/F05_SSB06320331.wav,5
/USERSPACE/DATASETS/CodecFake/train/F05_p275_420.wav,5
/USERSPACE/DATASETS/CodecFake/train/F05_p361_379.wav,5
/USERSPACE/DATASETS/CodecFake/train/F05_SSB05940140.wav,5
/USERSPACE/DATASETS/CodecFake/train/F05_SSB18780486.wav,5
/USERSPACE/DATASETS/CodecFake/train/F05_SSB04700032.wav,5
/USERSPACE/DATASETS/CodecFake/train/F05_SSB00160084.wav,5
/USERSPACE/DATASETS/CodecFake/train/F05_SSB00380165.wav,5
/USERSPACE/DATASETS/CodecFake/train/F05_p323_207.wav,5
/USERSPACE/DATASETS/CodecFake/train/F05_SSB05340061.wav,5
/USERSPACE/DATASETS/CodecFake/train/F05_SSB13920405.wav,5
/USERSPACE/DATASETS/CodecFake/train/F05_p329_016.wav,5
/USERSPACE/DATASETS/CodecFake/train/F05_SSB18280464.wav,5
/USERSPACE/DATASETS/CodecFake/train/F05_SSB13770063.wav,5
/USERSPACE/DATASETS/CodecFake/train/F05_p271_067.wav,5
/USERSPACE/DATASETS/CodecFake/train/F05_SSB03160251.wav,5
/USERSPACE/DATASETS/CodecFake/train/F05_SSB06140080.wav,5
/USERSPACE/DATASETS/CodecFake/train/F05_SSB06710269.wav,5
/USERSPACE/DATASETS/CodecFake/train/F05_SSB05880215.wav,5
/USERSPACE/DATASETS/CodecFake/train/F05_SSB07110502.wav,5
/USERSPACE/DATASETS/CodecFake/train/F05_p259_183.wav,5
/USERSPACE/DATASETS/CodecFake/train/F05_p241_372.wav,5
/USERSPACE/DATASETS/CodecFake/train/F05_SSB11080353.wav,5
/USERSPACE/DATASETS/CodecFake/train/F05_p316_375.wav,5
/USERSPACE/DATASETS/CodecFake/train/F05_SSB03540329.wav,5
/USERSPACE/DATASETS/CodecFake/train/F05_SSB06680112.wav,5
/USERSPACE/DATASETS/CodecFake/train/F05_SSB17590273.wav,5
/USERSPACE/DATASETS/CodecFake/train/F05_SSB02460406.wav,5
/USERSPACE/DATASETS/CodecFake/train/F05_SSB01120472.wav,5
/USERSPACE/DATASETS/CodecFake/train/F05_SSB18630002.wav,5
/USERSPACE/DATASETS/CodecFake/train/F05_SSB02670502.wav,5
/USERSPACE/DATASETS/CodecFake/train/F05_SSB10560237.wav,5
/USERSPACE/DATASETS/CodecFake/train/F05_p238_378.wav,5
/USERSPACE/DATASETS/CodecFake/train/F05_p232_364.wav,5
/USERSPACE/DATASETS/CodecFake/train/F05_p329_316.wav,5
/USERSPACE/DATASETS/CodecFake/train/F05_SSB13200253.wav,5
/USERSPACE/DATASETS/CodecFake/train/F05_SSB02460084.wav,5
/USERSPACE/DATASETS/CodecFake/train/F05_SSB01450429.wav,5
/USERSPACE/DATASETS/CodecFake/train/F05_p260_003.wav,5
/USERSPACE/DATASETS/CodecFake/train/F05_SSB02670436.wav,5
/USERSPACE/DATASETS/CodecFake/train/F05_SSB05650076.wav,5
/USERSPACE/DATASETS/CodecFake/train/F05_SSB07200325.wav,5
/USERSPACE/DATASETS/CodecFake/train/F05_SSB00160435.wav,5
/USERSPACE/DATASETS/CodecFake/train/F05_SSB01120376.wav,5
/USERSPACE/DATASETS/CodecFake/train/F05_SSB10010350.wav,5
/USERSPACE/DATASETS/CodecFake/train/F05_SSB11350435.wav,5
/USERSPACE/DATASETS/CodecFake/train/F05_SSB06230265.wav,5
/USERSPACE/DATASETS/CodecFake/train/F05_SSB09350188.wav,5
/USERSPACE/DATASETS/CodecFake/train/F05_SSB16070293.wav,5
/USERSPACE/DATASETS/CodecFake/train/F05_SSB08630047.wav,5
/USERSPACE/DATASETS/CodecFake/train/F05_SSB02670054.wav,5
/USERSPACE/DATASETS/CodecFake/train/F05_p249_312.wav,5
/USERSPACE/DATASETS/CodecFake/train/F05_SSB07600094.wav,5
/USERSPACE/DATASETS/CodecFake/train/F05_SSB12740471.wav,5
/USERSPACE/DATASETS/CodecFake/train/F05_SSB03380504.wav,5
/USERSPACE/DATASETS/CodecFake/train/F05_SSB06010290.wav,5
/USERSPACE/DATASETS/CodecFake/train/F05_p318_293.wav,5
/USERSPACE/DATASETS/CodecFake/train/F05_p278_167.wav,5
/USERSPACE/DATASETS/CodecFake/train/F05_SSB18280115.wav,5
/USERSPACE/DATASETS/CodecFake/train/F05_SSB11870037.wav,5
/USERSPACE/DATASETS/CodecFake/train/F05_p345_136.wav,5
/USERSPACE/DATASETS/CodecFake/train/F05_p335_372.wav,5
/USERSPACE/DATASETS/CodecFake/train/F05_p247_320.wav,5
/USERSPACE/DATASETS/CodecFake/train/F05_SSB18910294.wav,5
/USERSPACE/DATASETS/CodecFake/train/F05_p303_140.wav,5
/USERSPACE/DATASETS/CodecFake/train/F05_p231_370.wav,5
/USERSPACE/DATASETS/CodecFake/train/F05_SSB07360057.wav,5
/USERSPACE/DATASETS/CodecFake/train/F05_p311_050.wav,5
/USERSPACE/DATASETS/CodecFake/train/F05_p295_355.wav,5
/USERSPACE/DATASETS/CodecFake/train/F05_SSB19560031.wav,5
/USERSPACE/DATASETS/CodecFake/train/F05_p255_076.wav,5
/USERSPACE/DATASETS/CodecFake/train/F05_p318_421.wav,5
/USERSPACE/DATASETS/CodecFake/train/F05_SSB00180273.wav,5
/USERSPACE/DATASETS/CodecFake/train/F05_p300_257.wav,5
/USERSPACE/DATASETS/CodecFake/train/F05_SSB01220069.wav,5
/USERSPACE/DATASETS/CodecFake/train/F05_SSB16240009.wav,5
/USERSPACE/DATASETS/CodecFake/train/F05_p259_358.wav,5
/USERSPACE/DATASETS/CodecFake/train/F05_SSB12160502.wav,5
/USERSPACE/DATASETS/CodecFake/train/F05_p308_082.wav,5
/USERSPACE/DATASETS/CodecFake/train/F05_SSB18780458.wav,5
/USERSPACE/DATASETS/CodecFake/train/F05_SSB05900406.wav,5
/USERSPACE/DATASETS/CodecFake/train/F05_SSB05700212.wav,5
/USERSPACE/DATASETS/CodecFake/train/F05_p263_264.wav,5
/USERSPACE/DATASETS/CodecFake/train/F05_SSB11250139.wav,5
/USERSPACE/DATASETS/CodecFake/train/F05_SSB05340017.wav,5
/USERSPACE/DATASETS/CodecFake/train/F05_p259_429.wav,5
/USERSPACE/DATASETS/CodecFake/train/F05_SSB03820421.wav,5
/USERSPACE/DATASETS/CodecFake/train/F05_p284_170.wav,5
/USERSPACE/DATASETS/CodecFake/train/F05_SSB10910309.wav,5
/USERSPACE/DATASETS/CodecFake/train/F05_p341_144.wav,5
/USERSPACE/DATASETS/CodecFake/train/F05_SSB12030461.wav,5
/USERSPACE/DATASETS/CodecFake/train/F05_p330_416.wav,5
/USERSPACE/DATASETS/CodecFake/train/F05_SSB07370312.wav,5
/USERSPACE/DATASETS/CodecFake/train/F05_p227_231.wav,5
/USERSPACE/DATASETS/CodecFake/train/F05_SSB10910002.wav,5
/USERSPACE/DATASETS/CodecFake/train/F05_SSB09130172.wav,5
/USERSPACE/DATASETS/CodecFake/train/F05_SSB05900149.wav,5
/USERSPACE/DATASETS/CodecFake/train/F05_p295_322.wav,5
/USERSPACE/DATASETS/CodecFake/train/F05_SSB03660378.wav,5
/USERSPACE/DATASETS/CodecFake/train/F05_p276_422.wav,5
/USERSPACE/DATASETS/CodecFake/train/F05_SSB07110500.wav,5
/USERSPACE/DATASETS/CodecFake/train/F05_SSB15550084.wav,5
/USERSPACE/DATASETS/CodecFake/train/F05_SSB00050081.wav,5
/USERSPACE/DATASETS/CodecFake/train/F05_SSB03540278.wav,5
/USERSPACE/DATASETS/CodecFake/train/F05_SSB03850076.wav,5
/USERSPACE/DATASETS/CodecFake/train/F05_p329_405.wav,5
/USERSPACE/DATASETS/CodecFake/train/F05_SSB07600194.wav,5
/USERSPACE/DATASETS/CodecFake/train/F05_SSB07100304.wav,5
/USERSPACE/DATASETS/CodecFake/train/F05_p293_375.wav,5
/USERSPACE/DATASETS/CodecFake/train/F05_SSB00120195.wav,5
/USERSPACE/DATASETS/CodecFake/train/F05_SSB04820157.wav,5
/USERSPACE/DATASETS/CodecFake/train/F05_SSB11000312.wav,5
/USERSPACE/DATASETS/CodecFake/train/F05_SSB12180465.wav,5
/USERSPACE/DATASETS/CodecFake/train/F05_SSB06010358.wav,5
/USERSPACE/DATASETS/CodecFake/train/F05_SSB06060006.wav,5
/USERSPACE/DATASETS/CodecFake/train/F05_SSB04070497.wav,5
/USERSPACE/DATASETS/CodecFake/train/F05_SSB10640083.wav,5
/USERSPACE/DATASETS/CodecFake/train/F05_SSB01220274.wav,5
/USERSPACE/DATASETS/CodecFake/train/F05_SSB06660232.wav,5
/USERSPACE/DATASETS/CodecFake/train/F05_SSB12530353.wav,5
/USERSPACE/DATASETS/CodecFake/train/F05_SSB09130131.wav,5
/USERSPACE/DATASETS/CodecFake/train/F05_p281_409.wav,5
/USERSPACE/DATASETS/CodecFake/train/F05_p274_194.wav,5
/USERSPACE/DATASETS/CodecFake/train/F05_SSB03390411.wav,5
/USERSPACE/DATASETS/CodecFake/train/F05_SSB14480298.wav,5
/USERSPACE/DATASETS/CodecFake/train/F05_SSB07940139.wav,5
/USERSPACE/DATASETS/CodecFake/train/F05_p276_044.wav,5
/USERSPACE/DATASETS/CodecFake/train/F05_SSB09660060.wav,5
/USERSPACE/DATASETS/CodecFake/train/F05_SSB03850234.wav,5
/USERSPACE/DATASETS/CodecFake/train/F05_p252_026.wav,5
/USERSPACE/DATASETS/CodecFake/train/F05_p260_185.wav,5
/USERSPACE/DATASETS/CodecFake/train/F05_SSB18720364.wav,5
/USERSPACE/DATASETS/CodecFake/train/F05_p275_190.wav,5
/USERSPACE/DATASETS/CodecFake/train/F05_p286_234.wav,5
/USERSPACE/DATASETS/CodecFake/train/F05_p360_386.wav,5
/USERSPACE/DATASETS/CodecFake/train/F05_SSB01490172.wav,5
/USERSPACE/DATASETS/CodecFake/train/F05_p292_231.wav,5
/USERSPACE/DATASETS/CodecFake/train/F05_p310_193.wav,5
/USERSPACE/DATASETS/CodecFake/train/F05_p228_290.wav,5
/USERSPACE/DATASETS/CodecFake/train/F05_p250_131.wav,5
/USERSPACE/DATASETS/CodecFake/train/F05_SSB18320356.wav,5
/USERSPACE/DATASETS/CodecFake/train/F05_p282_331.wav,5
/USERSPACE/DATASETS/CodecFake/train/F05_SSB07940156.wav,5
/USERSPACE/DATASETS/CodecFake/train/F05_p261_173.wav,5
/USERSPACE/DATASETS/CodecFake/train/F05_p252_395.wav,5
/USERSPACE/DATASETS/CodecFake/train/F05_SSB16250458.wav,5
/USERSPACE/DATASETS/CodecFake/train/F05_SSB03410067.wav,5
/USERSPACE/DATASETS/CodecFake/train/F05_p268_197.wav,5
/USERSPACE/DATASETS/CodecFake/train/F05_SSB03820197.wav,5
/USERSPACE/DATASETS/CodecFake/train/F05_SSB05990247.wav,5
/USERSPACE/DATASETS/CodecFake/train/F05_SSB07370067.wav,5
/USERSPACE/DATASETS/CodecFake/train/F05_p361_375.wav,5
/USERSPACE/DATASETS/CodecFake/train/F05_SSB14310282.wav,5
/USERSPACE/DATASETS/CodecFake/train/F05_SSB10020021.wav,5
/USERSPACE/DATASETS/CodecFake/train/F05_SSB13400239.wav,5
/USERSPACE/DATASETS/CodecFake/train/F05_p230_373.wav,5
/USERSPACE/DATASETS/CodecFake/train/F05_SSB07170061.wav,5
/USERSPACE/DATASETS/CodecFake/train/F05_p304_154.wav,5
/USERSPACE/DATASETS/CodecFake/train/F05_p310_224.wav,5
/USERSPACE/DATASETS/CodecFake/train/F05_p236_233.wav,5
/USERSPACE/DATASETS/CodecFake/train/F05_SSB03090332.wav,5
/USERSPACE/DATASETS/CodecFake/train/F05_SSB06030240.wav,5
/USERSPACE/DATASETS/CodecFake/train/F05_SSB09970450.wav,5
/USERSPACE/DATASETS/CodecFake/train/F05_p330_109.wav,5
/USERSPACE/DATASETS/CodecFake/train/F05_SSB07800224.wav,5
/USERSPACE/DATASETS/CodecFake/train/F05_SSB09130302.wav,5
/USERSPACE/DATASETS/CodecFake/train/F05_SSB04070220.wav,5
/USERSPACE/DATASETS/CodecFake/train/F05_SSB03420460.wav,5
/USERSPACE/DATASETS/CodecFake/train/F05_SSB19560110.wav,5
/USERSPACE/DATASETS/CodecFake/train/F05_SSB07460395.wav,5
/USERSPACE/DATASETS/CodecFake/train/F05_p306_319.wav,5
/USERSPACE/DATASETS/CodecFake/train/F05_SSB04150133.wav,5
/USERSPACE/DATASETS/CodecFake/train/F05_SSB08710060.wav,5
/USERSPACE/DATASETS/CodecFake/train/F05_SSB05990311.wav,5
/USERSPACE/DATASETS/CodecFake/train/F05_SSB10720209.wav,5
/USERSPACE/DATASETS/CodecFake/train/F05_SSB05700030.wav,5
/USERSPACE/DATASETS/CodecFake/train/F05_SSB09350149.wav,5
/USERSPACE/DATASETS/CodecFake/train/F05_SSB07510194.wav,5
/USERSPACE/DATASETS/CodecFake/train/F05_SSB11150107.wav,5
/USERSPACE/DATASETS/CodecFake/train/F05_p288_111.wav,5
/USERSPACE/DATASETS/CodecFake/train/F05_SSB12150419.wav,5
/USERSPACE/DATASETS/CodecFake/train/F05_SSB03090289.wav,5
/USERSPACE/DATASETS/CodecFake/train/F05_p274_242.wav,5
/USERSPACE/DATASETS/CodecFake/train/F05_SSB09190235.wav,5
/USERSPACE/DATASETS/CodecFake/train/F05_SSB12180406.wav,5
/USERSPACE/DATASETS/CodecFake/train/F05_p281_024.wav,5
/USERSPACE/DATASETS/CodecFake/train/F05_p330_274.wav,5
/USERSPACE/DATASETS/CodecFake/train/F05_SSB03850194.wav,5
/USERSPACE/DATASETS/CodecFake/train/F05_SSB00730183.wav,5
/USERSPACE/DATASETS/CodecFake/train/F05_SSB06310192.wav,5
/USERSPACE/DATASETS/CodecFake/train/F05_SSB13200252.wav,5
/USERSPACE/DATASETS/CodecFake/train/F05_SSB09970295.wav,5
/USERSPACE/DATASETS/CodecFake/train/F05_p287_137.wav,5
/USERSPACE/DATASETS/CodecFake/train/F05_p302_238.wav,5
/USERSPACE/DATASETS/CodecFake/train/F05_p287_063.wav,5
/USERSPACE/DATASETS/CodecFake/train/F05_SSB07160395.wav,5
/USERSPACE/DATASETS/CodecFake/train/F05_SSB01220118.wav,5
/USERSPACE/DATASETS/CodecFake/train/F05_p265_091.wav,5
/USERSPACE/DATASETS/CodecFake/train/F05_SSB18280384.wav,5
/USERSPACE/DATASETS/CodecFake/train/F05_SSB06030105.wav,5
/USERSPACE/DATASETS/CodecFake/train/F05_SSB07620293.wav,5
/USERSPACE/DATASETS/CodecFake/train/F05_SSB06090386.wav,5
/USERSPACE/DATASETS/CodecFake/train/F05_SSB03800427.wav,5
/USERSPACE/DATASETS/CodecFake/train/F05_SSB15850376.wav,5
/USERSPACE/DATASETS/CodecFake/train/F05_SSB09350442.wav,5
/USERSPACE/DATASETS/CodecFake/train/F05_SSB18910085.wav,5
/USERSPACE/DATASETS/CodecFake/train/F05_p239_254.wav,5
/USERSPACE/DATASETS/CodecFake/train/F05_p265_269.wav,5
/USERSPACE/DATASETS/CodecFake/train/F05_SSB06320355.wav,5
/USERSPACE/DATASETS/CodecFake/train/F05_SSB07600307.wav,5
/USERSPACE/DATASETS/CodecFake/train/F05_SSB11970403.wav,5
/USERSPACE/DATASETS/CodecFake/train/F05_SSB03660370.wav,5
/USERSPACE/DATASETS/CodecFake/train/F05_p347_296.wav,5
/USERSPACE/DATASETS/CodecFake/train/F05_SSB00050470.wav,5
/USERSPACE/DATASETS/CodecFake/train/F05_p335_108.wav,5
/USERSPACE/DATASETS/CodecFake/train/F05_p316_269.wav,5
/USERSPACE/DATASETS/CodecFake/train/F05_SSB18720438.wav,5
/USERSPACE/DATASETS/CodecFake/train/F05_SSB00180218.wav,5
/USERSPACE/DATASETS/CodecFake/train/F05_SSB02990274.wav,5
/USERSPACE/DATASETS/CodecFake/train/F05_SSB15850272.wav,5
/USERSPACE/DATASETS/CodecFake/train/F05_SSB16990195.wav,5
/USERSPACE/DATASETS/CodecFake/train/F05_p247_380.wav,5
/USERSPACE/DATASETS/CodecFake/train/F05_p318_340.wav,5
/USERSPACE/DATASETS/CodecFake/train/F05_SSB02000008.wav,5
/USERSPACE/DATASETS/CodecFake/train/F05_SSB02460221.wav,5
/USERSPACE/DATASETS/CodecFake/train/F05_SSB05940040.wav,5
/USERSPACE/DATASETS/CodecFake/train/F05_SSB11610152.wav,5
/USERSPACE/DATASETS/CodecFake/train/F05_SSB16500116.wav,5
/USERSPACE/DATASETS/CodecFake/train/F05_SSB06010315.wav,5
/USERSPACE/DATASETS/CodecFake/train/F05_p318_303.wav,5
/USERSPACE/DATASETS/CodecFake/train/F05_p232_183.wav,5
/USERSPACE/DATASETS/CodecFake/train/F05_p273_008.wav,5
/USERSPACE/DATASETS/CodecFake/train/F05_SSB00160160.wav,5
/USERSPACE/DATASETS/CodecFake/train/F05_SSB02990336.wav,5
/USERSPACE/DATASETS/CodecFake/train/F05_p274_040.wav,5
/USERSPACE/DATASETS/CodecFake/train/F05_p272_249.wav,5
/USERSPACE/DATASETS/CodecFake/train/F05_p334_395.wav,5
/USERSPACE/DATASETS/CodecFake/train/F05_SSB01970227.wav,5
/USERSPACE/DATASETS/CodecFake/train/F05_p299_242.wav,5
/USERSPACE/DATASETS/CodecFake/train/F05_SSB10560028.wav,5
/USERSPACE/DATASETS/CodecFake/train/F05_p318_376.wav,5
/USERSPACE/DATASETS/CodecFake/train/F05_p292_284.wav,5
/USERSPACE/DATASETS/CodecFake/train/F05_SSB18320362.wav,5
/USERSPACE/DATASETS/CodecFake/train/F05_SSB02870297.wav,5
/USERSPACE/DATASETS/CodecFake/train/F05_SSB07460077.wav,5
/USERSPACE/DATASETS/CodecFake/train/F05_p297_320.wav,5
/USERSPACE/DATASETS/CodecFake/train/F05_p360_419.wav,5
/USERSPACE/DATASETS/CodecFake/train/F05_SSB05650421.wav,5
/USERSPACE/DATASETS/CodecFake/train/F05_p303_012.wav,5
/USERSPACE/DATASETS/CodecFake/train/F05_SSB03660360.wav,5
/USERSPACE/DATASETS/CodecFake/train/F05_SSB00090436.wav,5
/USERSPACE/DATASETS/CodecFake/train/F05_SSB06290482.wav,5
/USERSPACE/DATASETS/CodecFake/train/F05_SSB08870096.wav,5
/USERSPACE/DATASETS/CodecFake/train/F05_p255_125.wav,5
/USERSPACE/DATASETS/CodecFake/train/F05_SSB15630129.wav,5
/USERSPACE/DATASETS/CodecFake/train/F05_SSB00730319.wav,5
/USERSPACE/DATASETS/CodecFake/train/F05_p306_249.wav,5
/USERSPACE/DATASETS/CodecFake/train/F05_p279_042.wav,5
/USERSPACE/DATASETS/CodecFake/train/F05_p276_254.wav,5
/USERSPACE/DATASETS/CodecFake/train/F05_p245_029.wav,5
/USERSPACE/DATASETS/CodecFake/train/F05_SSB03790005.wav,5
/USERSPACE/DATASETS/CodecFake/train/F05_p266_059.wav,5
/USERSPACE/DATASETS/CodecFake/train/F05_SSB13200495.wav,5
/USERSPACE/DATASETS/CodecFake/train/F05_p232_322.wav,5
/USERSPACE/DATASETS/CodecFake/train/F05_SSB11760465.wav,5
/USERSPACE/DATASETS/CodecFake/train/F05_SSB06070097.wav,5
/USERSPACE/DATASETS/CodecFake/train/F05_SSB07620483.wav,5
/USERSPACE/DATASETS/CodecFake/train/F05_SSB10720239.wav,5
/USERSPACE/DATASETS/CodecFake/train/F05_SSB13850107.wav,5
/USERSPACE/DATASETS/CodecFake/train/F05_p231_097.wav,5
/USERSPACE/DATASETS/CodecFake/train/F05_SSB18320054.wav,5
/USERSPACE/DATASETS/CodecFake/train/F05_SSB05390478.wav,5
/USERSPACE/DATASETS/CodecFake/train/F05_SSB07110049.wav,5
/USERSPACE/DATASETS/CodecFake/train/F05_SSB05650120.wav,5
/USERSPACE/DATASETS/CodecFake/train/F05_SSB07490501.wav,5
/USERSPACE/DATASETS/CodecFake/train/F05_p229_378.wav,5
/USERSPACE/DATASETS/CodecFake/train/F05_p285_046.wav,5
/USERSPACE/DATASETS/CodecFake/train/F05_SSB15550065.wav,5
/USERSPACE/DATASETS/CodecFake/train/F05_SSB13410420.wav,5
/USERSPACE/DATASETS/CodecFake/train/F05_SSB18460120.wav,5
/USERSPACE/DATASETS/CodecFake/train/F05_SSB07620356.wav,5
/USERSPACE/DATASETS/CodecFake/train/F05_p287_309.wav,5
/USERSPACE/DATASETS/CodecFake/train/F05_p295_193.wav,5
/USERSPACE/DATASETS/CodecFake/train/F05_SSB13660014.wav,5
/USERSPACE/DATASETS/CodecFake/train/F05_SSB19350163.wav,5
/USERSPACE/DATASETS/CodecFake/train/F05_p233_215.wav,5
/USERSPACE/DATASETS/CodecFake/train/F05_SSB07370407.wav,5
/USERSPACE/DATASETS/CodecFake/train/F05_SSB01930256.wav,5
/USERSPACE/DATASETS/CodecFake/train/F05_SSB06140236.wav,5
/USERSPACE/DATASETS/CodecFake/train/F05_SSB03800491.wav,5
/USERSPACE/DATASETS/CodecFake/train/F05_SSB03930258.wav,5
/USERSPACE/DATASETS/CodecFake/train/F05_p323_130.wav,5
/USERSPACE/DATASETS/CodecFake/train/F05_p233_357.wav,5
/USERSPACE/DATASETS/CodecFake/train/F05_SSB07020198.wav,5
/USERSPACE/DATASETS/CodecFake/train/F05_p334_018.wav,5
/USERSPACE/DATASETS/CodecFake/train/F05_SSB07490117.wav,5
/USERSPACE/DATASETS/CodecFake/train/F05_SSB04820413.wav,5
/USERSPACE/DATASETS/CodecFake/train/F05_SSB02990010.wav,5
/USERSPACE/DATASETS/CodecFake/train/F05_SSB05440312.wav,5
/USERSPACE/DATASETS/CodecFake/train/F05_SSB18460268.wav,5
/USERSPACE/DATASETS/CodecFake/train/F05_SSB07600424.wav,5
/USERSPACE/DATASETS/CodecFake/train/F05_SSB10240254.wav,5
/USERSPACE/DATASETS/CodecFake/train/F05_SSB19350287.wav,5
/USERSPACE/DATASETS/CodecFake/train/F05_p261_449.wav,5
/USERSPACE/DATASETS/CodecFake/train/F05_SSB17450146.wav,5
/USERSPACE/DATASETS/CodecFake/train/F05_SSB13400087.wav,5
/USERSPACE/DATASETS/CodecFake/train/F05_p298_081.wav,5
/USERSPACE/DATASETS/CodecFake/train/F05_SSB17810369.wav,5
/USERSPACE/DATASETS/CodecFake/train/F05_SSB03790207.wav,5
/USERSPACE/DATASETS/CodecFake/train/F05_SSB07160016.wav,5
/USERSPACE/DATASETS/CodecFake/train/F05_SSB02610451.wav,5
/USERSPACE/DATASETS/CodecFake/train/F05_p264_323.wav,5
/USERSPACE/DATASETS/CodecFake/train/F05_SSB01930337.wav,5
/USERSPACE/DATASETS/CodecFake/train/F05_p307_340.wav,5
/USERSPACE/DATASETS/CodecFake/train/F05_SSB03790140.wav,5
/USERSPACE/DATASETS/CodecFake/train/F05_SSB00430486.wav,5
/USERSPACE/DATASETS/CodecFake/train/F05_SSB12210349.wav,5
/USERSPACE/DATASETS/CodecFake/train/F05_p238_050.wav,5
/USERSPACE/DATASETS/CodecFake/train/F05_SSB07800072.wav,5
/USERSPACE/DATASETS/CodecFake/train/F05_SSB06310201.wav,5
/USERSPACE/DATASETS/CodecFake/train/F05_SSB15930090.wav,5
/USERSPACE/DATASETS/CodecFake/train/F05_SSB07490082.wav,5
/USERSPACE/DATASETS/CodecFake/train/F05_p234_262.wav,5
/USERSPACE/DATASETS/CodecFake/train/F05_SSB00430386.wav,5
/USERSPACE/DATASETS/CodecFake/train/F05_SSB03150157.wav,5
/USERSPACE/DATASETS/CodecFake/train/F05_SSB18720133.wav,5
/USERSPACE/DATASETS/CodecFake/train/F05_SSB00090514.wav,5
/USERSPACE/DATASETS/CodecFake/train/F05_SSB13400335.wav,5
/USERSPACE/DATASETS/CodecFake/train/F05_SSB16240078.wav,5
/USERSPACE/DATASETS/CodecFake/train/F05_SSB16840056.wav,5
/USERSPACE/DATASETS/CodecFake/train/F05_p251_292.wav,5
/USERSPACE/DATASETS/CodecFake/train/F05_SSB13830390.wav,5
/USERSPACE/DATASETS/CodecFake/train/F05_p261_079.wav,5
/USERSPACE/DATASETS/CodecFake/train/F05_SSB18910297.wav,5
/USERSPACE/DATASETS/CodecFake/train/F05_SSB07460282.wav,5
/USERSPACE/DATASETS/CodecFake/train/F05_p280_147.wav,5
/USERSPACE/DATASETS/CodecFake/train/F05_SSB08170248.wav,5
/USERSPACE/DATASETS/CodecFake/train/F05_SSB03950428.wav,5
/USERSPACE/DATASETS/CodecFake/train/F05_SSB01970096.wav,5
/USERSPACE/DATASETS/CodecFake/train/F05_p236_140.wav,5
/USERSPACE/DATASETS/CodecFake/train/F05_p253_388.wav,5
/USERSPACE/DATASETS/CodecFake/train/F05_SSB06070389.wav,5
/USERSPACE/DATASETS/CodecFake/train/F05_SSB18090301.wav,5
/USERSPACE/DATASETS/CodecFake/train/F05_SSB18630461.wav,5
/USERSPACE/DATASETS/CodecFake/train/F05_p295_163.wav,5
/USERSPACE/DATASETS/CodecFake/train/F05_p329_106.wav,5
/USERSPACE/DATASETS/CodecFake/train/F05_p249_062.wav,5
/USERSPACE/DATASETS/CodecFake/train/F05_SSB04070455.wav,5
/USERSPACE/DATASETS/CodecFake/train/F05_p272_033.wav,5
/USERSPACE/DATASETS/CodecFake/train/F05_SSB10720042.wav,5
/USERSPACE/DATASETS/CodecFake/train/F05_SSB14020199.wav,5
/USERSPACE/DATASETS/CodecFake/train/F05_p270_146.wav,5
/USERSPACE/DATASETS/CodecFake/train/F05_p326_329.wav,5
/USERSPACE/DATASETS/CodecFake/train/F05_SSB19020189.wav,5
/USERSPACE/DATASETS/CodecFake/train/F05_SSB05900136.wav,5
/USERSPACE/DATASETS/CodecFake/train/F05_SSB10960190.wav,5
/USERSPACE/DATASETS/CodecFake/train/F05_SSB02410339.wav,5
/USERSPACE/DATASETS/CodecFake/train/F05_SSB04260102.wav,5
/USERSPACE/DATASETS/CodecFake/train/F05_p313_066.wav,5
/USERSPACE/DATASETS/CodecFake/train/F05_SSB13220416.wav,5
/USERSPACE/DATASETS/CodecFake/train/F05_p257_209.wav,5
/USERSPACE/DATASETS/CodecFake/train/F05_p243_119.wav,5
/USERSPACE/DATASETS/CodecFake/train/F05_SSB00090088.wav,5
/USERSPACE/DATASETS/CodecFake/train/F05_SSB07370339.wav,5
/USERSPACE/DATASETS/CodecFake/train/F05_SSB06140337.wav,5
/USERSPACE/DATASETS/CodecFake/train/F05_p308_057.wav,5
/USERSPACE/DATASETS/CodecFake/train/F05_SSB09970094.wav,5
/USERSPACE/DATASETS/CodecFake/train/F05_p376_250.wav,5
/USERSPACE/DATASETS/CodecFake/train/F05_p233_172.wav,5
/USERSPACE/DATASETS/CodecFake/train/F05_p335_217.wav,5
/USERSPACE/DATASETS/CodecFake/train/F05_SSB06140122.wav,5
/USERSPACE/DATASETS/CodecFake/train/F05_SSB17590270.wav,5
/USERSPACE/DATASETS/CodecFake/train/F05_SSB01330446.wav,5
/USERSPACE/DATASETS/CodecFake/train/F05_SSB07000449.wav,5
/USERSPACE/DATASETS/CodecFake/train/F05_SSB07780053.wav,5
/USERSPACE/DATASETS/CodecFake/train/F05_SSB07170030.wav,5
/USERSPACE/DATASETS/CodecFake/train/F05_SSB13280016.wav,5
/USERSPACE/DATASETS/CodecFake/train/F05_SSB07000266.wav,5
/USERSPACE/DATASETS/CodecFake/train/F05_SSB10010221.wav,5
/USERSPACE/DATASETS/CodecFake/train/F05_p227_127.wav,5
/USERSPACE/DATASETS/CodecFake/train/F05_SSB04270038.wav,5
/USERSPACE/DATASETS/CodecFake/train/F05_p339_245.wav,5
/USERSPACE/DATASETS/CodecFake/train/F05_SSB10010187.wav,5
/USERSPACE/DATASETS/CodecFake/train/F05_SSB10500468.wav,5
/USERSPACE/DATASETS/CodecFake/train/F05_SSB05940332.wav,5
/USERSPACE/DATASETS/CodecFake/train/F05_p285_390.wav,5
/USERSPACE/DATASETS/CodecFake/train/F05_p284_028.wav,5
/USERSPACE/DATASETS/CodecFake/train/F05_p362_022.wav,5
/USERSPACE/DATASETS/CodecFake/train/F05_p252_317.wav,5
/USERSPACE/DATASETS/CodecFake/train/F05_p299_063.wav,5
/USERSPACE/DATASETS/CodecFake/train/F05_p239_399.wav,5
/USERSPACE/DATASETS/CodecFake/train/F05_p297_095.wav,5
/USERSPACE/DATASETS/CodecFake/train/F05_SSB05650130.wav,5
/USERSPACE/DATASETS/CodecFake/train/F05_p241_298.wav,5
/USERSPACE/DATASETS/CodecFake/train/F05_SSB13850475.wav,5
/USERSPACE/DATASETS/CodecFake/train/F05_SSB00120345.wav,5
/USERSPACE/DATASETS/CodecFake/train/F05_SSB06090153.wav,5
/USERSPACE/DATASETS/CodecFake/train/F05_p376_005.wav,5
/USERSPACE/DATASETS/CodecFake/train/F05_SSB07490104.wav,5
/USERSPACE/DATASETS/CodecFake/train/F05_SSB07200004.wav,5
/USERSPACE/DATASETS/CodecFake/train/F05_SSB07230340.wav,5
/USERSPACE/DATASETS/CodecFake/train/F05_SSB03750496.wav,5
/USERSPACE/DATASETS/CodecFake/train/F05_SSB19180003.wav,5
/USERSPACE/DATASETS/CodecFake/train/F05_p240_115.wav,5
/USERSPACE/DATASETS/CodecFake/train/F05_p264_147.wav,5
/USERSPACE/DATASETS/CodecFake/train/F05_p283_002.wav,5
/USERSPACE/DATASETS/CodecFake/train/F05_SSB05700274.wav,5
/USERSPACE/DATASETS/CodecFake/train/F05_SSB03410396.wav,5
/USERSPACE/DATASETS/CodecFake/train/F05_p271_266.wav,5
/USERSPACE/DATASETS/CodecFake/train/F05_SSB13920310.wav,5
/USERSPACE/DATASETS/CodecFake/train/F05_p299_388.wav,5
/USERSPACE/DATASETS/CodecFake/train/F05_p262_350.wav,5
/USERSPACE/DATASETS/CodecFake/train/F05_SSB15850362.wav,5
/USERSPACE/DATASETS/CodecFake/train/F05_SSB11610410.wav,5
/USERSPACE/DATASETS/CodecFake/train/F05_SSB10080126.wav,5
/USERSPACE/DATASETS/CodecFake/train/F05_SSB03540224.wav,5
/USERSPACE/DATASETS/CodecFake/train/F05_SSB02730004.wav,5
/USERSPACE/DATASETS/CodecFake/train/F05_SSB10020338.wav,5
/USERSPACE/DATASETS/CodecFake/train/F05_SSB10720055.wav,5
/USERSPACE/DATASETS/CodecFake/train/F05_SSB04350072.wav,5
/USERSPACE/DATASETS/CodecFake/train/F05_SSB05020222.wav,5
/USERSPACE/DATASETS/CodecFake/train/F05_p275_337.wav,5
/USERSPACE/DATASETS/CodecFake/train/F05_SSB02610078.wav,5
/USERSPACE/DATASETS/CodecFake/train/F05_SSB01390231.wav,5
/USERSPACE/DATASETS/CodecFake/train/F05_SSB17810158.wav,5
/USERSPACE/DATASETS/CodecFake/train/F05_SSB09130351.wav,5
/USERSPACE/DATASETS/CodecFake/train/F05_SSB06680202.wav,5
/USERSPACE/DATASETS/CodecFake/train/F05_SSB04260360.wav,5
/USERSPACE/DATASETS/CodecFake/train/F05_p267_139.wav,5
/USERSPACE/DATASETS/CodecFake/train/F05_SSB18370345.wav,5
/USERSPACE/DATASETS/CodecFake/train/F05_p287_247.wav,5
/USERSPACE/DATASETS/CodecFake/train/F05_SSB18280020.wav,5
/USERSPACE/DATASETS/CodecFake/train/F05_p271_251.wav,5
/USERSPACE/DATASETS/CodecFake/train/F05_SSB03750349.wav,5
/USERSPACE/DATASETS/CodecFake/train/F05_SSB13660015.wav,5
/USERSPACE/DATASETS/CodecFake/train/F05_p264_320.wav,5
/USERSPACE/DATASETS/CodecFake/train/F05_p298_162.wav,5
/USERSPACE/DATASETS/CodecFake/train/F05_SSB17390472.wav,5
/USERSPACE/DATASETS/CodecFake/train/F05_SSB10910312.wav,5
/USERSPACE/DATASETS/CodecFake/train/F05_SSB06930074.wav,5
/USERSPACE/DATASETS/CodecFake/train/F05_SSB06030285.wav,5
/USERSPACE/DATASETS/CodecFake/train/F05_SSB11360063.wav,5
/USERSPACE/DATASETS/CodecFake/train/F05_SSB13020068.wav,5
/USERSPACE/DATASETS/CodecFake/train/F05_SSB07110041.wav,5
/USERSPACE/DATASETS/CodecFake/train/F05_p256_297.wav,5
/USERSPACE/DATASETS/CodecFake/train/F05_SSB01970277.wav,5
/USERSPACE/DATASETS/CodecFake/train/F05_SSB08630135.wav,5
/USERSPACE/DATASETS/CodecFake/train/F05_p335_327.wav,5
/USERSPACE/DATASETS/CodecFake/train/F05_p266_039.wav,5
/USERSPACE/DATASETS/CodecFake/train/F05_SSB08510365.wav,5
/USERSPACE/DATASETS/CodecFake/train/F05_p264_161.wav,5
/USERSPACE/DATASETS/CodecFake/train/F05_SSB00330237.wav,5
/USERSPACE/DATASETS/CodecFake/train/F05_p264_046.wav,5
/USERSPACE/DATASETS/CodecFake/train/F05_SSB07200034.wav,5
/USERSPACE/DATASETS/CodecFake/train/F05_SSB08170256.wav,5
/USERSPACE/DATASETS/CodecFake/train/F05_SSB03540261.wav,5
/USERSPACE/DATASETS/CodecFake/train/F05_p259_402.wav,5
/USERSPACE/DATASETS/CodecFake/train/F05_SSB10500187.wav,5
/USERSPACE/DATASETS/CodecFake/train/F05_SSB07370335.wav,5
/USERSPACE/DATASETS/CodecFake/train/F05_SSB17280238.wav,5
/USERSPACE/DATASETS/CodecFake/train/F05_SSB00570428.wav,5
/USERSPACE/DATASETS/CodecFake/train/F05_p293_213.wav,5
/USERSPACE/DATASETS/CodecFake/train/F05_p295_141.wav,5
/USERSPACE/DATASETS/CodecFake/train/F05_SSB11380201.wav,5
/USERSPACE/DATASETS/CodecFake/train/F05_p318_158.wav,5
/USERSPACE/DATASETS/CodecFake/train/F05_p239_161.wav,5
/USERSPACE/DATASETS/CodecFake/train/F05_SSB06310446.wav,5
/USERSPACE/DATASETS/CodecFake/train/F05_p340_251.wav,5
/USERSPACE/DATASETS/CodecFake/train/F05_p249_311.wav,5
/USERSPACE/DATASETS/CodecFake/train/F05_SSB08710016.wav,5
/USERSPACE/DATASETS/CodecFake/train/F05_SSB19560243.wav,5
/USERSPACE/DATASETS/CodecFake/train/F05_SSB14570440.wav,5
/USERSPACE/DATASETS/CodecFake/train/F05_SSB12160425.wav,5
/USERSPACE/DATASETS/CodecFake/train/F05_SSB03150342.wav,5
/USERSPACE/DATASETS/CodecFake/train/F05_p266_133.wav,5
/USERSPACE/DATASETS/CodecFake/train/F05_p238_110.wav,5
/USERSPACE/DATASETS/CodecFake/train/F05_p276_014.wav,5
/USERSPACE/DATASETS/CodecFake/train/F05_p230_261.wav,5
/USERSPACE/DATASETS/CodecFake/train/F05_p285_243.wav,5
/USERSPACE/DATASETS/CodecFake/train/F05_SSB02990164.wav,5
/USERSPACE/DATASETS/CodecFake/train/F05_p250_293.wav,5
/USERSPACE/DATASETS/CodecFake/train/F05_SSB02870324.wav,5
/USERSPACE/DATASETS/CodecFake/train/F05_p288_180.wav,5
/USERSPACE/DATASETS/CodecFake/train/F05_SSB07800358.wav,5
/USERSPACE/DATASETS/CodecFake/train/F05_SSB11150179.wav,5
/USERSPACE/DATASETS/CodecFake/train/F05_p308_050.wav,5
/USERSPACE/DATASETS/CodecFake/train/F05_SSB00570216.wav,5
/USERSPACE/DATASETS/CodecFake/train/F05_p287_125.wav,5
/USERSPACE/DATASETS/CodecFake/train/F05_p307_097.wav,5
/USERSPACE/DATASETS/CodecFake/train/F05_SSB03800077.wav,5
/USERSPACE/DATASETS/CodecFake/train/F05_p298_100.wav,5
/USERSPACE/DATASETS/CodecFake/train/F05_SSB03950126.wav,5
/USERSPACE/DATASETS/CodecFake/train/F05_SSB10200512.wav,5
/USERSPACE/DATASETS/CodecFake/train/F05_p347_029.wav,5
/USERSPACE/DATASETS/CodecFake/train/F05_SSB09350147.wav,5
/USERSPACE/DATASETS/CodecFake/train/F05_p236_299.wav,5
/USERSPACE/DATASETS/CodecFake/train/F05_p259_431.wav,5
/USERSPACE/DATASETS/CodecFake/train/F05_SSB09930502.wav,5
/USERSPACE/DATASETS/CodecFake/train/F05_SSB00430209.wav,5
/USERSPACE/DATASETS/CodecFake/train/F05_SSB01970415.wav,5
/USERSPACE/DATASETS/CodecFake/train/F05_SSB00730302.wav,5
/USERSPACE/DATASETS/CodecFake/train/F05_SSB11250239.wav,5
/USERSPACE/DATASETS/CodecFake/train/F05_p253_066.wav,5
/USERSPACE/DATASETS/CodecFake/train/F05_SSB16500472.wav,5
/USERSPACE/DATASETS/CodecFake/train/F05_SSB06710390.wav,5
/USERSPACE/DATASETS/CodecFake/train/F05_p283_230.wav,5
/USERSPACE/DATASETS/CodecFake/train/F05_SSB12210210.wav,5
/USERSPACE/DATASETS/CodecFake/train/F05_SSB06930256.wav,5
/USERSPACE/DATASETS/CodecFake/train/F05_SSB11250243.wav,5
/USERSPACE/DATASETS/CodecFake/train/F05_SSB15750329.wav,5
/USERSPACE/DATASETS/CodecFake/train/F05_p239_043.wav,5
/USERSPACE/DATASETS/CodecFake/train/F05_SSB03940262.wav,5
/USERSPACE/DATASETS/CodecFake/train/F05_p361_188.wav,5
/USERSPACE/DATASETS/CodecFake/train/F05_SSB12030271.wav,5
/USERSPACE/DATASETS/CodecFake/train/F05_SSB07200473.wav,5
/USERSPACE/DATASETS/CodecFake/train/F05_SSB06660363.wav,5
/USERSPACE/DATASETS/CodecFake/train/F05_SSB06230271.wav,5
/USERSPACE/DATASETS/CodecFake/train/F05_SSB13920352.wav,5
/USERSPACE/DATASETS/CodecFake/train/F05_p298_103.wav,5
/USERSPACE/DATASETS/CodecFake/train/F05_SSB17820127.wav,5
/USERSPACE/DATASETS/CodecFake/train/F05_SSB04340392.wav,5
/USERSPACE/DATASETS/CodecFake/train/F05_p227_232.wav,5
/USERSPACE/DATASETS/CodecFake/train/F05_SSB19020417.wav,5
/USERSPACE/DATASETS/CodecFake/train/F05_p361_243.wav,5
/USERSPACE/DATASETS/CodecFake/train/F05_p308_241.wav,5
/USERSPACE/DATASETS/CodecFake/train/F05_p301_116.wav,5
/USERSPACE/DATASETS/CodecFake/train/F05_p239_087.wav,5
/USERSPACE/DATASETS/CodecFake/train/F05_SSB06290410.wav,5
/USERSPACE/DATASETS/CodecFake/train/F05_SSB13400065.wav,5
/USERSPACE/DATASETS/CodecFake/train/F05_SSB10240129.wav,5
/USERSPACE/DATASETS/CodecFake/train/F05_SSB07020070.wav,5
/USERSPACE/DATASETS/CodecFake/train/F05_p330_250.wav,5
/USERSPACE/DATASETS/CodecFake/train/F05_p254_239.wav,5
/USERSPACE/DATASETS/CodecFake/train/F05_SSB07860472.wav,5
/USERSPACE/DATASETS/CodecFake/train/F05_SSB13660310.wav,5
/USERSPACE/DATASETS/CodecFake/train/F05_SSB04350314.wav,5
/USERSPACE/DATASETS/CodecFake/train/F05_SSB03940259.wav,5
/USERSPACE/DATASETS/CodecFake/train/F05_SSB03090324.wav,5
/USERSPACE/DATASETS/CodecFake/train/F05_SSB18780285.wav,5
/USERSPACE/DATASETS/CodecFake/train/F05_p300_108.wav,5
/USERSPACE/DATASETS/CodecFake/train/F05_SSB01490038.wav,5
/USERSPACE/DATASETS/CodecFake/train/F05_p294_380.wav,5
/USERSPACE/DATASETS/CodecFake/train/F05_SSB11100283.wav,5
/USERSPACE/DATASETS/CodecFake/train/F05_SSB13410028.wav,5
/USERSPACE/DATASETS/CodecFake/train/F05_SSB03390429.wav,5
/USERSPACE/DATASETS/CodecFake/train/F05_p264_296.wav,5
/USERSPACE/DATASETS/CodecFake/train/F05_p239_091.wav,5
/USERSPACE/DATASETS/CodecFake/train/F05_SSB03150253.wav,5
/USERSPACE/DATASETS/CodecFake/train/F05_p316_391.wav,5
/USERSPACE/DATASETS/CodecFake/train/F05_p313_134.wav,5
/USERSPACE/DATASETS/CodecFake/train/F05_SSB06680223.wav,5
/USERSPACE/DATASETS/CodecFake/train/F05_SSB09660413.wav,5
/USERSPACE/DATASETS/CodecFake/train/F05_SSB03850283.wav,5
/USERSPACE/DATASETS/CodecFake/train/F05_SSB05350440.wav,5
/USERSPACE/DATASETS/CodecFake/train/F05_SSB13280272.wav,5
/USERSPACE/DATASETS/CodecFake/train/F05_p269_205.wav,5
/USERSPACE/DATASETS/CodecFake/train/F05_SSB00430285.wav,5
/USERSPACE/DATASETS/CodecFake/train/F05_SSB13850443.wav,5
/USERSPACE/DATASETS/CodecFake/train/F05_SSB02670124.wav,5
/USERSPACE/DATASETS/CodecFake/train/F05_p293_397.wav,5
/USERSPACE/DATASETS/CodecFake/train/F05_SSB07480343.wav,5
/USERSPACE/DATASETS/CodecFake/train/F05_p306_060.wav,5
/USERSPACE/DATASETS/CodecFake/train/F05_p239_026.wav,5
/USERSPACE/DATASETS/CodecFake/train/F05_p267_145.wav,5
/USERSPACE/DATASETS/CodecFake/train/F05_SSB00050329.wav,5
/USERSPACE/DATASETS/CodecFake/train/F05_p264_235.wav,5
/USERSPACE/DATASETS/CodecFake/train/F05_SSB00430305.wav,5
/USERSPACE/DATASETS/CodecFake/train/F05_SSB07000033.wav,5
/USERSPACE/DATASETS/CodecFake/train/F05_SSB06290471.wav,5
/USERSPACE/DATASETS/CodecFake/train/F05_SSB05900127.wav,5
/USERSPACE/DATASETS/CodecFake/train/F05_p277_391.wav,5
/USERSPACE/DATASETS/CodecFake/train/F05_p263_318.wav,5
/USERSPACE/DATASETS/CodecFake/train/F05_SSB09930251.wav,5
/USERSPACE/DATASETS/CodecFake/train/F05_SSB02610418.wav,5
/USERSPACE/DATASETS/CodecFake/train/F05_SSB05900094.wav,5
/USERSPACE/DATASETS/CodecFake/train/F05_p253_024.wav,5
/USERSPACE/DATASETS/CodecFake/train/F05_SSB00800183.wav,5
/USERSPACE/DATASETS/CodecFake/train/F05_SSB05780155.wav,5
/USERSPACE/DATASETS/CodecFake/train/F05_p273_102.wav,5
/USERSPACE/DATASETS/CodecFake/train/F05_SSB00160250.wav,5
/USERSPACE/DATASETS/CodecFake/train/F05_p301_055.wav,5
/USERSPACE/DATASETS/CodecFake/train/F05_p293_041.wav,5
/USERSPACE/DATASETS/CodecFake/train/F05_p239_353.wav,5
/USERSPACE/DATASETS/CodecFake/train/F05_SSB06860392.wav,5
/USERSPACE/DATASETS/CodecFake/train/F05_SSB05350204.wav,5
/USERSPACE/DATASETS/CodecFake/train/F05_SSB11260448.wav,5
/USERSPACE/DATASETS/CodecFake/train/F05_p307_387.wav,5
/USERSPACE/DATASETS/CodecFake/train/F05_p335_175.wav,5
/USERSPACE/DATASETS/CodecFake/train/F05_p314_166.wav,5
/USERSPACE/DATASETS/CodecFake/train/F05_SSB02990030.wav,5
/USERSPACE/DATASETS/CodecFake/train/F05_p258_152.wav,5
/USERSPACE/DATASETS/CodecFake/train/F05_SSB00110355.wav,5
/USERSPACE/DATASETS/CodecFake/train/F05_SSB06320322.wav,5
/USERSPACE/DATASETS/CodecFake/train/F05_SSB05940015.wav,5
/USERSPACE/DATASETS/CodecFake/train/F05_SSB03750129.wav,5
/USERSPACE/DATASETS/CodecFake/train/F05_SSB00160484.wav,5
/USERSPACE/DATASETS/CodecFake/train/F05_p282_298.wav,5
/USERSPACE/DATASETS/CodecFake/train/F05_SSB06660122.wav,5
/USERSPACE/DATASETS/CodecFake/train/F05_SSB05990236.wav,5
/USERSPACE/DATASETS/CodecFake/train/F05_SSB11360248.wav,5
/USERSPACE/DATASETS/CodecFake/train/F05_p239_463.wav,5
/USERSPACE/DATASETS/CodecFake/train/F05_SSB00570470.wav,5
/USERSPACE/DATASETS/CodecFake/train/F05_SSB04340352.wav,5
/USERSPACE/DATASETS/CodecFake/train/F05_SSB17110316.wav,5
/USERSPACE/DATASETS/CodecFake/train/F05_SSB10500202.wav,5
/USERSPACE/DATASETS/CodecFake/train/F05_SSB10560438.wav,5
/USERSPACE/DATASETS/CodecFake/train/F05_p302_068.wav,5
/USERSPACE/DATASETS/CodecFake/train/F05_p326_113.wav,5
/USERSPACE/DATASETS/CodecFake/train/F05_SSB02990054.wav,5
/USERSPACE/DATASETS/CodecFake/train/F05_p318_235.wav,5
/USERSPACE/DATASETS/CodecFake/train/F05_SSB12530443.wav,5
/USERSPACE/DATASETS/CodecFake/train/F05_SSB08870462.wav,5
/USERSPACE/DATASETS/CodecFake/train/F05_p318_283.wav,5
/USERSPACE/DATASETS/CodecFake/train/F05_SSB06070176.wav,5
/USERSPACE/DATASETS/CodecFake/train/F05_SSB18630098.wav,5
/USERSPACE/DATASETS/CodecFake/train/F05_p267_246.wav,5
/USERSPACE/DATASETS/CodecFake/train/F05_SSB06290277.wav,5
/USERSPACE/DATASETS/CodecFake/train/F05_p345_170.wav,5
/USERSPACE/DATASETS/CodecFake/train/F05_SSB05700395.wav,5
/USERSPACE/DATASETS/CodecFake/train/F05_SSB01450073.wav,5
/USERSPACE/DATASETS/CodecFake/train/F05_SSB11100346.wav,5
/USERSPACE/DATASETS/CodecFake/train/F05_SSB06010208.wav,5
/USERSPACE/DATASETS/CodecFake/train/F05_p285_206.wav,5
/USERSPACE/DATASETS/CodecFake/train/F05_SSB07840170.wav,5
/USERSPACE/DATASETS/CodecFake/train/F05_p252_312.wav,5
/USERSPACE/DATASETS/CodecFake/train/F05_SSB06680461.wav,5
/USERSPACE/DATASETS/CodecFake/train/F05_SSB02460479.wav,5
/USERSPACE/DATASETS/CodecFake/train/F05_p339_240.wav,5
/USERSPACE/DATASETS/CodecFake/train/F05_SSB00160460.wav,5
/USERSPACE/DATASETS/CodecFake/train/F05_p347_067.wav,5
/USERSPACE/DATASETS/CodecFake/train/F05_SSB09870336.wav,5
/USERSPACE/DATASETS/CodecFake/train/F05_SSB00570197.wav,5
/USERSPACE/DATASETS/CodecFake/train/F05_p233_302.wav,5
/USERSPACE/DATASETS/CodecFake/train/F05_SSB16250328.wav,5
/USERSPACE/DATASETS/CodecFake/train/F05_SSB06930203.wav,5
/USERSPACE/DATASETS/CodecFake/train/F05_SSB09190346.wav,5
/USERSPACE/DATASETS/CodecFake/train/F05_SSB19390244.wav,5
/USERSPACE/DATASETS/CodecFake/train/F05_p273_129.wav,5
/USERSPACE/DATASETS/CodecFake/train/F05_SSB19180459.wav,5
/USERSPACE/DATASETS/CodecFake/train/F05_SSB11150395.wav,5
/USERSPACE/DATASETS/CodecFake/train/F05_p308_382.wav,5
/USERSPACE/DATASETS/CodecFake/train/F05_SSB03660502.wav,5
/USERSPACE/DATASETS/CodecFake/train/F05_p271_144.wav,5
/USERSPACE/DATASETS/CodecFake/train/F05_SSB13820145.wav,5
/USERSPACE/DATASETS/CodecFake/train/F05_SSB08870125.wav,5
/USERSPACE/DATASETS/CodecFake/train/F05_p284_055.wav,5
/USERSPACE/DATASETS/CodecFake/train/F05_p282_250.wav,5
/USERSPACE/DATASETS/CodecFake/train/F05_SSB11610265.wav,5
/USERSPACE/DATASETS/CodecFake/train/F05_SSB13770107.wav,5
/USERSPACE/DATASETS/CodecFake/train/F05_SSB00730108.wav,5
/USERSPACE/DATASETS/CodecFake/train/F05_p227_206.wav,5
/USERSPACE/DATASETS/CodecFake/train/F05_SSB18460116.wav,5
/USERSPACE/DATASETS/CodecFake/train/F05_SSB09350134.wav,5
/USERSPACE/DATASETS/CodecFake/train/F05_SSB09190278.wav,5
/USERSPACE/DATASETS/CodecFake/train/F05_SSB10200313.wav,5
/USERSPACE/DATASETS/CodecFake/train/F05_SSB07800089.wav,5
/USERSPACE/DATASETS/CodecFake/train/F05_SSB06060399.wav,5
/USERSPACE/DATASETS/CodecFake/train/F05_p269_035.wav,5
/USERSPACE/DATASETS/CodecFake/train/F05_p273_130.wav,5
/USERSPACE/DATASETS/CodecFake/train/F05_SSB05440300.wav,5
/USERSPACE/DATASETS/CodecFake/train/F05_p303_206.wav,5
/USERSPACE/DATASETS/CodecFake/train/F05_p334_092.wav,5
/USERSPACE/DATASETS/CodecFake/train/F05_p362_190.wav,5
/USERSPACE/DATASETS/CodecFake/train/F05_p302_081.wav,5
/USERSPACE/DATASETS/CodecFake/train/F05_p260_100.wav,5
/USERSPACE/DATASETS/CodecFake/train/F05_SSB00160208.wav,5
/USERSPACE/DATASETS/CodecFake/train/F05_SSB07460105.wav,5
/USERSPACE/DATASETS/CodecFake/train/F05_p266_007.wav,5
/USERSPACE/DATASETS/CodecFake/train/F05_SSB03150046.wav,5
/USERSPACE/DATASETS/CodecFake/train/F05_SSB00800186.wav,5
/USERSPACE/DATASETS/CodecFake/train/F05_SSB19020395.wav,5
/USERSPACE/DATASETS/CodecFake/train/F05_SSB16240389.wav,5
/USERSPACE/DATASETS/CodecFake/train/F05_SSB15930348.wav,5
/USERSPACE/DATASETS/CodecFake/train/F05_SSB07490197.wav,5
/USERSPACE/DATASETS/CodecFake/train/F05_SSB03940206.wav,5
/USERSPACE/DATASETS/CodecFake/train/F05_SSB06710061.wav,5
/USERSPACE/DATASETS/CodecFake/train/F05_SSB11380372.wav,5
/USERSPACE/DATASETS/CodecFake/train/F05_SSB03150224.wav,5
/USERSPACE/DATASETS/CodecFake/train/F05_p288_075.wav,5
/USERSPACE/DATASETS/CodecFake/train/F05_SSB06860109.wav,5
/USERSPACE/DATASETS/CodecFake/train/F05_p334_210.wav,5
/USERSPACE/DATASETS/CodecFake/train/F05_SSB05900475.wav,5
/USERSPACE/DATASETS/CodecFake/train/F05_SSB03390124.wav,5
/USERSPACE/DATASETS/CodecFake/train/F05_SSB01120166.wav,5
/USERSPACE/DATASETS/CodecFake/train/F05_SSB03410282.wav,5
/USERSPACE/DATASETS/CodecFake/train/F05_SSB10960463.wav,5
/USERSPACE/DATASETS/CodecFake/train/F05_SSB01970475.wav,5
/USERSPACE/DATASETS/CodecFake/train/F05_SSB08510006.wav,5
/USERSPACE/DATASETS/CodecFake/train/F05_SSB17820411.wav,5
/USERSPACE/DATASETS/CodecFake/train/F05_p313_184.wav,5
/USERSPACE/DATASETS/CodecFake/train/F05_p248_358.wav,5
/USERSPACE/DATASETS/CodecFake/train/F05_SSB01330148.wav,5
/USERSPACE/DATASETS/CodecFake/train/F05_SSB03380235.wav,5
/USERSPACE/DATASETS/CodecFake/train/F05_p335_208.wav,5
/USERSPACE/DATASETS/CodecFake/train/F05_SSB03940036.wav,5
/USERSPACE/DATASETS/CodecFake/train/F05_p249_313.wav,5
/USERSPACE/DATASETS/CodecFake/train/F05_SSB09870322.wav,5
/USERSPACE/DATASETS/CodecFake/train/F05_SSB00050412.wav,5
/USERSPACE/DATASETS/CodecFake/train/F05_SSB01390215.wav,5
/USERSPACE/DATASETS/CodecFake/train/F05_SSB18280064.wav,5
/USERSPACE/DATASETS/CodecFake/train/F05_SSB16700195.wav,5
/USERSPACE/DATASETS/CodecFake/train/F05_SSB08510322.wav,5
/USERSPACE/DATASETS/CodecFake/train/F05_SSB16250183.wav,5
/USERSPACE/DATASETS/CodecFake/train/F05_p345_174.wav,5
/USERSPACE/DATASETS/CodecFake/train/F05_SSB16500290.wav,5
/USERSPACE/DATASETS/CodecFake/train/F05_p257_331.wav,5
/USERSPACE/DATASETS/CodecFake/train/F05_SSB06290008.wav,5
/USERSPACE/DATASETS/CodecFake/train/F05_p253_249.wav,5
/USERSPACE/DATASETS/CodecFake/train/F05_SSB18780483.wav,5
/USERSPACE/DATASETS/CodecFake/train/F05_SSB00800134.wav,5
/USERSPACE/DATASETS/CodecFake/train/F05_SSB07460458.wav,5
/USERSPACE/DATASETS/CodecFake/train/F05_p308_152.wav,5
/USERSPACE/DATASETS/CodecFake/train/F05_SSB03380031.wav,5
/USERSPACE/DATASETS/CodecFake/train/F05_SSB07620117.wav,5
/USERSPACE/DATASETS/CodecFake/train/F05_p247_235.wav,5
/USERSPACE/DATASETS/CodecFake/train/F05_SSB03380475.wav,5
/USERSPACE/DATASETS/CodecFake/train/F05_SSB16250128.wav,5
/USERSPACE/DATASETS/CodecFake/train/F05_SSB15850350.wav,5
/USERSPACE/DATASETS/CodecFake/train/F05_SSB10550102.wav,5
/USERSPACE/DATASETS/CodecFake/train/F05_SSB14310381.wav,5
/USERSPACE/DATASETS/CodecFake/train/F05_p262_074.wav,5
/USERSPACE/DATASETS/CodecFake/train/F05_SSB16250497.wav,5
/USERSPACE/DATASETS/CodecFake/train/F05_SSB08220336.wav,5
/USERSPACE/DATASETS/CodecFake/train/F05_p329_122.wav,5
/USERSPACE/DATASETS/CodecFake/train/F05_p310_195.wav,5
/USERSPACE/DATASETS/CodecFake/train/F05_SSB07170510.wav,5
/USERSPACE/DATASETS/CodecFake/train/F05_SSB02880028.wav,5
/USERSPACE/DATASETS/CodecFake/train/F05_SSB15930007.wav,5
/USERSPACE/DATASETS/CodecFake/train/F05_SSB11760413.wav,5
/USERSPACE/DATASETS/CodecFake/train/F05_SSB12030252.wav,5
/USERSPACE/DATASETS/CodecFake/train/F05_SSB02880390.wav,5
/USERSPACE/DATASETS/CodecFake/train/F05_p238_130.wav,5
/USERSPACE/DATASETS/CodecFake/train/F05_SSB03540318.wav,5
/USERSPACE/DATASETS/CodecFake/train/F05_p265_286.wav,5
/USERSPACE/DATASETS/CodecFake/train/F05_SSB18090141.wav,5
/USERSPACE/DATASETS/CodecFake/train/F05_SSB11000264.wav,5
/USERSPACE/DATASETS/CodecFake/train/F05_SSB07480431.wav,5
/USERSPACE/DATASETS/CodecFake/train/F05_SSB04350155.wav,5
/USERSPACE/DATASETS/CodecFake/train/F05_SSB19560306.wav,5
/USERSPACE/DATASETS/CodecFake/train/F05_p228_150.wav,5
/USERSPACE/DATASETS/CodecFake/train/F05_SSB19390048.wav,5
/USERSPACE/DATASETS/CodecFake/train/F05_SSB03090257.wav,5
/USERSPACE/DATASETS/CodecFake/train/F05_SSB19390055.wav,5
/USERSPACE/DATASETS/CodecFake/train/F05_p303_253.wav,5
/USERSPACE/DATASETS/CodecFake/train/F05_SSB12150338.wav,5
/USERSPACE/DATASETS/CodecFake/train/F05_p312_107.wav,5
/USERSPACE/DATASETS/CodecFake/train/F05_p247_351.wav,5
/USERSPACE/DATASETS/CodecFake/train/F05_SSB06090044.wav,5
/USERSPACE/DATASETS/CodecFake/train/F05_p307_171.wav,5
/USERSPACE/DATASETS/CodecFake/train/F05_p239_159.wav,5
/USERSPACE/DATASETS/CodecFake/train/F05_SSB10550145.wav,5
/USERSPACE/DATASETS/CodecFake/train/F05_p244_307.wav,5
/USERSPACE/DATASETS/CodecFake/train/F05_SSB15930197.wav,5
/USERSPACE/DATASETS/CodecFake/train/F05_SSB01220156.wav,5
/USERSPACE/DATASETS/CodecFake/train/F05_SSB06930093.wav,5
/USERSPACE/DATASETS/CodecFake/train/F05_p351_194.wav,5
/USERSPACE/DATASETS/CodecFake/train/F05_SSB06320154.wav,5
/USERSPACE/DATASETS/CodecFake/train/F05_p270_008.wav,5
/USERSPACE/DATASETS/CodecFake/train/F05_p330_411.wav,5
/USERSPACE/DATASETS/CodecFake/train/F05_p361_377.wav,5
/USERSPACE/DATASETS/CodecFake/train/F05_SSB09190311.wav,5
/USERSPACE/DATASETS/CodecFake/train/F05_p294_050.wav,5
/USERSPACE/DATASETS/CodecFake/train/F05_SSB08170076.wav,5
/USERSPACE/DATASETS/CodecFake/train/F05_p304_220.wav,5
/USERSPACE/DATASETS/CodecFake/train/F05_SSB06070429.wav,5
/USERSPACE/DATASETS/CodecFake/train/F05_p318_175.wav,5
/USERSPACE/DATASETS/CodecFake/train/F05_SSB01330463.wav,5
/USERSPACE/DATASETS/CodecFake/train/F05_SSB17820113.wav,5
/USERSPACE/DATASETS/CodecFake/train/F05_SSB02410032.wav,5
/USERSPACE/DATASETS/CodecFake/train/F05_SSB00050468.wav,5
/USERSPACE/DATASETS/CodecFake/train/F05_SSB03800139.wav,5
/USERSPACE/DATASETS/CodecFake/train/F05_p236_472.wav,5
/USERSPACE/DATASETS/CodecFake/train/F05_SSB02990441.wav,5
/USERSPACE/DATASETS/CodecFake/train/F05_SSB07160175.wav,5
/USERSPACE/DATASETS/CodecFake/train/F05_SSB03380487.wav,5
/USERSPACE/DATASETS/CodecFake/train/F05_SSB18320012.wav,5
/USERSPACE/DATASETS/CodecFake/train/F05_SSB06140172.wav,5
/USERSPACE/DATASETS/CodecFake/train/F05_p269_104.wav,5
/USERSPACE/DATASETS/CodecFake/train/F05_SSB04150047.wav,5
/USERSPACE/DATASETS/CodecFake/train/F05_p287_349.wav,5
/USERSPACE/DATASETS/CodecFake/train/F05_SSB01970077.wav,5
/USERSPACE/DATASETS/CodecFake/train/F05_p347_176.wav,5
/USERSPACE/DATASETS/CodecFake/train/F05_SSB05650001.wav,5
/USERSPACE/DATASETS/CodecFake/train/F05_SSB04070262.wav,5
/USERSPACE/DATASETS/CodecFake/train/F05_SSB04340147.wav,5
/USERSPACE/DATASETS/CodecFake/train/F05_SSB09870391.wav,5
/USERSPACE/DATASETS/CodecFake/train/F05_SSB02730419.wav,5
/USERSPACE/DATASETS/CodecFake/train/F05_p253_081.wav,5
/USERSPACE/DATASETS/CodecFake/train/F05_SSB11250143.wav,5
/USERSPACE/DATASETS/CodecFake/train/F05_SSB02610487.wav,5
/USERSPACE/DATASETS/CodecFake/train/F05_SSB11250464.wav,5
/USERSPACE/DATASETS/CodecFake/train/F05_p259_350.wav,5
/USERSPACE/DATASETS/CodecFake/train/F05_p308_135.wav,5
/USERSPACE/DATASETS/CodecFake/train/F05_SSB19020022.wav,5
/USERSPACE/DATASETS/CodecFake/train/F05_p318_269.wav,5
/USERSPACE/DATASETS/CodecFake/train/F05_p286_433.wav,5
/USERSPACE/DATASETS/CodecFake/train/F05_p234_001.wav,5
/USERSPACE/DATASETS/CodecFake/train/F05_p225_352.wav,5
/USERSPACE/DATASETS/CodecFake/train/F05_p231_294.wav,5
/USERSPACE/DATASETS/CodecFake/train/F05_SSB05650050.wav,5
/USERSPACE/DATASETS/CodecFake/train/F05_SSB06230093.wav,5
/USERSPACE/DATASETS/CodecFake/train/F05_SSB18090045.wav,5
/USERSPACE/DATASETS/CodecFake/train/F05_p364_216.wav,5
/USERSPACE/DATASETS/CodecFake/train/F05_SSB13650426.wav,5
/USERSPACE/DATASETS/CodecFake/train/F05_p258_339.wav,5
/USERSPACE/DATASETS/CodecFake/train/F05_SSB06230212.wav,5
/USERSPACE/DATASETS/CodecFake/train/F05_SSB00120495.wav,5
/USERSPACE/DATASETS/CodecFake/train/F05_SSB09870036.wav,5
/USERSPACE/DATASETS/CodecFake/train/F05_p227_093.wav,5
/USERSPACE/DATASETS/CodecFake/train/F05_p374_027.wav,5
/USERSPACE/DATASETS/CodecFake/train/F05_p284_323.wav,5
/USERSPACE/DATASETS/CodecFake/train/F05_SSB09350295.wav,5
/USERSPACE/DATASETS/CodecFake/train/F05_SSB04340459.wav,5
/USERSPACE/DATASETS/CodecFake/train/F05_SSB06140193.wav,5
/USERSPACE/DATASETS/CodecFake/train/F05_SSB00090203.wav,5
/USERSPACE/DATASETS/CodecFake/train/F05_p268_344.wav,5
/USERSPACE/DATASETS/CodecFake/train/F05_p294_028.wav,5
/USERSPACE/DATASETS/CodecFake/train/F05_SSB07940441.wav,5
/USERSPACE/DATASETS/CodecFake/train/F05_p232_052.wav,5
/USERSPACE/DATASETS/CodecFake/train/F05_p345_119.wav,5
/USERSPACE/DATASETS/CodecFake/train/F05_SSB08710427.wav,5
/USERSPACE/DATASETS/CodecFake/train/F05_SSB00380126.wav,5
/USERSPACE/DATASETS/CodecFake/train/F05_SSB11610343.wav,5
/USERSPACE/DATASETS/CodecFake/train/F05_SSB11250236.wav,5
/USERSPACE/DATASETS/CodecFake/train/F05_SSB07510066.wav,5
/USERSPACE/DATASETS/CodecFake/train/F05_p266_094.wav,5
/USERSPACE/DATASETS/CodecFake/train/F05_SSB07600427.wav,5
/USERSPACE/DATASETS/CodecFake/train/F05_SSB04820061.wav,5
/USERSPACE/DATASETS/CodecFake/train/F05_SSB06660280.wav,5
/USERSPACE/DATASETS/CodecFake/train/F05_SSB18720221.wav,5
/USERSPACE/DATASETS/CodecFake/train/F05_SSB07000393.wav,5
/USERSPACE/DATASETS/CodecFake/train/F05_p260_089.wav,5
/USERSPACE/DATASETS/CodecFake/train/F05_SSB03410002.wav,5
/USERSPACE/DATASETS/CodecFake/train/F05_SSB19350201.wav,5
/USERSPACE/DATASETS/CodecFake/train/F05_SSB11250216.wav,5
/USERSPACE/DATASETS/CodecFake/train/F05_p282_282.wav,5
/USERSPACE/DATASETS/CodecFake/train/F05_SSB11360155.wav,5
/USERSPACE/DATASETS/CodecFake/train/F05_SSB08710438.wav,5
/USERSPACE/DATASETS/CodecFake/train/F05_SSB00330023.wav,5
/USERSPACE/DATASETS/CodecFake/train/F05_SSB01390471.wav,5
/USERSPACE/DATASETS/CodecFake/train/F05_p283_147.wav,5
/USERSPACE/DATASETS/CodecFake/train/F05_SSB03410130.wav,5
/USERSPACE/DATASETS/CodecFake/train/F05_SSB10550461.wav,5
/USERSPACE/DATASETS/CodecFake/train/F05_SSB17110441.wav,5
/USERSPACE/DATASETS/CodecFake/train/F05_SSB07110299.wav,5
/USERSPACE/DATASETS/CodecFake/train/F05_SSB07780370.wav,5
/USERSPACE/DATASETS/CodecFake/train/F05_SSB04350424.wav,5
/USERSPACE/DATASETS/CodecFake/train/F05_SSB17810360.wav,5
/USERSPACE/DATASETS/CodecFake/train/F05_p273_088.wav,5
/USERSPACE/DATASETS/CodecFake/train/F05_p343_011.wav,5
/USERSPACE/DATASETS/CodecFake/train/F05_SSB00730277.wav,5
/USERSPACE/DATASETS/CodecFake/train/F05_SSB13220218.wav,5
/USERSPACE/DATASETS/CodecFake/train/F05_SSB19350356.wav,5
/USERSPACE/DATASETS/CodecFake/train/F05_p237_018.wav,5
/USERSPACE/DATASETS/CodecFake/train/F05_p254_014.wav,5
/USERSPACE/DATASETS/CodecFake/train/F05_SSB18780022.wav,5
/USERSPACE/DATASETS/CodecFake/train/F05_SSB00380030.wav,5
/USERSPACE/DATASETS/CodecFake/train/F05_SSB13770094.wav,5
/USERSPACE/DATASETS/CodecFake/train/F05_SSB07510449.wav,5
/USERSPACE/DATASETS/CodecFake/train/F05_SSB13820376.wav,5
/USERSPACE/DATASETS/CodecFake/train/F05_p278_228.wav,5
/USERSPACE/DATASETS/CodecFake/train/F05_SSB16990332.wav,5
/USERSPACE/DATASETS/CodecFake/train/F05_SSB07580213.wav,5
/USERSPACE/DATASETS/CodecFake/train/F05_p310_178.wav,5
/USERSPACE/DATASETS/CodecFake/train/F05_p226_080.wav,5
/USERSPACE/DATASETS/CodecFake/train/F05_p232_213.wav,5
/USERSPACE/DATASETS/CodecFake/train/F05_SSB07160449.wav,5
/USERSPACE/DATASETS/CodecFake/train/F05_SSB10960227.wav,5
/USERSPACE/DATASETS/CodecFake/train/F05_SSB14080175.wav,5
/USERSPACE/DATASETS/CodecFake/train/F05_p285_234.wav,5
/USERSPACE/DATASETS/CodecFake/train/F05_SSB03940225.wav,5
/USERSPACE/DATASETS/CodecFake/train/F05_p351_387.wav,5
/USERSPACE/DATASETS/CodecFake/train/F05_p298_280.wav,5
/USERSPACE/DATASETS/CodecFake/train/F05_SSB13820322.wav,5
/USERSPACE/DATASETS/CodecFake/train/F05_SSB03930128.wav,5
/USERSPACE/DATASETS/CodecFake/train/F05_SSB18780025.wav,5
/USERSPACE/DATASETS/CodecFake/train/F05_SSB12210455.wav,5
/USERSPACE/DATASETS/CodecFake/train/F05_p312_041.wav,5
/USERSPACE/DATASETS/CodecFake/train/F05_SSB06930429.wav,5
/USERSPACE/DATASETS/CodecFake/train/F05_SSB02410442.wav,5
/USERSPACE/DATASETS/CodecFake/train/F05_SSB11360006.wav,5
/USERSPACE/DATASETS/CodecFake/train/F05_p234_263.wav,5
/USERSPACE/DATASETS/CodecFake/train/F05_SSB01490393.wav,5
/USERSPACE/DATASETS/CodecFake/train/F05_SSB05340020.wav,5
/USERSPACE/DATASETS/CodecFake/train/F05_SSB06710425.wav,5
/USERSPACE/DATASETS/CodecFake/train/F05_SSB01970023.wav,5
/USERSPACE/DATASETS/CodecFake/train/F05_SSB02870383.wav,5
/USERSPACE/DATASETS/CodecFake/train/F05_SSB12150444.wav,5
/USERSPACE/DATASETS/CodecFake/train/F05_SSB04070114.wav,5
/USERSPACE/DATASETS/CodecFake/train/F05_p276_251.wav,5
/USERSPACE/DATASETS/CodecFake/train/F05_p330_354.wav,5
/USERSPACE/DATASETS/CodecFake/train/F05_SSB03850237.wav,5
/USERSPACE/DATASETS/CodecFake/train/F05_p278_407.wav,5
/USERSPACE/DATASETS/CodecFake/train/F05_SSB06320084.wav,5
/USERSPACE/DATASETS/CodecFake/train/F05_SSB07000437.wav,5
/USERSPACE/DATASETS/CodecFake/train/F05_SSB06060125.wav,5
/USERSPACE/DATASETS/CodecFake/train/F05_SSB13990165.wav,5
/USERSPACE/DATASETS/CodecFake/train/F05_p284_156.wav,5
/USERSPACE/DATASETS/CodecFake/train/F05_SSB16500013.wav,5
/USERSPACE/DATASETS/CodecFake/train/F05_SSB00120029.wav,5
/USERSPACE/DATASETS/CodecFake/train/F05_SSB05990215.wav,5
/USERSPACE/DATASETS/CodecFake/train/F05_SSB07230362.wav,5
/USERSPACE/DATASETS/CodecFake/train/F05_p265_163.wav,5
/USERSPACE/DATASETS/CodecFake/train/F05_p250_058.wav,5
/USERSPACE/DATASETS/CodecFake/train/F05_SSB03150086.wav,5
/USERSPACE/DATASETS/CodecFake/train/F05_p264_495.wav,5
/USERSPACE/DATASETS/CodecFake/train/F05_SSB02610234.wav,5
/USERSPACE/DATASETS/CodecFake/train/F05_p311_359.wav,5
/USERSPACE/DATASETS/CodecFake/train/F05_p298_340.wav,5
/USERSPACE/DATASETS/CodecFake/train/F05_p292_114.wav,5
/USERSPACE/DATASETS/CodecFake/train/F05_SSB12740503.wav,5
/USERSPACE/DATASETS/CodecFake/train/F05_p307_112.wav,5
/USERSPACE/DATASETS/CodecFake/train/F05_p335_031.wav,5
/USERSPACE/DATASETS/CodecFake/train/F05_p283_031.wav,5
/USERSPACE/DATASETS/CodecFake/train/F05_SSB03800274.wav,5
/USERSPACE/DATASETS/CodecFake/train/F05_SSB04820377.wav,5
/USERSPACE/DATASETS/CodecFake/train/F05_p343_140.wav,5
/USERSPACE/DATASETS/CodecFake/train/F05_p341_382.wav,5
/USERSPACE/DATASETS/CodecFake/train/F05_p280_333.wav,5
/USERSPACE/DATASETS/CodecFake/train/F05_SSB09660027.wav,5
/USERSPACE/DATASETS/CodecFake/train/F05_p307_026.wav,5
/USERSPACE/DATASETS/CodecFake/train/F05_SSB00430362.wav,5
/USERSPACE/DATASETS/CodecFake/train/F05_SSB00180420.wav,5
/USERSPACE/DATASETS/CodecFake/train/F05_SSB15630105.wav,5
/USERSPACE/DATASETS/CodecFake/train/F05_p234_205.wav,5
/USERSPACE/DATASETS/CodecFake/train/F05_SSB06070188.wav,5
/USERSPACE/DATASETS/CodecFake/train/F05_SSB19020197.wav,5
/USERSPACE/DATASETS/CodecFake/train/F05_SSB07580424.wav,5
/USERSPACE/DATASETS/CodecFake/train/F05_SSB03230241.wav,5
/USERSPACE/DATASETS/CodecFake/train/F05_p238_085.wav,5
/USERSPACE/DATASETS/CodecFake/train/F05_p250_449.wav,5
/USERSPACE/DATASETS/CodecFake/train/F05_SSB10000427.wav,5
/USERSPACE/DATASETS/CodecFake/train/F05_p341_300.wav,5
/USERSPACE/DATASETS/CodecFake/train/F05_SSB03390023.wav,5
/USERSPACE/DATASETS/CodecFake/train/F05_p315_229.wav,5
/USERSPACE/DATASETS/CodecFake/train/F05_SSB00570437.wav,5
/USERSPACE/DATASETS/CodecFake/train/F05_SSB16250227.wav,5
/USERSPACE/DATASETS/CodecFake/train/F05_p261_002.wav,5
/USERSPACE/DATASETS/CodecFake/train/F05_SSB19180335.wav,5
/USERSPACE/DATASETS/CodecFake/train/F05_p286_189.wav,5
/USERSPACE/DATASETS/CodecFake/train/F05_SSB06710107.wav,5
/USERSPACE/DATASETS/CodecFake/train/F05_p292_394.wav,5
/USERSPACE/DATASETS/CodecFake/train/F05_SSB07230231.wav,5
/USERSPACE/DATASETS/CodecFake/train/F05_p252_050.wav,5
/USERSPACE/DATASETS/CodecFake/train/F05_SSB16840069.wav,5
/USERSPACE/DATASETS/CodecFake/train/F05_p252_390.wav,5
/USERSPACE/DATASETS/CodecFake/train/F05_SSB05340465.wav,5
/USERSPACE/DATASETS/CodecFake/train/F05_SSB10720463.wav,5
/USERSPACE/DATASETS/CodecFake/train/F05_SSB00120217.wav,5
/USERSPACE/DATASETS/CodecFake/train/F05_SSB03800328.wav,5
/USERSPACE/DATASETS/CodecFake/train/F05_p285_296.wav,5
/USERSPACE/DATASETS/CodecFake/train/F05_SSB02000119.wav,5
/USERSPACE/DATASETS/CodecFake/train/F05_p329_421.wav,5
/USERSPACE/DATASETS/CodecFake/train/F05_p243_235.wav,5
/USERSPACE/DATASETS/CodecFake/train/F05_SSB04260121.wav,5
/USERSPACE/DATASETS/CodecFake/train/F05_SSB04350335.wav,5
/USERSPACE/DATASETS/CodecFake/train/F05_SSB11610189.wav,5
/USERSPACE/DATASETS/CodecFake/train/F05_p271_392.wav,5
/USERSPACE/DATASETS/CodecFake/train/F05_SSB07620440.wav,5
/USERSPACE/DATASETS/CodecFake/train/F05_SSB07580032.wav,5
/USERSPACE/DATASETS/CodecFake/train/F05_SSB04340474.wav,5
/USERSPACE/DATASETS/CodecFake/train/F05_p360_327.wav,5
/USERSPACE/DATASETS/CodecFake/train/F05_p351_324.wav,5
/USERSPACE/DATASETS/CodecFake/train/F05_p374_271.wav,5
/USERSPACE/DATASETS/CodecFake/train/F05_p312_339.wav,5
/USERSPACE/DATASETS/CodecFake/train/F05_SSB12150165.wav,5
/USERSPACE/DATASETS/CodecFake/train/F05_SSB05940080.wav,5
/USERSPACE/DATASETS/CodecFake/train/F05_SSB03090254.wav,5
/USERSPACE/DATASETS/CodecFake/train/F05_SSB03410087.wav,5
/USERSPACE/DATASETS/CodecFake/train/F05_p265_343.wav,5
/USERSPACE/DATASETS/CodecFake/train/F05_SSB00800423.wav,5
/USERSPACE/DATASETS/CodecFake/train/F05_SSB07480012.wav,5
/USERSPACE/DATASETS/CodecFake/train/F05_SSB19020253.wav,5
/USERSPACE/DATASETS/CodecFake/train/F05_SSB15670234.wav,5
/USERSPACE/DATASETS/CodecFake/train/F05_SSB07940135.wav,5
/USERSPACE/DATASETS/CodecFake/train/F05_SSB09870359.wav,5
/USERSPACE/DATASETS/CodecFake/train/F05_p230_035.wav,5
/USERSPACE/DATASETS/CodecFake/train/F05_SSB00800001.wav,5
/USERSPACE/DATASETS/CodecFake/train/F05_SSB07580294.wav,5
/USERSPACE/DATASETS/CodecFake/train/F05_SSB18910395.wav,5
/USERSPACE/DATASETS/CodecFake/train/F05_SSB07200171.wav,5
/USERSPACE/DATASETS/CodecFake/train/F05_p301_176.wav,5
/USERSPACE/DATASETS/CodecFake/train/F05_p317_233.wav,5
/USERSPACE/DATASETS/CodecFake/train/F05_SSB00050114.wav,5
/USERSPACE/DATASETS/CodecFake/train/F05_SSB13850191.wav,5
/USERSPACE/DATASETS/CodecFake/train/F05_p233_097.wav,5
/USERSPACE/DATASETS/CodecFake/train/F05_p274_100.wav,5
/USERSPACE/DATASETS/CodecFake/train/F05_p270_294.wav,5
/USERSPACE/DATASETS/CodecFake/train/F05_SSB09870467.wav,5
/USERSPACE/DATASETS/CodecFake/train/F05_p237_161.wav,5
/USERSPACE/DATASETS/CodecFake/train/F05_p229_005.wav,5
/USERSPACE/DATASETS/CodecFake/train/F05_p248_080.wav,5
/USERSPACE/DATASETS/CodecFake/train/F05_p298_330.wav,5
/USERSPACE/DATASETS/CodecFake/train/F05_p260_320.wav,5
/USERSPACE/DATASETS/CodecFake/train/F05_p263_030.wav,5
/USERSPACE/DATASETS/CodecFake/train/F05_SSB01330457.wav,5
/USERSPACE/DATASETS/CodecFake/train/F05_SSB06230407.wav,5
/USERSPACE/DATASETS/CodecFake/train/F05_p284_068.wav,5
/USERSPACE/DATASETS/CodecFake/train/F05_SSB10500328.wav,5
/USERSPACE/DATASETS/CodecFake/train/F05_p304_064.wav,5
/USERSPACE/DATASETS/CodecFake/train/F05_p276_173.wav,5
/USERSPACE/DATASETS/CodecFake/train/F05_SSB04700147.wav,5
/USERSPACE/DATASETS/CodecFake/train/F05_SSB04260268.wav,5
/USERSPACE/DATASETS/CodecFake/train/F05_p316_152.wav,5
/USERSPACE/DATASETS/CodecFake/train/F05_SSB13020319.wav,5
/USERSPACE/DATASETS/CodecFake/train/F05_SSB03150115.wav,5
/USERSPACE/DATASETS/CodecFake/train/F05_SSB18910093.wav,5
/USERSPACE/DATASETS/CodecFake/train/F05_SSB07360419.wav,5
/USERSPACE/DATASETS/CodecFake/train/F05_p288_156.wav,5
/USERSPACE/DATASETS/CodecFake/train/F05_p269_209.wav,5
/USERSPACE/DATASETS/CodecFake/train/F05_SSB11080435.wav,5
/USERSPACE/DATASETS/CodecFake/train/F05_SSB11000408.wav,5
/USERSPACE/DATASETS/CodecFake/train/F05_p282_138.wav,5
/USERSPACE/DATASETS/CodecFake/train/F05_p259_265.wav,5
/USERSPACE/DATASETS/CodecFake/train/F05_SSB15850389.wav,5
/USERSPACE/DATASETS/CodecFake/train/F05_SSB07800066.wav,5
/USERSPACE/DATASETS/CodecFake/train/F05_SSB17110369.wav,5
/USERSPACE/DATASETS/CodecFake/train/F05_SSB06660202.wav,5
/USERSPACE/DATASETS/CodecFake/train/F05_p305_020.wav,5
/USERSPACE/DATASETS/CodecFake/train/F05_p247_120.wav,5
/USERSPACE/DATASETS/CodecFake/train/F05_SSB15750318.wav,5
/USERSPACE/DATASETS/CodecFake/train/F05_SSB00180013.wav,5
/USERSPACE/DATASETS/CodecFake/train/F05_p294_283.wav,5
/USERSPACE/DATASETS/CodecFake/train/F05_SSB03230141.wav,5
/USERSPACE/DATASETS/CodecFake/train/F05_SSB05340081.wav,5
/USERSPACE/DATASETS/CodecFake/train/F05_p228_109.wav,5
/USERSPACE/DATASETS/CodecFake/train/F05_SSB06310122.wav,5
/USERSPACE/DATASETS/CodecFake/train/F05_SSB11870106.wav,5
/USERSPACE/DATASETS/CodecFake/train/F05_SSB03090397.wav,5
/USERSPACE/DATASETS/CodecFake/train/F05_SSB10500439.wav,5
/USERSPACE/DATASETS/CodecFake/train/F05_SSB13410234.wav,5
/USERSPACE/DATASETS/CodecFake/train/F05_p308_194.wav,5
/USERSPACE/DATASETS/CodecFake/train/F05_p278_226.wav,5
/USERSPACE/DATASETS/CodecFake/train/F05_SSB02610425.wav,5
/USERSPACE/DATASETS/CodecFake/train/F05_SSB02460382.wav,5
/USERSPACE/DATASETS/CodecFake/train/F05_p314_237.wav,5
/USERSPACE/DATASETS/CodecFake/train/F05_p312_046.wav,5
/USERSPACE/DATASETS/CodecFake/train/F05_SSB01330221.wav,5
/USERSPACE/DATASETS/CodecFake/train/F05_p236_372.wav,5
/USERSPACE/DATASETS/CodecFake/train/F05_SSB07800195.wav,5
/USERSPACE/DATASETS/CodecFake/train/F05_SSB11970206.wav,5
/USERSPACE/DATASETS/CodecFake/train/F05_SSB03150093.wav,5
/USERSPACE/DATASETS/CodecFake/train/F05_SSB01930417.wav,5
/USERSPACE/DATASETS/CodecFake/train/F05_SSB19390458.wav,5
/USERSPACE/DATASETS/CodecFake/train/F05_SSB01930395.wav,5
/USERSPACE/DATASETS/CodecFake/train/F05_SSB16300136.wav,5
/USERSPACE/DATASETS/CodecFake/train/F05_SSB16240154.wav,5
/USERSPACE/DATASETS/CodecFake/train/F05_SSB13850170.wav,5
/USERSPACE/DATASETS/CodecFake/train/F05_SSB18910299.wav,5
/USERSPACE/DATASETS/CodecFake/train/F05_SSB09130095.wav,5
/USERSPACE/DATASETS/CodecFake/train/F05_SSB03940214.wav,5
/USERSPACE/DATASETS/CodecFake/train/F05_SSB11260335.wav,5
/USERSPACE/DATASETS/CodecFake/train/F05_SSB02610120.wav,5
/USERSPACE/DATASETS/CodecFake/train/F05_p273_211.wav,5
/USERSPACE/DATASETS/CodecFake/train/F05_p240_125.wav,5
/USERSPACE/DATASETS/CodecFake/train/F05_p318_405.wav,5
/USERSPACE/DATASETS/CodecFake/train/F05_SSB02460080.wav,5
/USERSPACE/DATASETS/CodecFake/train/F05_SSB04340456.wav,5
/USERSPACE/DATASETS/CodecFake/train/F05_SSB15850059.wav,5
/USERSPACE/DATASETS/CodecFake/train/F05_SSB03800497.wav,5
/USERSPACE/DATASETS/CodecFake/train/F05_SSB04350136.wav,5
/USERSPACE/DATASETS/CodecFake/train/F05_SSB17110437.wav,5
/USERSPACE/DATASETS/CodecFake/train/F05_SSB14520447.wav,5
/USERSPACE/DATASETS/CodecFake/train/F05_SSB03940419.wav,5
/USERSPACE/DATASETS/CodecFake/train/F05_SSB01970143.wav,5
/USERSPACE/DATASETS/CodecFake/train/F05_SSB04070221.wav,5
/USERSPACE/DATASETS/CodecFake/train/F05_SSB06090273.wav,5
/USERSPACE/DATASETS/CodecFake/train/F05_p304_309.wav,5
/USERSPACE/DATASETS/CodecFake/train/F05_p347_036.wav,5
/USERSPACE/DATASETS/CodecFake/train/F05_SSB05650158.wav,5
/USERSPACE/DATASETS/CodecFake/train/F05_p323_217.wav,5
/USERSPACE/DATASETS/CodecFake/train/F05_SSB06320240.wav,5
/USERSPACE/DATASETS/CodecFake/train/F05_SSB07020305.wav,5
/USERSPACE/DATASETS/CodecFake/train/F05_p363_285.wav,5
/USERSPACE/DATASETS/CodecFake/train/F05_SSB19350092.wav,5
/USERSPACE/DATASETS/CodecFake/train/F05_p260_161.wav,5
/USERSPACE/DATASETS/CodecFake/train/F05_SSB04340376.wav,5
/USERSPACE/DATASETS/CodecFake/train/F05_SSB00570367.wav,5
/USERSPACE/DATASETS/CodecFake/train/F05_p229_254.wav,5
/USERSPACE/DATASETS/CodecFake/train/F05_SSB04150425.wav,5
/USERSPACE/DATASETS/CodecFake/train/F05_SSB12210312.wav,5
/USERSPACE/DATASETS/CodecFake/train/F05_SSB10240077.wav,5
/USERSPACE/DATASETS/CodecFake/train/F05_SSB12190142.wav,5
/USERSPACE/DATASETS/CodecFake/train/F05_p240_369.wav,5
/USERSPACE/DATASETS/CodecFake/train/F05_SSB03940298.wav,5
/USERSPACE/DATASETS/CodecFake/train/F05_SSB13280198.wav,5
/USERSPACE/DATASETS/CodecFake/train/F05_SSB03820048.wav,5
/USERSPACE/DATASETS/CodecFake/train/F05_p310_096.wav,5
/USERSPACE/DATASETS/CodecFake/train/F05_SSB11100360.wav,5
/USERSPACE/DATASETS/CodecFake/train/F05_p268_069.wav,5
/USERSPACE/DATASETS/CodecFake/train/F05_p363_096.wav,5
/USERSPACE/DATASETS/CodecFake/train/F05_SSB05700085.wav,5
/USERSPACE/DATASETS/CodecFake/train/F05_SSB10720326.wav,5
/USERSPACE/DATASETS/CodecFake/train/F05_SSB01490048.wav,5
/USERSPACE/DATASETS/CodecFake/train/F05_SSB02610323.wav,5
/USERSPACE/DATASETS/CodecFake/train/F05_SSB07780062.wav,5
/USERSPACE/DATASETS/CodecFake/train/F05_SSB11610061.wav,5
/USERSPACE/DATASETS/CodecFake/train/F05_SSB17110389.wav,5
/USERSPACE/DATASETS/CodecFake/train/F05_SSB07800241.wav,5
/USERSPACE/DATASETS/CodecFake/train/F05_SSB07490294.wav,5
/USERSPACE/DATASETS/CodecFake/train/F05_SSB06860484.wav,5
/USERSPACE/DATASETS/CodecFake/train/F05_p288_166.wav,5
/USERSPACE/DATASETS/CodecFake/train/F05_SSB03950104.wav,5
/USERSPACE/DATASETS/CodecFake/train/F05_p311_411.wav,5
/USERSPACE/DATASETS/CodecFake/train/F05_SSB00160211.wav,5
/USERSPACE/DATASETS/CodecFake/train/F05_p257_297.wav,5
/USERSPACE/DATASETS/CodecFake/train/F05_SSB14020290.wav,5
/USERSPACE/DATASETS/CodecFake/train/F05_SSB11000258.wav,5
/USERSPACE/DATASETS/CodecFake/train/F05_SSB11870464.wav,5
/USERSPACE/DATASETS/CodecFake/train/F05_SSB06010196.wav,5
/USERSPACE/DATASETS/CodecFake/train/F05_SSB00090063.wav,5
/USERSPACE/DATASETS/CodecFake/train/F05_SSB01930455.wav,5
/USERSPACE/DATASETS/CodecFake/train/F05_SSB07230319.wav,5
/USERSPACE/DATASETS/CodecFake/train/F05_p244_214.wav,5
/USERSPACE/DATASETS/CodecFake/train/F05_SSB02870329.wav,5
/USERSPACE/DATASETS/CodecFake/train/F05_p226_079.wav,5
/USERSPACE/DATASETS/CodecFake/train/F05_p333_237.wav,5
/USERSPACE/DATASETS/CodecFake/train/F05_SSB01930241.wav,5
/USERSPACE/DATASETS/CodecFake/train/F05_p279_014.wav,5
/USERSPACE/DATASETS/CodecFake/train/F05_SSB07230285.wav,5
/USERSPACE/DATASETS/CodecFake/train/F05_p238_422.wav,5
/USERSPACE/DATASETS/CodecFake/train/F05_p237_079.wav,5
/USERSPACE/DATASETS/CodecFake/train/F05_p312_076.wav,5
/USERSPACE/DATASETS/CodecFake/train/F05_SSB05940343.wav,5
/USERSPACE/DATASETS/CodecFake/train/F05_p254_388.wav,5
/USERSPACE/DATASETS/CodecFake/train/F05_p252_135.wav,5
/USERSPACE/DATASETS/CodecFake/train/F05_SSB07360043.wav,5
/USERSPACE/DATASETS/CodecFake/train/F05_SSB11870019.wav,5
/USERSPACE/DATASETS/CodecFake/train/F05_SSB04150280.wav,5
/USERSPACE/DATASETS/CodecFake/train/F05_p273_414.wav,5
/USERSPACE/DATASETS/CodecFake/train/F05_SSB07800228.wav,5
/USERSPACE/DATASETS/CodecFake/train/F05_p267_155.wav,5
/USERSPACE/DATASETS/CodecFake/train/F05_SSB07020332.wav,5
/USERSPACE/DATASETS/CodecFake/train/F05_SSB10560481.wav,5
/USERSPACE/DATASETS/CodecFake/train/F05_SSB03940205.wav,5
/USERSPACE/DATASETS/CodecFake/train/F05_p306_063.wav,5
/USERSPACE/DATASETS/CodecFake/train/F05_SSB03940151.wav,5
/USERSPACE/DATASETS/CodecFake/train/F05_SSB07780289.wav,5
/USERSPACE/DATASETS/CodecFake/train/F05_SSB06090038.wav,5
/USERSPACE/DATASETS/CodecFake/train/F05_SSB06030249.wav,5
/USERSPACE/DATASETS/CodecFake/train/F05_p314_347.wav,5
/USERSPACE/DATASETS/CodecFake/train/F05_SSB06680162.wav,5
/USERSPACE/DATASETS/CodecFake/train/F05_SSB07840322.wav,5
/USERSPACE/DATASETS/CodecFake/train/F05_SSB07020032.wav,5
/USERSPACE/DATASETS/CodecFake/train/F05_p273_073.wav,5
/USERSPACE/DATASETS/CodecFake/train/F05_SSB12150082.wav,5
/USERSPACE/DATASETS/CodecFake/train/F05_SSB07110288.wav,5
/USERSPACE/DATASETS/CodecFake/train/F05_SSB18060389.wav,5
/USERSPACE/DATASETS/CodecFake/train/F05_SSB01330088.wav,5
/USERSPACE/DATASETS/CodecFake/train/F05_p250_009.wav,5
/USERSPACE/DATASETS/CodecFake/train/F05_SSB02730146.wav,5
/USERSPACE/DATASETS/CodecFake/train/F05_SSB15630315.wav,5
/USERSPACE/DATASETS/CodecFake/train/F05_SSB08220072.wav,5
/USERSPACE/DATASETS/CodecFake/train/F05_SSB12390071.wav,5
/USERSPACE/DATASETS/CodecFake/train/F05_p241_192.wav,5
/USERSPACE/DATASETS/CodecFake/train/F05_SSB03800319.wav,5
/USERSPACE/DATASETS/CodecFake/train/F05_SSB08170376.wav,5
/USERSPACE/DATASETS/CodecFake/train/F05_SSB10960424.wav,5
/USERSPACE/DATASETS/CodecFake/train/F05_SSB03090443.wav,5
/USERSPACE/DATASETS/CodecFake/train/F05_SSB07110308.wav,5
/USERSPACE/DATASETS/CodecFake/train/F05_p246_311.wav,5
/USERSPACE/DATASETS/CodecFake/train/F05_SSB06310290.wav,5
/USERSPACE/DATASETS/CodecFake/train/F05_SSB04820035.wav,5
/USERSPACE/DATASETS/CodecFake/train/F05_SSB03930462.wav,5
/USERSPACE/DATASETS/CodecFake/train/F05_SSB05900206.wav,5
/USERSPACE/DATASETS/CodecFake/train/F05_p376_134.wav,5
/USERSPACE/DATASETS/CodecFake/train/F05_p264_382.wav,5
/USERSPACE/DATASETS/CodecFake/train/F05_SSB06030104.wav,5
/USERSPACE/DATASETS/CodecFake/train/F05_p231_422.wav,5
/USERSPACE/DATASETS/CodecFake/train/F05_SSB11310195.wav,5
/USERSPACE/DATASETS/CodecFake/train/F05_p280_218.wav,5
/USERSPACE/DATASETS/CodecFake/train/F05_SSB16840409.wav,5
/USERSPACE/DATASETS/CodecFake/train/F05_SSB09150275.wav,5
/USERSPACE/DATASETS/CodecFake/train/F05_SSB11000295.wav,5
/USERSPACE/DATASETS/CodecFake/train/F05_SSB00380073.wav,5
/USERSPACE/DATASETS/CodecFake/train/F05_p334_104.wav,5
/USERSPACE/DATASETS/CodecFake/train/F05_SSB12190137.wav,5
/USERSPACE/DATASETS/CodecFake/train/F05_SSB00160489.wav,5
/USERSPACE/DATASETS/CodecFake/train/F05_p374_313.wav,5
/USERSPACE/DATASETS/CodecFake/train/F05_SSB07160137.wav,5
/USERSPACE/DATASETS/CodecFake/train/F05_p283_278.wav,5
/USERSPACE/DATASETS/CodecFake/train/F05_SSB19560442.wav,5
/USERSPACE/DATASETS/CodecFake/train/F05_SSB07360197.wav,5
/USERSPACE/DATASETS/CodecFake/train/F05_SSB10560483.wav,5
/USERSPACE/DATASETS/CodecFake/train/F05_p234_235.wav,5
/USERSPACE/DATASETS/CodecFake/train/F05_p374_122.wav,5
/USERSPACE/DATASETS/CodecFake/train/F05_p267_134.wav,5
/USERSPACE/DATASETS/CodecFake/train/F05_p250_039.wav,5
/USERSPACE/DATASETS/CodecFake/train/F05_SSB03380074.wav,5
/USERSPACE/DATASETS/CodecFake/train/F05_SSB03750026.wav,5
/USERSPACE/DATASETS/CodecFake/train/F05_SSB10720099.wav,5
/USERSPACE/DATASETS/CodecFake/train/F05_p284_130.wav,5
/USERSPACE/DATASETS/CodecFake/train/F05_p326_277.wav,5
/USERSPACE/DATASETS/CodecFake/train/F05_SSB02990428.wav,5
/USERSPACE/DATASETS/CodecFake/train/F05_p345_079.wav,5
/USERSPACE/DATASETS/CodecFake/train/F05_SSB13410122.wav,5
/USERSPACE/DATASETS/CodecFake/train/F05_p360_248.wav,5
/USERSPACE/DATASETS/CodecFake/train/F05_SSB10200286.wav,5
/USERSPACE/DATASETS/CodecFake/train/F05_SSB13280113.wav,5
/USERSPACE/DATASETS/CodecFake/train/F05_SSB16990288.wav,5
/USERSPACE/DATASETS/CodecFake/train/F05_SSB07160280.wav,5
/USERSPACE/DATASETS/CodecFake/train/F05_p244_261.wav,5
/USERSPACE/DATASETS/CodecFake/train/F05_SSB06090432.wav,5
/USERSPACE/DATASETS/CodecFake/train/F05_p233_229.wav,5
/USERSPACE/DATASETS/CodecFake/train/F05_SSB10640036.wav,5
/USERSPACE/DATASETS/CodecFake/train/F05_p254_272.wav,5
/USERSPACE/DATASETS/CodecFake/train/F05_SSB18630329.wav,5
/USERSPACE/DATASETS/CodecFake/train/F05_p299_191.wav,5
/USERSPACE/DATASETS/CodecFake/train/F05_SSB12390286.wav,5
/USERSPACE/DATASETS/CodecFake/train/F05_SSB05390406.wav,5
/USERSPACE/DATASETS/CodecFake/train/F05_p232_250.wav,5
/USERSPACE/DATASETS/CodecFake/train/F05_SSB10080104.wav,5
/USERSPACE/DATASETS/CodecFake/train/F05_SSB04340159.wav,5
/USERSPACE/DATASETS/CodecFake/train/F05_SSB04270114.wav,5
/USERSPACE/DATASETS/CodecFake/train/F05_p299_256.wav,5
/USERSPACE/DATASETS/CodecFake/train/F05_SSB07860082.wav,5
/USERSPACE/DATASETS/CodecFake/train/F05_SSB01930069.wav,5
/USERSPACE/DATASETS/CodecFake/train/F05_SSB00730326.wav,5
/USERSPACE/DATASETS/CodecFake/train/F05_p341_378.wav,5
/USERSPACE/DATASETS/CodecFake/train/F05_SSB15930318.wav,5
/USERSPACE/DATASETS/CodecFake/train/F05_SSB07100306.wav,5
/USERSPACE/DATASETS/CodecFake/train/F05_SSB15930079.wav,5
/USERSPACE/DATASETS/CodecFake/train/F05_p227_345.wav,5
/USERSPACE/DATASETS/CodecFake/train/F05_SSB06320401.wav,5
/USERSPACE/DATASETS/CodecFake/train/F05_p285_008.wav,5
/USERSPACE/DATASETS/CodecFake/train/F05_SSB05020286.wav,5
/USERSPACE/DATASETS/CodecFake/train/F05_SSB13660156.wav,5
/USERSPACE/DATASETS/CodecFake/train/F05_p246_170.wav,5
/USERSPACE/DATASETS/CodecFake/train/F05_SSB10020096.wav,5
/USERSPACE/DATASETS/CodecFake/train/F05_SSB16070151.wav,5
/USERSPACE/DATASETS/CodecFake/train/F05_SSB16500443.wav,5
/USERSPACE/DATASETS/CodecFake/train/F05_SSB09930223.wav,5
/USERSPACE/DATASETS/CodecFake/train/F05_p239_320.wav,5
/USERSPACE/DATASETS/CodecFake/train/F05_SSB19020265.wav,5
/USERSPACE/DATASETS/CodecFake/train/F05_p253_047.wav,5
/USERSPACE/DATASETS/CodecFake/train/F05_p301_285.wav,5
/USERSPACE/DATASETS/CodecFake/train/F05_SSB17280194.wav,5
/USERSPACE/DATASETS/CodecFake/train/F05_SSB07780217.wav,5
/USERSPACE/DATASETS/CodecFake/train/F05_p274_201.wav,5
/USERSPACE/DATASETS/CodecFake/train/F05_SSB06660401.wav,5
/USERSPACE/DATASETS/CodecFake/train/F05_p334_160.wav,5
/USERSPACE/DATASETS/CodecFake/train/F05_p274_277.wav,5
/USERSPACE/DATASETS/CodecFake/train/F05_SSB08090434.wav,5
/USERSPACE/DATASETS/CodecFake/train/F05_p287_153.wav,5
/USERSPACE/DATASETS/CodecFake/train/F05_SSB09870365.wav,5
/USERSPACE/DATASETS/CodecFake/train/F05_p279_162.wav,5
/USERSPACE/DATASETS/CodecFake/train/F05_SSB16860214.wav,5
/USERSPACE/DATASETS/CodecFake/train/F05_SSB13770346.wav,5
/USERSPACE/DATASETS/CodecFake/train/F05_p266_262.wav,5
/USERSPACE/DATASETS/CodecFake/train/F05_p239_206.wav,5
/USERSPACE/DATASETS/CodecFake/train/F05_p265_247.wav,5
/USERSPACE/DATASETS/CodecFake/train/F05_SSB00570294.wav,5
/USERSPACE/DATASETS/CodecFake/train/F05_SSB07940117.wav,5
/USERSPACE/DATASETS/CodecFake/train/F05_SSB00050238.wav,5
/USERSPACE/DATASETS/CodecFake/train/F05_p252_260.wav,5
/USERSPACE/DATASETS/CodecFake/train/F05_SSB07100190.wav,5
/USERSPACE/DATASETS/CodecFake/train/F05_SSB18100136.wav,5
/USERSPACE/DATASETS/CodecFake/train/F05_p274_296.wav,5
/USERSPACE/DATASETS/CodecFake/train/F05_p339_321.wav,5
/USERSPACE/DATASETS/CodecFake/train/F05_SSB07230385.wav,5
/USERSPACE/DATASETS/CodecFake/train/F05_SSB05700145.wav,5
/USERSPACE/DATASETS/CodecFake/train/F05_SSB09350132.wav,5
/USERSPACE/DATASETS/CodecFake/train/F05_p308_162.wav,5
/USERSPACE/DATASETS/CodecFake/train/F05_SSB19020185.wav,5
/USERSPACE/DATASETS/CodecFake/train/F05_SSB02410108.wav,5
/USERSPACE/DATASETS/CodecFake/train/F05_SSB06090133.wav,5
/USERSPACE/DATASETS/CodecFake/train/F05_SSB04270240.wav,5
/USERSPACE/DATASETS/CodecFake/train/F05_SSB09970348.wav,5
/USERSPACE/DATASETS/CodecFake/train/F05_SSB02460458.wav,5
/USERSPACE/DATASETS/CodecFake/train/F05_p271_167.wav,5
/USERSPACE/DATASETS/CodecFake/train/F05_SSB05990441.wav,5
/USERSPACE/DATASETS/CodecFake/train/F05_SSB18720073.wav,5
/USERSPACE/DATASETS/CodecFake/train/F05_SSB10960500.wav,5
/USERSPACE/DATASETS/CodecFake/train/F05_SSB00050084.wav,5
/USERSPACE/DATASETS/CodecFake/train/F05_SSB05340430.wav,5
/USERSPACE/DATASETS/CodecFake/train/F05_SSB03090063.wav,5
/USERSPACE/DATASETS/CodecFake/train/F05_SSB07000435.wav,5
/USERSPACE/DATASETS/CodecFake/train/F05_SSB19390040.wav,5
/USERSPACE/DATASETS/CodecFake/train/F05_SSB05780472.wav,5
/USERSPACE/DATASETS/CodecFake/train/F05_p310_215.wav,5
/USERSPACE/DATASETS/CodecFake/train/F05_p285_028.wav,5
/USERSPACE/DATASETS/CodecFake/train/F05_SSB02000395.wav,5
/USERSPACE/DATASETS/CodecFake/train/F05_p287_306.wav,5
/USERSPACE/DATASETS/CodecFake/train/F05_SSB07800086.wav,5
/USERSPACE/DATASETS/CodecFake/train/F05_SSB11250409.wav,5
/USERSPACE/DATASETS/CodecFake/train/F05_SSB15930412.wav,5
/USERSPACE/DATASETS/CodecFake/train/F05_SSB13020304.wav,5
/USERSPACE/DATASETS/CodecFake/train/F05_SSB10200143.wav,5
/USERSPACE/DATASETS/CodecFake/train/F05_SSB05350435.wav,5
/USERSPACE/DATASETS/CodecFake/train/F05_SSB07460400.wav,5
/USERSPACE/DATASETS/CodecFake/train/F05_p323_282.wav,5
/USERSPACE/DATASETS/CodecFake/train/F05_p339_172.wav,5
/USERSPACE/DATASETS/CodecFake/train/F05_SSB01970463.wav,5
/USERSPACE/DATASETS/CodecFake/train/F05_SSB18630471.wav,5
/USERSPACE/DATASETS/CodecFake/train/F05_SSB06860177.wav,5
/USERSPACE/DATASETS/CodecFake/train/F05_p259_247.wav,5
/USERSPACE/DATASETS/CodecFake/train/F05_p233_179.wav,5
/USERSPACE/DATASETS/CodecFake/train/F05_SSB17450468.wav,5
/USERSPACE/DATASETS/CodecFake/train/F05_p264_322.wav,5
/USERSPACE/DATASETS/CodecFake/train/F05_SSB11080017.wav,5
/USERSPACE/DATASETS/CodecFake/train/F05_SSB13200190.wav,5
/USERSPACE/DATASETS/CodecFake/train/F05_SSB12180058.wav,5
/USERSPACE/DATASETS/CodecFake/train/F05_SSB12740337.wav,5
/USERSPACE/DATASETS/CodecFake/train/F05_SSB02870130.wav,5
/USERSPACE/DATASETS/CodecFake/train/F05_p273_288.wav,5
/USERSPACE/DATASETS/CodecFake/train/F05_SSB05440066.wav,5
/USERSPACE/DATASETS/CodecFake/train/F05_SSB01450343.wav,5
/USERSPACE/DATASETS/CodecFake/train/F05_SSB03230271.wav,5
/USERSPACE/DATASETS/CodecFake/train/F05_SSB02670304.wav,5
/USERSPACE/DATASETS/CodecFake/train/F05_SSB06070152.wav,5
/USERSPACE/DATASETS/CodecFake/train/F05_p240_057.wav,5
/USERSPACE/DATASETS/CodecFake/train/F05_p286_338.wav,5
/USERSPACE/DATASETS/CodecFake/train/F05_SSB12740463.wav,5
/USERSPACE/DATASETS/CodecFake/train/F05_SSB07940239.wav,5
/USERSPACE/DATASETS/CodecFake/train/F05_p313_382.wav,5
/USERSPACE/DATASETS/CodecFake/train/F05_p227_072.wav,5
/USERSPACE/DATASETS/CodecFake/train/F05_p234_245.wav,5
/USERSPACE/DATASETS/CodecFake/train/F05_SSB18090163.wav,5
/USERSPACE/DATASETS/CodecFake/train/F05_SSB03380321.wav,5
/USERSPACE/DATASETS/CodecFake/train/F05_SSB11360242.wav,5
/USERSPACE/DATASETS/CodecFake/train/F05_p326_340.wav,5
/USERSPACE/DATASETS/CodecFake/train/F05_p244_317.wav,5
/USERSPACE/DATASETS/CodecFake/train/F05_SSB03930093.wav,5
/USERSPACE/DATASETS/CodecFake/train/F05_SSB07800113.wav,5
/USERSPACE/DATASETS/CodecFake/train/F05_p256_131.wav,5
/USERSPACE/DATASETS/CodecFake/train/F05_SSB07580472.wav,5
/USERSPACE/DATASETS/CodecFake/train/F05_p293_129.wav,5
/USERSPACE/DATASETS/CodecFake/train/F05_p231_472.wav,5
/USERSPACE/DATASETS/CodecFake/train/F05_p236_058.wav,5
/USERSPACE/DATASETS/CodecFake/train/F05_p286_097.wav,5
/USERSPACE/DATASETS/CodecFake/train/F05_SSB07600296.wav,5
/USERSPACE/DATASETS/CodecFake/train/F05_SSB06680181.wav,5
/USERSPACE/DATASETS/CodecFake/train/F05_SSB02870148.wav,5
/USERSPACE/DATASETS/CodecFake/train/F05_SSB13280341.wav,5
/USERSPACE/DATASETS/CodecFake/train/F05_p333_240.wav,5
/USERSPACE/DATASETS/CodecFake/train/F05_SSB16500221.wav,5
/USERSPACE/DATASETS/CodecFake/train/F05_p295_209.wav,5
/USERSPACE/DATASETS/CodecFake/train/F05_p318_172.wav,5
/USERSPACE/DATASETS/CodecFake/train/F05_p295_207.wav,5
/USERSPACE/DATASETS/CodecFake/train/F05_SSB06290121.wav,5
/USERSPACE/DATASETS/CodecFake/train/F05_p245_115.wav,5
/USERSPACE/DATASETS/CodecFake/train/F05_SSB13820119.wav,5
/USERSPACE/DATASETS/CodecFake/train/F05_p245_297.wav,5
/USERSPACE/DATASETS/CodecFake/train/F05_SSB07600028.wav,5
/USERSPACE/DATASETS/CodecFake/train/F05_SSB06930214.wav,5
/USERSPACE/DATASETS/CodecFake/train/F05_SSB02460027.wav,5
/USERSPACE/DATASETS/CodecFake/train/F05_p298_062.wav,5
/USERSPACE/DATASETS/CodecFake/train/F05_p277_128.wav,5
/USERSPACE/DATASETS/CodecFake/train/F05_SSB10720147.wav,5
/USERSPACE/DATASETS/CodecFake/train/F05_SSB11360164.wav,5
/USERSPACE/DATASETS/CodecFake/train/F05_SSB05650408.wav,5
/USERSPACE/DATASETS/CodecFake/train/F05_SSB18280021.wav,5
/USERSPACE/DATASETS/CodecFake/train/F05_SSB11360023.wav,5
/USERSPACE/DATASETS/CodecFake/train/F05_SSB10720040.wav,5
/USERSPACE/DATASETS/CodecFake/train/F05_SSB19020478.wav,5
/USERSPACE/DATASETS/CodecFake/train/F05_SSB05940440.wav,5
/USERSPACE/DATASETS/CodecFake/train/F05_SSB06090189.wav,5
/USERSPACE/DATASETS/CodecFake/train/F05_SSB15670236.wav,5
/USERSPACE/DATASETS/CodecFake/train/F05_SSB05350220.wav,5
/USERSPACE/DATASETS/CodecFake/train/F05_p272_247.wav,5
/USERSPACE/DATASETS/CodecFake/train/F05_SSB19020208.wav,5
/USERSPACE/DATASETS/CodecFake/train/F05_SSB19350087.wav,5
/USERSPACE/DATASETS/CodecFake/train/F05_SSB07840179.wav,5
/USERSPACE/DATASETS/CodecFake/train/F05_p333_225.wav,5
/USERSPACE/DATASETS/CodecFake/train/F05_p323_400.wav,5
/USERSPACE/DATASETS/CodecFake/train/F05_SSB07620460.wav,5
/USERSPACE/DATASETS/CodecFake/train/F05_SSB00730192.wav,5
/USERSPACE/DATASETS/CodecFake/train/F05_SSB07510347.wav,5
/USERSPACE/DATASETS/CodecFake/train/F05_SSB10010065.wav,5
/USERSPACE/DATASETS/CodecFake/train/F05_SSB03750162.wav,5
/USERSPACE/DATASETS/CodecFake/train/F05_p339_087.wav,5
/USERSPACE/DATASETS/CodecFake/train/F05_SSB01120327.wav,5
/USERSPACE/DATASETS/CodecFake/train/F05_SSB07000364.wav,5
/USERSPACE/DATASETS/CodecFake/train/F05_SSB13850422.wav,5
/USERSPACE/DATASETS/CodecFake/train/F05_p245_033.wav,5
/USERSPACE/DATASETS/CodecFake/train/F05_p229_271.wav,5
/USERSPACE/DATASETS/CodecFake/train/F05_SSB13930263.wav,5
/USERSPACE/DATASETS/CodecFake/train/F05_SSB11870387.wav,5
/USERSPACE/DATASETS/CodecFake/train/F05_p351_135.wav,5
/USERSPACE/DATASETS/CodecFake/train/F05_SSB14570389.wav,5
/USERSPACE/DATASETS/CodecFake/train/F05_SSB04820054.wav,5
/USERSPACE/DATASETS/CodecFake/train/F05_SSB18280471.wav,5
/USERSPACE/DATASETS/CodecFake/train/F05_SSB00800175.wav,5
/USERSPACE/DATASETS/CodecFake/train/F05_p257_300.wav,5
/USERSPACE/DATASETS/CodecFake/train/F05_SSB10960437.wav,5
/USERSPACE/DATASETS/CodecFake/train/F05_SSB03750138.wav,5
/USERSPACE/DATASETS/CodecFake/train/F05_SSB06060030.wav,5
/USERSPACE/DATASETS/CodecFake/train/F05_p361_293.wav,5
/USERSPACE/DATASETS/CodecFake/train/F05_p258_353.wav,5
/USERSPACE/DATASETS/CodecFake/train/F05_SSB00050403.wav,5
/USERSPACE/DATASETS/CodecFake/train/F05_p251_116.wav,5
/USERSPACE/DATASETS/CodecFake/train/F05_SSB06060397.wav,5
/USERSPACE/DATASETS/CodecFake/train/F05_p270_283.wav,5
/USERSPACE/DATASETS/CodecFake/train/F05_SSB06860504.wav,5
/USERSPACE/DATASETS/CodecFake/train/F05_SSB16250090.wav,5
/USERSPACE/DATASETS/CodecFake/train/F05_p277_460.wav,5
/USERSPACE/DATASETS/CodecFake/train/F05_SSB00050401.wav,5
/USERSPACE/DATASETS/CodecFake/train/F05_SSB01930472.wav,5
/USERSPACE/DATASETS/CodecFake/train/F05_SSB10560107.wav,5
/USERSPACE/DATASETS/CodecFake/train/F05_SSB19020044.wav,5
/USERSPACE/DATASETS/CodecFake/train/F05_SSB18310025.wav,5
/USERSPACE/DATASETS/CodecFake/train/F05_p275_096.wav,5
/USERSPACE/DATASETS/CodecFake/train/F05_p360_128.wav,5
/USERSPACE/DATASETS/CodecFake/train/F05_p267_062.wav,5
/USERSPACE/DATASETS/CodecFake/train/F05_SSB10200226.wav,5
/USERSPACE/DATASETS/CodecFake/train/F05_SSB07020501.wav,5
/USERSPACE/DATASETS/CodecFake/train/F05_p333_290.wav,5
/USERSPACE/DATASETS/CodecFake/train/F05_SSB00730458.wav,5
/USERSPACE/DATASETS/CodecFake/train/F05_SSB07000219.wav,5
/USERSPACE/DATASETS/CodecFake/train/F05_SSB08170202.wav,5
/USERSPACE/DATASETS/CodecFake/train/F05_SSB11250172.wav,5
/USERSPACE/DATASETS/CodecFake/train/F05_p336_365.wav,5
/USERSPACE/DATASETS/CodecFake/train/F05_SSB07230250.wav,5
/USERSPACE/DATASETS/CodecFake/train/F05_SSB12210159.wav,5
/USERSPACE/DATASETS/CodecFake/train/F05_SSB00090327.wav,5
/USERSPACE/DATASETS/CodecFake/train/F05_SSB07170125.wav,5
/USERSPACE/DATASETS/CodecFake/train/F05_SSB04150132.wav,5
/USERSPACE/DATASETS/CodecFake/train/F05_p306_167.wav,5
/USERSPACE/DATASETS/CodecFake/train/F05_p228_292.wav,5
/USERSPACE/DATASETS/CodecFake/train/F05_SSB17390174.wav,5
/USERSPACE/DATASETS/CodecFake/train/F05_p298_234.wav,5
/USERSPACE/DATASETS/CodecFake/train/F05_p244_287.wav,5
/USERSPACE/DATASETS/CodecFake/train/F05_SSB13410454.wav,5
/USERSPACE/DATASETS/CodecFake/train/F05_SSB01930080.wav,5
/USERSPACE/DATASETS/CodecFake/train/F05_p351_340.wav,5
/USERSPACE/DATASETS/CodecFake/train/F05_p310_187.wav,5
/USERSPACE/DATASETS/CodecFake/train/F05_SSB16990081.wav,5
/USERSPACE/DATASETS/CodecFake/train/F05_SSB07860028.wav,5
/USERSPACE/DATASETS/CodecFake/train/F05_SSB03750242.wav,5
/USERSPACE/DATASETS/CodecFake/train/F05_SSB07000087.wav,5
/USERSPACE/DATASETS/CodecFake/train/F05_SSB11100139.wav,5
/USERSPACE/DATASETS/CodecFake/train/F05_SSB01390204.wav,5
/USERSPACE/DATASETS/CodecFake/train/F05_p310_300.wav,5
/USERSPACE/DATASETS/CodecFake/train/F05_SSB18280201.wav,5
/USERSPACE/DATASETS/CodecFake/train/F05_SSB02880069.wav,5
/USERSPACE/DATASETS/CodecFake/train/F05_p341_120.wav,5
/USERSPACE/DATASETS/CodecFake/train/F05_SSB11260164.wav,5
/USERSPACE/DATASETS/CodecFake/train/F05_SSB10080176.wav,5
/USERSPACE/DATASETS/CodecFake/train/F05_SSB10000465.wav,5
/USERSPACE/DATASETS/CodecFake/train/F05_p252_046.wav,5
/USERSPACE/DATASETS/CodecFake/train/F05_p278_233.wav,5
/USERSPACE/DATASETS/CodecFake/train/F05_SSB08870116.wav,5
/USERSPACE/DATASETS/CodecFake/train/F05_SSB06030389.wav,5
/USERSPACE/DATASETS/CodecFake/train/F05_SSB15630167.wav,5
/USERSPACE/DATASETS/CodecFake/train/F05_p280_105.wav,5
/USERSPACE/DATASETS/CodecFake/train/F05_p310_146.wav,5
/USERSPACE/DATASETS/CodecFake/train/F05_SSB15930375.wav,5
/USERSPACE/DATASETS/CodecFake/train/F05_SSB19020206.wav,5
/USERSPACE/DATASETS/CodecFake/train/F05_p314_050.wav,5
/USERSPACE/DATASETS/CodecFake/train/F05_SSB18370365.wav,5
/USERSPACE/DATASETS/CodecFake/train/F05_SSB08870395.wav,5
/USERSPACE/DATASETS/CodecFake/train/F05_SSB07580197.wav,5
/USERSPACE/DATASETS/CodecFake/train/F05_p292_105.wav,5
/USERSPACE/DATASETS/CodecFake/train/F05_p300_025.wav,5
/USERSPACE/DATASETS/CodecFake/train/F05_SSB05340226.wav,5
/USERSPACE/DATASETS/CodecFake/train/F05_SSB18630323.wav,5
/USERSPACE/DATASETS/CodecFake/train/F05_SSB09350360.wav,5
/USERSPACE/DATASETS/CodecFake/train/F05_p323_077.wav,5
/USERSPACE/DATASETS/CodecFake/train/F05_p233_008.wav,5
/USERSPACE/DATASETS/CodecFake/train/F05_p275_164.wav,5
/USERSPACE/DATASETS/CodecFake/train/F05_SSB01970240.wav,5
/USERSPACE/DATASETS/CodecFake/train/F05_SSB12390102.wav,5
/USERSPACE/DATASETS/CodecFake/train/F05_SSB03230207.wav,5
/USERSPACE/DATASETS/CodecFake/train/F05_SSB07940269.wav,5
/USERSPACE/DATASETS/CodecFake/train/F05_SSB14570299.wav,5
/USERSPACE/DATASETS/CodecFake/train/F05_p329_031.wav,5
/USERSPACE/DATASETS/CodecFake/train/F05_p270_419.wav,5
/USERSPACE/DATASETS/CodecFake/train/F05_SSB18630050.wav,5
/USERSPACE/DATASETS/CodecFake/train/F05_SSB02670084.wav,5
/USERSPACE/DATASETS/CodecFake/train/F05_p270_232.wav,5
/USERSPACE/DATASETS/CodecFake/train/F05_p239_192.wav,5
/USERSPACE/DATASETS/CodecFake/train/F05_SSB18780156.wav,5
/USERSPACE/DATASETS/CodecFake/train/F05_SSB05650185.wav,5
/USERSPACE/DATASETS/CodecFake/train/F05_SSB03850134.wav,5
/USERSPACE/DATASETS/CodecFake/train/F05_SSB03150058.wav,5
/USERSPACE/DATASETS/CodecFake/train/F05_SSB05780237.wav,5
/USERSPACE/DATASETS/CodecFake/train/F05_p275_330.wav,5
/USERSPACE/DATASETS/CodecFake/train/F05_SSB05700373.wav,5
/USERSPACE/DATASETS/CodecFake/train/F05_SSB11610005.wav,5
/USERSPACE/DATASETS/CodecFake/train/F05_p329_374.wav,5
/USERSPACE/DATASETS/CodecFake/train/F05_SSB01220331.wav,5
/USERSPACE/DATASETS/CodecFake/train/F05_p269_144.wav,5
/USERSPACE/DATASETS/CodecFake/train/F05_p231_111.wav,5
/USERSPACE/DATASETS/CodecFake/train/F05_SSB05650330.wav,5
/USERSPACE/DATASETS/CodecFake/train/F05_p308_091.wav,5
/USERSPACE/DATASETS/CodecFake/train/F05_p229_144.wav,5
/USERSPACE/DATASETS/CodecFake/train/F05_SSB18910270.wav,5
/USERSPACE/DATASETS/CodecFake/train/F05_p310_201.wav,5
/USERSPACE/DATASETS/CodecFake/train/F05_SSB08510234.wav,5
/USERSPACE/DATASETS/CodecFake/train/F05_p231_242.wav,5
/USERSPACE/DATASETS/CodecFake/train/F05_SSB05650245.wav,5
/USERSPACE/DATASETS/CodecFake/train/F05_SSB09930441.wav,5
/USERSPACE/DATASETS/CodecFake/train/F05_SSB14520120.wav,5
/USERSPACE/DATASETS/CodecFake/train/F05_SSB13820380.wav,5
/USERSPACE/DATASETS/CodecFake/train/F05_p254_293.wav,5
/USERSPACE/DATASETS/CodecFake/train/F05_p237_125.wav,5
/USERSPACE/DATASETS/CodecFake/train/F05_SSB15750322.wav,5
/USERSPACE/DATASETS/CodecFake/train/F05_p227_251.wav,5
/USERSPACE/DATASETS/CodecFake/train/F05_p262_146.wav,5
/USERSPACE/DATASETS/CodecFake/train/F05_SSB18100353.wav,5
/USERSPACE/DATASETS/CodecFake/train/F05_p361_374.wav,5
/USERSPACE/DATASETS/CodecFake/train/F05_SSB07110352.wav,5
/USERSPACE/DATASETS/CodecFake/train/F05_SSB03940213.wav,5
/USERSPACE/DATASETS/CodecFake/train/F05_SSB02880303.wav,5
/USERSPACE/DATASETS/CodecFake/train/F05_SSB04150173.wav,5
/USERSPACE/DATASETS/CodecFake/train/F05_SSB18630427.wav,5
/USERSPACE/DATASETS/CodecFake/train/F05_p347_117.wav,5
/USERSPACE/DATASETS/CodecFake/train/F05_SSB13770121.wav,5
/USERSPACE/DATASETS/CodecFake/train/F05_p281_011.wav,5
/USERSPACE/DATASETS/CodecFake/train/F05_SSB03090248.wav,5
/USERSPACE/DATASETS/CodecFake/train/F05_SSB07000126.wav,5
/USERSPACE/DATASETS/CodecFake/train/F05_p283_043.wav,5
/USERSPACE/DATASETS/CodecFake/train/F05_SSB03800076.wav,5
/USERSPACE/DATASETS/CodecFake/train/F05_SSB06140047.wav,5
/USERSPACE/DATASETS/CodecFake/train/F05_SSB13280485.wav,5
/USERSPACE/DATASETS/CodecFake/train/F05_p243_355.wav,5
/USERSPACE/DATASETS/CodecFake/train/F05_SSB14020233.wav,5
/USERSPACE/DATASETS/CodecFake/train/F05_SSB16070201.wav,5
/USERSPACE/DATASETS/CodecFake/train/F05_SSB13850235.wav,5
/USERSPACE/DATASETS/CodecFake/train/F05_SSB11100310.wav,5
/USERSPACE/DATASETS/CodecFake/train/F05_SSB05880304.wav,5
/USERSPACE/DATASETS/CodecFake/train/F05_SSB19350328.wav,5
/USERSPACE/DATASETS/CodecFake/train/F05_SSB02730376.wav,5
/USERSPACE/DATASETS/CodecFake/train/F05_SSB15630304.wav,5
/USERSPACE/DATASETS/CodecFake/train/F05_SSB03660234.wav,5
/USERSPACE/DATASETS/CodecFake/train/F05_SSB00180187.wav,5
/USERSPACE/DATASETS/CodecFake/train/F05_p330_236.wav,5
/USERSPACE/DATASETS/CodecFake/train/F05_SSB15670428.wav,5
/USERSPACE/DATASETS/CodecFake/train/F05_SSB09130213.wav,5
/USERSPACE/DATASETS/CodecFake/train/F05_SSB03750007.wav,5
/USERSPACE/DATASETS/CodecFake/train/F05_SSB01220143.wav,5
/USERSPACE/DATASETS/CodecFake/train/F05_SSB15670388.wav,5
/USERSPACE/DATASETS/CodecFake/train/F05_p301_332.wav,5
/USERSPACE/DATASETS/CodecFake/train/F05_SSB14520339.wav,5
/USERSPACE/DATASETS/CodecFake/train/F05_SSB16700234.wav,5
/USERSPACE/DATASETS/CodecFake/train/F05_SSB14480437.wav,5
/USERSPACE/DATASETS/CodecFake/train/F05_SSB11350031.wav,5
/USERSPACE/DATASETS/CodecFake/train/F05_SSB09930442.wav,5
/USERSPACE/DATASETS/CodecFake/train/F05_SSB11970013.wav,5
/USERSPACE/DATASETS/CodecFake/train/F05_SSB10550090.wav,5
/USERSPACE/DATASETS/CodecFake/train/F05_p340_202.wav,5
/USERSPACE/DATASETS/CodecFake/train/F05_p247_271.wav,5
/USERSPACE/DATASETS/CodecFake/train/F05_SSB03540238.wav,5
/USERSPACE/DATASETS/CodecFake/train/F05_SSB03940173.wav,5
/USERSPACE/DATASETS/CodecFake/train/F05_p288_331.wav,5
/USERSPACE/DATASETS/CodecFake/train/F05_SSB00160304.wav,5
/USERSPACE/DATASETS/CodecFake/train/F05_SSB00800250.wav,5
/USERSPACE/DATASETS/CodecFake/train/F05_SSB15850236.wav,5
/USERSPACE/DATASETS/CodecFake/train/F05_SSB03380453.wav,5
/USERSPACE/DATASETS/CodecFake/train/F05_p345_184.wav,5
/USERSPACE/DATASETS/CodecFake/train/F05_SSB09350281.wav,5
/USERSPACE/DATASETS/CodecFake/train/F05_SSB03930222.wav,5
/USERSPACE/DATASETS/CodecFake/train/F05_p259_476.wav,5
/USERSPACE/DATASETS/CodecFake/train/F05_SSB07230068.wav,5
/USERSPACE/DATASETS/CodecFake/train/F05_SSB06070282.wav,5
/USERSPACE/DATASETS/CodecFake/train/F05_SSB10720070.wav,5
/USERSPACE/DATASETS/CodecFake/train/F05_p259_162.wav,5
/USERSPACE/DATASETS/CodecFake/train/F05_SSB11150059.wav,5
/USERSPACE/DATASETS/CodecFake/train/F05_SSB05350436.wav,5
/USERSPACE/DATASETS/CodecFake/train/F05_p260_141.wav,5
/USERSPACE/DATASETS/CodecFake/train/F05_p271_335.wav,5
/USERSPACE/DATASETS/CodecFake/train/F05_p295_015.wav,5
/USERSPACE/DATASETS/CodecFake/train/F05_SSB10200200.wav,5
/USERSPACE/DATASETS/CodecFake/train/F05_p272_245.wav,5
/USERSPACE/DATASETS/CodecFake/train/F05_SSB10010121.wav,5
/USERSPACE/DATASETS/CodecFake/train/F05_SSB02880319.wav,5
/USERSPACE/DATASETS/CodecFake/train/F05_SSB05900378.wav,5
/USERSPACE/DATASETS/CodecFake/train/F05_SSB06010173.wav,5
/USERSPACE/DATASETS/CodecFake/train/F05_SSB05880271.wav,5
/USERSPACE/DATASETS/CodecFake/train/F05_SSB15630228.wav,5
/USERSPACE/DATASETS/CodecFake/train/F05_SSB00110337.wav,5
/USERSPACE/DATASETS/CodecFake/train/F05_p229_216.wav,5
/USERSPACE/DATASETS/CodecFake/train/F05_SSB15550363.wav,5
/USERSPACE/DATASETS/CodecFake/train/F05_p270_378.wav,5
/USERSPACE/DATASETS/CodecFake/train/F05_SSB02610072.wav,5
/USERSPACE/DATASETS/CodecFake/train/F05_SSB08630067.wav,5
/USERSPACE/DATASETS/CodecFake/train/F05_SSB11760338.wav,5
/USERSPACE/DATASETS/CodecFake/train/F05_SSB06680252.wav,5
/USERSPACE/DATASETS/CodecFake/train/F05_SSB10550095.wav,5
/USERSPACE/DATASETS/CodecFake/train/F05_p247_117.wav,5
/USERSPACE/DATASETS/CodecFake/train/F05_p257_219.wav,5
/USERSPACE/DATASETS/CodecFake/train/F05_SSB18910380.wav,5
/USERSPACE/DATASETS/CodecFake/train/F05_SSB18100295.wav,5
/USERSPACE/DATASETS/CodecFake/train/F05_p313_064.wav,5
/USERSPACE/DATASETS/CodecFake/train/F05_SSB10560309.wav,5
/USERSPACE/DATASETS/CodecFake/train/F05_SSB15670296.wav,5
/USERSPACE/DATASETS/CodecFake/train/F05_p257_228.wav,5
/USERSPACE/DATASETS/CodecFake/train/F05_SSB05940208.wav,5
/USERSPACE/DATASETS/CodecFake/train/F05_SSB18630063.wav,5
/USERSPACE/DATASETS/CodecFake/train/F05_p257_340.wav,5
/USERSPACE/DATASETS/CodecFake/train/F05_p281_038.wav,5
/USERSPACE/DATASETS/CodecFake/train/F05_p233_220.wav,5
/USERSPACE/DATASETS/CodecFake/train/F05_p245_126.wav,5
/USERSPACE/DATASETS/CodecFake/train/F05_SSB03660301.wav,5
/USERSPACE/DATASETS/CodecFake/train/F05_p314_324.wav,5
/USERSPACE/DATASETS/CodecFake/train/F05_SSB10640241.wav,5
/USERSPACE/DATASETS/CodecFake/train/F05_SSB16990035.wav,5
/USERSPACE/DATASETS/CodecFake/train/F05_SSB11870286.wav,5
/USERSPACE/DATASETS/CodecFake/train/F05_SSB15670454.wav,5
/USERSPACE/DATASETS/CodecFake/train/F05_p306_112.wav,5
/USERSPACE/DATASETS/CodecFake/train/F05_p351_248.wav,5
/USERSPACE/DATASETS/CodecFake/train/F05_SSB05020135.wav,5
/USERSPACE/DATASETS/CodecFake/train/F05_p306_330.wav,5
/USERSPACE/DATASETS/CodecFake/train/F05_SSB00380353.wav,5
/USERSPACE/DATASETS/CodecFake/train/F05_SSB10240263.wav,5
/USERSPACE/DATASETS/CodecFake/train/F05_SSB00380319.wav,5
/USERSPACE/DATASETS/CodecFake/train/F05_SSB18100048.wav,5
/USERSPACE/DATASETS/CodecFake/train/F05_p283_289.wav,5
/USERSPACE/DATASETS/CodecFake/train/F05_SSB03160128.wav,5
/USERSPACE/DATASETS/CodecFake/train/F05_p334_159.wav,5
/USERSPACE/DATASETS/CodecFake/train/F05_SSB15670203.wav,5
/USERSPACE/DATASETS/CodecFake/train/F05_SSB00160328.wav,5
/USERSPACE/DATASETS/CodecFake/train/F05_p301_302.wav,5
/USERSPACE/DATASETS/CodecFake/train/F05_SSB00090304.wav,5
/USERSPACE/DATASETS/CodecFake/train/F05_SSB11610083.wav,5
/USERSPACE/DATASETS/CodecFake/train/F05_p334_146.wav,5
/USERSPACE/DATASETS/CodecFake/train/F05_SSB00160259.wav,5
/USERSPACE/DATASETS/CodecFake/train/F05_p247_374.wav,5
/USERSPACE/DATASETS/CodecFake/train/F05_SSB01930185.wav,5
/USERSPACE/DATASETS/CodecFake/train/F05_p323_192.wav,5
/USERSPACE/DATASETS/CodecFake/train/F05_p264_059.wav,5
/USERSPACE/DATASETS/CodecFake/train/F05_p277_344.wav,5
/USERSPACE/DATASETS/CodecFake/train/F05_SSB02460181.wav,5
/USERSPACE/DATASETS/CodecFake/train/F05_SSB17280300.wav,5
/USERSPACE/DATASETS/CodecFake/train/F05_SSB12180295.wav,5
/USERSPACE/DATASETS/CodecFake/train/F05_SSB08710092.wav,5
/USERSPACE/DATASETS/CodecFake/train/F05_SSB00800479.wav,5
/USERSPACE/DATASETS/CodecFake/train/F05_p263_437.wav,5
/USERSPACE/DATASETS/CodecFake/train/F05_SSB04070208.wav,5
/USERSPACE/DATASETS/CodecFake/train/F05_p343_319.wav,5
/USERSPACE/DATASETS/CodecFake/train/F05_p362_369.wav,5
/USERSPACE/DATASETS/CodecFake/train/F05_SSB13220180.wav,5
/USERSPACE/DATASETS/CodecFake/train/F05_p292_043.wav,5
/USERSPACE/DATASETS/CodecFake/train/F05_SSB12030346.wav,5
/USERSPACE/DATASETS/CodecFake/train/F05_SSB03750163.wav,5
/USERSPACE/DATASETS/CodecFake/train/F05_SSB09350382.wav,5
/USERSPACE/DATASETS/CodecFake/train/F05_SSB19180170.wav,5
/USERSPACE/DATASETS/CodecFake/train/F05_p271_399.wav,5
/USERSPACE/DATASETS/CodecFake/train/F05_SSB07370260.wav,5
/USERSPACE/DATASETS/CodecFake/train/F05_SSB18910312.wav,5
/USERSPACE/DATASETS/CodecFake/train/F05_p300_155.wav,5
/USERSPACE/DATASETS/CodecFake/train/F05_SSB01930079.wav,5
/USERSPACE/DATASETS/CodecFake/train/F05_SSB07480386.wav,5
/USERSPACE/DATASETS/CodecFake/train/F05_p251_279.wav,5
/USERSPACE/DATASETS/CodecFake/train/F05_SSB01390144.wav,5
/USERSPACE/DATASETS/CodecFake/train/F05_p341_048.wav,5
/USERSPACE/DATASETS/CodecFake/train/F05_p247_163.wav,5
/USERSPACE/DATASETS/CodecFake/train/F05_SSB00120146.wav,5
/USERSPACE/DATASETS/CodecFake/train/F05_SSB16990043.wav,5
/USERSPACE/DATASETS/CodecFake/train/F05_SSB02990009.wav,5
/USERSPACE/DATASETS/CodecFake/train/F05_SSB17110040.wav,5
/USERSPACE/DATASETS/CodecFake/train/F05_p310_422.wav,5
/USERSPACE/DATASETS/CodecFake/train/F05_SSB07230026.wav,5
/USERSPACE/DATASETS/CodecFake/train/F05_SSB11250475.wav,5
/USERSPACE/DATASETS/CodecFake/train/F05_p247_236.wav,5
/USERSPACE/DATASETS/CodecFake/train/F05_SSB11000154.wav,5
/USERSPACE/DATASETS/CodecFake/train/F05_SSB05700325.wav,5
/USERSPACE/DATASETS/CodecFake/train/F05_SSB05440098.wav,5
/USERSPACE/DATASETS/CodecFake/train/F05_p326_040.wav,5
/USERSPACE/DATASETS/CodecFake/train/F05_SSB10550286.wav,5
/USERSPACE/DATASETS/CodecFake/train/F05_p241_291.wav,5
/USERSPACE/DATASETS/CodecFake/train/F05_SSB05390105.wav,5
/USERSPACE/DATASETS/CodecFake/train/F05_SSB02670101.wav,5
/USERSPACE/DATASETS/CodecFake/train/F05_p259_343.wav,5
/USERSPACE/DATASETS/CodecFake/train/F05_SSB07460106.wav,5
/USERSPACE/DATASETS/CodecFake/train/F05_SSB06010284.wav,5
/USERSPACE/DATASETS/CodecFake/train/F05_p229_023.wav,5
/USERSPACE/DATASETS/CodecFake/train/F05_p297_332.wav,5
/USERSPACE/DATASETS/CodecFake/train/F05_SSB05020141.wav,5
/USERSPACE/DATASETS/CodecFake/train/F05_SSB12030408.wav,5
/USERSPACE/DATASETS/CodecFake/train/F05_SSB01450403.wav,5
/USERSPACE/DATASETS/CodecFake/train/F05_SSB00330082.wav,5
/USERSPACE/DATASETS/CodecFake/train/F05_SSB06060306.wav,5
/USERSPACE/DATASETS/CodecFake/train/F05_SSB06660064.wav,5
/USERSPACE/DATASETS/CodecFake/train/F05_p272_003.wav,5
/USERSPACE/DATASETS/CodecFake/train/F05_SSB19020271.wav,5
/USERSPACE/DATASETS/CodecFake/train/F05_SSB14480239.wav,5
/USERSPACE/DATASETS/CodecFake/train/F05_SSB10560043.wav,5
/USERSPACE/DATASETS/CodecFake/train/F05_SSB00050454.wav,5
/USERSPACE/DATASETS/CodecFake/train/F05_SSB06930151.wav,5
/USERSPACE/DATASETS/CodecFake/train/F05_SSB00110045.wav,5
/USERSPACE/DATASETS/CodecFake/train/F05_SSB17280258.wav,5
/USERSPACE/DATASETS/CodecFake/train/F05_SSB07460130.wav,5
/USERSPACE/DATASETS/CodecFake/train/F05_p334_417.wav,5
/USERSPACE/DATASETS/CodecFake/train/F05_p335_089.wav,5
/USERSPACE/DATASETS/CodecFake/train/F05_p306_348.wav,5
/USERSPACE/DATASETS/CodecFake/train/F05_p326_356.wav,5
/USERSPACE/DATASETS/CodecFake/train/F05_SSB06010474.wav,5
/USERSPACE/DATASETS/CodecFake/train/F05_p227_039.wav,5
/USERSPACE/DATASETS/CodecFake/train/F05_SSB03800340.wav,5
/USERSPACE/DATASETS/CodecFake/train/F05_p306_115.wav,5
/USERSPACE/DATASETS/CodecFake/train/F05_SSB08170303.wav,5
/USERSPACE/DATASETS/CodecFake/train/F05_SSB09190128.wav,5
/USERSPACE/DATASETS/CodecFake/train/F05_SSB05880383.wav,5
/USERSPACE/DATASETS/CodecFake/train/F05_SSB07230016.wav,5
/USERSPACE/DATASETS/CodecFake/train/F05_SSB07100198.wav,5
/USERSPACE/DATASETS/CodecFake/train/F05_p268_057.wav,5
/USERSPACE/DATASETS/CodecFake/train/F05_SSB06070360.wav,5
/USERSPACE/DATASETS/CodecFake/train/F05_SSB18910397.wav,5
/USERSPACE/DATASETS/CodecFake/train/F05_p374_111.wav,5
/USERSPACE/DATASETS/CodecFake/train/F05_p247_193.wav,5
/USERSPACE/DATASETS/CodecFake/train/F05_SSB07200140.wav,5
/USERSPACE/DATASETS/CodecFake/train/F05_SSB02000279.wav,5
/USERSPACE/DATASETS/CodecFake/train/F05_SSB04070068.wav,5
/USERSPACE/DATASETS/CodecFake/train/F05_SSB06710495.wav,5
/USERSPACE/DATASETS/CodecFake/train/F05_p334_122.wav,5
/USERSPACE/DATASETS/CodecFake/train/F05_SSB04070471.wav,5
/USERSPACE/DATASETS/CodecFake/train/F05_SSB03950184.wav,5
/USERSPACE/DATASETS/CodecFake/train/F05_SSB07840223.wav,5
/USERSPACE/DATASETS/CodecFake/train/F05_SSB07800425.wav,5
/USERSPACE/DATASETS/CodecFake/train/F05_SSB07170494.wav,5
/USERSPACE/DATASETS/CodecFake/train/F05_SSB12390155.wav,5
/USERSPACE/DATASETS/CodecFake/train/F05_p285_318.wav,5
/USERSPACE/DATASETS/CodecFake/train/F05_SSB03800408.wav,5
/USERSPACE/DATASETS/CodecFake/train/F05_SSB15850474.wav,5
/USERSPACE/DATASETS/CodecFake/train/F05_SSB18910082.wav,5
/USERSPACE/DATASETS/CodecFake/train/F05_p251_109.wav,5
/USERSPACE/DATASETS/CodecFake/train/F05_SSB06320222.wav,5
/USERSPACE/DATASETS/CodecFake/train/F05_p238_331.wav,5
/USERSPACE/DATASETS/CodecFake/train/F05_SSB13850347.wav,5
/USERSPACE/DATASETS/CodecFake/train/F05_SSB09870209.wav,5
/USERSPACE/DATASETS/CodecFake/train/F05_SSB05780288.wav,5
/USERSPACE/DATASETS/CodecFake/train/F05_SSB12190268.wav,5
/USERSPACE/DATASETS/CodecFake/train/F05_SSB00330303.wav,5
/USERSPACE/DATASETS/CodecFake/train/F05_p343_269.wav,5
/USERSPACE/DATASETS/CodecFake/train/F05_SSB19390446.wav,5
/USERSPACE/DATASETS/CodecFake/train/F05_SSB06060411.wav,5
/USERSPACE/DATASETS/CodecFake/train/F05_SSB05650412.wav,5
/USERSPACE/DATASETS/CodecFake/train/F05_SSB04260388.wav,5
/USERSPACE/DATASETS/CodecFake/train/F05_SSB06860088.wav,5
/USERSPACE/DATASETS/CodecFake/train/F05_SSB07000125.wav,5
/USERSPACE/DATASETS/CodecFake/train/F05_SSB10960292.wav,5
/USERSPACE/DATASETS/CodecFake/train/F05_SSB06860473.wav,5
/USERSPACE/DATASETS/CodecFake/train/F05_SSB10910108.wav,5
/USERSPACE/DATASETS/CodecFake/train/F05_p252_213.wav,5
/USERSPACE/DATASETS/CodecFake/train/F05_p317_084.wav,5
/USERSPACE/DATASETS/CodecFake/train/F05_SSB09660415.wav,5
/USERSPACE/DATASETS/CodecFake/train/F05_SSB19560183.wav,5
/USERSPACE/DATASETS/CodecFake/train/F05_SSB05880100.wav,5
/USERSPACE/DATASETS/CodecFake/train/F05_SSB02870100.wav,5
/USERSPACE/DATASETS/CodecFake/train/F05_SSB04150046.wav,5
/USERSPACE/DATASETS/CodecFake/train/F05_p360_150.wav,5
/USERSPACE/DATASETS/CodecFake/train/F05_p266_103.wav,5
/USERSPACE/DATASETS/CodecFake/train/F05_p299_175.wav,5
/USERSPACE/DATASETS/CodecFake/train/F05_p231_442.wav,5
/USERSPACE/DATASETS/CodecFake/train/F05_SSB07160386.wav,5
/USERSPACE/DATASETS/CodecFake/train/F05_SSB11380227.wav,5
/USERSPACE/DATASETS/CodecFake/train/F05_SSB19180292.wav,5
/USERSPACE/DATASETS/CodecFake/train/F05_p312_355.wav,5
/USERSPACE/DATASETS/CodecFake/train/F05_p294_254.wav,5
/USERSPACE/DATASETS/CodecFake/train/F05_SSB02000220.wav,5
/USERSPACE/DATASETS/CodecFake/train/F05_SSB19390218.wav,5
/USERSPACE/DATASETS/CodecFake/train/F05_p286_154.wav,5
/USERSPACE/DATASETS/CodecFake/train/F05_SSB03420186.wav,5
/USERSPACE/DATASETS/CodecFake/train/F05_SSB05350182.wav,5
/USERSPACE/DATASETS/CodecFake/train/F05_SSB16860355.wav,5
/USERSPACE/DATASETS/CodecFake/train/F05_SSB10010363.wav,5
/USERSPACE/DATASETS/CodecFake/train/F05_SSB18780011.wav,5
/USERSPACE/DATASETS/CodecFake/train/F05_SSB05900201.wav,5
/USERSPACE/DATASETS/CodecFake/train/F05_SSB07360133.wav,5
/USERSPACE/DATASETS/CodecFake/train/F05_SSB03070476.wav,5
/USERSPACE/DATASETS/CodecFake/train/F05_p237_124.wav,5
/USERSPACE/DATASETS/CodecFake/train/F05_SSB18460501.wav,5
/USERSPACE/DATASETS/CodecFake/train/F05_p279_366.wav,5
/USERSPACE/DATASETS/CodecFake/train/F05_p229_377.wav,5
/USERSPACE/DATASETS/CodecFake/train/F05_SSB03800489.wav,5
/USERSPACE/DATASETS/CodecFake/train/F05_SSB18910175.wav,5
/USERSPACE/DATASETS/CodecFake/train/F05_SSB03750340.wav,5
/USERSPACE/DATASETS/CodecFake/train/F05_p253_404.wav,5
/USERSPACE/DATASETS/CodecFake/train/F05_p293_115.wav,5
/USERSPACE/DATASETS/CodecFake/train/F05_SSB01970041.wav,5
/USERSPACE/DATASETS/CodecFake/train/F05_p303_053.wav,5
/USERSPACE/DATASETS/CodecFake/train/F05_SSB03800196.wav,5
/USERSPACE/DATASETS/CodecFake/train/F05_SSB00380209.wav,5
/USERSPACE/DATASETS/CodecFake/train/F05_SSB03410045.wav,5
/USERSPACE/DATASETS/CodecFake/train/F05_p294_379.wav,5
/USERSPACE/DATASETS/CodecFake/train/F05_SSB11260061.wav,5
/USERSPACE/DATASETS/CodecFake/train/F05_SSB03070352.wav,5
/USERSPACE/DATASETS/CodecFake/train/F05_SSB03070190.wav,5
/USERSPACE/DATASETS/CodecFake/train/F05_SSB16700118.wav,5
/USERSPACE/DATASETS/CodecFake/train/F05_p283_074.wav,5
/USERSPACE/DATASETS/CodecFake/train/F05_p347_112.wav,5
/USERSPACE/DATASETS/CodecFake/train/F05_p340_063.wav,5
/USERSPACE/DATASETS/CodecFake/train/F05_p333_191.wav,5
/USERSPACE/DATASETS/CodecFake/train/F05_SSB04700480.wav,5
/USERSPACE/DATASETS/CodecFake/train/F05_SSB06660170.wav,5
/USERSPACE/DATASETS/CodecFake/train/F05_SSB01330389.wav,5
/USERSPACE/DATASETS/CodecFake/train/F05_SSB02990499.wav,5
/USERSPACE/DATASETS/CodecFake/train/F05_SSB12030178.wav,5
/USERSPACE/DATASETS/CodecFake/train/F05_p281_423.wav,5
/USERSPACE/DATASETS/CodecFake/train/F05_SSB02670401.wav,5
/USERSPACE/DATASETS/CodecFake/train/F05_SSB04700187.wav,5
/USERSPACE/DATASETS/CodecFake/train/F05_SSB11760419.wav,5
/USERSPACE/DATASETS/CodecFake/train/F05_SSB01450201.wav,5
/USERSPACE/DATASETS/CodecFake/train/F05_p297_339.wav,5
/USERSPACE/DATASETS/CodecFake/train/F05_SSB07170246.wav,5
/USERSPACE/DATASETS/CodecFake/train/F05_SSB17110413.wav,5
/USERSPACE/DATASETS/CodecFake/train/F05_p347_247.wav,5
/USERSPACE/DATASETS/CodecFake/train/F05_SSB03090246.wav,5
/USERSPACE/DATASETS/CodecFake/train/F05_SSB18090304.wav,5
/USERSPACE/DATASETS/CodecFake/train/F05_SSB02990348.wav,5
/USERSPACE/DATASETS/CodecFake/train/F05_SSB00050312.wav,5
/USERSPACE/DATASETS/CodecFake/train/F05_p236_253.wav,5
/USERSPACE/DATASETS/CodecFake/train/F05_SSB02670050.wav,5
/USERSPACE/DATASETS/CodecFake/train/F05_SSB19390230.wav,5
/USERSPACE/DATASETS/CodecFake/train/F05_SSB14570149.wav,5
/USERSPACE/DATASETS/CodecFake/train/F05_p306_277.wav,5
/USERSPACE/DATASETS/CodecFake/train/F05_p284_249.wav,5
/USERSPACE/DATASETS/CodecFake/train/F05_p244_327.wav,5
/USERSPACE/DATASETS/CodecFake/train/F05_SSB11080100.wav,5
/USERSPACE/DATASETS/CodecFake/train/F05_SSB08090091.wav,5
/USERSPACE/DATASETS/CodecFake/train/F05_SSB07780172.wav,5
/USERSPACE/DATASETS/CodecFake/train/F05_SSB13650352.wav,5
/USERSPACE/DATASETS/CodecFake/train/F05_SSB06320424.wav,5
/USERSPACE/DATASETS/CodecFake/train/F05_SSB13770384.wav,5
/USERSPACE/DATASETS/CodecFake/train/F05_p363_190.wav,5
/USERSPACE/DATASETS/CodecFake/train/F05_p250_488.wav,5
/USERSPACE/DATASETS/CodecFake/train/F05_SSB13650099.wav,5
/USERSPACE/DATASETS/CodecFake/train/F05_SSB03820149.wav,5
/USERSPACE/DATASETS/CodecFake/train/F05_SSB06710471.wav,5
/USERSPACE/DATASETS/CodecFake/train/F05_SSB04700275.wav,5
/USERSPACE/DATASETS/CodecFake/train/F05_p334_191.wav,5
/USERSPACE/DATASETS/CodecFake/train/F05_p303_150.wav,5
/USERSPACE/DATASETS/CodecFake/train/F05_SSB00160039.wav,5
/USERSPACE/DATASETS/CodecFake/train/F05_p299_102.wav,5
/USERSPACE/DATASETS/CodecFake/train/F05_SSB04070091.wav,5
/USERSPACE/DATASETS/CodecFake/train/F05_p335_313.wav,5
/USERSPACE/DATASETS/CodecFake/train/F05_SSB16990023.wav,5
/USERSPACE/DATASETS/CodecFake/train/F05_SSB05780494.wav,5
/USERSPACE/DATASETS/CodecFake/train/F05_SSB06320379.wav,5
/USERSPACE/DATASETS/CodecFake/train/F05_SSB11350453.wav,5
/USERSPACE/DATASETS/CodecFake/train/F05_SSB02410318.wav,5
/USERSPACE/DATASETS/CodecFake/train/F05_SSB00120175.wav,5
/USERSPACE/DATASETS/CodecFake/train/F05_SSB00330203.wav,5
/USERSPACE/DATASETS/CodecFake/train/F05_p335_050.wav,5
/USERSPACE/DATASETS/CodecFake/train/F05_SSB01450257.wav,5
/USERSPACE/DATASETS/CodecFake/train/F05_SSB08220464.wav,5
/USERSPACE/DATASETS/CodecFake/train/F05_SSB18780029.wav,5
/USERSPACE/DATASETS/CodecFake/train/F05_SSB07100086.wav,5
/USERSPACE/DATASETS/CodecFake/train/F05_p297_321.wav,5
/USERSPACE/DATASETS/CodecFake/train/F05_SSB15850017.wav,5
/USERSPACE/DATASETS/CodecFake/train/F05_SSB03230194.wav,5
/USERSPACE/DATASETS/CodecFake/train/F05_p271_337.wav,5
/USERSPACE/DATASETS/CodecFake/train/F05_p279_319.wav,5
/USERSPACE/DATASETS/CodecFake/train/F05_SSB05900131.wav,5
/USERSPACE/DATASETS/CodecFake/train/F05_p303_191.wav,5
/USERSPACE/DATASETS/CodecFake/train/F05_SSB04350107.wav,5
/USERSPACE/DATASETS/CodecFake/train/F05_SSB07840168.wav,5
/USERSPACE/DATASETS/CodecFake/train/F05_SSB08170395.wav,5
/USERSPACE/DATASETS/CodecFake/train/F05_p241_309.wav,5
/USERSPACE/DATASETS/CodecFake/train/F05_p267_096.wav,5
/USERSPACE/DATASETS/CodecFake/train/F05_p280_121.wav,5
/USERSPACE/DATASETS/CodecFake/train/F05_SSB06660013.wav,5
/USERSPACE/DATASETS/CodecFake/train/F05_SSB04070288.wav,5
/USERSPACE/DATASETS/CodecFake/train/F05_SSB09150074.wav,5
/USERSPACE/DATASETS/CodecFake/train/F05_SSB06710065.wav,5
/USERSPACE/DATASETS/CodecFake/train/F05_SSB11260416.wav,5
/USERSPACE/DATASETS/CodecFake/train/F05_SSB11970196.wav,5
/USERSPACE/DATASETS/CodecFake/train/F05_SSB17810279.wav,5
/USERSPACE/DATASETS/CodecFake/train/F05_SSB05940073.wav,5
/USERSPACE/DATASETS/CodecFake/train/F05_p229_297.wav,5
/USERSPACE/DATASETS/CodecFake/train/F05_SSB11310053.wav,5
/USERSPACE/DATASETS/CodecFake/train/F05_SSB15550389.wav,5
/USERSPACE/DATASETS/CodecFake/train/F05_p227_316.wav,5
/USERSPACE/DATASETS/CodecFake/train/F05_SSB04150086.wav,5
/USERSPACE/DATASETS/CodecFake/train/F05_p240_211.wav,5
/USERSPACE/DATASETS/CodecFake/train/F05_SSB06060026.wav,5
/USERSPACE/DATASETS/CodecFake/train/F05_p329_094.wav,5
/USERSPACE/DATASETS/CodecFake/train/F05_p351_279.wav,5
/USERSPACE/DATASETS/CodecFake/train/F05_SSB00050161.wav,5
/USERSPACE/DATASETS/CodecFake/train/F05_p231_070.wav,5
/USERSPACE/DATASETS/CodecFake/train/F05_SSB00330383.wav,5
/USERSPACE/DATASETS/CodecFake/train/F05_SSB13280225.wav,5
/USERSPACE/DATASETS/CodecFake/train/F05_SSB06680022.wav,5
/USERSPACE/DATASETS/CodecFake/train/F05_SSB18370249.wav,5
/USERSPACE/DATASETS/CodecFake/train/F05_p317_268.wav,5
/USERSPACE/DATASETS/CodecFake/train/F05_SSB15670405.wav,5
/USERSPACE/DATASETS/CodecFake/train/F05_p330_125.wav,5
/USERSPACE/DATASETS/CodecFake/train/F05_SSB13280469.wav,5
/USERSPACE/DATASETS/CodecFake/train/F05_p285_236.wav,5
/USERSPACE/DATASETS/CodecFake/train/F05_SSB05440071.wav,5
/USERSPACE/DATASETS/CodecFake/train/F05_SSB18910140.wav,5
/USERSPACE/DATASETS/CodecFake/train/F05_SSB07580249.wav,5
/USERSPACE/DATASETS/CodecFake/train/F05_p301_249.wav,5
/USERSPACE/DATASETS/CodecFake/train/F05_p293_313.wav,5
/USERSPACE/DATASETS/CodecFake/train/F05_p364_253.wav,5
/USERSPACE/DATASETS/CodecFake/train/F05_SSB18370277.wav,5
/USERSPACE/DATASETS/CodecFake/train/F05_SSB07580403.wav,5
/USERSPACE/DATASETS/CodecFake/train/F05_SSB07000430.wav,5
/USERSPACE/DATASETS/CodecFake/train/F05_p273_255.wav,5
/USERSPACE/DATASETS/CodecFake/train/F05_p361_047.wav,5
/USERSPACE/DATASETS/CodecFake/train/F05_p318_347.wav,5
/USERSPACE/DATASETS/CodecFake/train/F05_p363_206.wav,5
/USERSPACE/DATASETS/CodecFake/train/F05_SSB13280378.wav,5
/USERSPACE/DATASETS/CodecFake/train/F05_SSB01930159.wav,5
/USERSPACE/DATASETS/CodecFake/train/F05_SSB04350341.wav,5
/USERSPACE/DATASETS/CodecFake/train/F05_SSB10020004.wav,5
/USERSPACE/DATASETS/CodecFake/train/F05_SSB14310179.wav,5
/USERSPACE/DATASETS/CodecFake/train/F05_p270_320.wav,5
/USERSPACE/DATASETS/CodecFake/train/F05_SSB09130338.wav,5
/USERSPACE/DATASETS/CodecFake/train/F05_SSB16860312.wav,5
/USERSPACE/DATASETS/CodecFake/train/F05_SSB05990277.wav,5
/USERSPACE/DATASETS/CodecFake/train/F05_SSB14370071.wav,5
/USERSPACE/DATASETS/CodecFake/train/F05_SSB10240319.wav,5
/USERSPACE/DATASETS/CodecFake/train/F05_SSB09130363.wav,5
/USERSPACE/DATASETS/CodecFake/train/F05_p326_283.wav,5
/USERSPACE/DATASETS/CodecFake/train/F05_SSB07940223.wav,5
/USERSPACE/DATASETS/CodecFake/train/F05_SSB17450119.wav,5
/USERSPACE/DATASETS/CodecFake/train/F05_p301_052.wav,5
/USERSPACE/DATASETS/CodecFake/train/F05_p230_146.wav,5
/USERSPACE/DATASETS/CodecFake/train/F05_SSB07460180.wav,5
/USERSPACE/DATASETS/CodecFake/train/F05_p298_179.wav,5
/USERSPACE/DATASETS/CodecFake/train/F05_SSB02670492.wav,5
/USERSPACE/DATASETS/CodecFake/train/F05_SSB02730451.wav,5
/USERSPACE/DATASETS/CodecFake/train/F05_SSB19020300.wav,5
/USERSPACE/DATASETS/CodecFake/train/F05_SSB16700073.wav,5
/USERSPACE/DATASETS/CodecFake/train/F05_SSB01220468.wav,5
/USERSPACE/DATASETS/CodecFake/train/F05_p335_059.wav,5
/USERSPACE/DATASETS/CodecFake/train/F05_SSB03950079.wav,5
/USERSPACE/DATASETS/CodecFake/train/F05_SSB11250398.wav,5
/USERSPACE/DATASETS/CodecFake/train/F05_SSB07370238.wav,5
/USERSPACE/DATASETS/CodecFake/train/F05_p226_134.wav,5
/USERSPACE/DATASETS/CodecFake/train/F05_SSB10240083.wav,5
/USERSPACE/DATASETS/CodecFake/train/F05_SSB00120205.wav,5
/USERSPACE/DATASETS/CodecFake/train/F05_SSB03930017.wav,5
/USERSPACE/DATASETS/CodecFake/train/F05_p364_261.wav,5
/USERSPACE/DATASETS/CodecFake/train/F05_p281_147.wav,5
/USERSPACE/DATASETS/CodecFake/train/F05_p295_347.wav,5
/USERSPACE/DATASETS/CodecFake/train/F05_SSB12040119.wav,5
/USERSPACE/DATASETS/CodecFake/train/F05_p285_311.wav,5
/USERSPACE/DATASETS/CodecFake/train/F05_p292_414.wav,5
/USERSPACE/DATASETS/CodecFake/train/F05_SSB19560152.wav,5
/USERSPACE/DATASETS/CodecFake/train/F05_p311_225.wav,5
/USERSPACE/DATASETS/CodecFake/train/F05_SSB05940341.wav,5
/USERSPACE/DATASETS/CodecFake/train/F05_SSB10010076.wav,5
/USERSPACE/DATASETS/CodecFake/train/F05_SSB14480377.wav,5
/USERSPACE/DATASETS/CodecFake/train/F05_p318_170.wav,5
/USERSPACE/DATASETS/CodecFake/train/F05_SSB15550217.wav,5
/USERSPACE/DATASETS/CodecFake/train/F05_SSB08630110.wav,5
/USERSPACE/DATASETS/CodecFake/train/F05_p256_292.wav,5
/USERSPACE/DATASETS/CodecFake/train/F05_p274_256.wav,5
/USERSPACE/DATASETS/CodecFake/train/F05_p261_363.wav,5
/USERSPACE/DATASETS/CodecFake/train/F05_SSB07480289.wav,5
/USERSPACE/DATASETS/CodecFake/train/F05_SSB06030162.wav,5
/USERSPACE/DATASETS/CodecFake/train/F05_SSB03160072.wav,5
/USERSPACE/DATASETS/CodecFake/train/F05_p280_134.wav,5
/USERSPACE/DATASETS/CodecFake/train/F05_p247_189.wav,5
/USERSPACE/DATASETS/CodecFake/train/F05_SSB14080004.wav,5
/USERSPACE/DATASETS/CodecFake/train/F05_SSB11380423.wav,5
/USERSPACE/DATASETS/CodecFake/train/F05_p335_411.wav,5
/USERSPACE/DATASETS/CodecFake/train/F05_SSB07370502.wav,5
/USERSPACE/DATASETS/CodecFake/train/F05_p256_197.wav,5
/USERSPACE/DATASETS/CodecFake/train/F05_p333_366.wav,5
/USERSPACE/DATASETS/CodecFake/train/F05_SSB13770230.wav,5
/USERSPACE/DATASETS/CodecFake/train/F05_SSB13660123.wav,5
/USERSPACE/DATASETS/CodecFake/train/F05_SSB05700387.wav,5
/USERSPACE/DATASETS/CodecFake/train/F05_p334_057.wav,5
/USERSPACE/DATASETS/CodecFake/train/F05_SSB06060182.wav,5
/USERSPACE/DATASETS/CodecFake/train/F05_p334_338.wav,5
/USERSPACE/DATASETS/CodecFake/train/F05_SSB10010246.wav,5
/USERSPACE/DATASETS/CodecFake/train/F05_SSB00050149.wav,5
/USERSPACE/DATASETS/CodecFake/train/F05_SSB10080277.wav,5
/USERSPACE/DATASETS/CodecFake/train/F05_SSB05940376.wav,5
/USERSPACE/DATASETS/CodecFake/train/F05_SSB00330293.wav,5
/USERSPACE/DATASETS/CodecFake/train/F05_p230_155.wav,5
/USERSPACE/DATASETS/CodecFake/train/F05_p259_125.wav,5
/USERSPACE/DATASETS/CodecFake/train/F05_SSB01220211.wav,5
/USERSPACE/DATASETS/CodecFake/train/F05_SSB07110410.wav,5
/USERSPACE/DATASETS/CodecFake/train/F05_p361_155.wav,5
/USERSPACE/DATASETS/CodecFake/train/F05_SSB00800199.wav,5
/USERSPACE/DATASETS/CodecFake/train/F05_SSB05020241.wav,5
/USERSPACE/DATASETS/CodecFake/train/F05_SSB01930492.wav,5
/USERSPACE/DATASETS/CodecFake/train/F05_p225_145.wav,5
/USERSPACE/DATASETS/CodecFake/train/F05_SSB07110383.wav,5
/USERSPACE/DATASETS/CodecFake/train/F05_SSB03790276.wav,5
/USERSPACE/DATASETS/CodecFake/train/F05_SSB07490302.wav,5
/USERSPACE/DATASETS/CodecFake/train/F05_p363_167.wav,5
/USERSPACE/DATASETS/CodecFake/train/F05_SSB07940038.wav,5
/USERSPACE/DATASETS/CodecFake/train/F05_SSB19390059.wav,5
/USERSPACE/DATASETS/CodecFake/train/F05_SSB18720412.wav,5
/USERSPACE/DATASETS/CodecFake/train/F05_SSB00120167.wav,5
/USERSPACE/DATASETS/CodecFake/train/F05_p237_304.wav,5
/USERSPACE/DATASETS/CodecFake/train/F05_SSB07020370.wav,5
/USERSPACE/DATASETS/CodecFake/train/F05_SSB03540286.wav,5
/USERSPACE/DATASETS/CodecFake/train/F05_SSB10910253.wav,5
/USERSPACE/DATASETS/CodecFake/train/F05_p247_342.wav,5
/USERSPACE/DATASETS/CodecFake/train/F05_SSB03940198.wav,5
/USERSPACE/DATASETS/CodecFake/train/F05_p364_285.wav,5
/USERSPACE/DATASETS/CodecFake/train/F05_SSB18780215.wav,5
/USERSPACE/DATASETS/CodecFake/train/F05_p336_177.wav,5
/USERSPACE/DATASETS/CodecFake/train/F05_p306_030.wav,5
/USERSPACE/DATASETS/CodecFake/train/F05_SSB07780371.wav,5
/USERSPACE/DATASETS/CodecFake/train/F05_SSB07020351.wav,5
/USERSPACE/DATASETS/CodecFake/train/F05_p229_161.wav,5
/USERSPACE/DATASETS/CodecFake/train/F05_SSB11310087.wav,5
/USERSPACE/DATASETS/CodecFake/train/F05_SSB13820444.wav,5
/USERSPACE/DATASETS/CodecFake/train/F05_SSB00090260.wav,5
/USERSPACE/DATASETS/CodecFake/train/F05_SSB06930158.wav,5
/USERSPACE/DATASETS/CodecFake/train/F05_SSB13650087.wav,5
/USERSPACE/DATASETS/CodecFake/train/F05_SSB07370432.wav,5
/USERSPACE/DATASETS/CodecFake/train/F05_SSB03230129.wav,5
/USERSPACE/DATASETS/CodecFake/train/F05_SSB01970079.wav,5
/USERSPACE/DATASETS/CodecFake/train/F05_SSB03660284.wav,5
/USERSPACE/DATASETS/CodecFake/train/F05_SSB02460139.wav,5
/USERSPACE/DATASETS/CodecFake/train/F05_p282_161.wav,5
/USERSPACE/DATASETS/CodecFake/train/F05_SSB18280393.wav,5
/USERSPACE/DATASETS/CodecFake/train/F05_SSB13200053.wav,5
/USERSPACE/DATASETS/CodecFake/train/F05_SSB07490464.wav,5
/USERSPACE/DATASETS/CodecFake/train/F05_SSB13830315.wav,5
/USERSPACE/DATASETS/CodecFake/train/F05_SSB06090203.wav,5
/USERSPACE/DATASETS/CodecFake/train/F05_SSB06090046.wav,5
/USERSPACE/DATASETS/CodecFake/train/F05_SSB13830076.wav,5
/USERSPACE/DATASETS/CodecFake/train/F05_p271_315.wav,5
/USERSPACE/DATASETS/CodecFake/train/F05_p262_134.wav,5
/USERSPACE/DATASETS/CodecFake/train/F05_SSB00110243.wav,5
/USERSPACE/DATASETS/CodecFake/train/F05_SSB06680242.wav,5
/USERSPACE/DATASETS/CodecFake/train/F05_p271_408.wav,5
/USERSPACE/DATASETS/CodecFake/train/F05_p292_305.wav,5
/USERSPACE/DATASETS/CodecFake/train/F05_SSB03540426.wav,5
/USERSPACE/DATASETS/CodecFake/train/F05_SSB00380281.wav,5
/USERSPACE/DATASETS/CodecFake/train/F05_p263_355.wav,5
/USERSPACE/DATASETS/CodecFake/train/F05_SSB12530367.wav,5
/USERSPACE/DATASETS/CodecFake/train/F05_p276_269.wav,5
/USERSPACE/DATASETS/CodecFake/train/F05_SSB13930346.wav,5
/USERSPACE/DATASETS/CodecFake/train/F05_p295_152.wav,5
/USERSPACE/DATASETS/CodecFake/train/F05_p275_090.wav,5
/USERSPACE/DATASETS/CodecFake/train/F05_SSB07230472.wav,5
/USERSPACE/DATASETS/CodecFake/train/F05_SSB06310425.wav,5
/USERSPACE/DATASETS/CodecFake/train/F05_SSB02410294.wav,5
/USERSPACE/DATASETS/CodecFake/train/F05_SSB03420009.wav,5
/USERSPACE/DATASETS/CodecFake/train/F05_SSB00160058.wav,5
/USERSPACE/DATASETS/CodecFake/train/F05_SSB15750485.wav,5
/USERSPACE/DATASETS/CodecFake/train/F05_p243_043.wav,5
/USERSPACE/DATASETS/CodecFake/train/F05_SSB10560278.wav,5
/USERSPACE/DATASETS/CodecFake/train/F05_SSB07780286.wav,5
/USERSPACE/DATASETS/CodecFake/train/F05_SSB02670489.wav,5
/USERSPACE/DATASETS/CodecFake/train/F05_p255_339.wav,5
/USERSPACE/DATASETS/CodecFake/train/F05_SSB02670133.wav,5
/USERSPACE/DATASETS/CodecFake/train/F05_p239_057.wav,5
/USERSPACE/DATASETS/CodecFake/train/F05_SSB03390126.wav,5
/USERSPACE/DATASETS/CodecFake/train/F05_SSB12210428.wav,5
/USERSPACE/DATASETS/CodecFake/train/F05_p361_258.wav,5
/USERSPACE/DATASETS/CodecFake/train/F05_p317_408.wav,5
/USERSPACE/DATASETS/CodecFake/train/F05_SSB07000357.wav,5
/USERSPACE/DATASETS/CodecFake/train/F05_SSB19020116.wav,5
/USERSPACE/DATASETS/CodecFake/train/F05_SSB01970317.wav,5
/USERSPACE/DATASETS/CodecFake/train/F05_p308_161.wav,5
/USERSPACE/DATASETS/CodecFake/train/F05_SSB10240468.wav,5
/USERSPACE/DATASETS/CodecFake/train/F05_SSB07800044.wav,5
/USERSPACE/DATASETS/CodecFake/train/F05_p303_137.wav,5
/USERSPACE/DATASETS/CodecFake/train/F05_SSB00050299.wav,5
/USERSPACE/DATASETS/CodecFake/train/F05_SSB02990383.wav,5
/USERSPACE/DATASETS/CodecFake/train/F05_SSB12040429.wav,5
/USERSPACE/DATASETS/CodecFake/train/F05_SSB00050365.wav,5
/USERSPACE/DATASETS/CodecFake/train/F05_SSB14310458.wav,5
/USERSPACE/DATASETS/CodecFake/train/F05_SSB10240259.wav,5
/USERSPACE/DATASETS/CodecFake/train/F05_p246_045.wav,5
/USERSPACE/DATASETS/CodecFake/train/F05_SSB12030153.wav,5
/USERSPACE/DATASETS/CodecFake/train/F05_p305_253.wav,5
/USERSPACE/DATASETS/CodecFake/train/F05_SSB03090100.wav,5
/USERSPACE/DATASETS/CodecFake/train/F05_p254_065.wav,5
/USERSPACE/DATASETS/CodecFake/train/F05_SSB03540199.wav,5
/USERSPACE/DATASETS/CodecFake/train/F05_SSB10200411.wav,5
/USERSPACE/DATASETS/CodecFake/train/F05_SSB11310149.wav,5
/USERSPACE/DATASETS/CodecFake/train/F05_SSB06660046.wav,5
/USERSPACE/DATASETS/CodecFake/train/F05_SSB11080136.wav,5
/USERSPACE/DATASETS/CodecFake/train/F05_SSB09130188.wav,5
/USERSPACE/DATASETS/CodecFake/train/F05_SSB06070319.wav,5
/USERSPACE/DATASETS/CodecFake/train/F05_p374_012.wav,5
/USERSPACE/DATASETS/CodecFake/train/F05_SSB05390456.wav,5
/USERSPACE/DATASETS/CodecFake/train/F05_SSB02870310.wav,5
/USERSPACE/DATASETS/CodecFake/train/F05_SSB13990448.wav,5
/USERSPACE/DATASETS/CodecFake/train/F05_p275_286.wav,5
/USERSPACE/DATASETS/CodecFake/train/F05_SSB07110059.wav,5
/USERSPACE/DATASETS/CodecFake/train/F05_SSB05940107.wav,5
/USERSPACE/DATASETS/CodecFake/train/F05_SSB03930317.wav,5
/USERSPACE/DATASETS/CodecFake/train/F05_SSB03230124.wav,5
/USERSPACE/DATASETS/CodecFake/train/F05_SSB15630057.wav,5
/USERSPACE/DATASETS/CodecFake/train/F05_SSB11000014.wav,5
/USERSPACE/DATASETS/CodecFake/train/F05_SSB10910359.wav,5
/USERSPACE/DATASETS/CodecFake/train/F05_SSB07200127.wav,5
/USERSPACE/DATASETS/CodecFake/train/F05_SSB07370333.wav,5
/USERSPACE/DATASETS/CodecFake/train/F05_SSB00120227.wav,5
/USERSPACE/DATASETS/CodecFake/train/F05_SSB06710330.wav,5
/USERSPACE/DATASETS/CodecFake/train/F05_p233_132.wav,5
/USERSPACE/DATASETS/CodecFake/train/F05_p236_400.wav,5
/USERSPACE/DATASETS/CodecFake/train/F05_SSB00800444.wav,5
/USERSPACE/DATASETS/CodecFake/train/F05_SSB00730272.wav,5
/USERSPACE/DATASETS/CodecFake/train/F05_SSB03380506.wav,5
/USERSPACE/DATASETS/CodecFake/train/F05_SSB16240101.wav,5
/USERSPACE/DATASETS/CodecFake/train/F05_SSB06070026.wav,5
/USERSPACE/DATASETS/CodecFake/train/F05_SSB16500117.wav,5
/USERSPACE/DATASETS/CodecFake/train/F05_SSB07020301.wav,5
/USERSPACE/DATASETS/CodecFake/train/F05_SSB05880473.wav,5
/USERSPACE/DATASETS/CodecFake/train/F05_p330_080.wav,5
/USERSPACE/DATASETS/CodecFake/train/F05_p297_379.wav,5
/USERSPACE/DATASETS/CodecFake/train/F05_SSB02610024.wav,5
/USERSPACE/DATASETS/CodecFake/train/F05_SSB12180272.wav,5
/USERSPACE/DATASETS/CodecFake/train/F05_SSB01930059.wav,5
/USERSPACE/DATASETS/CodecFake/train/F05_SSB15670037.wav,5
/USERSPACE/DATASETS/CodecFake/train/F05_SSB14480173.wav,5
/USERSPACE/DATASETS/CodecFake/train/F05_SSB11610365.wav,5
/USERSPACE/DATASETS/CodecFake/train/F05_SSB11000109.wav,5
/USERSPACE/DATASETS/CodecFake/train/F05_SSB04820274.wav,5
/USERSPACE/DATASETS/CodecFake/train/F05_SSB01930051.wav,5
/USERSPACE/DATASETS/CodecFake/train/F05_SSB00160290.wav,5
/USERSPACE/DATASETS/CodecFake/train/F05_SSB18910508.wav,5
/USERSPACE/DATASETS/CodecFake/train/F05_p374_332.wav,5
/USERSPACE/DATASETS/CodecFake/train/F05_p257_151.wav,5
/USERSPACE/DATASETS/CodecFake/train/F05_p361_261.wav,5
/USERSPACE/DATASETS/CodecFake/train/F05_SSB06320367.wav,5
/USERSPACE/DATASETS/CodecFake/train/F05_SSB16860301.wav,5
/USERSPACE/DATASETS/CodecFake/train/F05_p282_193.wav,5
/USERSPACE/DATASETS/CodecFake/train/F05_SSB06010277.wav,5
/USERSPACE/DATASETS/CodecFake/train/F05_SSB03230032.wav,5
/USERSPACE/DATASETS/CodecFake/train/F05_p301_310.wav,5
/USERSPACE/DATASETS/CodecFake/train/F05_SSB16300309.wav,5
/USERSPACE/DATASETS/CodecFake/train/F05_SSB12390215.wav,5
/USERSPACE/DATASETS/CodecFake/train/F05_SSB19020092.wav,5
/USERSPACE/DATASETS/CodecFake/train/F05_SSB05440414.wav,5
/USERSPACE/DATASETS/CodecFake/train/F05_SSB07160466.wav,5
/USERSPACE/DATASETS/CodecFake/train/F05_p231_098.wav,5
/USERSPACE/DATASETS/CodecFake/train/F05_SSB09130313.wav,5
/USERSPACE/DATASETS/CodecFake/train/F05_SSB19350298.wav,5
/USERSPACE/DATASETS/CodecFake/train/F05_p287_392.wav,5
/USERSPACE/DATASETS/CodecFake/train/F05_p363_032.wav,5
/USERSPACE/DATASETS/CodecFake/train/F05_SSB00430360.wav,5
/USERSPACE/DATASETS/CodecFake/train/F05_p254_008.wav,5
/USERSPACE/DATASETS/CodecFake/train/F05_SSB04820436.wav,5
/USERSPACE/DATASETS/CodecFake/train/F05_p259_085.wav,5
/USERSPACE/DATASETS/CodecFake/train/F05_SSB07170132.wav,5
/USERSPACE/DATASETS/CodecFake/train/F05_SSB07800400.wav,5
/USERSPACE/DATASETS/CodecFake/train/F05_p249_170.wav,5
/USERSPACE/DATASETS/CodecFake/train/F05_SSB18780247.wav,5
/USERSPACE/DATASETS/CodecFake/train/F05_SSB13020059.wav,5
/USERSPACE/DATASETS/CodecFake/train/F05_p304_206.wav,5
/USERSPACE/DATASETS/CodecFake/train/F05_p254_151.wav,5
/USERSPACE/DATASETS/CodecFake/train/F05_SSB18720437.wav,5
/USERSPACE/DATASETS/CodecFake/train/F05_SSB15670194.wav,5
/USERSPACE/DATASETS/CodecFake/train/F05_p288_316.wav,5
/USERSPACE/DATASETS/CodecFake/train/F05_p351_328.wav,5
/USERSPACE/DATASETS/CodecFake/train/F05_SSB07580449.wav,5
/USERSPACE/DATASETS/CodecFake/train/F05_SSB04070196.wav,5
/USERSPACE/DATASETS/CodecFake/train/F05_SSB07780405.wav,5
/USERSPACE/DATASETS/CodecFake/train/F05_SSB11100070.wav,5
/USERSPACE/DATASETS/CodecFake/train/F05_SSB07940177.wav,5
/USERSPACE/DATASETS/CodecFake/train/F05_SSB11310415.wav,5
/USERSPACE/DATASETS/CodecFake/train/F05_p227_078.wav,5
/USERSPACE/DATASETS/CodecFake/train/F05_SSB03950190.wav,5
/USERSPACE/DATASETS/CodecFake/train/F05_p268_212.wav,5
/USERSPACE/DATASETS/CodecFake/train/F05_SSB15630362.wav,5
/USERSPACE/DATASETS/CodecFake/train/F05_SSB01120344.wav,5
/USERSPACE/DATASETS/CodecFake/train/F05_SSB05350123.wav,5
/USERSPACE/DATASETS/CodecFake/train/F05_SSB05440252.wav,5
/USERSPACE/DATASETS/CodecFake/train/F05_SSB04350237.wav,5
/USERSPACE/DATASETS/CodecFake/train/F05_SSB15850322.wav,5
/USERSPACE/DATASETS/CodecFake/train/F05_p341_087.wav,5
/USERSPACE/DATASETS/CodecFake/train/F05_SSB19560420.wav,5
/USERSPACE/DATASETS/CodecFake/train/F05_p266_168.wav,5
/USERSPACE/DATASETS/CodecFake/train/F05_SSB11100198.wav,5
/USERSPACE/DATASETS/CodecFake/train/F05_SSB02670053.wav,5
/USERSPACE/DATASETS/CodecFake/train/F05_p363_367.wav,5
/USERSPACE/DATASETS/CodecFake/train/F05_p286_057.wav,5
/USERSPACE/DATASETS/CodecFake/train/F05_p226_232.wav,5
/USERSPACE/DATASETS/CodecFake/train/F05_SSB15850180.wav,5
/USERSPACE/DATASETS/CodecFake/train/F05_SSB03380129.wav,5
/USERSPACE/DATASETS/CodecFake/train/F05_p288_114.wav,5
/USERSPACE/DATASETS/CodecFake/train/F05_SSB13220327.wav,5
/USERSPACE/DATASETS/CodecFake/train/F05_p230_110.wav,5
/USERSPACE/DATASETS/CodecFake/train/F05_SSB13660461.wav,5
/USERSPACE/DATASETS/CodecFake/train/F05_SSB17110318.wav,5
/USERSPACE/DATASETS/CodecFake/train/F05_SSB03420245.wav,5
/USERSPACE/DATASETS/CodecFake/train/F05_p329_103.wav,5
/USERSPACE/DATASETS/CodecFake/train/F05_p363_028.wav,5
/USERSPACE/DATASETS/CodecFake/train/F05_SSB03070117.wav,5
/USERSPACE/DATASETS/CodecFake/train/F05_SSB15670008.wav,5
/USERSPACE/DATASETS/CodecFake/train/F05_SSB06660444.wav,5
/USERSPACE/DATASETS/CodecFake/train/F05_SSB06310354.wav,5
/USERSPACE/DATASETS/CodecFake/train/F05_SSB07100165.wav,5
/USERSPACE/DATASETS/CodecFake/train/F05_SSB18320154.wav,5
/USERSPACE/DATASETS/CodecFake/train/F05_SSB07020081.wav,5
/USERSPACE/DATASETS/CodecFake/train/F05_SSB06070003.wav,5
/USERSPACE/DATASETS/CodecFake/train/F05_SSB07490476.wav,5
/USERSPACE/DATASETS/CodecFake/train/F05_SSB00330363.wav,5
/USERSPACE/DATASETS/CodecFake/train/F05_p315_216.wav,5
/USERSPACE/DATASETS/CodecFake/train/F05_SSB11150476.wav,5
/USERSPACE/DATASETS/CodecFake/train/F05_SSB05650228.wav,5
/USERSPACE/DATASETS/CodecFake/train/F05_SSB09130227.wav,5
/USERSPACE/DATASETS/CodecFake/train/F05_SSB12150295.wav,5
/USERSPACE/DATASETS/CodecFake/train/F05_SSB07360477.wav,5
/USERSPACE/DATASETS/CodecFake/train/F05_p259_219.wav,5
/USERSPACE/DATASETS/CodecFake/train/F05_SSB10560421.wav,5
/USERSPACE/DATASETS/CodecFake/train/F05_SSB09870252.wav,5
/USERSPACE/DATASETS/CodecFake/train/F05_SSB07460292.wav,5
/USERSPACE/DATASETS/CodecFake/train/F05_SSB06140014.wav,5
/USERSPACE/DATASETS/CodecFake/train/F05_SSB03410090.wav,5
/USERSPACE/DATASETS/CodecFake/train/F05_SSB16240102.wav,5
/USERSPACE/DATASETS/CodecFake/train/F05_SSB08170200.wav,5
/USERSPACE/DATASETS/CodecFake/train/F05_p374_257.wav,5
/USERSPACE/DATASETS/CodecFake/train/F05_SSB01390009.wav,5
/USERSPACE/DATASETS/CodecFake/train/F05_SSB03070242.wav,5
/USERSPACE/DATASETS/CodecFake/train/F05_p240_355.wav,5
/USERSPACE/DATASETS/CodecFake/train/F05_SSB11100322.wav,5
/USERSPACE/DATASETS/CodecFake/train/F05_SSB13220308.wav,5
/USERSPACE/DATASETS/CodecFake/train/F05_SSB17280235.wav,5
/USERSPACE/DATASETS/CodecFake/train/F05_SSB00380162.wav,5
/USERSPACE/DATASETS/CodecFake/train/F05_SSB01930459.wav,5
/USERSPACE/DATASETS/CodecFake/train/F05_SSB06290484.wav,5
/USERSPACE/DATASETS/CodecFake/train/F05_SSB15670389.wav,5
/USERSPACE/DATASETS/CodecFake/train/F05_p259_167.wav,5
/USERSPACE/DATASETS/CodecFake/train/F05_p311_330.wav,5
/USERSPACE/DATASETS/CodecFake/train/F05_p250_404.wav,5
/USERSPACE/DATASETS/CodecFake/train/F05_p227_276.wav,5
/USERSPACE/DATASETS/CodecFake/train/F05_SSB02410303.wav,5
/USERSPACE/DATASETS/CodecFake/train/F05_SSB18720420.wav,5
/USERSPACE/DATASETS/CodecFake/train/F05_SSB10500090.wav,5
/USERSPACE/DATASETS/CodecFake/train/F05_SSB06660376.wav,5
/USERSPACE/DATASETS/CodecFake/train/F05_SSB18720021.wav,5
/USERSPACE/DATASETS/CodecFake/train/F05_SSB14480205.wav,5
/USERSPACE/DATASETS/CodecFake/train/F05_SSB16070063.wav,5
/USERSPACE/DATASETS/CodecFake/train/F05_SSB03540502.wav,5
/USERSPACE/DATASETS/CodecFake/train/F05_SSB01970062.wav,5
/USERSPACE/DATASETS/CodecFake/train/F05_p277_262.wav,5
/USERSPACE/DATASETS/CodecFake/train/F05_SSB07510349.wav,5
/USERSPACE/DATASETS/CodecFake/train/F05_SSB11260122.wav,5
/USERSPACE/DATASETS/CodecFake/train/F05_SSB06660272.wav,5
/USERSPACE/DATASETS/CodecFake/train/F05_SSB05390418.wav,5
/USERSPACE/DATASETS/CodecFake/train/F05_SSB18630031.wav,5
/USERSPACE/DATASETS/CodecFake/train/F05_SSB12030105.wav,5
/USERSPACE/DATASETS/CodecFake/train/F05_SSB12030318.wav,5
/USERSPACE/DATASETS/CodecFake/train/F05_p271_189.wav,5
/USERSPACE/DATASETS/CodecFake/train/F05_p282_189.wav,5
/USERSPACE/DATASETS/CodecFake/train/F05_SSB06680081.wav,5
/USERSPACE/DATASETS/CodecFake/train/F05_SSB03820044.wav,5
/USERSPACE/DATASETS/CodecFake/train/F05_SSB11310367.wav,5
/USERSPACE/DATASETS/CodecFake/train/F05_SSB03930477.wav,5
/USERSPACE/DATASETS/CodecFake/train/F05_SSB02460455.wav,5
/USERSPACE/DATASETS/CodecFake/train/F05_SSB03090024.wav,5
/USERSPACE/DATASETS/CodecFake/train/F05_SSB11080083.wav,5
/USERSPACE/DATASETS/CodecFake/train/F05_p302_079.wav,5
/USERSPACE/DATASETS/CodecFake/train/F05_SSB10200073.wav,5
/USERSPACE/DATASETS/CodecFake/train/F05_SSB11360119.wav,5
/USERSPACE/DATASETS/CodecFake/train/F05_p250_026.wav,5
/USERSPACE/DATASETS/CodecFake/train/F05_SSB18780350.wav,5
/USERSPACE/DATASETS/CodecFake/train/F05_SSB02670240.wav,5
/USERSPACE/DATASETS/CodecFake/train/F05_p302_085.wav,5
/USERSPACE/DATASETS/CodecFake/train/F05_SSB02410186.wav,5
/USERSPACE/DATASETS/CodecFake/train/F05_p283_340.wav,5
/USERSPACE/DATASETS/CodecFake/train/F05_p263_121.wav,5
/USERSPACE/DATASETS/CodecFake/train/F05_SSB03750224.wav,5
/USERSPACE/DATASETS/CodecFake/train/F05_p268_098.wav,5
/USERSPACE/DATASETS/CodecFake/train/F05_p252_387.wav,5
/USERSPACE/DATASETS/CodecFake/train/F05_p333_226.wav,5
/USERSPACE/DATASETS/CodecFake/train/F05_SSB17810099.wav,5
/USERSPACE/DATASETS/CodecFake/train/F05_p265_078.wav,5
/USERSPACE/DATASETS/CodecFake/train/F05_SSB19390346.wav,5
/USERSPACE/DATASETS/CodecFake/train/F05_SSB15750039.wav,5
/USERSPACE/DATASETS/CodecFake/train/F05_p333_022.wav,5
/USERSPACE/DATASETS/CodecFake/train/F05_p279_394.wav,5
/USERSPACE/DATASETS/CodecFake/train/F05_SSB11310200.wav,5
/USERSPACE/DATASETS/CodecFake/train/F05_p243_049.wav,5
/USERSPACE/DATASETS/CodecFake/train/F05_SSB02460064.wav,5
/USERSPACE/DATASETS/CodecFake/train/F05_SSB07800188.wav,5
/USERSPACE/DATASETS/CodecFake/train/F05_p227_035.wav,5
/USERSPACE/DATASETS/CodecFake/train/F05_SSB13990240.wav,5
/USERSPACE/DATASETS/CodecFake/train/F05_SSB16070215.wav,5
/USERSPACE/DATASETS/CodecFake/train/F05_SSB02990045.wav,5
/USERSPACE/DATASETS/CodecFake/train/F05_SSB16250261.wav,5
/USERSPACE/DATASETS/CodecFake/train/F05_SSB07480276.wav,5
/USERSPACE/DATASETS/CodecFake/train/F05_SSB16860003.wav,5
/USERSPACE/DATASETS/CodecFake/train/F05_SSB01220160.wav,5
/USERSPACE/DATASETS/CodecFake/train/F05_p239_359.wav,5
/USERSPACE/DATASETS/CodecFake/train/F05_SSB06660179.wav,5
/USERSPACE/DATASETS/CodecFake/train/F05_p351_169.wav,5
/USERSPACE/DATASETS/CodecFake/train/F05_SSB07160488.wav,5
/USERSPACE/DATASETS/CodecFake/train/F05_p299_095.wav,5
/USERSPACE/DATASETS/CodecFake/train/F05_SSB01450057.wav,5
/USERSPACE/DATASETS/CodecFake/train/F05_SSB17450362.wav,5
/USERSPACE/DATASETS/CodecFake/train/F05_p335_042.wav,5
/USERSPACE/DATASETS/CodecFake/train/F05_SSB13930461.wav,5
/USERSPACE/DATASETS/CodecFake/train/F05_SSB03950339.wav,5
/USERSPACE/DATASETS/CodecFake/train/F05_SSB11610326.wav,5
/USERSPACE/DATASETS/CodecFake/train/F05_SSB03410470.wav,5
/USERSPACE/DATASETS/CodecFake/train/F05_SSB13990172.wav,5
/USERSPACE/DATASETS/CodecFake/train/F05_SSB03090176.wav,5
/USERSPACE/DATASETS/CodecFake/train/F05_SSB00730076.wav,5
/USERSPACE/DATASETS/CodecFake/train/F05_p295_278.wav,5
/USERSPACE/DATASETS/CodecFake/train/F05_SSB07370466.wav,5
/USERSPACE/DATASETS/CodecFake/train/F05_p278_270.wav,5
/USERSPACE/DATASETS/CodecFake/train/F05_SSB18320090.wav,5
/USERSPACE/DATASETS/CodecFake/train/F05_SSB19390183.wav,5
/USERSPACE/DATASETS/CodecFake/train/F05_SSB10550340.wav,5
/USERSPACE/DATASETS/CodecFake/train/F05_p351_355.wav,5
/USERSPACE/DATASETS/CodecFake/train/F05_SSB19350412.wav,5
/USERSPACE/DATASETS/CodecFake/train/F05_p298_354.wav,5
/USERSPACE/DATASETS/CodecFake/train/F05_p282_169.wav,5
/USERSPACE/DATASETS/CodecFake/train/F05_SSB03160265.wav,5
/USERSPACE/DATASETS/CodecFake/train/F05_SSB13200322.wav,5
/USERSPACE/DATASETS/CodecFake/train/F05_p243_159.wav,5
/USERSPACE/DATASETS/CodecFake/train/F05_SSB11250132.wav,5
/USERSPACE/DATASETS/CodecFake/train/F05_SSB07800446.wav,5
/USERSPACE/DATASETS/CodecFake/train/F05_SSB05020458.wav,5
/USERSPACE/DATASETS/CodecFake/train/F05_SSB06070312.wav,5
/USERSPACE/DATASETS/CodecFake/train/F05_SSB15670313.wav,5
/USERSPACE/DATASETS/CodecFake/train/F05_SSB07940318.wav,5
/USERSPACE/DATASETS/CodecFake/train/F05_p270_128.wav,5
/USERSPACE/DATASETS/CodecFake/train/F05_SSB03230201.wav,5
/USERSPACE/DATASETS/CodecFake/train/F05_p269_323.wav,5
/USERSPACE/DATASETS/CodecFake/train/F05_SSB18320442.wav,5
/USERSPACE/DATASETS/CodecFake/train/F05_p361_424.wav,5
/USERSPACE/DATASETS/CodecFake/train/F05_p229_201.wav,5
/USERSPACE/DATASETS/CodecFake/train/F05_SSB13820077.wav,5
/USERSPACE/DATASETS/CodecFake/train/F05_SSB18280144.wav,5
/USERSPACE/DATASETS/CodecFake/train/F05_p239_370.wav,5
/USERSPACE/DATASETS/CodecFake/train/F05_SSB02730315.wav,5
/USERSPACE/DATASETS/CodecFake/train/F05_SSB12530339.wav,5
/USERSPACE/DATASETS/CodecFake/train/F05_SSB07490433.wav,5
/USERSPACE/DATASETS/CodecFake/train/F05_p227_030.wav,5
/USERSPACE/DATASETS/CodecFake/train/F05_SSB10500193.wav,5
/USERSPACE/DATASETS/CodecFake/train/F05_SSB13280411.wav,5
/USERSPACE/DATASETS/CodecFake/train/F05_SSB01330420.wav,5
/USERSPACE/DATASETS/CodecFake/train/F05_SSB00160222.wav,5
/USERSPACE/DATASETS/CodecFake/train/F05_SSB06090037.wav,5
/USERSPACE/DATASETS/CodecFake/train/F05_SSB01930287.wav,5
/USERSPACE/DATASETS/CodecFake/train/F05_p229_083.wav,5
/USERSPACE/DATASETS/CodecFake/train/F05_SSB03160152.wav,5
/USERSPACE/DATASETS/CodecFake/train/F05_SSB03380335.wav,5
/USERSPACE/DATASETS/CodecFake/train/F05_SSB07160358.wav,5
/USERSPACE/DATASETS/CodecFake/train/F05_p285_064.wav,5
/USERSPACE/DATASETS/CodecFake/train/F05_SSB03150348.wav,5
/USERSPACE/DATASETS/CodecFake/train/F05_p279_388.wav,5
/USERSPACE/DATASETS/CodecFake/train/F05_SSB04070216.wav,5
/USERSPACE/DATASETS/CodecFake/train/F05_SSB00110438.wav,5
/USERSPACE/DATASETS/CodecFake/train/F05_SSB16700365.wav,5
/USERSPACE/DATASETS/CodecFake/train/F05_SSB03380229.wav,5
/USERSPACE/DATASETS/CodecFake/train/F05_SSB07940242.wav,5
/USERSPACE/DATASETS/CodecFake/train/F05_SSB06310246.wav,5
/USERSPACE/DATASETS/CodecFake/train/F05_SSB13820258.wav,5
/USERSPACE/DATASETS/CodecFake/train/F05_p333_356.wav,5
/USERSPACE/DATASETS/CodecFake/train/F05_SSB13770426.wav,5
/USERSPACE/DATASETS/CodecFake/train/F05_SSB07600141.wav,5
/USERSPACE/DATASETS/CodecFake/train/F05_SSB07780440.wav,5
/USERSPACE/DATASETS/CodecFake/train/F05_SSB13920353.wav,5
/USERSPACE/DATASETS/CodecFake/train/F05_p259_262.wav,5
/USERSPACE/DATASETS/CodecFake/train/F05_SSB00800295.wav,5
/USERSPACE/DATASETS/CodecFake/train/F05_SSB00050266.wav,5
/USERSPACE/DATASETS/CodecFake/train/F05_p254_223.wav,5
/USERSPACE/DATASETS/CodecFake/train/F05_SSB03790157.wav,5
/USERSPACE/DATASETS/CodecFake/train/F05_p374_068.wav,5
/USERSPACE/DATASETS/CodecFake/train/F05_SSB18060041.wav,5
/USERSPACE/DATASETS/CodecFake/train/F05_SSB02610074.wav,5
/USERSPACE/DATASETS/CodecFake/train/F05_p254_022.wav,5
/USERSPACE/DATASETS/CodecFake/train/F05_p313_042.wav,5
/USERSPACE/DATASETS/CodecFake/train/F05_p281_137.wav,5
/USERSPACE/DATASETS/CodecFake/train/F05_p304_314.wav,5
/USERSPACE/DATASETS/CodecFake/train/F05_p285_076.wav,5
/USERSPACE/DATASETS/CodecFake/train/F05_SSB13280251.wav,5
/USERSPACE/DATASETS/CodecFake/train/F05_SSB00800304.wav,5
/USERSPACE/DATASETS/CodecFake/train/F05_SSB10910173.wav,5
/USERSPACE/DATASETS/CodecFake/train/F05_SSB04350330.wav,5
/USERSPACE/DATASETS/CodecFake/train/F05_SSB03230469.wav,5
/USERSPACE/DATASETS/CodecFake/train/F05_SSB19560440.wav,5
/USERSPACE/DATASETS/CodecFake/train/F05_SSB09150091.wav,5
/USERSPACE/DATASETS/CodecFake/train/F05_p244_191.wav,5
/USERSPACE/DATASETS/CodecFake/train/F05_SSB02990312.wav,5
/USERSPACE/DATASETS/CodecFake/train/F05_p351_021.wav,5
/USERSPACE/DATASETS/CodecFake/train/F05_SSB09350470.wav,5
/USERSPACE/DATASETS/CodecFake/train/F05_p249_112.wav,5
/USERSPACE/DATASETS/CodecFake/train/F05_SSB07480264.wav,5
/USERSPACE/DATASETS/CodecFake/train/F05_SSB03230256.wav,5
/USERSPACE/DATASETS/CodecFake/train/F05_SSB07170036.wav,5
/USERSPACE/DATASETS/CodecFake/train/F05_SSB10960421.wav,5
/USERSPACE/DATASETS/CodecFake/train/F05_SSB09870472.wav,5
/USERSPACE/DATASETS/CodecFake/train/F05_p310_348.wav,5
/USERSPACE/DATASETS/CodecFake/train/F05_SSB07020407.wav,5
/USERSPACE/DATASETS/CodecFake/train/F05_SSB02990397.wav,5
/USERSPACE/DATASETS/CodecFake/train/F05_p269_233.wav,5
/USERSPACE/DATASETS/CodecFake/train/F05_SSB05880206.wav,5
/USERSPACE/DATASETS/CodecFake/train/F05_SSB13200231.wav,5
/USERSPACE/DATASETS/CodecFake/train/F05_SSB06140225.wav,5
/USERSPACE/DATASETS/CodecFake/train/F05_SSB06140262.wav,5
/USERSPACE/DATASETS/CodecFake/train/F05_SSB04820466.wav,5
/USERSPACE/DATASETS/CodecFake/train/F05_SSB07480027.wav,5
/USERSPACE/DATASETS/CodecFake/train/F05_p293_102.wav,5
/USERSPACE/DATASETS/CodecFake/train/F05_SSB06710135.wav,5
/USERSPACE/DATASETS/CodecFake/train/F05_SSB06090062.wav,5
/USERSPACE/DATASETS/CodecFake/train/F05_p259_359.wav,5
/USERSPACE/DATASETS/CodecFake/train/F05_SSB18460208.wav,5
/USERSPACE/DATASETS/CodecFake/train/F05_SSB10240324.wav,5
/USERSPACE/DATASETS/CodecFake/train/F05_SSB07580417.wav,5
/USERSPACE/DATASETS/CodecFake/train/F05_p308_203.wav,5
/USERSPACE/DATASETS/CodecFake/train/F05_SSB03160360.wav,5
/USERSPACE/DATASETS/CodecFake/train/F05_SSB06660456.wav,5
/USERSPACE/DATASETS/CodecFake/train/F05_SSB07000228.wav,5
/USERSPACE/DATASETS/CodecFake/train/F05_SSB01930017.wav,5
/USERSPACE/DATASETS/CodecFake/train/F05_SSB00430060.wav,5
/USERSPACE/DATASETS/CodecFake/train/F05_p285_106.wav,5
/USERSPACE/DATASETS/CodecFake/train/F05_SSB07160046.wav,5
/USERSPACE/DATASETS/CodecFake/train/F05_SSB05940271.wav,5
/USERSPACE/DATASETS/CodecFake/train/F05_SSB01490012.wav,5
/USERSPACE/DATASETS/CodecFake/train/F05_p230_145.wav,5
/USERSPACE/DATASETS/CodecFake/train/F05_SSB03380469.wav,5
/USERSPACE/DATASETS/CodecFake/train/F05_SSB07020277.wav,5
/USERSPACE/DATASETS/CodecFake/train/F05_p335_303.wav,5
/USERSPACE/DATASETS/CodecFake/train/F05_SSB10640363.wav,5
/USERSPACE/DATASETS/CodecFake/train/F05_p284_001.wav,5
/USERSPACE/DATASETS/CodecFake/train/F05_SSB13990344.wav,5
/USERSPACE/DATASETS/CodecFake/train/F05_SSB11760353.wav,5
/USERSPACE/DATASETS/CodecFake/train/F05_SSB06930186.wav,5
/USERSPACE/DATASETS/CodecFake/train/F05_SSB10910398.wav,5
/USERSPACE/DATASETS/CodecFake/train/F05_p351_016.wav,5
/USERSPACE/DATASETS/CodecFake/train/F05_SSB04700232.wav,5
/USERSPACE/DATASETS/CodecFake/train/F05_SSB07370075.wav,5
/USERSPACE/DATASETS/CodecFake/train/F05_SSB03150374.wav,5
/USERSPACE/DATASETS/CodecFake/train/F05_SSB10020399.wav,5
/USERSPACE/DATASETS/CodecFake/train/F05_p286_011.wav,5
/USERSPACE/DATASETS/CodecFake/train/F05_p243_242.wav,5
/USERSPACE/DATASETS/CodecFake/train/F05_p339_147.wav,5
/USERSPACE/DATASETS/CodecFake/train/F05_p362_081.wav,5
/USERSPACE/DATASETS/CodecFake/train/F05_p246_344.wav,5
/USERSPACE/DATASETS/CodecFake/train/F05_SSB07580020.wav,5
/USERSPACE/DATASETS/CodecFake/train/F05_p253_101.wav,5
/USERSPACE/DATASETS/CodecFake/train/F05_SSB07780147.wav,5
/USERSPACE/DATASETS/CodecFake/train/F05_SSB01970207.wav,5
/USERSPACE/DATASETS/CodecFake/train/F05_SSB07940260.wav,5
/USERSPACE/DATASETS/CodecFake/train/F05_p295_212.wav,5
/USERSPACE/DATASETS/CodecFake/train/F05_SSB00730109.wav,5
/USERSPACE/DATASETS/CodecFake/train/F05_SSB11260139.wav,5
/USERSPACE/DATASETS/CodecFake/train/F05_SSB00160080.wav,5
/USERSPACE/DATASETS/CodecFake/train/F05_SSB13850501.wav,5
/USERSPACE/DATASETS/CodecFake/train/F05_SSB16860425.wav,5
/USERSPACE/DATASETS/CodecFake/train/F05_p363_010.wav,5
/USERSPACE/DATASETS/CodecFake/train/F05_SSB03390279.wav,5
/USERSPACE/DATASETS/CodecFake/train/F05_SSB09350381.wav,5
/USERSPACE/DATASETS/CodecFake/train/F05_SSB02730334.wav,5
/USERSPACE/DATASETS/CodecFake/train/F05_SSB16990022.wav,5
/USERSPACE/DATASETS/CodecFake/train/F05_SSB16700312.wav,5
/USERSPACE/DATASETS/CodecFake/train/F05_SSB06060187.wav,5
/USERSPACE/DATASETS/CodecFake/train/F05_SSB12150103.wav,5
/USERSPACE/DATASETS/CodecFake/train/F05_SSB05650400.wav,5
/USERSPACE/DATASETS/CodecFake/train/F05_SSB19560405.wav,5
/USERSPACE/DATASETS/CodecFake/train/F05_p292_209.wav,5
/USERSPACE/DATASETS/CodecFake/train/F05_p229_387.wav,5
/USERSPACE/DATASETS/CodecFake/train/F05_p298_226.wav,5
/USERSPACE/DATASETS/CodecFake/train/F05_SSB18280396.wav,5
/USERSPACE/DATASETS/CodecFake/train/F05_p243_214.wav,5
/USERSPACE/DATASETS/CodecFake/train/F05_SSB03380500.wav,5
/USERSPACE/DATASETS/CodecFake/train/F05_SSB07000079.wav,5
/USERSPACE/DATASETS/CodecFake/train/F05_SSB03820420.wav,5
/USERSPACE/DATASETS/CodecFake/train/F05_SSB14370427.wav,5
/USERSPACE/DATASETS/CodecFake/train/F05_p304_123.wav,5
/USERSPACE/DATASETS/CodecFake/train/F05_p264_254.wav,5
/USERSPACE/DATASETS/CodecFake/train/F05_SSB05020187.wav,5
/USERSPACE/DATASETS/CodecFake/train/F05_SSB17450095.wav,5
/USERSPACE/DATASETS/CodecFake/train/F05_p227_118.wav,5
/USERSPACE/DATASETS/CodecFake/train/F05_SSB18910220.wav,5
/USERSPACE/DATASETS/CodecFake/train/F05_p239_168.wav,5
/USERSPACE/DATASETS/CodecFake/train/F05_SSB07160297.wav,5
/USERSPACE/DATASETS/CodecFake/train/F05_SSB07940014.wav,5
/USERSPACE/DATASETS/CodecFake/train/F05_SSB19180091.wav,5
/USERSPACE/DATASETS/CodecFake/train/F05_p284_064.wav,5
/USERSPACE/DATASETS/CodecFake/train/F05_p232_357.wav,5
/USERSPACE/DATASETS/CodecFake/train/F05_SSB07600457.wav,5
/USERSPACE/DATASETS/CodecFake/train/F05_p250_015.wav,5
/USERSPACE/DATASETS/CodecFake/train/F05_p276_118.wav,5
/USERSPACE/DATASETS/CodecFake/train/F05_SSB04150321.wav,5
/USERSPACE/DATASETS/CodecFake/train/F05_SSB07490449.wav,5
/USERSPACE/DATASETS/CodecFake/train/F05_p239_263.wav,5
/USERSPACE/DATASETS/CodecFake/train/F05_p229_117.wav,5
/USERSPACE/DATASETS/CodecFake/train/F05_SSB14370349.wav,5
/USERSPACE/DATASETS/CodecFake/train/F05_SSB03930077.wav,5
/USERSPACE/DATASETS/CodecFake/train/F05_SSB15930463.wav,5
/USERSPACE/DATASETS/CodecFake/train/F05_SSB16070091.wav,5
/USERSPACE/DATASETS/CodecFake/train/F05_SSB06030069.wav,5
/USERSPACE/DATASETS/CodecFake/train/F05_p228_231.wav,5
/USERSPACE/DATASETS/CodecFake/train/F05_SSB16700343.wav,5
/USERSPACE/DATASETS/CodecFake/train/F05_SSB03750414.wav,5
/USERSPACE/DATASETS/CodecFake/train/F05_SSB08220185.wav,5
/USERSPACE/DATASETS/CodecFake/train/F05_p287_046.wav,5
/USERSPACE/DATASETS/CodecFake/train/F05_p345_148.wav,5
/USERSPACE/DATASETS/CodecFake/train/F05_p267_129.wav,5
/USERSPACE/DATASETS/CodecFake/train/F05_SSB15670285.wav,5
/USERSPACE/DATASETS/CodecFake/train/F05_p238_124.wav,5
/USERSPACE/DATASETS/CodecFake/train/F05_p335_131.wav,5
/USERSPACE/DATASETS/CodecFake/train/F05_SSB07170025.wav,5
/USERSPACE/DATASETS/CodecFake/train/F05_SSB05780017.wav,5
/USERSPACE/DATASETS/CodecFake/train/F05_SSB08870240.wav,5
/USERSPACE/DATASETS/CodecFake/train/F05_p250_162.wav,5
/USERSPACE/DATASETS/CodecFake/train/F05_p376_046.wav,5
/USERSPACE/DATASETS/CodecFake/train/F05_SSB02610252.wav,5
/USERSPACE/DATASETS/CodecFake/train/F05_SSB18100108.wav,5
/USERSPACE/DATASETS/CodecFake/train/F05_SSB13020173.wav,5
/USERSPACE/DATASETS/CodecFake/train/F05_SSB07460234.wav,5
/USERSPACE/DATASETS/CodecFake/train/F05_SSB12190371.wav,5
/USERSPACE/DATASETS/CodecFake/train/F05_SSB04700179.wav,5
/USERSPACE/DATASETS/CodecFake/train/F05_p238_368.wav,5
/USERSPACE/DATASETS/CodecFake/train/F05_p318_360.wav,5
/USERSPACE/DATASETS/CodecFake/train/F05_SSB06060490.wav,5
/USERSPACE/DATASETS/CodecFake/train/F05_SSB18910259.wav,5
/USERSPACE/DATASETS/CodecFake/train/F05_p300_371.wav,5
/USERSPACE/DATASETS/CodecFake/train/F05_SSB05440218.wav,5
/USERSPACE/DATASETS/CodecFake/train/F05_SSB15850394.wav,5
/USERSPACE/DATASETS/CodecFake/train/F05_SSB11380467.wav,5
/USERSPACE/DATASETS/CodecFake/train/F05_SSB04820063.wav,5
/USERSPACE/DATASETS/CodecFake/train/F05_p269_286.wav,5
/USERSPACE/DATASETS/CodecFake/train/F05_SSB03070259.wav,5
/USERSPACE/DATASETS/CodecFake/train/F05_SSB19350099.wav,5
/USERSPACE/DATASETS/CodecFake/train/F05_SSB05390066.wav,5
/USERSPACE/DATASETS/CodecFake/train/F05_SSB00160034.wav,5
/USERSPACE/DATASETS/CodecFake/train/F05_p259_089.wav,5
/USERSPACE/DATASETS/CodecFake/train/F05_SSB02990087.wav,5
/USERSPACE/DATASETS/CodecFake/train/F05_SSB16240214.wav,5
/USERSPACE/DATASETS/CodecFake/train/F05_SSB07160471.wav,5
/USERSPACE/DATASETS/CodecFake/train/F05_SSB13820312.wav,5
/USERSPACE/DATASETS/CodecFake/train/F05_SSB10560366.wav,5
/USERSPACE/DATASETS/CodecFake/train/F05_SSB18320121.wav,5
/USERSPACE/DATASETS/CodecFake/train/F05_SSB15850292.wav,5
/USERSPACE/DATASETS/CodecFake/train/F05_SSB03800121.wav,5
/USERSPACE/DATASETS/CodecFake/train/F05_p288_123.wav,5
/USERSPACE/DATASETS/CodecFake/train/F05_SSB05780022.wav,5
/USERSPACE/DATASETS/CodecFake/train/F05_SSB13400046.wav,5
/USERSPACE/DATASETS/CodecFake/train/F05_SSB18060419.wav,5
/USERSPACE/DATASETS/CodecFake/train/F05_SSB09350355.wav,5
/USERSPACE/DATASETS/CodecFake/train/F05_p335_382.wav,5
/USERSPACE/DATASETS/CodecFake/train/F05_SSB08630119.wav,5
/USERSPACE/DATASETS/CodecFake/train/F05_SSB04150037.wav,5
/USERSPACE/DATASETS/CodecFake/train/F05_p273_148.wav,5
/USERSPACE/DATASETS/CodecFake/train/F05_p274_308.wav,5
/USERSPACE/DATASETS/CodecFake/train/F05_p276_058.wav,5
/USERSPACE/DATASETS/CodecFake/train/F05_SSB04350246.wav,5
/USERSPACE/DATASETS/CodecFake/train/F05_SSB13820290.wav,5
/USERSPACE/DATASETS/CodecFake/train/F05_p253_307.wav,5
/USERSPACE/DATASETS/CodecFake/train/F05_p251_019.wav,5
/USERSPACE/DATASETS/CodecFake/train/F05_SSB10720006.wav,5
/USERSPACE/DATASETS/CodecFake/train/F05_SSB19020024.wav,5
/USERSPACE/DATASETS/CodecFake/train/F05_SSB12180379.wav,5
/USERSPACE/DATASETS/CodecFake/train/F05_p313_163.wav,5
/USERSPACE/DATASETS/CodecFake/train/F05_p260_341.wav,5
/USERSPACE/DATASETS/CodecFake/train/F05_SSB06710373.wav,5
/USERSPACE/DATASETS/CodecFake/train/F05_SSB02670441.wav,5
/USERSPACE/DATASETS/CodecFake/train/F05_p268_269.wav,5
/USERSPACE/DATASETS/CodecFake/train/F05_p230_105.wav,5
/USERSPACE/DATASETS/CodecFake/train/F05_p284_004.wav,5
/USERSPACE/DATASETS/CodecFake/train/F05_SSB18310430.wav,5
/USERSPACE/DATASETS/CodecFake/train/F05_p295_118.wav,5
/USERSPACE/DATASETS/CodecFake/train/F05_SSB14480048.wav,5
/USERSPACE/DATASETS/CodecFake/train/F05_SSB05990474.wav,5
/USERSPACE/DATASETS/CodecFake/train/F05_p250_065.wav,5
/USERSPACE/DATASETS/CodecFake/train/F05_SSB19390307.wav,5
/USERSPACE/DATASETS/CodecFake/train/F05_SSB17820487.wav,5
/USERSPACE/DATASETS/CodecFake/train/F05_SSB06140167.wav,5
/USERSPACE/DATASETS/CodecFake/train/F05_SSB10200311.wav,5
/USERSPACE/DATASETS/CodecFake/train/F05_SSB02460043.wav,5
/USERSPACE/DATASETS/CodecFake/train/F05_p247_315.wav,5
/USERSPACE/DATASETS/CodecFake/train/F05_p311_415.wav,5
/USERSPACE/DATASETS/CodecFake/train/F05_p330_118.wav,5
/USERSPACE/DATASETS/CodecFake/train/F05_SSB18910162.wav,5
/USERSPACE/DATASETS/CodecFake/train/F05_SSB07940228.wav,5
/USERSPACE/DATASETS/CodecFake/train/F05_SSB05340453.wav,5
/USERSPACE/DATASETS/CodecFake/train/F05_p284_373.wav,5
/USERSPACE/DATASETS/CodecFake/train/F05_SSB15550127.wav,5
/USERSPACE/DATASETS/CodecFake/train/F05_SSB13410194.wav,5
/USERSPACE/DATASETS/CodecFake/train/F05_SSB02990147.wav,5
/USERSPACE/DATASETS/CodecFake/train/F05_p240_060.wav,5
/USERSPACE/DATASETS/CodecFake/train/F05_SSB13220277.wav,5
/USERSPACE/DATASETS/CodecFake/train/F05_SSB06310243.wav,5
/USERSPACE/DATASETS/CodecFake/train/F05_SSB07510336.wav,5
/USERSPACE/DATASETS/CodecFake/train/F05_p330_046.wav,5
/USERSPACE/DATASETS/CodecFake/train/F05_p374_205.wav,5
/USERSPACE/DATASETS/CodecFake/train/F05_p259_207.wav,5
/USERSPACE/DATASETS/CodecFake/train/F05_p300_021.wav,5
/USERSPACE/DATASETS/CodecFake/train/F05_SSB16990311.wav,5
/USERSPACE/DATASETS/CodecFake/train/F05_SSB01450270.wav,5
/USERSPACE/DATASETS/CodecFake/train/F05_SSB12740461.wav,5
/USERSPACE/DATASETS/CodecFake/train/F05_SSB01490260.wav,5
/USERSPACE/DATASETS/CodecFake/train/F05_p273_197.wav,5
/USERSPACE/DATASETS/CodecFake/train/F05_p230_027.wav,5
/USERSPACE/DATASETS/CodecFake/train/F05_SSB08220055.wav,5
/USERSPACE/DATASETS/CodecFake/train/F05_p363_132.wav,5
/USERSPACE/DATASETS/CodecFake/train/F05_SSB06140132.wav,5
/USERSPACE/DATASETS/CodecFake/train/F05_SSB12030104.wav,5
/USERSPACE/DATASETS/CodecFake/train/F05_p279_279.wav,5
/USERSPACE/DATASETS/CodecFake/train/F05_SSB15670245.wav,5
/USERSPACE/DATASETS/CodecFake/train/F05_SSB01930202.wav,5
/USERSPACE/DATASETS/CodecFake/train/F05_SSB02870087.wav,5
/USERSPACE/DATASETS/CodecFake/train/F05_p304_342.wav,5
/USERSPACE/DATASETS/CodecFake/train/F05_p316_311.wav,5
/USERSPACE/DATASETS/CodecFake/train/F05_SSB07000461.wav,5
/USERSPACE/DATASETS/CodecFake/train/F05_p304_013.wav,5
/USERSPACE/DATASETS/CodecFake/train/F05_p247_395.wav,5
/USERSPACE/DATASETS/CodecFake/train/F05_SSB13770451.wav,5
/USERSPACE/DATASETS/CodecFake/train/F05_p363_290.wav,5
/USERSPACE/DATASETS/CodecFake/train/F05_p310_098.wav,5
/USERSPACE/DATASETS/CodecFake/train/F05_p310_403.wav,5
/USERSPACE/DATASETS/CodecFake/train/F05_p323_272.wav,5
/USERSPACE/DATASETS/CodecFake/train/F05_SSB04270243.wav,5
/USERSPACE/DATASETS/CodecFake/train/F05_SSB19350044.wav,5
/USERSPACE/DATASETS/CodecFake/train/F05_SSB15630154.wav,5
/USERSPACE/DATASETS/CodecFake/train/F05_p339_346.wav,5
/USERSPACE/DATASETS/CodecFake/train/F05_p247_460.wav,5
/USERSPACE/DATASETS/CodecFake/train/F05_p318_111.wav,5
/USERSPACE/DATASETS/CodecFake/train/F05_SSB05990406.wav,5
/USERSPACE/DATASETS/CodecFake/train/F05_p326_199.wav,5
/USERSPACE/DATASETS/CodecFake/train/F05_p236_167.wav,5
/USERSPACE/DATASETS/CodecFake/train/F05_SSB15750096.wav,5
/USERSPACE/DATASETS/CodecFake/train/F05_SSB11150298.wav,5
/USERSPACE/DATASETS/CodecFake/train/F05_SSB17450285.wav,5
/USERSPACE/DATASETS/CodecFake/train/F05_SSB17820372.wav,5
/USERSPACE/DATASETS/CodecFake/train/F05_SSB10240290.wav,5
/USERSPACE/DATASETS/CodecFake/train/F05_SSB06660137.wav,5
/USERSPACE/DATASETS/CodecFake/train/F05_p279_097.wav,5
/USERSPACE/DATASETS/CodecFake/train/F05_SSB12030202.wav,5
/USERSPACE/DATASETS/CodecFake/train/F05_SSB13770317.wav,5
/USERSPACE/DATASETS/CodecFake/train/F05_SSB07510398.wav,5
/USERSPACE/DATASETS/CodecFake/train/F05_SSB12530395.wav,5
/USERSPACE/DATASETS/CodecFake/train/F05_p351_001.wav,5
/USERSPACE/DATASETS/CodecFake/train/F05_SSB03940327.wav,5
/USERSPACE/DATASETS/CodecFake/train/F05_SSB04270068.wav,5
/USERSPACE/DATASETS/CodecFake/train/F05_p317_034.wav,5
/USERSPACE/DATASETS/CodecFake/train/F05_SSB16240163.wav,5
/USERSPACE/DATASETS/CodecFake/train/F05_SSB03410490.wav,5
/USERSPACE/DATASETS/CodecFake/train/F05_SSB05390179.wav,5
/USERSPACE/DATASETS/CodecFake/train/F05_p295_268.wav,5
/USERSPACE/DATASETS/CodecFake/train/F05_SSB00800164.wav,5
/USERSPACE/DATASETS/CodecFake/train/F05_SSB07160039.wav,5
/USERSPACE/DATASETS/CodecFake/train/F05_SSB06680091.wav,5
/USERSPACE/DATASETS/CodecFake/train/F05_p280_094.wav,5
/USERSPACE/DATASETS/CodecFake/train/F05_p248_187.wav,5
/USERSPACE/DATASETS/CodecFake/train/F05_p259_422.wav,5
/USERSPACE/DATASETS/CodecFake/train/F05_SSB17820347.wav,5
/USERSPACE/DATASETS/CodecFake/train/F05_SSB07020161.wav,5
/USERSPACE/DATASETS/CodecFake/train/F05_SSB04700113.wav,5
/USERSPACE/DATASETS/CodecFake/train/F05_p300_278.wav,5
/USERSPACE/DATASETS/CodecFake/train/F05_p267_136.wav,5
/USERSPACE/DATASETS/CodecFake/train/F05_SSB13650115.wav,5
/USERSPACE/DATASETS/CodecFake/train/F05_SSB03070326.wav,5
/USERSPACE/DATASETS/CodecFake/train/F05_SSB00730331.wav,5
/USERSPACE/DATASETS/CodecFake/train/F05_p313_258.wav,5
/USERSPACE/DATASETS/CodecFake/train/F05_SSB02870153.wav,5
/USERSPACE/DATASETS/CodecFake/train/F05_SSB04820074.wav,5
/USERSPACE/DATASETS/CodecFake/train/F05_SSB03420124.wav,5
/USERSPACE/DATASETS/CodecFake/train/F05_SSB03150176.wav,5
/USERSPACE/DATASETS/CodecFake/train/F05_p236_105.wav,5
/USERSPACE/DATASETS/CodecFake/train/F05_p314_062.wav,5
/USERSPACE/DATASETS/CodecFake/train/F05_SSB00380385.wav,5
/USERSPACE/DATASETS/CodecFake/train/F05_SSB04820010.wav,5
/USERSPACE/DATASETS/CodecFake/train/F05_SSB06660331.wav,5
/USERSPACE/DATASETS/CodecFake/train/F05_SSB00570482.wav,5
/USERSPACE/DATASETS/CodecFake/train/F05_p250_382.wav,5
/USERSPACE/DATASETS/CodecFake/train/F05_SSB10720289.wav,5
/USERSPACE/DATASETS/CodecFake/train/F05_p336_171.wav,5
/USERSPACE/DATASETS/CodecFake/train/F05_p282_057.wav,5
/USERSPACE/DATASETS/CodecFake/train/F05_SSB02460124.wav,5
/USERSPACE/DATASETS/CodecFake/train/F05_SSB07490213.wav,5
/USERSPACE/DATASETS/CodecFake/train/F05_SSB05340147.wav,5
/USERSPACE/DATASETS/CodecFake/train/F05_SSB07460114.wav,5
/USERSPACE/DATASETS/CodecFake/train/F05_SSB00330452.wav,5
/USERSPACE/DATASETS/CodecFake/train/F05_SSB13410148.wav,5
/USERSPACE/DATASETS/CodecFake/train/F05_SSB08710480.wav,5
/USERSPACE/DATASETS/CodecFake/train/F05_p317_241.wav,5
/USERSPACE/DATASETS/CodecFake/train/F05_p295_241.wav,5
/USERSPACE/DATASETS/CodecFake/train/F05_SSB09660324.wav,5
/USERSPACE/DATASETS/CodecFake/train/F05_p275_281.wav,5
/USERSPACE/DATASETS/CodecFake/train/F05_SSB14020488.wav,5
/USERSPACE/DATASETS/CodecFake/train/F05_p316_255.wav,5
/USERSPACE/DATASETS/CodecFake/train/F05_SSB03390390.wav,5
/USERSPACE/DATASETS/CodecFake/train/F05_SSB03660206.wav,5
/USERSPACE/DATASETS/CodecFake/train/F05_SSB03390268.wav,5
/USERSPACE/DATASETS/CodecFake/train/F05_SSB01930332.wav,5
/USERSPACE/DATASETS/CodecFake/train/F05_SSB00050279.wav,5
/USERSPACE/DATASETS/CodecFake/train/F05_SSB04820013.wav,5
/USERSPACE/DATASETS/CodecFake/train/F05_SSB06230077.wav,5
/USERSPACE/DATASETS/CodecFake/train/F05_p335_264.wav,5
/USERSPACE/DATASETS/CodecFake/train/F05_SSB03540139.wav,5
/USERSPACE/DATASETS/CodecFake/train/F05_SSB04260182.wav,5
/USERSPACE/DATASETS/CodecFake/train/F05_p247_306.wav,5
/USERSPACE/DATASETS/CodecFake/train/F05_SSB07510183.wav,5
/USERSPACE/DATASETS/CodecFake/train/F05_p317_005.wav,5
/USERSPACE/DATASETS/CodecFake/train/F05_p301_312.wav,5
/USERSPACE/DATASETS/CodecFake/train/F05_p345_161.wav,5
/USERSPACE/DATASETS/CodecFake/train/F05_SSB18310487.wav,5
/USERSPACE/DATASETS/CodecFake/train/F05_SSB03800154.wav,5
/USERSPACE/DATASETS/CodecFake/train/F05_SSB02670434.wav,5
/USERSPACE/DATASETS/CodecFake/train/F05_p305_298.wav,5
/USERSPACE/DATASETS/CodecFake/train/F05_SSB05650468.wav,5
/USERSPACE/DATASETS/CodecFake/train/F05_p272_276.wav,5
/USERSPACE/DATASETS/CodecFake/train/F05_p317_415.wav,5
/USERSPACE/DATASETS/CodecFake/train/F05_SSB04700196.wav,5
/USERSPACE/DATASETS/CodecFake/train/F05_SSB07230207.wav,5
/USERSPACE/DATASETS/CodecFake/train/F05_SSB10080213.wav,5
/USERSPACE/DATASETS/CodecFake/train/F05_p341_361.wav,5
/USERSPACE/DATASETS/CodecFake/train/F05_SSB00380189.wav,5
/USERSPACE/DATASETS/CodecFake/train/F05_SSB16500109.wav,5
/USERSPACE/DATASETS/CodecFake/train/F05_SSB01930303.wav,5
/USERSPACE/DATASETS/CodecFake/train/F05_SSB00380484.wav,5
/USERSPACE/DATASETS/CodecFake/train/F05_SSB11250357.wav,5
/USERSPACE/DATASETS/CodecFake/train/F05_SSB16700440.wav,5
/USERSPACE/DATASETS/CodecFake/train/F05_SSB07840347.wav,5
/USERSPACE/DATASETS/CodecFake/train/F05_SSB03070369.wav,5
/USERSPACE/DATASETS/CodecFake/train/F05_p244_013.wav,5
/USERSPACE/DATASETS/CodecFake/train/F05_SSB02670204.wav,5
/USERSPACE/DATASETS/CodecFake/train/F05_SSB07000345.wav,5
/USERSPACE/DATASETS/CodecFake/train/F05_p374_093.wav,5
/USERSPACE/DATASETS/CodecFake/train/F05_SSB07490167.wav,5
/USERSPACE/DATASETS/CodecFake/train/F05_SSB14080063.wav,5
/USERSPACE/DATASETS/CodecFake/train/F05_p269_318.wav,5
/USERSPACE/DATASETS/CodecFake/train/F05_p259_127.wav,5
/USERSPACE/DATASETS/CodecFake/train/F05_SSB06230440.wav,5
/USERSPACE/DATASETS/CodecFake/train/F05_p303_283.wav,5
/USERSPACE/DATASETS/CodecFake/train/F05_SSB11150175.wav,5
/USERSPACE/DATASETS/CodecFake/train/F05_SSB16500457.wav,5
/USERSPACE/DATASETS/CodecFake/train/F05_SSB11150301.wav,5
/USERSPACE/DATASETS/CodecFake/train/F05_SSB07360366.wav,5
/USERSPACE/DATASETS/CodecFake/train/F05_p276_305.wav,5
/USERSPACE/DATASETS/CodecFake/train/F05_SSB13280029.wav,5
/USERSPACE/DATASETS/CodecFake/train/F05_p229_367.wav,5
/USERSPACE/DATASETS/CodecFake/train/F05_SSB13400340.wav,5
/USERSPACE/DATASETS/CodecFake/train/F05_SSB01330086.wav,5
/USERSPACE/DATASETS/CodecFake/train/F05_SSB06660378.wav,5
/USERSPACE/DATASETS/CodecFake/train/F05_SSB17820018.wav,5
/USERSPACE/DATASETS/CodecFake/train/F05_p236_202.wav,5
/USERSPACE/DATASETS/CodecFake/train/F05_SSB13920043.wav,5
/USERSPACE/DATASETS/CodecFake/train/F05_SSB03390253.wav,5
/USERSPACE/DATASETS/CodecFake/train/F05_SSB13280422.wav,5
/USERSPACE/DATASETS/CodecFake/train/F05_p303_340.wav,5
/USERSPACE/DATASETS/CodecFake/train/F05_p267_041.wav,5
/USERSPACE/DATASETS/CodecFake/train/F05_p334_058.wav,5
/USERSPACE/DATASETS/CodecFake/train/F05_SSB17280353.wav,5
/USERSPACE/DATASETS/CodecFake/train/F05_SSB11150123.wav,5
/USERSPACE/DATASETS/CodecFake/train/F05_SSB16070460.wav,5
/USERSPACE/DATASETS/CodecFake/train/F05_SSB07170019.wav,5
/USERSPACE/DATASETS/CodecFake/train/F05_p231_150.wav,5
/USERSPACE/DATASETS/CodecFake/train/F05_SSB13770324.wav,5
/USERSPACE/DATASETS/CodecFake/train/F05_SSB05700433.wav,5
/USERSPACE/DATASETS/CodecFake/train/F05_SSB00120150.wav,5
/USERSPACE/DATASETS/CodecFake/train/F05_SSB10550338.wav,5
/USERSPACE/DATASETS/CodecFake/train/F05_SSB05990148.wav,5
/USERSPACE/DATASETS/CodecFake/train/F05_SSB02990432.wav,5
/USERSPACE/DATASETS/CodecFake/train/F05_SSB06010152.wav,5
/USERSPACE/DATASETS/CodecFake/train/F05_SSB03390226.wav,5
/USERSPACE/DATASETS/CodecFake/train/F05_p259_249.wav,5
/USERSPACE/DATASETS/CodecFake/train/F05_SSB15670018.wav,5
/USERSPACE/DATASETS/CodecFake/train/F05_p312_314.wav,5
/USERSPACE/DATASETS/CodecFake/train/F05_SSB06010089.wav,5
/USERSPACE/DATASETS/CodecFake/train/F05_p284_014.wav,5
/USERSPACE/DATASETS/CodecFake/train/F05_SSB05340244.wav,5
/USERSPACE/DATASETS/CodecFake/train/F05_SSB13280407.wav,5
/USERSPACE/DATASETS/CodecFake/train/F05_p288_401.wav,5
/USERSPACE/DATASETS/CodecFake/train/F05_p304_397.wav,5
/USERSPACE/DATASETS/CodecFake/train/F05_p243_225.wav,5
/USERSPACE/DATASETS/CodecFake/train/F05_p262_162.wav,5
/USERSPACE/DATASETS/CodecFake/train/F05_SSB09870500.wav,5
/USERSPACE/DATASETS/CodecFake/train/F05_SSB15670354.wav,5
/USERSPACE/DATASETS/CodecFake/train/F05_SSB19020021.wav,5
/USERSPACE/DATASETS/CodecFake/train/F05_SSB12180111.wav,5
/USERSPACE/DATASETS/CodecFake/train/F05_SSB18090376.wav,5
/USERSPACE/DATASETS/CodecFake/train/F05_SSB07100221.wav,5
/USERSPACE/DATASETS/CodecFake/train/F05_SSB14570046.wav,5
/USERSPACE/DATASETS/CodecFake/train/F05_SSB09190185.wav,5
/USERSPACE/DATASETS/CodecFake/train/F05_SSB12030212.wav,5
/USERSPACE/DATASETS/CodecFake/train/F05_SSB01120209.wav,5
/USERSPACE/DATASETS/CodecFake/train/F05_p295_154.wav,5
/USERSPACE/DATASETS/CodecFake/train/F05_SSB03420066.wav,5
/USERSPACE/DATASETS/CodecFake/train/F05_p315_100.wav,5
/USERSPACE/DATASETS/CodecFake/train/F05_SSB01970467.wav,5
/USERSPACE/DATASETS/CodecFake/train/F05_p287_179.wav,5
/USERSPACE/DATASETS/CodecFake/train/F05_SSB13020496.wav,5
/USERSPACE/DATASETS/CodecFake/train/F05_SSB07510367.wav,5
/USERSPACE/DATASETS/CodecFake/train/F05_SSB01970150.wav,5
/USERSPACE/DATASETS/CodecFake/train/F05_p292_176.wav,5
/USERSPACE/DATASETS/CodecFake/train/F05_SSB06320227.wav,5
/USERSPACE/DATASETS/CodecFake/train/F05_SSB17450200.wav,5
/USERSPACE/DATASETS/CodecFake/train/F05_SSB12190247.wav,5
/USERSPACE/DATASETS/CodecFake/train/F05_SSB14520338.wav,5
/USERSPACE/DATASETS/CodecFake/train/F05_SSB17810008.wav,5
/USERSPACE/DATASETS/CodecFake/train/F05_SSB06680119.wav,5
/USERSPACE/DATASETS/CodecFake/train/F05_SSB10560470.wav,5
/USERSPACE/DATASETS/CodecFake/train/F05_SSB09150256.wav,5
/USERSPACE/DATASETS/CodecFake/train/F05_SSB14020512.wav,5
/USERSPACE/DATASETS/CodecFake/train/F05_SSB10240390.wav,5
/USERSPACE/DATASETS/CodecFake/train/F05_SSB12740300.wav,5
/USERSPACE/DATASETS/CodecFake/train/F05_SSB12530158.wav,5
/USERSPACE/DATASETS/CodecFake/train/F05_p245_112.wav,5
/USERSPACE/DATASETS/CodecFake/train/F05_SSB18280239.wav,5
/USERSPACE/DATASETS/CodecFake/train/F05_SSB07460060.wav,5
/USERSPACE/DATASETS/CodecFake/train/F05_SSB07100367.wav,5
/USERSPACE/DATASETS/CodecFake/train/F05_SSB07600089.wav,5
/USERSPACE/DATASETS/CodecFake/train/F05_SSB02000199.wav,5
/USERSPACE/DATASETS/CodecFake/train/F05_p303_154.wav,5
/USERSPACE/DATASETS/CodecFake/train/F05_SSB06320244.wav,5
/USERSPACE/DATASETS/CodecFake/train/F05_SSB12740500.wav,5
/USERSPACE/DATASETS/CodecFake/train/F05_SSB05340342.wav,5
/USERSPACE/DATASETS/CodecFake/train/F05_SSB03850080.wav,5
/USERSPACE/DATASETS/CodecFake/train/F05_p345_018.wav,5
/USERSPACE/DATASETS/CodecFake/train/F05_p252_119.wav,5
/USERSPACE/DATASETS/CodecFake/train/F05_SSB06230132.wav,5
/USERSPACE/DATASETS/CodecFake/train/F05_p238_256.wav,5
/USERSPACE/DATASETS/CodecFake/train/F05_SSB15630076.wav,5
/USERSPACE/DATASETS/CodecFake/train/F05_SSB07370037.wav,5
/USERSPACE/DATASETS/CodecFake/train/F05_p335_352.wav,5
/USERSPACE/DATASETS/CodecFake/train/F05_p312_377.wav,5
/USERSPACE/DATASETS/CodecFake/train/F05_p295_419.wav,5
/USERSPACE/DATASETS/CodecFake/train/F05_SSB12740043.wav,5
/USERSPACE/DATASETS/CodecFake/train/F05_SSB09150213.wav,5
/USERSPACE/DATASETS/CodecFake/train/F05_p347_121.wav,5
/USERSPACE/DATASETS/CodecFake/train/F05_SSB01450249.wav,5
/USERSPACE/DATASETS/CodecFake/train/F05_SSB03800452.wav,5
/USERSPACE/DATASETS/CodecFake/train/F05_SSB05900385.wav,5
/USERSPACE/DATASETS/CodecFake/train/F05_SSB11150067.wav,5
/USERSPACE/DATASETS/CodecFake/train/F05_SSB10560155.wav,5
/USERSPACE/DATASETS/CodecFake/train/F05_SSB02670045.wav,5
/USERSPACE/DATASETS/CodecFake/train/F05_SSB07360377.wav,5
/USERSPACE/DATASETS/CodecFake/train/F05_p273_006.wav,5
/USERSPACE/DATASETS/CodecFake/train/F05_SSB17110264.wav,5
/USERSPACE/DATASETS/CodecFake/train/F05_SSB11310293.wav,5
/USERSPACE/DATASETS/CodecFake/train/F05_p255_298.wav,5
/USERSPACE/DATASETS/CodecFake/train/F05_p277_122.wav,5
/USERSPACE/DATASETS/CodecFake/train/F05_SSB18280255.wav,5
/USERSPACE/DATASETS/CodecFake/train/F05_p339_318.wav,5
/USERSPACE/DATASETS/CodecFake/train/F05_SSB06140472.wav,5
/USERSPACE/DATASETS/CodecFake/train/F05_SSB18460401.wav,5
/USERSPACE/DATASETS/CodecFake/train/F05_SSB06660098.wav,5
/USERSPACE/DATASETS/CodecFake/train/F05_p269_040.wav,5
/USERSPACE/DATASETS/CodecFake/train/F05_SSB03660485.wav,5
/USERSPACE/DATASETS/CodecFake/train/F05_SSB18780389.wav,5
/USERSPACE/DATASETS/CodecFake/train/F05_p275_055.wav,5
/USERSPACE/DATASETS/CodecFake/train/F05_SSB07480334.wav,5
/USERSPACE/DATASETS/CodecFake/train/F05_SSB00800239.wav,5
/USERSPACE/DATASETS/CodecFake/train/F05_p362_044.wav,5
/USERSPACE/DATASETS/CodecFake/train/F05_p244_032.wav,5
/USERSPACE/DATASETS/CodecFake/train/F05_SSB16070255.wav,5
/USERSPACE/DATASETS/CodecFake/train/F05_SSB02990474.wav,5
/USERSPACE/DATASETS/CodecFake/train/F05_SSB10640181.wav,5
/USERSPACE/DATASETS/CodecFake/train/F05_SSB02000021.wav,5
/USERSPACE/DATASETS/CodecFake/train/F05_SSB00430318.wav,5
/USERSPACE/DATASETS/CodecFake/train/F05_SSB03160306.wav,5
/USERSPACE/DATASETS/CodecFake/train/F05_SSB18910242.wav,5
/USERSPACE/DATASETS/CodecFake/train/F05_p250_261.wav,5
/USERSPACE/DATASETS/CodecFake/train/F05_SSB06660361.wav,5
/USERSPACE/DATASETS/CodecFake/train/F05_SSB06060244.wav,5
/USERSPACE/DATASETS/CodecFake/train/F05_p260_047.wav,5
/USERSPACE/DATASETS/CodecFake/train/F05_p241_360.wav,5
/USERSPACE/DATASETS/CodecFake/train/F05_SSB07020147.wav,5
/USERSPACE/DATASETS/CodecFake/train/F05_SSB05700462.wav,5
/USERSPACE/DATASETS/CodecFake/train/F05_p303_297.wav,5
/USERSPACE/DATASETS/CodecFake/train/F05_p317_189.wav,5
/USERSPACE/DATASETS/CodecFake/train/F05_SSB07230241.wav,5
/USERSPACE/DATASETS/CodecFake/train/F05_SSB08170438.wav,5
/USERSPACE/DATASETS/CodecFake/train/F05_SSB01970234.wav,5
/USERSPACE/DATASETS/CodecFake/train/F05_SSB00120242.wav,5
/USERSPACE/DATASETS/CodecFake/train/F05_SSB09150220.wav,5
/USERSPACE/DATASETS/CodecFake/train/F05_SSB05940167.wav,5
/USERSPACE/DATASETS/CodecFake/train/F05_SSB18280268.wav,5
/USERSPACE/DATASETS/CodecFake/train/F05_SSB07200120.wav,5
/USERSPACE/DATASETS/CodecFake/train/F05_p313_192.wav,5
/USERSPACE/DATASETS/CodecFake/train/F05_SSB03150314.wav,5
/USERSPACE/DATASETS/CodecFake/train/F05_SSB10240008.wav,5
/USERSPACE/DATASETS/CodecFake/train/F05_SSB07620362.wav,5
/USERSPACE/DATASETS/CodecFake/train/F05_SSB07230359.wav,5
/USERSPACE/DATASETS/CodecFake/train/F05_p363_141.wav,5
/USERSPACE/DATASETS/CodecFake/train/F05_p360_358.wav,5
/USERSPACE/DATASETS/CodecFake/train/F05_p376_129.wav,5
/USERSPACE/DATASETS/CodecFake/train/F05_SSB00330374.wav,5
/USERSPACE/DATASETS/CodecFake/train/F05_SSB16860083.wav,5
/USERSPACE/DATASETS/CodecFake/train/F05_SSB10000028.wav,5
/USERSPACE/DATASETS/CodecFake/train/F05_SSB02670442.wav,5
/USERSPACE/DATASETS/CodecFake/train/F05_SSB05020406.wav,5
/USERSPACE/DATASETS/CodecFake/train/F05_SSB07200368.wav,5
/USERSPACE/DATASETS/CodecFake/train/F05_SSB05990271.wav,5
/USERSPACE/DATASETS/CodecFake/train/F05_SSB08630482.wav,5
/USERSPACE/DATASETS/CodecFake/train/F05_SSB15670307.wav,5
/USERSPACE/DATASETS/CodecFake/train/F05_p268_400.wav,5
/USERSPACE/DATASETS/CodecFake/train/F05_SSB01970358.wav,5
/USERSPACE/DATASETS/CodecFake/train/F05_p257_229.wav,5
/USERSPACE/DATASETS/CodecFake/train/F05_p270_442.wav,5
/USERSPACE/DATASETS/CodecFake/train/F05_SSB05350175.wav,5
/USERSPACE/DATASETS/CodecFake/train/F05_p226_040.wav,5
/USERSPACE/DATASETS/CodecFake/train/F05_SSB13770191.wav,5
/USERSPACE/DATASETS/CodecFake/train/F05_p329_168.wav,5
/USERSPACE/DATASETS/CodecFake/train/F05_p339_020.wav,5
/USERSPACE/DATASETS/CodecFake/train/F05_SSB16500406.wav,5
/USERSPACE/DATASETS/CodecFake/train/F05_SSB12530373.wav,5
/USERSPACE/DATASETS/CodecFake/train/F05_SSB11610457.wav,5
/USERSPACE/DATASETS/CodecFake/train/F05_SSB07780359.wav,5
/USERSPACE/DATASETS/CodecFake/train/F05_SSB18720441.wav,5
/USERSPACE/DATASETS/CodecFake/train/F05_SSB14020426.wav,5
/USERSPACE/DATASETS/CodecFake/train/F05_SSB18780181.wav,5
/USERSPACE/DATASETS/CodecFake/train/F05_SSB11610082.wav,5
/USERSPACE/DATASETS/CodecFake/train/F05_p333_309.wav,5
/USERSPACE/DATASETS/CodecFake/train/F05_p263_107.wav,5
/USERSPACE/DATASETS/CodecFake/train/F05_SSB02990323.wav,5
/USERSPACE/DATASETS/CodecFake/train/F05_SSB07460241.wav,5
/USERSPACE/DATASETS/CodecFake/train/F05_p336_237.wav,5
/USERSPACE/DATASETS/CodecFake/train/F05_SSB10550230.wav,5
/USERSPACE/DATASETS/CodecFake/train/F05_SSB07460238.wav,5
/USERSPACE/DATASETS/CodecFake/train/F05_SSB01450130.wav,5
/USERSPACE/DATASETS/CodecFake/train/F05_p246_024.wav,5
/USERSPACE/DATASETS/CodecFake/train/F05_SSB00090471.wav,5
/USERSPACE/DATASETS/CodecFake/train/F05_SSB07230352.wav,5
/USERSPACE/DATASETS/CodecFake/train/F05_SSB04820190.wav,5
/USERSPACE/DATASETS/CodecFake/train/F05_p286_253.wav,5
/USERSPACE/DATASETS/CodecFake/train/F05_p305_381.wav,5
/USERSPACE/DATASETS/CodecFake/train/F05_p307_252.wav,5
/USERSPACE/DATASETS/CodecFake/train/F05_SSB18720241.wav,5
/USERSPACE/DATASETS/CodecFake/train/F05_SSB19180279.wav,5
/USERSPACE/DATASETS/CodecFake/train/F05_SSB13770049.wav,5
/USERSPACE/DATASETS/CodecFake/train/F05_SSB17110161.wav,5
/USERSPACE/DATASETS/CodecFake/train/F05_SSB06930463.wav,5
/USERSPACE/DATASETS/CodecFake/train/F05_SSB00180017.wav,5
/USERSPACE/DATASETS/CodecFake/train/F05_p347_014.wav,5
/USERSPACE/DATASETS/CodecFake/train/F05_p351_160.wav,5
/USERSPACE/DATASETS/CodecFake/train/F05_SSB03070249.wav,5
/USERSPACE/DATASETS/CodecFake/train/F05_SSB04350427.wav,5
/USERSPACE/DATASETS/CodecFake/train/F05_p273_307.wav,5
/USERSPACE/DATASETS/CodecFake/train/F05_SSB07800190.wav,5
/USERSPACE/DATASETS/CodecFake/train/F05_SSB10560443.wav,5
/USERSPACE/DATASETS/CodecFake/train/F05_SSB00730307.wav,5
/USERSPACE/DATASETS/CodecFake/train/F05_SSB00800132.wav,5
/USERSPACE/DATASETS/CodecFake/train/F05_SSB00330428.wav,5
/USERSPACE/DATASETS/CodecFake/train/F05_SSB06060430.wav,5
/USERSPACE/DATASETS/CodecFake/train/F05_SSB16240452.wav,5
/USERSPACE/DATASETS/CodecFake/train/F05_SSB00090316.wav,5
/USERSPACE/DATASETS/CodecFake/train/F05_SSB19390437.wav,5
/USERSPACE/DATASETS/CodecFake/train/F05_SSB16860293.wav,5
/USERSPACE/DATASETS/CodecFake/train/F05_p246_116.wav,5
/USERSPACE/DATASETS/CodecFake/train/F05_SSB04150319.wav,5
/USERSPACE/DATASETS/CodecFake/train/F05_SSB07860002.wav,5
/USERSPACE/DATASETS/CodecFake/train/F05_SSB05340038.wav,5
/USERSPACE/DATASETS/CodecFake/train/F05_SSB06060469.wav,5
/USERSPACE/DATASETS/CodecFake/train/F05_SSB00730465.wav,5
/USERSPACE/DATASETS/CodecFake/train/F05_SSB18060168.wav,5
/USERSPACE/DATASETS/CodecFake/train/F05_SSB07370222.wav,5
/USERSPACE/DATASETS/CodecFake/train/F05_p374_225.wav,5
/USERSPACE/DATASETS/CodecFake/train/F05_p275_322.wav,5
/USERSPACE/DATASETS/CodecFake/train/F05_p270_389.wav,5
/USERSPACE/DATASETS/CodecFake/train/F05_SSB03390027.wav,5
/USERSPACE/DATASETS/CodecFake/train/F05_SSB07170223.wav,5
/USERSPACE/DATASETS/CodecFake/train/F05_p334_031.wav,5
/USERSPACE/DATASETS/CodecFake/train/F05_SSB05440096.wav,5
/USERSPACE/DATASETS/CodecFake/train/F05_p277_078.wav,5
/USERSPACE/DATASETS/CodecFake/train/F05_SSB16840028.wav,5
/USERSPACE/DATASETS/CodecFake/train/F05_SSB17390425.wav,5
/USERSPACE/DATASETS/CodecFake/train/F05_p225_337.wav,5
/USERSPACE/DATASETS/CodecFake/train/F05_p234_064.wav,5
/USERSPACE/DATASETS/CodecFake/train/F05_SSB14520419.wav,5
/USERSPACE/DATASETS/CodecFake/train/F05_SSB03950214.wav,5
/USERSPACE/DATASETS/CodecFake/train/F05_SSB19560194.wav,5
/USERSPACE/DATASETS/CodecFake/train/F05_p276_238.wav,5
/USERSPACE/DATASETS/CodecFake/train/F05_p281_113.wav,5
/USERSPACE/DATASETS/CodecFake/train/F05_p276_227.wav,5
/USERSPACE/DATASETS/CodecFake/train/F05_SSB06710362.wav,5
/USERSPACE/DATASETS/CodecFake/train/F05_SSB06290079.wav,5
/USERSPACE/DATASETS/CodecFake/train/F05_SSB03380163.wav,5
/USERSPACE/DATASETS/CodecFake/train/F05_SSB07160338.wav,5
/USERSPACE/DATASETS/CodecFake/train/F05_p304_388.wav,5
/USERSPACE/DATASETS/CodecFake/train/F05_p246_319.wav,5
/USERSPACE/DATASETS/CodecFake/train/F05_SSB03150444.wav,5
/USERSPACE/DATASETS/CodecFake/train/F05_SSB15850161.wav,5
/USERSPACE/DATASETS/CodecFake/train/F05_SSB06290010.wav,5
/USERSPACE/DATASETS/CodecFake/train/F05_p361_328.wav,5
/USERSPACE/DATASETS/CodecFake/train/F05_SSB18310111.wav,5
/USERSPACE/DATASETS/CodecFake/train/F05_SSB17110433.wav,5
/USERSPACE/DATASETS/CodecFake/train/F05_SSB05390388.wav,5
/USERSPACE/DATASETS/CodecFake/train/F05_SSB00570392.wav,5
/USERSPACE/DATASETS/CodecFake/train/F05_SSB07940076.wav,5
/USERSPACE/DATASETS/CodecFake/train/F05_SSB12150237.wav,5
/USERSPACE/DATASETS/CodecFake/train/F05_SSB18630018.wav,5
/USERSPACE/DATASETS/CodecFake/train/F05_p229_176.wav,5
/USERSPACE/DATASETS/CodecFake/train/F05_SSB05780500.wav,5
/USERSPACE/DATASETS/CodecFake/train/F05_SSB09970363.wav,5
/USERSPACE/DATASETS/CodecFake/train/F05_SSB06010472.wav,5
/USERSPACE/DATASETS/CodecFake/train/F05_SSB08870007.wav,5
/USERSPACE/DATASETS/CodecFake/train/F05_SSB16500327.wav,5
/USERSPACE/DATASETS/CodecFake/train/F05_SSB03930020.wav,5
/USERSPACE/DATASETS/CodecFake/train/F05_SSB07840161.wav,5
/USERSPACE/DATASETS/CodecFake/train/F05_SSB13770216.wav,5
/USERSPACE/DATASETS/CodecFake/train/F05_p263_269.wav,5
/USERSPACE/DATASETS/CodecFake/train/F05_SSB18630395.wav,5
/USERSPACE/DATASETS/CodecFake/train/F05_p304_062.wav,5
/USERSPACE/DATASETS/CodecFake/train/F05_SSB06010128.wav,5
/USERSPACE/DATASETS/CodecFake/train/F05_SSB07160370.wav,5
/USERSPACE/DATASETS/CodecFake/train/F05_SSB07370293.wav,5
/USERSPACE/DATASETS/CodecFake/train/F05_SSB15630263.wav,5
/USERSPACE/DATASETS/CodecFake/train/F05_SSB16240441.wav,5
/USERSPACE/DATASETS/CodecFake/train/F05_SSB03850005.wav,5
/USERSPACE/DATASETS/CodecFake/train/F05_SSB11260183.wav,5
/USERSPACE/DATASETS/CodecFake/train/F05_p294_103.wav,5
/USERSPACE/DATASETS/CodecFake/train/F05_SSB00800390.wav,5
/USERSPACE/DATASETS/CodecFake/train/F05_p272_171.wav,5
/USERSPACE/DATASETS/CodecFake/train/F05_p247_003.wav,5
/USERSPACE/DATASETS/CodecFake/train/F05_SSB08630194.wav,5
/USERSPACE/DATASETS/CodecFake/train/F05_SSB10000014.wav,5
/USERSPACE/DATASETS/CodecFake/train/F05_SSB02990513.wav,5
/USERSPACE/DATASETS/CodecFake/train/F05_SSB18310033.wav,5
/USERSPACE/DATASETS/CodecFake/train/F05_SSB04070186.wav,5
/USERSPACE/DATASETS/CodecFake/train/F05_SSB12180103.wav,5
/USERSPACE/DATASETS/CodecFake/train/F05_SSB03390507.wav,5
/USERSPACE/DATASETS/CodecFake/train/F05_SSB11350385.wav,5
/USERSPACE/DATASETS/CodecFake/train/F05_p364_079.wav,5
/USERSPACE/DATASETS/CodecFake/train/F05_p272_111.wav,5
/USERSPACE/DATASETS/CodecFake/train/F05_SSB11380075.wav,5
/USERSPACE/DATASETS/CodecFake/train/F05_SSB00090268.wav,5
/USERSPACE/DATASETS/CodecFake/train/F05_p264_230.wav,5
/USERSPACE/DATASETS/CodecFake/train/F05_SSB02000041.wav,5
/USERSPACE/DATASETS/CodecFake/train/F05_SSB03420338.wav,5
/USERSPACE/DATASETS/CodecFake/train/F05_SSB03800228.wav,5
/USERSPACE/DATASETS/CodecFake/train/F05_SSB05650309.wav,5
/USERSPACE/DATASETS/CodecFake/train/F05_SSB03660445.wav,5
/USERSPACE/DATASETS/CodecFake/train/F05_SSB12390366.wav,5
/USERSPACE/DATASETS/CodecFake/train/F05_SSB11870481.wav,5
/USERSPACE/DATASETS/CodecFake/train/F05_SSB18090291.wav,5
/USERSPACE/DATASETS/CodecFake/train/F05_p252_334.wav,5
/USERSPACE/DATASETS/CodecFake/train/F05_SSB05650510.wav,5
/USERSPACE/DATASETS/CodecFake/train/F05_SSB08870218.wav,5
/USERSPACE/DATASETS/CodecFake/train/F05_SSB03660069.wav,5
/USERSPACE/DATASETS/CodecFake/train/F05_SSB05390467.wav,5
/USERSPACE/DATASETS/CodecFake/train/F05_SSB09190236.wav,5
/USERSPACE/DATASETS/CodecFake/train/F05_SSB02460046.wav,5
/USERSPACE/DATASETS/CodecFake/train/F05_p284_230.wav,5
/USERSPACE/DATASETS/CodecFake/train/F05_SSB01930209.wav,5
/USERSPACE/DATASETS/CodecFake/train/F05_SSB07480067.wav,5
/USERSPACE/DATASETS/CodecFake/train/F05_SSB07580334.wav,5
/USERSPACE/DATASETS/CodecFake/train/F05_p275_307.wav,5
/USERSPACE/DATASETS/CodecFake/train/F05_p252_405.wav,5
/USERSPACE/DATASETS/CodecFake/train/F05_SSB03820007.wav,5
/USERSPACE/DATASETS/CodecFake/train/F05_p318_091.wav,5
/USERSPACE/DATASETS/CodecFake/train/F05_SSB02990297.wav,5
/USERSPACE/DATASETS/CodecFake/train/F05_SSB07200201.wav,5
/USERSPACE/DATASETS/CodecFake/train/F05_p288_282.wav,5
/USERSPACE/DATASETS/CodecFake/train/F05_SSB11080011.wav,5
/USERSPACE/DATASETS/CodecFake/train/F05_SSB02610046.wav,5
/USERSPACE/DATASETS/CodecFake/train/F05_SSB15750140.wav,5
/USERSPACE/DATASETS/CodecFake/train/F05_p274_136.wav,5
/USERSPACE/DATASETS/CodecFake/train/F05_SSB10080281.wav,5
/USERSPACE/DATASETS/CodecFake/train/F05_SSB12030188.wav,5
/USERSPACE/DATASETS/CodecFake/train/F05_SSB18630281.wav,5
/USERSPACE/DATASETS/CodecFake/train/F05_SSB03410350.wav,5
/USERSPACE/DATASETS/CodecFake/train/F05_SSB16700226.wav,5
/USERSPACE/DATASETS/CodecFake/train/F05_SSB01390074.wav,5
/USERSPACE/DATASETS/CodecFake/train/F05_SSB07860350.wav,5
/USERSPACE/DATASETS/CodecFake/train/F05_p351_321.wav,5
/USERSPACE/DATASETS/CodecFake/train/F05_SSB13650377.wav,5
/USERSPACE/DATASETS/CodecFake/train/F05_SSB05900012.wav,5
/USERSPACE/DATASETS/CodecFake/train/F05_p273_213.wav,5
/USERSPACE/DATASETS/CodecFake/train/F05_p288_220.wav,5
/USERSPACE/DATASETS/CodecFake/train/F05_SSB07160312.wav,5
/USERSPACE/DATASETS/CodecFake/train/F05_SSB07020318.wav,5
/USERSPACE/DATASETS/CodecFake/train/F05_p343_358.wav,5
/USERSPACE/DATASETS/CodecFake/train/F05_p292_261.wav,5
/USERSPACE/DATASETS/CodecFake/train/F05_p282_058.wav,5
/USERSPACE/DATASETS/CodecFake/train/F05_p306_071.wav,5
/USERSPACE/DATASETS/CodecFake/train/F05_SSB16070170.wav,5
/USERSPACE/DATASETS/CodecFake/train/F05_SSB03230050.wav,5
/USERSPACE/DATASETS/CodecFake/train/F05_p282_173.wav,5
/USERSPACE/DATASETS/CodecFake/train/F05_p253_031.wav,5
/USERSPACE/DATASETS/CodecFake/train/F05_SSB02880325.wav,5
/USERSPACE/DATASETS/CodecFake/train/F05_p255_253.wav,5
/USERSPACE/DATASETS/CodecFake/train/F05_p314_023.wav,5
/USERSPACE/DATASETS/CodecFake/train/F05_SSB16500108.wav,5
/USERSPACE/DATASETS/CodecFake/train/F05_SSB01330405.wav,5
/USERSPACE/DATASETS/CodecFake/train/F05_p273_165.wav,5
/USERSPACE/DATASETS/CodecFake/train/F05_p238_113.wav,5
/USERSPACE/DATASETS/CodecFake/train/F05_SSB18280161.wav,5
/USERSPACE/DATASETS/CodecFake/train/F05_p250_487.wav,5
/USERSPACE/DATASETS/CodecFake/train/F05_SSB02610235.wav,5
/USERSPACE/DATASETS/CodecFake/train/F05_SSB10910360.wav,5
/USERSPACE/DATASETS/CodecFake/train/F05_SSB09870074.wav,5
/USERSPACE/DATASETS/CodecFake/train/F05_p231_099.wav,5
/USERSPACE/DATASETS/CodecFake/train/F05_SSB06310339.wav,5
/USERSPACE/DATASETS/CodecFake/train/F05_SSB16990318.wav,5
/USERSPACE/DATASETS/CodecFake/train/F05_SSB18320327.wav,5
/USERSPACE/DATASETS/CodecFake/train/F05_SSB13770149.wav,5
/USERSPACE/DATASETS/CodecFake/train/F05_SSB18910316.wav,5
/USERSPACE/DATASETS/CodecFake/train/F05_SSB01330193.wav,5
/USERSPACE/DATASETS/CodecFake/train/F05_SSB06230121.wav,5
/USERSPACE/DATASETS/CodecFake/train/F05_p345_194.wav,5
/USERSPACE/DATASETS/CodecFake/train/F05_SSB11310450.wav,5
/USERSPACE/DATASETS/CodecFake/train/F05_p238_043.wav,5
/USERSPACE/DATASETS/CodecFake/train/F05_p225_258.wav,5
/USERSPACE/DATASETS/CodecFake/train/F05_SSB07360038.wav,5
/USERSPACE/DATASETS/CodecFake/train/F05_SSB06230312.wav,5
/USERSPACE/DATASETS/CodecFake/train/F05_SSB06140311.wav,5
/USERSPACE/DATASETS/CodecFake/train/F05_SSB03790358.wav,5
/USERSPACE/DATASETS/CodecFake/train/F05_SSB06680015.wav,5
/USERSPACE/DATASETS/CodecFake/train/F05_p275_291.wav,5
/USERSPACE/DATASETS/CodecFake/train/F05_p277_106.wav,5
/USERSPACE/DATASETS/CodecFake/train/F05_p336_080.wav,5
/USERSPACE/DATASETS/CodecFake/train/F05_SSB10560381.wav,5
/USERSPACE/DATASETS/CodecFake/train/F05_p311_177.wav,5
/USERSPACE/DATASETS/CodecFake/train/F05_p292_103.wav,5
/USERSPACE/DATASETS/CodecFake/train/F05_p362_195.wav,5
/USERSPACE/DATASETS/CodecFake/train/F05_p257_416.wav,5
/USERSPACE/DATASETS/CodecFake/train/F05_SSB17390422.wav,5
/USERSPACE/DATASETS/CodecFake/train/F05_SSB00380071.wav,5
/USERSPACE/DATASETS/CodecFake/train/F05_SSB18460461.wav,5
/USERSPACE/DATASETS/CodecFake/train/F05_p262_112.wav,5
/USERSPACE/DATASETS/CodecFake/train/F05_SSB07490407.wav,5
/USERSPACE/DATASETS/CodecFake/train/F05_SSB02730176.wav,5
/USERSPACE/DATASETS/CodecFake/train/F05_SSB12390274.wav,5
/USERSPACE/DATASETS/CodecFake/train/F05_SSB02870221.wav,5
/USERSPACE/DATASETS/CodecFake/train/F05_SSB18460372.wav,5
/USERSPACE/DATASETS/CodecFake/train/F05_SSB02870391.wav,5
/USERSPACE/DATASETS/CodecFake/train/F05_SSB18370355.wav,5
/USERSPACE/DATASETS/CodecFake/train/F05_p326_315.wav,5
/USERSPACE/DATASETS/CodecFake/train/F05_p233_043.wav,5
/USERSPACE/DATASETS/CodecFake/train/F05_p254_398.wav,5
/USERSPACE/DATASETS/CodecFake/train/F05_SSB04820368.wav,5
/USERSPACE/DATASETS/CodecFake/train/F05_SSB06060428.wav,5
/USERSPACE/DATASETS/CodecFake/train/F05_SSB11610330.wav,5
/USERSPACE/DATASETS/CodecFake/train/F05_p237_325.wav,5
/USERSPACE/DATASETS/CodecFake/train/F05_SSB16860283.wav,5
/USERSPACE/DATASETS/CodecFake/train/F05_p261_056.wav,5
/USERSPACE/DATASETS/CodecFake/train/F05_SSB01330023.wav,5
/USERSPACE/DATASETS/CodecFake/train/F05_p299_165.wav,5
/USERSPACE/DATASETS/CodecFake/train/F05_SSB09870431.wav,5
/USERSPACE/DATASETS/CodecFake/train/F05_SSB04350192.wav,5
/USERSPACE/DATASETS/CodecFake/train/F05_SSB02460129.wav,5
/USERSPACE/DATASETS/CodecFake/train/F05_SSB03410017.wav,5
/USERSPACE/DATASETS/CodecFake/train/F05_SSB00330268.wav,5
/USERSPACE/DATASETS/CodecFake/train/F05_p313_218.wav,5
/USERSPACE/DATASETS/CodecFake/train/F05_SSB00730038.wav,5
/USERSPACE/DATASETS/CodecFake/train/F05_SSB03850191.wav,5
/USERSPACE/DATASETS/CodecFake/train/F05_SSB04270182.wav,5
/USERSPACE/DATASETS/CodecFake/train/F05_p270_227.wav,5
/USERSPACE/DATASETS/CodecFake/train/F05_SSB10550208.wav,5
/USERSPACE/DATASETS/CodecFake/train/F05_SSB08170249.wav,5
/USERSPACE/DATASETS/CodecFake/train/F05_SSB16250422.wav,5
/USERSPACE/DATASETS/CodecFake/train/F05_SSB02670057.wav,5
/USERSPACE/DATASETS/CodecFake/train/F05_p230_308.wav,5
/USERSPACE/DATASETS/CodecFake/train/F05_SSB06230310.wav,5
/USERSPACE/DATASETS/CodecFake/train/F05_SSB10000146.wav,5
/USERSPACE/DATASETS/CodecFake/train/F05_SSB18630264.wav,5
/USERSPACE/DATASETS/CodecFake/train/F05_SSB00110013.wav,5
/USERSPACE/DATASETS/CodecFake/train/F05_SSB00380337.wav,5
/USERSPACE/DATASETS/CodecFake/train/F05_p276_190.wav,5
/USERSPACE/DATASETS/CodecFake/train/F05_SSB07160428.wav,5
/USERSPACE/DATASETS/CodecFake/train/F05_SSB16860263.wav,5
/USERSPACE/DATASETS/CodecFake/train/F05_SSB05880186.wav,5
/USERSPACE/DATASETS/CodecFake/train/F05_SSB00430301.wav,5
/USERSPACE/DATASETS/CodecFake/train/F05_SSB07370415.wav,5
/USERSPACE/DATASETS/CodecFake/train/F05_SSB18280279.wav,5
/USERSPACE/DATASETS/CodecFake/train/F05_p259_222.wav,5
/USERSPACE/DATASETS/CodecFake/train/F05_SSB19350134.wav,5
/USERSPACE/DATASETS/CodecFake/train/F05_SSB07580470.wav,5
/USERSPACE/DATASETS/CodecFake/train/F05_SSB11310282.wav,5
/USERSPACE/DATASETS/CodecFake/train/F05_SSB04350321.wav,5
/USERSPACE/DATASETS/CodecFake/train/F05_SSB13220481.wav,5
/USERSPACE/DATASETS/CodecFake/train/F05_p308_118.wav,5
/USERSPACE/DATASETS/CodecFake/train/F05_p305_114.wav,5
/USERSPACE/DATASETS/CodecFake/train/F05_SSB14480411.wav,5
/USERSPACE/DATASETS/CodecFake/train/F05_p310_310.wav,5
/USERSPACE/DATASETS/CodecFake/train/F05_SSB02870434.wav,5
/USERSPACE/DATASETS/CodecFake/train/F05_SSB03150230.wav,5
/USERSPACE/DATASETS/CodecFake/train/F05_SSB03160351.wav,5
/USERSPACE/DATASETS/CodecFake/train/F05_SSB04340479.wav,5
/USERSPACE/DATASETS/CodecFake/train/F05_p336_424.wav,5
/USERSPACE/DATASETS/CodecFake/train/F05_SSB06660251.wav,5
/USERSPACE/DATASETS/CodecFake/train/F05_p295_244.wav,5
/USERSPACE/DATASETS/CodecFake/train/F05_p227_025.wav,5
/USERSPACE/DATASETS/CodecFake/train/F05_SSB19390273.wav,5
/USERSPACE/DATASETS/CodecFake/train/F05_p246_177.wav,5
/USERSPACE/DATASETS/CodecFake/train/F05_SSB03750211.wav,5
/USERSPACE/DATASETS/CodecFake/train/F05_p286_211.wav,5
/USERSPACE/DATASETS/CodecFake/train/F05_p241_229.wav,5
/USERSPACE/DATASETS/CodecFake/train/F05_p229_162.wav,5
/USERSPACE/DATASETS/CodecFake/train/F05_SSB00120272.wav,5
/USERSPACE/DATASETS/CodecFake/train/F05_SSB11360035.wav,5
/USERSPACE/DATASETS/CodecFake/train/F05_p238_327.wav,5
/USERSPACE/DATASETS/CodecFake/train/F05_SSB18910224.wav,5
/USERSPACE/DATASETS/CodecFake/train/F05_SSB15630492.wav,5
/USERSPACE/DATASETS/CodecFake/train/F05_SSB06070400.wav,5
/USERSPACE/DATASETS/CodecFake/train/F05_SSB10550481.wav,5
/USERSPACE/DATASETS/CodecFake/train/F05_SSB04700083.wav,5
/USERSPACE/DATASETS/CodecFake/train/F05_p258_344.wav,5
/USERSPACE/DATASETS/CodecFake/train/F05_p238_263.wav,5
/USERSPACE/DATASETS/CodecFake/train/F05_SSB09870202.wav,5
/USERSPACE/DATASETS/CodecFake/train/F05_SSB05780413.wav,5
/USERSPACE/DATASETS/CodecFake/train/F05_SSB00800080.wav,5
/USERSPACE/DATASETS/CodecFake/train/F05_p336_159.wav,5
/USERSPACE/DATASETS/CodecFake/train/F05_SSB07580152.wav,5
/USERSPACE/DATASETS/CodecFake/train/F05_SSB15550391.wav,5
/USERSPACE/DATASETS/CodecFake/train/F05_p294_097.wav,5
/USERSPACE/DATASETS/CodecFake/train/F05_p263_071.wav,5
/USERSPACE/DATASETS/CodecFake/train/F05_p233_265.wav,5
/USERSPACE/DATASETS/CodecFake/train/F05_p312_395.wav,5
/USERSPACE/DATASETS/CodecFake/train/F05_SSB16700034.wav,5
/USERSPACE/DATASETS/CodecFake/train/F05_p278_392.wav,5
/USERSPACE/DATASETS/CodecFake/train/F05_SSB11380298.wav,5
/USERSPACE/DATASETS/CodecFake/train/F05_p264_043.wav,5
/USERSPACE/DATASETS/CodecFake/train/F05_SSB08870242.wav,5
/USERSPACE/DATASETS/CodecFake/train/F05_SSB15630267.wav,5
/USERSPACE/DATASETS/CodecFake/train/F05_SSB05900497.wav,5
/USERSPACE/DATASETS/CodecFake/train/F05_p318_298.wav,5
/USERSPACE/DATASETS/CodecFake/train/F05_SSB02990148.wav,5
/USERSPACE/DATASETS/CodecFake/train/F05_SSB02990022.wav,5
/USERSPACE/DATASETS/CodecFake/train/F05_SSB06070256.wav,5
/USERSPACE/DATASETS/CodecFake/train/F05_SSB11970462.wav,5
/USERSPACE/DATASETS/CodecFake/train/F05_SSB10720498.wav,5
/USERSPACE/DATASETS/CodecFake/train/F05_p230_005.wav,5
/USERSPACE/DATASETS/CodecFake/train/F05_SSB18320198.wav,5
/USERSPACE/DATASETS/CodecFake/train/F05_SSB00180029.wav,5
/USERSPACE/DATASETS/CodecFake/train/F05_SSB03150320.wav,5
/USERSPACE/DATASETS/CodecFake/train/F05_p244_209.wav,5
/USERSPACE/DATASETS/CodecFake/train/F05_SSB16240395.wav,5
/USERSPACE/DATASETS/CodecFake/train/F05_p343_087.wav,5
/USERSPACE/DATASETS/CodecFake/train/F05_SSB06090460.wav,5
/USERSPACE/DATASETS/CodecFake/train/F05_p330_255.wav,5
/USERSPACE/DATASETS/CodecFake/train/F05_SSB06290297.wav,5
/USERSPACE/DATASETS/CodecFake/train/F05_SSB04260452.wav,5
/USERSPACE/DATASETS/CodecFake/train/F05_p288_267.wav,5
/USERSPACE/DATASETS/CodecFake/train/F05_SSB06070403.wav,5
/USERSPACE/DATASETS/CodecFake/train/F05_SSB17810161.wav,5
/USERSPACE/DATASETS/CodecFake/train/F05_SSB00090209.wav,5
/USERSPACE/DATASETS/CodecFake/train/F05_SSB01490224.wav,5
/USERSPACE/DATASETS/CodecFake/train/F05_SSB08870087.wav,5
/USERSPACE/DATASETS/CodecFake/train/F05_SSB07370472.wav,5
/USERSPACE/DATASETS/CodecFake/train/F05_SSB04820182.wav,5
/USERSPACE/DATASETS/CodecFake/train/F05_SSB01120369.wav,5
/USERSPACE/DATASETS/CodecFake/train/F05_SSB18370310.wav,5
/USERSPACE/DATASETS/CodecFake/train/F05_SSB18090405.wav,5
/USERSPACE/DATASETS/CodecFake/train/F05_SSB09130307.wav,5
/USERSPACE/DATASETS/CodecFake/train/F05_SSB13220217.wav,5
/USERSPACE/DATASETS/CodecFake/train/F05_p345_004.wav,5
/USERSPACE/DATASETS/CodecFake/train/F05_SSB03160421.wav,5
/USERSPACE/DATASETS/CodecFake/train/F05_p292_052.wav,5
/USERSPACE/DATASETS/CodecFake/train/F05_p316_113.wav,5
/USERSPACE/DATASETS/CodecFake/train/F05_SSB00570147.wav,5
/USERSPACE/DATASETS/CodecFake/train/F05_p310_243.wav,5
/USERSPACE/DATASETS/CodecFake/train/F05_SSB15850138.wav,5
/USERSPACE/DATASETS/CodecFake/train/F05_SSB01120059.wav,5
/USERSPACE/DATASETS/CodecFake/train/F05_SSB02000087.wav,5
/USERSPACE/DATASETS/CodecFake/train/F05_p294_318.wav,5
/USERSPACE/DATASETS/CodecFake/train/F05_SSB10200446.wav,5
/USERSPACE/DATASETS/CodecFake/train/F05_SSB03800217.wav,5
/USERSPACE/DATASETS/CodecFake/train/F05_p300_192.wav,5
/USERSPACE/DATASETS/CodecFake/train/F05_SSB11080196.wav,5
/USERSPACE/DATASETS/CodecFake/train/F05_SSB16250212.wav,5
/USERSPACE/DATASETS/CodecFake/train/F05_SSB07360263.wav,5
/USERSPACE/DATASETS/CodecFake/train/F05_SSB07600340.wav,5
/USERSPACE/DATASETS/CodecFake/train/F05_SSB05780492.wav,5
/USERSPACE/DATASETS/CodecFake/train/F05_SSB07580359.wav,5
/USERSPACE/DATASETS/CodecFake/train/F05_SSB07020281.wav,5
/USERSPACE/DATASETS/CodecFake/train/F05_SSB15550197.wav,5
/USERSPACE/DATASETS/CodecFake/train/F05_SSB01930082.wav,5
/USERSPACE/DATASETS/CodecFake/train/F05_p239_196.wav,5
/USERSPACE/DATASETS/CodecFake/train/F05_SSB00110162.wav,5
/USERSPACE/DATASETS/CodecFake/train/F05_p374_218.wav,5
/USERSPACE/DATASETS/CodecFake/train/F05_SSB09190257.wav,5
/USERSPACE/DATASETS/CodecFake/train/F05_p306_166.wav,5
/USERSPACE/DATASETS/CodecFake/train/F05_SSB07200132.wav,5
/USERSPACE/DATASETS/CodecFake/train/F05_p253_069.wav,5
/USERSPACE/DATASETS/CodecFake/train/F05_p274_033.wav,5
/USERSPACE/DATASETS/CodecFake/train/F05_SSB00800044.wav,5
/USERSPACE/DATASETS/CodecFake/train/F05_SSB13280214.wav,5
/USERSPACE/DATASETS/CodecFake/train/F05_SSB08220279.wav,5
/USERSPACE/DATASETS/CodecFake/train/F05_SSB06010432.wav,5
/USERSPACE/DATASETS/CodecFake/train/F05_SSB06710347.wav,5
/USERSPACE/DATASETS/CodecFake/train/F05_p297_148.wav,5
/USERSPACE/DATASETS/CodecFake/train/F05_p227_096.wav,5
/USERSPACE/DATASETS/CodecFake/train/F05_SSB15630392.wav,5
/USERSPACE/DATASETS/CodecFake/train/F05_SSB06010470.wav,5
/USERSPACE/DATASETS/CodecFake/train/F05_SSB04700121.wav,5
/USERSPACE/DATASETS/CodecFake/train/F05_SSB04820090.wav,5
/USERSPACE/DATASETS/CodecFake/train/F05_SSB04260318.wav,5
/USERSPACE/DATASETS/CodecFake/train/F05_p260_079.wav,5
/USERSPACE/DATASETS/CodecFake/train/F05_SSB16070082.wav,5
/USERSPACE/DATASETS/CodecFake/train/F05_SSB03790211.wav,5
/USERSPACE/DATASETS/CodecFake/train/F05_SSB03800311.wav,5
/USERSPACE/DATASETS/CodecFake/train/F05_SSB10720294.wav,5
/USERSPACE/DATASETS/CodecFake/train/F05_p351_288.wav,5
/USERSPACE/DATASETS/CodecFake/train/F05_SSB17820070.wav,5
/USERSPACE/DATASETS/CodecFake/train/F05_SSB15750311.wav,5
/USERSPACE/DATASETS/CodecFake/train/F05_p312_234.wav,5
/USERSPACE/DATASETS/CodecFake/train/F05_SSB11100041.wav,5
/USERSPACE/DATASETS/CodecFake/train/F05_p230_096.wav,5
/USERSPACE/DATASETS/CodecFake/train/F05_SSB07580219.wav,5
/USERSPACE/DATASETS/CodecFake/train/F05_SSB13400262.wav,5
/USERSPACE/DATASETS/CodecFake/train/F05_SSB11250336.wav,5
/USERSPACE/DATASETS/CodecFake/train/F05_SSB07510079.wav,5
/USERSPACE/DATASETS/CodecFake/train/F05_SSB07230278.wav,5
/USERSPACE/DATASETS/CodecFake/train/F05_p360_275.wav,5
/USERSPACE/DATASETS/CodecFake/train/F05_SSB08710131.wav,5
/USERSPACE/DATASETS/CodecFake/train/F05_SSB00160442.wav,5
/USERSPACE/DATASETS/CodecFake/train/F05_p295_354.wav,5
/USERSPACE/DATASETS/CodecFake/train/F05_SSB00050399.wav,5
/USERSPACE/DATASETS/CodecFake/train/F05_p313_148.wav,5
/USERSPACE/DATASETS/CodecFake/train/F05_SSB02990444.wav,5
/USERSPACE/DATASETS/CodecFake/train/F05_SSB01220328.wav,5
/USERSPACE/DATASETS/CodecFake/train/F05_SSB06090300.wav,5
/USERSPACE/DATASETS/CodecFake/train/F05_SSB01930100.wav,5
/USERSPACE/DATASETS/CodecFake/train/F05_SSB11250070.wav,5
/USERSPACE/DATASETS/CodecFake/train/F05_SSB05990357.wav,5
/USERSPACE/DATASETS/CodecFake/train/F05_SSB10960480.wav,5
/USERSPACE/DATASETS/CodecFake/train/F05_SSB07800280.wav,5
/USERSPACE/DATASETS/CodecFake/train/F05_SSB07510440.wav,5
/USERSPACE/DATASETS/CodecFake/train/F05_SSB11310028.wav,5
/USERSPACE/DATASETS/CodecFake/train/F05_p310_210.wav,5
/USERSPACE/DATASETS/CodecFake/train/F05_SSB07110183.wav,5
/USERSPACE/DATASETS/CodecFake/train/F05_SSB03420264.wav,5
/USERSPACE/DATASETS/CodecFake/train/F05_p363_186.wav,5
/USERSPACE/DATASETS/CodecFake/train/F05_SSB03850020.wav,5
/USERSPACE/DATASETS/CodecFake/train/F05_SSB08090477.wav,5
/USERSPACE/DATASETS/CodecFake/train/F05_SSB10910178.wav,5
/USERSPACE/DATASETS/CodecFake/train/F05_SSB11310276.wav,5
/USERSPACE/DATASETS/CodecFake/train/F05_p279_017.wav,5
/USERSPACE/DATASETS/CodecFake/train/F05_SSB06660429.wav,5
/USERSPACE/DATASETS/CodecFake/train/F05_SSB06860083.wav,5
/USERSPACE/DATASETS/CodecFake/train/F05_p253_394.wav,5
/USERSPACE/DATASETS/CodecFake/train/F05_SSB07370438.wav,5
/USERSPACE/DATASETS/CodecFake/train/F05_SSB13020444.wav,5
/USERSPACE/DATASETS/CodecFake/train/F05_p305_049.wav,5
/USERSPACE/DATASETS/CodecFake/train/F05_p239_488.wav,5
/USERSPACE/DATASETS/CodecFake/train/F05_SSB03950357.wav,5
/USERSPACE/DATASETS/CodecFake/train/F05_p314_177.wav,5
/USERSPACE/DATASETS/CodecFake/train/F05_SSB02670068.wav,5
/USERSPACE/DATASETS/CodecFake/train/F05_p229_085.wav,5
/USERSPACE/DATASETS/CodecFake/train/F05_SSB02730487.wav,5
/USERSPACE/DATASETS/CodecFake/train/F05_p273_143.wav,5
/USERSPACE/DATASETS/CodecFake/train/F05_SSB03230455.wav,5
/USERSPACE/DATASETS/CodecFake/train/F05_SSB18720190.wav,5
/USERSPACE/DATASETS/CodecFake/train/F05_p345_095.wav,5
/USERSPACE/DATASETS/CodecFake/train/F05_SSB06010359.wav,5
/USERSPACE/DATASETS/CodecFake/train/F05_SSB00800153.wav,5
/USERSPACE/DATASETS/CodecFake/train/F05_p301_165.wav,5
/USERSPACE/DATASETS/CodecFake/train/F05_SSB15750357.wav,5
/USERSPACE/DATASETS/CodecFake/train/F05_SSB03090220.wav,5
/USERSPACE/DATASETS/CodecFake/train/F05_SSB07170176.wav,5
/USERSPACE/DATASETS/CodecFake/train/F05_p318_031.wav,5
/USERSPACE/DATASETS/CodecFake/train/F05_p298_066.wav,5
/USERSPACE/DATASETS/CodecFake/train/F05_SSB00430463.wav,5
/USERSPACE/DATASETS/CodecFake/train/F05_SSB02990075.wav,5
/USERSPACE/DATASETS/CodecFake/train/F05_SSB03940337.wav,5
/USERSPACE/DATASETS/CodecFake/train/F05_p306_359.wav,5
/USERSPACE/DATASETS/CodecFake/train/F05_SSB00160436.wav,5
/USERSPACE/DATASETS/CodecFake/train/F05_SSB06030062.wav,5
/USERSPACE/DATASETS/CodecFake/train/F05_p278_227.wav,5
/USERSPACE/DATASETS/CodecFake/train/F05_p272_325.wav,5
/USERSPACE/DATASETS/CodecFake/train/F05_SSB14570043.wav,5
/USERSPACE/DATASETS/CodecFake/train/F05_p303_063.wav,5
/USERSPACE/DATASETS/CodecFake/train/F05_p313_406.wav,5
/USERSPACE/DATASETS/CodecFake/train/F05_SSB19350203.wav,5
/USERSPACE/DATASETS/CodecFake/train/F05_p335_317.wav,5
/USERSPACE/DATASETS/CodecFake/train/F05_SSB11150465.wav,5
/USERSPACE/DATASETS/CodecFake/train/F05_SSB03380399.wav,5
/USERSPACE/DATASETS/CodecFake/train/F05_p288_193.wav,5
/USERSPACE/DATASETS/CodecFake/train/F05_p237_112.wav,5
/USERSPACE/DATASETS/CodecFake/train/F05_SSB12210385.wav,5
/USERSPACE/DATASETS/CodecFake/train/F05_p270_307.wav,5
/USERSPACE/DATASETS/CodecFake/train/F05_p340_390.wav,5
/USERSPACE/DATASETS/CodecFake/train/F05_p333_306.wav,5
/USERSPACE/DATASETS/CodecFake/train/F05_SSB02670127.wav,5
/USERSPACE/DATASETS/CodecFake/train/F05_p245_267.wav,5
/USERSPACE/DATASETS/CodecFake/train/F05_p317_061.wav,5
/USERSPACE/DATASETS/CodecFake/train/F05_SSB18090078.wav,5
/USERSPACE/DATASETS/CodecFake/train/F05_p285_307.wav,5
/USERSPACE/DATASETS/CodecFake/train/F05_SSB05650482.wav,5
/USERSPACE/DATASETS/CodecFake/train/F05_SSB07020209.wav,5
/USERSPACE/DATASETS/CodecFake/train/F05_SSB07510259.wav,5
/USERSPACE/DATASETS/CodecFake/train/F05_SSB15550382.wav,5
/USERSPACE/DATASETS/CodecFake/train/F05_SSB14480311.wav,5
/USERSPACE/DATASETS/CodecFake/train/F05_SSB18370316.wav,5
/USERSPACE/DATASETS/CodecFake/train/F05_p231_353.wav,5
/USERSPACE/DATASETS/CodecFake/train/F05_SSB01490015.wav,5
/USERSPACE/DATASETS/CodecFake/train/F05_SSB03390082.wav,5
/USERSPACE/DATASETS/CodecFake/train/F05_SSB12740130.wav,5
/USERSPACE/DATASETS/CodecFake/train/F05_SSB05940485.wav,5
/USERSPACE/DATASETS/CodecFake/train/F05_SSB10000429.wav,5
/USERSPACE/DATASETS/CodecFake/train/F05_SSB17280391.wav,5
/USERSPACE/DATASETS/CodecFake/train/F05_p312_204.wav,5
/USERSPACE/DATASETS/CodecFake/train/F05_p232_332.wav,5
/USERSPACE/DATASETS/CodecFake/train/F05_p262_365.wav,5
/USERSPACE/DATASETS/CodecFake/train/F05_p312_158.wav,5
/USERSPACE/DATASETS/CodecFake/train/F05_SSB11260211.wav,5
/USERSPACE/DATASETS/CodecFake/train/F05_p345_279.wav,5
/USERSPACE/DATASETS/CodecFake/train/F05_SSB01930360.wav,5
/USERSPACE/DATASETS/CodecFake/train/F05_SSB15750296.wav,5
/USERSPACE/DATASETS/CodecFake/train/F05_p336_403.wav,5
/USERSPACE/DATASETS/CodecFake/train/F05_SSB09970250.wav,5
/USERSPACE/DATASETS/CodecFake/train/F05_SSB04150239.wav,5
/USERSPACE/DATASETS/CodecFake/train/F05_SSB10020102.wav,5
/USERSPACE/DATASETS/CodecFake/train/F05_SSB10560078.wav,5
/USERSPACE/DATASETS/CodecFake/train/F05_p234_209.wav,5
/USERSPACE/DATASETS/CodecFake/train/F05_SSB08870287.wav,5
/USERSPACE/DATASETS/CodecFake/train/F05_p257_230.wav,5
/USERSPACE/DATASETS/CodecFake/train/F05_SSB00570414.wav,5
/USERSPACE/DATASETS/CodecFake/train/F05_SSB07840054.wav,5
/USERSPACE/DATASETS/CodecFake/train/F05_p303_171.wav,5
/USERSPACE/DATASETS/CodecFake/train/F05_p307_306.wav,5
/USERSPACE/DATASETS/CodecFake/train/F05_SSB04070286.wav,5
/USERSPACE/DATASETS/CodecFake/train/F05_SSB11360294.wav,5
/USERSPACE/DATASETS/CodecFake/train/F05_SSB00120040.wav,5
/USERSPACE/DATASETS/CodecFake/train/F05_p301_084.wav,5
/USERSPACE/DATASETS/CodecFake/train/F05_p341_296.wav,5
/USERSPACE/DATASETS/CodecFake/train/F05_SSB08220392.wav,5
/USERSPACE/DATASETS/CodecFake/train/F05_p330_307.wav,5
/USERSPACE/DATASETS/CodecFake/train/F05_SSB03410502.wav,5
/USERSPACE/DATASETS/CodecFake/train/F05_p247_382.wav,5
/USERSPACE/DATASETS/CodecFake/train/F05_p257_250.wav,5
/USERSPACE/DATASETS/CodecFake/train/F05_SSB03930205.wav,5
/USERSPACE/DATASETS/CodecFake/train/F05_p283_255.wav,5
/USERSPACE/DATASETS/CodecFake/train/F05_p307_008.wav,5
/USERSPACE/DATASETS/CodecFake/train/F05_SSB03230308.wav,5
/USERSPACE/DATASETS/CodecFake/train/F05_SSB00800389.wav,5
/USERSPACE/DATASETS/CodecFake/train/F05_p351_401.wav,5
/USERSPACE/DATASETS/CodecFake/train/F05_p265_083.wav,5
/USERSPACE/DATASETS/CodecFake/train/F05_SSB17110248.wav,5
/USERSPACE/DATASETS/CodecFake/train/F05_SSB15750424.wav,5
/USERSPACE/DATASETS/CodecFake/train/F05_SSB07460477.wav,5
/USERSPACE/DATASETS/CodecFake/train/F05_SSB06070112.wav,5
/USERSPACE/DATASETS/CodecFake/train/F05_SSB18320103.wav,5
/USERSPACE/DATASETS/CodecFake/train/F05_p360_159.wav,5
/USERSPACE/DATASETS/CodecFake/train/F05_p257_046.wav,5
/USERSPACE/DATASETS/CodecFake/train/F05_SSB07840330.wav,5
/USERSPACE/DATASETS/CodecFake/train/F05_p283_279.wav,5
/USERSPACE/DATASETS/CodecFake/train/F05_p343_062.wav,5
/USERSPACE/DATASETS/CodecFake/train/F05_SSB03800308.wav,5
/USERSPACE/DATASETS/CodecFake/train/F05_SSB05340059.wav,5
/USERSPACE/DATASETS/CodecFake/train/F05_SSB01390351.wav,5
/USERSPACE/DATASETS/CodecFake/train/F05_SSB07490141.wav,5
/USERSPACE/DATASETS/CodecFake/train/F05_SSB12390228.wav,5
/USERSPACE/DATASETS/CodecFake/train/F05_p341_247.wav,5
/USERSPACE/DATASETS/CodecFake/train/F05_SSB14480047.wav,5
/USERSPACE/DATASETS/CodecFake/train/F05_SSB11000184.wav,5
/USERSPACE/DATASETS/CodecFake/train/F05_SSB16500010.wav,5
/USERSPACE/DATASETS/CodecFake/train/F05_SSB15930274.wav,5
/USERSPACE/DATASETS/CodecFake/train/F05_SSB02410044.wav,5
/USERSPACE/DATASETS/CodecFake/train/F05_SSB07800301.wav,5
/USERSPACE/DATASETS/CodecFake/train/F05_SSB18090245.wav,5
/USERSPACE/DATASETS/CodecFake/train/F05_p330_161.wav,5
/USERSPACE/DATASETS/CodecFake/train/F05_SSB10960070.wav,5
/USERSPACE/DATASETS/CodecFake/train/F05_SSB07460343.wav,5
/USERSPACE/DATASETS/CodecFake/train/F05_SSB04270007.wav,5
/USERSPACE/DATASETS/CodecFake/train/F05_p301_277.wav,5
/USERSPACE/DATASETS/CodecFake/train/F05_SSB07200391.wav,5
/USERSPACE/DATASETS/CodecFake/train/F05_p314_055.wav,5
/USERSPACE/DATASETS/CodecFake/train/F05_SSB04350204.wav,5
/USERSPACE/DATASETS/CodecFake/train/F05_SSB07780500.wav,5
/USERSPACE/DATASETS/CodecFake/train/F05_SSB07800370.wav,5
/USERSPACE/DATASETS/CodecFake/train/F05_SSB10560214.wav,5
/USERSPACE/DATASETS/CodecFake/train/F05_p243_310.wav,5
/USERSPACE/DATASETS/CodecFake/train/F05_SSB07800245.wav,5
/USERSPACE/DATASETS/CodecFake/train/F05_SSB14080456.wav,5
/USERSPACE/DATASETS/CodecFake/train/F05_SSB05780227.wav,5
/USERSPACE/DATASETS/CodecFake/train/F05_SSB07000436.wav,5
/USERSPACE/DATASETS/CodecFake/train/F05_SSB06090296.wav,5
/USERSPACE/DATASETS/CodecFake/train/F05_p239_253.wav,5
/USERSPACE/DATASETS/CodecFake/train/F05_p250_227.wav,5
/USERSPACE/DATASETS/CodecFake/train/F05_SSB05340146.wav,5
/USERSPACE/DATASETS/CodecFake/train/F05_p288_263.wav,5
/USERSPACE/DATASETS/CodecFake/train/F05_SSB07580298.wav,5
/USERSPACE/DATASETS/CodecFake/train/F05_SSB18910303.wav,5
/USERSPACE/DATASETS/CodecFake/train/F05_SSB10240379.wav,5
/USERSPACE/DATASETS/CodecFake/train/F05_p330_360.wav,5
/USERSPACE/DATASETS/CodecFake/train/F05_p264_174.wav,5
/USERSPACE/DATASETS/CodecFake/train/F05_SSB11000112.wav,5
/USERSPACE/DATASETS/CodecFake/train/F05_SSB18370376.wav,5
/USERSPACE/DATASETS/CodecFake/train/F05_SSB03070436.wav,5
/USERSPACE/DATASETS/CodecFake/train/F05_SSB17390304.wav,5
/USERSPACE/DATASETS/CodecFake/train/F05_p256_036.wav,5
/USERSPACE/DATASETS/CodecFake/train/F05_p228_169.wav,5
/USERSPACE/DATASETS/CodecFake/train/F05_SSB15630031.wav,5
/USERSPACE/DATASETS/CodecFake/train/F05_SSB11360260.wav,5
/USERSPACE/DATASETS/CodecFake/train/F05_p312_232.wav,5
/USERSPACE/DATASETS/CodecFake/train/F05_SSB06070310.wav,5
/USERSPACE/DATASETS/CodecFake/train/F05_SSB05650143.wav,5
/USERSPACE/DATASETS/CodecFake/train/F05_p301_158.wav,5
/USERSPACE/DATASETS/CodecFake/train/F05_SSB10200168.wav,5
/USERSPACE/DATASETS/CodecFake/train/F05_SSB11080045.wav,5
/USERSPACE/DATASETS/CodecFake/train/F05_SSB03930459.wav,5
/USERSPACE/DATASETS/CodecFake/train/F05_p231_240.wav,5
/USERSPACE/DATASETS/CodecFake/train/F05_p284_267.wav,5
/USERSPACE/DATASETS/CodecFake/train/F05_p288_311.wav,5
/USERSPACE/DATASETS/CodecFake/train/F05_SSB03420235.wav,5
/USERSPACE/DATASETS/CodecFake/train/F05_SSB01930305.wav,5
/USERSPACE/DATASETS/CodecFake/train/F05_SSB02880219.wav,5
/USERSPACE/DATASETS/CodecFake/train/F05_SSB14570288.wav,5
/USERSPACE/DATASETS/CodecFake/train/F05_p284_200.wav,5
/USERSPACE/DATASETS/CodecFake/train/F05_SSB04270218.wav,5
/USERSPACE/DATASETS/CodecFake/train/F05_SSB04820319.wav,5
/USERSPACE/DATASETS/CodecFake/train/F05_SSB07460319.wav,5
/USERSPACE/DATASETS/CodecFake/train/F05_SSB06710116.wav,5
/USERSPACE/DATASETS/CodecFake/train/F05_SSB03230062.wav,5
/USERSPACE/DATASETS/CodecFake/train/F05_p292_381.wav,5
/USERSPACE/DATASETS/CodecFake/train/F05_SSB07460144.wav,5
/USERSPACE/DATASETS/CodecFake/train/F05_SSB00110375.wav,5
/USERSPACE/DATASETS/CodecFake/train/F05_SSB05020060.wav,5
/USERSPACE/DATASETS/CodecFake/train/F05_SSB02670275.wav,5
/USERSPACE/DATASETS/CodecFake/train/F05_p266_317.wav,5
/USERSPACE/DATASETS/CodecFake/train/F05_SSB07110222.wav,5
/USERSPACE/DATASETS/CodecFake/train/F05_p292_343.wav,5
/USERSPACE/DATASETS/CodecFake/train/F05_SSB19180258.wav,5
/USERSPACE/DATASETS/CodecFake/train/F05_p259_040.wav,5
/USERSPACE/DATASETS/CodecFake/train/F05_SSB07230045.wav,5
/USERSPACE/DATASETS/CodecFake/train/F05_SSB11310210.wav,5
/USERSPACE/DATASETS/CodecFake/train/F05_p334_016.wav,5
/USERSPACE/DATASETS/CodecFake/train/F05_SSB10240313.wav,5
/USERSPACE/DATASETS/CodecFake/train/F05_SSB12150135.wav,5
/USERSPACE/DATASETS/CodecFake/train/F05_SSB02990073.wav,5
/USERSPACE/DATASETS/CodecFake/train/F05_SSB19350034.wav,5
/USERSPACE/DATASETS/CodecFake/train/F05_SSB16990456.wav,5
/USERSPACE/DATASETS/CodecFake/train/F05_p340_263.wav,5
/USERSPACE/DATASETS/CodecFake/train/F05_SSB10720096.wav,5
/USERSPACE/DATASETS/CodecFake/train/F05_p312_157.wav,5
/USERSPACE/DATASETS/CodecFake/train/F05_p318_114.wav,5
/USERSPACE/DATASETS/CodecFake/train/F05_p266_348.wav,5
/USERSPACE/DATASETS/CodecFake/train/F05_SSB12150424.wav,5
/USERSPACE/DATASETS/CodecFake/train/F05_SSB04350323.wav,5
/USERSPACE/DATASETS/CodecFake/train/F05_p229_077.wav,5
/USERSPACE/DATASETS/CodecFake/train/F05_SSB16070254.wav,5
/USERSPACE/DATASETS/CodecFake/train/F05_p240_029.wav,5
/USERSPACE/DATASETS/CodecFake/train/F05_SSB07460108.wav,5
/USERSPACE/DATASETS/CodecFake/train/F05_SSB08870377.wav,5
/USERSPACE/DATASETS/CodecFake/train/F05_p315_346.wav,5
/USERSPACE/DATASETS/CodecFake/train/F05_p258_130.wav,5
/USERSPACE/DATASETS/CodecFake/train/F05_SSB15930256.wav,5
/USERSPACE/DATASETS/CodecFake/train/F05_p333_206.wav,5
/USERSPACE/DATASETS/CodecFake/train/F05_SSB13660076.wav,5
/USERSPACE/DATASETS/CodecFake/train/F05_SSB14480148.wav,5
/USERSPACE/DATASETS/CodecFake/train/F05_SSB05990295.wav,5
/USERSPACE/DATASETS/CodecFake/train/F05_SSB13920202.wav,5
/USERSPACE/DATASETS/CodecFake/train/F05_SSB00180323.wav,5
/USERSPACE/DATASETS/CodecFake/train/F05_SSB19020310.wav,5
/USERSPACE/DATASETS/CodecFake/train/F05_p304_230.wav,5
/USERSPACE/DATASETS/CodecFake/train/F05_p232_308.wav,5
/USERSPACE/DATASETS/CodecFake/train/F05_SSB07360182.wav,5
/USERSPACE/DATASETS/CodecFake/train/F05_SSB11310006.wav,5
/USERSPACE/DATASETS/CodecFake/train/F05_SSB09660491.wav,5
/USERSPACE/DATASETS/CodecFake/train/F05_p277_229.wav,5
/USERSPACE/DATASETS/CodecFake/train/F05_p284_242.wav,5
/USERSPACE/DATASETS/CodecFake/train/F05_SSB06090225.wav,5
/USERSPACE/DATASETS/CodecFake/train/F05_SSB06660469.wav,5
/USERSPACE/DATASETS/CodecFake/train/F05_p250_034.wav,5
/USERSPACE/DATASETS/CodecFake/train/F05_SSB00050118.wav,5
/USERSPACE/DATASETS/CodecFake/train/F05_p308_093.wav,5
/USERSPACE/DATASETS/CodecFake/train/F05_p226_229.wav,5
/USERSPACE/DATASETS/CodecFake/train/F05_p301_384.wav,5
/USERSPACE/DATASETS/CodecFake/train/F05_SSB03850460.wav,5
/USERSPACE/DATASETS/CodecFake/train/F05_SSB19390239.wav,5
/USERSPACE/DATASETS/CodecFake/train/F05_SSB03070491.wav,5
/USERSPACE/DATASETS/CodecFake/train/F05_SSB12030128.wav,5
/USERSPACE/DATASETS/CodecFake/train/F05_SSB08710303.wav,5
/USERSPACE/DATASETS/CodecFake/train/F05_SSB18100303.wav,5
/USERSPACE/DATASETS/CodecFake/train/F05_p313_413.wav,5
/USERSPACE/DATASETS/CodecFake/train/F05_p305_261.wav,5
/USERSPACE/DATASETS/CodecFake/train/F05_p279_028.wav,5
/USERSPACE/DATASETS/CodecFake/train/F05_SSB15670393.wav,5
/USERSPACE/DATASETS/CodecFake/train/F05_SSB03230347.wav,5
/USERSPACE/DATASETS/CodecFake/train/F05_SSB01450198.wav,5
/USERSPACE/DATASETS/CodecFake/train/F05_p295_388.wav,5
/USERSPACE/DATASETS/CodecFake/train/F05_p329_361.wav,5
/USERSPACE/DATASETS/CodecFake/train/F05_SSB07370361.wav,5
/USERSPACE/DATASETS/CodecFake/train/F05_SSB02000221.wav,5
/USERSPACE/DATASETS/CodecFake/train/F05_SSB10720108.wav,5
/USERSPACE/DATASETS/CodecFake/train/F05_SSB03750157.wav,5
/USERSPACE/DATASETS/CodecFake/train/F05_p259_276.wav,5
/USERSPACE/DATASETS/CodecFake/train/F05_SSB11150071.wav,5
/USERSPACE/DATASETS/CodecFake/train/F05_SSB03410475.wav,5
/USERSPACE/DATASETS/CodecFake/train/F05_SSB08510423.wav,5
/USERSPACE/DATASETS/CodecFake/train/F05_SSB06230296.wav,5
/USERSPACE/DATASETS/CodecFake/train/F05_SSB06320370.wav,5
/USERSPACE/DATASETS/CodecFake/train/F05_SSB19020445.wav,5
/USERSPACE/DATASETS/CodecFake/train/F05_SSB10720137.wav,5
/USERSPACE/DATASETS/CodecFake/train/F05_SSB01450033.wav,5
/USERSPACE/DATASETS/CodecFake/train/F05_SSB16500034.wav,5
/USERSPACE/DATASETS/CodecFake/train/F05_p270_052.wav,5
/USERSPACE/DATASETS/CodecFake/train/F05_p265_349.wav,5
/USERSPACE/DATASETS/CodecFake/train/F05_SSB18720384.wav,5
/USERSPACE/DATASETS/CodecFake/train/F05_SSB19560360.wav,5
/USERSPACE/DATASETS/CodecFake/train/F05_SSB03800165.wav,5
/USERSPACE/DATASETS/CodecFake/train/F05_SSB03820296.wav,5
/USERSPACE/DATASETS/CodecFake/train/F05_SSB16700214.wav,5
/USERSPACE/DATASETS/CodecFake/train/F05_p243_269.wav,5
/USERSPACE/DATASETS/CodecFake/train/F05_p250_407.wav,5
/USERSPACE/DATASETS/CodecFake/train/F05_SSB01930119.wav,5
/USERSPACE/DATASETS/CodecFake/train/F05_SSB02990450.wav,5
/USERSPACE/DATASETS/CodecFake/train/F05_p277_189.wav,5
/USERSPACE/DATASETS/CodecFake/train/F05_p312_162.wav,5
/USERSPACE/DATASETS/CodecFake/train/F05_SSB03540308.wav,5
/USERSPACE/DATASETS/CodecFake/train/F05_p292_226.wav,5
/USERSPACE/DATASETS/CodecFake/train/F05_SSB08090213.wav,5
/USERSPACE/DATASETS/CodecFake/train/F05_SSB10720400.wav,5
/USERSPACE/DATASETS/CodecFake/train/F05_SSB10560129.wav,5
/USERSPACE/DATASETS/CodecFake/train/F05_p261_182.wav,5
/USERSPACE/DATASETS/CodecFake/train/F05_SSB07940454.wav,5
/USERSPACE/DATASETS/CodecFake/train/F05_SSB06230015.wav,5
/USERSPACE/DATASETS/CodecFake/train/F05_SSB05780216.wav,5
/USERSPACE/DATASETS/CodecFake/train/F05_SSB05900032.wav,5
/USERSPACE/DATASETS/CodecFake/train/F05_SSB09190289.wav,5
/USERSPACE/DATASETS/CodecFake/train/F05_SSB03950250.wav,5
/USERSPACE/DATASETS/CodecFake/train/F05_SSB06860433.wav,5
/USERSPACE/DATASETS/CodecFake/train/F05_p293_325.wav,5
/USERSPACE/DATASETS/CodecFake/train/F05_SSB10720492.wav,5
/USERSPACE/DATASETS/CodecFake/train/F05_SSB18720222.wav,5
/USERSPACE/DATASETS/CodecFake/train/F05_SSB04350487.wav,5
/USERSPACE/DATASETS/CodecFake/train/F05_SSB19560386.wav,5
/USERSPACE/DATASETS/CodecFake/train/F05_SSB08510027.wav,5
/USERSPACE/DATASETS/CodecFake/train/F05_SSB02410089.wav,5
/USERSPACE/DATASETS/CodecFake/train/F05_SSB06070044.wav,5
/USERSPACE/DATASETS/CodecFake/train/F05_SSB15630413.wav,5
/USERSPACE/DATASETS/CodecFake/train/F05_SSB15670004.wav,5
/USERSPACE/DATASETS/CodecFake/train/F05_SSB15750348.wav,5
/USERSPACE/DATASETS/CodecFake/train/F05_SSB12180204.wav,5
/USERSPACE/DATASETS/CodecFake/train/F05_SSB13200078.wav,5
/USERSPACE/DATASETS/CodecFake/train/F05_SSB00120321.wav,5
/USERSPACE/DATASETS/CodecFake/train/F05_SSB05900408.wav,5
/USERSPACE/DATASETS/CodecFake/train/F05_p317_022.wav,5
/USERSPACE/DATASETS/CodecFake/train/F05_SSB11150318.wav,5
/USERSPACE/DATASETS/CodecFake/train/F05_SSB07490243.wav,5
/USERSPACE/DATASETS/CodecFake/train/F05_SSB09660097.wav,5
/USERSPACE/DATASETS/CodecFake/train/F05_SSB05700097.wav,5
/USERSPACE/DATASETS/CodecFake/train/F05_SSB02410127.wav,5
/USERSPACE/DATASETS/CodecFake/train/F05_SSB01120019.wav,5
/USERSPACE/DATASETS/CodecFake/train/F05_SSB12180442.wav,5
/USERSPACE/DATASETS/CodecFake/train/F05_p266_293.wav,5
/USERSPACE/DATASETS/CodecFake/train/F05_p318_241.wav,5
/USERSPACE/DATASETS/CodecFake/train/F05_SSB07230057.wav,5
/USERSPACE/DATASETS/CodecFake/train/F05_p292_232.wav,5
/USERSPACE/DATASETS/CodecFake/train/F05_p323_027.wav,5
/USERSPACE/DATASETS/CodecFake/train/F05_SSB05990306.wav,5
/USERSPACE/DATASETS/CodecFake/train/F05_SSB15750377.wav,5
/USERSPACE/DATASETS/CodecFake/train/F05_SSB05350063.wav,5
/USERSPACE/DATASETS/CodecFake/train/F05_p253_357.wav,5
/USERSPACE/DATASETS/CodecFake/train/F05_SSB03800199.wav,5
/USERSPACE/DATASETS/CodecFake/train/F05_SSB13850112.wav,5
/USERSPACE/DATASETS/CodecFake/train/F05_SSB06680323.wav,5
/USERSPACE/DATASETS/CodecFake/train/F05_SSB00120069.wav,5
/USERSPACE/DATASETS/CodecFake/train/F05_SSB12030060.wav,5
/USERSPACE/DATASETS/CodecFake/train/F05_SSB18630397.wav,5
/USERSPACE/DATASETS/CodecFake/train/F05_SSB06290017.wav,5
/USERSPACE/DATASETS/CodecFake/train/F05_p340_024.wav,5
/USERSPACE/DATASETS/CodecFake/train/F05_SSB12030482.wav,5
/USERSPACE/DATASETS/CodecFake/train/F05_SSB03850045.wav,5
/USERSPACE/DATASETS/CodecFake/train/F05_p270_039.wav,5
/USERSPACE/DATASETS/CodecFake/train/F05_SSB05940392.wav,5
/USERSPACE/DATASETS/CodecFake/train/F05_p312_356.wav,5
/USERSPACE/DATASETS/CodecFake/train/F05_SSB11150199.wav,5
/USERSPACE/DATASETS/CodecFake/train/F05_SSB14020502.wav,5
/USERSPACE/DATASETS/CodecFake/train/F05_SSB13660279.wav,5
/USERSPACE/DATASETS/CodecFake/train/F05_SSB03660226.wav,5
/USERSPACE/DATASETS/CodecFake/train/F05_SSB16500356.wav,5
/USERSPACE/DATASETS/CodecFake/train/F05_SSB05900152.wav,5
/USERSPACE/DATASETS/CodecFake/train/F05_SSB02730164.wav,5
/USERSPACE/DATASETS/CodecFake/train/F05_p227_111.wav,5
/USERSPACE/DATASETS/CodecFake/train/F05_SSB18720358.wav,5
/USERSPACE/DATASETS/CodecFake/train/F05_p264_157.wav,5
/USERSPACE/DATASETS/CodecFake/train/F05_SSB07160114.wav,5
/USERSPACE/DATASETS/CodecFake/train/F05_p279_392.wav,5
/USERSPACE/DATASETS/CodecFake/train/F05_p262_288.wav,5
/USERSPACE/DATASETS/CodecFake/train/F05_SSB05940337.wav,5
/USERSPACE/DATASETS/CodecFake/train/F05_SSB03230203.wav,5
/USERSPACE/DATASETS/CodecFake/train/F05_p292_031.wav,5
/USERSPACE/DATASETS/CodecFake/train/F05_SSB15750497.wav,5
/USERSPACE/DATASETS/CodecFake/train/F05_p272_026.wav,5
/USERSPACE/DATASETS/CodecFake/train/F05_p260_267.wav,5
/USERSPACE/DATASETS/CodecFake/train/F05_p264_425.wav,5
/USERSPACE/DATASETS/CodecFake/train/F05_p362_227.wav,5
/USERSPACE/DATASETS/CodecFake/train/F05_SSB13990295.wav,5
/USERSPACE/DATASETS/CodecFake/train/F05_SSB19560223.wav,5
/USERSPACE/DATASETS/CodecFake/train/F05_SSB18060163.wav,5
/USERSPACE/DATASETS/CodecFake/train/F05_p283_180.wav,5
/USERSPACE/DATASETS/CodecFake/train/F05_p362_370.wav,5
/USERSPACE/DATASETS/CodecFake/train/F05_SSB01970224.wav,5
/USERSPACE/DATASETS/CodecFake/train/F05_p232_126.wav,5
/USERSPACE/DATASETS/CodecFake/train/F05_p363_146.wav,5
/USERSPACE/DATASETS/CodecFake/train/F05_SSB13410230.wav,5
/USERSPACE/DATASETS/CodecFake/train/F05_SSB15750142.wav,5
/USERSPACE/DATASETS/CodecFake/train/F05_p261_462.wav,5
/USERSPACE/DATASETS/CodecFake/train/F05_SSB01390175.wav,5
/USERSPACE/DATASETS/CodecFake/train/F05_p258_361.wav,5
/USERSPACE/DATASETS/CodecFake/train/F05_p272_036.wav,5
/USERSPACE/DATASETS/CodecFake/train/F05_SSB07200352.wav,5
/USERSPACE/DATASETS/CodecFake/train/F05_SSB06030100.wav,5
/USERSPACE/DATASETS/CodecFake/train/F05_SSB19350145.wav,5
/USERSPACE/DATASETS/CodecFake/train/F05_p255_267.wav,5
/USERSPACE/DATASETS/CodecFake/train/F05_SSB06030370.wav,5
/USERSPACE/DATASETS/CodecFake/train/F05_SSB03390467.wav,5
/USERSPACE/DATASETS/CodecFake/train/F05_p339_069.wav,5
/USERSPACE/DATASETS/CodecFake/train/F05_p270_141.wav,5
/USERSPACE/DATASETS/CodecFake/train/F05_SSB11610319.wav,5
/USERSPACE/DATASETS/CodecFake/train/F05_SSB14520178.wav,5
/USERSPACE/DATASETS/CodecFake/train/F05_SSB09130400.wav,5
/USERSPACE/DATASETS/CodecFake/train/F05_SSB01970356.wav,5
/USERSPACE/DATASETS/CodecFake/train/F05_p362_173.wav,5
/USERSPACE/DATASETS/CodecFake/train/F05_SSB03850361.wav,5
/USERSPACE/DATASETS/CodecFake/train/F05_SSB13820385.wav,5
/USERSPACE/DATASETS/CodecFake/train/F05_SSB19390194.wav,5
/USERSPACE/DATASETS/CodecFake/train/F05_SSB00090058.wav,5
/USERSPACE/DATASETS/CodecFake/train/F05_p243_004.wav,5
/USERSPACE/DATASETS/CodecFake/train/F05_p228_233.wav,5
/USERSPACE/DATASETS/CodecFake/train/F05_p303_337.wav,5
/USERSPACE/DATASETS/CodecFake/train/F05_SSB07100500.wav,5
/USERSPACE/DATASETS/CodecFake/train/F05_SSB07160217.wav,5
/USERSPACE/DATASETS/CodecFake/train/F05_p248_259.wav,5
/USERSPACE/DATASETS/CodecFake/train/F05_SSB01490453.wav,5
/USERSPACE/DATASETS/CodecFake/train/F05_SSB18370418.wav,5
/USERSPACE/DATASETS/CodecFake/train/F05_SSB03410080.wav,5
/USERSPACE/DATASETS/CodecFake/train/F05_p226_131.wav,5
/USERSPACE/DATASETS/CodecFake/train/F05_SSB09130441.wav,5
/USERSPACE/DATASETS/CodecFake/train/F05_SSB12210251.wav,5
/USERSPACE/DATASETS/CodecFake/train/F05_p310_199.wav,5
/USERSPACE/DATASETS/CodecFake/train/F05_SSB11250047.wav,5
/USERSPACE/DATASETS/CodecFake/train/F05_SSB00730439.wav,5
/USERSPACE/DATASETS/CodecFake/train/F05_SSB08220017.wav,5
/USERSPACE/DATASETS/CodecFake/train/F05_SSB18720146.wav,5
/USERSPACE/DATASETS/CodecFake/train/F05_SSB13990298.wav,5
/USERSPACE/DATASETS/CodecFake/train/F05_p253_220.wav,5
/USERSPACE/DATASETS/CodecFake/train/F05_SSB08510190.wav,5
/USERSPACE/DATASETS/CodecFake/train/F05_SSB00800348.wav,5
/USERSPACE/DATASETS/CodecFake/train/F05_SSB18370421.wav,5
/USERSPACE/DATASETS/CodecFake/train/F05_SSB07360198.wav,5
/USERSPACE/DATASETS/CodecFake/train/F05_p228_277.wav,5
/USERSPACE/DATASETS/CodecFake/train/F05_SSB11360286.wav,5
/USERSPACE/DATASETS/CodecFake/train/F05_p308_096.wav,5
/USERSPACE/DATASETS/CodecFake/train/F05_SSB19390097.wav,5
/USERSPACE/DATASETS/CodecFake/train/F05_p251_088.wav,5
/USERSPACE/DATASETS/CodecFake/train/F05_p341_020.wav,5
/USERSPACE/DATASETS/CodecFake/train/F05_SSB16500439.wav,5
/USERSPACE/DATASETS/CodecFake/train/F05_SSB07170153.wav,5
/USERSPACE/DATASETS/CodecFake/train/F05_SSB03660229.wav,5
/USERSPACE/DATASETS/CodecFake/train/F05_p286_465.wav,5
/USERSPACE/DATASETS/CodecFake/train/F05_p269_122.wav,5
/USERSPACE/DATASETS/CodecFake/train/F05_SSB12190039.wav,5
/USERSPACE/DATASETS/CodecFake/train/F05_SSB03150200.wav,5
/USERSPACE/DATASETS/CodecFake/train/F05_SSB03950019.wav,5
/USERSPACE/DATASETS/CodecFake/train/F05_SSB13020018.wav,5
/USERSPACE/DATASETS/CodecFake/train/F05_SSB13990060.wav,5
/USERSPACE/DATASETS/CodecFake/train/F05_SSB13770281.wav,5
/USERSPACE/DATASETS/CodecFake/train/F05_p228_082.wav,5
/USERSPACE/DATASETS/CodecFake/train/F05_SSB01450189.wav,5
/USERSPACE/DATASETS/CodecFake/train/F05_SSB05990137.wav,5
/USERSPACE/DATASETS/CodecFake/train/F05_p286_029.wav,5
/USERSPACE/DATASETS/CodecFake/train/F05_SSB08710263.wav,5
/USERSPACE/DATASETS/CodecFake/train/F05_p376_256.wav,5
/USERSPACE/DATASETS/CodecFake/train/F05_SSB10240190.wav,5
/USERSPACE/DATASETS/CodecFake/train/F05_p247_089.wav,5
/USERSPACE/DATASETS/CodecFake/train/F05_SSB07360234.wav,5
/USERSPACE/DATASETS/CodecFake/train/F05_p231_363.wav,5
/USERSPACE/DATASETS/CodecFake/train/F05_SSB05880444.wav,5
/USERSPACE/DATASETS/CodecFake/train/F05_SSB09870216.wav,5
/USERSPACE/DATASETS/CodecFake/train/F05_SSB01390384.wav,5
/USERSPACE/DATASETS/CodecFake/train/F05_p317_315.wav,5
/USERSPACE/DATASETS/CodecFake/train/F05_SSB01120457.wav,5
/USERSPACE/DATASETS/CodecFake/train/F05_SSB05440419.wav,5
/USERSPACE/DATASETS/CodecFake/train/F05_p341_171.wav,5
/USERSPACE/DATASETS/CodecFake/train/F05_SSB02460253.wav,5
/USERSPACE/DATASETS/CodecFake/train/F05_SSB02670161.wav,5
/USERSPACE/DATASETS/CodecFake/train/F05_SSB10560052.wav,5
/USERSPACE/DATASETS/CodecFake/train/F05_p236_495.wav,5
/USERSPACE/DATASETS/CodecFake/train/F05_SSB07020392.wav,5
/USERSPACE/DATASETS/CodecFake/train/F05_SSB07460224.wav,5
/USERSPACE/DATASETS/CodecFake/train/F05_SSB03950262.wav,5
/USERSPACE/DATASETS/CodecFake/train/F05_SSB18310242.wav,5
/USERSPACE/DATASETS/CodecFake/train/F05_SSB03540121.wav,5
/USERSPACE/DATASETS/CodecFake/train/F05_p311_381.wav,5
/USERSPACE/DATASETS/CodecFake/train/F05_SSB10240096.wav,5
/USERSPACE/DATASETS/CodecFake/train/F05_SSB05700011.wav,5
/USERSPACE/DATASETS/CodecFake/train/F05_SSB03160248.wav,5
/USERSPACE/DATASETS/CodecFake/train/F05_SSB07620195.wav,5
/USERSPACE/DATASETS/CodecFake/train/F05_p287_079.wav,5
/USERSPACE/DATASETS/CodecFake/train/F05_p252_315.wav,5
/USERSPACE/DATASETS/CodecFake/train/F05_SSB01120155.wav,5
/USERSPACE/DATASETS/CodecFake/train/F05_SSB07110013.wav,5
/USERSPACE/DATASETS/CodecFake/train/F05_SSB11380200.wav,5
/USERSPACE/DATASETS/CodecFake/train/F05_SSB01220052.wav,5
/USERSPACE/DATASETS/CodecFake/train/F05_SSB07780113.wav,5
/USERSPACE/DATASETS/CodecFake/train/F05_SSB17110137.wav,5
/USERSPACE/DATASETS/CodecFake/train/F05_p227_228.wav,5
/USERSPACE/DATASETS/CodecFake/train/F05_SSB16840247.wav,5
/USERSPACE/DATASETS/CodecFake/train/F05_p336_011.wav,5
/USERSPACE/DATASETS/CodecFake/train/F05_p335_344.wav,5
/USERSPACE/DATASETS/CodecFake/train/F05_SSB10010454.wav,5
/USERSPACE/DATASETS/CodecFake/train/F05_SSB07490131.wav,5
/USERSPACE/DATASETS/CodecFake/train/F05_SSB19390051.wav,5
/USERSPACE/DATASETS/CodecFake/train/F05_SSB13200185.wav,5
/USERSPACE/DATASETS/CodecFake/train/F05_p261_076.wav,5
/USERSPACE/DATASETS/CodecFake/train/F05_p249_027.wav,5
/USERSPACE/DATASETS/CodecFake/train/F05_SSB05390353.wav,5
/USERSPACE/DATASETS/CodecFake/train/F05_SSB01450236.wav,5
/USERSPACE/DATASETS/CodecFake/train/F05_SSB03940231.wav,5
/USERSPACE/DATASETS/CodecFake/train/F05_SSB06230315.wav,5
/USERSPACE/DATASETS/CodecFake/train/F05_SSB09130424.wav,5
/USERSPACE/DATASETS/CodecFake/train/F05_p230_378.wav,5
/USERSPACE/DATASETS/CodecFake/train/F05_p323_290.wav,5
/USERSPACE/DATASETS/CodecFake/train/F05_SSB12150253.wav,5
/USERSPACE/DATASETS/CodecFake/train/F05_SSB01450271.wav,5
/USERSPACE/DATASETS/CodecFake/train/F05_SSB09350352.wav,5
/USERSPACE/DATASETS/CodecFake/train/F05_SSB14310226.wav,5
/USERSPACE/DATASETS/CodecFake/train/F05_SSB16700443.wav,5
/USERSPACE/DATASETS/CodecFake/train/F05_p252_335.wav,5
/USERSPACE/DATASETS/CodecFake/train/F05_SSB06140051.wav,5
/USERSPACE/DATASETS/CodecFake/train/F05_p275_362.wav,5
/USERSPACE/DATASETS/CodecFake/train/F05_p251_278.wav,5
/USERSPACE/DATASETS/CodecFake/train/F05_SSB02410456.wav,5
/USERSPACE/DATASETS/CodecFake/train/F05_p363_048.wav,5
/USERSPACE/DATASETS/CodecFake/train/F05_p336_408.wav,5
/USERSPACE/DATASETS/CodecFake/train/F05_SSB18280483.wav,5
/USERSPACE/DATASETS/CodecFake/train/F05_SSB18780431.wav,5
/USERSPACE/DATASETS/CodecFake/train/F05_SSB16250435.wav,5
/USERSPACE/DATASETS/CodecFake/train/F05_p277_068.wav,5
/USERSPACE/DATASETS/CodecFake/train/F05_p295_086.wav,5
/USERSPACE/DATASETS/CodecFake/train/F05_SSB11870300.wav,5
/USERSPACE/DATASETS/CodecFake/train/F05_SSB10010058.wav,5
/USERSPACE/DATASETS/CodecFake/train/F05_SSB06310142.wav,5
/USERSPACE/DATASETS/CodecFake/train/F05_p244_022.wav,5
/USERSPACE/DATASETS/CodecFake/train/F05_SSB07360016.wav,5
/USERSPACE/DATASETS/CodecFake/train/F05_SSB06660493.wav,5
/USERSPACE/DATASETS/CodecFake/train/F05_SSB15750261.wav,5
/USERSPACE/DATASETS/CodecFake/train/F05_SSB09660230.wav,5
/USERSPACE/DATASETS/CodecFake/train/F05_SSB03070127.wav,5
/USERSPACE/DATASETS/CodecFake/train/F05_p271_445.wav,5
/USERSPACE/DATASETS/CodecFake/train/F05_SSB00430482.wav,5
/USERSPACE/DATASETS/CodecFake/train/F05_p361_059.wav,5
/USERSPACE/DATASETS/CodecFake/train/F05_SSB01970336.wav,5
/USERSPACE/DATASETS/CodecFake/train/F05_SSB06860394.wav,5
/USERSPACE/DATASETS/CodecFake/train/F05_SSB04340359.wav,5
/USERSPACE/DATASETS/CodecFake/train/F05_SSB19350120.wav,5
/USERSPACE/DATASETS/CodecFake/train/F05_SSB13830054.wav,5
/USERSPACE/DATASETS/CodecFake/train/F05_SSB08710148.wav,5
/USERSPACE/DATASETS/CodecFake/train/F05_p261_263.wav,5
/USERSPACE/DATASETS/CodecFake/train/F05_p239_414.wav,5
/USERSPACE/DATASETS/CodecFake/train/F05_SSB03540085.wav,5
/USERSPACE/DATASETS/CodecFake/train/F05_p287_025.wav,5
/USERSPACE/DATASETS/CodecFake/train/F05_SSB14480460.wav,5
/USERSPACE/DATASETS/CodecFake/train/F05_SSB12030257.wav,5
/USERSPACE/DATASETS/CodecFake/train/F05_SSB07110268.wav,5
/USERSPACE/DATASETS/CodecFake/train/F05_p280_205.wav,5
/USERSPACE/DATASETS/CodecFake/train/F05_SSB07230292.wav,5
/USERSPACE/DATASETS/CodecFake/train/F05_SSB07200164.wav,5
/USERSPACE/DATASETS/CodecFake/train/F05_SSB02000481.wav,5
/USERSPACE/DATASETS/CodecFake/train/F05_SSB13660089.wav,5
/USERSPACE/DATASETS/CodecFake/train/F05_p304_421.wav,5
/USERSPACE/DATASETS/CodecFake/train/F05_SSB16500171.wav,5
/USERSPACE/DATASETS/CodecFake/train/F05_SSB00090303.wav,5
/USERSPACE/DATASETS/CodecFake/train/F05_p275_062.wav,5
/USERSPACE/DATASETS/CodecFake/train/F05_SSB00430435.wav,5
/USERSPACE/DATASETS/CodecFake/train/F05_SSB03380305.wav,5
/USERSPACE/DATASETS/CodecFake/train/F05_SSB06680221.wav,5
/USERSPACE/DATASETS/CodecFake/train/F05_p307_211.wav,5
/USERSPACE/DATASETS/CodecFake/train/F05_p253_365.wav,5
/USERSPACE/DATASETS/CodecFake/train/F05_p361_162.wav,5
/USERSPACE/DATASETS/CodecFake/train/F05_p323_358.wav,5
/USERSPACE/DATASETS/CodecFake/train/F05_SSB07800399.wav,5
/USERSPACE/DATASETS/CodecFake/train/F05_SSB05350301.wav,5
/USERSPACE/DATASETS/CodecFake/train/F05_p271_362.wav,5
/USERSPACE/DATASETS/CodecFake/train/F05_SSB00730182.wav,5
/USERSPACE/DATASETS/CodecFake/train/F05_SSB10720333.wav,5
/USERSPACE/DATASETS/CodecFake/train/F05_p239_333.wav,5
/USERSPACE/DATASETS/CodecFake/train/F05_p265_194.wav,5
/USERSPACE/DATASETS/CodecFake/train/F05_SSB07170476.wav,5
/USERSPACE/DATASETS/CodecFake/train/F05_p310_164.wav,5
/USERSPACE/DATASETS/CodecFake/train/F05_SSB12030446.wav,5
/USERSPACE/DATASETS/CodecFake/train/F05_SSB07000296.wav,5
/USERSPACE/DATASETS/CodecFake/train/F05_SSB05780333.wav,5
/USERSPACE/DATASETS/CodecFake/train/F05_p347_275.wav,5
/USERSPACE/DATASETS/CodecFake/train/F05_SSB14080351.wav,5
/USERSPACE/DATASETS/CodecFake/train/F05_p266_034.wav,5
/USERSPACE/DATASETS/CodecFake/train/F05_SSB05650124.wav,5
/USERSPACE/DATASETS/CodecFake/train/F05_p259_448.wav,5
/USERSPACE/DATASETS/CodecFake/train/F05_SSB12190311.wav,5
/USERSPACE/DATASETS/CodecFake/train/F05_p238_105.wav,5
/USERSPACE/DATASETS/CodecFake/train/F05_SSB06290369.wav,5
/USERSPACE/DATASETS/CodecFake/train/F05_SSB06230058.wav,5
/USERSPACE/DATASETS/CodecFake/train/F05_SSB17820055.wav,5
/USERSPACE/DATASETS/CodecFake/train/F05_SSB05780096.wav,5
/USERSPACE/DATASETS/CodecFake/train/F05_SSB05990407.wav,5
/USERSPACE/DATASETS/CodecFake/train/F05_SSB06310045.wav,5
/USERSPACE/DATASETS/CodecFake/train/F05_p274_064.wav,5
/USERSPACE/DATASETS/CodecFake/train/F05_p282_062.wav,5
/USERSPACE/DATASETS/CodecFake/train/F05_SSB00430100.wav,5
/USERSPACE/DATASETS/CodecFake/train/F05_SSB10550164.wav,5
/USERSPACE/DATASETS/CodecFake/train/F05_SSB03930074.wav,5
/USERSPACE/DATASETS/CodecFake/train/F05_SSB04350079.wav,5
/USERSPACE/DATASETS/CodecFake/train/F05_SSB02880366.wav,5
/USERSPACE/DATASETS/CodecFake/train/F05_p307_365.wav,5
/USERSPACE/DATASETS/CodecFake/train/F05_p271_182.wav,5
/USERSPACE/DATASETS/CodecFake/train/F05_SSB05650107.wav,5
/USERSPACE/DATASETS/CodecFake/train/F05_SSB03540174.wav,5
/USERSPACE/DATASETS/CodecFake/train/F05_SSB03950170.wav,5
/USERSPACE/DATASETS/CodecFake/train/F05_SSB11150375.wav,5
/USERSPACE/DATASETS/CodecFake/train/F05_p301_031.wav,5
/USERSPACE/DATASETS/CodecFake/train/F05_SSB13830397.wav,5
/USERSPACE/DATASETS/CodecFake/train/F05_p268_024.wav,5
/USERSPACE/DATASETS/CodecFake/train/F05_SSB05440369.wav,5
/USERSPACE/DATASETS/CodecFake/train/F05_SSB06660011.wav,5
/USERSPACE/DATASETS/CodecFake/train/F05_p269_388.wav,5
/USERSPACE/DATASETS/CodecFake/train/F05_p360_362.wav,5
/USERSPACE/DATASETS/CodecFake/train/F05_SSB03380082.wav,5
/USERSPACE/DATASETS/CodecFake/train/F05_SSB13850465.wav,5
/USERSPACE/DATASETS/CodecFake/train/F05_SSB19180228.wav,5
/USERSPACE/DATASETS/CodecFake/train/F05_SSB14480223.wav,5
/USERSPACE/DATASETS/CodecFake/train/F05_SSB10910033.wav,5
/USERSPACE/DATASETS/CodecFake/train/F05_SSB12180101.wav,5
/USERSPACE/DATASETS/CodecFake/train/F05_SSB10240046.wav,5
/USERSPACE/DATASETS/CodecFake/train/F05_SSB05390425.wav,5
/USERSPACE/DATASETS/CodecFake/train/F05_SSB01120040.wav,5
/USERSPACE/DATASETS/CodecFake/train/F05_p284_212.wav,5
/USERSPACE/DATASETS/CodecFake/train/F05_SSB05700450.wav,5
/USERSPACE/DATASETS/CodecFake/train/F05_SSB10080458.wav,5
/USERSPACE/DATASETS/CodecFake/train/F05_SSB00110041.wav,5
/USERSPACE/DATASETS/CodecFake/train/F05_SSB18100366.wav,5
/USERSPACE/DATASETS/CodecFake/train/F05_SSB00160487.wav,5
/USERSPACE/DATASETS/CodecFake/train/F05_SSB00180108.wav,5
/USERSPACE/DATASETS/CodecFake/train/F05_SSB07510267.wav,5
/USERSPACE/DATASETS/CodecFake/train/F05_SSB09930131.wav,5
/USERSPACE/DATASETS/CodecFake/train/F05_SSB00050140.wav,5
/USERSPACE/DATASETS/CodecFake/train/F05_SSB11080267.wav,5
/USERSPACE/DATASETS/CodecFake/train/F05_SSB06070267.wav,5
/USERSPACE/DATASETS/CodecFake/train/F05_p264_112.wav,5
/USERSPACE/DATASETS/CodecFake/train/F05_SSB04700243.wav,5
/USERSPACE/DATASETS/CodecFake/train/F05_p231_273.wav,5
/USERSPACE/DATASETS/CodecFake/train/F05_p298_372.wav,5
/USERSPACE/DATASETS/CodecFake/train/F05_p317_409.wav,5
/USERSPACE/DATASETS/CodecFake/train/F05_SSB03090457.wav,5
/USERSPACE/DATASETS/CodecFake/train/F05_p236_081.wav,5
/USERSPACE/DATASETS/CodecFake/train/F05_SSB15750238.wav,5
/USERSPACE/DATASETS/CodecFake/train/F05_p333_350.wav,5
/USERSPACE/DATASETS/CodecFake/train/F05_SSB09660454.wav,5
/USERSPACE/DATASETS/CodecFake/train/F05_p284_024.wav,5
/USERSPACE/DATASETS/CodecFake/train/F05_SSB00730393.wav,5
/USERSPACE/DATASETS/CodecFake/train/F05_p265_331.wav,5
/USERSPACE/DATASETS/CodecFake/train/F05_SSB06310130.wav,5
/USERSPACE/DATASETS/CodecFake/train/F05_SSB07110032.wav,5
/USERSPACE/DATASETS/CodecFake/train/F05_SSB18630066.wav,5
/USERSPACE/DATASETS/CodecFake/train/F05_p326_043.wav,5
/USERSPACE/DATASETS/CodecFake/train/F05_p241_254.wav,5
/USERSPACE/DATASETS/CodecFake/train/F05_SSB13920217.wav,5
/USERSPACE/DATASETS/CodecFake/train/F05_p248_114.wav,5
/USERSPACE/DATASETS/CodecFake/train/F05_SSB05880352.wav,5
/USERSPACE/DATASETS/CodecFake/train/F05_SSB06290433.wav,5
/USERSPACE/DATASETS/CodecFake/train/F05_SSB11350033.wav,5
/USERSPACE/DATASETS/CodecFake/train/F05_SSB03160189.wav,5
/USERSPACE/DATASETS/CodecFake/train/F05_SSB02730038.wav,5
/USERSPACE/DATASETS/CodecFake/train/F05_p263_353.wav,5
/USERSPACE/DATASETS/CodecFake/train/F05_SSB07000479.wav,5
/USERSPACE/DATASETS/CodecFake/train/F05_SSB03230039.wav,5
/USERSPACE/DATASETS/CodecFake/train/F05_SSB06060294.wav,5
/USERSPACE/DATASETS/CodecFake/train/F05_SSB07580250.wav,5
/USERSPACE/DATASETS/CodecFake/train/F05_p273_092.wav,5
/USERSPACE/DATASETS/CodecFake/train/F05_p329_188.wav,5
/USERSPACE/DATASETS/CodecFake/train/F05_p351_371.wav,5
/USERSPACE/DATASETS/CodecFake/train/F05_p284_172.wav,5
/USERSPACE/DATASETS/CodecFake/train/F05_SSB15750484.wav,5
/USERSPACE/DATASETS/CodecFake/train/F05_SSB10000339.wav,5
/USERSPACE/DATASETS/CodecFake/train/F05_p318_035.wav,5
/USERSPACE/DATASETS/CodecFake/train/F05_SSB19350103.wav,5
/USERSPACE/DATASETS/CodecFake/train/F05_p225_117.wav,5
/USERSPACE/DATASETS/CodecFake/train/F05_p362_349.wav,5
/USERSPACE/DATASETS/CodecFake/train/F05_SSB13400172.wav,5
/USERSPACE/DATASETS/CodecFake/train/F05_p267_182.wav,5
/USERSPACE/DATASETS/CodecFake/train/F05_SSB02610113.wav,5
/USERSPACE/DATASETS/CodecFake/train/F05_SSB02880070.wav,5
/USERSPACE/DATASETS/CodecFake/train/F05_SSB08170071.wav,5
/USERSPACE/DATASETS/CodecFake/train/F05_SSB11150321.wav,5
/USERSPACE/DATASETS/CodecFake/train/F05_SSB09350011.wav,5
/USERSPACE/DATASETS/CodecFake/train/F05_p251_246.wav,5
/USERSPACE/DATASETS/CodecFake/train/F05_p275_373.wav,5
/USERSPACE/DATASETS/CodecFake/train/F05_p330_422.wav,5
/USERSPACE/DATASETS/CodecFake/train/F05_SSB06710237.wav,5
/USERSPACE/DATASETS/CodecFake/train/F05_SSB05650461.wav,5
/USERSPACE/DATASETS/CodecFake/train/F05_p281_239.wav,5
/USERSPACE/DATASETS/CodecFake/train/F05_p316_200.wav,5
/USERSPACE/DATASETS/CodecFake/train/F05_SSB07230267.wav,5
/USERSPACE/DATASETS/CodecFake/train/F05_p312_048.wav,5
/USERSPACE/DATASETS/CodecFake/train/F05_SSB19180041.wav,5
/USERSPACE/DATASETS/CodecFake/train/F05_SSB10720155.wav,5
/USERSPACE/DATASETS/CodecFake/train/F05_SSB00120363.wav,5
/USERSPACE/DATASETS/CodecFake/train/F05_SSB12390446.wav,5
/USERSPACE/DATASETS/CodecFake/train/F05_p333_265.wav,5
/USERSPACE/DATASETS/CodecFake/train/F05_p262_186.wav,5
/USERSPACE/DATASETS/CodecFake/train/F05_p284_007.wav,5
/USERSPACE/DATASETS/CodecFake/train/F05_p300_079.wav,5
/USERSPACE/DATASETS/CodecFake/train/F05_SSB07480292.wav,5
/USERSPACE/DATASETS/CodecFake/train/F05_p245_034.wav,5
/USERSPACE/DATASETS/CodecFake/train/F05_p333_362.wav,5
/USERSPACE/DATASETS/CodecFake/train/F05_SSB18320299.wav,5
/USERSPACE/DATASETS/CodecFake/train/F05_SSB15670058.wav,5
/USERSPACE/DATASETS/CodecFake/train/F05_SSB03160013.wav,5
/USERSPACE/DATASETS/CodecFake/train/F05_SSB06030273.wav,5
/USERSPACE/DATASETS/CodecFake/train/F05_p295_288.wav,5
/USERSPACE/DATASETS/CodecFake/train/F05_SSB01220019.wav,5
/USERSPACE/DATASETS/CodecFake/train/F05_SSB13820018.wav,5
/USERSPACE/DATASETS/CodecFake/train/F05_SSB12530192.wav,5
/USERSPACE/DATASETS/CodecFake/train/F05_p347_116.wav,5
/USERSPACE/DATASETS/CodecFake/train/F05_SSB11250164.wav,5
/USERSPACE/DATASETS/CodecFake/train/F05_SSB06660219.wav,5
/USERSPACE/DATASETS/CodecFake/train/F05_SSB03540202.wav,5
/USERSPACE/DATASETS/CodecFake/train/F05_SSB19020311.wav,5
/USERSPACE/DATASETS/CodecFake/train/F05_SSB00090294.wav,5
/USERSPACE/DATASETS/CodecFake/train/F05_SSB16240123.wav,5
/USERSPACE/DATASETS/CodecFake/train/F05_SSB05390426.wav,5
/USERSPACE/DATASETS/CodecFake/train/F05_SSB06320431.wav,5
/USERSPACE/DATASETS/CodecFake/train/F05_SSB03660113.wav,5
/USERSPACE/DATASETS/CodecFake/train/F05_p280_252.wav,5
/USERSPACE/DATASETS/CodecFake/train/F05_p260_226.wav,5
/USERSPACE/DATASETS/CodecFake/train/F05_p316_106.wav,5
/USERSPACE/DATASETS/CodecFake/train/F05_SSB14370117.wav,5
/USERSPACE/DATASETS/CodecFake/train/F05_SSB03950299.wav,5
/USERSPACE/DATASETS/CodecFake/train/F05_SSB07020005.wav,5
/USERSPACE/DATASETS/CodecFake/train/F05_p271_197.wav,5
/USERSPACE/DATASETS/CodecFake/train/F05_SSB00430020.wav,5
/USERSPACE/DATASETS/CodecFake/train/F05_SSB05700027.wav,5
/USERSPACE/DATASETS/CodecFake/train/F05_SSB03820140.wav,5
/USERSPACE/DATASETS/CodecFake/train/F05_SSB11000390.wav,5
/USERSPACE/DATASETS/CodecFake/train/F05_SSB03090132.wav,5
/USERSPACE/DATASETS/CodecFake/train/F05_SSB07620198.wav,5
/USERSPACE/DATASETS/CodecFake/train/F05_SSB06710210.wav,5
/USERSPACE/DATASETS/CodecFake/train/F05_SSB04260079.wav,5
/USERSPACE/DATASETS/CodecFake/train/F05_p234_297.wav,5
/USERSPACE/DATASETS/CodecFake/train/F05_SSB04340215.wav,5
/USERSPACE/DATASETS/CodecFake/train/F05_SSB07480075.wav,5
/USERSPACE/DATASETS/CodecFake/train/F05_SSB10020171.wav,5
/USERSPACE/DATASETS/CodecFake/train/F05_SSB09930454.wav,5
/USERSPACE/DATASETS/CodecFake/train/F05_SSB19390370.wav,5
/USERSPACE/DATASETS/CodecFake/train/F05_SSB19020347.wav,5
/USERSPACE/DATASETS/CodecFake/train/F05_SSB09660124.wav,5
/USERSPACE/DATASETS/CodecFake/train/F05_p237_006.wav,5
/USERSPACE/DATASETS/CodecFake/train/F05_SSB07580422.wav,5
/USERSPACE/DATASETS/CodecFake/train/F05_SSB14080476.wav,5
/USERSPACE/DATASETS/CodecFake/train/F05_p266_415.wav,5
/USERSPACE/DATASETS/CodecFake/train/F05_SSB03950086.wav,5
/USERSPACE/DATASETS/CodecFake/train/F05_SSB02670283.wav,5
/USERSPACE/DATASETS/CodecFake/train/F05_SSB02880310.wav,5
/USERSPACE/DATASETS/CodecFake/train/F05_SSB03940499.wav,5
/USERSPACE/DATASETS/CodecFake/train/F05_SSB05700110.wav,5
/USERSPACE/DATASETS/CodecFake/train/F05_SSB01390079.wav,5
/USERSPACE/DATASETS/CodecFake/train/F05_p363_313.wav,5
/USERSPACE/DATASETS/CodecFake/train/F05_SSB19020451.wav,5
/USERSPACE/DATASETS/CodecFake/train/F05_p326_296.wav,5
/USERSPACE/DATASETS/CodecFake/train/F05_SSB16840190.wav,5
/USERSPACE/DATASETS/CodecFake/train/F05_SSB07510362.wav,5
/USERSPACE/DATASETS/CodecFake/train/F05_SSB06320112.wav,5
/USERSPACE/DATASETS/CodecFake/train/F05_p312_251.wav,5
/USERSPACE/DATASETS/CodecFake/train/F05_SSB14310126.wav,5
/USERSPACE/DATASETS/CodecFake/train/F05_SSB05780316.wav,5
/USERSPACE/DATASETS/CodecFake/train/F05_SSB10000471.wav,5
/USERSPACE/DATASETS/CodecFake/train/F05_SSB03950037.wav,5
/USERSPACE/DATASETS/CodecFake/train/F05_p263_217.wav,5
/USERSPACE/DATASETS/CodecFake/train/F05_SSB00160300.wav,5
/USERSPACE/DATASETS/CodecFake/train/F05_p276_023.wav,5
/USERSPACE/DATASETS/CodecFake/train/F05_SSB00380183.wav,5
/USERSPACE/DATASETS/CodecFake/train/F05_SSB10550507.wav,5
/USERSPACE/DATASETS/CodecFake/train/F05_SSB15670162.wav,5
/USERSPACE/DATASETS/CodecFake/train/F05_p288_318.wav,5
/USERSPACE/DATASETS/CodecFake/train/F05_SSB07860154.wav,5
/USERSPACE/DATASETS/CodecFake/train/F05_p279_145.wav,5
/USERSPACE/DATASETS/CodecFake/train/F05_p263_435.wav,5
/USERSPACE/DATASETS/CodecFake/train/F05_SSB14080008.wav,5
/USERSPACE/DATASETS/CodecFake/train/F05_p257_074.wav,5
/USERSPACE/DATASETS/CodecFake/train/F05_SSB18780403.wav,5
/USERSPACE/DATASETS/CodecFake/train/F05_p275_374.wav,5
/USERSPACE/DATASETS/CodecFake/train/F05_SSB18320429.wav,5
/USERSPACE/DATASETS/CodecFake/train/F05_p266_038.wav,5
/USERSPACE/DATASETS/CodecFake/train/F05_p274_425.wav,5
/USERSPACE/DATASETS/CodecFake/train/F05_SSB08170310.wav,5
/USERSPACE/DATASETS/CodecFake/train/F05_SSB02880202.wav,5
/USERSPACE/DATASETS/CodecFake/train/F05_p261_266.wav,5
/USERSPACE/DATASETS/CodecFake/train/F05_p305_024.wav,5
/USERSPACE/DATASETS/CodecFake/train/F05_p301_248.wav,5
/USERSPACE/DATASETS/CodecFake/train/F05_p329_414.wav,5
/USERSPACE/DATASETS/CodecFake/train/F05_SSB19350110.wav,5
/USERSPACE/DATASETS/CodecFake/train/F05_SSB18280125.wav,5
/USERSPACE/DATASETS/CodecFake/train/F05_SSB13930020.wav,5
/USERSPACE/DATASETS/CodecFake/train/F05_SSB07020171.wav,5
/USERSPACE/DATASETS/CodecFake/train/F05_SSB14310322.wav,5
/USERSPACE/DATASETS/CodecFake/train/F05_SSB05350298.wav,5
/USERSPACE/DATASETS/CodecFake/train/F05_p347_342.wav,5
/USERSPACE/DATASETS/CodecFake/train/F05_SSB02870073.wav,5
/USERSPACE/DATASETS/CodecFake/train/F05_p233_226.wav,5
/USERSPACE/DATASETS/CodecFake/train/F05_SSB03150114.wav,5
/USERSPACE/DATASETS/CodecFake/train/F05_p336_183.wav,5
/USERSPACE/DATASETS/CodecFake/train/F05_SSB06060209.wav,5
/USERSPACE/DATASETS/CodecFake/train/F05_p301_169.wav,5
/USERSPACE/DATASETS/CodecFake/train/F05_SSB15850131.wav,5
/USERSPACE/DATASETS/CodecFake/train/F05_p286_160.wav,5
/USERSPACE/DATASETS/CodecFake/train/F05_SSB05440372.wav,5
/USERSPACE/DATASETS/CodecFake/train/F05_p374_389.wav,5
/USERSPACE/DATASETS/CodecFake/train/F05_p247_403.wav,5
/USERSPACE/DATASETS/CodecFake/train/F05_SSB03820267.wav,5
/USERSPACE/DATASETS/CodecFake/train/F05_SSB13920382.wav,5
/USERSPACE/DATASETS/CodecFake/train/F05_SSB17110420.wav,5
/USERSPACE/DATASETS/CodecFake/train/F05_SSB18370413.wav,5
/USERSPACE/DATASETS/CodecFake/train/F05_SSB08220064.wav,5
/USERSPACE/DATASETS/CodecFake/train/F05_SSB07580363.wav,5
/USERSPACE/DATASETS/CodecFake/train/F05_p374_116.wav,5
/USERSPACE/DATASETS/CodecFake/train/F05_p285_282.wav,5
/USERSPACE/DATASETS/CodecFake/train/F05_p274_412.wav,5
/USERSPACE/DATASETS/CodecFake/train/F05_SSB16840413.wav,5
/USERSPACE/DATASETS/CodecFake/train/F05_SSB06030130.wav,5
/USERSPACE/DATASETS/CodecFake/train/F05_SSB07580407.wav,5
/USERSPACE/DATASETS/CodecFake/train/F05_SSB00180265.wav,5
/USERSPACE/DATASETS/CodecFake/train/F05_p283_329.wav,5
/USERSPACE/DATASETS/CodecFake/train/F05_SSB19180326.wav,5
/USERSPACE/DATASETS/CodecFake/train/F05_SSB03940258.wav,5
/USERSPACE/DATASETS/CodecFake/train/F05_SSB06320366.wav,5
/USERSPACE/DATASETS/CodecFake/train/F05_SSB06030231.wav,5
/USERSPACE/DATASETS/CodecFake/train/F05_p239_123.wav,5
/USERSPACE/DATASETS/CodecFake/train/F05_p256_253.wav,5
/USERSPACE/DATASETS/CodecFake/train/F05_p347_354.wav,5
/USERSPACE/DATASETS/CodecFake/train/F05_p275_137.wav,5
/USERSPACE/DATASETS/CodecFake/train/F05_SSB07360282.wav,5
/USERSPACE/DATASETS/CodecFake/train/F05_p301_237.wav,5
/USERSPACE/DATASETS/CodecFake/train/F05_SSB03090414.wav,5
/USERSPACE/DATASETS/CodecFake/train/F05_p252_288.wav,5
/USERSPACE/DATASETS/CodecFake/train/F05_SSB07160088.wav,5
/USERSPACE/DATASETS/CodecFake/train/F05_SSB06310085.wav,5
/USERSPACE/DATASETS/CodecFake/train/F05_p297_183.wav,5
/USERSPACE/DATASETS/CodecFake/train/F05_SSB01390096.wav,5
/USERSPACE/DATASETS/CodecFake/train/F05_p295_269.wav,5
/USERSPACE/DATASETS/CodecFake/train/F05_p333_088.wav,5
/USERSPACE/DATASETS/CodecFake/train/F05_SSB01390252.wav,5
/USERSPACE/DATASETS/CodecFake/train/F05_p286_275.wav,5
/USERSPACE/DATASETS/CodecFake/train/F05_SSB07510365.wav,5
/USERSPACE/DATASETS/CodecFake/train/F05_SSB12530013.wav,5
/USERSPACE/DATASETS/CodecFake/train/F05_SSB11870382.wav,5
/USERSPACE/DATASETS/CodecFake/train/F05_SSB07600372.wav,5
/USERSPACE/DATASETS/CodecFake/train/F05_p234_287.wav,5
/USERSPACE/DATASETS/CodecFake/train/F05_p241_101.wav,5
/USERSPACE/DATASETS/CodecFake/train/F05_SSB16840065.wav,5
/USERSPACE/DATASETS/CodecFake/train/F05_SSB07800083.wav,5
/USERSPACE/DATASETS/CodecFake/train/F05_p230_330.wav,5
/USERSPACE/DATASETS/CodecFake/train/F05_p302_107.wav,5
/USERSPACE/DATASETS/CodecFake/train/F05_SSB18460111.wav,5
/USERSPACE/DATASETS/CodecFake/train/F05_p278_284.wav,5
/USERSPACE/DATASETS/CodecFake/train/F05_SSB06930340.wav,5
/USERSPACE/DATASETS/CodecFake/train/F05_SSB03820464.wav,5
/USERSPACE/DATASETS/CodecFake/train/F05_p271_330.wav,5
/USERSPACE/DATASETS/CodecFake/train/F05_p281_418.wav,5
/USERSPACE/DATASETS/CodecFake/train/F05_p286_109.wav,5
/USERSPACE/DATASETS/CodecFake/train/F05_p298_067.wav,5
/USERSPACE/DATASETS/CodecFake/train/F05_SSB03800359.wav,5
/USERSPACE/DATASETS/CodecFake/train/F05_SSB04340354.wav,5
/USERSPACE/DATASETS/CodecFake/train/F05_SSB01220152.wav,5
/USERSPACE/DATASETS/CodecFake/train/F05_SSB10720351.wav,5
/USERSPACE/DATASETS/CodecFake/train/F05_p240_099.wav,5
/USERSPACE/DATASETS/CodecFake/train/F05_SSB11080479.wav,5
/USERSPACE/DATASETS/CodecFake/train/F05_SSB02610467.wav,5
/USERSPACE/DATASETS/CodecFake/train/F05_SSB11100217.wav,5
/USERSPACE/DATASETS/CodecFake/train/F05_SSB00730464.wav,5
/USERSPACE/DATASETS/CodecFake/train/F05_SSB11360053.wav,5
/USERSPACE/DATASETS/CodecFake/train/F05_SSB06290178.wav,5
/USERSPACE/DATASETS/CodecFake/train/F05_SSB03950431.wav,5
/USERSPACE/DATASETS/CodecFake/train/F05_p339_351.wav,5
/USERSPACE/DATASETS/CodecFake/train/F05_SSB00120164.wav,5
/USERSPACE/DATASETS/CodecFake/train/F05_SSB01330062.wav,5
/USERSPACE/DATASETS/CodecFake/train/F05_SSB01390477.wav,5
/USERSPACE/DATASETS/CodecFake/train/F05_SSB19560090.wav,5
/USERSPACE/DATASETS/CodecFake/train/F05_SSB14370289.wav,5
/USERSPACE/DATASETS/CodecFake/train/F05_p298_357.wav,5
/USERSPACE/DATASETS/CodecFake/train/F05_SSB12040350.wav,5
/USERSPACE/DATASETS/CodecFake/train/F05_p241_132.wav,5
/USERSPACE/DATASETS/CodecFake/train/F05_SSB04270006.wav,5
/USERSPACE/DATASETS/CodecFake/train/F05_p298_043.wav,5
/USERSPACE/DATASETS/CodecFake/train/F05_SSB15750414.wav,5
/USERSPACE/DATASETS/CodecFake/train/F05_SSB03090385.wav,5
/USERSPACE/DATASETS/CodecFake/train/F05_SSB16990350.wav,5
/USERSPACE/DATASETS/CodecFake/train/F05_p312_073.wav,5
/USERSPACE/DATASETS/CodecFake/train/F05_SSB18630180.wav,5
/USERSPACE/DATASETS/CodecFake/train/F05_SSB10640145.wav,5
/USERSPACE/DATASETS/CodecFake/train/F05_p318_280.wav,5
/USERSPACE/DATASETS/CodecFake/train/F05_p256_021.wav,5
/USERSPACE/DATASETS/CodecFake/train/F05_SSB06660350.wav,5
/USERSPACE/DATASETS/CodecFake/train/F05_SSB05940029.wav,5
/USERSPACE/DATASETS/CodecFake/train/F05_p363_122.wav,5
/USERSPACE/DATASETS/CodecFake/train/F05_SSB08870184.wav,5
/USERSPACE/DATASETS/CodecFake/train/F05_SSB06290151.wav,5
/USERSPACE/DATASETS/CodecFake/train/F05_SSB08870009.wav,5
/USERSPACE/DATASETS/CodecFake/train/F05_SSB13280127.wav,5
/USERSPACE/DATASETS/CodecFake/train/F05_SSB01450233.wav,5
/USERSPACE/DATASETS/CodecFake/train/F05_SSB00800386.wav,5
/USERSPACE/DATASETS/CodecFake/train/F05_SSB01930316.wav,5
/USERSPACE/DATASETS/CodecFake/train/F05_SSB01390501.wav,5
/USERSPACE/DATASETS/CodecFake/train/F05_SSB11760446.wav,5
/USERSPACE/DATASETS/CodecFake/train/F05_SSB00730339.wav,5
/USERSPACE/DATASETS/CodecFake/train/F05_SSB03660135.wav,5
/USERSPACE/DATASETS/CodecFake/train/F05_SSB03540037.wav,5
/USERSPACE/DATASETS/CodecFake/train/F05_p273_265.wav,5
/USERSPACE/DATASETS/CodecFake/train/F05_SSB03750448.wav,5
/USERSPACE/DATASETS/CodecFake/train/F05_p326_142.wav,5
/USERSPACE/DATASETS/CodecFake/train/F05_SSB07780106.wav,5
/USERSPACE/DATASETS/CodecFake/train/F05_p374_413.wav,5
/USERSPACE/DATASETS/CodecFake/train/F05_p362_257.wav,5
/USERSPACE/DATASETS/CodecFake/train/F05_SSB03230158.wav,5
/USERSPACE/DATASETS/CodecFake/train/F05_p259_427.wav,5
/USERSPACE/DATASETS/CodecFake/train/F05_SSB07460155.wav,5
/USERSPACE/DATASETS/CodecFake/train/F05_SSB06090340.wav,5
/USERSPACE/DATASETS/CodecFake/train/F05_SSB03090275.wav,5
/USERSPACE/DATASETS/CodecFake/train/F05_SSB04350303.wav,5
/USERSPACE/DATASETS/CodecFake/train/F05_p272_198.wav,5
/USERSPACE/DATASETS/CodecFake/train/F05_p268_262.wav,5
/USERSPACE/DATASETS/CodecFake/train/F05_SSB06320377.wav,5
/USERSPACE/DATASETS/CodecFake/train/F05_SSB04150072.wav,5
/USERSPACE/DATASETS/CodecFake/train/F05_SSB02610281.wav,5
/USERSPACE/DATASETS/CodecFake/train/F05_SSB07800337.wav,5
/USERSPACE/DATASETS/CodecFake/train/F05_p336_048.wav,5
/USERSPACE/DATASETS/CodecFake/train/F05_p360_138.wav,5
/USERSPACE/DATASETS/CodecFake/train/F05_SSB13650414.wav,5
/USERSPACE/DATASETS/CodecFake/train/F05_SSB06310412.wav,5
/USERSPACE/DATASETS/CodecFake/train/F05_SSB11350032.wav,5
/USERSPACE/DATASETS/CodecFake/train/F05_SSB03230029.wav,5
/USERSPACE/DATASETS/CodecFake/train/F05_SSB06660475.wav,5
/USERSPACE/DATASETS/CodecFake/train/F05_SSB07160048.wav,5
/USERSPACE/DATASETS/CodecFake/train/F05_p261_284.wav,5
/USERSPACE/DATASETS/CodecFake/train/F05_SSB03940229.wav,5
/USERSPACE/DATASETS/CodecFake/train/F05_SSB05390368.wav,5
/USERSPACE/DATASETS/CodecFake/train/F05_p363_213.wav,5
/USERSPACE/DATASETS/CodecFake/train/F05_p287_015.wav,5
/USERSPACE/DATASETS/CodecFake/train/F05_SSB18090456.wav,5
/USERSPACE/DATASETS/CodecFake/train/F05_SSB09350049.wav,5
/USERSPACE/DATASETS/CodecFake/train/F05_p284_088.wav,5
/USERSPACE/DATASETS/CodecFake/train/F05_SSB04700249.wav,5
/USERSPACE/DATASETS/CodecFake/train/F05_p239_208.wav,5
/USERSPACE/DATASETS/CodecFake/train/F05_SSB11100423.wav,5
/USERSPACE/DATASETS/CodecFake/train/F05_p284_070.wav,5
/USERSPACE/DATASETS/CodecFake/train/F05_p329_152.wav,5
/USERSPACE/DATASETS/CodecFake/train/F05_p262_114.wav,5
/USERSPACE/DATASETS/CodecFake/train/F05_p318_417.wav,5
/USERSPACE/DATASETS/CodecFake/train/F05_SSB00380028.wav,5
/USERSPACE/DATASETS/CodecFake/train/F05_SSB05990285.wav,5
/USERSPACE/DATASETS/CodecFake/train/F05_p360_001.wav,5
/USERSPACE/DATASETS/CodecFake/train/F05_p233_100.wav,5
/USERSPACE/DATASETS/CodecFake/train/F05_p240_065.wav,5
/USERSPACE/DATASETS/CodecFake/train/F05_SSB03540228.wav,5
/USERSPACE/DATASETS/CodecFake/train/F05_p238_321.wav,5
/USERSPACE/DATASETS/CodecFake/train/F05_SSB17450147.wav,5
/USERSPACE/DATASETS/CodecFake/train/F05_SSB09660311.wav,5
/USERSPACE/DATASETS/CodecFake/train/F05_p340_117.wav,5
/USERSPACE/DATASETS/CodecFake/train/F05_SSB02880148.wav,5
/USERSPACE/DATASETS/CodecFake/train/F05_SSB00120407.wav,5
/USERSPACE/DATASETS/CodecFake/train/F05_p312_122.wav,5
/USERSPACE/DATASETS/CodecFake/train/F05_SSB10010224.wav,5
/USERSPACE/DATASETS/CodecFake/train/F05_SSB12390387.wav,5
/USERSPACE/DATASETS/CodecFake/train/F05_SSB09350432.wav,5
/USERSPACE/DATASETS/CodecFake/train/F05_p256_015.wav,5
/USERSPACE/DATASETS/CodecFake/train/F05_SSB11610394.wav,5
/USERSPACE/DATASETS/CodecFake/train/F05_SSB08090373.wav,5
/USERSPACE/DATASETS/CodecFake/train/F05_SSB13400201.wav,5
/USERSPACE/DATASETS/CodecFake/train/F05_p275_147.wav,5
/USERSPACE/DATASETS/CodecFake/train/F05_p275_392.wav,5
/USERSPACE/DATASETS/CodecFake/train/F05_SSB02880085.wav,5
/USERSPACE/DATASETS/CodecFake/train/F05_SSB18720200.wav,5
/USERSPACE/DATASETS/CodecFake/train/F05_SSB11360281.wav,5
/USERSPACE/DATASETS/CodecFake/train/F05_SSB00050251.wav,5
/USERSPACE/DATASETS/CodecFake/train/F05_SSB07860218.wav,5
/USERSPACE/DATASETS/CodecFake/train/F05_p240_190.wav,5
/USERSPACE/DATASETS/CodecFake/train/F05_p277_422.wav,5
/USERSPACE/DATASETS/CodecFake/train/F05_SSB15550182.wav,5
/USERSPACE/DATASETS/CodecFake/train/F05_SSB06710115.wav,5
/USERSPACE/DATASETS/CodecFake/train/F05_p264_168.wav,5
/USERSPACE/DATASETS/CodecFake/train/F05_SSB03390503.wav,5
/USERSPACE/DATASETS/CodecFake/train/F05_SSB01930274.wav,5
/USERSPACE/DATASETS/CodecFake/train/F05_SSB06680120.wav,5
/USERSPACE/DATASETS/CodecFake/train/F05_p277_317.wav,5
/USERSPACE/DATASETS/CodecFake/train/F05_SSB12160171.wav,5
/USERSPACE/DATASETS/CodecFake/train/F05_SSB03090269.wav,5
/USERSPACE/DATASETS/CodecFake/train/F05_SSB14080344.wav,5
/USERSPACE/DATASETS/CodecFake/train/F05_SSB13770036.wav,5
/USERSPACE/DATASETS/CodecFake/train/F05_SSB00180059.wav,5
/USERSPACE/DATASETS/CodecFake/train/F05_SSB10910334.wav,5
/USERSPACE/DATASETS/CodecFake/train/F05_p281_410.wav,5
/USERSPACE/DATASETS/CodecFake/train/F05_SSB07000355.wav,5
/USERSPACE/DATASETS/CodecFake/train/F05_SSB00800370.wav,5
/USERSPACE/DATASETS/CodecFake/train/F05_SSB13400071.wav,5
/USERSPACE/DATASETS/CodecFake/train/F05_SSB10550239.wav,5
/USERSPACE/DATASETS/CodecFake/train/F05_SSB00430193.wav,5
/USERSPACE/DATASETS/CodecFake/train/F05_SSB05880396.wav,5
/USERSPACE/DATASETS/CodecFake/train/F05_p308_195.wav,5
/USERSPACE/DATASETS/CodecFake/train/F05_SSB13220237.wav,5
/USERSPACE/DATASETS/CodecFake/train/F05_SSB03160368.wav,5
/USERSPACE/DATASETS/CodecFake/train/F05_p298_365.wav,5
/USERSPACE/DATASETS/CodecFake/train/F05_p278_043.wav,5
/USERSPACE/DATASETS/CodecFake/train/F05_SSB06090310.wav,5
/USERSPACE/DATASETS/CodecFake/train/F05_SSB05880134.wav,5
/USERSPACE/DATASETS/CodecFake/train/F05_SSB14310354.wav,5
/USERSPACE/DATASETS/CodecFake/train/F05_SSB13830141.wav,5
/USERSPACE/DATASETS/CodecFake/train/F05_p245_077.wav,5
/USERSPACE/DATASETS/CodecFake/train/F05_SSB06070042.wav,5
/USERSPACE/DATASETS/CodecFake/train/F05_SSB07110267.wav,5
/USERSPACE/DATASETS/CodecFake/train/F05_SSB06930221.wav,5
/USERSPACE/DATASETS/CodecFake/train/F05_SSB05350121.wav,5
/USERSPACE/DATASETS/CodecFake/train/F05_p284_348.wav,5
/USERSPACE/DATASETS/CodecFake/train/F05_SSB06320457.wav,5
/USERSPACE/DATASETS/CodecFake/train/F05_SSB18780407.wav,5
/USERSPACE/DATASETS/CodecFake/train/F05_p266_390.wav,5
/USERSPACE/DATASETS/CodecFake/train/F05_SSB02870204.wav,5
/USERSPACE/DATASETS/CodecFake/train/F05_p280_111.wav,5
/USERSPACE/DATASETS/CodecFake/train/F05_SSB10000312.wav,5
/USERSPACE/DATASETS/CodecFake/train/F05_SSB10500375.wav,5
/USERSPACE/DATASETS/CodecFake/train/F05_SSB00090224.wav,5
/USERSPACE/DATASETS/CodecFake/train/F05_p343_190.wav,5
/USERSPACE/DATASETS/CodecFake/train/F05_SSB07110366.wav,5
/USERSPACE/DATASETS/CodecFake/train/F05_SSB17280362.wav,5
/USERSPACE/DATASETS/CodecFake/train/F05_SSB13660120.wav,5
/USERSPACE/DATASETS/CodecFake/train/F05_SSB06090143.wav,5
/USERSPACE/DATASETS/CodecFake/train/F05_SSB15750068.wav,5
/USERSPACE/DATASETS/CodecFake/train/F05_p283_169.wav,5
/USERSPACE/DATASETS/CodecFake/train/F05_SSB07800269.wav,5
/USERSPACE/DATASETS/CodecFake/train/F05_SSB09130472.wav,5
/USERSPACE/DATASETS/CodecFake/train/F05_SSB10080394.wav,5
/USERSPACE/DATASETS/CodecFake/train/F05_SSB01970253.wav,5
/USERSPACE/DATASETS/CodecFake/train/F05_SSB11150178.wav,5
/USERSPACE/DATASETS/CodecFake/train/F05_p227_116.wav,5
/USERSPACE/DATASETS/CodecFake/train/F05_SSB15850384.wav,5
/USERSPACE/DATASETS/CodecFake/train/F05_p316_392.wav,5
/USERSPACE/DATASETS/CodecFake/train/F05_p308_410.wav,5
/USERSPACE/DATASETS/CodecFake/train/F05_SSB13200463.wav,5
/USERSPACE/DATASETS/CodecFake/train/F05_p237_321.wav,5
/USERSPACE/DATASETS/CodecFake/train/F05_SSB03940114.wav,5
/USERSPACE/DATASETS/CodecFake/train/F05_SSB03660387.wav,5
/USERSPACE/DATASETS/CodecFake/train/F05_SSB05900026.wav,5
/USERSPACE/DATASETS/CodecFake/train/F05_SSB10910247.wav,5
/USERSPACE/DATASETS/CodecFake/train/F05_SSB00800288.wav,5
/USERSPACE/DATASETS/CodecFake/train/F05_SSB07600266.wav,5
/USERSPACE/DATASETS/CodecFake/train/F05_SSB04270128.wav,5
/USERSPACE/DATASETS/CodecFake/train/F05_p341_166.wav,5
/USERSPACE/DATASETS/CodecFake/train/F05_p277_080.wav,5
/USERSPACE/DATASETS/CodecFake/train/F05_p281_215.wav,5
/USERSPACE/DATASETS/CodecFake/train/F05_SSB02000392.wav,5
/USERSPACE/DATASETS/CodecFake/train/F05_SSB07160342.wav,5
/USERSPACE/DATASETS/CodecFake/train/F05_SSB12210254.wav,5
/USERSPACE/DATASETS/CodecFake/train/F05_SSB10500363.wav,5
/USERSPACE/DATASETS/CodecFake/train/F05_p245_139.wav,5
/USERSPACE/DATASETS/CodecFake/train/F05_SSB18910443.wav,5
/USERSPACE/DATASETS/CodecFake/train/F05_SSB07490468.wav,5
/USERSPACE/DATASETS/CodecFake/train/F05_p275_264.wav,5
/USERSPACE/DATASETS/CodecFake/train/F05_p240_105.wav,5
/USERSPACE/DATASETS/CodecFake/train/F05_SSB05940066.wav,5
/USERSPACE/DATASETS/CodecFake/train/F05_SSB13770417.wav,5
/USERSPACE/DATASETS/CodecFake/train/F05_SSB03940440.wav,5
/USERSPACE/DATASETS/CodecFake/train/F05_p374_416.wav,5
/USERSPACE/DATASETS/CodecFake/train/F05_p361_100.wav,5
/USERSPACE/DATASETS/CodecFake/train/F05_SSB09190458.wav,5
/USERSPACE/DATASETS/CodecFake/train/F05_SSB16500288.wav,5
/USERSPACE/DATASETS/CodecFake/train/F05_SSB04350503.wav,5
/USERSPACE/DATASETS/CodecFake/train/F05_SSB04070283.wav,5
/USERSPACE/DATASETS/CodecFake/train/F05_p276_106.wav,5
/USERSPACE/DATASETS/CodecFake/train/F05_SSB02880215.wav,5
/USERSPACE/DATASETS/CodecFake/train/F05_p272_105.wav,5
/USERSPACE/DATASETS/CodecFake/train/F05_SSB16990386.wav,5
/USERSPACE/DATASETS/CodecFake/train/F05_p306_227.wav,5
/USERSPACE/DATASETS/CodecFake/train/F05_p275_310.wav,5
/USERSPACE/DATASETS/CodecFake/train/F05_SSB11100476.wav,5
/USERSPACE/DATASETS/CodecFake/train/F05_SSB03850171.wav,5
/USERSPACE/DATASETS/CodecFake/train/F05_SSB01330187.wav,5
/USERSPACE/DATASETS/CodecFake/train/F05_p237_347.wav,5
/USERSPACE/DATASETS/CodecFake/train/F05_p248_140.wav,5
/USERSPACE/DATASETS/CodecFake/train/F05_SSB12180461.wav,5
/USERSPACE/DATASETS/CodecFake/train/F05_SSB03160263.wav,5
/USERSPACE/DATASETS/CodecFake/train/F05_SSB09660147.wav,5
/USERSPACE/DATASETS/CodecFake/train/F05_p374_107.wav,5
/USERSPACE/DATASETS/CodecFake/train/F05_p236_065.wav,5
/USERSPACE/DATASETS/CodecFake/train/F05_p288_188.wav,5
/USERSPACE/DATASETS/CodecFake/train/F05_SSB03790430.wav,5
/USERSPACE/DATASETS/CodecFake/train/F05_p273_431.wav,5
/USERSPACE/DATASETS/CodecFake/train/F05_p345_116.wav,5
/USERSPACE/DATASETS/CodecFake/train/F05_SSB16250114.wav,5
/USERSPACE/DATASETS/CodecFake/train/F05_p237_189.wav,5
/USERSPACE/DATASETS/CodecFake/train/F05_SSB13220168.wav,5
/USERSPACE/DATASETS/CodecFake/train/F05_p333_258.wav,5
/USERSPACE/DATASETS/CodecFake/train/F05_SSB09190218.wav,5
/USERSPACE/DATASETS/CodecFake/train/F05_SSB10240293.wav,5
/USERSPACE/DATASETS/CodecFake/train/F05_SSB11970457.wav,5
/USERSPACE/DATASETS/CodecFake/train/F05_SSB06660270.wav,5
/USERSPACE/DATASETS/CodecFake/train/F05_p315_196.wav,5
/USERSPACE/DATASETS/CodecFake/train/F05_SSB18310109.wav,5
/USERSPACE/DATASETS/CodecFake/train/F05_SSB06030328.wav,5
/USERSPACE/DATASETS/CodecFake/train/F05_SSB04150299.wav,5
/USERSPACE/DATASETS/CodecFake/train/F05_p260_128.wav,5
/USERSPACE/DATASETS/CodecFake/train/F05_SSB17110078.wav,5
/USERSPACE/DATASETS/CodecFake/train/F05_p274_440.wav,5
/USERSPACE/DATASETS/CodecFake/train/F05_SSB01970320.wav,5
/USERSPACE/DATASETS/CodecFake/train/F05_SSB07020423.wav,5
/USERSPACE/DATASETS/CodecFake/train/F05_SSB10200089.wav,5
/USERSPACE/DATASETS/CodecFake/train/F05_p301_106.wav,5
/USERSPACE/DATASETS/CodecFake/train/F05_SSB10720423.wav,5
/USERSPACE/DATASETS/CodecFake/train/F05_p270_083.wav,5
/USERSPACE/DATASETS/CodecFake/train/F05_p243_295.wav,5
/USERSPACE/DATASETS/CodecFake/train/F05_SSB06090415.wav,5
/USERSPACE/DATASETS/CodecFake/train/F05_SSB03420222.wav,5
/USERSPACE/DATASETS/CodecFake/train/F05_SSB13400306.wav,5
/USERSPACE/DATASETS/CodecFake/train/F05_SSB05650263.wav,5
/USERSPACE/DATASETS/CodecFake/train/F05_p240_110.wav,5
/USERSPACE/DATASETS/CodecFake/train/F05_p255_192.wav,5
/USERSPACE/DATASETS/CodecFake/train/F05_SSB07460176.wav,5
/USERSPACE/DATASETS/CodecFake/train/F05_SSB01490272.wav,5
/USERSPACE/DATASETS/CodecFake/train/F05_SSB03230001.wav,5
/USERSPACE/DATASETS/CodecFake/train/F05_p361_267.wav,5
/USERSPACE/DATASETS/CodecFake/train/F05_SSB18320074.wav,5
/USERSPACE/DATASETS/CodecFake/train/F05_SSB04700063.wav,5
/USERSPACE/DATASETS/CodecFake/train/F05_SSB05780403.wav,5
/USERSPACE/DATASETS/CodecFake/train/F05_SSB18090410.wav,5
/USERSPACE/DATASETS/CodecFake/train/F05_SSB06660116.wav,5
/USERSPACE/DATASETS/CodecFake/train/F05_SSB18280252.wav,5
/USERSPACE/DATASETS/CodecFake/train/F05_p305_267.wav,5
/USERSPACE/DATASETS/CodecFake/train/F05_SSB01970046.wav,5
/USERSPACE/DATASETS/CodecFake/train/F05_p306_281.wav,5
/USERSPACE/DATASETS/CodecFake/train/F05_p299_335.wav,5
/USERSPACE/DATASETS/CodecFake/train/F05_SSB07170385.wav,5
/USERSPACE/DATASETS/CodecFake/train/F05_p258_352.wav,5
/USERSPACE/DATASETS/CodecFake/train/F05_SSB00120047.wav,5
/USERSPACE/DATASETS/CodecFake/train/F05_p256_174.wav,5
/USERSPACE/DATASETS/CodecFake/train/F05_SSB13280206.wav,5
/USERSPACE/DATASETS/CodecFake/train/F05_SSB11100113.wav,5
/USERSPACE/DATASETS/CodecFake/train/F05_SSB19350458.wav,5
/USERSPACE/DATASETS/CodecFake/train/F05_SSB06060388.wav,5
/USERSPACE/DATASETS/CodecFake/train/F05_p294_251.wav,5
/USERSPACE/DATASETS/CodecFake/train/F05_p263_027.wav,5
/USERSPACE/DATASETS/CodecFake/train/F05_p339_104.wav,5
/USERSPACE/DATASETS/CodecFake/train/F05_p250_338.wav,5
/USERSPACE/DATASETS/CodecFake/train/F05_SSB11260282.wav,5
/USERSPACE/DATASETS/CodecFake/train/F05_p301_295.wav,5
/USERSPACE/DATASETS/CodecFake/train/F05_SSB12030250.wav,5
/USERSPACE/DATASETS/CodecFake/train/F05_SSB07170244.wav,5
/USERSPACE/DATASETS/CodecFake/train/F05_SSB04260332.wav,5
/USERSPACE/DATASETS/CodecFake/train/F05_p316_185.wav,5
/USERSPACE/DATASETS/CodecFake/train/F05_p362_251.wav,5
/USERSPACE/DATASETS/CodecFake/train/F05_p270_089.wav,5
/USERSPACE/DATASETS/CodecFake/train/F05_SSB03390414.wav,5
/USERSPACE/DATASETS/CodecFake/train/F05_SSB07580272.wav,5
/USERSPACE/DATASETS/CodecFake/train/F05_SSB01220267.wav,5
/USERSPACE/DATASETS/CodecFake/train/F05_SSB07160202.wav,5
/USERSPACE/DATASETS/CodecFake/train/F05_SSB11000230.wav,5
/USERSPACE/DATASETS/CodecFake/train/F05_p272_377.wav,5
/USERSPACE/DATASETS/CodecFake/train/F05_SSB12390461.wav,5
/USERSPACE/DATASETS/CodecFake/train/F05_p307_284.wav,5
/USERSPACE/DATASETS/CodecFake/train/F05_SSB11100236.wav,5
/USERSPACE/DATASETS/CodecFake/train/F05_SSB16300073.wav,5
/USERSPACE/DATASETS/CodecFake/train/F05_p272_070.wav,5
/USERSPACE/DATASETS/CodecFake/train/F05_SSB05020343.wav,5
/USERSPACE/DATASETS/CodecFake/train/F05_SSB04150074.wav,5
/USERSPACE/DATASETS/CodecFake/train/F05_SSB03660213.wav,5
/USERSPACE/DATASETS/CodecFake/train/F05_p227_034.wav,5
/USERSPACE/DATASETS/CodecFake/train/F05_SSB10960085.wav,5
/USERSPACE/DATASETS/CodecFake/train/F05_p284_331.wav,5
/USERSPACE/DATASETS/CodecFake/train/F05_SSB06930121.wav,5
/USERSPACE/DATASETS/CodecFake/train/F05_SSB05940445.wav,5
/USERSPACE/DATASETS/CodecFake/train/F05_SSB05650405.wav,5
/USERSPACE/DATASETS/CodecFake/train/F05_p302_262.wav,5
/USERSPACE/DATASETS/CodecFake/train/F05_SSB00090267.wav,5
/USERSPACE/DATASETS/CodecFake/train/F05_p248_013.wav,5
/USERSPACE/DATASETS/CodecFake/train/F05_SSB09970085.wav,5
/USERSPACE/DATASETS/CodecFake/train/F05_SSB19180132.wav,5
/USERSPACE/DATASETS/CodecFake/train/F05_SSB10500121.wav,5
/USERSPACE/DATASETS/CodecFake/train/F05_SSB19020316.wav,5
/USERSPACE/DATASETS/CodecFake/train/F05_p281_283.wav,5
/USERSPACE/DATASETS/CodecFake/train/F05_SSB01490103.wav,5
/USERSPACE/DATASETS/CodecFake/train/F05_p298_190.wav,5
/USERSPACE/DATASETS/CodecFake/train/F05_SSB16700309.wav,5
/USERSPACE/DATASETS/CodecFake/train/F05_SSB07940256.wav,5
/USERSPACE/DATASETS/CodecFake/train/F05_SSB06140462.wav,5
/USERSPACE/DATASETS/CodecFake/train/F05_SSB00800451.wav,5
/USERSPACE/DATASETS/CodecFake/train/F05_SSB00570420.wav,5
/USERSPACE/DATASETS/CodecFake/train/F05_p318_343.wav,5
/USERSPACE/DATASETS/CodecFake/train/F05_SSB17280511.wav,5
/USERSPACE/DATASETS/CodecFake/train/F05_SSB07170242.wav,5
/USERSPACE/DATASETS/CodecFake/train/F05_p312_351.wav,5
/USERSPACE/DATASETS/CodecFake/train/F05_SSB10000286.wav,5
/USERSPACE/DATASETS/CodecFake/train/F05_p252_025.wav,5
/USERSPACE/DATASETS/CodecFake/train/F05_SSB15930345.wav,5
/USERSPACE/DATASETS/CodecFake/train/F05_p299_107.wav,5
/USERSPACE/DATASETS/CodecFake/train/F05_SSB00160116.wav,5
/USERSPACE/DATASETS/CodecFake/train/F05_SSB01450165.wav,5
/USERSPACE/DATASETS/CodecFake/train/F05_SSB02870207.wav,5
/USERSPACE/DATASETS/CodecFake/train/F05_p273_401.wav,5
/USERSPACE/DATASETS/CodecFake/train/F05_SSB03420037.wav,5
/USERSPACE/DATASETS/CodecFake/train/F05_p335_064.wav,5
/USERSPACE/DATASETS/CodecFake/train/F05_p269_201.wav,5
/USERSPACE/DATASETS/CodecFake/train/F05_p252_010.wav,5
/USERSPACE/DATASETS/CodecFake/train/F05_SSB17280480.wav,5
/USERSPACE/DATASETS/CodecFake/train/F05_p361_111.wav,5
/USERSPACE/DATASETS/CodecFake/train/F05_SSB07370484.wav,5
/USERSPACE/DATASETS/CodecFake/train/F05_p313_407.wav,5
/USERSPACE/DATASETS/CodecFake/train/F05_SSB01490249.wav,5
/USERSPACE/DATASETS/CodecFake/train/F05_SSB07860366.wav,5
/USERSPACE/DATASETS/CodecFake/train/F05_SSB12530019.wav,5
/USERSPACE/DATASETS/CodecFake/train/F05_SSB15930078.wav,5
/USERSPACE/DATASETS/CodecFake/train/F05_p240_360.wav,5
/USERSPACE/DATASETS/CodecFake/train/F05_SSB01330028.wav,5
/USERSPACE/DATASETS/CodecFake/train/F05_SSB06140422.wav,5
/USERSPACE/DATASETS/CodecFake/train/F05_SSB02990362.wav,5
/USERSPACE/DATASETS/CodecFake/train/F05_p339_241.wav,5
/USERSPACE/DATASETS/CodecFake/train/F05_p286_047.wav,5
/USERSPACE/DATASETS/CodecFake/train/F05_SSB11310012.wav,5
/USERSPACE/DATASETS/CodecFake/train/F05_SSB06290418.wav,5
/USERSPACE/DATASETS/CodecFake/train/F05_SSB06010175.wav,5
/USERSPACE/DATASETS/CodecFake/train/F05_p306_056.wav,5
/USERSPACE/DATASETS/CodecFake/train/F05_p326_156.wav,5
/USERSPACE/DATASETS/CodecFake/train/F05_SSB03090377.wav,5
/USERSPACE/DATASETS/CodecFake/train/F05_p283_121.wav,5
/USERSPACE/DATASETS/CodecFake/train/F05_SSB07160133.wav,5
/USERSPACE/DATASETS/CodecFake/train/F05_SSB07490232.wav,5
/USERSPACE/DATASETS/CodecFake/train/F05_SSB12180023.wav,5
/USERSPACE/DATASETS/CodecFake/train/F05_SSB09970303.wav,5
/USERSPACE/DATASETS/CodecFake/train/F05_p318_265.wav,5
/USERSPACE/DATASETS/CodecFake/train/F05_SSB02460281.wav,5
/USERSPACE/DATASETS/CodecFake/train/F05_SSB07510072.wav,5
/USERSPACE/DATASETS/CodecFake/train/F05_SSB11310353.wav,5
/USERSPACE/DATASETS/CodecFake/train/F05_p308_249.wav,5
/USERSPACE/DATASETS/CodecFake/train/F05_p360_295.wav,5
/USERSPACE/DATASETS/CodecFake/train/F05_p277_094.wav,5
/USERSPACE/DATASETS/CodecFake/train/F05_SSB08510124.wav,5
/USERSPACE/DATASETS/CodecFake/train/F05_p360_343.wav,5
/USERSPACE/DATASETS/CodecFake/train/F05_p306_186.wav,5
/USERSPACE/DATASETS/CodecFake/train/F05_p301_181.wav,5
/USERSPACE/DATASETS/CodecFake/train/F05_p306_021.wav,5
/USERSPACE/DATASETS/CodecFake/train/F05_SSB15850385.wav,5
/USERSPACE/DATASETS/CodecFake/train/F05_p231_408.wav,5
/USERSPACE/DATASETS/CodecFake/train/F05_p333_289.wav,5
/USERSPACE/DATASETS/CodecFake/train/F05_p284_210.wav,5
/USERSPACE/DATASETS/CodecFake/train/F05_SSB07800407.wav,5
/USERSPACE/DATASETS/CodecFake/train/F05_SSB07940357.wav,5
/USERSPACE/DATASETS/CodecFake/train/F05_SSB07600073.wav,5
/USERSPACE/DATASETS/CodecFake/train/F05_p362_373.wav,5
/USERSPACE/DATASETS/CodecFake/train/F05_p333_011.wav,5
/USERSPACE/DATASETS/CodecFake/train/F05_p360_267.wav,5
/USERSPACE/DATASETS/CodecFake/train/F05_SSB09870213.wav,5
/USERSPACE/DATASETS/CodecFake/train/F05_SSB18720032.wav,5
/USERSPACE/DATASETS/CodecFake/train/F05_p265_325.wav,5
/USERSPACE/DATASETS/CodecFake/train/F05_SSB18320174.wav,5
/USERSPACE/DATASETS/CodecFake/train/F05_p292_017.wav,5
/USERSPACE/DATASETS/CodecFake/train/F05_SSB03540433.wav,5
/USERSPACE/DATASETS/CodecFake/train/F05_p334_090.wav,5
/USERSPACE/DATASETS/CodecFake/train/F05_SSB18100498.wav,5
/USERSPACE/DATASETS/CodecFake/train/F05_SSB07020128.wav,5
/USERSPACE/DATASETS/CodecFake/train/F05_SSB11760082.wav,5
/USERSPACE/DATASETS/CodecFake/train/F05_p341_184.wav,5
/USERSPACE/DATASETS/CodecFake/train/F05_SSB16240449.wav,5
/USERSPACE/DATASETS/CodecFake/train/F05_SSB05700376.wav,5
/USERSPACE/DATASETS/CodecFake/train/F05_SSB04820272.wav,5
/USERSPACE/DATASETS/CodecFake/train/F05_SSB07580186.wav,5
/USERSPACE/DATASETS/CodecFake/train/F05_p236_493.wav,5
/USERSPACE/DATASETS/CodecFake/train/F05_SSB19180487.wav,5
/USERSPACE/DATASETS/CodecFake/train/F05_p273_259.wav,5
/USERSPACE/DATASETS/CodecFake/train/F05_SSB13660058.wav,5
/USERSPACE/DATASETS/CodecFake/train/F05_p246_288.wav,5
/USERSPACE/DATASETS/CodecFake/train/F05_p364_037.wav,5
/USERSPACE/DATASETS/CodecFake/train/F05_SSB05340448.wav,5
/USERSPACE/DATASETS/CodecFake/train/F05_SSB08710067.wav,5
/USERSPACE/DATASETS/CodecFake/train/F05_p261_309.wav,5
/USERSPACE/DATASETS/CodecFake/train/F05_p310_251.wav,5
/USERSPACE/DATASETS/CodecFake/train/F05_SSB13660436.wav,5
/USERSPACE/DATASETS/CodecFake/train/F05_p363_148.wav,5
/USERSPACE/DATASETS/CodecFake/train/F05_SSB13280346.wav,5
/USERSPACE/DATASETS/CodecFake/train/F05_p248_376.wav,5
/USERSPACE/DATASETS/CodecFake/train/F05_SSB06680154.wav,5
/USERSPACE/DATASETS/CodecFake/train/F05_SSB14520206.wav,5
/USERSPACE/DATASETS/CodecFake/train/F05_p233_164.wav,5
/USERSPACE/DATASETS/CodecFake/train/F05_SSB07020289.wav,5
/USERSPACE/DATASETS/CodecFake/train/F05_SSB11310224.wav,5
/USERSPACE/DATASETS/CodecFake/train/F05_SSB06320334.wav,5
/USERSPACE/DATASETS/CodecFake/train/F05_p274_057.wav,5
/USERSPACE/DATASETS/CodecFake/train/F05_SSB17820125.wav,5
/USERSPACE/DATASETS/CodecFake/train/F05_p236_281.wav,5
/USERSPACE/DATASETS/CodecFake/train/F05_p310_242.wav,5
/USERSPACE/DATASETS/CodecFake/train/F05_p278_311.wav,5
/USERSPACE/DATASETS/CodecFake/train/F05_SSB17280274.wav,5
/USERSPACE/DATASETS/CodecFake/train/F05_SSB06290247.wav,5
/USERSPACE/DATASETS/CodecFake/train/F05_SSB06030474.wav,5
/USERSPACE/DATASETS/CodecFake/train/F05_SSB07780276.wav,5
/USERSPACE/DATASETS/CodecFake/train/F05_SSB15630295.wav,5
/USERSPACE/DATASETS/CodecFake/train/F05_SSB02730165.wav,5
/USERSPACE/DATASETS/CodecFake/train/F05_SSB07600227.wav,5
/USERSPACE/DATASETS/CodecFake/train/F05_SSB17110235.wav,5
/USERSPACE/DATASETS/CodecFake/train/F05_SSB02730269.wav,5
/USERSPACE/DATASETS/CodecFake/train/F05_SSB04350008.wav,5
/USERSPACE/DATASETS/CodecFake/train/F05_p313_146.wav,5
/USERSPACE/DATASETS/CodecFake/train/F05_SSB04700502.wav,5
/USERSPACE/DATASETS/CodecFake/train/F05_p250_316.wav,5
/USERSPACE/DATASETS/CodecFake/train/F05_p253_337.wav,5
/USERSPACE/DATASETS/CodecFake/train/F05_p306_208.wav,5
/USERSPACE/DATASETS/CodecFake/train/F05_p276_320.wav,5
/USERSPACE/DATASETS/CodecFake/train/F05_SSB09350416.wav,5
/USERSPACE/DATASETS/CodecFake/train/F05_p251_102.wav,5
/USERSPACE/DATASETS/CodecFake/train/F05_SSB07160451.wav,5
/USERSPACE/DATASETS/CodecFake/train/F05_p313_099.wav,5
/USERSPACE/DATASETS/CodecFake/train/F05_SSB02870273.wav,5
/USERSPACE/DATASETS/CodecFake/train/F05_SSB13280038.wav,5
/USERSPACE/DATASETS/CodecFake/train/F05_p336_377.wav,5
/USERSPACE/DATASETS/CodecFake/train/F05_SSB09970307.wav,5
/USERSPACE/DATASETS/CodecFake/train/F05_SSB12530081.wav,5
/USERSPACE/DATASETS/CodecFake/train/F05_p305_140.wav,5
/USERSPACE/DATASETS/CodecFake/train/F05_p248_183.wav,5
/USERSPACE/DATASETS/CodecFake/train/F05_p314_409.wav,5
/USERSPACE/DATASETS/CodecFake/train/F05_p241_240.wav,5
/USERSPACE/DATASETS/CodecFake/train/F05_SSB03800291.wav,5
/USERSPACE/DATASETS/CodecFake/train/F05_SSB12530480.wav,5
/USERSPACE/DATASETS/CodecFake/train/F05_p250_076.wav,5
/USERSPACE/DATASETS/CodecFake/train/F05_SSB19020345.wav,5
/USERSPACE/DATASETS/CodecFake/train/F05_SSB15670161.wav,5
/USERSPACE/DATASETS/CodecFake/train/F05_SSB15850465.wav,5
/USERSPACE/DATASETS/CodecFake/train/F05_p301_153.wav,5
/USERSPACE/DATASETS/CodecFake/train/F05_SSB03820052.wav,5
/USERSPACE/DATASETS/CodecFake/train/F05_p257_031.wav,5
/USERSPACE/DATASETS/CodecFake/train/F05_SSB04340357.wav,5
/USERSPACE/DATASETS/CodecFake/train/F05_p238_020.wav,5
/USERSPACE/DATASETS/CodecFake/train/F05_SSB03950061.wav,5
/USERSPACE/DATASETS/CodecFake/train/F05_SSB11350019.wav,5
/USERSPACE/DATASETS/CodecFake/train/F05_p305_314.wav,5
/USERSPACE/DATASETS/CodecFake/train/F05_SSB18780308.wav,5
/USERSPACE/DATASETS/CodecFake/train/F05_SSB10500361.wav,5
/USERSPACE/DATASETS/CodecFake/train/F05_SSB02990493.wav,5
/USERSPACE/DATASETS/CodecFake/train/F05_SSB18630255.wav,5
/USERSPACE/DATASETS/CodecFake/train/F05_p295_019.wav,5
/USERSPACE/DATASETS/CodecFake/train/F05_p269_310.wav,5
/USERSPACE/DATASETS/CodecFake/train/F05_SSB07170315.wav,5
/USERSPACE/DATASETS/CodecFake/train/F05_SSB03070055.wav,5
/USERSPACE/DATASETS/CodecFake/train/F05_SSB06230023.wav,5
/USERSPACE/DATASETS/CodecFake/train/F05_p288_302.wav,5
/USERSPACE/DATASETS/CodecFake/train/F05_SSB10960217.wav,5
/USERSPACE/DATASETS/CodecFake/train/F05_SSB15670131.wav,5
/USERSPACE/DATASETS/CodecFake/train/F05_p254_248.wav,5
/USERSPACE/DATASETS/CodecFake/train/F05_SSB02000345.wav,5
/USERSPACE/DATASETS/CodecFake/train/F05_p297_354.wav,5
/USERSPACE/DATASETS/CodecFake/train/F05_p281_265.wav,5
/USERSPACE/DATASETS/CodecFake/train/F05_SSB02610355.wav,5
/USERSPACE/DATASETS/CodecFake/train/F05_SSB03160405.wav,5
/USERSPACE/DATASETS/CodecFake/train/F05_SSB11380210.wav,5
/USERSPACE/DATASETS/CodecFake/train/F05_SSB06660020.wav,5
/USERSPACE/DATASETS/CodecFake/train/F05_SSB17110395.wav,5
/USERSPACE/DATASETS/CodecFake/train/F05_p229_070.wav,5
/USERSPACE/DATASETS/CodecFake/train/F05_p301_224.wav,5
/USERSPACE/DATASETS/CodecFake/train/F05_p341_009.wav,5
/USERSPACE/DATASETS/CodecFake/train/F05_p307_357.wav,5
/USERSPACE/DATASETS/CodecFake/train/F05_p280_010.wav,5
/USERSPACE/DATASETS/CodecFake/train/F05_SSB07100235.wav,5
/USERSPACE/DATASETS/CodecFake/train/F05_SSB06310006.wav,5
/USERSPACE/DATASETS/CodecFake/train/F05_p250_388.wav,5
/USERSPACE/DATASETS/CodecFake/train/F05_p230_149.wav,5
/USERSPACE/DATASETS/CodecFake/train/F05_SSB18320461.wav,5
/USERSPACE/DATASETS/CodecFake/train/F05_p300_212.wav,5
/USERSPACE/DATASETS/CodecFake/train/F05_SSB03390204.wav,5
/USERSPACE/DATASETS/CodecFake/train/F05_p269_043.wav,5
/USERSPACE/DATASETS/CodecFake/train/F05_SSB13990005.wav,5
/USERSPACE/DATASETS/CodecFake/train/F05_SSB14310201.wav,5
/USERSPACE/DATASETS/CodecFake/train/F05_p360_396.wav,5
/USERSPACE/DATASETS/CodecFake/train/F05_SSB10010404.wav,5
/USERSPACE/DATASETS/CodecFake/train/F05_SSB03930146.wav,5
/USERSPACE/DATASETS/CodecFake/train/F05_SSB03820099.wav,5
/USERSPACE/DATASETS/CodecFake/train/F05_SSB00090174.wav,5
/USERSPACE/DATASETS/CodecFake/train/F05_p252_002.wav,5
/USERSPACE/DATASETS/CodecFake/train/F05_SSB01330214.wav,5
/USERSPACE/DATASETS/CodecFake/train/F05_SSB11250061.wav,5
/USERSPACE/DATASETS/CodecFake/train/F05_SSB04820011.wav,5
/USERSPACE/DATASETS/CodecFake/train/F05_SSB17810295.wav,5
/USERSPACE/DATASETS/CodecFake/train/F05_p227_244.wav,5
/USERSPACE/DATASETS/CodecFake/train/F05_p229_195.wav,5
/USERSPACE/DATASETS/CodecFake/train/F05_SSB05700186.wav,5
/USERSPACE/DATASETS/CodecFake/train/F05_SSB04700350.wav,5
/USERSPACE/DATASETS/CodecFake/train/F05_p249_115.wav,5
/USERSPACE/DATASETS/CodecFake/train/F05_p303_056.wav,5
/USERSPACE/DATASETS/CodecFake/train/F05_SSB18780141.wav,5
/USERSPACE/DATASETS/CodecFake/train/F05_SSB16500183.wav,5
/USERSPACE/DATASETS/CodecFake/train/F05_SSB19180485.wav,5
/USERSPACE/DATASETS/CodecFake/train/F05_SSB03790223.wav,5
/USERSPACE/DATASETS/CodecFake/train/F05_p304_149.wav,5
/USERSPACE/DATASETS/CodecFake/train/F05_p240_119.wav,5
/USERSPACE/DATASETS/CodecFake/train/F05_SSB13650235.wav,5
/USERSPACE/DATASETS/CodecFake/train/F05_SSB06090174.wav,5
/USERSPACE/DATASETS/CodecFake/train/F05_SSB05440482.wav,5
/USERSPACE/DATASETS/CodecFake/train/F05_p279_226.wav,5
/USERSPACE/DATASETS/CodecFake/train/F05_p277_409.wav,5
/USERSPACE/DATASETS/CodecFake/train/F05_SSB13020130.wav,5
/USERSPACE/DATASETS/CodecFake/train/F05_SSB13410447.wav,5
/USERSPACE/DATASETS/CodecFake/train/F05_p303_256.wav,5
/USERSPACE/DATASETS/CodecFake/train/F05_SSB19020255.wav,5
/USERSPACE/DATASETS/CodecFake/train/F05_SSB10640010.wav,5
/USERSPACE/DATASETS/CodecFake/train/F05_SSB01930413.wav,5
/USERSPACE/DATASETS/CodecFake/train/F05_SSB16240438.wav,5
/USERSPACE/DATASETS/CodecFake/train/F05_p351_377.wav,5
/USERSPACE/DATASETS/CodecFake/train/F05_p351_356.wav,5
/USERSPACE/DATASETS/CodecFake/train/F05_SSB06010454.wav,5
/USERSPACE/DATASETS/CodecFake/train/F05_SSB07000060.wav,5
/USERSPACE/DATASETS/CodecFake/train/F05_p284_162.wav,5
/USERSPACE/DATASETS/CodecFake/train/F05_p225_019.wav,5
/USERSPACE/DATASETS/CodecFake/train/F05_SSB04820003.wav,5
/USERSPACE/DATASETS/CodecFake/train/F05_SSB05390393.wav,5
/USERSPACE/DATASETS/CodecFake/train/F05_p334_089.wav,5
/USERSPACE/DATASETS/CodecFake/train/F05_SSB06140353.wav,5
/USERSPACE/DATASETS/CodecFake/train/F05_SSB04820238.wav,5
/USERSPACE/DATASETS/CodecFake/train/F05_SSB18310375.wav,5
/USERSPACE/DATASETS/CodecFake/train/F05_p236_274.wav,5
/USERSPACE/DATASETS/CodecFake/train/F05_p304_082.wav,5
/USERSPACE/DATASETS/CodecFake/train/F05_SSB06010211.wav,5
/USERSPACE/DATASETS/CodecFake/train/F05_SSB01490459.wav,5
/USERSPACE/DATASETS/CodecFake/train/F05_p316_198.wav,5
/USERSPACE/DATASETS/CodecFake/train/F05_SSB10080223.wav,5
/USERSPACE/DATASETS/CodecFake/train/F05_SSB05440117.wav,5
/USERSPACE/DATASETS/CodecFake/train/F05_p276_465.wav,5
/USERSPACE/DATASETS/CodecFake/train/F05_p262_129.wav,5
/USERSPACE/DATASETS/CodecFake/train/F05_p323_115.wav,5
/USERSPACE/DATASETS/CodecFake/train/F05_SSB07370243.wav,5
/USERSPACE/DATASETS/CodecFake/train/F05_SSB10010443.wav,5
/USERSPACE/DATASETS/CodecFake/train/F05_p239_478.wav,5
/USERSPACE/DATASETS/CodecFake/train/F05_SSB07490173.wav,5
/USERSPACE/DATASETS/CodecFake/train/F05_SSB10000413.wav,5
/USERSPACE/DATASETS/CodecFake/train/F05_SSB15930132.wav,5
/USERSPACE/DATASETS/CodecFake/train/F05_SSB07460374.wav,5
/USERSPACE/DATASETS/CodecFake/train/F05_p283_441.wav,5
/USERSPACE/DATASETS/CodecFake/train/F05_SSB09350297.wav,5
/USERSPACE/DATASETS/CodecFake/train/F05_SSB00180349.wav,5
/USERSPACE/DATASETS/CodecFake/train/F05_SSB04260453.wav,5
/USERSPACE/DATASETS/CodecFake/train/F05_p270_297.wav,5
/USERSPACE/DATASETS/CodecFake/train/F05_SSB10640268.wav,5
/USERSPACE/DATASETS/CodecFake/train/F05_p361_405.wav,5
/USERSPACE/DATASETS/CodecFake/train/F05_p239_445.wav,5
/USERSPACE/DATASETS/CodecFake/train/F05_p231_222.wav,5
/USERSPACE/DATASETS/CodecFake/train/F05_SSB03410332.wav,5
/USERSPACE/DATASETS/CodecFake/train/F05_SSB11000150.wav,5
/USERSPACE/DATASETS/CodecFake/train/F05_p232_110.wav,5
/USERSPACE/DATASETS/CodecFake/train/F05_SSB15850375.wav,5
/USERSPACE/DATASETS/CodecFake/train/F05_SSB14310081.wav,5
/USERSPACE/DATASETS/CodecFake/train/F05_p292_358.wav,5
/USERSPACE/DATASETS/CodecFake/train/F05_SSB10240033.wav,5
/USERSPACE/DATASETS/CodecFake/train/F05_p345_251.wav,5
/USERSPACE/DATASETS/CodecFake/train/F05_SSB10720081.wav,5
/USERSPACE/DATASETS/CodecFake/train/F05_SSB06860288.wav,5
/USERSPACE/DATASETS/CodecFake/train/F05_p301_061.wav,5
/USERSPACE/DATASETS/CodecFake/train/F05_SSB10960150.wav,5
/USERSPACE/DATASETS/CodecFake/train/F05_SSB07860363.wav,5
/USERSPACE/DATASETS/CodecFake/train/F05_SSB11150443.wav,5
/USERSPACE/DATASETS/CodecFake/train/F05_p288_210.wav,5
/USERSPACE/DATASETS/CodecFake/train/F05_SSB00380250.wav,5
/USERSPACE/DATASETS/CodecFake/train/F05_SSB11250108.wav,5
/USERSPACE/DATASETS/CodecFake/train/F05_SSB05440065.wav,5
/USERSPACE/DATASETS/CodecFake/train/F05_SSB07170423.wav,5
/USERSPACE/DATASETS/CodecFake/train/F05_p284_032.wav,5
/USERSPACE/DATASETS/CodecFake/train/F05_p227_371.wav,5
/USERSPACE/DATASETS/CodecFake/train/F05_SSB02410116.wav,5
/USERSPACE/DATASETS/CodecFake/train/F05_SSB13660207.wav,5
/USERSPACE/DATASETS/CodecFake/train/F05_p305_368.wav,5
/USERSPACE/DATASETS/CodecFake/train/F05_SSB03150219.wav,5
/USERSPACE/DATASETS/CodecFake/train/F05_SSB04070156.wav,5
/USERSPACE/DATASETS/CodecFake/train/F05_SSB08090290.wav,5
/USERSPACE/DATASETS/CodecFake/train/F05_SSB05650295.wav,5
/USERSPACE/DATASETS/CodecFake/train/F05_SSB06060197.wav,5
/USERSPACE/DATASETS/CodecFake/train/F05_SSB00570136.wav,5
/USERSPACE/DATASETS/CodecFake/train/F05_SSB06140464.wav,5
/USERSPACE/DATASETS/CodecFake/train/F05_SSB00160181.wav,5
/USERSPACE/DATASETS/CodecFake/train/F05_p240_072.wav,5
/USERSPACE/DATASETS/CodecFake/train/F05_SSB18630341.wav,5
/USERSPACE/DATASETS/CodecFake/train/F05_SSB00570397.wav,5
/USERSPACE/DATASETS/CodecFake/train/F05_SSB03230048.wav,5
/USERSPACE/DATASETS/CodecFake/train/F05_SSB17110213.wav,5
/USERSPACE/DATASETS/CodecFake/train/F05_SSB05650304.wav,5
/USERSPACE/DATASETS/CodecFake/train/F05_SSB06320323.wav,5
/USERSPACE/DATASETS/CodecFake/train/F05_SSB17810218.wav,5
/USERSPACE/DATASETS/CodecFake/train/F05_SSB11360238.wav,5
/USERSPACE/DATASETS/CodecFake/train/F05_SSB17820128.wav,5
/USERSPACE/DATASETS/CodecFake/train/F05_p265_270.wav,5
/USERSPACE/DATASETS/CodecFake/train/F05_SSB11380205.wav,5
/USERSPACE/DATASETS/CodecFake/train/F05_p271_346.wav,5
/USERSPACE/DATASETS/CodecFake/train/F05_SSB06230111.wav,5
/USERSPACE/DATASETS/CodecFake/train/F05_p310_297.wav,5
/USERSPACE/DATASETS/CodecFake/train/F05_SSB06030304.wav,5
/USERSPACE/DATASETS/CodecFake/train/F05_p258_136.wav,5
/USERSPACE/DATASETS/CodecFake/train/F05_SSB16070111.wav,5
/USERSPACE/DATASETS/CodecFake/train/F05_SSB00570110.wav,5
/USERSPACE/DATASETS/CodecFake/train/F05_p257_370.wav,5
/USERSPACE/DATASETS/CodecFake/train/F05_SSB11610029.wav,5
/USERSPACE/DATASETS/CodecFake/train/F05_SSB16840177.wav,5
/USERSPACE/DATASETS/CodecFake/train/F05_p323_233.wav,5
/USERSPACE/DATASETS/CodecFake/train/F05_SSB03750392.wav,5
/USERSPACE/DATASETS/CodecFake/train/F05_p329_192.wav,5
/USERSPACE/DATASETS/CodecFake/train/F05_p280_007.wav,5
/USERSPACE/DATASETS/CodecFake/train/F05_SSB00110319.wav,5
/USERSPACE/DATASETS/CodecFake/train/F05_p260_123.wav,5
/USERSPACE/DATASETS/CodecFake/train/F05_SSB10200115.wav,5
/USERSPACE/DATASETS/CodecFake/train/F05_SSB04700357.wav,5
/USERSPACE/DATASETS/CodecFake/train/F05_SSB12030435.wav,5
/USERSPACE/DATASETS/CodecFake/train/F05_p278_083.wav,5
/USERSPACE/DATASETS/CodecFake/train/F05_p303_348.wav,5
/USERSPACE/DATASETS/CodecFake/train/F05_SSB07600315.wav,5
/USERSPACE/DATASETS/CodecFake/train/F05_SSB05990229.wav,5
/USERSPACE/DATASETS/CodecFake/train/F05_p269_267.wav,5
/USERSPACE/DATASETS/CodecFake/train/F05_SSB06860142.wav,5
/USERSPACE/DATASETS/CodecFake/train/F05_SSB07360404.wav,5
/USERSPACE/DATASETS/CodecFake/train/F05_SSB13660212.wav,5
/USERSPACE/DATASETS/CodecFake/train/F05_SSB03850434.wav,5
/USERSPACE/DATASETS/CodecFake/train/F05_SSB05880010.wav,5
/USERSPACE/DATASETS/CodecFake/train/F05_p363_243.wav,5
/USERSPACE/DATASETS/CodecFake/train/F05_SSB19560239.wav,5
/USERSPACE/DATASETS/CodecFake/train/F05_SSB09190334.wav,5
/USERSPACE/DATASETS/CodecFake/train/F05_p279_023.wav,5
/USERSPACE/DATASETS/CodecFake/train/F05_SSB07510215.wav,5
/USERSPACE/DATASETS/CodecFake/train/F05_SSB08170078.wav,5
/USERSPACE/DATASETS/CodecFake/train/F05_p274_221.wav,5
/USERSPACE/DATASETS/CodecFake/train/F05_SSB00430001.wav,5
/USERSPACE/DATASETS/CodecFake/train/F05_SSB10000450.wav,5
/USERSPACE/DATASETS/CodecFake/train/F05_SSB06660385.wav,5
/USERSPACE/DATASETS/CodecFake/train/F05_SSB06930090.wav,5
/USERSPACE/DATASETS/CodecFake/train/F05_SSB11150241.wav,5
/USERSPACE/DATASETS/CodecFake/train/F05_SSB15630406.wav,5
/USERSPACE/DATASETS/CodecFake/train/F05_SSB13820193.wav,5
/USERSPACE/DATASETS/CodecFake/train/F05_SSB07200292.wav,5
/USERSPACE/DATASETS/CodecFake/train/F05_SSB17110295.wav,5
/USERSPACE/DATASETS/CodecFake/train/F05_SSB00180384.wav,5
/USERSPACE/DATASETS/CodecFake/train/F05_p272_029.wav,5
/USERSPACE/DATASETS/CodecFake/train/F05_p333_257.wav,5
/USERSPACE/DATASETS/CodecFake/train/F05_SSB00800144.wav,5
/USERSPACE/DATASETS/CodecFake/train/F05_SSB02990307.wav,5
/USERSPACE/DATASETS/CodecFake/train/F05_SSB05880183.wav,5
/USERSPACE/DATASETS/CodecFake/train/F05_p316_210.wav,5
/USERSPACE/DATASETS/CodecFake/train/F05_SSB07620247.wav,5
/USERSPACE/DATASETS/CodecFake/train/F05_SSB13400305.wav,5
/USERSPACE/DATASETS/CodecFake/train/F05_p326_139.wav,5
/USERSPACE/DATASETS/CodecFake/train/F05_SSB13280480.wav,5
/USERSPACE/DATASETS/CodecFake/train/F05_SSB18280351.wav,5
/USERSPACE/DATASETS/CodecFake/train/F05_p374_007.wav,5
/USERSPACE/DATASETS/CodecFake/train/F05_p317_331.wav,5
/USERSPACE/DATASETS/CodecFake/train/F05_SSB06070140.wav,5
/USERSPACE/DATASETS/CodecFake/train/F05_SSB18780110.wav,5
/USERSPACE/DATASETS/CodecFake/train/F05_SSB12740334.wav,5
/USERSPACE/DATASETS/CodecFake/train/F05_SSB03420140.wav,5
/USERSPACE/DATASETS/CodecFake/train/F05_SSB05350168.wav,5
/USERSPACE/DATASETS/CodecFake/train/F05_p299_052.wav,5
/USERSPACE/DATASETS/CodecFake/train/F05_SSB13920450.wav,5
/USERSPACE/DATASETS/CodecFake/train/F05_SSB02670414.wav,5
/USERSPACE/DATASETS/CodecFake/train/F05_p276_424.wav,5
/USERSPACE/DATASETS/CodecFake/train/F05_SSB11970215.wav,5
/USERSPACE/DATASETS/CodecFake/train/F05_SSB07370287.wav,5
/USERSPACE/DATASETS/CodecFake/train/F05_p340_001.wav,5
/USERSPACE/DATASETS/CodecFake/train/F05_SSB03380071.wav,5
/USERSPACE/DATASETS/CodecFake/train/F05_SSB13920423.wav,5
/USERSPACE/DATASETS/CodecFake/train/F05_SSB06010090.wav,5
/USERSPACE/DATASETS/CodecFake/train/F05_SSB14480353.wav,5
/USERSPACE/DATASETS/CodecFake/train/F05_p295_238.wav,5
/USERSPACE/DATASETS/CodecFake/train/F05_p234_015.wav,5
/USERSPACE/DATASETS/CodecFake/train/F05_p335_189.wav,5
/USERSPACE/DATASETS/CodecFake/train/F05_p270_164.wav,5
/USERSPACE/DATASETS/CodecFake/train/F05_SSB07100487.wav,5
/USERSPACE/DATASETS/CodecFake/train/F05_SSB04700071.wav,5
/USERSPACE/DATASETS/CodecFake/train/F05_p248_079.wav,5
/USERSPACE/DATASETS/CodecFake/train/F05_p271_319.wav,5
/USERSPACE/DATASETS/CodecFake/train/F05_p250_197.wav,5
/USERSPACE/DATASETS/CodecFake/train/F05_p330_071.wav,5
/USERSPACE/DATASETS/CodecFake/train/F05_p248_069.wav,5
/USERSPACE/DATASETS/CodecFake/train/F05_SSB01490119.wav,5
/USERSPACE/DATASETS/CodecFake/train/F05_p298_263.wav,5
/USERSPACE/DATASETS/CodecFake/train/F05_SSB03800183.wav,5
/USERSPACE/DATASETS/CodecFake/train/F05_p312_376.wav,5
/USERSPACE/DATASETS/CodecFake/train/F05_SSB12040436.wav,5
/USERSPACE/DATASETS/CodecFake/train/F05_p251_268.wav,5
/USERSPACE/DATASETS/CodecFake/train/F05_SSB19560027.wav,5
/USERSPACE/DATASETS/CodecFake/train/F05_SSB14480441.wav,5
/USERSPACE/DATASETS/CodecFake/train/F05_SSB07170168.wav,5
/USERSPACE/DATASETS/CodecFake/train/F05_p240_372.wav,5
/USERSPACE/DATASETS/CodecFake/train/F05_p317_119.wav,5
/USERSPACE/DATASETS/CodecFake/train/F05_SSB12740485.wav,5
/USERSPACE/DATASETS/CodecFake/train/F05_p279_386.wav,5
/USERSPACE/DATASETS/CodecFake/train/F05_SSB08510151.wav,5
/USERSPACE/DATASETS/CodecFake/train/F05_SSB07110365.wav,5
/USERSPACE/DATASETS/CodecFake/train/F05_p225_030.wav,5
/USERSPACE/DATASETS/CodecFake/train/F05_p340_382.wav,5
/USERSPACE/DATASETS/CodecFake/train/F05_p318_213.wav,5
/USERSPACE/DATASETS/CodecFake/train/F05_SSB02880290.wav,5
/USERSPACE/DATASETS/CodecFake/train/F05_SSB11610421.wav,5
/USERSPACE/DATASETS/CodecFake/train/F05_SSB18100464.wav,5
/USERSPACE/DATASETS/CodecFake/train/F05_SSB15550294.wav,5
/USERSPACE/DATASETS/CodecFake/train/F05_SSB06710187.wav,5
/USERSPACE/DATASETS/CodecFake/train/F05_SSB05940336.wav,5
/USERSPACE/DATASETS/CodecFake/train/F05_p240_122.wav,5
/USERSPACE/DATASETS/CodecFake/train/F05_p269_372.wav,5
/USERSPACE/DATASETS/CodecFake/train/F05_p272_235.wav,5
/USERSPACE/DATASETS/CodecFake/train/F05_p252_211.wav,5
/USERSPACE/DATASETS/CodecFake/train/F05_SSB16700174.wav,5
/USERSPACE/DATASETS/CodecFake/train/F05_p268_322.wav,5
/USERSPACE/DATASETS/CodecFake/train/F05_p259_420.wav,5
/USERSPACE/DATASETS/CodecFake/train/F05_p275_228.wav,5
/USERSPACE/DATASETS/CodecFake/train/F05_p334_083.wav,5
/USERSPACE/DATASETS/CodecFake/train/F05_SSB18320183.wav,5
/USERSPACE/DATASETS/CodecFake/train/F05_SSB05940412.wav,5
/USERSPACE/DATASETS/CodecFake/train/F05_p362_130.wav,5
/USERSPACE/DATASETS/CodecFake/train/F05_SSB01930341.wav,5
/USERSPACE/DATASETS/CodecFake/train/F05_p229_002.wav,5
/USERSPACE/DATASETS/CodecFake/train/F05_SSB09870221.wav,5
/USERSPACE/DATASETS/CodecFake/train/F05_SSB19180065.wav,5
/USERSPACE/DATASETS/CodecFake/train/F05_SSB07780377.wav,5
/USERSPACE/DATASETS/CodecFake/train/F05_SSB14370146.wav,5
/USERSPACE/DATASETS/CodecFake/train/F05_SSB00380097.wav,5
/USERSPACE/DATASETS/CodecFake/train/F05_SSB06140264.wav,5
/USERSPACE/DATASETS/CodecFake/train/F05_SSB08630329.wav,5
/USERSPACE/DATASETS/CodecFake/train/F05_p275_306.wav,5
/USERSPACE/DATASETS/CodecFake/train/F05_p260_025.wav,5
/USERSPACE/DATASETS/CodecFake/train/F05_SSB00380286.wav,5
/USERSPACE/DATASETS/CodecFake/train/F05_p351_214.wav,5
/USERSPACE/DATASETS/CodecFake/train/F05_p265_244.wav,5
/USERSPACE/DATASETS/CodecFake/train/F05_p267_181.wav,5
/USERSPACE/DATASETS/CodecFake/train/F05_SSB05700099.wav,5
/USERSPACE/DATASETS/CodecFake/train/F05_SSB05990313.wav,5
/USERSPACE/DATASETS/CodecFake/train/F05_p360_063.wav,5
/USERSPACE/DATASETS/CodecFake/train/F05_SSB06060076.wav,5
/USERSPACE/DATASETS/CodecFake/train/F05_SSB10020236.wav,5
/USERSPACE/DATASETS/CodecFake/train/F05_SSB18630026.wav,5
/USERSPACE/DATASETS/CodecFake/train/F05_SSB14080350.wav,5
/USERSPACE/DATASETS/CodecFake/train/F05_SSB01120250.wav,5
/USERSPACE/DATASETS/CodecFake/train/F05_SSB11250166.wav,5
/USERSPACE/DATASETS/CodecFake/train/F05_SSB07110163.wav,5
/USERSPACE/DATASETS/CodecFake/train/F05_p280_016.wav,5
/USERSPACE/DATASETS/CodecFake/train/F05_SSB17110324.wav,5
/USERSPACE/DATASETS/CodecFake/train/F05_p334_411.wav,5
/USERSPACE/DATASETS/CodecFake/train/F05_SSB13820454.wav,5
/USERSPACE/DATASETS/CodecFake/train/F05_SSB12040401.wav,5
/USERSPACE/DATASETS/CodecFake/train/F05_SSB06290129.wav,5
/USERSPACE/DATASETS/CodecFake/train/F05_p340_184.wav,5
/USERSPACE/DATASETS/CodecFake/train/F05_SSB06860163.wav,5
/USERSPACE/DATASETS/CodecFake/train/F05_p299_094.wav,5
/USERSPACE/DATASETS/CodecFake/train/F05_SSB00050272.wav,5
/USERSPACE/DATASETS/CodecFake/train/F05_SSB03930438.wav,5
/USERSPACE/DATASETS/CodecFake/train/F05_SSB15850072.wav,5
/USERSPACE/DATASETS/CodecFake/train/F05_SSB17590257.wav,5
/USERSPACE/DATASETS/CodecFake/train/F05_SSB10960073.wav,5
/USERSPACE/DATASETS/CodecFake/train/F05_p304_182.wav,5
/USERSPACE/DATASETS/CodecFake/train/F05_p304_120.wav,5
/USERSPACE/DATASETS/CodecFake/train/F05_p243_011.wav,5
/USERSPACE/DATASETS/CodecFake/train/F05_SSB18320151.wav,5
/USERSPACE/DATASETS/CodecFake/train/F05_SSB16860169.wav,5
/USERSPACE/DATASETS/CodecFake/train/F05_SSB06010356.wav,5
/USERSPACE/DATASETS/CodecFake/train/F05_SSB07490233.wav,5
/USERSPACE/DATASETS/CodecFake/train/F05_SSB13820455.wav,5
/USERSPACE/DATASETS/CodecFake/train/F05_p351_186.wav,5
/USERSPACE/DATASETS/CodecFake/train/F05_SSB18910217.wav,5
/USERSPACE/DATASETS/CodecFake/train/F05_SSB11250177.wav,5
/USERSPACE/DATASETS/CodecFake/train/F05_SSB17110081.wav,5
/USERSPACE/DATASETS/CodecFake/train/F05_p236_247.wav,5
/USERSPACE/DATASETS/CodecFake/train/F05_SSB07600447.wav,5
/USERSPACE/DATASETS/CodecFake/train/F05_SSB10000125.wav,5
/USERSPACE/DATASETS/CodecFake/train/F05_SSB18630462.wav,5
/USERSPACE/DATASETS/CodecFake/train/F05_SSB05390449.wav,5
/USERSPACE/DATASETS/CodecFake/train/F05_SSB07460080.wav,5
/USERSPACE/DATASETS/CodecFake/train/F05_p253_005.wav,5
/USERSPACE/DATASETS/CodecFake/train/F05_SSB17590272.wav,5
/USERSPACE/DATASETS/CodecFake/train/F05_SSB11250200.wav,5
/USERSPACE/DATASETS/CodecFake/train/F05_p336_104.wav,5
/USERSPACE/DATASETS/CodecFake/train/F05_SSB18780175.wav,5
/USERSPACE/DATASETS/CodecFake/train/F05_SSB06070015.wav,5
/USERSPACE/DATASETS/CodecFake/train/F05_p303_294.wav,5
/USERSPACE/DATASETS/CodecFake/train/F05_SSB02410212.wav,5
/USERSPACE/DATASETS/CodecFake/train/F05_SSB03850257.wav,5
/USERSPACE/DATASETS/CodecFake/train/F05_p270_036.wav,5
/USERSPACE/DATASETS/CodecFake/train/F05_p227_390.wav,5
/USERSPACE/DATASETS/CodecFake/train/F05_p283_385.wav,5
/USERSPACE/DATASETS/CodecFake/train/F05_SSB13660398.wav,5
/USERSPACE/DATASETS/CodecFake/train/F05_SSB05780407.wav,5
/USERSPACE/DATASETS/CodecFake/train/F05_SSB18310480.wav,5
/USERSPACE/DATASETS/CodecFake/train/F05_SSB11610383.wav,5
/USERSPACE/DATASETS/CodecFake/train/F05_SSB00380086.wav,5
/USERSPACE/DATASETS/CodecFake/train/F05_SSB16860361.wav,5
/USERSPACE/DATASETS/CodecFake/train/F05_p318_068.wav,5
/USERSPACE/DATASETS/CodecFake/train/F05_SSB09660430.wav,5
/USERSPACE/DATASETS/CodecFake/train/F05_p261_247.wav,5
/USERSPACE/DATASETS/CodecFake/train/F05_SSB06290078.wav,5
/USERSPACE/DATASETS/CodecFake/train/F05_p259_214.wav,5
/USERSPACE/DATASETS/CodecFake/train/F05_SSB05700480.wav,5
/USERSPACE/DATASETS/CodecFake/train/F05_SSB18460485.wav,5
/USERSPACE/DATASETS/CodecFake/train/F05_SSB17820348.wav,5
/USERSPACE/DATASETS/CodecFake/train/F05_p255_346.wav,5
/USERSPACE/DATASETS/CodecFake/train/F05_SSB05880303.wav,5
/USERSPACE/DATASETS/CodecFake/train/F05_p233_095.wav,5
/USERSPACE/DATASETS/CodecFake/train/F05_SSB07780108.wav,5
/USERSPACE/DATASETS/CodecFake/train/F05_p280_326.wav,5
/USERSPACE/DATASETS/CodecFake/train/F05_p236_080.wav,5
/USERSPACE/DATASETS/CodecFake/train/F05_SSB00730075.wav,5
/USERSPACE/DATASETS/CodecFake/train/F05_SSB04340348.wav,5
/USERSPACE/DATASETS/CodecFake/train/F05_SSB16700019.wav,5
/USERSPACE/DATASETS/CodecFake/train/F05_SSB00330095.wav,5
/USERSPACE/DATASETS/CodecFake/train/F05_SSB00090280.wav,5
/USERSPACE/DATASETS/CodecFake/train/F05_SSB13920234.wav,5
/USERSPACE/DATASETS/CodecFake/train/F05_p277_350.wav,5
/USERSPACE/DATASETS/CodecFake/train/F05_SSB06710302.wav,5
/USERSPACE/DATASETS/CodecFake/train/F05_SSB05880315.wav,5
/USERSPACE/DATASETS/CodecFake/train/F05_p277_006.wav,5
/USERSPACE/DATASETS/CodecFake/train/F05_p261_230.wav,5
/USERSPACE/DATASETS/CodecFake/train/F05_SSB00430029.wav,5
/USERSPACE/DATASETS/CodecFake/train/F05_p288_209.wav,5
/USERSPACE/DATASETS/CodecFake/train/F05_SSB16300403.wav,5
/USERSPACE/DATASETS/CodecFake/train/F05_p262_390.wav,5
/USERSPACE/DATASETS/CodecFake/train/F05_SSB01490300.wav,5
/USERSPACE/DATASETS/CodecFake/train/F05_SSB19180471.wav,5
/USERSPACE/DATASETS/CodecFake/train/F05_SSB06010201.wav,5
/USERSPACE/DATASETS/CodecFake/train/F05_p298_102.wav,5
/USERSPACE/DATASETS/CodecFake/train/F05_SSB11760251.wav,5
/USERSPACE/DATASETS/CodecFake/train/F05_SSB03750034.wav,5
/USERSPACE/DATASETS/CodecFake/train/F05_SSB07480069.wav,5
/USERSPACE/DATASETS/CodecFake/train/F05_SSB10550448.wav,5
/USERSPACE/DATASETS/CodecFake/train/F05_SSB02460035.wav,5
/USERSPACE/DATASETS/CodecFake/train/F05_SSB06090117.wav,5
/USERSPACE/DATASETS/CodecFake/train/F05_p269_280.wav,5
/USERSPACE/DATASETS/CodecFake/train/F05_SSB01490390.wav,5
/USERSPACE/DATASETS/CodecFake/train/F05_SSB09190472.wav,5
/USERSPACE/DATASETS/CodecFake/train/F05_SSB10000200.wav,5
/USERSPACE/DATASETS/CodecFake/train/F05_SSB08170093.wav,5
/USERSPACE/DATASETS/CodecFake/train/F05_SSB00730414.wav,5
/USERSPACE/DATASETS/CodecFake/train/F05_p374_079.wav,5
/USERSPACE/DATASETS/CodecFake/train/F05_p329_401.wav,5
/USERSPACE/DATASETS/CodecFake/train/F05_SSB05780202.wav,5
/USERSPACE/DATASETS/CodecFake/train/F05_SSB07460210.wav,5
/USERSPACE/DATASETS/CodecFake/train/F05_SSB03380278.wav,5
/USERSPACE/DATASETS/CodecFake/train/F05_SSB11000471.wav,5
/USERSPACE/DATASETS/CodecFake/train/F05_SSB02410125.wav,5
/USERSPACE/DATASETS/CodecFake/train/F05_p225_064.wav,5
/USERSPACE/DATASETS/CodecFake/train/F05_SSB00160059.wav,5
/USERSPACE/DATASETS/CodecFake/train/F05_SSB01220147.wav,5
/USERSPACE/DATASETS/CodecFake/train/F05_p229_044.wav,5
/USERSPACE/DATASETS/CodecFake/train/F05_p314_363.wav,5
/USERSPACE/DATASETS/CodecFake/train/F05_SSB13930323.wav,5
/USERSPACE/DATASETS/CodecFake/train/F05_SSB18630396.wav,5
/USERSPACE/DATASETS/CodecFake/train/F05_p255_380.wav,5
/USERSPACE/DATASETS/CodecFake/train/F05_p261_075.wav,5
/USERSPACE/DATASETS/CodecFake/train/F05_p271_298.wav,5
/USERSPACE/DATASETS/CodecFake/train/F05_SSB07100273.wav,5
/USERSPACE/DATASETS/CodecFake/train/F05_p294_323.wav,5
/USERSPACE/DATASETS/CodecFake/train/F05_SSB04260323.wav,5
/USERSPACE/DATASETS/CodecFake/train/F05_SSB18320372.wav,5
/USERSPACE/DATASETS/CodecFake/train/F05_p241_061.wav,5
/USERSPACE/DATASETS/CodecFake/train/F05_SSB07170266.wav,5
/USERSPACE/DATASETS/CodecFake/train/F05_SSB07460014.wav,5
/USERSPACE/DATASETS/CodecFake/train/F05_SSB12190465.wav,5
/USERSPACE/DATASETS/CodecFake/train/F05_SSB02730086.wav,5
/USERSPACE/DATASETS/CodecFake/train/F05_p286_206.wav,5
/USERSPACE/DATASETS/CodecFake/train/F05_SSB09970288.wav,5
/USERSPACE/DATASETS/CodecFake/train/F05_SSB03390481.wav,5
/USERSPACE/DATASETS/CodecFake/train/F05_SSB02000459.wav,5
/USERSPACE/DATASETS/CodecFake/train/F05_SSB13200149.wav,5
/USERSPACE/DATASETS/CodecFake/train/F05_SSB10550387.wav,5
/USERSPACE/DATASETS/CodecFake/train/F05_SSB00430010.wav,5
/USERSPACE/DATASETS/CodecFake/train/F05_p236_275.wav,5
/USERSPACE/DATASETS/CodecFake/train/F05_SSB07620332.wav,5
/USERSPACE/DATASETS/CodecFake/train/F05_SSB01490379.wav,5
/USERSPACE/DATASETS/CodecFake/train/F05_SSB04150118.wav,5
/USERSPACE/DATASETS/CodecFake/train/F05_SSB00110020.wav,5
/USERSPACE/DATASETS/CodecFake/train/F05_SSB14480160.wav,5
/USERSPACE/DATASETS/CodecFake/train/F05_SSB05350274.wav,5
/USERSPACE/DATASETS/CodecFake/train/F05_SSB07370073.wav,5
/USERSPACE/DATASETS/CodecFake/train/F05_SSB12180226.wav,5
/USERSPACE/DATASETS/CodecFake/train/F05_SSB18460234.wav,5
/USERSPACE/DATASETS/CodecFake/train/F05_SSB16990354.wav,5
/USERSPACE/DATASETS/CodecFake/train/F05_SSB14310102.wav,5
/USERSPACE/DATASETS/CodecFake/train/F05_SSB03070188.wav,5
/USERSPACE/DATASETS/CodecFake/train/F05_SSB02880113.wav,5
/USERSPACE/DATASETS/CodecFake/train/F05_SSB06060403.wav,5
/USERSPACE/DATASETS/CodecFake/train/F05_SSB00180278.wav,5
/USERSPACE/DATASETS/CodecFake/train/F05_SSB03820243.wav,5
/USERSPACE/DATASETS/CodecFake/train/F05_SSB13990203.wav,5
/USERSPACE/DATASETS/CodecFake/train/F05_SSB19020301.wav,5
/USERSPACE/DATASETS/CodecFake/train/F05_p299_347.wav,5
/USERSPACE/DATASETS/CodecFake/train/F05_SSB07860036.wav,5
/USERSPACE/DATASETS/CodecFake/train/F05_SSB10960172.wav,5
/USERSPACE/DATASETS/CodecFake/train/F05_SSB02870425.wav,5
/USERSPACE/DATASETS/CodecFake/train/F05_p317_369.wav,5
/USERSPACE/DATASETS/CodecFake/train/F05_SSB09870097.wav,5
/USERSPACE/DATASETS/CodecFake/train/F05_SSB13220088.wav,5
/USERSPACE/DATASETS/CodecFake/train/F05_p333_302.wav,5
/USERSPACE/DATASETS/CodecFake/train/F05_SSB05020284.wav,5
/USERSPACE/DATASETS/CodecFake/train/F05_p285_239.wav,5
/USERSPACE/DATASETS/CodecFake/train/F05_SSB01930128.wav,5
/USERSPACE/DATASETS/CodecFake/train/F05_p279_257.wav,5
/USERSPACE/DATASETS/CodecFake/train/F05_p374_358.wav,5
/USERSPACE/DATASETS/CodecFake/train/F05_p340_377.wav,5
/USERSPACE/DATASETS/CodecFake/train/F05_SSB13930161.wav,5
/USERSPACE/DATASETS/CodecFake/train/F05_SSB13280155.wav,5
/USERSPACE/DATASETS/CodecFake/train/F05_SSB11250273.wav,5
/USERSPACE/DATASETS/CodecFake/train/F05_p288_138.wav,5
/USERSPACE/DATASETS/CodecFake/train/F05_SSB14520065.wav,5
/USERSPACE/DATASETS/CodecFake/train/F05_p341_244.wav,5
/USERSPACE/DATASETS/CodecFake/train/F05_SSB11080365.wav,5
/USERSPACE/DATASETS/CodecFake/train/F05_SSB04270445.wav,5
/USERSPACE/DATASETS/CodecFake/train/F05_SSB07840240.wav,5
/USERSPACE/DATASETS/CodecFake/train/F05_p257_274.wav,5
/USERSPACE/DATASETS/CodecFake/train/F05_p287_058.wav,5
/USERSPACE/DATASETS/CodecFake/train/F05_SSB00730325.wav,5
/USERSPACE/DATASETS/CodecFake/train/F05_SSB07460101.wav,5
/USERSPACE/DATASETS/CodecFake/train/F05_p285_139.wav,5
/USERSPACE/DATASETS/CodecFake/train/F05_p307_162.wav,5
/USERSPACE/DATASETS/CodecFake/train/F05_p333_125.wav,5
/USERSPACE/DATASETS/CodecFake/train/F05_p295_418.wav,5
/USERSPACE/DATASETS/CodecFake/train/F05_p269_082.wav,5
/USERSPACE/DATASETS/CodecFake/train/F05_p314_079.wav,5
/USERSPACE/DATASETS/CodecFake/train/F05_SSB03380001.wav,5
/USERSPACE/DATASETS/CodecFake/train/F05_SSB19350310.wav,5
/USERSPACE/DATASETS/CodecFake/train/F05_p294_187.wav,5
/USERSPACE/DATASETS/CodecFake/train/F05_p345_343.wav,5
/USERSPACE/DATASETS/CodecFake/train/F05_SSB13650010.wav,5
/USERSPACE/DATASETS/CodecFake/train/F05_SSB00570302.wav,5
/USERSPACE/DATASETS/CodecFake/train/F05_SSB07000168.wav,5
/USERSPACE/DATASETS/CodecFake/train/F05_SSB18720083.wav,5
/USERSPACE/DATASETS/CodecFake/train/F05_SSB13660233.wav,5
/USERSPACE/DATASETS/CodecFake/train/F05_SSB11870462.wav,5
/USERSPACE/DATASETS/CodecFake/train/F05_SSB18060038.wav,5
/USERSPACE/DATASETS/CodecFake/train/F05_SSB00800277.wav,5
/USERSPACE/DATASETS/CodecFake/train/F05_p267_382.wav,5
/USERSPACE/DATASETS/CodecFake/train/F05_SSB13200024.wav,5
/USERSPACE/DATASETS/CodecFake/train/F05_SSB12190093.wav,5
/USERSPACE/DATASETS/CodecFake/train/F05_p245_119.wav,5
/USERSPACE/DATASETS/CodecFake/train/F05_p282_246.wav,5
/USERSPACE/DATASETS/CodecFake/train/F05_SSB07860169.wav,5
/USERSPACE/DATASETS/CodecFake/train/F05_SSB05440112.wav,5
/USERSPACE/DATASETS/CodecFake/train/F05_p284_326.wav,5
/USERSPACE/DATASETS/CodecFake/train/F05_SSB14370369.wav,5
/USERSPACE/DATASETS/CodecFake/train/F05_SSB10720186.wav,5
/USERSPACE/DATASETS/CodecFake/train/F05_p318_033.wav,5
/USERSPACE/DATASETS/CodecFake/train/F05_SSB17110138.wav,5
/USERSPACE/DATASETS/CodecFake/train/F05_SSB12040355.wav,5
/USERSPACE/DATASETS/CodecFake/train/F05_SSB07200101.wav,5
/USERSPACE/DATASETS/CodecFake/train/F05_SSB00050165.wav,5
/USERSPACE/DATASETS/CodecFake/train/F05_SSB07360142.wav,5
/USERSPACE/DATASETS/CodecFake/train/F05_SSB02730353.wav,5
/USERSPACE/DATASETS/CodecFake/train/F05_p330_280.wav,5
/USERSPACE/DATASETS/CodecFake/train/F05_SSB17110477.wav,5
/USERSPACE/DATASETS/CodecFake/train/F05_p361_128.wav,5
/USERSPACE/DATASETS/CodecFake/train/F05_p361_030.wav,5
/USERSPACE/DATASETS/CodecFake/train/F05_SSB00430466.wav,5
/USERSPACE/DATASETS/CodecFake/train/F05_SSB13410112.wav,5
/USERSPACE/DATASETS/CodecFake/train/F05_SSB03930478.wav,5
/USERSPACE/DATASETS/CodecFake/train/F05_SSB00090424.wav,5
/USERSPACE/DATASETS/CodecFake/train/F05_p312_282.wav,5
/USERSPACE/DATASETS/CodecFake/train/F05_SSB07100059.wav,5
/USERSPACE/DATASETS/CodecFake/train/F05_SSB09930164.wav,5
/USERSPACE/DATASETS/CodecFake/train/F05_p329_081.wav,5
/USERSPACE/DATASETS/CodecFake/train/F05_p284_197.wav,5
/USERSPACE/DATASETS/CodecFake/train/F05_SSB06060247.wav,5
/USERSPACE/DATASETS/CodecFake/train/F05_SSB01930044.wav,5
/USERSPACE/DATASETS/CodecFake/train/F05_SSB02460256.wav,5
/USERSPACE/DATASETS/CodecFake/train/F05_p231_221.wav,5
/USERSPACE/DATASETS/CodecFake/train/F05_p281_072.wav,5
/USERSPACE/DATASETS/CodecFake/train/F05_SSB10500319.wav,5
/USERSPACE/DATASETS/CodecFake/train/F05_SSB03380062.wav,5
/USERSPACE/DATASETS/CodecFake/train/F05_p226_263.wav,5
/USERSPACE/DATASETS/CodecFake/train/F05_SSB03160081.wav,5
/USERSPACE/DATASETS/CodecFake/train/F05_SSB06290321.wav,5
/USERSPACE/DATASETS/CodecFake/train/F05_SSB03940196.wav,5
/USERSPACE/DATASETS/CodecFake/train/F05_SSB03420005.wav,5
/USERSPACE/DATASETS/CodecFake/train/F05_SSB09870415.wav,5
/USERSPACE/DATASETS/CodecFake/train/F05_p293_024.wav,5
/USERSPACE/DATASETS/CodecFake/train/F05_SSB07780273.wav,5
/USERSPACE/DATASETS/CodecFake/train/F05_SSB06680177.wav,5
/USERSPACE/DATASETS/CodecFake/train/F05_SSB03090005.wav,5
/USERSPACE/DATASETS/CodecFake/train/F05_SSB15550254.wav,5
/USERSPACE/DATASETS/CodecFake/train/F05_p246_125.wav,5
/USERSPACE/DATASETS/CodecFake/train/F05_SSB07370166.wav,5
/USERSPACE/DATASETS/CodecFake/train/F05_p269_329.wav,5
/USERSPACE/DATASETS/CodecFake/train/F05_p250_149.wav,5
/USERSPACE/DATASETS/CodecFake/train/F05_SSB05700219.wav,5
/USERSPACE/DATASETS/CodecFake/train/F05_SSB11000144.wav,5
/USERSPACE/DATASETS/CodecFake/train/F05_SSB15670332.wav,5
/USERSPACE/DATASETS/CodecFake/train/F05_SSB12180361.wav,5
/USERSPACE/DATASETS/CodecFake/train/F05_SSB08170392.wav,5
/USERSPACE/DATASETS/CodecFake/train/F05_p240_349.wav,5
/USERSPACE/DATASETS/CodecFake/train/F05_p376_127.wav,5
/USERSPACE/DATASETS/CodecFake/train/F05_p308_314.wav,5
/USERSPACE/DATASETS/CodecFake/train/F05_SSB11970040.wav,5
/USERSPACE/DATASETS/CodecFake/train/F05_SSB16240375.wav,5
/USERSPACE/DATASETS/CodecFake/train/F05_p245_222.wav,5
/USERSPACE/DATASETS/CodecFake/train/F05_SSB00110224.wav,5
/USERSPACE/DATASETS/CodecFake/train/F05_SSB05990107.wav,5
/USERSPACE/DATASETS/CodecFake/train/F05_SSB17110094.wav,5
/USERSPACE/DATASETS/CodecFake/train/F05_p273_356.wav,5
/USERSPACE/DATASETS/CodecFake/train/F05_p262_182.wav,5
/USERSPACE/DATASETS/CodecFake/train/F05_SSB02670393.wav,5
/USERSPACE/DATASETS/CodecFake/train/F05_SSB07840166.wav,5
/USERSPACE/DATASETS/CodecFake/train/F05_p231_068.wav,5
/USERSPACE/DATASETS/CodecFake/train/F05_p303_037.wav,5
/USERSPACE/DATASETS/CodecFake/train/F05_p300_122.wav,5
/USERSPACE/DATASETS/CodecFake/train/F05_SSB01450406.wav,5
/USERSPACE/DATASETS/CodecFake/train/F05_SSB07780402.wav,5
/USERSPACE/DATASETS/CodecFake/train/F05_p295_182.wav,5
/USERSPACE/DATASETS/CodecFake/train/F05_p312_315.wav,5
/USERSPACE/DATASETS/CodecFake/train/F05_SSB01390173.wav,5
/USERSPACE/DATASETS/CodecFake/train/F05_SSB02990437.wav,5
/USERSPACE/DATASETS/CodecFake/train/F05_p297_371.wav,5
/USERSPACE/DATASETS/CodecFake/train/F05_SSB00330054.wav,5
/USERSPACE/DATASETS/CodecFake/train/F05_SSB18630103.wav,5
/USERSPACE/DATASETS/CodecFake/train/F05_p247_333.wav,5
/USERSPACE/DATASETS/CodecFake/train/F05_SSB05880095.wav,5
/USERSPACE/DATASETS/CodecFake/train/F05_SSB13020070.wav,5
/USERSPACE/DATASETS/CodecFake/train/F05_SSB03820445.wav,5
/USERSPACE/DATASETS/CodecFake/train/F05_p300_252.wav,5
/USERSPACE/DATASETS/CodecFake/train/F05_SSB01120420.wav,5
/USERSPACE/DATASETS/CodecFake/train/F05_SSB10200296.wav,5
/USERSPACE/DATASETS/CodecFake/train/F05_p230_028.wav,5
/USERSPACE/DATASETS/CodecFake/train/F05_SSB16250504.wav,5
/USERSPACE/DATASETS/CodecFake/train/F05_p360_336.wav,5
/USERSPACE/DATASETS/CodecFake/train/F05_p249_212.wav,5
/USERSPACE/DATASETS/CodecFake/train/F05_p250_021.wav,5
/USERSPACE/DATASETS/CodecFake/train/F05_SSB02870271.wav,5
/USERSPACE/DATASETS/CodecFake/train/F05_SSB02670453.wav,5
/USERSPACE/DATASETS/CodecFake/train/F05_SSB06660291.wav,5
/USERSPACE/DATASETS/CodecFake/train/F05_p271_259.wav,5
/USERSPACE/DATASETS/CodecFake/train/F05_SSB11970452.wav,5
/USERSPACE/DATASETS/CodecFake/train/F05_p312_289.wav,5
/USERSPACE/DATASETS/CodecFake/train/F05_SSB14480451.wav,5
/USERSPACE/DATASETS/CodecFake/train/F05_p343_324.wav,5
/USERSPACE/DATASETS/CodecFake/train/F05_SSB01450313.wav,5
/USERSPACE/DATASETS/CodecFake/train/F05_SSB11310109.wav,5
/USERSPACE/DATASETS/CodecFake/train/F05_SSB10560008.wav,5
/USERSPACE/DATASETS/CodecFake/train/F05_p259_042.wav,5
/USERSPACE/DATASETS/CodecFake/train/F05_SSB01450215.wav,5
/USERSPACE/DATASETS/CodecFake/train/F05_SSB10200238.wav,5
/USERSPACE/DATASETS/CodecFake/train/F05_SSB06140078.wav,5
/USERSPACE/DATASETS/CodecFake/train/F05_p299_025.wav,5
/USERSPACE/DATASETS/CodecFake/train/F05_SSB07600449.wav,5
/USERSPACE/DATASETS/CodecFake/train/F05_SSB07100297.wav,5
/USERSPACE/DATASETS/CodecFake/train/F05_SSB18280192.wav,5
/USERSPACE/DATASETS/CodecFake/train/F05_p244_096.wav,5
/USERSPACE/DATASETS/CodecFake/train/F05_SSB07000056.wav,5
/USERSPACE/DATASETS/CodecFake/train/F05_p315_075.wav,5
/USERSPACE/DATASETS/CodecFake/train/F05_SSB07170075.wav,5
/USERSPACE/DATASETS/CodecFake/train/F05_SSB03070276.wav,5
/USERSPACE/DATASETS/CodecFake/train/F05_SSB18320146.wav,5
/USERSPACE/DATASETS/CodecFake/train/F05_p362_362.wav,5
/USERSPACE/DATASETS/CodecFake/train/F05_SSB07000249.wav,5
/USERSPACE/DATASETS/CodecFake/train/F05_p347_065.wav,5
/USERSPACE/DATASETS/CodecFake/train/F05_p287_391.wav,5
/USERSPACE/DATASETS/CodecFake/train/F05_p286_013.wav,5
/USERSPACE/DATASETS/CodecFake/train/F05_SSB01930099.wav,5
/USERSPACE/DATASETS/CodecFake/train/F05_p316_123.wav,5
/USERSPACE/DATASETS/CodecFake/train/F05_p249_089.wav,5
/USERSPACE/DATASETS/CodecFake/train/F05_SSB13400057.wav,5
/USERSPACE/DATASETS/CodecFake/train/F05_SSB05880086.wav,5
/USERSPACE/DATASETS/CodecFake/train/F05_p262_253.wav,5
/USERSPACE/DATASETS/CodecFake/train/F05_SSB13200311.wav,5
/USERSPACE/DATASETS/CodecFake/train/F05_SSB00160500.wav,5
/USERSPACE/DATASETS/CodecFake/train/F05_SSB02880185.wav,5
/USERSPACE/DATASETS/CodecFake/train/F05_p250_124.wav,5
/USERSPACE/DATASETS/CodecFake/train/F05_p271_097.wav,5
/USERSPACE/DATASETS/CodecFake/train/F05_SSB14570333.wav,5
/USERSPACE/DATASETS/CodecFake/train/F05_SSB06230343.wav,5
/USERSPACE/DATASETS/CodecFake/train/F05_SSB19560289.wav,5
/USERSPACE/DATASETS/CodecFake/train/F05_SSB02460176.wav,5
/USERSPACE/DATASETS/CodecFake/train/F05_SSB18630115.wav,5
/USERSPACE/DATASETS/CodecFake/train/F05_SSB04070442.wav,5
/USERSPACE/DATASETS/CodecFake/train/F05_SSB04260399.wav,5
/USERSPACE/DATASETS/CodecFake/train/F05_p280_384.wav,5
/USERSPACE/DATASETS/CodecFake/train/F05_p285_262.wav,5
/USERSPACE/DATASETS/CodecFake/train/F05_p317_171.wav,5
/USERSPACE/DATASETS/CodecFake/train/F05_SSB07000269.wav,5
/USERSPACE/DATASETS/CodecFake/train/F05_SSB07170258.wav,5
/USERSPACE/DATASETS/CodecFake/train/F05_SSB03660055.wav,5
/USERSPACE/DATASETS/CodecFake/train/F05_SSB09130418.wav,5
/USERSPACE/DATASETS/CodecFake/train/F05_p252_142.wav,5
/USERSPACE/DATASETS/CodecFake/train/F05_SSB00090269.wav,5
/USERSPACE/DATASETS/CodecFake/train/F05_SSB04700193.wav,5
/USERSPACE/DATASETS/CodecFake/train/F05_SSB11380104.wav,5
/USERSPACE/DATASETS/CodecFake/train/F05_SSB04260255.wav,5
/USERSPACE/DATASETS/CodecFake/train/F05_p272_366.wav,5
/USERSPACE/DATASETS/CodecFake/train/F05_SSB07020283.wav,5
/USERSPACE/DATASETS/CodecFake/train/F05_SSB14570274.wav,5
/USERSPACE/DATASETS/CodecFake/train/F05_SSB03800483.wav,5
/USERSPACE/DATASETS/CodecFake/train/F05_p288_049.wav,5
/USERSPACE/DATASETS/CodecFake/train/F05_SSB03790152.wav,5
/USERSPACE/DATASETS/CodecFake/train/F05_SSB02410027.wav,5
/USERSPACE/DATASETS/CodecFake/train/F05_SSB13410076.wav,5
/USERSPACE/DATASETS/CodecFake/train/F05_p227_376.wav,5
/USERSPACE/DATASETS/CodecFake/train/F05_SSB19020211.wav,5
/USERSPACE/DATASETS/CodecFake/train/F05_p275_099.wav,5
/USERSPACE/DATASETS/CodecFake/train/F05_p251_145.wav,5
/USERSPACE/DATASETS/CodecFake/train/F05_p248_242.wav,5
/USERSPACE/DATASETS/CodecFake/train/F05_p312_182.wav,5
/USERSPACE/DATASETS/CodecFake/train/F05_SSB04340471.wav,5
/USERSPACE/DATASETS/CodecFake/train/F05_SSB07170346.wav,5
/USERSPACE/DATASETS/CodecFake/train/F05_SSB01220026.wav,5
/USERSPACE/DATASETS/CodecFake/train/F05_p277_109.wav,5
/USERSPACE/DATASETS/CodecFake/train/F05_SSB09660038.wav,5
/USERSPACE/DATASETS/CodecFake/train/F05_SSB02670407.wav,5
/USERSPACE/DATASETS/CodecFake/train/F05_SSB05390458.wav,5
/USERSPACE/DATASETS/CodecFake/train/F05_SSB06860158.wav,5
/USERSPACE/DATASETS/CodecFake/train/F05_SSB05340440.wav,5
/USERSPACE/DATASETS/CodecFake/train/F05_SSB06290486.wav,5
/USERSPACE/DATASETS/CodecFake/train/F05_p264_191.wav,5
/USERSPACE/DATASETS/CodecFake/train/F05_SSB03660436.wav,5
/USERSPACE/DATASETS/CodecFake/train/F05_p292_190.wav,5
/USERSPACE/DATASETS/CodecFake/train/F05_p267_199.wav,5
/USERSPACE/DATASETS/CodecFake/train/F05_SSB07110286.wav,5
/USERSPACE/DATASETS/CodecFake/train/F05_SSB05390165.wav,5
/USERSPACE/DATASETS/CodecFake/train/F05_p229_357.wav,5
/USERSPACE/DATASETS/CodecFake/train/F05_p301_063.wav,5
/USERSPACE/DATASETS/CodecFake/train/F05_p340_398.wav,5
/USERSPACE/DATASETS/CodecFake/train/F05_SSB17810222.wav,5
/USERSPACE/DATASETS/CodecFake/train/F05_p374_280.wav,5
/USERSPACE/DATASETS/CodecFake/train/F05_SSB03410443.wav,5
/USERSPACE/DATASETS/CodecFake/train/F05_p300_206.wav,5
/USERSPACE/DATASETS/CodecFake/train/F05_SSB03390010.wav,5
/USERSPACE/DATASETS/CodecFake/train/F05_SSB07480197.wav,5
/USERSPACE/DATASETS/CodecFake/train/F05_SSB09130089.wav,5
/USERSPACE/DATASETS/CodecFake/train/F05_p230_296.wav,5
/USERSPACE/DATASETS/CodecFake/train/F05_SSB05880107.wav,5
/USERSPACE/DATASETS/CodecFake/train/F05_p264_465.wav,5
/USERSPACE/DATASETS/CodecFake/train/F05_p254_189.wav,5
/USERSPACE/DATASETS/CodecFake/train/F05_SSB10500045.wav,5
/USERSPACE/DATASETS/CodecFake/train/F05_p376_031.wav,5
/USERSPACE/DATASETS/CodecFake/train/F05_SSB11870080.wav,5
/USERSPACE/DATASETS/CodecFake/train/F05_SSB05880223.wav,5
/USERSPACE/DATASETS/CodecFake/train/F05_SSB07940166.wav,5
/USERSPACE/DATASETS/CodecFake/train/F05_SSB13400264.wav,5
/USERSPACE/DATASETS/CodecFake/train/F05_SSB06030136.wav,5
/USERSPACE/DATASETS/CodecFake/train/F05_SSB05440199.wav,5
/USERSPACE/DATASETS/CodecFake/train/F05_SSB17820054.wav,5
/USERSPACE/DATASETS/CodecFake/train/F05_p347_271.wav,5
/USERSPACE/DATASETS/CodecFake/train/F05_p238_400.wav,5
/USERSPACE/DATASETS/CodecFake/train/F05_p280_374.wav,5
/USERSPACE/DATASETS/CodecFake/train/F05_SSB16700350.wav,5
/USERSPACE/DATASETS/CodecFake/train/F05_p264_283.wav,5
/USERSPACE/DATASETS/CodecFake/train/F05_SSB10960330.wav,5
/USERSPACE/DATASETS/CodecFake/train/F05_p304_114.wav,5
/USERSPACE/DATASETS/CodecFake/train/F05_SSB04350490.wav,5
/USERSPACE/DATASETS/CodecFake/train/F05_SSB02670153.wav,5
/USERSPACE/DATASETS/CodecFake/train/F05_SSB10080284.wav,5
/USERSPACE/DATASETS/CodecFake/train/F05_SSB00430326.wav,5
/USERSPACE/DATASETS/CodecFake/train/F05_p314_047.wav,5
/USERSPACE/DATASETS/CodecFake/train/F05_p280_249.wav,5
/USERSPACE/DATASETS/CodecFake/train/F05_SSB08510141.wav,5
/USERSPACE/DATASETS/CodecFake/train/F05_SSB10010218.wav,5
/USERSPACE/DATASETS/CodecFake/train/F05_p268_123.wav,5
/USERSPACE/DATASETS/CodecFake/train/F05_SSB11310275.wav,5
/USERSPACE/DATASETS/CodecFake/train/F05_SSB06060019.wav,5
/USERSPACE/DATASETS/CodecFake/train/F05_SSB18320041.wav,5
/USERSPACE/DATASETS/CodecFake/train/F05_p313_366.wav,5
/USERSPACE/DATASETS/CodecFake/train/F05_SSB10560343.wav,5
/USERSPACE/DATASETS/CodecFake/train/F05_SSB04150103.wav,5
/USERSPACE/DATASETS/CodecFake/train/F05_p303_180.wav,5
/USERSPACE/DATASETS/CodecFake/train/F05_SSB16250342.wav,5
/USERSPACE/DATASETS/CodecFake/train/F05_SSB03420002.wav,5
/USERSPACE/DATASETS/CodecFake/train/F05_p361_383.wav,5
/USERSPACE/DATASETS/CodecFake/train/F05_SSB01970365.wav,5
/USERSPACE/DATASETS/CodecFake/train/F05_p261_422.wav,5
/USERSPACE/DATASETS/CodecFake/train/F05_p313_143.wav,5
/USERSPACE/DATASETS/CodecFake/train/F05_SSB03230208.wav,5
/USERSPACE/DATASETS/CodecFake/train/F05_p281_443.wav,5
/USERSPACE/DATASETS/CodecFake/train/F05_SSB05940148.wav,5
/USERSPACE/DATASETS/CodecFake/train/F05_SSB11150182.wav,5
/USERSPACE/DATASETS/CodecFake/train/F05_SSB05780225.wav,5
/USERSPACE/DATASETS/CodecFake/train/F05_SSB17280097.wav,5
/USERSPACE/DATASETS/CodecFake/train/F05_SSB09870276.wav,5
/USERSPACE/DATASETS/CodecFake/train/F05_SSB16250099.wav,5
/USERSPACE/DATASETS/CodecFake/train/F05_p254_045.wav,5
/USERSPACE/DATASETS/CodecFake/train/F05_SSB13850001.wav,5
/USERSPACE/DATASETS/CodecFake/train/F05_SSB01450388.wav,5
/USERSPACE/DATASETS/CodecFake/train/F05_SSB18780412.wav,5
/USERSPACE/DATASETS/CodecFake/train/F05_SSB09350182.wav,5
/USERSPACE/DATASETS/CodecFake/train/F05_p341_193.wav,5
/USERSPACE/DATASETS/CodecFake/train/F05_SSB07100414.wav,5
/USERSPACE/DATASETS/CodecFake/train/F05_SSB13410190.wav,5
/USERSPACE/DATASETS/CodecFake/train/F05_SSB16500009.wav,5
/USERSPACE/DATASETS/CodecFake/train/F05_p299_144.wav,5
/USERSPACE/DATASETS/CodecFake/train/F05_SSB04070145.wav,5
/USERSPACE/DATASETS/CodecFake/train/F05_p267_198.wav,5
/USERSPACE/DATASETS/CodecFake/train/F05_SSB11260258.wav,5
/USERSPACE/DATASETS/CodecFake/train/F05_p286_077.wav,5
/USERSPACE/DATASETS/CodecFake/train/F05_SSB03850158.wav,5
/USERSPACE/DATASETS/CodecFake/train/F05_p284_076.wav,5
/USERSPACE/DATASETS/CodecFake/train/F05_SSB13020296.wav,5
/USERSPACE/DATASETS/CodecFake/train/F05_SSB13020231.wav,5
/USERSPACE/DATASETS/CodecFake/train/F05_SSB02880403.wav,5
/USERSPACE/DATASETS/CodecFake/train/F05_SSB18720325.wav,5
/USERSPACE/DATASETS/CodecFake/train/F05_SSB13770050.wav,5
/USERSPACE/DATASETS/CodecFake/train/F05_SSB07000131.wav,5
/USERSPACE/DATASETS/CodecFake/train/F05_SSB16300171.wav,5
/USERSPACE/DATASETS/CodecFake/train/F05_SSB18280154.wav,5
/USERSPACE/DATASETS/CodecFake/train/F05_p232_284.wav,5
/USERSPACE/DATASETS/CodecFake/train/F05_SSB11000459.wav,5
/USERSPACE/DATASETS/CodecFake/train/F05_SSB11360188.wav,5
/USERSPACE/DATASETS/CodecFake/train/F05_SSB09870190.wav,5
/USERSPACE/DATASETS/CodecFake/train/F05_SSB03750181.wav,5
/USERSPACE/DATASETS/CodecFake/train/F05_SSB03660405.wav,5
/USERSPACE/DATASETS/CodecFake/train/F05_p303_161.wav,5
/USERSPACE/DATASETS/CodecFake/train/F05_SSB19180463.wav,5
/USERSPACE/DATASETS/CodecFake/train/F05_SSB03230228.wav,5
/USERSPACE/DATASETS/CodecFake/train/F05_p261_291.wav,5
/USERSPACE/DATASETS/CodecFake/train/F05_p333_215.wav,5
/USERSPACE/DATASETS/CodecFake/train/F05_SSB00120016.wav,5
/USERSPACE/DATASETS/CodecFake/train/F05_SSB05340185.wav,5
/USERSPACE/DATASETS/CodecFake/train/F05_SSB02610250.wav,5
/USERSPACE/DATASETS/CodecFake/train/F05_p255_290.wav,5
/USERSPACE/DATASETS/CodecFake/train/F05_p330_197.wav,5
/USERSPACE/DATASETS/CodecFake/train/F05_SSB03160144.wav,5
/USERSPACE/DATASETS/CodecFake/train/F05_SSB02610285.wav,5
/USERSPACE/DATASETS/CodecFake/train/F05_p276_148.wav,5
/USERSPACE/DATASETS/CodecFake/train/F05_p363_166.wav,5
/USERSPACE/DATASETS/CodecFake/train/F05_p281_262.wav,5
/USERSPACE/DATASETS/CodecFake/train/F05_SSB08170236.wav,5
/USERSPACE/DATASETS/CodecFake/train/F05_SSB05650386.wav,5
/USERSPACE/DATASETS/CodecFake/train/F05_SSB11350046.wav,5
/USERSPACE/DATASETS/CodecFake/train/F05_SSB03750128.wav,5
/USERSPACE/DATASETS/CodecFake/train/F05_SSB18280259.wav,5
/USERSPACE/DATASETS/CodecFake/train/F05_p285_056.wav,5
/USERSPACE/DATASETS/CodecFake/train/F05_p288_270.wav,5
/USERSPACE/DATASETS/CodecFake/train/F05_SSB08170474.wav,5
/USERSPACE/DATASETS/CodecFake/train/F05_p232_214.wav,5
/USERSPACE/DATASETS/CodecFake/train/F05_p247_394.wav,5
/USERSPACE/DATASETS/CodecFake/train/F05_SSB06680053.wav,5
/USERSPACE/DATASETS/CodecFake/train/F05_p280_047.wav,5
/USERSPACE/DATASETS/CodecFake/train/F05_p345_358.wav,5
/USERSPACE/DATASETS/CodecFake/train/F05_p307_382.wav,5
/USERSPACE/DATASETS/CodecFake/train/F05_SSB09970265.wav,5
/USERSPACE/DATASETS/CodecFake/train/F05_SSB02460330.wav,5
/USERSPACE/DATASETS/CodecFake/train/F05_p249_031.wav,5
/USERSPACE/DATASETS/CodecFake/train/F05_SSB03930491.wav,5
/USERSPACE/DATASETS/CodecFake/train/F05_SSB07580051.wav,5
/USERSPACE/DATASETS/CodecFake/train/F05_SSB02730049.wav,5
/USERSPACE/DATASETS/CodecFake/train/F05_p297_311.wav,5
/USERSPACE/DATASETS/CodecFake/train/F05_p360_345.wav,5
/USERSPACE/DATASETS/CodecFake/train/F05_SSB02870045.wav,5
/USERSPACE/DATASETS/CodecFake/train/F05_SSB07370034.wav,5
/USERSPACE/DATASETS/CodecFake/train/F05_SSB12530346.wav,5
/USERSPACE/DATASETS/CodecFake/train/F05_p236_218.wav,5
/USERSPACE/DATASETS/CodecFake/train/F05_SSB01220249.wav,5
/USERSPACE/DATASETS/CodecFake/train/F05_p258_194.wav,5
/USERSPACE/DATASETS/CodecFake/train/F05_SSB01450484.wav,5
/USERSPACE/DATASETS/CodecFake/train/F05_p334_255.wav,5
/USERSPACE/DATASETS/CodecFake/train/F05_SSB07160387.wav,5
/USERSPACE/DATASETS/CodecFake/train/F05_SSB03540452.wav,5
/USERSPACE/DATASETS/CodecFake/train/F05_SSB10910269.wav,5
/USERSPACE/DATASETS/CodecFake/train/F05_SSB12150287.wav,5
/USERSPACE/DATASETS/CodecFake/train/F05_SSB15750001.wav,5
/USERSPACE/DATASETS/CodecFake/train/F05_SSB16250100.wav,5
/USERSPACE/DATASETS/CodecFake/train/F05_p302_266.wav,5
/USERSPACE/DATASETS/CodecFake/train/F05_SSB01120119.wav,5
/USERSPACE/DATASETS/CodecFake/train/F05_SSB13930180.wav,5
/USERSPACE/DATASETS/CodecFake/train/F05_SSB06070051.wav,5
/USERSPACE/DATASETS/CodecFake/train/F05_SSB19560225.wav,5
/USERSPACE/DATASETS/CodecFake/train/F05_SSB00800039.wav,5
/USERSPACE/DATASETS/CodecFake/train/F05_SSB03410492.wav,5
/USERSPACE/DATASETS/CodecFake/train/F05_p288_360.wav,5
/USERSPACE/DATASETS/CodecFake/train/F05_p266_110.wav,5
/USERSPACE/DATASETS/CodecFake/train/F05_p283_050.wav,5
/USERSPACE/DATASETS/CodecFake/train/F05_SSB16240430.wav,5
/USERSPACE/DATASETS/CodecFake/train/F05_SSB05700154.wav,5
/USERSPACE/DATASETS/CodecFake/train/F05_p246_173.wav,5
/USERSPACE/DATASETS/CodecFake/train/F05_p307_186.wav,5
/USERSPACE/DATASETS/CodecFake/train/F05_SSB01120254.wav,5
/USERSPACE/DATASETS/CodecFake/train/F05_p252_364.wav,5
/USERSPACE/DATASETS/CodecFake/train/F05_SSB09130124.wav,5
/USERSPACE/DATASETS/CodecFake/train/F05_SSB03420207.wav,5
/USERSPACE/DATASETS/CodecFake/train/F05_p293_201.wav,5
/USERSPACE/DATASETS/CodecFake/train/F05_SSB13200416.wav,5
/USERSPACE/DATASETS/CodecFake/train/F05_SSB03410297.wav,5
/USERSPACE/DATASETS/CodecFake/train/F05_SSB04340430.wav,5
/USERSPACE/DATASETS/CodecFake/train/F05_SSB06030357.wav,5
/USERSPACE/DATASETS/CodecFake/train/F05_SSB07840427.wav,5
/USERSPACE/DATASETS/CodecFake/train/F05_p241_248.wav,5
/USERSPACE/DATASETS/CodecFake/train/F05_SSB04350419.wav,5
/USERSPACE/DATASETS/CodecFake/train/F05_p313_228.wav,5
/USERSPACE/DATASETS/CodecFake/train/F05_SSB07800147.wav,5
/USERSPACE/DATASETS/CodecFake/train/F05_p304_409.wav,5
/USERSPACE/DATASETS/CodecFake/train/F05_SSB05440225.wav,5
/USERSPACE/DATASETS/CodecFake/train/F05_p335_097.wav,5
/USERSPACE/DATASETS/CodecFake/train/F05_p335_369.wav,5
/USERSPACE/DATASETS/CodecFake/train/F05_p259_424.wav,5
/USERSPACE/DATASETS/CodecFake/train/F05_SSB01390268.wav,5
/USERSPACE/DATASETS/CodecFake/train/F05_p275_409.wav,5
/USERSPACE/DATASETS/CodecFake/train/F05_SSB00330210.wav,5
/USERSPACE/DATASETS/CodecFake/train/F05_SSB02990165.wav,5
/USERSPACE/DATASETS/CodecFake/train/F05_SSB10240441.wav,5
/USERSPACE/DATASETS/CodecFake/train/F05_SSB06090424.wav,5
/USERSPACE/DATASETS/CodecFake/train/F05_SSB09660428.wav,5
/USERSPACE/DATASETS/CodecFake/train/F05_p264_207.wav,5
/USERSPACE/DATASETS/CodecFake/train/F05_SSB18100328.wav,5
/USERSPACE/DATASETS/CodecFake/train/F05_SSB05700132.wav,5
/USERSPACE/DATASETS/CodecFake/train/F05_SSB19390314.wav,5
/USERSPACE/DATASETS/CodecFake/train/F05_SSB06060262.wav,5
/USERSPACE/DATASETS/CodecFake/train/F05_SSB16990428.wav,5
/USERSPACE/DATASETS/CodecFake/train/F05_SSB04700442.wav,5
/USERSPACE/DATASETS/CodecFake/train/F05_p306_012.wav,5
/USERSPACE/DATASETS/CodecFake/train/F05_SSB17390143.wav,5
/USERSPACE/DATASETS/CodecFake/train/F05_p306_323.wav,5
/USERSPACE/DATASETS/CodecFake/train/F05_SSB02460361.wav,5
/USERSPACE/DATASETS/CodecFake/train/F05_SSB16500016.wav,5
/USERSPACE/DATASETS/CodecFake/train/F05_SSB09870287.wav,5
/USERSPACE/DATASETS/CodecFake/train/F05_p234_335.wav,5
/USERSPACE/DATASETS/CodecFake/train/F05_SSB00050143.wav,5
/USERSPACE/DATASETS/CodecFake/train/F05_SSB00430322.wav,5
/USERSPACE/DATASETS/CodecFake/train/F05_SSB01450035.wav,5
/USERSPACE/DATASETS/CodecFake/train/F05_SSB00090407.wav,5
/USERSPACE/DATASETS/CodecFake/train/F05_p228_186.wav,5
/USERSPACE/DATASETS/CodecFake/train/F05_SSB11250403.wav,5
/USERSPACE/DATASETS/CodecFake/train/F05_SSB01390371.wav,5
/USERSPACE/DATASETS/CodecFake/train/F05_SSB13400422.wav,5
/USERSPACE/DATASETS/CodecFake/train/F05_SSB04820422.wav,5
/USERSPACE/DATASETS/CodecFake/train/F05_SSB01490462.wav,5
/USERSPACE/DATASETS/CodecFake/train/F05_p318_389.wav,5
/USERSPACE/DATASETS/CodecFake/train/F05_p253_128.wav,5
/USERSPACE/DATASETS/CodecFake/train/F05_p265_282.wav,5
/USERSPACE/DATASETS/CodecFake/train/F05_p284_053.wav,5
/USERSPACE/DATASETS/CodecFake/train/F05_p244_145.wav,5
/USERSPACE/DATASETS/CodecFake/train/F05_SSB07800374.wav,5
/USERSPACE/DATASETS/CodecFake/train/F05_SSB06860372.wav,5
/USERSPACE/DATASETS/CodecFake/train/F05_SSB09870127.wav,5
/USERSPACE/DATASETS/CodecFake/train/F05_SSB07460027.wav,5
/USERSPACE/DATASETS/CodecFake/train/F05_SSB13930296.wav,5
/USERSPACE/DATASETS/CodecFake/train/F05_SSB01220337.wav,5
/USERSPACE/DATASETS/CodecFake/train/F05_p263_169.wav,5
/USERSPACE/DATASETS/CodecFake/train/F05_SSB09660459.wav,5
/USERSPACE/DATASETS/CodecFake/train/F05_p318_062.wav,5
/USERSPACE/DATASETS/CodecFake/train/F05_SSB07110007.wav,5
/USERSPACE/DATASETS/CodecFake/train/F05_SSB02410120.wav,5
/USERSPACE/DATASETS/CodecFake/train/F05_SSB03070142.wav,5
/USERSPACE/DATASETS/CodecFake/train/F05_SSB03230014.wav,5
/USERSPACE/DATASETS/CodecFake/train/F05_SSB13220107.wav,5
/USERSPACE/DATASETS/CodecFake/train/F05_SSB03950033.wav,5
/USERSPACE/DATASETS/CodecFake/train/F05_p236_096.wav,5
/USERSPACE/DATASETS/CodecFake/train/F05_SSB07200193.wav,5
/USERSPACE/DATASETS/CodecFake/train/F05_SSB06660440.wav,5
/USERSPACE/DATASETS/CodecFake/train/F05_p260_080.wav,5
/USERSPACE/DATASETS/CodecFake/train/F05_SSB18630378.wav,5
/USERSPACE/DATASETS/CodecFake/train/F05_SSB10020246.wav,5
/USERSPACE/DATASETS/CodecFake/train/F05_p225_201.wav,5
/USERSPACE/DATASETS/CodecFake/train/F05_SSB03940394.wav,5
/USERSPACE/DATASETS/CodecFake/train/F05_p364_244.wav,5
/USERSPACE/DATASETS/CodecFake/train/F05_SSB06060356.wav,5
/USERSPACE/DATASETS/CodecFake/train/F05_SSB09130036.wav,5
/USERSPACE/DATASETS/CodecFake/train/F05_SSB18320002.wav,5
/USERSPACE/DATASETS/CodecFake/train/F05_SSB00430427.wav,5
/USERSPACE/DATASETS/CodecFake/train/F05_SSB07490348.wav,5
/USERSPACE/DATASETS/CodecFake/train/F05_p284_084.wav,5
/USERSPACE/DATASETS/CodecFake/train/F05_p335_121.wav,5
/USERSPACE/DATASETS/CodecFake/train/F05_p245_125.wav,5
/USERSPACE/DATASETS/CodecFake/train/F05_SSB19180131.wav,5
/USERSPACE/DATASETS/CodecFake/train/F05_SSB00120472.wav,5
/USERSPACE/DATASETS/CodecFake/train/F05_SSB00380192.wav,5
/USERSPACE/DATASETS/CodecFake/train/F05_p257_239.wav,5
/USERSPACE/DATASETS/CodecFake/train/F05_p305_292.wav,5
/USERSPACE/DATASETS/CodecFake/train/F05_SSB18720270.wav,5
/USERSPACE/DATASETS/CodecFake/train/F05_SSB10960196.wav,5
/USERSPACE/DATASETS/CodecFake/train/F05_SSB07200267.wav,5
/USERSPACE/DATASETS/CodecFake/train/F05_SSB09150146.wav,5
/USERSPACE/DATASETS/CodecFake/train/F05_SSB04270005.wav,5
/USERSPACE/DATASETS/CodecFake/train/F05_SSB03410158.wav,5
/USERSPACE/DATASETS/CodecFake/train/F05_SSB16840469.wav,5
/USERSPACE/DATASETS/CodecFake/train/F05_SSB07780109.wav,5
/USERSPACE/DATASETS/CodecFake/train/F05_SSB15930456.wav,5
/USERSPACE/DATASETS/CodecFake/train/F05_p255_061.wav,5
/USERSPACE/DATASETS/CodecFake/train/F05_p225_363.wav,5
/USERSPACE/DATASETS/CodecFake/train/F05_p249_273.wav,5
/USERSPACE/DATASETS/CodecFake/train/F05_SSB12390010.wav,5
/USERSPACE/DATASETS/CodecFake/train/F05_SSB18720143.wav,5
/USERSPACE/DATASETS/CodecFake/train/F05_p254_233.wav,5
/USERSPACE/DATASETS/CodecFake/train/F05_SSB09350031.wav,5
/USERSPACE/DATASETS/CodecFake/train/F05_p244_104.wav,5
/USERSPACE/DATASETS/CodecFake/train/F05_SSB09350126.wav,5
/USERSPACE/DATASETS/CodecFake/train/F05_SSB07840073.wav,5
/USERSPACE/DATASETS/CodecFake/train/F05_SSB01220313.wav,5
/USERSPACE/DATASETS/CodecFake/train/F05_SSB09190381.wav,5
/USERSPACE/DATASETS/CodecFake/train/F05_SSB10960333.wav,5
/USERSPACE/DATASETS/CodecFake/train/F05_SSB05650475.wav,5
/USERSPACE/DATASETS/CodecFake/train/F05_SSB06860206.wav,5
/USERSPACE/DATASETS/CodecFake/train/F05_SSB05900359.wav,5
/USERSPACE/DATASETS/CodecFake/train/F05_p293_018.wav,5
/USERSPACE/DATASETS/CodecFake/train/F05_SSB05780160.wav,5
/USERSPACE/DATASETS/CodecFake/train/F05_SSB07620018.wav,5
/USERSPACE/DATASETS/CodecFake/train/F05_SSB13220281.wav,5
/USERSPACE/DATASETS/CodecFake/train/F05_p225_299.wav,5
/USERSPACE/DATASETS/CodecFake/train/F05_SSB07110266.wav,5
/USERSPACE/DATASETS/CodecFake/train/F05_p363_001.wav,5
/USERSPACE/DATASETS/CodecFake/train/F05_SSB16250149.wav,5
/USERSPACE/DATASETS/CodecFake/train/F05_SSB02880360.wav,5
/USERSPACE/DATASETS/CodecFake/train/F05_SSB05650111.wav,5
/USERSPACE/DATASETS/CodecFake/train/F05_p246_233.wav,5
/USERSPACE/DATASETS/CodecFake/train/F05_SSB02870012.wav,5
/USERSPACE/DATASETS/CodecFake/train/F05_SSB07230215.wav,5
/USERSPACE/DATASETS/CodecFake/train/F05_p288_243.wav,5
/USERSPACE/DATASETS/CodecFake/train/F05_SSB05940083.wav,5
/USERSPACE/DATASETS/CodecFake/train/F05_p237_141.wav,5
/USERSPACE/DATASETS/CodecFake/train/F05_SSB11760121.wav,5
/USERSPACE/DATASETS/CodecFake/train/F05_SSB03410304.wav,5
/USERSPACE/DATASETS/CodecFake/train/F05_SSB07600289.wav,5
/USERSPACE/DATASETS/CodecFake/train/F05_SSB02670467.wav,5
/USERSPACE/DATASETS/CodecFake/train/F05_SSB04150358.wav,5
/USERSPACE/DATASETS/CodecFake/train/F05_SSB19020026.wav,5
/USERSPACE/DATASETS/CodecFake/train/F05_SSB13660067.wav,5
/USERSPACE/DATASETS/CodecFake/train/F05_SSB00110407.wav,5
/USERSPACE/DATASETS/CodecFake/train/F05_p239_121.wav,5
/USERSPACE/DATASETS/CodecFake/train/F05_p274_130.wav,5
/USERSPACE/DATASETS/CodecFake/train/F05_SSB19560399.wav,5
/USERSPACE/DATASETS/CodecFake/train/F05_SSB17590493.wav,5
/USERSPACE/DATASETS/CodecFake/train/F05_p228_243.wav,5
/USERSPACE/DATASETS/CodecFake/train/F05_p313_374.wav,5
/USERSPACE/DATASETS/CodecFake/train/F05_SSB11360121.wav,5
/USERSPACE/DATASETS/CodecFake/train/F05_SSB17590213.wav,5
/USERSPACE/DATASETS/CodecFake/train/F05_SSB05390369.wav,5
/USERSPACE/DATASETS/CodecFake/train/F05_p317_112.wav,5
/USERSPACE/DATASETS/CodecFake/train/F05_SSB12740331.wav,5
/USERSPACE/DATASETS/CodecFake/train/F05_p293_276.wav,5
/USERSPACE/DATASETS/CodecFake/train/F05_p333_209.wav,5
/USERSPACE/DATASETS/CodecFake/train/F05_p275_227.wav,5
/USERSPACE/DATASETS/CodecFake/train/F05_p292_058.wav,5
/USERSPACE/DATASETS/CodecFake/train/F05_p227_031.wav,5
/USERSPACE/DATASETS/CodecFake/train/F05_p326_050.wav,5
/USERSPACE/DATASETS/CodecFake/train/F05_p232_098.wav,5
/USERSPACE/DATASETS/CodecFake/train/F05_SSB02870378.wav,5
/USERSPACE/DATASETS/CodecFake/train/F05_SSB09350137.wav,5
/USERSPACE/DATASETS/CodecFake/train/F05_SSB01930463.wav,5
/USERSPACE/DATASETS/CodecFake/train/F05_SSB15670099.wav,5
/USERSPACE/DATASETS/CodecFake/train/F05_SSB11310104.wav,5
/USERSPACE/DATASETS/CodecFake/train/F05_p300_351.wav,5
/USERSPACE/DATASETS/CodecFake/train/F05_SSB13410116.wav,5
/USERSPACE/DATASETS/CodecFake/train/F05_SSB08510060.wav,5
/USERSPACE/DATASETS/CodecFake/train/F05_SSB09190141.wav,5
/USERSPACE/DATASETS/CodecFake/train/F05_SSB05340111.wav,5
/USERSPACE/DATASETS/CodecFake/train/F05_SSB01930462.wav,5
/USERSPACE/DATASETS/CodecFake/train/F05_SSB17590418.wav,5
/USERSPACE/DATASETS/CodecFake/train/F05_p261_368.wav,5
/USERSPACE/DATASETS/CodecFake/train/F05_p261_293.wav,5
/USERSPACE/DATASETS/CodecFake/train/F05_SSB07100492.wav,5
/USERSPACE/DATASETS/CodecFake/train/F05_SSB05880289.wav,5
/USERSPACE/DATASETS/CodecFake/train/F05_SSB18780387.wav,5
/USERSPACE/DATASETS/CodecFake/train/F05_p281_240.wav,5
/USERSPACE/DATASETS/CodecFake/train/F05_SSB03660459.wav,5
/USERSPACE/DATASETS/CodecFake/train/F05_SSB06680012.wav,5
/USERSPACE/DATASETS/CodecFake/train/F05_SSB09350330.wav,5
/USERSPACE/DATASETS/CodecFake/train/F05_p276_328.wav,5
/USERSPACE/DATASETS/CodecFake/train/F05_SSB12190419.wav,5
/USERSPACE/DATASETS/CodecFake/train/F05_p269_230.wav,5
/USERSPACE/DATASETS/CodecFake/train/F05_SSB07200142.wav,5
/USERSPACE/DATASETS/CodecFake/train/F05_SSB01330111.wav,5
/USERSPACE/DATASETS/CodecFake/train/F05_SSB08870385.wav,5
/USERSPACE/DATASETS/CodecFake/train/F05_p238_276.wav,5
/USERSPACE/DATASETS/CodecFake/train/F05_p362_252.wav,5
/USERSPACE/DATASETS/CodecFake/train/F05_SSB08220364.wav,5
/USERSPACE/DATASETS/CodecFake/train/F05_SSB19350180.wav,5
/USERSPACE/DATASETS/CodecFake/train/F05_SSB17810061.wav,5
/USERSPACE/DATASETS/CodecFake/train/F05_SSB04820469.wav,5
/USERSPACE/DATASETS/CodecFake/train/F05_p323_361.wav,5
/USERSPACE/DATASETS/CodecFake/train/F05_p326_203.wav,5
/USERSPACE/DATASETS/CodecFake/train/F05_SSB10020360.wav,5
/USERSPACE/DATASETS/CodecFake/train/F05_p236_290.wav,5
/USERSPACE/DATASETS/CodecFake/train/F05_SSB16240022.wav,5
/USERSPACE/DATASETS/CodecFake/train/F05_SSB07510331.wav,5
/USERSPACE/DATASETS/CodecFake/train/F05_p313_375.wav,5
/USERSPACE/DATASETS/CodecFake/train/F05_SSB00570069.wav,5
/USERSPACE/DATASETS/CodecFake/train/F05_p282_344.wav,5
/USERSPACE/DATASETS/CodecFake/train/F05_SSB03390184.wav,5
/USERSPACE/DATASETS/CodecFake/train/F05_p256_070.wav,5
/USERSPACE/DATASETS/CodecFake/train/F05_SSB07940048.wav,5
/USERSPACE/DATASETS/CodecFake/train/F05_p243_227.wav,5
/USERSPACE/DATASETS/CodecFake/train/F05_p285_026.wav,5
/USERSPACE/DATASETS/CodecFake/train/F05_p303_085.wav,5
/USERSPACE/DATASETS/CodecFake/train/F05_SSB07020260.wav,5
/USERSPACE/DATASETS/CodecFake/train/F05_SSB13660379.wav,5
/USERSPACE/DATASETS/CodecFake/train/F05_SSB05440336.wav,5
/USERSPACE/DATASETS/CodecFake/train/F05_SSB03790032.wav,5
/USERSPACE/DATASETS/CodecFake/train/F05_p238_184.wav,5
/USERSPACE/DATASETS/CodecFake/train/F05_p335_068.wav,5
/USERSPACE/DATASETS/CodecFake/train/F05_SSB06140500.wav,5
/USERSPACE/DATASETS/CodecFake/train/F05_SSB05340041.wav,5
/USERSPACE/DATASETS/CodecFake/train/F05_SSB04700116.wav,5
/USERSPACE/DATASETS/CodecFake/train/F05_SSB06680204.wav,5
/USERSPACE/DATASETS/CodecFake/train/F05_p264_120.wav,5
/USERSPACE/DATASETS/CodecFake/train/F05_p274_276.wav,5
/USERSPACE/DATASETS/CodecFake/train/F05_SSB07020483.wav,5
/USERSPACE/DATASETS/CodecFake/train/F05_p239_371.wav,5
/USERSPACE/DATASETS/CodecFake/train/F05_SSB19350144.wav,5
/USERSPACE/DATASETS/CodecFake/train/F05_SSB06930459.wav,5
/USERSPACE/DATASETS/CodecFake/train/F05_SSB06010361.wav,5
/USERSPACE/DATASETS/CodecFake/train/F05_SSB11150335.wav,5
/USERSPACE/DATASETS/CodecFake/train/F05_SSB11870497.wav,5
/USERSPACE/DATASETS/CodecFake/train/F05_SSB03790217.wav,5
/USERSPACE/DATASETS/CodecFake/train/F05_p288_392.wav,5
/USERSPACE/DATASETS/CodecFake/train/F05_SSB05440286.wav,5
/USERSPACE/DATASETS/CodecFake/train/F05_SSB18630088.wav,5
/USERSPACE/DATASETS/CodecFake/train/F05_SSB03380455.wav,5
/USERSPACE/DATASETS/CodecFake/train/F05_SSB13820236.wav,5
/USERSPACE/DATASETS/CodecFake/train/F05_p237_192.wav,5
/USERSPACE/DATASETS/CodecFake/train/F05_p277_200.wav,5
/USERSPACE/DATASETS/CodecFake/train/F05_SSB05020216.wav,5
/USERSPACE/DATASETS/CodecFake/train/F05_SSB07510074.wav,5
/USERSPACE/DATASETS/CodecFake/train/F05_SSB01490076.wav,5
/USERSPACE/DATASETS/CodecFake/train/F05_SSB08220219.wav,5
/USERSPACE/DATASETS/CodecFake/train/F05_SSB04070451.wav,5
/USERSPACE/DATASETS/CodecFake/train/F05_SSB00090482.wav,5
/USERSPACE/DATASETS/CodecFake/train/F05_SSB06860352.wav,5
/USERSPACE/DATASETS/CodecFake/train/F05_p232_022.wav,5
/USERSPACE/DATASETS/CodecFake/train/F05_p234_146.wav,5
/USERSPACE/DATASETS/CodecFake/train/F05_p243_001.wav,5
/USERSPACE/DATASETS/CodecFake/train/F05_SSB10240322.wav,5
/USERSPACE/DATASETS/CodecFake/train/F05_SSB18310418.wav,5
/USERSPACE/DATASETS/CodecFake/train/F05_p300_269.wav,5
/USERSPACE/DATASETS/CodecFake/train/F05_SSB17810058.wav,5
/USERSPACE/DATASETS/CodecFake/train/F05_SSB17390393.wav,5
/USERSPACE/DATASETS/CodecFake/train/F05_SSB09190426.wav,5
/USERSPACE/DATASETS/CodecFake/train/F05_SSB01970474.wav,5
/USERSPACE/DATASETS/CodecFake/train/F05_SSB06140365.wav,5
/USERSPACE/DATASETS/CodecFake/train/F05_p275_153.wav,5
/USERSPACE/DATASETS/CodecFake/train/F05_p305_242.wav,5
/USERSPACE/DATASETS/CodecFake/train/F05_SSB00570185.wav,5
/USERSPACE/DATASETS/CodecFake/train/F05_SSB13920029.wav,5
/USERSPACE/DATASETS/CodecFake/train/F05_SSB07370291.wav,5
/USERSPACE/DATASETS/CodecFake/train/F05_p282_269.wav,5
/USERSPACE/DATASETS/CodecFake/train/F05_SSB02730290.wav,5
/USERSPACE/DATASETS/CodecFake/train/F05_SSB01220188.wav,5
/USERSPACE/DATASETS/CodecFake/train/F05_p277_411.wav,5
/USERSPACE/DATASETS/CodecFake/train/F05_p280_287.wav,5
/USERSPACE/DATASETS/CodecFake/train/F05_p245_182.wav,5
/USERSPACE/DATASETS/CodecFake/train/F05_SSB05900028.wav,5
/USERSPACE/DATASETS/CodecFake/train/F05_SSB05390144.wav,5
/USERSPACE/DATASETS/CodecFake/train/F05_SSB15630383.wav,5
/USERSPACE/DATASETS/CodecFake/train/F05_SSB00380257.wav,5
/USERSPACE/DATASETS/CodecFake/train/F05_SSB10550471.wav,5
/USERSPACE/DATASETS/CodecFake/train/F05_SSB03380220.wav,5
/USERSPACE/DATASETS/CodecFake/train/F05_SSB02990202.wav,5
/USERSPACE/DATASETS/CodecFake/train/F05_p306_018.wav,5
/USERSPACE/DATASETS/CodecFake/train/F05_SSB07600104.wav,5
/USERSPACE/DATASETS/CodecFake/train/F05_SSB01330130.wav,5
/USERSPACE/DATASETS/CodecFake/train/F05_p262_304.wav,5
/USERSPACE/DATASETS/CodecFake/train/F05_SSB06010255.wav,5
/USERSPACE/DATASETS/CodecFake/train/F05_SSB00110128.wav,5
/USERSPACE/DATASETS/CodecFake/train/F05_SSB15630082.wav,5
/USERSPACE/DATASETS/CodecFake/train/F05_p301_034.wav,5
/USERSPACE/DATASETS/CodecFake/train/F05_p339_163.wav,5
/USERSPACE/DATASETS/CodecFake/train/F05_SSB07100364.wav,5
/USERSPACE/DATASETS/CodecFake/train/F05_p316_130.wav,5
/USERSPACE/DATASETS/CodecFake/train/F05_p351_010.wav,5
/USERSPACE/DATASETS/CodecFake/train/F05_p236_475.wav,5
/USERSPACE/DATASETS/CodecFake/train/F05_SSB06060218.wav,5
/USERSPACE/DATASETS/CodecFake/train/F05_p253_374.wav,5
/USERSPACE/DATASETS/CodecFake/train/F05_p343_233.wav,5
/USERSPACE/DATASETS/CodecFake/train/F05_SSB07490142.wav,5
/USERSPACE/DATASETS/CodecFake/train/F05_SSB15630424.wav,5
/USERSPACE/DATASETS/CodecFake/train/F05_SSB03850083.wav,5
/USERSPACE/DATASETS/CodecFake/train/F05_SSB17820247.wav,5
/USERSPACE/DATASETS/CodecFake/train/F05_SSB05880278.wav,5
/USERSPACE/DATASETS/CodecFake/train/F05_p284_132.wav,5
/USERSPACE/DATASETS/CodecFake/train/F05_SSB03090056.wav,5
/USERSPACE/DATASETS/CodecFake/train/F05_SSB04350279.wav,5
/USERSPACE/DATASETS/CodecFake/train/F05_SSB00120119.wav,5
/USERSPACE/DATASETS/CodecFake/train/F05_p233_347.wav,5
/USERSPACE/DATASETS/CodecFake/train/F05_p347_290.wav,5
/USERSPACE/DATASETS/CodecFake/train/F05_p267_039.wav,5
/USERSPACE/DATASETS/CodecFake/train/F05_p226_043.wav,5
/USERSPACE/DATASETS/CodecFake/train/F05_SSB14480164.wav,5
/USERSPACE/DATASETS/CodecFake/train/F05_SSB12530178.wav,5
/USERSPACE/DATASETS/CodecFake/train/F05_p244_251.wav,5
/USERSPACE/DATASETS/CodecFake/train/F05_p302_007.wav,5
/USERSPACE/DATASETS/CodecFake/train/F05_SSB06680100.wav,5
/USERSPACE/DATASETS/CodecFake/train/F05_SSB14080389.wav,5
/USERSPACE/DATASETS/CodecFake/train/F05_SSB03850386.wav,5
/USERSPACE/DATASETS/CodecFake/train/F05_SSB03790412.wav,5
/USERSPACE/DATASETS/CodecFake/train/F05_SSB18320407.wav,5
/USERSPACE/DATASETS/CodecFake/train/F05_SSB07360456.wav,5
/USERSPACE/DATASETS/CodecFake/train/F05_p303_199.wav,5
/USERSPACE/DATASETS/CodecFake/train/F05_p279_346.wav,5
/USERSPACE/DATASETS/CodecFake/train/F05_SSB03950319.wav,5
/USERSPACE/DATASETS/CodecFake/train/F05_SSB17820008.wav,5
/USERSPACE/DATASETS/CodecFake/train/F05_SSB02880103.wav,5
/USERSPACE/DATASETS/CodecFake/train/F05_SSB07860132.wav,5
/USERSPACE/DATASETS/CodecFake/train/F05_SSB14480423.wav,5
/USERSPACE/DATASETS/CodecFake/train/F05_SSB07170414.wav,5
/USERSPACE/DATASETS/CodecFake/train/F05_p292_404.wav,5
/USERSPACE/DATASETS/CodecFake/train/F05_p362_168.wav,5
/USERSPACE/DATASETS/CodecFake/train/F05_SSB00090404.wav,5
/USERSPACE/DATASETS/CodecFake/train/F05_p276_441.wav,5
/USERSPACE/DATASETS/CodecFake/train/F05_SSB04270326.wav,5
/USERSPACE/DATASETS/CodecFake/train/F05_SSB13770334.wav,5
/USERSPACE/DATASETS/CodecFake/train/F05_SSB11310099.wav,5
/USERSPACE/DATASETS/CodecFake/train/F05_p238_003.wav,5
/USERSPACE/DATASETS/CodecFake/train/F05_SSB09130081.wav,5
/USERSPACE/DATASETS/CodecFake/train/F05_SSB14480175.wav,5
/USERSPACE/DATASETS/CodecFake/train/F05_p323_032.wav,5
/USERSPACE/DATASETS/CodecFake/train/F05_SSB01970031.wav,5
/USERSPACE/DATASETS/CodecFake/train/F05_SSB04270084.wav,5
/USERSPACE/DATASETS/CodecFake/train/F05_p273_342.wav,5
/USERSPACE/DATASETS/CodecFake/train/F05_SSB05340363.wav,5
/USERSPACE/DATASETS/CodecFake/train/F05_SSB06680466.wav,5
/USERSPACE/DATASETS/CodecFake/train/F05_p339_096.wav,5
/USERSPACE/DATASETS/CodecFake/train/F05_SSB07020162.wav,5
/USERSPACE/DATASETS/CodecFake/train/F05_p229_173.wav,5
/USERSPACE/DATASETS/CodecFake/train/F05_SSB14020275.wav,5
/USERSPACE/DATASETS/CodecFake/train/F05_SSB07620435.wav,5
/USERSPACE/DATASETS/CodecFake/train/F05_SSB01450058.wav,5
/USERSPACE/DATASETS/CodecFake/train/F05_p311_119.wav,5
/USERSPACE/DATASETS/CodecFake/train/F05_SSB11250082.wav,5
/USERSPACE/DATASETS/CodecFake/train/F05_SSB07230021.wav,5
/USERSPACE/DATASETS/CodecFake/train/F05_SSB08870323.wav,5
/USERSPACE/DATASETS/CodecFake/train/F05_SSB03820091.wav,5
/USERSPACE/DATASETS/CodecFake/train/F05_SSB11360311.wav,5
/USERSPACE/DATASETS/CodecFake/train/F05_SSB15630025.wav,5
/USERSPACE/DATASETS/CodecFake/train/F05_SSB01120013.wav,5
/USERSPACE/DATASETS/CodecFake/train/F05_SSB10200224.wav,5
/USERSPACE/DATASETS/CodecFake/train/F05_p282_017.wav,5
/USERSPACE/DATASETS/CodecFake/train/F05_SSB18060422.wav,5
/USERSPACE/DATASETS/CodecFake/train/F05_p323_111.wav,5
/USERSPACE/DATASETS/CodecFake/train/F05_SSB14570049.wav,5
/USERSPACE/DATASETS/CodecFake/train/F05_SSB06680050.wav,5
/USERSPACE/DATASETS/CodecFake/train/F05_p329_394.wav,5
/USERSPACE/DATASETS/CodecFake/train/F05_SSB03750167.wav,5
/USERSPACE/DATASETS/CodecFake/train/F05_SSB18720381.wav,5
/USERSPACE/DATASETS/CodecFake/train/F05_SSB18280019.wav,5
/USERSPACE/DATASETS/CodecFake/train/F05_SSB02000160.wav,5
/USERSPACE/DATASETS/CodecFake/train/F05_SSB06030251.wav,5
/USERSPACE/DATASETS/CodecFake/train/F05_SSB07020383.wav,5
/USERSPACE/DATASETS/CodecFake/train/F05_p271_247.wav,5
/USERSPACE/DATASETS/CodecFake/train/F05_SSB11150477.wav,5
/USERSPACE/DATASETS/CodecFake/train/F05_p258_247.wav,5
/USERSPACE/DATASETS/CodecFake/train/F05_SSB12030355.wav,5
/USERSPACE/DATASETS/CodecFake/train/F05_SSB13920158.wav,5
/USERSPACE/DATASETS/CodecFake/train/F05_SSB10500432.wav,5
/USERSPACE/DATASETS/CodecFake/train/F05_p264_396.wav,5
/USERSPACE/DATASETS/CodecFake/train/F05_p230_113.wav,5
/USERSPACE/DATASETS/CodecFake/train/F05_SSB06320269.wav,5
/USERSPACE/DATASETS/CodecFake/train/F05_p269_047.wav,5
/USERSPACE/DATASETS/CodecFake/train/F05_SSB09350250.wav,5
/USERSPACE/DATASETS/CodecFake/train/F05_SSB00120420.wav,5
/USERSPACE/DATASETS/CodecFake/train/F05_SSB15930350.wav,5
/USERSPACE/DATASETS/CodecFake/train/F05_p276_390.wav,5
/USERSPACE/DATASETS/CodecFake/train/F05_p234_211.wav,5
/USERSPACE/DATASETS/CodecFake/train/F05_p271_074.wav,5
/USERSPACE/DATASETS/CodecFake/train/F05_p260_168.wav,5
/USERSPACE/DATASETS/CodecFake/train/F05_p283_269.wav,5
/USERSPACE/DATASETS/CodecFake/train/F05_SSB03820339.wav,5
/USERSPACE/DATASETS/CodecFake/train/F05_SSB11310188.wav,5
/USERSPACE/DATASETS/CodecFake/train/F05_SSB11610428.wav,5
/USERSPACE/DATASETS/CodecFake/train/F05_SSB07360122.wav,5
/USERSPACE/DATASETS/CodecFake/train/F05_SSB05020117.wav,5
/USERSPACE/DATASETS/CodecFake/train/F05_p271_104.wav,5
/USERSPACE/DATASETS/CodecFake/train/F05_SSB02610248.wav,5
/USERSPACE/DATASETS/CodecFake/train/F05_SSB08870393.wav,5
/USERSPACE/DATASETS/CodecFake/train/F05_p314_048.wav,5
/USERSPACE/DATASETS/CodecFake/train/F05_p244_205.wav,5
/USERSPACE/DATASETS/CodecFake/train/F05_SSB08220459.wav,5
/USERSPACE/DATASETS/CodecFake/train/F05_SSB14570373.wav,5
/USERSPACE/DATASETS/CodecFake/train/F05_p276_097.wav,5
/USERSPACE/DATASETS/CodecFake/train/F05_SSB02880387.wav,5
/USERSPACE/DATASETS/CodecFake/train/F05_SSB18090389.wav,5
/USERSPACE/DATASETS/CodecFake/train/F05_SSB18460132.wav,5
/USERSPACE/DATASETS/CodecFake/train/F05_SSB05650342.wav,5
/USERSPACE/DATASETS/CodecFake/train/F05_SSB11150371.wav,5
/USERSPACE/DATASETS/CodecFake/train/F05_SSB05650407.wav,5
/USERSPACE/DATASETS/CodecFake/train/F05_SSB19390427.wav,5
/USERSPACE/DATASETS/CodecFake/train/F05_p304_085.wav,5
/USERSPACE/DATASETS/CodecFake/train/F05_SSB02410342.wav,5
/USERSPACE/DATASETS/CodecFake/train/F05_SSB04700286.wav,5
/USERSPACE/DATASETS/CodecFake/train/F05_SSB02870113.wav,5
/USERSPACE/DATASETS/CodecFake/train/F05_SSB05440206.wav,5
/USERSPACE/DATASETS/CodecFake/train/F05_SSB01450193.wav,5
/USERSPACE/DATASETS/CodecFake/train/F05_SSB16860135.wav,5
/USERSPACE/DATASETS/CodecFake/train/F05_p360_084.wav,5
/USERSPACE/DATASETS/CodecFake/train/F05_p333_086.wav,5
/USERSPACE/DATASETS/CodecFake/train/F05_p308_110.wav,5
/USERSPACE/DATASETS/CodecFake/train/F05_SSB06660245.wav,5
/USERSPACE/DATASETS/CodecFake/train/F05_SSB13220002.wav,5
/USERSPACE/DATASETS/CodecFake/train/F05_SSB05020409.wav,5
/USERSPACE/DATASETS/CodecFake/train/F05_SSB16500394.wav,5
/USERSPACE/DATASETS/CodecFake/train/F05_SSB05780153.wav,5
/USERSPACE/DATASETS/CodecFake/train/F05_SSB05780119.wav,5
/USERSPACE/DATASETS/CodecFake/train/F05_p236_448.wav,5
/USERSPACE/DATASETS/CodecFake/train/F05_SSB07230117.wav,5
/USERSPACE/DATASETS/CodecFake/train/F05_SSB07620249.wav,5
/USERSPACE/DATASETS/CodecFake/train/F05_SSB06710456.wav,5
/USERSPACE/DATASETS/CodecFake/train/F05_p313_301.wav,5
/USERSPACE/DATASETS/CodecFake/train/F05_p304_326.wav,5
/USERSPACE/DATASETS/CodecFake/train/F05_SSB10640496.wav,5
/USERSPACE/DATASETS/CodecFake/train/F05_SSB07110486.wav,5
/USERSPACE/DATASETS/CodecFake/train/F05_SSB10000305.wav,5
/USERSPACE/DATASETS/CodecFake/train/F05_SSB07940140.wav,5
/USERSPACE/DATASETS/CodecFake/train/F05_SSB15630248.wav,5
/USERSPACE/DATASETS/CodecFake/train/F05_SSB02460464.wav,5
/USERSPACE/DATASETS/CodecFake/train/F05_SSB07480179.wav,5
/USERSPACE/DATASETS/CodecFake/train/F05_p313_285.wav,5
/USERSPACE/DATASETS/CodecFake/train/F05_SSB02990166.wav,5
/USERSPACE/DATASETS/CodecFake/train/F05_SSB03230239.wav,5
/USERSPACE/DATASETS/CodecFake/train/F05_SSB16070445.wav,5
/USERSPACE/DATASETS/CodecFake/train/F05_SSB13770169.wav,5
/USERSPACE/DATASETS/CodecFake/train/F05_SSB03070193.wav,5
/USERSPACE/DATASETS/CodecFake/train/F05_SSB11970222.wav,5
/USERSPACE/DATASETS/CodecFake/train/F05_SSB05440243.wav,5
/USERSPACE/DATASETS/CodecFake/train/F05_p238_408.wav,5
/USERSPACE/DATASETS/CodecFake/train/F05_SSB07600432.wav,5
/USERSPACE/DATASETS/CodecFake/train/F05_SSB07160494.wav,5
/USERSPACE/DATASETS/CodecFake/train/F05_SSB05780381.wav,5
/USERSPACE/DATASETS/CodecFake/train/F05_SSB13400231.wav,5
/USERSPACE/DATASETS/CodecFake/train/F05_p304_127.wav,5
/USERSPACE/DATASETS/CodecFake/train/F05_p254_368.wav,5
/USERSPACE/DATASETS/CodecFake/train/F05_p306_336.wav,5
/USERSPACE/DATASETS/CodecFake/train/F05_p323_081.wav,5
/USERSPACE/DATASETS/CodecFake/train/F05_SSB01220382.wav,5
/USERSPACE/DATASETS/CodecFake/train/F05_p249_028.wav,5
/USERSPACE/DATASETS/CodecFake/train/F05_p267_300.wav,5
/USERSPACE/DATASETS/CodecFake/train/F05_SSB05990452.wav,5
/USERSPACE/DATASETS/CodecFake/train/F05_SSB18100229.wav,5
/USERSPACE/DATASETS/CodecFake/train/F05_p295_042.wav,5
/USERSPACE/DATASETS/CodecFake/train/F05_p376_183.wav,5
/USERSPACE/DATASETS/CodecFake/train/F05_p280_303.wav,5
/USERSPACE/DATASETS/CodecFake/train/F05_p239_262.wav,5
/USERSPACE/DATASETS/CodecFake/train/F05_SSB18630430.wav,5
/USERSPACE/DATASETS/CodecFake/train/F05_SSB16860033.wav,5
/USERSPACE/DATASETS/CodecFake/train/F05_SSB09350185.wav,5
/USERSPACE/DATASETS/CodecFake/train/F05_SSB10010504.wav,5
/USERSPACE/DATASETS/CodecFake/train/F05_SSB11150423.wav,5
/USERSPACE/DATASETS/CodecFake/train/F05_SSB17390403.wav,5
/USERSPACE/DATASETS/CodecFake/train/F05_SSB06290142.wav,5
/USERSPACE/DATASETS/CodecFake/train/F05_SSB04700306.wav,5
/USERSPACE/DATASETS/CodecFake/train/F05_p339_356.wav,5
/USERSPACE/DATASETS/CodecFake/train/F05_SSB01450383.wav,5
/USERSPACE/DATASETS/CodecFake/train/F05_p252_079.wav,5
/USERSPACE/DATASETS/CodecFake/train/F05_p316_227.wav,5
/USERSPACE/DATASETS/CodecFake/train/F05_SSB12530200.wav,5
/USERSPACE/DATASETS/CodecFake/train/F05_SSB03380008.wav,5
/USERSPACE/DATASETS/CodecFake/train/F05_p335_244.wav,5
/USERSPACE/DATASETS/CodecFake/train/F05_SSB12160092.wav,5
/USERSPACE/DATASETS/CodecFake/train/F05_p341_316.wav,5
/USERSPACE/DATASETS/CodecFake/train/F05_p311_191.wav,5
/USERSPACE/DATASETS/CodecFake/train/F05_SSB07160362.wav,5
/USERSPACE/DATASETS/CodecFake/train/F05_SSB12150142.wav,5
/USERSPACE/DATASETS/CodecFake/train/F05_SSB10500210.wav,5
/USERSPACE/DATASETS/CodecFake/train/F05_SSB16700091.wav,5
/USERSPACE/DATASETS/CodecFake/train/F05_SSB01930278.wav,5
/USERSPACE/DATASETS/CodecFake/train/F05_SSB13820212.wav,5
/USERSPACE/DATASETS/CodecFake/train/F05_SSB00050248.wav,5
/USERSPACE/DATASETS/CodecFake/train/F05_SSB15930338.wav,5
/USERSPACE/DATASETS/CodecFake/train/F05_p280_173.wav,5
/USERSPACE/DATASETS/CodecFake/train/F05_SSB13020403.wav,5
/USERSPACE/DATASETS/CodecFake/train/F05_SSB04820301.wav,5
/USERSPACE/DATASETS/CodecFake/train/F05_SSB13930369.wav,5
/USERSPACE/DATASETS/CodecFake/train/F05_SSB18370207.wav,5
/USERSPACE/DATASETS/CodecFake/train/F05_p329_092.wav,5
/USERSPACE/DATASETS/CodecFake/train/F05_SSB11260055.wav,5
/USERSPACE/DATASETS/CodecFake/train/F05_SSB09870302.wav,5
/USERSPACE/DATASETS/CodecFake/train/F05_SSB04820401.wav,5
/USERSPACE/DATASETS/CodecFake/train/F05_SSB01490027.wav,5
/USERSPACE/DATASETS/CodecFake/train/F05_SSB07370218.wav,5
/USERSPACE/DATASETS/CodecFake/train/F05_SSB13930275.wav,5
/USERSPACE/DATASETS/CodecFake/train/F05_SSB07580233.wav,5
/USERSPACE/DATASETS/CodecFake/train/F05_p231_309.wav,5
/USERSPACE/DATASETS/CodecFake/train/F05_p256_054.wav,5
/USERSPACE/DATASETS/CodecFake/train/F05_SSB03380415.wav,5
/USERSPACE/DATASETS/CodecFake/train/F05_SSB10020245.wav,5
/USERSPACE/DATASETS/CodecFake/train/F05_SSB03850118.wav,5
/USERSPACE/DATASETS/CodecFake/train/F05_p297_406.wav,5
/USERSPACE/DATASETS/CodecFake/train/F05_SSB07780486.wav,5
/USERSPACE/DATASETS/CodecFake/train/F05_SSB06660053.wav,5
/USERSPACE/DATASETS/CodecFake/train/F05_SSB03540100.wav,5
/USERSPACE/DATASETS/CodecFake/train/F05_SSB13770227.wav,5
/USERSPACE/DATASETS/CodecFake/train/F05_SSB13400066.wav,5
/USERSPACE/DATASETS/CodecFake/train/F05_SSB03230058.wav,5
/USERSPACE/DATASETS/CodecFake/train/F05_SSB00730005.wav,5
/USERSPACE/DATASETS/CodecFake/train/F05_SSB08870244.wav,5
/USERSPACE/DATASETS/CodecFake/train/F05_p361_191.wav,5
/USERSPACE/DATASETS/CodecFake/train/F05_SSB03070336.wav,5
/USERSPACE/DATASETS/CodecFake/train/F05_p360_266.wav,5
/USERSPACE/DATASETS/CodecFake/train/F05_SSB04270159.wav,5
/USERSPACE/DATASETS/CodecFake/train/F05_p316_382.wav,5
/USERSPACE/DATASETS/CodecFake/train/F05_p268_185.wav,5
/USERSPACE/DATASETS/CodecFake/train/F05_SSB07800162.wav,5
/USERSPACE/DATASETS/CodecFake/train/F05_p253_221.wav,5
/USERSPACE/DATASETS/CodecFake/train/F05_SSB07510035.wav,5
/USERSPACE/DATASETS/CodecFake/train/F05_SSB07480142.wav,5
/USERSPACE/DATASETS/CodecFake/train/F05_p269_314.wav,5
/USERSPACE/DATASETS/CodecFake/train/F05_SSB10240419.wav,5
/USERSPACE/DATASETS/CodecFake/train/F05_SSB08510156.wav,5
/USERSPACE/DATASETS/CodecFake/train/F05_SSB09970106.wav,5
/USERSPACE/DATASETS/CodecFake/train/F05_SSB10200133.wav,5
/USERSPACE/DATASETS/CodecFake/train/F05_SSB02460373.wav,5
/USERSPACE/DATASETS/CodecFake/train/F05_SSB01450463.wav,5
/USERSPACE/DATASETS/CodecFake/train/F05_p262_041.wav,5
/USERSPACE/DATASETS/CodecFake/train/F05_p311_291.wav,5
/USERSPACE/DATASETS/CodecFake/train/F05_p262_218.wav,5
/USERSPACE/DATASETS/CodecFake/train/F05_SSB07860409.wav,5
/USERSPACE/DATASETS/CodecFake/train/F05_SSB00430046.wav,5
/USERSPACE/DATASETS/CodecFake/train/F05_SSB07840208.wav,5
/USERSPACE/DATASETS/CodecFake/train/F05_SSB10000045.wav,5
/USERSPACE/DATASETS/CodecFake/train/F05_SSB18320272.wav,5
/USERSPACE/DATASETS/CodecFake/train/F05_SSB07000248.wav,5
/USERSPACE/DATASETS/CodecFake/train/F05_SSB08510116.wav,5
/USERSPACE/DATASETS/CodecFake/train/F05_SSB00110206.wav,5
/USERSPACE/DATASETS/CodecFake/train/F05_SSB13820466.wav,5
/USERSPACE/DATASETS/CodecFake/train/F05_SSB04260135.wav,5
/USERSPACE/DATASETS/CodecFake/train/F05_SSB03850399.wav,5
/USERSPACE/DATASETS/CodecFake/train/F05_SSB16990127.wav,5
/USERSPACE/DATASETS/CodecFake/train/F05_SSB10080233.wav,5
/USERSPACE/DATASETS/CodecFake/train/F05_SSB02730150.wav,5
/USERSPACE/DATASETS/CodecFake/train/F05_p285_144.wav,5
/USERSPACE/DATASETS/CodecFake/train/F05_p347_100.wav,5
/USERSPACE/DATASETS/CodecFake/train/F05_SSB03820447.wav,5
/USERSPACE/DATASETS/CodecFake/train/F05_SSB11150412.wav,5
/USERSPACE/DATASETS/CodecFake/train/F05_SSB18460210.wav,5
/USERSPACE/DATASETS/CodecFake/train/F05_SSB13920297.wav,5
/USERSPACE/DATASETS/CodecFake/train/F05_SSB12040134.wav,5
/USERSPACE/DATASETS/CodecFake/train/F05_SSB04270232.wav,5
/USERSPACE/DATASETS/CodecFake/train/F05_p264_373.wav,5
/USERSPACE/DATASETS/CodecFake/train/F05_SSB07100074.wav,5
/USERSPACE/DATASETS/CodecFake/train/F05_p299_073.wav,5
/USERSPACE/DATASETS/CodecFake/train/F05_p271_374.wav,5
/USERSPACE/DATASETS/CodecFake/train/F05_p226_091.wav,5
/USERSPACE/DATASETS/CodecFake/train/F05_p245_247.wav,5
/USERSPACE/DATASETS/CodecFake/train/F05_SSB07370018.wav,5
/USERSPACE/DATASETS/CodecFake/train/F05_SSB13200359.wav,5
/USERSPACE/DATASETS/CodecFake/train/F05_SSB03420397.wav,5
/USERSPACE/DATASETS/CodecFake/train/F05_SSB10200394.wav,5
/USERSPACE/DATASETS/CodecFake/train/F05_p234_234.wav,5
/USERSPACE/DATASETS/CodecFake/train/F05_SSB09930141.wav,5
/USERSPACE/DATASETS/CodecFake/train/F05_SSB03150466.wav,5
/USERSPACE/DATASETS/CodecFake/train/F05_p259_437.wav,5
/USERSPACE/DATASETS/CodecFake/train/F05_p347_282.wav,5
/USERSPACE/DATASETS/CodecFake/train/F05_SSB11970401.wav,5
/USERSPACE/DATASETS/CodecFake/train/F05_SSB18720462.wav,5
/USERSPACE/DATASETS/CodecFake/train/F05_SSB10560444.wav,5
/USERSPACE/DATASETS/CodecFake/train/F05_SSB07230461.wav,5
/USERSPACE/DATASETS/CodecFake/train/F05_SSB00120375.wav,5
/USERSPACE/DATASETS/CodecFake/train/F05_p264_265.wav,5
/USERSPACE/DATASETS/CodecFake/train/F05_SSB07580443.wav,5
/USERSPACE/DATASETS/CodecFake/train/F05_SSB00160452.wav,5
/USERSPACE/DATASETS/CodecFake/train/F05_SSB00180107.wav,5
/USERSPACE/DATASETS/CodecFake/train/F05_p243_008.wav,5
/USERSPACE/DATASETS/CodecFake/train/F05_SSB12180056.wav,5
/USERSPACE/DATASETS/CodecFake/train/F05_SSB02460013.wav,5
/USERSPACE/DATASETS/CodecFake/train/F05_p248_280.wav,5
/USERSPACE/DATASETS/CodecFake/train/F05_SSB00430310.wav,5
/USERSPACE/DATASETS/CodecFake/train/F05_SSB09350220.wav,5
/USERSPACE/DATASETS/CodecFake/train/F05_SSB05390156.wav,5
/USERSPACE/DATASETS/CodecFake/train/F05_SSB02880240.wav,5
/USERSPACE/DATASETS/CodecFake/train/F05_SSB04150076.wav,5
/USERSPACE/DATASETS/CodecFake/train/F05_p275_299.wav,5
/USERSPACE/DATASETS/CodecFake/train/F05_SSB05940379.wav,5
/USERSPACE/DATASETS/CodecFake/train/F05_SSB00090324.wav,5
/USERSPACE/DATASETS/CodecFake/train/F05_p252_348.wav,5
/USERSPACE/DATASETS/CodecFake/train/F05_SSB00110332.wav,5
/USERSPACE/DATASETS/CodecFake/train/F05_p277_232.wav,5
/USERSPACE/DATASETS/CodecFake/train/F05_SSB00330358.wav,5
/USERSPACE/DATASETS/CodecFake/train/F05_p276_257.wav,5
/USERSPACE/DATASETS/CodecFake/train/F05_p233_352.wav,5
/USERSPACE/DATASETS/CodecFake/train/F05_SSB01330145.wav,5
/USERSPACE/DATASETS/CodecFake/train/F05_SSB07160263.wav,5
/USERSPACE/DATASETS/CodecFake/train/F05_SSB13200306.wav,5
/USERSPACE/DATASETS/CodecFake/train/F05_p343_274.wav,5
/USERSPACE/DATASETS/CodecFake/train/F05_SSB00160408.wav,5
/USERSPACE/DATASETS/CodecFake/train/F05_SSB02610225.wav,5
/USERSPACE/DATASETS/CodecFake/train/F05_SSB00730055.wav,5
/USERSPACE/DATASETS/CodecFake/train/F05_SSB07800480.wav,5
/USERSPACE/DATASETS/CodecFake/train/F05_p330_089.wav,5
/USERSPACE/DATASETS/CodecFake/train/F05_SSB15630197.wav,5
/USERSPACE/DATASETS/CodecFake/train/F05_SSB02730251.wav,5
/USERSPACE/DATASETS/CodecFake/train/F05_p345_261.wav,5
/USERSPACE/DATASETS/CodecFake/train/F05_SSB02000022.wav,5
/USERSPACE/DATASETS/CodecFake/train/F05_SSB03410309.wav,5
/USERSPACE/DATASETS/CodecFake/train/F05_SSB02880343.wav,5
/USERSPACE/DATASETS/CodecFake/train/F05_SSB02000118.wav,5
/USERSPACE/DATASETS/CodecFake/train/F05_p259_163.wav,5
/USERSPACE/DATASETS/CodecFake/train/F05_p271_355.wav,5
/USERSPACE/DATASETS/CodecFake/train/F05_SSB04820169.wav,5
/USERSPACE/DATASETS/CodecFake/train/F05_SSB04270392.wav,5
/USERSPACE/DATASETS/CodecFake/train/F05_p299_119.wav,5
/USERSPACE/DATASETS/CodecFake/train/F05_SSB01970280.wav,5
/USERSPACE/DATASETS/CodecFake/train/F05_SSB02460276.wav,5
/USERSPACE/DATASETS/CodecFake/train/F05_SSB02870180.wav,5
/USERSPACE/DATASETS/CodecFake/train/F05_SSB19390147.wav,5
/USERSPACE/DATASETS/CodecFake/train/F05_SSB05940279.wav,5
/USERSPACE/DATASETS/CodecFake/train/F05_SSB03800162.wav,5
/USERSPACE/DATASETS/CodecFake/train/F05_p374_392.wav,5
/USERSPACE/DATASETS/CodecFake/train/F05_SSB11150092.wav,5
/USERSPACE/DATASETS/CodecFake/train/F05_p294_006.wav,5
/USERSPACE/DATASETS/CodecFake/train/F05_p266_402.wav,5
/USERSPACE/DATASETS/CodecFake/train/F05_SSB06660097.wav,5
/USERSPACE/DATASETS/CodecFake/train/F05_p305_211.wav,5
/USERSPACE/DATASETS/CodecFake/train/F05_SSB18060360.wav,5
/USERSPACE/DATASETS/CodecFake/train/F05_SSB16500243.wav,5
/USERSPACE/DATASETS/CodecFake/train/F05_SSB16240082.wav,5
/USERSPACE/DATASETS/CodecFake/train/F05_p292_034.wav,5
/USERSPACE/DATASETS/CodecFake/train/F05_p266_394.wav,5
/USERSPACE/DATASETS/CodecFake/train/F05_p299_162.wav,5
/USERSPACE/DATASETS/CodecFake/train/F05_SSB12390337.wav,5
/USERSPACE/DATASETS/CodecFake/train/F05_SSB07580234.wav,5
/USERSPACE/DATASETS/CodecFake/train/F05_p263_191.wav,5
/USERSPACE/DATASETS/CodecFake/train/F05_SSB03950044.wav,5
/USERSPACE/DATASETS/CodecFake/train/F05_p281_374.wav,5
/USERSPACE/DATASETS/CodecFake/train/F05_p275_182.wav,5
/USERSPACE/DATASETS/CodecFake/train/F05_SSB03380048.wav,5
/USERSPACE/DATASETS/CodecFake/train/F05_SSB09130002.wav,5
/USERSPACE/DATASETS/CodecFake/train/F05_SSB03850242.wav,5
/USERSPACE/DATASETS/CodecFake/train/F05_SSB08710251.wav,5
/USERSPACE/DATASETS/CodecFake/train/F05_SSB18060453.wav,5
/USERSPACE/DATASETS/CodecFake/train/F05_p246_259.wav,5
/USERSPACE/DATASETS/CodecFake/train/F05_SSB09970242.wav,5
/USERSPACE/DATASETS/CodecFake/train/F05_SSB14020207.wav,5
/USERSPACE/DATASETS/CodecFake/train/F05_p246_063.wav,5
/USERSPACE/DATASETS/CodecFake/train/F05_SSB14480386.wav,5
/USERSPACE/DATASETS/CodecFake/train/F05_p241_296.wav,5
/USERSPACE/DATASETS/CodecFake/train/F05_p316_291.wav,5
/USERSPACE/DATASETS/CodecFake/train/F05_SSB10550223.wav,5
/USERSPACE/DATASETS/CodecFake/train/F05_SSB10000155.wav,5
/USERSPACE/DATASETS/CodecFake/train/F05_SSB17110352.wav,5
/USERSPACE/DATASETS/CodecFake/train/F05_p239_155.wav,5
/USERSPACE/DATASETS/CodecFake/train/F05_SSB07490412.wav,5
/USERSPACE/DATASETS/CodecFake/train/F05_SSB03540008.wav,5
/USERSPACE/DATASETS/CodecFake/train/F05_SSB06070210.wav,5
/USERSPACE/DATASETS/CodecFake/train/F05_p343_391.wav,5
/USERSPACE/DATASETS/CodecFake/train/F05_p362_303.wav,5
/USERSPACE/DATASETS/CodecFake/train/F05_SSB05340435.wav,5
/USERSPACE/DATASETS/CodecFake/train/F05_SSB18630191.wav,5
/USERSPACE/DATASETS/CodecFake/train/F05_p280_038.wav,5
/USERSPACE/DATASETS/CodecFake/train/F05_SSB05390507.wav,5
/USERSPACE/DATASETS/CodecFake/train/F05_p297_017.wav,5
/USERSPACE/DATASETS/CodecFake/train/F05_p287_205.wav,5
/USERSPACE/DATASETS/CodecFake/train/F05_p285_240.wav,5
/USERSPACE/DATASETS/CodecFake/train/F05_SSB07200399.wav,5
/USERSPACE/DATASETS/CodecFake/train/F05_SSB14020065.wav,5
/USERSPACE/DATASETS/CodecFake/train/F05_SSB03230454.wav,5
/USERSPACE/DATASETS/CodecFake/train/F05_SSB11150460.wav,5
/USERSPACE/DATASETS/CodecFake/train/F05_p334_186.wav,5
/USERSPACE/DATASETS/CodecFake/train/F05_SSB17810220.wav,5
/USERSPACE/DATASETS/CodecFake/train/F05_SSB05340433.wav,5
/USERSPACE/DATASETS/CodecFake/train/F05_SSB00800125.wav,5
/USERSPACE/DATASETS/CodecFake/train/F05_SSB12740323.wav,5
/USERSPACE/DATASETS/CodecFake/train/F05_SSB19020050.wav,5
/USERSPACE/DATASETS/CodecFake/train/F05_SSB10720214.wav,5
/USERSPACE/DATASETS/CodecFake/train/F05_SSB10960069.wav,5
/USERSPACE/DATASETS/CodecFake/train/F05_SSB07370051.wav,5
/USERSPACE/DATASETS/CodecFake/train/F05_SSB19020215.wav,5
/USERSPACE/DATASETS/CodecFake/train/F05_p341_269.wav,5
/USERSPACE/DATASETS/CodecFake/train/F05_SSB03150474.wav,5
/USERSPACE/DATASETS/CodecFake/train/F05_p286_468.wav,5
/USERSPACE/DATASETS/CodecFake/train/F05_SSB02870007.wav,5
/USERSPACE/DATASETS/CodecFake/train/F05_SSB10500243.wav,5
/USERSPACE/DATASETS/CodecFake/train/F05_p292_313.wav,5
/USERSPACE/DATASETS/CodecFake/train/F05_SSB07200011.wav,5
/USERSPACE/DATASETS/CodecFake/train/F05_p339_260.wav,5
/USERSPACE/DATASETS/CodecFake/train/F05_p305_044.wav,5
/USERSPACE/DATASETS/CodecFake/train/F05_SSB15750163.wav,5
/USERSPACE/DATASETS/CodecFake/train/F05_p244_240.wav,5
/USERSPACE/DATASETS/CodecFake/train/F05_SSB04700351.wav,5
/USERSPACE/DATASETS/CodecFake/train/F05_p347_066.wav,5
/USERSPACE/DATASETS/CodecFake/train/F05_SSB07460038.wav,5
/USERSPACE/DATASETS/CodecFake/train/F05_p238_269.wav,5
/USERSPACE/DATASETS/CodecFake/train/F05_SSB19020125.wav,5
/USERSPACE/DATASETS/CodecFake/train/F05_SSB07160057.wav,5
/USERSPACE/DATASETS/CodecFake/train/F05_SSB00120247.wav,5
/USERSPACE/DATASETS/CodecFake/train/F05_SSB00800151.wav,5
/USERSPACE/DATASETS/CodecFake/train/F05_SSB07370087.wav,5
/USERSPACE/DATASETS/CodecFake/train/F05_SSB09930278.wav,5
/USERSPACE/DATASETS/CodecFake/train/F05_SSB19560212.wav,5
/USERSPACE/DATASETS/CodecFake/train/F05_p269_123.wav,5
/USERSPACE/DATASETS/CodecFake/train/F05_p304_075.wav,5
/USERSPACE/DATASETS/CodecFake/train/F05_SSB11380114.wav,5
/USERSPACE/DATASETS/CodecFake/train/F05_SSB06320296.wav,5
/USERSPACE/DATASETS/CodecFake/train/F05_p312_230.wav,5
/USERSPACE/DATASETS/CodecFake/train/F05_SSB10500162.wav,5
/USERSPACE/DATASETS/CodecFake/train/F05_SSB07370328.wav,5
/USERSPACE/DATASETS/CodecFake/train/F05_SSB13820280.wav,5
/USERSPACE/DATASETS/CodecFake/train/F05_SSB18060343.wav,5
/USERSPACE/DATASETS/CodecFake/train/F05_SSB06070248.wav,5
/USERSPACE/DATASETS/CodecFake/train/F05_SSB01220213.wav,5
/USERSPACE/DATASETS/CodecFake/train/F05_p250_423.wav,5
/USERSPACE/DATASETS/CodecFake/train/F05_SSB12160389.wav,5
/USERSPACE/DATASETS/CodecFake/train/F05_SSB00800320.wav,5
/USERSPACE/DATASETS/CodecFake/train/F05_p316_226.wav,5
/USERSPACE/DATASETS/CodecFake/train/F05_p266_273.wav,5
/USERSPACE/DATASETS/CodecFake/train/F05_SSB04070188.wav,5
/USERSPACE/DATASETS/CodecFake/train/F05_SSB01390095.wav,5
/USERSPACE/DATASETS/CodecFake/train/F05_p333_305.wav,5
/USERSPACE/DATASETS/CodecFake/train/F05_SSB11080420.wav,5
/USERSPACE/DATASETS/CodecFake/train/F05_p294_399.wav,5
/USERSPACE/DATASETS/CodecFake/train/F05_p234_134.wav,5
/USERSPACE/DATASETS/CodecFake/train/F05_SSB16240057.wav,5
/USERSPACE/DATASETS/CodecFake/train/F05_SSB13410064.wav,5
/USERSPACE/DATASETS/CodecFake/train/F05_p276_157.wav,5
/USERSPACE/DATASETS/CodecFake/train/F05_p264_395.wav,5
/USERSPACE/DATASETS/CodecFake/train/F05_SSB07800420.wav,5
/USERSPACE/DATASETS/CodecFake/train/F05_SSB18720299.wav,5
/USERSPACE/DATASETS/CodecFake/train/F05_SSB01120050.wav,5
/USERSPACE/DATASETS/CodecFake/train/F05_p316_357.wav,5
/USERSPACE/DATASETS/CodecFake/train/F05_p259_202.wav,5
/USERSPACE/DATASETS/CodecFake/train/F05_SSB04070149.wav,5
/USERSPACE/DATASETS/CodecFake/train/F05_SSB02880234.wav,5
/USERSPACE/DATASETS/CodecFake/train/F05_SSB18720333.wav,5
/USERSPACE/DATASETS/CodecFake/train/F05_SSB07000109.wav,5
/USERSPACE/DATASETS/CodecFake/train/F05_SSB18630058.wav,5
/USERSPACE/DATASETS/CodecFake/train/F05_p257_008.wav,5
/USERSPACE/DATASETS/CodecFake/train/F05_SSB07100237.wav,5
/USERSPACE/DATASETS/CodecFake/train/F05_SSB04270267.wav,5
/USERSPACE/DATASETS/CodecFake/train/F05_SSB01390491.wav,5
/USERSPACE/DATASETS/CodecFake/train/F05_SSB16500321.wav,5
/USERSPACE/DATASETS/CodecFake/train/F05_SSB12210124.wav,5
/USERSPACE/DATASETS/CodecFake/train/F05_SSB07510270.wav,5
/USERSPACE/DATASETS/CodecFake/train/F05_SSB07360356.wav,5
/USERSPACE/DATASETS/CodecFake/train/F05_p259_149.wav,5
/USERSPACE/DATASETS/CodecFake/train/F05_p285_367.wav,5
/USERSPACE/DATASETS/CodecFake/train/F05_SSB19180403.wav,5
/USERSPACE/DATASETS/CodecFake/train/F05_SSB00730178.wav,5
/USERSPACE/DATASETS/CodecFake/train/F05_SSB07800046.wav,5
/USERSPACE/DATASETS/CodecFake/train/F05_p336_253.wav,5
/USERSPACE/DATASETS/CodecFake/train/F05_SSB10720486.wav,5
/USERSPACE/DATASETS/CodecFake/train/F05_SSB02880225.wav,5
/USERSPACE/DATASETS/CodecFake/train/F05_p240_113.wav,5
/USERSPACE/DATASETS/CodecFake/train/F05_SSB18100126.wav,5
/USERSPACE/DATASETS/CodecFake/train/F05_p229_284.wav,5
/USERSPACE/DATASETS/CodecFake/train/F05_SSB11250046.wav,5
/USERSPACE/DATASETS/CodecFake/train/F05_p374_132.wav,5
/USERSPACE/DATASETS/CodecFake/train/F05_SSB06680118.wav,5
/USERSPACE/DATASETS/CodecFake/train/F05_SSB05900207.wav,5
/USERSPACE/DATASETS/CodecFake/train/F05_p273_159.wav,5
/USERSPACE/DATASETS/CodecFake/train/F05_p227_245.wav,5
/USERSPACE/DATASETS/CodecFake/train/F05_p288_402.wav,5
/USERSPACE/DATASETS/CodecFake/train/F05_p313_349.wav,5
/USERSPACE/DATASETS/CodecFake/train/F05_SSB18780323.wav,5
/USERSPACE/DATASETS/CodecFake/train/F05_p310_320.wav,5
/USERSPACE/DATASETS/CodecFake/train/F05_p293_072.wav,5
/USERSPACE/DATASETS/CodecFake/train/F05_p245_095.wav,5
/USERSPACE/DATASETS/CodecFake/train/F05_SSB03090205.wav,5
/USERSPACE/DATASETS/CodecFake/train/F05_SSB18630337.wav,5
/USERSPACE/DATASETS/CodecFake/train/F05_SSB11260469.wav,5
/USERSPACE/DATASETS/CodecFake/train/F05_SSB00800342.wav,5
/USERSPACE/DATASETS/CodecFake/train/F05_SSB01970217.wav,5
/USERSPACE/DATASETS/CodecFake/train/F05_p230_299.wav,5
/USERSPACE/DATASETS/CodecFake/train/F05_SSB19020109.wav,5
/USERSPACE/DATASETS/CodecFake/train/F05_p310_213.wav,5
/USERSPACE/DATASETS/CodecFake/train/F05_SSB11610271.wav,5
/USERSPACE/DATASETS/CodecFake/train/F05_SSB07100291.wav,5
/USERSPACE/DATASETS/CodecFake/train/F05_p264_406.wav,5
/USERSPACE/DATASETS/CodecFake/train/F05_p345_391.wav,5
/USERSPACE/DATASETS/CodecFake/train/F05_p241_089.wav,5
/USERSPACE/DATASETS/CodecFake/train/F05_SSB07860406.wav,5
/USERSPACE/DATASETS/CodecFake/train/F05_SSB11970387.wav,5
/USERSPACE/DATASETS/CodecFake/train/F05_p285_154.wav,5
/USERSPACE/DATASETS/CodecFake/train/F05_SSB11760173.wav,5
/USERSPACE/DATASETS/CodecFake/train/F05_SSB06070235.wav,5
/USERSPACE/DATASETS/CodecFake/train/F05_SSB03800295.wav,5
/USERSPACE/DATASETS/CodecFake/train/F05_SSB06230065.wav,5
/USERSPACE/DATASETS/CodecFake/train/F05_SSB07600084.wav,5
/USERSPACE/DATASETS/CodecFake/train/F05_SSB15850221.wav,5
/USERSPACE/DATASETS/CodecFake/train/F05_SSB02870450.wav,5
/USERSPACE/DATASETS/CodecFake/train/F05_SSB03160215.wav,5
/USERSPACE/DATASETS/CodecFake/train/F05_SSB07170392.wav,5
/USERSPACE/DATASETS/CodecFake/train/F05_p251_208.wav,5
/USERSPACE/DATASETS/CodecFake/train/F05_SSB05700389.wav,5
/USERSPACE/DATASETS/CodecFake/train/F05_p257_377.wav,5
/USERSPACE/DATASETS/CodecFake/train/F05_SSB05390450.wav,5
/USERSPACE/DATASETS/CodecFake/train/F05_SSB11360202.wav,5
/USERSPACE/DATASETS/CodecFake/train/F05_SSB18320296.wav,5
/USERSPACE/DATASETS/CodecFake/train/F05_SSB11250099.wav,5
/USERSPACE/DATASETS/CodecFake/train/F05_SSB02000223.wav,5
/USERSPACE/DATASETS/CodecFake/train/F05_SSB15550312.wav,5
/USERSPACE/DATASETS/CodecFake/train/F05_SSB00730396.wav,5
/USERSPACE/DATASETS/CodecFake/train/F05_SSB03940277.wav,5
/USERSPACE/DATASETS/CodecFake/train/F05_p276_021.wav,5
/USERSPACE/DATASETS/CodecFake/train/F05_SSB06290324.wav,5
/USERSPACE/DATASETS/CodecFake/train/F05_SSB02870380.wav,5
/USERSPACE/DATASETS/CodecFake/train/F05_SSB10720321.wav,5
/USERSPACE/DATASETS/CodecFake/train/F05_SSB13220108.wav,5
/USERSPACE/DATASETS/CodecFake/train/F05_SSB03390112.wav,5
/USERSPACE/DATASETS/CodecFake/train/F05_p260_247.wav,5
/USERSPACE/DATASETS/CodecFake/train/F05_SSB07860111.wav,5
/USERSPACE/DATASETS/CodecFake/train/F05_p326_175.wav,5
/USERSPACE/DATASETS/CodecFake/train/F05_p340_206.wav,5
/USERSPACE/DATASETS/CodecFake/train/F05_SSB02610156.wav,5
/USERSPACE/DATASETS/CodecFake/train/F05_p267_051.wav,5
/USERSPACE/DATASETS/CodecFake/train/F05_p313_284.wav,5
/USERSPACE/DATASETS/CodecFake/train/F05_SSB04350286.wav,5
/USERSPACE/DATASETS/CodecFake/train/F05_p313_281.wav,5
/USERSPACE/DATASETS/CodecFake/train/F05_SSB11150018.wav,5
/USERSPACE/DATASETS/CodecFake/train/F05_SSB07860272.wav,5
/USERSPACE/DATASETS/CodecFake/train/F05_SSB13280150.wav,5
/USERSPACE/DATASETS/CodecFake/train/F05_p227_294.wav,5
/USERSPACE/DATASETS/CodecFake/train/F05_p310_010.wav,5
/USERSPACE/DATASETS/CodecFake/train/F05_SSB03660122.wav,5
/USERSPACE/DATASETS/CodecFake/train/F05_SSB13770139.wav,5
/USERSPACE/DATASETS/CodecFake/train/F05_SSB07510337.wav,5
/USERSPACE/DATASETS/CodecFake/train/F05_SSB17110332.wav,5
/USERSPACE/DATASETS/CodecFake/train/F05_p273_305.wav,5
/USERSPACE/DATASETS/CodecFake/train/F05_SSB07360018.wav,5
/USERSPACE/DATASETS/CodecFake/train/F05_SSB16240148.wav,5
/USERSPACE/DATASETS/CodecFake/train/F05_SSB17110052.wav,5
/USERSPACE/DATASETS/CodecFake/train/F05_SSB14480391.wav,5
/USERSPACE/DATASETS/CodecFake/train/F05_SSB07200452.wav,5
/USERSPACE/DATASETS/CodecFake/train/F05_SSB00800467.wav,5
/USERSPACE/DATASETS/CodecFake/train/F05_SSB01120466.wav,5
/USERSPACE/DATASETS/CodecFake/train/F05_p272_131.wav,5
/USERSPACE/DATASETS/CodecFake/train/F05_p275_124.wav,5
/USERSPACE/DATASETS/CodecFake/train/F05_SSB08510403.wav,5
/USERSPACE/DATASETS/CodecFake/train/F05_SSB06710102.wav,5
/USERSPACE/DATASETS/CodecFake/train/F05_SSB04340137.wav,5
/USERSPACE/DATASETS/CodecFake/train/F05_SSB03800499.wav,5
/USERSPACE/DATASETS/CodecFake/train/F05_SSB02460313.wav,5
/USERSPACE/DATASETS/CodecFake/train/F05_p246_160.wav,5
/USERSPACE/DATASETS/CodecFake/train/F05_p272_238.wav,5
/USERSPACE/DATASETS/CodecFake/train/F05_p239_164.wav,5
/USERSPACE/DATASETS/CodecFake/train/F05_SSB17110392.wav,5
/USERSPACE/DATASETS/CodecFake/train/F05_p237_216.wav,5
/USERSPACE/DATASETS/CodecFake/train/F05_p362_351.wav,5
/USERSPACE/DATASETS/CodecFake/train/F05_p264_281.wav,5
/USERSPACE/DATASETS/CodecFake/train/F05_SSB03420414.wav,5
/USERSPACE/DATASETS/CodecFake/train/F05_p263_358.wav,5
/USERSPACE/DATASETS/CodecFake/train/F05_SSB08170116.wav,5
/USERSPACE/DATASETS/CodecFake/train/F05_p295_400.wav,5
/USERSPACE/DATASETS/CodecFake/train/F05_SSB07360060.wav,5
/USERSPACE/DATASETS/CodecFake/train/F05_SSB06710133.wav,5
/USERSPACE/DATASETS/CodecFake/train/F05_SSB10240341.wav,5
/USERSPACE/DATASETS/CodecFake/train/F05_SSB01120452.wav,5
/USERSPACE/DATASETS/CodecFake/train/F05_SSB07800490.wav,5
/USERSPACE/DATASETS/CodecFake/train/F05_SSB03930139.wav,5
/USERSPACE/DATASETS/CodecFake/train/F05_SSB04270420.wav,5
/USERSPACE/DATASETS/CodecFake/train/F05_p360_185.wav,5
/USERSPACE/DATASETS/CodecFake/train/F05_SSB13410027.wav,5
/USERSPACE/DATASETS/CodecFake/train/F05_SSB11150088.wav,5
/USERSPACE/DATASETS/CodecFake/train/F05_SSB03930206.wav,5
/USERSPACE/DATASETS/CodecFake/train/F05_SSB18780435.wav,5
/USERSPACE/DATASETS/CodecFake/train/F05_p257_389.wav,5
/USERSPACE/DATASETS/CodecFake/train/F05_SSB13020302.wav,5
/USERSPACE/DATASETS/CodecFake/train/F05_p313_271.wav,5
/USERSPACE/DATASETS/CodecFake/train/F05_p226_253.wav,5
/USERSPACE/DATASETS/CodecFake/train/F05_SSB03160150.wav,5
/USERSPACE/DATASETS/CodecFake/train/F05_SSB00730312.wav,5
/USERSPACE/DATASETS/CodecFake/train/F05_SSB03390432.wav,5
/USERSPACE/DATASETS/CodecFake/train/F05_SSB00800143.wav,5
/USERSPACE/DATASETS/CodecFake/train/F05_p339_308.wav,5
/USERSPACE/DATASETS/CodecFake/train/F05_SSB03820165.wav,5
/USERSPACE/DATASETS/CodecFake/train/F05_p253_017.wav,5
/USERSPACE/DATASETS/CodecFake/train/F05_SSB16500424.wav,5
/USERSPACE/DATASETS/CodecFake/train/F05_SSB18370076.wav,5
/USERSPACE/DATASETS/CodecFake/train/F05_p311_269.wav,5
/USERSPACE/DATASETS/CodecFake/train/F05_SSB03800401.wav,5
/USERSPACE/DATASETS/CodecFake/train/F05_SSB16240201.wav,5
/USERSPACE/DATASETS/CodecFake/train/F05_SSB05700270.wav,5
/USERSPACE/DATASETS/CodecFake/train/F05_SSB11310339.wav,5
/USERSPACE/DATASETS/CodecFake/train/F05_SSB06710114.wav,5
/USERSPACE/DATASETS/CodecFake/train/F05_SSB09350443.wav,5
/USERSPACE/DATASETS/CodecFake/train/F05_p275_134.wav,5
/USERSPACE/DATASETS/CodecFake/train/F05_p304_200.wav,5
/USERSPACE/DATASETS/CodecFake/train/F05_SSB06090447.wav,5
/USERSPACE/DATASETS/CodecFake/train/F05_SSB07460212.wav,5
/USERSPACE/DATASETS/CodecFake/train/F05_SSB06310229.wav,5
/USERSPACE/DATASETS/CodecFake/train/F05_SSB05650413.wav,5
/USERSPACE/DATASETS/CodecFake/train/F05_SSB03150427.wav,5
/USERSPACE/DATASETS/CodecFake/train/F05_p333_148.wav,5
/USERSPACE/DATASETS/CodecFake/train/F05_p282_188.wav,5
/USERSPACE/DATASETS/CodecFake/train/F05_SSB05880265.wav,5
/USERSPACE/DATASETS/CodecFake/train/F05_SSB06030199.wav,5
/USERSPACE/DATASETS/CodecFake/train/F05_SSB18280209.wav,5
/USERSPACE/DATASETS/CodecFake/train/F05_SSB07460434.wav,5
/USERSPACE/DATASETS/CodecFake/train/F05_p286_254.wav,5
/USERSPACE/DATASETS/CodecFake/train/F05_p297_261.wav,5
/USERSPACE/DATASETS/CodecFake/train/F05_SSB05650033.wav,5
/USERSPACE/DATASETS/CodecFake/train/F05_SSB00090272.wav,5
/USERSPACE/DATASETS/CodecFake/train/F05_SSB00050332.wav,5
/USERSPACE/DATASETS/CodecFake/train/F05_SSB07100189.wav,5
/USERSPACE/DATASETS/CodecFake/train/F05_SSB15930212.wav,5
/USERSPACE/DATASETS/CodecFake/train/F05_p311_108.wav,5
/USERSPACE/DATASETS/CodecFake/train/F05_SSB11250452.wav,5
/USERSPACE/DATASETS/CodecFake/train/F05_p335_348.wav,5
/USERSPACE/DATASETS/CodecFake/train/F05_p293_244.wav,5
/USERSPACE/DATASETS/CodecFake/train/F05_SSB16700383.wav,5
/USERSPACE/DATASETS/CodecFake/train/F05_SSB13770065.wav,5
/USERSPACE/DATASETS/CodecFake/train/F05_SSB05880357.wav,5
/USERSPACE/DATASETS/CodecFake/train/F05_SSB03390345.wav,5
/USERSPACE/DATASETS/CodecFake/train/F05_p313_056.wav,5
/USERSPACE/DATASETS/CodecFake/train/F05_SSB13200019.wav,5
/USERSPACE/DATASETS/CodecFake/train/F05_SSB08170461.wav,5
/USERSPACE/DATASETS/CodecFake/train/F05_SSB13990089.wav,5
/USERSPACE/DATASETS/CodecFake/train/F05_p374_114.wav,5
/USERSPACE/DATASETS/CodecFake/train/F05_p339_416.wav,5
/USERSPACE/DATASETS/CodecFake/train/F05_p284_347.wav,5
/USERSPACE/DATASETS/CodecFake/train/F05_SSB00090402.wav,5
/USERSPACE/DATASETS/CodecFake/train/F05_SSB07480274.wav,5
/USERSPACE/DATASETS/CodecFake/train/F05_p307_063.wav,5
/USERSPACE/DATASETS/CodecFake/train/F05_SSB02410161.wav,5
/USERSPACE/DATASETS/CodecFake/train/F05_p340_192.wav,5
/USERSPACE/DATASETS/CodecFake/train/F05_p299_277.wav,5
/USERSPACE/DATASETS/CodecFake/train/F05_p334_315.wav,5
/USERSPACE/DATASETS/CodecFake/train/F05_p280_390.wav,5
/USERSPACE/DATASETS/CodecFake/train/F05_p268_034.wav,5
/USERSPACE/DATASETS/CodecFake/train/F05_SSB03090166.wav,5
/USERSPACE/DATASETS/CodecFake/train/F05_p282_063.wav,5
/USERSPACE/DATASETS/CodecFake/train/F05_SSB07160157.wav,5
/USERSPACE/DATASETS/CodecFake/train/F05_SSB00800458.wav,5
/USERSPACE/DATASETS/CodecFake/train/F05_p275_235.wav,5
/USERSPACE/DATASETS/CodecFake/train/F05_SSB09930202.wav,5
/USERSPACE/DATASETS/CodecFake/train/F05_p361_154.wav,5
/USERSPACE/DATASETS/CodecFake/train/F05_SSB02460116.wav,5
/USERSPACE/DATASETS/CodecFake/train/F05_SSB01450276.wav,5
/USERSPACE/DATASETS/CodecFake/train/F05_p244_181.wav,5
/USERSPACE/DATASETS/CodecFake/train/F05_SSB12190403.wav,5
/USERSPACE/DATASETS/CodecFake/train/F05_SSB01930371.wav,5
/USERSPACE/DATASETS/CodecFake/train/F05_SSB12030194.wav,5
/USERSPACE/DATASETS/CodecFake/train/F05_p226_065.wav,5
/USERSPACE/DATASETS/CodecFake/train/F05_p239_175.wav,5
/USERSPACE/DATASETS/CodecFake/train/F05_SSB03850408.wav,5
/USERSPACE/DATASETS/CodecFake/train/F05_p362_062.wav,5
/USERSPACE/DATASETS/CodecFake/train/F05_SSB16700301.wav,5
/USERSPACE/DATASETS/CodecFake/train/F05_SSB03150080.wav,5
/USERSPACE/DATASETS/CodecFake/train/F05_SSB04350477.wav,5
/USERSPACE/DATASETS/CodecFake/train/F05_SSB14370312.wav,5
/USERSPACE/DATASETS/CodecFake/train/F05_SSB15670440.wav,5
/USERSPACE/DATASETS/CodecFake/train/F05_SSB10550328.wav,5
/USERSPACE/DATASETS/CodecFake/train/F05_p312_150.wav,5
/USERSPACE/DATASETS/CodecFake/train/F05_SSB07840009.wav,5
/USERSPACE/DATASETS/CodecFake/train/F05_p275_328.wav,5
/USERSPACE/DATASETS/CodecFake/train/F05_p283_030.wav,5
/USERSPACE/DATASETS/CodecFake/train/F05_SSB07100015.wav,5
/USERSPACE/DATASETS/CodecFake/train/F05_SSB06010186.wav,5
/USERSPACE/DATASETS/CodecFake/train/F05_SSB00090360.wav,5
/USERSPACE/DATASETS/CodecFake/train/F05_SSB05390104.wav,5
/USERSPACE/DATASETS/CodecFake/train/F05_SSB05340109.wav,5
/USERSPACE/DATASETS/CodecFake/train/F05_p285_276.wav,5
/USERSPACE/DATASETS/CodecFake/train/F05_SSB15670359.wav,5
/USERSPACE/DATASETS/CodecFake/train/F05_SSB18780349.wav,5
/USERSPACE/DATASETS/CodecFake/train/F05_SSB19390100.wav,5
/USERSPACE/DATASETS/CodecFake/train/F05_p236_411.wav,5
/USERSPACE/DATASETS/CodecFake/train/F05_SSB04340420.wav,5
/USERSPACE/DATASETS/CodecFake/train/F05_p362_213.wav,5
/USERSPACE/DATASETS/CodecFake/train/F05_SSB03380105.wav,5
/USERSPACE/DATASETS/CodecFake/train/F05_SSB01450256.wav,5
/USERSPACE/DATASETS/CodecFake/train/F05_SSB08630201.wav,5
/USERSPACE/DATASETS/CodecFake/train/F05_SSB03160400.wav,5
/USERSPACE/DATASETS/CodecFake/train/F05_SSB05440324.wav,5
/USERSPACE/DATASETS/CodecFake/train/F05_SSB08630009.wav,5
/USERSPACE/DATASETS/CodecFake/train/F05_SSB15850178.wav,5
/USERSPACE/DATASETS/CodecFake/train/F05_SSB12040452.wav,5
/USERSPACE/DATASETS/CodecFake/train/F05_SSB19560074.wav,5
/USERSPACE/DATASETS/CodecFake/train/F05_SSB13650337.wav,5
/USERSPACE/DATASETS/CodecFake/train/F05_p228_361.wav,5
/USERSPACE/DATASETS/CodecFake/train/F05_SSB06860004.wav,5
/USERSPACE/DATASETS/CodecFake/train/F05_p277_072.wav,5
/USERSPACE/DATASETS/CodecFake/train/F05_SSB07940396.wav,5
/USERSPACE/DATASETS/CodecFake/train/F05_SSB18780492.wav,5
/USERSPACE/DATASETS/CodecFake/train/F05_SSB14310348.wav,5
/USERSPACE/DATASETS/CodecFake/train/F05_SSB07940016.wav,5
/USERSPACE/DATASETS/CodecFake/train/F05_SSB02460482.wav,5
/USERSPACE/DATASETS/CodecFake/train/F05_SSB13920415.wav,5
/USERSPACE/DATASETS/CodecFake/train/F05_SSB15630217.wav,5
/USERSPACE/DATASETS/CodecFake/train/F05_SSB05440328.wav,5
/USERSPACE/DATASETS/CodecFake/train/F05_p237_273.wav,5
/USERSPACE/DATASETS/CodecFake/train/F05_SSB11310466.wav,5
/USERSPACE/DATASETS/CodecFake/train/F05_p227_375.wav,5
/USERSPACE/DATASETS/CodecFake/train/F05_p313_030.wav,5
/USERSPACE/DATASETS/CodecFake/train/F05_SSB07100420.wav,5
/USERSPACE/DATASETS/CodecFake/train/F05_SSB06140267.wav,5
/USERSPACE/DATASETS/CodecFake/train/F05_SSB01930377.wav,5
/USERSPACE/DATASETS/CodecFake/train/F05_SSB13020287.wav,5
/USERSPACE/DATASETS/CodecFake/train/F05_p297_256.wav,5
/USERSPACE/DATASETS/CodecFake/train/F05_p256_231.wav,5
/USERSPACE/DATASETS/CodecFake/train/F05_SSB07160118.wav,5
/USERSPACE/DATASETS/CodecFake/train/F05_SSB05990355.wav,5
/USERSPACE/DATASETS/CodecFake/train/F05_SSB03070422.wav,5
/USERSPACE/DATASETS/CodecFake/train/F05_p376_212.wav,5
/USERSPACE/DATASETS/CodecFake/train/F05_SSB07100239.wav,5
/USERSPACE/DATASETS/CodecFake/train/F05_SSB15630246.wav,5
/USERSPACE/DATASETS/CodecFake/train/F05_p240_285.wav,5
/USERSPACE/DATASETS/CodecFake/train/F05_p279_331.wav,5
/USERSPACE/DATASETS/CodecFake/train/F05_p270_160.wav,5
/USERSPACE/DATASETS/CodecFake/train/F05_SSB15550079.wav,5
/USERSPACE/DATASETS/CodecFake/train/F05_SSB12190411.wav,5
/USERSPACE/DATASETS/CodecFake/train/F05_SSB00730374.wav,5
/USERSPACE/DATASETS/CodecFake/train/F05_SSB04820088.wav,5
/USERSPACE/DATASETS/CodecFake/train/F05_SSB01930081.wav,5
/USERSPACE/DATASETS/CodecFake/train/F05_SSB07840136.wav,5
/USERSPACE/DATASETS/CodecFake/train/F05_p307_069.wav,5
/USERSPACE/DATASETS/CodecFake/train/F05_p270_450.wav,5
/USERSPACE/DATASETS/CodecFake/train/F05_SSB07230420.wav,5
/USERSPACE/DATASETS/CodecFake/train/F05_SSB17110302.wav,5
/USERSPACE/DATASETS/CodecFake/train/F05_SSB07160357.wav,5
/USERSPACE/DATASETS/CodecFake/train/F05_SSB07510359.wav,5
/USERSPACE/DATASETS/CodecFake/train/F05_SSB11380237.wav,5
/USERSPACE/DATASETS/CodecFake/train/F05_SSB07620036.wav,5
/USERSPACE/DATASETS/CodecFake/train/F05_p228_096.wav,5
/USERSPACE/DATASETS/CodecFake/train/F05_SSB02880469.wav,5
/USERSPACE/DATASETS/CodecFake/train/F05_p250_090.wav,5
/USERSPACE/DATASETS/CodecFake/train/F05_SSB10960444.wav,5
/USERSPACE/DATASETS/CodecFake/train/F05_p262_257.wav,5
/USERSPACE/DATASETS/CodecFake/train/F05_SSB13990207.wav,5
/USERSPACE/DATASETS/CodecFake/train/F05_SSB19180110.wav,5
/USERSPACE/DATASETS/CodecFake/train/F05_SSB18090374.wav,5
/USERSPACE/DATASETS/CodecFake/train/F05_p330_263.wav,5
/USERSPACE/DATASETS/CodecFake/train/F05_p329_202.wav,5
/USERSPACE/DATASETS/CodecFake/train/F05_SSB00430232.wav,5
/USERSPACE/DATASETS/CodecFake/train/F05_p267_371.wav,5
/USERSPACE/DATASETS/CodecFake/train/F05_SSB05940319.wav,5
/USERSPACE/DATASETS/CodecFake/train/F05_SSB13850369.wav,5
/USERSPACE/DATASETS/CodecFake/train/F05_p236_069.wav,5
/USERSPACE/DATASETS/CodecFake/train/F05_SSB19350068.wav,5
/USERSPACE/DATASETS/CodecFake/train/F05_p263_097.wav,5
/USERSPACE/DATASETS/CodecFake/train/F05_p260_070.wav,5
/USERSPACE/DATASETS/CodecFake/train/F05_p284_066.wav,5
/USERSPACE/DATASETS/CodecFake/train/F05_SSB14080163.wav,5
/USERSPACE/DATASETS/CodecFake/train/F05_SSB04340333.wav,5
/USERSPACE/DATASETS/CodecFake/train/F05_SSB18910282.wav,5
/USERSPACE/DATASETS/CodecFake/train/F05_p233_096.wav,5
/USERSPACE/DATASETS/CodecFake/train/F05_p268_408.wav,5
/USERSPACE/DATASETS/CodecFake/train/F05_SSB13830468.wav,5
/USERSPACE/DATASETS/CodecFake/train/F05_SSB05880196.wav,5
/USERSPACE/DATASETS/CodecFake/train/F05_p279_249.wav,5
/USERSPACE/DATASETS/CodecFake/train/F05_SSB03380351.wav,5
/USERSPACE/DATASETS/CodecFake/train/F05_p323_249.wav,5
/USERSPACE/DATASETS/CodecFake/train/F05_p294_095.wav,5
/USERSPACE/DATASETS/CodecFake/train/F05_p284_133.wav,5
/USERSPACE/DATASETS/CodecFake/train/F05_SSB07160127.wav,5
/USERSPACE/DATASETS/CodecFake/train/F05_p227_040.wav,5
/USERSPACE/DATASETS/CodecFake/train/F05_SSB03660359.wav,5
/USERSPACE/DATASETS/CodecFake/train/F05_SSB07360117.wav,5
/USERSPACE/DATASETS/CodecFake/train/F05_SSB03540191.wav,5
/USERSPACE/DATASETS/CodecFake/train/F05_SSB07200107.wav,5
/USERSPACE/DATASETS/CodecFake/train/F05_SSB04150067.wav,5
/USERSPACE/DATASETS/CodecFake/train/F05_SSB04070370.wav,5
/USERSPACE/DATASETS/CodecFake/train/F05_p318_297.wav,5
/USERSPACE/DATASETS/CodecFake/train/F05_SSB06320039.wav,5
/USERSPACE/DATASETS/CodecFake/train/F05_SSB07480052.wav,5
/USERSPACE/DATASETS/CodecFake/train/F05_p239_496.wav,5
/USERSPACE/DATASETS/CodecFake/train/F05_SSB03950091.wav,5
/USERSPACE/DATASETS/CodecFake/train/F05_SSB00800208.wav,5
/USERSPACE/DATASETS/CodecFake/train/F05_p330_260.wav,5
/USERSPACE/DATASETS/CodecFake/train/F05_SSB17590154.wav,5
/USERSPACE/DATASETS/CodecFake/train/F05_SSB10640415.wav,5
/USERSPACE/DATASETS/CodecFake/train/F05_SSB17110396.wav,5
/USERSPACE/DATASETS/CodecFake/train/F05_SSB17590382.wav,5
/USERSPACE/DATASETS/CodecFake/train/F05_p271_092.wav,5
/USERSPACE/DATASETS/CodecFake/train/F05_SSB00330476.wav,5
/USERSPACE/DATASETS/CodecFake/train/F05_p263_069.wav,5
/USERSPACE/DATASETS/CodecFake/train/F05_p329_063.wav,5
/USERSPACE/DATASETS/CodecFake/train/F05_SSB08170311.wav,5
/USERSPACE/DATASETS/CodecFake/train/F05_SSB18280036.wav,5
/USERSPACE/DATASETS/CodecFake/train/F05_p334_404.wav,5
/USERSPACE/DATASETS/CodecFake/train/F05_SSB16840337.wav,5
/USERSPACE/DATASETS/CodecFake/train/F05_SSB11310379.wav,5
/USERSPACE/DATASETS/CodecFake/train/F05_SSB07160478.wav,5
/USERSPACE/DATASETS/CodecFake/train/F05_SSB05940438.wav,5
/USERSPACE/DATASETS/CodecFake/train/F05_p326_363.wav,5
/USERSPACE/DATASETS/CodecFake/train/F05_SSB02000440.wav,5
/USERSPACE/DATASETS/CodecFake/train/F05_SSB15750018.wav,5
/USERSPACE/DATASETS/CodecFake/train/F05_p307_143.wav,5
/USERSPACE/DATASETS/CodecFake/train/F05_SSB18910351.wav,5
/USERSPACE/DATASETS/CodecFake/train/F05_SSB13660046.wav,5
/USERSPACE/DATASETS/CodecFake/train/F05_p262_227.wav,5
/USERSPACE/DATASETS/CodecFake/train/F05_SSB13650272.wav,5
/USERSPACE/DATASETS/CodecFake/train/F05_SSB01330357.wav,5
/USERSPACE/DATASETS/CodecFake/train/F05_SSB02870474.wav,5
/USERSPACE/DATASETS/CodecFake/train/F05_SSB03230383.wav,5
/USERSPACE/DATASETS/CodecFake/train/F05_p258_108.wav,5
/USERSPACE/DATASETS/CodecFake/train/F05_SSB01390430.wav,5
/USERSPACE/DATASETS/CodecFake/train/F05_SSB15630062.wav,5
/USERSPACE/DATASETS/CodecFake/train/F05_SSB18370465.wav,5
/USERSPACE/DATASETS/CodecFake/train/F05_p238_011.wav,5
/USERSPACE/DATASETS/CodecFake/train/F05_SSB03930391.wav,5
/USERSPACE/DATASETS/CodecFake/train/F05_p237_303.wav,5
/USERSPACE/DATASETS/CodecFake/train/F05_SSB11100268.wav,5
/USERSPACE/DATASETS/CodecFake/train/F05_p343_109.wav,5
/USERSPACE/DATASETS/CodecFake/train/F05_p305_200.wav,5
/USERSPACE/DATASETS/CodecFake/train/F05_p248_054.wav,5
/USERSPACE/DATASETS/CodecFake/train/F05_p263_010.wav,5
/USERSPACE/DATASETS/CodecFake/train/F05_SSB10000158.wav,5
/USERSPACE/DATASETS/CodecFake/train/F05_SSB07480471.wav,5
/USERSPACE/DATASETS/CodecFake/train/F05_SSB03540017.wav,5
/USERSPACE/DATASETS/CodecFake/train/F05_p248_307.wav,5
/USERSPACE/DATASETS/CodecFake/train/F05_SSB06310248.wav,5
/USERSPACE/DATASETS/CodecFake/train/F05_p294_333.wav,5
/USERSPACE/DATASETS/CodecFake/train/F05_SSB04340260.wav,5
/USERSPACE/DATASETS/CodecFake/train/F05_SSB03070205.wav,5
/USERSPACE/DATASETS/CodecFake/train/F05_p340_345.wav,5
/USERSPACE/DATASETS/CodecFake/train/F05_SSB18780276.wav,5
/USERSPACE/DATASETS/CodecFake/train/F05_p279_006.wav,5
/USERSPACE/DATASETS/CodecFake/train/F05_SSB11250130.wav,5
/USERSPACE/DATASETS/CodecFake/train/F05_SSB19560201.wav,5
/USERSPACE/DATASETS/CodecFake/train/F05_p227_348.wav,5
/USERSPACE/DATASETS/CodecFake/train/F05_SSB03540269.wav,5
/USERSPACE/DATASETS/CodecFake/train/F05_SSB01220064.wav,5
/USERSPACE/DATASETS/CodecFake/train/F05_SSB07940330.wav,5
/USERSPACE/DATASETS/CodecFake/train/F05_p271_437.wav,5
/USERSPACE/DATASETS/CodecFake/train/F05_SSB04070140.wav,5
/USERSPACE/DATASETS/CodecFake/train/F05_SSB05350432.wav,5
/USERSPACE/DATASETS/CodecFake/train/F05_p249_181.wav,5
/USERSPACE/DATASETS/CodecFake/train/F05_SSB04270426.wav,5
/USERSPACE/DATASETS/CodecFake/train/F05_SSB09970211.wav,5
/USERSPACE/DATASETS/CodecFake/train/F05_SSB06320248.wav,5
/USERSPACE/DATASETS/CodecFake/train/F05_SSB01220452.wav,5
/USERSPACE/DATASETS/CodecFake/train/F05_SSB15930302.wav,5
/USERSPACE/DATASETS/CodecFake/train/F05_SSB00570139.wav,5
/USERSPACE/DATASETS/CodecFake/train/F05_p271_338.wav,5
/USERSPACE/DATASETS/CodecFake/train/F05_SSB06660172.wav,5
/USERSPACE/DATASETS/CodecFake/train/F05_p274_062.wav,5
/USERSPACE/DATASETS/CodecFake/train/F05_SSB01490470.wav,5
/USERSPACE/DATASETS/CodecFake/train/F05_p250_424.wav,5
/USERSPACE/DATASETS/CodecFake/train/F05_SSB07170123.wav,5
/USERSPACE/DATASETS/CodecFake/train/F05_SSB08630465.wav,5
/USERSPACE/DATASETS/CodecFake/train/F05_SSB07940007.wav,5
/USERSPACE/DATASETS/CodecFake/train/F05_p308_340.wav,5
/USERSPACE/DATASETS/CodecFake/train/F05_SSB04350256.wav,5
/USERSPACE/DATASETS/CodecFake/train/F05_SSB03420115.wav,5
/USERSPACE/DATASETS/CodecFake/train/F05_SSB03090179.wav,5
/USERSPACE/DATASETS/CodecFake/train/F05_p297_328.wav,5
/USERSPACE/DATASETS/CodecFake/train/F05_SSB06030202.wav,5
/USERSPACE/DATASETS/CodecFake/train/F05_SSB05990116.wav,5
/USERSPACE/DATASETS/CodecFake/train/F05_SSB16500425.wav,5
/USERSPACE/DATASETS/CodecFake/train/F05_p248_344.wav,5
/USERSPACE/DATASETS/CodecFake/train/F05_SSB07000208.wav,5
/USERSPACE/DATASETS/CodecFake/train/F05_p252_058.wav,5
/USERSPACE/DATASETS/CodecFake/train/F05_p364_094.wav,5
/USERSPACE/DATASETS/CodecFake/train/F05_p268_148.wav,5
/USERSPACE/DATASETS/CodecFake/train/F05_p347_399.wav,5
/USERSPACE/DATASETS/CodecFake/train/F05_p245_056.wav,5
/USERSPACE/DATASETS/CodecFake/train/F05_SSB16240453.wav,5
/USERSPACE/DATASETS/CodecFake/train/F05_p362_007.wav,5
/USERSPACE/DATASETS/CodecFake/train/F05_SSB13820310.wav,5
/USERSPACE/DATASETS/CodecFake/train/F05_SSB05990268.wav,5
/USERSPACE/DATASETS/CodecFake/train/F05_p310_240.wav,5
/USERSPACE/DATASETS/CodecFake/train/F05_SSB02670329.wav,5
/USERSPACE/DATASETS/CodecFake/train/F05_SSB10010220.wav,5
/USERSPACE/DATASETS/CodecFake/train/F05_p294_089.wav,5
/USERSPACE/DATASETS/CodecFake/train/F05_SSB05990132.wav,5
/USERSPACE/DATASETS/CodecFake/train/F05_SSB18630067.wav,5
/USERSPACE/DATASETS/CodecFake/train/F05_p364_005.wav,5
/USERSPACE/DATASETS/CodecFake/train/F05_p297_091.wav,5
/USERSPACE/DATASETS/CodecFake/train/F05_SSB00120255.wav,5
/USERSPACE/DATASETS/CodecFake/train/F05_SSB03390252.wav,5
/USERSPACE/DATASETS/CodecFake/train/F05_SSB06320406.wav,5
/USERSPACE/DATASETS/CodecFake/train/F05_p279_391.wav,5
/USERSPACE/DATASETS/CodecFake/train/F05_SSB07200255.wav,5
/USERSPACE/DATASETS/CodecFake/train/F05_SSB08220274.wav,5
/USERSPACE/DATASETS/CodecFake/train/F05_SSB07490284.wav,5
/USERSPACE/DATASETS/CodecFake/train/F05_SSB03410234.wav,5
/USERSPACE/DATASETS/CodecFake/train/F05_SSB10500011.wav,5
/USERSPACE/DATASETS/CodecFake/train/F05_SSB07110458.wav,5
/USERSPACE/DATASETS/CodecFake/train/F05_p317_148.wav,5
/USERSPACE/DATASETS/CodecFake/train/F05_SSB15550077.wav,5
/USERSPACE/DATASETS/CodecFake/train/F05_p363_409.wav,5
/USERSPACE/DATASETS/CodecFake/train/F05_SSB15930229.wav,5
/USERSPACE/DATASETS/CodecFake/train/F05_p305_210.wav,5
/USERSPACE/DATASETS/CodecFake/train/F05_SSB00110456.wav,5
/USERSPACE/DATASETS/CodecFake/train/F05_SSB10200331.wav,5
/USERSPACE/DATASETS/CodecFake/train/F05_SSB09130219.wav,5
/USERSPACE/DATASETS/CodecFake/train/F05_SSB05440454.wav,5
/USERSPACE/DATASETS/CodecFake/train/F05_SSB12530320.wav,5
/USERSPACE/DATASETS/CodecFake/train/F05_SSB00380444.wav,5
/USERSPACE/DATASETS/CodecFake/train/F05_SSB07000292.wav,5
/USERSPACE/DATASETS/CodecFake/train/F05_SSB09870107.wav,5
/USERSPACE/DATASETS/CodecFake/train/F05_SSB02410329.wav,5
/USERSPACE/DATASETS/CodecFake/train/F05_p259_388.wav,5
/USERSPACE/DATASETS/CodecFake/train/F05_p360_028.wav,5
/USERSPACE/DATASETS/CodecFake/train/F05_p259_444.wav,5
/USERSPACE/DATASETS/CodecFake/train/F05_p262_044.wav,5
/USERSPACE/DATASETS/CodecFake/train/F05_p305_062.wav,5
/USERSPACE/DATASETS/CodecFake/train/F05_SSB18100505.wav,5
/USERSPACE/DATASETS/CodecFake/train/F05_p232_038.wav,5
/USERSPACE/DATASETS/CodecFake/train/F05_SSB09970463.wav,5
/USERSPACE/DATASETS/CodecFake/train/F05_SSB07170088.wav,5
/USERSPACE/DATASETS/CodecFake/train/F05_SSB06930328.wav,5
/USERSPACE/DATASETS/CodecFake/train/F05_SSB03850377.wav,5
/USERSPACE/DATASETS/CodecFake/train/F05_p316_057.wav,5
/USERSPACE/DATASETS/CodecFake/train/F05_SSB08870185.wav,5
/USERSPACE/DATASETS/CodecFake/train/F05_SSB11870007.wav,5
/USERSPACE/DATASETS/CodecFake/train/F05_SSB01930490.wav,5
/USERSPACE/DATASETS/CodecFake/train/F05_SSB00430317.wav,5
/USERSPACE/DATASETS/CodecFake/train/F05_SSB10640160.wav,5
/USERSPACE/DATASETS/CodecFake/train/F05_SSB00330259.wav,5
/USERSPACE/DATASETS/CodecFake/train/F05_SSB06680192.wav,5
/USERSPACE/DATASETS/CodecFake/train/F05_SSB01450210.wav,5
/USERSPACE/DATASETS/CodecFake/train/F05_SSB13930430.wav,5
/USERSPACE/DATASETS/CodecFake/train/F05_SSB11080472.wav,5
/USERSPACE/DATASETS/CodecFake/train/F05_p286_282.wav,5
/USERSPACE/DATASETS/CodecFake/train/F05_p248_212.wav,5
/USERSPACE/DATASETS/CodecFake/train/F05_SSB09930166.wav,5
/USERSPACE/DATASETS/CodecFake/train/F05_SSB13280369.wav,5
/USERSPACE/DATASETS/CodecFake/train/F05_p339_420.wav,5
/USERSPACE/DATASETS/CodecFake/train/F05_SSB11970320.wav,5
/USERSPACE/DATASETS/CodecFake/train/F05_SSB06140437.wav,5
/USERSPACE/DATASETS/CodecFake/train/F05_p225_324.wav,5
/USERSPACE/DATASETS/CodecFake/train/F05_p254_280.wav,5
/USERSPACE/DATASETS/CodecFake/train/F05_SSB03930116.wav,5
/USERSPACE/DATASETS/CodecFake/train/F05_p255_100.wav,5
/USERSPACE/DATASETS/CodecFake/train/F05_SSB00430021.wav,5
/USERSPACE/DATASETS/CodecFake/train/F05_SSB01930496.wav,5
/USERSPACE/DATASETS/CodecFake/train/F05_SSB13400091.wav,5
/USERSPACE/DATASETS/CodecFake/train/F05_p246_251.wav,5
/USERSPACE/DATASETS/CodecFake/train/F05_SSB03850043.wav,5
/USERSPACE/DATASETS/CodecFake/train/F05_SSB03750347.wav,5
/USERSPACE/DATASETS/CodecFake/train/F05_SSB05390040.wav,5
/USERSPACE/DATASETS/CodecFake/train/F05_SSB07110149.wav,5
/USERSPACE/DATASETS/CodecFake/train/F05_SSB05390255.wav,5
/USERSPACE/DATASETS/CodecFake/train/F05_p287_099.wav,5
/USERSPACE/DATASETS/CodecFake/train/F05_p279_378.wav,5
/USERSPACE/DATASETS/CodecFake/train/F05_p374_044.wav,5
/USERSPACE/DATASETS/CodecFake/train/F05_SSB13660292.wav,5
/USERSPACE/DATASETS/CodecFake/train/F05_SSB00430111.wav,5
/USERSPACE/DATASETS/CodecFake/train/F05_p341_224.wav,5
/USERSPACE/DATASETS/CodecFake/train/F05_p340_032.wav,5
/USERSPACE/DATASETS/CodecFake/train/F05_SSB03160327.wav,5
/USERSPACE/DATASETS/CodecFake/train/F05_SSB06070102.wav,5
/USERSPACE/DATASETS/CodecFake/train/F05_SSB03420131.wav,5
/USERSPACE/DATASETS/CodecFake/train/F05_SSB05700334.wav,5
/USERSPACE/DATASETS/CodecFake/train/F05_SSB03750314.wav,5
/USERSPACE/DATASETS/CodecFake/train/F05_SSB16070276.wav,5
/USERSPACE/DATASETS/CodecFake/train/F05_SSB06060085.wav,5
/USERSPACE/DATASETS/CodecFake/train/F05_p307_199.wav,5
/USERSPACE/DATASETS/CodecFake/train/F05_SSB05440320.wav,5
/USERSPACE/DATASETS/CodecFake/train/F05_SSB13820412.wav,5
/USERSPACE/DATASETS/CodecFake/train/F05_SSB00800033.wav,5
/USERSPACE/DATASETS/CodecFake/train/F05_SSB13200086.wav,5
/USERSPACE/DATASETS/CodecFake/train/F05_SSB06680370.wav,5
/USERSPACE/DATASETS/CodecFake/train/F05_p233_240.wav,5
/USERSPACE/DATASETS/CodecFake/train/F05_SSB05340039.wav,5
/USERSPACE/DATASETS/CodecFake/train/F05_SSB07780330.wav,5
/USERSPACE/DATASETS/CodecFake/train/F05_SSB15670398.wav,5
/USERSPACE/DATASETS/CodecFake/train/F05_SSB07620364.wav,5
/USERSPACE/DATASETS/CodecFake/train/F05_p261_229.wav,5
/USERSPACE/DATASETS/CodecFake/train/F05_p268_104.wav,5
/USERSPACE/DATASETS/CodecFake/train/F05_p287_142.wav,5
/USERSPACE/DATASETS/CodecFake/train/F05_SSB10560344.wav,5
/USERSPACE/DATASETS/CodecFake/train/F05_p360_037.wav,5
/USERSPACE/DATASETS/CodecFake/train/F05_SSB03410376.wav,5
/USERSPACE/DATASETS/CodecFake/train/F05_SSB13280289.wav,5
/USERSPACE/DATASETS/CodecFake/train/F05_p261_022.wav,5
/USERSPACE/DATASETS/CodecFake/train/F05_p330_210.wav,5
/USERSPACE/DATASETS/CodecFake/train/F05_SSB08170320.wav,5
/USERSPACE/DATASETS/CodecFake/train/F05_SSB11350216.wav,5
/USERSPACE/DATASETS/CodecFake/train/F05_p307_411.wav,5
/USERSPACE/DATASETS/CodecFake/train/F05_SSB01450252.wav,5
/USERSPACE/DATASETS/CodecFake/train/F05_p361_176.wav,5
/USERSPACE/DATASETS/CodecFake/train/F05_SSB10960179.wav,5
/USERSPACE/DATASETS/CodecFake/train/F05_SSB01120297.wav,5
/USERSPACE/DATASETS/CodecFake/train/F05_SSB19560104.wav,5
/USERSPACE/DATASETS/CodecFake/train/F05_SSB05880057.wav,5
/USERSPACE/DATASETS/CodecFake/train/F05_p360_256.wav,5
/USERSPACE/DATASETS/CodecFake/train/F05_SSB05700133.wav,5
/USERSPACE/DATASETS/CodecFake/train/F05_SSB03070113.wav,5
/USERSPACE/DATASETS/CodecFake/train/F05_SSB03420405.wav,5
/USERSPACE/DATASETS/CodecFake/train/F05_SSB07600010.wav,5
/USERSPACE/DATASETS/CodecFake/train/F05_SSB06010204.wav,5
/USERSPACE/DATASETS/CodecFake/train/F05_SSB06090144.wav,5
/USERSPACE/DATASETS/CodecFake/train/F05_p248_136.wav,5
/USERSPACE/DATASETS/CodecFake/train/F05_p311_356.wav,5
/USERSPACE/DATASETS/CodecFake/train/F05_SSB01390425.wav,5
/USERSPACE/DATASETS/CodecFake/train/F05_SSB13850071.wav,5
/USERSPACE/DATASETS/CodecFake/train/F05_SSB07620015.wav,5
/USERSPACE/DATASETS/CodecFake/train/F05_SSB03150448.wav,5
/USERSPACE/DATASETS/CodecFake/train/F05_p362_019.wav,5
/USERSPACE/DATASETS/CodecFake/train/F05_SSB16250072.wav,5
/USERSPACE/DATASETS/CodecFake/train/F05_p336_132.wav,5
/USERSPACE/DATASETS/CodecFake/train/F05_p310_084.wav,5
/USERSPACE/DATASETS/CodecFake/train/F05_p351_173.wav,5
/USERSPACE/DATASETS/CodecFake/train/F05_SSB02410183.wav,5
/USERSPACE/DATASETS/CodecFake/train/F05_SSB18780298.wav,5
/USERSPACE/DATASETS/CodecFake/train/F05_SSB00380008.wav,5
/USERSPACE/DATASETS/CodecFake/train/F05_p280_244.wav,5
/USERSPACE/DATASETS/CodecFake/train/F05_SSB17280232.wav,5
/USERSPACE/DATASETS/CodecFake/train/F05_SSB07620005.wav,5
/USERSPACE/DATASETS/CodecFake/train/F05_SSB11360142.wav,5
/USERSPACE/DATASETS/CodecFake/train/F05_SSB12030450.wav,5
/USERSPACE/DATASETS/CodecFake/train/F05_SSB12030010.wav,5
/USERSPACE/DATASETS/CodecFake/train/F05_SSB15930200.wav,5
/USERSPACE/DATASETS/CodecFake/train/F05_SSB12210261.wav,5
/USERSPACE/DATASETS/CodecFake/train/F05_SSB03380298.wav,5
/USERSPACE/DATASETS/CodecFake/train/F05_SSB19180423.wav,5
/USERSPACE/DATASETS/CodecFake/train/F05_SSB07170285.wav,5
/USERSPACE/DATASETS/CodecFake/train/F05_SSB13220157.wav,5
/USERSPACE/DATASETS/CodecFake/train/F05_SSB10720347.wav,5
/USERSPACE/DATASETS/CodecFake/train/F05_SSB03750002.wav,5
/USERSPACE/DATASETS/CodecFake/train/F05_SSB18370285.wav,5
/USERSPACE/DATASETS/CodecFake/train/F05_p294_299.wav,5
/USERSPACE/DATASETS/CodecFake/train/F05_SSB03540244.wav,5
/USERSPACE/DATASETS/CodecFake/train/F05_p227_048.wav,5
/USERSPACE/DATASETS/CodecFake/train/F05_SSB00110063.wav,5
/USERSPACE/DATASETS/CodecFake/train/F05_p297_182.wav,5
/USERSPACE/DATASETS/CodecFake/train/F05_SSB19390034.wav,5
/USERSPACE/DATASETS/CodecFake/train/F05_SSB10240383.wav,5
/USERSPACE/DATASETS/CodecFake/train/F05_SSB18780161.wav,5
/USERSPACE/DATASETS/CodecFake/train/F05_SSB11380070.wav,5
/USERSPACE/DATASETS/CodecFake/train/F05_SSB06090135.wav,5
/USERSPACE/DATASETS/CodecFake/train/F05_SSB00380133.wav,5
/USERSPACE/DATASETS/CodecFake/train/F05_SSB11000371.wav,5
/USERSPACE/DATASETS/CodecFake/train/F05_SSB03660340.wav,5
/USERSPACE/DATASETS/CodecFake/train/F05_SSB11260017.wav,5
/USERSPACE/DATASETS/CodecFake/train/F05_SSB05880364.wav,5
/USERSPACE/DATASETS/CodecFake/train/F05_SSB06090374.wav,5
/USERSPACE/DATASETS/CodecFake/train/F05_SSB03420195.wav,5
/USERSPACE/DATASETS/CodecFake/train/F05_SSB11380285.wav,5
/USERSPACE/DATASETS/CodecFake/train/F05_SSB17280055.wav,5
/USERSPACE/DATASETS/CodecFake/train/F05_p333_345.wav,5
/USERSPACE/DATASETS/CodecFake/train/F05_SSB16500218.wav,5
/USERSPACE/DATASETS/CodecFake/train/F05_SSB07490027.wav,5
/USERSPACE/DATASETS/CodecFake/train/F05_p278_096.wav,5
/USERSPACE/DATASETS/CodecFake/train/F05_p241_186.wav,5
/USERSPACE/DATASETS/CodecFake/train/F05_SSB03940276.wav,5
/USERSPACE/DATASETS/CodecFake/train/F05_p300_224.wav,5
/USERSPACE/DATASETS/CodecFake/train/F05_SSB05780376.wav,5
/USERSPACE/DATASETS/CodecFake/train/F05_SSB01390247.wav,5
/USERSPACE/DATASETS/CodecFake/train/F05_p300_047.wav,5
/USERSPACE/DATASETS/CodecFake/train/F05_SSB06230401.wav,5
/USERSPACE/DATASETS/CodecFake/train/F05_SSB11150156.wav,5
/USERSPACE/DATASETS/CodecFake/train/F05_SSB06030012.wav,5
/USERSPACE/DATASETS/CodecFake/train/F05_SSB16250321.wav,5
/USERSPACE/DATASETS/CodecFake/train/F05_SSB00430082.wav,5
/USERSPACE/DATASETS/CodecFake/train/F05_SSB10000318.wav,5
/USERSPACE/DATASETS/CodecFake/train/F05_p323_280.wav,5
/USERSPACE/DATASETS/CodecFake/train/F05_SSB17280150.wav,5
/USERSPACE/DATASETS/CodecFake/train/F05_p310_129.wav,5
/USERSPACE/DATASETS/CodecFake/train/F05_p330_180.wav,5
/USERSPACE/DATASETS/CodecFake/train/F05_SSB12160201.wav,5
/USERSPACE/DATASETS/CodecFake/train/F05_SSB04260414.wav,5
/USERSPACE/DATASETS/CodecFake/train/F05_SSB05880210.wav,5
/USERSPACE/DATASETS/CodecFake/train/F05_SSB11000377.wav,5
/USERSPACE/DATASETS/CodecFake/train/F05_SSB06140248.wav,5
/USERSPACE/DATASETS/CodecFake/train/F05_SSB18370115.wav,5
/USERSPACE/DATASETS/CodecFake/train/F05_SSB02870078.wav,5
/USERSPACE/DATASETS/CodecFake/train/F05_p343_195.wav,5
/USERSPACE/DATASETS/CodecFake/train/F05_SSB16240064.wav,5
/USERSPACE/DATASETS/CodecFake/train/F05_p229_017.wav,5
/USERSPACE/DATASETS/CodecFake/train/F05_p341_363.wav,5
/USERSPACE/DATASETS/CodecFake/train/F05_p361_388.wav,5
/USERSPACE/DATASETS/CodecFake/train/F05_SSB02410141.wav,5
/USERSPACE/DATASETS/CodecFake/train/F05_SSB13650219.wav,5
/USERSPACE/DATASETS/CodecFake/train/F05_p230_356.wav,5
/USERSPACE/DATASETS/CodecFake/train/F05_SSB15670467.wav,5
/USERSPACE/DATASETS/CodecFake/train/F05_p247_007.wav,5
/USERSPACE/DATASETS/CodecFake/train/F05_p269_328.wav,5
/USERSPACE/DATASETS/CodecFake/train/F05_SSB05700457.wav,5
/USERSPACE/DATASETS/CodecFake/train/F05_SSB14520180.wav,5
/USERSPACE/DATASETS/CodecFake/train/F05_SSB12160237.wav,5
/USERSPACE/DATASETS/CodecFake/train/F05_p343_363.wav,5
/USERSPACE/DATASETS/CodecFake/train/F05_p247_030.wav,5
/USERSPACE/DATASETS/CodecFake/train/F05_p244_416.wav,5
/USERSPACE/DATASETS/CodecFake/train/F05_SSB18780104.wav,5
/USERSPACE/DATASETS/CodecFake/train/F05_SSB12740143.wav,5
/USERSPACE/DATASETS/CodecFake/train/F05_SSB14080200.wav,5
/USERSPACE/DATASETS/CodecFake/train/F05_p326_338.wav,5
/USERSPACE/DATASETS/CodecFake/train/F05_SSB05650195.wav,5
/USERSPACE/DATASETS/CodecFake/train/F05_SSB10500278.wav,5
/USERSPACE/DATASETS/CodecFake/train/F05_p351_228.wav,5
/USERSPACE/DATASETS/CodecFake/train/F05_SSB11310333.wav,5
/USERSPACE/DATASETS/CodecFake/train/F05_SSB01120406.wav,5
/USERSPACE/DATASETS/CodecFake/train/F05_SSB13410410.wav,5
/USERSPACE/DATASETS/CodecFake/train/F05_SSB16070310.wav,5
/USERSPACE/DATASETS/CodecFake/train/F05_p251_242.wav,5
/USERSPACE/DATASETS/CodecFake/train/F05_SSB10640424.wav,5
/USERSPACE/DATASETS/CodecFake/train/F05_p361_266.wav,5
/USERSPACE/DATASETS/CodecFake/train/F05_p306_135.wav,5
/USERSPACE/DATASETS/CodecFake/train/F05_SSB13020037.wav,5
/USERSPACE/DATASETS/CodecFake/train/F05_p276_082.wav,5
/USERSPACE/DATASETS/CodecFake/train/F05_p258_021.wav,5
/USERSPACE/DATASETS/CodecFake/train/F05_p261_354.wav,5
/USERSPACE/DATASETS/CodecFake/train/F05_SSB12530175.wav,5
/USERSPACE/DATASETS/CodecFake/train/F05_SSB13280077.wav,5
/USERSPACE/DATASETS/CodecFake/train/F05_SSB07480479.wav,5
/USERSPACE/DATASETS/CodecFake/train/F05_SSB06930247.wav,5
/USERSPACE/DATASETS/CodecFake/train/F05_SSB11150012.wav,5
/USERSPACE/DATASETS/CodecFake/train/F05_p266_257.wav,5
/USERSPACE/DATASETS/CodecFake/train/F05_SSB15930273.wav,5
/USERSPACE/DATASETS/CodecFake/train/F05_p283_098.wav,5
/USERSPACE/DATASETS/CodecFake/train/F05_SSB10020388.wav,5
/USERSPACE/DATASETS/CodecFake/train/F05_p250_178.wav,5
/USERSPACE/DATASETS/CodecFake/train/F05_SSB13220022.wav,5
/USERSPACE/DATASETS/CodecFake/train/F05_SSB07580303.wav,5
/USERSPACE/DATASETS/CodecFake/train/F05_p241_370.wav,5
/USERSPACE/DATASETS/CodecFake/train/F05_p286_319.wav,5
/USERSPACE/DATASETS/CodecFake/train/F05_SSB07620154.wav,5
/USERSPACE/DATASETS/CodecFake/train/F05_SSB01450263.wav,5
/USERSPACE/DATASETS/CodecFake/train/F05_SSB11360032.wav,5
/USERSPACE/DATASETS/CodecFake/train/F05_p251_138.wav,5
/USERSPACE/DATASETS/CodecFake/train/F05_p298_109.wav,5
/USERSPACE/DATASETS/CodecFake/train/F05_p268_245.wav,5
/USERSPACE/DATASETS/CodecFake/train/F05_SSB00090237.wav,5
/USERSPACE/DATASETS/CodecFake/train/F05_p256_305.wav,5
/USERSPACE/DATASETS/CodecFake/train/F05_SSB06660021.wav,5
/USERSPACE/DATASETS/CodecFake/train/F05_SSB06090021.wav,5
/USERSPACE/DATASETS/CodecFake/train/F05_p255_258.wav,5
/USERSPACE/DATASETS/CodecFake/train/F05_SSB11970241.wav,5
/USERSPACE/DATASETS/CodecFake/train/F05_SSB00800121.wav,5
/USERSPACE/DATASETS/CodecFake/train/F05_SSB08710195.wav,5
/USERSPACE/DATASETS/CodecFake/train/F05_SSB03750147.wav,5
/USERSPACE/DATASETS/CodecFake/train/F05_p240_108.wav,5
/USERSPACE/DATASETS/CodecFake/train/F05_p239_105.wav,5
/USERSPACE/DATASETS/CodecFake/train/F05_p345_378.wav,5
/USERSPACE/DATASETS/CodecFake/train/F05_SSB03090183.wav,5
/USERSPACE/DATASETS/CodecFake/train/F05_p258_050.wav,5
/USERSPACE/DATASETS/CodecFake/train/F05_SSB15670217.wav,5
/USERSPACE/DATASETS/CodecFake/train/F05_p255_180.wav,5
/USERSPACE/DATASETS/CodecFake/train/F05_SSB07940360.wav,5
/USERSPACE/DATASETS/CodecFake/train/F05_p246_075.wav,5
/USERSPACE/DATASETS/CodecFake/train/F05_SSB07110257.wav,5
/USERSPACE/DATASETS/CodecFake/train/F05_SSB00380148.wav,5
/USERSPACE/DATASETS/CodecFake/train/F05_SSB13200363.wav,5
/USERSPACE/DATASETS/CodecFake/train/F05_SSB11310263.wav,5
/USERSPACE/DATASETS/CodecFake/train/F05_SSB03820365.wav,5
/USERSPACE/DATASETS/CodecFake/train/F05_p273_225.wav,5
/USERSPACE/DATASETS/CodecFake/train/F05_SSB10560054.wav,5
/USERSPACE/DATASETS/CodecFake/train/F05_SSB03070391.wav,5
/USERSPACE/DATASETS/CodecFake/train/F05_SSB11310384.wav,5
/USERSPACE/DATASETS/CodecFake/train/F05_p261_210.wav,5
/USERSPACE/DATASETS/CodecFake/train/F05_SSB00180491.wav,5
/USERSPACE/DATASETS/CodecFake/train/F05_SSB11150134.wav,5
/USERSPACE/DATASETS/CodecFake/train/F05_p363_286.wav,5
/USERSPACE/DATASETS/CodecFake/train/F05_p287_199.wav,5
/USERSPACE/DATASETS/CodecFake/train/F05_SSB17110280.wav,5
/USERSPACE/DATASETS/CodecFake/train/F05_p299_150.wav,5
/USERSPACE/DATASETS/CodecFake/train/F05_SSB06860210.wav,5
/USERSPACE/DATASETS/CodecFake/train/F05_SSB13280284.wav,5
/USERSPACE/DATASETS/CodecFake/train/F05_p227_195.wav,5
/USERSPACE/DATASETS/CodecFake/train/F05_p264_217.wav,5
/USERSPACE/DATASETS/CodecFake/train/F05_p336_077.wav,5
/USERSPACE/DATASETS/CodecFake/train/F05_p257_190.wav,5
/USERSPACE/DATASETS/CodecFake/train/F05_p284_346.wav,5
/USERSPACE/DATASETS/CodecFake/train/F05_p249_068.wav,5
/USERSPACE/DATASETS/CodecFake/train/F05_p363_321.wav,5
/USERSPACE/DATASETS/CodecFake/train/F05_SSB09870368.wav,5
/USERSPACE/DATASETS/CodecFake/train/F05_SSB09870416.wav,5
/USERSPACE/DATASETS/CodecFake/train/F05_SSB05020021.wav,5
/USERSPACE/DATASETS/CodecFake/train/F05_SSB16240234.wav,5
/USERSPACE/DATASETS/CodecFake/train/F05_p306_165.wav,5
/USERSPACE/DATASETS/CodecFake/train/F05_p247_191.wav,5
/USERSPACE/DATASETS/CodecFake/train/F05_SSB12150459.wav,5
/USERSPACE/DATASETS/CodecFake/train/F05_SSB17110327.wav,5
/USERSPACE/DATASETS/CodecFake/train/F05_SSB03090322.wav,5
/USERSPACE/DATASETS/CodecFake/train/F05_SSB05650216.wav,5
/USERSPACE/DATASETS/CodecFake/train/F05_p230_395.wav,5
/USERSPACE/DATASETS/CodecFake/train/F05_SSB18320200.wav,5
/USERSPACE/DATASETS/CodecFake/train/F05_p278_134.wav,5
/USERSPACE/DATASETS/CodecFake/train/F05_p283_384.wav,5
/USERSPACE/DATASETS/CodecFake/train/F05_p341_337.wav,5
/USERSPACE/DATASETS/CodecFake/train/F05_SSB03790050.wav,5
/USERSPACE/DATASETS/CodecFake/train/F05_SSB11310089.wav,5
/USERSPACE/DATASETS/CodecFake/train/F05_p274_357.wav,5
/USERSPACE/DATASETS/CodecFake/train/F05_SSB03150161.wav,5
/USERSPACE/DATASETS/CodecFake/train/F05_SSB01970003.wav,5
/USERSPACE/DATASETS/CodecFake/train/F05_SSB11360290.wav,5
/USERSPACE/DATASETS/CodecFake/train/F05_SSB06660318.wav,5
/USERSPACE/DATASETS/CodecFake/train/F05_p228_119.wav,5
/USERSPACE/DATASETS/CodecFake/train/F05_SSB03940323.wav,5
/USERSPACE/DATASETS/CodecFake/train/F05_p333_373.wav,5
/USERSPACE/DATASETS/CodecFake/train/F05_SSB00180483.wav,5
/USERSPACE/DATASETS/CodecFake/train/F05_SSB03150391.wav,5
/USERSPACE/DATASETS/CodecFake/train/F05_SSB03930259.wav,5
/USERSPACE/DATASETS/CodecFake/train/F05_SSB09130232.wav,5
/USERSPACE/DATASETS/CodecFake/train/F05_SSB03420409.wav,5
/USERSPACE/DATASETS/CodecFake/train/F05_p234_058.wav,5
/USERSPACE/DATASETS/CodecFake/train/F05_p226_350.wav,5
/USERSPACE/DATASETS/CodecFake/train/F05_SSB01120234.wav,5
/USERSPACE/DATASETS/CodecFake/train/F05_p276_094.wav,5
/USERSPACE/DATASETS/CodecFake/train/F05_SSB15750470.wav,5
/USERSPACE/DATASETS/CodecFake/train/F05_SSB11310114.wav,5
/USERSPACE/DATASETS/CodecFake/train/F05_p292_307.wav,5
/USERSPACE/DATASETS/CodecFake/train/F05_SSB03820320.wav,5
/USERSPACE/DATASETS/CodecFake/train/F05_SSB04350115.wav,5
/USERSPACE/DATASETS/CodecFake/train/F05_SSB19390150.wav,5
/USERSPACE/DATASETS/CodecFake/train/F05_SSB11380178.wav,5
/USERSPACE/DATASETS/CodecFake/train/F05_SSB10550421.wav,5
/USERSPACE/DATASETS/CodecFake/train/F05_p362_149.wav,5
/USERSPACE/DATASETS/CodecFake/train/F05_p304_295.wav,5
/USERSPACE/DATASETS/CodecFake/train/F05_SSB08710138.wav,5
/USERSPACE/DATASETS/CodecFake/train/F05_SSB04070421.wav,5
/USERSPACE/DATASETS/CodecFake/train/F05_p263_375.wav,5
/USERSPACE/DATASETS/CodecFake/train/F05_p330_189.wav,5
/USERSPACE/DATASETS/CodecFake/train/F05_p277_066.wav,5
/USERSPACE/DATASETS/CodecFake/train/F05_SSB15750035.wav,5
/USERSPACE/DATASETS/CodecFake/train/F05_SSB19390320.wav,5
/USERSPACE/DATASETS/CodecFake/train/F05_SSB15850170.wav,5
/USERSPACE/DATASETS/CodecFake/train/F05_p263_326.wav,5
/USERSPACE/DATASETS/CodecFake/train/F05_SSB01390316.wav,5
/USERSPACE/DATASETS/CodecFake/train/F05_SSB18280379.wav,5
/USERSPACE/DATASETS/CodecFake/train/F05_SSB11100426.wav,5
/USERSPACE/DATASETS/CodecFake/train/F05_SSB03380463.wav,5
/USERSPACE/DATASETS/CodecFake/train/F05_SSB01450002.wav,5
/USERSPACE/DATASETS/CodecFake/train/F05_SSB08630305.wav,5
/USERSPACE/DATASETS/CodecFake/train/F05_p228_166.wav,5
/USERSPACE/DATASETS/CodecFake/train/F05_p246_248.wav,5
/USERSPACE/DATASETS/CodecFake/train/F05_p231_430.wav,5
/USERSPACE/DATASETS/CodecFake/train/F05_p236_006.wav,5
/USERSPACE/DATASETS/CodecFake/train/F05_p252_037.wav,5
/USERSPACE/DATASETS/CodecFake/train/F05_SSB13850208.wav,5
/USERSPACE/DATASETS/CodecFake/train/F05_SSB16700078.wav,5
/USERSPACE/DATASETS/CodecFake/train/F05_SSB11760141.wav,5
/USERSPACE/DATASETS/CodecFake/train/F05_p361_310.wav,5
/USERSPACE/DATASETS/CodecFake/train/F05_SSB11100227.wav,5
/USERSPACE/DATASETS/CodecFake/train/F05_SSB16070138.wav,5
/USERSPACE/DATASETS/CodecFake/train/F05_SSB07840433.wav,5
/USERSPACE/DATASETS/CodecFake/train/F05_p252_047.wav,5
/USERSPACE/DATASETS/CodecFake/train/F05_SSB05940234.wav,5
/USERSPACE/DATASETS/CodecFake/train/F05_p228_331.wav,5
/USERSPACE/DATASETS/CodecFake/train/F05_SSB10560138.wav,5
/USERSPACE/DATASETS/CodecFake/train/F05_SSB04070055.wav,5
/USERSPACE/DATASETS/CodecFake/train/F05_SSB07940080.wav,5
/USERSPACE/DATASETS/CodecFake/train/F05_p351_365.wav,5
/USERSPACE/DATASETS/CodecFake/train/F05_SSB06030379.wav,5
/USERSPACE/DATASETS/CodecFake/train/F05_p326_286.wav,5
/USERSPACE/DATASETS/CodecFake/train/F05_p225_212.wav,5
/USERSPACE/DATASETS/CodecFake/train/F05_p305_154.wav,5
/USERSPACE/DATASETS/CodecFake/train/F05_SSB07020276.wav,5
/USERSPACE/DATASETS/CodecFake/train/F05_p257_143.wav,5
/USERSPACE/DATASETS/CodecFake/train/F05_SSB03800023.wav,5
/USERSPACE/DATASETS/CodecFake/train/F05_p239_234.wav,5
/USERSPACE/DATASETS/CodecFake/train/F05_SSB03950447.wav,5
/USERSPACE/DATASETS/CodecFake/train/F05_p313_310.wav,5
/USERSPACE/DATASETS/CodecFake/train/F05_p236_418.wav,5
/USERSPACE/DATASETS/CodecFake/train/F05_SSB05780063.wav,5
/USERSPACE/DATASETS/CodecFake/train/F05_p277_021.wav,5
/USERSPACE/DATASETS/CodecFake/train/F05_SSB07620360.wav,5
/USERSPACE/DATASETS/CodecFake/train/F05_SSB15850356.wav,5
/USERSPACE/DATASETS/CodecFake/train/F05_SSB11310301.wav,5
/USERSPACE/DATASETS/CodecFake/train/F05_SSB17390006.wav,5
/USERSPACE/DATASETS/CodecFake/train/F05_p297_202.wav,5
/USERSPACE/DATASETS/CodecFake/train/F05_SSB05700040.wav,5
/USERSPACE/DATASETS/CodecFake/train/F05_p237_281.wav,5
/USERSPACE/DATASETS/CodecFake/train/F05_p277_143.wav,5
/USERSPACE/DATASETS/CodecFake/train/F05_SSB09970417.wav,5
/USERSPACE/DATASETS/CodecFake/train/F05_p297_226.wav,5
/USERSPACE/DATASETS/CodecFake/train/F05_SSB11100087.wav,5
/USERSPACE/DATASETS/CodecFake/train/F05_p264_487.wav,5
/USERSPACE/DATASETS/CodecFake/train/F05_SSB02460105.wav,5
/USERSPACE/DATASETS/CodecFake/train/F05_SSB03660262.wav,5
/USERSPACE/DATASETS/CodecFake/train/F05_SSB06310399.wav,5
/USERSPACE/DATASETS/CodecFake/train/F05_SSB07160210.wav,5
/USERSPACE/DATASETS/CodecFake/train/F05_p283_007.wav,5
/USERSPACE/DATASETS/CodecFake/train/F05_SSB11250369.wav,5
/USERSPACE/DATASETS/CodecFake/train/F05_p323_128.wav,5
/USERSPACE/DATASETS/CodecFake/train/F05_SSB04820024.wav,5
/USERSPACE/DATASETS/CodecFake/train/F05_p272_343.wav,5
/USERSPACE/DATASETS/CodecFake/train/F05_p362_126.wav,5
/USERSPACE/DATASETS/CodecFake/train/F05_SSB00330308.wav,5
/USERSPACE/DATASETS/CodecFake/train/F05_p311_164.wav,5
/USERSPACE/DATASETS/CodecFake/train/F05_SSB07160491.wav,5
/USERSPACE/DATASETS/CodecFake/train/F05_SSB03390022.wav,5
/USERSPACE/DATASETS/CodecFake/train/F05_SSB06230055.wav,5
/USERSPACE/DATASETS/CodecFake/train/F05_p304_354.wav,5
/USERSPACE/DATASETS/CodecFake/train/F05_SSB15630386.wav,5
/USERSPACE/DATASETS/CodecFake/train/F05_SSB05700189.wav,5
/USERSPACE/DATASETS/CodecFake/train/F05_SSB03660266.wav,5
/USERSPACE/DATASETS/CodecFake/train/F05_SSB11000192.wav,5
/USERSPACE/DATASETS/CodecFake/train/F05_SSB18720026.wav,5
/USERSPACE/DATASETS/CodecFake/train/F05_p259_156.wav,5
/USERSPACE/DATASETS/CodecFake/train/F05_SSB19180369.wav,5
/USERSPACE/DATASETS/CodecFake/train/F05_SSB14480099.wav,5
/USERSPACE/DATASETS/CodecFake/train/F05_SSB10240404.wav,5
/USERSPACE/DATASETS/CodecFake/train/F05_SSB11380321.wav,5
/USERSPACE/DATASETS/CodecFake/train/F05_SSB18370250.wav,5
/USERSPACE/DATASETS/CodecFake/train/F05_p303_003.wav,5
/USERSPACE/DATASETS/CodecFake/train/F05_p294_064.wav,5
/USERSPACE/DATASETS/CodecFake/train/F05_SSB11350152.wav,5
/USERSPACE/DATASETS/CodecFake/train/F05_SSB06290181.wav,5
/USERSPACE/DATASETS/CodecFake/train/F05_SSB13400190.wav,5
/USERSPACE/DATASETS/CodecFake/train/F05_SSB03790370.wav,5
/USERSPACE/DATASETS/CodecFake/train/F05_SSB07170057.wav,5
/USERSPACE/DATASETS/CodecFake/train/F05_SSB07780251.wav,5
/USERSPACE/DATASETS/CodecFake/train/F05_p260_256.wav,5
/USERSPACE/DATASETS/CodecFake/train/F05_SSB07370106.wav,5
/USERSPACE/DATASETS/CodecFake/train/F05_SSB12740027.wav,5
/USERSPACE/DATASETS/CodecFake/train/F05_p297_410.wav,5
/USERSPACE/DATASETS/CodecFake/train/F05_SSB07460468.wav,5
/USERSPACE/DATASETS/CodecFake/train/F05_p297_370.wav,5
/USERSPACE/DATASETS/CodecFake/train/F05_SSB06030382.wav,5
/USERSPACE/DATASETS/CodecFake/train/F05_p239_200.wav,5
/USERSPACE/DATASETS/CodecFake/train/F05_SSB08220222.wav,5
/USERSPACE/DATASETS/CodecFake/train/F05_SSB16500097.wav,5
/USERSPACE/DATASETS/CodecFake/train/F05_SSB05990094.wav,5
/USERSPACE/DATASETS/CodecFake/train/F05_SSB03410292.wav,5
/USERSPACE/DATASETS/CodecFake/train/F05_SSB04700233.wav,5
/USERSPACE/DATASETS/CodecFake/train/F05_SSB03800424.wav,5
/USERSPACE/DATASETS/CodecFake/train/F05_SSB04270071.wav,5
/USERSPACE/DATASETS/CodecFake/train/F05_p333_393.wav,5
/USERSPACE/DATASETS/CodecFake/train/F05_p227_157.wav,5
/USERSPACE/DATASETS/CodecFake/train/F05_p261_106.wav,5
/USERSPACE/DATASETS/CodecFake/train/F05_SSB16500131.wav,5
/USERSPACE/DATASETS/CodecFake/train/F05_SSB06290016.wav,5
/USERSPACE/DATASETS/CodecFake/train/F05_p247_084.wav,5
/USERSPACE/DATASETS/CodecFake/train/F05_SSB06860037.wav,5
/USERSPACE/DATASETS/CodecFake/train/F05_p282_010.wav,5
/USERSPACE/DATASETS/CodecFake/train/F05_SSB04070426.wav,5
/USERSPACE/DATASETS/CodecFake/train/F05_p233_231.wav,5
/USERSPACE/DATASETS/CodecFake/train/F05_SSB09930044.wav,5
/USERSPACE/DATASETS/CodecFake/train/F05_p225_029.wav,5
/USERSPACE/DATASETS/CodecFake/train/F05_SSB13850173.wav,5
/USERSPACE/DATASETS/CodecFake/train/F05_SSB07600190.wav,5
/USERSPACE/DATASETS/CodecFake/train/F05_SSB10720399.wav,5
/USERSPACE/DATASETS/CodecFake/train/F05_p256_308.wav,5
/USERSPACE/DATASETS/CodecFake/train/F05_SSB06230073.wav,5
/USERSPACE/DATASETS/CodecFake/train/F05_SSB07780170.wav,5
/USERSPACE/DATASETS/CodecFake/train/F05_p335_326.wav,5
/USERSPACE/DATASETS/CodecFake/train/F05_p334_303.wav,5
/USERSPACE/DATASETS/CodecFake/train/F05_SSB01970116.wav,5
/USERSPACE/DATASETS/CodecFake/train/F05_SSB07370069.wav,5
/USERSPACE/DATASETS/CodecFake/train/F05_p247_278.wav,5
/USERSPACE/DATASETS/CodecFake/train/F05_SSB07940481.wav,5
/USERSPACE/DATASETS/CodecFake/train/F05_SSB12390179.wav,5
/USERSPACE/DATASETS/CodecFake/train/F05_SSB06090190.wav,5
/USERSPACE/DATASETS/CodecFake/train/F05_SSB02880033.wav,5
/USERSPACE/DATASETS/CodecFake/train/F05_SSB07170013.wav,5
/USERSPACE/DATASETS/CodecFake/train/F05_p286_114.wav,5
/USERSPACE/DATASETS/CodecFake/train/F05_SSB13660357.wav,5
/USERSPACE/DATASETS/CodecFake/train/F05_p227_339.wav,5
/USERSPACE/DATASETS/CodecFake/train/F05_SSB09350282.wav,5
/USERSPACE/DATASETS/CodecFake/train/F05_p341_045.wav,5
/USERSPACE/DATASETS/CodecFake/train/F05_p237_138.wav,5
/USERSPACE/DATASETS/CodecFake/train/F05_SSB00570007.wav,5
/USERSPACE/DATASETS/CodecFake/train/F05_SSB18280481.wav,5
/USERSPACE/DATASETS/CodecFake/train/F05_p240_223.wav,5
/USERSPACE/DATASETS/CodecFake/train/F05_p261_157.wav,5
/USERSPACE/DATASETS/CodecFake/train/F05_p280_316.wav,5
/USERSPACE/DATASETS/CodecFake/train/F05_SSB19560042.wav,5
/USERSPACE/DATASETS/CodecFake/train/F05_SSB13920403.wav,5
/USERSPACE/DATASETS/CodecFake/train/F05_SSB12150449.wav,5
/USERSPACE/DATASETS/CodecFake/train/F05_SSB12210099.wav,5
/USERSPACE/DATASETS/CodecFake/train/F05_SSB11260013.wav,5
/USERSPACE/DATASETS/CodecFake/train/F05_SSB03410015.wav,5
/USERSPACE/DATASETS/CodecFake/train/F05_SSB12190312.wav,5
/USERSPACE/DATASETS/CodecFake/train/F05_SSB10720269.wav,5
/USERSPACE/DATASETS/CodecFake/train/F05_SSB03750125.wav,5
/USERSPACE/DATASETS/CodecFake/train/F05_SSB15750343.wav,5
/USERSPACE/DATASETS/CodecFake/train/F05_SSB11350252.wav,5
/USERSPACE/DATASETS/CodecFake/train/F05_SSB05390059.wav,5
/USERSPACE/DATASETS/CodecFake/train/F05_p329_260.wav,5
/USERSPACE/DATASETS/CodecFake/train/F05_SSB01970195.wav,5
/USERSPACE/DATASETS/CodecFake/train/F05_SSB07000153.wav,5
/USERSPACE/DATASETS/CodecFake/train/F05_SSB02610503.wav,5
/USERSPACE/DATASETS/CodecFake/train/F05_p238_021.wav,5
/USERSPACE/DATASETS/CodecFake/train/F05_SSB10720409.wav,5
/USERSPACE/DATASETS/CodecFake/train/F05_SSB13020306.wav,5
/USERSPACE/DATASETS/CodecFake/train/F05_SSB03150190.wav,5
/USERSPACE/DATASETS/CodecFake/train/F05_SSB18910404.wav,5
/USERSPACE/DATASETS/CodecFake/train/F05_p283_431.wav,5
/USERSPACE/DATASETS/CodecFake/train/F05_SSB19020014.wav,5
/USERSPACE/DATASETS/CodecFake/train/F05_SSB09190120.wav,5
/USERSPACE/DATASETS/CodecFake/train/F05_SSB03540014.wav,5
/USERSPACE/DATASETS/CodecFake/train/F05_SSB03150300.wav,5
/USERSPACE/DATASETS/CodecFake/train/F05_SSB02990463.wav,5
/USERSPACE/DATASETS/CodecFake/train/F05_p304_011.wav,5
/USERSPACE/DATASETS/CodecFake/train/F05_SSB13280459.wav,5
/USERSPACE/DATASETS/CodecFake/train/F05_SSB06060178.wav,5
/USERSPACE/DATASETS/CodecFake/train/F05_p230_276.wav,5
/USERSPACE/DATASETS/CodecFake/train/F05_SSB17810273.wav,5
/USERSPACE/DATASETS/CodecFake/train/F05_SSB03930307.wav,5
/USERSPACE/DATASETS/CodecFake/train/F05_p257_188.wav,5
/USERSPACE/DATASETS/CodecFake/train/F05_SSB05440330.wav,5
/USERSPACE/DATASETS/CodecFake/train/F05_SSB01490017.wav,5
/USERSPACE/DATASETS/CodecFake/train/F05_p305_300.wav,5
/USERSPACE/DATASETS/CodecFake/train/F05_SSB06320155.wav,5
/USERSPACE/DATASETS/CodecFake/train/F05_p272_259.wav,5
/USERSPACE/DATASETS/CodecFake/train/F05_p307_410.wav,5
/USERSPACE/DATASETS/CodecFake/train/F05_SSB12180125.wav,5
/USERSPACE/DATASETS/CodecFake/train/F05_p335_310.wav,5
/USERSPACE/DATASETS/CodecFake/train/F05_SSB10200131.wav,5
/USERSPACE/DATASETS/CodecFake/train/F05_p335_065.wav,5
/USERSPACE/DATASETS/CodecFake/train/F05_SSB10720367.wav,5
/USERSPACE/DATASETS/CodecFake/train/F05_SSB13200476.wav,5
/USERSPACE/DATASETS/CodecFake/train/F05_SSB10200267.wav,5
/USERSPACE/DATASETS/CodecFake/train/F05_SSB11610451.wav,5
/USERSPACE/DATASETS/CodecFake/train/F05_p326_036.wav,5
/USERSPACE/DATASETS/CodecFake/train/F05_p299_342.wav,5
/USERSPACE/DATASETS/CodecFake/train/F05_p286_144.wav,5
/USERSPACE/DATASETS/CodecFake/train/F05_SSB07490277.wav,5
/USERSPACE/DATASETS/CodecFake/train/F05_SSB12180091.wav,5
/USERSPACE/DATASETS/CodecFake/train/F05_SSB01450143.wav,5
/USERSPACE/DATASETS/CodecFake/train/F05_SSB09350032.wav,5
/USERSPACE/DATASETS/CodecFake/train/F05_p251_298.wav,5
/USERSPACE/DATASETS/CodecFake/train/F05_p225_026.wav,5
/USERSPACE/DATASETS/CodecFake/train/F05_SSB05940047.wav,5
/USERSPACE/DATASETS/CodecFake/train/F05_SSB02880128.wav,5
/USERSPACE/DATASETS/CodecFake/train/F05_SSB04260426.wav,5
/USERSPACE/DATASETS/CodecFake/train/F05_SSB03420203.wav,5
/USERSPACE/DATASETS/CodecFake/train/F05_SSB16860393.wav,5
/USERSPACE/DATASETS/CodecFake/train/F05_SSB11000146.wav,5
/USERSPACE/DATASETS/CodecFake/train/F05_SSB09930118.wav,5
/USERSPACE/DATASETS/CodecFake/train/F05_SSB14570450.wav,5
/USERSPACE/DATASETS/CodecFake/train/F05_SSB00330157.wav,5
/USERSPACE/DATASETS/CodecFake/train/F05_SSB05880467.wav,5
/USERSPACE/DATASETS/CodecFake/train/F05_SSB06930291.wav,5
/USERSPACE/DATASETS/CodecFake/train/F05_SSB10720268.wav,5
/USERSPACE/DATASETS/CodecFake/train/F05_p284_393.wav,5
/USERSPACE/DATASETS/CodecFake/train/F05_p284_105.wav,5
/USERSPACE/DATASETS/CodecFake/train/F05_p311_078.wav,5
/USERSPACE/DATASETS/CodecFake/train/F05_p234_051.wav,5
/USERSPACE/DATASETS/CodecFake/train/F05_SSB10240091.wav,5
/USERSPACE/DATASETS/CodecFake/train/F05_SSB03230082.wav,5
/USERSPACE/DATASETS/CodecFake/train/F05_p298_276.wav,5
/USERSPACE/DATASETS/CodecFake/train/F05_SSB00430350.wav,5
/USERSPACE/DATASETS/CodecFake/train/F05_p261_438.wav,5
/USERSPACE/DATASETS/CodecFake/train/F05_SSB15930497.wav,5
/USERSPACE/DATASETS/CodecFake/train/F05_SSB15750504.wav,5
/USERSPACE/DATASETS/CodecFake/train/F05_SSB02610459.wav,5
/USERSPACE/DATASETS/CodecFake/train/F05_SSB10550309.wav,5
/USERSPACE/DATASETS/CodecFake/train/F05_SSB18280301.wav,5
/USERSPACE/DATASETS/CodecFake/train/F05_SSB07370190.wav,5
/USERSPACE/DATASETS/CodecFake/train/F05_SSB12190213.wav,5
/USERSPACE/DATASETS/CodecFake/train/F05_SSB13770399.wav,5
/USERSPACE/DATASETS/CodecFake/train/F05_SSB07840113.wav,5
/USERSPACE/DATASETS/CodecFake/train/F05_SSB02880322.wav,5
/USERSPACE/DATASETS/CodecFake/train/F05_p304_045.wav,5
/USERSPACE/DATASETS/CodecFake/train/F05_SSB02460020.wav,5
/USERSPACE/DATASETS/CodecFake/train/F05_SSB07490241.wav,5
/USERSPACE/DATASETS/CodecFake/train/F05_p232_057.wav,5
/USERSPACE/DATASETS/CodecFake/train/F05_SSB00180394.wav,5
/USERSPACE/DATASETS/CodecFake/train/F05_SSB02990152.wav,5
/USERSPACE/DATASETS/CodecFake/train/F05_SSB11310090.wav,5
/USERSPACE/DATASETS/CodecFake/train/F05_SSB08710238.wav,5
/USERSPACE/DATASETS/CodecFake/train/F05_SSB03950451.wav,5
/USERSPACE/DATASETS/CodecFake/train/F05_SSB00120033.wav,5
/USERSPACE/DATASETS/CodecFake/train/F05_SSB10560396.wav,5
/USERSPACE/DATASETS/CodecFake/train/F05_SSB08630146.wav,5
/USERSPACE/DATASETS/CodecFake/train/F05_p316_082.wav,5
/USERSPACE/DATASETS/CodecFake/train/F05_p281_184.wav,5
/USERSPACE/DATASETS/CodecFake/train/F05_SSB03750093.wav,5
/USERSPACE/DATASETS/CodecFake/train/F05_SSB02730331.wav,5
/USERSPACE/DATASETS/CodecFake/train/F05_p255_096.wav,5
/USERSPACE/DATASETS/CodecFake/train/F05_SSB19390277.wav,5
/USERSPACE/DATASETS/CodecFake/train/F05_SSB10200053.wav,5
/USERSPACE/DATASETS/CodecFake/train/F05_SSB03090450.wav,5
/USERSPACE/DATASETS/CodecFake/train/F05_SSB03410114.wav,5
/USERSPACE/DATASETS/CodecFake/train/F05_SSB03820028.wav,5
/USERSPACE/DATASETS/CodecFake/train/F05_SSB01120018.wav,5
/USERSPACE/DATASETS/CodecFake/train/F05_p323_005.wav,5
/USERSPACE/DATASETS/CodecFake/train/F05_SSB18630095.wav,5
/USERSPACE/DATASETS/CodecFake/train/F05_SSB07800131.wav,5
/USERSPACE/DATASETS/CodecFake/train/F05_SSB00570010.wav,5
/USERSPACE/DATASETS/CodecFake/train/F05_SSB06030056.wav,5
/USERSPACE/DATASETS/CodecFake/train/F05_p262_045.wav,5
/USERSPACE/DATASETS/CodecFake/train/F05_SSB07200415.wav,5
/USERSPACE/DATASETS/CodecFake/train/F05_SSB13770402.wav,5
/USERSPACE/DATASETS/CodecFake/train/F05_SSB05650197.wav,5
/USERSPACE/DATASETS/CodecFake/train/F05_SSB03820070.wav,5
/USERSPACE/DATASETS/CodecFake/train/F05_p230_031.wav,5
/USERSPACE/DATASETS/CodecFake/train/F05_p340_223.wav,5
/USERSPACE/DATASETS/CodecFake/train/F05_p301_228.wav,5
/USERSPACE/DATASETS/CodecFake/train/F05_SSB08510381.wav,5
/USERSPACE/DATASETS/CodecFake/train/F05_SSB19350202.wav,5
/USERSPACE/DATASETS/CodecFake/train/F05_p234_348.wav,5
/USERSPACE/DATASETS/CodecFake/train/F05_p254_183.wav,5
/USERSPACE/DATASETS/CodecFake/train/F05_SSB07800295.wav,5
/USERSPACE/DATASETS/CodecFake/train/F05_SSB05650414.wav,5
/USERSPACE/DATASETS/CodecFake/train/F05_SSB07000127.wav,5
/USERSPACE/DATASETS/CodecFake/train/F05_SSB07620303.wav,5
/USERSPACE/DATASETS/CodecFake/train/F05_SSB15670070.wav,5
/USERSPACE/DATASETS/CodecFake/train/F05_SSB03090020.wav,5
/USERSPACE/DATASETS/CodecFake/train/F05_SSB05780409.wav,5
/USERSPACE/DATASETS/CodecFake/train/F05_p252_332.wav,5
/USERSPACE/DATASETS/CodecFake/train/F05_SSB00110180.wav,5
/USERSPACE/DATASETS/CodecFake/train/F05_SSB11310244.wav,5
/USERSPACE/DATASETS/CodecFake/train/F05_SSB06860438.wav,5
/USERSPACE/DATASETS/CodecFake/train/F05_SSB18460320.wav,5
/USERSPACE/DATASETS/CodecFake/train/F05_SSB05650501.wav,5
/USERSPACE/DATASETS/CodecFake/train/F05_p302_284.wav,5
/USERSPACE/DATASETS/CodecFake/train/F05_p305_170.wav,5
/USERSPACE/DATASETS/CodecFake/train/F05_SSB06230400.wav,5
/USERSPACE/DATASETS/CodecFake/train/F05_p323_206.wav,5
/USERSPACE/DATASETS/CodecFake/train/F05_p286_222.wav,5
/USERSPACE/DATASETS/CodecFake/train/F05_p271_351.wav,5
/USERSPACE/DATASETS/CodecFake/train/F05_SSB07800391.wav,5
/USERSPACE/DATASETS/CodecFake/train/F05_SSB00800215.wav,5
/USERSPACE/DATASETS/CodecFake/train/F05_p340_035.wav,5
/USERSPACE/DATASETS/CodecFake/train/F05_SSB11360169.wav,5
/USERSPACE/DATASETS/CodecFake/train/F05_p340_098.wav,5
/USERSPACE/DATASETS/CodecFake/train/F05_SSB05900278.wav,5
/USERSPACE/DATASETS/CodecFake/train/F05_p316_365.wav,5
/USERSPACE/DATASETS/CodecFake/train/F05_SSB10960001.wav,5
/USERSPACE/DATASETS/CodecFake/train/F05_SSB15850011.wav,5
/USERSPACE/DATASETS/CodecFake/train/F05_p248_366.wav,5
/USERSPACE/DATASETS/CodecFake/train/F05_p329_157.wav,5
/USERSPACE/DATASETS/CodecFake/train/F05_p264_279.wav,5
/USERSPACE/DATASETS/CodecFake/train/F05_SSB07600486.wav,5
/USERSPACE/DATASETS/CodecFake/train/F05_p318_245.wav,5
/USERSPACE/DATASETS/CodecFake/train/F05_SSB18720423.wav,5
/USERSPACE/DATASETS/CodecFake/train/F05_p363_170.wav,5
/USERSPACE/DATASETS/CodecFake/train/F05_p343_100.wav,5
/USERSPACE/DATASETS/CodecFake/train/F05_SSB03790343.wav,5
/USERSPACE/DATASETS/CodecFake/train/F05_p284_327.wav,5
/USERSPACE/DATASETS/CodecFake/train/F05_SSB07490480.wav,5
/USERSPACE/DATASETS/CodecFake/train/F05_SSB07020093.wav,5
/USERSPACE/DATASETS/CodecFake/train/F05_SSB11380036.wav,5
/USERSPACE/DATASETS/CodecFake/train/F05_SSB05780279.wav,5
/USERSPACE/DATASETS/CodecFake/train/F05_SSB18720198.wav,5
/USERSPACE/DATASETS/CodecFake/train/F05_SSB02730330.wav,5
/USERSPACE/DATASETS/CodecFake/train/F05_p241_196.wav,5
/USERSPACE/DATASETS/CodecFake/train/F05_p274_459.wav,5
/USERSPACE/DATASETS/CodecFake/train/F05_SSB13820098.wav,5
/USERSPACE/DATASETS/CodecFake/train/F05_p330_205.wav,5
/USERSPACE/DATASETS/CodecFake/train/F05_SSB04070098.wav,5
/USERSPACE/DATASETS/CodecFake/train/F05_SSB11610049.wav,5
/USERSPACE/DATASETS/CodecFake/train/F05_SSB00110406.wav,5
/USERSPACE/DATASETS/CodecFake/train/F05_p281_071.wav,5
/USERSPACE/DATASETS/CodecFake/train/F05_SSB10200130.wav,5
/USERSPACE/DATASETS/CodecFake/train/F05_SSB00330473.wav,5
/USERSPACE/DATASETS/CodecFake/train/F05_SSB15850435.wav,5
/USERSPACE/DATASETS/CodecFake/train/F05_SSB00110478.wav,5
/USERSPACE/DATASETS/CodecFake/train/F05_p251_165.wav,5
/USERSPACE/DATASETS/CodecFake/train/F05_SSB04700229.wav,5
/USERSPACE/DATASETS/CodecFake/train/F05_p229_239.wav,5
/USERSPACE/DATASETS/CodecFake/train/F05_p281_098.wav,5
/USERSPACE/DATASETS/CodecFake/train/F05_p336_176.wav,5
/USERSPACE/DATASETS/CodecFake/train/F05_p300_167.wav,5
/USERSPACE/DATASETS/CodecFake/train/F05_SSB02870097.wav,5
/USERSPACE/DATASETS/CodecFake/train/F05_SSB00800418.wav,5
/USERSPACE/DATASETS/CodecFake/train/F05_SSB06030337.wav,5
/USERSPACE/DATASETS/CodecFake/train/F05_SSB05990005.wav,5
/USERSPACE/DATASETS/CodecFake/train/F05_p272_364.wav,5
/USERSPACE/DATASETS/CodecFake/train/F05_SSB03420040.wav,5
/USERSPACE/DATASETS/CodecFake/train/F05_SSB16700414.wav,5
/USERSPACE/DATASETS/CodecFake/train/F05_SSB03660503.wav,5
/USERSPACE/DATASETS/CodecFake/train/F05_SSB16700451.wav,5
/USERSPACE/DATASETS/CodecFake/train/F05_SSB00120093.wav,5
/USERSPACE/DATASETS/CodecFake/train/F05_p323_133.wav,5
/USERSPACE/DATASETS/CodecFake/train/F05_p334_357.wav,5
/USERSPACE/DATASETS/CodecFake/train/F05_SSB02410098.wav,5
/USERSPACE/DATASETS/CodecFake/train/F05_p286_255.wav,5
/USERSPACE/DATASETS/CodecFake/train/F05_p335_037.wav,5
/USERSPACE/DATASETS/CodecFake/train/F05_SSB10240104.wav,5
/USERSPACE/DATASETS/CodecFake/train/F05_SSB05020487.wav,5
/USERSPACE/DATASETS/CodecFake/train/F05_SSB11080201.wav,5
/USERSPACE/DATASETS/CodecFake/train/F05_SSB18320213.wav,5
/USERSPACE/DATASETS/CodecFake/train/F05_SSB00050264.wav,5
/USERSPACE/DATASETS/CodecFake/train/F05_SSB04700458.wav,5
/USERSPACE/DATASETS/CodecFake/train/F05_SSB03380287.wav,5
/USERSPACE/DATASETS/CodecFake/train/F05_SSB03850446.wav,5
/USERSPACE/DATASETS/CodecFake/train/F05_SSB19020042.wav,5
/USERSPACE/DATASETS/CodecFake/train/F05_SSB05650375.wav,5
/USERSPACE/DATASETS/CodecFake/train/F05_p297_213.wav,5
/USERSPACE/DATASETS/CodecFake/train/F05_p339_063.wav,5
/USERSPACE/DATASETS/CodecFake/train/F05_p326_123.wav,5
/USERSPACE/DATASETS/CodecFake/train/F05_SSB13400199.wav,5
/USERSPACE/DATASETS/CodecFake/train/F05_p253_344.wav,5
/USERSPACE/DATASETS/CodecFake/train/F05_SSB19180494.wav,5
/USERSPACE/DATASETS/CodecFake/train/F05_p330_254.wav,5
/USERSPACE/DATASETS/CodecFake/train/F05_SSB07000348.wav,5
/USERSPACE/DATASETS/CodecFake/train/F05_SSB02000349.wav,5
/USERSPACE/DATASETS/CodecFake/train/F05_SSB00800371.wav,5
/USERSPACE/DATASETS/CodecFake/train/F05_SSB06140478.wav,5
/USERSPACE/DATASETS/CodecFake/train/F05_SSB06060253.wav,5
/USERSPACE/DATASETS/CodecFake/train/F05_p257_130.wav,5
/USERSPACE/DATASETS/CodecFake/train/F05_SSB17820105.wav,5
/USERSPACE/DATASETS/CodecFake/train/F05_p318_194.wav,5
/USERSPACE/DATASETS/CodecFake/train/F05_p245_311.wav,5
/USERSPACE/DATASETS/CodecFake/train/F05_p227_373.wav,5
/USERSPACE/DATASETS/CodecFake/train/F05_p374_364.wav,5
/USERSPACE/DATASETS/CodecFake/train/F05_SSB05900168.wav,5
/USERSPACE/DATASETS/CodecFake/train/F05_p229_224.wav,5
/USERSPACE/DATASETS/CodecFake/train/F05_p252_149.wav,5
/USERSPACE/DATASETS/CodecFake/train/F05_p297_068.wav,5
/USERSPACE/DATASETS/CodecFake/train/F05_SSB18780338.wav,5
/USERSPACE/DATASETS/CodecFake/train/F05_SSB02730189.wav,5
/USERSPACE/DATASETS/CodecFake/train/F05_SSB03380167.wav,5
/USERSPACE/DATASETS/CodecFake/train/F05_p301_301.wav,5
/USERSPACE/DATASETS/CodecFake/train/F05_p227_233.wav,5
/USERSPACE/DATASETS/CodecFake/train/F05_SSB12040130.wav,5
/USERSPACE/DATASETS/CodecFake/train/F05_SSB06680075.wav,5
/USERSPACE/DATASETS/CodecFake/train/F05_p225_274.wav,5
/USERSPACE/DATASETS/CodecFake/train/F05_p259_373.wav,5
/USERSPACE/DATASETS/CodecFake/train/F05_p234_104.wav,5
/USERSPACE/DATASETS/CodecFake/train/F05_SSB11000453.wav,5
/USERSPACE/DATASETS/CodecFake/train/F05_SSB00050434.wav,5
/USERSPACE/DATASETS/CodecFake/train/F05_p227_067.wav,5
/USERSPACE/DATASETS/CodecFake/train/F05_p255_145.wav,5
/USERSPACE/DATASETS/CodecFake/train/F05_p340_124.wav,5
/USERSPACE/DATASETS/CodecFake/train/F05_p294_068.wav,5
/USERSPACE/DATASETS/CodecFake/train/F05_SSB05350161.wav,5
/USERSPACE/DATASETS/CodecFake/train/F05_p293_322.wav,5
/USERSPACE/DATASETS/CodecFake/train/F05_p341_021.wav,5
/USERSPACE/DATASETS/CodecFake/train/F05_SSB07460090.wav,5
/USERSPACE/DATASETS/CodecFake/train/F05_SSB08510038.wav,5
/USERSPACE/DATASETS/CodecFake/train/F05_SSB03750059.wav,5
/USERSPACE/DATASETS/CodecFake/train/F05_SSB06930384.wav,5
/USERSPACE/DATASETS/CodecFake/train/F05_SSB19390116.wav,5
/USERSPACE/DATASETS/CodecFake/train/F05_SSB18910148.wav,5
/USERSPACE/DATASETS/CodecFake/train/F05_SSB13220326.wav,5
/USERSPACE/DATASETS/CodecFake/train/F05_p304_261.wav,5
/USERSPACE/DATASETS/CodecFake/train/F05_SSB10560394.wav,5
/USERSPACE/DATASETS/CodecFake/train/F05_SSB04150243.wav,5
/USERSPACE/DATASETS/CodecFake/train/F05_SSB09870432.wav,5
/USERSPACE/DATASETS/CodecFake/train/F05_p295_410.wav,5
/USERSPACE/DATASETS/CodecFake/train/F05_p228_282.wav,5
/USERSPACE/DATASETS/CodecFake/train/F05_SSB01970199.wav,5
/USERSPACE/DATASETS/CodecFake/train/F05_p266_107.wav,5
/USERSPACE/DATASETS/CodecFake/train/F05_p275_214.wav,5
/USERSPACE/DATASETS/CodecFake/train/F05_p274_154.wav,5
/USERSPACE/DATASETS/CodecFake/train/F05_p335_117.wav,5
/USERSPACE/DATASETS/CodecFake/train/F05_SSB15850030.wav,5
/USERSPACE/DATASETS/CodecFake/train/F05_SSB06140489.wav,5
/USERSPACE/DATASETS/CodecFake/train/F05_SSB05880130.wav,5
/USERSPACE/DATASETS/CodecFake/train/F05_SSB16240002.wav,5
/USERSPACE/DATASETS/CodecFake/train/F05_SSB16240400.wav,5
/USERSPACE/DATASETS/CodecFake/train/F05_SSB19560340.wav,5
/USERSPACE/DATASETS/CodecFake/train/F05_SSB13410352.wav,5
/USERSPACE/DATASETS/CodecFake/train/F05_p268_271.wav,5
/USERSPACE/DATASETS/CodecFake/train/F05_p246_085.wav,5
/USERSPACE/DATASETS/CodecFake/train/F05_SSB00180423.wav,5
/USERSPACE/DATASETS/CodecFake/train/F05_p318_212.wav,5
/USERSPACE/DATASETS/CodecFake/train/F05_SSB07780173.wav,5
/USERSPACE/DATASETS/CodecFake/train/F05_SSB02880341.wav,5
/USERSPACE/DATASETS/CodecFake/train/F05_SSB06070313.wav,5
/USERSPACE/DATASETS/CodecFake/train/F05_p334_147.wav,5
/USERSPACE/DATASETS/CodecFake/train/F05_SSB05990338.wav,5
/USERSPACE/DATASETS/CodecFake/train/F05_SSB04820046.wav,5
/USERSPACE/DATASETS/CodecFake/train/F05_p315_031.wav,5
/USERSPACE/DATASETS/CodecFake/train/F05_SSB00160014.wav,5
/USERSPACE/DATASETS/CodecFake/train/F05_SSB03090093.wav,5
/USERSPACE/DATASETS/CodecFake/train/F05_SSB06070351.wav,5
/USERSPACE/DATASETS/CodecFake/train/F05_p304_233.wav,5
/USERSPACE/DATASETS/CodecFake/train/F05_SSB06140466.wav,5
/USERSPACE/DATASETS/CodecFake/train/F05_p236_390.wav,5
/USERSPACE/DATASETS/CodecFake/train/F05_p267_188.wav,5
/USERSPACE/DATASETS/CodecFake/train/F05_SSB10560201.wav,5
/USERSPACE/DATASETS/CodecFake/train/F05_SSB17820099.wav,5
/USERSPACE/DATASETS/CodecFake/train/F05_SSB18280447.wav,5
/USERSPACE/DATASETS/CodecFake/train/F05_SSB09190297.wav,5
/USERSPACE/DATASETS/CodecFake/train/F05_SSB09870080.wav,5
/USERSPACE/DATASETS/CodecFake/train/F05_p261_029.wav,5
/USERSPACE/DATASETS/CodecFake/train/F05_p315_319.wav,5
/USERSPACE/DATASETS/CodecFake/train/F05_SSB19560325.wav,5
/USERSPACE/DATASETS/CodecFake/train/F05_SSB05340127.wav,5
/USERSPACE/DATASETS/CodecFake/train/F05_p300_156.wav,5
/USERSPACE/DATASETS/CodecFake/train/F05_SSB18630268.wav,5
/USERSPACE/DATASETS/CodecFake/train/F05_SSB19560222.wav,5
/USERSPACE/DATASETS/CodecFake/train/F05_SSB07840421.wav,5
/USERSPACE/DATASETS/CodecFake/train/F05_p305_404.wav,5
/USERSPACE/DATASETS/CodecFake/train/F05_p259_082.wav,5
/USERSPACE/DATASETS/CodecFake/train/F05_SSB17110232.wav,5
/USERSPACE/DATASETS/CodecFake/train/F05_SSB10550148.wav,5
/USERSPACE/DATASETS/CodecFake/train/F05_SSB11250131.wav,5
/USERSPACE/DATASETS/CodecFake/train/F05_SSB13660192.wav,5
/USERSPACE/DATASETS/CodecFake/train/F05_p250_306.wav,5
/USERSPACE/DATASETS/CodecFake/train/F05_SSB05990437.wav,5
/USERSPACE/DATASETS/CodecFake/train/F05_SSB10910137.wav,5
/USERSPACE/DATASETS/CodecFake/train/F05_SSB04070154.wav,5
/USERSPACE/DATASETS/CodecFake/train/F05_SSB18090020.wav,5
/USERSPACE/DATASETS/CodecFake/train/F05_p226_269.wav,5
/USERSPACE/DATASETS/CodecFake/train/F05_SSB05780393.wav,5
/USERSPACE/DATASETS/CodecFake/train/F05_p225_179.wav,5
/USERSPACE/DATASETS/CodecFake/train/F05_SSB03420393.wav,5
/USERSPACE/DATASETS/CodecFake/train/F05_p255_357.wav,5
/USERSPACE/DATASETS/CodecFake/train/F05_p259_002.wav,5
/USERSPACE/DATASETS/CodecFake/train/F05_SSB00800293.wav,5
/USERSPACE/DATASETS/CodecFake/train/F05_p240_035.wav,5
/USERSPACE/DATASETS/CodecFake/train/F05_SSB03950207.wav,5
/USERSPACE/DATASETS/CodecFake/train/F05_SSB03540208.wav,5
/USERSPACE/DATASETS/CodecFake/train/F05_SSB07100196.wav,5
/USERSPACE/DATASETS/CodecFake/train/F05_p270_313.wav,5
/USERSPACE/DATASETS/CodecFake/train/F05_SSB01390298.wav,5
/USERSPACE/DATASETS/CodecFake/train/F05_p228_332.wav,5
/USERSPACE/DATASETS/CodecFake/train/F05_SSB05340182.wav,5
/USERSPACE/DATASETS/CodecFake/train/F05_SSB03150468.wav,5
/USERSPACE/DATASETS/CodecFake/train/F05_SSB15750032.wav,5
/USERSPACE/DATASETS/CodecFake/train/F05_p360_331.wav,5
/USERSPACE/DATASETS/CodecFake/train/F05_SSB01490429.wav,5
/USERSPACE/DATASETS/CodecFake/train/F05_SSB06310305.wav,5
/USERSPACE/DATASETS/CodecFake/train/F05_SSB16240302.wav,5
/USERSPACE/DATASETS/CodecFake/train/F05_p267_191.wav,5
/USERSPACE/DATASETS/CodecFake/train/F05_SSB06290063.wav,5
/USERSPACE/DATASETS/CodecFake/train/F05_SSB06090158.wav,5
/USERSPACE/DATASETS/CodecFake/train/F05_SSB04700089.wav,5
/USERSPACE/DATASETS/CodecFake/train/F05_SSB01390308.wav,5
/USERSPACE/DATASETS/CodecFake/train/F05_p263_453.wav,5
/USERSPACE/DATASETS/CodecFake/train/F05_SSB02460128.wav,5
/USERSPACE/DATASETS/CodecFake/train/F05_SSB15850437.wav,5
/USERSPACE/DATASETS/CodecFake/train/F05_SSB03660389.wav,5
/USERSPACE/DATASETS/CodecFake/train/F05_p278_355.wav,5
/USERSPACE/DATASETS/CodecFake/train/F05_SSB00110445.wav,5
/USERSPACE/DATASETS/CodecFake/train/F05_SSB04340011.wav,5
/USERSPACE/DATASETS/CodecFake/train/F05_SSB18630009.wav,5
/USERSPACE/DATASETS/CodecFake/train/F05_p230_309.wav,5
/USERSPACE/DATASETS/CodecFake/train/F05_p226_302.wav,5
/USERSPACE/DATASETS/CodecFake/train/F05_SSB19390172.wav,5
/USERSPACE/DATASETS/CodecFake/train/F05_p283_066.wav,5
/USERSPACE/DATASETS/CodecFake/train/F05_SSB16250470.wav,5
/USERSPACE/DATASETS/CodecFake/train/F05_p312_274.wav,5
/USERSPACE/DATASETS/CodecFake/train/F05_SSB06090288.wav,5
/USERSPACE/DATASETS/CodecFake/train/F05_p230_282.wav,5
/USERSPACE/DATASETS/CodecFake/train/F05_SSB00330509.wav,5
/USERSPACE/DATASETS/CodecFake/train/F05_SSB09970031.wav,5
/USERSPACE/DATASETS/CodecFake/train/F05_p246_273.wav,5
/USERSPACE/DATASETS/CodecFake/train/F05_SSB07480444.wav,5
/USERSPACE/DATASETS/CodecFake/train/F05_p263_369.wav,5
/USERSPACE/DATASETS/CodecFake/train/F05_p313_207.wav,5
/USERSPACE/DATASETS/CodecFake/train/F05_SSB05020024.wav,5
/USERSPACE/DATASETS/CodecFake/train/F05_p278_037.wav,5
/USERSPACE/DATASETS/CodecFake/train/F05_p272_308.wav,5
/USERSPACE/DATASETS/CodecFake/train/F05_p272_226.wav,5
/USERSPACE/DATASETS/CodecFake/train/F05_p293_156.wav,5
/USERSPACE/DATASETS/CodecFake/train/F05_p273_397.wav,5
/USERSPACE/DATASETS/CodecFake/train/F05_p253_313.wav,5
/USERSPACE/DATASETS/CodecFake/train/F05_SSB04270354.wav,5
/USERSPACE/DATASETS/CodecFake/train/F05_p285_298.wav,5
/USERSPACE/DATASETS/CodecFake/train/F05_p248_370.wav,5
/USERSPACE/DATASETS/CodecFake/train/F05_SSB07170361.wav,5
/USERSPACE/DATASETS/CodecFake/train/F05_SSB00330142.wav,5
/USERSPACE/DATASETS/CodecFake/train/F05_SSB15750231.wav,5
/USERSPACE/DATASETS/CodecFake/train/F05_p293_001.wav,5
/USERSPACE/DATASETS/CodecFake/train/F05_SSB07460487.wav,5
/USERSPACE/DATASETS/CodecFake/train/F05_p293_207.wav,5
/USERSPACE/DATASETS/CodecFake/train/F05_p292_249.wav,5
/USERSPACE/DATASETS/CodecFake/train/F05_SSB01930488.wav,5
/USERSPACE/DATASETS/CodecFake/train/F05_p226_224.wav,5
/USERSPACE/DATASETS/CodecFake/train/F05_p305_252.wav,5
/USERSPACE/DATASETS/CodecFake/train/F05_p271_276.wav,5
/USERSPACE/DATASETS/CodecFake/train/F05_SSB04270299.wav,5
/USERSPACE/DATASETS/CodecFake/train/F05_p225_192.wav,5
/USERSPACE/DATASETS/CodecFake/train/F05_p305_357.wav,5
/USERSPACE/DATASETS/CodecFake/train/F05_SSB08630075.wav,5
/USERSPACE/DATASETS/CodecFake/train/F05_SSB07860172.wav,5
/USERSPACE/DATASETS/CodecFake/train/F05_p285_120.wav,5
/USERSPACE/DATASETS/CodecFake/train/F05_SSB10720120.wav,5
/USERSPACE/DATASETS/CodecFake/train/F05_SSB10240362.wav,5
/USERSPACE/DATASETS/CodecFake/train/F05_p335_333.wav,5
/USERSPACE/DATASETS/CodecFake/train/F05_SSB06310108.wav,5
/USERSPACE/DATASETS/CodecFake/train/F05_SSB02880425.wav,5
/USERSPACE/DATASETS/CodecFake/train/F05_SSB06660082.wav,5
/USERSPACE/DATASETS/CodecFake/train/F05_SSB18060489.wav,5
/USERSPACE/DATASETS/CodecFake/train/F05_SSB13200447.wav,5
/USERSPACE/DATASETS/CodecFake/train/F05_SSB03230325.wav,5
/USERSPACE/DATASETS/CodecFake/train/F05_SSB01390438.wav,5
/USERSPACE/DATASETS/CodecFake/train/F05_p278_318.wav,5
/USERSPACE/DATASETS/CodecFake/train/F05_SSB04820240.wav,5
/USERSPACE/DATASETS/CodecFake/train/F05_SSB07510173.wav,5
/USERSPACE/DATASETS/CodecFake/train/F05_SSB00570320.wav,5
/USERSPACE/DATASETS/CodecFake/train/F05_SSB07490053.wav,5
/USERSPACE/DATASETS/CodecFake/train/F05_SSB00110196.wav,5
/USERSPACE/DATASETS/CodecFake/train/F05_SSB18100331.wav,5
/USERSPACE/DATASETS/CodecFake/train/F05_SSB12190018.wav,5
/USERSPACE/DATASETS/CodecFake/train/F05_SSB10020024.wav,5
/USERSPACE/DATASETS/CodecFake/train/F05_p231_233.wav,5
/USERSPACE/DATASETS/CodecFake/train/F05_SSB11350105.wav,5
/USERSPACE/DATASETS/CodecFake/train/F05_SSB03940013.wav,5
/USERSPACE/DATASETS/CodecFake/train/F05_SSB02000088.wav,5
/USERSPACE/DATASETS/CodecFake/train/F05_SSB13930254.wav,5
/USERSPACE/DATASETS/CodecFake/train/F05_SSB17590324.wav,5
/USERSPACE/DATASETS/CodecFake/train/F05_SSB14080330.wav,5
/USERSPACE/DATASETS/CodecFake/train/F05_SSB08170321.wav,5
/USERSPACE/DATASETS/CodecFake/train/F05_SSB01390201.wav,5
/USERSPACE/DATASETS/CodecFake/train/F05_p262_284.wav,5
/USERSPACE/DATASETS/CodecFake/train/F05_SSB01970342.wav,5
/USERSPACE/DATASETS/CodecFake/train/F05_SSB05780027.wav,5
/USERSPACE/DATASETS/CodecFake/train/F05_p363_373.wav,5
/USERSPACE/DATASETS/CodecFake/train/F05_p335_269.wav,5
/USERSPACE/DATASETS/CodecFake/train/F05_p266_239.wav,5
/USERSPACE/DATASETS/CodecFake/train/F05_p247_377.wav,5
/USERSPACE/DATASETS/CodecFake/train/F05_p241_108.wav,5
/USERSPACE/DATASETS/CodecFake/train/F05_SSB05340503.wav,5
/USERSPACE/DATASETS/CodecFake/train/F05_SSB06320308.wav,5
/USERSPACE/DATASETS/CodecFake/train/F05_SSB01450419.wav,5
/USERSPACE/DATASETS/CodecFake/train/F05_p270_056.wav,5
/USERSPACE/DATASETS/CodecFake/train/F05_SSB03660330.wav,5
/USERSPACE/DATASETS/CodecFake/train/F05_SSB15930358.wav,5
/USERSPACE/DATASETS/CodecFake/train/F05_SSB06290164.wav,5
/USERSPACE/DATASETS/CodecFake/train/F05_p281_451.wav,5
/USERSPACE/DATASETS/CodecFake/train/F05_SSB12740259.wav,5
/USERSPACE/DATASETS/CodecFake/train/F05_SSB05340456.wav,5
/USERSPACE/DATASETS/CodecFake/train/F05_SSB03750187.wav,5
/USERSPACE/DATASETS/CodecFake/train/F05_SSB03660021.wav,5
/USERSPACE/DATASETS/CodecFake/train/F05_SSB09870319.wav,5
/USERSPACE/DATASETS/CodecFake/train/F05_p255_174.wav,5
/USERSPACE/DATASETS/CodecFake/train/F05_p287_024.wav,5
/USERSPACE/DATASETS/CodecFake/train/F05_p363_044.wav,5
/USERSPACE/DATASETS/CodecFake/train/F05_SSB05900254.wav,5
/USERSPACE/DATASETS/CodecFake/train/F05_p263_391.wav,5
/USERSPACE/DATASETS/CodecFake/train/F05_SSB13280330.wav,5
/USERSPACE/DATASETS/CodecFake/train/F05_SSB05880058.wav,5
/USERSPACE/DATASETS/CodecFake/train/F05_SSB18630303.wav,5
/USERSPACE/DATASETS/CodecFake/train/F05_SSB04070313.wav,5
/USERSPACE/DATASETS/CodecFake/train/F05_SSB04070364.wav,5
/USERSPACE/DATASETS/CodecFake/train/F05_SSB07100149.wav,5
/USERSPACE/DATASETS/CodecFake/train/F05_SSB07600306.wav,5
/USERSPACE/DATASETS/CodecFake/train/F05_SSB11360274.wav,5
/USERSPACE/DATASETS/CodecFake/train/F05_SSB00120008.wav,5
/USERSPACE/DATASETS/CodecFake/train/F05_p347_031.wav,5
/USERSPACE/DATASETS/CodecFake/train/F05_SSB00160028.wav,5
/USERSPACE/DATASETS/CodecFake/train/F05_SSB00380252.wav,5
/USERSPACE/DATASETS/CodecFake/train/F05_p248_239.wav,5
/USERSPACE/DATASETS/CodecFake/train/F05_p227_314.wav,5
/USERSPACE/DATASETS/CodecFake/train/F05_p334_230.wav,5
/USERSPACE/DATASETS/CodecFake/train/F05_SSB11310127.wav,5
/USERSPACE/DATASETS/CodecFake/train/F05_SSB05390408.wav,5
/USERSPACE/DATASETS/CodecFake/train/F05_p237_271.wav,5
/USERSPACE/DATASETS/CodecFake/train/F05_SSB10020151.wav,5
/USERSPACE/DATASETS/CodecFake/train/F05_SSB12030067.wav,5
/USERSPACE/DATASETS/CodecFake/train/F05_p295_196.wav,5
/USERSPACE/DATASETS/CodecFake/train/F05_SSB01120135.wav,5
/USERSPACE/DATASETS/CodecFake/train/F05_SSB06030161.wav,5
/USERSPACE/DATASETS/CodecFake/train/F05_p276_445.wav,5
/USERSPACE/DATASETS/CodecFake/train/F05_p274_108.wav,5
/USERSPACE/DATASETS/CodecFake/train/F05_SSB04340151.wav,5
/USERSPACE/DATASETS/CodecFake/train/F05_SSB11250320.wav,5
/USERSPACE/DATASETS/CodecFake/train/F05_SSB13850315.wav,5
/USERSPACE/DATASETS/CodecFake/train/F05_SSB10910200.wav,5
/USERSPACE/DATASETS/CodecFake/train/F05_SSB02000274.wav,5
/USERSPACE/DATASETS/CodecFake/train/F05_SSB09870367.wav,5
/USERSPACE/DATASETS/CodecFake/train/F05_p247_366.wav,5
/USERSPACE/DATASETS/CodecFake/train/F05_SSB13200340.wav,5
/USERSPACE/DATASETS/CodecFake/train/F05_p361_414.wav,5
/USERSPACE/DATASETS/CodecFake/train/F05_p244_319.wav,5
/USERSPACE/DATASETS/CodecFake/train/F05_SSB07510439.wav,5
/USERSPACE/DATASETS/CodecFake/train/F05_SSB07200176.wav,5
/USERSPACE/DATASETS/CodecFake/train/F05_SSB07100497.wav,5
/USERSPACE/DATASETS/CodecFake/train/F05_p333_046.wav,5
/USERSPACE/DATASETS/CodecFake/train/F05_SSB15670060.wav,5
/USERSPACE/DATASETS/CodecFake/train/F05_p248_322.wav,5
/USERSPACE/DATASETS/CodecFake/train/F05_p239_248.wav,5
/USERSPACE/DATASETS/CodecFake/train/F05_SSB18280052.wav,5
/USERSPACE/DATASETS/CodecFake/train/F05_SSB18910033.wav,5
/USERSPACE/DATASETS/CodecFake/train/F05_p281_204.wav,5
/USERSPACE/DATASETS/CodecFake/train/F05_SSB10240430.wav,5
/USERSPACE/DATASETS/CodecFake/train/F05_SSB07000465.wav,5
/USERSPACE/DATASETS/CodecFake/train/F05_SSB06010412.wav,5
/USERSPACE/DATASETS/CodecFake/train/F05_SSB17590373.wav,5
/USERSPACE/DATASETS/CodecFake/train/F05_p281_159.wav,5
/USERSPACE/DATASETS/CodecFake/train/F05_SSB06010369.wav,5
/USERSPACE/DATASETS/CodecFake/train/F05_SSB09130163.wav,5
/USERSPACE/DATASETS/CodecFake/train/F05_SSB19180211.wav,5
/USERSPACE/DATASETS/CodecFake/train/F05_p241_203.wav,5
/USERSPACE/DATASETS/CodecFake/train/F05_SSB11610163.wav,5
/USERSPACE/DATASETS/CodecFake/train/F05_SSB10500411.wav,5
/USERSPACE/DATASETS/CodecFake/train/F05_p302_274.wav,5
/USERSPACE/DATASETS/CodecFake/train/F05_p363_191.wav,5
/USERSPACE/DATASETS/CodecFake/train/F05_SSB17590438.wav,5
/USERSPACE/DATASETS/CodecFake/train/F05_SSB07000260.wav,5
/USERSPACE/DATASETS/CodecFake/train/F05_SSB17820023.wav,5
/USERSPACE/DATASETS/CodecFake/train/F05_p376_248.wav,5
/USERSPACE/DATASETS/CodecFake/train/F05_SSB10000193.wav,5
/USERSPACE/DATASETS/CodecFake/train/F05_SSB00110030.wav,5
/USERSPACE/DATASETS/CodecFake/train/F05_SSB04150028.wav,5
/USERSPACE/DATASETS/CodecFake/train/F05_SSB05650455.wav,5
/USERSPACE/DATASETS/CodecFake/train/F05_SSB07860098.wav,5
/USERSPACE/DATASETS/CodecFake/train/F05_p273_300.wav,5
/USERSPACE/DATASETS/CodecFake/train/F05_p250_223.wav,5
/USERSPACE/DATASETS/CodecFake/train/F05_p288_254.wav,5
/USERSPACE/DATASETS/CodecFake/train/F05_SSB00120444.wav,5
/USERSPACE/DATASETS/CodecFake/train/F05_SSB07860176.wav,5
/USERSPACE/DATASETS/CodecFake/train/F05_p323_179.wav,5
/USERSPACE/DATASETS/CodecFake/train/F05_SSB01120349.wav,5
/USERSPACE/DATASETS/CodecFake/train/F05_p333_027.wav,5
/USERSPACE/DATASETS/CodecFake/train/F05_SSB05780250.wav,5
/USERSPACE/DATASETS/CodecFake/train/F05_SSB05990323.wav,5
/USERSPACE/DATASETS/CodecFake/train/F05_SSB13920090.wav,5
/USERSPACE/DATASETS/CodecFake/train/F05_SSB00800435.wav,5
/USERSPACE/DATASETS/CodecFake/train/F05_SSB07370093.wav,5
/USERSPACE/DATASETS/CodecFake/train/F05_p335_048.wav,5
/USERSPACE/DATASETS/CodecFake/train/F05_SSB19390233.wav,5
/USERSPACE/DATASETS/CodecFake/train/F05_SSB06140487.wav,5
/USERSPACE/DATASETS/CodecFake/train/F05_SSB06660255.wav,5
/USERSPACE/DATASETS/CodecFake/train/F05_p237_318.wav,5
/USERSPACE/DATASETS/CodecFake/train/F05_SSB11310281.wav,5
/USERSPACE/DATASETS/CodecFake/train/F05_p314_385.wav,5
/USERSPACE/DATASETS/CodecFake/train/F05_p262_047.wav,5
/USERSPACE/DATASETS/CodecFake/train/F05_p274_210.wav,5
/USERSPACE/DATASETS/CodecFake/train/F05_p264_411.wav,5
/USERSPACE/DATASETS/CodecFake/train/F05_SSB10720088.wav,5
/USERSPACE/DATASETS/CodecFake/train/F05_SSB05940062.wav,5
/USERSPACE/DATASETS/CodecFake/train/F05_SSB07100066.wav,5
/USERSPACE/DATASETS/CodecFake/train/F05_p361_272.wav,5
/USERSPACE/DATASETS/CodecFake/train/F05_p330_117.wav,5
/USERSPACE/DATASETS/CodecFake/train/F05_SSB05020344.wav,5
/USERSPACE/DATASETS/CodecFake/train/F05_SSB12040385.wav,5
/USERSPACE/DATASETS/CodecFake/train/F05_p293_144.wav,5
/USERSPACE/DATASETS/CodecFake/train/F05_p376_164.wav,5
/USERSPACE/DATASETS/CodecFake/train/F05_SSB07100483.wav,5
/USERSPACE/DATASETS/CodecFake/train/F05_p283_351.wav,5
/USERSPACE/DATASETS/CodecFake/train/F05_SSB06070132.wav,5
/USERSPACE/DATASETS/CodecFake/train/F05_SSB13410081.wav,5
/USERSPACE/DATASETS/CodecFake/train/F05_SSB03070206.wav,5
/USERSPACE/DATASETS/CodecFake/train/F05_p233_063.wav,5
/USERSPACE/DATASETS/CodecFake/train/F05_p271_364.wav,5
/USERSPACE/DATASETS/CodecFake/train/F05_SSB15750241.wav,5
/USERSPACE/DATASETS/CodecFake/train/F05_SSB08220110.wav,5
/USERSPACE/DATASETS/CodecFake/train/F05_p265_051.wav,5
/USERSPACE/DATASETS/CodecFake/train/F05_SSB03800405.wav,5
/USERSPACE/DATASETS/CodecFake/train/F05_SSB05650398.wav,5
/USERSPACE/DATASETS/CodecFake/train/F05_p276_085.wav,5
/USERSPACE/DATASETS/CodecFake/train/F05_SSB19350442.wav,5
/USERSPACE/DATASETS/CodecFake/train/F05_SSB10910107.wav,5
/USERSPACE/DATASETS/CodecFake/train/F05_p297_180.wav,5
/USERSPACE/DATASETS/CodecFake/train/F05_SSB06710074.wav,5
/USERSPACE/DATASETS/CodecFake/train/F05_SSB03750454.wav,5
/USERSPACE/DATASETS/CodecFake/train/F05_SSB06030472.wav,5
/USERSPACE/DATASETS/CodecFake/train/F05_SSB16990296.wav,5
/USERSPACE/DATASETS/CodecFake/train/F05_SSB14080405.wav,5
/USERSPACE/DATASETS/CodecFake/train/F05_SSB13410370.wav,5
/USERSPACE/DATASETS/CodecFake/train/F05_SSB05900017.wav,5
/USERSPACE/DATASETS/CodecFake/train/F05_SSB07620224.wav,5
/USERSPACE/DATASETS/CodecFake/train/F05_p239_369.wav,5
/USERSPACE/DATASETS/CodecFake/train/F05_SSB06140120.wav,5
/USERSPACE/DATASETS/CodecFake/train/F05_SSB04150339.wav,5
/USERSPACE/DATASETS/CodecFake/train/F05_SSB06710392.wav,5
/USERSPACE/DATASETS/CodecFake/train/F05_p299_279.wav,5
/USERSPACE/DATASETS/CodecFake/train/F05_p300_299.wav,5
/USERSPACE/DATASETS/CodecFake/train/F05_p312_361.wav,5
/USERSPACE/DATASETS/CodecFake/train/F05_p256_296.wav,5
/USERSPACE/DATASETS/CodecFake/train/F05_SSB13280075.wav,5
/USERSPACE/DATASETS/CodecFake/train/F05_SSB07510271.wav,5
/USERSPACE/DATASETS/CodecFake/train/F05_SSB11760448.wav,5
/USERSPACE/DATASETS/CodecFake/train/F05_p244_321.wav,5
/USERSPACE/DATASETS/CodecFake/train/F05_p287_377.wav,5
/USERSPACE/DATASETS/CodecFake/train/F05_SSB06320071.wav,5
/USERSPACE/DATASETS/CodecFake/train/F05_SSB10200214.wav,5
/USERSPACE/DATASETS/CodecFake/train/F05_SSB10560188.wav,5
/USERSPACE/DATASETS/CodecFake/train/F05_SSB07780218.wav,5
/USERSPACE/DATASETS/CodecFake/train/F05_p257_267.wav,5
/USERSPACE/DATASETS/CodecFake/train/F05_SSB13660384.wav,5
/USERSPACE/DATASETS/CodecFake/train/F05_p259_344.wav,5
/USERSPACE/DATASETS/CodecFake/train/F05_SSB00110022.wav,5
/USERSPACE/DATASETS/CodecFake/train/F05_p263_159.wav,5
/USERSPACE/DATASETS/CodecFake/train/F05_p271_342.wav,5
/USERSPACE/DATASETS/CodecFake/train/F05_p293_196.wav,5
/USERSPACE/DATASETS/CodecFake/train/F05_p316_403.wav,5
/USERSPACE/DATASETS/CodecFake/train/F05_p251_252.wav,5
/USERSPACE/DATASETS/CodecFake/train/F05_p274_075.wav,5
/USERSPACE/DATASETS/CodecFake/train/F05_SSB10960399.wav,5
/USERSPACE/DATASETS/CodecFake/train/F05_SSB12030365.wav,5
/USERSPACE/DATASETS/CodecFake/train/F05_SSB07490144.wav,5
/USERSPACE/DATASETS/CodecFake/train/F05_SSB05700045.wav,5
/USERSPACE/DATASETS/CodecFake/train/F05_p374_065.wav,5
/USERSPACE/DATASETS/CodecFake/train/F05_SSB05390465.wav,5
/USERSPACE/DATASETS/CodecFake/train/F05_SSB07860271.wav,5
/USERSPACE/DATASETS/CodecFake/train/F05_SSB03070167.wav,5
/USERSPACE/DATASETS/CodecFake/train/F05_p274_198.wav,5
/USERSPACE/DATASETS/CodecFake/train/F05_SSB00180492.wav,5
/USERSPACE/DATASETS/CodecFake/train/F05_p362_037.wav,5
/USERSPACE/DATASETS/CodecFake/train/F05_SSB15550051.wav,5
/USERSPACE/DATASETS/CodecFake/train/F05_SSB03660246.wav,5
/USERSPACE/DATASETS/CodecFake/train/F05_SSB00110194.wav,5
/USERSPACE/DATASETS/CodecFake/train/F05_SSB10080477.wav,5
/USERSPACE/DATASETS/CodecFake/train/F05_SSB10910443.wav,5
/USERSPACE/DATASETS/CodecFake/train/F05_SSB18630230.wav,5
/USERSPACE/DATASETS/CodecFake/train/F05_SSB07490406.wav,5
/USERSPACE/DATASETS/CodecFake/train/F05_SSB16300389.wav,5
/USERSPACE/DATASETS/CodecFake/train/F05_SSB04150088.wav,5
/USERSPACE/DATASETS/CodecFake/train/F05_SSB06320325.wav,5
/USERSPACE/DATASETS/CodecFake/train/F05_p271_390.wav,5
/USERSPACE/DATASETS/CodecFake/train/F05_SSB03410024.wav,5
/USERSPACE/DATASETS/CodecFake/train/F05_SSB07490139.wav,5
/USERSPACE/DATASETS/CodecFake/train/F05_SSB01390287.wav,5
/USERSPACE/DATASETS/CodecFake/train/F05_p362_102.wav,5
/USERSPACE/DATASETS/CodecFake/train/F05_SSB02460239.wav,5
/USERSPACE/DATASETS/CodecFake/train/F05_SSB13220161.wav,5
/USERSPACE/DATASETS/CodecFake/train/F05_SSB16240225.wav,5
/USERSPACE/DATASETS/CodecFake/train/F05_SSB16070353.wav,5
/USERSPACE/DATASETS/CodecFake/train/F05_SSB05940396.wav,5
/USERSPACE/DATASETS/CodecFake/train/F05_SSB01490353.wav,5
/USERSPACE/DATASETS/CodecFake/train/F05_p316_201.wav,5
/USERSPACE/DATASETS/CodecFake/train/F05_SSB16860092.wav,5
/USERSPACE/DATASETS/CodecFake/train/F05_p279_068.wav,5
/USERSPACE/DATASETS/CodecFake/train/F05_SSB13820023.wav,5
/USERSPACE/DATASETS/CodecFake/train/F05_p272_296.wav,5
/USERSPACE/DATASETS/CodecFake/train/F05_SSB11080183.wav,5
/USERSPACE/DATASETS/CodecFake/train/F05_SSB02000239.wav,5
/USERSPACE/DATASETS/CodecFake/train/F05_SSB10240172.wav,5
/USERSPACE/DATASETS/CodecFake/train/F05_p231_119.wav,5
/USERSPACE/DATASETS/CodecFake/train/F05_SSB00160343.wav,5
/USERSPACE/DATASETS/CodecFake/train/F05_p225_329.wav,5
/USERSPACE/DATASETS/CodecFake/train/F05_p236_050.wav,5
/USERSPACE/DATASETS/CodecFake/train/F05_SSB03950109.wav,5
/USERSPACE/DATASETS/CodecFake/train/F05_p300_081.wav,5
/USERSPACE/DATASETS/CodecFake/train/F05_p237_348.wav,5
/USERSPACE/DATASETS/CodecFake/train/F05_p287_037.wav,5
/USERSPACE/DATASETS/CodecFake/train/F05_SSB06030424.wav,5
/USERSPACE/DATASETS/CodecFake/train/F05_p336_398.wav,5
/USERSPACE/DATASETS/CodecFake/train/F05_SSB08870338.wav,5
/USERSPACE/DATASETS/CodecFake/train/F05_SSB04270310.wav,5
/USERSPACE/DATASETS/CodecFake/train/F05_SSB18280388.wav,5
/USERSPACE/DATASETS/CodecFake/train/F05_SSB13850040.wav,5
/USERSPACE/DATASETS/CodecFake/train/F05_p271_265.wav,5
/USERSPACE/DATASETS/CodecFake/train/F05_p229_015.wav,5
/USERSPACE/DATASETS/CodecFake/train/F05_SSB01490242.wav,5
/USERSPACE/DATASETS/CodecFake/train/F05_SSB02000081.wav,5
/USERSPACE/DATASETS/CodecFake/train/F05_SSB07600139.wav,5
/USERSPACE/DATASETS/CodecFake/train/F05_p333_008.wav,5
/USERSPACE/DATASETS/CodecFake/train/F05_SSB03230147.wav,5
/USERSPACE/DATASETS/CodecFake/train/F05_SSB07360322.wav,5
/USERSPACE/DATASETS/CodecFake/train/F05_SSB15750081.wav,5
/USERSPACE/DATASETS/CodecFake/train/F05_p323_080.wav,5
/USERSPACE/DATASETS/CodecFake/train/F05_SSB05990291.wav,5
/USERSPACE/DATASETS/CodecFake/train/F05_SSB08510131.wav,5
/USERSPACE/DATASETS/CodecFake/train/F05_SSB10010102.wav,5
/USERSPACE/DATASETS/CodecFake/train/F05_SSB17110193.wav,5
/USERSPACE/DATASETS/CodecFake/train/F05_p266_327.wav,5
/USERSPACE/DATASETS/CodecFake/train/F05_SSB08510247.wav,5
/USERSPACE/DATASETS/CodecFake/train/F05_SSB04700308.wav,5
/USERSPACE/DATASETS/CodecFake/train/F05_SSB06310398.wav,5
/USERSPACE/DATASETS/CodecFake/train/F05_SSB03940018.wav,5
/USERSPACE/DATASETS/CodecFake/train/F05_SSB03930085.wav,5
/USERSPACE/DATASETS/CodecFake/train/F05_SSB13990184.wav,5
/USERSPACE/DATASETS/CodecFake/train/F05_p302_125.wav,5
/USERSPACE/DATASETS/CodecFake/train/F05_SSB05880026.wav,5
/USERSPACE/DATASETS/CodecFake/train/F05_SSB01330117.wav,5
/USERSPACE/DATASETS/CodecFake/train/F05_p362_196.wav,5
/USERSPACE/DATASETS/CodecFake/train/F05_SSB07510252.wav,5
/USERSPACE/DATASETS/CodecFake/train/F05_p275_127.wav,5
/USERSPACE/DATASETS/CodecFake/train/F05_SSB18280114.wav,5
/USERSPACE/DATASETS/CodecFake/train/F05_SSB19350080.wav,5
/USERSPACE/DATASETS/CodecFake/train/F05_p267_313.wav,5
/USERSPACE/DATASETS/CodecFake/train/F05_SSB06320034.wav,5
/USERSPACE/DATASETS/CodecFake/train/F05_p282_311.wav,5
/USERSPACE/DATASETS/CodecFake/train/F05_p311_355.wav,5
/USERSPACE/DATASETS/CodecFake/train/F05_SSB07110206.wav,5
/USERSPACE/DATASETS/CodecFake/train/F05_p299_054.wav,5
/USERSPACE/DATASETS/CodecFake/train/F05_SSB11870435.wav,5
/USERSPACE/DATASETS/CodecFake/train/F05_SSB03820234.wav,5
/USERSPACE/DATASETS/CodecFake/train/F05_SSB02410128.wav,5
/USERSPACE/DATASETS/CodecFake/train/F05_SSB00120096.wav,5
/USERSPACE/DATASETS/CodecFake/train/F05_p250_278.wav,5
/USERSPACE/DATASETS/CodecFake/train/F05_p248_158.wav,5
/USERSPACE/DATASETS/CodecFake/train/F05_p228_370.wav,5
/USERSPACE/DATASETS/CodecFake/train/F05_SSB08710037.wav,5
/USERSPACE/DATASETS/CodecFake/train/F05_p281_046.wav,5
/USERSPACE/DATASETS/CodecFake/train/F05_SSB07110224.wav,5
/USERSPACE/DATASETS/CodecFake/train/F05_SSB07360100.wav,5
/USERSPACE/DATASETS/CodecFake/train/F05_SSB11250175.wav,5
/USERSPACE/DATASETS/CodecFake/train/F05_SSB08220191.wav,5
/USERSPACE/DATASETS/CodecFake/train/F05_SSB06930327.wav,5
/USERSPACE/DATASETS/CodecFake/train/F05_p362_135.wav,5
/USERSPACE/DATASETS/CodecFake/train/F05_SSB07360160.wav,5
/USERSPACE/DATASETS/CodecFake/train/F05_p308_310.wav,5
/USERSPACE/DATASETS/CodecFake/train/F05_p226_345.wav,5
/USERSPACE/DATASETS/CodecFake/train/F05_SSB10080460.wav,5
/USERSPACE/DATASETS/CodecFake/train/F05_SSB06860494.wav,5
/USERSPACE/DATASETS/CodecFake/train/F05_p312_370.wav,5
/USERSPACE/DATASETS/CodecFake/train/F05_SSB06320026.wav,5
/USERSPACE/DATASETS/CodecFake/train/F05_p336_262.wav,5
/USERSPACE/DATASETS/CodecFake/train/F05_p330_245.wav,5
/USERSPACE/DATASETS/CodecFake/train/F05_SSB03950327.wav,5
/USERSPACE/DATASETS/CodecFake/train/F05_SSB04150078.wav,5
/USERSPACE/DATASETS/CodecFake/train/F05_p361_215.wav,5
/USERSPACE/DATASETS/CodecFake/train/F05_p260_054.wav,5
/USERSPACE/DATASETS/CodecFake/train/F05_SSB05880324.wav,5
/USERSPACE/DATASETS/CodecFake/train/F05_p343_335.wav,5
/USERSPACE/DATASETS/CodecFake/train/F05_p340_389.wav,5
/USERSPACE/DATASETS/CodecFake/train/F05_SSB09930338.wav,5
/USERSPACE/DATASETS/CodecFake/train/F05_p226_227.wav,5
/USERSPACE/DATASETS/CodecFake/train/F05_p302_303.wav,5
/USERSPACE/DATASETS/CodecFake/train/F05_p303_175.wav,5
/USERSPACE/DATASETS/CodecFake/train/F05_SSB13410305.wav,5
/USERSPACE/DATASETS/CodecFake/train/F05_p329_120.wav,5
/USERSPACE/DATASETS/CodecFake/train/F05_SSB07840244.wav,5
/USERSPACE/DATASETS/CodecFake/train/F05_SSB17280244.wav,5
/USERSPACE/DATASETS/CodecFake/train/F05_p245_149.wav,5
/USERSPACE/DATASETS/CodecFake/train/F05_p261_418.wav,5
/USERSPACE/DATASETS/CodecFake/train/F05_SSB00800149.wav,5
/USERSPACE/DATASETS/CodecFake/train/F05_SSB00570452.wav,5
/USERSPACE/DATASETS/CodecFake/train/F05_SSB02000243.wav,5
/USERSPACE/DATASETS/CodecFake/train/F05_SSB12740476.wav,5
/USERSPACE/DATASETS/CodecFake/train/F05_SSB04820036.wav,5
/USERSPACE/DATASETS/CodecFake/train/F05_p308_407.wav,5
/USERSPACE/DATASETS/CodecFake/train/F05_SSB00570468.wav,5
/USERSPACE/DATASETS/CodecFake/train/F05_SSB00430061.wav,5
/USERSPACE/DATASETS/CodecFake/train/F05_SSB13400218.wav,5
/USERSPACE/DATASETS/CodecFake/train/F05_SSB13850210.wav,5
/USERSPACE/DATASETS/CodecFake/train/F05_p287_016.wav,5
/USERSPACE/DATASETS/CodecFake/train/F05_p247_123.wav,5
/USERSPACE/DATASETS/CodecFake/train/F05_SSB09130296.wav,5
/USERSPACE/DATASETS/CodecFake/train/F05_SSB15850066.wav,5
/USERSPACE/DATASETS/CodecFake/train/F05_SSB07780011.wav,5
/USERSPACE/DATASETS/CodecFake/train/F05_p259_452.wav,5
/USERSPACE/DATASETS/CodecFake/train/F05_p288_279.wav,5
/USERSPACE/DATASETS/CodecFake/train/F05_SSB01390111.wav,5
/USERSPACE/DATASETS/CodecFake/train/F05_SSB02730134.wav,5
/USERSPACE/DATASETS/CodecFake/train/F05_SSB16840255.wav,5
/USERSPACE/DATASETS/CodecFake/train/F05_SSB06680085.wav,5
/USERSPACE/DATASETS/CodecFake/train/F05_p254_203.wav,5
/USERSPACE/DATASETS/CodecFake/train/F05_SSB07800277.wav,5
/USERSPACE/DATASETS/CodecFake/train/F05_p333_044.wav,5
/USERSPACE/DATASETS/CodecFake/train/F05_SSB01930491.wav,5
/USERSPACE/DATASETS/CodecFake/train/F05_SSB00330301.wav,5
/USERSPACE/DATASETS/CodecFake/train/F05_SSB06860062.wav,5
/USERSPACE/DATASETS/CodecFake/train/F05_SSB05880077.wav,5
/USERSPACE/DATASETS/CodecFake/train/F05_p231_207.wav,5
/USERSPACE/DATASETS/CodecFake/train/F05_p311_109.wav,5
/USERSPACE/DATASETS/CodecFake/train/F05_SSB06310464.wav,5
/USERSPACE/DATASETS/CodecFake/train/F05_SSB05940255.wav,5
/USERSPACE/DATASETS/CodecFake/train/F05_SSB06090026.wav,5
/USERSPACE/DATASETS/CodecFake/train/F05_SSB09870257.wav,5
/USERSPACE/DATASETS/CodecFake/train/F05_SSB03790407.wav,5
/USERSPACE/DATASETS/CodecFake/train/F05_SSB00050335.wav,5
/USERSPACE/DATASETS/CodecFake/train/F05_p316_204.wav,5
/USERSPACE/DATASETS/CodecFake/train/F05_p298_046.wav,5
/USERSPACE/DATASETS/CodecFake/train/F05_SSB07510100.wav,5
/USERSPACE/DATASETS/CodecFake/train/F05_p245_041.wav,5
/USERSPACE/DATASETS/CodecFake/train/F05_p351_046.wav,5
/USERSPACE/DATASETS/CodecFake/train/F05_SSB11610100.wav,5
/USERSPACE/DATASETS/CodecFake/train/F05_p241_133.wav,5
/USERSPACE/DATASETS/CodecFake/train/F05_SSB10960093.wav,5
/USERSPACE/DATASETS/CodecFake/train/F05_SSB11970226.wav,5
/USERSPACE/DATASETS/CodecFake/train/F05_p312_312.wav,5
/USERSPACE/DATASETS/CodecFake/train/F05_SSB13020438.wav,5
/USERSPACE/DATASETS/CodecFake/train/F05_SSB02000172.wav,5
/USERSPACE/DATASETS/CodecFake/train/F05_SSB02880431.wav,5
/USERSPACE/DATASETS/CodecFake/train/F05_SSB16860035.wav,5
/USERSPACE/DATASETS/CodecFake/train/F05_SSB09190301.wav,5
/USERSPACE/DATASETS/CodecFake/train/F05_p295_084.wav,5
/USERSPACE/DATASETS/CodecFake/train/F05_p361_325.wav,5
/USERSPACE/DATASETS/CodecFake/train/F05_SSB06030431.wav,5
/USERSPACE/DATASETS/CodecFake/train/F05_SSB07840381.wav,5
/USERSPACE/DATASETS/CodecFake/train/F05_p234_006.wav,5
/USERSPACE/DATASETS/CodecFake/train/F05_SSB07480357.wav,5
/USERSPACE/DATASETS/CodecFake/train/F05_p336_149.wav,5
/USERSPACE/DATASETS/CodecFake/train/F05_p267_359.wav,5
/USERSPACE/DATASETS/CodecFake/train/F05_p268_215.wav,5
/USERSPACE/DATASETS/CodecFake/train/F05_SSB03850285.wav,5
/USERSPACE/DATASETS/CodecFake/train/F05_SSB07780438.wav,5
/USERSPACE/DATASETS/CodecFake/train/F05_SSB03540029.wav,5
/USERSPACE/DATASETS/CodecFake/train/F05_SSB00050234.wav,5
/USERSPACE/DATASETS/CodecFake/train/F05_SSB05780353.wav,5
/USERSPACE/DATASETS/CodecFake/train/F05_p259_036.wav,5
/USERSPACE/DATASETS/CodecFake/train/F05_SSB07620309.wav,5
/USERSPACE/DATASETS/CodecFake/train/F05_SSB15550216.wav,5
/USERSPACE/DATASETS/CodecFake/train/F05_p339_064.wav,5
/USERSPACE/DATASETS/CodecFake/train/F05_p261_224.wav,5
/USERSPACE/DATASETS/CodecFake/train/F05_p293_174.wav,5
/USERSPACE/DATASETS/CodecFake/train/F05_p275_067.wav,5
/USERSPACE/DATASETS/CodecFake/train/F05_SSB13990380.wav,5
/USERSPACE/DATASETS/CodecFake/train/F05_SSB18320042.wav,5
/USERSPACE/DATASETS/CodecFake/train/F05_p230_345.wav,5
/USERSPACE/DATASETS/CodecFake/train/F05_SSB00730310.wav,5
/USERSPACE/DATASETS/CodecFake/train/F05_SSB03160122.wav,5
/USERSPACE/DATASETS/CodecFake/train/F05_p238_413.wav,5
/USERSPACE/DATASETS/CodecFake/train/F05_SSB01450063.wav,5
/USERSPACE/DATASETS/CodecFake/train/F05_SSB04700144.wav,5
/USERSPACE/DATASETS/CodecFake/train/F05_p297_416.wav,5
/USERSPACE/DATASETS/CodecFake/train/F05_SSB03940089.wav,5
/USERSPACE/DATASETS/CodecFake/train/F05_p250_374.wav,5
/USERSPACE/DATASETS/CodecFake/train/F05_p243_056.wav,5
/USERSPACE/DATASETS/CodecFake/train/F05_SSB02880376.wav,5
/USERSPACE/DATASETS/CodecFake/train/F05_SSB00800259.wav,5
/USERSPACE/DATASETS/CodecFake/train/F05_SSB03420032.wav,5
/USERSPACE/DATASETS/CodecFake/train/F05_SSB18910185.wav,5
/USERSPACE/DATASETS/CodecFake/train/F05_SSB08170397.wav,5
/USERSPACE/DATASETS/CodecFake/train/F05_p241_303.wav,5
/USERSPACE/DATASETS/CodecFake/train/F05_SSB03790240.wav,5
/USERSPACE/DATASETS/CodecFake/train/F05_SSB07460247.wav,5
/USERSPACE/DATASETS/CodecFake/train/F05_SSB11150467.wav,5
/USERSPACE/DATASETS/CodecFake/train/F05_p334_247.wav,5
/USERSPACE/DATASETS/CodecFake/train/F05_SSB07510396.wav,5
/USERSPACE/DATASETS/CodecFake/train/F05_p273_272.wav,5
/USERSPACE/DATASETS/CodecFake/train/F05_SSB02730448.wav,5
/USERSPACE/DATASETS/CodecFake/train/F05_SSB04350357.wav,5
/USERSPACE/DATASETS/CodecFake/train/F05_SSB03660042.wav,5
/USERSPACE/DATASETS/CodecFake/train/F05_SSB03930467.wav,5
/USERSPACE/DATASETS/CodecFake/train/F05_SSB10000265.wav,5
/USERSPACE/DATASETS/CodecFake/train/F05_SSB13850243.wav,5
/USERSPACE/DATASETS/CodecFake/train/F05_SSB13990160.wav,5
/USERSPACE/DATASETS/CodecFake/train/F05_SSB00570344.wav,5
/USERSPACE/DATASETS/CodecFake/train/F05_SSB00380409.wav,5
/USERSPACE/DATASETS/CodecFake/train/F05_SSB16240162.wav,5
/USERSPACE/DATASETS/CodecFake/train/F05_p310_346.wav,5
/USERSPACE/DATASETS/CodecFake/train/F05_SSB16840464.wav,5
/USERSPACE/DATASETS/CodecFake/train/F05_p231_444.wav,5
/USERSPACE/DATASETS/CodecFake/train/F05_SSB07940460.wav,5
/USERSPACE/DATASETS/CodecFake/train/F05_SSB05700021.wav,5
/USERSPACE/DATASETS/CodecFake/train/F05_SSB12390360.wav,5
/USERSPACE/DATASETS/CodecFake/train/F05_p306_182.wav,5
/USERSPACE/DATASETS/CodecFake/train/F05_SSB13650415.wav,5
/USERSPACE/DATASETS/CodecFake/train/F05_p268_073.wav,5
/USERSPACE/DATASETS/CodecFake/train/F05_SSB12740074.wav,5
/USERSPACE/DATASETS/CodecFake/train/F05_SSB05340263.wav,5
/USERSPACE/DATASETS/CodecFake/train/F05_SSB06710106.wav,5
/USERSPACE/DATASETS/CodecFake/train/F05_SSB07020060.wav,5
/USERSPACE/DATASETS/CodecFake/train/F05_p360_198.wav,5
/USERSPACE/DATASETS/CodecFake/train/F05_SSB10080250.wav,5
/USERSPACE/DATASETS/CodecFake/train/F05_SSB02670405.wav,5
/USERSPACE/DATASETS/CodecFake/train/F05_SSB08220329.wav,5
/USERSPACE/DATASETS/CodecFake/train/F05_SSB09870174.wav,5
/USERSPACE/DATASETS/CodecFake/train/F05_p271_239.wav,5
/USERSPACE/DATASETS/CodecFake/train/F05_SSB04150311.wav,5
/USERSPACE/DATASETS/CodecFake/train/F05_SSB19020432.wav,5
/USERSPACE/DATASETS/CodecFake/train/F05_p283_107.wav,5
/USERSPACE/DATASETS/CodecFake/train/F05_SSB11080165.wav,5
/USERSPACE/DATASETS/CodecFake/train/F05_p286_392.wav,5
/USERSPACE/DATASETS/CodecFake/train/F05_SSB06930089.wav,5
/USERSPACE/DATASETS/CodecFake/train/F05_p284_302.wav,5
/USERSPACE/DATASETS/CodecFake/train/F05_SSB03230286.wav,5
/USERSPACE/DATASETS/CodecFake/train/F05_SSB19560220.wav,5
/USERSPACE/DATASETS/CodecFake/train/F05_p306_104.wav,5
/USERSPACE/DATASETS/CodecFake/train/F05_SSB12040338.wav,5
/USERSPACE/DATASETS/CodecFake/train/F05_p259_026.wav,5
/USERSPACE/DATASETS/CodecFake/train/F05_p227_152.wav,5
/USERSPACE/DATASETS/CodecFake/train/F05_SSB07480122.wav,5
/USERSPACE/DATASETS/CodecFake/train/F05_SSB08510167.wav,5
/USERSPACE/DATASETS/CodecFake/train/F05_SSB00570091.wav,5
/USERSPACE/DATASETS/CodecFake/train/F05_p225_282.wav,5
/USERSPACE/DATASETS/CodecFake/train/F05_SSB00330128.wav,5
/USERSPACE/DATASETS/CodecFake/train/F05_SSB06310065.wav,5
/USERSPACE/DATASETS/CodecFake/train/F05_SSB07160204.wav,5
/USERSPACE/DATASETS/CodecFake/train/F05_p268_124.wav,5
/USERSPACE/DATASETS/CodecFake/train/F05_SSB05990145.wav,5
/USERSPACE/DATASETS/CodecFake/train/F05_p294_045.wav,5
/USERSPACE/DATASETS/CodecFake/train/F05_SSB05780003.wav,5
/USERSPACE/DATASETS/CodecFake/train/F05_SSB11100184.wav,5
/USERSPACE/DATASETS/CodecFake/train/F05_p312_097.wav,5
/USERSPACE/DATASETS/CodecFake/train/F05_p302_017.wav,5
/USERSPACE/DATASETS/CodecFake/train/F05_SSB09130235.wav,5
/USERSPACE/DATASETS/CodecFake/train/F05_p249_048.wav,5
/USERSPACE/DATASETS/CodecFake/train/F05_SSB03660337.wav,5
/USERSPACE/DATASETS/CodecFake/train/F05_SSB06290416.wav,5
/USERSPACE/DATASETS/CodecFake/train/F05_p273_169.wav,5
/USERSPACE/DATASETS/CodecFake/train/F05_SSB03790479.wav,5
/USERSPACE/DATASETS/CodecFake/train/F05_p336_217.wav,5
/USERSPACE/DATASETS/CodecFake/train/F05_p236_433.wav,5
/USERSPACE/DATASETS/CodecFake/train/F05_SSB13660365.wav,5
/USERSPACE/DATASETS/CodecFake/train/F05_SSB05700143.wav,5
/USERSPACE/DATASETS/CodecFake/train/F05_SSB02610118.wav,5
/USERSPACE/DATASETS/CodecFake/train/F05_SSB12210392.wav,5
/USERSPACE/DATASETS/CodecFake/train/F05_SSB12530396.wav,5
/USERSPACE/DATASETS/CodecFake/train/F05_p301_264.wav,5
/USERSPACE/DATASETS/CodecFake/train/F05_SSB02000126.wav,5
/USERSPACE/DATASETS/CodecFake/train/F05_SSB16300233.wav,5
/USERSPACE/DATASETS/CodecFake/train/F05_SSB08220040.wav,5
/USERSPACE/DATASETS/CodecFake/train/F05_p363_135.wav,5
/USERSPACE/DATASETS/CodecFake/train/F05_SSB10560120.wav,5
/USERSPACE/DATASETS/CodecFake/train/F05_SSB18280111.wav,5
/USERSPACE/DATASETS/CodecFake/train/F05_SSB19390384.wav,5
/USERSPACE/DATASETS/CodecFake/train/F05_SSB07020458.wav,5
/USERSPACE/DATASETS/CodecFake/train/F05_p240_296.wav,5
/USERSPACE/DATASETS/CodecFake/train/F05_SSB10080382.wav,5
/USERSPACE/DATASETS/CodecFake/train/F05_SSB11360072.wav,5
/USERSPACE/DATASETS/CodecFake/train/F05_p262_268.wav,5
/USERSPACE/DATASETS/CodecFake/train/F05_p257_392.wav,5
/USERSPACE/DATASETS/CodecFake/train/F05_SSB06060010.wav,5
/USERSPACE/DATASETS/CodecFake/train/F05_p260_018.wav,5
/USERSPACE/DATASETS/CodecFake/train/F05_SSB16860178.wav,5
/USERSPACE/DATASETS/CodecFake/train/F05_p252_043.wav,5
/USERSPACE/DATASETS/CodecFake/train/F05_SSB02990421.wav,5
/USERSPACE/DATASETS/CodecFake/train/F05_p269_374.wav,5
/USERSPACE/DATASETS/CodecFake/train/F05_SSB04150024.wav,5
/USERSPACE/DATASETS/CodecFake/train/F05_p345_395.wav,5
/USERSPACE/DATASETS/CodecFake/train/F05_SSB03070135.wav,5
/USERSPACE/DATASETS/CodecFake/train/F05_SSB07600185.wav,5
/USERSPACE/DATASETS/CodecFake/train/F05_SSB10960146.wav,5
/USERSPACE/DATASETS/CodecFake/train/F05_SSB19560402.wav,5
/USERSPACE/DATASETS/CodecFake/train/F05_p345_113.wav,5
/USERSPACE/DATASETS/CodecFake/train/F05_p240_078.wav,5
/USERSPACE/DATASETS/CodecFake/train/F05_p255_106.wav,5
/USERSPACE/DATASETS/CodecFake/train/F05_SSB10910496.wav,5
/USERSPACE/DATASETS/CodecFake/train/F05_SSB16700293.wav,5
/USERSPACE/DATASETS/CodecFake/train/F05_SSB07230261.wav,5
/USERSPACE/DATASETS/CodecFake/train/F05_p263_243.wav,5
/USERSPACE/DATASETS/CodecFake/train/F05_SSB07480226.wav,5
/USERSPACE/DATASETS/CodecFake/train/F05_p363_282.wav,5
/USERSPACE/DATASETS/CodecFake/train/F05_SSB11250321.wav,5
/USERSPACE/DATASETS/CodecFake/train/F05_SSB07480475.wav,5
/USERSPACE/DATASETS/CodecFake/train/F05_SSB00050423.wav,5
/USERSPACE/DATASETS/CodecFake/train/F05_SSB11000081.wav,5
/USERSPACE/DATASETS/CodecFake/train/F05_SSB07860327.wav,5
/USERSPACE/DATASETS/CodecFake/train/F05_p249_147.wav,5
/USERSPACE/DATASETS/CodecFake/train/F05_p279_310.wav,5
/USERSPACE/DATASETS/CodecFake/train/F05_SSB03930230.wav,5
/USERSPACE/DATASETS/CodecFake/train/F05_SSB10640282.wav,5
/USERSPACE/DATASETS/CodecFake/train/F05_SSB15930062.wav,5
/USERSPACE/DATASETS/CodecFake/train/F05_SSB03380051.wav,5
/USERSPACE/DATASETS/CodecFake/train/F05_SSB07170114.wav,5
/USERSPACE/DATASETS/CodecFake/train/F05_SSB07360186.wav,5
/USERSPACE/DATASETS/CodecFake/train/F05_p374_177.wav,5
/USERSPACE/DATASETS/CodecFake/train/F05_SSB07020400.wav,5
/USERSPACE/DATASETS/CodecFake/train/F05_SSB08090382.wav,5
/USERSPACE/DATASETS/CodecFake/train/F05_SSB18090241.wav,5
/USERSPACE/DATASETS/CodecFake/train/F05_SSB11250034.wav,5
/USERSPACE/DATASETS/CodecFake/train/F05_SSB02870301.wav,5
/USERSPACE/DATASETS/CodecFake/train/F05_p228_184.wav,5
/USERSPACE/DATASETS/CodecFake/train/F05_p226_358.wav,5
/USERSPACE/DATASETS/CodecFake/train/F05_SSB00330012.wav,5
/USERSPACE/DATASETS/CodecFake/train/F05_SSB12040208.wav,5
/USERSPACE/DATASETS/CodecFake/train/F05_p298_286.wav,5
/USERSPACE/DATASETS/CodecFake/train/F05_SSB06310214.wav,5
/USERSPACE/DATASETS/CodecFake/train/F05_p228_163.wav,5
/USERSPACE/DATASETS/CodecFake/train/F05_SSB08510241.wav,5
/USERSPACE/DATASETS/CodecFake/train/F05_SSB11260011.wav,5
/USERSPACE/DATASETS/CodecFake/train/F05_p308_036.wav,5
/USERSPACE/DATASETS/CodecFake/train/F05_p288_294.wav,5
/USERSPACE/DATASETS/CodecFake/train/F05_p238_164.wav,5
/USERSPACE/DATASETS/CodecFake/train/F05_p270_072.wav,5
/USERSPACE/DATASETS/CodecFake/train/F05_SSB03790318.wav,5
/USERSPACE/DATASETS/CodecFake/train/F05_p364_202.wav,5
/USERSPACE/DATASETS/CodecFake/train/F05_p299_153.wav,5
/USERSPACE/DATASETS/CodecFake/train/F05_SSB03090015.wav,5
/USERSPACE/DATASETS/CodecFake/train/F05_SSB06680292.wav,5
/USERSPACE/DATASETS/CodecFake/train/F05_p299_022.wav,5
/USERSPACE/DATASETS/CodecFake/train/F05_SSB01120274.wav,5
/USERSPACE/DATASETS/CodecFake/train/F05_SSB05020026.wav,5
/USERSPACE/DATASETS/CodecFake/train/F05_SSB11260168.wav,5
/USERSPACE/DATASETS/CodecFake/train/F05_SSB19560118.wav,5
/USERSPACE/DATASETS/CodecFake/train/F05_SSB11350362.wav,5
/USERSPACE/DATASETS/CodecFake/train/F05_SSB06060035.wav,5
/USERSPACE/DATASETS/CodecFake/train/F05_SSB02410298.wav,5
/USERSPACE/DATASETS/CodecFake/train/F05_p311_195.wav,5
/USERSPACE/DATASETS/CodecFake/train/F05_p282_205.wav,5
/USERSPACE/DATASETS/CodecFake/train/F05_SSB07480130.wav,5
/USERSPACE/DATASETS/CodecFake/train/F05_p330_242.wav,5
/USERSPACE/DATASETS/CodecFake/train/F05_p336_091.wav,5
/USERSPACE/DATASETS/CodecFake/train/F05_p227_154.wav,5
/USERSPACE/DATASETS/CodecFake/train/F05_SSB18320124.wav,5
/USERSPACE/DATASETS/CodecFake/train/F05_p250_381.wav,5
/USERSPACE/DATASETS/CodecFake/train/F05_SSB06860146.wav,5
/USERSPACE/DATASETS/CodecFake/train/F05_p236_046.wav,5
/USERSPACE/DATASETS/CodecFake/train/F05_SSB17390258.wav,5
/USERSPACE/DATASETS/CodecFake/train/F05_SSB18370208.wav,5
/USERSPACE/DATASETS/CodecFake/train/F05_p236_407.wav,5
/USERSPACE/DATASETS/CodecFake/train/F05_SSB01120305.wav,5
/USERSPACE/DATASETS/CodecFake/train/F05_SSB18100380.wav,5
/USERSPACE/DATASETS/CodecFake/train/F05_p307_107.wav,5
/USERSPACE/DATASETS/CodecFake/train/F05_p351_285.wav,5
/USERSPACE/DATASETS/CodecFake/train/F05_SSB15630282.wav,5
/USERSPACE/DATASETS/CodecFake/train/F05_SSB03820042.wav,5
/USERSPACE/DATASETS/CodecFake/train/F05_SSB01970149.wav,5
/USERSPACE/DATASETS/CodecFake/train/F05_SSB18910151.wav,5
/USERSPACE/DATASETS/CodecFake/train/F05_p254_391.wav,5
/USERSPACE/DATASETS/CodecFake/train/F05_SSB07230041.wav,5
/USERSPACE/DATASETS/CodecFake/train/F05_p311_222.wav,5
/USERSPACE/DATASETS/CodecFake/train/F05_SSB15630092.wav,5
/USERSPACE/DATASETS/CodecFake/train/F05_SSB06070407.wav,5
/USERSPACE/DATASETS/CodecFake/train/F05_SSB05020408.wav,5
/USERSPACE/DATASETS/CodecFake/train/F05_SSB09190066.wav,5
/USERSPACE/DATASETS/CodecFake/train/F05_SSB11100397.wav,5
/USERSPACE/DATASETS/CodecFake/train/F05_SSB17110439.wav,5
/USERSPACE/DATASETS/CodecFake/train/F05_p244_346.wav,5
/USERSPACE/DATASETS/CodecFake/train/F05_SSB02990070.wav,5
/USERSPACE/DATASETS/CodecFake/train/F05_SSB07200087.wav,5
/USERSPACE/DATASETS/CodecFake/train/F05_p293_138.wav,5
/USERSPACE/DATASETS/CodecFake/train/F05_p245_324.wav,5
/USERSPACE/DATASETS/CodecFake/train/F05_p277_455.wav,5
/USERSPACE/DATASETS/CodecFake/train/F05_SSB05650450.wav,5
/USERSPACE/DATASETS/CodecFake/train/F05_SSB09930277.wav,5
/USERSPACE/DATASETS/CodecFake/train/F05_SSB03420194.wav,5
/USERSPACE/DATASETS/CodecFake/train/F05_p376_071.wav,5
/USERSPACE/DATASETS/CodecFake/train/F05_SSB01490399.wav,5
/USERSPACE/DATASETS/CodecFake/train/F05_p275_194.wav,5
/USERSPACE/DATASETS/CodecFake/train/F05_SSB18100347.wav,5
/USERSPACE/DATASETS/CodecFake/train/F05_p273_214.wav,5
/USERSPACE/DATASETS/CodecFake/train/F05_SSB10200290.wav,5
/USERSPACE/DATASETS/CodecFake/train/F05_SSB15630266.wav,5
/USERSPACE/DATASETS/CodecFake/train/F05_SSB09930134.wav,5
/USERSPACE/DATASETS/CodecFake/train/F05_SSB03790233.wav,5
/USERSPACE/DATASETS/CodecFake/train/F05_SSB15670438.wav,5
/USERSPACE/DATASETS/CodecFake/train/F05_SSB11100088.wav,5
/USERSPACE/DATASETS/CodecFake/train/F05_p341_220.wav,5
/USERSPACE/DATASETS/CodecFake/train/F05_SSB11380083.wav,5
/USERSPACE/DATASETS/CodecFake/train/F05_p281_420.wav,5
/USERSPACE/DATASETS/CodecFake/train/F05_SSB02610129.wav,5
/USERSPACE/DATASETS/CodecFake/train/F05_SSB08630165.wav,5
/USERSPACE/DATASETS/CodecFake/train/F05_SSB07940376.wav,5
/USERSPACE/DATASETS/CodecFake/train/F05_p294_172.wav,5
/USERSPACE/DATASETS/CodecFake/train/F05_p236_458.wav,5
/USERSPACE/DATASETS/CodecFake/train/F05_SSB07510307.wav,5
/USERSPACE/DATASETS/CodecFake/train/F05_p279_230.wav,5
/USERSPACE/DATASETS/CodecFake/train/F05_SSB07020024.wav,5
/USERSPACE/DATASETS/CodecFake/train/F05_SSB15930073.wav,5
/USERSPACE/DATASETS/CodecFake/train/F05_SSB09870085.wav,5
/USERSPACE/DATASETS/CodecFake/train/F05_SSB18780392.wav,5
/USERSPACE/DATASETS/CodecFake/train/F05_SSB14480039.wav,5
/USERSPACE/DATASETS/CodecFake/train/F05_SSB06680061.wav,5
/USERSPACE/DATASETS/CodecFake/train/F05_SSB05940008.wav,5
/USERSPACE/DATASETS/CodecFake/train/F05_SSB10910469.wav,5
/USERSPACE/DATASETS/CodecFake/train/F05_p285_151.wav,5
/USERSPACE/DATASETS/CodecFake/train/F05_p271_301.wav,5
/USERSPACE/DATASETS/CodecFake/train/F05_SSB00090163.wav,5
/USERSPACE/DATASETS/CodecFake/train/F05_SSB13770371.wav,5
/USERSPACE/DATASETS/CodecFake/train/F05_SSB10240477.wav,5
/USERSPACE/DATASETS/CodecFake/train/F05_SSB06230207.wav,5
/USERSPACE/DATASETS/CodecFake/train/F05_SSB09150174.wav,5
/USERSPACE/DATASETS/CodecFake/train/F05_SSB19350171.wav,5
/USERSPACE/DATASETS/CodecFake/train/F05_SSB06070164.wav,5
/USERSPACE/DATASETS/CodecFake/train/F05_SSB03540097.wav,5
/USERSPACE/DATASETS/CodecFake/train/F05_p360_154.wav,5
/USERSPACE/DATASETS/CodecFake/train/F05_SSB02990381.wav,5
/USERSPACE/DATASETS/CodecFake/train/F05_p237_222.wav,5
/USERSPACE/DATASETS/CodecFake/train/F05_SSB05390060.wav,5
/USERSPACE/DATASETS/CodecFake/train/F05_SSB11100123.wav,5
/USERSPACE/DATASETS/CodecFake/train/F05_SSB05440151.wav,5
/USERSPACE/DATASETS/CodecFake/train/F05_SSB07480302.wav,5
/USERSPACE/DATASETS/CodecFake/train/F05_SSB01450427.wav,5
/USERSPACE/DATASETS/CodecFake/train/F05_p284_332.wav,5
/USERSPACE/DATASETS/CodecFake/train/F05_p299_303.wav,5
/USERSPACE/DATASETS/CodecFake/train/F05_SSB18320447.wav,5
/USERSPACE/DATASETS/CodecFake/train/F05_p340_003.wav,5
/USERSPACE/DATASETS/CodecFake/train/F05_SSB16240290.wav,5
/USERSPACE/DATASETS/CodecFake/train/F05_SSB17810323.wav,5
/USERSPACE/DATASETS/CodecFake/train/F05_p299_152.wav,5
/USERSPACE/DATASETS/CodecFake/train/F05_p229_118.wav,5
/USERSPACE/DATASETS/CodecFake/train/F05_SSB06710383.wav,5
/USERSPACE/DATASETS/CodecFake/train/F05_SSB07370403.wav,5
/USERSPACE/DATASETS/CodecFake/train/F05_SSB14370231.wav,5
/USERSPACE/DATASETS/CodecFake/train/F05_p236_351.wav,5
/USERSPACE/DATASETS/CodecFake/train/F05_p362_246.wav,5
/USERSPACE/DATASETS/CodecFake/train/F05_SSB00800261.wav,5
/USERSPACE/DATASETS/CodecFake/train/F05_SSB13220025.wav,5
/USERSPACE/DATASETS/CodecFake/train/F05_SSB05440341.wav,5
/USERSPACE/DATASETS/CodecFake/train/F05_SSB04340226.wav,5
/USERSPACE/DATASETS/CodecFake/train/F05_SSB03420466.wav,5
/USERSPACE/DATASETS/CodecFake/train/F05_SSB11260084.wav,5
/USERSPACE/DATASETS/CodecFake/train/F05_SSB01490253.wav,5
/USERSPACE/DATASETS/CodecFake/train/F05_p287_132.wav,5
/USERSPACE/DATASETS/CodecFake/train/F05_p330_374.wav,5
/USERSPACE/DATASETS/CodecFake/train/F05_SSB00430365.wav,5
/USERSPACE/DATASETS/CodecFake/train/F05_p343_090.wav,5
/USERSPACE/DATASETS/CodecFake/train/F05_SSB11150151.wav,5
/USERSPACE/DATASETS/CodecFake/train/F05_p345_057.wav,5
/USERSPACE/DATASETS/CodecFake/train/F05_SSB07840340.wav,5
/USERSPACE/DATASETS/CodecFake/train/F05_SSB06930183.wav,5
/USERSPACE/DATASETS/CodecFake/train/F05_SSB00090313.wav,5
/USERSPACE/DATASETS/CodecFake/train/F05_SSB16240188.wav,5
/USERSPACE/DATASETS/CodecFake/train/F05_SSB06710071.wav,5
/USERSPACE/DATASETS/CodecFake/train/F05_SSB00430025.wav,5
/USERSPACE/DATASETS/CodecFake/train/F05_SSB12180369.wav,5
/USERSPACE/DATASETS/CodecFake/train/F05_SSB03930035.wav,5
/USERSPACE/DATASETS/CodecFake/train/F05_SSB15670025.wav,5
/USERSPACE/DATASETS/CodecFake/train/F05_p336_004.wav,5
/USERSPACE/DATASETS/CodecFake/train/F05_SSB07230408.wav,5
/USERSPACE/DATASETS/CodecFake/train/F05_p281_422.wav,5
/USERSPACE/DATASETS/CodecFake/train/F05_p233_004.wav,5
/USERSPACE/DATASETS/CodecFake/train/F05_p250_137.wav,5
/USERSPACE/DATASETS/CodecFake/train/F05_SSB04150462.wav,5
/USERSPACE/DATASETS/CodecFake/train/F05_SSB06710139.wav,5
/USERSPACE/DATASETS/CodecFake/train/F05_SSB01450116.wav,5
/USERSPACE/DATASETS/CodecFake/train/F05_SSB01330358.wav,5
/USERSPACE/DATASETS/CodecFake/train/F05_SSB12030308.wav,5
/USERSPACE/DATASETS/CodecFake/train/F05_p274_226.wav,5
/USERSPACE/DATASETS/CodecFake/train/F05_SSB11250341.wav,5
/USERSPACE/DATASETS/CodecFake/train/F05_p270_021.wav,5
/USERSPACE/DATASETS/CodecFake/train/F05_SSB07230120.wav,5
/USERSPACE/DATASETS/CodecFake/train/F05_SSB02670072.wav,5
/USERSPACE/DATASETS/CodecFake/train/F05_SSB01220400.wav,5
/USERSPACE/DATASETS/CodecFake/train/F05_SSB12740082.wav,5
/USERSPACE/DATASETS/CodecFake/train/F05_SSB19390182.wav,5
/USERSPACE/DATASETS/CodecFake/train/F05_SSB06290388.wav,5
/USERSPACE/DATASETS/CodecFake/train/F05_SSB11610125.wav,5
/USERSPACE/DATASETS/CodecFake/train/F05_SSB01120090.wav,5
/USERSPACE/DATASETS/CodecFake/train/F05_SSB12160384.wav,5
/USERSPACE/DATASETS/CodecFake/train/F05_p288_061.wav,5
/USERSPACE/DATASETS/CodecFake/train/F05_SSB12390171.wav,5
/USERSPACE/DATASETS/CodecFake/train/F05_p258_202.wav,5
/USERSPACE/DATASETS/CodecFake/train/F05_SSB13930032.wav,5
/USERSPACE/DATASETS/CodecFake/train/F05_SSB14570268.wav,5
/USERSPACE/DATASETS/CodecFake/train/F05_SSB17810399.wav,5
/USERSPACE/DATASETS/CodecFake/train/F05_p231_301.wav,5
/USERSPACE/DATASETS/CodecFake/train/F05_p360_101.wav,5
/USERSPACE/DATASETS/CodecFake/train/F05_SSB01490446.wav,5
/USERSPACE/DATASETS/CodecFake/train/F05_SSB06060018.wav,5
/USERSPACE/DATASETS/CodecFake/train/F05_p300_240.wav,5
/USERSPACE/DATASETS/CodecFake/train/F05_SSB04820230.wav,5
/USERSPACE/DATASETS/CodecFake/train/F05_SSB10720489.wav,5
/USERSPACE/DATASETS/CodecFake/train/F05_SSB07940288.wav,5
/USERSPACE/DATASETS/CodecFake/train/F05_SSB15670215.wav,5
/USERSPACE/DATASETS/CodecFake/train/F05_SSB13660080.wav,5
/USERSPACE/DATASETS/CodecFake/train/F05_SSB11100131.wav,5
/USERSPACE/DATASETS/CodecFake/train/F05_SSB04820373.wav,5
/USERSPACE/DATASETS/CodecFake/train/F05_SSB07370213.wav,5
/USERSPACE/DATASETS/CodecFake/train/F05_p236_111.wav,5
/USERSPACE/DATASETS/CodecFake/train/F05_SSB11150073.wav,5
/USERSPACE/DATASETS/CodecFake/train/F05_SSB19350148.wav,5
/USERSPACE/DATASETS/CodecFake/train/F05_SSB00330040.wav,5
/USERSPACE/DATASETS/CodecFake/train/F05_p231_059.wav,5
/USERSPACE/DATASETS/CodecFake/train/F05_SSB01490382.wav,5
/USERSPACE/DATASETS/CodecFake/train/F05_SSB18370368.wav,5
/USERSPACE/DATASETS/CodecFake/train/F05_SSB13410271.wav,5
/USERSPACE/DATASETS/CodecFake/train/F05_SSB07170184.wav,5
/USERSPACE/DATASETS/CodecFake/train/F05_p364_206.wav,5
/USERSPACE/DATASETS/CodecFake/train/F05_SSB06090134.wav,5
/USERSPACE/DATASETS/CodecFake/train/F05_SSB11100362.wav,5
/USERSPACE/DATASETS/CodecFake/train/F05_SSB01120239.wav,5
/USERSPACE/DATASETS/CodecFake/train/F05_SSB09970167.wav,5
/USERSPACE/DATASETS/CodecFake/train/F05_p264_156.wav,5
/USERSPACE/DATASETS/CodecFake/train/F05_p260_016.wav,5
/USERSPACE/DATASETS/CodecFake/train/F05_p250_323.wav,5
/USERSPACE/DATASETS/CodecFake/train/F05_SSB04700469.wav,5
/USERSPACE/DATASETS/CodecFake/train/F05_p233_046.wav,5
/USERSPACE/DATASETS/CodecFake/train/F05_p232_292.wav,5
/USERSPACE/DATASETS/CodecFake/train/F05_p231_120.wav,5
/USERSPACE/DATASETS/CodecFake/train/F05_p360_279.wav,5
/USERSPACE/DATASETS/CodecFake/train/F05_SSB19390195.wav,5
/USERSPACE/DATASETS/CodecFake/train/F05_p284_344.wav,5
/USERSPACE/DATASETS/CodecFake/train/F05_SSB16860296.wav,5
/USERSPACE/DATASETS/CodecFake/train/F05_p305_163.wav,5
/USERSPACE/DATASETS/CodecFake/train/F05_p243_090.wav,5
/USERSPACE/DATASETS/CodecFake/train/F05_SSB13020001.wav,5
/USERSPACE/DATASETS/CodecFake/train/F05_SSB18630302.wav,5
/USERSPACE/DATASETS/CodecFake/train/F05_SSB11610391.wav,5
/USERSPACE/DATASETS/CodecFake/train/F05_SSB10720199.wav,5
/USERSPACE/DATASETS/CodecFake/train/F05_SSB12390440.wav,5
/USERSPACE/DATASETS/CodecFake/train/F05_p334_279.wav,5
/USERSPACE/DATASETS/CodecFake/train/F05_SSB04270125.wav,5
/USERSPACE/DATASETS/CodecFake/train/F05_p231_318.wav,5
/USERSPACE/DATASETS/CodecFake/train/F05_SSB00730289.wav,5
/USERSPACE/DATASETS/CodecFake/train/F05_SSB02670496.wav,5
/USERSPACE/DATASETS/CodecFake/train/F05_p302_123.wav,5
/USERSPACE/DATASETS/CodecFake/train/F05_SSB07200151.wav,5
/USERSPACE/DATASETS/CodecFake/train/F05_SSB08710308.wav,5
/USERSPACE/DATASETS/CodecFake/train/F05_SSB02990472.wav,5
/USERSPACE/DATASETS/CodecFake/train/F05_SSB03390291.wav,5
/USERSPACE/DATASETS/CodecFake/train/F05_SSB12030003.wav,5
/USERSPACE/DATASETS/CodecFake/train/F05_SSB03850178.wav,5
/USERSPACE/DATASETS/CodecFake/train/F05_p275_355.wav,5
/USERSPACE/DATASETS/CodecFake/train/F05_p361_262.wav,5
/USERSPACE/DATASETS/CodecFake/train/F05_p336_161.wav,5
/USERSPACE/DATASETS/CodecFake/train/F05_SSB19560412.wav,5
/USERSPACE/DATASETS/CodecFake/train/F05_SSB06060241.wav,5
/USERSPACE/DATASETS/CodecFake/train/F05_p364_075.wav,5
/USERSPACE/DATASETS/CodecFake/train/F05_p315_228.wav,5
/USERSPACE/DATASETS/CodecFake/train/F05_p263_101.wav,5
/USERSPACE/DATASETS/CodecFake/train/F05_SSB00800154.wav,5
/USERSPACE/DATASETS/CodecFake/train/F05_p245_270.wav,5
/USERSPACE/DATASETS/CodecFake/train/F05_p288_003.wav,5
/USERSPACE/DATASETS/CodecFake/train/F05_p323_337.wav,5
/USERSPACE/DATASETS/CodecFake/train/F05_SSB10560148.wav,5
/USERSPACE/DATASETS/CodecFake/train/F05_p318_092.wav,5
/USERSPACE/DATASETS/CodecFake/train/F05_SSB07780365.wav,5
/USERSPACE/DATASETS/CodecFake/train/F05_p243_060.wav,5
/USERSPACE/DATASETS/CodecFake/train/F05_p313_174.wav,5
/USERSPACE/DATASETS/CodecFake/train/F05_SSB07160264.wav,5
/USERSPACE/DATASETS/CodecFake/train/F05_SSB15750287.wav,5
/USERSPACE/DATASETS/CodecFake/train/F05_SSB15630290.wav,5
/USERSPACE/DATASETS/CodecFake/train/F05_SSB00800116.wav,5
/USERSPACE/DATASETS/CodecFake/train/F05_SSB04700195.wav,5
/USERSPACE/DATASETS/CodecFake/train/F05_p285_179.wav,5
/USERSPACE/DATASETS/CodecFake/train/F05_SSB18780272.wav,5
/USERSPACE/DATASETS/CodecFake/train/F05_SSB11760048.wav,5
/USERSPACE/DATASETS/CodecFake/train/F05_SSB05440227.wav,5
/USERSPACE/DATASETS/CodecFake/train/F05_p299_371.wav,5
/USERSPACE/DATASETS/CodecFake/train/F05_SSB19180496.wav,5
/USERSPACE/DATASETS/CodecFake/train/F05_SSB03820016.wav,5
/USERSPACE/DATASETS/CodecFake/train/F05_SSB08090003.wav,5
/USERSPACE/DATASETS/CodecFake/train/F05_SSB07860470.wav,5
/USERSPACE/DATASETS/CodecFake/train/F05_p231_167.wav,5
/USERSPACE/DATASETS/CodecFake/train/F05_SSB05440025.wav,5
/USERSPACE/DATASETS/CodecFake/train/F05_SSB18460152.wav,5
/USERSPACE/DATASETS/CodecFake/train/F05_p323_142.wav,5
/USERSPACE/DATASETS/CodecFake/train/F05_SSB06290372.wav,5
/USERSPACE/DATASETS/CodecFake/train/F05_p259_460.wav,5
/USERSPACE/DATASETS/CodecFake/train/F05_SSB13410141.wav,5
/USERSPACE/DATASETS/CodecFake/train/F05_SSB07000144.wav,5
/USERSPACE/DATASETS/CodecFake/train/F05_p343_035.wav,5
/USERSPACE/DATASETS/CodecFake/train/F05_p343_253.wav,5
/USERSPACE/DATASETS/CodecFake/train/F05_SSB01390311.wav,5
/USERSPACE/DATASETS/CodecFake/train/F05_SSB18720227.wav,5
/USERSPACE/DATASETS/CodecFake/train/F05_p226_339.wav,5
/USERSPACE/DATASETS/CodecFake/train/F05_SSB07170245.wav,5
/USERSPACE/DATASETS/CodecFake/train/F05_p336_030.wav,5
/USERSPACE/DATASETS/CodecFake/train/F05_SSB07360220.wav,5
/USERSPACE/DATASETS/CodecFake/train/F05_SSB10240187.wav,5
/USERSPACE/DATASETS/CodecFake/train/F05_p313_346.wav,5
/USERSPACE/DATASETS/CodecFake/train/F05_SSB16700031.wav,5
/USERSPACE/DATASETS/CodecFake/train/F05_p334_155.wav,5
/USERSPACE/DATASETS/CodecFake/train/F05_SSB07940375.wav,5
/USERSPACE/DATASETS/CodecFake/train/F05_SSB13930270.wav,5
/USERSPACE/DATASETS/CodecFake/train/F05_SSB00090403.wav,5
/USERSPACE/DATASETS/CodecFake/train/F05_p361_318.wav,5
/USERSPACE/DATASETS/CodecFake/train/F05_SSB14480372.wav,5
/USERSPACE/DATASETS/CodecFake/train/F05_p307_290.wav,5
/USERSPACE/DATASETS/CodecFake/train/F05_SSB05650498.wav,5
/USERSPACE/DATASETS/CodecFake/train/F05_SSB13930224.wav,5
/USERSPACE/DATASETS/CodecFake/train/F05_SSB04350048.wav,5
/USERSPACE/DATASETS/CodecFake/train/F05_SSB10720264.wav,5
/USERSPACE/DATASETS/CodecFake/train/F05_SSB07170167.wav,5
/USERSPACE/DATASETS/CodecFake/train/F05_SSB16990229.wav,5
/USERSPACE/DATASETS/CodecFake/train/F05_SSB07490255.wav,5
/USERSPACE/DATASETS/CodecFake/train/F05_p299_180.wav,5
/USERSPACE/DATASETS/CodecFake/train/F05_p226_005.wav,5
/USERSPACE/DATASETS/CodecFake/train/F05_SSB16990411.wav,5
/USERSPACE/DATASETS/CodecFake/train/F05_SSB13400062.wav,5
/USERSPACE/DATASETS/CodecFake/train/F05_p262_071.wav,5
/USERSPACE/DATASETS/CodecFake/train/F05_p282_009.wav,5
/USERSPACE/DATASETS/CodecFake/train/F05_SSB07580287.wav,5
/USERSPACE/DATASETS/CodecFake/train/F05_SSB10020153.wav,5
/USERSPACE/DATASETS/CodecFake/train/F05_SSB03160277.wav,5
/USERSPACE/DATASETS/CodecFake/train/F05_p311_340.wav,5
/USERSPACE/DATASETS/CodecFake/train/F05_p343_224.wav,5
/USERSPACE/DATASETS/CodecFake/train/F05_SSB07200420.wav,5
/USERSPACE/DATASETS/CodecFake/train/F05_p270_385.wav,5
/USERSPACE/DATASETS/CodecFake/train/F05_SSB13660361.wav,5
/USERSPACE/DATASETS/CodecFake/train/F05_SSB11760235.wav,5
/USERSPACE/DATASETS/CodecFake/train/F05_SSB10500366.wav,5
/USERSPACE/DATASETS/CodecFake/train/F05_SSB14520031.wav,5
/USERSPACE/DATASETS/CodecFake/train/F05_SSB01930178.wav,5
/USERSPACE/DATASETS/CodecFake/train/F05_SSB07860419.wav,5
/USERSPACE/DATASETS/CodecFake/train/F05_p314_399.wav,5
/USERSPACE/DATASETS/CodecFake/train/F05_p316_337.wav,5
/USERSPACE/DATASETS/CodecFake/train/F05_SSB00430465.wav,5
/USERSPACE/DATASETS/CodecFake/train/F05_SSB07490214.wav,5
/USERSPACE/DATASETS/CodecFake/train/F05_SSB01970257.wav,5
/USERSPACE/DATASETS/CodecFake/train/F05_p339_278.wav,5
/USERSPACE/DATASETS/CodecFake/train/F05_SSB03540499.wav,5
/USERSPACE/DATASETS/CodecFake/train/F05_p250_383.wav,5
/USERSPACE/DATASETS/CodecFake/train/F05_SSB05020287.wav,5
/USERSPACE/DATASETS/CodecFake/train/F05_p273_054.wav,5
/USERSPACE/DATASETS/CodecFake/train/F05_SSB07600475.wav,5
/USERSPACE/DATASETS/CodecFake/train/F05_SSB01930058.wav,5
/USERSPACE/DATASETS/CodecFake/train/F05_SSB07460201.wav,5
/USERSPACE/DATASETS/CodecFake/train/F05_SSB01490132.wav,5
/USERSPACE/DATASETS/CodecFake/train/F05_SSB02000032.wav,5
/USERSPACE/DATASETS/CodecFake/train/F05_p276_168.wav,5
/USERSPACE/DATASETS/CodecFake/train/F05_SSB12150403.wav,5
/USERSPACE/DATASETS/CodecFake/train/F05_SSB05900376.wav,5
/USERSPACE/DATASETS/CodecFake/train/F05_SSB18780004.wav,5
/USERSPACE/DATASETS/CodecFake/train/F05_SSB03160372.wav,5
/USERSPACE/DATASETS/CodecFake/train/F05_p279_314.wav,5
/USERSPACE/DATASETS/CodecFake/train/F05_p363_314.wav,5
/USERSPACE/DATASETS/CodecFake/train/F05_SSB15670230.wav,5
/USERSPACE/DATASETS/CodecFake/train/F05_p330_040.wav,5
/USERSPACE/DATASETS/CodecFake/train/F05_SSB01930228.wav,5
/USERSPACE/DATASETS/CodecFake/train/F05_SSB16840341.wav,5
/USERSPACE/DATASETS/CodecFake/train/F05_SSB10550438.wav,5
/USERSPACE/DATASETS/CodecFake/train/F05_p250_291.wav,5
/USERSPACE/DATASETS/CodecFake/train/F05_SSB09660482.wav,5
/USERSPACE/DATASETS/CodecFake/train/F05_SSB03150031.wav,5
/USERSPACE/DATASETS/CodecFake/train/F05_p248_044.wav,5
/USERSPACE/DATASETS/CodecFake/train/F05_SSB17590452.wav,5
/USERSPACE/DATASETS/CodecFake/train/F05_SSB09350124.wav,5
/USERSPACE/DATASETS/CodecFake/train/F05_SSB04150062.wav,5
/USERSPACE/DATASETS/CodecFake/train/F05_SSB09660140.wav,5
/USERSPACE/DATASETS/CodecFake/train/F05_SSB07800152.wav,5
/USERSPACE/DATASETS/CodecFake/train/F05_p311_105.wav,5
/USERSPACE/DATASETS/CodecFake/train/F05_SSB07160111.wav,5
/USERSPACE/DATASETS/CodecFake/train/F05_SSB05940393.wav,5
/USERSPACE/DATASETS/CodecFake/train/F05_SSB03070451.wav,5
/USERSPACE/DATASETS/CodecFake/train/F05_SSB03660104.wav,5
/USERSPACE/DATASETS/CodecFake/train/F05_SSB06930096.wav,5
/USERSPACE/DATASETS/CodecFake/train/F05_SSB02670185.wav,5
/USERSPACE/DATASETS/CodecFake/train/F05_SSB01930432.wav,5
/USERSPACE/DATASETS/CodecFake/train/F05_SSB03070189.wav,5
/USERSPACE/DATASETS/CodecFake/train/F05_p295_416.wav,5
/USERSPACE/DATASETS/CodecFake/train/F05_SSB00330226.wav,5
/USERSPACE/DATASETS/CodecFake/train/F05_SSB11610050.wav,5
/USERSPACE/DATASETS/CodecFake/train/F05_p264_286.wav,5
/USERSPACE/DATASETS/CodecFake/train/F05_p326_108.wav,5
/USERSPACE/DATASETS/CodecFake/train/F05_SSB07230377.wav,5
/USERSPACE/DATASETS/CodecFake/train/F05_p299_219.wav,5
/USERSPACE/DATASETS/CodecFake/train/F05_p360_417.wav,5
/USERSPACE/DATASETS/CodecFake/train/F05_SSB13020226.wav,5
/USERSPACE/DATASETS/CodecFake/train/F05_SSB07780123.wav,5
/USERSPACE/DATASETS/CodecFake/train/F05_SSB02610177.wav,5
/USERSPACE/DATASETS/CodecFake/train/F05_SSB04070467.wav,5
/USERSPACE/DATASETS/CodecFake/train/F05_p314_101.wav,5
/USERSPACE/DATASETS/CodecFake/train/F05_SSB00090148.wav,5
/USERSPACE/DATASETS/CodecFake/train/F05_p306_337.wav,5
/USERSPACE/DATASETS/CodecFake/train/F05_SSB10640334.wav,5
/USERSPACE/DATASETS/CodecFake/train/F05_SSB19020117.wav,5
/USERSPACE/DATASETS/CodecFake/train/F05_SSB05340159.wav,5
/USERSPACE/DATASETS/CodecFake/train/F05_SSB19020037.wav,5
/USERSPACE/DATASETS/CodecFake/train/F05_SSB07160320.wav,5
/USERSPACE/DATASETS/CodecFake/train/F05_SSB08710316.wav,5
/USERSPACE/DATASETS/CodecFake/train/F05_p376_246.wav,5
/USERSPACE/DATASETS/CodecFake/train/F05_SSB19390086.wav,5
/USERSPACE/DATASETS/CodecFake/train/F05_p286_075.wav,5
/USERSPACE/DATASETS/CodecFake/train/F05_SSB07170015.wav,5
/USERSPACE/DATASETS/CodecFake/train/F05_p362_424.wav,5
/USERSPACE/DATASETS/CodecFake/train/F05_SSB05020281.wav,5
/USERSPACE/DATASETS/CodecFake/train/F05_SSB06860474.wav,5
/USERSPACE/DATASETS/CodecFake/train/F05_SSB07460231.wav,5
/USERSPACE/DATASETS/CodecFake/train/F05_SSB16250163.wav,5
/USERSPACE/DATASETS/CodecFake/train/F05_SSB07620311.wav,5
/USERSPACE/DATASETS/CodecFake/train/F05_SSB00430107.wav,5
/USERSPACE/DATASETS/CodecFake/train/F05_p245_106.wav,5
/USERSPACE/DATASETS/CodecFake/train/F05_SSB10200388.wav,5
/USERSPACE/DATASETS/CodecFake/train/F05_SSB01330115.wav,5
/USERSPACE/DATASETS/CodecFake/train/F05_SSB04260450.wav,5
/USERSPACE/DATASETS/CodecFake/train/F05_SSB18460317.wav,5
/USERSPACE/DATASETS/CodecFake/train/F05_SSB06230503.wav,5
/USERSPACE/DATASETS/CodecFake/train/F05_SSB05340229.wav,5
/USERSPACE/DATASETS/CodecFake/train/F05_SSB01930295.wav,5
/USERSPACE/DATASETS/CodecFake/train/F05_p312_009.wav,5
/USERSPACE/DATASETS/CodecFake/train/F05_SSB11380323.wav,5
/USERSPACE/DATASETS/CodecFake/train/F05_SSB07600418.wav,5
/USERSPACE/DATASETS/CodecFake/train/F05_p267_361.wav,5
/USERSPACE/DATASETS/CodecFake/train/F05_p260_044.wav,5
/USERSPACE/DATASETS/CodecFake/train/F05_SSB09190010.wav,5
/USERSPACE/DATASETS/CodecFake/train/F05_SSB03790122.wav,5
/USERSPACE/DATASETS/CodecFake/train/F05_SSB05440257.wav,5
/USERSPACE/DATASETS/CodecFake/train/F05_SSB00800478.wav,5
/USERSPACE/DATASETS/CodecFake/train/F05_SSB00330334.wav,5
/USERSPACE/DATASETS/CodecFake/train/F05_SSB13920388.wav,5
/USERSPACE/DATASETS/CodecFake/train/F05_SSB03540512.wav,5
/USERSPACE/DATASETS/CodecFake/train/F05_SSB11000152.wav,5
/USERSPACE/DATASETS/CodecFake/train/F05_p227_171.wav,5
/USERSPACE/DATASETS/CodecFake/train/F05_SSB07370181.wav,5
/USERSPACE/DATASETS/CodecFake/train/F05_p275_080.wav,5
/USERSPACE/DATASETS/CodecFake/train/F05_SSB07170006.wav,5
/USERSPACE/DATASETS/CodecFake/train/F05_p254_296.wav,5
/USERSPACE/DATASETS/CodecFake/train/F05_p247_159.wav,5
/USERSPACE/DATASETS/CodecFake/train/F05_p240_275.wav,5
/USERSPACE/DATASETS/CodecFake/train/F05_p363_199.wav,5
/USERSPACE/DATASETS/CodecFake/train/F05_SSB02730261.wav,5
/USERSPACE/DATASETS/CodecFake/train/F05_SSB05900387.wav,5
/USERSPACE/DATASETS/CodecFake/train/F05_p271_040.wav,5
/USERSPACE/DATASETS/CodecFake/train/F05_p310_307.wav,5
/USERSPACE/DATASETS/CodecFake/train/F05_p275_336.wav,5
/USERSPACE/DATASETS/CodecFake/train/F05_SSB16990206.wav,5
/USERSPACE/DATASETS/CodecFake/train/F05_SSB06680179.wav,5
/USERSPACE/DATASETS/CodecFake/train/F05_SSB00330494.wav,5
/USERSPACE/DATASETS/CodecFake/train/F05_p257_075.wav,5
/USERSPACE/DATASETS/CodecFake/train/F05_SSB02880455.wav,5
/USERSPACE/DATASETS/CodecFake/train/F05_p293_095.wav,5
/USERSPACE/DATASETS/CodecFake/train/F05_SSB09660075.wav,5
/USERSPACE/DATASETS/CodecFake/train/F05_SSB18370334.wav,5
/USERSPACE/DATASETS/CodecFake/train/F05_SSB19350220.wav,5
/USERSPACE/DATASETS/CodecFake/train/F05_SSB09190469.wav,5
/USERSPACE/DATASETS/CodecFake/train/F05_p288_037.wav,5
/USERSPACE/DATASETS/CodecFake/train/F05_SSB05940200.wav,5
/USERSPACE/DATASETS/CodecFake/train/F05_p297_199.wav,5
/USERSPACE/DATASETS/CodecFake/train/F05_SSB06230189.wav,5
/USERSPACE/DATASETS/CodecFake/train/F05_SSB18630251.wav,5
/USERSPACE/DATASETS/CodecFake/train/F05_SSB06060349.wav,5
/USERSPACE/DATASETS/CodecFake/train/F05_p326_146.wav,5
/USERSPACE/DATASETS/CodecFake/train/F05_SSB09150131.wav,5
/USERSPACE/DATASETS/CodecFake/train/F05_SSB05650118.wav,5
/USERSPACE/DATASETS/CodecFake/train/F05_SSB00380193.wav,5
/USERSPACE/DATASETS/CodecFake/train/F05_SSB00090102.wav,5
/USERSPACE/DATASETS/CodecFake/train/F05_SSB18370012.wav,5
/USERSPACE/DATASETS/CodecFake/train/F05_p283_297.wav,5
/USERSPACE/DATASETS/CodecFake/train/F05_SSB04700060.wav,5
/USERSPACE/DATASETS/CodecFake/train/F05_SSB03940313.wav,5
/USERSPACE/DATASETS/CodecFake/train/F05_p326_316.wav,5
/USERSPACE/DATASETS/CodecFake/train/F05_SSB15550481.wav,5
/USERSPACE/DATASETS/CodecFake/train/F05_SSB03230220.wav,5
/USERSPACE/DATASETS/CodecFake/train/F05_p294_277.wav,5
/USERSPACE/DATASETS/CodecFake/train/F05_SSB07490306.wav,5
/USERSPACE/DATASETS/CodecFake/train/F05_p308_007.wav,5
/USERSPACE/DATASETS/CodecFake/train/F05_SSB17810349.wav,5
/USERSPACE/DATASETS/CodecFake/train/F05_SSB19390404.wav,5
/USERSPACE/DATASETS/CodecFake/train/F05_SSB06090129.wav,5
/USERSPACE/DATASETS/CodecFake/train/F05_p292_020.wav,5
/USERSPACE/DATASETS/CodecFake/train/F05_SSB00430009.wav,5
/USERSPACE/DATASETS/CodecFake/train/F05_SSB06310149.wav,5
/USERSPACE/DATASETS/CodecFake/train/F05_p303_142.wav,5
/USERSPACE/DATASETS/CodecFake/train/F05_SSB10000213.wav,5
/USERSPACE/DATASETS/CodecFake/train/F05_p316_090.wav,5
/USERSPACE/DATASETS/CodecFake/train/F05_p297_047.wav,5
/USERSPACE/DATASETS/CodecFake/train/F05_SSB03660289.wav,5
/USERSPACE/DATASETS/CodecFake/train/F05_SSB09660416.wav,5
/USERSPACE/DATASETS/CodecFake/train/F05_SSB03800464.wav,5
/USERSPACE/DATASETS/CodecFake/train/F05_SSB07840506.wav,5
/USERSPACE/DATASETS/CodecFake/train/F05_SSB07460112.wav,5
/USERSPACE/DATASETS/CodecFake/train/F05_SSB03390102.wav,5
/USERSPACE/DATASETS/CodecFake/train/F05_SSB11760017.wav,5
/USERSPACE/DATASETS/CodecFake/train/F05_SSB03850384.wav,5
/USERSPACE/DATASETS/CodecFake/train/F05_SSB05350444.wav,5
/USERSPACE/DATASETS/CodecFake/train/F05_SSB05780185.wav,5
/USERSPACE/DATASETS/CodecFake/train/F05_SSB06290301.wav,5
/USERSPACE/DATASETS/CodecFake/train/F05_SSB12740462.wav,5
/USERSPACE/DATASETS/CodecFake/train/F05_SSB10010327.wav,5
/USERSPACE/DATASETS/CodecFake/train/F05_p234_322.wav,5
/USERSPACE/DATASETS/CodecFake/train/F05_SSB05780476.wav,5
/USERSPACE/DATASETS/CodecFake/train/F05_p258_310.wav,5
/USERSPACE/DATASETS/CodecFake/train/F05_SSB00800222.wav,5
/USERSPACE/DATASETS/CodecFake/train/F05_p317_389.wav,5
/USERSPACE/DATASETS/CodecFake/train/F05_p299_080.wav,5
/USERSPACE/DATASETS/CodecFake/train/F05_SSB15850123.wav,5
/USERSPACE/DATASETS/CodecFake/train/F05_p281_122.wav,5
/USERSPACE/DATASETS/CodecFake/train/F05_p273_078.wav,5
/USERSPACE/DATASETS/CodecFake/train/F05_SSB02000439.wav,5
/USERSPACE/DATASETS/CodecFake/train/F05_SSB05880297.wav,5
/USERSPACE/DATASETS/CodecFake/train/F05_SSB02730058.wav,5
/USERSPACE/DATASETS/CodecFake/train/F05_SSB13990247.wav,5
/USERSPACE/DATASETS/CodecFake/train/F05_p267_378.wav,5
/USERSPACE/DATASETS/CodecFake/train/F05_SSB02610064.wav,5
/USERSPACE/DATASETS/CodecFake/train/F05_p239_270.wav,5
/USERSPACE/DATASETS/CodecFake/train/F05_SSB12530479.wav,5
/USERSPACE/DATASETS/CodecFake/train/F05_p254_217.wav,5
/USERSPACE/DATASETS/CodecFake/train/F05_SSB10640406.wav,5
/USERSPACE/DATASETS/CodecFake/train/F05_SSB11080446.wav,5
/USERSPACE/DATASETS/CodecFake/train/F05_SSB05780081.wav,5
/USERSPACE/DATASETS/CodecFake/train/F05_SSB00090011.wav,5
/USERSPACE/DATASETS/CodecFake/train/F05_SSB07620153.wav,5
/USERSPACE/DATASETS/CodecFake/train/F05_SSB05650381.wav,5
/USERSPACE/DATASETS/CodecFake/train/F05_SSB10910004.wav,5
/USERSPACE/DATASETS/CodecFake/train/F05_SSB09870035.wav,5
/USERSPACE/DATASETS/CodecFake/train/F05_SSB11970134.wav,5
/USERSPACE/DATASETS/CodecFake/train/F05_p351_244.wav,5
/USERSPACE/DATASETS/CodecFake/train/F05_p241_342.wav,5
/USERSPACE/DATASETS/CodecFake/train/F05_SSB12390282.wav,5
/USERSPACE/DATASETS/CodecFake/train/F05_SSB17390240.wav,5
/USERSPACE/DATASETS/CodecFake/train/F05_SSB11100311.wav,5
/USERSPACE/DATASETS/CodecFake/train/F05_SSB10010267.wav,5
/USERSPACE/DATASETS/CodecFake/train/F05_SSB07940251.wav,5
/USERSPACE/DATASETS/CodecFake/train/F05_p361_198.wav,5
/USERSPACE/DATASETS/CodecFake/train/F05_p374_089.wav,5
/USERSPACE/DATASETS/CodecFake/train/F05_SSB03850230.wav,5
/USERSPACE/DATASETS/CodecFake/train/F05_p232_059.wav,5
/USERSPACE/DATASETS/CodecFake/train/F05_SSB00050375.wav,5
/USERSPACE/DATASETS/CodecFake/train/F05_p312_079.wav,5
/USERSPACE/DATASETS/CodecFake/train/F05_p293_057.wav,5
/USERSPACE/DATASETS/CodecFake/train/F05_p364_288.wav,5
/USERSPACE/DATASETS/CodecFake/train/F05_p360_078.wav,5
/USERSPACE/DATASETS/CodecFake/train/F05_SSB00380341.wav,5
/USERSPACE/DATASETS/CodecFake/train/F05_p314_040.wav,5
/USERSPACE/DATASETS/CodecFake/train/F05_SSB03380382.wav,5
/USERSPACE/DATASETS/CodecFake/train/F05_p310_137.wav,5
/USERSPACE/DATASETS/CodecFake/train/F05_SSB12030158.wav,5
/USERSPACE/DATASETS/CodecFake/train/F05_SSB16700422.wav,5
/USERSPACE/DATASETS/CodecFake/train/F05_SSB12180438.wav,5
/USERSPACE/DATASETS/CodecFake/train/F05_p313_165.wav,5
/USERSPACE/DATASETS/CodecFake/train/F05_p336_143.wav,5
/USERSPACE/DATASETS/CodecFake/train/F05_SSB12530190.wav,5
/USERSPACE/DATASETS/CodecFake/train/F05_SSB03800108.wav,5
/USERSPACE/DATASETS/CodecFake/train/F05_SSB03950069.wav,5
/USERSPACE/DATASETS/CodecFake/train/F05_p308_254.wav,5
/USERSPACE/DATASETS/CodecFake/train/F05_p341_080.wav,5
/USERSPACE/DATASETS/CodecFake/train/F05_p282_059.wav,5
/USERSPACE/DATASETS/CodecFake/train/F05_p229_047.wav,5
/USERSPACE/DATASETS/CodecFake/train/F05_SSB00570129.wav,5
/USERSPACE/DATASETS/CodecFake/train/F05_SSB15550370.wav,5
/USERSPACE/DATASETS/CodecFake/train/F05_SSB06310296.wav,5
/USERSPACE/DATASETS/CodecFake/train/F05_SSB09970399.wav,5
/USERSPACE/DATASETS/CodecFake/train/F05_p295_227.wav,5
/USERSPACE/DATASETS/CodecFake/train/F05_SSB02990081.wav,5
/USERSPACE/DATASETS/CodecFake/train/F05_p263_286.wav,5
/USERSPACE/DATASETS/CodecFake/train/F05_SSB00180329.wav,5
/USERSPACE/DATASETS/CodecFake/train/F05_p245_160.wav,5
/USERSPACE/DATASETS/CodecFake/train/F05_SSB01930409.wav,5
/USERSPACE/DATASETS/CodecFake/train/F05_SSB14480066.wav,5
/USERSPACE/DATASETS/CodecFake/train/F05_p360_400.wav,5
/USERSPACE/DATASETS/CodecFake/train/F05_SSB02730179.wav,5
/USERSPACE/DATASETS/CodecFake/train/F05_SSB02870120.wav,5
/USERSPACE/DATASETS/CodecFake/train/F05_SSB13850326.wav,5
/USERSPACE/DATASETS/CodecFake/train/F05_SSB06140129.wav,5
/USERSPACE/DATASETS/CodecFake/train/F05_SSB19560430.wav,5
/USERSPACE/DATASETS/CodecFake/train/F05_SSB04340121.wav,5
/USERSPACE/DATASETS/CodecFake/train/F05_SSB03540092.wav,5
/USERSPACE/DATASETS/CodecFake/train/F05_p330_221.wav,5
/USERSPACE/DATASETS/CodecFake/train/F05_p229_293.wav,5
/USERSPACE/DATASETS/CodecFake/train/F05_SSB03930242.wav,5
/USERSPACE/DATASETS/CodecFake/train/F05_SSB04260229.wav,5
/USERSPACE/DATASETS/CodecFake/train/F05_SSB00090356.wav,5
/USERSPACE/DATASETS/CodecFake/train/F05_SSB15630095.wav,5
/USERSPACE/DATASETS/CodecFake/train/F05_SSB06310283.wav,5
/USERSPACE/DATASETS/CodecFake/train/F05_p302_162.wav,5
/USERSPACE/DATASETS/CodecFake/train/F05_SSB16990227.wav,5
/USERSPACE/DATASETS/CodecFake/train/F05_SSB03820281.wav,5
/USERSPACE/DATASETS/CodecFake/train/F05_SSB14570152.wav,5
/USERSPACE/DATASETS/CodecFake/train/F05_p268_218.wav,5
/USERSPACE/DATASETS/CodecFake/train/F05_SSB03950415.wav,5
/USERSPACE/DATASETS/CodecFake/train/F05_p270_277.wav,5
/USERSPACE/DATASETS/CodecFake/train/F05_SSB13280401.wav,5
/USERSPACE/DATASETS/CodecFake/train/F05_SSB16500358.wav,5
/USERSPACE/DATASETS/CodecFake/train/F05_p315_210.wav,5
/USERSPACE/DATASETS/CodecFake/train/F05_p335_288.wav,5
/USERSPACE/DATASETS/CodecFake/train/F05_p285_361.wav,5
/USERSPACE/DATASETS/CodecFake/train/F05_SSB03950083.wav,5
/USERSPACE/DATASETS/CodecFake/train/F05_p270_219.wav,5
/USERSPACE/DATASETS/CodecFake/train/F05_SSB05020291.wav,5
/USERSPACE/DATASETS/CodecFake/train/F05_SSB07620156.wav,5
/USERSPACE/DATASETS/CodecFake/train/F05_SSB18060242.wav,5
/USERSPACE/DATASETS/CodecFake/train/F05_SSB13660471.wav,5
/USERSPACE/DATASETS/CodecFake/train/F05_SSB07100062.wav,5
/USERSPACE/DATASETS/CodecFake/train/F05_SSB09350062.wav,5
/USERSPACE/DATASETS/CodecFake/train/F05_SSB01930065.wav,5
/USERSPACE/DATASETS/CodecFake/train/F05_SSB10240473.wav,5
/USERSPACE/DATASETS/CodecFake/train/F05_p362_112.wav,5
/USERSPACE/DATASETS/CodecFake/train/F05_SSB00180460.wav,5
/USERSPACE/DATASETS/CodecFake/train/F05_p249_340.wav,5
/USERSPACE/DATASETS/CodecFake/train/F05_SSB07580277.wav,5
/USERSPACE/DATASETS/CodecFake/train/F05_SSB06320214.wav,5
/USERSPACE/DATASETS/CodecFake/train/F05_SSB10550489.wav,5
/USERSPACE/DATASETS/CodecFake/train/F05_SSB00330162.wav,5
/USERSPACE/DATASETS/CodecFake/train/F05_p272_007.wav,5
/USERSPACE/DATASETS/CodecFake/train/F05_p316_213.wav,5
/USERSPACE/DATASETS/CodecFake/train/F05_SSB16700169.wav,5
/USERSPACE/DATASETS/CodecFake/train/F05_p261_395.wav,5
/USERSPACE/DATASETS/CodecFake/train/F05_SSB03540205.wav,5
/USERSPACE/DATASETS/CodecFake/train/F05_SSB11080049.wav,5
/USERSPACE/DATASETS/CodecFake/train/F05_p240_026.wav,5
/USERSPACE/DATASETS/CodecFake/train/F05_SSB02990255.wav,5
/USERSPACE/DATASETS/CodecFake/train/F05_SSB02870164.wav,5
/USERSPACE/DATASETS/CodecFake/train/F05_SSB00120061.wav,5
/USERSPACE/DATASETS/CodecFake/train/F05_SSB07510149.wav,5
/USERSPACE/DATASETS/CodecFake/train/F05_SSB06680051.wav,5
/USERSPACE/DATASETS/CodecFake/train/F05_SSB18720383.wav,5
/USERSPACE/DATASETS/CodecFake/train/F05_SSB13200301.wav,5
/USERSPACE/DATASETS/CodecFake/train/F05_SSB10560163.wav,5
/USERSPACE/DATASETS/CodecFake/train/F05_SSB00180459.wav,5
/USERSPACE/DATASETS/CodecFake/train/F05_SSB13400148.wav,5
/USERSPACE/DATASETS/CodecFake/train/F05_SSB00730415.wav,5
/USERSPACE/DATASETS/CodecFake/train/F05_SSB06230021.wav,5
/USERSPACE/DATASETS/CodecFake/train/F05_SSB03800494.wav,5
/USERSPACE/DATASETS/CodecFake/train/F05_SSB02670142.wav,5
/USERSPACE/DATASETS/CodecFake/train/F05_SSB15550072.wav,5
/USERSPACE/DATASETS/CodecFake/train/F05_p299_021.wav,5
/USERSPACE/DATASETS/CodecFake/train/F05_SSB07020456.wav,5
/USERSPACE/DATASETS/CodecFake/train/F05_SSB11360150.wav,5
/USERSPACE/DATASETS/CodecFake/train/F05_SSB11380390.wav,5
/USERSPACE/DATASETS/CodecFake/train/F05_p285_031.wav,5
/USERSPACE/DATASETS/CodecFake/train/F05_SSB03420004.wav,5
/USERSPACE/DATASETS/CodecFake/train/F05_SSB13220279.wav,5
/USERSPACE/DATASETS/CodecFake/train/F05_SSB03660487.wav,5
/USERSPACE/DATASETS/CodecFake/train/F05_SSB05650222.wav,5
/USERSPACE/DATASETS/CodecFake/train/F05_p312_005.wav,5
/USERSPACE/DATASETS/CodecFake/train/F05_SSB11610044.wav,5
/USERSPACE/DATASETS/CodecFake/train/F05_SSB09660435.wav,5
/USERSPACE/DATASETS/CodecFake/train/F05_SSB03850407.wav,5
/USERSPACE/DATASETS/CodecFake/train/F05_p262_096.wav,5
/USERSPACE/DATASETS/CodecFake/train/F05_SSB13850034.wav,5
/USERSPACE/DATASETS/CodecFake/train/F05_SSB07370303.wav,5
/USERSPACE/DATASETS/CodecFake/train/F05_p336_266.wav,5
/USERSPACE/DATASETS/CodecFake/train/F05_SSB10200054.wav,5
/USERSPACE/DATASETS/CodecFake/train/F05_SSB07490118.wav,5
/USERSPACE/DATASETS/CodecFake/train/F05_p254_163.wav,5
/USERSPACE/DATASETS/CodecFake/train/F05_p276_284.wav,5
/USERSPACE/DATASETS/CodecFake/train/F05_SSB13850395.wav,5
/USERSPACE/DATASETS/CodecFake/train/F05_SSB13200299.wav,5
/USERSPACE/DATASETS/CodecFake/train/F05_p259_407.wav,5
/USERSPACE/DATASETS/CodecFake/train/F05_p230_171.wav,5
/USERSPACE/DATASETS/CodecFake/train/F05_p292_099.wav,5
/USERSPACE/DATASETS/CodecFake/train/F05_SSB02880092.wav,5
/USERSPACE/DATASETS/CodecFake/train/F05_SSB05440276.wav,5
/USERSPACE/DATASETS/CodecFake/train/F05_p243_291.wav,5
/USERSPACE/DATASETS/CodecFake/train/F05_p236_026.wav,5
/USERSPACE/DATASETS/CodecFake/train/F05_SSB15750226.wav,5
/USERSPACE/DATASETS/CodecFake/train/F05_SSB05340216.wav,5
/USERSPACE/DATASETS/CodecFake/train/F05_SSB05780291.wav,5
/USERSPACE/DATASETS/CodecFake/train/F05_SSB10960087.wav,5
/USERSPACE/DATASETS/CodecFake/train/F05_SSB02870479.wav,5
/USERSPACE/DATASETS/CodecFake/train/F05_SSB19390347.wav,5
/USERSPACE/DATASETS/CodecFake/train/F05_SSB13220289.wav,5
/USERSPACE/DATASETS/CodecFake/train/F05_p286_400.wav,5
/USERSPACE/DATASETS/CodecFake/train/F05_p300_005.wav,5
/USERSPACE/DATASETS/CodecFake/train/F05_SSB09660032.wav,5
/USERSPACE/DATASETS/CodecFake/train/F05_p243_082.wav,5
/USERSPACE/DATASETS/CodecFake/train/F05_SSB07100027.wav,5
/USERSPACE/DATASETS/CodecFake/train/F05_SSB18780020.wav,5
/USERSPACE/DATASETS/CodecFake/train/F05_SSB10720079.wav,5
/USERSPACE/DATASETS/CodecFake/train/F05_SSB04260279.wav,5
/USERSPACE/DATASETS/CodecFake/train/F05_p299_403.wav,5
/USERSPACE/DATASETS/CodecFake/train/F05_p313_173.wav,5
/USERSPACE/DATASETS/CodecFake/train/F05_SSB07480035.wav,5
/USERSPACE/DATASETS/CodecFake/train/F05_SSB01120429.wav,5
/USERSPACE/DATASETS/CodecFake/train/F05_p300_161.wav,5
/USERSPACE/DATASETS/CodecFake/train/F05_SSB04820107.wav,5
/USERSPACE/DATASETS/CodecFake/train/F05_SSB01490251.wav,5
/USERSPACE/DATASETS/CodecFake/train/F05_p259_404.wav,5
/USERSPACE/DATASETS/CodecFake/train/F05_SSB05940273.wav,5
/USERSPACE/DATASETS/CodecFake/train/F05_SSB08630299.wav,5
/USERSPACE/DATASETS/CodecFake/train/F05_SSB09150032.wav,5
/USERSPACE/DATASETS/CodecFake/train/F05_p257_158.wav,5
/USERSPACE/DATASETS/CodecFake/train/F05_p340_340.wav,5
/USERSPACE/DATASETS/CodecFake/train/F05_p244_020.wav,5
/USERSPACE/DATASETS/CodecFake/train/F05_p263_185.wav,5
/USERSPACE/DATASETS/CodecFake/train/F05_SSB05440455.wav,5
/USERSPACE/DATASETS/CodecFake/train/F05_p237_183.wav,5
/USERSPACE/DATASETS/CodecFake/train/F05_SSB05350073.wav,5
/USERSPACE/DATASETS/CodecFake/train/F05_SSB16700294.wav,5
/USERSPACE/DATASETS/CodecFake/train/F05_SSB00110231.wav,5
/USERSPACE/DATASETS/CodecFake/train/F05_p340_169.wav,5
/USERSPACE/DATASETS/CodecFake/train/F05_SSB16500411.wav,5
/USERSPACE/DATASETS/CodecFake/train/F05_SSB06930123.wav,5
/USERSPACE/DATASETS/CodecFake/train/F05_SSB07170056.wav,5
/USERSPACE/DATASETS/CodecFake/train/F05_p269_121.wav,5
/USERSPACE/DATASETS/CodecFake/train/F05_SSB05990359.wav,5
/USERSPACE/DATASETS/CodecFake/train/F05_SSB02730277.wav,5
/USERSPACE/DATASETS/CodecFake/train/F05_SSB13850106.wav,5
/USERSPACE/DATASETS/CodecFake/train/F05_p259_374.wav,5
/USERSPACE/DATASETS/CodecFake/train/F05_SSB03230312.wav,5
/USERSPACE/DATASETS/CodecFake/train/F05_SSB11350461.wav,5
/USERSPACE/DATASETS/CodecFake/train/F05_p334_017.wav,5
/USERSPACE/DATASETS/CodecFake/train/F05_SSB03160049.wav,5
/USERSPACE/DATASETS/CodecFake/train/F05_p261_049.wav,5
/USERSPACE/DATASETS/CodecFake/train/F05_SSB16860057.wav,5
/USERSPACE/DATASETS/CodecFake/train/F05_SSB07600395.wav,5
/USERSPACE/DATASETS/CodecFake/train/F05_SSB06290231.wav,5
/USERSPACE/DATASETS/CodecFake/train/F05_SSB02670349.wav,5
/USERSPACE/DATASETS/CodecFake/train/F05_SSB07110092.wav,5
/USERSPACE/DATASETS/CodecFake/train/F05_SSB01490388.wav,5
/USERSPACE/DATASETS/CodecFake/train/F05_SSB03540088.wav,5
/USERSPACE/DATASETS/CodecFake/train/F05_SSB06060305.wav,5
/USERSPACE/DATASETS/CodecFake/train/F05_SSB07840329.wav,5
/USERSPACE/DATASETS/CodecFake/train/F05_p276_177.wav,5
/USERSPACE/DATASETS/CodecFake/train/F05_SSB03380352.wav,5
/USERSPACE/DATASETS/CodecFake/train/F05_p234_258.wav,5
/USERSPACE/DATASETS/CodecFake/train/F05_SSB05940262.wav,5
/USERSPACE/DATASETS/CodecFake/train/F05_SSB12040229.wav,5
/USERSPACE/DATASETS/CodecFake/train/F05_p323_314.wav,5
/USERSPACE/DATASETS/CodecFake/train/F05_p243_377.wav,5
/USERSPACE/DATASETS/CodecFake/train/F05_SSB17110368.wav,5
/USERSPACE/DATASETS/CodecFake/train/F05_SSB06710118.wav,5
/USERSPACE/DATASETS/CodecFake/train/F05_p286_351.wav,5
/USERSPACE/DATASETS/CodecFake/train/F05_SSB07780061.wav,5
/USERSPACE/DATASETS/CodecFake/train/F05_SSB01970165.wav,5
/USERSPACE/DATASETS/CodecFake/train/F05_SSB16990062.wav,5
/USERSPACE/DATASETS/CodecFake/train/F05_SSB19020398.wav,5
/USERSPACE/DATASETS/CodecFake/train/F05_p343_245.wav,5
/USERSPACE/DATASETS/CodecFake/train/F05_SSB07580151.wav,5
/USERSPACE/DATASETS/CodecFake/train/F05_p253_186.wav,5
/USERSPACE/DATASETS/CodecFake/train/F05_p241_093.wav,5
/USERSPACE/DATASETS/CodecFake/train/F05_p231_158.wav,5
/USERSPACE/DATASETS/CodecFake/train/F05_SSB13220311.wav,5
/USERSPACE/DATASETS/CodecFake/train/F05_SSB03150362.wav,5
/USERSPACE/DATASETS/CodecFake/train/F05_SSB05440345.wav,5
/USERSPACE/DATASETS/CodecFake/train/F05_SSB12030363.wav,5
/USERSPACE/DATASETS/CodecFake/train/F05_SSB07580046.wav,5
/USERSPACE/DATASETS/CodecFake/train/F05_SSB07000164.wav,5
/USERSPACE/DATASETS/CodecFake/train/F05_SSB11610354.wav,5
/USERSPACE/DATASETS/CodecFake/train/F05_SSB07480460.wav,5
/USERSPACE/DATASETS/CodecFake/train/F05_SSB12190229.wav,5
/USERSPACE/DATASETS/CodecFake/train/F05_SSB16250193.wav,5
/USERSPACE/DATASETS/CodecFake/train/F05_p271_284.wav,5
/USERSPACE/DATASETS/CodecFake/train/F05_SSB02730056.wav,5
/USERSPACE/DATASETS/CodecFake/train/F05_SSB18320423.wav,5
/USERSPACE/DATASETS/CodecFake/train/F05_p280_279.wav,5
/USERSPACE/DATASETS/CodecFake/train/F05_SSB04070025.wav,5
/USERSPACE/DATASETS/CodecFake/train/F05_SSB07580333.wav,5
/USERSPACE/DATASETS/CodecFake/train/F05_SSB00050285.wav,5
/USERSPACE/DATASETS/CodecFake/train/F05_p288_196.wav,5
/USERSPACE/DATASETS/CodecFake/train/F05_SSB08170016.wav,5
/USERSPACE/DATASETS/CodecFake/train/F05_p249_178.wav,5
/USERSPACE/DATASETS/CodecFake/train/F05_p244_092.wav,5
/USERSPACE/DATASETS/CodecFake/train/F05_SSB19350060.wav,5
/USERSPACE/DATASETS/CodecFake/train/F05_p277_416.wav,5
/USERSPACE/DATASETS/CodecFake/train/F05_p301_050.wav,5
/USERSPACE/DATASETS/CodecFake/train/F05_SSB18370290.wav,5
/USERSPACE/DATASETS/CodecFake/train/F05_p300_175.wav,5
/USERSPACE/DATASETS/CodecFake/train/F05_SSB04270343.wav,5
/USERSPACE/DATASETS/CodecFake/train/F05_SSB18320246.wav,5
/USERSPACE/DATASETS/CodecFake/train/F05_p305_136.wav,5
/USERSPACE/DATASETS/CodecFake/train/F05_SSB11380061.wav,5
/USERSPACE/DATASETS/CodecFake/train/F05_SSB07580012.wav,5
/USERSPACE/DATASETS/CodecFake/train/F05_p260_351.wav,5
/USERSPACE/DATASETS/CodecFake/train/F05_SSB18100479.wav,5
/USERSPACE/DATASETS/CodecFake/train/F05_SSB18280264.wav,5
/USERSPACE/DATASETS/CodecFake/train/F05_p318_006.wav,5
/USERSPACE/DATASETS/CodecFake/train/F05_SSB18780173.wav,5
/USERSPACE/DATASETS/CodecFake/train/F05_SSB07780263.wav,5
/USERSPACE/DATASETS/CodecFake/train/F05_SSB07860067.wav,5
/USERSPACE/DATASETS/CodecFake/train/F05_SSB02460210.wav,5
/USERSPACE/DATASETS/CodecFake/train/F05_SSB10500501.wav,5
/USERSPACE/DATASETS/CodecFake/train/F05_p280_023.wav,5
/USERSPACE/DATASETS/CodecFake/train/F05_SSB05340401.wav,5
/USERSPACE/DATASETS/CodecFake/train/F05_SSB11250393.wav,5
/USERSPACE/DATASETS/CodecFake/train/F05_p298_132.wav,5
/USERSPACE/DATASETS/CodecFake/train/F05_p248_065.wav,5
/USERSPACE/DATASETS/CodecFake/train/F05_p288_222.wav,5
/USERSPACE/DATASETS/CodecFake/train/F05_SSB11310128.wav,5
/USERSPACE/DATASETS/CodecFake/train/F05_SSB13220414.wav,5
/USERSPACE/DATASETS/CodecFake/train/F05_p254_132.wav,5
/USERSPACE/DATASETS/CodecFake/train/F05_SSB07940410.wav,5
/USERSPACE/DATASETS/CodecFake/train/F05_SSB06060284.wav,5
/USERSPACE/DATASETS/CodecFake/train/F05_SSB18370131.wav,5
/USERSPACE/DATASETS/CodecFake/train/F05_p244_373.wav,5
/USERSPACE/DATASETS/CodecFake/train/F05_p284_183.wav,5
/USERSPACE/DATASETS/CodecFake/train/F05_SSB08870148.wav,5
/USERSPACE/DATASETS/CodecFake/train/F05_SSB14480440.wav,5
/USERSPACE/DATASETS/CodecFake/train/F05_p295_184.wav,5
/USERSPACE/DATASETS/CodecFake/train/F05_p244_420.wav,5
/USERSPACE/DATASETS/CodecFake/train/F05_SSB06660468.wav,5
/USERSPACE/DATASETS/CodecFake/train/F05_SSB08870033.wav,5
/USERSPACE/DATASETS/CodecFake/train/F05_p311_317.wav,5
/USERSPACE/DATASETS/CodecFake/train/F05_SSB16700282.wav,5
/USERSPACE/DATASETS/CodecFake/train/F05_SSB18780164.wav,5
/USERSPACE/DATASETS/CodecFake/train/F05_p326_198.wav,5
/USERSPACE/DATASETS/CodecFake/train/F05_SSB05990200.wav,5
/USERSPACE/DATASETS/CodecFake/train/F05_SSB07460350.wav,5
/USERSPACE/DATASETS/CodecFake/train/F05_SSB13410308.wav,5
/USERSPACE/DATASETS/CodecFake/train/F05_p304_107.wav,5
/USERSPACE/DATASETS/CodecFake/train/F05_p307_041.wav,5
/USERSPACE/DATASETS/CodecFake/train/F05_p228_125.wav,5
/USERSPACE/DATASETS/CodecFake/train/F05_SSB07200188.wav,5
/USERSPACE/DATASETS/CodecFake/train/F05_p268_362.wav,5
/USERSPACE/DATASETS/CodecFake/train/F05_SSB18780002.wav,5
/USERSPACE/DATASETS/CodecFake/train/F05_SSB05940067.wav,5
/USERSPACE/DATASETS/CodecFake/train/F05_SSB08630223.wav,5
/USERSPACE/DATASETS/CodecFake/train/F05_SSB14370475.wav,5
/USERSPACE/DATASETS/CodecFake/train/F05_p229_263.wav,5
/USERSPACE/DATASETS/CodecFake/train/F05_p284_144.wav,5
/USERSPACE/DATASETS/CodecFake/train/F05_SSB00570117.wav,5
/USERSPACE/DATASETS/CodecFake/train/F05_SSB12030007.wav,5
/USERSPACE/DATASETS/CodecFake/train/F05_p250_417.wav,5
/USERSPACE/DATASETS/CodecFake/train/F05_SSB15630357.wav,5
/USERSPACE/DATASETS/CodecFake/train/F05_p270_423.wav,5
/USERSPACE/DATASETS/CodecFake/train/F05_SSB03390171.wav,5
/USERSPACE/DATASETS/CodecFake/train/F05_SSB07160407.wav,5
/USERSPACE/DATASETS/CodecFake/train/F05_SSB00180348.wav,5
/USERSPACE/DATASETS/CodecFake/train/F05_SSB16250041.wav,5
/USERSPACE/DATASETS/CodecFake/train/F05_SSB11260454.wav,5
/USERSPACE/DATASETS/CodecFake/train/F05_SSB05990017.wav,5
/USERSPACE/DATASETS/CodecFake/train/F05_SSB00090073.wav,5
/USERSPACE/DATASETS/CodecFake/train/F05_p261_127.wav,5
/USERSPACE/DATASETS/CodecFake/train/F05_SSB04350090.wav,5
/USERSPACE/DATASETS/CodecFake/train/F05_SSB15930125.wav,5
/USERSPACE/DATASETS/CodecFake/train/F05_p284_381.wav,5
/USERSPACE/DATASETS/CodecFake/train/F05_p360_390.wav,5
/USERSPACE/DATASETS/CodecFake/train/F05_SSB00380035.wav,5
/USERSPACE/DATASETS/CodecFake/train/F05_p226_152.wav,5
/USERSPACE/DATASETS/CodecFake/train/F05_SSB11250307.wav,5
/USERSPACE/DATASETS/CodecFake/train/F05_SSB03160341.wav,5
/USERSPACE/DATASETS/CodecFake/train/F05_p238_211.wav,5
/USERSPACE/DATASETS/CodecFake/train/F05_SSB05340301.wav,5
/USERSPACE/DATASETS/CodecFake/train/F05_SSB11100344.wav,5
/USERSPACE/DATASETS/CodecFake/train/F05_SSB07490455.wav,5
/USERSPACE/DATASETS/CodecFake/train/F05_SSB00110076.wav,5
/USERSPACE/DATASETS/CodecFake/train/F05_p345_189.wav,5
/USERSPACE/DATASETS/CodecFake/train/F05_SSB07480121.wav,5
/USERSPACE/DATASETS/CodecFake/train/F05_SSB03160348.wav,5
/USERSPACE/DATASETS/CodecFake/train/F05_SSB13920254.wav,5
/USERSPACE/DATASETS/CodecFake/train/F05_p268_250.wav,5
/USERSPACE/DATASETS/CodecFake/train/F05_SSB13660170.wav,5
/USERSPACE/DATASETS/CodecFake/train/F05_SSB11350467.wav,5
/USERSPACE/DATASETS/CodecFake/train/F05_p302_083.wav,5
/USERSPACE/DATASETS/CodecFake/train/F05_SSB10560460.wav,5
/USERSPACE/DATASETS/CodecFake/train/F05_SSB03820359.wav,5
/USERSPACE/DATASETS/CodecFake/train/F05_SSB19180237.wav,5
/USERSPACE/DATASETS/CodecFake/train/F05_p299_287.wav,5
/USERSPACE/DATASETS/CodecFake/train/F05_p255_366.wav,5
/USERSPACE/DATASETS/CodecFake/train/F05_SSB18370029.wav,5
/USERSPACE/DATASETS/CodecFake/train/F05_SSB00430474.wav,5
/USERSPACE/DATASETS/CodecFake/train/F05_SSB19350014.wav,5
/USERSPACE/DATASETS/CodecFake/train/F05_SSB03850151.wav,5
/USERSPACE/DATASETS/CodecFake/train/F05_SSB18630192.wav,5
/USERSPACE/DATASETS/CodecFake/train/F05_SSB09150397.wav,5
/USERSPACE/DATASETS/CodecFake/train/F05_SSB11100357.wav,5
/USERSPACE/DATASETS/CodecFake/train/F05_p280_165.wav,5
/USERSPACE/DATASETS/CodecFake/train/F05_SSB06140483.wav,5
/USERSPACE/DATASETS/CodecFake/train/F05_SSB06930302.wav,5
/USERSPACE/DATASETS/CodecFake/train/F05_p278_045.wav,5
/USERSPACE/DATASETS/CodecFake/train/F05_p311_401.wav,5
/USERSPACE/DATASETS/CodecFake/train/F05_SSB12210190.wav,5
/USERSPACE/DATASETS/CodecFake/train/F05_SSB01970018.wav,5
/USERSPACE/DATASETS/CodecFake/train/F05_SSB11760470.wav,5
/USERSPACE/DATASETS/CodecFake/train/F05_SSB01330094.wav,5
/USERSPACE/DATASETS/CodecFake/train/F05_p363_382.wav,5
/USERSPACE/DATASETS/CodecFake/train/F05_SSB18100010.wav,5
/USERSPACE/DATASETS/CodecFake/train/F05_p233_248.wav,5
/USERSPACE/DATASETS/CodecFake/train/F05_SSB11380405.wav,5
/USERSPACE/DATASETS/CodecFake/train/F05_SSB13280152.wav,5
/USERSPACE/DATASETS/CodecFake/train/F05_SSB04340076.wav,5
/USERSPACE/DATASETS/CodecFake/train/F05_SSB13990263.wav,5
/USERSPACE/DATASETS/CodecFake/train/F05_SSB12160096.wav,5
/USERSPACE/DATASETS/CodecFake/train/F05_SSB13650149.wav,5
/USERSPACE/DATASETS/CodecFake/train/F05_SSB00050056.wav,5
/USERSPACE/DATASETS/CodecFake/train/F05_SSB12180033.wav,5
/USERSPACE/DATASETS/CodecFake/train/F05_SSB06290385.wav,5
/USERSPACE/DATASETS/CodecFake/train/F05_p313_257.wav,5
/USERSPACE/DATASETS/CodecFake/train/F05_SSB00050439.wav,5
/USERSPACE/DATASETS/CodecFake/train/F05_SSB12180380.wav,5
/USERSPACE/DATASETS/CodecFake/train/F05_SSB00730116.wav,5
/USERSPACE/DATASETS/CodecFake/train/F05_SSB13220046.wav,5
/USERSPACE/DATASETS/CodecFake/train/F05_SSB09930358.wav,5
/USERSPACE/DATASETS/CodecFake/train/F05_SSB06660412.wav,5
/USERSPACE/DATASETS/CodecFake/train/F05_SSB15550046.wav,5
/USERSPACE/DATASETS/CodecFake/train/F05_SSB10720243.wav,5
/USERSPACE/DATASETS/CodecFake/train/F05_SSB19560045.wav,5
/USERSPACE/DATASETS/CodecFake/train/F05_SSB05900441.wav,5
/USERSPACE/DATASETS/CodecFake/train/F05_SSB13220452.wav,5
/USERSPACE/DATASETS/CodecFake/train/F05_p273_334.wav,5
/USERSPACE/DATASETS/CodecFake/train/F05_p273_186.wav,5
/USERSPACE/DATASETS/CodecFake/train/F05_SSB13830106.wav,5
/USERSPACE/DATASETS/CodecFake/train/F05_SSB00090493.wav,5
/USERSPACE/DATASETS/CodecFake/train/F05_SSB07840411.wav,5
/USERSPACE/DATASETS/CodecFake/train/F05_SSB04350443.wav,5
/USERSPACE/DATASETS/CodecFake/train/F05_p238_305.wav,5
/USERSPACE/DATASETS/CodecFake/train/F05_SSB03410128.wav,5
/USERSPACE/DATASETS/CodecFake/train/F05_p280_243.wav,5
/USERSPACE/DATASETS/CodecFake/train/F05_SSB00050016.wav,5
/USERSPACE/DATASETS/CodecFake/train/F05_SSB12030002.wav,5
/USERSPACE/DATASETS/CodecFake/train/F05_SSB06030222.wav,5
/USERSPACE/DATASETS/CodecFake/train/F05_p312_212.wav,5
/USERSPACE/DATASETS/CodecFake/train/F05_SSB07510340.wav,5
/USERSPACE/DATASETS/CodecFake/train/F05_SSB07200351.wav,5
/USERSPACE/DATASETS/CodecFake/train/F05_p304_274.wav,5
/USERSPACE/DATASETS/CodecFake/train/F05_SSB06230502.wav,5
/USERSPACE/DATASETS/CodecFake/train/F05_p300_032.wav,5
/USERSPACE/DATASETS/CodecFake/train/F05_SSB07100330.wav,5
/USERSPACE/DATASETS/CodecFake/train/F05_SSB04270089.wav,5
/USERSPACE/DATASETS/CodecFake/train/F05_SSB03930410.wav,5
/USERSPACE/DATASETS/CodecFake/train/F05_p243_180.wav,5
/USERSPACE/DATASETS/CodecFake/train/F05_SSB05020132.wav,5
/USERSPACE/DATASETS/CodecFake/train/F05_SSB07160164.wav,5
/USERSPACE/DATASETS/CodecFake/train/F05_p233_109.wav,5
/USERSPACE/DATASETS/CodecFake/train/F05_SSB16240312.wav,5
/USERSPACE/DATASETS/CodecFake/train/F05_SSB05700464.wav,5
/USERSPACE/DATASETS/CodecFake/train/F05_SSB11360301.wav,5
/USERSPACE/DATASETS/CodecFake/train/F05_SSB09350322.wav,5
/USERSPACE/DATASETS/CodecFake/train/F05_SSB07480258.wav,5
/USERSPACE/DATASETS/CodecFake/train/F05_SSB07160425.wav,5
/USERSPACE/DATASETS/CodecFake/train/F05_SSB04700188.wav,5
/USERSPACE/DATASETS/CodecFake/train/F05_SSB07620288.wav,5
/USERSPACE/DATASETS/CodecFake/train/F05_p317_383.wav,5
/USERSPACE/DATASETS/CodecFake/train/F05_SSB15930085.wav,5
/USERSPACE/DATASETS/CodecFake/train/F05_SSB08710444.wav,5
/USERSPACE/DATASETS/CodecFake/train/F05_SSB04350039.wav,5
/USERSPACE/DATASETS/CodecFake/train/F05_SSB06680480.wav,5
/USERSPACE/DATASETS/CodecFake/train/F05_SSB19350208.wav,5
/USERSPACE/DATASETS/CodecFake/train/F05_p274_068.wav,5
/USERSPACE/DATASETS/CodecFake/train/F05_p260_041.wav,5
/USERSPACE/DATASETS/CodecFake/train/F05_p236_023.wav,5
/USERSPACE/DATASETS/CodecFake/train/F05_p250_350.wav,5
/USERSPACE/DATASETS/CodecFake/train/F05_SSB09870212.wav,5
/USERSPACE/DATASETS/CodecFake/train/F05_SSB10560142.wav,5
/USERSPACE/DATASETS/CodecFake/train/F05_SSB05940353.wav,5
/USERSPACE/DATASETS/CodecFake/train/F05_SSB16700421.wav,5
/USERSPACE/DATASETS/CodecFake/train/F05_SSB03390317.wav,5
/USERSPACE/DATASETS/CodecFake/train/F05_SSB17280496.wav,5
/USERSPACE/DATASETS/CodecFake/train/F05_SSB13650248.wav,5
/USERSPACE/DATASETS/CodecFake/train/F05_SSB05020338.wav,5
/USERSPACE/DATASETS/CodecFake/train/F05_SSB03540144.wav,5
/USERSPACE/DATASETS/CodecFake/train/F05_SSB11310264.wav,5
/USERSPACE/DATASETS/CodecFake/train/F05_SSB05340393.wav,5
/USERSPACE/DATASETS/CodecFake/train/F05_SSB13830251.wav,5
/USERSPACE/DATASETS/CodecFake/train/F05_p272_173.wav,5
/USERSPACE/DATASETS/CodecFake/train/F05_p302_145.wav,5
/USERSPACE/DATASETS/CodecFake/train/F05_SSB12190276.wav,5
/USERSPACE/DATASETS/CodecFake/train/F05_SSB04150409.wav,5
/USERSPACE/DATASETS/CodecFake/train/F05_SSB19020217.wav,5
/USERSPACE/DATASETS/CodecFake/train/F05_SSB19020440.wav,5
/USERSPACE/DATASETS/CodecFake/train/F05_SSB07230373.wav,5
/USERSPACE/DATASETS/CodecFake/train/F05_SSB08510430.wav,5
/USERSPACE/DATASETS/CodecFake/train/F05_p253_267.wav,5
/USERSPACE/DATASETS/CodecFake/train/F05_SSB12740158.wav,5
/USERSPACE/DATASETS/CodecFake/train/F05_SSB03390164.wav,5
/USERSPACE/DATASETS/CodecFake/train/F05_p275_287.wav,5
/USERSPACE/DATASETS/CodecFake/train/F05_SSB07370065.wav,5
/USERSPACE/DATASETS/CodecFake/train/F05_SSB01490332.wav,5
/USERSPACE/DATASETS/CodecFake/train/F05_SSB06230460.wav,5
/USERSPACE/DATASETS/CodecFake/train/F05_SSB06090187.wav,5
/USERSPACE/DATASETS/CodecFake/train/F05_SSB07940096.wav,5
/USERSPACE/DATASETS/CodecFake/train/F05_SSB19350443.wav,5
/USERSPACE/DATASETS/CodecFake/train/F05_SSB02880259.wav,5
/USERSPACE/DATASETS/CodecFake/train/F05_SSB10560105.wav,5
/USERSPACE/DATASETS/CodecFake/train/F05_p257_178.wav,5
/USERSPACE/DATASETS/CodecFake/train/F05_p329_234.wav,5
/USERSPACE/DATASETS/CodecFake/train/F05_p251_100.wav,5
/USERSPACE/DATASETS/CodecFake/train/F05_p297_263.wav,5
/USERSPACE/DATASETS/CodecFake/train/F05_SSB07490198.wav,5
/USERSPACE/DATASETS/CodecFake/train/F05_SSB03800386.wav,5
/USERSPACE/DATASETS/CodecFake/train/F05_SSB11760245.wav,5
/USERSPACE/DATASETS/CodecFake/train/F05_p308_260.wav,5
/USERSPACE/DATASETS/CodecFake/train/F05_p271_395.wav,5
/USERSPACE/DATASETS/CodecFake/train/F05_p249_133.wav,5
/USERSPACE/DATASETS/CodecFake/train/F05_SSB11360215.wav,5
/USERSPACE/DATASETS/CodecFake/train/F05_p261_088.wav,5
/USERSPACE/DATASETS/CodecFake/train/F05_SSB04340061.wav,5
/USERSPACE/DATASETS/CodecFake/train/F05_SSB10560393.wav,5
/USERSPACE/DATASETS/CodecFake/train/F05_p286_115.wav,5
/USERSPACE/DATASETS/CodecFake/train/F05_SSB02000174.wav,5
/USERSPACE/DATASETS/CodecFake/train/F05_SSB06710041.wav,5
/USERSPACE/DATASETS/CodecFake/train/F05_SSB10200066.wav,5
/USERSPACE/DATASETS/CodecFake/train/F05_SSB09190063.wav,5
/USERSPACE/DATASETS/CodecFake/train/F05_SSB00330048.wav,5
/USERSPACE/DATASETS/CodecFake/train/F05_SSB18780490.wav,5
/USERSPACE/DATASETS/CodecFake/train/F05_p261_228.wav,5
/USERSPACE/DATASETS/CodecFake/train/F05_SSB04340140.wav,5
/USERSPACE/DATASETS/CodecFake/train/F05_p360_108.wav,5
/USERSPACE/DATASETS/CodecFake/train/F05_p363_421.wav,5
/USERSPACE/DATASETS/CodecFake/train/F05_SSB18370069.wav,5
/USERSPACE/DATASETS/CodecFake/train/F05_p236_130.wav,5
/USERSPACE/DATASETS/CodecFake/train/F05_SSB19180337.wav,5
/USERSPACE/DATASETS/CodecFake/train/F05_SSB03160186.wav,5
/USERSPACE/DATASETS/CodecFake/train/F05_p225_191.wav,5
/USERSPACE/DATASETS/CodecFake/train/F05_SSB18910440.wav,5
/USERSPACE/DATASETS/CodecFake/train/F05_SSB15630399.wav,5
/USERSPACE/DATASETS/CodecFake/train/F05_SSB05020271.wav,5
/USERSPACE/DATASETS/CodecFake/train/F05_SSB06710178.wav,5
/USERSPACE/DATASETS/CodecFake/train/F05_SSB09660014.wav,5
/USERSPACE/DATASETS/CodecFake/train/F05_SSB03410435.wav,5
/USERSPACE/DATASETS/CodecFake/train/F05_p326_336.wav,5
/USERSPACE/DATASETS/CodecFake/train/F05_SSB13990081.wav,5
/USERSPACE/DATASETS/CodecFake/train/F05_SSB02880440.wav,5
/USERSPACE/DATASETS/CodecFake/train/F05_p272_135.wav,5
/USERSPACE/DATASETS/CodecFake/train/F05_p272_095.wav,5
/USERSPACE/DATASETS/CodecFake/train/F05_p272_080.wav,5
/USERSPACE/DATASETS/CodecFake/train/F05_SSB12150489.wav,5
/USERSPACE/DATASETS/CodecFake/train/F05_p345_182.wav,5
/USERSPACE/DATASETS/CodecFake/train/F05_p282_156.wav,5
/USERSPACE/DATASETS/CodecFake/train/F05_p259_328.wav,5
/USERSPACE/DATASETS/CodecFake/train/F05_SSB07370215.wav,5
/USERSPACE/DATASETS/CodecFake/train/F05_p248_287.wav,5
/USERSPACE/DATASETS/CodecFake/train/F05_SSB07100224.wav,5
/USERSPACE/DATASETS/CodecFake/train/F05_SSB04820453.wav,5
/USERSPACE/DATASETS/CodecFake/train/F05_SSB04340256.wav,5
/USERSPACE/DATASETS/CodecFake/train/F05_SSB07360162.wav,5
/USERSPACE/DATASETS/CodecFake/train/F05_p238_339.wav,5
/USERSPACE/DATASETS/CodecFake/train/F05_p225_110.wav,5
/USERSPACE/DATASETS/CodecFake/train/F05_p275_097.wav,5
/USERSPACE/DATASETS/CodecFake/train/F05_SSB04340446.wav,5
/USERSPACE/DATASETS/CodecFake/train/F05_SSB03380240.wav,5
/USERSPACE/DATASETS/CodecFake/train/F05_SSB01120284.wav,5
/USERSPACE/DATASETS/CodecFake/train/F05_SSB12740409.wav,5
/USERSPACE/DATASETS/CodecFake/train/F05_SSB08170368.wav,5
/USERSPACE/DATASETS/CodecFake/train/F05_SSB16070076.wav,5
/USERSPACE/DATASETS/CodecFake/train/F05_SSB19350248.wav,5
/USERSPACE/DATASETS/CodecFake/train/F05_SSB11380406.wav,5
/USERSPACE/DATASETS/CodecFake/train/F05_SSB07110156.wav,5
/USERSPACE/DATASETS/CodecFake/train/F05_p253_079.wav,5
/USERSPACE/DATASETS/CodecFake/train/F05_p288_197.wav,5
/USERSPACE/DATASETS/CodecFake/train/F05_SSB06010350.wav,5
/USERSPACE/DATASETS/CodecFake/train/F05_SSB12390205.wav,5
/USERSPACE/DATASETS/CodecFake/train/F05_SSB08710071.wav,5
/USERSPACE/DATASETS/CodecFake/train/F05_SSB13660035.wav,5
/USERSPACE/DATASETS/CodecFake/train/F05_SSB16860189.wav,5
/USERSPACE/DATASETS/CodecFake/train/F05_SSB03750365.wav,5
/USERSPACE/DATASETS/CodecFake/train/F05_p230_295.wav,5
/USERSPACE/DATASETS/CodecFake/train/F05_p285_299.wav,5
/USERSPACE/DATASETS/CodecFake/train/F05_SSB05900148.wav,5
/USERSPACE/DATASETS/CodecFake/train/F05_SSB01220334.wav,5
/USERSPACE/DATASETS/CodecFake/train/F05_SSB04340425.wav,5
/USERSPACE/DATASETS/CodecFake/train/F05_SSB04350440.wav,5
/USERSPACE/DATASETS/CodecFake/train/F05_p230_382.wav,5
/USERSPACE/DATASETS/CodecFake/train/F05_p347_253.wav,5
/USERSPACE/DATASETS/CodecFake/train/F05_p305_014.wav,5
/USERSPACE/DATASETS/CodecFake/train/F05_SSB06320261.wav,5
/USERSPACE/DATASETS/CodecFake/train/F05_SSB06140330.wav,5
/USERSPACE/DATASETS/CodecFake/train/F05_p293_071.wav,5
/USERSPACE/DATASETS/CodecFake/train/F05_SSB07100161.wav,5
/USERSPACE/DATASETS/CodecFake/train/F05_p240_118.wav,5
/USERSPACE/DATASETS/CodecFake/train/F05_SSB04070458.wav,5
/USERSPACE/DATASETS/CodecFake/train/F05_SSB03540212.wav,5
/USERSPACE/DATASETS/CodecFake/train/F05_SSB00430271.wav,5
/USERSPACE/DATASETS/CodecFake/train/F05_p362_076.wav,5
/USERSPACE/DATASETS/CodecFake/train/F05_SSB02730464.wav,5
/USERSPACE/DATASETS/CodecFake/train/F05_SSB05350023.wav,5
/USERSPACE/DATASETS/CodecFake/train/F05_SSB11610239.wav,5
/USERSPACE/DATASETS/CodecFake/train/F05_SSB05880116.wav,5
/USERSPACE/DATASETS/CodecFake/train/F05_SSB09870192.wav,5
/USERSPACE/DATASETS/CodecFake/train/F05_p257_385.wav,5
/USERSPACE/DATASETS/CodecFake/train/F05_SSB06310271.wav,5
/USERSPACE/DATASETS/CodecFake/train/F05_SSB04820226.wav,5
/USERSPACE/DATASETS/CodecFake/train/F05_SSB09130337.wav,5
/USERSPACE/DATASETS/CodecFake/train/F05_SSB05900293.wav,5
/USERSPACE/DATASETS/CodecFake/train/F05_p244_151.wav,5
/USERSPACE/DATASETS/CodecFake/train/F05_SSB09130183.wav,5
/USERSPACE/DATASETS/CodecFake/train/F05_SSB04820275.wav,5
/USERSPACE/DATASETS/CodecFake/train/F05_SSB02460261.wav,5
/USERSPACE/DATASETS/CodecFake/train/F05_p294_207.wav,5
/USERSPACE/DATASETS/CodecFake/train/F05_SSB02880321.wav,5
/USERSPACE/DATASETS/CodecFake/train/F05_p300_088.wav,5
/USERSPACE/DATASETS/CodecFake/train/F05_SSB11000083.wav,5
/USERSPACE/DATASETS/CodecFake/train/F05_SSB06660257.wav,5
/USERSPACE/DATASETS/CodecFake/train/F05_SSB11150116.wav,5
/USERSPACE/DATASETS/CodecFake/train/F05_SSB12030433.wav,5
/USERSPACE/DATASETS/CodecFake/train/F05_SSB15550295.wav,5
/USERSPACE/DATASETS/CodecFake/train/F05_SSB03800093.wav,5
/USERSPACE/DATASETS/CodecFake/train/F05_SSB05780231.wav,5
/USERSPACE/DATASETS/CodecFake/train/F05_p283_020.wav,5
/USERSPACE/DATASETS/CodecFake/train/F05_SSB03070071.wav,5
/USERSPACE/DATASETS/CodecFake/train/F05_p304_385.wav,5
/USERSPACE/DATASETS/CodecFake/train/F05_SSB02730223.wav,5
/USERSPACE/DATASETS/CodecFake/train/F05_SSB07940078.wav,5
/USERSPACE/DATASETS/CodecFake/train/F05_SSB06660466.wav,5
/USERSPACE/DATASETS/CodecFake/train/F05_SSB13830480.wav,5
/USERSPACE/DATASETS/CodecFake/train/F05_SSB13660215.wav,5
/USERSPACE/DATASETS/CodecFake/train/F05_SSB03410135.wav,5
/USERSPACE/DATASETS/CodecFake/train/F05_SSB11380440.wav,5
/USERSPACE/DATASETS/CodecFake/train/F05_p233_184.wav,5
/USERSPACE/DATASETS/CodecFake/train/F05_SSB03150268.wav,5
/USERSPACE/DATASETS/CodecFake/train/F05_SSB05390362.wav,5
/USERSPACE/DATASETS/CodecFake/train/F05_p229_154.wav,5
/USERSPACE/DATASETS/CodecFake/train/F05_SSB14020237.wav,5
/USERSPACE/DATASETS/CodecFake/train/F05_SSB06030262.wav,5
/USERSPACE/DATASETS/CodecFake/train/F05_p336_124.wav,5
/USERSPACE/DATASETS/CodecFake/train/F05_SSB08220359.wav,5
/USERSPACE/DATASETS/CodecFake/train/F05_p243_273.wav,5
/USERSPACE/DATASETS/CodecFake/train/F05_SSB05440430.wav,5
/USERSPACE/DATASETS/CodecFake/train/F05_SSB11150308.wav,5
/USERSPACE/DATASETS/CodecFake/train/F05_p336_327.wav,5
/USERSPACE/DATASETS/CodecFake/train/F05_SSB07200124.wav,5
/USERSPACE/DATASETS/CodecFake/train/F05_p268_114.wav,5
/USERSPACE/DATASETS/CodecFake/train/F05_SSB06230273.wav,5
/USERSPACE/DATASETS/CodecFake/train/F05_SSB19020081.wav,5
/USERSPACE/DATASETS/CodecFake/train/F05_SSB06140094.wav,5
/USERSPACE/DATASETS/CodecFake/train/F05_SSB19390412.wav,5
/USERSPACE/DATASETS/CodecFake/train/F05_p297_074.wav,5
/USERSPACE/DATASETS/CodecFake/train/F05_p308_095.wav,5
/USERSPACE/DATASETS/CodecFake/train/F05_SSB07480101.wav,5
/USERSPACE/DATASETS/CodecFake/train/F05_SSB13410388.wav,5
/USERSPACE/DATASETS/CodecFake/train/F05_SSB11260363.wav,5
/USERSPACE/DATASETS/CodecFake/train/F05_p249_194.wav,5
/USERSPACE/DATASETS/CodecFake/train/F05_SSB07620287.wav,5
/USERSPACE/DATASETS/CodecFake/train/F05_p285_291.wav,5
/USERSPACE/DATASETS/CodecFake/train/F05_SSB11260423.wav,5
/USERSPACE/DATASETS/CodecFake/train/F05_p227_237.wav,5
/USERSPACE/DATASETS/CodecFake/train/F05_p285_315.wav,5
/USERSPACE/DATASETS/CodecFake/train/F05_SSB10560503.wav,5
/USERSPACE/DATASETS/CodecFake/train/F05_SSB09870315.wav,5
/USERSPACE/DATASETS/CodecFake/train/F05_p246_130.wav,5
/USERSPACE/DATASETS/CodecFake/train/F05_SSB04700420.wav,5
/USERSPACE/DATASETS/CodecFake/train/F05_SSB08170410.wav,5
/USERSPACE/DATASETS/CodecFake/train/F05_p340_205.wav,5
/USERSPACE/DATASETS/CodecFake/train/F05_p243_252.wav,5
/USERSPACE/DATASETS/CodecFake/train/F05_SSB00730097.wav,5
/USERSPACE/DATASETS/CodecFake/train/F05_p268_327.wav,5
/USERSPACE/DATASETS/CodecFake/train/F05_SSB01220244.wav,5
/USERSPACE/DATASETS/CodecFake/train/F05_p306_143.wav,5
/USERSPACE/DATASETS/CodecFake/train/F05_p333_322.wav,5
/USERSPACE/DATASETS/CodecFake/train/F05_SSB09190067.wav,5
/USERSPACE/DATASETS/CodecFake/train/F05_SSB02410267.wav,5
/USERSPACE/DATASETS/CodecFake/train/F05_p298_019.wav,5
/USERSPACE/DATASETS/CodecFake/train/F05_SSB13830031.wav,5
/USERSPACE/DATASETS/CodecFake/train/F05_p287_257.wav,5
/USERSPACE/DATASETS/CodecFake/train/F05_SSB18910160.wav,5
/USERSPACE/DATASETS/CodecFake/train/F05_SSB16070395.wav,5
/USERSPACE/DATASETS/CodecFake/train/F05_p311_124.wav,5
/USERSPACE/DATASETS/CodecFake/train/F05_p340_339.wav,5
/USERSPACE/DATASETS/CodecFake/train/F05_SSB08220289.wav,5
/USERSPACE/DATASETS/CodecFake/train/F05_SSB16250150.wav,5
/USERSPACE/DATASETS/CodecFake/train/F05_SSB13660266.wav,5
/USERSPACE/DATASETS/CodecFake/train/F05_SSB03420031.wav,5
/USERSPACE/DATASETS/CodecFake/train/F05_p286_324.wav,5
/USERSPACE/DATASETS/CodecFake/train/F05_SSB07600349.wav,5
/USERSPACE/DATASETS/CodecFake/train/F05_SSB02410296.wav,5
/USERSPACE/DATASETS/CodecFake/train/F05_SSB11000147.wav,5
/USERSPACE/DATASETS/CodecFake/train/F05_p276_141.wav,5
/USERSPACE/DATASETS/CodecFake/train/F05_SSB03410155.wav,5
/USERSPACE/DATASETS/CodecFake/train/F05_SSB00120103.wav,5
/USERSPACE/DATASETS/CodecFake/train/F05_SSB02870068.wav,5
/USERSPACE/DATASETS/CodecFake/train/F05_SSB02610404.wav,5
/USERSPACE/DATASETS/CodecFake/train/F05_SSB05900403.wav,5
/USERSPACE/DATASETS/CodecFake/train/F05_SSB01330428.wav,5
/USERSPACE/DATASETS/CodecFake/train/F05_SSB15750416.wav,5
/USERSPACE/DATASETS/CodecFake/train/F05_p277_364.wav,5
/USERSPACE/DATASETS/CodecFake/train/F05_SSB04700343.wav,5
/USERSPACE/DATASETS/CodecFake/train/F05_SSB04700231.wav,5
/USERSPACE/DATASETS/CodecFake/train/F05_SSB12190233.wav,5
/USERSPACE/DATASETS/CodecFake/train/F05_SSB10550125.wav,5
/USERSPACE/DATASETS/CodecFake/train/F05_p301_404.wav,5
/USERSPACE/DATASETS/CodecFake/train/F05_p335_419.wav,5
/USERSPACE/DATASETS/CodecFake/train/F05_SSB03800307.wav,5
/USERSPACE/DATASETS/CodecFake/train/F05_SSB06090178.wav,5
/USERSPACE/DATASETS/CodecFake/train/F05_SSB10960228.wav,5
/USERSPACE/DATASETS/CodecFake/train/F05_SSB16840048.wav,5
/USERSPACE/DATASETS/CodecFake/train/F05_p295_219.wav,5
/USERSPACE/DATASETS/CodecFake/train/F05_SSB03940393.wav,5
/USERSPACE/DATASETS/CodecFake/train/F05_SSB05940024.wav,5
/USERSPACE/DATASETS/CodecFake/train/F05_SSB06230299.wav,5
/USERSPACE/DATASETS/CodecFake/train/F05_SSB01220216.wav,5
/USERSPACE/DATASETS/CodecFake/train/F05_SSB13220354.wav,5
/USERSPACE/DATASETS/CodecFake/train/F05_p269_322.wav,5
/USERSPACE/DATASETS/CodecFake/train/F05_SSB05340417.wav,5
/USERSPACE/DATASETS/CodecFake/train/F05_SSB06230408.wav,5
/USERSPACE/DATASETS/CodecFake/train/F05_SSB13820126.wav,5
/USERSPACE/DATASETS/CodecFake/train/F05_SSB01330013.wav,5
/USERSPACE/DATASETS/CodecFake/train/F05_SSB14520058.wav,5
/USERSPACE/DATASETS/CodecFake/train/F05_SSB12740299.wav,5
/USERSPACE/DATASETS/CodecFake/train/F05_SSB16240104.wav,5
/USERSPACE/DATASETS/CodecFake/train/F05_SSB11310297.wav,5
/USERSPACE/DATASETS/CodecFake/train/F05_SSB19020429.wav,5
/USERSPACE/DATASETS/CodecFake/train/F05_SSB06070045.wav,5
/USERSPACE/DATASETS/CodecFake/train/F05_SSB13930156.wav,5
/USERSPACE/DATASETS/CodecFake/train/F05_SSB00730085.wav,5
/USERSPACE/DATASETS/CodecFake/train/F05_SSB07780204.wav,5
/USERSPACE/DATASETS/CodecFake/train/F05_p255_156.wav,5
/USERSPACE/DATASETS/CodecFake/train/F05_p253_051.wav,5
/USERSPACE/DATASETS/CodecFake/train/F05_SSB13920303.wav,5
/USERSPACE/DATASETS/CodecFake/train/F05_p318_041.wav,5
/USERSPACE/DATASETS/CodecFake/train/F05_SSB01120125.wav,5
/USERSPACE/DATASETS/CodecFake/train/F05_SSB10080011.wav,5
/USERSPACE/DATASETS/CodecFake/train/F05_p283_395.wav,5
/USERSPACE/DATASETS/CodecFake/train/F05_SSB07170095.wav,5
/USERSPACE/DATASETS/CodecFake/train/F05_p317_095.wav,5
/USERSPACE/DATASETS/CodecFake/train/F05_p362_050.wav,5
/USERSPACE/DATASETS/CodecFake/train/F05_SSB10240312.wav,5
/USERSPACE/DATASETS/CodecFake/train/F05_SSB15930246.wav,5
/USERSPACE/DATASETS/CodecFake/train/F05_SSB07600405.wav,5
/USERSPACE/DATASETS/CodecFake/train/F05_SSB11360005.wav,5
/USERSPACE/DATASETS/CodecFake/train/F05_p270_439.wav,5
/USERSPACE/DATASETS/CodecFake/train/F05_SSB09970121.wav,5
/USERSPACE/DATASETS/CodecFake/train/F05_SSB06660348.wav,5
/USERSPACE/DATASETS/CodecFake/train/F05_p294_144.wav,5
/USERSPACE/DATASETS/CodecFake/train/F05_SSB07510435.wav,5
/USERSPACE/DATASETS/CodecFake/train/F05_SSB10010022.wav,5
/USERSPACE/DATASETS/CodecFake/train/F05_SSB08710253.wav,5
/USERSPACE/DATASETS/CodecFake/train/F05_p236_119.wav,5
/USERSPACE/DATASETS/CodecFake/train/F05_SSB13400079.wav,5
/USERSPACE/DATASETS/CodecFake/train/F05_SSB09190077.wav,5
/USERSPACE/DATASETS/CodecFake/train/F05_SSB05020114.wav,5
/USERSPACE/DATASETS/CodecFake/train/F05_p330_303.wav,5
/USERSPACE/DATASETS/CodecFake/train/F05_SSB03820261.wav,5
/USERSPACE/DATASETS/CodecFake/train/F05_SSB00160067.wav,5
/USERSPACE/DATASETS/CodecFake/train/F05_SSB02730345.wav,5
/USERSPACE/DATASETS/CodecFake/train/F05_SSB07230155.wav,5
/USERSPACE/DATASETS/CodecFake/train/F05_SSB15930365.wav,5
/USERSPACE/DATASETS/CodecFake/train/F05_SSB06230306.wav,5
/USERSPACE/DATASETS/CodecFake/train/F05_p273_367.wav,5
/USERSPACE/DATASETS/CodecFake/train/F05_SSB03940425.wav,5
/USERSPACE/DATASETS/CodecFake/train/F05_SSB03930451.wav,5
/USERSPACE/DATASETS/CodecFake/train/F05_p307_135.wav,5
/USERSPACE/DATASETS/CodecFake/train/F05_SSB18630420.wav,5
/USERSPACE/DATASETS/CodecFake/train/F05_p287_070.wav,5
/USERSPACE/DATASETS/CodecFake/train/F05_SSB06060271.wav,5
/USERSPACE/DATASETS/CodecFake/train/F05_SSB13200464.wav,5
/USERSPACE/DATASETS/CodecFake/train/F05_SSB13920060.wav,5
/USERSPACE/DATASETS/CodecFake/train/F05_p239_392.wav,5
/USERSPACE/DATASETS/CodecFake/train/F05_p288_175.wav,5
/USERSPACE/DATASETS/CodecFake/train/F05_SSB18280260.wav,5
/USERSPACE/DATASETS/CodecFake/train/F05_SSB06320144.wav,5
/USERSPACE/DATASETS/CodecFake/train/F05_p293_194.wav,5
/USERSPACE/DATASETS/CodecFake/train/F05_SSB06140382.wav,5
/USERSPACE/DATASETS/CodecFake/train/F05_p351_320.wav,5
/USERSPACE/DATASETS/CodecFake/train/F05_SSB01390485.wav,5
/USERSPACE/DATASETS/CodecFake/train/F05_p339_088.wav,5
/USERSPACE/DATASETS/CodecFake/train/F05_p239_327.wav,5
/USERSPACE/DATASETS/CodecFake/train/F05_SSB00800234.wav,5
/USERSPACE/DATASETS/CodecFake/train/F05_p277_369.wav,5
/USERSPACE/DATASETS/CodecFake/train/F05_SSB13220495.wav,5
/USERSPACE/DATASETS/CodecFake/train/F05_SSB02410129.wav,5
/USERSPACE/DATASETS/CodecFake/train/F05_p318_069.wav,5
/USERSPACE/DATASETS/CodecFake/train/F05_SSB03750344.wav,5
/USERSPACE/DATASETS/CodecFake/train/F05_SSB05780423.wav,5
/USERSPACE/DATASETS/CodecFake/train/F05_p247_020.wav,5
/USERSPACE/DATASETS/CodecFake/train/F05_p312_129.wav,5
/USERSPACE/DATASETS/CodecFake/train/F05_p360_379.wav,5
/USERSPACE/DATASETS/CodecFake/train/F05_SSB06090057.wav,5
/USERSPACE/DATASETS/CodecFake/train/F05_SSB06070073.wav,5
/USERSPACE/DATASETS/CodecFake/train/F05_p244_152.wav,5
/USERSPACE/DATASETS/CodecFake/train/F05_p267_291.wav,5
/USERSPACE/DATASETS/CodecFake/train/F05_p301_041.wav,5
/USERSPACE/DATASETS/CodecFake/train/F05_p334_257.wav,5
/USERSPACE/DATASETS/CodecFake/train/F05_SSB10560154.wav,5
/USERSPACE/DATASETS/CodecFake/train/F05_p363_117.wav,5
/USERSPACE/DATASETS/CodecFake/train/F05_SSB18320110.wav,5
/USERSPACE/DATASETS/CodecFake/train/F05_SSB00090107.wav,5
/USERSPACE/DATASETS/CodecFake/train/F05_SSB13820256.wav,5
/USERSPACE/DATASETS/CodecFake/train/F05_p229_306.wav,5
/USERSPACE/DATASETS/CodecFake/train/F05_SSB11610295.wav,5
/USERSPACE/DATASETS/CodecFake/train/F05_SSB06930262.wav,5
/USERSPACE/DATASETS/CodecFake/train/F05_SSB08870180.wav,5
/USERSPACE/DATASETS/CodecFake/train/F05_p286_153.wav,5
/USERSPACE/DATASETS/CodecFake/train/F05_SSB12530352.wav,5
/USERSPACE/DATASETS/CodecFake/train/F05_p284_065.wav,5
/USERSPACE/DATASETS/CodecFake/train/F05_SSB05020434.wav,5
/USERSPACE/DATASETS/CodecFake/train/F05_p243_375.wav,5
/USERSPACE/DATASETS/CodecFake/train/F05_SSB18370426.wav,5
/USERSPACE/DATASETS/CodecFake/train/F05_SSB07510042.wav,5
/USERSPACE/DATASETS/CodecFake/train/F05_SSB13930124.wav,5
/USERSPACE/DATASETS/CodecFake/train/F05_p262_101.wav,5
/USERSPACE/DATASETS/CodecFake/train/F05_SSB18910028.wav,5
/USERSPACE/DATASETS/CodecFake/train/F05_SSB12160117.wav,5
/USERSPACE/DATASETS/CodecFake/train/F05_SSB10550187.wav,5
/USERSPACE/DATASETS/CodecFake/train/F05_SSB06070449.wav,5
/USERSPACE/DATASETS/CodecFake/train/F05_SSB15850407.wav,5
/USERSPACE/DATASETS/CodecFake/train/F05_SSB05340468.wav,5
/USERSPACE/DATASETS/CodecFake/train/F05_SSB09130444.wav,5
/USERSPACE/DATASETS/CodecFake/train/F05_SSB01930176.wav,5
/USERSPACE/DATASETS/CodecFake/train/F05_p257_193.wav,5
/USERSPACE/DATASETS/CodecFake/train/F05_p277_052.wav,5
/USERSPACE/DATASETS/CodecFake/train/F05_p304_263.wav,5
/USERSPACE/DATASETS/CodecFake/train/F05_SSB09660438.wav,5
/USERSPACE/DATASETS/CodecFake/train/F05_SSB12150314.wav,5
/USERSPACE/DATASETS/CodecFake/train/F05_SSB07620174.wav,5
/USERSPACE/DATASETS/CodecFake/train/F05_SSB10720348.wav,5
/USERSPACE/DATASETS/CodecFake/train/F05_p311_256.wav,5
/USERSPACE/DATASETS/CodecFake/train/F05_SSB10500325.wav,5
/USERSPACE/DATASETS/CodecFake/train/F05_p279_266.wav,5
/USERSPACE/DATASETS/CodecFake/train/F05_p374_357.wav,5
/USERSPACE/DATASETS/CodecFake/train/F05_SSB05900189.wav,5
/USERSPACE/DATASETS/CodecFake/train/F05_p261_444.wav,5
/USERSPACE/DATASETS/CodecFake/train/F05_p323_363.wav,5
/USERSPACE/DATASETS/CodecFake/train/F05_SSB04270400.wav,5
/USERSPACE/DATASETS/CodecFake/train/F05_SSB07780216.wav,5
/USERSPACE/DATASETS/CodecFake/train/F05_p329_379.wav,5
/USERSPACE/DATASETS/CodecFake/train/F05_p225_273.wav,5
/USERSPACE/DATASETS/CodecFake/train/F05_p243_073.wav,5
/USERSPACE/DATASETS/CodecFake/train/F05_p268_371.wav,5
/USERSPACE/DATASETS/CodecFake/train/F05_p271_135.wav,5
/USERSPACE/DATASETS/CodecFake/train/F05_SSB18370148.wav,5
/USERSPACE/DATASETS/CodecFake/train/F05_p265_055.wav,5
/USERSPACE/DATASETS/CodecFake/train/F05_SSB05990227.wav,5
/USERSPACE/DATASETS/CodecFake/train/F05_SSB14570476.wav,5
/USERSPACE/DATASETS/CodecFake/train/F05_SSB08710218.wav,5
/USERSPACE/DATASETS/CodecFake/train/F05_p287_258.wav,5
/USERSPACE/DATASETS/CodecFake/train/F05_SSB07600131.wav,5
/USERSPACE/DATASETS/CodecFake/train/F05_SSB11150242.wav,5
/USERSPACE/DATASETS/CodecFake/train/F05_p257_417.wav,5
/USERSPACE/DATASETS/CodecFake/train/F05_SSB05390348.wav,5
/USERSPACE/DATASETS/CodecFake/train/F05_p316_159.wav,5
/USERSPACE/DATASETS/CodecFake/train/F05_SSB07480432.wav,5
/USERSPACE/DATASETS/CodecFake/train/F05_p335_347.wav,5
/USERSPACE/DATASETS/CodecFake/train/F05_SSB11250495.wav,5
/USERSPACE/DATASETS/CodecFake/train/F05_p345_209.wav,5
/USERSPACE/DATASETS/CodecFake/train/F05_p236_002.wav,5
/USERSPACE/DATASETS/CodecFake/train/F05_SSB05780375.wav,5
/USERSPACE/DATASETS/CodecFake/train/F05_SSB09870117.wav,5
/USERSPACE/DATASETS/CodecFake/train/F05_SSB00330112.wav,5
/USERSPACE/DATASETS/CodecFake/train/F05_p284_342.wav,5
/USERSPACE/DATASETS/CodecFake/train/F05_p316_208.wav,5
/USERSPACE/DATASETS/CodecFake/train/F05_p363_156.wav,5
/USERSPACE/DATASETS/CodecFake/train/F05_p241_176.wav,5
/USERSPACE/DATASETS/CodecFake/train/F05_p231_310.wav,5
/USERSPACE/DATASETS/CodecFake/train/F05_SSB02410235.wav,5
/USERSPACE/DATASETS/CodecFake/train/F05_p225_335.wav,5
/USERSPACE/DATASETS/CodecFake/train/F05_p323_083.wav,5
/USERSPACE/DATASETS/CodecFake/train/F05_p335_381.wav,5
/USERSPACE/DATASETS/CodecFake/train/F05_SSB04260075.wav,5
/USERSPACE/DATASETS/CodecFake/train/F05_p297_077.wav,5
/USERSPACE/DATASETS/CodecFake/train/F05_SSB17390187.wav,5
/USERSPACE/DATASETS/CodecFake/train/F05_SSB06030476.wav,5
/USERSPACE/DATASETS/CodecFake/train/F05_SSB14020273.wav,5
/USERSPACE/DATASETS/CodecFake/train/F05_SSB03950081.wav,5
/USERSPACE/DATASETS/CodecFake/train/F05_SSB13660226.wav,5
/USERSPACE/DATASETS/CodecFake/train/F05_SSB00330175.wav,5
/USERSPACE/DATASETS/CodecFake/train/F05_p343_251.wav,5
/USERSPACE/DATASETS/CodecFake/train/F05_SSB01930161.wav,5
/USERSPACE/DATASETS/CodecFake/train/F05_SSB03380093.wav,5
/USERSPACE/DATASETS/CodecFake/train/F05_SSB06060413.wav,5
/USERSPACE/DATASETS/CodecFake/train/F05_p280_120.wav,5
/USERSPACE/DATASETS/CodecFake/train/F05_SSB06090350.wav,5
/USERSPACE/DATASETS/CodecFake/train/F05_SSB01490458.wav,5
/USERSPACE/DATASETS/CodecFake/train/F05_SSB06860209.wav,5
/USERSPACE/DATASETS/CodecFake/train/F05_SSB19020361.wav,5
/USERSPACE/DATASETS/CodecFake/train/F05_SSB07110311.wav,5
/USERSPACE/DATASETS/CodecFake/train/F05_SSB11360255.wav,5
/USERSPACE/DATASETS/CodecFake/train/F05_SSB02460404.wav,5
/USERSPACE/DATASETS/CodecFake/train/F05_SSB08510148.wav,5
/USERSPACE/DATASETS/CodecFake/train/F05_SSB07510441.wav,5
/USERSPACE/DATASETS/CodecFake/train/F05_SSB14520080.wav,5
/USERSPACE/DATASETS/CodecFake/train/F05_SSB06090005.wav,5
/USERSPACE/DATASETS/CodecFake/train/F05_SSB03850314.wav,5
/USERSPACE/DATASETS/CodecFake/train/F05_p225_092.wav,5
/USERSPACE/DATASETS/CodecFake/train/F05_p304_148.wav,5
/USERSPACE/DATASETS/CodecFake/train/F05_SSB02410357.wav,5
/USERSPACE/DATASETS/CodecFake/train/F05_SSB04150097.wav,5
/USERSPACE/DATASETS/CodecFake/train/F05_SSB07510326.wav,5
/USERSPACE/DATASETS/CodecFake/train/F05_SSB00430118.wav,5
/USERSPACE/DATASETS/CodecFake/train/F05_SSB07230206.wav,5
/USERSPACE/DATASETS/CodecFake/train/F05_SSB09930262.wav,5
/USERSPACE/DATASETS/CodecFake/train/F05_SSB14020235.wav,5
/USERSPACE/DATASETS/CodecFake/train/F05_SSB06060378.wav,5
/USERSPACE/DATASETS/CodecFake/train/F05_p239_469.wav,5
/USERSPACE/DATASETS/CodecFake/train/F05_p336_283.wav,5
/USERSPACE/DATASETS/CodecFake/train/F05_SSB11870093.wav,5
/USERSPACE/DATASETS/CodecFake/train/F05_SSB16500049.wav,5
/USERSPACE/DATASETS/CodecFake/train/F05_p284_041.wav,5
/USERSPACE/DATASETS/CodecFake/train/F05_SSB16500003.wav,5
/USERSPACE/DATASETS/CodecFake/train/F05_p333_144.wav,5
/USERSPACE/DATASETS/CodecFake/train/F05_p311_166.wav,5
/USERSPACE/DATASETS/CodecFake/train/F05_p273_162.wav,5
/USERSPACE/DATASETS/CodecFake/train/F05_SSB16500348.wav,5
/USERSPACE/DATASETS/CodecFake/train/F05_SSB13920204.wav,5
/USERSPACE/DATASETS/CodecFake/train/F05_SSB10720301.wav,5
/USERSPACE/DATASETS/CodecFake/train/F05_p266_336.wav,5
/USERSPACE/DATASETS/CodecFake/train/F05_p347_026.wav,5
/USERSPACE/DATASETS/CodecFake/train/F05_SSB07460054.wav,5
/USERSPACE/DATASETS/CodecFake/train/F05_SSB17390457.wav,5
/USERSPACE/DATASETS/CodecFake/train/F05_SSB01390212.wav,5
/USERSPACE/DATASETS/CodecFake/train/F05_SSB03800443.wav,5
/USERSPACE/DATASETS/CodecFake/train/F05_SSB10910241.wav,5
/USERSPACE/DATASETS/CodecFake/train/F05_SSB07460050.wav,5
/USERSPACE/DATASETS/CodecFake/train/F05_SSB03090266.wav,5
/USERSPACE/DATASETS/CodecFake/train/F05_p295_380.wav,5
/USERSPACE/DATASETS/CodecFake/train/F05_SSB18090315.wav,5
/USERSPACE/DATASETS/CodecFake/train/F05_SSB00430502.wav,5
/USERSPACE/DATASETS/CodecFake/train/F05_SSB05990282.wav,5
/USERSPACE/DATASETS/CodecFake/train/F05_SSB07230179.wav,5
/USERSPACE/DATASETS/CodecFake/train/F05_SSB00160063.wav,5
/USERSPACE/DATASETS/CodecFake/train/F05_SSB06310139.wav,5
/USERSPACE/DATASETS/CodecFake/train/F05_SSB15930426.wav,5
/USERSPACE/DATASETS/CodecFake/train/F05_SSB01450371.wav,5
/USERSPACE/DATASETS/CodecFake/train/F05_SSB18630013.wav,5
/USERSPACE/DATASETS/CodecFake/train/F05_SSB05350217.wav,5
/USERSPACE/DATASETS/CodecFake/train/F05_SSB06030280.wav,5
/USERSPACE/DATASETS/CodecFake/train/F05_SSB11100505.wav,5
/USERSPACE/DATASETS/CodecFake/train/F05_SSB06710098.wav,5
/USERSPACE/DATASETS/CodecFake/train/F05_SSB12180436.wav,5
/USERSPACE/DATASETS/CodecFake/train/F05_p244_215.wav,5
/USERSPACE/DATASETS/CodecFake/train/F05_SSB18780162.wav,5
/USERSPACE/DATASETS/CodecFake/train/F05_SSB13280064.wav,5
/USERSPACE/DATASETS/CodecFake/train/F05_SSB18100412.wav,5
/USERSPACE/DATASETS/CodecFake/train/F05_SSB01450277.wav,5
/USERSPACE/DATASETS/CodecFake/train/F05_p229_231.wav,5
/USERSPACE/DATASETS/CodecFake/train/F05_SSB02870422.wav,5
/USERSPACE/DATASETS/CodecFake/train/F05_SSB13920315.wav,5
/USERSPACE/DATASETS/CodecFake/train/F05_SSB06090429.wav,5
/USERSPACE/DATASETS/CodecFake/train/F05_p247_135.wav,5
/USERSPACE/DATASETS/CodecFake/train/F05_SSB07370104.wav,5
/USERSPACE/DATASETS/CodecFake/train/F05_p258_404.wav,5
/USERSPACE/DATASETS/CodecFake/train/F05_SSB00180131.wav,5
/USERSPACE/DATASETS/CodecFake/train/F05_SSB12040391.wav,5
/USERSPACE/DATASETS/CodecFake/train/F05_SSB01930008.wav,5
/USERSPACE/DATASETS/CodecFake/train/F05_p251_181.wav,5
/USERSPACE/DATASETS/CodecFake/train/F05_SSB07460183.wav,5
/USERSPACE/DATASETS/CodecFake/train/F05_p259_019.wav,5
/USERSPACE/DATASETS/CodecFake/train/F05_p261_323.wav,5
/USERSPACE/DATASETS/CodecFake/train/F05_p306_088.wav,5
/USERSPACE/DATASETS/CodecFake/train/F05_SSB18060237.wav,5
/USERSPACE/DATASETS/CodecFake/train/F05_p341_168.wav,5
/USERSPACE/DATASETS/CodecFake/train/F05_SSB00800177.wav,5
/USERSPACE/DATASETS/CodecFake/train/F05_SSB01970153.wav,5
/USERSPACE/DATASETS/CodecFake/train/F05_SSB17450173.wav,5
/USERSPACE/DATASETS/CodecFake/train/F05_p303_273.wav,5
/USERSPACE/DATASETS/CodecFake/train/F05_SSB07800283.wav,5
/USERSPACE/DATASETS/CodecFake/train/F05_p298_401.wav,5
/USERSPACE/DATASETS/CodecFake/train/F05_SSB13020447.wav,5
/USERSPACE/DATASETS/CodecFake/train/F05_SSB07370153.wav,5
/USERSPACE/DATASETS/CodecFake/train/F05_p273_044.wav,5
/USERSPACE/DATASETS/CodecFake/train/F05_p312_324.wav,5
/USERSPACE/DATASETS/CodecFake/train/F05_p267_355.wav,5
/USERSPACE/DATASETS/CodecFake/train/F05_SSB18460291.wav,5
/USERSPACE/DATASETS/CodecFake/train/F05_SSB07170263.wav,5
/USERSPACE/DATASETS/CodecFake/train/F05_SSB03820062.wav,5
/USERSPACE/DATASETS/CodecFake/train/F05_SSB03160046.wav,5
/USERSPACE/DATASETS/CodecFake/train/F05_SSB19390252.wav,5
/USERSPACE/DATASETS/CodecFake/train/F05_SSB11610040.wav,5
/USERSPACE/DATASETS/CodecFake/train/F05_p279_127.wav,5
/USERSPACE/DATASETS/CodecFake/train/F05_SSB07860296.wav,5
/USERSPACE/DATASETS/CodecFake/train/F05_SSB07800437.wav,5
/USERSPACE/DATASETS/CodecFake/train/F05_p259_335.wav,5
/USERSPACE/DATASETS/CodecFake/train/F05_SSB15850080.wav,5
/USERSPACE/DATASETS/CodecFake/train/F05_SSB00730186.wav,5
/USERSPACE/DATASETS/CodecFake/train/F05_SSB06320313.wav,5
/USERSPACE/DATASETS/CodecFake/train/F05_SSB07000157.wav,5
/USERSPACE/DATASETS/CodecFake/train/F05_p262_199.wav,5
/USERSPACE/DATASETS/CodecFake/train/F05_SSB03820465.wav,5
/USERSPACE/DATASETS/CodecFake/train/F05_SSB19180242.wav,5
/USERSPACE/DATASETS/CodecFake/train/F05_p295_112.wav,5
/USERSPACE/DATASETS/CodecFake/train/F05_SSB13920252.wav,5
/USERSPACE/DATASETS/CodecFake/train/F05_p376_179.wav,5
/USERSPACE/DATASETS/CodecFake/train/F05_p362_163.wav,5
/USERSPACE/DATASETS/CodecFake/train/F05_p236_147.wav,5
/USERSPACE/DATASETS/CodecFake/train/F05_SSB13280207.wav,5
/USERSPACE/DATASETS/CodecFake/train/F05_p273_016.wav,5
/USERSPACE/DATASETS/CodecFake/train/F05_SSB03930399.wav,5
/USERSPACE/DATASETS/CodecFake/train/F05_SSB13400175.wav,5
/USERSPACE/DATASETS/CodecFake/train/F05_SSB19350446.wav,5
/USERSPACE/DATASETS/CodecFake/train/F05_SSB11080249.wav,5
/USERSPACE/DATASETS/CodecFake/train/F05_SSB00180099.wav,5
/USERSPACE/DATASETS/CodecFake/train/F05_SSB07800111.wav,5
/USERSPACE/DATASETS/CodecFake/train/F05_SSB05700249.wav,5
/USERSPACE/DATASETS/CodecFake/train/F05_SSB13280328.wav,5
/USERSPACE/DATASETS/CodecFake/train/F05_SSB07160317.wav,5
/USERSPACE/DATASETS/CodecFake/train/F05_p236_056.wav,5
/USERSPACE/DATASETS/CodecFake/train/F05_SSB07360401.wav,5
/USERSPACE/DATASETS/CodecFake/train/F05_SSB18630311.wav,5
/USERSPACE/DATASETS/CodecFake/train/F05_SSB17810471.wav,5
/USERSPACE/DATASETS/CodecFake/train/F05_SSB06060102.wav,5
/USERSPACE/DATASETS/CodecFake/train/F05_p246_180.wav,5
/USERSPACE/DATASETS/CodecFake/train/F05_SSB16500004.wav,5
/USERSPACE/DATASETS/CodecFake/train/F05_SSB19180179.wav,5
/USERSPACE/DATASETS/CodecFake/train/F05_SSB06710260.wav,5
/USERSPACE/DATASETS/CodecFake/train/F05_SSB06290162.wav,5
/USERSPACE/DATASETS/CodecFake/train/F05_p245_027.wav,5
/USERSPACE/DATASETS/CodecFake/train/F05_SSB02000250.wav,5
/USERSPACE/DATASETS/CodecFake/train/F05_SSB13280450.wav,5
/USERSPACE/DATASETS/CodecFake/train/F05_SSB15850108.wav,5
/USERSPACE/DATASETS/CodecFake/train/F05_SSB02730117.wav,5
/USERSPACE/DATASETS/CodecFake/train/F05_p255_132.wav,5
/USERSPACE/DATASETS/CodecFake/train/F05_p308_070.wav,5
/USERSPACE/DATASETS/CodecFake/train/F05_p313_306.wav,5
/USERSPACE/DATASETS/CodecFake/train/F05_SSB17810178.wav,5
/USERSPACE/DATASETS/CodecFake/train/F05_SSB17390333.wav,5
/USERSPACE/DATASETS/CodecFake/train/F05_p270_321.wav,5
/USERSPACE/DATASETS/CodecFake/train/F05_SSB07620263.wav,5
/USERSPACE/DATASETS/CodecFake/train/F05_p270_175.wav,5
/USERSPACE/DATASETS/CodecFake/train/F05_SSB02880324.wav,5
/USERSPACE/DATASETS/CodecFake/train/F05_SSB01220221.wav,5
/USERSPACE/DATASETS/CodecFake/train/F05_SSB09970426.wav,5
/USERSPACE/DATASETS/CodecFake/train/F05_SSB11100469.wav,5
/USERSPACE/DATASETS/CodecFake/train/F05_SSB14570236.wav,5
/USERSPACE/DATASETS/CodecFake/train/F05_p259_111.wav,5
/USERSPACE/DATASETS/CodecFake/train/F05_SSB07780094.wav,5
/USERSPACE/DATASETS/CodecFake/train/F05_SSB07490392.wav,5
/USERSPACE/DATASETS/CodecFake/train/F05_p232_248.wav,5
/USERSPACE/DATASETS/CodecFake/train/F05_SSB08870085.wav,5
/USERSPACE/DATASETS/CodecFake/train/F05_p341_122.wav,5
/USERSPACE/DATASETS/CodecFake/train/F05_SSB04270091.wav,5
/USERSPACE/DATASETS/CodecFake/train/F05_p312_040.wav,5
/USERSPACE/DATASETS/CodecFake/train/F05_p262_143.wav,5
/USERSPACE/DATASETS/CodecFake/train/F05_SSB13200381.wav,5
/USERSPACE/DATASETS/CodecFake/train/F05_SSB04340013.wav,5
/USERSPACE/DATASETS/CodecFake/train/F05_SSB07160409.wav,5
/USERSPACE/DATASETS/CodecFake/train/F05_p276_129.wav,5
/USERSPACE/DATASETS/CodecFake/train/F05_p229_194.wav,5
/USERSPACE/DATASETS/CodecFake/train/F05_SSB06860479.wav,5
/USERSPACE/DATASETS/CodecFake/train/F05_p299_168.wav,5
/USERSPACE/DATASETS/CodecFake/train/F05_SSB02610373.wav,5
/USERSPACE/DATASETS/CodecFake/train/F05_SSB05900484.wav,5
/USERSPACE/DATASETS/CodecFake/train/F05_p360_350.wav,5
/USERSPACE/DATASETS/CodecFake/train/F05_SSB07110219.wav,5
/USERSPACE/DATASETS/CodecFake/train/F05_SSB13400112.wav,5
/USERSPACE/DATASETS/CodecFake/train/F05_SSB05350352.wav,5
/USERSPACE/DATASETS/CodecFake/train/F05_SSB08630304.wav,5
/USERSPACE/DATASETS/CodecFake/train/F05_SSB09190302.wav,5
/USERSPACE/DATASETS/CodecFake/train/F05_SSB00050195.wav,5
/USERSPACE/DATASETS/CodecFake/train/F05_SSB05650036.wav,5
/USERSPACE/DATASETS/CodecFake/train/F05_p343_099.wav,5
/USERSPACE/DATASETS/CodecFake/train/F05_SSB05880217.wav,5
/USERSPACE/DATASETS/CodecFake/train/F05_SSB03790243.wav,5
/USERSPACE/DATASETS/CodecFake/train/F05_p361_032.wav,5
/USERSPACE/DATASETS/CodecFake/train/F05_SSB03950481.wav,5
/USERSPACE/DATASETS/CodecFake/train/F05_p286_101.wav,5
/USERSPACE/DATASETS/CodecFake/train/F05_SSB05700286.wav,5
/USERSPACE/DATASETS/CodecFake/train/F05_p313_282.wav,5
/USERSPACE/DATASETS/CodecFake/train/F05_SSB12210038.wav,5
/USERSPACE/DATASETS/CodecFake/train/F05_SSB00050097.wav,5
/USERSPACE/DATASETS/CodecFake/train/F05_p252_365.wav,5
/USERSPACE/DATASETS/CodecFake/train/F05_SSB10500303.wav,5
/USERSPACE/DATASETS/CodecFake/train/F05_p313_157.wav,5
/USERSPACE/DATASETS/CodecFake/train/F05_SSB03940423.wav,5
/USERSPACE/DATASETS/CodecFake/train/F05_p283_273.wav,5
/USERSPACE/DATASETS/CodecFake/train/F05_SSB10240113.wav,5
/USERSPACE/DATASETS/CodecFake/train/F05_SSB14020379.wav,5
/USERSPACE/DATASETS/CodecFake/train/F05_SSB13850445.wav,5
/USERSPACE/DATASETS/CodecFake/train/F05_SSB03800451.wav,5
/USERSPACE/DATASETS/CodecFake/train/F05_p262_004.wav,5
/USERSPACE/DATASETS/CodecFake/train/F05_p236_135.wav,5
/USERSPACE/DATASETS/CodecFake/train/F05_p326_191.wav,5
/USERSPACE/DATASETS/CodecFake/train/F05_SSB02000307.wav,5
/USERSPACE/DATASETS/CodecFake/train/F05_p275_259.wav,5
/USERSPACE/DATASETS/CodecFake/train/F05_p247_268.wav,5
/USERSPACE/DATASETS/CodecFake/train/F05_SSB16240091.wav,5
/USERSPACE/DATASETS/CodecFake/train/F05_p303_022.wav,5
/USERSPACE/DATASETS/CodecFake/train/F05_p333_093.wav,5
/USERSPACE/DATASETS/CodecFake/train/F05_SSB05940138.wav,5
/USERSPACE/DATASETS/CodecFake/train/F05_SSB14370075.wav,5
/USERSPACE/DATASETS/CodecFake/train/F05_p240_080.wav,5
/USERSPACE/DATASETS/CodecFake/train/F05_p341_277.wav,5
/USERSPACE/DATASETS/CodecFake/train/F05_SSB13020274.wav,5
/USERSPACE/DATASETS/CodecFake/train/F05_SSB07510157.wav,5
/USERSPACE/DATASETS/CodecFake/train/F05_SSB07580003.wav,5
/USERSPACE/DATASETS/CodecFake/train/F05_SSB13400437.wav,5
/USERSPACE/DATASETS/CodecFake/train/F05_SSB01450100.wav,5
/USERSPACE/DATASETS/CodecFake/train/F05_SSB01930242.wav,5
/USERSPACE/DATASETS/CodecFake/train/F05_SSB00160362.wav,5
/USERSPACE/DATASETS/CodecFake/train/F05_SSB06060325.wav,5
/USERSPACE/DATASETS/CodecFake/train/F05_p274_362.wav,5
/USERSPACE/DATASETS/CodecFake/train/F05_p294_079.wav,5
/USERSPACE/DATASETS/CodecFake/train/F05_SSB02610158.wav,5
/USERSPACE/DATASETS/CodecFake/train/F05_SSB03940391.wav,5
/USERSPACE/DATASETS/CodecFake/train/F05_SSB04070009.wav,5
/USERSPACE/DATASETS/CodecFake/train/F05_SSB08090139.wav,5
/USERSPACE/DATASETS/CodecFake/train/F05_SSB03410195.wav,5
/USERSPACE/DATASETS/CodecFake/train/F05_SSB06710152.wav,5
/USERSPACE/DATASETS/CodecFake/train/F05_SSB03950293.wav,5
/USERSPACE/DATASETS/CodecFake/train/F05_SSB02990224.wav,5
/USERSPACE/DATASETS/CodecFake/train/F05_p300_258.wav,5
/USERSPACE/DATASETS/CodecFake/train/F05_p250_208.wav,5
/USERSPACE/DATASETS/CodecFake/train/F05_SSB08510310.wav,5
/USERSPACE/DATASETS/CodecFake/train/F05_p244_001.wav,5
/USERSPACE/DATASETS/CodecFake/train/F05_SSB17110258.wav,5
/USERSPACE/DATASETS/CodecFake/train/F05_SSB19020188.wav,5
/USERSPACE/DATASETS/CodecFake/train/F05_SSB11870032.wav,5
/USERSPACE/DATASETS/CodecFake/train/F05_SSB01970464.wav,5
/USERSPACE/DATASETS/CodecFake/train/F05_SSB07170413.wav,5
/USERSPACE/DATASETS/CodecFake/train/F05_p278_147.wav,5
/USERSPACE/DATASETS/CodecFake/train/F05_p257_264.wav,5
/USERSPACE/DATASETS/CodecFake/train/F05_SSB04700393.wav,5
/USERSPACE/DATASETS/CodecFake/train/F05_SSB03850180.wav,5
/USERSPACE/DATASETS/CodecFake/train/F05_SSB09350419.wav,5
/USERSPACE/DATASETS/CodecFake/train/F05_SSB16070123.wav,5
/USERSPACE/DATASETS/CodecFake/train/F05_p283_087.wav,5
/USERSPACE/DATASETS/CodecFake/train/F05_SSB19350371.wav,5
/USERSPACE/DATASETS/CodecFake/train/F05_p299_386.wav,5
/USERSPACE/DATASETS/CodecFake/train/F05_p374_395.wav,5
/USERSPACE/DATASETS/CodecFake/train/F05_SSB18280056.wav,5
/USERSPACE/DATASETS/CodecFake/train/F05_SSB11100259.wav,5
/USERSPACE/DATASETS/CodecFake/train/F05_p244_249.wav,5
/USERSPACE/DATASETS/CodecFake/train/F05_p363_023.wav,5
/USERSPACE/DATASETS/CodecFake/train/F05_p308_240.wav,5
/USERSPACE/DATASETS/CodecFake/train/F05_SSB19180374.wav,5
/USERSPACE/DATASETS/CodecFake/train/F05_SSB04070002.wav,5
/USERSPACE/DATASETS/CodecFake/train/F05_p236_126.wav,5
/USERSPACE/DATASETS/CodecFake/train/F05_SSB18780334.wav,5
/USERSPACE/DATASETS/CodecFake/train/F05_p276_252.wav,5
/USERSPACE/DATASETS/CodecFake/train/F05_SSB07100077.wav,5
/USERSPACE/DATASETS/CodecFake/train/F05_SSB09190239.wav,5
/USERSPACE/DATASETS/CodecFake/train/F05_SSB05650337.wav,5
/USERSPACE/DATASETS/CodecFake/train/F05_p301_150.wav,5
/USERSPACE/DATASETS/CodecFake/train/F05_SSB14310290.wav,5
/USERSPACE/DATASETS/CodecFake/train/F05_SSB00430115.wav,5
/USERSPACE/DATASETS/CodecFake/train/F05_p283_029.wav,5
/USERSPACE/DATASETS/CodecFake/train/F05_SSB17450420.wav,5
/USERSPACE/DATASETS/CodecFake/train/F05_p274_114.wav,5
/USERSPACE/DATASETS/CodecFake/train/F05_SSB03660273.wav,5
/USERSPACE/DATASETS/CodecFake/train/F05_p306_172.wav,5
/USERSPACE/DATASETS/CodecFake/train/F05_p251_361.wav,5
/USERSPACE/DATASETS/CodecFake/train/F05_p250_155.wav,5
/USERSPACE/DATASETS/CodecFake/train/F05_SSB01970323.wav,5
/USERSPACE/DATASETS/CodecFake/train/F05_SSB06010254.wav,5
/USERSPACE/DATASETS/CodecFake/train/F05_SSB03930269.wav,5
/USERSPACE/DATASETS/CodecFake/train/F05_SSB01970059.wav,5
/USERSPACE/DATASETS/CodecFake/train/F05_p318_109.wav,5
/USERSPACE/DATASETS/CodecFake/train/F05_SSB16840480.wav,5
/USERSPACE/DATASETS/CodecFake/train/F05_SSB12390150.wav,5
/USERSPACE/DATASETS/CodecFake/train/F05_SSB02410330.wav,5
/USERSPACE/DATASETS/CodecFake/train/F05_SSB07800481.wav,5
/USERSPACE/DATASETS/CodecFake/train/F05_SSB07160314.wav,5
/USERSPACE/DATASETS/CodecFake/train/F05_p253_257.wav,5
/USERSPACE/DATASETS/CodecFake/train/F05_SSB06710185.wav,5
/USERSPACE/DATASETS/CodecFake/train/F05_SSB02670462.wav,5
/USERSPACE/DATASETS/CodecFake/train/F05_SSB16500310.wav,5
/USERSPACE/DATASETS/CodecFake/train/F05_p252_371.wav,5
/USERSPACE/DATASETS/CodecFake/train/F05_SSB16250338.wav,5
/USERSPACE/DATASETS/CodecFake/train/F05_p250_359.wav,5
/USERSPACE/DATASETS/CodecFake/train/F05_SSB10910481.wav,5
/USERSPACE/DATASETS/CodecFake/train/F05_SSB07620113.wav,5
/USERSPACE/DATASETS/CodecFake/train/F05_SSB15750065.wav,5
/USERSPACE/DATASETS/CodecFake/train/F05_SSB09970343.wav,5
/USERSPACE/DATASETS/CodecFake/train/F05_SSB03070110.wav,5
/USERSPACE/DATASETS/CodecFake/train/F05_p250_412.wav,5
/USERSPACE/DATASETS/CodecFake/train/F05_SSB18910080.wav,5
/USERSPACE/DATASETS/CodecFake/train/F05_p259_064.wav,5
/USERSPACE/DATASETS/CodecFake/train/F05_p230_218.wav,5
/USERSPACE/DATASETS/CodecFake/train/F05_p294_419.wav,5
/USERSPACE/DATASETS/CodecFake/train/F05_SSB03540314.wav,5
/USERSPACE/DATASETS/CodecFake/train/F05_SSB00050461.wav,5
/USERSPACE/DATASETS/CodecFake/train/F05_SSB00160395.wav,5
/USERSPACE/DATASETS/CodecFake/train/F05_SSB05940182.wav,5
/USERSPACE/DATASETS/CodecFake/train/F05_p302_119.wav,5
/USERSPACE/DATASETS/CodecFake/train/F05_SSB10080364.wav,5
/USERSPACE/DATASETS/CodecFake/train/F05_SSB12180339.wav,5
/USERSPACE/DATASETS/CodecFake/train/F05_SSB07460332.wav,5
/USERSPACE/DATASETS/CodecFake/train/F05_SSB07580023.wav,5
/USERSPACE/DATASETS/CodecFake/train/F05_SSB07460472.wav,5
/USERSPACE/DATASETS/CodecFake/train/F05_p263_417.wav,5
/USERSPACE/DATASETS/CodecFake/train/F05_p226_241.wav,5
/USERSPACE/DATASETS/CodecFake/train/F05_SSB11260187.wav,5
/USERSPACE/DATASETS/CodecFake/train/F05_SSB06230128.wav,5
/USERSPACE/DATASETS/CodecFake/train/F05_p280_344.wav,5
/USERSPACE/DATASETS/CodecFake/train/F05_p317_026.wav,5
/USERSPACE/DATASETS/CodecFake/train/F05_SSB07800178.wav,5
/USERSPACE/DATASETS/CodecFake/train/F05_SSB19350323.wav,5
/USERSPACE/DATASETS/CodecFake/train/F05_p363_178.wav,5
/USERSPACE/DATASETS/CodecFake/train/F05_SSB12040510.wav,5
/USERSPACE/DATASETS/CodecFake/train/F05_SSB18910050.wav,5
/USERSPACE/DATASETS/CodecFake/train/F05_SSB11760167.wav,5
/USERSPACE/DATASETS/CodecFake/train/F05_SSB17110106.wav,5
/USERSPACE/DATASETS/CodecFake/train/F05_SSB01330390.wav,5
/USERSPACE/DATASETS/CodecFake/train/F05_p318_383.wav,5
/USERSPACE/DATASETS/CodecFake/train/F05_SSB07510105.wav,5
/USERSPACE/DATASETS/CodecFake/train/F05_SSB05020064.wav,5
/USERSPACE/DATASETS/CodecFake/train/F05_SSB13820224.wav,5
/USERSPACE/DATASETS/CodecFake/train/F05_p318_052.wav,5
/USERSPACE/DATASETS/CodecFake/train/F05_SSB05020100.wav,5
/USERSPACE/DATASETS/CodecFake/train/F05_SSB03160426.wav,5
/USERSPACE/DATASETS/CodecFake/train/F05_SSB18910215.wav,5
/USERSPACE/DATASETS/CodecFake/train/F05_SSB00180332.wav,5
/USERSPACE/DATASETS/CodecFake/train/F05_SSB07160060.wav,5
/USERSPACE/DATASETS/CodecFake/train/F05_SSB07370042.wav,5
/USERSPACE/DATASETS/CodecFake/train/F05_p250_471.wav,5
/USERSPACE/DATASETS/CodecFake/train/F05_p225_238.wav,5
/USERSPACE/DATASETS/CodecFake/train/F05_p261_311.wav,5
/USERSPACE/DATASETS/CodecFake/train/F05_SSB19020459.wav,5
/USERSPACE/DATASETS/CodecFake/train/F05_SSB15750391.wav,5
/USERSPACE/DATASETS/CodecFake/train/F05_SSB16250049.wav,5
/USERSPACE/DATASETS/CodecFake/train/F05_p227_159.wav,5
/USERSPACE/DATASETS/CodecFake/train/F05_SSB10720031.wav,5
/USERSPACE/DATASETS/CodecFake/train/F05_SSB11000398.wav,5
/USERSPACE/DATASETS/CodecFake/train/F05_SSB10960094.wav,5
/USERSPACE/DATASETS/CodecFake/train/F05_p307_102.wav,5
/USERSPACE/DATASETS/CodecFake/train/F05_p267_288.wav,5
/USERSPACE/DATASETS/CodecFake/train/F05_SSB02870366.wav,5
/USERSPACE/DATASETS/CodecFake/train/F05_p251_099.wav,5
/USERSPACE/DATASETS/CodecFake/train/F05_p318_209.wav,5
/USERSPACE/DATASETS/CodecFake/train/F05_p249_199.wav,5
/USERSPACE/DATASETS/CodecFake/train/F05_p256_243.wav,5
/USERSPACE/DATASETS/CodecFake/train/F05_SSB12530030.wav,5
/USERSPACE/DATASETS/CodecFake/train/F05_p313_234.wav,5
/USERSPACE/DATASETS/CodecFake/train/F05_SSB04350110.wav,5
/USERSPACE/DATASETS/CodecFake/train/F05_p255_324.wav,5
/USERSPACE/DATASETS/CodecFake/train/F05_SSB03090067.wav,5
/USERSPACE/DATASETS/CodecFake/train/F05_p303_195.wav,5
/USERSPACE/DATASETS/CodecFake/train/F05_SSB08630343.wav,5
/USERSPACE/DATASETS/CodecFake/train/F05_SSB16250450.wav,5
/USERSPACE/DATASETS/CodecFake/train/F05_p333_348.wav,5
/USERSPACE/DATASETS/CodecFake/train/F05_SSB13770315.wav,5
/USERSPACE/DATASETS/CodecFake/train/F05_SSB05350362.wav,5
/USERSPACE/DATASETS/CodecFake/train/F05_SSB06060335.wav,5
/USERSPACE/DATASETS/CodecFake/train/F05_p252_091.wav,5
/USERSPACE/DATASETS/CodecFake/train/F05_p268_019.wav,5
/USERSPACE/DATASETS/CodecFake/train/F05_p281_021.wav,5
/USERSPACE/DATASETS/CodecFake/train/F05_SSB08870199.wav,5
/USERSPACE/DATASETS/CodecFake/train/F05_SSB18910459.wav,5
/USERSPACE/DATASETS/CodecFake/train/F05_SSB15630322.wav,5
/USERSPACE/DATASETS/CodecFake/train/F05_p300_115.wav,5
/USERSPACE/DATASETS/CodecFake/train/F05_SSB02000179.wav,5
/USERSPACE/DATASETS/CodecFake/train/F05_p326_107.wav,5
/USERSPACE/DATASETS/CodecFake/train/F05_SSB02990185.wav,5
/USERSPACE/DATASETS/CodecFake/train/F05_p364_021.wav,5
/USERSPACE/DATASETS/CodecFake/train/F05_SSB05650224.wav,5
/USERSPACE/DATASETS/CodecFake/train/F05_SSB04350396.wav,5
/USERSPACE/DATASETS/CodecFake/train/F05_SSB10500447.wav,5
/USERSPACE/DATASETS/CodecFake/train/F05_SSB07160356.wav,5
/USERSPACE/DATASETS/CodecFake/train/F05_SSB05700101.wav,5
/USERSPACE/DATASETS/CodecFake/train/F05_SSB03380054.wav,5
/USERSPACE/DATASETS/CodecFake/train/F05_SSB06930485.wav,5
/USERSPACE/DATASETS/CodecFake/train/F05_SSB04270161.wav,5
/USERSPACE/DATASETS/CodecFake/train/F05_SSB02670102.wav,5
/USERSPACE/DATASETS/CodecFake/train/F05_SSB02460307.wav,5
/USERSPACE/DATASETS/CodecFake/train/F05_SSB17810136.wav,5
/USERSPACE/DATASETS/CodecFake/train/F05_SSB04260080.wav,5
/USERSPACE/DATASETS/CodecFake/train/F05_SSB13930457.wav,5
/USERSPACE/DATASETS/CodecFake/train/F05_p239_025.wav,5
/USERSPACE/DATASETS/CodecFake/train/F05_SSB13770259.wav,5
/USERSPACE/DATASETS/CodecFake/train/F05_SSB10000401.wav,5
/USERSPACE/DATASETS/CodecFake/train/F05_p277_427.wav,5
/USERSPACE/DATASETS/CodecFake/train/F05_SSB02990372.wav,5
/USERSPACE/DATASETS/CodecFake/train/F05_p255_091.wav,5
/USERSPACE/DATASETS/CodecFake/train/F05_p343_055.wav,5
/USERSPACE/DATASETS/CodecFake/train/F05_p294_388.wav,5
/USERSPACE/DATASETS/CodecFake/train/F05_p234_039.wav,5
/USERSPACE/DATASETS/CodecFake/train/F05_p292_260.wav,5
/USERSPACE/DATASETS/CodecFake/train/F05_p250_289.wav,5
/USERSPACE/DATASETS/CodecFake/train/F05_SSB11870480.wav,5
/USERSPACE/DATASETS/CodecFake/train/F05_SSB03420331.wav,5
/USERSPACE/DATASETS/CodecFake/train/F05_SSB17810217.wav,5
/USERSPACE/DATASETS/CodecFake/train/F05_SSB10640034.wav,5
/USERSPACE/DATASETS/CodecFake/train/F05_SSB00110400.wav,5
/USERSPACE/DATASETS/CodecFake/train/F05_SSB05900104.wav,5
/USERSPACE/DATASETS/CodecFake/train/F05_SSB16500355.wav,5
/USERSPACE/DATASETS/CodecFake/train/F05_SSB18910321.wav,5
/USERSPACE/DATASETS/CodecFake/train/F05_p225_003.wav,5
/USERSPACE/DATASETS/CodecFake/train/F05_p268_204.wav,5
/USERSPACE/DATASETS/CodecFake/train/F05_SSB00330218.wav,5
/USERSPACE/DATASETS/CodecFake/train/F05_SSB12160141.wav,5
/USERSPACE/DATASETS/CodecFake/train/F05_SSB10960051.wav,5
/USERSPACE/DATASETS/CodecFake/train/F05_SSB02410475.wav,5
/USERSPACE/DATASETS/CodecFake/train/F05_p316_022.wav,5
/USERSPACE/DATASETS/CodecFake/train/F05_SSB04270136.wav,5
/USERSPACE/DATASETS/CodecFake/train/F05_SSB17450353.wav,5
/USERSPACE/DATASETS/CodecFake/train/F05_SSB09660159.wav,5
/USERSPACE/DATASETS/CodecFake/train/F05_p253_103.wav,5
/USERSPACE/DATASETS/CodecFake/train/F05_SSB03420313.wav,5
/USERSPACE/DATASETS/CodecFake/train/F05_SSB03800048.wav,5
/USERSPACE/DATASETS/CodecFake/train/F05_SSB18280319.wav,5
/USERSPACE/DATASETS/CodecFake/train/F05_p252_382.wav,5
/USERSPACE/DATASETS/CodecFake/train/F05_p323_118.wav,5
/USERSPACE/DATASETS/CodecFake/train/F05_SSB05990328.wav,5
/USERSPACE/DATASETS/CodecFake/train/F05_SSB06710470.wav,5
/USERSPACE/DATASETS/CodecFake/train/F05_SSB17820326.wav,5
/USERSPACE/DATASETS/CodecFake/train/F05_SSB02870182.wav,5
/USERSPACE/DATASETS/CodecFake/train/F05_p259_412.wav,5
/USERSPACE/DATASETS/CodecFake/train/F05_p335_021.wav,5
/USERSPACE/DATASETS/CodecFake/train/F05_SSB01490151.wav,5
/USERSPACE/DATASETS/CodecFake/train/F05_p275_289.wav,5
/USERSPACE/DATASETS/CodecFake/train/F05_p279_096.wav,5
/USERSPACE/DATASETS/CodecFake/train/F05_SSB19390341.wav,5
/USERSPACE/DATASETS/CodecFake/train/F05_SSB08870297.wav,5
/USERSPACE/DATASETS/CodecFake/train/F05_SSB05780121.wav,5
/USERSPACE/DATASETS/CodecFake/train/F05_p315_026.wav,5
/USERSPACE/DATASETS/CodecFake/train/F05_SSB11150436.wav,5
/USERSPACE/DATASETS/CodecFake/train/F05_SSB02870067.wav,5
/USERSPACE/DATASETS/CodecFake/train/F05_SSB08090218.wav,5
/USERSPACE/DATASETS/CodecFake/train/F05_p314_070.wav,5
/USERSPACE/DATASETS/CodecFake/train/F05_SSB03750037.wav,5
/USERSPACE/DATASETS/CodecFake/train/F05_p311_174.wav,5
/USERSPACE/DATASETS/CodecFake/train/F05_p236_276.wav,5
/USERSPACE/DATASETS/CodecFake/train/F05_SSB13410355.wav,5
/USERSPACE/DATASETS/CodecFake/train/F05_SSB12180109.wav,5
/USERSPACE/DATASETS/CodecFake/train/F05_SSB00110228.wav,5
/USERSPACE/DATASETS/CodecFake/train/F05_SSB15670151.wav,5
/USERSPACE/DATASETS/CodecFake/train/F05_p255_089.wav,5
/USERSPACE/DATASETS/CodecFake/train/F05_SSB16860369.wav,5
/USERSPACE/DATASETS/CodecFake/train/F05_SSB18060369.wav,5
/USERSPACE/DATASETS/CodecFake/train/F05_p347_245.wav,5
/USERSPACE/DATASETS/CodecFake/train/F05_SSB17450080.wav,5
/USERSPACE/DATASETS/CodecFake/train/F05_p306_124.wav,5
/USERSPACE/DATASETS/CodecFake/train/F05_p316_244.wav,5
/USERSPACE/DATASETS/CodecFake/train/F05_SSB05390242.wav,5
/USERSPACE/DATASETS/CodecFake/train/F05_p361_259.wav,5
/USERSPACE/DATASETS/CodecFake/train/F05_p326_360.wav,5
/USERSPACE/DATASETS/CodecFake/train/F05_SSB07110062.wav,5
/USERSPACE/DATASETS/CodecFake/train/F05_p280_051.wav,5
/USERSPACE/DATASETS/CodecFake/train/F05_SSB07020431.wav,5
/USERSPACE/DATASETS/CodecFake/train/F05_SSB03150079.wav,5
/USERSPACE/DATASETS/CodecFake/train/F05_SSB12390280.wav,5
/USERSPACE/DATASETS/CodecFake/train/F05_SSB02610300.wav,5
/USERSPACE/DATASETS/CodecFake/train/F05_SSB06710381.wav,5
/USERSPACE/DATASETS/CodecFake/train/F05_SSB10550015.wav,5
/USERSPACE/DATASETS/CodecFake/train/F05_SSB10500277.wav,5
/USERSPACE/DATASETS/CodecFake/train/F05_SSB00330114.wav,5
/USERSPACE/DATASETS/CodecFake/train/F05_p287_173.wav,5
/USERSPACE/DATASETS/CodecFake/train/F05_SSB07370294.wav,5
/USERSPACE/DATASETS/CodecFake/train/F05_p266_197.wav,5
/USERSPACE/DATASETS/CodecFake/train/F05_SSB11080263.wav,5
/USERSPACE/DATASETS/CodecFake/train/F05_SSB03380036.wav,5
/USERSPACE/DATASETS/CodecFake/train/F05_SSB07160247.wav,5
/USERSPACE/DATASETS/CodecFake/train/F05_SSB07360304.wav,5
/USERSPACE/DATASETS/CodecFake/train/F05_SSB02880053.wav,5
/USERSPACE/DATASETS/CodecFake/train/F05_p299_291.wav,5
/USERSPACE/DATASETS/CodecFake/train/F05_SSB06930029.wav,5
/USERSPACE/DATASETS/CodecFake/train/F05_SSB19350420.wav,5
/USERSPACE/DATASETS/CodecFake/train/F05_SSB07100286.wav,5
/USERSPACE/DATASETS/CodecFake/train/F05_SSB11360306.wav,5
/USERSPACE/DATASETS/CodecFake/train/F05_p329_204.wav,5
/USERSPACE/DATASETS/CodecFake/train/F05_SSB18320341.wav,5
/USERSPACE/DATASETS/CodecFake/train/F05_SSB06680330.wav,5
/USERSPACE/DATASETS/CodecFake/train/F05_SSB02410145.wav,5
/USERSPACE/DATASETS/CodecFake/train/F05_SSB02730423.wav,5
/USERSPACE/DATASETS/CodecFake/train/F05_p326_361.wav,5
/USERSPACE/DATASETS/CodecFake/train/F05_p317_128.wav,5
/USERSPACE/DATASETS/CodecFake/train/F05_SSB03410031.wav,5
/USERSPACE/DATASETS/CodecFake/train/F05_SSB04150156.wav,5
/USERSPACE/DATASETS/CodecFake/train/F05_p240_291.wav,5
/USERSPACE/DATASETS/CodecFake/train/F05_SSB03160259.wav,5
/USERSPACE/DATASETS/CodecFake/train/F05_SSB06140454.wav,5
/USERSPACE/DATASETS/CodecFake/train/F05_SSB06710197.wav,5
/USERSPACE/DATASETS/CodecFake/train/F05_SSB16500166.wav,5
/USERSPACE/DATASETS/CodecFake/train/F05_p226_189.wav,5
/USERSPACE/DATASETS/CodecFake/train/F05_p264_199.wav,5
/USERSPACE/DATASETS/CodecFake/train/F05_SSB05880068.wav,5
/USERSPACE/DATASETS/CodecFake/train/F05_SSB10080247.wav,5
/USERSPACE/DATASETS/CodecFake/train/F05_SSB13660028.wav,5
/USERSPACE/DATASETS/CodecFake/train/F05_SSB18460406.wav,5
/USERSPACE/DATASETS/CodecFake/train/F05_SSB07620459.wav,5
/USERSPACE/DATASETS/CodecFake/train/F05_p335_200.wav,5
/USERSPACE/DATASETS/CodecFake/train/F05_p234_173.wav,5
/USERSPACE/DATASETS/CodecFake/train/F05_SSB05390328.wav,5
/USERSPACE/DATASETS/CodecFake/train/F05_p343_187.wav,5
/USERSPACE/DATASETS/CodecFake/train/F05_p298_080.wav,5
/USERSPACE/DATASETS/CodecFake/train/F05_p229_270.wav,5
/USERSPACE/DATASETS/CodecFake/train/F05_SSB03090391.wav,5
/USERSPACE/DATASETS/CodecFake/train/F05_SSB07840187.wav,5
/USERSPACE/DATASETS/CodecFake/train/F05_SSB03800084.wav,5
/USERSPACE/DATASETS/CodecFake/train/F05_SSB00160331.wav,5
/USERSPACE/DATASETS/CodecFake/train/F05_p303_260.wav,5
/USERSPACE/DATASETS/CodecFake/train/F05_SSB07000342.wav,5
/USERSPACE/DATASETS/CodecFake/train/F05_SSB03150238.wav,5
/USERSPACE/DATASETS/CodecFake/train/F05_SSB01390464.wav,5
/USERSPACE/DATASETS/CodecFake/train/F05_SSB05440102.wav,5
/USERSPACE/DATASETS/CodecFake/train/F05_p274_215.wav,5
/USERSPACE/DATASETS/CodecFake/train/F05_SSB05780176.wav,5
/USERSPACE/DATASETS/CodecFake/train/F05_p297_324.wav,5
/USERSPACE/DATASETS/CodecFake/train/F05_SSB02670244.wav,5
/USERSPACE/DATASETS/CodecFake/train/F05_SSB05020449.wav,5
/USERSPACE/DATASETS/CodecFake/train/F05_SSB13660359.wav,5
/USERSPACE/DATASETS/CodecFake/train/F05_p274_167.wav,5
/USERSPACE/DATASETS/CodecFake/train/F05_SSB09870026.wav,5
/USERSPACE/DATASETS/CodecFake/train/F05_SSB08630347.wav,5
/USERSPACE/DATASETS/CodecFake/train/F05_p306_185.wav,5
/USERSPACE/DATASETS/CodecFake/train/F05_p293_291.wav,5
/USERSPACE/DATASETS/CodecFake/train/F05_p316_395.wav,5
/USERSPACE/DATASETS/CodecFake/train/F05_p259_023.wav,5
/USERSPACE/DATASETS/CodecFake/train/F05_p263_441.wav,5
/USERSPACE/DATASETS/CodecFake/train/F05_SSB01390005.wav,5
/USERSPACE/DATASETS/CodecFake/train/F05_SSB12150229.wav,5
/USERSPACE/DATASETS/CodecFake/train/F05_SSB06680299.wav,5
/USERSPACE/DATASETS/CodecFake/train/F05_SSB03850214.wav,5
/USERSPACE/DATASETS/CodecFake/train/F05_SSB05940101.wav,5
/USERSPACE/DATASETS/CodecFake/train/F05_p250_451.wav,5
/USERSPACE/DATASETS/CodecFake/train/F05_SSB03820245.wav,5
/USERSPACE/DATASETS/CodecFake/train/F05_SSB08630159.wav,5
/USERSPACE/DATASETS/CodecFake/train/F05_p347_372.wav,5
/USERSPACE/DATASETS/CodecFake/train/F05_p254_110.wav,5
/USERSPACE/DATASETS/CodecFake/train/F05_p300_034.wav,5
/USERSPACE/DATASETS/CodecFake/train/F05_SSB13410475.wav,5
/USERSPACE/DATASETS/CodecFake/train/F05_SSB19560151.wav,5
/USERSPACE/DATASETS/CodecFake/train/F05_SSB10200192.wav,5
/USERSPACE/DATASETS/CodecFake/train/F05_p241_322.wav,5
/USERSPACE/DATASETS/CodecFake/train/F05_p229_073.wav,5
/USERSPACE/DATASETS/CodecFake/train/F05_SSB07020203.wav,5
/USERSPACE/DATASETS/CodecFake/train/F05_SSB05880104.wav,5
/USERSPACE/DATASETS/CodecFake/train/F05_SSB07600320.wav,5
/USERSPACE/DATASETS/CodecFake/train/F05_p264_090.wav,5
/USERSPACE/DATASETS/CodecFake/train/F05_SSB03800094.wav,5
/USERSPACE/DATASETS/CodecFake/train/F05_SSB10960072.wav,5
/USERSPACE/DATASETS/CodecFake/train/F05_p258_279.wav,5
/USERSPACE/DATASETS/CodecFake/train/F05_SSB05900034.wav,5
/USERSPACE/DATASETS/CodecFake/train/F05_p333_252.wav,5
/USERSPACE/DATASETS/CodecFake/train/F05_SSB03160379.wav,5
/USERSPACE/DATASETS/CodecFake/train/F05_SSB17450287.wav,5
/USERSPACE/DATASETS/CodecFake/train/F05_SSB07840345.wav,5
/USERSPACE/DATASETS/CodecFake/train/F05_SSB18720373.wav,5
/USERSPACE/DATASETS/CodecFake/train/F05_SSB03150149.wav,5
/USERSPACE/DATASETS/CodecFake/train/F05_p268_226.wav,5
/USERSPACE/DATASETS/CodecFake/train/F05_SSB01220119.wav,5
/USERSPACE/DATASETS/CodecFake/train/F05_SSB07170449.wav,5
/USERSPACE/DATASETS/CodecFake/train/F05_p306_296.wav,5
/USERSPACE/DATASETS/CodecFake/train/F05_p295_052.wav,5
/USERSPACE/DATASETS/CodecFake/train/F05_SSB03660078.wav,5
/USERSPACE/DATASETS/CodecFake/train/F05_p284_139.wav,5
/USERSPACE/DATASETS/CodecFake/train/F05_SSB07490069.wav,5
/USERSPACE/DATASETS/CodecFake/train/F05_p333_179.wav,5
/USERSPACE/DATASETS/CodecFake/train/F05_p363_301.wav,5
/USERSPACE/DATASETS/CodecFake/train/F05_SSB10000133.wav,5
/USERSPACE/DATASETS/CodecFake/train/F05_SSB04350310.wav,5
/USERSPACE/DATASETS/CodecFake/train/F05_SSB05340483.wav,5
/USERSPACE/DATASETS/CodecFake/train/F05_SSB07110260.wav,5
/USERSPACE/DATASETS/CodecFake/train/F05_SSB07020016.wav,5
/USERSPACE/DATASETS/CodecFake/train/F05_p273_233.wav,5
/USERSPACE/DATASETS/CodecFake/train/F05_SSB11610311.wav,5
/USERSPACE/DATASETS/CodecFake/train/F05_SSB03930012.wav,5
/USERSPACE/DATASETS/CodecFake/train/F05_p363_233.wav,5
/USERSPACE/DATASETS/CodecFake/train/F05_SSB03940268.wav,5
/USERSPACE/DATASETS/CodecFake/train/F05_SSB05650169.wav,5
/USERSPACE/DATASETS/CodecFake/train/F05_SSB10910255.wav,5
/USERSPACE/DATASETS/CodecFake/train/F05_SSB13830323.wav,5
/USERSPACE/DATASETS/CodecFake/train/F05_SSB01330424.wav,5
/USERSPACE/DATASETS/CodecFake/train/F05_p286_455.wav,5
/USERSPACE/DATASETS/CodecFake/train/F05_SSB05390454.wav,5
/USERSPACE/DATASETS/CodecFake/train/F05_SSB14310063.wav,5
/USERSPACE/DATASETS/CodecFake/train/F05_SSB04700330.wav,5
/USERSPACE/DATASETS/CodecFake/train/F05_SSB03820088.wav,5
/USERSPACE/DATASETS/CodecFake/train/F05_SSB07860196.wav,5
/USERSPACE/DATASETS/CodecFake/train/F05_SSB10910176.wav,5
/USERSPACE/DATASETS/CodecFake/train/F05_p361_052.wav,5
/USERSPACE/DATASETS/CodecFake/train/F05_SSB04700084.wav,5
/USERSPACE/DATASETS/CodecFake/train/F05_SSB00120368.wav,5
/USERSPACE/DATASETS/CodecFake/train/F05_p231_138.wav,5
/USERSPACE/DATASETS/CodecFake/train/F05_SSB07490272.wav,5
/USERSPACE/DATASETS/CodecFake/train/F05_SSB07230372.wav,5
/USERSPACE/DATASETS/CodecFake/train/F05_SSB10960488.wav,5
/USERSPACE/DATASETS/CodecFake/train/F05_SSB01930264.wav,5
/USERSPACE/DATASETS/CodecFake/train/F05_p376_064.wav,5
/USERSPACE/DATASETS/CodecFake/train/F05_SSB07170230.wav,5
/USERSPACE/DATASETS/CodecFake/train/F05_SSB18370455.wav,5
/USERSPACE/DATASETS/CodecFake/train/F05_SSB03930389.wav,5
/USERSPACE/DATASETS/CodecFake/train/F05_p312_034.wav,5
/USERSPACE/DATASETS/CodecFake/train/F05_SSB03850101.wav,5
/USERSPACE/DATASETS/CodecFake/train/F05_p347_109.wav,5
/USERSPACE/DATASETS/CodecFake/train/F05_SSB02730483.wav,5
/USERSPACE/DATASETS/CodecFake/train/F05_p318_351.wav,5
/USERSPACE/DATASETS/CodecFake/train/F05_SSB11310389.wav,5
/USERSPACE/DATASETS/CodecFake/train/F05_SSB05650070.wav,5
/USERSPACE/DATASETS/CodecFake/train/F05_SSB16240456.wav,5
/USERSPACE/DATASETS/CodecFake/train/F05_SSB07780258.wav,5
/USERSPACE/DATASETS/CodecFake/train/F05_p262_140.wav,5
/USERSPACE/DATASETS/CodecFake/train/F05_SSB11150090.wav,5
/USERSPACE/DATASETS/CodecFake/train/F05_p316_025.wav,5
/USERSPACE/DATASETS/CodecFake/train/F05_SSB06320037.wav,5
/USERSPACE/DATASETS/CodecFake/train/F05_SSB07580079.wav,5
/USERSPACE/DATASETS/CodecFake/train/F05_SSB04070272.wav,5
/USERSPACE/DATASETS/CodecFake/train/F05_SSB00430487.wav,5
/USERSPACE/DATASETS/CodecFake/train/F05_SSB01930003.wav,5
/USERSPACE/DATASETS/CodecFake/train/F05_SSB16700167.wav,5
/USERSPACE/DATASETS/CodecFake/train/F05_SSB06140285.wav,5
/USERSPACE/DATASETS/CodecFake/train/F05_SSB03950324.wav,5
/USERSPACE/DATASETS/CodecFake/train/F05_p232_009.wav,5
/USERSPACE/DATASETS/CodecFake/train/F05_p280_066.wav,5
/USERSPACE/DATASETS/CodecFake/train/F05_p335_024.wav,5
/USERSPACE/DATASETS/CodecFake/train/F05_SSB02410268.wav,5
/USERSPACE/DATASETS/CodecFake/train/F05_SSB09870480.wav,5
/USERSPACE/DATASETS/CodecFake/train/F05_p313_354.wav,5
/USERSPACE/DATASETS/CodecFake/train/F05_p362_315.wav,5
/USERSPACE/DATASETS/CodecFake/train/F05_p303_119.wav,5
/USERSPACE/DATASETS/CodecFake/train/F05_SSB02880272.wav,5
/USERSPACE/DATASETS/CodecFake/train/F05_p330_295.wav,5
/USERSPACE/DATASETS/CodecFake/train/F05_SSB03150218.wav,5
/USERSPACE/DATASETS/CodecFake/train/F05_p294_215.wav,5
/USERSPACE/DATASETS/CodecFake/train/F05_SSB09930102.wav,5
/USERSPACE/DATASETS/CodecFake/train/F05_SSB10080205.wav,5
/USERSPACE/DATASETS/CodecFake/train/F05_SSB09150313.wav,5
/USERSPACE/DATASETS/CodecFake/train/F05_SSB11760177.wav,5
/USERSPACE/DATASETS/CodecFake/train/F05_SSB04350082.wav,5
/USERSPACE/DATASETS/CodecFake/train/F05_SSB15630460.wav,5
/USERSPACE/DATASETS/CodecFake/train/F05_SSB11260031.wav,5
/USERSPACE/DATASETS/CodecFake/train/F05_SSB06140242.wav,5
/USERSPACE/DATASETS/CodecFake/train/F05_SSB09190093.wav,5
/USERSPACE/DATASETS/CodecFake/train/F05_SSB03090041.wav,5
/USERSPACE/DATASETS/CodecFake/train/F05_p276_409.wav,5
/USERSPACE/DATASETS/CodecFake/train/F05_SSB01490157.wav,5
/USERSPACE/DATASETS/CodecFake/train/F05_SSB03540070.wav,5
/USERSPACE/DATASETS/CodecFake/train/F05_SSB09130176.wav,5
/USERSPACE/DATASETS/CodecFake/train/F05_p260_322.wav,5
/USERSPACE/DATASETS/CodecFake/train/F05_SSB07800219.wav,5
/USERSPACE/DATASETS/CodecFake/train/F05_p231_409.wav,5
/USERSPACE/DATASETS/CodecFake/train/F05_p262_123.wav,5
/USERSPACE/DATASETS/CodecFake/train/F05_SSB09870134.wav,5
/USERSPACE/DATASETS/CodecFake/train/F05_SSB05440109.wav,5
/USERSPACE/DATASETS/CodecFake/train/F05_SSB03930460.wav,5
/USERSPACE/DATASETS/CodecFake/train/F05_SSB01120412.wav,5
/USERSPACE/DATASETS/CodecFake/train/F05_p250_491.wav,5
/USERSPACE/DATASETS/CodecFake/train/F05_p275_305.wav,5
/USERSPACE/DATASETS/CodecFake/train/F05_p248_201.wav,5
/USERSPACE/DATASETS/CodecFake/train/F05_p268_186.wav,5
/USERSPACE/DATASETS/CodecFake/train/F05_p239_255.wav,5
/USERSPACE/DATASETS/CodecFake/train/F05_SSB12150197.wav,5
/USERSPACE/DATASETS/CodecFake/train/F05_SSB07600203.wav,5
/USERSPACE/DATASETS/CodecFake/train/F05_p231_126.wav,5
/USERSPACE/DATASETS/CodecFake/train/F05_p265_258.wav,5
/USERSPACE/DATASETS/CodecFake/train/F05_SSB06290392.wav,5
/USERSPACE/DATASETS/CodecFake/train/F05_SSB01930359.wav,5
/USERSPACE/DATASETS/CodecFake/train/F05_SSB09870073.wav,5
/USERSPACE/DATASETS/CodecFake/train/F05_SSB13410233.wav,5
/USERSPACE/DATASETS/CodecFake/train/F05_SSB18460194.wav,5
/USERSPACE/DATASETS/CodecFake/train/F05_p267_386.wav,5
/USERSPACE/DATASETS/CodecFake/train/F05_p228_001.wav,5
/USERSPACE/DATASETS/CodecFake/train/F05_SSB03230186.wav,5
/USERSPACE/DATASETS/CodecFake/train/F05_SSB13200211.wav,5
/USERSPACE/DATASETS/CodecFake/train/F05_SSB00730166.wav,5
/USERSPACE/DATASETS/CodecFake/train/F05_p233_098.wav,5
/USERSPACE/DATASETS/CodecFake/train/F05_p310_350.wav,5
/USERSPACE/DATASETS/CodecFake/train/F05_p230_402.wav,5
/USERSPACE/DATASETS/CodecFake/train/F05_SSB19350319.wav,5
/USERSPACE/DATASETS/CodecFake/train/F05_SSB18630010.wav,5
/USERSPACE/DATASETS/CodecFake/train/F05_p334_024.wav,5
/USERSPACE/DATASETS/CodecFake/train/F05_p339_332.wav,5
/USERSPACE/DATASETS/CodecFake/train/F05_p260_335.wav,5
/USERSPACE/DATASETS/CodecFake/train/F05_SSB09130148.wav,5
/USERSPACE/DATASETS/CodecFake/train/F05_p266_260.wav,5
/USERSPACE/DATASETS/CodecFake/train/F05_SSB01220351.wav,5
/USERSPACE/DATASETS/CodecFake/train/F05_SSB05020227.wav,5
/USERSPACE/DATASETS/CodecFake/train/F05_SSB09660178.wav,5
/USERSPACE/DATASETS/CodecFake/train/F05_p261_199.wav,5
/USERSPACE/DATASETS/CodecFake/train/F05_SSB02610255.wav,5
/USERSPACE/DATASETS/CodecFake/train/F05_SSB03090160.wav,5
/USERSPACE/DATASETS/CodecFake/train/F05_SSB09130013.wav,5
/USERSPACE/DATASETS/CodecFake/train/F05_SSB02000191.wav,5
/USERSPACE/DATASETS/CodecFake/train/F05_SSB09150085.wav,5
/USERSPACE/DATASETS/CodecFake/train/F05_SSB00730148.wav,5
/USERSPACE/DATASETS/CodecFake/train/F05_SSB04340368.wav,5
/USERSPACE/DATASETS/CodecFake/train/F05_SSB18370176.wav,5
/USERSPACE/DATASETS/CodecFake/train/F05_SSB07000186.wav,5
/USERSPACE/DATASETS/CodecFake/train/F05_SSB16500206.wav,5
/USERSPACE/DATASETS/CodecFake/train/F05_SSB13920389.wav,5
/USERSPACE/DATASETS/CodecFake/train/F05_SSB07200042.wav,5
/USERSPACE/DATASETS/CodecFake/train/F05_SSB11360273.wav,5
/USERSPACE/DATASETS/CodecFake/train/F05_SSB06930329.wav,5
/USERSPACE/DATASETS/CodecFake/train/F05_SSB01120460.wav,5
/USERSPACE/DATASETS/CodecFake/train/F05_SSB05700063.wav,5
/USERSPACE/DATASETS/CodecFake/train/F05_p310_284.wav,5
/USERSPACE/DATASETS/CodecFake/train/F05_SSB18320248.wav,5
/USERSPACE/DATASETS/CodecFake/train/F05_SSB02460052.wav,5
/USERSPACE/DATASETS/CodecFake/train/F05_p286_185.wav,5
/USERSPACE/DATASETS/CodecFake/train/F05_SSB06010392.wav,5
/USERSPACE/DATASETS/CodecFake/train/F05_SSB11380122.wav,5
/USERSPACE/DATASETS/CodecFake/train/F05_SSB01490134.wav,5
/USERSPACE/DATASETS/CodecFake/train/F05_SSB07100225.wav,5
/USERSPACE/DATASETS/CodecFake/train/F05_SSB07780240.wav,5
/USERSPACE/DATASETS/CodecFake/train/F05_SSB19350351.wav,5
/USERSPACE/DATASETS/CodecFake/train/F05_p361_165.wav,5
/USERSPACE/DATASETS/CodecFake/train/F05_SSB04820360.wav,5
/USERSPACE/DATASETS/CodecFake/train/F05_SSB03790323.wav,5
/USERSPACE/DATASETS/CodecFake/train/F05_p374_199.wav,5
/USERSPACE/DATASETS/CodecFake/train/F05_SSB19180438.wav,5
/USERSPACE/DATASETS/CodecFake/train/F05_SSB03070379.wav,5
/USERSPACE/DATASETS/CodecFake/train/F05_SSB07600149.wav,5
/USERSPACE/DATASETS/CodecFake/train/F05_SSB07110470.wav,5
/USERSPACE/DATASETS/CodecFake/train/F05_SSB00120091.wav,5
/USERSPACE/DATASETS/CodecFake/train/F05_p231_418.wav,5
/USERSPACE/DATASETS/CodecFake/train/F05_p255_011.wav,5
/USERSPACE/DATASETS/CodecFake/train/F05_p306_051.wav,5
/USERSPACE/DATASETS/CodecFake/train/F05_SSB13830188.wav,5
/USERSPACE/DATASETS/CodecFake/train/F05_SSB17390313.wav,5
/USERSPACE/DATASETS/CodecFake/train/F05_p250_254.wav,5
/USERSPACE/DATASETS/CodecFake/train/F05_p230_021.wav,5
/USERSPACE/DATASETS/CodecFake/train/F05_SSB17820224.wav,5
/USERSPACE/DATASETS/CodecFake/train/F05_SSB13770368.wav,5
/USERSPACE/DATASETS/CodecFake/train/F05_SSB15750481.wav,5
/USERSPACE/DATASETS/CodecFake/train/F05_p263_140.wav,5
/USERSPACE/DATASETS/CodecFake/train/F05_p334_226.wav,5
/USERSPACE/DATASETS/CodecFake/train/F05_SSB07230154.wav,5
/USERSPACE/DATASETS/CodecFake/train/F05_p228_199.wav,5
/USERSPACE/DATASETS/CodecFake/train/F05_p243_254.wav,5
/USERSPACE/DATASETS/CodecFake/train/F05_p294_208.wav,5
/USERSPACE/DATASETS/CodecFake/train/F05_SSB19180084.wav,5
/USERSPACE/DATASETS/CodecFake/train/F05_SSB03820346.wav,5
/USERSPACE/DATASETS/CodecFake/train/F05_p334_200.wav,5
/USERSPACE/DATASETS/CodecFake/train/F05_p233_158.wav,5
/USERSPACE/DATASETS/CodecFake/train/F05_SSB00730395.wav,5
/USERSPACE/DATASETS/CodecFake/train/F05_SSB01490016.wav,5
/USERSPACE/DATASETS/CodecFake/train/F05_SSB02670367.wav,5
/USERSPACE/DATASETS/CodecFake/train/F05_SSB07000340.wav,5
/USERSPACE/DATASETS/CodecFake/train/F05_SSB08170347.wav,5
/USERSPACE/DATASETS/CodecFake/train/F05_p310_225.wav,5
/USERSPACE/DATASETS/CodecFake/train/F05_SSB07460128.wav,5
/USERSPACE/DATASETS/CodecFake/train/F05_SSB09190013.wav,5
/USERSPACE/DATASETS/CodecFake/train/F05_SSB00430272.wav,5
/USERSPACE/DATASETS/CodecFake/train/F05_SSB03150045.wav,5
/USERSPACE/DATASETS/CodecFake/train/F05_SSB19020308.wav,5
/USERSPACE/DATASETS/CodecFake/train/F05_SSB09660232.wav,5
/USERSPACE/DATASETS/CodecFake/train/F05_SSB07370184.wav,5
/USERSPACE/DATASETS/CodecFake/train/F05_SSB13660307.wav,5
/USERSPACE/DATASETS/CodecFake/train/F05_p244_106.wav,5
/USERSPACE/DATASETS/CodecFake/train/F05_p339_062.wav,5
/USERSPACE/DATASETS/CodecFake/train/F05_SSB16990337.wav,5
/USERSPACE/DATASETS/CodecFake/train/F05_p267_174.wav,5
/USERSPACE/DATASETS/CodecFake/train/F05_SSB06090076.wav,5
/USERSPACE/DATASETS/CodecFake/train/F05_p303_141.wav,5
/USERSPACE/DATASETS/CodecFake/train/F05_p264_332.wav,5
/USERSPACE/DATASETS/CodecFake/train/F05_SSB18100367.wav,5
/USERSPACE/DATASETS/CodecFake/train/F05_SSB01390120.wav,5
/USERSPACE/DATASETS/CodecFake/train/F05_p248_227.wav,5
/USERSPACE/DATASETS/CodecFake/train/F05_p299_212.wav,5
/USERSPACE/DATASETS/CodecFake/train/F05_SSB00800405.wav,5
/USERSPACE/DATASETS/CodecFake/train/F05_p364_207.wav,5
/USERSPACE/DATASETS/CodecFake/train/F05_SSB13850074.wav,5
/USERSPACE/DATASETS/CodecFake/train/F05_SSB01330269.wav,5
/USERSPACE/DATASETS/CodecFake/train/F05_SSB10240458.wav,5
/USERSPACE/DATASETS/CodecFake/train/F05_SSB16240291.wav,5
/USERSPACE/DATASETS/CodecFake/train/F05_SSB03420217.wav,5
/USERSPACE/DATASETS/CodecFake/train/F05_SSB17110421.wav,5
/USERSPACE/DATASETS/CodecFake/train/F05_p267_186.wav,5
/USERSPACE/DATASETS/CodecFake/train/F05_SSB03160322.wav,5
/USERSPACE/DATASETS/CodecFake/train/F05_SSB07020401.wav,5
/USERSPACE/DATASETS/CodecFake/train/F05_SSB03410057.wav,5
/USERSPACE/DATASETS/CodecFake/train/F05_SSB07160245.wav,5
/USERSPACE/DATASETS/CodecFake/train/F05_p246_084.wav,5
/USERSPACE/DATASETS/CodecFake/train/F05_p339_366.wav,5
/USERSPACE/DATASETS/CodecFake/train/F05_SSB18910281.wav,5
/USERSPACE/DATASETS/CodecFake/train/F05_p249_084.wav,5
/USERSPACE/DATASETS/CodecFake/train/F05_SSB07840105.wav,5
/USERSPACE/DATASETS/CodecFake/train/F05_SSB05340425.wav,5
/USERSPACE/DATASETS/CodecFake/train/F05_SSB00090199.wav,5
/USERSPACE/DATASETS/CodecFake/train/F05_p231_008.wav,5
/USERSPACE/DATASETS/CodecFake/train/F05_SSB08630193.wav,5
/USERSPACE/DATASETS/CodecFake/train/F05_SSB00330445.wav,5
/USERSPACE/DATASETS/CodecFake/train/F05_SSB06320403.wav,5
/USERSPACE/DATASETS/CodecFake/train/F05_p374_338.wav,5
/USERSPACE/DATASETS/CodecFake/train/F05_SSB06030072.wav,5
/USERSPACE/DATASETS/CodecFake/train/F05_p248_247.wav,5
/USERSPACE/DATASETS/CodecFake/train/F05_SSB13410458.wav,5
/USERSPACE/DATASETS/CodecFake/train/F05_p239_421.wav,5
/USERSPACE/DATASETS/CodecFake/train/F05_SSB07620187.wav,5
/USERSPACE/DATASETS/CodecFake/train/F05_SSB00050028.wav,5
/USERSPACE/DATASETS/CodecFake/train/F05_SSB05990262.wav,5
/USERSPACE/DATASETS/CodecFake/train/F05_SSB07200335.wav,5
/USERSPACE/DATASETS/CodecFake/train/F05_p311_310.wav,5
/USERSPACE/DATASETS/CodecFake/train/F05_p254_001.wav,5
/USERSPACE/DATASETS/CodecFake/train/F05_p278_401.wav,5
/USERSPACE/DATASETS/CodecFake/train/F05_p314_170.wav,5
/USERSPACE/DATASETS/CodecFake/train/F05_SSB04350212.wav,5
/USERSPACE/DATASETS/CodecFake/train/F05_p298_324.wav,5
/USERSPACE/DATASETS/CodecFake/train/F05_SSB04150476.wav,5
/USERSPACE/DATASETS/CodecFake/train/F05_p323_143.wav,5
/USERSPACE/DATASETS/CodecFake/train/F05_p230_195.wav,5
/USERSPACE/DATASETS/CodecFake/train/F05_p374_254.wav,5
/USERSPACE/DATASETS/CodecFake/train/F05_p297_173.wav,5
/USERSPACE/DATASETS/CodecFake/train/F05_SSB12030307.wav,5
/USERSPACE/DATASETS/CodecFake/train/F05_p237_298.wav,5
/USERSPACE/DATASETS/CodecFake/train/F05_SSB03800213.wav,5
/USERSPACE/DATASETS/CodecFake/train/F05_p297_105.wav,5
/USERSPACE/DATASETS/CodecFake/train/F05_SSB18280182.wav,5
/USERSPACE/DATASETS/CodecFake/train/F05_SSB12740381.wav,5
/USERSPACE/DATASETS/CodecFake/train/F05_p262_065.wav,5
/USERSPACE/DATASETS/CodecFake/train/F05_SSB03950056.wav,5
/USERSPACE/DATASETS/CodecFake/train/F05_SSB09350169.wav,5
/USERSPACE/DATASETS/CodecFake/train/F05_SSB07780021.wav,5
/USERSPACE/DATASETS/CodecFake/train/F05_p244_218.wav,5
/USERSPACE/DATASETS/CodecFake/train/F05_p351_072.wav,5
/USERSPACE/DATASETS/CodecFake/train/F05_SSB05340129.wav,5
/USERSPACE/DATASETS/CodecFake/train/F05_SSB06060138.wav,5
/USERSPACE/DATASETS/CodecFake/train/F05_p236_356.wav,5
/USERSPACE/DATASETS/CodecFake/train/F05_p329_051.wav,5
/USERSPACE/DATASETS/CodecFake/train/F05_p258_210.wav,5
/USERSPACE/DATASETS/CodecFake/train/F05_SSB17810022.wav,5
/USERSPACE/DATASETS/CodecFake/train/F05_p294_113.wav,5
/USERSPACE/DATASETS/CodecFake/train/F05_SSB01120037.wav,5
/USERSPACE/DATASETS/CodecFake/train/F05_SSB03230478.wav,5
/USERSPACE/DATASETS/CodecFake/train/F05_SSB02000261.wav,5
/USERSPACE/DATASETS/CodecFake/train/F05_p253_118.wav,5
/USERSPACE/DATASETS/CodecFake/train/F05_p313_062.wav,5
/USERSPACE/DATASETS/CodecFake/train/F05_p240_228.wav,5
/USERSPACE/DATASETS/CodecFake/train/F05_SSB11150331.wav,5
/USERSPACE/DATASETS/CodecFake/train/F05_SSB13200075.wav,5
/USERSPACE/DATASETS/CodecFake/train/F05_SSB11760325.wav,5
/USERSPACE/DATASETS/CodecFake/train/F05_SSB13820343.wav,5
/USERSPACE/DATASETS/CodecFake/train/F05_SSB18630384.wav,5
/USERSPACE/DATASETS/CodecFake/train/F05_p280_017.wav,5
/USERSPACE/DATASETS/CodecFake/train/F05_SSB06660492.wav,5
/USERSPACE/DATASETS/CodecFake/train/F05_SSB03070280.wav,5
/USERSPACE/DATASETS/CodecFake/train/F05_SSB05350196.wav,5
/USERSPACE/DATASETS/CodecFake/train/F05_p288_367.wav,5
/USERSPACE/DATASETS/CodecFake/train/F05_p240_014.wav,5
/USERSPACE/DATASETS/CodecFake/train/F05_SSB10640202.wav,5
/USERSPACE/DATASETS/CodecFake/train/F05_SSB00110392.wav,5
/USERSPACE/DATASETS/CodecFake/train/F05_SSB10200246.wav,5
/USERSPACE/DATASETS/CodecFake/train/F05_SSB05880245.wav,5
/USERSPACE/DATASETS/CodecFake/train/F05_SSB02410319.wav,5
/USERSPACE/DATASETS/CodecFake/train/F05_SSB14570090.wav,5
/USERSPACE/DATASETS/CodecFake/train/F05_p339_220.wav,5
/USERSPACE/DATASETS/CodecFake/train/F05_SSB11000078.wav,5
/USERSPACE/DATASETS/CodecFake/train/F05_SSB01970034.wav,5
/USERSPACE/DATASETS/CodecFake/train/F05_p269_282.wav,5
/USERSPACE/DATASETS/CodecFake/train/F05_SSB07000438.wav,5
/USERSPACE/DATASETS/CodecFake/train/F05_SSB15850136.wav,5
/USERSPACE/DATASETS/CodecFake/train/F05_SSB11310435.wav,5
/USERSPACE/DATASETS/CodecFake/train/F05_SSB12740325.wav,5
/USERSPACE/DATASETS/CodecFake/train/F05_SSB07480352.wav,5
/USERSPACE/DATASETS/CodecFake/train/F05_SSB02730268.wav,5
/USERSPACE/DATASETS/CodecFake/train/F05_p335_143.wav,5
/USERSPACE/DATASETS/CodecFake/train/F05_p314_144.wav,5
/USERSPACE/DATASETS/CodecFake/train/F05_p263_157.wav,5
/USERSPACE/DATASETS/CodecFake/train/F05_p333_288.wav,5
/USERSPACE/DATASETS/CodecFake/train/F05_SSB06860439.wav,5
/USERSPACE/DATASETS/CodecFake/train/F05_SSB09970432.wav,5
/USERSPACE/DATASETS/CodecFake/train/F05_p251_070.wav,5
/USERSPACE/DATASETS/CodecFake/train/F05_SSB02610413.wav,5
/USERSPACE/DATASETS/CodecFake/train/F05_SSB02870179.wav,5
/USERSPACE/DATASETS/CodecFake/train/F05_SSB16840404.wav,5
/USERSPACE/DATASETS/CodecFake/train/F05_SSB12190266.wav,5
/USERSPACE/DATASETS/CodecFake/train/F05_SSB14080313.wav,5
/USERSPACE/DATASETS/CodecFake/train/F05_p279_073.wav,5
/USERSPACE/DATASETS/CodecFake/train/F05_p305_256.wav,5
/USERSPACE/DATASETS/CodecFake/train/F05_SSB03940003.wav,5
/USERSPACE/DATASETS/CodecFake/train/F05_SSB05780255.wav,5
/USERSPACE/DATASETS/CodecFake/train/F05_SSB00110413.wav,5
/USERSPACE/DATASETS/CodecFake/train/F05_SSB07490361.wav,5
/USERSPACE/DATASETS/CodecFake/train/F05_SSB00330163.wav,5
/USERSPACE/DATASETS/CodecFake/train/F05_SSB10080334.wav,5
/USERSPACE/DATASETS/CodecFake/train/F05_SSB06030190.wav,5
/USERSPACE/DATASETS/CodecFake/train/F05_p279_377.wav,5
/USERSPACE/DATASETS/CodecFake/train/F05_SSB08170325.wav,5
/USERSPACE/DATASETS/CodecFake/train/F05_SSB13220321.wav,5
/USERSPACE/DATASETS/CodecFake/train/F05_SSB18370159.wav,5
/USERSPACE/DATASETS/CodecFake/train/F05_p270_342.wav,5
/USERSPACE/DATASETS/CodecFake/train/F05_p266_259.wav,5
/USERSPACE/DATASETS/CodecFake/train/F05_p241_129.wav,5
/USERSPACE/DATASETS/CodecFake/train/F05_SSB16240487.wav,5
/USERSPACE/DATASETS/CodecFake/train/F05_SSB06060364.wav,5
/USERSPACE/DATASETS/CodecFake/train/F05_SSB19390192.wav,5
/USERSPACE/DATASETS/CodecFake/train/F05_p303_021.wav,5
/USERSPACE/DATASETS/CodecFake/train/F05_p265_144.wav,5
/USERSPACE/DATASETS/CodecFake/train/F05_p299_292.wav,5
/USERSPACE/DATASETS/CodecFake/train/F05_SSB09660382.wav,5
/USERSPACE/DATASETS/CodecFake/train/F05_p283_163.wav,5
/USERSPACE/DATASETS/CodecFake/train/F05_SSB07370004.wav,5
/USERSPACE/DATASETS/CodecFake/train/F05_SSB03230479.wav,5
/USERSPACE/DATASETS/CodecFake/train/F05_SSB07100337.wav,5
/USERSPACE/DATASETS/CodecFake/train/F05_p266_406.wav,5
/USERSPACE/DATASETS/CodecFake/train/F05_SSB02870047.wav,5
/USERSPACE/DATASETS/CodecFake/train/F05_p262_102.wav,5
/USERSPACE/DATASETS/CodecFake/train/F05_p252_200.wav,5
/USERSPACE/DATASETS/CodecFake/train/F05_p227_122.wav,5
/USERSPACE/DATASETS/CodecFake/train/F05_SSB00110179.wav,5
/USERSPACE/DATASETS/CodecFake/train/F05_p312_268.wav,5
/USERSPACE/DATASETS/CodecFake/train/F05_p269_379.wav,5
/USERSPACE/DATASETS/CodecFake/train/F05_SSB06310234.wav,5
/USERSPACE/DATASETS/CodecFake/train/F05_SSB08170286.wav,5
/USERSPACE/DATASETS/CodecFake/train/F05_SSB12190133.wav,5
/USERSPACE/DATASETS/CodecFake/train/F05_SSB07230351.wav,5
/USERSPACE/DATASETS/CodecFake/train/F05_p278_024.wav,5
/USERSPACE/DATASETS/CodecFake/train/F05_SSB09930188.wav,5
/USERSPACE/DATASETS/CodecFake/train/F05_SSB04350148.wav,5
/USERSPACE/DATASETS/CodecFake/train/F05_SSB10500167.wav,5
/USERSPACE/DATASETS/CodecFake/train/F05_SSB10200393.wav,5
/USERSPACE/DATASETS/CodecFake/train/F05_SSB10200418.wav,5
/USERSPACE/DATASETS/CodecFake/train/F05_p361_011.wav,5
/USERSPACE/DATASETS/CodecFake/train/F05_SSB07020386.wav,5
/USERSPACE/DATASETS/CodecFake/train/F05_SSB02610506.wav,5
/USERSPACE/DATASETS/CodecFake/train/F05_SSB18320434.wav,5
/USERSPACE/DATASETS/CodecFake/train/F05_SSB00800227.wav,5
/USERSPACE/DATASETS/CodecFake/train/F05_SSB18320214.wav,5
/USERSPACE/DATASETS/CodecFake/train/F05_p231_404.wav,5
/USERSPACE/DATASETS/CodecFake/train/F05_p234_042.wav,5
/USERSPACE/DATASETS/CodecFake/train/F05_SSB05020388.wav,5
/USERSPACE/DATASETS/CodecFake/train/F05_SSB01930237.wav,5
/USERSPACE/DATASETS/CodecFake/train/F05_p299_272.wav,5
/USERSPACE/DATASETS/CodecFake/train/F05_p226_184.wav,5
/USERSPACE/DATASETS/CodecFake/train/F05_p295_059.wav,5
/USERSPACE/DATASETS/CodecFake/train/F05_SSB06090262.wav,5
/USERSPACE/DATASETS/CodecFake/train/F05_p241_247.wav,5
/USERSPACE/DATASETS/CodecFake/train/F05_SSB04350018.wav,5
/USERSPACE/DATASETS/CodecFake/train/F05_SSB03750165.wav,5
/USERSPACE/DATASETS/CodecFake/train/F05_p362_011.wav,5
/USERSPACE/DATASETS/CodecFake/train/F05_p234_077.wav,5
/USERSPACE/DATASETS/CodecFake/train/F05_SSB11350449.wav,5
/USERSPACE/DATASETS/CodecFake/train/F05_SSB00090133.wav,5
/USERSPACE/DATASETS/CodecFake/train/F05_SSB03070146.wav,5
/USERSPACE/DATASETS/CodecFake/train/F05_SSB18320015.wav,5
/USERSPACE/DATASETS/CodecFake/train/F05_SSB14080263.wav,5
/USERSPACE/DATASETS/CodecFake/train/F05_p314_232.wav,5
/USERSPACE/DATASETS/CodecFake/train/F05_p263_330.wav,5
/USERSPACE/DATASETS/CodecFake/train/F05_SSB05990426.wav,5
/USERSPACE/DATASETS/CodecFake/train/F05_p374_259.wav,5
/USERSPACE/DATASETS/CodecFake/train/F05_SSB01490297.wav,5
/USERSPACE/DATASETS/CodecFake/train/F05_p254_134.wav,5
/USERSPACE/DATASETS/CodecFake/train/F05_SSB02000157.wav,5
/USERSPACE/DATASETS/CodecFake/train/F05_p257_247.wav,5
/USERSPACE/DATASETS/CodecFake/train/F05_p281_340.wav,5
/USERSPACE/DATASETS/CodecFake/train/F05_SSB18780232.wav,5
/USERSPACE/DATASETS/CodecFake/train/F05_SSB11350194.wav,5
/USERSPACE/DATASETS/CodecFake/train/F05_SSB03160182.wav,5
/USERSPACE/DATASETS/CodecFake/train/F05_p264_345.wav,5
/USERSPACE/DATASETS/CodecFake/train/F05_SSB03660035.wav,5
/USERSPACE/DATASETS/CodecFake/train/F05_SSB11380090.wav,5
/USERSPACE/DATASETS/CodecFake/train/F05_SSB01390344.wav,5
/USERSPACE/DATASETS/CodecFake/train/F05_SSB18780464.wav,5
/USERSPACE/DATASETS/CodecFake/train/F05_SSB18780118.wav,5
/USERSPACE/DATASETS/CodecFake/train/F05_SSB06060463.wav,5
/USERSPACE/DATASETS/CodecFake/train/F05_p239_348.wav,5
/USERSPACE/DATASETS/CodecFake/train/F05_SSB07940310.wav,5
/USERSPACE/DATASETS/CodecFake/train/F05_SSB06680275.wav,5
/USERSPACE/DATASETS/CodecFake/train/F05_SSB07110403.wav,5
/USERSPACE/DATASETS/CodecFake/train/F05_SSB00330272.wav,5
/USERSPACE/DATASETS/CodecFake/train/F05_SSB00110190.wav,5
/USERSPACE/DATASETS/CodecFake/train/F05_p230_224.wav,5
/USERSPACE/DATASETS/CodecFake/train/F05_p283_349.wav,5
/USERSPACE/DATASETS/CodecFake/train/F05_SSB07940141.wav,5
/USERSPACE/DATASETS/CodecFake/train/F05_p339_143.wav,5
/USERSPACE/DATASETS/CodecFake/train/F05_p326_254.wav,5
/USERSPACE/DATASETS/CodecFake/train/F05_p334_267.wav,5
/USERSPACE/DATASETS/CodecFake/train/F05_SSB05440064.wav,5
/USERSPACE/DATASETS/CodecFake/train/F05_p333_253.wav,5
/USERSPACE/DATASETS/CodecFake/train/F05_SSB16860119.wav,5
/USERSPACE/DATASETS/CodecFake/train/F05_SSB00180282.wav,5
/USERSPACE/DATASETS/CodecFake/train/F05_SSB07160023.wav,5
/USERSPACE/DATASETS/CodecFake/train/F05_SSB18280112.wav,5
/USERSPACE/DATASETS/CodecFake/train/F05_SSB03660146.wav,5
/USERSPACE/DATASETS/CodecFake/train/F05_SSB04150007.wav,5
/USERSPACE/DATASETS/CodecFake/train/F05_SSB04070457.wav,5
/USERSPACE/DATASETS/CodecFake/train/F05_p264_202.wav,5
/USERSPACE/DATASETS/CodecFake/train/F05_SSB17390376.wav,5
/USERSPACE/DATASETS/CodecFake/train/F05_SSB04350379.wav,5
/USERSPACE/DATASETS/CodecFake/train/F05_SSB12040190.wav,5
/USERSPACE/DATASETS/CodecFake/train/F05_p260_069.wav,5
/USERSPACE/DATASETS/CodecFake/train/F05_p266_114.wav,5
/USERSPACE/DATASETS/CodecFake/train/F05_SSB13020002.wav,5
/USERSPACE/DATASETS/CodecFake/train/F05_SSB03800184.wav,5
/USERSPACE/DATASETS/CodecFake/train/F05_SSB01490025.wav,5
/USERSPACE/DATASETS/CodecFake/train/F05_SSB06030016.wav,5
/USERSPACE/DATASETS/CodecFake/train/F05_SSB15630140.wav,5
/USERSPACE/DATASETS/CodecFake/train/F05_p245_079.wav,5
/USERSPACE/DATASETS/CodecFake/train/F05_p308_059.wav,5
/USERSPACE/DATASETS/CodecFake/train/F05_SSB01970424.wav,5
/USERSPACE/DATASETS/CodecFake/train/F05_SSB19560343.wav,5
/USERSPACE/DATASETS/CodecFake/train/F05_SSB15850249.wav,5
/USERSPACE/DATASETS/CodecFake/train/F05_p351_060.wav,5
/USERSPACE/DATASETS/CodecFake/train/F05_SSB08170245.wav,5
/USERSPACE/DATASETS/CodecFake/train/F05_p258_379.wav,5
/USERSPACE/DATASETS/CodecFake/train/F05_SSB02880405.wav,5
/USERSPACE/DATASETS/CodecFake/train/F05_SSB06660035.wav,5
