path,label
/USERSPACE/DATASETS/CodecFake/train/F06_SSB08170357.wav,6
/USERSPACE/DATASETS/CodecFake/train/F06_SSB18320462.wav,6
/USERSPACE/DATASETS/CodecFake/train/F06_SSB08220038.wav,6
/USERSPACE/DATASETS/CodecFake/train/F06_SSB05440386.wav,6
/USERSPACE/DATASETS/CodecFake/train/F06_SSB08710190.wav,6
/USERSPACE/DATASETS/CodecFake/train/F06_p339_135.wav,6
/USERSPACE/DATASETS/CodecFake/train/F06_p263_185.wav,6
/USERSPACE/DATASETS/CodecFake/train/F06_SSB11870206.wav,6
/USERSPACE/DATASETS/CodecFake/train/F06_p283_141.wav,6
/USERSPACE/DATASETS/CodecFake/train/F06_SSB04820017.wav,6
/USERSPACE/DATASETS/CodecFake/train/F06_p360_066.wav,6
/USERSPACE/DATASETS/CodecFake/train/F06_SSB03070407.wav,6
/USERSPACE/DATASETS/CodecFake/train/F06_SSB07800195.wav,6
/USERSPACE/DATASETS/CodecFake/train/F06_p288_071.wav,6
/USERSPACE/DATASETS/CodecFake/train/F06_SSB02870090.wav,6
/USERSPACE/DATASETS/CodecFake/train/F06_SSB01330008.wav,6
/USERSPACE/DATASETS/CodecFake/train/F06_p329_382.wav,6
/USERSPACE/DATASETS/CodecFake/train/F06_SSB01490126.wav,6
/USERSPACE/DATASETS/CodecFake/train/F06_SSB05440033.wav,6
/USERSPACE/DATASETS/CodecFake/train/F06_SSB12040149.wav,6
/USERSPACE/DATASETS/CodecFake/train/F06_SSB06010424.wav,6
/USERSPACE/DATASETS/CodecFake/train/F06_SSB03230264.wav,6
/USERSPACE/DATASETS/CodecFake/train/F06_SSB07230106.wav,6
/USERSPACE/DATASETS/CodecFake/train/F06_p243_046.wav,6
/USERSPACE/DATASETS/CodecFake/train/F06_SSB18910272.wav,6
/USERSPACE/DATASETS/CodecFake/train/F06_p270_063.wav,6
/USERSPACE/DATASETS/CodecFake/train/F06_p374_058.wav,6
/USERSPACE/DATASETS/CodecFake/train/F06_p272_143.wav,6
/USERSPACE/DATASETS/CodecFake/train/F06_SSB07840220.wav,6
/USERSPACE/DATASETS/CodecFake/train/F06_p323_399.wav,6
/USERSPACE/DATASETS/CodecFake/train/F06_SSB07230062.wav,6
/USERSPACE/DATASETS/CodecFake/train/F06_SSB12530389.wav,6
/USERSPACE/DATASETS/CodecFake/train/F06_p301_345.wav,6
/USERSPACE/DATASETS/CodecFake/train/F06_SSB07020441.wav,6
/USERSPACE/DATASETS/CodecFake/train/F06_SSB02880127.wav,6
/USERSPACE/DATASETS/CodecFake/train/F06_SSB13220128.wav,6
/USERSPACE/DATASETS/CodecFake/train/F06_SSB02990043.wav,6
/USERSPACE/DATASETS/CodecFake/train/F06_SSB01450226.wav,6
/USERSPACE/DATASETS/CodecFake/train/F06_p233_258.wav,6
/USERSPACE/DATASETS/CodecFake/train/F06_p336_397.wav,6
/USERSPACE/DATASETS/CodecFake/train/F06_SSB15850104.wav,6
/USERSPACE/DATASETS/CodecFake/train/F06_SSB13820490.wav,6
/USERSPACE/DATASETS/CodecFake/train/F06_SSB07170151.wav,6
/USERSPACE/DATASETS/CodecFake/train/F06_SSB07600039.wav,6
/USERSPACE/DATASETS/CodecFake/train/F06_SSB05440115.wav,6
/USERSPACE/DATASETS/CodecFake/train/F06_SSB07480402.wav,6
/USERSPACE/DATASETS/CodecFake/train/F06_p347_103.wav,6
/USERSPACE/DATASETS/CodecFake/train/F06_p248_209.wav,6
/USERSPACE/DATASETS/CodecFake/train/F06_SSB11970138.wav,6
/USERSPACE/DATASETS/CodecFake/train/F06_p351_423.wav,6
/USERSPACE/DATASETS/CodecFake/train/F06_p261_404.wav,6
/USERSPACE/DATASETS/CodecFake/train/F06_SSB02000418.wav,6
/USERSPACE/DATASETS/CodecFake/train/F06_p251_069.wav,6
/USERSPACE/DATASETS/CodecFake/train/F06_p274_442.wav,6
/USERSPACE/DATASETS/CodecFake/train/F06_SSB18060037.wav,6
/USERSPACE/DATASETS/CodecFake/train/F06_SSB15550132.wav,6
/USERSPACE/DATASETS/CodecFake/train/F06_SSB03390200.wav,6
/USERSPACE/DATASETS/CodecFake/train/F06_SSB05440129.wav,6
/USERSPACE/DATASETS/CodecFake/train/F06_SSB00380255.wav,6
/USERSPACE/DATASETS/CodecFake/train/F06_SSB05900472.wav,6
/USERSPACE/DATASETS/CodecFake/train/F06_SSB03090203.wav,6
/USERSPACE/DATASETS/CodecFake/train/F06_p361_194.wav,6
/USERSPACE/DATASETS/CodecFake/train/F06_SSB00180100.wav,6
/USERSPACE/DATASETS/CodecFake/train/F06_SSB03410097.wav,6
/USERSPACE/DATASETS/CodecFake/train/F06_SSB11610008.wav,6
/USERSPACE/DATASETS/CodecFake/train/F06_p288_087.wav,6
/USERSPACE/DATASETS/CodecFake/train/F06_SSB19180044.wav,6
/USERSPACE/DATASETS/CodecFake/train/F06_SSB11150225.wav,6
/USERSPACE/DATASETS/CodecFake/train/F06_SSB06070175.wav,6
/USERSPACE/DATASETS/CodecFake/train/F06_SSB05900164.wav,6
/USERSPACE/DATASETS/CodecFake/train/F06_SSB07800319.wav,6
/USERSPACE/DATASETS/CodecFake/train/F06_p225_166.wav,6
/USERSPACE/DATASETS/CodecFake/train/F06_SSB10960172.wav,6
/USERSPACE/DATASETS/CodecFake/train/F06_SSB02610299.wav,6
/USERSPACE/DATASETS/CodecFake/train/F06_SSB00380332.wav,6
/USERSPACE/DATASETS/CodecFake/train/F06_SSB19390124.wav,6
/USERSPACE/DATASETS/CodecFake/train/F06_SSB07230112.wav,6
/USERSPACE/DATASETS/CodecFake/train/F06_p343_023.wav,6
/USERSPACE/DATASETS/CodecFake/train/F06_p259_357.wav,6
/USERSPACE/DATASETS/CodecFake/train/F06_p277_160.wav,6
/USERSPACE/DATASETS/CodecFake/train/F06_SSB05880028.wav,6
/USERSPACE/DATASETS/CodecFake/train/F06_SSB12040133.wav,6
/USERSPACE/DATASETS/CodecFake/train/F06_SSB10200375.wav,6
/USERSPACE/DATASETS/CodecFake/train/F06_SSB18780335.wav,6
/USERSPACE/DATASETS/CodecFake/train/F06_p243_198.wav,6
/USERSPACE/DATASETS/CodecFake/train/F06_p258_214.wav,6
/USERSPACE/DATASETS/CodecFake/train/F06_p330_421.wav,6
/USERSPACE/DATASETS/CodecFake/train/F06_SSB15930333.wav,6
/USERSPACE/DATASETS/CodecFake/train/F06_SSB19020415.wav,6
/USERSPACE/DATASETS/CodecFake/train/F06_SSB09660507.wav,6
/USERSPACE/DATASETS/CodecFake/train/F06_SSB14310250.wav,6
/USERSPACE/DATASETS/CodecFake/train/F06_p229_195.wav,6
/USERSPACE/DATASETS/CodecFake/train/F06_SSB18280323.wav,6
/USERSPACE/DATASETS/CodecFake/train/F06_p272_205.wav,6
/USERSPACE/DATASETS/CodecFake/train/F06_p248_117.wav,6
/USERSPACE/DATASETS/CodecFake/train/F06_SSB13280008.wav,6
/USERSPACE/DATASETS/CodecFake/train/F06_SSB13770321.wav,6
/USERSPACE/DATASETS/CodecFake/train/F06_p362_145.wav,6
/USERSPACE/DATASETS/CodecFake/train/F06_SSB07000364.wav,6
/USERSPACE/DATASETS/CodecFake/train/F06_p360_256.wav,6
/USERSPACE/DATASETS/CodecFake/train/F06_SSB10720122.wav,6
/USERSPACE/DATASETS/CodecFake/train/F06_p273_203.wav,6
/USERSPACE/DATASETS/CodecFake/train/F06_p347_235.wav,6
/USERSPACE/DATASETS/CodecFake/train/F06_SSB17110029.wav,6
/USERSPACE/DATASETS/CodecFake/train/F06_p298_223.wav,6
/USERSPACE/DATASETS/CodecFake/train/F06_p241_313.wav,6
/USERSPACE/DATASETS/CodecFake/train/F06_SSB05990479.wav,6
/USERSPACE/DATASETS/CodecFake/train/F06_SSB06660276.wav,6
/USERSPACE/DATASETS/CodecFake/train/F06_SSB16860393.wav,6
/USERSPACE/DATASETS/CodecFake/train/F06_SSB08090139.wav,6
/USERSPACE/DATASETS/CodecFake/train/F06_SSB02880108.wav,6
/USERSPACE/DATASETS/CodecFake/train/F06_SSB04350096.wav,6
/USERSPACE/DATASETS/CodecFake/train/F06_p310_099.wav,6
/USERSPACE/DATASETS/CodecFake/train/F06_SSB11970199.wav,6
/USERSPACE/DATASETS/CodecFake/train/F06_p253_049.wav,6
/USERSPACE/DATASETS/CodecFake/train/F06_SSB19390299.wav,6
/USERSPACE/DATASETS/CodecFake/train/F06_p360_369.wav,6
/USERSPACE/DATASETS/CodecFake/train/F06_p302_193.wav,6
/USERSPACE/DATASETS/CodecFake/train/F06_SSB07600089.wav,6
/USERSPACE/DATASETS/CodecFake/train/F06_p249_354.wav,6
/USERSPACE/DATASETS/CodecFake/train/F06_SSB01390502.wav,6
/USERSPACE/DATASETS/CodecFake/train/F06_SSB03070327.wav,6
/USERSPACE/DATASETS/CodecFake/train/F06_p276_221.wav,6
/USERSPACE/DATASETS/CodecFake/train/F06_SSB07940255.wav,6
/USERSPACE/DATASETS/CodecFake/train/F06_SSB12040239.wav,6
/USERSPACE/DATASETS/CodecFake/train/F06_SSB18720026.wav,6
/USERSPACE/DATASETS/CodecFake/train/F06_SSB19560164.wav,6
/USERSPACE/DATASETS/CodecFake/train/F06_p226_128.wav,6
/USERSPACE/DATASETS/CodecFake/train/F06_SSB03850338.wav,6
/USERSPACE/DATASETS/CodecFake/train/F06_SSB07460234.wav,6
/USERSPACE/DATASETS/CodecFake/train/F06_p267_353.wav,6
/USERSPACE/DATASETS/CodecFake/train/F06_SSB05390237.wav,6
/USERSPACE/DATASETS/CodecFake/train/F06_SSB07840294.wav,6
/USERSPACE/DATASETS/CodecFake/train/F06_SSB13830186.wav,6
/USERSPACE/DATASETS/CodecFake/train/F06_SSB03800339.wav,6
/USERSPACE/DATASETS/CodecFake/train/F06_p264_303.wav,6
/USERSPACE/DATASETS/CodecFake/train/F06_SSB02870033.wav,6
/USERSPACE/DATASETS/CodecFake/train/F06_p313_391.wav,6
/USERSPACE/DATASETS/CodecFake/train/F06_p339_215.wav,6
/USERSPACE/DATASETS/CodecFake/train/F06_SSB16840361.wav,6
/USERSPACE/DATASETS/CodecFake/train/F06_SSB12150489.wav,6
/USERSPACE/DATASETS/CodecFake/train/F06_SSB13650172.wav,6
/USERSPACE/DATASETS/CodecFake/train/F06_SSB17110094.wav,6
/USERSPACE/DATASETS/CodecFake/train/F06_SSB07800380.wav,6
/USERSPACE/DATASETS/CodecFake/train/F06_SSB02870239.wav,6
/USERSPACE/DATASETS/CodecFake/train/F06_SSB07620138.wav,6
/USERSPACE/DATASETS/CodecFake/train/F06_SSB00380220.wav,6
/USERSPACE/DATASETS/CodecFake/train/F06_SSB10910110.wav,6
/USERSPACE/DATASETS/CodecFake/train/F06_SSB11080319.wav,6
/USERSPACE/DATASETS/CodecFake/train/F06_SSB07360306.wav,6
/USERSPACE/DATASETS/CodecFake/train/F06_SSB01490290.wav,6
/USERSPACE/DATASETS/CodecFake/train/F06_SSB18320442.wav,6
/USERSPACE/DATASETS/CodecFake/train/F06_p247_377.wav,6
/USERSPACE/DATASETS/CodecFake/train/F06_SSB11610479.wav,6
/USERSPACE/DATASETS/CodecFake/train/F06_p330_419.wav,6
/USERSPACE/DATASETS/CodecFake/train/F06_p314_326.wav,6
/USERSPACE/DATASETS/CodecFake/train/F06_SSB03790106.wav,6
/USERSPACE/DATASETS/CodecFake/train/F06_p308_370.wav,6
/USERSPACE/DATASETS/CodecFake/train/F06_SSB06680432.wav,6
/USERSPACE/DATASETS/CodecFake/train/F06_SSB13850382.wav,6
/USERSPACE/DATASETS/CodecFake/train/F06_SSB02410057.wav,6
/USERSPACE/DATASETS/CodecFake/train/F06_p266_200.wav,6
/USERSPACE/DATASETS/CodecFake/train/F06_SSB08870263.wav,6
/USERSPACE/DATASETS/CodecFake/train/F06_SSB06310042.wav,6
/USERSPACE/DATASETS/CodecFake/train/F06_p360_081.wav,6
/USERSPACE/DATASETS/CodecFake/train/F06_SSB05880474.wav,6
/USERSPACE/DATASETS/CodecFake/train/F06_SSB05350112.wav,6
/USERSPACE/DATASETS/CodecFake/train/F06_SSB07110128.wav,6
/USERSPACE/DATASETS/CodecFake/train/F06_SSB03420271.wav,6
/USERSPACE/DATASETS/CodecFake/train/F06_p250_445.wav,6
/USERSPACE/DATASETS/CodecFake/train/F06_p308_191.wav,6
/USERSPACE/DATASETS/CodecFake/train/F06_SSB19560468.wav,6
/USERSPACE/DATASETS/CodecFake/train/F06_SSB03420429.wav,6
/USERSPACE/DATASETS/CodecFake/train/F06_SSB19560418.wav,6
/USERSPACE/DATASETS/CodecFake/train/F06_p226_043.wav,6
/USERSPACE/DATASETS/CodecFake/train/F06_SSB04260099.wav,6
/USERSPACE/DATASETS/CodecFake/train/F06_p246_133.wav,6
/USERSPACE/DATASETS/CodecFake/train/F06_SSB10000157.wav,6
/USERSPACE/DATASETS/CodecFake/train/F06_p274_101.wav,6
/USERSPACE/DATASETS/CodecFake/train/F06_SSB07940185.wav,6
/USERSPACE/DATASETS/CodecFake/train/F06_p308_012.wav,6
/USERSPACE/DATASETS/CodecFake/train/F06_p260_324.wav,6
/USERSPACE/DATASETS/CodecFake/train/F06_p244_010.wav,6
/USERSPACE/DATASETS/CodecFake/train/F06_SSB07600492.wav,6
/USERSPACE/DATASETS/CodecFake/train/F06_p276_010.wav,6
/USERSPACE/DATASETS/CodecFake/train/F06_p273_285.wav,6
/USERSPACE/DATASETS/CodecFake/train/F06_p333_418.wav,6
/USERSPACE/DATASETS/CodecFake/train/F06_SSB07110415.wav,6
/USERSPACE/DATASETS/CodecFake/train/F06_SSB03230386.wav,6
/USERSPACE/DATASETS/CodecFake/train/F06_SSB12190379.wav,6
/USERSPACE/DATASETS/CodecFake/train/F06_SSB05440161.wav,6
/USERSPACE/DATASETS/CodecFake/train/F06_SSB07480195.wav,6
/USERSPACE/DATASETS/CodecFake/train/F06_p285_382.wav,6
/USERSPACE/DATASETS/CodecFake/train/F06_SSB19560467.wav,6
/USERSPACE/DATASETS/CodecFake/train/F06_p236_033.wav,6
/USERSPACE/DATASETS/CodecFake/train/F06_p233_153.wav,6
/USERSPACE/DATASETS/CodecFake/train/F06_SSB06230406.wav,6
/USERSPACE/DATASETS/CodecFake/train/F06_SSB06310485.wav,6
/USERSPACE/DATASETS/CodecFake/train/F06_p259_328.wav,6
/USERSPACE/DATASETS/CodecFake/train/F06_SSB06140119.wav,6
/USERSPACE/DATASETS/CodecFake/train/F06_SSB07510420.wav,6
/USERSPACE/DATASETS/CodecFake/train/F06_SSB02000220.wav,6
/USERSPACE/DATASETS/CodecFake/train/F06_SSB10000326.wav,6
/USERSPACE/DATASETS/CodecFake/train/F06_SSB10200361.wav,6
/USERSPACE/DATASETS/CodecFake/train/F06_SSB01390320.wav,6
/USERSPACE/DATASETS/CodecFake/train/F06_SSB16500243.wav,6
/USERSPACE/DATASETS/CodecFake/train/F06_p298_382.wav,6
/USERSPACE/DATASETS/CodecFake/train/F06_p232_135.wav,6
/USERSPACE/DATASETS/CodecFake/train/F06_SSB11350161.wav,6
/USERSPACE/DATASETS/CodecFake/train/F06_SSB15670059.wav,6
/USERSPACE/DATASETS/CodecFake/train/F06_p268_190.wav,6
/USERSPACE/DATASETS/CodecFake/train/F06_p238_024.wav,6
/USERSPACE/DATASETS/CodecFake/train/F06_p284_022.wav,6
/USERSPACE/DATASETS/CodecFake/train/F06_SSB05020455.wav,6
/USERSPACE/DATASETS/CodecFake/train/F06_SSB16500039.wav,6
/USERSPACE/DATASETS/CodecFake/train/F06_p293_120.wav,6
/USERSPACE/DATASETS/CodecFake/train/F06_SSB00730205.wav,6
/USERSPACE/DATASETS/CodecFake/train/F06_SSB05940302.wav,6
/USERSPACE/DATASETS/CodecFake/train/F06_p277_425.wav,6
/USERSPACE/DATASETS/CodecFake/train/F06_SSB03660019.wav,6
/USERSPACE/DATASETS/CodecFake/train/F06_SSB06710096.wav,6
/USERSPACE/DATASETS/CodecFake/train/F06_p238_106.wav,6
/USERSPACE/DATASETS/CodecFake/train/F06_SSB00730286.wav,6
/USERSPACE/DATASETS/CodecFake/train/F06_p361_276.wav,6
/USERSPACE/DATASETS/CodecFake/train/F06_SSB13400335.wav,6
/USERSPACE/DATASETS/CodecFake/train/F06_SSB15750124.wav,6
/USERSPACE/DATASETS/CodecFake/train/F06_SSB13220329.wav,6
/USERSPACE/DATASETS/CodecFake/train/F06_p315_114.wav,6
/USERSPACE/DATASETS/CodecFake/train/F06_SSB07460096.wav,6
/USERSPACE/DATASETS/CodecFake/train/F06_SSB10010072.wav,6
/USERSPACE/DATASETS/CodecFake/train/F06_SSB09350071.wav,6
/USERSPACE/DATASETS/CodecFake/train/F06_SSB07460190.wav,6
/USERSPACE/DATASETS/CodecFake/train/F06_SSB01330441.wav,6
/USERSPACE/DATASETS/CodecFake/train/F06_SSB09190279.wav,6
/USERSPACE/DATASETS/CodecFake/train/F06_SSB12150295.wav,6
/USERSPACE/DATASETS/CodecFake/train/F06_SSB02410273.wav,6
/USERSPACE/DATASETS/CodecFake/train/F06_p361_028.wav,6
/USERSPACE/DATASETS/CodecFake/train/F06_SSB03800170.wav,6
/USERSPACE/DATASETS/CodecFake/train/F06_SSB14480054.wav,6
/USERSPACE/DATASETS/CodecFake/train/F06_SSB06140452.wav,6
/USERSPACE/DATASETS/CodecFake/train/F06_SSB18320266.wav,6
/USERSPACE/DATASETS/CodecFake/train/F06_SSB12180116.wav,6
/USERSPACE/DATASETS/CodecFake/train/F06_SSB03790161.wav,6
/USERSPACE/DATASETS/CodecFake/train/F06_SSB03750054.wav,6
/USERSPACE/DATASETS/CodecFake/train/F06_p271_064.wav,6
/USERSPACE/DATASETS/CodecFake/train/F06_SSB05390034.wav,6
/USERSPACE/DATASETS/CodecFake/train/F06_SSB11610213.wav,6
/USERSPACE/DATASETS/CodecFake/train/F06_SSB00120318.wav,6
/USERSPACE/DATASETS/CodecFake/train/F06_p256_028.wav,6
/USERSPACE/DATASETS/CodecFake/train/F06_p326_206.wav,6
/USERSPACE/DATASETS/CodecFake/train/F06_p280_388.wav,6
/USERSPACE/DATASETS/CodecFake/train/F06_p239_496.wav,6
/USERSPACE/DATASETS/CodecFake/train/F06_SSB13400353.wav,6
/USERSPACE/DATASETS/CodecFake/train/F06_p240_163.wav,6
/USERSPACE/DATASETS/CodecFake/train/F06_SSB02870091.wav,6
/USERSPACE/DATASETS/CodecFake/train/F06_SSB19390467.wav,6
/USERSPACE/DATASETS/CodecFake/train/F06_p362_022.wav,6
/USERSPACE/DATASETS/CodecFake/train/F06_SSB18060291.wav,6
/USERSPACE/DATASETS/CodecFake/train/F06_SSB06680491.wav,6
/USERSPACE/DATASETS/CodecFake/train/F06_SSB16250227.wav,6
/USERSPACE/DATASETS/CodecFake/train/F06_p339_069.wav,6
/USERSPACE/DATASETS/CodecFake/train/F06_SSB10500501.wav,6
/USERSPACE/DATASETS/CodecFake/train/F06_SSB02410043.wav,6
/USERSPACE/DATASETS/CodecFake/train/F06_SSB19390430.wav,6
/USERSPACE/DATASETS/CodecFake/train/F06_SSB13020100.wav,6
/USERSPACE/DATASETS/CodecFake/train/F06_SSB04070181.wav,6
/USERSPACE/DATASETS/CodecFake/train/F06_SSB06140069.wav,6
/USERSPACE/DATASETS/CodecFake/train/F06_p253_331.wav,6
/USERSPACE/DATASETS/CodecFake/train/F06_SSB06680426.wav,6
/USERSPACE/DATASETS/CodecFake/train/F06_p306_329.wav,6
/USERSPACE/DATASETS/CodecFake/train/F06_SSB07230272.wav,6
/USERSPACE/DATASETS/CodecFake/train/F06_SSB12740354.wav,6
/USERSPACE/DATASETS/CodecFake/train/F06_SSB10000250.wav,6
/USERSPACE/DATASETS/CodecFake/train/F06_p298_372.wav,6
/USERSPACE/DATASETS/CodecFake/train/F06_p272_358.wav,6
/USERSPACE/DATASETS/CodecFake/train/F06_SSB10500248.wav,6
/USERSPACE/DATASETS/CodecFake/train/F06_SSB03150011.wav,6
/USERSPACE/DATASETS/CodecFake/train/F06_SSB11310126.wav,6
/USERSPACE/DATASETS/CodecFake/train/F06_SSB11100464.wav,6
/USERSPACE/DATASETS/CodecFake/train/F06_SSB04260410.wav,6
/USERSPACE/DATASETS/CodecFake/train/F06_p361_153.wav,6
/USERSPACE/DATASETS/CodecFake/train/F06_SSB07360174.wav,6
/USERSPACE/DATASETS/CodecFake/train/F06_p286_376.wav,6
/USERSPACE/DATASETS/CodecFake/train/F06_SSB19180205.wav,6
/USERSPACE/DATASETS/CodecFake/train/F06_SSB11610052.wav,6
/USERSPACE/DATASETS/CodecFake/train/F06_p244_103.wav,6
/USERSPACE/DATASETS/CodecFake/train/F06_SSB02730261.wav,6
/USERSPACE/DATASETS/CodecFake/train/F06_p335_388.wav,6
/USERSPACE/DATASETS/CodecFake/train/F06_p243_186.wav,6
/USERSPACE/DATASETS/CodecFake/train/F06_SSB07200341.wav,6
/USERSPACE/DATASETS/CodecFake/train/F06_SSB11970248.wav,6
/USERSPACE/DATASETS/CodecFake/train/F06_SSB16860175.wav,6
/USERSPACE/DATASETS/CodecFake/train/F06_SSB15670157.wav,6
/USERSPACE/DATASETS/CodecFake/train/F06_SSB05650207.wav,6
/USERSPACE/DATASETS/CodecFake/train/F06_p231_103.wav,6
/USERSPACE/DATASETS/CodecFake/train/F06_p278_329.wav,6
/USERSPACE/DATASETS/CodecFake/train/F06_p282_062.wav,6
/USERSPACE/DATASETS/CodecFake/train/F06_p301_281.wav,6
/USERSPACE/DATASETS/CodecFake/train/F06_SSB15670202.wav,6
/USERSPACE/DATASETS/CodecFake/train/F06_p231_111.wav,6
/USERSPACE/DATASETS/CodecFake/train/F06_p274_410.wav,6
/USERSPACE/DATASETS/CodecFake/train/F06_p254_059.wav,6
/USERSPACE/DATASETS/CodecFake/train/F06_SSB10560217.wav,6
/USERSPACE/DATASETS/CodecFake/train/F06_p236_278.wav,6
/USERSPACE/DATASETS/CodecFake/train/F06_SSB07840341.wav,6
/USERSPACE/DATASETS/CodecFake/train/F06_SSB00570138.wav,6
/USERSPACE/DATASETS/CodecFake/train/F06_SSB03410359.wav,6
/USERSPACE/DATASETS/CodecFake/train/F06_SSB09130377.wav,6
/USERSPACE/DATASETS/CodecFake/train/F06_SSB10200362.wav,6
/USERSPACE/DATASETS/CodecFake/train/F06_SSB03750246.wav,6
/USERSPACE/DATASETS/CodecFake/train/F06_p293_159.wav,6
/USERSPACE/DATASETS/CodecFake/train/F06_p230_075.wav,6
/USERSPACE/DATASETS/CodecFake/train/F06_SSB00180085.wav,6
/USERSPACE/DATASETS/CodecFake/train/F06_SSB01490309.wav,6
/USERSPACE/DATASETS/CodecFake/train/F06_SSB13660204.wav,6
/USERSPACE/DATASETS/CodecFake/train/F06_p326_194.wav,6
/USERSPACE/DATASETS/CodecFake/train/F06_SSB13930104.wav,6
/USERSPACE/DATASETS/CodecFake/train/F06_SSB12190110.wav,6
/USERSPACE/DATASETS/CodecFake/train/F06_p314_250.wav,6
/USERSPACE/DATASETS/CodecFake/train/F06_p297_398.wav,6
/USERSPACE/DATASETS/CodecFake/train/F06_SSB09350405.wav,6
/USERSPACE/DATASETS/CodecFake/train/F06_p236_269.wav,6
/USERSPACE/DATASETS/CodecFake/train/F06_SSB00090237.wav,6
/USERSPACE/DATASETS/CodecFake/train/F06_p227_042.wav,6
/USERSPACE/DATASETS/CodecFake/train/F06_p335_040.wav,6
/USERSPACE/DATASETS/CodecFake/train/F06_SSB10500349.wav,6
/USERSPACE/DATASETS/CodecFake/train/F06_SSB08870150.wav,6
/USERSPACE/DATASETS/CodecFake/train/F06_p305_070.wav,6
/USERSPACE/DATASETS/CodecFake/train/F06_p284_387.wav,6
/USERSPACE/DATASETS/CodecFake/train/F06_p236_383.wav,6
/USERSPACE/DATASETS/CodecFake/train/F06_SSB11310033.wav,6
/USERSPACE/DATASETS/CodecFake/train/F06_p340_316.wav,6
/USERSPACE/DATASETS/CodecFake/train/F06_SSB10080267.wav,6
/USERSPACE/DATASETS/CodecFake/train/F06_p317_168.wav,6
/USERSPACE/DATASETS/CodecFake/train/F06_SSB16860332.wav,6
/USERSPACE/DATASETS/CodecFake/train/F06_SSB00570245.wav,6
/USERSPACE/DATASETS/CodecFake/train/F06_SSB11760161.wav,6
/USERSPACE/DATASETS/CodecFake/train/F06_SSB13410326.wav,6
/USERSPACE/DATASETS/CodecFake/train/F06_p362_175.wav,6
/USERSPACE/DATASETS/CodecFake/train/F06_p259_470.wav,6
/USERSPACE/DATASETS/CodecFake/train/F06_SSB10500118.wav,6
/USERSPACE/DATASETS/CodecFake/train/F06_SSB15550079.wav,6
/USERSPACE/DATASETS/CodecFake/train/F06_SSB07490412.wav,6
/USERSPACE/DATASETS/CodecFake/train/F06_p270_221.wav,6
/USERSPACE/DATASETS/CodecFake/train/F06_SSB13410444.wav,6
/USERSPACE/DATASETS/CodecFake/train/F06_SSB11260264.wav,6
/USERSPACE/DATASETS/CodecFake/train/F06_p340_252.wav,6
/USERSPACE/DATASETS/CodecFake/train/F06_p254_066.wav,6
/USERSPACE/DATASETS/CodecFake/train/F06_SSB11870358.wav,6
/USERSPACE/DATASETS/CodecFake/train/F06_SSB11310007.wav,6
/USERSPACE/DATASETS/CodecFake/train/F06_SSB07860187.wav,6
/USERSPACE/DATASETS/CodecFake/train/F06_p308_290.wav,6
/USERSPACE/DATASETS/CodecFake/train/F06_p263_035.wav,6
/USERSPACE/DATASETS/CodecFake/train/F06_SSB13410002.wav,6
/USERSPACE/DATASETS/CodecFake/train/F06_SSB10720204.wav,6
/USERSPACE/DATASETS/CodecFake/train/F06_SSB03790418.wav,6
/USERSPACE/DATASETS/CodecFake/train/F06_SSB16500193.wav,6
/USERSPACE/DATASETS/CodecFake/train/F06_SSB07100026.wav,6
/USERSPACE/DATASETS/CodecFake/train/F06_SSB05350253.wav,6
/USERSPACE/DATASETS/CodecFake/train/F06_SSB06680138.wav,6
/USERSPACE/DATASETS/CodecFake/train/F06_SSB18910210.wav,6
/USERSPACE/DATASETS/CodecFake/train/F06_SSB13650010.wav,6
/USERSPACE/DATASETS/CodecFake/train/F06_SSB02870110.wav,6
/USERSPACE/DATASETS/CodecFake/train/F06_SSB03930374.wav,6
/USERSPACE/DATASETS/CodecFake/train/F06_p248_250.wav,6
/USERSPACE/DATASETS/CodecFake/train/F06_SSB02610426.wav,6
/USERSPACE/DATASETS/CodecFake/train/F06_SSB12030126.wav,6
/USERSPACE/DATASETS/CodecFake/train/F06_SSB06140275.wav,6
/USERSPACE/DATASETS/CodecFake/train/F06_p230_188.wav,6
/USERSPACE/DATASETS/CodecFake/train/F06_SSB06860118.wav,6
/USERSPACE/DATASETS/CodecFake/train/F06_SSB11350148.wav,6
/USERSPACE/DATASETS/CodecFake/train/F06_SSB05780125.wav,6
/USERSPACE/DATASETS/CodecFake/train/F06_SSB07600107.wav,6
/USERSPACE/DATASETS/CodecFake/train/F06_p247_224.wav,6
/USERSPACE/DATASETS/CodecFake/train/F06_p257_250.wav,6
/USERSPACE/DATASETS/CodecFake/train/F06_p263_275.wav,6
/USERSPACE/DATASETS/CodecFake/train/F06_p254_275.wav,6
/USERSPACE/DATASETS/CodecFake/train/F06_SSB11260103.wav,6
/USERSPACE/DATASETS/CodecFake/train/F06_SSB10550229.wav,6
/USERSPACE/DATASETS/CodecFake/train/F06_p298_015.wav,6
/USERSPACE/DATASETS/CodecFake/train/F06_SSB02610326.wav,6
/USERSPACE/DATASETS/CodecFake/train/F06_SSB00800321.wav,6
/USERSPACE/DATASETS/CodecFake/train/F06_SSB03540369.wav,6
/USERSPACE/DATASETS/CodecFake/train/F06_SSB16070053.wav,6
/USERSPACE/DATASETS/CodecFake/train/F06_SSB06060326.wav,6
/USERSPACE/DATASETS/CodecFake/train/F06_SSB12040407.wav,6
/USERSPACE/DATASETS/CodecFake/train/F06_SSB16860402.wav,6
/USERSPACE/DATASETS/CodecFake/train/F06_SSB07360038.wav,6
/USERSPACE/DATASETS/CodecFake/train/F06_SSB13820385.wav,6
/USERSPACE/DATASETS/CodecFake/train/F06_p264_030.wav,6
/USERSPACE/DATASETS/CodecFake/train/F06_SSB10010109.wav,6
/USERSPACE/DATASETS/CodecFake/train/F06_p339_337.wav,6
/USERSPACE/DATASETS/CodecFake/train/F06_SSB14480154.wav,6
/USERSPACE/DATASETS/CodecFake/train/F06_SSB16070374.wav,6
/USERSPACE/DATASETS/CodecFake/train/F06_SSB03930376.wav,6
/USERSPACE/DATASETS/CodecFake/train/F06_SSB11260184.wav,6
/USERSPACE/DATASETS/CodecFake/train/F06_SSB07510371.wav,6
/USERSPACE/DATASETS/CodecFake/train/F06_p285_231.wav,6
/USERSPACE/DATASETS/CodecFake/train/F06_p292_168.wav,6
/USERSPACE/DATASETS/CodecFake/train/F06_SSB18780240.wav,6
/USERSPACE/DATASETS/CodecFake/train/F06_SSB11260335.wav,6
/USERSPACE/DATASETS/CodecFake/train/F06_SSB00090078.wav,6
/USERSPACE/DATASETS/CodecFake/train/F06_SSB06930141.wav,6
/USERSPACE/DATASETS/CodecFake/train/F06_p343_029.wav,6
/USERSPACE/DATASETS/CodecFake/train/F06_SSB04260065.wav,6
/USERSPACE/DATASETS/CodecFake/train/F06_p351_229.wav,6
/USERSPACE/DATASETS/CodecFake/train/F06_SSB15670390.wav,6
/USERSPACE/DATASETS/CodecFake/train/F06_SSB00800036.wav,6
/USERSPACE/DATASETS/CodecFake/train/F06_SSB11310350.wav,6
/USERSPACE/DATASETS/CodecFake/train/F06_SSB04150408.wav,6
/USERSPACE/DATASETS/CodecFake/train/F06_p295_333.wav,6
/USERSPACE/DATASETS/CodecFake/train/F06_SSB00570144.wav,6
/USERSPACE/DATASETS/CodecFake/train/F06_p306_132.wav,6
/USERSPACE/DATASETS/CodecFake/train/F06_SSB14310462.wav,6
/USERSPACE/DATASETS/CodecFake/train/F06_SSB11080272.wav,6
/USERSPACE/DATASETS/CodecFake/train/F06_p264_010.wav,6
/USERSPACE/DATASETS/CodecFake/train/F06_SSB02880096.wav,6
/USERSPACE/DATASETS/CodecFake/train/F06_SSB07100212.wav,6
/USERSPACE/DATASETS/CodecFake/train/F06_p316_277.wav,6
/USERSPACE/DATASETS/CodecFake/train/F06_SSB07100190.wav,6
/USERSPACE/DATASETS/CodecFake/train/F06_SSB13200296.wav,6
/USERSPACE/DATASETS/CodecFake/train/F06_SSB18720043.wav,6
/USERSPACE/DATASETS/CodecFake/train/F06_p238_360.wav,6
/USERSPACE/DATASETS/CodecFake/train/F06_p278_047.wav,6
/USERSPACE/DATASETS/CodecFake/train/F06_SSB03800222.wav,6
/USERSPACE/DATASETS/CodecFake/train/F06_SSB07480334.wav,6
/USERSPACE/DATASETS/CodecFake/train/F06_SSB02880107.wav,6
/USERSPACE/DATASETS/CodecFake/train/F06_SSB07510273.wav,6
/USERSPACE/DATASETS/CodecFake/train/F06_p259_476.wav,6
/USERSPACE/DATASETS/CodecFake/train/F06_SSB03540394.wav,6
/USERSPACE/DATASETS/CodecFake/train/F06_SSB09190158.wav,6
/USERSPACE/DATASETS/CodecFake/train/F06_SSB09350367.wav,6
/USERSPACE/DATASETS/CodecFake/train/F06_p234_216.wav,6
/USERSPACE/DATASETS/CodecFake/train/F06_p256_087.wav,6
/USERSPACE/DATASETS/CodecFake/train/F06_SSB03390191.wav,6
/USERSPACE/DATASETS/CodecFake/train/F06_SSB14370155.wav,6
/USERSPACE/DATASETS/CodecFake/train/F06_SSB07370445.wav,6
/USERSPACE/DATASETS/CodecFake/train/F06_SSB06290422.wav,6
/USERSPACE/DATASETS/CodecFake/train/F06_SSB11000058.wav,6
/USERSPACE/DATASETS/CodecFake/train/F06_SSB13770416.wav,6
/USERSPACE/DATASETS/CodecFake/train/F06_SSB05340116.wav,6
/USERSPACE/DATASETS/CodecFake/train/F06_SSB10200051.wav,6
/USERSPACE/DATASETS/CodecFake/train/F06_SSB03540224.wav,6
/USERSPACE/DATASETS/CodecFake/train/F06_SSB07490466.wav,6
/USERSPACE/DATASETS/CodecFake/train/F06_SSB01120301.wav,6
/USERSPACE/DATASETS/CodecFake/train/F06_p279_230.wav,6
/USERSPACE/DATASETS/CodecFake/train/F06_p278_249.wav,6
/USERSPACE/DATASETS/CodecFake/train/F06_p279_157.wav,6
/USERSPACE/DATASETS/CodecFake/train/F06_p261_051.wav,6
/USERSPACE/DATASETS/CodecFake/train/F06_SSB12040059.wav,6
/USERSPACE/DATASETS/CodecFake/train/F06_p341_187.wav,6
/USERSPACE/DATASETS/CodecFake/train/F06_p311_175.wav,6
/USERSPACE/DATASETS/CodecFake/train/F06_SSB19180090.wav,6
/USERSPACE/DATASETS/CodecFake/train/F06_SSB19350291.wav,6
/USERSPACE/DATASETS/CodecFake/train/F06_p256_302.wav,6
/USERSPACE/DATASETS/CodecFake/train/F06_SSB07370173.wav,6
/USERSPACE/DATASETS/CodecFake/train/F06_SSB00330250.wav,6
/USERSPACE/DATASETS/CodecFake/train/F06_SSB01120082.wav,6
/USERSPACE/DATASETS/CodecFake/train/F06_SSB10720180.wav,6
/USERSPACE/DATASETS/CodecFake/train/F06_SSB00180200.wav,6
/USERSPACE/DATASETS/CodecFake/train/F06_SSB07460350.wav,6
/USERSPACE/DATASETS/CodecFake/train/F06_p306_074.wav,6
/USERSPACE/DATASETS/CodecFake/train/F06_SSB07510332.wav,6
/USERSPACE/DATASETS/CodecFake/train/F06_p275_035.wav,6
/USERSPACE/DATASETS/CodecFake/train/F06_p245_348.wav,6
/USERSPACE/DATASETS/CodecFake/train/F06_SSB13200317.wav,6
/USERSPACE/DATASETS/CodecFake/train/F06_SSB03790325.wav,6
/USERSPACE/DATASETS/CodecFake/train/F06_SSB12040387.wav,6
/USERSPACE/DATASETS/CodecFake/train/F06_SSB05390333.wav,6
/USERSPACE/DATASETS/CodecFake/train/F06_p280_378.wav,6
/USERSPACE/DATASETS/CodecFake/train/F06_SSB01970335.wav,6
/USERSPACE/DATASETS/CodecFake/train/F06_SSB17590119.wav,6
/USERSPACE/DATASETS/CodecFake/train/F06_p241_078.wav,6
/USERSPACE/DATASETS/CodecFake/train/F06_p280_334.wav,6
/USERSPACE/DATASETS/CodecFake/train/F06_p339_163.wav,6
/USERSPACE/DATASETS/CodecFake/train/F06_SSB03390023.wav,6
/USERSPACE/DATASETS/CodecFake/train/F06_SSB01450161.wav,6
/USERSPACE/DATASETS/CodecFake/train/F06_p305_300.wav,6
/USERSPACE/DATASETS/CodecFake/train/F06_SSB06140412.wav,6
/USERSPACE/DATASETS/CodecFake/train/F06_p261_109.wav,6
/USERSPACE/DATASETS/CodecFake/train/F06_SSB03070280.wav,6
/USERSPACE/DATASETS/CodecFake/train/F06_SSB04340308.wav,6
/USERSPACE/DATASETS/CodecFake/train/F06_SSB06060318.wav,6
/USERSPACE/DATASETS/CodecFake/train/F06_SSB16700431.wav,6
/USERSPACE/DATASETS/CodecFake/train/F06_SSB07360035.wav,6
/USERSPACE/DATASETS/CodecFake/train/F06_p268_275.wav,6
/USERSPACE/DATASETS/CodecFake/train/F06_SSB07490241.wav,6
/USERSPACE/DATASETS/CodecFake/train/F06_p268_243.wav,6
/USERSPACE/DATASETS/CodecFake/train/F06_p240_129.wav,6
/USERSPACE/DATASETS/CodecFake/train/F06_SSB07510452.wav,6
/USERSPACE/DATASETS/CodecFake/train/F06_p287_181.wav,6
/USERSPACE/DATASETS/CodecFake/train/F06_SSB07860372.wav,6
/USERSPACE/DATASETS/CodecFake/train/F06_SSB06310076.wav,6
/USERSPACE/DATASETS/CodecFake/train/F06_p249_183.wav,6
/USERSPACE/DATASETS/CodecFake/train/F06_SSB01930280.wav,6
/USERSPACE/DATASETS/CodecFake/train/F06_SSB13410360.wav,6
/USERSPACE/DATASETS/CodecFake/train/F06_SSB01390457.wav,6
/USERSPACE/DATASETS/CodecFake/train/F06_p237_138.wav,6
/USERSPACE/DATASETS/CodecFake/train/F06_p306_211.wav,6
/USERSPACE/DATASETS/CodecFake/train/F06_SSB09130167.wav,6
/USERSPACE/DATASETS/CodecFake/train/F06_SSB09870038.wav,6
/USERSPACE/DATASETS/CodecFake/train/F06_SSB13990106.wav,6
/USERSPACE/DATASETS/CodecFake/train/F06_SSB09870410.wav,6
/USERSPACE/DATASETS/CodecFake/train/F06_SSB07490152.wav,6
/USERSPACE/DATASETS/CodecFake/train/F06_p264_154.wav,6
/USERSPACE/DATASETS/CodecFake/train/F06_p255_022.wav,6
/USERSPACE/DATASETS/CodecFake/train/F06_p307_407.wav,6
/USERSPACE/DATASETS/CodecFake/train/F06_SSB15930391.wav,6
/USERSPACE/DATASETS/CodecFake/train/F06_p250_296.wav,6
/USERSPACE/DATASETS/CodecFake/train/F06_SSB06320165.wav,6
/USERSPACE/DATASETS/CodecFake/train/F06_SSB00430046.wav,6
/USERSPACE/DATASETS/CodecFake/train/F06_p307_255.wav,6
/USERSPACE/DATASETS/CodecFake/train/F06_SSB03410038.wav,6
/USERSPACE/DATASETS/CodecFake/train/F06_SSB07490455.wav,6
/USERSPACE/DATASETS/CodecFake/train/F06_SSB05990150.wav,6
/USERSPACE/DATASETS/CodecFake/train/F06_SSB07100086.wav,6
/USERSPACE/DATASETS/CodecFake/train/F06_SSB07460260.wav,6
/USERSPACE/DATASETS/CodecFake/train/F06_p252_112.wav,6
/USERSPACE/DATASETS/CodecFake/train/F06_p288_182.wav,6
/USERSPACE/DATASETS/CodecFake/train/F06_p304_286.wav,6
/USERSPACE/DATASETS/CodecFake/train/F06_SSB05020456.wav,6
/USERSPACE/DATASETS/CodecFake/train/F06_p339_385.wav,6
/USERSPACE/DATASETS/CodecFake/train/F06_p360_054.wav,6
/USERSPACE/DATASETS/CodecFake/train/F06_SSB17810044.wav,6
/USERSPACE/DATASETS/CodecFake/train/F06_p272_058.wav,6
/USERSPACE/DATASETS/CodecFake/train/F06_SSB13850355.wav,6
/USERSPACE/DATASETS/CodecFake/train/F06_SSB18370395.wav,6
/USERSPACE/DATASETS/CodecFake/train/F06_p266_335.wav,6
/USERSPACE/DATASETS/CodecFake/train/F06_SSB14480186.wav,6
/USERSPACE/DATASETS/CodecFake/train/F06_SSB12210211.wav,6
/USERSPACE/DATASETS/CodecFake/train/F06_SSB13820239.wav,6
/USERSPACE/DATASETS/CodecFake/train/F06_SSB12030101.wav,6
/USERSPACE/DATASETS/CodecFake/train/F06_p302_122.wav,6
/USERSPACE/DATASETS/CodecFake/train/F06_SSB06230139.wav,6
/USERSPACE/DATASETS/CodecFake/train/F06_SSB07360298.wav,6
/USERSPACE/DATASETS/CodecFake/train/F06_p304_301.wav,6
/USERSPACE/DATASETS/CodecFake/train/F06_SSB18630207.wav,6
/USERSPACE/DATASETS/CodecFake/train/F06_SSB13280179.wav,6
/USERSPACE/DATASETS/CodecFake/train/F06_p360_047.wav,6
/USERSPACE/DATASETS/CodecFake/train/F06_SSB04350249.wav,6
/USERSPACE/DATASETS/CodecFake/train/F06_SSB08170411.wav,6
/USERSPACE/DATASETS/CodecFake/train/F06_p363_403.wav,6
/USERSPACE/DATASETS/CodecFake/train/F06_p306_067.wav,6
/USERSPACE/DATASETS/CodecFake/train/F06_SSB02990095.wav,6
/USERSPACE/DATASETS/CodecFake/train/F06_SSB07600298.wav,6
/USERSPACE/DATASETS/CodecFake/train/F06_SSB13830244.wav,6
/USERSPACE/DATASETS/CodecFake/train/F06_p251_088.wav,6
/USERSPACE/DATASETS/CodecFake/train/F06_p259_386.wav,6
/USERSPACE/DATASETS/CodecFake/train/F06_SSB12210133.wav,6
/USERSPACE/DATASETS/CodecFake/train/F06_p226_328.wav,6
/USERSPACE/DATASETS/CodecFake/train/F06_SSB06070047.wav,6
/USERSPACE/DATASETS/CodecFake/train/F06_SSB18780388.wav,6
/USERSPACE/DATASETS/CodecFake/train/F06_p297_336.wav,6
/USERSPACE/DATASETS/CodecFake/train/F06_SSB04270349.wav,6
/USERSPACE/DATASETS/CodecFake/train/F06_p244_235.wav,6
/USERSPACE/DATASETS/CodecFake/train/F06_SSB07230431.wav,6
/USERSPACE/DATASETS/CodecFake/train/F06_SSB15750506.wav,6
/USERSPACE/DATASETS/CodecFake/train/F06_SSB06320049.wav,6
/USERSPACE/DATASETS/CodecFake/train/F06_p313_371.wav,6
/USERSPACE/DATASETS/CodecFake/train/F06_p255_344.wav,6
/USERSPACE/DATASETS/CodecFake/train/F06_SSB10960245.wav,6
/USERSPACE/DATASETS/CodecFake/train/F06_p277_042.wav,6
/USERSPACE/DATASETS/CodecFake/train/F06_SSB07490375.wav,6
/USERSPACE/DATASETS/CodecFake/train/F06_SSB07840056.wav,6
/USERSPACE/DATASETS/CodecFake/train/F06_SSB06090040.wav,6
/USERSPACE/DATASETS/CodecFake/train/F06_SSB06660255.wav,6
/USERSPACE/DATASETS/CodecFake/train/F06_p258_290.wav,6
/USERSPACE/DATASETS/CodecFake/train/F06_p237_167.wav,6
/USERSPACE/DATASETS/CodecFake/train/F06_p292_053.wav,6
/USERSPACE/DATASETS/CodecFake/train/F06_p266_081.wav,6
/USERSPACE/DATASETS/CodecFake/train/F06_p280_103.wav,6
/USERSPACE/DATASETS/CodecFake/train/F06_p231_006.wav,6
/USERSPACE/DATASETS/CodecFake/train/F06_SSB12530445.wav,6
/USERSPACE/DATASETS/CodecFake/train/F06_SSB18460122.wav,6
/USERSPACE/DATASETS/CodecFake/train/F06_p363_269.wav,6
/USERSPACE/DATASETS/CodecFake/train/F06_p230_345.wav,6
/USERSPACE/DATASETS/CodecFake/train/F06_p301_119.wav,6
/USERSPACE/DATASETS/CodecFake/train/F06_SSB05020126.wav,6
/USERSPACE/DATASETS/CodecFake/train/F06_SSB13660141.wav,6
/USERSPACE/DATASETS/CodecFake/train/F06_SSB03390173.wav,6
/USERSPACE/DATASETS/CodecFake/train/F06_p285_156.wav,6
/USERSPACE/DATASETS/CodecFake/train/F06_SSB09190350.wav,6
/USERSPACE/DATASETS/CodecFake/train/F06_SSB07780172.wav,6
/USERSPACE/DATASETS/CodecFake/train/F06_SSB14310437.wav,6
/USERSPACE/DATASETS/CodecFake/train/F06_SSB07160023.wav,6
/USERSPACE/DATASETS/CodecFake/train/F06_SSB08090379.wav,6
/USERSPACE/DATASETS/CodecFake/train/F06_SSB09130204.wav,6
/USERSPACE/DATASETS/CodecFake/train/F06_SSB07200102.wav,6
/USERSPACE/DATASETS/CodecFake/train/F06_p230_237.wav,6
/USERSPACE/DATASETS/CodecFake/train/F06_SSB07110238.wav,6
/USERSPACE/DATASETS/CodecFake/train/F06_SSB15850411.wav,6
/USERSPACE/DATASETS/CodecFake/train/F06_SSB04700199.wav,6
/USERSPACE/DATASETS/CodecFake/train/F06_SSB05650233.wav,6
/USERSPACE/DATASETS/CodecFake/train/F06_p255_126.wav,6
/USERSPACE/DATASETS/CodecFake/train/F06_SSB03930133.wav,6
/USERSPACE/DATASETS/CodecFake/train/F06_SSB18910500.wav,6
/USERSPACE/DATASETS/CodecFake/train/F06_p286_011.wav,6
/USERSPACE/DATASETS/CodecFake/train/F06_SSB18320241.wav,6
/USERSPACE/DATASETS/CodecFake/train/F06_SSB07510288.wav,6
/USERSPACE/DATASETS/CodecFake/train/F06_SSB07490302.wav,6
/USERSPACE/DATASETS/CodecFake/train/F06_SSB01330108.wav,6
/USERSPACE/DATASETS/CodecFake/train/F06_p361_223.wav,6
/USERSPACE/DATASETS/CodecFake/train/F06_SSB18280414.wav,6
/USERSPACE/DATASETS/CodecFake/train/F06_SSB00330175.wav,6
/USERSPACE/DATASETS/CodecFake/train/F06_SSB09930019.wav,6
/USERSPACE/DATASETS/CodecFake/train/F06_SSB18630395.wav,6
/USERSPACE/DATASETS/CodecFake/train/F06_SSB03820272.wav,6
/USERSPACE/DATASETS/CodecFake/train/F06_SSB02990207.wav,6
/USERSPACE/DATASETS/CodecFake/train/F06_SSB03070320.wav,6
/USERSPACE/DATASETS/CodecFake/train/F06_SSB11250379.wav,6
/USERSPACE/DATASETS/CodecFake/train/F06_SSB05650422.wav,6
/USERSPACE/DATASETS/CodecFake/train/F06_p243_260.wav,6
/USERSPACE/DATASETS/CodecFake/train/F06_SSB01120014.wav,6
/USERSPACE/DATASETS/CodecFake/train/F06_SSB18780107.wav,6
/USERSPACE/DATASETS/CodecFake/train/F06_p262_280.wav,6
/USERSPACE/DATASETS/CodecFake/train/F06_SSB07620466.wav,6
/USERSPACE/DATASETS/CodecFake/train/F06_p245_042.wav,6
/USERSPACE/DATASETS/CodecFake/train/F06_SSB10560242.wav,6
/USERSPACE/DATASETS/CodecFake/train/F06_SSB05700081.wav,6
/USERSPACE/DATASETS/CodecFake/train/F06_SSB15550022.wav,6
/USERSPACE/DATASETS/CodecFake/train/F06_SSB07170434.wav,6
/USERSPACE/DATASETS/CodecFake/train/F06_p239_332.wav,6
/USERSPACE/DATASETS/CodecFake/train/F06_SSB07490320.wav,6
/USERSPACE/DATASETS/CodecFake/train/F06_SSB09870155.wav,6
/USERSPACE/DATASETS/CodecFake/train/F06_p249_124.wav,6
/USERSPACE/DATASETS/CodecFake/train/F06_SSB07800136.wav,6
/USERSPACE/DATASETS/CodecFake/train/F06_SSB18310121.wav,6
/USERSPACE/DATASETS/CodecFake/train/F06_SSB00430299.wav,6
/USERSPACE/DATASETS/CodecFake/train/F06_SSB06320102.wav,6
/USERSPACE/DATASETS/CodecFake/train/F06_SSB13410475.wav,6
/USERSPACE/DATASETS/CodecFake/train/F06_SSB04340354.wav,6
/USERSPACE/DATASETS/CodecFake/train/F06_SSB12190258.wav,6
/USERSPACE/DATASETS/CodecFake/train/F06_p267_116.wav,6
/USERSPACE/DATASETS/CodecFake/train/F06_SSB05990326.wav,6
/USERSPACE/DATASETS/CodecFake/train/F06_SSB05880464.wav,6
/USERSPACE/DATASETS/CodecFake/train/F06_SSB09870145.wav,6
/USERSPACE/DATASETS/CodecFake/train/F06_p238_274.wav,6
/USERSPACE/DATASETS/CodecFake/train/F06_SSB19560440.wav,6
/USERSPACE/DATASETS/CodecFake/train/F06_SSB00570418.wav,6
/USERSPACE/DATASETS/CodecFake/train/F06_SSB19020389.wav,6
/USERSPACE/DATASETS/CodecFake/train/F06_SSB06660164.wav,6
/USERSPACE/DATASETS/CodecFake/train/F06_SSB05390444.wav,6
/USERSPACE/DATASETS/CodecFake/train/F06_p308_031.wav,6
/USERSPACE/DATASETS/CodecFake/train/F06_p317_322.wav,6
/USERSPACE/DATASETS/CodecFake/train/F06_SSB01220236.wav,6
/USERSPACE/DATASETS/CodecFake/train/F06_SSB07370493.wav,6
/USERSPACE/DATASETS/CodecFake/train/F06_p330_378.wav,6
/USERSPACE/DATASETS/CodecFake/train/F06_SSB18280329.wav,6
/USERSPACE/DATASETS/CodecFake/train/F06_p260_198.wav,6
/USERSPACE/DATASETS/CodecFake/train/F06_p240_032.wav,6
/USERSPACE/DATASETS/CodecFake/train/F06_SSB00090474.wav,6
/USERSPACE/DATASETS/CodecFake/train/F06_p272_398.wav,6
/USERSPACE/DATASETS/CodecFake/train/F06_SSB01490237.wav,6
/USERSPACE/DATASETS/CodecFake/train/F06_p284_082.wav,6
/USERSPACE/DATASETS/CodecFake/train/F06_SSB13820384.wav,6
/USERSPACE/DATASETS/CodecFake/train/F06_p301_174.wav,6
/USERSPACE/DATASETS/CodecFake/train/F06_SSB12150282.wav,6
/USERSPACE/DATASETS/CodecFake/train/F06_SSB12160240.wav,6
/USERSPACE/DATASETS/CodecFake/train/F06_p361_198.wav,6
/USERSPACE/DATASETS/CodecFake/train/F06_SSB08870295.wav,6
/USERSPACE/DATASETS/CodecFake/train/F06_SSB12150127.wav,6
/USERSPACE/DATASETS/CodecFake/train/F06_p285_104.wav,6
/USERSPACE/DATASETS/CodecFake/train/F06_SSB10200169.wav,6
/USERSPACE/DATASETS/CodecFake/train/F06_SSB06660154.wav,6
/USERSPACE/DATASETS/CodecFake/train/F06_p329_129.wav,6
/USERSPACE/DATASETS/CodecFake/train/F06_p286_041.wav,6
/USERSPACE/DATASETS/CodecFake/train/F06_SSB12190034.wav,6
/USERSPACE/DATASETS/CodecFake/train/F06_p251_165.wav,6
/USERSPACE/DATASETS/CodecFake/train/F06_SSB09130359.wav,6
/USERSPACE/DATASETS/CodecFake/train/F06_p336_052.wav,6
/USERSPACE/DATASETS/CodecFake/train/F06_SSB05650174.wav,6
/USERSPACE/DATASETS/CodecFake/train/F06_SSB05350251.wav,6
/USERSPACE/DATASETS/CodecFake/train/F06_SSB13770119.wav,6
/USERSPACE/DATASETS/CodecFake/train/F06_SSB14520150.wav,6
/USERSPACE/DATASETS/CodecFake/train/F06_p228_233.wav,6
/USERSPACE/DATASETS/CodecFake/train/F06_SSB00090081.wav,6
/USERSPACE/DATASETS/CodecFake/train/F06_SSB10720431.wav,6
/USERSPACE/DATASETS/CodecFake/train/F06_p260_105.wav,6
/USERSPACE/DATASETS/CodecFake/train/F06_p264_454.wav,6
/USERSPACE/DATASETS/CodecFake/train/F06_p269_068.wav,6
/USERSPACE/DATASETS/CodecFake/train/F06_SSB00730289.wav,6
/USERSPACE/DATASETS/CodecFake/train/F06_SSB15670106.wav,6
/USERSPACE/DATASETS/CodecFake/train/F06_p262_047.wav,6
/USERSPACE/DATASETS/CodecFake/train/F06_SSB03540482.wav,6
/USERSPACE/DATASETS/CodecFake/train/F06_p252_267.wav,6
/USERSPACE/DATASETS/CodecFake/train/F06_SSB05390268.wav,6
/USERSPACE/DATASETS/CodecFake/train/F06_p267_394.wav,6
/USERSPACE/DATASETS/CodecFake/train/F06_SSB16990390.wav,6
/USERSPACE/DATASETS/CodecFake/train/F06_SSB03800229.wav,6
/USERSPACE/DATASETS/CodecFake/train/F06_p287_416.wav,6
/USERSPACE/DATASETS/CodecFake/train/F06_SSB00730444.wav,6
/USERSPACE/DATASETS/CodecFake/train/F06_p376_131.wav,6
/USERSPACE/DATASETS/CodecFake/train/F06_SSB10200409.wav,6
/USERSPACE/DATASETS/CodecFake/train/F06_SSB13850110.wav,6
/USERSPACE/DATASETS/CodecFake/train/F06_SSB14570062.wav,6
/USERSPACE/DATASETS/CodecFake/train/F06_SSB02610005.wav,6
/USERSPACE/DATASETS/CodecFake/train/F06_SSB06140300.wav,6
/USERSPACE/DATASETS/CodecFake/train/F06_p334_420.wav,6
/USERSPACE/DATASETS/CodecFake/train/F06_SSB19390106.wav,6
/USERSPACE/DATASETS/CodecFake/train/F06_SSB00800371.wav,6
/USERSPACE/DATASETS/CodecFake/train/F06_SSB13410350.wav,6
/USERSPACE/DATASETS/CodecFake/train/F06_SSB05350443.wav,6
/USERSPACE/DATASETS/CodecFake/train/F06_p360_331.wav,6
/USERSPACE/DATASETS/CodecFake/train/F06_SSB07020438.wav,6
/USERSPACE/DATASETS/CodecFake/train/F06_SSB03090139.wav,6
/USERSPACE/DATASETS/CodecFake/train/F06_SSB10240112.wav,6
/USERSPACE/DATASETS/CodecFake/train/F06_p313_155.wav,6
/USERSPACE/DATASETS/CodecFake/train/F06_SSB06680085.wav,6
/USERSPACE/DATASETS/CodecFake/train/F06_SSB06930086.wav,6
/USERSPACE/DATASETS/CodecFake/train/F06_p295_059.wav,6
/USERSPACE/DATASETS/CodecFake/train/F06_p363_195.wav,6
/USERSPACE/DATASETS/CodecFake/train/F06_SSB09660257.wav,6
/USERSPACE/DATASETS/CodecFake/train/F06_SSB06320268.wav,6
/USERSPACE/DATASETS/CodecFake/train/F06_p311_109.wav,6
/USERSPACE/DATASETS/CodecFake/train/F06_SSB07000267.wav,6
/USERSPACE/DATASETS/CodecFake/train/F06_SSB10240010.wav,6
/USERSPACE/DATASETS/CodecFake/train/F06_p246_314.wav,6
/USERSPACE/DATASETS/CodecFake/train/F06_p302_183.wav,6
/USERSPACE/DATASETS/CodecFake/train/F06_p362_390.wav,6
/USERSPACE/DATASETS/CodecFake/train/F06_SSB01220165.wav,6
/USERSPACE/DATASETS/CodecFake/train/F06_p264_025.wav,6
/USERSPACE/DATASETS/CodecFake/train/F06_SSB07510317.wav,6
/USERSPACE/DATASETS/CodecFake/train/F06_SSB07460288.wav,6
/USERSPACE/DATASETS/CodecFake/train/F06_SSB12160393.wav,6
/USERSPACE/DATASETS/CodecFake/train/F06_SSB10720058.wav,6
/USERSPACE/DATASETS/CodecFake/train/F06_p297_354.wav,6
/USERSPACE/DATASETS/CodecFake/train/F06_p295_304.wav,6
/USERSPACE/DATASETS/CodecFake/train/F06_SSB01450064.wav,6
/USERSPACE/DATASETS/CodecFake/train/F06_p277_239.wav,6
/USERSPACE/DATASETS/CodecFake/train/F06_p311_221.wav,6
/USERSPACE/DATASETS/CodecFake/train/F06_p244_255.wav,6
/USERSPACE/DATASETS/CodecFake/train/F06_SSB01330289.wav,6
/USERSPACE/DATASETS/CodecFake/train/F06_SSB02460267.wav,6
/USERSPACE/DATASETS/CodecFake/train/F06_SSB07620391.wav,6
/USERSPACE/DATASETS/CodecFake/train/F06_SSB05900211.wav,6
/USERSPACE/DATASETS/CodecFake/train/F06_SSB05440424.wav,6
/USERSPACE/DATASETS/CodecFake/train/F06_p233_141.wav,6
/USERSPACE/DATASETS/CodecFake/train/F06_p347_087.wav,6
/USERSPACE/DATASETS/CodecFake/train/F06_SSB05900262.wav,6
/USERSPACE/DATASETS/CodecFake/train/F06_SSB06070235.wav,6
/USERSPACE/DATASETS/CodecFake/train/F06_SSB18630172.wav,6
/USERSPACE/DATASETS/CodecFake/train/F06_SSB07800143.wav,6
/USERSPACE/DATASETS/CodecFake/train/F06_SSB10720188.wav,6
/USERSPACE/DATASETS/CodecFake/train/F06_SSB01490259.wav,6
/USERSPACE/DATASETS/CodecFake/train/F06_SSB04270085.wav,6
/USERSPACE/DATASETS/CodecFake/train/F06_SSB09190094.wav,6
/USERSPACE/DATASETS/CodecFake/train/F06_p265_195.wav,6
/USERSPACE/DATASETS/CodecFake/train/F06_p280_006.wav,6
/USERSPACE/DATASETS/CodecFake/train/F06_p276_094.wav,6
/USERSPACE/DATASETS/CodecFake/train/F06_SSB11760391.wav,6
/USERSPACE/DATASETS/CodecFake/train/F06_SSB11260284.wav,6
/USERSPACE/DATASETS/CodecFake/train/F06_SSB03390289.wav,6
/USERSPACE/DATASETS/CodecFake/train/F06_p336_066.wav,6
/USERSPACE/DATASETS/CodecFake/train/F06_p323_408.wav,6
/USERSPACE/DATASETS/CodecFake/train/F06_SSB16700174.wav,6
/USERSPACE/DATASETS/CodecFake/train/F06_p333_398.wav,6
/USERSPACE/DATASETS/CodecFake/train/F06_SSB07000407.wav,6
/USERSPACE/DATASETS/CodecFake/train/F06_SSB11000073.wav,6
/USERSPACE/DATASETS/CodecFake/train/F06_SSB16990118.wav,6
/USERSPACE/DATASETS/CodecFake/train/F06_p300_052.wav,6
/USERSPACE/DATASETS/CodecFake/train/F06_SSB00380007.wav,6
/USERSPACE/DATASETS/CodecFake/train/F06_p360_171.wav,6
/USERSPACE/DATASETS/CodecFake/train/F06_p231_329.wav,6
/USERSPACE/DATASETS/CodecFake/train/F06_p230_191.wav,6
/USERSPACE/DATASETS/CodecFake/train/F06_SSB05350295.wav,6
/USERSPACE/DATASETS/CodecFake/train/F06_p303_090.wav,6
/USERSPACE/DATASETS/CodecFake/train/F06_SSB11250393.wav,6
/USERSPACE/DATASETS/CodecFake/train/F06_p361_091.wav,6
/USERSPACE/DATASETS/CodecFake/train/F06_SSB04070216.wav,6
/USERSPACE/DATASETS/CodecFake/train/F06_p267_229.wav,6
/USERSPACE/DATASETS/CodecFake/train/F06_SSB16250093.wav,6
/USERSPACE/DATASETS/CodecFake/train/F06_p277_053.wav,6
/USERSPACE/DATASETS/CodecFake/train/F06_p341_287.wav,6
/USERSPACE/DATASETS/CodecFake/train/F06_SSB19020180.wav,6
/USERSPACE/DATASETS/CodecFake/train/F06_SSB03410107.wav,6
/USERSPACE/DATASETS/CodecFake/train/F06_p280_161.wav,6
/USERSPACE/DATASETS/CodecFake/train/F06_SSB14570438.wav,6
/USERSPACE/DATASETS/CodecFake/train/F06_SSB13660197.wav,6
/USERSPACE/DATASETS/CodecFake/train/F06_SSB09870307.wav,6
/USERSPACE/DATASETS/CodecFake/train/F06_SSB06320142.wav,6
/USERSPACE/DATASETS/CodecFake/train/F06_p340_362.wav,6
/USERSPACE/DATASETS/CodecFake/train/F06_SSB03850429.wav,6
/USERSPACE/DATASETS/CodecFake/train/F06_SSB13220239.wav,6
/USERSPACE/DATASETS/CodecFake/train/F06_SSB18280229.wav,6
/USERSPACE/DATASETS/CodecFake/train/F06_SSB12530476.wav,6
/USERSPACE/DATASETS/CodecFake/train/F06_p329_202.wav,6
/USERSPACE/DATASETS/CodecFake/train/F06_SSB07840435.wav,6
/USERSPACE/DATASETS/CodecFake/train/F06_SSB06710504.wav,6
/USERSPACE/DATASETS/CodecFake/train/F06_SSB13920353.wav,6
/USERSPACE/DATASETS/CodecFake/train/F06_SSB07940388.wav,6
/USERSPACE/DATASETS/CodecFake/train/F06_SSB06090231.wav,6
/USERSPACE/DATASETS/CodecFake/train/F06_SSB16860445.wav,6
/USERSPACE/DATASETS/CodecFake/train/F06_SSB07000286.wav,6
/USERSPACE/DATASETS/CodecFake/train/F06_SSB07840468.wav,6
/USERSPACE/DATASETS/CodecFake/train/F06_SSB03070135.wav,6
/USERSPACE/DATASETS/CodecFake/train/F06_SSB15630503.wav,6
/USERSPACE/DATASETS/CodecFake/train/F06_SSB01220090.wav,6
/USERSPACE/DATASETS/CodecFake/train/F06_p297_327.wav,6
/USERSPACE/DATASETS/CodecFake/train/F06_p253_079.wav,6
/USERSPACE/DATASETS/CodecFake/train/F06_p298_303.wav,6
/USERSPACE/DATASETS/CodecFake/train/F06_SSB08510168.wav,6
/USERSPACE/DATASETS/CodecFake/train/F06_p303_062.wav,6
/USERSPACE/DATASETS/CodecFake/train/F06_SSB10010241.wav,6
/USERSPACE/DATASETS/CodecFake/train/F06_SSB07940129.wav,6
/USERSPACE/DATASETS/CodecFake/train/F06_SSB11080436.wav,6
/USERSPACE/DATASETS/CodecFake/train/F06_p240_113.wav,6
/USERSPACE/DATASETS/CodecFake/train/F06_SSB07860326.wav,6
/USERSPACE/DATASETS/CodecFake/train/F06_SSB06680308.wav,6
/USERSPACE/DATASETS/CodecFake/train/F06_SSB05340210.wav,6
/USERSPACE/DATASETS/CodecFake/train/F06_p269_110.wav,6
/USERSPACE/DATASETS/CodecFake/train/F06_SSB14480404.wav,6
/USERSPACE/DATASETS/CodecFake/train/F06_p244_112.wav,6
/USERSPACE/DATASETS/CodecFake/train/F06_SSB15630246.wav,6
/USERSPACE/DATASETS/CodecFake/train/F06_SSB03380247.wav,6
/USERSPACE/DATASETS/CodecFake/train/F06_SSB09930233.wav,6
/USERSPACE/DATASETS/CodecFake/train/F06_p246_341.wav,6
/USERSPACE/DATASETS/CodecFake/train/F06_p248_306.wav,6
/USERSPACE/DATASETS/CodecFake/train/F06_SSB00380281.wav,6
/USERSPACE/DATASETS/CodecFake/train/F06_SSB07200188.wav,6
/USERSPACE/DATASETS/CodecFake/train/F06_p269_280.wav,6
/USERSPACE/DATASETS/CodecFake/train/F06_p292_317.wav,6
/USERSPACE/DATASETS/CodecFake/train/F06_p231_334.wav,6
/USERSPACE/DATASETS/CodecFake/train/F06_SSB03070439.wav,6
/USERSPACE/DATASETS/CodecFake/train/F06_SSB18630484.wav,6
/USERSPACE/DATASETS/CodecFake/train/F06_SSB15550285.wav,6
/USERSPACE/DATASETS/CodecFake/train/F06_SSB11000002.wav,6
/USERSPACE/DATASETS/CodecFake/train/F06_p249_293.wav,6
/USERSPACE/DATASETS/CodecFake/train/F06_p278_091.wav,6
/USERSPACE/DATASETS/CodecFake/train/F06_p269_124.wav,6
/USERSPACE/DATASETS/CodecFake/train/F06_SSB00730107.wav,6
/USERSPACE/DATASETS/CodecFake/train/F06_SSB10000367.wav,6
/USERSPACE/DATASETS/CodecFake/train/F06_SSB15750463.wav,6
/USERSPACE/DATASETS/CodecFake/train/F06_SSB04700047.wav,6
/USERSPACE/DATASETS/CodecFake/train/F06_SSB11380335.wav,6
/USERSPACE/DATASETS/CodecFake/train/F06_SSB04070200.wav,6
/USERSPACE/DATASETS/CodecFake/train/F06_p245_287.wav,6
/USERSPACE/DATASETS/CodecFake/train/F06_SSB04350246.wav,6
/USERSPACE/DATASETS/CodecFake/train/F06_SSB18630229.wav,6
/USERSPACE/DATASETS/CodecFake/train/F06_p351_411.wav,6
/USERSPACE/DATASETS/CodecFake/train/F06_p278_079.wav,6
/USERSPACE/DATASETS/CodecFake/train/F06_SSB00570132.wav,6
/USERSPACE/DATASETS/CodecFake/train/F06_p250_120.wav,6
/USERSPACE/DATASETS/CodecFake/train/F06_SSB07160108.wav,6
/USERSPACE/DATASETS/CodecFake/train/F06_SSB06230264.wav,6
/USERSPACE/DATASETS/CodecFake/train/F06_SSB11870009.wav,6
/USERSPACE/DATASETS/CodecFake/train/F06_p254_228.wav,6
/USERSPACE/DATASETS/CodecFake/train/F06_p293_391.wav,6
/USERSPACE/DATASETS/CodecFake/train/F06_p244_383.wav,6
/USERSPACE/DATASETS/CodecFake/train/F06_SSB03800287.wav,6
/USERSPACE/DATASETS/CodecFake/train/F06_p248_168.wav,6
/USERSPACE/DATASETS/CodecFake/train/F06_SSB00160434.wav,6
/USERSPACE/DATASETS/CodecFake/train/F06_SSB19560101.wav,6
/USERSPACE/DATASETS/CodecFake/train/F06_SSB03410076.wav,6
/USERSPACE/DATASETS/CodecFake/train/F06_SSB01120091.wav,6
/USERSPACE/DATASETS/CodecFake/train/F06_SSB08710273.wav,6
/USERSPACE/DATASETS/CodecFake/train/F06_SSB07800033.wav,6
/USERSPACE/DATASETS/CodecFake/train/F06_SSB12740476.wav,6
/USERSPACE/DATASETS/CodecFake/train/F06_SSB10720362.wav,6
/USERSPACE/DATASETS/CodecFake/train/F06_SSB05020454.wav,6
/USERSPACE/DATASETS/CodecFake/train/F06_SSB02730223.wav,6
/USERSPACE/DATASETS/CodecFake/train/F06_SSB12040190.wav,6
/USERSPACE/DATASETS/CodecFake/train/F06_SSB13850259.wav,6
/USERSPACE/DATASETS/CodecFake/train/F06_SSB13220365.wav,6
/USERSPACE/DATASETS/CodecFake/train/F06_p361_134.wav,6
/USERSPACE/DATASETS/CodecFake/train/F06_SSB03540169.wav,6
/USERSPACE/DATASETS/CodecFake/train/F06_SSB11260036.wav,6
/USERSPACE/DATASETS/CodecFake/train/F06_SSB05020310.wav,6
/USERSPACE/DATASETS/CodecFake/train/F06_SSB07370447.wav,6
/USERSPACE/DATASETS/CodecFake/train/F06_SSB08870407.wav,6
/USERSPACE/DATASETS/CodecFake/train/F06_SSB19180036.wav,6
/USERSPACE/DATASETS/CodecFake/train/F06_p249_327.wav,6
/USERSPACE/DATASETS/CodecFake/train/F06_p329_096.wav,6
/USERSPACE/DATASETS/CodecFake/train/F06_SSB18630281.wav,6
/USERSPACE/DATASETS/CodecFake/train/F06_p238_376.wav,6
/USERSPACE/DATASETS/CodecFake/train/F06_SSB07620188.wav,6
/USERSPACE/DATASETS/CodecFake/train/F06_SSB06140364.wav,6
/USERSPACE/DATASETS/CodecFake/train/F06_SSB13220161.wav,6
/USERSPACE/DATASETS/CodecFake/train/F06_p303_261.wav,6
/USERSPACE/DATASETS/CodecFake/train/F06_SSB07860210.wav,6
/USERSPACE/DATASETS/CodecFake/train/F06_SSB10080250.wav,6
/USERSPACE/DATASETS/CodecFake/train/F06_SSB12530450.wav,6
/USERSPACE/DATASETS/CodecFake/train/F06_SSB10960017.wav,6
/USERSPACE/DATASETS/CodecFake/train/F06_p330_012.wav,6
/USERSPACE/DATASETS/CodecFake/train/F06_p360_380.wav,6
/USERSPACE/DATASETS/CodecFake/train/F06_SSB05440109.wav,6
/USERSPACE/DATASETS/CodecFake/train/F06_SSB05020432.wav,6
/USERSPACE/DATASETS/CodecFake/train/F06_p333_348.wav,6
/USERSPACE/DATASETS/CodecFake/train/F06_SSB06860033.wav,6
/USERSPACE/DATASETS/CodecFake/train/F06_SSB05350189.wav,6
/USERSPACE/DATASETS/CodecFake/train/F06_SSB18910297.wav,6
/USERSPACE/DATASETS/CodecFake/train/F06_p232_071.wav,6
/USERSPACE/DATASETS/CodecFake/train/F06_SSB11350294.wav,6
/USERSPACE/DATASETS/CodecFake/train/F06_p265_055.wav,6
/USERSPACE/DATASETS/CodecFake/train/F06_SSB08510264.wav,6
/USERSPACE/DATASETS/CodecFake/train/F06_SSB10200380.wav,6
/USERSPACE/DATASETS/CodecFake/train/F06_SSB07580347.wav,6
/USERSPACE/DATASETS/CodecFake/train/F06_SSB12210312.wav,6
/USERSPACE/DATASETS/CodecFake/train/F06_SSB08630327.wav,6
/USERSPACE/DATASETS/CodecFake/train/F06_SSB07020058.wav,6
/USERSPACE/DATASETS/CodecFake/train/F06_SSB07110306.wav,6
/USERSPACE/DATASETS/CodecFake/train/F06_SSB10000062.wav,6
/USERSPACE/DATASETS/CodecFake/train/F06_p317_017.wav,6
/USERSPACE/DATASETS/CodecFake/train/F06_p260_044.wav,6
/USERSPACE/DATASETS/CodecFake/train/F06_p351_285.wav,6
/USERSPACE/DATASETS/CodecFake/train/F06_p343_234.wav,6
/USERSPACE/DATASETS/CodecFake/train/F06_SSB04070443.wav,6
/USERSPACE/DATASETS/CodecFake/train/F06_SSB12210184.wav,6
/USERSPACE/DATASETS/CodecFake/train/F06_SSB07800061.wav,6
/USERSPACE/DATASETS/CodecFake/train/F06_SSB12040305.wav,6
/USERSPACE/DATASETS/CodecFake/train/F06_SSB11380030.wav,6
/USERSPACE/DATASETS/CodecFake/train/F06_p284_323.wav,6
/USERSPACE/DATASETS/CodecFake/train/F06_p277_028.wav,6
/USERSPACE/DATASETS/CodecFake/train/F06_SSB08630437.wav,6
/USERSPACE/DATASETS/CodecFake/train/F06_SSB00120108.wav,6
/USERSPACE/DATASETS/CodecFake/train/F06_SSB05390288.wav,6
/USERSPACE/DATASETS/CodecFake/train/F06_SSB00430152.wav,6
/USERSPACE/DATASETS/CodecFake/train/F06_SSB18320390.wav,6
/USERSPACE/DATASETS/CodecFake/train/F06_p239_013.wav,6
/USERSPACE/DATASETS/CodecFake/train/F06_SSB06140293.wav,6
/USERSPACE/DATASETS/CodecFake/train/F06_SSB02870282.wav,6
/USERSPACE/DATASETS/CodecFake/train/F06_p233_315.wav,6
/USERSPACE/DATASETS/CodecFake/train/F06_SSB03380209.wav,6
/USERSPACE/DATASETS/CodecFake/train/F06_SSB05900210.wav,6
/USERSPACE/DATASETS/CodecFake/train/F06_p299_314.wav,6
/USERSPACE/DATASETS/CodecFake/train/F06_SSB13020317.wav,6
/USERSPACE/DATASETS/CodecFake/train/F06_SSB17820074.wav,6
/USERSPACE/DATASETS/CodecFake/train/F06_SSB01970264.wav,6
/USERSPACE/DATASETS/CodecFake/train/F06_p303_126.wav,6
/USERSPACE/DATASETS/CodecFake/train/F06_p329_095.wav,6
/USERSPACE/DATASETS/CodecFake/train/F06_p227_001.wav,6
/USERSPACE/DATASETS/CodecFake/train/F06_SSB01330054.wav,6
/USERSPACE/DATASETS/CodecFake/train/F06_SSB19020132.wav,6
/USERSPACE/DATASETS/CodecFake/train/F06_p262_078.wav,6
/USERSPACE/DATASETS/CodecFake/train/F06_p288_266.wav,6
/USERSPACE/DATASETS/CodecFake/train/F06_SSB13990118.wav,6
/USERSPACE/DATASETS/CodecFake/train/F06_SSB05780289.wav,6
/USERSPACE/DATASETS/CodecFake/train/F06_p243_366.wav,6
/USERSPACE/DATASETS/CodecFake/train/F06_SSB00330022.wav,6
/USERSPACE/DATASETS/CodecFake/train/F06_SSB07490292.wav,6
/USERSPACE/DATASETS/CodecFake/train/F06_p259_371.wav,6
/USERSPACE/DATASETS/CodecFake/train/F06_SSB13850501.wav,6
/USERSPACE/DATASETS/CodecFake/train/F06_p301_074.wav,6
/USERSPACE/DATASETS/CodecFake/train/F06_p317_341.wav,6
/USERSPACE/DATASETS/CodecFake/train/F06_SSB12030133.wav,6
/USERSPACE/DATASETS/CodecFake/train/F06_SSB19560078.wav,6
/USERSPACE/DATASETS/CodecFake/train/F06_p300_032.wav,6
/USERSPACE/DATASETS/CodecFake/train/F06_p231_176.wav,6
/USERSPACE/DATASETS/CodecFake/train/F06_SSB02990378.wav,6
/USERSPACE/DATASETS/CodecFake/train/F06_p329_138.wav,6
/USERSPACE/DATASETS/CodecFake/train/F06_SSB03420444.wav,6
/USERSPACE/DATASETS/CodecFake/train/F06_p227_078.wav,6
/USERSPACE/DATASETS/CodecFake/train/F06_SSB02410314.wav,6
/USERSPACE/DATASETS/CodecFake/train/F06_SSB14370377.wav,6
/USERSPACE/DATASETS/CodecFake/train/F06_SSB06070257.wav,6
/USERSPACE/DATASETS/CodecFake/train/F06_SSB07460286.wav,6
/USERSPACE/DATASETS/CodecFake/train/F06_p316_245.wav,6
/USERSPACE/DATASETS/CodecFake/train/F06_SSB08710246.wav,6
/USERSPACE/DATASETS/CodecFake/train/F06_SSB00730275.wav,6
/USERSPACE/DATASETS/CodecFake/train/F06_SSB02610044.wav,6
/USERSPACE/DATASETS/CodecFake/train/F06_p360_135.wav,6
/USERSPACE/DATASETS/CodecFake/train/F06_SSB02880006.wav,6
/USERSPACE/DATASETS/CodecFake/train/F06_p276_160.wav,6
/USERSPACE/DATASETS/CodecFake/train/F06_SSB07480050.wav,6
/USERSPACE/DATASETS/CodecFake/train/F06_SSB18370018.wav,6
/USERSPACE/DATASETS/CodecFake/train/F06_SSB03850288.wav,6
/USERSPACE/DATASETS/CodecFake/train/F06_SSB00180387.wav,6
/USERSPACE/DATASETS/CodecFake/train/F06_SSB03230293.wav,6
/USERSPACE/DATASETS/CodecFake/train/F06_SSB09190334.wav,6
/USERSPACE/DATASETS/CodecFake/train/F06_SSB01120209.wav,6
/USERSPACE/DATASETS/CodecFake/train/F06_SSB12390173.wav,6
/USERSPACE/DATASETS/CodecFake/train/F06_SSB06680484.wav,6
/USERSPACE/DATASETS/CodecFake/train/F06_SSB07800205.wav,6
/USERSPACE/DATASETS/CodecFake/train/F06_SSB05390500.wav,6
/USERSPACE/DATASETS/CodecFake/train/F06_p276_272.wav,6
/USERSPACE/DATASETS/CodecFake/train/F06_SSB04350041.wav,6
/USERSPACE/DATASETS/CodecFake/train/F06_p272_371.wav,6
/USERSPACE/DATASETS/CodecFake/train/F06_SSB06140457.wav,6
/USERSPACE/DATASETS/CodecFake/train/F06_SSB06320071.wav,6
/USERSPACE/DATASETS/CodecFake/train/F06_SSB06320383.wav,6
/USERSPACE/DATASETS/CodecFake/train/F06_SSB06060159.wav,6
/USERSPACE/DATASETS/CodecFake/train/F06_SSB11260165.wav,6
/USERSPACE/DATASETS/CodecFake/train/F06_p305_212.wav,6
/USERSPACE/DATASETS/CodecFake/train/F06_p257_035.wav,6
/USERSPACE/DATASETS/CodecFake/train/F06_SSB10240127.wav,6
/USERSPACE/DATASETS/CodecFake/train/F06_SSB02870255.wav,6
/USERSPACE/DATASETS/CodecFake/train/F06_SSB06290310.wav,6
/USERSPACE/DATASETS/CodecFake/train/F06_p247_329.wav,6
/USERSPACE/DATASETS/CodecFake/train/F06_SSB10080095.wav,6
/USERSPACE/DATASETS/CodecFake/train/F06_SSB00180139.wav,6
/USERSPACE/DATASETS/CodecFake/train/F06_SSB13410176.wav,6
/USERSPACE/DATASETS/CodecFake/train/F06_p312_173.wav,6
/USERSPACE/DATASETS/CodecFake/train/F06_SSB06860397.wav,6
/USERSPACE/DATASETS/CodecFake/train/F06_p276_126.wav,6
/USERSPACE/DATASETS/CodecFake/train/F06_SSB05390206.wav,6
/USERSPACE/DATASETS/CodecFake/train/F06_SSB12530038.wav,6
/USERSPACE/DATASETS/CodecFake/train/F06_p303_137.wav,6
/USERSPACE/DATASETS/CodecFake/train/F06_p297_283.wav,6
/USERSPACE/DATASETS/CodecFake/train/F06_p316_032.wav,6
/USERSPACE/DATASETS/CodecFake/train/F06_SSB05990081.wav,6
/USERSPACE/DATASETS/CodecFake/train/F06_SSB14080319.wav,6
/USERSPACE/DATASETS/CodecFake/train/F06_SSB11080475.wav,6
/USERSPACE/DATASETS/CodecFake/train/F06_SSB10640207.wav,6
/USERSPACE/DATASETS/CodecFake/train/F06_SSB14020273.wav,6
/USERSPACE/DATASETS/CodecFake/train/F06_p268_073.wav,6
/USERSPACE/DATASETS/CodecFake/train/F06_SSB18910089.wav,6
/USERSPACE/DATASETS/CodecFake/train/F06_SSB19020325.wav,6
/USERSPACE/DATASETS/CodecFake/train/F06_SSB02990486.wav,6
/USERSPACE/DATASETS/CodecFake/train/F06_SSB18280171.wav,6
/USERSPACE/DATASETS/CodecFake/train/F06_p244_397.wav,6
/USERSPACE/DATASETS/CodecFake/train/F06_p302_098.wav,6
/USERSPACE/DATASETS/CodecFake/train/F06_SSB05340100.wav,6
/USERSPACE/DATASETS/CodecFake/train/F06_p351_239.wav,6
/USERSPACE/DATASETS/CodecFake/train/F06_SSB03230087.wav,6
/USERSPACE/DATASETS/CodecFake/train/F06_SSB12530024.wav,6
/USERSPACE/DATASETS/CodecFake/train/F06_SSB06680068.wav,6
/USERSPACE/DATASETS/CodecFake/train/F06_SSB03420483.wav,6
/USERSPACE/DATASETS/CodecFake/train/F06_SSB13660192.wav,6
/USERSPACE/DATASETS/CodecFake/train/F06_SSB07020337.wav,6
/USERSPACE/DATASETS/CodecFake/train/F06_SSB17590076.wav,6
/USERSPACE/DATASETS/CodecFake/train/F06_SSB11870124.wav,6
/USERSPACE/DATASETS/CodecFake/train/F06_SSB00330400.wav,6
/USERSPACE/DATASETS/CodecFake/train/F06_SSB16860357.wav,6
/USERSPACE/DATASETS/CodecFake/train/F06_p232_402.wav,6
/USERSPACE/DATASETS/CodecFake/train/F06_SSB04070022.wav,6
/USERSPACE/DATASETS/CodecFake/train/F06_SSB18720278.wav,6
/USERSPACE/DATASETS/CodecFake/train/F06_SSB06090070.wav,6
/USERSPACE/DATASETS/CodecFake/train/F06_SSB10000170.wav,6
/USERSPACE/DATASETS/CodecFake/train/F06_SSB18630356.wav,6
/USERSPACE/DATASETS/CodecFake/train/F06_p274_145.wav,6
/USERSPACE/DATASETS/CodecFake/train/F06_SSB07800300.wav,6
/USERSPACE/DATASETS/CodecFake/train/F06_p326_277.wav,6
/USERSPACE/DATASETS/CodecFake/train/F06_SSB11100476.wav,6
/USERSPACE/DATASETS/CodecFake/train/F06_SSB18060415.wav,6
/USERSPACE/DATASETS/CodecFake/train/F06_p284_105.wav,6
/USERSPACE/DATASETS/CodecFake/train/F06_SSB13410116.wav,6
/USERSPACE/DATASETS/CodecFake/train/F06_SSB05900212.wav,6
/USERSPACE/DATASETS/CodecFake/train/F06_SSB00110291.wav,6
/USERSPACE/DATASETS/CodecFake/train/F06_p312_319.wav,6
/USERSPACE/DATASETS/CodecFake/train/F06_SSB08710351.wav,6
/USERSPACE/DATASETS/CodecFake/train/F06_SSB03380315.wav,6
/USERSPACE/DATASETS/CodecFake/train/F06_p310_296.wav,6
/USERSPACE/DATASETS/CodecFake/train/F06_SSB08220253.wav,6
/USERSPACE/DATASETS/CodecFake/train/F06_SSB13660424.wav,6
/USERSPACE/DATASETS/CodecFake/train/F06_SSB06070266.wav,6
/USERSPACE/DATASETS/CodecFake/train/F06_p256_232.wav,6
/USERSPACE/DATASETS/CodecFake/train/F06_p360_189.wav,6
/USERSPACE/DATASETS/CodecFake/train/F06_SSB03660141.wav,6
/USERSPACE/DATASETS/CodecFake/train/F06_SSB07860292.wav,6
/USERSPACE/DATASETS/CodecFake/train/F06_SSB13410207.wav,6
/USERSPACE/DATASETS/CodecFake/train/F06_SSB02460435.wav,6
/USERSPACE/DATASETS/CodecFake/train/F06_SSB07460115.wav,6
/USERSPACE/DATASETS/CodecFake/train/F06_SSB07620126.wav,6
/USERSPACE/DATASETS/CodecFake/train/F06_SSB10910391.wav,6
/USERSPACE/DATASETS/CodecFake/train/F06_SSB04350389.wav,6
/USERSPACE/DATASETS/CodecFake/train/F06_SSB01970012.wav,6
/USERSPACE/DATASETS/CodecFake/train/F06_SSB11310453.wav,6
/USERSPACE/DATASETS/CodecFake/train/F06_SSB01330396.wav,6
/USERSPACE/DATASETS/CodecFake/train/F06_SSB15850389.wav,6
/USERSPACE/DATASETS/CodecFake/train/F06_SSB03790012.wav,6
/USERSPACE/DATASETS/CodecFake/train/F06_SSB15930173.wav,6
/USERSPACE/DATASETS/CodecFake/train/F06_SSB19020377.wav,6
/USERSPACE/DATASETS/CodecFake/train/F06_p295_006.wav,6
/USERSPACE/DATASETS/CodecFake/train/F06_SSB19020152.wav,6
/USERSPACE/DATASETS/CodecFake/train/F06_p360_060.wav,6
/USERSPACE/DATASETS/CodecFake/train/F06_SSB18630332.wav,6
/USERSPACE/DATASETS/CodecFake/train/F06_SSB13410066.wav,6
/USERSPACE/DATASETS/CodecFake/train/F06_p326_336.wav,6
/USERSPACE/DATASETS/CodecFake/train/F06_p310_115.wav,6
/USERSPACE/DATASETS/CodecFake/train/F06_p279_067.wav,6
/USERSPACE/DATASETS/CodecFake/train/F06_SSB08870335.wav,6
/USERSPACE/DATASETS/CodecFake/train/F06_SSB00160002.wav,6
/USERSPACE/DATASETS/CodecFake/train/F06_SSB17280110.wav,6
/USERSPACE/DATASETS/CodecFake/train/F06_p302_010.wav,6
/USERSPACE/DATASETS/CodecFake/train/F06_SSB06860368.wav,6
/USERSPACE/DATASETS/CodecFake/train/F06_SSB13830354.wav,6
/USERSPACE/DATASETS/CodecFake/train/F06_SSB02410181.wav,6
/USERSPACE/DATASETS/CodecFake/train/F06_SSB06230391.wav,6
/USERSPACE/DATASETS/CodecFake/train/F06_SSB13200449.wav,6
/USERSPACE/DATASETS/CodecFake/train/F06_p274_315.wav,6
/USERSPACE/DATASETS/CodecFake/train/F06_SSB02990131.wav,6
/USERSPACE/DATASETS/CodecFake/train/F06_SSB06030239.wav,6
/USERSPACE/DATASETS/CodecFake/train/F06_SSB01490442.wav,6
/USERSPACE/DATASETS/CodecFake/train/F06_SSB04700363.wav,6
/USERSPACE/DATASETS/CodecFake/train/F06_p280_106.wav,6
/USERSPACE/DATASETS/CodecFake/train/F06_SSB19020396.wav,6
/USERSPACE/DATASETS/CodecFake/train/F06_SSB02990416.wav,6
/USERSPACE/DATASETS/CodecFake/train/F06_p315_057.wav,6
/USERSPACE/DATASETS/CodecFake/train/F06_p269_283.wav,6
/USERSPACE/DATASETS/CodecFake/train/F06_p313_037.wav,6
/USERSPACE/DATASETS/CodecFake/train/F06_SSB06860058.wav,6
/USERSPACE/DATASETS/CodecFake/train/F06_p281_197.wav,6
/USERSPACE/DATASETS/CodecFake/train/F06_p239_258.wav,6
/USERSPACE/DATASETS/CodecFake/train/F06_SSB18280163.wav,6
/USERSPACE/DATASETS/CodecFake/train/F06_SSB11150017.wav,6
/USERSPACE/DATASETS/CodecFake/train/F06_SSB19560390.wav,6
/USERSPACE/DATASETS/CodecFake/train/F06_SSB03800228.wav,6
/USERSPACE/DATASETS/CodecFake/train/F06_SSB07460236.wav,6
/USERSPACE/DATASETS/CodecFake/train/F06_SSB16240206.wav,6
/USERSPACE/DATASETS/CodecFake/train/F06_SSB18720101.wav,6
/USERSPACE/DATASETS/CodecFake/train/F06_SSB05650465.wav,6
/USERSPACE/DATASETS/CodecFake/train/F06_SSB15630409.wav,6
/USERSPACE/DATASETS/CodecFake/train/F06_SSB15550452.wav,6
/USERSPACE/DATASETS/CodecFake/train/F06_SSB07780129.wav,6
/USERSPACE/DATASETS/CodecFake/train/F06_SSB07940089.wav,6
/USERSPACE/DATASETS/CodecFake/train/F06_p334_299.wav,6
/USERSPACE/DATASETS/CodecFake/train/F06_p292_349.wav,6
/USERSPACE/DATASETS/CodecFake/train/F06_SSB19390305.wav,6
/USERSPACE/DATASETS/CodecFake/train/F06_p280_104.wav,6
/USERSPACE/DATASETS/CodecFake/train/F06_SSB03940370.wav,6
/USERSPACE/DATASETS/CodecFake/train/F06_p300_061.wav,6
/USERSPACE/DATASETS/CodecFake/train/F06_SSB03750317.wav,6
/USERSPACE/DATASETS/CodecFake/train/F06_p313_157.wav,6
/USERSPACE/DATASETS/CodecFake/train/F06_SSB03850014.wav,6
/USERSPACE/DATASETS/CodecFake/train/F06_SSB18100337.wav,6
/USERSPACE/DATASETS/CodecFake/train/F06_SSB02610330.wav,6
/USERSPACE/DATASETS/CodecFake/train/F06_SSB03790172.wav,6
/USERSPACE/DATASETS/CodecFake/train/F06_p241_268.wav,6
/USERSPACE/DATASETS/CodecFake/train/F06_p268_306.wav,6
/USERSPACE/DATASETS/CodecFake/train/F06_SSB11610243.wav,6
/USERSPACE/DATASETS/CodecFake/train/F06_p270_454.wav,6
/USERSPACE/DATASETS/CodecFake/train/F06_p313_389.wav,6
/USERSPACE/DATASETS/CodecFake/train/F06_SSB18630317.wav,6
/USERSPACE/DATASETS/CodecFake/train/F06_SSB00160505.wav,6
/USERSPACE/DATASETS/CodecFake/train/F06_p343_054.wav,6
/USERSPACE/DATASETS/CodecFake/train/F06_SSB07110144.wav,6
/USERSPACE/DATASETS/CodecFake/train/F06_p230_171.wav,6
/USERSPACE/DATASETS/CodecFake/train/F06_SSB07490430.wav,6
/USERSPACE/DATASETS/CodecFake/train/F06_SSB07230064.wav,6
/USERSPACE/DATASETS/CodecFake/train/F06_SSB07860087.wav,6
/USERSPACE/DATASETS/CodecFake/train/F06_SSB19180236.wav,6
/USERSPACE/DATASETS/CodecFake/train/F06_p360_100.wav,6
/USERSPACE/DATASETS/CodecFake/train/F06_p243_201.wav,6
/USERSPACE/DATASETS/CodecFake/train/F06_SSB19390325.wav,6
/USERSPACE/DATASETS/CodecFake/train/F06_p270_351.wav,6
/USERSPACE/DATASETS/CodecFake/train/F06_p261_472.wav,6
/USERSPACE/DATASETS/CodecFake/train/F06_SSB06060198.wav,6
/USERSPACE/DATASETS/CodecFake/train/F06_SSB11000266.wav,6
/USERSPACE/DATASETS/CodecFake/train/F06_SSB01930074.wav,6
/USERSPACE/DATASETS/CodecFake/train/F06_p284_338.wav,6
/USERSPACE/DATASETS/CodecFake/train/F06_SSB07160448.wav,6
/USERSPACE/DATASETS/CodecFake/train/F06_SSB09870154.wav,6
/USERSPACE/DATASETS/CodecFake/train/F06_SSB17810306.wav,6
/USERSPACE/DATASETS/CodecFake/train/F06_SSB06860235.wav,6
/USERSPACE/DATASETS/CodecFake/train/F06_SSB07370246.wav,6
/USERSPACE/DATASETS/CodecFake/train/F06_p271_297.wav,6
/USERSPACE/DATASETS/CodecFake/train/F06_SSB13770137.wav,6
/USERSPACE/DATASETS/CodecFake/train/F06_p276_323.wav,6
/USERSPACE/DATASETS/CodecFake/train/F06_SSB02870252.wav,6
/USERSPACE/DATASETS/CodecFake/train/F06_p281_153.wav,6
/USERSPACE/DATASETS/CodecFake/train/F06_SSB03420057.wav,6
/USERSPACE/DATASETS/CodecFake/train/F06_SSB18720154.wav,6
/USERSPACE/DATASETS/CodecFake/train/F06_p225_073.wav,6
/USERSPACE/DATASETS/CodecFake/train/F06_SSB18090084.wav,6
/USERSPACE/DATASETS/CodecFake/train/F06_SSB08510282.wav,6
/USERSPACE/DATASETS/CodecFake/train/F06_p347_150.wav,6
/USERSPACE/DATASETS/CodecFake/train/F06_p261_070.wav,6
/USERSPACE/DATASETS/CodecFake/train/F06_SSB08510040.wav,6
/USERSPACE/DATASETS/CodecFake/train/F06_SSB18370334.wav,6
/USERSPACE/DATASETS/CodecFake/train/F06_p311_053.wav,6
/USERSPACE/DATASETS/CodecFake/train/F06_SSB02880450.wav,6
/USERSPACE/DATASETS/CodecFake/train/F06_SSB13020065.wav,6
/USERSPACE/DATASETS/CodecFake/train/F06_p270_234.wav,6
/USERSPACE/DATASETS/CodecFake/train/F06_p243_123.wav,6
/USERSPACE/DATASETS/CodecFake/train/F06_p339_128.wav,6
/USERSPACE/DATASETS/CodecFake/train/F06_SSB03160302.wav,6
/USERSPACE/DATASETS/CodecFake/train/F06_SSB12740417.wav,6
/USERSPACE/DATASETS/CodecFake/train/F06_p277_058.wav,6
/USERSPACE/DATASETS/CodecFake/train/F06_SSB12190236.wav,6
/USERSPACE/DATASETS/CodecFake/train/F06_SSB03940369.wav,6
/USERSPACE/DATASETS/CodecFake/train/F06_p284_354.wav,6
/USERSPACE/DATASETS/CodecFake/train/F06_p287_356.wav,6
/USERSPACE/DATASETS/CodecFake/train/F06_p298_400.wav,6
/USERSPACE/DATASETS/CodecFake/train/F06_SSB05940422.wav,6
/USERSPACE/DATASETS/CodecFake/train/F06_p286_342.wav,6
/USERSPACE/DATASETS/CodecFake/train/F06_SSB07170376.wav,6
/USERSPACE/DATASETS/CodecFake/train/F06_SSB03950117.wav,6
/USERSPACE/DATASETS/CodecFake/train/F06_SSB10200512.wav,6
/USERSPACE/DATASETS/CodecFake/train/F06_p264_476.wav,6
/USERSPACE/DATASETS/CodecFake/train/F06_SSB06320135.wav,6
/USERSPACE/DATASETS/CodecFake/train/F06_p302_150.wav,6
/USERSPACE/DATASETS/CodecFake/train/F06_SSB10240107.wav,6
/USERSPACE/DATASETS/CodecFake/train/F06_p262_114.wav,6
/USERSPACE/DATASETS/CodecFake/train/F06_SSB04150368.wav,6
/USERSPACE/DATASETS/CodecFake/train/F06_p277_232.wav,6
/USERSPACE/DATASETS/CodecFake/train/F06_p269_128.wav,6
/USERSPACE/DATASETS/CodecFake/train/F06_SSB05390485.wav,6
/USERSPACE/DATASETS/CodecFake/train/F06_SSB11310421.wav,6
/USERSPACE/DATASETS/CodecFake/train/F06_SSB06860444.wav,6
/USERSPACE/DATASETS/CodecFake/train/F06_SSB06140236.wav,6
/USERSPACE/DATASETS/CodecFake/train/F06_p347_266.wav,6
/USERSPACE/DATASETS/CodecFake/train/F06_SSB06310377.wav,6
/USERSPACE/DATASETS/CodecFake/train/F06_SSB05940185.wav,6
/USERSPACE/DATASETS/CodecFake/train/F06_SSB07200164.wav,6
/USERSPACE/DATASETS/CodecFake/train/F06_SSB02730230.wav,6
/USERSPACE/DATASETS/CodecFake/train/F06_p287_172.wav,6
/USERSPACE/DATASETS/CodecFake/train/F06_SSB12180330.wav,6
/USERSPACE/DATASETS/CodecFake/train/F06_SSB00730309.wav,6
/USERSPACE/DATASETS/CodecFake/train/F06_p362_241.wav,6
/USERSPACE/DATASETS/CodecFake/train/F06_p256_068.wav,6
/USERSPACE/DATASETS/CodecFake/train/F06_p278_104.wav,6
/USERSPACE/DATASETS/CodecFake/train/F06_SSB06310113.wav,6
/USERSPACE/DATASETS/CodecFake/train/F06_p256_109.wav,6
/USERSPACE/DATASETS/CodecFake/train/F06_SSB00090248.wav,6
/USERSPACE/DATASETS/CodecFake/train/F06_SSB16840208.wav,6
/USERSPACE/DATASETS/CodecFake/train/F06_SSB06140442.wav,6
/USERSPACE/DATASETS/CodecFake/train/F06_p347_071.wav,6
/USERSPACE/DATASETS/CodecFake/train/F06_p310_090.wav,6
/USERSPACE/DATASETS/CodecFake/train/F06_SSB06320002.wav,6
/USERSPACE/DATASETS/CodecFake/train/F06_SSB11310382.wav,6
/USERSPACE/DATASETS/CodecFake/train/F06_p313_316.wav,6
/USERSPACE/DATASETS/CodecFake/train/F06_SSB13410449.wav,6
/USERSPACE/DATASETS/CodecFake/train/F06_SSB08510425.wav,6
/USERSPACE/DATASETS/CodecFake/train/F06_SSB02000040.wav,6
/USERSPACE/DATASETS/CodecFake/train/F06_SSB06010473.wav,6
/USERSPACE/DATASETS/CodecFake/train/F06_p237_087.wav,6
/USERSPACE/DATASETS/CodecFake/train/F06_SSB18780359.wav,6
/USERSPACE/DATASETS/CodecFake/train/F06_SSB17280377.wav,6
/USERSPACE/DATASETS/CodecFake/train/F06_p277_005.wav,6
/USERSPACE/DATASETS/CodecFake/train/F06_SSB06320069.wav,6
/USERSPACE/DATASETS/CodecFake/train/F06_SSB15750346.wav,6
/USERSPACE/DATASETS/CodecFake/train/F06_SSB11000057.wav,6
/USERSPACE/DATASETS/CodecFake/train/F06_SSB18910166.wav,6
/USERSPACE/DATASETS/CodecFake/train/F06_SSB03090201.wav,6
/USERSPACE/DATASETS/CodecFake/train/F06_SSB18320059.wav,6
/USERSPACE/DATASETS/CodecFake/train/F06_SSB06860295.wav,6
/USERSPACE/DATASETS/CodecFake/train/F06_SSB11380069.wav,6
/USERSPACE/DATASETS/CodecFake/train/F06_p329_291.wav,6
/USERSPACE/DATASETS/CodecFake/train/F06_p314_394.wav,6
/USERSPACE/DATASETS/CodecFake/train/F06_SSB13200486.wav,6
/USERSPACE/DATASETS/CodecFake/train/F06_SSB10720310.wav,6
/USERSPACE/DATASETS/CodecFake/train/F06_SSB03750364.wav,6
/USERSPACE/DATASETS/CodecFake/train/F06_p315_343.wav,6
/USERSPACE/DATASETS/CodecFake/train/F06_SSB03820165.wav,6
/USERSPACE/DATASETS/CodecFake/train/F06_p238_323.wav,6
/USERSPACE/DATASETS/CodecFake/train/F06_SSB08870365.wav,6
/USERSPACE/DATASETS/CodecFake/train/F06_SSB16860219.wav,6
/USERSPACE/DATASETS/CodecFake/train/F06_SSB03940217.wav,6
/USERSPACE/DATASETS/CodecFake/train/F06_SSB17590493.wav,6
/USERSPACE/DATASETS/CodecFake/train/F06_SSB07170044.wav,6
/USERSPACE/DATASETS/CodecFake/train/F06_p347_330.wav,6
/USERSPACE/DATASETS/CodecFake/train/F06_SSB11100176.wav,6
/USERSPACE/DATASETS/CodecFake/train/F06_SSB19390361.wav,6
/USERSPACE/DATASETS/CodecFake/train/F06_p272_384.wav,6
/USERSPACE/DATASETS/CodecFake/train/F06_SSB12190213.wav,6
/USERSPACE/DATASETS/CodecFake/train/F06_SSB14480013.wav,6
/USERSPACE/DATASETS/CodecFake/train/F06_p283_133.wav,6
/USERSPACE/DATASETS/CodecFake/train/F06_SSB04350160.wav,6
/USERSPACE/DATASETS/CodecFake/train/F06_p258_361.wav,6
/USERSPACE/DATASETS/CodecFake/train/F06_SSB16990433.wav,6
/USERSPACE/DATASETS/CodecFake/train/F06_SSB11870462.wav,6
/USERSPACE/DATASETS/CodecFake/train/F06_p227_335.wav,6
/USERSPACE/DATASETS/CodecFake/train/F06_p302_172.wav,6
/USERSPACE/DATASETS/CodecFake/train/F06_SSB15630276.wav,6
/USERSPACE/DATASETS/CodecFake/train/F06_SSB02870014.wav,6
/USERSPACE/DATASETS/CodecFake/train/F06_SSB04270105.wav,6
/USERSPACE/DATASETS/CodecFake/train/F06_p318_209.wav,6
/USERSPACE/DATASETS/CodecFake/train/F06_SSB09870219.wav,6
/USERSPACE/DATASETS/CodecFake/train/F06_SSB06140287.wav,6
/USERSPACE/DATASETS/CodecFake/train/F06_SSB16070380.wav,6
/USERSPACE/DATASETS/CodecFake/train/F06_SSB14520481.wav,6
/USERSPACE/DATASETS/CodecFake/train/F06_p286_372.wav,6
/USERSPACE/DATASETS/CodecFake/train/F06_SSB16300002.wav,6
/USERSPACE/DATASETS/CodecFake/train/F06_SSB09350280.wav,6
/USERSPACE/DATASETS/CodecFake/train/F06_SSB13280455.wav,6
/USERSPACE/DATASETS/CodecFake/train/F06_SSB07510373.wav,6
/USERSPACE/DATASETS/CodecFake/train/F06_SSB05900022.wav,6
/USERSPACE/DATASETS/CodecFake/train/F06_p376_033.wav,6
/USERSPACE/DATASETS/CodecFake/train/F06_SSB10080213.wav,6
/USERSPACE/DATASETS/CodecFake/train/F06_SSB03420267.wav,6
/USERSPACE/DATASETS/CodecFake/train/F06_SSB12530276.wav,6
/USERSPACE/DATASETS/CodecFake/train/F06_SSB06660333.wav,6
/USERSPACE/DATASETS/CodecFake/train/F06_p257_052.wav,6
/USERSPACE/DATASETS/CodecFake/train/F06_SSB03090462.wav,6
/USERSPACE/DATASETS/CodecFake/train/F06_SSB05880438.wav,6
/USERSPACE/DATASETS/CodecFake/train/F06_p254_303.wav,6
/USERSPACE/DATASETS/CodecFake/train/F06_SSB18910058.wav,6
/USERSPACE/DATASETS/CodecFake/train/F06_p318_334.wav,6
/USERSPACE/DATASETS/CodecFake/train/F06_p282_354.wav,6
/USERSPACE/DATASETS/CodecFake/train/F06_SSB16500272.wav,6
/USERSPACE/DATASETS/CodecFake/train/F06_SSB08510280.wav,6
/USERSPACE/DATASETS/CodecFake/train/F06_SSB15750249.wav,6
/USERSPACE/DATASETS/CodecFake/train/F06_SSB05440427.wav,6
/USERSPACE/DATASETS/CodecFake/train/F06_SSB06860253.wav,6
/USERSPACE/DATASETS/CodecFake/train/F06_SSB03420422.wav,6
/USERSPACE/DATASETS/CodecFake/train/F06_SSB16840186.wav,6
/USERSPACE/DATASETS/CodecFake/train/F06_p239_410.wav,6
/USERSPACE/DATASETS/CodecFake/train/F06_SSB05340014.wav,6
/USERSPACE/DATASETS/CodecFake/train/F06_p363_087.wav,6
/USERSPACE/DATASETS/CodecFake/train/F06_SSB07370312.wav,6
/USERSPACE/DATASETS/CodecFake/train/F06_SSB19350035.wav,6
/USERSPACE/DATASETS/CodecFake/train/F06_SSB10550455.wav,6
/USERSPACE/DATASETS/CodecFake/train/F06_p239_207.wav,6
/USERSPACE/DATASETS/CodecFake/train/F06_SSB12150352.wav,6
/USERSPACE/DATASETS/CodecFake/train/F06_SSB03160482.wav,6
/USERSPACE/DATASETS/CodecFake/train/F06_SSB17810217.wav,6
/USERSPACE/DATASETS/CodecFake/train/F06_p270_046.wav,6
/USERSPACE/DATASETS/CodecFake/train/F06_SSB03930403.wav,6
/USERSPACE/DATASETS/CodecFake/train/F06_SSB05350265.wav,6
/USERSPACE/DATASETS/CodecFake/train/F06_p265_179.wav,6
/USERSPACE/DATASETS/CodecFake/train/F06_p347_184.wav,6
/USERSPACE/DATASETS/CodecFake/train/F06_p360_185.wav,6
/USERSPACE/DATASETS/CodecFake/train/F06_SSB10720274.wav,6
/USERSPACE/DATASETS/CodecFake/train/F06_p298_392.wav,6
/USERSPACE/DATASETS/CodecFake/train/F06_p364_061.wav,6
/USERSPACE/DATASETS/CodecFake/train/F06_SSB07460186.wav,6
/USERSPACE/DATASETS/CodecFake/train/F06_SSB04270285.wav,6
/USERSPACE/DATASETS/CodecFake/train/F06_SSB06860070.wav,6
/USERSPACE/DATASETS/CodecFake/train/F06_SSB17450475.wav,6
/USERSPACE/DATASETS/CodecFake/train/F06_SSB02990444.wav,6
/USERSPACE/DATASETS/CodecFake/train/F06_p298_067.wav,6
/USERSPACE/DATASETS/CodecFake/train/F06_SSB03090127.wav,6
/USERSPACE/DATASETS/CodecFake/train/F06_p256_259.wav,6
/USERSPACE/DATASETS/CodecFake/train/F06_SSB10000475.wav,6
/USERSPACE/DATASETS/CodecFake/train/F06_p226_109.wav,6
/USERSPACE/DATASETS/CodecFake/train/F06_p270_317.wav,6
/USERSPACE/DATASETS/CodecFake/train/F06_SSB07490328.wav,6
/USERSPACE/DATASETS/CodecFake/train/F06_SSB15630346.wav,6
/USERSPACE/DATASETS/CodecFake/train/F06_SSB09130081.wav,6
/USERSPACE/DATASETS/CodecFake/train/F06_p345_220.wav,6
/USERSPACE/DATASETS/CodecFake/train/F06_p245_231.wav,6
/USERSPACE/DATASETS/CodecFake/train/F06_SSB13820292.wav,6
/USERSPACE/DATASETS/CodecFake/train/F06_SSB11360257.wav,6
/USERSPACE/DATASETS/CodecFake/train/F06_SSB18780482.wav,6
/USERSPACE/DATASETS/CodecFake/train/F06_SSB00800042.wav,6
/USERSPACE/DATASETS/CodecFake/train/F06_SSB11350255.wav,6
/USERSPACE/DATASETS/CodecFake/train/F06_p272_175.wav,6
/USERSPACE/DATASETS/CodecFake/train/F06_SSB05650503.wav,6
/USERSPACE/DATASETS/CodecFake/train/F06_SSB06030047.wav,6
/USERSPACE/DATASETS/CodecFake/train/F06_SSB00430119.wav,6
/USERSPACE/DATASETS/CodecFake/train/F06_SSB00330441.wav,6
/USERSPACE/DATASETS/CodecFake/train/F06_SSB11360221.wav,6
/USERSPACE/DATASETS/CodecFake/train/F06_SSB06140194.wav,6
/USERSPACE/DATASETS/CodecFake/train/F06_SSB03660492.wav,6
/USERSPACE/DATASETS/CodecFake/train/F06_p238_251.wav,6
/USERSPACE/DATASETS/CodecFake/train/F06_p336_004.wav,6
/USERSPACE/DATASETS/CodecFake/train/F06_SSB06680327.wav,6
/USERSPACE/DATASETS/CodecFake/train/F06_p255_297.wav,6
/USERSPACE/DATASETS/CodecFake/train/F06_SSB19180032.wav,6
/USERSPACE/DATASETS/CodecFake/train/F06_SSB08090347.wav,6
/USERSPACE/DATASETS/CodecFake/train/F06_SSB05900194.wav,6
/USERSPACE/DATASETS/CodecFake/train/F06_SSB03540416.wav,6
/USERSPACE/DATASETS/CodecFake/train/F06_p362_376.wav,6
/USERSPACE/DATASETS/CodecFake/train/F06_p326_321.wav,6
/USERSPACE/DATASETS/CodecFake/train/F06_SSB08870153.wav,6
/USERSPACE/DATASETS/CodecFake/train/F06_SSB12150055.wav,6
/USERSPACE/DATASETS/CodecFake/train/F06_SSB02000363.wav,6
/USERSPACE/DATASETS/CodecFake/train/F06_SSB06310148.wav,6
/USERSPACE/DATASETS/CodecFake/train/F06_SSB09930247.wav,6
/USERSPACE/DATASETS/CodecFake/train/F06_p376_012.wav,6
/USERSPACE/DATASETS/CodecFake/train/F06_SSB18910097.wav,6
/USERSPACE/DATASETS/CodecFake/train/F06_p258_337.wav,6
/USERSPACE/DATASETS/CodecFake/train/F06_SSB13280337.wav,6
/USERSPACE/DATASETS/CodecFake/train/F06_SSB19020466.wav,6
/USERSPACE/DATASETS/CodecFake/train/F06_p259_138.wav,6
/USERSPACE/DATASETS/CodecFake/train/F06_SSB12040071.wav,6
/USERSPACE/DATASETS/CodecFake/train/F06_p225_323.wav,6
/USERSPACE/DATASETS/CodecFake/train/F06_p347_230.wav,6
/USERSPACE/DATASETS/CodecFake/train/F06_SSB18310224.wav,6
/USERSPACE/DATASETS/CodecFake/train/F06_SSB04700068.wav,6
/USERSPACE/DATASETS/CodecFake/train/F06_p329_388.wav,6
/USERSPACE/DATASETS/CodecFake/train/F06_SSB12150233.wav,6
/USERSPACE/DATASETS/CodecFake/train/F06_SSB15750380.wav,6
/USERSPACE/DATASETS/CodecFake/train/F06_p333_200.wav,6
/USERSPACE/DATASETS/CodecFake/train/F06_SSB16840153.wav,6
/USERSPACE/DATASETS/CodecFake/train/F06_p278_198.wav,6
/USERSPACE/DATASETS/CodecFake/train/F06_p363_158.wav,6
/USERSPACE/DATASETS/CodecFake/train/F06_SSB03390391.wav,6
/USERSPACE/DATASETS/CodecFake/train/F06_SSB18100117.wav,6
/USERSPACE/DATASETS/CodecFake/train/F06_SSB01490248.wav,6
/USERSPACE/DATASETS/CodecFake/train/F06_SSB11360002.wav,6
/USERSPACE/DATASETS/CodecFake/train/F06_SSB04700292.wav,6
/USERSPACE/DATASETS/CodecFake/train/F06_p335_053.wav,6
/USERSPACE/DATASETS/CodecFake/train/F06_SSB07110429.wav,6
/USERSPACE/DATASETS/CodecFake/train/F06_SSB15550248.wav,6
/USERSPACE/DATASETS/CodecFake/train/F06_SSB18720362.wav,6
/USERSPACE/DATASETS/CodecFake/train/F06_SSB07230102.wav,6
/USERSPACE/DATASETS/CodecFake/train/F06_p362_117.wav,6
/USERSPACE/DATASETS/CodecFake/train/F06_p247_253.wav,6
/USERSPACE/DATASETS/CodecFake/train/F06_SSB01970375.wav,6
/USERSPACE/DATASETS/CodecFake/train/F06_SSB01930408.wav,6
/USERSPACE/DATASETS/CodecFake/train/F06_p334_362.wav,6
/USERSPACE/DATASETS/CodecFake/train/F06_SSB12180365.wav,6
/USERSPACE/DATASETS/CodecFake/train/F06_SSB15550100.wav,6
/USERSPACE/DATASETS/CodecFake/train/F06_p312_316.wav,6
/USERSPACE/DATASETS/CodecFake/train/F06_SSB19350450.wav,6
/USERSPACE/DATASETS/CodecFake/train/F06_SSB13850412.wav,6
/USERSPACE/DATASETS/CodecFake/train/F06_SSB07620078.wav,6
/USERSPACE/DATASETS/CodecFake/train/F06_p262_122.wav,6
/USERSPACE/DATASETS/CodecFake/train/F06_SSB12160025.wav,6
/USERSPACE/DATASETS/CodecFake/train/F06_SSB19560342.wav,6
/USERSPACE/DATASETS/CodecFake/train/F06_SSB11150193.wav,6
/USERSPACE/DATASETS/CodecFake/train/F06_SSB09930338.wav,6
/USERSPACE/DATASETS/CodecFake/train/F06_SSB03800252.wav,6
/USERSPACE/DATASETS/CodecFake/train/F06_SSB15630173.wav,6
/USERSPACE/DATASETS/CodecFake/train/F06_SSB19020138.wav,6
/USERSPACE/DATASETS/CodecFake/train/F06_p236_025.wav,6
/USERSPACE/DATASETS/CodecFake/train/F06_SSB02730460.wav,6
/USERSPACE/DATASETS/CodecFake/train/F06_SSB03660239.wav,6
/USERSPACE/DATASETS/CodecFake/train/F06_p245_114.wav,6
/USERSPACE/DATASETS/CodecFake/train/F06_p226_146.wav,6
/USERSPACE/DATASETS/CodecFake/train/F06_p261_336.wav,6
/USERSPACE/DATASETS/CodecFake/train/F06_p255_358.wav,6
/USERSPACE/DATASETS/CodecFake/train/F06_p360_398.wav,6
/USERSPACE/DATASETS/CodecFake/train/F06_SSB07200092.wav,6
/USERSPACE/DATASETS/CodecFake/train/F06_SSB01120085.wav,6
/USERSPACE/DATASETS/CodecFake/train/F06_SSB11100272.wav,6
/USERSPACE/DATASETS/CodecFake/train/F06_SSB07020475.wav,6
/USERSPACE/DATASETS/CodecFake/train/F06_SSB01970263.wav,6
/USERSPACE/DATASETS/CodecFake/train/F06_SSB03750308.wav,6
/USERSPACE/DATASETS/CodecFake/train/F06_SSB14370312.wav,6
/USERSPACE/DATASETS/CodecFake/train/F06_p281_325.wav,6
/USERSPACE/DATASETS/CodecFake/train/F06_p323_251.wav,6
/USERSPACE/DATASETS/CodecFake/train/F06_SSB19020190.wav,6
/USERSPACE/DATASETS/CodecFake/train/F06_p316_191.wav,6
/USERSPACE/DATASETS/CodecFake/train/F06_SSB11100239.wav,6
/USERSPACE/DATASETS/CodecFake/train/F06_SSB13920066.wav,6
/USERSPACE/DATASETS/CodecFake/train/F06_p269_207.wav,6
/USERSPACE/DATASETS/CodecFake/train/F06_SSB10200092.wav,6
/USERSPACE/DATASETS/CodecFake/train/F06_SSB06030130.wav,6
/USERSPACE/DATASETS/CodecFake/train/F06_p316_019.wav,6
/USERSPACE/DATASETS/CodecFake/train/F06_SSB15630272.wav,6
/USERSPACE/DATASETS/CodecFake/train/F06_SSB07160437.wav,6
/USERSPACE/DATASETS/CodecFake/train/F06_SSB04150056.wav,6
/USERSPACE/DATASETS/CodecFake/train/F06_p274_321.wav,6
/USERSPACE/DATASETS/CodecFake/train/F06_SSB02410194.wav,6
/USERSPACE/DATASETS/CodecFake/train/F06_p280_052.wav,6
/USERSPACE/DATASETS/CodecFake/train/F06_p315_305.wav,6
/USERSPACE/DATASETS/CodecFake/train/F06_SSB13410328.wav,6
/USERSPACE/DATASETS/CodecFake/train/F06_SSB00800115.wav,6
/USERSPACE/DATASETS/CodecFake/train/F06_SSB15850196.wav,6
/USERSPACE/DATASETS/CodecFake/train/F06_SSB03820089.wav,6
/USERSPACE/DATASETS/CodecFake/train/F06_p316_342.wav,6
/USERSPACE/DATASETS/CodecFake/train/F06_SSB11100347.wav,6
/USERSPACE/DATASETS/CodecFake/train/F06_SSB02460447.wav,6
/USERSPACE/DATASETS/CodecFake/train/F06_SSB15670339.wav,6
/USERSPACE/DATASETS/CodecFake/train/F06_p279_238.wav,6
/USERSPACE/DATASETS/CodecFake/train/F06_SSB03380317.wav,6
/USERSPACE/DATASETS/CodecFake/train/F06_SSB04350004.wav,6
/USERSPACE/DATASETS/CodecFake/train/F06_p282_147.wav,6
/USERSPACE/DATASETS/CodecFake/train/F06_p270_042.wav,6
/USERSPACE/DATASETS/CodecFake/train/F06_SSB05350058.wav,6
/USERSPACE/DATASETS/CodecFake/train/F06_SSB07780439.wav,6
/USERSPACE/DATASETS/CodecFake/train/F06_SSB07110016.wav,6
/USERSPACE/DATASETS/CodecFake/train/F06_SSB16990230.wav,6
/USERSPACE/DATASETS/CodecFake/train/F06_p259_021.wav,6
/USERSPACE/DATASETS/CodecFake/train/F06_SSB02000440.wav,6
/USERSPACE/DATASETS/CodecFake/train/F06_SSB04260079.wav,6
/USERSPACE/DATASETS/CodecFake/train/F06_SSB10010404.wav,6
/USERSPACE/DATASETS/CodecFake/train/F06_SSB07780297.wav,6
/USERSPACE/DATASETS/CodecFake/train/F06_p245_144.wav,6
/USERSPACE/DATASETS/CodecFake/train/F06_SSB06310369.wav,6
/USERSPACE/DATASETS/CodecFake/train/F06_p253_384.wav,6
/USERSPACE/DATASETS/CodecFake/train/F06_p308_171.wav,6
/USERSPACE/DATASETS/CodecFake/train/F06_SSB06140096.wav,6
/USERSPACE/DATASETS/CodecFake/train/F06_SSB03380022.wav,6
/USERSPACE/DATASETS/CodecFake/train/F06_SSB05900137.wav,6
/USERSPACE/DATASETS/CodecFake/train/F06_SSB02870353.wav,6
/USERSPACE/DATASETS/CodecFake/train/F06_SSB05350130.wav,6
/USERSPACE/DATASETS/CodecFake/train/F06_p263_133.wav,6
/USERSPACE/DATASETS/CodecFake/train/F06_p323_201.wav,6
/USERSPACE/DATASETS/CodecFake/train/F06_p307_377.wav,6
/USERSPACE/DATASETS/CodecFake/train/F06_SSB08220191.wav,6
/USERSPACE/DATASETS/CodecFake/train/F06_p231_112.wav,6
/USERSPACE/DATASETS/CodecFake/train/F06_p330_083.wav,6
/USERSPACE/DATASETS/CodecFake/train/F06_p312_403.wav,6
/USERSPACE/DATASETS/CodecFake/train/F06_SSB11100294.wav,6
/USERSPACE/DATASETS/CodecFake/train/F06_SSB02870199.wav,6
/USERSPACE/DATASETS/CodecFake/train/F06_SSB00800070.wav,6
/USERSPACE/DATASETS/CodecFake/train/F06_SSB16240349.wav,6
/USERSPACE/DATASETS/CodecFake/train/F06_SSB03930099.wav,6
/USERSPACE/DATASETS/CodecFake/train/F06_p228_130.wav,6
/USERSPACE/DATASETS/CodecFake/train/F06_SSB04260146.wav,6
/USERSPACE/DATASETS/CodecFake/train/F06_SSB03160351.wav,6
/USERSPACE/DATASETS/CodecFake/train/F06_p255_186.wav,6
/USERSPACE/DATASETS/CodecFake/train/F06_p282_327.wav,6
/USERSPACE/DATASETS/CodecFake/train/F06_p227_248.wav,6
/USERSPACE/DATASETS/CodecFake/train/F06_SSB03930328.wav,6
/USERSPACE/DATASETS/CodecFake/train/F06_SSB01450153.wav,6
/USERSPACE/DATASETS/CodecFake/train/F06_SSB08220239.wav,6
/USERSPACE/DATASETS/CodecFake/train/F06_p293_180.wav,6
/USERSPACE/DATASETS/CodecFake/train/F06_SSB18910356.wav,6
/USERSPACE/DATASETS/CodecFake/train/F06_p292_234.wav,6
/USERSPACE/DATASETS/CodecFake/train/F06_SSB00570154.wav,6
/USERSPACE/DATASETS/CodecFake/train/F06_SSB05020136.wav,6
/USERSPACE/DATASETS/CodecFake/train/F06_p293_229.wav,6
/USERSPACE/DATASETS/CodecFake/train/F06_p241_214.wav,6
/USERSPACE/DATASETS/CodecFake/train/F06_SSB00570048.wav,6
/USERSPACE/DATASETS/CodecFake/train/F06_p243_147.wav,6
/USERSPACE/DATASETS/CodecFake/train/F06_p281_331.wav,6
/USERSPACE/DATASETS/CodecFake/train/F06_SSB00380043.wav,6
/USERSPACE/DATASETS/CodecFake/train/F06_SSB15850380.wav,6
/USERSPACE/DATASETS/CodecFake/train/F06_SSB03160225.wav,6
/USERSPACE/DATASETS/CodecFake/train/F06_SSB07100107.wav,6
/USERSPACE/DATASETS/CodecFake/train/F06_SSB03070195.wav,6
/USERSPACE/DATASETS/CodecFake/train/F06_p351_338.wav,6
/USERSPACE/DATASETS/CodecFake/train/F06_SSB07840060.wav,6
/USERSPACE/DATASETS/CodecFake/train/F06_SSB13200001.wav,6
/USERSPACE/DATASETS/CodecFake/train/F06_p334_068.wav,6
/USERSPACE/DATASETS/CodecFake/train/F06_SSB06680369.wav,6
/USERSPACE/DATASETS/CodecFake/train/F06_SSB05340201.wav,6
/USERSPACE/DATASETS/CodecFake/train/F06_SSB09970031.wav,6
/USERSPACE/DATASETS/CodecFake/train/F06_p288_243.wav,6
/USERSPACE/DATASETS/CodecFake/train/F06_SSB14020130.wav,6
/USERSPACE/DATASETS/CodecFake/train/F06_SSB07200263.wav,6
/USERSPACE/DATASETS/CodecFake/train/F06_p285_128.wav,6
/USERSPACE/DATASETS/CodecFake/train/F06_p231_401.wav,6
/USERSPACE/DATASETS/CodecFake/train/F06_SSB11350007.wav,6
/USERSPACE/DATASETS/CodecFake/train/F06_SSB00730250.wav,6
/USERSPACE/DATASETS/CodecFake/train/F06_SSB13820312.wav,6
/USERSPACE/DATASETS/CodecFake/train/F06_SSB02460071.wav,6
/USERSPACE/DATASETS/CodecFake/train/F06_p273_159.wav,6
/USERSPACE/DATASETS/CodecFake/train/F06_SSB16070287.wav,6
/USERSPACE/DATASETS/CodecFake/train/F06_SSB11080390.wav,6
/USERSPACE/DATASETS/CodecFake/train/F06_SSB18320291.wav,6
/USERSPACE/DATASETS/CodecFake/train/F06_p315_055.wav,6
/USERSPACE/DATASETS/CodecFake/train/F06_SSB12190007.wav,6
/USERSPACE/DATASETS/CodecFake/train/F06_SSB19560147.wav,6
/USERSPACE/DATASETS/CodecFake/train/F06_p300_279.wav,6
/USERSPACE/DATASETS/CodecFake/train/F06_SSB16240070.wav,6
/USERSPACE/DATASETS/CodecFake/train/F06_SSB04070204.wav,6
/USERSPACE/DATASETS/CodecFake/train/F06_SSB07370424.wav,6
/USERSPACE/DATASETS/CodecFake/train/F06_SSB10720363.wav,6
/USERSPACE/DATASETS/CodecFake/train/F06_p226_202.wav,6
/USERSPACE/DATASETS/CodecFake/train/F06_p249_148.wav,6
/USERSPACE/DATASETS/CodecFake/train/F06_SSB19020055.wav,6
/USERSPACE/DATASETS/CodecFake/train/F06_p247_324.wav,6
/USERSPACE/DATASETS/CodecFake/train/F06_SSB03420469.wav,6
/USERSPACE/DATASETS/CodecFake/train/F06_SSB18280183.wav,6
/USERSPACE/DATASETS/CodecFake/train/F06_p233_167.wav,6
/USERSPACE/DATASETS/CodecFake/train/F06_SSB05900187.wav,6
/USERSPACE/DATASETS/CodecFake/train/F06_SSB06030412.wav,6
/USERSPACE/DATASETS/CodecFake/train/F06_SSB02610498.wav,6
/USERSPACE/DATASETS/CodecFake/train/F06_SSB07580209.wav,6
/USERSPACE/DATASETS/CodecFake/train/F06_p278_327.wav,6
/USERSPACE/DATASETS/CodecFake/train/F06_SSB05880042.wav,6
/USERSPACE/DATASETS/CodecFake/train/F06_SSB07620085.wav,6
/USERSPACE/DATASETS/CodecFake/train/F06_SSB11610400.wav,6
/USERSPACE/DATASETS/CodecFake/train/F06_SSB15630208.wav,6
/USERSPACE/DATASETS/CodecFake/train/F06_SSB07860041.wav,6
/USERSPACE/DATASETS/CodecFake/train/F06_SSB16860220.wav,6
/USERSPACE/DATASETS/CodecFake/train/F06_SSB06060394.wav,6
/USERSPACE/DATASETS/CodecFake/train/F06_SSB03820417.wav,6
/USERSPACE/DATASETS/CodecFake/train/F06_p304_232.wav,6
/USERSPACE/DATASETS/CodecFake/train/F06_SSB02880018.wav,6
/USERSPACE/DATASETS/CodecFake/train/F06_SSB06860474.wav,6
/USERSPACE/DATASETS/CodecFake/train/F06_p316_269.wav,6
/USERSPACE/DATASETS/CodecFake/train/F06_SSB11870053.wav,6
/USERSPACE/DATASETS/CodecFake/train/F06_SSB17810384.wav,6
/USERSPACE/DATASETS/CodecFake/train/F06_p253_250.wav,6
/USERSPACE/DATASETS/CodecFake/train/F06_SSB16500465.wav,6
/USERSPACE/DATASETS/CodecFake/train/F06_SSB18460435.wav,6
/USERSPACE/DATASETS/CodecFake/train/F06_SSB01450039.wav,6
/USERSPACE/DATASETS/CodecFake/train/F06_SSB19020387.wav,6
/USERSPACE/DATASETS/CodecFake/train/F06_SSB11610043.wav,6
/USERSPACE/DATASETS/CodecFake/train/F06_p339_305.wav,6
/USERSPACE/DATASETS/CodecFake/train/F06_p250_048.wav,6
/USERSPACE/DATASETS/CodecFake/train/F06_SSB03800493.wav,6
/USERSPACE/DATASETS/CodecFake/train/F06_SSB09870456.wav,6
/USERSPACE/DATASETS/CodecFake/train/F06_SSB03850416.wav,6
/USERSPACE/DATASETS/CodecFake/train/F06_SSB02410402.wav,6
/USERSPACE/DATASETS/CodecFake/train/F06_p261_343.wav,6
/USERSPACE/DATASETS/CodecFake/train/F06_SSB07780418.wav,6
/USERSPACE/DATASETS/CodecFake/train/F06_SSB07490484.wav,6
/USERSPACE/DATASETS/CodecFake/train/F06_SSB07110051.wav,6
/USERSPACE/DATASETS/CodecFake/train/F06_p276_064.wav,6
/USERSPACE/DATASETS/CodecFake/train/F06_SSB11310281.wav,6
/USERSPACE/DATASETS/CodecFake/train/F06_SSB05880101.wav,6
/USERSPACE/DATASETS/CodecFake/train/F06_SSB16860120.wav,6
/USERSPACE/DATASETS/CodecFake/train/F06_p226_365.wav,6
/USERSPACE/DATASETS/CodecFake/train/F06_SSB06660435.wav,6
/USERSPACE/DATASETS/CodecFake/train/F06_SSB02880059.wav,6
/USERSPACE/DATASETS/CodecFake/train/F06_SSB03390082.wav,6
/USERSPACE/DATASETS/CodecFake/train/F06_p274_178.wav,6
/USERSPACE/DATASETS/CodecFake/train/F06_SSB06030231.wav,6
/USERSPACE/DATASETS/CodecFake/train/F06_SSB03820042.wav,6
/USERSPACE/DATASETS/CodecFake/train/F06_SSB07480331.wav,6
/USERSPACE/DATASETS/CodecFake/train/F06_SSB00090504.wav,6
/USERSPACE/DATASETS/CodecFake/train/F06_p329_094.wav,6
/USERSPACE/DATASETS/CodecFake/train/F06_SSB01120241.wav,6
/USERSPACE/DATASETS/CodecFake/train/F06_SSB09660261.wav,6
/USERSPACE/DATASETS/CodecFake/train/F06_SSB09930466.wav,6
/USERSPACE/DATASETS/CodecFake/train/F06_p273_432.wav,6
/USERSPACE/DATASETS/CodecFake/train/F06_SSB09350467.wav,6
/USERSPACE/DATASETS/CodecFake/train/F06_p226_168.wav,6
/USERSPACE/DATASETS/CodecFake/train/F06_SSB05900491.wav,6
/USERSPACE/DATASETS/CodecFake/train/F06_SSB00160415.wav,6
/USERSPACE/DATASETS/CodecFake/train/F06_SSB03410441.wav,6
/USERSPACE/DATASETS/CodecFake/train/F06_p287_143.wav,6
/USERSPACE/DATASETS/CodecFake/train/F06_p345_380.wav,6
/USERSPACE/DATASETS/CodecFake/train/F06_p333_042.wav,6
/USERSPACE/DATASETS/CodecFake/train/F06_SSB07800309.wav,6
/USERSPACE/DATASETS/CodecFake/train/F06_SSB11260333.wav,6
/USERSPACE/DATASETS/CodecFake/train/F06_p236_365.wav,6
/USERSPACE/DATASETS/CodecFake/train/F06_SSB16990408.wav,6
/USERSPACE/DATASETS/CodecFake/train/F06_SSB15750241.wav,6
/USERSPACE/DATASETS/CodecFake/train/F06_p343_371.wav,6
/USERSPACE/DATASETS/CodecFake/train/F06_SSB05350442.wav,6
/USERSPACE/DATASETS/CodecFake/train/F06_SSB13770239.wav,6
/USERSPACE/DATASETS/CodecFake/train/F06_SSB14480475.wav,6
/USERSPACE/DATASETS/CodecFake/train/F06_p376_038.wav,6
/USERSPACE/DATASETS/CodecFake/train/F06_SSB12180446.wav,6
/USERSPACE/DATASETS/CodecFake/train/F06_p297_070.wav,6
/USERSPACE/DATASETS/CodecFake/train/F06_SSB07620322.wav,6
/USERSPACE/DATASETS/CodecFake/train/F06_SSB19020065.wav,6
/USERSPACE/DATASETS/CodecFake/train/F06_SSB03420467.wav,6
/USERSPACE/DATASETS/CodecFake/train/F06_SSB09930069.wav,6
/USERSPACE/DATASETS/CodecFake/train/F06_SSB09190145.wav,6
/USERSPACE/DATASETS/CodecFake/train/F06_SSB05780492.wav,6
/USERSPACE/DATASETS/CodecFake/train/F06_SSB07860150.wav,6
/USERSPACE/DATASETS/CodecFake/train/F06_p253_103.wav,6
/USERSPACE/DATASETS/CodecFake/train/F06_SSB00050165.wav,6
/USERSPACE/DATASETS/CodecFake/train/F06_SSB10020304.wav,6
/USERSPACE/DATASETS/CodecFake/train/F06_SSB12530162.wav,6
/USERSPACE/DATASETS/CodecFake/train/F06_p226_319.wav,6
/USERSPACE/DATASETS/CodecFake/train/F06_SSB19350293.wav,6
/USERSPACE/DATASETS/CodecFake/train/F06_SSB13220223.wav,6
/USERSPACE/DATASETS/CodecFake/train/F06_SSB14570422.wav,6
/USERSPACE/DATASETS/CodecFake/train/F06_SSB15550020.wav,6
/USERSPACE/DATASETS/CodecFake/train/F06_SSB00430409.wav,6
/USERSPACE/DATASETS/CodecFake/train/F06_SSB12030419.wav,6
/USERSPACE/DATASETS/CodecFake/train/F06_p274_125.wav,6
/USERSPACE/DATASETS/CodecFake/train/F06_p259_458.wav,6
/USERSPACE/DATASETS/CodecFake/train/F06_p315_318.wav,6
/USERSPACE/DATASETS/CodecFake/train/F06_SSB07480435.wav,6
/USERSPACE/DATASETS/CodecFake/train/F06_SSB13920207.wav,6
/USERSPACE/DATASETS/CodecFake/train/F06_SSB08630445.wav,6
/USERSPACE/DATASETS/CodecFake/train/F06_p317_042.wav,6
/USERSPACE/DATASETS/CodecFake/train/F06_p272_331.wav,6
/USERSPACE/DATASETS/CodecFake/train/F06_p243_286.wav,6
/USERSPACE/DATASETS/CodecFake/train/F06_SSB04270028.wav,6
/USERSPACE/DATASETS/CodecFake/train/F06_SSB02610113.wav,6
/USERSPACE/DATASETS/CodecFake/train/F06_p266_273.wav,6
/USERSPACE/DATASETS/CodecFake/train/F06_p341_200.wav,6
/USERSPACE/DATASETS/CodecFake/train/F06_SSB03950268.wav,6
/USERSPACE/DATASETS/CodecFake/train/F06_p271_252.wav,6
/USERSPACE/DATASETS/CodecFake/train/F06_SSB01330305.wav,6
/USERSPACE/DATASETS/CodecFake/train/F06_SSB00160370.wav,6
/USERSPACE/DATASETS/CodecFake/train/F06_p276_433.wav,6
/USERSPACE/DATASETS/CodecFake/train/F06_p255_129.wav,6
/USERSPACE/DATASETS/CodecFake/train/F06_p335_304.wav,6
/USERSPACE/DATASETS/CodecFake/train/F06_p318_407.wav,6
/USERSPACE/DATASETS/CodecFake/train/F06_SSB08090077.wav,6
/USERSPACE/DATASETS/CodecFake/train/F06_SSB07600316.wav,6
/USERSPACE/DATASETS/CodecFake/train/F06_SSB13920378.wav,6
/USERSPACE/DATASETS/CodecFake/train/F06_SSB17590247.wav,6
/USERSPACE/DATASETS/CodecFake/train/F06_SSB10910178.wav,6
/USERSPACE/DATASETS/CodecFake/train/F06_SSB19180452.wav,6
/USERSPACE/DATASETS/CodecFake/train/F06_SSB06660131.wav,6
/USERSPACE/DATASETS/CodecFake/train/F06_p285_339.wav,6
/USERSPACE/DATASETS/CodecFake/train/F06_SSB01970300.wav,6
/USERSPACE/DATASETS/CodecFake/train/F06_p362_201.wav,6
/USERSPACE/DATASETS/CodecFake/train/F06_p245_215.wav,6
/USERSPACE/DATASETS/CodecFake/train/F06_SSB07600272.wav,6
/USERSPACE/DATASETS/CodecFake/train/F06_SSB03380444.wav,6
/USERSPACE/DATASETS/CodecFake/train/F06_SSB05940149.wav,6
/USERSPACE/DATASETS/CodecFake/train/F06_SSB16240015.wav,6
/USERSPACE/DATASETS/CodecFake/train/F06_p317_143.wav,6
/USERSPACE/DATASETS/CodecFake/train/F06_SSB16070413.wav,6
/USERSPACE/DATASETS/CodecFake/train/F06_SSB09870227.wav,6
/USERSPACE/DATASETS/CodecFake/train/F06_p310_218.wav,6
/USERSPACE/DATASETS/CodecFake/train/F06_SSB13280188.wav,6
/USERSPACE/DATASETS/CodecFake/train/F06_SSB13660092.wav,6
/USERSPACE/DATASETS/CodecFake/train/F06_SSB01220359.wav,6
/USERSPACE/DATASETS/CodecFake/train/F06_SSB18910385.wav,6
/USERSPACE/DATASETS/CodecFake/train/F06_SSB07020400.wav,6
/USERSPACE/DATASETS/CodecFake/train/F06_SSB04270083.wav,6
/USERSPACE/DATASETS/CodecFake/train/F06_p362_010.wav,6
/USERSPACE/DATASETS/CodecFake/train/F06_p314_300.wav,6
/USERSPACE/DATASETS/CodecFake/train/F06_SSB11100275.wav,6
/USERSPACE/DATASETS/CodecFake/train/F06_p236_183.wav,6
/USERSPACE/DATASETS/CodecFake/train/F06_SSB05440149.wav,6
/USERSPACE/DATASETS/CodecFake/train/F06_SSB18910188.wav,6
/USERSPACE/DATASETS/CodecFake/train/F06_SSB00090469.wav,6
/USERSPACE/DATASETS/CodecFake/train/F06_p340_162.wav,6
/USERSPACE/DATASETS/CodecFake/train/F06_SSB12180221.wav,6
/USERSPACE/DATASETS/CodecFake/train/F06_p232_108.wav,6
/USERSPACE/DATASETS/CodecFake/train/F06_p292_293.wav,6
/USERSPACE/DATASETS/CodecFake/train/F06_SSB03930451.wav,6
/USERSPACE/DATASETS/CodecFake/train/F06_SSB03420304.wav,6
/USERSPACE/DATASETS/CodecFake/train/F06_SSB10720189.wav,6
/USERSPACE/DATASETS/CodecFake/train/F06_SSB10020232.wav,6
/USERSPACE/DATASETS/CodecFake/train/F06_SSB08090261.wav,6
/USERSPACE/DATASETS/CodecFake/train/F06_SSB12180363.wav,6
/USERSPACE/DATASETS/CodecFake/train/F06_SSB15630062.wav,6
/USERSPACE/DATASETS/CodecFake/train/F06_SSB10020367.wav,6
/USERSPACE/DATASETS/CodecFake/train/F06_SSB03540303.wav,6
/USERSPACE/DATASETS/CodecFake/train/F06_SSB14020224.wav,6
/USERSPACE/DATASETS/CodecFake/train/F06_SSB03160213.wav,6
/USERSPACE/DATASETS/CodecFake/train/F06_p313_382.wav,6
/USERSPACE/DATASETS/CodecFake/train/F06_SSB02990185.wav,6
/USERSPACE/DATASETS/CodecFake/train/F06_p304_333.wav,6
/USERSPACE/DATASETS/CodecFake/train/F06_p307_347.wav,6
/USERSPACE/DATASETS/CodecFake/train/F06_SSB15930273.wav,6
/USERSPACE/DATASETS/CodecFake/train/F06_SSB08220117.wav,6
/USERSPACE/DATASETS/CodecFake/train/F06_SSB02870271.wav,6
/USERSPACE/DATASETS/CodecFake/train/F06_SSB14020465.wav,6
/USERSPACE/DATASETS/CodecFake/train/F06_p303_059.wav,6
/USERSPACE/DATASETS/CodecFake/train/F06_SSB16500125.wav,6
/USERSPACE/DATASETS/CodecFake/train/F06_SSB07800047.wav,6
/USERSPACE/DATASETS/CodecFake/train/F06_p245_299.wav,6
/USERSPACE/DATASETS/CodecFake/train/F06_p305_324.wav,6
/USERSPACE/DATASETS/CodecFake/train/F06_SSB13990371.wav,6
/USERSPACE/DATASETS/CodecFake/train/F06_SSB02670099.wav,6
/USERSPACE/DATASETS/CodecFake/train/F06_SSB10080455.wav,6
/USERSPACE/DATASETS/CodecFake/train/F06_SSB07230011.wav,6
/USERSPACE/DATASETS/CodecFake/train/F06_p376_196.wav,6
/USERSPACE/DATASETS/CodecFake/train/F06_SSB03850076.wav,6
/USERSPACE/DATASETS/CodecFake/train/F06_p274_010.wav,6
/USERSPACE/DATASETS/CodecFake/train/F06_SSB01220268.wav,6
/USERSPACE/DATASETS/CodecFake/train/F06_p280_238.wav,6
/USERSPACE/DATASETS/CodecFake/train/F06_SSB00730216.wav,6
/USERSPACE/DATASETS/CodecFake/train/F06_p300_329.wav,6
/USERSPACE/DATASETS/CodecFake/train/F06_SSB17390023.wav,6
/USERSPACE/DATASETS/CodecFake/train/F06_p247_373.wav,6
/USERSPACE/DATASETS/CodecFake/train/F06_p269_201.wav,6
/USERSPACE/DATASETS/CodecFake/train/F06_SSB08220339.wav,6
/USERSPACE/DATASETS/CodecFake/train/F06_p247_197.wav,6
/USERSPACE/DATASETS/CodecFake/train/F06_SSB09350279.wav,6
/USERSPACE/DATASETS/CodecFake/train/F06_SSB01390265.wav,6
/USERSPACE/DATASETS/CodecFake/train/F06_p302_083.wav,6
/USERSPACE/DATASETS/CodecFake/train/F06_SSB04150040.wav,6
/USERSPACE/DATASETS/CodecFake/train/F06_p298_168.wav,6
/USERSPACE/DATASETS/CodecFake/train/F06_SSB09870352.wav,6
/USERSPACE/DATASETS/CodecFake/train/F06_p294_010.wav,6
/USERSPACE/DATASETS/CodecFake/train/F06_SSB00110083.wav,6
/USERSPACE/DATASETS/CodecFake/train/F06_SSB11380027.wav,6
/USERSPACE/DATASETS/CodecFake/train/F06_p286_422.wav,6
/USERSPACE/DATASETS/CodecFake/train/F06_SSB11000194.wav,6
/USERSPACE/DATASETS/CodecFake/train/F06_p229_085.wav,6
/USERSPACE/DATASETS/CodecFake/train/F06_SSB03380131.wav,6
/USERSPACE/DATASETS/CodecFake/train/F06_SSB17110307.wav,6
/USERSPACE/DATASETS/CodecFake/train/F06_SSB04270434.wav,6
/USERSPACE/DATASETS/CodecFake/train/F06_SSB09190171.wav,6
/USERSPACE/DATASETS/CodecFake/train/F06_p276_092.wav,6
/USERSPACE/DATASETS/CodecFake/train/F06_SSB00800222.wav,6
/USERSPACE/DATASETS/CodecFake/train/F06_SSB16990378.wav,6
/USERSPACE/DATASETS/CodecFake/train/F06_SSB03160382.wav,6
/USERSPACE/DATASETS/CodecFake/train/F06_SSB16070049.wav,6
/USERSPACE/DATASETS/CodecFake/train/F06_SSB00160242.wav,6
/USERSPACE/DATASETS/CodecFake/train/F06_SSB12530087.wav,6
/USERSPACE/DATASETS/CodecFake/train/F06_SSB05340459.wav,6
/USERSPACE/DATASETS/CodecFake/train/F06_p284_128.wav,6
/USERSPACE/DATASETS/CodecFake/train/F06_p306_101.wav,6
/USERSPACE/DATASETS/CodecFake/train/F06_SSB07510100.wav,6
/USERSPACE/DATASETS/CodecFake/train/F06_SSB02730183.wav,6
/USERSPACE/DATASETS/CodecFake/train/F06_SSB07170079.wav,6
/USERSPACE/DATASETS/CodecFake/train/F06_SSB06660038.wav,6
/USERSPACE/DATASETS/CodecFake/train/F06_p227_366.wav,6
/USERSPACE/DATASETS/CodecFake/train/F06_SSB06660199.wav,6
/USERSPACE/DATASETS/CodecFake/train/F06_p302_215.wav,6
/USERSPACE/DATASETS/CodecFake/train/F06_SSB06230146.wav,6
/USERSPACE/DATASETS/CodecFake/train/F06_p227_123.wav,6
/USERSPACE/DATASETS/CodecFake/train/F06_SSB11360087.wav,6
/USERSPACE/DATASETS/CodecFake/train/F06_SSB14570394.wav,6
/USERSPACE/DATASETS/CodecFake/train/F06_p241_273.wav,6
/USERSPACE/DATASETS/CodecFake/train/F06_SSB08090286.wav,6
/USERSPACE/DATASETS/CodecFake/train/F06_p260_199.wav,6
/USERSPACE/DATASETS/CodecFake/train/F06_SSB04340217.wav,6
/USERSPACE/DATASETS/CodecFake/train/F06_p286_269.wav,6
/USERSPACE/DATASETS/CodecFake/train/F06_SSB07370043.wav,6
/USERSPACE/DATASETS/CodecFake/train/F06_p312_203.wav,6
/USERSPACE/DATASETS/CodecFake/train/F06_SSB03150173.wav,6
/USERSPACE/DATASETS/CodecFake/train/F06_SSB05390391.wav,6
/USERSPACE/DATASETS/CodecFake/train/F06_SSB02670107.wav,6
/USERSPACE/DATASETS/CodecFake/train/F06_p265_027.wav,6
/USERSPACE/DATASETS/CodecFake/train/F06_SSB02610347.wav,6
/USERSPACE/DATASETS/CodecFake/train/F06_SSB19350138.wav,6
/USERSPACE/DATASETS/CodecFake/train/F06_SSB00380401.wav,6
/USERSPACE/DATASETS/CodecFake/train/F06_p274_130.wav,6
/USERSPACE/DATASETS/CodecFake/train/F06_p251_289.wav,6
/USERSPACE/DATASETS/CodecFake/train/F06_p304_197.wav,6
/USERSPACE/DATASETS/CodecFake/train/F06_SSB02410243.wav,6
/USERSPACE/DATASETS/CodecFake/train/F06_SSB03800167.wav,6
/USERSPACE/DATASETS/CodecFake/train/F06_SSB12530374.wav,6
/USERSPACE/DATASETS/CodecFake/train/F06_SSB14310039.wav,6
/USERSPACE/DATASETS/CodecFake/train/F06_p306_155.wav,6
/USERSPACE/DATASETS/CodecFake/train/F06_SSB02990497.wav,6
/USERSPACE/DATASETS/CodecFake/train/F06_SSB07100373.wav,6
/USERSPACE/DATASETS/CodecFake/train/F06_SSB07780025.wav,6
/USERSPACE/DATASETS/CodecFake/train/F06_p336_131.wav,6
/USERSPACE/DATASETS/CodecFake/train/F06_p312_304.wav,6
/USERSPACE/DATASETS/CodecFake/train/F06_SSB10910068.wav,6
/USERSPACE/DATASETS/CodecFake/train/F06_SSB00180496.wav,6
/USERSPACE/DATASETS/CodecFake/train/F06_SSB02990105.wav,6
/USERSPACE/DATASETS/CodecFake/train/F06_p264_484.wav,6
/USERSPACE/DATASETS/CodecFake/train/F06_SSB06230129.wav,6
/USERSPACE/DATASETS/CodecFake/train/F06_SSB03410015.wav,6
/USERSPACE/DATASETS/CodecFake/train/F06_p245_032.wav,6
/USERSPACE/DATASETS/CodecFake/train/F06_p343_114.wav,6
/USERSPACE/DATASETS/CodecFake/train/F06_SSB05650054.wav,6
/USERSPACE/DATASETS/CodecFake/train/F06_p347_378.wav,6
/USERSPACE/DATASETS/CodecFake/train/F06_SSB00110130.wav,6
/USERSPACE/DATASETS/CodecFake/train/F06_SSB11350330.wav,6
/USERSPACE/DATASETS/CodecFake/train/F06_SSB06070029.wav,6
/USERSPACE/DATASETS/CodecFake/train/F06_SSB06930053.wav,6
/USERSPACE/DATASETS/CodecFake/train/F06_SSB03790008.wav,6
/USERSPACE/DATASETS/CodecFake/train/F06_p249_088.wav,6
/USERSPACE/DATASETS/CodecFake/train/F06_SSB00730473.wav,6
/USERSPACE/DATASETS/CodecFake/train/F06_p282_282.wav,6
/USERSPACE/DATASETS/CodecFake/train/F06_SSB00430365.wav,6
/USERSPACE/DATASETS/CodecFake/train/F06_SSB02670354.wav,6
/USERSPACE/DATASETS/CodecFake/train/F06_SSB03750340.wav,6
/USERSPACE/DATASETS/CodecFake/train/F06_p374_209.wav,6
/USERSPACE/DATASETS/CodecFake/train/F06_SSB10000260.wav,6
/USERSPACE/DATASETS/CodecFake/train/F06_p273_097.wav,6
/USERSPACE/DATASETS/CodecFake/train/F06_SSB08630441.wav,6
/USERSPACE/DATASETS/CodecFake/train/F06_p233_096.wav,6
/USERSPACE/DATASETS/CodecFake/train/F06_SSB05940244.wav,6
/USERSPACE/DATASETS/CodecFake/train/F06_p226_213.wav,6
/USERSPACE/DATASETS/CodecFake/train/F06_SSB10200338.wav,6
/USERSPACE/DATASETS/CodecFake/train/F06_p347_149.wav,6
/USERSPACE/DATASETS/CodecFake/train/F06_SSB08870097.wav,6
/USERSPACE/DATASETS/CodecFake/train/F06_SSB17110034.wav,6
/USERSPACE/DATASETS/CodecFake/train/F06_SSB03930167.wav,6
/USERSPACE/DATASETS/CodecFake/train/F06_SSB05900458.wav,6
/USERSPACE/DATASETS/CodecFake/train/F06_SSB12530440.wav,6
/USERSPACE/DATASETS/CodecFake/train/F06_p360_180.wav,6
/USERSPACE/DATASETS/CodecFake/train/F06_SSB15930255.wav,6
/USERSPACE/DATASETS/CodecFake/train/F06_p276_375.wav,6
/USERSPACE/DATASETS/CodecFake/train/F06_p253_173.wav,6
/USERSPACE/DATASETS/CodecFake/train/F06_SSB07100182.wav,6
/USERSPACE/DATASETS/CodecFake/train/F06_SSB10240467.wav,6
/USERSPACE/DATASETS/CodecFake/train/F06_p269_042.wav,6
/USERSPACE/DATASETS/CodecFake/train/F06_SSB10560392.wav,6
/USERSPACE/DATASETS/CodecFake/train/F06_SSB05700014.wav,6
/USERSPACE/DATASETS/CodecFake/train/F06_SSB17450467.wav,6
/USERSPACE/DATASETS/CodecFake/train/F06_SSB10550019.wav,6
/USERSPACE/DATASETS/CodecFake/train/F06_SSB01220124.wav,6
/USERSPACE/DATASETS/CodecFake/train/F06_SSB10010174.wav,6
/USERSPACE/DATASETS/CodecFake/train/F06_SSB01390197.wav,6
/USERSPACE/DATASETS/CodecFake/train/F06_SSB06010229.wav,6
/USERSPACE/DATASETS/CodecFake/train/F06_p262_066.wav,6
/USERSPACE/DATASETS/CodecFake/train/F06_SSB00330203.wav,6
/USERSPACE/DATASETS/CodecFake/train/F06_p250_200.wav,6
/USERSPACE/DATASETS/CodecFake/train/F06_p232_305.wav,6
/USERSPACE/DATASETS/CodecFake/train/F06_p277_066.wav,6
/USERSPACE/DATASETS/CodecFake/train/F06_p272_208.wav,6
/USERSPACE/DATASETS/CodecFake/train/F06_SSB05940390.wav,6
/USERSPACE/DATASETS/CodecFake/train/F06_SSB11970239.wav,6
/USERSPACE/DATASETS/CodecFake/train/F06_p231_361.wav,6
/USERSPACE/DATASETS/CodecFake/train/F06_SSB06660319.wav,6
/USERSPACE/DATASETS/CodecFake/train/F06_SSB10500126.wav,6
/USERSPACE/DATASETS/CodecFake/train/F06_SSB02990314.wav,6
/USERSPACE/DATASETS/CodecFake/train/F06_SSB07370175.wav,6
/USERSPACE/DATASETS/CodecFake/train/F06_p261_305.wav,6
/USERSPACE/DATASETS/CodecFake/train/F06_SSB07940460.wav,6
/USERSPACE/DATASETS/CodecFake/train/F06_SSB16300439.wav,6
/USERSPACE/DATASETS/CodecFake/train/F06_SSB10720001.wav,6
/USERSPACE/DATASETS/CodecFake/train/F06_SSB12190468.wav,6
/USERSPACE/DATASETS/CodecFake/train/F06_SSB00800332.wav,6
/USERSPACE/DATASETS/CodecFake/train/F06_SSB04070358.wav,6
/USERSPACE/DATASETS/CodecFake/train/F06_SSB00380265.wav,6
/USERSPACE/DATASETS/CodecFake/train/F06_p256_149.wav,6
/USERSPACE/DATASETS/CodecFake/train/F06_SSB03160137.wav,6
/USERSPACE/DATASETS/CodecFake/train/F06_SSB01390247.wav,6
/USERSPACE/DATASETS/CodecFake/train/F06_SSB06660013.wav,6
/USERSPACE/DATASETS/CodecFake/train/F06_SSB18910368.wav,6
/USERSPACE/DATASETS/CodecFake/train/F06_SSB01930360.wav,6
/USERSPACE/DATASETS/CodecFake/train/F06_p335_047.wav,6
/USERSPACE/DATASETS/CodecFake/train/F06_SSB03850137.wav,6
/USERSPACE/DATASETS/CodecFake/train/F06_SSB03750212.wav,6
/USERSPACE/DATASETS/CodecFake/train/F06_SSB03950480.wav,6
/USERSPACE/DATASETS/CodecFake/train/F06_SSB06010190.wav,6
/USERSPACE/DATASETS/CodecFake/train/F06_SSB09130242.wav,6
/USERSPACE/DATASETS/CodecFake/train/F06_p239_246.wav,6
/USERSPACE/DATASETS/CodecFake/train/F06_p266_127.wav,6
/USERSPACE/DATASETS/CodecFake/train/F06_SSB05440356.wav,6
/USERSPACE/DATASETS/CodecFake/train/F06_SSB06060152.wav,6
/USERSPACE/DATASETS/CodecFake/train/F06_SSB06070217.wav,6
/USERSPACE/DATASETS/CodecFake/train/F06_SSB04270211.wav,6
/USERSPACE/DATASETS/CodecFake/train/F06_SSB09970162.wav,6
/USERSPACE/DATASETS/CodecFake/train/F06_SSB13990212.wav,6
/USERSPACE/DATASETS/CodecFake/train/F06_SSB02610303.wav,6
/USERSPACE/DATASETS/CodecFake/train/F06_SSB05650270.wav,6
/USERSPACE/DATASETS/CodecFake/train/F06_SSB17820070.wav,6
/USERSPACE/DATASETS/CodecFake/train/F06_SSB17590397.wav,6
/USERSPACE/DATASETS/CodecFake/train/F06_SSB18370196.wav,6
/USERSPACE/DATASETS/CodecFake/train/F06_SSB18780270.wav,6
/USERSPACE/DATASETS/CodecFake/train/F06_p239_463.wav,6
/USERSPACE/DATASETS/CodecFake/train/F06_SSB07460089.wav,6
/USERSPACE/DATASETS/CodecFake/train/F06_SSB08710045.wav,6
/USERSPACE/DATASETS/CodecFake/train/F06_p317_299.wav,6
/USERSPACE/DATASETS/CodecFake/train/F06_SSB11260168.wav,6
/USERSPACE/DATASETS/CodecFake/train/F06_p286_312.wav,6
/USERSPACE/DATASETS/CodecFake/train/F06_p250_374.wav,6
/USERSPACE/DATASETS/CodecFake/train/F06_SSB01390291.wav,6
/USERSPACE/DATASETS/CodecFake/train/F06_SSB14570194.wav,6
/USERSPACE/DATASETS/CodecFake/train/F06_p225_023.wav,6
/USERSPACE/DATASETS/CodecFake/train/F06_SSB03230105.wav,6
/USERSPACE/DATASETS/CodecFake/train/F06_SSB00050435.wav,6
/USERSPACE/DATASETS/CodecFake/train/F06_p351_191.wav,6
/USERSPACE/DATASETS/CodecFake/train/F06_p285_313.wav,6
/USERSPACE/DATASETS/CodecFake/train/F06_p374_072.wav,6
/USERSPACE/DATASETS/CodecFake/train/F06_p323_415.wav,6
/USERSPACE/DATASETS/CodecFake/train/F06_p247_086.wav,6
/USERSPACE/DATASETS/CodecFake/train/F06_SSB19560195.wav,6
/USERSPACE/DATASETS/CodecFake/train/F06_SSB11100277.wav,6
/USERSPACE/DATASETS/CodecFake/train/F06_SSB12390113.wav,6
/USERSPACE/DATASETS/CodecFake/train/F06_SSB12160096.wav,6
/USERSPACE/DATASETS/CodecFake/train/F06_SSB07940431.wav,6
/USERSPACE/DATASETS/CodecFake/train/F06_SSB12390359.wav,6
/USERSPACE/DATASETS/CodecFake/train/F06_p314_390.wav,6
/USERSPACE/DATASETS/CodecFake/train/F06_SSB01120413.wav,6
/USERSPACE/DATASETS/CodecFake/train/F06_SSB03660404.wav,6
/USERSPACE/DATASETS/CodecFake/train/F06_SSB01330229.wav,6
/USERSPACE/DATASETS/CodecFake/train/F06_SSB09190468.wav,6
/USERSPACE/DATASETS/CodecFake/train/F06_p271_189.wav,6
/USERSPACE/DATASETS/CodecFake/train/F06_SSB03660034.wav,6
/USERSPACE/DATASETS/CodecFake/train/F06_SSB02730311.wav,6
/USERSPACE/DATASETS/CodecFake/train/F06_p293_113.wav,6
/USERSPACE/DATASETS/CodecFake/train/F06_SSB06140210.wav,6
/USERSPACE/DATASETS/CodecFake/train/F06_SSB03160047.wav,6
/USERSPACE/DATASETS/CodecFake/train/F06_p294_351.wav,6
/USERSPACE/DATASETS/CodecFake/train/F06_p292_294.wav,6
/USERSPACE/DATASETS/CodecFake/train/F06_SSB09130257.wav,6
/USERSPACE/DATASETS/CodecFake/train/F06_p361_262.wav,6
/USERSPACE/DATASETS/CodecFake/train/F06_SSB13650165.wav,6
/USERSPACE/DATASETS/CodecFake/train/F06_SSB17450391.wav,6
/USERSPACE/DATASETS/CodecFake/train/F06_SSB19350294.wav,6
/USERSPACE/DATASETS/CodecFake/train/F06_p283_002.wav,6
/USERSPACE/DATASETS/CodecFake/train/F06_SSB19390059.wav,6
/USERSPACE/DATASETS/CodecFake/train/F06_SSB12160065.wav,6
/USERSPACE/DATASETS/CodecFake/train/F06_SSB05780502.wav,6
/USERSPACE/DATASETS/CodecFake/train/F06_SSB07000211.wav,6
/USERSPACE/DATASETS/CodecFake/train/F06_SSB06070002.wav,6
/USERSPACE/DATASETS/CodecFake/train/F06_p257_066.wav,6
/USERSPACE/DATASETS/CodecFake/train/F06_p276_136.wav,6
/USERSPACE/DATASETS/CodecFake/train/F06_SSB18720162.wav,6
/USERSPACE/DATASETS/CodecFake/train/F06_SSB00180042.wav,6
/USERSPACE/DATASETS/CodecFake/train/F06_p363_267.wav,6
/USERSPACE/DATASETS/CodecFake/train/F06_SSB07100269.wav,6
/USERSPACE/DATASETS/CodecFake/train/F06_SSB07200406.wav,6
/USERSPACE/DATASETS/CodecFake/train/F06_SSB06290331.wav,6
/USERSPACE/DATASETS/CodecFake/train/F06_SSB07860396.wav,6
/USERSPACE/DATASETS/CodecFake/train/F06_p265_071.wav,6
/USERSPACE/DATASETS/CodecFake/train/F06_SSB00800126.wav,6
/USERSPACE/DATASETS/CodecFake/train/F06_SSB12390349.wav,6
/USERSPACE/DATASETS/CodecFake/train/F06_p351_211.wav,6
/USERSPACE/DATASETS/CodecFake/train/F06_p262_045.wav,6
/USERSPACE/DATASETS/CodecFake/train/F06_SSB07510316.wav,6
/USERSPACE/DATASETS/CodecFake/train/F06_p317_072.wav,6
/USERSPACE/DATASETS/CodecFake/train/F06_SSB19390240.wav,6
/USERSPACE/DATASETS/CodecFake/train/F06_SSB03660271.wav,6
/USERSPACE/DATASETS/CodecFake/train/F06_SSB06660176.wav,6
/USERSPACE/DATASETS/CodecFake/train/F06_p249_276.wav,6
/USERSPACE/DATASETS/CodecFake/train/F06_p323_359.wav,6
/USERSPACE/DATASETS/CodecFake/train/F06_SSB00180035.wav,6
/USERSPACE/DATASETS/CodecFake/train/F06_SSB15670218.wav,6
/USERSPACE/DATASETS/CodecFake/train/F06_SSB00050357.wav,6
/USERSPACE/DATASETS/CodecFake/train/F06_SSB07170426.wav,6
/USERSPACE/DATASETS/CodecFake/train/F06_p376_031.wav,6
/USERSPACE/DATASETS/CodecFake/train/F06_p278_276.wav,6
/USERSPACE/DATASETS/CodecFake/train/F06_SSB10720087.wav,6
/USERSPACE/DATASETS/CodecFake/train/F06_p283_370.wav,6
/USERSPACE/DATASETS/CodecFake/train/F06_SSB02460227.wav,6
/USERSPACE/DATASETS/CodecFake/train/F06_p313_394.wav,6
/USERSPACE/DATASETS/CodecFake/train/F06_SSB00180086.wav,6
/USERSPACE/DATASETS/CodecFake/train/F06_SSB04270218.wav,6
/USERSPACE/DATASETS/CodecFake/train/F06_p229_326.wav,6
/USERSPACE/DATASETS/CodecFake/train/F06_SSB03790445.wav,6
/USERSPACE/DATASETS/CodecFake/train/F06_p310_102.wav,6
/USERSPACE/DATASETS/CodecFake/train/F06_p307_054.wav,6
/USERSPACE/DATASETS/CodecFake/train/F06_SSB15630199.wav,6
/USERSPACE/DATASETS/CodecFake/train/F06_p282_303.wav,6
/USERSPACE/DATASETS/CodecFake/train/F06_SSB07170366.wav,6
/USERSPACE/DATASETS/CodecFake/train/F06_SSB15670364.wav,6
/USERSPACE/DATASETS/CodecFake/train/F06_p295_249.wav,6
/USERSPACE/DATASETS/CodecFake/train/F06_p228_365.wav,6
/USERSPACE/DATASETS/CodecFake/train/F06_SSB13020450.wav,6
/USERSPACE/DATASETS/CodecFake/train/F06_SSB00730417.wav,6
/USERSPACE/DATASETS/CodecFake/train/F06_SSB14570450.wav,6
/USERSPACE/DATASETS/CodecFake/train/F06_p326_063.wav,6
/USERSPACE/DATASETS/CodecFake/train/F06_SSB18310125.wav,6
/USERSPACE/DATASETS/CodecFake/train/F06_p228_190.wav,6
/USERSPACE/DATASETS/CodecFake/train/F06_SSB00090075.wav,6
/USERSPACE/DATASETS/CodecFake/train/F06_SSB05650007.wav,6
/USERSPACE/DATASETS/CodecFake/train/F06_SSB11100017.wav,6
/USERSPACE/DATASETS/CodecFake/train/F06_SSB10010474.wav,6
/USERSPACE/DATASETS/CodecFake/train/F06_p288_147.wav,6
/USERSPACE/DATASETS/CodecFake/train/F06_p316_380.wav,6
/USERSPACE/DATASETS/CodecFake/train/F06_SSB06320119.wav,6
/USERSPACE/DATASETS/CodecFake/train/F06_p297_105.wav,6
/USERSPACE/DATASETS/CodecFake/train/F06_SSB13830348.wav,6
/USERSPACE/DATASETS/CodecFake/train/F06_SSB13400222.wav,6
/USERSPACE/DATASETS/CodecFake/train/F06_p237_044.wav,6
/USERSPACE/DATASETS/CodecFake/train/F06_p280_250.wav,6
/USERSPACE/DATASETS/CodecFake/train/F06_SSB06140029.wav,6
/USERSPACE/DATASETS/CodecFake/train/F06_SSB00180459.wav,6
/USERSPACE/DATASETS/CodecFake/train/F06_SSB09150429.wav,6
/USERSPACE/DATASETS/CodecFake/train/F06_SSB13200502.wav,6
/USERSPACE/DATASETS/CodecFake/train/F06_p339_057.wav,6
/USERSPACE/DATASETS/CodecFake/train/F06_SSB03160261.wav,6
/USERSPACE/DATASETS/CodecFake/train/F06_SSB07480294.wav,6
/USERSPACE/DATASETS/CodecFake/train/F06_SSB18630045.wav,6
/USERSPACE/DATASETS/CodecFake/train/F06_p284_297.wav,6
/USERSPACE/DATASETS/CodecFake/train/F06_SSB14570002.wav,6
/USERSPACE/DATASETS/CodecFake/train/F06_p261_229.wav,6
/USERSPACE/DATASETS/CodecFake/train/F06_SSB02870053.wav,6
/USERSPACE/DATASETS/CodecFake/train/F06_p361_108.wav,6
/USERSPACE/DATASETS/CodecFake/train/F06_p334_384.wav,6
/USERSPACE/DATASETS/CodecFake/train/F06_SSB07510451.wav,6
/USERSPACE/DATASETS/CodecFake/train/F06_p362_305.wav,6
/USERSPACE/DATASETS/CodecFake/train/F06_p314_242.wav,6
/USERSPACE/DATASETS/CodecFake/train/F06_p234_259.wav,6
/USERSPACE/DATASETS/CodecFake/train/F06_p226_131.wav,6
/USERSPACE/DATASETS/CodecFake/train/F06_SSB02410251.wav,6
/USERSPACE/DATASETS/CodecFake/train/F06_SSB16250085.wav,6
/USERSPACE/DATASETS/CodecFake/train/F06_SSB03410282.wav,6
/USERSPACE/DATASETS/CodecFake/train/F06_SSB15670043.wav,6
/USERSPACE/DATASETS/CodecFake/train/F06_p318_069.wav,6
/USERSPACE/DATASETS/CodecFake/train/F06_p310_370.wav,6
/USERSPACE/DATASETS/CodecFake/train/F06_p271_327.wav,6
/USERSPACE/DATASETS/CodecFake/train/F06_p257_102.wav,6
/USERSPACE/DATASETS/CodecFake/train/F06_p279_309.wav,6
/USERSPACE/DATASETS/CodecFake/train/F06_SSB03150193.wav,6
/USERSPACE/DATASETS/CodecFake/train/F06_p314_367.wav,6
/USERSPACE/DATASETS/CodecFake/train/F06_SSB04700455.wav,6
/USERSPACE/DATASETS/CodecFake/train/F06_p314_348.wav,6
/USERSPACE/DATASETS/CodecFake/train/F06_p298_276.wav,6
/USERSPACE/DATASETS/CodecFake/train/F06_SSB18310465.wav,6
/USERSPACE/DATASETS/CodecFake/train/F06_p245_124.wav,6
/USERSPACE/DATASETS/CodecFake/train/F06_p363_072.wav,6
/USERSPACE/DATASETS/CodecFake/train/F06_SSB08090169.wav,6
/USERSPACE/DATASETS/CodecFake/train/F06_p265_096.wav,6
/USERSPACE/DATASETS/CodecFake/train/F06_p228_099.wav,6
/USERSPACE/DATASETS/CodecFake/train/F06_SSB01450048.wav,6
/USERSPACE/DATASETS/CodecFake/train/F06_SSB07800460.wav,6
/USERSPACE/DATASETS/CodecFake/train/F06_SSB18720258.wav,6
/USERSPACE/DATASETS/CodecFake/train/F06_SSB09660308.wav,6
/USERSPACE/DATASETS/CodecFake/train/F06_SSB10200078.wav,6
/USERSPACE/DATASETS/CodecFake/train/F06_SSB13850274.wav,6
/USERSPACE/DATASETS/CodecFake/train/F06_SSB03930200.wav,6
/USERSPACE/DATASETS/CodecFake/train/F06_SSB10200397.wav,6
/USERSPACE/DATASETS/CodecFake/train/F06_SSB09350111.wav,6
/USERSPACE/DATASETS/CodecFake/train/F06_p257_078.wav,6
/USERSPACE/DATASETS/CodecFake/train/F06_p316_197.wav,6
/USERSPACE/DATASETS/CodecFake/train/F06_SSB07480258.wav,6
/USERSPACE/DATASETS/CodecFake/train/F06_SSB02990425.wav,6
/USERSPACE/DATASETS/CodecFake/train/F06_SSB18060408.wav,6
/USERSPACE/DATASETS/CodecFake/train/F06_p283_392.wav,6
/USERSPACE/DATASETS/CodecFake/train/F06_SSB03090395.wav,6
/USERSPACE/DATASETS/CodecFake/train/F06_SSB05020078.wav,6
/USERSPACE/DATASETS/CodecFake/train/F06_p255_146.wav,6
/USERSPACE/DATASETS/CodecFake/train/F06_SSB06140393.wav,6
/USERSPACE/DATASETS/CodecFake/train/F06_SSB03390378.wav,6
/USERSPACE/DATASETS/CodecFake/train/F06_SSB00180492.wav,6
/USERSPACE/DATASETS/CodecFake/train/F06_SSB17450027.wav,6
/USERSPACE/DATASETS/CodecFake/train/F06_p229_018.wav,6
/USERSPACE/DATASETS/CodecFake/train/F06_p225_117.wav,6
/USERSPACE/DATASETS/CodecFake/train/F06_SSB18630025.wav,6
/USERSPACE/DATASETS/CodecFake/train/F06_SSB06860362.wav,6
/USERSPACE/DATASETS/CodecFake/train/F06_SSB03930291.wav,6
/USERSPACE/DATASETS/CodecFake/train/F06_SSB00160092.wav,6
/USERSPACE/DATASETS/CodecFake/train/F06_SSB07160125.wav,6
/USERSPACE/DATASETS/CodecFake/train/F06_SSB12390067.wav,6
/USERSPACE/DATASETS/CodecFake/train/F06_SSB15750465.wav,6
/USERSPACE/DATASETS/CodecFake/train/F06_SSB10240031.wav,6
/USERSPACE/DATASETS/CodecFake/train/F06_p313_373.wav,6
/USERSPACE/DATASETS/CodecFake/train/F06_SSB13410347.wav,6
/USERSPACE/DATASETS/CodecFake/train/F06_SSB06680185.wav,6
/USERSPACE/DATASETS/CodecFake/train/F06_SSB07170032.wav,6
/USERSPACE/DATASETS/CodecFake/train/F06_SSB14080249.wav,6
/USERSPACE/DATASETS/CodecFake/train/F06_SSB09130003.wav,6
/USERSPACE/DATASETS/CodecFake/train/F06_p251_360.wav,6
/USERSPACE/DATASETS/CodecFake/train/F06_SSB03850355.wav,6
/USERSPACE/DATASETS/CodecFake/train/F06_SSB10080197.wav,6
/USERSPACE/DATASETS/CodecFake/train/F06_SSB13220477.wav,6
/USERSPACE/DATASETS/CodecFake/train/F06_SSB07840326.wav,6
/USERSPACE/DATASETS/CodecFake/train/F06_SSB03820113.wav,6
/USERSPACE/DATASETS/CodecFake/train/F06_SSB11000333.wav,6
/USERSPACE/DATASETS/CodecFake/train/F06_SSB19560304.wav,6
/USERSPACE/DATASETS/CodecFake/train/F06_SSB03090056.wav,6
/USERSPACE/DATASETS/CodecFake/train/F06_SSB01450345.wav,6
/USERSPACE/DATASETS/CodecFake/train/F06_p268_069.wav,6
/USERSPACE/DATASETS/CodecFake/train/F06_SSB01390338.wav,6
/USERSPACE/DATASETS/CodecFake/train/F06_SSB11350200.wav,6
/USERSPACE/DATASETS/CodecFake/train/F06_SSB02880054.wav,6
/USERSPACE/DATASETS/CodecFake/train/F06_SSB12390163.wav,6
/USERSPACE/DATASETS/CodecFake/train/F06_p265_333.wav,6
/USERSPACE/DATASETS/CodecFake/train/F06_SSB04700108.wav,6
/USERSPACE/DATASETS/CodecFake/train/F06_SSB06310410.wav,6
/USERSPACE/DATASETS/CodecFake/train/F06_p311_126.wav,6
/USERSPACE/DATASETS/CodecFake/train/F06_SSB00050484.wav,6
/USERSPACE/DATASETS/CodecFake/train/F06_SSB14370098.wav,6
/USERSPACE/DATASETS/CodecFake/train/F06_SSB07370470.wav,6
/USERSPACE/DATASETS/CodecFake/train/F06_SSB07580185.wav,6
/USERSPACE/DATASETS/CodecFake/train/F06_SSB05440157.wav,6
/USERSPACE/DATASETS/CodecFake/train/F06_p317_193.wav,6
/USERSPACE/DATASETS/CodecFake/train/F06_SSB11250238.wav,6
/USERSPACE/DATASETS/CodecFake/train/F06_SSB18320344.wav,6
/USERSPACE/DATASETS/CodecFake/train/F06_p229_192.wav,6
/USERSPACE/DATASETS/CodecFake/train/F06_p330_053.wav,6
/USERSPACE/DATASETS/CodecFake/train/F06_p323_099.wav,6
/USERSPACE/DATASETS/CodecFake/train/F06_p263_458.wav,6
/USERSPACE/DATASETS/CodecFake/train/F06_SSB01220237.wav,6
/USERSPACE/DATASETS/CodecFake/train/F06_SSB04270481.wav,6
/USERSPACE/DATASETS/CodecFake/train/F06_SSB05940257.wav,6
/USERSPACE/DATASETS/CodecFake/train/F06_p247_359.wav,6
/USERSPACE/DATASETS/CodecFake/train/F06_p274_433.wav,6
/USERSPACE/DATASETS/CodecFake/train/F06_SSB16700364.wav,6
/USERSPACE/DATASETS/CodecFake/train/F06_p231_146.wav,6
/USERSPACE/DATASETS/CodecFake/train/F06_SSB07460440.wav,6
/USERSPACE/DATASETS/CodecFake/train/F06_p278_410.wav,6
/USERSPACE/DATASETS/CodecFake/train/F06_p254_359.wav,6
/USERSPACE/DATASETS/CodecFake/train/F06_SSB07840121.wav,6
/USERSPACE/DATASETS/CodecFake/train/F06_p292_102.wav,6
/USERSPACE/DATASETS/CodecFake/train/F06_p312_068.wav,6
/USERSPACE/DATASETS/CodecFake/train/F06_SSB06660134.wav,6
/USERSPACE/DATASETS/CodecFake/train/F06_p316_398.wav,6
/USERSPACE/DATASETS/CodecFake/train/F06_SSB03790209.wav,6
/USERSPACE/DATASETS/CodecFake/train/F06_p256_309.wav,6
/USERSPACE/DATASETS/CodecFake/train/F06_SSB10640076.wav,6
/USERSPACE/DATASETS/CodecFake/train/F06_SSB14480464.wav,6
/USERSPACE/DATASETS/CodecFake/train/F06_p313_304.wav,6
/USERSPACE/DATASETS/CodecFake/train/F06_p343_273.wav,6
/USERSPACE/DATASETS/CodecFake/train/F06_SSB09660029.wav,6
/USERSPACE/DATASETS/CodecFake/train/F06_SSB02670504.wav,6
/USERSPACE/DATASETS/CodecFake/train/F06_p237_032.wav,6
/USERSPACE/DATASETS/CodecFake/train/F06_p329_159.wav,6
/USERSPACE/DATASETS/CodecFake/train/F06_p307_141.wav,6
/USERSPACE/DATASETS/CodecFake/train/F06_p333_138.wav,6
/USERSPACE/DATASETS/CodecFake/train/F06_SSB07600425.wav,6
/USERSPACE/DATASETS/CodecFake/train/F06_SSB01450029.wav,6
/USERSPACE/DATASETS/CodecFake/train/F06_SSB03660330.wav,6
/USERSPACE/DATASETS/CodecFake/train/F06_p263_141.wav,6
/USERSPACE/DATASETS/CodecFake/train/F06_SSB07230250.wav,6
/USERSPACE/DATASETS/CodecFake/train/F06_SSB10240386.wav,6
/USERSPACE/DATASETS/CodecFake/train/F06_p263_057.wav,6
/USERSPACE/DATASETS/CodecFake/train/F06_SSB11380452.wav,6
/USERSPACE/DATASETS/CodecFake/train/F06_p294_243.wav,6
/USERSPACE/DATASETS/CodecFake/train/F06_p345_059.wav,6
/USERSPACE/DATASETS/CodecFake/train/F06_SSB13850395.wav,6
/USERSPACE/DATASETS/CodecFake/train/F06_p363_246.wav,6
/USERSPACE/DATASETS/CodecFake/train/F06_SSB01330320.wav,6
/USERSPACE/DATASETS/CodecFake/train/F06_p266_084.wav,6
/USERSPACE/DATASETS/CodecFake/train/F06_SSB12530120.wav,6
/USERSPACE/DATASETS/CodecFake/train/F06_SSB09130383.wav,6
/USERSPACE/DATASETS/CodecFake/train/F06_SSB06320246.wav,6
/USERSPACE/DATASETS/CodecFake/train/F06_SSB06030126.wav,6
/USERSPACE/DATASETS/CodecFake/train/F06_SSB07940279.wav,6
/USERSPACE/DATASETS/CodecFake/train/F06_SSB05880131.wav,6
/USERSPACE/DATASETS/CodecFake/train/F06_p329_120.wav,6
/USERSPACE/DATASETS/CodecFake/train/F06_p304_057.wav,6
/USERSPACE/DATASETS/CodecFake/train/F06_SSB06060304.wav,6
/USERSPACE/DATASETS/CodecFake/train/F06_p255_231.wav,6
/USERSPACE/DATASETS/CodecFake/train/F06_SSB04270068.wav,6
/USERSPACE/DATASETS/CodecFake/train/F06_p363_089.wav,6
/USERSPACE/DATASETS/CodecFake/train/F06_SSB03380380.wav,6
/USERSPACE/DATASETS/CodecFake/train/F06_p256_112.wav,6
/USERSPACE/DATASETS/CodecFake/train/F06_SSB01930424.wav,6
/USERSPACE/DATASETS/CodecFake/train/F06_p275_330.wav,6
/USERSPACE/DATASETS/CodecFake/train/F06_SSB07100133.wav,6
/USERSPACE/DATASETS/CodecFake/train/F06_SSB15670337.wav,6
/USERSPACE/DATASETS/CodecFake/train/F06_SSB03090376.wav,6
/USERSPACE/DATASETS/CodecFake/train/F06_SSB06930422.wav,6
/USERSPACE/DATASETS/CodecFake/train/F06_SSB01490374.wav,6
/USERSPACE/DATASETS/CodecFake/train/F06_SSB18720023.wav,6
/USERSPACE/DATASETS/CodecFake/train/F06_SSB09970262.wav,6
/USERSPACE/DATASETS/CodecFake/train/F06_p285_357.wav,6
/USERSPACE/DATASETS/CodecFake/train/F06_p270_214.wav,6
/USERSPACE/DATASETS/CodecFake/train/F06_SSB06310101.wav,6
/USERSPACE/DATASETS/CodecFake/train/F06_p241_144.wav,6
/USERSPACE/DATASETS/CodecFake/train/F06_SSB18720100.wav,6
/USERSPACE/DATASETS/CodecFake/train/F06_SSB05780046.wav,6
/USERSPACE/DATASETS/CodecFake/train/F06_SSB03790500.wav,6
/USERSPACE/DATASETS/CodecFake/train/F06_SSB03070428.wav,6
/USERSPACE/DATASETS/CodecFake/train/F06_SSB04070394.wav,6
/USERSPACE/DATASETS/CodecFake/train/F06_SSB02000110.wav,6
/USERSPACE/DATASETS/CodecFake/train/F06_SSB09870175.wav,6
/USERSPACE/DATASETS/CodecFake/train/F06_SSB11310015.wav,6
/USERSPACE/DATASETS/CodecFake/train/F06_p298_179.wav,6
/USERSPACE/DATASETS/CodecFake/train/F06_p282_103.wav,6
/USERSPACE/DATASETS/CodecFake/train/F06_p265_253.wav,6
/USERSPACE/DATASETS/CodecFake/train/F06_SSB00730253.wav,6
/USERSPACE/DATASETS/CodecFake/train/F06_SSB07020307.wav,6
/USERSPACE/DATASETS/CodecFake/train/F06_SSB06310371.wav,6
/USERSPACE/DATASETS/CodecFake/train/F06_p226_100.wav,6
/USERSPACE/DATASETS/CodecFake/train/F06_SSB17110197.wav,6
/USERSPACE/DATASETS/CodecFake/train/F06_p282_048.wav,6
/USERSPACE/DATASETS/CodecFake/train/F06_SSB02990505.wav,6
/USERSPACE/DATASETS/CodecFake/train/F06_SSB11350108.wav,6
/USERSPACE/DATASETS/CodecFake/train/F06_SSB16250003.wav,6
/USERSPACE/DATASETS/CodecFake/train/F06_SSB06930126.wav,6
/USERSPACE/DATASETS/CodecFake/train/F06_SSB07800347.wav,6
/USERSPACE/DATASETS/CodecFake/train/F06_SSB11250278.wav,6
/USERSPACE/DATASETS/CodecFake/train/F06_SSB16840234.wav,6
/USERSPACE/DATASETS/CodecFake/train/F06_p231_282.wav,6
/USERSPACE/DATASETS/CodecFake/train/F06_SSB10500459.wav,6
/USERSPACE/DATASETS/CodecFake/train/F06_p326_197.wav,6
/USERSPACE/DATASETS/CodecFake/train/F06_SSB07580422.wav,6
/USERSPACE/DATASETS/CodecFake/train/F06_p363_036.wav,6
/USERSPACE/DATASETS/CodecFake/train/F06_p264_412.wav,6
/USERSPACE/DATASETS/CodecFake/train/F06_p336_064.wav,6
/USERSPACE/DATASETS/CodecFake/train/F06_p252_411.wav,6
/USERSPACE/DATASETS/CodecFake/train/F06_SSB00160163.wav,6
/USERSPACE/DATASETS/CodecFake/train/F06_SSB18370054.wav,6
/USERSPACE/DATASETS/CodecFake/train/F06_SSB00330494.wav,6
/USERSPACE/DATASETS/CodecFake/train/F06_p277_193.wav,6
/USERSPACE/DATASETS/CodecFake/train/F06_SSB11350389.wav,6
/USERSPACE/DATASETS/CodecFake/train/F06_SSB00330447.wav,6
/USERSPACE/DATASETS/CodecFake/train/F06_p305_338.wav,6
/USERSPACE/DATASETS/CodecFake/train/F06_SSB19560118.wav,6
/USERSPACE/DATASETS/CodecFake/train/F06_SSB07580137.wav,6
/USERSPACE/DATASETS/CodecFake/train/F06_SSB07620098.wav,6
/USERSPACE/DATASETS/CodecFake/train/F06_p341_107.wav,6
/USERSPACE/DATASETS/CodecFake/train/F06_p270_023.wav,6
/USERSPACE/DATASETS/CodecFake/train/F06_SSB00160343.wav,6
/USERSPACE/DATASETS/CodecFake/train/F06_p351_065.wav,6
/USERSPACE/DATASETS/CodecFake/train/F06_p236_215.wav,6
/USERSPACE/DATASETS/CodecFake/train/F06_p330_240.wav,6
/USERSPACE/DATASETS/CodecFake/train/F06_SSB13650145.wav,6
/USERSPACE/DATASETS/CodecFake/train/F06_SSB11610403.wav,6
/USERSPACE/DATASETS/CodecFake/train/F06_SSB06930293.wav,6
/USERSPACE/DATASETS/CodecFake/train/F06_SSB06090132.wav,6
/USERSPACE/DATASETS/CodecFake/train/F06_SSB16700040.wav,6
/USERSPACE/DATASETS/CodecFake/train/F06_SSB04350277.wav,6
/USERSPACE/DATASETS/CodecFake/train/F06_SSB13850272.wav,6
/USERSPACE/DATASETS/CodecFake/train/F06_p283_204.wav,6
/USERSPACE/DATASETS/CodecFake/train/F06_p363_162.wav,6
/USERSPACE/DATASETS/CodecFake/train/F06_p330_396.wav,6
/USERSPACE/DATASETS/CodecFake/train/F06_SSB00160151.wav,6
/USERSPACE/DATASETS/CodecFake/train/F06_SSB07480264.wav,6
/USERSPACE/DATASETS/CodecFake/train/F06_p297_351.wav,6
/USERSPACE/DATASETS/CodecFake/train/F06_SSB03820172.wav,6
/USERSPACE/DATASETS/CodecFake/train/F06_SSB19560364.wav,6
/USERSPACE/DATASETS/CodecFake/train/F06_SSB14310095.wav,6
/USERSPACE/DATASETS/CodecFake/train/F06_SSB05390410.wav,6
/USERSPACE/DATASETS/CodecFake/train/F06_p301_070.wav,6
/USERSPACE/DATASETS/CodecFake/train/F06_p274_355.wav,6
/USERSPACE/DATASETS/CodecFake/train/F06_p230_234.wav,6
/USERSPACE/DATASETS/CodecFake/train/F06_p246_290.wav,6
/USERSPACE/DATASETS/CodecFake/train/F06_SSB15930319.wav,6
/USERSPACE/DATASETS/CodecFake/train/F06_p360_388.wav,6
/USERSPACE/DATASETS/CodecFake/train/F06_SSB16860171.wav,6
/USERSPACE/DATASETS/CodecFake/train/F06_p279_054.wav,6
/USERSPACE/DATASETS/CodecFake/train/F06_p246_270.wav,6
/USERSPACE/DATASETS/CodecFake/train/F06_SSB11080040.wav,6
/USERSPACE/DATASETS/CodecFake/train/F06_p333_137.wav,6
/USERSPACE/DATASETS/CodecFake/train/F06_SSB18280008.wav,6
/USERSPACE/DATASETS/CodecFake/train/F06_p257_033.wav,6
/USERSPACE/DATASETS/CodecFake/train/F06_p229_100.wav,6
/USERSPACE/DATASETS/CodecFake/train/F06_SSB05650456.wav,6
/USERSPACE/DATASETS/CodecFake/train/F06_p339_229.wav,6
/USERSPACE/DATASETS/CodecFake/train/F06_SSB06010276.wav,6
/USERSPACE/DATASETS/CodecFake/train/F06_SSB10080285.wav,6
/USERSPACE/DATASETS/CodecFake/train/F06_p315_403.wav,6
/USERSPACE/DATASETS/CodecFake/train/F06_SSB02000132.wav,6
/USERSPACE/DATASETS/CodecFake/train/F06_SSB01450191.wav,6
/USERSPACE/DATASETS/CodecFake/train/F06_p330_153.wav,6
/USERSPACE/DATASETS/CodecFake/train/F06_SSB06140426.wav,6
/USERSPACE/DATASETS/CodecFake/train/F06_p301_120.wav,6
/USERSPACE/DATASETS/CodecFake/train/F06_SSB06310462.wav,6
/USERSPACE/DATASETS/CodecFake/train/F06_p236_168.wav,6
/USERSPACE/DATASETS/CodecFake/train/F06_p361_074.wav,6
/USERSPACE/DATASETS/CodecFake/train/F06_SSB11150064.wav,6
/USERSPACE/DATASETS/CodecFake/train/F06_SSB12160209.wav,6
/USERSPACE/DATASETS/CodecFake/train/F06_p323_086.wav,6
/USERSPACE/DATASETS/CodecFake/train/F06_p341_227.wav,6
/USERSPACE/DATASETS/CodecFake/train/F06_SSB07110224.wav,6
/USERSPACE/DATASETS/CodecFake/train/F06_p277_224.wav,6
/USERSPACE/DATASETS/CodecFake/train/F06_SSB03930438.wav,6
/USERSPACE/DATASETS/CodecFake/train/F06_SSB02870329.wav,6
/USERSPACE/DATASETS/CodecFake/train/F06_SSB05390395.wav,6
/USERSPACE/DATASETS/CodecFake/train/F06_SSB09350253.wav,6
/USERSPACE/DATASETS/CodecFake/train/F06_SSB03420291.wav,6
/USERSPACE/DATASETS/CodecFake/train/F06_p284_347.wav,6
/USERSPACE/DATASETS/CodecFake/train/F06_SSB04350358.wav,6
/USERSPACE/DATASETS/CodecFake/train/F06_SSB12160356.wav,6
/USERSPACE/DATASETS/CodecFake/train/F06_SSB07600512.wav,6
/USERSPACE/DATASETS/CodecFake/train/F06_SSB09130313.wav,6
/USERSPACE/DATASETS/CodecFake/train/F06_p239_213.wav,6
/USERSPACE/DATASETS/CodecFake/train/F06_SSB02410331.wav,6
/USERSPACE/DATASETS/CodecFake/train/F06_SSB10640275.wav,6
/USERSPACE/DATASETS/CodecFake/train/F06_SSB06090374.wav,6
/USERSPACE/DATASETS/CodecFake/train/F06_SSB09970113.wav,6
/USERSPACE/DATASETS/CodecFake/train/F06_SSB12040210.wav,6
/USERSPACE/DATASETS/CodecFake/train/F06_p297_017.wav,6
/USERSPACE/DATASETS/CodecFake/train/F06_SSB05700051.wav,6
/USERSPACE/DATASETS/CodecFake/train/F06_SSB18370089.wav,6
/USERSPACE/DATASETS/CodecFake/train/F06_SSB01930407.wav,6
/USERSPACE/DATASETS/CodecFake/train/F06_SSB00110075.wav,6
/USERSPACE/DATASETS/CodecFake/train/F06_p269_208.wav,6
/USERSPACE/DATASETS/CodecFake/train/F06_SSB17450013.wav,6
/USERSPACE/DATASETS/CodecFake/train/F06_SSB10910176.wav,6
/USERSPACE/DATASETS/CodecFake/train/F06_p229_019.wav,6
/USERSPACE/DATASETS/CodecFake/train/F06_SSB02410238.wav,6
/USERSPACE/DATASETS/CodecFake/train/F06_SSB13020404.wav,6
/USERSPACE/DATASETS/CodecFake/train/F06_SSB07370193.wav,6
/USERSPACE/DATASETS/CodecFake/train/F06_SSB03790324.wav,6
/USERSPACE/DATASETS/CodecFake/train/F06_SSB12030154.wav,6
/USERSPACE/DATASETS/CodecFake/train/F06_SSB16700412.wav,6
/USERSPACE/DATASETS/CodecFake/train/F06_SSB11100048.wav,6
/USERSPACE/DATASETS/CodecFake/train/F06_SSB05340194.wav,6
/USERSPACE/DATASETS/CodecFake/train/F06_SSB08630306.wav,6
/USERSPACE/DATASETS/CodecFake/train/F06_SSB06060059.wav,6
/USERSPACE/DATASETS/CodecFake/train/F06_SSB13200441.wav,6
/USERSPACE/DATASETS/CodecFake/train/F06_SSB01450121.wav,6
/USERSPACE/DATASETS/CodecFake/train/F06_SSB07800392.wav,6
/USERSPACE/DATASETS/CodecFake/train/F06_SSB11000042.wav,6
/USERSPACE/DATASETS/CodecFake/train/F06_p240_368.wav,6
/USERSPACE/DATASETS/CodecFake/train/F06_p311_328.wav,6
/USERSPACE/DATASETS/CodecFake/train/F06_SSB03380462.wav,6
/USERSPACE/DATASETS/CodecFake/train/F06_SSB07360394.wav,6
/USERSPACE/DATASETS/CodecFake/train/F06_p360_058.wav,6
/USERSPACE/DATASETS/CodecFake/train/F06_SSB13650101.wav,6
/USERSPACE/DATASETS/CodecFake/train/F06_SSB06860232.wav,6
/USERSPACE/DATASETS/CodecFake/train/F06_p297_078.wav,6
/USERSPACE/DATASETS/CodecFake/train/F06_SSB09130473.wav,6
/USERSPACE/DATASETS/CodecFake/train/F06_SSB15550438.wav,6
/USERSPACE/DATASETS/CodecFake/train/F06_p330_007.wav,6
/USERSPACE/DATASETS/CodecFake/train/F06_p374_234.wav,6
/USERSPACE/DATASETS/CodecFake/train/F06_SSB07580284.wav,6
/USERSPACE/DATASETS/CodecFake/train/F06_SSB13770088.wav,6
/USERSPACE/DATASETS/CodecFake/train/F06_SSB15850436.wav,6
/USERSPACE/DATASETS/CodecFake/train/F06_SSB05340004.wav,6
/USERSPACE/DATASETS/CodecFake/train/F06_p312_415.wav,6
/USERSPACE/DATASETS/CodecFake/train/F06_SSB00730248.wav,6
/USERSPACE/DATASETS/CodecFake/train/F06_p233_262.wav,6
/USERSPACE/DATASETS/CodecFake/train/F06_p294_254.wav,6
/USERSPACE/DATASETS/CodecFake/train/F06_p260_261.wav,6
/USERSPACE/DATASETS/CodecFake/train/F06_p336_223.wav,6
/USERSPACE/DATASETS/CodecFake/train/F06_p310_343.wav,6
/USERSPACE/DATASETS/CodecFake/train/F06_SSB08710024.wav,6
/USERSPACE/DATASETS/CodecFake/train/F06_SSB11000473.wav,6
/USERSPACE/DATASETS/CodecFake/train/F06_p240_269.wav,6
/USERSPACE/DATASETS/CodecFake/train/F06_SSB05780450.wav,6
/USERSPACE/DATASETS/CodecFake/train/F06_SSB11000191.wav,6
/USERSPACE/DATASETS/CodecFake/train/F06_SSB06680340.wav,6
/USERSPACE/DATASETS/CodecFake/train/F06_p303_046.wav,6
/USERSPACE/DATASETS/CodecFake/train/F06_SSB05780419.wav,6
/USERSPACE/DATASETS/CodecFake/train/F06_p279_368.wav,6
/USERSPACE/DATASETS/CodecFake/train/F06_SSB02670399.wav,6
/USERSPACE/DATASETS/CodecFake/train/F06_p308_315.wav,6
/USERSPACE/DATASETS/CodecFake/train/F06_SSB07860321.wav,6
/USERSPACE/DATASETS/CodecFake/train/F06_p277_117.wav,6
/USERSPACE/DATASETS/CodecFake/train/F06_SSB07360357.wav,6
/USERSPACE/DATASETS/CodecFake/train/F06_SSB03410029.wav,6
/USERSPACE/DATASETS/CodecFake/train/F06_SSB13200283.wav,6
/USERSPACE/DATASETS/CodecFake/train/F06_SSB01220011.wav,6
/USERSPACE/DATASETS/CodecFake/train/F06_p361_389.wav,6
/USERSPACE/DATASETS/CodecFake/train/F06_SSB00730357.wav,6
/USERSPACE/DATASETS/CodecFake/train/F06_SSB00180220.wav,6
/USERSPACE/DATASETS/CodecFake/train/F06_SSB07170444.wav,6
/USERSPACE/DATASETS/CodecFake/train/F06_SSB02410161.wav,6
/USERSPACE/DATASETS/CodecFake/train/F06_SSB00730137.wav,6
/USERSPACE/DATASETS/CodecFake/train/F06_SSB19560250.wav,6
/USERSPACE/DATASETS/CodecFake/train/F06_p294_131.wav,6
/USERSPACE/DATASETS/CodecFake/train/F06_SSB11100013.wav,6
/USERSPACE/DATASETS/CodecFake/train/F06_SSB19350232.wav,6
/USERSPACE/DATASETS/CodecFake/train/F06_p261_311.wav,6
/USERSPACE/DATASETS/CodecFake/train/F06_p297_108.wav,6
/USERSPACE/DATASETS/CodecFake/train/F06_SSB13400144.wav,6
/USERSPACE/DATASETS/CodecFake/train/F06_SSB11000070.wav,6
/USERSPACE/DATASETS/CodecFake/train/F06_SSB09190133.wav,6
/USERSPACE/DATASETS/CodecFake/train/F06_p262_257.wav,6
/USERSPACE/DATASETS/CodecFake/train/F06_SSB07860290.wav,6
/USERSPACE/DATASETS/CodecFake/train/F06_p323_200.wav,6
/USERSPACE/DATASETS/CodecFake/train/F06_SSB00730113.wav,6
/USERSPACE/DATASETS/CodecFake/train/F06_p303_202.wav,6
/USERSPACE/DATASETS/CodecFake/train/F06_SSB13400025.wav,6
/USERSPACE/DATASETS/CodecFake/train/F06_SSB09130287.wav,6
/USERSPACE/DATASETS/CodecFake/train/F06_p265_249.wav,6
/USERSPACE/DATASETS/CodecFake/train/F06_p272_319.wav,6
/USERSPACE/DATASETS/CodecFake/train/F06_SSB03750302.wav,6
/USERSPACE/DATASETS/CodecFake/train/F06_SSB16300011.wav,6
/USERSPACE/DATASETS/CodecFake/train/F06_p261_408.wav,6
/USERSPACE/DATASETS/CodecFake/train/F06_SSB08630475.wav,6
/USERSPACE/DATASETS/CodecFake/train/F06_SSB05340417.wav,6
/USERSPACE/DATASETS/CodecFake/train/F06_SSB10910166.wav,6
/USERSPACE/DATASETS/CodecFake/train/F06_SSB18090034.wav,6
/USERSPACE/DATASETS/CodecFake/train/F06_SSB07800410.wav,6
/USERSPACE/DATASETS/CodecFake/train/F06_SSB00050128.wav,6
/USERSPACE/DATASETS/CodecFake/train/F06_SSB15930131.wav,6
/USERSPACE/DATASETS/CodecFake/train/F06_SSB01490471.wav,6
/USERSPACE/DATASETS/CodecFake/train/F06_p271_265.wav,6
/USERSPACE/DATASETS/CodecFake/train/F06_p271_172.wav,6
/USERSPACE/DATASETS/CodecFake/train/F06_SSB13280171.wav,6
/USERSPACE/DATASETS/CodecFake/train/F06_SSB01220409.wav,6
/USERSPACE/DATASETS/CodecFake/train/F06_SSB13220496.wav,6
/USERSPACE/DATASETS/CodecFake/train/F06_p310_211.wav,6
/USERSPACE/DATASETS/CodecFake/train/F06_p260_039.wav,6
/USERSPACE/DATASETS/CodecFake/train/F06_p282_287.wav,6
/USERSPACE/DATASETS/CodecFake/train/F06_p316_420.wav,6
/USERSPACE/DATASETS/CodecFake/train/F06_SSB09190285.wav,6
/USERSPACE/DATASETS/CodecFake/train/F06_p250_064.wav,6
/USERSPACE/DATASETS/CodecFake/train/F06_SSB06320308.wav,6
/USERSPACE/DATASETS/CodecFake/train/F06_p374_211.wav,6
/USERSPACE/DATASETS/CodecFake/train/F06_SSB07600264.wav,6
/USERSPACE/DATASETS/CodecFake/train/F06_SSB09660075.wav,6
/USERSPACE/DATASETS/CodecFake/train/F06_SSB03930248.wav,6
/USERSPACE/DATASETS/CodecFake/train/F06_p376_005.wav,6
/USERSPACE/DATASETS/CodecFake/train/F06_p311_296.wav,6
/USERSPACE/DATASETS/CodecFake/train/F06_p292_098.wav,6
/USERSPACE/DATASETS/CodecFake/train/F06_SSB00800356.wav,6
/USERSPACE/DATASETS/CodecFake/train/F06_SSB03380164.wav,6
/USERSPACE/DATASETS/CodecFake/train/F06_SSB07230354.wav,6
/USERSPACE/DATASETS/CodecFake/train/F06_SSB10640354.wav,6
/USERSPACE/DATASETS/CodecFake/train/F06_SSB07020446.wav,6
/USERSPACE/DATASETS/CodecFake/train/F06_SSB07160165.wav,6
/USERSPACE/DATASETS/CodecFake/train/F06_p239_478.wav,6
/USERSPACE/DATASETS/CodecFake/train/F06_SSB07800175.wav,6
/USERSPACE/DATASETS/CodecFake/train/F06_p310_332.wav,6
/USERSPACE/DATASETS/CodecFake/train/F06_SSB00730421.wav,6
/USERSPACE/DATASETS/CodecFake/train/F06_p269_251.wav,6
/USERSPACE/DATASETS/CodecFake/train/F06_SSB06070096.wav,6
/USERSPACE/DATASETS/CodecFake/train/F06_p273_183.wav,6
/USERSPACE/DATASETS/CodecFake/train/F06_SSB04700310.wav,6
/USERSPACE/DATASETS/CodecFake/train/F06_SSB05440206.wav,6
/USERSPACE/DATASETS/CodecFake/train/F06_p231_251.wav,6
/USERSPACE/DATASETS/CodecFake/train/F06_SSB07110007.wav,6
/USERSPACE/DATASETS/CodecFake/train/F06_p333_371.wav,6
/USERSPACE/DATASETS/CodecFake/train/F06_SSB01930481.wav,6
/USERSPACE/DATASETS/CodecFake/train/F06_p259_414.wav,6
/USERSPACE/DATASETS/CodecFake/train/F06_SSB03800500.wav,6
/USERSPACE/DATASETS/CodecFake/train/F06_SSB11350212.wav,6
/USERSPACE/DATASETS/CodecFake/train/F06_p274_038.wav,6
/USERSPACE/DATASETS/CodecFake/train/F06_p288_252.wav,6
/USERSPACE/DATASETS/CodecFake/train/F06_SSB15670313.wav,6
/USERSPACE/DATASETS/CodecFake/train/F06_SSB16500046.wav,6
/USERSPACE/DATASETS/CodecFake/train/F06_SSB06230060.wav,6
/USERSPACE/DATASETS/CodecFake/train/F06_SSB19560294.wav,6
/USERSPACE/DATASETS/CodecFake/train/F06_SSB01930029.wav,6
/USERSPACE/DATASETS/CodecFake/train/F06_p263_431.wav,6
/USERSPACE/DATASETS/CodecFake/train/F06_SSB07840354.wav,6
/USERSPACE/DATASETS/CodecFake/train/F06_SSB07600221.wav,6
/USERSPACE/DATASETS/CodecFake/train/F06_SSB18910394.wav,6
/USERSPACE/DATASETS/CodecFake/train/F06_SSB07490339.wav,6
/USERSPACE/DATASETS/CodecFake/train/F06_SSB03380471.wav,6
/USERSPACE/DATASETS/CodecFake/train/F06_SSB07940118.wav,6
/USERSPACE/DATASETS/CodecFake/train/F06_SSB07620327.wav,6
/USERSPACE/DATASETS/CodecFake/train/F06_p374_375.wav,6
/USERSPACE/DATASETS/CodecFake/train/F06_SSB05940318.wav,6
/USERSPACE/DATASETS/CodecFake/train/F06_SSB07200453.wav,6
/USERSPACE/DATASETS/CodecFake/train/F06_SSB06320212.wav,6
/USERSPACE/DATASETS/CodecFake/train/F06_SSB03540054.wav,6
/USERSPACE/DATASETS/CodecFake/train/F06_SSB10200475.wav,6
/USERSPACE/DATASETS/CodecFake/train/F06_SSB06930150.wav,6
/USERSPACE/DATASETS/CodecFake/train/F06_SSB05020223.wav,6
/USERSPACE/DATASETS/CodecFake/train/F06_p268_054.wav,6
/USERSPACE/DATASETS/CodecFake/train/F06_p351_013.wav,6
/USERSPACE/DATASETS/CodecFake/train/F06_SSB18320200.wav,6
/USERSPACE/DATASETS/CodecFake/train/F06_SSB15750302.wav,6
/USERSPACE/DATASETS/CodecFake/train/F06_SSB16240462.wav,6
/USERSPACE/DATASETS/CodecFake/train/F06_p336_028.wav,6
/USERSPACE/DATASETS/CodecFake/train/F06_SSB10640478.wav,6
/USERSPACE/DATASETS/CodecFake/train/F06_SSB07800091.wav,6
/USERSPACE/DATASETS/CodecFake/train/F06_SSB03800037.wav,6
/USERSPACE/DATASETS/CodecFake/train/F06_SSB16860034.wav,6
/USERSPACE/DATASETS/CodecFake/train/F06_p304_036.wav,6
/USERSPACE/DATASETS/CodecFake/train/F06_SSB08710211.wav,6
/USERSPACE/DATASETS/CodecFake/train/F06_p330_266.wav,6
/USERSPACE/DATASETS/CodecFake/train/F06_p303_232.wav,6
/USERSPACE/DATASETS/CodecFake/train/F06_p287_197.wav,6
/USERSPACE/DATASETS/CodecFake/train/F06_p316_011.wav,6
/USERSPACE/DATASETS/CodecFake/train/F06_SSB03540063.wav,6
/USERSPACE/DATASETS/CodecFake/train/F06_SSB18370132.wav,6
/USERSPACE/DATASETS/CodecFake/train/F06_SSB03150372.wav,6
/USERSPACE/DATASETS/CodecFake/train/F06_SSB06030375.wav,6
/USERSPACE/DATASETS/CodecFake/train/F06_p293_066.wav,6
/USERSPACE/DATASETS/CodecFake/train/F06_SSB17450093.wav,6
/USERSPACE/DATASETS/CodecFake/train/F06_SSB11610288.wav,6
/USERSPACE/DATASETS/CodecFake/train/F06_SSB06070111.wav,6
/USERSPACE/DATASETS/CodecFake/train/F06_p247_475.wav,6
/USERSPACE/DATASETS/CodecFake/train/F06_SSB16840212.wav,6
/USERSPACE/DATASETS/CodecFake/train/F06_SSB04340261.wav,6
/USERSPACE/DATASETS/CodecFake/train/F06_p283_379.wav,6
/USERSPACE/DATASETS/CodecFake/train/F06_SSB04700248.wav,6
/USERSPACE/DATASETS/CodecFake/train/F06_p280_335.wav,6
/USERSPACE/DATASETS/CodecFake/train/F06_SSB03540351.wav,6
/USERSPACE/DATASETS/CodecFake/train/F06_SSB06030347.wav,6
/USERSPACE/DATASETS/CodecFake/train/F06_SSB07460016.wav,6
/USERSPACE/DATASETS/CodecFake/train/F06_SSB06070185.wav,6
/USERSPACE/DATASETS/CodecFake/train/F06_SSB07490384.wav,6
/USERSPACE/DATASETS/CodecFake/train/F06_p278_270.wav,6
/USERSPACE/DATASETS/CodecFake/train/F06_SSB03160480.wav,6
/USERSPACE/DATASETS/CodecFake/train/F06_SSB11250225.wav,6
/USERSPACE/DATASETS/CodecFake/train/F06_SSB06010409.wav,6
/USERSPACE/DATASETS/CodecFake/train/F06_SSB03230475.wav,6
/USERSPACE/DATASETS/CodecFake/train/F06_SSB06010108.wav,6
/USERSPACE/DATASETS/CodecFake/train/F06_SSB11150145.wav,6
/USERSPACE/DATASETS/CodecFake/train/F06_SSB11350024.wav,6
/USERSPACE/DATASETS/CodecFake/train/F06_SSB09130043.wav,6
/USERSPACE/DATASETS/CodecFake/train/F06_SSB11350015.wav,6
/USERSPACE/DATASETS/CodecFake/train/F06_p298_365.wav,6
/USERSPACE/DATASETS/CodecFake/train/F06_SSB00570120.wav,6
/USERSPACE/DATASETS/CodecFake/train/F06_p280_092.wav,6
/USERSPACE/DATASETS/CodecFake/train/F06_SSB16990323.wav,6
/USERSPACE/DATASETS/CodecFake/train/F06_SSB03070206.wav,6
/USERSPACE/DATASETS/CodecFake/train/F06_SSB03380019.wav,6
/USERSPACE/DATASETS/CodecFake/train/F06_SSB08870223.wav,6
/USERSPACE/DATASETS/CodecFake/train/F06_SSB08090292.wav,6
/USERSPACE/DATASETS/CodecFake/train/F06_p234_198.wav,6
/USERSPACE/DATASETS/CodecFake/train/F06_SSB13990228.wav,6
/USERSPACE/DATASETS/CodecFake/train/F06_p335_202.wav,6
/USERSPACE/DATASETS/CodecFake/train/F06_SSB07160330.wav,6
/USERSPACE/DATASETS/CodecFake/train/F06_p266_394.wav,6
/USERSPACE/DATASETS/CodecFake/train/F06_SSB04150354.wav,6
/USERSPACE/DATASETS/CodecFake/train/F06_SSB11250271.wav,6
/USERSPACE/DATASETS/CodecFake/train/F06_p262_283.wav,6
/USERSPACE/DATASETS/CodecFake/train/F06_SSB02990084.wav,6
/USERSPACE/DATASETS/CodecFake/train/F06_SSB09870027.wav,6
/USERSPACE/DATASETS/CodecFake/train/F06_SSB18630285.wav,6
/USERSPACE/DATASETS/CodecFake/train/F06_SSB01490137.wav,6
/USERSPACE/DATASETS/CodecFake/train/F06_p266_358.wav,6
/USERSPACE/DATASETS/CodecFake/train/F06_SSB10910416.wav,6
/USERSPACE/DATASETS/CodecFake/train/F06_SSB00110137.wav,6
/USERSPACE/DATASETS/CodecFake/train/F06_p275_376.wav,6
/USERSPACE/DATASETS/CodecFake/train/F06_p281_103.wav,6
/USERSPACE/DATASETS/CodecFake/train/F06_p233_105.wav,6
/USERSPACE/DATASETS/CodecFake/train/F06_SSB07230310.wav,6
/USERSPACE/DATASETS/CodecFake/train/F06_SSB00330220.wav,6
/USERSPACE/DATASETS/CodecFake/train/F06_p274_234.wav,6
/USERSPACE/DATASETS/CodecFake/train/F06_p292_402.wav,6
/USERSPACE/DATASETS/CodecFake/train/F06_SSB03410075.wav,6
/USERSPACE/DATASETS/CodecFake/train/F06_p347_286.wav,6
/USERSPACE/DATASETS/CodecFake/train/F06_SSB03410163.wav,6
/USERSPACE/DATASETS/CodecFake/train/F06_SSB11310135.wav,6
/USERSPACE/DATASETS/CodecFake/train/F06_p305_085.wav,6
/USERSPACE/DATASETS/CodecFake/train/F06_SSB05990200.wav,6
/USERSPACE/DATASETS/CodecFake/train/F06_SSB16500102.wav,6
/USERSPACE/DATASETS/CodecFake/train/F06_p351_310.wav,6
/USERSPACE/DATASETS/CodecFake/train/F06_p236_092.wav,6
/USERSPACE/DATASETS/CodecFake/train/F06_SSB18780439.wav,6
/USERSPACE/DATASETS/CodecFake/train/F06_p345_024.wav,6
/USERSPACE/DATASETS/CodecFake/train/F06_SSB03090041.wav,6
/USERSPACE/DATASETS/CodecFake/train/F06_SSB00180093.wav,6
/USERSPACE/DATASETS/CodecFake/train/F06_p241_113.wav,6
/USERSPACE/DATASETS/CodecFake/train/F06_p329_191.wav,6
/USERSPACE/DATASETS/CodecFake/train/F06_p261_274.wav,6
/USERSPACE/DATASETS/CodecFake/train/F06_SSB10560288.wav,6
/USERSPACE/DATASETS/CodecFake/train/F06_SSB16250232.wav,6
/USERSPACE/DATASETS/CodecFake/train/F06_p299_299.wav,6
/USERSPACE/DATASETS/CodecFake/train/F06_p298_242.wav,6
/USERSPACE/DATASETS/CodecFake/train/F06_SSB01220240.wav,6
/USERSPACE/DATASETS/CodecFake/train/F06_SSB15750309.wav,6
/USERSPACE/DATASETS/CodecFake/train/F06_SSB12190093.wav,6
/USERSPACE/DATASETS/CodecFake/train/F06_SSB13770434.wav,6
/USERSPACE/DATASETS/CodecFake/train/F06_SSB13930093.wav,6
/USERSPACE/DATASETS/CodecFake/train/F06_SSB15630424.wav,6
/USERSPACE/DATASETS/CodecFake/train/F06_SSB08630419.wav,6
/USERSPACE/DATASETS/CodecFake/train/F06_p376_067.wav,6
/USERSPACE/DATASETS/CodecFake/train/F06_p308_364.wav,6
/USERSPACE/DATASETS/CodecFake/train/F06_p330_034.wav,6
/USERSPACE/DATASETS/CodecFake/train/F06_SSB14020274.wav,6
/USERSPACE/DATASETS/CodecFake/train/F06_SSB13650023.wav,6
/USERSPACE/DATASETS/CodecFake/train/F06_p361_289.wav,6
/USERSPACE/DATASETS/CodecFake/train/F06_p301_244.wav,6
/USERSPACE/DATASETS/CodecFake/train/F06_SSB07460157.wav,6
/USERSPACE/DATASETS/CodecFake/train/F06_SSB06930373.wav,6
/USERSPACE/DATASETS/CodecFake/train/F06_SSB01330382.wav,6
/USERSPACE/DATASETS/CodecFake/train/F06_SSB07020460.wav,6
/USERSPACE/DATASETS/CodecFake/train/F06_SSB07000389.wav,6
/USERSPACE/DATASETS/CodecFake/train/F06_p250_367.wav,6
/USERSPACE/DATASETS/CodecFake/train/F06_SSB15930145.wav,6
/USERSPACE/DATASETS/CodecFake/train/F06_SSB06290008.wav,6
/USERSPACE/DATASETS/CodecFake/train/F06_p340_054.wav,6
/USERSPACE/DATASETS/CodecFake/train/F06_p258_322.wav,6
/USERSPACE/DATASETS/CodecFake/train/F06_SSB04260316.wav,6
/USERSPACE/DATASETS/CodecFake/train/F06_SSB11610376.wav,6
/USERSPACE/DATASETS/CodecFake/train/F06_SSB02670181.wav,6
/USERSPACE/DATASETS/CodecFake/train/F06_SSB12390336.wav,6
/USERSPACE/DATASETS/CodecFake/train/F06_p334_110.wav,6
/USERSPACE/DATASETS/CodecFake/train/F06_p234_343.wav,6
/USERSPACE/DATASETS/CodecFake/train/F06_p376_217.wav,6
/USERSPACE/DATASETS/CodecFake/train/F06_p273_349.wav,6
/USERSPACE/DATASETS/CodecFake/train/F06_SSB07200082.wav,6
/USERSPACE/DATASETS/CodecFake/train/F06_p236_164.wav,6
/USERSPACE/DATASETS/CodecFake/train/F06_p335_223.wav,6
/USERSPACE/DATASETS/CodecFake/train/F06_p238_241.wav,6
/USERSPACE/DATASETS/CodecFake/train/F06_SSB06230181.wav,6
/USERSPACE/DATASETS/CodecFake/train/F06_SSB18280264.wav,6
/USERSPACE/DATASETS/CodecFake/train/F06_SSB07510253.wav,6
/USERSPACE/DATASETS/CodecFake/train/F06_SSB19350310.wav,6
/USERSPACE/DATASETS/CodecFake/train/F06_SSB00430305.wav,6
/USERSPACE/DATASETS/CodecFake/train/F06_p347_361.wav,6
/USERSPACE/DATASETS/CodecFake/train/F06_SSB07580397.wav,6
/USERSPACE/DATASETS/CodecFake/train/F06_SSB06290360.wav,6
/USERSPACE/DATASETS/CodecFake/train/F06_p311_280.wav,6
/USERSPACE/DATASETS/CodecFake/train/F06_SSB05340245.wav,6
/USERSPACE/DATASETS/CodecFake/train/F06_SSB17110407.wav,6
/USERSPACE/DATASETS/CodecFake/train/F06_SSB11080410.wav,6
/USERSPACE/DATASETS/CodecFake/train/F06_p250_339.wav,6
/USERSPACE/DATASETS/CodecFake/train/F06_SSB13280133.wav,6
/USERSPACE/DATASETS/CodecFake/train/F06_SSB04350322.wav,6
/USERSPACE/DATASETS/CodecFake/train/F06_SSB03420085.wav,6
/USERSPACE/DATASETS/CodecFake/train/F06_p262_190.wav,6
/USERSPACE/DATASETS/CodecFake/train/F06_SSB07020196.wav,6
/USERSPACE/DATASETS/CodecFake/train/F06_SSB00090029.wav,6
/USERSPACE/DATASETS/CodecFake/train/F06_SSB02990485.wav,6
/USERSPACE/DATASETS/CodecFake/train/F06_SSB08510300.wav,6
/USERSPACE/DATASETS/CodecFake/train/F06_p278_071.wav,6
/USERSPACE/DATASETS/CodecFake/train/F06_SSB16300495.wav,6
/USERSPACE/DATASETS/CodecFake/train/F06_p323_182.wav,6
/USERSPACE/DATASETS/CodecFake/train/F06_p299_215.wav,6
/USERSPACE/DATASETS/CodecFake/train/F06_SSB12030098.wav,6
/USERSPACE/DATASETS/CodecFake/train/F06_SSB11260366.wav,6
/USERSPACE/DATASETS/CodecFake/train/F06_SSB06680064.wav,6
/USERSPACE/DATASETS/CodecFake/train/F06_p305_097.wav,6
/USERSPACE/DATASETS/CodecFake/train/F06_SSB13220506.wav,6
/USERSPACE/DATASETS/CodecFake/train/F06_SSB06230337.wav,6
/USERSPACE/DATASETS/CodecFake/train/F06_SSB06320304.wav,6
/USERSPACE/DATASETS/CodecFake/train/F06_SSB07480098.wav,6
/USERSPACE/DATASETS/CodecFake/train/F06_SSB00330390.wav,6
/USERSPACE/DATASETS/CodecFake/train/F06_SSB16070007.wav,6
/USERSPACE/DATASETS/CodecFake/train/F06_p330_362.wav,6
/USERSPACE/DATASETS/CodecFake/train/F06_p228_094.wav,6
/USERSPACE/DATASETS/CodecFake/train/F06_SSB00160351.wav,6
/USERSPACE/DATASETS/CodecFake/train/F06_SSB11150316.wav,6
/USERSPACE/DATASETS/CodecFake/train/F06_p335_254.wav,6
/USERSPACE/DATASETS/CodecFake/train/F06_p276_155.wav,6
/USERSPACE/DATASETS/CodecFake/train/F06_SSB04700200.wav,6
/USERSPACE/DATASETS/CodecFake/train/F06_SSB00730447.wav,6
/USERSPACE/DATASETS/CodecFake/train/F06_SSB01120228.wav,6
/USERSPACE/DATASETS/CodecFake/train/F06_p252_167.wav,6
/USERSPACE/DATASETS/CodecFake/train/F06_SSB14480221.wav,6
/USERSPACE/DATASETS/CodecFake/train/F06_SSB03380362.wav,6
/USERSPACE/DATASETS/CodecFake/train/F06_p246_058.wav,6
/USERSPACE/DATASETS/CodecFake/train/F06_p315_239.wav,6
/USERSPACE/DATASETS/CodecFake/train/F06_p264_480.wav,6
/USERSPACE/DATASETS/CodecFake/train/F06_p297_340.wav,6
/USERSPACE/DATASETS/CodecFake/train/F06_p261_045.wav,6
/USERSPACE/DATASETS/CodecFake/train/F06_SSB07580147.wav,6
/USERSPACE/DATASETS/CodecFake/train/F06_SSB16700238.wav,6
/USERSPACE/DATASETS/CodecFake/train/F06_p295_212.wav,6
/USERSPACE/DATASETS/CodecFake/train/F06_p278_368.wav,6
/USERSPACE/DATASETS/CodecFake/train/F06_SSB07840028.wav,6
/USERSPACE/DATASETS/CodecFake/train/F06_SSB02610109.wav,6
/USERSPACE/DATASETS/CodecFake/train/F06_SSB16990299.wav,6
/USERSPACE/DATASETS/CodecFake/train/F06_p311_194.wav,6
/USERSPACE/DATASETS/CodecFake/train/F06_SSB02610001.wav,6
/USERSPACE/DATASETS/CodecFake/train/F06_SSB07100286.wav,6
/USERSPACE/DATASETS/CodecFake/train/F06_SSB14310228.wav,6
/USERSPACE/DATASETS/CodecFake/train/F06_p284_048.wav,6
/USERSPACE/DATASETS/CodecFake/train/F06_SSB08090348.wav,6
/USERSPACE/DATASETS/CodecFake/train/F06_SSB04700129.wav,6
/USERSPACE/DATASETS/CodecFake/train/F06_SSB05440132.wav,6
/USERSPACE/DATASETS/CodecFake/train/F06_p285_267.wav,6
/USERSPACE/DATASETS/CodecFake/train/F06_SSB05020281.wav,6
/USERSPACE/DATASETS/CodecFake/train/F06_SSB11310177.wav,6
/USERSPACE/DATASETS/CodecFake/train/F06_SSB09190235.wav,6
/USERSPACE/DATASETS/CodecFake/train/F06_SSB15630222.wav,6
/USERSPACE/DATASETS/CodecFake/train/F06_SSB02410207.wav,6
/USERSPACE/DATASETS/CodecFake/train/F06_SSB17390118.wav,6
/USERSPACE/DATASETS/CodecFake/train/F06_SSB05700414.wav,6
/USERSPACE/DATASETS/CodecFake/train/F06_p317_096.wav,6
/USERSPACE/DATASETS/CodecFake/train/F06_SSB04820393.wav,6
/USERSPACE/DATASETS/CodecFake/train/F06_SSB07100353.wav,6
/USERSPACE/DATASETS/CodecFake/train/F06_p255_230.wav,6
/USERSPACE/DATASETS/CodecFake/train/F06_SSB18630314.wav,6
/USERSPACE/DATASETS/CodecFake/train/F06_SSB01390160.wav,6
/USERSPACE/DATASETS/CodecFake/train/F06_SSB06230017.wav,6
/USERSPACE/DATASETS/CodecFake/train/F06_SSB00430191.wav,6
/USERSPACE/DATASETS/CodecFake/train/F06_SSB06660356.wav,6
/USERSPACE/DATASETS/CodecFake/train/F06_SSB07860144.wav,6
/USERSPACE/DATASETS/CodecFake/train/F06_SSB11380383.wav,6
/USERSPACE/DATASETS/CodecFake/train/F06_p281_314.wav,6
/USERSPACE/DATASETS/CodecFake/train/F06_p260_101.wav,6
/USERSPACE/DATASETS/CodecFake/train/F06_SSB12160002.wav,6
/USERSPACE/DATASETS/CodecFake/train/F06_SSB11260397.wav,6
/USERSPACE/DATASETS/CodecFake/train/F06_SSB07490289.wav,6
/USERSPACE/DATASETS/CodecFake/train/F06_SSB05780359.wav,6
/USERSPACE/DATASETS/CodecFake/train/F06_SSB00180062.wav,6
/USERSPACE/DATASETS/CodecFake/train/F06_p334_315.wav,6
/USERSPACE/DATASETS/CodecFake/train/F06_SSB09930126.wav,6
/USERSPACE/DATASETS/CodecFake/train/F06_SSB12390337.wav,6
/USERSPACE/DATASETS/CodecFake/train/F06_SSB15850080.wav,6
/USERSPACE/DATASETS/CodecFake/train/F06_p333_250.wav,6
/USERSPACE/DATASETS/CodecFake/train/F06_SSB11970345.wav,6
/USERSPACE/DATASETS/CodecFake/train/F06_SSB03070244.wav,6
/USERSPACE/DATASETS/CodecFake/train/F06_p318_241.wav,6
/USERSPACE/DATASETS/CodecFake/train/F06_SSB18780173.wav,6
/USERSPACE/DATASETS/CodecFake/train/F06_SSB07230099.wav,6
/USERSPACE/DATASETS/CodecFake/train/F06_SSB00180191.wav,6
/USERSPACE/DATASETS/CodecFake/train/F06_SSB07480399.wav,6
/USERSPACE/DATASETS/CodecFake/train/F06_SSB18060041.wav,6
/USERSPACE/DATASETS/CodecFake/train/F06_SSB00160108.wav,6
/USERSPACE/DATASETS/CodecFake/train/F06_SSB11000332.wav,6
/USERSPACE/DATASETS/CodecFake/train/F06_SSB02610433.wav,6
/USERSPACE/DATASETS/CodecFake/train/F06_p257_343.wav,6
/USERSPACE/DATASETS/CodecFake/train/F06_SSB10910444.wav,6
/USERSPACE/DATASETS/CodecFake/train/F06_p241_106.wav,6
/USERSPACE/DATASETS/CodecFake/train/F06_SSB07860275.wav,6
/USERSPACE/DATASETS/CodecFake/train/F06_SSB16990409.wav,6
/USERSPACE/DATASETS/CodecFake/train/F06_SSB03820397.wav,6
/USERSPACE/DATASETS/CodecFake/train/F06_p262_036.wav,6
/USERSPACE/DATASETS/CodecFake/train/F06_p313_349.wav,6
/USERSPACE/DATASETS/CodecFake/train/F06_p339_112.wav,6
/USERSPACE/DATASETS/CodecFake/train/F06_SSB07360118.wav,6
/USERSPACE/DATASETS/CodecFake/train/F06_SSB03090370.wav,6
/USERSPACE/DATASETS/CodecFake/train/F06_SSB01970185.wav,6
/USERSPACE/DATASETS/CodecFake/train/F06_SSB15630493.wav,6
/USERSPACE/DATASETS/CodecFake/train/F06_SSB06060403.wav,6
/USERSPACE/DATASETS/CodecFake/train/F06_SSB07860295.wav,6
/USERSPACE/DATASETS/CodecFake/train/F06_p248_112.wav,6
/USERSPACE/DATASETS/CodecFake/train/F06_SSB11150172.wav,6
/USERSPACE/DATASETS/CodecFake/train/F06_p234_044.wav,6
/USERSPACE/DATASETS/CodecFake/train/F06_SSB08220400.wav,6
/USERSPACE/DATASETS/CodecFake/train/F06_SSB05940432.wav,6
/USERSPACE/DATASETS/CodecFake/train/F06_SSB00090354.wav,6
/USERSPACE/DATASETS/CodecFake/train/F06_SSB17390041.wav,6
/USERSPACE/DATASETS/CodecFake/train/F06_SSB13820086.wav,6
/USERSPACE/DATASETS/CodecFake/train/F06_SSB02880468.wav,6
/USERSPACE/DATASETS/CodecFake/train/F06_SSB02730042.wav,6
/USERSPACE/DATASETS/CodecFake/train/F06_SSB00180156.wav,6
/USERSPACE/DATASETS/CodecFake/train/F06_SSB16240276.wav,6
/USERSPACE/DATASETS/CodecFake/train/F06_SSB18060044.wav,6
/USERSPACE/DATASETS/CodecFake/train/F06_SSB07460366.wav,6
/USERSPACE/DATASETS/CodecFake/train/F06_SSB00430016.wav,6
/USERSPACE/DATASETS/CodecFake/train/F06_p361_096.wav,6
/USERSPACE/DATASETS/CodecFake/train/F06_SSB02410098.wav,6
/USERSPACE/DATASETS/CodecFake/train/F06_SSB00110217.wav,6
/USERSPACE/DATASETS/CodecFake/train/F06_SSB11360194.wav,6
/USERSPACE/DATASETS/CodecFake/train/F06_p249_061.wav,6
/USERSPACE/DATASETS/CodecFake/train/F06_SSB18910051.wav,6
/USERSPACE/DATASETS/CodecFake/train/F06_SSB04350187.wav,6
/USERSPACE/DATASETS/CodecFake/train/F06_SSB00380113.wav,6
/USERSPACE/DATASETS/CodecFake/train/F06_p335_333.wav,6
/USERSPACE/DATASETS/CodecFake/train/F06_SSB06680176.wav,6
/USERSPACE/DATASETS/CodecFake/train/F06_SSB11610031.wav,6
/USERSPACE/DATASETS/CodecFake/train/F06_p236_256.wav,6
/USERSPACE/DATASETS/CodecFake/train/F06_SSB03420099.wav,6
/USERSPACE/DATASETS/CodecFake/train/F06_SSB07800036.wav,6
/USERSPACE/DATASETS/CodecFake/train/F06_SSB11610101.wav,6
/USERSPACE/DATASETS/CodecFake/train/F06_SSB00090220.wav,6
/USERSPACE/DATASETS/CodecFake/train/F06_p269_347.wav,6
/USERSPACE/DATASETS/CodecFake/train/F06_SSB05350105.wav,6
/USERSPACE/DATASETS/CodecFake/train/F06_SSB10240396.wav,6
/USERSPACE/DATASETS/CodecFake/train/F06_SSB06860448.wav,6
/USERSPACE/DATASETS/CodecFake/train/F06_SSB02410463.wav,6
/USERSPACE/DATASETS/CodecFake/train/F06_p303_023.wav,6
/USERSPACE/DATASETS/CodecFake/train/F06_SSB02730127.wav,6
/USERSPACE/DATASETS/CodecFake/train/F06_SSB18370082.wav,6
/USERSPACE/DATASETS/CodecFake/train/F06_SSB04150352.wav,6
/USERSPACE/DATASETS/CodecFake/train/F06_SSB10640404.wav,6
/USERSPACE/DATASETS/CodecFake/train/F06_SSB07580367.wav,6
/USERSPACE/DATASETS/CodecFake/train/F06_p240_322.wav,6
/USERSPACE/DATASETS/CodecFake/train/F06_p323_238.wav,6
/USERSPACE/DATASETS/CodecFake/train/F06_p254_380.wav,6
/USERSPACE/DATASETS/CodecFake/train/F06_SSB03150079.wav,6
/USERSPACE/DATASETS/CodecFake/train/F06_p275_385.wav,6
/USERSPACE/DATASETS/CodecFake/train/F06_p316_098.wav,6
/USERSPACE/DATASETS/CodecFake/train/F06_SSB11260112.wav,6
/USERSPACE/DATASETS/CodecFake/train/F06_p279_216.wav,6
/USERSPACE/DATASETS/CodecFake/train/F06_SSB17820105.wav,6
/USERSPACE/DATASETS/CodecFake/train/F06_p273_170.wav,6
/USERSPACE/DATASETS/CodecFake/train/F06_SSB11760251.wav,6
/USERSPACE/DATASETS/CodecFake/train/F06_p259_121.wav,6
/USERSPACE/DATASETS/CodecFake/train/F06_SSB04350123.wav,6
/USERSPACE/DATASETS/CodecFake/train/F06_SSB01120470.wav,6
/USERSPACE/DATASETS/CodecFake/train/F06_SSB06030381.wav,6
/USERSPACE/DATASETS/CodecFake/train/F06_SSB13410179.wav,6
/USERSPACE/DATASETS/CodecFake/train/F06_SSB11610061.wav,6
/USERSPACE/DATASETS/CodecFake/train/F06_SSB19560023.wav,6
/USERSPACE/DATASETS/CodecFake/train/F06_SSB03390351.wav,6
/USERSPACE/DATASETS/CodecFake/train/F06_p264_361.wav,6
/USERSPACE/DATASETS/CodecFake/train/F06_SSB03950473.wav,6
/USERSPACE/DATASETS/CodecFake/train/F06_SSB01330125.wav,6
/USERSPACE/DATASETS/CodecFake/train/F06_p301_342.wav,6
/USERSPACE/DATASETS/CodecFake/train/F06_p258_259.wav,6
/USERSPACE/DATASETS/CodecFake/train/F06_SSB06310163.wav,6
/USERSPACE/DATASETS/CodecFake/train/F06_p269_314.wav,6
/USERSPACE/DATASETS/CodecFake/train/F06_SSB07840082.wav,6
/USERSPACE/DATASETS/CodecFake/train/F06_SSB16240347.wav,6
/USERSPACE/DATASETS/CodecFake/train/F06_SSB10000114.wav,6
/USERSPACE/DATASETS/CodecFake/train/F06_SSB02730329.wav,6
/USERSPACE/DATASETS/CodecFake/train/F06_p252_243.wav,6
/USERSPACE/DATASETS/CodecFake/train/F06_SSB16250102.wav,6
/USERSPACE/DATASETS/CodecFake/train/F06_p245_195.wav,6
/USERSPACE/DATASETS/CodecFake/train/F06_SSB06140418.wav,6
/USERSPACE/DATASETS/CodecFake/train/F06_SSB07840126.wav,6
/USERSPACE/DATASETS/CodecFake/train/F06_SSB00050038.wav,6
/USERSPACE/DATASETS/CodecFake/train/F06_SSB07460266.wav,6
/USERSPACE/DATASETS/CodecFake/train/F06_SSB06310291.wav,6
/USERSPACE/DATASETS/CodecFake/train/F06_p263_079.wav,6
/USERSPACE/DATASETS/CodecFake/train/F06_p313_172.wav,6
/USERSPACE/DATASETS/CodecFake/train/F06_p243_395.wav,6
/USERSPACE/DATASETS/CodecFake/train/F06_SSB02610316.wav,6
/USERSPACE/DATASETS/CodecFake/train/F06_SSB17810461.wav,6
/USERSPACE/DATASETS/CodecFake/train/F06_p268_088.wav,6
/USERSPACE/DATASETS/CodecFake/train/F06_SSB19020300.wav,6
/USERSPACE/DATASETS/CodecFake/train/F06_SSB10200117.wav,6
/USERSPACE/DATASETS/CodecFake/train/F06_SSB05900369.wav,6
/USERSPACE/DATASETS/CodecFake/train/F06_SSB11360054.wav,6
/USERSPACE/DATASETS/CodecFake/train/F06_SSB05940300.wav,6
/USERSPACE/DATASETS/CodecFake/train/F06_SSB13400399.wav,6
/USERSPACE/DATASETS/CodecFake/train/F06_p236_037.wav,6
/USERSPACE/DATASETS/CodecFake/train/F06_p237_169.wav,6
/USERSPACE/DATASETS/CodecFake/train/F06_SSB00380353.wav,6
/USERSPACE/DATASETS/CodecFake/train/F06_SSB06290369.wav,6
/USERSPACE/DATASETS/CodecFake/train/F06_SSB03410263.wav,6
/USERSPACE/DATASETS/CodecFake/train/F06_p343_385.wav,6
/USERSPACE/DATASETS/CodecFake/train/F06_p284_067.wav,6
/USERSPACE/DATASETS/CodecFake/train/F06_p333_229.wav,6
/USERSPACE/DATASETS/CodecFake/train/F06_SSB01930426.wav,6
/USERSPACE/DATASETS/CodecFake/train/F06_SSB13650290.wav,6
/USERSPACE/DATASETS/CodecFake/train/F06_SSB11610314.wav,6
/USERSPACE/DATASETS/CodecFake/train/F06_SSB13770101.wav,6
/USERSPACE/DATASETS/CodecFake/train/F06_p241_294.wav,6
/USERSPACE/DATASETS/CodecFake/train/F06_SSB09870040.wav,6
/USERSPACE/DATASETS/CodecFake/train/F06_p274_194.wav,6
/USERSPACE/DATASETS/CodecFake/train/F06_SSB05780179.wav,6
/USERSPACE/DATASETS/CodecFake/train/F06_SSB07780429.wav,6
/USERSPACE/DATASETS/CodecFake/train/F06_p273_253.wav,6
/USERSPACE/DATASETS/CodecFake/train/F06_SSB03800224.wav,6
/USERSPACE/DATASETS/CodecFake/train/F06_p340_260.wav,6
/USERSPACE/DATASETS/CodecFake/train/F06_SSB05350003.wav,6
/USERSPACE/DATASETS/CodecFake/train/F06_p277_291.wav,6
/USERSPACE/DATASETS/CodecFake/train/F06_SSB07110501.wav,6
/USERSPACE/DATASETS/CodecFake/train/F06_SSB08710155.wav,6
/USERSPACE/DATASETS/CodecFake/train/F06_p314_003.wav,6
/USERSPACE/DATASETS/CodecFake/train/F06_SSB05390157.wav,6
/USERSPACE/DATASETS/CodecFake/train/F06_SSB19350368.wav,6
/USERSPACE/DATASETS/CodecFake/train/F06_p231_173.wav,6
/USERSPACE/DATASETS/CodecFake/train/F06_SSB00160229.wav,6
/USERSPACE/DATASETS/CodecFake/train/F06_SSB06010346.wav,6
/USERSPACE/DATASETS/CodecFake/train/F06_p246_051.wav,6
/USERSPACE/DATASETS/CodecFake/train/F06_SSB09660463.wav,6
/USERSPACE/DATASETS/CodecFake/train/F06_SSB17590495.wav,6
/USERSPACE/DATASETS/CodecFake/train/F06_SSB00800487.wav,6
/USERSPACE/DATASETS/CodecFake/train/F06_p293_213.wav,6
/USERSPACE/DATASETS/CodecFake/train/F06_p258_043.wav,6
/USERSPACE/DATASETS/CodecFake/train/F06_SSB02880171.wav,6
/USERSPACE/DATASETS/CodecFake/train/F06_SSB19350458.wav,6
/USERSPACE/DATASETS/CodecFake/train/F06_SSB03420485.wav,6
/USERSPACE/DATASETS/CodecFake/train/F06_SSB03540185.wav,6
/USERSPACE/DATASETS/CodecFake/train/F06_p306_217.wav,6
/USERSPACE/DATASETS/CodecFake/train/F06_SSB03820269.wav,6
/USERSPACE/DATASETS/CodecFake/train/F06_p361_120.wav,6
/USERSPACE/DATASETS/CodecFake/train/F06_SSB15550087.wav,6
/USERSPACE/DATASETS/CodecFake/train/F06_p330_183.wav,6
/USERSPACE/DATASETS/CodecFake/train/F06_SSB03390056.wav,6
/USERSPACE/DATASETS/CodecFake/train/F06_SSB18370189.wav,6
/USERSPACE/DATASETS/CodecFake/train/F06_SSB05880355.wav,6
/USERSPACE/DATASETS/CodecFake/train/F06_SSB07580330.wav,6
/USERSPACE/DATASETS/CodecFake/train/F06_SSB10080319.wav,6
/USERSPACE/DATASETS/CodecFake/train/F06_SSB07000405.wav,6
/USERSPACE/DATASETS/CodecFake/train/F06_p273_130.wav,6
/USERSPACE/DATASETS/CodecFake/train/F06_SSB14020175.wav,6
/USERSPACE/DATASETS/CodecFake/train/F06_SSB00800425.wav,6
/USERSPACE/DATASETS/CodecFake/train/F06_SSB09150137.wav,6
/USERSPACE/DATASETS/CodecFake/train/F06_SSB04350399.wav,6
/USERSPACE/DATASETS/CodecFake/train/F06_SSB16500274.wav,6
/USERSPACE/DATASETS/CodecFake/train/F06_SSB01390210.wav,6
/USERSPACE/DATASETS/CodecFake/train/F06_p233_247.wav,6
/USERSPACE/DATASETS/CodecFake/train/F06_SSB09130190.wav,6
/USERSPACE/DATASETS/CodecFake/train/F06_p241_350.wav,6
/USERSPACE/DATASETS/CodecFake/train/F06_SSB15630420.wav,6
/USERSPACE/DATASETS/CodecFake/train/F06_p261_270.wav,6
/USERSPACE/DATASETS/CodecFake/train/F06_p333_028.wav,6
/USERSPACE/DATASETS/CodecFake/train/F06_SSB16840382.wav,6
/USERSPACE/DATASETS/CodecFake/train/F06_p308_084.wav,6
/USERSPACE/DATASETS/CodecFake/train/F06_SSB07780037.wav,6
/USERSPACE/DATASETS/CodecFake/train/F06_SSB15630008.wav,6
/USERSPACE/DATASETS/CodecFake/train/F06_p257_246.wav,6
/USERSPACE/DATASETS/CodecFake/train/F06_SSB01390136.wav,6
/USERSPACE/DATASETS/CodecFake/train/F06_SSB06710371.wav,6
/USERSPACE/DATASETS/CodecFake/train/F06_SSB19560189.wav,6
/USERSPACE/DATASETS/CodecFake/train/F06_SSB06680239.wav,6
/USERSPACE/DATASETS/CodecFake/train/F06_p361_410.wav,6
/USERSPACE/DATASETS/CodecFake/train/F06_SSB05650481.wav,6
/USERSPACE/DATASETS/CodecFake/train/F06_SSB19390177.wav,6
/USERSPACE/DATASETS/CodecFake/train/F06_SSB05900168.wav,6
/USERSPACE/DATASETS/CodecFake/train/F06_SSB18460119.wav,6
/USERSPACE/DATASETS/CodecFake/train/F06_p236_411.wav,6
/USERSPACE/DATASETS/CodecFake/train/F06_SSB13770467.wav,6
/USERSPACE/DATASETS/CodecFake/train/F06_SSB16990392.wav,6
/USERSPACE/DATASETS/CodecFake/train/F06_SSB06320183.wav,6
/USERSPACE/DATASETS/CodecFake/train/F06_SSB07780415.wav,6
/USERSPACE/DATASETS/CodecFake/train/F06_SSB14570314.wav,6
/USERSPACE/DATASETS/CodecFake/train/F06_p306_333.wav,6
/USERSPACE/DATASETS/CodecFake/train/F06_SSB14310368.wav,6
/USERSPACE/DATASETS/CodecFake/train/F06_SSB07600008.wav,6
/USERSPACE/DATASETS/CodecFake/train/F06_p277_007.wav,6
/USERSPACE/DATASETS/CodecFake/train/F06_SSB06310228.wav,6
/USERSPACE/DATASETS/CodecFake/train/F06_SSB19020126.wav,6
/USERSPACE/DATASETS/CodecFake/train/F06_SSB04270408.wav,6
/USERSPACE/DATASETS/CodecFake/train/F06_SSB03850312.wav,6
/USERSPACE/DATASETS/CodecFake/train/F06_SSB18280344.wav,6
/USERSPACE/DATASETS/CodecFake/train/F06_p345_293.wav,6
/USERSPACE/DATASETS/CodecFake/train/F06_SSB15670336.wav,6
/USERSPACE/DATASETS/CodecFake/train/F06_SSB02460256.wav,6
/USERSPACE/DATASETS/CodecFake/train/F06_SSB18780415.wav,6
/USERSPACE/DATASETS/CodecFake/train/F06_SSB08220380.wav,6
/USERSPACE/DATASETS/CodecFake/train/F06_p230_337.wav,6
/USERSPACE/DATASETS/CodecFake/train/F06_p329_060.wav,6
/USERSPACE/DATASETS/CodecFake/train/F06_SSB06090414.wav,6
/USERSPACE/DATASETS/CodecFake/train/F06_SSB05440277.wav,6
/USERSPACE/DATASETS/CodecFake/train/F06_SSB03380051.wav,6
/USERSPACE/DATASETS/CodecFake/train/F06_SSB00730427.wav,6
/USERSPACE/DATASETS/CodecFake/train/F06_p254_388.wav,6
/USERSPACE/DATASETS/CodecFake/train/F06_SSB14480411.wav,6
/USERSPACE/DATASETS/CodecFake/train/F06_SSB17450244.wav,6
/USERSPACE/DATASETS/CodecFake/train/F06_SSB03420069.wav,6
/USERSPACE/DATASETS/CodecFake/train/F06_SSB11000123.wav,6
/USERSPACE/DATASETS/CodecFake/train/F06_p285_099.wav,6
/USERSPACE/DATASETS/CodecFake/train/F06_SSB10080386.wav,6
/USERSPACE/DATASETS/CodecFake/train/F06_p228_282.wav,6
/USERSPACE/DATASETS/CodecFake/train/F06_SSB03090384.wav,6
/USERSPACE/DATASETS/CodecFake/train/F06_SSB06090011.wav,6
/USERSPACE/DATASETS/CodecFake/train/F06_SSB16250104.wav,6
/USERSPACE/DATASETS/CodecFake/train/F06_SSB04070467.wav,6
/USERSPACE/DATASETS/CodecFake/train/F06_SSB18280459.wav,6
/USERSPACE/DATASETS/CodecFake/train/F06_SSB10550321.wav,6
/USERSPACE/DATASETS/CodecFake/train/F06_p285_367.wav,6
/USERSPACE/DATASETS/CodecFake/train/F06_p254_246.wav,6
/USERSPACE/DATASETS/CodecFake/train/F06_p335_027.wav,6
/USERSPACE/DATASETS/CodecFake/train/F06_SSB16840065.wav,6
/USERSPACE/DATASETS/CodecFake/train/F06_p253_045.wav,6
/USERSPACE/DATASETS/CodecFake/train/F06_SSB19180010.wav,6
/USERSPACE/DATASETS/CodecFake/train/F06_SSB19180284.wav,6
/USERSPACE/DATASETS/CodecFake/train/F06_SSB18630266.wav,6
/USERSPACE/DATASETS/CodecFake/train/F06_p287_211.wav,6
/USERSPACE/DATASETS/CodecFake/train/F06_SSB18780199.wav,6
/USERSPACE/DATASETS/CodecFake/train/F06_p298_296.wav,6
/USERSPACE/DATASETS/CodecFake/train/F06_SSB13220478.wav,6
/USERSPACE/DATASETS/CodecFake/train/F06_SSB09660467.wav,6
/USERSPACE/DATASETS/CodecFake/train/F06_p270_393.wav,6
/USERSPACE/DATASETS/CodecFake/train/F06_SSB15550401.wav,6
/USERSPACE/DATASETS/CodecFake/train/F06_p269_318.wav,6
/USERSPACE/DATASETS/CodecFake/train/F06_p333_237.wav,6
/USERSPACE/DATASETS/CodecFake/train/F06_p243_170.wav,6
/USERSPACE/DATASETS/CodecFake/train/F06_p285_168.wav,6
/USERSPACE/DATASETS/CodecFake/train/F06_SSB06230218.wav,6
/USERSPACE/DATASETS/CodecFake/train/F06_SSB07100201.wav,6
/USERSPACE/DATASETS/CodecFake/train/F06_SSB18720286.wav,6
/USERSPACE/DATASETS/CodecFake/train/F06_SSB00110437.wav,6
/USERSPACE/DATASETS/CodecFake/train/F06_SSB14020460.wav,6
/USERSPACE/DATASETS/CodecFake/train/F06_p345_324.wav,6
/USERSPACE/DATASETS/CodecFake/train/F06_SSB06090437.wav,6
/USERSPACE/DATASETS/CodecFake/train/F06_SSB16300337.wav,6
/USERSPACE/DATASETS/CodecFake/train/F06_SSB15750449.wav,6
/USERSPACE/DATASETS/CodecFake/train/F06_SSB12390355.wav,6
/USERSPACE/DATASETS/CodecFake/train/F06_p271_105.wav,6
/USERSPACE/DATASETS/CodecFake/train/F06_SSB19390423.wav,6
/USERSPACE/DATASETS/CodecFake/train/F06_SSB09660151.wav,6
/USERSPACE/DATASETS/CodecFake/train/F06_p284_268.wav,6
/USERSPACE/DATASETS/CodecFake/train/F06_SSB04270091.wav,6
/USERSPACE/DATASETS/CodecFake/train/F06_SSB00380173.wav,6
/USERSPACE/DATASETS/CodecFake/train/F06_SSB17590263.wav,6
/USERSPACE/DATASETS/CodecFake/train/F06_SSB15750373.wav,6
/USERSPACE/DATASETS/CodecFake/train/F06_p282_298.wav,6
/USERSPACE/DATASETS/CodecFake/train/F06_SSB07000071.wav,6
/USERSPACE/DATASETS/CodecFake/train/F06_p326_327.wav,6
/USERSPACE/DATASETS/CodecFake/train/F06_p273_390.wav,6
/USERSPACE/DATASETS/CodecFake/train/F06_SSB04340315.wav,6
/USERSPACE/DATASETS/CodecFake/train/F06_SSB13220066.wav,6
/USERSPACE/DATASETS/CodecFake/train/F06_SSB08090498.wav,6
/USERSPACE/DATASETS/CodecFake/train/F06_p334_112.wav,6
/USERSPACE/DATASETS/CodecFake/train/F06_p267_052.wav,6
/USERSPACE/DATASETS/CodecFake/train/F06_SSB06290416.wav,6
/USERSPACE/DATASETS/CodecFake/train/F06_SSB07020376.wav,6
/USERSPACE/DATASETS/CodecFake/train/F06_SSB13660481.wav,6
/USERSPACE/DATASETS/CodecFake/train/F06_SSB04070225.wav,6
/USERSPACE/DATASETS/CodecFake/train/F06_p345_341.wav,6
/USERSPACE/DATASETS/CodecFake/train/F06_SSB00570074.wav,6
/USERSPACE/DATASETS/CodecFake/train/F06_SSB03390052.wav,6
/USERSPACE/DATASETS/CodecFake/train/F06_SSB05340152.wav,6
/USERSPACE/DATASETS/CodecFake/train/F06_p317_364.wav,6
/USERSPACE/DATASETS/CodecFake/train/F06_p265_135.wav,6
/USERSPACE/DATASETS/CodecFake/train/F06_p241_277.wav,6
/USERSPACE/DATASETS/CodecFake/train/F06_SSB00430109.wav,6
/USERSPACE/DATASETS/CodecFake/train/F06_SSB09130074.wav,6
/USERSPACE/DATASETS/CodecFake/train/F06_SSB10500099.wav,6
/USERSPACE/DATASETS/CodecFake/train/F06_p307_005.wav,6
/USERSPACE/DATASETS/CodecFake/train/F06_SSB09150299.wav,6
/USERSPACE/DATASETS/CodecFake/train/F06_p299_023.wav,6
/USERSPACE/DATASETS/CodecFake/train/F06_p302_201.wav,6
/USERSPACE/DATASETS/CodecFake/train/F06_SSB13660142.wav,6
/USERSPACE/DATASETS/CodecFake/train/F06_SSB04700391.wav,6
/USERSPACE/DATASETS/CodecFake/train/F06_SSB07510424.wav,6
/USERSPACE/DATASETS/CodecFake/train/F06_p231_059.wav,6
/USERSPACE/DATASETS/CodecFake/train/F06_SSB00110044.wav,6
/USERSPACE/DATASETS/CodecFake/train/F06_p273_026.wav,6
/USERSPACE/DATASETS/CodecFake/train/F06_SSB04820215.wav,6
/USERSPACE/DATASETS/CodecFake/train/F06_SSB03420420.wav,6
/USERSPACE/DATASETS/CodecFake/train/F06_SSB04340015.wav,6
/USERSPACE/DATASETS/CodecFake/train/F06_SSB02000234.wav,6
/USERSPACE/DATASETS/CodecFake/train/F06_p300_060.wav,6
/USERSPACE/DATASETS/CodecFake/train/F06_SSB09130053.wav,6
/USERSPACE/DATASETS/CodecFake/train/F06_SSB06060167.wav,6
/USERSPACE/DATASETS/CodecFake/train/F06_p265_003.wav,6
/USERSPACE/DATASETS/CodecFake/train/F06_p264_139.wav,6
/USERSPACE/DATASETS/CodecFake/train/F06_SSB04270181.wav,6
/USERSPACE/DATASETS/CodecFake/train/F06_p273_244.wav,6
/USERSPACE/DATASETS/CodecFake/train/F06_SSB04150261.wav,6
/USERSPACE/DATASETS/CodecFake/train/F06_SSB15750197.wav,6
/USERSPACE/DATASETS/CodecFake/train/F06_p303_172.wav,6
/USERSPACE/DATASETS/CodecFake/train/F06_SSB15930439.wav,6
/USERSPACE/DATASETS/CodecFake/train/F06_SSB01220202.wav,6
/USERSPACE/DATASETS/CodecFake/train/F06_SSB04340300.wav,6
/USERSPACE/DATASETS/CodecFake/train/F06_SSB18460336.wav,6
/USERSPACE/DATASETS/CodecFake/train/F06_SSB05780288.wav,6
/USERSPACE/DATASETS/CodecFake/train/F06_SSB06010432.wav,6
/USERSPACE/DATASETS/CodecFake/train/F06_SSB00180047.wav,6
/USERSPACE/DATASETS/CodecFake/train/F06_p345_226.wav,6
/USERSPACE/DATASETS/CodecFake/train/F06_p231_219.wav,6
/USERSPACE/DATASETS/CodecFake/train/F06_p236_243.wav,6
/USERSPACE/DATASETS/CodecFake/train/F06_SSB03850097.wav,6
/USERSPACE/DATASETS/CodecFake/train/F06_SSB18060486.wav,6
/USERSPACE/DATASETS/CodecFake/train/F06_SSB03850210.wav,6
/USERSPACE/DATASETS/CodecFake/train/F06_SSB05900152.wav,6
/USERSPACE/DATASETS/CodecFake/train/F06_p326_086.wav,6
/USERSPACE/DATASETS/CodecFake/train/F06_SSB18460163.wav,6
/USERSPACE/DATASETS/CodecFake/train/F06_p282_286.wav,6
/USERSPACE/DATASETS/CodecFake/train/F06_SSB06710262.wav,6
/USERSPACE/DATASETS/CodecFake/train/F06_SSB18780111.wav,6
/USERSPACE/DATASETS/CodecFake/train/F06_SSB05900039.wav,6
/USERSPACE/DATASETS/CodecFake/train/F06_SSB00730423.wav,6
/USERSPACE/DATASETS/CodecFake/train/F06_SSB06140016.wav,6
/USERSPACE/DATASETS/CodecFake/train/F06_SSB09350355.wav,6
/USERSPACE/DATASETS/CodecFake/train/F06_SSB16250138.wav,6
/USERSPACE/DATASETS/CodecFake/train/F06_SSB03930461.wav,6
/USERSPACE/DATASETS/CodecFake/train/F06_SSB16070193.wav,6
/USERSPACE/DATASETS/CodecFake/train/F06_SSB11760390.wav,6
/USERSPACE/DATASETS/CodecFake/train/F06_SSB15850041.wav,6
/USERSPACE/DATASETS/CodecFake/train/F06_p244_330.wav,6
/USERSPACE/DATASETS/CodecFake/train/F06_p333_054.wav,6
/USERSPACE/DATASETS/CodecFake/train/F06_SSB10500387.wav,6
/USERSPACE/DATASETS/CodecFake/train/F06_SSB13280113.wav,6
/USERSPACE/DATASETS/CodecFake/train/F06_p268_223.wav,6
/USERSPACE/DATASETS/CodecFake/train/F06_SSB06090256.wav,6
/USERSPACE/DATASETS/CodecFake/train/F06_SSB12180109.wav,6
/USERSPACE/DATASETS/CodecFake/train/F06_SSB10200118.wav,6
/USERSPACE/DATASETS/CodecFake/train/F06_SSB07110217.wav,6
/USERSPACE/DATASETS/CodecFake/train/F06_SSB11380489.wav,6
/USERSPACE/DATASETS/CodecFake/train/F06_SSB02670198.wav,6
/USERSPACE/DATASETS/CodecFake/train/F06_SSB02990056.wav,6
/USERSPACE/DATASETS/CodecFake/train/F06_p314_186.wav,6
/USERSPACE/DATASETS/CodecFake/train/F06_p343_143.wav,6
/USERSPACE/DATASETS/CodecFake/train/F06_SSB07800123.wav,6
/USERSPACE/DATASETS/CodecFake/train/F06_p276_388.wav,6
/USERSPACE/DATASETS/CodecFake/train/F06_SSB01930033.wav,6
/USERSPACE/DATASETS/CodecFake/train/F06_p307_367.wav,6
/USERSPACE/DATASETS/CodecFake/train/F06_SSB03420250.wav,6
/USERSPACE/DATASETS/CodecFake/train/F06_SSB04270186.wav,6
/USERSPACE/DATASETS/CodecFake/train/F06_SSB05020315.wav,6
/USERSPACE/DATASETS/CodecFake/train/F06_p347_274.wav,6
/USERSPACE/DATASETS/CodecFake/train/F06_SSB09190352.wav,6
/USERSPACE/DATASETS/CodecFake/train/F06_SSB10020066.wav,6
/USERSPACE/DATASETS/CodecFake/train/F06_SSB07780229.wav,6
/USERSPACE/DATASETS/CodecFake/train/F06_p300_075.wav,6
/USERSPACE/DATASETS/CodecFake/train/F06_SSB00730179.wav,6
/USERSPACE/DATASETS/CodecFake/train/F06_SSB07860153.wav,6
/USERSPACE/DATASETS/CodecFake/train/F06_p374_142.wav,6
/USERSPACE/DATASETS/CodecFake/train/F06_SSB11310231.wav,6
/USERSPACE/DATASETS/CodecFake/train/F06_SSB00050426.wav,6
/USERSPACE/DATASETS/CodecFake/train/F06_SSB10550286.wav,6
/USERSPACE/DATASETS/CodecFake/train/F06_p278_062.wav,6
/USERSPACE/DATASETS/CodecFake/train/F06_SSB13280349.wav,6
/USERSPACE/DATASETS/CodecFake/train/F06_p233_226.wav,6
/USERSPACE/DATASETS/CodecFake/train/F06_p282_250.wav,6
/USERSPACE/DATASETS/CodecFake/train/F06_SSB03540060.wav,6
/USERSPACE/DATASETS/CodecFake/train/F06_SSB01970306.wav,6
/USERSPACE/DATASETS/CodecFake/train/F06_SSB01220279.wav,6
/USERSPACE/DATASETS/CodecFake/train/F06_SSB11260352.wav,6
/USERSPACE/DATASETS/CodecFake/train/F06_p239_416.wav,6
/USERSPACE/DATASETS/CodecFake/train/F06_p363_116.wav,6
/USERSPACE/DATASETS/CodecFake/train/F06_SSB07510341.wav,6
/USERSPACE/DATASETS/CodecFake/train/F06_SSB16250151.wav,6
/USERSPACE/DATASETS/CodecFake/train/F06_SSB16240218.wav,6
/USERSPACE/DATASETS/CodecFake/train/F06_SSB07780510.wav,6
/USERSPACE/DATASETS/CodecFake/train/F06_SSB11610336.wav,6
/USERSPACE/DATASETS/CodecFake/train/F06_p308_170.wav,6
/USERSPACE/DATASETS/CodecFake/train/F06_SSB04270312.wav,6
/USERSPACE/DATASETS/CodecFake/train/F06_SSB14480377.wav,6
/USERSPACE/DATASETS/CodecFake/train/F06_SSB04700505.wav,6
/USERSPACE/DATASETS/CodecFake/train/F06_p278_243.wav,6
/USERSPACE/DATASETS/CodecFake/train/F06_p259_077.wav,6
/USERSPACE/DATASETS/CodecFake/train/F06_SSB13920286.wav,6
/USERSPACE/DATASETS/CodecFake/train/F06_SSB01450448.wav,6
/USERSPACE/DATASETS/CodecFake/train/F06_SSB10080334.wav,6
/USERSPACE/DATASETS/CodecFake/train/F06_p347_218.wav,6
/USERSPACE/DATASETS/CodecFake/train/F06_p340_159.wav,6
/USERSPACE/DATASETS/CodecFake/train/F06_SSB04270223.wav,6
/USERSPACE/DATASETS/CodecFake/train/F06_SSB13660386.wav,6
/USERSPACE/DATASETS/CodecFake/train/F06_SSB01490001.wav,6
/USERSPACE/DATASETS/CodecFake/train/F06_p227_095.wav,6
/USERSPACE/DATASETS/CodecFake/train/F06_p239_001.wav,6
/USERSPACE/DATASETS/CodecFake/train/F06_SSB06230334.wav,6
/USERSPACE/DATASETS/CodecFake/train/F06_SSB07860139.wav,6
/USERSPACE/DATASETS/CodecFake/train/F06_p241_099.wav,6
/USERSPACE/DATASETS/CodecFake/train/F06_SSB11150337.wav,6
/USERSPACE/DATASETS/CodecFake/train/F06_SSB01930216.wav,6
/USERSPACE/DATASETS/CodecFake/train/F06_SSB05900386.wav,6
/USERSPACE/DATASETS/CodecFake/train/F06_SSB19560054.wav,6
/USERSPACE/DATASETS/CodecFake/train/F06_SSB15670303.wav,6
/USERSPACE/DATASETS/CodecFake/train/F06_SSB09150349.wav,6
/USERSPACE/DATASETS/CodecFake/train/F06_SSB18320343.wav,6
/USERSPACE/DATASETS/CodecFake/train/F06_p360_419.wav,6
/USERSPACE/DATASETS/CodecFake/train/F06_SSB06070374.wav,6
/USERSPACE/DATASETS/CodecFake/train/F06_p308_058.wav,6
/USERSPACE/DATASETS/CodecFake/train/F06_SSB18280020.wav,6
/USERSPACE/DATASETS/CodecFake/train/F06_SSB02990409.wav,6
/USERSPACE/DATASETS/CodecFake/train/F06_SSB05650459.wav,6
/USERSPACE/DATASETS/CodecFake/train/F06_SSB02990394.wav,6
/USERSPACE/DATASETS/CodecFake/train/F06_p247_358.wav,6
/USERSPACE/DATASETS/CodecFake/train/F06_p245_027.wav,6
/USERSPACE/DATASETS/CodecFake/train/F06_SSB09660419.wav,6
/USERSPACE/DATASETS/CodecFake/train/F06_SSB00570152.wav,6
/USERSPACE/DATASETS/CodecFake/train/F06_p251_217.wav,6
/USERSPACE/DATASETS/CodecFake/train/F06_SSB16700330.wav,6
/USERSPACE/DATASETS/CodecFake/train/F06_SSB05650473.wav,6
/USERSPACE/DATASETS/CodecFake/train/F06_SSB18630383.wav,6
/USERSPACE/DATASETS/CodecFake/train/F06_SSB04150311.wav,6
/USERSPACE/DATASETS/CodecFake/train/F06_SSB09870372.wav,6
/USERSPACE/DATASETS/CodecFake/train/F06_p314_080.wav,6
/USERSPACE/DATASETS/CodecFake/train/F06_SSB12190150.wav,6
/USERSPACE/DATASETS/CodecFake/train/F06_SSB00570248.wav,6
/USERSPACE/DATASETS/CodecFake/train/F06_SSB00160184.wav,6
/USERSPACE/DATASETS/CodecFake/train/F06_SSB01930434.wav,6
/USERSPACE/DATASETS/CodecFake/train/F06_SSB18100368.wav,6
/USERSPACE/DATASETS/CodecFake/train/F06_SSB10080407.wav,6
/USERSPACE/DATASETS/CodecFake/train/F06_p233_144.wav,6
/USERSPACE/DATASETS/CodecFake/train/F06_SSB02000070.wav,6
/USERSPACE/DATASETS/CodecFake/train/F06_SSB18100488.wav,6
/USERSPACE/DATASETS/CodecFake/train/F06_SSB04700437.wav,6
/USERSPACE/DATASETS/CodecFake/train/F06_p313_118.wav,6
/USERSPACE/DATASETS/CodecFake/train/F06_SSB16860154.wav,6
/USERSPACE/DATASETS/CodecFake/train/F06_p301_365.wav,6
/USERSPACE/DATASETS/CodecFake/train/F06_SSB01930167.wav,6
/USERSPACE/DATASETS/CodecFake/train/F06_SSB13020011.wav,6
/USERSPACE/DATASETS/CodecFake/train/F06_SSB16500364.wav,6
/USERSPACE/DATASETS/CodecFake/train/F06_p294_190.wav,6
/USERSPACE/DATASETS/CodecFake/train/F06_SSB03790154.wav,6
/USERSPACE/DATASETS/CodecFake/train/F06_SSB08510443.wav,6
/USERSPACE/DATASETS/CodecFake/train/F06_SSB06930269.wav,6
/USERSPACE/DATASETS/CodecFake/train/F06_SSB03930358.wav,6
/USERSPACE/DATASETS/CodecFake/train/F06_SSB18720047.wav,6
/USERSPACE/DATASETS/CodecFake/train/F06_SSB10960394.wav,6
/USERSPACE/DATASETS/CodecFake/train/F06_SSB01220430.wav,6
/USERSPACE/DATASETS/CodecFake/train/F06_SSB01930018.wav,6
/USERSPACE/DATASETS/CodecFake/train/F06_SSB05700011.wav,6
/USERSPACE/DATASETS/CodecFake/train/F06_p261_422.wav,6
/USERSPACE/DATASETS/CodecFake/train/F06_SSB07000127.wav,6
/USERSPACE/DATASETS/CodecFake/train/F06_SSB09970112.wav,6
/USERSPACE/DATASETS/CodecFake/train/F06_SSB13220499.wav,6
/USERSPACE/DATASETS/CodecFake/train/F06_SSB00730463.wav,6
/USERSPACE/DATASETS/CodecFake/train/F06_p262_032.wav,6
/USERSPACE/DATASETS/CodecFake/train/F06_p347_304.wav,6
/USERSPACE/DATASETS/CodecFake/train/F06_p308_106.wav,6
/USERSPACE/DATASETS/CodecFake/train/F06_SSB03660504.wav,6
/USERSPACE/DATASETS/CodecFake/train/F06_p237_216.wav,6
/USERSPACE/DATASETS/CodecFake/train/F06_SSB11150013.wav,6
/USERSPACE/DATASETS/CodecFake/train/F06_SSB01970463.wav,6
/USERSPACE/DATASETS/CodecFake/train/F06_SSB04270137.wav,6
/USERSPACE/DATASETS/CodecFake/train/F06_p239_440.wav,6
/USERSPACE/DATASETS/CodecFake/train/F06_SSB07020430.wav,6
/USERSPACE/DATASETS/CodecFake/train/F06_p310_162.wav,6
/USERSPACE/DATASETS/CodecFake/train/F06_p286_236.wav,6
/USERSPACE/DATASETS/CodecFake/train/F06_SSB03420279.wav,6
/USERSPACE/DATASETS/CodecFake/train/F06_SSB03150267.wav,6
/USERSPACE/DATASETS/CodecFake/train/F06_p267_089.wav,6
/USERSPACE/DATASETS/CodecFake/train/F06_p312_226.wav,6
/USERSPACE/DATASETS/CodecFake/train/F06_SSB04270332.wav,6
/USERSPACE/DATASETS/CodecFake/train/F06_SSB02730274.wav,6
/USERSPACE/DATASETS/CodecFake/train/F06_p339_005.wav,6
/USERSPACE/DATASETS/CodecFake/train/F06_SSB12190467.wav,6
/USERSPACE/DATASETS/CodecFake/train/F06_p326_069.wav,6
/USERSPACE/DATASETS/CodecFake/train/F06_SSB03850314.wav,6
/USERSPACE/DATASETS/CodecFake/train/F06_SSB01970289.wav,6
/USERSPACE/DATASETS/CodecFake/train/F06_p236_235.wav,6
/USERSPACE/DATASETS/CodecFake/train/F06_p312_147.wav,6
/USERSPACE/DATASETS/CodecFake/train/F06_p277_031.wav,6
/USERSPACE/DATASETS/CodecFake/train/F06_SSB12030151.wav,6
/USERSPACE/DATASETS/CodecFake/train/F06_SSB18370033.wav,6
/USERSPACE/DATASETS/CodecFake/train/F06_p299_342.wav,6
/USERSPACE/DATASETS/CodecFake/train/F06_p313_149.wav,6
/USERSPACE/DATASETS/CodecFake/train/F06_SSB04700327.wav,6
/USERSPACE/DATASETS/CodecFake/train/F06_SSB02730224.wav,6
/USERSPACE/DATASETS/CodecFake/train/F06_SSB07100080.wav,6
/USERSPACE/DATASETS/CodecFake/train/F06_p286_125.wav,6
/USERSPACE/DATASETS/CodecFake/train/F06_p318_152.wav,6
/USERSPACE/DATASETS/CodecFake/train/F06_SSB11350037.wav,6
/USERSPACE/DATASETS/CodecFake/train/F06_SSB07110086.wav,6
/USERSPACE/DATASETS/CodecFake/train/F06_SSB06140037.wav,6
/USERSPACE/DATASETS/CodecFake/train/F06_SSB08630466.wav,6
/USERSPACE/DATASETS/CodecFake/train/F06_p267_377.wav,6
/USERSPACE/DATASETS/CodecFake/train/F06_SSB02730076.wav,6
/USERSPACE/DATASETS/CodecFake/train/F06_SSB00430123.wav,6
/USERSPACE/DATASETS/CodecFake/train/F06_p323_312.wav,6
/USERSPACE/DATASETS/CodecFake/train/F06_SSB15930380.wav,6
/USERSPACE/DATASETS/CodecFake/train/F06_p317_387.wav,6
/USERSPACE/DATASETS/CodecFake/train/F06_SSB08870008.wav,6
/USERSPACE/DATASETS/CodecFake/train/F06_SSB11310278.wav,6
/USERSPACE/DATASETS/CodecFake/train/F06_SSB05940061.wav,6
/USERSPACE/DATASETS/CodecFake/train/F06_p311_135.wav,6
/USERSPACE/DATASETS/CodecFake/train/F06_SSB05940167.wav,6
/USERSPACE/DATASETS/CodecFake/train/F06_SSB13200300.wav,6
/USERSPACE/DATASETS/CodecFake/train/F06_SSB10020084.wav,6
/USERSPACE/DATASETS/CodecFake/train/F06_p310_139.wav,6
/USERSPACE/DATASETS/CodecFake/train/F06_p314_007.wav,6
/USERSPACE/DATASETS/CodecFake/train/F06_SSB08870457.wav,6
/USERSPACE/DATASETS/CodecFake/train/F06_p374_357.wav,6
/USERSPACE/DATASETS/CodecFake/train/F06_p248_004.wav,6
/USERSPACE/DATASETS/CodecFake/train/F06_SSB07460416.wav,6
/USERSPACE/DATASETS/CodecFake/train/F06_p288_350.wav,6
/USERSPACE/DATASETS/CodecFake/train/F06_SSB18320018.wav,6
/USERSPACE/DATASETS/CodecFake/train/F06_p239_034.wav,6
/USERSPACE/DATASETS/CodecFake/train/F06_SSB06060195.wav,6
/USERSPACE/DATASETS/CodecFake/train/F06_SSB08870242.wav,6
/USERSPACE/DATASETS/CodecFake/train/F06_p285_342.wav,6
/USERSPACE/DATASETS/CodecFake/train/F06_p239_243.wav,6
/USERSPACE/DATASETS/CodecFake/train/F06_SSB16240141.wav,6
/USERSPACE/DATASETS/CodecFake/train/F06_SSB13400010.wav,6
/USERSPACE/DATASETS/CodecFake/train/F06_p283_360.wav,6
/USERSPACE/DATASETS/CodecFake/train/F06_p240_171.wav,6
/USERSPACE/DATASETS/CodecFake/train/F06_p330_060.wav,6
/USERSPACE/DATASETS/CodecFake/train/F06_SSB03930021.wav,6
/USERSPACE/DATASETS/CodecFake/train/F06_SSB07020020.wav,6
/USERSPACE/DATASETS/CodecFake/train/F06_SSB17390213.wav,6
/USERSPACE/DATASETS/CodecFake/train/F06_SSB19180096.wav,6
/USERSPACE/DATASETS/CodecFake/train/F06_p258_217.wav,6
/USERSPACE/DATASETS/CodecFake/train/F06_SSB19180453.wav,6
/USERSPACE/DATASETS/CodecFake/train/F06_SSB11250004.wav,6
/USERSPACE/DATASETS/CodecFake/train/F06_SSB01490014.wav,6
/USERSPACE/DATASETS/CodecFake/train/F06_SSB12180062.wav,6
/USERSPACE/DATASETS/CodecFake/train/F06_p279_292.wav,6
/USERSPACE/DATASETS/CodecFake/train/F06_p264_091.wav,6
/USERSPACE/DATASETS/CodecFake/train/F06_SSB00430312.wav,6
/USERSPACE/DATASETS/CodecFake/train/F06_SSB05340281.wav,6
/USERSPACE/DATASETS/CodecFake/train/F06_SSB01220043.wav,6
/USERSPACE/DATASETS/CodecFake/train/F06_SSB07360411.wav,6
/USERSPACE/DATASETS/CodecFake/train/F06_SSB13280037.wav,6
/USERSPACE/DATASETS/CodecFake/train/F06_SSB01450128.wav,6
/USERSPACE/DATASETS/CodecFake/train/F06_p250_281.wav,6
/USERSPACE/DATASETS/CodecFake/train/F06_p345_271.wav,6
/USERSPACE/DATASETS/CodecFake/train/F06_SSB11870286.wav,6
/USERSPACE/DATASETS/CodecFake/train/F06_SSB05880220.wav,6
/USERSPACE/DATASETS/CodecFake/train/F06_SSB02730315.wav,6
/USERSPACE/DATASETS/CodecFake/train/F06_SSB19020026.wav,6
/USERSPACE/DATASETS/CodecFake/train/F06_SSB18780063.wav,6
/USERSPACE/DATASETS/CodecFake/train/F06_p316_189.wav,6
/USERSPACE/DATASETS/CodecFake/train/F06_p272_110.wav,6
/USERSPACE/DATASETS/CodecFake/train/F06_p265_044.wav,6
/USERSPACE/DATASETS/CodecFake/train/F06_SSB05900165.wav,6
/USERSPACE/DATASETS/CodecFake/train/F06_p254_185.wav,6
/USERSPACE/DATASETS/CodecFake/train/F06_SSB19020475.wav,6
/USERSPACE/DATASETS/CodecFake/train/F06_p314_244.wav,6
/USERSPACE/DATASETS/CodecFake/train/F06_SSB08510500.wav,6
/USERSPACE/DATASETS/CodecFake/train/F06_p273_129.wav,6
/USERSPACE/DATASETS/CodecFake/train/F06_p283_328.wav,6
/USERSPACE/DATASETS/CodecFake/train/F06_p287_087.wav,6
/USERSPACE/DATASETS/CodecFake/train/F06_SSB00110152.wav,6
/USERSPACE/DATASETS/CodecFake/train/F06_SSB08170280.wav,6
/USERSPACE/DATASETS/CodecFake/train/F06_SSB06070490.wav,6
/USERSPACE/DATASETS/CodecFake/train/F06_p281_033.wav,6
/USERSPACE/DATASETS/CodecFake/train/F06_SSB03850086.wav,6
/USERSPACE/DATASETS/CodecFake/train/F06_SSB02460099.wav,6
/USERSPACE/DATASETS/CodecFake/train/F06_p243_259.wav,6
/USERSPACE/DATASETS/CodecFake/train/F06_SSB03750247.wav,6
/USERSPACE/DATASETS/CodecFake/train/F06_p336_104.wav,6
/USERSPACE/DATASETS/CodecFake/train/F06_SSB10960406.wav,6
/USERSPACE/DATASETS/CodecFake/train/F06_p317_235.wav,6
/USERSPACE/DATASETS/CodecFake/train/F06_SSB09870360.wav,6
/USERSPACE/DATASETS/CodecFake/train/F06_SSB04700393.wav,6
/USERSPACE/DATASETS/CodecFake/train/F06_p343_363.wav,6
/USERSPACE/DATASETS/CodecFake/train/F06_SSB11610318.wav,6
/USERSPACE/DATASETS/CodecFake/train/F06_SSB06230273.wav,6
/USERSPACE/DATASETS/CodecFake/train/F06_p271_349.wav,6
/USERSPACE/DATASETS/CodecFake/train/F06_p259_350.wav,6
/USERSPACE/DATASETS/CodecFake/train/F06_p305_200.wav,6
/USERSPACE/DATASETS/CodecFake/train/F06_SSB10560494.wav,6
/USERSPACE/DATASETS/CodecFake/train/F06_SSB03660396.wav,6
/USERSPACE/DATASETS/CodecFake/train/F06_SSB07170222.wav,6
/USERSPACE/DATASETS/CodecFake/train/F06_SSB05780127.wav,6
/USERSPACE/DATASETS/CodecFake/train/F06_p286_280.wav,6
/USERSPACE/DATASETS/CodecFake/train/F06_SSB07370157.wav,6
/USERSPACE/DATASETS/CodecFake/train/F06_SSB18320063.wav,6
/USERSPACE/DATASETS/CodecFake/train/F06_SSB05940094.wav,6
/USERSPACE/DATASETS/CodecFake/train/F06_p292_389.wav,6
/USERSPACE/DATASETS/CodecFake/train/F06_SSB02000331.wav,6
/USERSPACE/DATASETS/CodecFake/train/F06_SSB11360030.wav,6
/USERSPACE/DATASETS/CodecFake/train/F06_SSB05020043.wav,6
/USERSPACE/DATASETS/CodecFake/train/F06_p280_038.wav,6
/USERSPACE/DATASETS/CodecFake/train/F06_SSB19180442.wav,6
/USERSPACE/DATASETS/CodecFake/train/F06_SSB00800502.wav,6
/USERSPACE/DATASETS/CodecFake/train/F06_SSB05440368.wav,6
/USERSPACE/DATASETS/CodecFake/train/F06_p273_201.wav,6
/USERSPACE/DATASETS/CodecFake/train/F06_SSB12190209.wav,6
/USERSPACE/DATASETS/CodecFake/train/F06_SSB13660416.wav,6
/USERSPACE/DATASETS/CodecFake/train/F06_SSB06710426.wav,6
/USERSPACE/DATASETS/CodecFake/train/F06_p317_356.wav,6
/USERSPACE/DATASETS/CodecFake/train/F06_SSB05390430.wav,6
/USERSPACE/DATASETS/CodecFake/train/F06_SSB07490499.wav,6
/USERSPACE/DATASETS/CodecFake/train/F06_p287_277.wav,6
/USERSPACE/DATASETS/CodecFake/train/F06_SSB07110327.wav,6
/USERSPACE/DATASETS/CodecFake/train/F06_SSB01490352.wav,6
/USERSPACE/DATASETS/CodecFake/train/F06_p233_182.wav,6
/USERSPACE/DATASETS/CodecFake/train/F06_p340_295.wav,6
/USERSPACE/DATASETS/CodecFake/train/F06_SSB06060481.wav,6
/USERSPACE/DATASETS/CodecFake/train/F06_p329_244.wav,6
/USERSPACE/DATASETS/CodecFake/train/F06_SSB07510280.wav,6
/USERSPACE/DATASETS/CodecFake/train/F06_SSB02990133.wav,6
/USERSPACE/DATASETS/CodecFake/train/F06_SSB06860369.wav,6
/USERSPACE/DATASETS/CodecFake/train/F06_SSB07460251.wav,6
/USERSPACE/DATASETS/CodecFake/train/F06_SSB01490335.wav,6
/USERSPACE/DATASETS/CodecFake/train/F06_SSB18280130.wav,6
/USERSPACE/DATASETS/CodecFake/train/F06_SSB16990233.wav,6
/USERSPACE/DATASETS/CodecFake/train/F06_SSB05900129.wav,6
/USERSPACE/DATASETS/CodecFake/train/F06_SSB15550458.wav,6
/USERSPACE/DATASETS/CodecFake/train/F06_SSB10560487.wav,6
/USERSPACE/DATASETS/CodecFake/train/F06_SSB07800053.wav,6
/USERSPACE/DATASETS/CodecFake/train/F06_p247_386.wav,6
/USERSPACE/DATASETS/CodecFake/train/F06_p374_065.wav,6
/USERSPACE/DATASETS/CodecFake/train/F06_p251_075.wav,6
/USERSPACE/DATASETS/CodecFake/train/F06_p303_272.wav,6
/USERSPACE/DATASETS/CodecFake/train/F06_SSB18720428.wav,6
/USERSPACE/DATASETS/CodecFake/train/F06_SSB00730295.wav,6
/USERSPACE/DATASETS/CodecFake/train/F06_SSB06290449.wav,6
/USERSPACE/DATASETS/CodecFake/train/F06_SSB18280133.wav,6
/USERSPACE/DATASETS/CodecFake/train/F06_SSB05350015.wav,6
/USERSPACE/DATASETS/CodecFake/train/F06_SSB09870393.wav,6
/USERSPACE/DATASETS/CodecFake/train/F06_SSB07600223.wav,6
/USERSPACE/DATASETS/CodecFake/train/F06_SSB15550474.wav,6
/USERSPACE/DATASETS/CodecFake/train/F06_p298_275.wav,6
/USERSPACE/DATASETS/CodecFake/train/F06_SSB03660487.wav,6
/USERSPACE/DATASETS/CodecFake/train/F06_SSB12150449.wav,6
/USERSPACE/DATASETS/CodecFake/train/F06_SSB05990070.wav,6
/USERSPACE/DATASETS/CodecFake/train/F06_SSB13770201.wav,6
/USERSPACE/DATASETS/CodecFake/train/F06_p239_248.wav,6
/USERSPACE/DATASETS/CodecFake/train/F06_p317_338.wav,6
/USERSPACE/DATASETS/CodecFake/train/F06_SSB14020241.wav,6
/USERSPACE/DATASETS/CodecFake/train/F06_p282_004.wav,6
/USERSPACE/DATASETS/CodecFake/train/F06_SSB11250144.wav,6
/USERSPACE/DATASETS/CodecFake/train/F06_p302_140.wav,6
/USERSPACE/DATASETS/CodecFake/train/F06_SSB03950033.wav,6
/USERSPACE/DATASETS/CodecFake/train/F06_p308_135.wav,6
/USERSPACE/DATASETS/CodecFake/train/F06_SSB00330318.wav,6
/USERSPACE/DATASETS/CodecFake/train/F06_p253_272.wav,6
/USERSPACE/DATASETS/CodecFake/train/F06_p343_271.wav,6
/USERSPACE/DATASETS/CodecFake/train/F06_SSB13820193.wav,6
/USERSPACE/DATASETS/CodecFake/train/F06_SSB15750458.wav,6
/USERSPACE/DATASETS/CodecFake/train/F06_SSB12160471.wav,6
/USERSPACE/DATASETS/CodecFake/train/F06_SSB07370059.wav,6
/USERSPACE/DATASETS/CodecFake/train/F06_SSB03800236.wav,6
/USERSPACE/DATASETS/CodecFake/train/F06_SSB15750479.wav,6
/USERSPACE/DATASETS/CodecFake/train/F06_p282_351.wav,6
/USERSPACE/DATASETS/CodecFake/train/F06_SSB03410461.wav,6
/USERSPACE/DATASETS/CodecFake/train/F06_SSB00800111.wav,6
/USERSPACE/DATASETS/CodecFake/train/F06_SSB19180496.wav,6
/USERSPACE/DATASETS/CodecFake/train/F06_p264_266.wav,6
/USERSPACE/DATASETS/CodecFake/train/F06_SSB11360147.wav,6
/USERSPACE/DATASETS/CodecFake/train/F06_p313_238.wav,6
/USERSPACE/DATASETS/CodecFake/train/F06_SSB17450055.wav,6
/USERSPACE/DATASETS/CodecFake/train/F06_SSB06680343.wav,6
/USERSPACE/DATASETS/CodecFake/train/F06_SSB01930334.wav,6
/USERSPACE/DATASETS/CodecFake/train/F06_SSB06010112.wav,6
/USERSPACE/DATASETS/CodecFake/train/F06_SSB07940453.wav,6
/USERSPACE/DATASETS/CodecFake/train/F06_SSB10640407.wav,6
/USERSPACE/DATASETS/CodecFake/train/F06_p288_037.wav,6
/USERSPACE/DATASETS/CodecFake/train/F06_SSB13830136.wav,6
/USERSPACE/DATASETS/CodecFake/train/F06_p376_007.wav,6
/USERSPACE/DATASETS/CodecFake/train/F06_SSB06320209.wav,6
/USERSPACE/DATASETS/CodecFake/train/F06_SSB05350235.wav,6
/USERSPACE/DATASETS/CodecFake/train/F06_SSB18720153.wav,6
/USERSPACE/DATASETS/CodecFake/train/F06_p307_130.wav,6
/USERSPACE/DATASETS/CodecFake/train/F06_p247_326.wav,6
/USERSPACE/DATASETS/CodecFake/train/F06_p277_078.wav,6
/USERSPACE/DATASETS/CodecFake/train/F06_SSB09660020.wav,6
/USERSPACE/DATASETS/CodecFake/train/F06_p277_024.wav,6
/USERSPACE/DATASETS/CodecFake/train/F06_SSB03230069.wav,6
/USERSPACE/DATASETS/CodecFake/train/F06_p267_142.wav,6
/USERSPACE/DATASETS/CodecFake/train/F06_SSB11000326.wav,6
/USERSPACE/DATASETS/CodecFake/train/F06_SSB07110206.wav,6
/USERSPACE/DATASETS/CodecFake/train/F06_p273_399.wav,6
/USERSPACE/DATASETS/CodecFake/train/F06_p297_170.wav,6
/USERSPACE/DATASETS/CodecFake/train/F06_p264_074.wav,6
/USERSPACE/DATASETS/CodecFake/train/F06_SSB11250110.wav,6
/USERSPACE/DATASETS/CodecFake/train/F06_SSB04350349.wav,6
/USERSPACE/DATASETS/CodecFake/train/F06_SSB12180132.wav,6
/USERSPACE/DATASETS/CodecFake/train/F06_SSB04350198.wav,6
/USERSPACE/DATASETS/CodecFake/train/F06_p268_323.wav,6
/USERSPACE/DATASETS/CodecFake/train/F06_SSB05390005.wav,6
/USERSPACE/DATASETS/CodecFake/train/F06_SSB03380415.wav,6
/USERSPACE/DATASETS/CodecFake/train/F06_SSB07840324.wav,6
/USERSPACE/DATASETS/CodecFake/train/F06_p251_029.wav,6
/USERSPACE/DATASETS/CodecFake/train/F06_SSB16240223.wav,6
/USERSPACE/DATASETS/CodecFake/train/F06_SSB07160182.wav,6
/USERSPACE/DATASETS/CodecFake/train/F06_SSB13410081.wav,6
/USERSPACE/DATASETS/CodecFake/train/F06_SSB02460124.wav,6
/USERSPACE/DATASETS/CodecFake/train/F06_p336_255.wav,6
/USERSPACE/DATASETS/CodecFake/train/F06_SSB13820064.wav,6
/USERSPACE/DATASETS/CodecFake/train/F06_SSB07020317.wav,6
/USERSPACE/DATASETS/CodecFake/train/F06_SSB06860143.wav,6
/USERSPACE/DATASETS/CodecFake/train/F06_SSB13820102.wav,6
/USERSPACE/DATASETS/CodecFake/train/F06_SSB15850147.wav,6
/USERSPACE/DATASETS/CodecFake/train/F06_p275_402.wav,6
/USERSPACE/DATASETS/CodecFake/train/F06_SSB07000194.wav,6
/USERSPACE/DATASETS/CodecFake/train/F06_SSB05780405.wav,6
/USERSPACE/DATASETS/CodecFake/train/F06_p273_406.wav,6
/USERSPACE/DATASETS/CodecFake/train/F06_SSB06320237.wav,6
/USERSPACE/DATASETS/CodecFake/train/F06_p275_073.wav,6
/USERSPACE/DATASETS/CodecFake/train/F06_p292_101.wav,6
/USERSPACE/DATASETS/CodecFake/train/F06_p264_036.wav,6
/USERSPACE/DATASETS/CodecFake/train/F06_SSB00120218.wav,6
/USERSPACE/DATASETS/CodecFake/train/F06_SSB15670040.wav,6
/USERSPACE/DATASETS/CodecFake/train/F06_p256_153.wav,6
/USERSPACE/DATASETS/CodecFake/train/F06_SSB05650159.wav,6
/USERSPACE/DATASETS/CodecFake/train/F06_SSB06860311.wav,6
/USERSPACE/DATASETS/CodecFake/train/F06_p239_490.wav,6
/USERSPACE/DATASETS/CodecFake/train/F06_SSB06140347.wav,6
/USERSPACE/DATASETS/CodecFake/train/F06_SSB06230159.wav,6
/USERSPACE/DATASETS/CodecFake/train/F06_SSB19560442.wav,6
/USERSPACE/DATASETS/CodecFake/train/F06_SSB05880291.wav,6
/USERSPACE/DATASETS/CodecFake/train/F06_SSB06290070.wav,6
/USERSPACE/DATASETS/CodecFake/train/F06_p284_235.wav,6
/USERSPACE/DATASETS/CodecFake/train/F06_p256_224.wav,6
/USERSPACE/DATASETS/CodecFake/train/F06_SSB12740330.wav,6
/USERSPACE/DATASETS/CodecFake/train/F06_SSB10640457.wav,6
/USERSPACE/DATASETS/CodecFake/train/F06_SSB05880303.wav,6
/USERSPACE/DATASETS/CodecFake/train/F06_p233_185.wav,6
/USERSPACE/DATASETS/CodecFake/train/F06_SSB13400448.wav,6
/USERSPACE/DATASETS/CodecFake/train/F06_p228_165.wav,6
/USERSPACE/DATASETS/CodecFake/train/F06_SSB07600321.wav,6
/USERSPACE/DATASETS/CodecFake/train/F06_SSB15630379.wav,6
/USERSPACE/DATASETS/CodecFake/train/F06_p230_406.wav,6
/USERSPACE/DATASETS/CodecFake/train/F06_p303_079.wav,6
/USERSPACE/DATASETS/CodecFake/train/F06_SSB01120038.wav,6
/USERSPACE/DATASETS/CodecFake/train/F06_SSB06070156.wav,6
/USERSPACE/DATASETS/CodecFake/train/F06_SSB02880274.wav,6
/USERSPACE/DATASETS/CodecFake/train/F06_SSB19180111.wav,6
/USERSPACE/DATASETS/CodecFake/train/F06_SSB06010350.wav,6
/USERSPACE/DATASETS/CodecFake/train/F06_SSB13410133.wav,6
/USERSPACE/DATASETS/CodecFake/train/F06_p326_368.wav,6
/USERSPACE/DATASETS/CodecFake/train/F06_SSB03230451.wav,6
/USERSPACE/DATASETS/CodecFake/train/F06_SSB07780486.wav,6
/USERSPACE/DATASETS/CodecFake/train/F06_SSB02990366.wav,6
/USERSPACE/DATASETS/CodecFake/train/F06_p307_361.wav,6
/USERSPACE/DATASETS/CodecFake/train/F06_SSB06860103.wav,6
/USERSPACE/DATASETS/CodecFake/train/F06_SSB15670286.wav,6
/USERSPACE/DATASETS/CodecFake/train/F06_SSB19560083.wav,6
/USERSPACE/DATASETS/CodecFake/train/F06_SSB03820032.wav,6
/USERSPACE/DATASETS/CodecFake/train/F06_SSB07110267.wav,6
/USERSPACE/DATASETS/CodecFake/train/F06_SSB07370084.wav,6
/USERSPACE/DATASETS/CodecFake/train/F06_SSB07160302.wav,6
/USERSPACE/DATASETS/CodecFake/train/F06_SSB08170043.wav,6
/USERSPACE/DATASETS/CodecFake/train/F06_SSB06090263.wav,6
/USERSPACE/DATASETS/CodecFake/train/F06_SSB07200432.wav,6
/USERSPACE/DATASETS/CodecFake/train/F06_SSB13820303.wav,6
/USERSPACE/DATASETS/CodecFake/train/F06_p263_447.wav,6
/USERSPACE/DATASETS/CodecFake/train/F06_SSB07020099.wav,6
/USERSPACE/DATASETS/CodecFake/train/F06_p266_262.wav,6
/USERSPACE/DATASETS/CodecFake/train/F06_p303_102.wav,6
/USERSPACE/DATASETS/CodecFake/train/F06_SSB12190514.wav,6
/USERSPACE/DATASETS/CodecFake/train/F06_p246_044.wav,6
/USERSPACE/DATASETS/CodecFake/train/F06_SSB13770211.wav,6
/USERSPACE/DATASETS/CodecFake/train/F06_SSB07780201.wav,6
/USERSPACE/DATASETS/CodecFake/train/F06_SSB05700180.wav,6
/USERSPACE/DATASETS/CodecFake/train/F06_p269_344.wav,6
/USERSPACE/DATASETS/CodecFake/train/F06_SSB16860282.wav,6
/USERSPACE/DATASETS/CodecFake/train/F06_SSB00730177.wav,6
/USERSPACE/DATASETS/CodecFake/train/F06_SSB14520025.wav,6
/USERSPACE/DATASETS/CodecFake/train/F06_SSB03790343.wav,6
/USERSPACE/DATASETS/CodecFake/train/F06_p272_226.wav,6
/USERSPACE/DATASETS/CodecFake/train/F06_SSB09130235.wav,6
/USERSPACE/DATASETS/CodecFake/train/F06_SSB15750204.wav,6
/USERSPACE/DATASETS/CodecFake/train/F06_SSB18060466.wav,6
/USERSPACE/DATASETS/CodecFake/train/F06_SSB03420065.wav,6
/USERSPACE/DATASETS/CodecFake/train/F06_SSB12160340.wav,6
/USERSPACE/DATASETS/CodecFake/train/F06_SSB02730179.wav,6
/USERSPACE/DATASETS/CodecFake/train/F06_p273_172.wav,6
/USERSPACE/DATASETS/CodecFake/train/F06_p295_116.wav,6
/USERSPACE/DATASETS/CodecFake/train/F06_p341_156.wav,6
/USERSPACE/DATASETS/CodecFake/train/F06_SSB05650446.wav,6
/USERSPACE/DATASETS/CodecFake/train/F06_p294_097.wav,6
/USERSPACE/DATASETS/CodecFake/train/F06_p303_248.wav,6
/USERSPACE/DATASETS/CodecFake/train/F06_p304_419.wav,6
/USERSPACE/DATASETS/CodecFake/train/F06_SSB19180232.wav,6
/USERSPACE/DATASETS/CodecFake/train/F06_p308_204.wav,6
/USERSPACE/DATASETS/CodecFake/train/F06_p250_327.wav,6
/USERSPACE/DATASETS/CodecFake/train/F06_SSB10200507.wav,6
/USERSPACE/DATASETS/CodecFake/train/F06_SSB00120297.wav,6
/USERSPACE/DATASETS/CodecFake/train/F06_SSB13650266.wav,6
/USERSPACE/DATASETS/CodecFake/train/F06_SSB10550400.wav,6
/USERSPACE/DATASETS/CodecFake/train/F06_SSB00160046.wav,6
/USERSPACE/DATASETS/CodecFake/train/F06_SSB10080041.wav,6
/USERSPACE/DATASETS/CodecFake/train/F06_SSB07780470.wav,6
/USERSPACE/DATASETS/CodecFake/train/F06_SSB00090120.wav,6
/USERSPACE/DATASETS/CodecFake/train/F06_SSB05350375.wav,6
/USERSPACE/DATASETS/CodecFake/train/F06_SSB03380423.wav,6
/USERSPACE/DATASETS/CodecFake/train/F06_SSB01930045.wav,6
/USERSPACE/DATASETS/CodecFake/train/F06_SSB10080264.wav,6
/USERSPACE/DATASETS/CodecFake/train/F06_p287_121.wav,6
/USERSPACE/DATASETS/CodecFake/train/F06_p334_103.wav,6
/USERSPACE/DATASETS/CodecFake/train/F06_SSB06660159.wav,6
/USERSPACE/DATASETS/CodecFake/train/F06_SSB04340135.wav,6
/USERSPACE/DATASETS/CodecFake/train/F06_SSB10560169.wav,6
/USERSPACE/DATASETS/CodecFake/train/F06_SSB07800157.wav,6
/USERSPACE/DATASETS/CodecFake/train/F06_SSB11150179.wav,6
/USERSPACE/DATASETS/CodecFake/train/F06_p260_202.wav,6
/USERSPACE/DATASETS/CodecFake/train/F06_p234_292.wav,6
/USERSPACE/DATASETS/CodecFake/train/F06_SSB00050328.wav,6
/USERSPACE/DATASETS/CodecFake/train/F06_SSB10020166.wav,6
/USERSPACE/DATASETS/CodecFake/train/F06_SSB08510318.wav,6
/USERSPACE/DATASETS/CodecFake/train/F06_SSB17450117.wav,6
/USERSPACE/DATASETS/CodecFake/train/F06_p263_405.wav,6
/USERSPACE/DATASETS/CodecFake/train/F06_SSB05900320.wav,6
/USERSPACE/DATASETS/CodecFake/train/F06_SSB03070094.wav,6
/USERSPACE/DATASETS/CodecFake/train/F06_p316_178.wav,6
/USERSPACE/DATASETS/CodecFake/train/F06_SSB16840285.wav,6
/USERSPACE/DATASETS/CodecFake/train/F06_SSB08710012.wav,6
/USERSPACE/DATASETS/CodecFake/train/F06_SSB06710002.wav,6
/USERSPACE/DATASETS/CodecFake/train/F06_SSB01450059.wav,6
/USERSPACE/DATASETS/CodecFake/train/F06_p304_131.wav,6
/USERSPACE/DATASETS/CodecFake/train/F06_SSB06030190.wav,6
/USERSPACE/DATASETS/CodecFake/train/F06_p285_253.wav,6
/USERSPACE/DATASETS/CodecFake/train/F06_SSB06290051.wav,6
/USERSPACE/DATASETS/CodecFake/train/F06_p277_267.wav,6
/USERSPACE/DATASETS/CodecFake/train/F06_SSB08630219.wav,6
/USERSPACE/DATASETS/CodecFake/train/F06_SSB12740322.wav,6
/USERSPACE/DATASETS/CodecFake/train/F06_SSB05900209.wav,6
/USERSPACE/DATASETS/CodecFake/train/F06_SSB03390002.wav,6
/USERSPACE/DATASETS/CodecFake/train/F06_SSB03940173.wav,6
/USERSPACE/DATASETS/CodecFake/train/F06_SSB00380337.wav,6
/USERSPACE/DATASETS/CodecFake/train/F06_SSB08220068.wav,6
/USERSPACE/DATASETS/CodecFake/train/F06_SSB03410421.wav,6
/USERSPACE/DATASETS/CodecFake/train/F06_SSB03850247.wav,6
/USERSPACE/DATASETS/CodecFake/train/F06_SSB16990119.wav,6
/USERSPACE/DATASETS/CodecFake/train/F06_SSB00330336.wav,6
/USERSPACE/DATASETS/CodecFake/train/F06_p270_310.wav,6
/USERSPACE/DATASETS/CodecFake/train/F06_SSB15850350.wav,6
/USERSPACE/DATASETS/CodecFake/train/F06_SSB07160194.wav,6
/USERSPACE/DATASETS/CodecFake/train/F06_SSB18780230.wav,6
/USERSPACE/DATASETS/CodecFake/train/F06_SSB10010229.wav,6
/USERSPACE/DATASETS/CodecFake/train/F06_SSB13410020.wav,6
/USERSPACE/DATASETS/CodecFake/train/F06_p260_338.wav,6
/USERSPACE/DATASETS/CodecFake/train/F06_SSB12740108.wav,6
/USERSPACE/DATASETS/CodecFake/train/F06_SSB02000150.wav,6
/USERSPACE/DATASETS/CodecFake/train/F06_SSB03410423.wav,6
/USERSPACE/DATASETS/CodecFake/train/F06_p249_012.wav,6
/USERSPACE/DATASETS/CodecFake/train/F06_SSB03540335.wav,6
/USERSPACE/DATASETS/CodecFake/train/F06_p284_111.wav,6
/USERSPACE/DATASETS/CodecFake/train/F06_SSB18780263.wav,6
/USERSPACE/DATASETS/CodecFake/train/F06_SSB11380124.wav,6
/USERSPACE/DATASETS/CodecFake/train/F06_SSB16700014.wav,6
/USERSPACE/DATASETS/CodecFake/train/F06_SSB05350191.wav,6
/USERSPACE/DATASETS/CodecFake/train/F06_SSB03380203.wav,6
/USERSPACE/DATASETS/CodecFake/train/F06_SSB01490202.wav,6
/USERSPACE/DATASETS/CodecFake/train/F06_SSB00330170.wav,6
/USERSPACE/DATASETS/CodecFake/train/F06_p285_121.wav,6
/USERSPACE/DATASETS/CodecFake/train/F06_p245_055.wav,6
/USERSPACE/DATASETS/CodecFake/train/F06_SSB03070190.wav,6
/USERSPACE/DATASETS/CodecFake/train/F06_p276_458.wav,6
/USERSPACE/DATASETS/CodecFake/train/F06_p305_123.wav,6
/USERSPACE/DATASETS/CodecFake/train/F06_p285_052.wav,6
/USERSPACE/DATASETS/CodecFake/train/F06_SSB15930224.wav,6
/USERSPACE/DATASETS/CodecFake/train/F06_SSB03070380.wav,6
/USERSPACE/DATASETS/CodecFake/train/F06_SSB13770362.wav,6
/USERSPACE/DATASETS/CodecFake/train/F06_SSB05650494.wav,6
/USERSPACE/DATASETS/CodecFake/train/F06_p247_205.wav,6
/USERSPACE/DATASETS/CodecFake/train/F06_SSB02730048.wav,6
/USERSPACE/DATASETS/CodecFake/train/F06_SSB07780474.wav,6
/USERSPACE/DATASETS/CodecFake/train/F06_SSB07840323.wav,6
/USERSPACE/DATASETS/CodecFake/train/F06_p339_017.wav,6
/USERSPACE/DATASETS/CodecFake/train/F06_SSB11150036.wav,6
/USERSPACE/DATASETS/CodecFake/train/F06_SSB18630061.wav,6
/USERSPACE/DATASETS/CodecFake/train/F06_p340_144.wav,6
/USERSPACE/DATASETS/CodecFake/train/F06_SSB06140447.wav,6
/USERSPACE/DATASETS/CodecFake/train/F06_SSB15750183.wav,6
/USERSPACE/DATASETS/CodecFake/train/F06_SSB04820466.wav,6
/USERSPACE/DATASETS/CodecFake/train/F06_p329_155.wav,6
/USERSPACE/DATASETS/CodecFake/train/F06_p293_382.wav,6
/USERSPACE/DATASETS/CodecFake/train/F06_SSB03390042.wav,6
/USERSPACE/DATASETS/CodecFake/train/F06_SSB15750354.wav,6
/USERSPACE/DATASETS/CodecFake/train/F06_SSB11610126.wav,6
/USERSPACE/DATASETS/CodecFake/train/F06_p318_390.wav,6
/USERSPACE/DATASETS/CodecFake/train/F06_SSB17390185.wav,6
/USERSPACE/DATASETS/CodecFake/train/F06_p278_387.wav,6
/USERSPACE/DATASETS/CodecFake/train/F06_SSB09870032.wav,6
/USERSPACE/DATASETS/CodecFake/train/F06_SSB17820263.wav,6
/USERSPACE/DATASETS/CodecFake/train/F06_SSB06680049.wav,6
/USERSPACE/DATASETS/CodecFake/train/F06_p335_197.wav,6
/USERSPACE/DATASETS/CodecFake/train/F06_SSB03750213.wav,6
/USERSPACE/DATASETS/CodecFake/train/F06_SSB07780318.wav,6
/USERSPACE/DATASETS/CodecFake/train/F06_SSB06710056.wav,6
/USERSPACE/DATASETS/CodecFake/train/F06_SSB16700172.wav,6
/USERSPACE/DATASETS/CodecFake/train/F06_SSB01220291.wav,6
/USERSPACE/DATASETS/CodecFake/train/F06_SSB12160381.wav,6
/USERSPACE/DATASETS/CodecFake/train/F06_p318_149.wav,6
/USERSPACE/DATASETS/CodecFake/train/F06_SSB05900426.wav,6
/USERSPACE/DATASETS/CodecFake/train/F06_p253_051.wav,6
/USERSPACE/DATASETS/CodecFake/train/F06_SSB03820029.wav,6
/USERSPACE/DATASETS/CodecFake/train/F06_SSB10640233.wav,6
/USERSPACE/DATASETS/CodecFake/train/F06_p300_050.wav,6
/USERSPACE/DATASETS/CodecFake/train/F06_SSB03940039.wav,6
/USERSPACE/DATASETS/CodecFake/train/F06_SSB03230107.wav,6
/USERSPACE/DATASETS/CodecFake/train/F06_SSB19180441.wav,6
/USERSPACE/DATASETS/CodecFake/train/F06_SSB03160322.wav,6
/USERSPACE/DATASETS/CodecFake/train/F06_SSB19560450.wav,6
/USERSPACE/DATASETS/CodecFake/train/F06_p268_116.wav,6
/USERSPACE/DATASETS/CodecFake/train/F06_p360_070.wav,6
/USERSPACE/DATASETS/CodecFake/train/F06_SSB07100148.wav,6
/USERSPACE/DATASETS/CodecFake/train/F06_SSB18910130.wav,6
/USERSPACE/DATASETS/CodecFake/train/F06_p279_111.wav,6
/USERSPACE/DATASETS/CodecFake/train/F06_SSB07860364.wav,6
/USERSPACE/DATASETS/CodecFake/train/F06_SSB02410085.wav,6
/USERSPACE/DATASETS/CodecFake/train/F06_SSB18280048.wav,6
/USERSPACE/DATASETS/CodecFake/train/F06_SSB06320217.wav,6
/USERSPACE/DATASETS/CodecFake/train/F06_SSB05440387.wav,6
/USERSPACE/DATASETS/CodecFake/train/F06_SSB03070296.wav,6
/USERSPACE/DATASETS/CodecFake/train/F06_p313_138.wav,6
/USERSPACE/DATASETS/CodecFake/train/F06_SSB01330167.wav,6
/USERSPACE/DATASETS/CodecFake/train/F06_SSB09150360.wav,6
/USERSPACE/DATASETS/CodecFake/train/F06_SSB07860007.wav,6
/USERSPACE/DATASETS/CodecFake/train/F06_SSB10640285.wav,6
/USERSPACE/DATASETS/CodecFake/train/F06_SSB08170089.wav,6
/USERSPACE/DATASETS/CodecFake/train/F06_p306_240.wav,6
/USERSPACE/DATASETS/CodecFake/train/F06_SSB14310332.wav,6
/USERSPACE/DATASETS/CodecFake/train/F06_SSB03790157.wav,6
/USERSPACE/DATASETS/CodecFake/train/F06_SSB09970204.wav,6
/USERSPACE/DATASETS/CodecFake/train/F06_SSB12390256.wav,6
/USERSPACE/DATASETS/CodecFake/train/F06_p303_294.wav,6
/USERSPACE/DATASETS/CodecFake/train/F06_SSB11350341.wav,6
/USERSPACE/DATASETS/CodecFake/train/F06_SSB03090182.wav,6
/USERSPACE/DATASETS/CodecFake/train/F06_p257_196.wav,6
/USERSPACE/DATASETS/CodecFake/train/F06_SSB10080214.wav,6
/USERSPACE/DATASETS/CodecFake/train/F06_SSB11250158.wav,6
/USERSPACE/DATASETS/CodecFake/train/F06_SSB02610190.wav,6
/USERSPACE/DATASETS/CodecFake/train/F06_SSB10200238.wav,6
/USERSPACE/DATASETS/CodecFake/train/F06_SSB13280226.wav,6
/USERSPACE/DATASETS/CodecFake/train/F06_p256_202.wav,6
/USERSPACE/DATASETS/CodecFake/train/F06_SSB13410163.wav,6
/USERSPACE/DATASETS/CodecFake/train/F06_SSB05880308.wav,6
/USERSPACE/DATASETS/CodecFake/train/F06_p250_218.wav,6
/USERSPACE/DATASETS/CodecFake/train/F06_SSB02670167.wav,6
/USERSPACE/DATASETS/CodecFake/train/F06_SSB04070159.wav,6
/USERSPACE/DATASETS/CodecFake/train/F06_SSB03940234.wav,6
/USERSPACE/DATASETS/CodecFake/train/F06_SSB09870115.wav,6
/USERSPACE/DATASETS/CodecFake/train/F06_SSB03790233.wav,6
/USERSPACE/DATASETS/CodecFake/train/F06_SSB11000060.wav,6
/USERSPACE/DATASETS/CodecFake/train/F06_p228_267.wav,6
/USERSPACE/DATASETS/CodecFake/train/F06_SSB09350173.wav,6
/USERSPACE/DATASETS/CodecFake/train/F06_SSB07940199.wav,6
/USERSPACE/DATASETS/CodecFake/train/F06_SSB17810224.wav,6
/USERSPACE/DATASETS/CodecFake/train/F06_SSB06320301.wav,6
/USERSPACE/DATASETS/CodecFake/train/F06_SSB02870265.wav,6
/USERSPACE/DATASETS/CodecFake/train/F06_SSB05650286.wav,6
/USERSPACE/DATASETS/CodecFake/train/F06_SSB07370260.wav,6
/USERSPACE/DATASETS/CodecFake/train/F06_p284_273.wav,6
/USERSPACE/DATASETS/CodecFake/train/F06_SSB12040199.wav,6
/USERSPACE/DATASETS/CodecFake/train/F06_SSB10200042.wav,6
/USERSPACE/DATASETS/CodecFake/train/F06_p300_220.wav,6
/USERSPACE/DATASETS/CodecFake/train/F06_SSB12160380.wav,6
/USERSPACE/DATASETS/CodecFake/train/F06_SSB18780126.wav,6
/USERSPACE/DATASETS/CodecFake/train/F06_p270_061.wav,6
/USERSPACE/DATASETS/CodecFake/train/F06_SSB10240402.wav,6
/USERSPACE/DATASETS/CodecFake/train/F06_SSB15850058.wav,6
/USERSPACE/DATASETS/CodecFake/train/F06_SSB09930161.wav,6
/USERSPACE/DATASETS/CodecFake/train/F06_SSB07510440.wav,6
/USERSPACE/DATASETS/CodecFake/train/F06_SSB16240332.wav,6
/USERSPACE/DATASETS/CodecFake/train/F06_SSB19390456.wav,6
/USERSPACE/DATASETS/CodecFake/train/F06_SSB03390163.wav,6
/USERSPACE/DATASETS/CodecFake/train/F06_p249_326.wav,6
/USERSPACE/DATASETS/CodecFake/train/F06_SSB11870195.wav,6
/USERSPACE/DATASETS/CodecFake/train/F06_SSB06710161.wav,6
/USERSPACE/DATASETS/CodecFake/train/F06_SSB03150427.wav,6
/USERSPACE/DATASETS/CodecFake/train/F06_SSB01330088.wav,6
/USERSPACE/DATASETS/CodecFake/train/F06_SSB00160470.wav,6
/USERSPACE/DATASETS/CodecFake/train/F06_SSB03790347.wav,6
/USERSPACE/DATASETS/CodecFake/train/F06_p364_285.wav,6
/USERSPACE/DATASETS/CodecFake/train/F06_p302_205.wav,6
/USERSPACE/DATASETS/CodecFake/train/F06_SSB05940346.wav,6
/USERSPACE/DATASETS/CodecFake/train/F06_p311_340.wav,6
/USERSPACE/DATASETS/CodecFake/train/F06_SSB06680500.wav,6
/USERSPACE/DATASETS/CodecFake/train/F06_SSB00730093.wav,6
/USERSPACE/DATASETS/CodecFake/train/F06_p314_088.wav,6
/USERSPACE/DATASETS/CodecFake/train/F06_SSB07110114.wav,6
/USERSPACE/DATASETS/CodecFake/train/F06_p287_099.wav,6
/USERSPACE/DATASETS/CodecFake/train/F06_p270_014.wav,6
/USERSPACE/DATASETS/CodecFake/train/F06_SSB03420233.wav,6
/USERSPACE/DATASETS/CodecFake/train/F06_p307_350.wav,6
/USERSPACE/DATASETS/CodecFake/train/F06_SSB10020351.wav,6
/USERSPACE/DATASETS/CodecFake/train/F06_SSB04820326.wav,6
/USERSPACE/DATASETS/CodecFake/train/F06_SSB00380133.wav,6
/USERSPACE/DATASETS/CodecFake/train/F06_SSB11250351.wav,6
/USERSPACE/DATASETS/CodecFake/train/F06_p270_090.wav,6
/USERSPACE/DATASETS/CodecFake/train/F06_p280_253.wav,6
/USERSPACE/DATASETS/CodecFake/train/F06_SSB18320109.wav,6
/USERSPACE/DATASETS/CodecFake/train/F06_p269_333.wav,6
/USERSPACE/DATASETS/CodecFake/train/F06_SSB07800213.wav,6
/USERSPACE/DATASETS/CodecFake/train/F06_SSB12210454.wav,6
/USERSPACE/DATASETS/CodecFake/train/F06_SSB00160053.wav,6
/USERSPACE/DATASETS/CodecFake/train/F06_p340_089.wav,6
/USERSPACE/DATASETS/CodecFake/train/F06_SSB07840143.wav,6
/USERSPACE/DATASETS/CodecFake/train/F06_SSB12160106.wav,6
/USERSPACE/DATASETS/CodecFake/train/F06_SSB12150433.wav,6
/USERSPACE/DATASETS/CodecFake/train/F06_SSB07100480.wav,6
/USERSPACE/DATASETS/CodecFake/train/F06_SSB12030138.wav,6
/USERSPACE/DATASETS/CodecFake/train/F06_SSB14570106.wav,6
/USERSPACE/DATASETS/CodecFake/train/F06_SSB19390027.wav,6
/USERSPACE/DATASETS/CodecFake/train/F06_p269_001.wav,6
/USERSPACE/DATASETS/CodecFake/train/F06_SSB10240361.wav,6
/USERSPACE/DATASETS/CodecFake/train/F06_SSB06030116.wav,6
/USERSPACE/DATASETS/CodecFake/train/F06_SSB03420179.wav,6
/USERSPACE/DATASETS/CodecFake/train/F06_SSB00180190.wav,6
/USERSPACE/DATASETS/CodecFake/train/F06_SSB09350207.wav,6
/USERSPACE/DATASETS/CodecFake/train/F06_SSB07230214.wav,6
/USERSPACE/DATASETS/CodecFake/train/F06_p251_147.wav,6
/USERSPACE/DATASETS/CodecFake/train/F06_SSB04270058.wav,6
/USERSPACE/DATASETS/CodecFake/train/F06_SSB17110330.wav,6
/USERSPACE/DATASETS/CodecFake/train/F06_SSB06140112.wav,6
/USERSPACE/DATASETS/CodecFake/train/F06_SSB03800459.wav,6
/USERSPACE/DATASETS/CodecFake/train/F06_p230_013.wav,6
/USERSPACE/DATASETS/CodecFake/train/F06_SSB00570209.wav,6
/USERSPACE/DATASETS/CodecFake/train/F06_p364_060.wav,6
/USERSPACE/DATASETS/CodecFake/train/F06_SSB05650072.wav,6
/USERSPACE/DATASETS/CodecFake/train/F06_SSB13820008.wav,6
/USERSPACE/DATASETS/CodecFake/train/F06_SSB18280394.wav,6
/USERSPACE/DATASETS/CodecFake/train/F06_SSB10720350.wav,6
/USERSPACE/DATASETS/CodecFake/train/F06_SSB18630466.wav,6
/USERSPACE/DATASETS/CodecFake/train/F06_p305_401.wav,6
/USERSPACE/DATASETS/CodecFake/train/F06_SSB11100448.wav,6
/USERSPACE/DATASETS/CodecFake/train/F06_p312_310.wav,6
/USERSPACE/DATASETS/CodecFake/train/F06_SSB16240089.wav,6
/USERSPACE/DATASETS/CodecFake/train/F06_p288_024.wav,6
/USERSPACE/DATASETS/CodecFake/train/F06_SSB13200373.wav,6
/USERSPACE/DATASETS/CodecFake/train/F06_SSB11310234.wav,6
/USERSPACE/DATASETS/CodecFake/train/F06_p305_284.wav,6
/USERSPACE/DATASETS/CodecFake/train/F06_SSB12740472.wav,6
/USERSPACE/DATASETS/CodecFake/train/F06_p288_100.wav,6
/USERSPACE/DATASETS/CodecFake/train/F06_SSB16840184.wav,6
/USERSPACE/DATASETS/CodecFake/train/F06_SSB17110148.wav,6
/USERSPACE/DATASETS/CodecFake/train/F06_SSB06320121.wav,6
/USERSPACE/DATASETS/CodecFake/train/F06_SSB03820292.wav,6
/USERSPACE/DATASETS/CodecFake/train/F06_SSB04070351.wav,6
/USERSPACE/DATASETS/CodecFake/train/F06_SSB11100352.wav,6
/USERSPACE/DATASETS/CodecFake/train/F06_SSB07110363.wav,6
/USERSPACE/DATASETS/CodecFake/train/F06_SSB00110102.wav,6
/USERSPACE/DATASETS/CodecFake/train/F06_p304_002.wav,6
/USERSPACE/DATASETS/CodecFake/train/F06_SSB07780285.wav,6
/USERSPACE/DATASETS/CodecFake/train/F06_p261_203.wav,6
/USERSPACE/DATASETS/CodecFake/train/F06_SSB11760108.wav,6
/USERSPACE/DATASETS/CodecFake/train/F06_p227_026.wav,6
/USERSPACE/DATASETS/CodecFake/train/F06_SSB18910104.wav,6
/USERSPACE/DATASETS/CodecFake/train/F06_SSB18280398.wav,6
/USERSPACE/DATASETS/CodecFake/train/F06_p295_269.wav,6
/USERSPACE/DATASETS/CodecFake/train/F06_SSB05940125.wav,6
/USERSPACE/DATASETS/CodecFake/train/F06_SSB06030288.wav,6
/USERSPACE/DATASETS/CodecFake/train/F06_p305_352.wav,6
/USERSPACE/DATASETS/CodecFake/train/F06_p286_337.wav,6
/USERSPACE/DATASETS/CodecFake/train/F06_SSB07370099.wav,6
/USERSPACE/DATASETS/CodecFake/train/F06_p278_260.wav,6
/USERSPACE/DATASETS/CodecFake/train/F06_SSB15750102.wav,6
/USERSPACE/DATASETS/CodecFake/train/F06_p249_277.wav,6
/USERSPACE/DATASETS/CodecFake/train/F06_SSB13200009.wav,6
/USERSPACE/DATASETS/CodecFake/train/F06_p323_040.wav,6
/USERSPACE/DATASETS/CodecFake/train/F06_SSB16500453.wav,6
/USERSPACE/DATASETS/CodecFake/train/F06_SSB11260217.wav,6
/USERSPACE/DATASETS/CodecFake/train/F06_SSB07620153.wav,6
/USERSPACE/DATASETS/CodecFake/train/F06_SSB08630259.wav,6
/USERSPACE/DATASETS/CodecFake/train/F06_SSB05700392.wav,6
/USERSPACE/DATASETS/CodecFake/train/F06_SSB00330032.wav,6
/USERSPACE/DATASETS/CodecFake/train/F06_p253_126.wav,6
/USERSPACE/DATASETS/CodecFake/train/F06_SSB05900401.wav,6
/USERSPACE/DATASETS/CodecFake/train/F06_SSB07110250.wav,6
/USERSPACE/DATASETS/CodecFake/train/F06_SSB11350422.wav,6
/USERSPACE/DATASETS/CodecFake/train/F06_SSB14480176.wav,6
/USERSPACE/DATASETS/CodecFake/train/F06_SSB06140462.wav,6
/USERSPACE/DATASETS/CodecFake/train/F06_p299_147.wav,6
/USERSPACE/DATASETS/CodecFake/train/F06_SSB03540478.wav,6
/USERSPACE/DATASETS/CodecFake/train/F06_p228_311.wav,6
/USERSPACE/DATASETS/CodecFake/train/F06_p275_270.wav,6
/USERSPACE/DATASETS/CodecFake/train/F06_SSB08170002.wav,6
/USERSPACE/DATASETS/CodecFake/train/F06_SSB15850116.wav,6
/USERSPACE/DATASETS/CodecFake/train/F06_SSB05440095.wav,6
/USERSPACE/DATASETS/CodecFake/train/F06_SSB07490025.wav,6
/USERSPACE/DATASETS/CodecFake/train/F06_SSB04700435.wav,6
/USERSPACE/DATASETS/CodecFake/train/F06_p351_375.wav,6
/USERSPACE/DATASETS/CodecFake/train/F06_SSB06680481.wav,6
/USERSPACE/DATASETS/CodecFake/train/F06_SSB01970286.wav,6
/USERSPACE/DATASETS/CodecFake/train/F06_SSB18100206.wav,6
/USERSPACE/DATASETS/CodecFake/train/F06_p294_412.wav,6
/USERSPACE/DATASETS/CodecFake/train/F06_SSB07600348.wav,6
/USERSPACE/DATASETS/CodecFake/train/F06_SSB06710393.wav,6
/USERSPACE/DATASETS/CodecFake/train/F06_SSB11610477.wav,6
/USERSPACE/DATASETS/CodecFake/train/F06_SSB12040126.wav,6
/USERSPACE/DATASETS/CodecFake/train/F06_SSB00570087.wav,6
/USERSPACE/DATASETS/CodecFake/train/F06_p276_188.wav,6
/USERSPACE/DATASETS/CodecFake/train/F06_SSB10910066.wav,6
/USERSPACE/DATASETS/CodecFake/train/F06_SSB10240379.wav,6
/USERSPACE/DATASETS/CodecFake/train/F06_SSB16860319.wav,6
/USERSPACE/DATASETS/CodecFake/train/F06_SSB03790044.wav,6
/USERSPACE/DATASETS/CodecFake/train/F06_p265_200.wav,6
/USERSPACE/DATASETS/CodecFake/train/F06_SSB03820088.wav,6
/USERSPACE/DATASETS/CodecFake/train/F06_SSB06030379.wav,6
/USERSPACE/DATASETS/CodecFake/train/F06_SSB03420204.wav,6
/USERSPACE/DATASETS/CodecFake/train/F06_SSB07000210.wav,6
/USERSPACE/DATASETS/CodecFake/train/F06_p240_188.wav,6
/USERSPACE/DATASETS/CodecFake/train/F06_SSB11260234.wav,6
/USERSPACE/DATASETS/CodecFake/train/F06_p281_112.wav,6
/USERSPACE/DATASETS/CodecFake/train/F06_SSB17590123.wav,6
/USERSPACE/DATASETS/CodecFake/train/F06_SSB04070413.wav,6
/USERSPACE/DATASETS/CodecFake/train/F06_SSB16240103.wav,6
/USERSPACE/DATASETS/CodecFake/train/F06_SSB02670480.wav,6
/USERSPACE/DATASETS/CodecFake/train/F06_SSB10720137.wav,6
/USERSPACE/DATASETS/CodecFake/train/F06_SSB07510308.wav,6
/USERSPACE/DATASETS/CodecFake/train/F06_SSB07000340.wav,6
/USERSPACE/DATASETS/CodecFake/train/F06_SSB18320190.wav,6
/USERSPACE/DATASETS/CodecFake/train/F06_p274_207.wav,6
/USERSPACE/DATASETS/CodecFake/train/F06_SSB00180006.wav,6
/USERSPACE/DATASETS/CodecFake/train/F06_SSB03540331.wav,6
/USERSPACE/DATASETS/CodecFake/train/F06_SSB08630141.wav,6
/USERSPACE/DATASETS/CodecFake/train/F06_p269_089.wav,6
/USERSPACE/DATASETS/CodecFake/train/F06_SSB13400248.wav,6
/USERSPACE/DATASETS/CodecFake/train/F06_SSB01450465.wav,6
/USERSPACE/DATASETS/CodecFake/train/F06_SSB07780062.wav,6
/USERSPACE/DATASETS/CodecFake/train/F06_SSB11310096.wav,6
/USERSPACE/DATASETS/CodecFake/train/F06_p276_170.wav,6
/USERSPACE/DATASETS/CodecFake/train/F06_SSB06290392.wav,6
/USERSPACE/DATASETS/CodecFake/train/F06_SSB12390205.wav,6
/USERSPACE/DATASETS/CodecFake/train/F06_p270_173.wav,6
/USERSPACE/DATASETS/CodecFake/train/F06_p231_400.wav,6
/USERSPACE/DATASETS/CodecFake/train/F06_SSB03070329.wav,6
/USERSPACE/DATASETS/CodecFake/train/F06_p238_286.wav,6
/USERSPACE/DATASETS/CodecFake/train/F06_p312_126.wav,6
/USERSPACE/DATASETS/CodecFake/train/F06_SSB12190104.wav,6
/USERSPACE/DATASETS/CodecFake/train/F06_SSB07510279.wav,6
/USERSPACE/DATASETS/CodecFake/train/F06_p288_299.wav,6
/USERSPACE/DATASETS/CodecFake/train/F06_p295_008.wav,6
/USERSPACE/DATASETS/CodecFake/train/F06_SSB10080463.wav,6
/USERSPACE/DATASETS/CodecFake/train/F06_SSB01390155.wav,6
/USERSPACE/DATASETS/CodecFake/train/F06_SSB19020390.wav,6
/USERSPACE/DATASETS/CodecFake/train/F06_p255_069.wav,6
/USERSPACE/DATASETS/CodecFake/train/F06_p330_050.wav,6
/USERSPACE/DATASETS/CodecFake/train/F06_p285_146.wav,6
/USERSPACE/DATASETS/CodecFake/train/F06_SSB16070076.wav,6
/USERSPACE/DATASETS/CodecFake/train/F06_SSB16990148.wav,6
/USERSPACE/DATASETS/CodecFake/train/F06_SSB07800115.wav,6
/USERSPACE/DATASETS/CodecFake/train/F06_SSB13220409.wav,6
/USERSPACE/DATASETS/CodecFake/train/F06_p302_184.wav,6
/USERSPACE/DATASETS/CodecFake/train/F06_SSB07490378.wav,6
/USERSPACE/DATASETS/CodecFake/train/F06_SSB16300262.wav,6
/USERSPACE/DATASETS/CodecFake/train/F06_SSB13200252.wav,6
/USERSPACE/DATASETS/CodecFake/train/F06_SSB11350145.wav,6
/USERSPACE/DATASETS/CodecFake/train/F06_p286_327.wav,6
/USERSPACE/DATASETS/CodecFake/train/F06_SSB04340104.wav,6
/USERSPACE/DATASETS/CodecFake/train/F06_SSB06310159.wav,6
/USERSPACE/DATASETS/CodecFake/train/F06_p340_393.wav,6
/USERSPACE/DATASETS/CodecFake/train/F06_p288_297.wav,6
/USERSPACE/DATASETS/CodecFake/train/F06_SSB03660105.wav,6
/USERSPACE/DATASETS/CodecFake/train/F06_SSB12030353.wav,6
/USERSPACE/DATASETS/CodecFake/train/F06_p339_071.wav,6
/USERSPACE/DATASETS/CodecFake/train/F06_SSB02880284.wav,6
/USERSPACE/DATASETS/CodecFake/train/F06_p265_153.wav,6
/USERSPACE/DATASETS/CodecFake/train/F06_p333_190.wav,6
/USERSPACE/DATASETS/CodecFake/train/F06_p343_340.wav,6
/USERSPACE/DATASETS/CodecFake/train/F06_p304_046.wav,6
/USERSPACE/DATASETS/CodecFake/train/F06_SSB00110128.wav,6
/USERSPACE/DATASETS/CodecFake/train/F06_p277_002.wav,6
/USERSPACE/DATASETS/CodecFake/train/F06_SSB09930486.wav,6
/USERSPACE/DATASETS/CodecFake/train/F06_p361_244.wav,6
/USERSPACE/DATASETS/CodecFake/train/F06_p274_177.wav,6
/USERSPACE/DATASETS/CodecFake/train/F06_p284_276.wav,6
/USERSPACE/DATASETS/CodecFake/train/F06_SSB13990051.wav,6
/USERSPACE/DATASETS/CodecFake/train/F06_SSB00110250.wav,6
/USERSPACE/DATASETS/CodecFake/train/F06_p276_285.wav,6
/USERSPACE/DATASETS/CodecFake/train/F06_SSB06660136.wav,6
/USERSPACE/DATASETS/CodecFake/train/F06_SSB09130376.wav,6
/USERSPACE/DATASETS/CodecFake/train/F06_SSB07490369.wav,6
/USERSPACE/DATASETS/CodecFake/train/F06_SSB19390287.wav,6
/USERSPACE/DATASETS/CodecFake/train/F06_SSB06070227.wav,6
/USERSPACE/DATASETS/CodecFake/train/F06_SSB09190181.wav,6
/USERSPACE/DATASETS/CodecFake/train/F06_p267_251.wav,6
/USERSPACE/DATASETS/CodecFake/train/F06_SSB11250135.wav,6
/USERSPACE/DATASETS/CodecFake/train/F06_SSB03230215.wav,6
/USERSPACE/DATASETS/CodecFake/train/F06_p336_150.wav,6
/USERSPACE/DATASETS/CodecFake/train/F06_SSB03820424.wav,6
/USERSPACE/DATASETS/CodecFake/train/F06_SSB18370164.wav,6
/USERSPACE/DATASETS/CodecFake/train/F06_SSB06860348.wav,6
/USERSPACE/DATASETS/CodecFake/train/F06_SSB07110049.wav,6
/USERSPACE/DATASETS/CodecFake/train/F06_p261_072.wav,6
/USERSPACE/DATASETS/CodecFake/train/F06_SSB11100253.wav,6
/USERSPACE/DATASETS/CodecFake/train/F06_SSB06090251.wav,6
/USERSPACE/DATASETS/CodecFake/train/F06_SSB13200320.wav,6
/USERSPACE/DATASETS/CodecFake/train/F06_SSB00800193.wav,6
/USERSPACE/DATASETS/CodecFake/train/F06_SSB13220143.wav,6
/USERSPACE/DATASETS/CodecFake/train/F06_p226_267.wav,6
/USERSPACE/DATASETS/CodecFake/train/F06_p286_225.wav,6
/USERSPACE/DATASETS/CodecFake/train/F06_SSB15930232.wav,6
/USERSPACE/DATASETS/CodecFake/train/F06_SSB09870129.wav,6
/USERSPACE/DATASETS/CodecFake/train/F06_SSB17810410.wav,6
/USERSPACE/DATASETS/CodecFake/train/F06_SSB03790423.wav,6
/USERSPACE/DATASETS/CodecFake/train/F06_SSB17110484.wav,6
/USERSPACE/DATASETS/CodecFake/train/F06_p253_004.wav,6
/USERSPACE/DATASETS/CodecFake/train/F06_p239_091.wav,6
/USERSPACE/DATASETS/CodecFake/train/F06_SSB07370090.wav,6
/USERSPACE/DATASETS/CodecFake/train/F06_SSB13770329.wav,6
/USERSPACE/DATASETS/CodecFake/train/F06_p304_040.wav,6
/USERSPACE/DATASETS/CodecFake/train/F06_SSB03230290.wav,6
/USERSPACE/DATASETS/CodecFake/train/F06_p232_055.wav,6
/USERSPACE/DATASETS/CodecFake/train/F06_p254_039.wav,6
/USERSPACE/DATASETS/CodecFake/train/F06_p243_231.wav,6
/USERSPACE/DATASETS/CodecFake/train/F06_SSB07110268.wav,6
/USERSPACE/DATASETS/CodecFake/train/F06_SSB13410268.wav,6
/USERSPACE/DATASETS/CodecFake/train/F06_SSB06290061.wav,6
/USERSPACE/DATASETS/CodecFake/train/F06_p306_212.wav,6
/USERSPACE/DATASETS/CodecFake/train/F06_SSB03930221.wav,6
/USERSPACE/DATASETS/CodecFake/train/F06_SSB18780438.wav,6
/USERSPACE/DATASETS/CodecFake/train/F06_SSB06230341.wav,6
/USERSPACE/DATASETS/CodecFake/train/F06_SSB06860055.wav,6
/USERSPACE/DATASETS/CodecFake/train/F06_p259_160.wav,6
/USERSPACE/DATASETS/CodecFake/train/F06_SSB07020098.wav,6
/USERSPACE/DATASETS/CodecFake/train/F06_SSB02730359.wav,6
/USERSPACE/DATASETS/CodecFake/train/F06_SSB19390161.wav,6
/USERSPACE/DATASETS/CodecFake/train/F06_SSB09870187.wav,6
/USERSPACE/DATASETS/CodecFake/train/F06_p305_252.wav,6
/USERSPACE/DATASETS/CodecFake/train/F06_p274_027.wav,6
/USERSPACE/DATASETS/CodecFake/train/F06_SSB18320104.wav,6
/USERSPACE/DATASETS/CodecFake/train/F06_p300_338.wav,6
/USERSPACE/DATASETS/CodecFake/train/F06_p230_270.wav,6
/USERSPACE/DATASETS/CodecFake/train/F06_p240_306.wav,6
/USERSPACE/DATASETS/CodecFake/train/F06_SSB11310492.wav,6
/USERSPACE/DATASETS/CodecFake/train/F06_SSB00160246.wav,6
/USERSPACE/DATASETS/CodecFake/train/F06_SSB15930024.wav,6
/USERSPACE/DATASETS/CodecFake/train/F06_p247_133.wav,6
/USERSPACE/DATASETS/CodecFake/train/F06_SSB06060323.wav,6
/USERSPACE/DATASETS/CodecFake/train/F06_SSB15930347.wav,6
/USERSPACE/DATASETS/CodecFake/train/F06_SSB07940034.wav,6
/USERSPACE/DATASETS/CodecFake/train/F06_SSB07620049.wav,6
/USERSPACE/DATASETS/CodecFake/train/F06_SSB00800151.wav,6
/USERSPACE/DATASETS/CodecFake/train/F06_SSB11310238.wav,6
/USERSPACE/DATASETS/CodecFake/train/F06_p376_043.wav,6
/USERSPACE/DATASETS/CodecFake/train/F06_SSB09660359.wav,6
/USERSPACE/DATASETS/CodecFake/train/F06_SSB19560102.wav,6
/USERSPACE/DATASETS/CodecFake/train/F06_SSB03950487.wav,6
/USERSPACE/DATASETS/CodecFake/train/F06_p308_014.wav,6
/USERSPACE/DATASETS/CodecFake/train/F06_SSB16070247.wav,6
/USERSPACE/DATASETS/CodecFake/train/F06_p230_077.wav,6
/USERSPACE/DATASETS/CodecFake/train/F06_SSB06860078.wav,6
/USERSPACE/DATASETS/CodecFake/train/F06_p361_165.wav,6
/USERSPACE/DATASETS/CodecFake/train/F06_SSB13990287.wav,6
/USERSPACE/DATASETS/CodecFake/train/F06_p245_233.wav,6
/USERSPACE/DATASETS/CodecFake/train/F06_SSB13280378.wav,6
/USERSPACE/DATASETS/CodecFake/train/F06_SSB18090213.wav,6
/USERSPACE/DATASETS/CodecFake/train/F06_p374_394.wav,6
/USERSPACE/DATASETS/CodecFake/train/F06_SSB07230066.wav,6
/USERSPACE/DATASETS/CodecFake/train/F06_SSB00800414.wav,6
/USERSPACE/DATASETS/CodecFake/train/F06_SSB00120404.wav,6
/USERSPACE/DATASETS/CodecFake/train/F06_SSB10720472.wav,6
/USERSPACE/DATASETS/CodecFake/train/F06_p292_237.wav,6
/USERSPACE/DATASETS/CodecFake/train/F06_SSB06320379.wav,6
/USERSPACE/DATASETS/CodecFake/train/F06_SSB13650196.wav,6
/USERSPACE/DATASETS/CodecFake/train/F06_SSB03790346.wav,6
/USERSPACE/DATASETS/CodecFake/train/F06_SSB04350416.wav,6
/USERSPACE/DATASETS/CodecFake/train/F06_p340_376.wav,6
/USERSPACE/DATASETS/CodecFake/train/F06_SSB17590024.wav,6
/USERSPACE/DATASETS/CodecFake/train/F06_SSB06320352.wav,6
/USERSPACE/DATASETS/CodecFake/train/F06_SSB05700170.wav,6
/USERSPACE/DATASETS/CodecFake/train/F06_SSB15630507.wav,6
/USERSPACE/DATASETS/CodecFake/train/F06_SSB15550353.wav,6
/USERSPACE/DATASETS/CodecFake/train/F06_p236_425.wav,6
/USERSPACE/DATASETS/CodecFake/train/F06_SSB07780156.wav,6
/USERSPACE/DATASETS/CodecFake/train/F06_SSB03800461.wav,6
/USERSPACE/DATASETS/CodecFake/train/F06_SSB00380115.wav,6
/USERSPACE/DATASETS/CodecFake/train/F06_p311_266.wav,6
/USERSPACE/DATASETS/CodecFake/train/F06_SSB03150403.wav,6
/USERSPACE/DATASETS/CodecFake/train/F06_SSB07360028.wav,6
/USERSPACE/DATASETS/CodecFake/train/F06_p293_078.wav,6
/USERSPACE/DATASETS/CodecFake/train/F06_p282_120.wav,6
/USERSPACE/DATASETS/CodecFake/train/F06_SSB18100492.wav,6
/USERSPACE/DATASETS/CodecFake/train/F06_p227_163.wav,6
/USERSPACE/DATASETS/CodecFake/train/F06_p244_098.wav,6
/USERSPACE/DATASETS/CodecFake/train/F06_SSB00330419.wav,6
/USERSPACE/DATASETS/CodecFake/train/F06_SSB01120006.wav,6
/USERSPACE/DATASETS/CodecFake/train/F06_SSB02990039.wav,6
/USERSPACE/DATASETS/CodecFake/train/F06_SSB16860268.wav,6
/USERSPACE/DATASETS/CodecFake/train/F06_p323_421.wav,6
/USERSPACE/DATASETS/CodecFake/train/F06_SSB13820291.wav,6
/USERSPACE/DATASETS/CodecFake/train/F06_SSB11350283.wav,6
/USERSPACE/DATASETS/CodecFake/train/F06_SSB04820023.wav,6
/USERSPACE/DATASETS/CodecFake/train/F06_SSB00570324.wav,6
/USERSPACE/DATASETS/CodecFake/train/F06_SSB03790395.wav,6
/USERSPACE/DATASETS/CodecFake/train/F06_SSB05900179.wav,6
/USERSPACE/DATASETS/CodecFake/train/F06_SSB05940240.wav,6
/USERSPACE/DATASETS/CodecFake/train/F06_SSB13220130.wav,6
/USERSPACE/DATASETS/CodecFake/train/F06_SSB16070283.wav,6
/USERSPACE/DATASETS/CodecFake/train/F06_p260_245.wav,6
/USERSPACE/DATASETS/CodecFake/train/F06_SSB19020478.wav,6
/USERSPACE/DATASETS/CodecFake/train/F06_SSB11350117.wav,6
/USERSPACE/DATASETS/CodecFake/train/F06_SSB08090404.wav,6
/USERSPACE/DATASETS/CodecFake/train/F06_SSB10960199.wav,6
/USERSPACE/DATASETS/CodecFake/train/F06_SSB15670384.wav,6
/USERSPACE/DATASETS/CodecFake/train/F06_SSB11150457.wav,6
/USERSPACE/DATASETS/CodecFake/train/F06_p281_019.wav,6
/USERSPACE/DATASETS/CodecFake/train/F06_SSB19180202.wav,6
/USERSPACE/DATASETS/CodecFake/train/F06_SSB06060256.wav,6
/USERSPACE/DATASETS/CodecFake/train/F06_SSB02870354.wav,6
/USERSPACE/DATASETS/CodecFake/train/F06_SSB05990117.wav,6
/USERSPACE/DATASETS/CodecFake/train/F06_SSB01390048.wav,6
/USERSPACE/DATASETS/CodecFake/train/F06_p286_058.wav,6
/USERSPACE/DATASETS/CodecFake/train/F06_p311_307.wav,6
/USERSPACE/DATASETS/CodecFake/train/F06_SSB16070109.wav,6
/USERSPACE/DATASETS/CodecFake/train/F06_SSB01490150.wav,6
/USERSPACE/DATASETS/CodecFake/train/F06_SSB10010262.wav,6
/USERSPACE/DATASETS/CodecFake/train/F06_SSB06090153.wav,6
/USERSPACE/DATASETS/CodecFake/train/F06_SSB06710443.wav,6
/USERSPACE/DATASETS/CodecFake/train/F06_p295_232.wav,6
/USERSPACE/DATASETS/CodecFake/train/F06_p243_132.wav,6
/USERSPACE/DATASETS/CodecFake/train/F06_SSB02670175.wav,6
/USERSPACE/DATASETS/CodecFake/train/F06_SSB18630371.wav,6
/USERSPACE/DATASETS/CodecFake/train/F06_SSB10500003.wav,6
/USERSPACE/DATASETS/CodecFake/train/F06_SSB07370023.wav,6
/USERSPACE/DATASETS/CodecFake/train/F06_SSB05390022.wav,6
/USERSPACE/DATASETS/CodecFake/train/F06_SSB03750147.wav,6
/USERSPACE/DATASETS/CodecFake/train/F06_SSB00110432.wav,6
/USERSPACE/DATASETS/CodecFake/train/F06_SSB19560049.wav,6
/USERSPACE/DATASETS/CodecFake/train/F06_SSB06310142.wav,6
/USERSPACE/DATASETS/CodecFake/train/F06_SSB04070048.wav,6
/USERSPACE/DATASETS/CodecFake/train/F06_SSB10200037.wav,6
/USERSPACE/DATASETS/CodecFake/train/F06_SSB11150183.wav,6
/USERSPACE/DATASETS/CodecFake/train/F06_SSB09150443.wav,6
/USERSPACE/DATASETS/CodecFake/train/F06_SSB03800276.wav,6
/USERSPACE/DATASETS/CodecFake/train/F06_p312_391.wav,6
/USERSPACE/DATASETS/CodecFake/train/F06_p258_059.wav,6
/USERSPACE/DATASETS/CodecFake/train/F06_SSB05440030.wav,6
/USERSPACE/DATASETS/CodecFake/train/F06_p376_175.wav,6
/USERSPACE/DATASETS/CodecFake/train/F06_SSB04700277.wav,6
/USERSPACE/DATASETS/CodecFake/train/F06_SSB06310290.wav,6
/USERSPACE/DATASETS/CodecFake/train/F06_SSB11150012.wav,6
/USERSPACE/DATASETS/CodecFake/train/F06_SSB00180427.wav,6
/USERSPACE/DATASETS/CodecFake/train/F06_p360_347.wav,6
/USERSPACE/DATASETS/CodecFake/train/F06_SSB19350225.wav,6
/USERSPACE/DATASETS/CodecFake/train/F06_SSB07170043.wav,6
/USERSPACE/DATASETS/CodecFake/train/F06_p251_066.wav,6
/USERSPACE/DATASETS/CodecFake/train/F06_p226_107.wav,6
/USERSPACE/DATASETS/CodecFake/train/F06_p228_343.wav,6
/USERSPACE/DATASETS/CodecFake/train/F06_SSB17450213.wav,6
/USERSPACE/DATASETS/CodecFake/train/F06_p250_315.wav,6
/USERSPACE/DATASETS/CodecFake/train/F06_p257_160.wav,6
/USERSPACE/DATASETS/CodecFake/train/F06_SSB09350118.wav,6
/USERSPACE/DATASETS/CodecFake/train/F06_SSB07160184.wav,6
/USERSPACE/DATASETS/CodecFake/train/F06_p304_264.wav,6
/USERSPACE/DATASETS/CodecFake/train/F06_SSB04340273.wav,6
/USERSPACE/DATASETS/CodecFake/train/F06_SSB04350469.wav,6
/USERSPACE/DATASETS/CodecFake/train/F06_SSB07840421.wav,6
/USERSPACE/DATASETS/CodecFake/train/F06_SSB13220162.wav,6
/USERSPACE/DATASETS/CodecFake/train/F06_SSB10910414.wav,6
/USERSPACE/DATASETS/CodecFake/train/F06_SSB16240499.wav,6
/USERSPACE/DATASETS/CodecFake/train/F06_p274_121.wav,6
/USERSPACE/DATASETS/CodecFake/train/F06_SSB02460480.wav,6
/USERSPACE/DATASETS/CodecFake/train/F06_SSB15670237.wav,6
/USERSPACE/DATASETS/CodecFake/train/F06_SSB03070442.wav,6
/USERSPACE/DATASETS/CodecFake/train/F06_SSB09660399.wav,6
/USERSPACE/DATASETS/CodecFake/train/F06_SSB03380295.wav,6
/USERSPACE/DATASETS/CodecFake/train/F06_SSB14310058.wav,6
/USERSPACE/DATASETS/CodecFake/train/F06_SSB01490096.wav,6
/USERSPACE/DATASETS/CodecFake/train/F06_SSB11000494.wav,6
/USERSPACE/DATASETS/CodecFake/train/F06_SSB00090292.wav,6
/USERSPACE/DATASETS/CodecFake/train/F06_p260_204.wav,6
/USERSPACE/DATASETS/CodecFake/train/F06_SSB11970076.wav,6
/USERSPACE/DATASETS/CodecFake/train/F06_SSB16840089.wav,6
/USERSPACE/DATASETS/CodecFake/train/F06_SSB12740165.wav,6
/USERSPACE/DATASETS/CodecFake/train/F06_SSB08710060.wav,6
/USERSPACE/DATASETS/CodecFake/train/F06_SSB19020154.wav,6
/USERSPACE/DATASETS/CodecFake/train/F06_p317_358.wav,6
/USERSPACE/DATASETS/CodecFake/train/F06_SSB19350267.wav,6
/USERSPACE/DATASETS/CodecFake/train/F06_p263_211.wav,6
/USERSPACE/DATASETS/CodecFake/train/F06_p258_136.wav,6
/USERSPACE/DATASETS/CodecFake/train/F06_SSB06030405.wav,6
/USERSPACE/DATASETS/CodecFake/train/F06_SSB11250297.wav,6
/USERSPACE/DATASETS/CodecFake/train/F06_p263_173.wav,6
/USERSPACE/DATASETS/CodecFake/train/F06_SSB11970307.wav,6
/USERSPACE/DATASETS/CodecFake/train/F06_SSB14570366.wav,6
/USERSPACE/DATASETS/CodecFake/train/F06_SSB06710346.wav,6
/USERSPACE/DATASETS/CodecFake/train/F06_SSB14310234.wav,6
/USERSPACE/DATASETS/CodecFake/train/F06_p271_180.wav,6
/USERSPACE/DATASETS/CodecFake/train/F06_p286_177.wav,6
/USERSPACE/DATASETS/CodecFake/train/F06_SSB15930129.wav,6
/USERSPACE/DATASETS/CodecFake/train/F06_SSB07860477.wav,6
/USERSPACE/DATASETS/CodecFake/train/F06_p268_359.wav,6
/USERSPACE/DATASETS/CodecFake/train/F06_SSB04340340.wav,6
/USERSPACE/DATASETS/CodecFake/train/F06_p317_148.wav,6
/USERSPACE/DATASETS/CodecFake/train/F06_SSB07620013.wav,6
/USERSPACE/DATASETS/CodecFake/train/F06_SSB03380458.wav,6
/USERSPACE/DATASETS/CodecFake/train/F06_p278_093.wav,6
/USERSPACE/DATASETS/CodecFake/train/F06_SSB18090446.wav,6
/USERSPACE/DATASETS/CodecFake/train/F06_SSB13410305.wav,6
/USERSPACE/DATASETS/CodecFake/train/F06_p297_033.wav,6
/USERSPACE/DATASETS/CodecFake/train/F06_SSB00380405.wav,6
/USERSPACE/DATASETS/CodecFake/train/F06_SSB03800303.wav,6
/USERSPACE/DATASETS/CodecFake/train/F06_SSB06060056.wav,6
/USERSPACE/DATASETS/CodecFake/train/F06_p233_229.wav,6
/USERSPACE/DATASETS/CodecFake/train/F06_p233_083.wav,6
/USERSPACE/DATASETS/CodecFake/train/F06_SSB03070353.wav,6
/USERSPACE/DATASETS/CodecFake/train/F06_SSB05990177.wav,6
/USERSPACE/DATASETS/CodecFake/train/F06_SSB06070419.wav,6
/USERSPACE/DATASETS/CodecFake/train/F06_SSB07160438.wav,6
/USERSPACE/DATASETS/CodecFake/train/F06_SSB18370280.wav,6
/USERSPACE/DATASETS/CodecFake/train/F06_SSB07020291.wav,6
/USERSPACE/DATASETS/CodecFake/train/F06_p292_016.wav,6
/USERSPACE/DATASETS/CodecFake/train/F06_SSB03950286.wav,6
/USERSPACE/DATASETS/CodecFake/train/F06_p329_336.wav,6
/USERSPACE/DATASETS/CodecFake/train/F06_SSB00050365.wav,6
/USERSPACE/DATASETS/CodecFake/train/F06_p229_177.wav,6
/USERSPACE/DATASETS/CodecFake/train/F06_SSB03940088.wav,6
/USERSPACE/DATASETS/CodecFake/train/F06_p292_171.wav,6
/USERSPACE/DATASETS/CodecFake/train/F06_SSB02870182.wav,6
/USERSPACE/DATASETS/CodecFake/train/F06_p330_390.wav,6
/USERSPACE/DATASETS/CodecFake/train/F06_SSB12390227.wav,6
/USERSPACE/DATASETS/CodecFake/train/F06_SSB02000356.wav,6
/USERSPACE/DATASETS/CodecFake/train/F06_p339_062.wav,6
/USERSPACE/DATASETS/CodecFake/train/F06_SSB04150426.wav,6
/USERSPACE/DATASETS/CodecFake/train/F06_p246_094.wav,6
/USERSPACE/DATASETS/CodecFake/train/F06_SSB00800146.wav,6
/USERSPACE/DATASETS/CodecFake/train/F06_SSB02000017.wav,6
/USERSPACE/DATASETS/CodecFake/train/F06_SSB03930224.wav,6
/USERSPACE/DATASETS/CodecFake/train/F06_p245_304.wav,6
/USERSPACE/DATASETS/CodecFake/train/F06_SSB10560359.wav,6
/USERSPACE/DATASETS/CodecFake/train/F06_SSB02670286.wav,6
/USERSPACE/DATASETS/CodecFake/train/F06_p278_345.wav,6
/USERSPACE/DATASETS/CodecFake/train/F06_p273_082.wav,6
/USERSPACE/DATASETS/CodecFake/train/F06_SSB05900019.wav,6
/USERSPACE/DATASETS/CodecFake/train/F06_SSB06710281.wav,6
/USERSPACE/DATASETS/CodecFake/train/F06_p229_344.wav,6
/USERSPACE/DATASETS/CodecFake/train/F06_p249_353.wav,6
/USERSPACE/DATASETS/CodecFake/train/F06_SSB02670329.wav,6
/USERSPACE/DATASETS/CodecFake/train/F06_SSB18630298.wav,6
/USERSPACE/DATASETS/CodecFake/train/F06_SSB12530427.wav,6
/USERSPACE/DATASETS/CodecFake/train/F06_p271_322.wav,6
/USERSPACE/DATASETS/CodecFake/train/F06_SSB03540092.wav,6
/USERSPACE/DATASETS/CodecFake/train/F06_SSB07600082.wav,6
/USERSPACE/DATASETS/CodecFake/train/F06_p234_328.wav,6
/USERSPACE/DATASETS/CodecFake/train/F06_p329_420.wav,6
/USERSPACE/DATASETS/CodecFake/train/F06_SSB03750418.wav,6
/USERSPACE/DATASETS/CodecFake/train/F06_SSB10020148.wav,6
/USERSPACE/DATASETS/CodecFake/train/F06_SSB06060285.wav,6
/USERSPACE/DATASETS/CodecFake/train/F06_SSB02870082.wav,6
/USERSPACE/DATASETS/CodecFake/train/F06_SSB06680416.wav,6
/USERSPACE/DATASETS/CodecFake/train/F06_SSB10240466.wav,6
/USERSPACE/DATASETS/CodecFake/train/F06_SSB07020134.wav,6
/USERSPACE/DATASETS/CodecFake/train/F06_p306_298.wav,6
/USERSPACE/DATASETS/CodecFake/train/F06_SSB10500415.wav,6
/USERSPACE/DATASETS/CodecFake/train/F06_p330_147.wav,6
/USERSPACE/DATASETS/CodecFake/train/F06_p295_312.wav,6
/USERSPACE/DATASETS/CodecFake/train/F06_p244_409.wav,6
/USERSPACE/DATASETS/CodecFake/train/F06_SSB02610017.wav,6
/USERSPACE/DATASETS/CodecFake/train/F06_p281_342.wav,6
/USERSPACE/DATASETS/CodecFake/train/F06_SSB18910214.wav,6
/USERSPACE/DATASETS/CodecFake/train/F06_SSB13220444.wav,6
/USERSPACE/DATASETS/CodecFake/train/F06_SSB06320076.wav,6
/USERSPACE/DATASETS/CodecFake/train/F06_SSB12390218.wav,6
/USERSPACE/DATASETS/CodecFake/train/F06_SSB05020171.wav,6
/USERSPACE/DATASETS/CodecFake/train/F06_SSB00380088.wav,6
/USERSPACE/DATASETS/CodecFake/train/F06_SSB03930052.wav,6
/USERSPACE/DATASETS/CodecFake/train/F06_SSB07200042.wav,6
/USERSPACE/DATASETS/CodecFake/train/F06_SSB06060236.wav,6
/USERSPACE/DATASETS/CodecFake/train/F06_p225_285.wav,6
/USERSPACE/DATASETS/CodecFake/train/F06_SSB10080464.wav,6
/USERSPACE/DATASETS/CodecFake/train/F06_SSB02410016.wav,6
/USERSPACE/DATASETS/CodecFake/train/F06_SSB07490190.wav,6
/USERSPACE/DATASETS/CodecFake/train/F06_p288_384.wav,6
/USERSPACE/DATASETS/CodecFake/train/F06_p299_097.wav,6
/USERSPACE/DATASETS/CodecFake/train/F06_p300_324.wav,6
/USERSPACE/DATASETS/CodecFake/train/F06_p343_021.wav,6
/USERSPACE/DATASETS/CodecFake/train/F06_SSB15750291.wav,6
/USERSPACE/DATASETS/CodecFake/train/F06_SSB07860108.wav,6
/USERSPACE/DATASETS/CodecFake/train/F06_p307_068.wav,6
/USERSPACE/DATASETS/CodecFake/train/F06_p236_120.wav,6
/USERSPACE/DATASETS/CodecFake/train/F06_SSB13820098.wav,6
/USERSPACE/DATASETS/CodecFake/train/F06_SSB06310176.wav,6
/USERSPACE/DATASETS/CodecFake/train/F06_SSB10960333.wav,6
/USERSPACE/DATASETS/CodecFake/train/F06_p269_062.wav,6
/USERSPACE/DATASETS/CodecFake/train/F06_SSB09660303.wav,6
/USERSPACE/DATASETS/CodecFake/train/F06_SSB16240401.wav,6
/USERSPACE/DATASETS/CodecFake/train/F06_SSB15850368.wav,6
/USERSPACE/DATASETS/CodecFake/train/F06_SSB06030392.wav,6
/USERSPACE/DATASETS/CodecFake/train/F06_SSB03410087.wav,6
/USERSPACE/DATASETS/CodecFake/train/F06_SSB06230141.wav,6
/USERSPACE/DATASETS/CodecFake/train/F06_SSB07000179.wav,6
/USERSPACE/DATASETS/CodecFake/train/F06_SSB00120084.wav,6
/USERSPACE/DATASETS/CodecFake/train/F06_p306_031.wav,6
/USERSPACE/DATASETS/CodecFake/train/F06_p234_221.wav,6
/USERSPACE/DATASETS/CodecFake/train/F06_SSB15670047.wav,6
/USERSPACE/DATASETS/CodecFake/train/F06_p262_064.wav,6
/USERSPACE/DATASETS/CodecFake/train/F06_p292_302.wav,6
/USERSPACE/DATASETS/CodecFake/train/F06_SSB10500048.wav,6
/USERSPACE/DATASETS/CodecFake/train/F06_SSB14370162.wav,6
/USERSPACE/DATASETS/CodecFake/train/F06_SSB18780379.wav,6
/USERSPACE/DATASETS/CodecFake/train/F06_p318_266.wav,6
/USERSPACE/DATASETS/CodecFake/train/F06_p311_021.wav,6
/USERSPACE/DATASETS/CodecFake/train/F06_p330_415.wav,6
/USERSPACE/DATASETS/CodecFake/train/F06_SSB07600087.wav,6
/USERSPACE/DATASETS/CodecFake/train/F06_p314_313.wav,6
/USERSPACE/DATASETS/CodecFake/train/F06_p285_164.wav,6
/USERSPACE/DATASETS/CodecFake/train/F06_SSB05940208.wav,6
/USERSPACE/DATASETS/CodecFake/train/F06_SSB16500219.wav,6
/USERSPACE/DATASETS/CodecFake/train/F06_SSB03750236.wav,6
/USERSPACE/DATASETS/CodecFake/train/F06_SSB10960271.wav,6
/USERSPACE/DATASETS/CodecFake/train/F06_SSB07160305.wav,6
/USERSPACE/DATASETS/CodecFake/train/F06_SSB00800441.wav,6
/USERSPACE/DATASETS/CodecFake/train/F06_SSB18090332.wav,6
/USERSPACE/DATASETS/CodecFake/train/F06_SSB12210084.wav,6
/USERSPACE/DATASETS/CodecFake/train/F06_SSB00160109.wav,6
/USERSPACE/DATASETS/CodecFake/train/F06_SSB15630012.wav,6
/USERSPACE/DATASETS/CodecFake/train/F06_SSB01930429.wav,6
/USERSPACE/DATASETS/CodecFake/train/F06_SSB02730469.wav,6
/USERSPACE/DATASETS/CodecFake/train/F06_p312_062.wav,6
/USERSPACE/DATASETS/CodecFake/train/F06_SSB17110280.wav,6
/USERSPACE/DATASETS/CodecFake/train/F06_SSB03930119.wav,6
/USERSPACE/DATASETS/CodecFake/train/F06_SSB19020080.wav,6
/USERSPACE/DATASETS/CodecFake/train/F06_p282_113.wav,6
/USERSPACE/DATASETS/CodecFake/train/F06_p255_380.wav,6
/USERSPACE/DATASETS/CodecFake/train/F06_p335_305.wav,6
/USERSPACE/DATASETS/CodecFake/train/F06_p247_325.wav,6
/USERSPACE/DATASETS/CodecFake/train/F06_p307_161.wav,6
/USERSPACE/DATASETS/CodecFake/train/F06_SSB07480014.wav,6
/USERSPACE/DATASETS/CodecFake/train/F06_SSB01330176.wav,6
/USERSPACE/DATASETS/CodecFake/train/F06_p295_262.wav,6
/USERSPACE/DATASETS/CodecFake/train/F06_p329_115.wav,6
/USERSPACE/DATASETS/CodecFake/train/F06_p317_245.wav,6
/USERSPACE/DATASETS/CodecFake/train/F06_SSB09350179.wav,6
/USERSPACE/DATASETS/CodecFake/train/F06_p336_049.wav,6
/USERSPACE/DATASETS/CodecFake/train/F06_SSB00050087.wav,6
/USERSPACE/DATASETS/CodecFake/train/F06_p316_131.wav,6
/USERSPACE/DATASETS/CodecFake/train/F06_p329_226.wav,6
/USERSPACE/DATASETS/CodecFake/train/F06_SSB04070411.wav,6
/USERSPACE/DATASETS/CodecFake/train/F06_p234_178.wav,6
/USERSPACE/DATASETS/CodecFake/train/F06_SSB05990472.wav,6
/USERSPACE/DATASETS/CodecFake/train/F06_SSB05780403.wav,6
/USERSPACE/DATASETS/CodecFake/train/F06_SSB00180446.wav,6
/USERSPACE/DATASETS/CodecFake/train/F06_p288_160.wav,6
/USERSPACE/DATASETS/CodecFake/train/F06_SSB12740498.wav,6
/USERSPACE/DATASETS/CodecFake/train/F06_p288_226.wav,6
/USERSPACE/DATASETS/CodecFake/train/F06_p351_129.wav,6
/USERSPACE/DATASETS/CodecFake/train/F06_SSB03150448.wav,6
/USERSPACE/DATASETS/CodecFake/train/F06_SSB11150278.wav,6
/USERSPACE/DATASETS/CodecFake/train/F06_p249_251.wav,6
/USERSPACE/DATASETS/CodecFake/train/F06_SSB11250083.wav,6
/USERSPACE/DATASETS/CodecFake/train/F06_SSB07800281.wav,6
/USERSPACE/DATASETS/CodecFake/train/F06_SSB03750271.wav,6
/USERSPACE/DATASETS/CodecFake/train/F06_SSB18720128.wav,6
/USERSPACE/DATASETS/CodecFake/train/F06_p239_502.wav,6
/USERSPACE/DATASETS/CodecFake/train/F06_p351_099.wav,6
/USERSPACE/DATASETS/CodecFake/train/F06_SSB10560044.wav,6
/USERSPACE/DATASETS/CodecFake/train/F06_SSB07860347.wav,6
/USERSPACE/DATASETS/CodecFake/train/F06_p255_202.wav,6
/USERSPACE/DATASETS/CodecFake/train/F06_SSB10720009.wav,6
/USERSPACE/DATASETS/CodecFake/train/F06_SSB16240245.wav,6
/USERSPACE/DATASETS/CodecFake/train/F06_p250_324.wav,6
/USERSPACE/DATASETS/CodecFake/train/F06_p253_224.wav,6
/USERSPACE/DATASETS/CodecFake/train/F06_p228_058.wav,6
/USERSPACE/DATASETS/CodecFake/train/F06_p263_325.wav,6
/USERSPACE/DATASETS/CodecFake/train/F06_SSB02000436.wav,6
/USERSPACE/DATASETS/CodecFake/train/F06_SSB00090257.wav,6
/USERSPACE/DATASETS/CodecFake/train/F06_p281_254.wav,6
/USERSPACE/DATASETS/CodecFake/train/F06_SSB15670270.wav,6
/USERSPACE/DATASETS/CodecFake/train/F06_SSB00090499.wav,6
/USERSPACE/DATASETS/CodecFake/train/F06_SSB13850380.wav,6
/USERSPACE/DATASETS/CodecFake/train/F06_SSB04270475.wav,6
/USERSPACE/DATASETS/CodecFake/train/F06_SSB16500461.wav,6
/USERSPACE/DATASETS/CodecFake/train/F06_p374_414.wav,6
/USERSPACE/DATASETS/CodecFake/train/F06_p292_128.wav,6
/USERSPACE/DATASETS/CodecFake/train/F06_SSB17110192.wav,6
/USERSPACE/DATASETS/CodecFake/train/F06_SSB15850315.wav,6
/USERSPACE/DATASETS/CodecFake/train/F06_SSB03390335.wav,6
/USERSPACE/DATASETS/CodecFake/train/F06_p227_023.wav,6
/USERSPACE/DATASETS/CodecFake/train/F06_SSB04820319.wav,6
/USERSPACE/DATASETS/CodecFake/train/F06_p225_025.wav,6
/USERSPACE/DATASETS/CodecFake/train/F06_p294_049.wav,6
/USERSPACE/DATASETS/CodecFake/train/F06_p232_162.wav,6
/USERSPACE/DATASETS/CodecFake/train/F06_SSB16990450.wav,6
/USERSPACE/DATASETS/CodecFake/train/F06_SSB04270196.wav,6
/USERSPACE/DATASETS/CodecFake/train/F06_SSB05390339.wav,6
/USERSPACE/DATASETS/CodecFake/train/F06_SSB17820093.wav,6
/USERSPACE/DATASETS/CodecFake/train/F06_SSB08220125.wav,6
/USERSPACE/DATASETS/CodecFake/train/F06_p258_379.wav,6
/USERSPACE/DATASETS/CodecFake/train/F06_p376_240.wav,6
/USERSPACE/DATASETS/CodecFake/train/F06_p286_065.wav,6
/USERSPACE/DATASETS/CodecFake/train/F06_SSB07360467.wav,6
/USERSPACE/DATASETS/CodecFake/train/F06_SSB05990368.wav,6
/USERSPACE/DATASETS/CodecFake/train/F06_SSB19180288.wav,6
/USERSPACE/DATASETS/CodecFake/train/F06_p334_216.wav,6
/USERSPACE/DATASETS/CodecFake/train/F06_SSB19560399.wav,6
/USERSPACE/DATASETS/CodecFake/train/F06_SSB06010027.wav,6
/USERSPACE/DATASETS/CodecFake/train/F06_p233_273.wav,6
/USERSPACE/DATASETS/CodecFake/train/F06_SSB00570235.wav,6
/USERSPACE/DATASETS/CodecFake/train/F06_SSB14480180.wav,6
/USERSPACE/DATASETS/CodecFake/train/F06_SSB01390411.wav,6
/USERSPACE/DATASETS/CodecFake/train/F06_p336_142.wav,6
/USERSPACE/DATASETS/CodecFake/train/F06_SSB00430189.wav,6
/USERSPACE/DATASETS/CodecFake/train/F06_p287_333.wav,6
/USERSPACE/DATASETS/CodecFake/train/F06_SSB10500243.wav,6
/USERSPACE/DATASETS/CodecFake/train/F06_SSB03750323.wav,6
/USERSPACE/DATASETS/CodecFake/train/F06_SSB03950071.wav,6
/USERSPACE/DATASETS/CodecFake/train/F06_p271_151.wav,6
/USERSPACE/DATASETS/CodecFake/train/F06_SSB06710081.wav,6
/USERSPACE/DATASETS/CodecFake/train/F06_SSB01450426.wav,6
/USERSPACE/DATASETS/CodecFake/train/F06_SSB04700179.wav,6
/USERSPACE/DATASETS/CodecFake/train/F06_p252_258.wav,6
/USERSPACE/DATASETS/CodecFake/train/F06_SSB04340193.wav,6
/USERSPACE/DATASETS/CodecFake/train/F06_SSB05990447.wav,6
/USERSPACE/DATASETS/CodecFake/train/F06_p271_198.wav,6
/USERSPACE/DATASETS/CodecFake/train/F06_p301_394.wav,6
/USERSPACE/DATASETS/CodecFake/train/F06_SSB10640271.wav,6
/USERSPACE/DATASETS/CodecFake/train/F06_p272_118.wav,6
/USERSPACE/DATASETS/CodecFake/train/F06_p347_384.wav,6
/USERSPACE/DATASETS/CodecFake/train/F06_SSB16070335.wav,6
/USERSPACE/DATASETS/CodecFake/train/F06_SSB16250361.wav,6
/USERSPACE/DATASETS/CodecFake/train/F06_SSB10010423.wav,6
/USERSPACE/DATASETS/CodecFake/train/F06_p374_333.wav,6
/USERSPACE/DATASETS/CodecFake/train/F06_SSB07370285.wav,6
/USERSPACE/DATASETS/CodecFake/train/F06_SSB11100184.wav,6
/USERSPACE/DATASETS/CodecFake/train/F06_SSB15750338.wav,6
/USERSPACE/DATASETS/CodecFake/train/F06_SSB07460166.wav,6
/USERSPACE/DATASETS/CodecFake/train/F06_p343_102.wav,6
/USERSPACE/DATASETS/CodecFake/train/F06_p311_385.wav,6
/USERSPACE/DATASETS/CodecFake/train/F06_p247_126.wav,6
/USERSPACE/DATASETS/CodecFake/train/F06_SSB04270477.wav,6
/USERSPACE/DATASETS/CodecFake/train/F06_p269_177.wav,6
/USERSPACE/DATASETS/CodecFake/train/F06_SSB19350318.wav,6
/USERSPACE/DATASETS/CodecFake/train/F06_SSB05440265.wav,6
/USERSPACE/DATASETS/CodecFake/train/F06_SSB13220028.wav,6
/USERSPACE/DATASETS/CodecFake/train/F06_SSB03930050.wav,6
/USERSPACE/DATASETS/CodecFake/train/F06_SSB00120164.wav,6
/USERSPACE/DATASETS/CodecFake/train/F06_SSB12740310.wav,6
/USERSPACE/DATASETS/CodecFake/train/F06_SSB03070246.wav,6
/USERSPACE/DATASETS/CodecFake/train/F06_SSB08510237.wav,6
/USERSPACE/DATASETS/CodecFake/train/F06_SSB07510105.wav,6
/USERSPACE/DATASETS/CodecFake/train/F06_SSB03820461.wav,6
/USERSPACE/DATASETS/CodecFake/train/F06_SSB06030324.wav,6
/USERSPACE/DATASETS/CodecFake/train/F06_SSB00800506.wav,6
/USERSPACE/DATASETS/CodecFake/train/F06_SSB07020137.wav,6
/USERSPACE/DATASETS/CodecFake/train/F06_SSB06320449.wav,6
/USERSPACE/DATASETS/CodecFake/train/F06_p282_330.wav,6
/USERSPACE/DATASETS/CodecFake/train/F06_SSB10550225.wav,6
/USERSPACE/DATASETS/CodecFake/train/F06_p361_246.wav,6
/USERSPACE/DATASETS/CodecFake/train/F06_SSB04270303.wav,6
/USERSPACE/DATASETS/CodecFake/train/F06_p268_131.wav,6
/USERSPACE/DATASETS/CodecFake/train/F06_SSB08220393.wav,6
/USERSPACE/DATASETS/CodecFake/train/F06_p299_253.wav,6
/USERSPACE/DATASETS/CodecFake/train/F06_SSB18780306.wav,6
/USERSPACE/DATASETS/CodecFake/train/F06_SSB13650106.wav,6
/USERSPACE/DATASETS/CodecFake/train/F06_SSB03850186.wav,6
/USERSPACE/DATASETS/CodecFake/train/F06_p376_035.wav,6
/USERSPACE/DATASETS/CodecFake/train/F06_p265_338.wav,6
/USERSPACE/DATASETS/CodecFake/train/F06_SSB10720225.wav,6
/USERSPACE/DATASETS/CodecFake/train/F06_SSB16300031.wav,6
/USERSPACE/DATASETS/CodecFake/train/F06_SSB12740492.wav,6
/USERSPACE/DATASETS/CodecFake/train/F06_SSB09970144.wav,6
/USERSPACE/DATASETS/CodecFake/train/F06_SSB03410363.wav,6
/USERSPACE/DATASETS/CodecFake/train/F06_SSB10240197.wav,6
/USERSPACE/DATASETS/CodecFake/train/F06_SSB00180305.wav,6
/USERSPACE/DATASETS/CodecFake/train/F06_SSB17820436.wav,6
/USERSPACE/DATASETS/CodecFake/train/F06_SSB06660178.wav,6
/USERSPACE/DATASETS/CodecFake/train/F06_p340_072.wav,6
/USERSPACE/DATASETS/CodecFake/train/F06_SSB05900343.wav,6
/USERSPACE/DATASETS/CodecFake/train/F06_p314_030.wav,6
/USERSPACE/DATASETS/CodecFake/train/F06_SSB07840059.wav,6
/USERSPACE/DATASETS/CodecFake/train/F06_p336_213.wav,6
/USERSPACE/DATASETS/CodecFake/train/F06_SSB11250234.wav,6
/USERSPACE/DATASETS/CodecFake/train/F06_p304_075.wav,6
/USERSPACE/DATASETS/CodecFake/train/F06_p278_220.wav,6
/USERSPACE/DATASETS/CodecFake/train/F06_SSB07800388.wav,6
/USERSPACE/DATASETS/CodecFake/train/F06_SSB06320293.wav,6
/USERSPACE/DATASETS/CodecFake/train/F06_SSB00160310.wav,6
/USERSPACE/DATASETS/CodecFake/train/F06_p254_230.wav,6
/USERSPACE/DATASETS/CodecFake/train/F06_SSB17810188.wav,6
/USERSPACE/DATASETS/CodecFake/train/F06_SSB13410436.wav,6
/USERSPACE/DATASETS/CodecFake/train/F06_SSB05350258.wav,6
/USERSPACE/DATASETS/CodecFake/train/F06_p333_210.wav,6
/USERSPACE/DATASETS/CodecFake/train/F06_SSB16070097.wav,6
/USERSPACE/DATASETS/CodecFake/train/F06_SSB04260129.wav,6
/USERSPACE/DATASETS/CodecFake/train/F06_SSB13660270.wav,6
/USERSPACE/DATASETS/CodecFake/train/F06_p340_186.wav,6
/USERSPACE/DATASETS/CodecFake/train/F06_SSB07510362.wav,6
/USERSPACE/DATASETS/CodecFake/train/F06_SSB13220327.wav,6
/USERSPACE/DATASETS/CodecFake/train/F06_p231_409.wav,6
/USERSPACE/DATASETS/CodecFake/train/F06_SSB08630082.wav,6
/USERSPACE/DATASETS/CodecFake/train/F06_SSB03660273.wav,6
/USERSPACE/DATASETS/CodecFake/train/F06_SSB18280274.wav,6
/USERSPACE/DATASETS/CodecFake/train/F06_SSB06860223.wav,6
/USERSPACE/DATASETS/CodecFake/train/F06_SSB09660365.wav,6
/USERSPACE/DATASETS/CodecFake/train/F06_SSB15850223.wav,6
/USERSPACE/DATASETS/CodecFake/train/F06_SSB08090253.wav,6
/USERSPACE/DATASETS/CodecFake/train/F06_SSB11260225.wav,6
/USERSPACE/DATASETS/CodecFake/train/F06_SSB19390088.wav,6
/USERSPACE/DATASETS/CodecFake/train/F06_SSB07510184.wav,6
/USERSPACE/DATASETS/CodecFake/train/F06_SSB15550446.wav,6
/USERSPACE/DATASETS/CodecFake/train/F06_p264_242.wav,6
/USERSPACE/DATASETS/CodecFake/train/F06_p283_059.wav,6
/USERSPACE/DATASETS/CodecFake/train/F06_p269_119.wav,6
/USERSPACE/DATASETS/CodecFake/train/F06_SSB10080436.wav,6
/USERSPACE/DATASETS/CodecFake/train/F06_SSB07020464.wav,6
/USERSPACE/DATASETS/CodecFake/train/F06_p340_070.wav,6
/USERSPACE/DATASETS/CodecFake/train/F06_SSB13850371.wav,6
/USERSPACE/DATASETS/CodecFake/train/F06_SSB13400256.wav,6
/USERSPACE/DATASETS/CodecFake/train/F06_SSB07600326.wav,6
/USERSPACE/DATASETS/CodecFake/train/F06_SSB06320438.wav,6
/USERSPACE/DATASETS/CodecFake/train/F06_SSB12530272.wav,6
/USERSPACE/DATASETS/CodecFake/train/F06_SSB16860105.wav,6
/USERSPACE/DATASETS/CodecFake/train/F06_SSB10240347.wav,6
/USERSPACE/DATASETS/CodecFake/train/F06_SSB07780165.wav,6
/USERSPACE/DATASETS/CodecFake/train/F06_SSB01450364.wav,6
/USERSPACE/DATASETS/CodecFake/train/F06_SSB09130254.wav,6
/USERSPACE/DATASETS/CodecFake/train/F06_SSB07110491.wav,6
/USERSPACE/DATASETS/CodecFake/train/F06_p262_264.wav,6
/USERSPACE/DATASETS/CodecFake/train/F06_SSB14480139.wav,6
/USERSPACE/DATASETS/CodecFake/train/F06_p362_103.wav,6
/USERSPACE/DATASETS/CodecFake/train/F06_SSB16070253.wav,6
/USERSPACE/DATASETS/CodecFake/train/F06_p244_240.wav,6
/USERSPACE/DATASETS/CodecFake/train/F06_SSB13280461.wav,6
/USERSPACE/DATASETS/CodecFake/train/F06_SSB03940103.wav,6
/USERSPACE/DATASETS/CodecFake/train/F06_SSB13410461.wav,6
/USERSPACE/DATASETS/CodecFake/train/F06_p255_102.wav,6
/USERSPACE/DATASETS/CodecFake/train/F06_SSB18310140.wav,6
/USERSPACE/DATASETS/CodecFake/train/F06_SSB08870067.wav,6
/USERSPACE/DATASETS/CodecFake/train/F06_SSB12210158.wav,6
/USERSPACE/DATASETS/CodecFake/train/F06_SSB18720235.wav,6
/USERSPACE/DATASETS/CodecFake/train/F06_SSB13930169.wav,6
/USERSPACE/DATASETS/CodecFake/train/F06_SSB02610328.wav,6
/USERSPACE/DATASETS/CodecFake/train/F06_SSB05940150.wav,6
/USERSPACE/DATASETS/CodecFake/train/F06_p285_132.wav,6
/USERSPACE/DATASETS/CodecFake/train/F06_SSB07510230.wav,6
/USERSPACE/DATASETS/CodecFake/train/F06_SSB06060221.wav,6
/USERSPACE/DATASETS/CodecFake/train/F06_SSB10720294.wav,6
/USERSPACE/DATASETS/CodecFake/train/F06_p294_095.wav,6
/USERSPACE/DATASETS/CodecFake/train/F06_p247_149.wav,6
/USERSPACE/DATASETS/CodecFake/train/F06_SSB09130259.wav,6
/USERSPACE/DATASETS/CodecFake/train/F06_p286_387.wav,6
/USERSPACE/DATASETS/CodecFake/train/F06_SSB05350108.wav,6
/USERSPACE/DATASETS/CodecFake/train/F06_p236_258.wav,6
/USERSPACE/DATASETS/CodecFake/train/F06_SSB04270090.wav,6
/USERSPACE/DATASETS/CodecFake/train/F06_SSB00160162.wav,6
/USERSPACE/DATASETS/CodecFake/train/F06_p329_178.wav,6
/USERSPACE/DATASETS/CodecFake/train/F06_SSB04820230.wav,6
/USERSPACE/DATASETS/CodecFake/train/F06_SSB05350034.wav,6
/USERSPACE/DATASETS/CodecFake/train/F06_SSB00050262.wav,6
/USERSPACE/DATASETS/CodecFake/train/F06_SSB13410364.wav,6
/USERSPACE/DATASETS/CodecFake/train/F06_SSB16840137.wav,6
/USERSPACE/DATASETS/CodecFake/train/F06_SSB04150087.wav,6
/USERSPACE/DATASETS/CodecFake/train/F06_SSB12180013.wav,6
/USERSPACE/DATASETS/CodecFake/train/F06_p280_248.wav,6
/USERSPACE/DATASETS/CodecFake/train/F06_SSB04700131.wav,6
/USERSPACE/DATASETS/CodecFake/train/F06_SSB00330019.wav,6
/USERSPACE/DATASETS/CodecFake/train/F06_SSB09870167.wav,6
/USERSPACE/DATASETS/CodecFake/train/F06_SSB04340268.wav,6
/USERSPACE/DATASETS/CodecFake/train/F06_SSB12530150.wav,6
/USERSPACE/DATASETS/CodecFake/train/F06_SSB02610432.wav,6
/USERSPACE/DATASETS/CodecFake/train/F06_p312_272.wav,6
/USERSPACE/DATASETS/CodecFake/train/F06_SSB07360011.wav,6
/USERSPACE/DATASETS/CodecFake/train/F06_SSB02000243.wav,6
/USERSPACE/DATASETS/CodecFake/train/F06_p266_070.wav,6
/USERSPACE/DATASETS/CodecFake/train/F06_SSB03820016.wav,6
/USERSPACE/DATASETS/CodecFake/train/F06_p330_199.wav,6
/USERSPACE/DATASETS/CodecFake/train/F06_p340_381.wav,6
/USERSPACE/DATASETS/CodecFake/train/F06_SSB16250181.wav,6
/USERSPACE/DATASETS/CodecFake/train/F06_p277_327.wav,6
/USERSPACE/DATASETS/CodecFake/train/F06_SSB17110199.wav,6
/USERSPACE/DATASETS/CodecFake/train/F06_SSB10640466.wav,6
/USERSPACE/DATASETS/CodecFake/train/F06_SSB03380006.wav,6
/USERSPACE/DATASETS/CodecFake/train/F06_p236_118.wav,6
/USERSPACE/DATASETS/CodecFake/train/F06_SSB11250131.wav,6
/USERSPACE/DATASETS/CodecFake/train/F06_SSB07860273.wav,6
/USERSPACE/DATASETS/CodecFake/train/F06_p340_414.wav,6
/USERSPACE/DATASETS/CodecFake/train/F06_p274_128.wav,6
/USERSPACE/DATASETS/CodecFake/train/F06_SSB17450028.wav,6
/USERSPACE/DATASETS/CodecFake/train/F06_p271_116.wav,6
/USERSPACE/DATASETS/CodecFake/train/F06_p264_006.wav,6
/USERSPACE/DATASETS/CodecFake/train/F06_SSB07860442.wav,6
/USERSPACE/DATASETS/CodecFake/train/F06_p335_021.wav,6
/USERSPACE/DATASETS/CodecFake/train/F06_p245_003.wav,6
/USERSPACE/DATASETS/CodecFake/train/F06_SSB07490406.wav,6
/USERSPACE/DATASETS/CodecFake/train/F06_p274_055.wav,6
/USERSPACE/DATASETS/CodecFake/train/F06_SSB12150021.wav,6
/USERSPACE/DATASETS/CodecFake/train/F06_p315_087.wav,6
/USERSPACE/DATASETS/CodecFake/train/F06_SSB05940050.wav,6
/USERSPACE/DATASETS/CodecFake/train/F06_SSB03800307.wav,6
/USERSPACE/DATASETS/CodecFake/train/F06_p294_227.wav,6
/USERSPACE/DATASETS/CodecFake/train/F06_SSB06140173.wav,6
/USERSPACE/DATASETS/CodecFake/train/F06_SSB18370426.wav,6
/USERSPACE/DATASETS/CodecFake/train/F06_p310_395.wav,6
/USERSPACE/DATASETS/CodecFake/train/F06_SSB00330269.wav,6
/USERSPACE/DATASETS/CodecFake/train/F06_p248_296.wav,6
/USERSPACE/DATASETS/CodecFake/train/F06_p253_410.wav,6
/USERSPACE/DATASETS/CodecFake/train/F06_SSB18780336.wav,6
/USERSPACE/DATASETS/CodecFake/train/F06_p240_334.wav,6
/USERSPACE/DATASETS/CodecFake/train/F06_p265_341.wav,6
/USERSPACE/DATASETS/CodecFake/train/F06_SSB07580298.wav,6
/USERSPACE/DATASETS/CodecFake/train/F06_SSB06070087.wav,6
/USERSPACE/DATASETS/CodecFake/train/F06_SSB07490072.wav,6
/USERSPACE/DATASETS/CodecFake/train/F06_p266_209.wav,6
/USERSPACE/DATASETS/CodecFake/train/F06_SSB11380070.wav,6
/USERSPACE/DATASETS/CodecFake/train/F06_p333_089.wav,6
/USERSPACE/DATASETS/CodecFake/train/F06_SSB03390350.wav,6
/USERSPACE/DATASETS/CodecFake/train/F06_p228_250.wav,6
/USERSPACE/DATASETS/CodecFake/train/F06_p266_337.wav,6
/USERSPACE/DATASETS/CodecFake/train/F06_SSB00430510.wav,6
/USERSPACE/DATASETS/CodecFake/train/F06_p252_061.wav,6
/USERSPACE/DATASETS/CodecFake/train/F06_p264_311.wav,6
/USERSPACE/DATASETS/CodecFake/train/F06_SSB10550060.wav,6
/USERSPACE/DATASETS/CodecFake/train/F06_SSB07580277.wav,6
/USERSPACE/DATASETS/CodecFake/train/F06_p341_061.wav,6
/USERSPACE/DATASETS/CodecFake/train/F06_p298_311.wav,6
/USERSPACE/DATASETS/CodecFake/train/F06_p232_124.wav,6
/USERSPACE/DATASETS/CodecFake/train/F06_SSB03750454.wav,6
/USERSPACE/DATASETS/CodecFake/train/F06_p230_266.wav,6
/USERSPACE/DATASETS/CodecFake/train/F06_p339_058.wav,6
/USERSPACE/DATASETS/CodecFake/train/F06_SSB14370042.wav,6
/USERSPACE/DATASETS/CodecFake/train/F06_p276_198.wav,6
/USERSPACE/DATASETS/CodecFake/train/F06_SSB11870085.wav,6
/USERSPACE/DATASETS/CodecFake/train/F06_SSB01330341.wav,6
/USERSPACE/DATASETS/CodecFake/train/F06_p264_457.wav,6
/USERSPACE/DATASETS/CodecFake/train/F06_p323_051.wav,6
/USERSPACE/DATASETS/CodecFake/train/F06_SSB08870346.wav,6
/USERSPACE/DATASETS/CodecFake/train/F06_SSB06030145.wav,6
/USERSPACE/DATASETS/CodecFake/train/F06_SSB12390317.wav,6
/USERSPACE/DATASETS/CodecFake/train/F06_p314_245.wav,6
/USERSPACE/DATASETS/CodecFake/train/F06_p341_137.wav,6
/USERSPACE/DATASETS/CodecFake/train/F06_SSB07940340.wav,6
/USERSPACE/DATASETS/CodecFake/train/F06_SSB01970361.wav,6
/USERSPACE/DATASETS/CodecFake/train/F06_SSB03150392.wav,6
/USERSPACE/DATASETS/CodecFake/train/F06_SSB13990159.wav,6
/USERSPACE/DATASETS/CodecFake/train/F06_SSB02990402.wav,6
/USERSPACE/DATASETS/CodecFake/train/F06_p227_024.wav,6
/USERSPACE/DATASETS/CodecFake/train/F06_SSB14370383.wav,6
/USERSPACE/DATASETS/CodecFake/train/F06_SSB16240054.wav,6
/USERSPACE/DATASETS/CodecFake/train/F06_p329_181.wav,6
/USERSPACE/DATASETS/CodecFake/train/F06_SSB06070469.wav,6
/USERSPACE/DATASETS/CodecFake/train/F06_SSB10080092.wav,6
/USERSPACE/DATASETS/CodecFake/train/F06_SSB02410451.wav,6
/USERSPACE/DATASETS/CodecFake/train/F06_p247_162.wav,6
/USERSPACE/DATASETS/CodecFake/train/F06_p255_048.wav,6
/USERSPACE/DATASETS/CodecFake/train/F06_SSB02460225.wav,6
/USERSPACE/DATASETS/CodecFake/train/F06_SSB11250090.wav,6
/USERSPACE/DATASETS/CodecFake/train/F06_SSB05990413.wav,6
/USERSPACE/DATASETS/CodecFake/train/F06_SSB06290255.wav,6
/USERSPACE/DATASETS/CodecFake/train/F06_p312_400.wav,6
/USERSPACE/DATASETS/CodecFake/train/F06_p276_014.wav,6
/USERSPACE/DATASETS/CodecFake/train/F06_p301_101.wav,6
/USERSPACE/DATASETS/CodecFake/train/F06_p275_354.wav,6
/USERSPACE/DATASETS/CodecFake/train/F06_SSB10500364.wav,6
/USERSPACE/DATASETS/CodecFake/train/F06_p246_285.wav,6
/USERSPACE/DATASETS/CodecFake/train/F06_p305_400.wav,6
/USERSPACE/DATASETS/CodecFake/train/F06_p227_143.wav,6
/USERSPACE/DATASETS/CodecFake/train/F06_SSB16990036.wav,6
/USERSPACE/DATASETS/CodecFake/train/F06_p227_309.wav,6
/USERSPACE/DATASETS/CodecFake/train/F06_SSB03820253.wav,6
/USERSPACE/DATASETS/CodecFake/train/F06_p243_232.wav,6
/USERSPACE/DATASETS/CodecFake/train/F06_SSB03940487.wav,6
/USERSPACE/DATASETS/CodecFake/train/F06_SSB09870192.wav,6
/USERSPACE/DATASETS/CodecFake/train/F06_SSB05020129.wav,6
/USERSPACE/DATASETS/CodecFake/train/F06_p277_336.wav,6
/USERSPACE/DATASETS/CodecFake/train/F06_SSB05900140.wav,6
/USERSPACE/DATASETS/CodecFake/train/F06_SSB06660452.wav,6
/USERSPACE/DATASETS/CodecFake/train/F06_SSB13660316.wav,6
/USERSPACE/DATASETS/CodecFake/train/F06_SSB17450436.wav,6
/USERSPACE/DATASETS/CodecFake/train/F06_SSB15750260.wav,6
/USERSPACE/DATASETS/CodecFake/train/F06_SSB04150031.wav,6
/USERSPACE/DATASETS/CodecFake/train/F06_p297_186.wav,6
/USERSPACE/DATASETS/CodecFake/train/F06_SSB15930180.wav,6
/USERSPACE/DATASETS/CodecFake/train/F06_SSB13990350.wav,6
/USERSPACE/DATASETS/CodecFake/train/F06_SSB13410139.wav,6
/USERSPACE/DATASETS/CodecFake/train/F06_SSB03930109.wav,6
/USERSPACE/DATASETS/CodecFake/train/F06_SSB10010399.wav,6
/USERSPACE/DATASETS/CodecFake/train/F06_SSB15850407.wav,6
/USERSPACE/DATASETS/CodecFake/train/F06_SSB18280164.wav,6
/USERSPACE/DATASETS/CodecFake/train/F06_SSB00430362.wav,6
/USERSPACE/DATASETS/CodecFake/train/F06_p297_353.wav,6
/USERSPACE/DATASETS/CodecFake/train/F06_SSB03150314.wav,6
/USERSPACE/DATASETS/CodecFake/train/F06_p229_056.wav,6
/USERSPACE/DATASETS/CodecFake/train/F06_SSB06310207.wav,6
/USERSPACE/DATASETS/CodecFake/train/F06_SSB00730272.wav,6
/USERSPACE/DATASETS/CodecFake/train/F06_p317_012.wav,6
/USERSPACE/DATASETS/CodecFake/train/F06_SSB10550483.wav,6
/USERSPACE/DATASETS/CodecFake/train/F06_SSB01490013.wav,6
/USERSPACE/DATASETS/CodecFake/train/F06_p293_055.wav,6
/USERSPACE/DATASETS/CodecFake/train/F06_SSB12180192.wav,6
/USERSPACE/DATASETS/CodecFake/train/F06_SSB04350058.wav,6
/USERSPACE/DATASETS/CodecFake/train/F06_SSB06860461.wav,6
/USERSPACE/DATASETS/CodecFake/train/F06_SSB01490359.wav,6
/USERSPACE/DATASETS/CodecFake/train/F06_p228_324.wav,6
/USERSPACE/DATASETS/CodecFake/train/F06_SSB06290475.wav,6
/USERSPACE/DATASETS/CodecFake/train/F06_p316_025.wav,6
/USERSPACE/DATASETS/CodecFake/train/F06_SSB16840037.wav,6
/USERSPACE/DATASETS/CodecFake/train/F06_SSB18100062.wav,6
/USERSPACE/DATASETS/CodecFake/train/F06_SSB11870422.wav,6
/USERSPACE/DATASETS/CodecFake/train/F06_SSB19390068.wav,6
/USERSPACE/DATASETS/CodecFake/train/F06_SSB03540451.wav,6
/USERSPACE/DATASETS/CodecFake/train/F06_SSB18060449.wav,6
/USERSPACE/DATASETS/CodecFake/train/F06_SSB02990078.wav,6
/USERSPACE/DATASETS/CodecFake/train/F06_SSB02880185.wav,6
/USERSPACE/DATASETS/CodecFake/train/F06_SSB05340382.wav,6
/USERSPACE/DATASETS/CodecFake/train/F06_p227_173.wav,6
/USERSPACE/DATASETS/CodecFake/train/F06_SSB09870441.wav,6
/USERSPACE/DATASETS/CodecFake/train/F06_SSB19020259.wav,6
/USERSPACE/DATASETS/CodecFake/train/F06_p298_016.wav,6
/USERSPACE/DATASETS/CodecFake/train/F06_p347_263.wav,6
/USERSPACE/DATASETS/CodecFake/train/F06_SSB03660215.wav,6
/USERSPACE/DATASETS/CodecFake/train/F06_SSB11310140.wav,6
/USERSPACE/DATASETS/CodecFake/train/F06_SSB07480318.wav,6
/USERSPACE/DATASETS/CodecFake/train/F06_p310_091.wav,6
/USERSPACE/DATASETS/CodecFake/train/F06_SSB06140244.wav,6
/USERSPACE/DATASETS/CodecFake/train/F06_SSB07860395.wav,6
/USERSPACE/DATASETS/CodecFake/train/F06_p374_224.wav,6
/USERSPACE/DATASETS/CodecFake/train/F06_SSB04350392.wav,6
/USERSPACE/DATASETS/CodecFake/train/F06_p243_343.wav,6
/USERSPACE/DATASETS/CodecFake/train/F06_SSB07160467.wav,6
/USERSPACE/DATASETS/CodecFake/train/F06_SSB15670235.wav,6
/USERSPACE/DATASETS/CodecFake/train/F06_SSB08510503.wav,6
/USERSPACE/DATASETS/CodecFake/train/F06_SSB03750446.wav,6
/USERSPACE/DATASETS/CodecFake/train/F06_SSB18630259.wav,6
/USERSPACE/DATASETS/CodecFake/train/F06_p253_219.wav,6
/USERSPACE/DATASETS/CodecFake/train/F06_p282_215.wav,6
/USERSPACE/DATASETS/CodecFake/train/F06_p330_393.wav,6
/USERSPACE/DATASETS/CodecFake/train/F06_SSB01220380.wav,6
/USERSPACE/DATASETS/CodecFake/train/F06_p244_319.wav,6
/USERSPACE/DATASETS/CodecFake/train/F06_SSB07020444.wav,6
/USERSPACE/DATASETS/CodecFake/train/F06_SSB11250175.wav,6
/USERSPACE/DATASETS/CodecFake/train/F06_p299_275.wav,6
/USERSPACE/DATASETS/CodecFake/train/F06_SSB15750253.wav,6
/USERSPACE/DATASETS/CodecFake/train/F06_p269_131.wav,6
/USERSPACE/DATASETS/CodecFake/train/F06_SSB09190428.wav,6
/USERSPACE/DATASETS/CodecFake/train/F06_SSB13020226.wav,6
/USERSPACE/DATASETS/CodecFake/train/F06_p345_368.wav,6
/USERSPACE/DATASETS/CodecFake/train/F06_SSB13920008.wav,6
/USERSPACE/DATASETS/CodecFake/train/F06_SSB08220181.wav,6
/USERSPACE/DATASETS/CodecFake/train/F06_p285_275.wav,6
/USERSPACE/DATASETS/CodecFake/train/F06_p234_253.wav,6
/USERSPACE/DATASETS/CodecFake/train/F06_p274_311.wav,6
/USERSPACE/DATASETS/CodecFake/train/F06_SSB11080017.wav,6
/USERSPACE/DATASETS/CodecFake/train/F06_p303_238.wav,6
/USERSPACE/DATASETS/CodecFake/train/F06_SSB10080152.wav,6
/USERSPACE/DATASETS/CodecFake/train/F06_SSB06060461.wav,6
/USERSPACE/DATASETS/CodecFake/train/F06_p312_010.wav,6
/USERSPACE/DATASETS/CodecFake/train/F06_SSB05700201.wav,6
/USERSPACE/DATASETS/CodecFake/train/F06_SSB14480289.wav,6
/USERSPACE/DATASETS/CodecFake/train/F06_SSB02410007.wav,6
/USERSPACE/DATASETS/CodecFake/train/F06_SSB09970417.wav,6
/USERSPACE/DATASETS/CodecFake/train/F06_p306_334.wav,6
/USERSPACE/DATASETS/CodecFake/train/F06_SSB11100157.wav,6
/USERSPACE/DATASETS/CodecFake/train/F06_SSB03380495.wav,6
/USERSPACE/DATASETS/CodecFake/train/F06_SSB03660210.wav,6
/USERSPACE/DATASETS/CodecFake/train/F06_SSB15630431.wav,6
/USERSPACE/DATASETS/CodecFake/train/F06_p300_314.wav,6
/USERSPACE/DATASETS/CodecFake/train/F06_p272_023.wav,6
/USERSPACE/DATASETS/CodecFake/train/F06_SSB11350471.wav,6
/USERSPACE/DATASETS/CodecFake/train/F06_SSB11310236.wav,6
/USERSPACE/DATASETS/CodecFake/train/F06_SSB03660102.wav,6
/USERSPACE/DATASETS/CodecFake/train/F06_SSB16250071.wav,6
/USERSPACE/DATASETS/CodecFake/train/F06_p226_238.wav,6
/USERSPACE/DATASETS/CodecFake/train/F06_SSB07000120.wav,6
/USERSPACE/DATASETS/CodecFake/train/F06_SSB11870416.wav,6
/USERSPACE/DATASETS/CodecFake/train/F06_SSB00090233.wav,6
/USERSPACE/DATASETS/CodecFake/train/F06_p288_387.wav,6
/USERSPACE/DATASETS/CodecFake/train/F06_p314_257.wav,6
/USERSPACE/DATASETS/CodecFake/train/F06_p256_308.wav,6
/USERSPACE/DATASETS/CodecFake/train/F06_SSB13410473.wav,6
/USERSPACE/DATASETS/CodecFake/train/F06_p361_356.wav,6
/USERSPACE/DATASETS/CodecFake/train/F06_SSB18460415.wav,6
/USERSPACE/DATASETS/CodecFake/train/F06_SSB18280367.wav,6
/USERSPACE/DATASETS/CodecFake/train/F06_SSB07230009.wav,6
/USERSPACE/DATASETS/CodecFake/train/F06_SSB19020066.wav,6
/USERSPACE/DATASETS/CodecFake/train/F06_SSB10560075.wav,6
/USERSPACE/DATASETS/CodecFake/train/F06_SSB02610464.wav,6
/USERSPACE/DATASETS/CodecFake/train/F06_SSB05390030.wav,6
/USERSPACE/DATASETS/CodecFake/train/F06_SSB17590273.wav,6
/USERSPACE/DATASETS/CodecFake/train/F06_SSB10240178.wav,6
/USERSPACE/DATASETS/CodecFake/train/F06_SSB15550131.wav,6
/USERSPACE/DATASETS/CodecFake/train/F06_p340_028.wav,6
/USERSPACE/DATASETS/CodecFake/train/F06_SSB13930023.wav,6
/USERSPACE/DATASETS/CodecFake/train/F06_SSB13990271.wav,6
/USERSPACE/DATASETS/CodecFake/train/F06_SSB00090344.wav,6
/USERSPACE/DATASETS/CodecFake/train/F06_SSB01330090.wav,6
/USERSPACE/DATASETS/CodecFake/train/F06_p318_183.wav,6
/USERSPACE/DATASETS/CodecFake/train/F06_SSB02880440.wav,6
/USERSPACE/DATASETS/CodecFake/train/F06_SSB08630008.wav,6
/USERSPACE/DATASETS/CodecFake/train/F06_p233_183.wav,6
/USERSPACE/DATASETS/CodecFake/train/F06_SSB03800406.wav,6
/USERSPACE/DATASETS/CodecFake/train/F06_SSB10560508.wav,6
/USERSPACE/DATASETS/CodecFake/train/F06_SSB06660314.wav,6
/USERSPACE/DATASETS/CodecFake/train/F06_SSB10550057.wav,6
/USERSPACE/DATASETS/CodecFake/train/F06_SSB10000219.wav,6
/USERSPACE/DATASETS/CodecFake/train/F06_SSB12210062.wav,6
/USERSPACE/DATASETS/CodecFake/train/F06_SSB14080414.wav,6
/USERSPACE/DATASETS/CodecFake/train/F06_SSB10500468.wav,6
/USERSPACE/DATASETS/CodecFake/train/F06_SSB03850327.wav,6
/USERSPACE/DATASETS/CodecFake/train/F06_SSB02670210.wav,6
/USERSPACE/DATASETS/CodecFake/train/F06_p275_199.wav,6
/USERSPACE/DATASETS/CodecFake/train/F06_SSB03660216.wav,6
/USERSPACE/DATASETS/CodecFake/train/F06_p374_348.wav,6
/USERSPACE/DATASETS/CodecFake/train/F06_SSB10910321.wav,6
/USERSPACE/DATASETS/CodecFake/train/F06_SSB09350031.wav,6
/USERSPACE/DATASETS/CodecFake/train/F06_SSB11610193.wav,6
/USERSPACE/DATASETS/CodecFake/train/F06_SSB01930486.wav,6
/USERSPACE/DATASETS/CodecFake/train/F06_SSB15750004.wav,6
/USERSPACE/DATASETS/CodecFake/train/F06_SSB07020182.wav,6
/USERSPACE/DATASETS/CodecFake/train/F06_p250_418.wav,6
/USERSPACE/DATASETS/CodecFake/train/F06_SSB07170397.wav,6
/USERSPACE/DATASETS/CodecFake/train/F06_SSB03420067.wav,6
/USERSPACE/DATASETS/CodecFake/train/F06_SSB09130170.wav,6
/USERSPACE/DATASETS/CodecFake/train/F06_SSB02610026.wav,6
/USERSPACE/DATASETS/CodecFake/train/F06_p364_054.wav,6
/USERSPACE/DATASETS/CodecFake/train/F06_SSB19180409.wav,6
/USERSPACE/DATASETS/CodecFake/train/F06_SSB11250199.wav,6
/USERSPACE/DATASETS/CodecFake/train/F06_p307_198.wav,6
/USERSPACE/DATASETS/CodecFake/train/F06_SSB06930240.wav,6
/USERSPACE/DATASETS/CodecFake/train/F06_SSB11080428.wav,6
/USERSPACE/DATASETS/CodecFake/train/F06_SSB00380296.wav,6
/USERSPACE/DATASETS/CodecFake/train/F06_SSB08710406.wav,6
/USERSPACE/DATASETS/CodecFake/train/F06_SSB09870106.wav,6
/USERSPACE/DATASETS/CodecFake/train/F06_p259_437.wav,6
/USERSPACE/DATASETS/CodecFake/train/F06_SSB05390052.wav,6
/USERSPACE/DATASETS/CodecFake/train/F06_SSB01120028.wav,6
/USERSPACE/DATASETS/CodecFake/train/F06_SSB14570440.wav,6
/USERSPACE/DATASETS/CodecFake/train/F06_SSB03750474.wav,6
/USERSPACE/DATASETS/CodecFake/train/F06_SSB16240391.wav,6
/USERSPACE/DATASETS/CodecFake/train/F06_p227_272.wav,6
/USERSPACE/DATASETS/CodecFake/train/F06_SSB13990264.wav,6
/USERSPACE/DATASETS/CodecFake/train/F06_p364_114.wav,6
/USERSPACE/DATASETS/CodecFake/train/F06_SSB07170142.wav,6
/USERSPACE/DATASETS/CodecFake/train/F06_SSB18370253.wav,6
/USERSPACE/DATASETS/CodecFake/train/F06_SSB03800120.wav,6
/USERSPACE/DATASETS/CodecFake/train/F06_SSB16070395.wav,6
/USERSPACE/DATASETS/CodecFake/train/F06_SSB07020424.wav,6
/USERSPACE/DATASETS/CodecFake/train/F06_p295_253.wav,6
/USERSPACE/DATASETS/CodecFake/train/F06_SSB11000171.wav,6
/USERSPACE/DATASETS/CodecFake/train/F06_p251_153.wav,6
/USERSPACE/DATASETS/CodecFake/train/F06_SSB13200328.wav,6
/USERSPACE/DATASETS/CodecFake/train/F06_SSB06230192.wav,6
/USERSPACE/DATASETS/CodecFake/train/F06_SSB16860250.wav,6
/USERSPACE/DATASETS/CodecFake/train/F06_SSB07230228.wav,6
/USERSPACE/DATASETS/CodecFake/train/F06_SSB07620404.wav,6
/USERSPACE/DATASETS/CodecFake/train/F06_SSB00110023.wav,6
/USERSPACE/DATASETS/CodecFake/train/F06_SSB15930204.wav,6
/USERSPACE/DATASETS/CodecFake/train/F06_SSB14520466.wav,6
/USERSPACE/DATASETS/CodecFake/train/F06_SSB07100475.wav,6
/USERSPACE/DATASETS/CodecFake/train/F06_SSB19560346.wav,6
/USERSPACE/DATASETS/CodecFake/train/F06_SSB00120006.wav,6
/USERSPACE/DATASETS/CodecFake/train/F06_p236_114.wav,6
/USERSPACE/DATASETS/CodecFake/train/F06_SSB00380459.wav,6
/USERSPACE/DATASETS/CodecFake/train/F06_SSB14520329.wav,6
/USERSPACE/DATASETS/CodecFake/train/F06_SSB03850136.wav,6
/USERSPACE/DATASETS/CodecFake/train/F06_SSB01970179.wav,6
/USERSPACE/DATASETS/CodecFake/train/F06_SSB13820029.wav,6
/USERSPACE/DATASETS/CodecFake/train/F06_SSB04150015.wav,6
/USERSPACE/DATASETS/CodecFake/train/F06_SSB18280185.wav,6
/USERSPACE/DATASETS/CodecFake/train/F06_p245_092.wav,6
/USERSPACE/DATASETS/CodecFake/train/F06_SSB07200356.wav,6
/USERSPACE/DATASETS/CodecFake/train/F06_SSB12180057.wav,6
/USERSPACE/DATASETS/CodecFake/train/F06_SSB11350052.wav,6
/USERSPACE/DATASETS/CodecFake/train/F06_p272_128.wav,6
/USERSPACE/DATASETS/CodecFake/train/F06_p315_047.wav,6
/USERSPACE/DATASETS/CodecFake/train/F06_p241_324.wav,6
/USERSPACE/DATASETS/CodecFake/train/F06_p292_290.wav,6
/USERSPACE/DATASETS/CodecFake/train/F06_SSB03540198.wav,6
/USERSPACE/DATASETS/CodecFake/train/F06_SSB01970070.wav,6
/USERSPACE/DATASETS/CodecFake/train/F06_SSB05990136.wav,6
/USERSPACE/DATASETS/CodecFake/train/F06_SSB10720245.wav,6
/USERSPACE/DATASETS/CodecFake/train/F06_SSB05340150.wav,6
/USERSPACE/DATASETS/CodecFake/train/F06_SSB01970105.wav,6
/USERSPACE/DATASETS/CodecFake/train/F06_p266_107.wav,6
/USERSPACE/DATASETS/CodecFake/train/F06_SSB19020183.wav,6
/USERSPACE/DATASETS/CodecFake/train/F06_p361_114.wav,6
/USERSPACE/DATASETS/CodecFake/train/F06_SSB04150096.wav,6
/USERSPACE/DATASETS/CodecFake/train/F06_SSB10020250.wav,6
/USERSPACE/DATASETS/CodecFake/train/F06_SSB10020209.wav,6
/USERSPACE/DATASETS/CodecFake/train/F06_SSB11610038.wav,6
/USERSPACE/DATASETS/CodecFake/train/F06_SSB17390069.wav,6
/USERSPACE/DATASETS/CodecFake/train/F06_SSB07370351.wav,6
/USERSPACE/DATASETS/CodecFake/train/F06_p249_075.wav,6
/USERSPACE/DATASETS/CodecFake/train/F06_SSB06710236.wav,6
/USERSPACE/DATASETS/CodecFake/train/F06_p239_004.wav,6
/USERSPACE/DATASETS/CodecFake/train/F06_SSB18910103.wav,6
/USERSPACE/DATASETS/CodecFake/train/F06_p247_440.wav,6
/USERSPACE/DATASETS/CodecFake/train/F06_SSB19390265.wav,6
/USERSPACE/DATASETS/CodecFake/train/F06_p275_124.wav,6
/USERSPACE/DATASETS/CodecFake/train/F06_SSB07580264.wav,6
/USERSPACE/DATASETS/CodecFake/train/F06_SSB07360068.wav,6
/USERSPACE/DATASETS/CodecFake/train/F06_p299_163.wav,6
/USERSPACE/DATASETS/CodecFake/train/F06_p241_095.wav,6
/USERSPACE/DATASETS/CodecFake/train/F06_SSB07020481.wav,6
/USERSPACE/DATASETS/CodecFake/train/F06_SSB08870220.wav,6
/USERSPACE/DATASETS/CodecFake/train/F06_SSB19560159.wav,6
/USERSPACE/DATASETS/CodecFake/train/F06_SSB06010203.wav,6
/USERSPACE/DATASETS/CodecFake/train/F06_p317_091.wav,6
/USERSPACE/DATASETS/CodecFake/train/F06_SSB15550481.wav,6
/USERSPACE/DATASETS/CodecFake/train/F06_SSB11310275.wav,6
/USERSPACE/DATASETS/CodecFake/train/F06_p236_238.wav,6
/USERSPACE/DATASETS/CodecFake/train/F06_SSB13820082.wav,6
/USERSPACE/DATASETS/CodecFake/train/F06_SSB18280105.wav,6
/USERSPACE/DATASETS/CodecFake/train/F06_p248_244.wav,6
/USERSPACE/DATASETS/CodecFake/train/F06_p247_455.wav,6
/USERSPACE/DATASETS/CodecFake/train/F06_SSB18720338.wav,6
/USERSPACE/DATASETS/CodecFake/train/F06_SSB03160023.wav,6
/USERSPACE/DATASETS/CodecFake/train/F06_SSB00090073.wav,6
/USERSPACE/DATASETS/CodecFake/train/F06_SSB07600006.wav,6
/USERSPACE/DATASETS/CodecFake/train/F06_SSB04350006.wav,6
/USERSPACE/DATASETS/CodecFake/train/F06_SSB00430054.wav,6
/USERSPACE/DATASETS/CodecFake/train/F06_p276_082.wav,6
/USERSPACE/DATASETS/CodecFake/train/F06_SSB05340501.wav,6
/USERSPACE/DATASETS/CodecFake/train/F06_SSB07600215.wav,6
/USERSPACE/DATASETS/CodecFake/train/F06_p297_280.wav,6
/USERSPACE/DATASETS/CodecFake/train/F06_SSB02000409.wav,6
/USERSPACE/DATASETS/CodecFake/train/F06_SSB03150178.wav,6
/USERSPACE/DATASETS/CodecFake/train/F06_SSB05940377.wav,6
/USERSPACE/DATASETS/CodecFake/train/F06_p239_015.wav,6
/USERSPACE/DATASETS/CodecFake/train/F06_SSB06680081.wav,6
/USERSPACE/DATASETS/CodecFake/train/F06_SSB12390065.wav,6
/USERSPACE/DATASETS/CodecFake/train/F06_SSB12210374.wav,6
/USERSPACE/DATASETS/CodecFake/train/F06_SSB13770183.wav,6
/USERSPACE/DATASETS/CodecFake/train/F06_SSB07360142.wav,6
/USERSPACE/DATASETS/CodecFake/train/F06_p269_268.wav,6
/USERSPACE/DATASETS/CodecFake/train/F06_p240_028.wav,6
/USERSPACE/DATASETS/CodecFake/train/F06_SSB15930188.wav,6
/USERSPACE/DATASETS/CodecFake/train/F06_p374_280.wav,6
/USERSPACE/DATASETS/CodecFake/train/F06_p266_235.wav,6
/USERSPACE/DATASETS/CodecFake/train/F06_p277_280.wav,6
/USERSPACE/DATASETS/CodecFake/train/F06_p246_095.wav,6
/USERSPACE/DATASETS/CodecFake/train/F06_SSB13410358.wav,6
/USERSPACE/DATASETS/CodecFake/train/F06_p301_148.wav,6
/USERSPACE/DATASETS/CodecFake/train/F06_SSB07000132.wav,6
/USERSPACE/DATASETS/CodecFake/train/F06_p241_358.wav,6
/USERSPACE/DATASETS/CodecFake/train/F06_SSB19560395.wav,6
/USERSPACE/DATASETS/CodecFake/train/F06_SSB06320275.wav,6
/USERSPACE/DATASETS/CodecFake/train/F06_SSB08090266.wav,6
/USERSPACE/DATASETS/CodecFake/train/F06_p310_072.wav,6
/USERSPACE/DATASETS/CodecFake/train/F06_p295_401.wav,6
/USERSPACE/DATASETS/CodecFake/train/F06_p301_032.wav,6
/USERSPACE/DATASETS/CodecFake/train/F06_p276_270.wav,6
/USERSPACE/DATASETS/CodecFake/train/F06_SSB05440235.wav,6
/USERSPACE/DATASETS/CodecFake/train/F06_SSB03820076.wav,6
/USERSPACE/DATASETS/CodecFake/train/F06_SSB10500444.wav,6
/USERSPACE/DATASETS/CodecFake/train/F06_p275_209.wav,6
/USERSPACE/DATASETS/CodecFake/train/F06_SSB07780291.wav,6
/USERSPACE/DATASETS/CodecFake/train/F06_p343_235.wav,6
/USERSPACE/DATASETS/CodecFake/train/F06_p340_380.wav,6
/USERSPACE/DATASETS/CodecFake/train/F06_p261_158.wav,6
/USERSPACE/DATASETS/CodecFake/train/F06_p286_115.wav,6
/USERSPACE/DATASETS/CodecFake/train/F06_p347_295.wav,6
/USERSPACE/DATASETS/CodecFake/train/F06_SSB09870257.wav,6
/USERSPACE/DATASETS/CodecFake/train/F06_SSB09350286.wav,6
/USERSPACE/DATASETS/CodecFake/train/F06_SSB15670371.wav,6
/USERSPACE/DATASETS/CodecFake/train/F06_p271_405.wav,6
/USERSPACE/DATASETS/CodecFake/train/F06_SSB04820084.wav,6
/USERSPACE/DATASETS/CodecFake/train/F06_p247_080.wav,6
/USERSPACE/DATASETS/CodecFake/train/F06_SSB11100091.wav,6
/USERSPACE/DATASETS/CodecFake/train/F06_SSB15670274.wav,6
/USERSPACE/DATASETS/CodecFake/train/F06_SSB14520010.wav,6
/USERSPACE/DATASETS/CodecFake/train/F06_SSB12190022.wav,6
/USERSPACE/DATASETS/CodecFake/train/F06_SSB00050081.wav,6
/USERSPACE/DATASETS/CodecFake/train/F06_SSB15670175.wav,6
/USERSPACE/DATASETS/CodecFake/train/F06_p251_215.wav,6
/USERSPACE/DATASETS/CodecFake/train/F06_p330_344.wav,6
/USERSPACE/DATASETS/CodecFake/train/F06_p310_280.wav,6
/USERSPACE/DATASETS/CodecFake/train/F06_SSB07940351.wav,6
/USERSPACE/DATASETS/CodecFake/train/F06_SSB12180357.wav,6
/USERSPACE/DATASETS/CodecFake/train/F06_SSB07170406.wav,6
/USERSPACE/DATASETS/CodecFake/train/F06_SSB17810130.wav,6
/USERSPACE/DATASETS/CodecFake/train/F06_p287_415.wav,6
/USERSPACE/DATASETS/CodecFake/train/F06_SSB15750321.wav,6
/USERSPACE/DATASETS/CodecFake/train/F06_SSB18780369.wav,6
/USERSPACE/DATASETS/CodecFake/train/F06_p286_105.wav,6
/USERSPACE/DATASETS/CodecFake/train/F06_SSB12740462.wav,6
/USERSPACE/DATASETS/CodecFake/train/F06_p364_265.wav,6
/USERSPACE/DATASETS/CodecFake/train/F06_SSB10080240.wav,6
/USERSPACE/DATASETS/CodecFake/train/F06_SSB01490343.wav,6
/USERSPACE/DATASETS/CodecFake/train/F06_SSB03150269.wav,6
/USERSPACE/DATASETS/CodecFake/train/F06_SSB10550510.wav,6
/USERSPACE/DATASETS/CodecFake/train/F06_SSB05900399.wav,6
/USERSPACE/DATASETS/CodecFake/train/F06_SSB00330112.wav,6
/USERSPACE/DATASETS/CodecFake/train/F06_p314_393.wav,6
/USERSPACE/DATASETS/CodecFake/train/F06_SSB00800329.wav,6
/USERSPACE/DATASETS/CodecFake/train/F06_SSB00050070.wav,6
/USERSPACE/DATASETS/CodecFake/train/F06_SSB03380364.wav,6
/USERSPACE/DATASETS/CodecFake/train/F06_SSB00180099.wav,6
/USERSPACE/DATASETS/CodecFake/train/F06_SSB09660443.wav,6
/USERSPACE/DATASETS/CodecFake/train/F06_p243_200.wav,6
/USERSPACE/DATASETS/CodecFake/train/F06_SSB14480141.wav,6
/USERSPACE/DATASETS/CodecFake/train/F06_SSB05440245.wav,6
/USERSPACE/DATASETS/CodecFake/train/F06_SSB04820378.wav,6
/USERSPACE/DATASETS/CodecFake/train/F06_SSB04070497.wav,6
/USERSPACE/DATASETS/CodecFake/train/F06_p297_079.wav,6
/USERSPACE/DATASETS/CodecFake/train/F06_p274_093.wav,6
/USERSPACE/DATASETS/CodecFake/train/F06_p276_314.wav,6
/USERSPACE/DATASETS/CodecFake/train/F06_p340_182.wav,6
/USERSPACE/DATASETS/CodecFake/train/F06_SSB03540193.wav,6
/USERSPACE/DATASETS/CodecFake/train/F06_SSB07110397.wav,6
/USERSPACE/DATASETS/CodecFake/train/F06_SSB01120115.wav,6
/USERSPACE/DATASETS/CodecFake/train/F06_SSB00800448.wav,6
/USERSPACE/DATASETS/CodecFake/train/F06_SSB19350471.wav,6
/USERSPACE/DATASETS/CodecFake/train/F06_SSB03070262.wav,6
/USERSPACE/DATASETS/CodecFake/train/F06_SSB00800005.wav,6
/USERSPACE/DATASETS/CodecFake/train/F06_SSB10200323.wav,6
/USERSPACE/DATASETS/CodecFake/train/F06_p345_296.wav,6
/USERSPACE/DATASETS/CodecFake/train/F06_SSB04270133.wav,6
/USERSPACE/DATASETS/CodecFake/train/F06_p258_062.wav,6
/USERSPACE/DATASETS/CodecFake/train/F06_SSB07620060.wav,6
/USERSPACE/DATASETS/CodecFake/train/F06_SSB13990005.wav,6
/USERSPACE/DATASETS/CodecFake/train/F06_SSB07000170.wav,6
/USERSPACE/DATASETS/CodecFake/train/F06_p258_126.wav,6
/USERSPACE/DATASETS/CodecFake/train/F06_SSB03090441.wav,6
/USERSPACE/DATASETS/CodecFake/train/F06_SSB03090048.wav,6
/USERSPACE/DATASETS/CodecFake/train/F06_SSB04340199.wav,6
/USERSPACE/DATASETS/CodecFake/train/F06_SSB04350357.wav,6
/USERSPACE/DATASETS/CodecFake/train/F06_SSB10960347.wav,6
/USERSPACE/DATASETS/CodecFake/train/F06_SSB18780117.wav,6
/USERSPACE/DATASETS/CodecFake/train/F06_SSB03230032.wav,6
/USERSPACE/DATASETS/CodecFake/train/F06_p233_335.wav,6
/USERSPACE/DATASETS/CodecFake/train/F06_p347_198.wav,6
/USERSPACE/DATASETS/CodecFake/train/F06_SSB19020091.wav,6
/USERSPACE/DATASETS/CodecFake/train/F06_SSB00180221.wav,6
/USERSPACE/DATASETS/CodecFake/train/F06_SSB04350042.wav,6
/USERSPACE/DATASETS/CodecFake/train/F06_SSB09350273.wav,6
/USERSPACE/DATASETS/CodecFake/train/F06_SSB08870436.wav,6
/USERSPACE/DATASETS/CodecFake/train/F06_SSB10910272.wav,6
/USERSPACE/DATASETS/CodecFake/train/F06_SSB06710319.wav,6
/USERSPACE/DATASETS/CodecFake/train/F06_SSB11610191.wav,6
/USERSPACE/DATASETS/CodecFake/train/F06_p303_177.wav,6
/USERSPACE/DATASETS/CodecFake/train/F06_SSB06680204.wav,6
/USERSPACE/DATASETS/CodecFake/train/F06_SSB06930387.wav,6
/USERSPACE/DATASETS/CodecFake/train/F06_p253_044.wav,6
/USERSPACE/DATASETS/CodecFake/train/F06_SSB16070120.wav,6
/USERSPACE/DATASETS/CodecFake/train/F06_p273_151.wav,6
/USERSPACE/DATASETS/CodecFake/train/F06_SSB16070378.wav,6
/USERSPACE/DATASETS/CodecFake/train/F06_p281_380.wav,6
/USERSPACE/DATASETS/CodecFake/train/F06_p305_175.wav,6
/USERSPACE/DATASETS/CodecFake/train/F06_SSB07170065.wav,6
/USERSPACE/DATASETS/CodecFake/train/F06_SSB05940200.wav,6
/USERSPACE/DATASETS/CodecFake/train/F06_p285_329.wav,6
/USERSPACE/DATASETS/CodecFake/train/F06_SSB15630248.wav,6
/USERSPACE/DATASETS/CodecFake/train/F06_SSB00570298.wav,6
/USERSPACE/DATASETS/CodecFake/train/F06_SSB12530161.wav,6
/USERSPACE/DATASETS/CodecFake/train/F06_SSB11310266.wav,6
/USERSPACE/DATASETS/CodecFake/train/F06_p278_009.wav,6
/USERSPACE/DATASETS/CodecFake/train/F06_SSB13830331.wav,6
/USERSPACE/DATASETS/CodecFake/train/F06_p292_176.wav,6
/USERSPACE/DATASETS/CodecFake/train/F06_p314_154.wav,6
/USERSPACE/DATASETS/CodecFake/train/F06_SSB05020264.wav,6
/USERSPACE/DATASETS/CodecFake/train/F06_p279_022.wav,6
/USERSPACE/DATASETS/CodecFake/train/F06_p306_204.wav,6
/USERSPACE/DATASETS/CodecFake/train/F06_SSB03950462.wav,6
/USERSPACE/DATASETS/CodecFake/train/F06_SSB06060262.wav,6
/USERSPACE/DATASETS/CodecFake/train/F06_SSB13400208.wav,6
/USERSPACE/DATASETS/CodecFake/train/F06_SSB14080473.wav,6
/USERSPACE/DATASETS/CodecFake/train/F06_SSB18320022.wav,6
/USERSPACE/DATASETS/CodecFake/train/F06_SSB15850327.wav,6
/USERSPACE/DATASETS/CodecFake/train/F06_SSB08710299.wav,6
/USERSPACE/DATASETS/CodecFake/train/F06_p245_085.wav,6
/USERSPACE/DATASETS/CodecFake/train/F06_SSB15850255.wav,6
/USERSPACE/DATASETS/CodecFake/train/F06_p275_246.wav,6
/USERSPACE/DATASETS/CodecFake/train/F06_SSB05880244.wav,6
/USERSPACE/DATASETS/CodecFake/train/F06_SSB10960351.wav,6
/USERSPACE/DATASETS/CodecFake/train/F06_SSB07600255.wav,6
/USERSPACE/DATASETS/CodecFake/train/F06_p287_161.wav,6
/USERSPACE/DATASETS/CodecFake/train/F06_SSB10550293.wav,6
/USERSPACE/DATASETS/CodecFake/train/F06_SSB13650315.wav,6
/USERSPACE/DATASETS/CodecFake/train/F06_p336_199.wav,6
/USERSPACE/DATASETS/CodecFake/train/F06_SSB13820162.wav,6
/USERSPACE/DATASETS/CodecFake/train/F06_SSB00570226.wav,6
/USERSPACE/DATASETS/CodecFake/train/F06_SSB07170034.wav,6
/USERSPACE/DATASETS/CodecFake/train/F06_SSB07580103.wav,6
/USERSPACE/DATASETS/CodecFake/train/F06_SSB03420363.wav,6
/USERSPACE/DATASETS/CodecFake/train/F06_SSB11150181.wav,6
/USERSPACE/DATASETS/CodecFake/train/F06_SSB07600409.wav,6
/USERSPACE/DATASETS/CodecFake/train/F06_SSB07100132.wav,6
/USERSPACE/DATASETS/CodecFake/train/F06_SSB07020491.wav,6
/USERSPACE/DATASETS/CodecFake/train/F06_SSB06230226.wav,6
/USERSPACE/DATASETS/CodecFake/train/F06_SSB09870085.wav,6
/USERSPACE/DATASETS/CodecFake/train/F06_SSB03390145.wav,6
/USERSPACE/DATASETS/CodecFake/train/F06_SSB06320405.wav,6
/USERSPACE/DATASETS/CodecFake/train/F06_SSB02880339.wav,6
/USERSPACE/DATASETS/CodecFake/train/F06_SSB10720139.wav,6
/USERSPACE/DATASETS/CodecFake/train/F06_p282_236.wav,6
/USERSPACE/DATASETS/CodecFake/train/F06_SSB12210243.wav,6
/USERSPACE/DATASETS/CodecFake/train/F06_SSB19180119.wav,6
/USERSPACE/DATASETS/CodecFake/train/F06_p361_397.wav,6
/USERSPACE/DATASETS/CodecFake/train/F06_p323_154.wav,6
/USERSPACE/DATASETS/CodecFake/train/F06_SSB02410274.wav,6
/USERSPACE/DATASETS/CodecFake/train/F06_p299_347.wav,6
/USERSPACE/DATASETS/CodecFake/train/F06_p245_156.wav,6
/USERSPACE/DATASETS/CodecFake/train/F06_p339_283.wav,6
/USERSPACE/DATASETS/CodecFake/train/F06_p335_379.wav,6
/USERSPACE/DATASETS/CodecFake/train/F06_SSB19180043.wav,6
/USERSPACE/DATASETS/CodecFake/train/F06_p330_061.wav,6
/USERSPACE/DATASETS/CodecFake/train/F06_p282_364.wav,6
/USERSPACE/DATASETS/CodecFake/train/F06_SSB15670437.wav,6
/USERSPACE/DATASETS/CodecFake/train/F06_p308_185.wav,6
/USERSPACE/DATASETS/CodecFake/train/F06_p361_258.wav,6
/USERSPACE/DATASETS/CodecFake/train/F06_SSB03380290.wav,6
/USERSPACE/DATASETS/CodecFake/train/F06_SSB05990013.wav,6
/USERSPACE/DATASETS/CodecFake/train/F06_SSB19020424.wav,6
/USERSPACE/DATASETS/CodecFake/train/F06_SSB07100479.wav,6
/USERSPACE/DATASETS/CodecFake/train/F06_p323_225.wav,6
/USERSPACE/DATASETS/CodecFake/train/F06_SSB02730323.wav,6
/USERSPACE/DATASETS/CodecFake/train/F06_p274_071.wav,6
/USERSPACE/DATASETS/CodecFake/train/F06_SSB06710174.wav,6
/USERSPACE/DATASETS/CodecFake/train/F06_SSB07230484.wav,6
/USERSPACE/DATASETS/CodecFake/train/F06_SSB01970094.wav,6
/USERSPACE/DATASETS/CodecFake/train/F06_SSB10910018.wav,6
/USERSPACE/DATASETS/CodecFake/train/F06_SSB09870006.wav,6
/USERSPACE/DATASETS/CodecFake/train/F06_SSB03660157.wav,6
/USERSPACE/DATASETS/CodecFake/train/F06_SSB16250383.wav,6
/USERSPACE/DATASETS/CodecFake/train/F06_SSB07600310.wav,6
/USERSPACE/DATASETS/CodecFake/train/F06_SSB17450403.wav,6
/USERSPACE/DATASETS/CodecFake/train/F06_SSB04820175.wav,6
/USERSPACE/DATASETS/CodecFake/train/F06_p292_188.wav,6
/USERSPACE/DATASETS/CodecFake/train/F06_SSB02670093.wav,6
/USERSPACE/DATASETS/CodecFake/train/F06_SSB00110467.wav,6
/USERSPACE/DATASETS/CodecFake/train/F06_SSB16300396.wav,6
/USERSPACE/DATASETS/CodecFake/train/F06_SSB13220463.wav,6
/USERSPACE/DATASETS/CodecFake/train/F06_SSB05990331.wav,6
/USERSPACE/DATASETS/CodecFake/train/F06_p329_086.wav,6
/USERSPACE/DATASETS/CodecFake/train/F06_p294_416.wav,6
/USERSPACE/DATASETS/CodecFake/train/F06_SSB09350223.wav,6
/USERSPACE/DATASETS/CodecFake/train/F06_SSB01490064.wav,6
/USERSPACE/DATASETS/CodecFake/train/F06_SSB07160035.wav,6
/USERSPACE/DATASETS/CodecFake/train/F06_SSB03660134.wav,6
/USERSPACE/DATASETS/CodecFake/train/F06_SSB09130139.wav,6
/USERSPACE/DATASETS/CodecFake/train/F06_p329_219.wav,6
/USERSPACE/DATASETS/CodecFake/train/F06_p228_053.wav,6
/USERSPACE/DATASETS/CodecFake/train/F06_p256_144.wav,6
/USERSPACE/DATASETS/CodecFake/train/F06_SSB04270020.wav,6
/USERSPACE/DATASETS/CodecFake/train/F06_p267_150.wav,6
/USERSPACE/DATASETS/CodecFake/train/F06_SSB00180134.wav,6
/USERSPACE/DATASETS/CodecFake/train/F06_SSB19350329.wav,6
/USERSPACE/DATASETS/CodecFake/train/F06_SSB03380353.wav,6
/USERSPACE/DATASETS/CodecFake/train/F06_p345_003.wav,6
/USERSPACE/DATASETS/CodecFake/train/F06_p284_217.wav,6
/USERSPACE/DATASETS/CodecFake/train/F06_p323_405.wav,6
/USERSPACE/DATASETS/CodecFake/train/F06_p347_420.wav,6
/USERSPACE/DATASETS/CodecFake/train/F06_SSB07480317.wav,6
/USERSPACE/DATASETS/CodecFake/train/F06_p363_146.wav,6
/USERSPACE/DATASETS/CodecFake/train/F06_p361_029.wav,6
/USERSPACE/DATASETS/CodecFake/train/F06_p302_070.wav,6
/USERSPACE/DATASETS/CodecFake/train/F06_p236_226.wav,6
/USERSPACE/DATASETS/CodecFake/train/F06_p307_107.wav,6
/USERSPACE/DATASETS/CodecFake/train/F06_SSB00380305.wav,6
/USERSPACE/DATASETS/CodecFake/train/F06_SSB14370475.wav,6
/USERSPACE/DATASETS/CodecFake/train/F06_SSB07460417.wav,6
/USERSPACE/DATASETS/CodecFake/train/F06_SSB18780368.wav,6
/USERSPACE/DATASETS/CodecFake/train/F06_SSB05780065.wav,6
/USERSPACE/DATASETS/CodecFake/train/F06_p316_391.wav,6
/USERSPACE/DATASETS/CodecFake/train/F06_p330_338.wav,6
/USERSPACE/DATASETS/CodecFake/train/F06_SSB18280242.wav,6
/USERSPACE/DATASETS/CodecFake/train/F06_p286_008.wav,6
/USERSPACE/DATASETS/CodecFake/train/F06_p287_283.wav,6
/USERSPACE/DATASETS/CodecFake/train/F06_SSB12530460.wav,6
/USERSPACE/DATASETS/CodecFake/train/F06_SSB02460438.wav,6
/USERSPACE/DATASETS/CodecFake/train/F06_SSB00380060.wav,6
/USERSPACE/DATASETS/CodecFake/train/F06_SSB14370188.wav,6
/USERSPACE/DATASETS/CodecFake/train/F06_p273_378.wav,6
/USERSPACE/DATASETS/CodecFake/train/F06_SSB00110104.wav,6
/USERSPACE/DATASETS/CodecFake/train/F06_SSB11610012.wav,6
/USERSPACE/DATASETS/CodecFake/train/F06_SSB12530319.wav,6
/USERSPACE/DATASETS/CodecFake/train/F06_SSB07170095.wav,6
/USERSPACE/DATASETS/CodecFake/train/F06_SSB11100001.wav,6
/USERSPACE/DATASETS/CodecFake/train/F06_SSB17280189.wav,6
/USERSPACE/DATASETS/CodecFake/train/F06_p229_024.wav,6
/USERSPACE/DATASETS/CodecFake/train/F06_SSB04350289.wav,6
/USERSPACE/DATASETS/CodecFake/train/F06_SSB05350179.wav,6
/USERSPACE/DATASETS/CodecFake/train/F06_SSB07940099.wav,6
/USERSPACE/DATASETS/CodecFake/train/F06_p329_013.wav,6
/USERSPACE/DATASETS/CodecFake/train/F06_p345_294.wav,6
/USERSPACE/DATASETS/CodecFake/train/F06_p281_081.wav,6
/USERSPACE/DATASETS/CodecFake/train/F06_SSB15850073.wav,6
/USERSPACE/DATASETS/CodecFake/train/F06_SSB02990411.wav,6
/USERSPACE/DATASETS/CodecFake/train/F06_p239_087.wav,6
/USERSPACE/DATASETS/CodecFake/train/F06_SSB17450119.wav,6
/USERSPACE/DATASETS/CodecFake/train/F06_SSB18780268.wav,6
/USERSPACE/DATASETS/CodecFake/train/F06_SSB00430390.wav,6
/USERSPACE/DATASETS/CodecFake/train/F06_SSB07200472.wav,6
/USERSPACE/DATASETS/CodecFake/train/F06_SSB00380112.wav,6
/USERSPACE/DATASETS/CodecFake/train/F06_p259_400.wav,6
/USERSPACE/DATASETS/CodecFake/train/F06_p264_243.wav,6
/USERSPACE/DATASETS/CodecFake/train/F06_SSB03420152.wav,6
/USERSPACE/DATASETS/CodecFake/train/F06_p236_083.wav,6
/USERSPACE/DATASETS/CodecFake/train/F06_SSB07160245.wav,6
/USERSPACE/DATASETS/CodecFake/train/F06_p333_367.wav,6
/USERSPACE/DATASETS/CodecFake/train/F06_SSB01450269.wav,6
/USERSPACE/DATASETS/CodecFake/train/F06_p261_444.wav,6
/USERSPACE/DATASETS/CodecFake/train/F06_p272_231.wav,6
/USERSPACE/DATASETS/CodecFake/train/F06_p304_290.wav,6
/USERSPACE/DATASETS/CodecFake/train/F06_SSB09930120.wav,6
/USERSPACE/DATASETS/CodecFake/train/F06_SSB04350148.wav,6
/USERSPACE/DATASETS/CodecFake/train/F06_SSB19180323.wav,6
/USERSPACE/DATASETS/CodecFake/train/F06_p276_062.wav,6
/USERSPACE/DATASETS/CodecFake/train/F06_SSB00090425.wav,6
/USERSPACE/DATASETS/CodecFake/train/F06_SSB03420262.wav,6
/USERSPACE/DATASETS/CodecFake/train/F06_SSB06230422.wav,6
/USERSPACE/DATASETS/CodecFake/train/F06_SSB01930285.wav,6
/USERSPACE/DATASETS/CodecFake/train/F06_p298_215.wav,6
/USERSPACE/DATASETS/CodecFake/train/F06_p245_148.wav,6
/USERSPACE/DATASETS/CodecFake/train/F06_SSB12030204.wav,6
/USERSPACE/DATASETS/CodecFake/train/F06_p284_073.wav,6
/USERSPACE/DATASETS/CodecFake/train/F06_SSB09660035.wav,6
/USERSPACE/DATASETS/CodecFake/train/F06_p326_146.wav,6
/USERSPACE/DATASETS/CodecFake/train/F06_SSB02880012.wav,6
/USERSPACE/DATASETS/CodecFake/train/F06_SSB06320376.wav,6
/USERSPACE/DATASETS/CodecFake/train/F06_p292_284.wav,6
/USERSPACE/DATASETS/CodecFake/train/F06_SSB16500455.wav,6
/USERSPACE/DATASETS/CodecFake/train/F06_SSB03750142.wav,6
/USERSPACE/DATASETS/CodecFake/train/F06_SSB15930235.wav,6
/USERSPACE/DATASETS/CodecFake/train/F06_SSB16500194.wav,6
/USERSPACE/DATASETS/CodecFake/train/F06_SSB13990298.wav,6
/USERSPACE/DATASETS/CodecFake/train/F06_SSB09350263.wav,6
/USERSPACE/DATASETS/CodecFake/train/F06_SSB07230197.wav,6
/USERSPACE/DATASETS/CodecFake/train/F06_SSB07200309.wav,6
/USERSPACE/DATASETS/CodecFake/train/F06_p287_111.wav,6
/USERSPACE/DATASETS/CodecFake/train/F06_SSB06680398.wav,6
/USERSPACE/DATASETS/CodecFake/train/F06_p267_373.wav,6
/USERSPACE/DATASETS/CodecFake/train/F06_SSB00050118.wav,6
/USERSPACE/DATASETS/CodecFake/train/F06_SSB06230245.wav,6
/USERSPACE/DATASETS/CodecFake/train/F06_SSB01220245.wav,6
/USERSPACE/DATASETS/CodecFake/train/F06_p259_220.wav,6
/USERSPACE/DATASETS/CodecFake/train/F06_SSB18910264.wav,6
/USERSPACE/DATASETS/CodecFake/train/F06_p260_016.wav,6
/USERSPACE/DATASETS/CodecFake/train/F06_SSB16990240.wav,6
/USERSPACE/DATASETS/CodecFake/train/F06_SSB06030284.wav,6
/USERSPACE/DATASETS/CodecFake/train/F06_SSB00380098.wav,6
/USERSPACE/DATASETS/CodecFake/train/F06_SSB07100458.wav,6
/USERSPACE/DATASETS/CodecFake/train/F06_SSB05440179.wav,6
/USERSPACE/DATASETS/CodecFake/train/F06_SSB07000236.wav,6
/USERSPACE/DATASETS/CodecFake/train/F06_SSB02410425.wav,6
/USERSPACE/DATASETS/CodecFake/train/F06_SSB12160058.wav,6
/USERSPACE/DATASETS/CodecFake/train/F06_SSB11250421.wav,6
/USERSPACE/DATASETS/CodecFake/train/F06_SSB13280351.wav,6
/USERSPACE/DATASETS/CodecFake/train/F06_SSB10020127.wav,6
/USERSPACE/DATASETS/CodecFake/train/F06_SSB06310233.wav,6
/USERSPACE/DATASETS/CodecFake/train/F06_p326_367.wav,6
/USERSPACE/DATASETS/CodecFake/train/F06_p269_309.wav,6
/USERSPACE/DATASETS/CodecFake/train/F06_SSB03380369.wav,6
/USERSPACE/DATASETS/CodecFake/train/F06_SSB11150275.wav,6
/USERSPACE/DATASETS/CodecFake/train/F06_p261_371.wav,6
/USERSPACE/DATASETS/CodecFake/train/F06_SSB00330356.wav,6
/USERSPACE/DATASETS/CodecFake/train/F06_SSB18370364.wav,6
/USERSPACE/DATASETS/CodecFake/train/F06_SSB19350325.wav,6
/USERSPACE/DATASETS/CodecFake/train/F06_p286_205.wav,6
/USERSPACE/DATASETS/CodecFake/train/F06_p360_405.wav,6
/USERSPACE/DATASETS/CodecFake/train/F06_SSB04820368.wav,6
/USERSPACE/DATASETS/CodecFake/train/F06_SSB03410101.wav,6
/USERSPACE/DATASETS/CodecFake/train/F06_p260_339.wav,6
/USERSPACE/DATASETS/CodecFake/train/F06_SSB10020132.wav,6
/USERSPACE/DATASETS/CodecFake/train/F06_SSB02000042.wav,6
/USERSPACE/DATASETS/CodecFake/train/F06_SSB17110469.wav,6
/USERSPACE/DATASETS/CodecFake/train/F06_p311_362.wav,6
/USERSPACE/DATASETS/CodecFake/train/F06_SSB06930146.wav,6
/USERSPACE/DATASETS/CodecFake/train/F06_SSB12150465.wav,6
/USERSPACE/DATASETS/CodecFake/train/F06_p334_225.wav,6
/USERSPACE/DATASETS/CodecFake/train/F06_SSB01390243.wav,6
/USERSPACE/DATASETS/CodecFake/train/F06_SSB11760406.wav,6
/USERSPACE/DATASETS/CodecFake/train/F06_p227_096.wav,6
/USERSPACE/DATASETS/CodecFake/train/F06_SSB06710022.wav,6
/USERSPACE/DATASETS/CodecFake/train/F06_SSB14020036.wav,6
/USERSPACE/DATASETS/CodecFake/train/F06_SSB02730391.wav,6
/USERSPACE/DATASETS/CodecFake/train/F06_SSB03790493.wav,6
/USERSPACE/DATASETS/CodecFake/train/F06_p258_411.wav,6
/USERSPACE/DATASETS/CodecFake/train/F06_p362_391.wav,6
/USERSPACE/DATASETS/CodecFake/train/F06_SSB04260075.wav,6
/USERSPACE/DATASETS/CodecFake/train/F06_SSB09190233.wav,6
/USERSPACE/DATASETS/CodecFake/train/F06_SSB07110065.wav,6
/USERSPACE/DATASETS/CodecFake/train/F06_SSB05700021.wav,6
/USERSPACE/DATASETS/CodecFake/train/F06_p341_129.wav,6
/USERSPACE/DATASETS/CodecFake/train/F06_SSB07800266.wav,6
/USERSPACE/DATASETS/CodecFake/train/F06_p250_239.wav,6
/USERSPACE/DATASETS/CodecFake/train/F06_SSB06310119.wav,6
/USERSPACE/DATASETS/CodecFake/train/F06_SSB18720147.wav,6
/USERSPACE/DATASETS/CodecFake/train/F06_SSB10200031.wav,6
/USERSPACE/DATASETS/CodecFake/train/F06_SSB04070362.wav,6
/USERSPACE/DATASETS/CodecFake/train/F06_p253_042.wav,6
/USERSPACE/DATASETS/CodecFake/train/F06_SSB04700082.wav,6
/USERSPACE/DATASETS/CodecFake/train/F06_SSB02670413.wav,6
/USERSPACE/DATASETS/CodecFake/train/F06_SSB06860234.wav,6
/USERSPACE/DATASETS/CodecFake/train/F06_SSB16250253.wav,6
/USERSPACE/DATASETS/CodecFake/train/F06_SSB00730008.wav,6
/USERSPACE/DATASETS/CodecFake/train/F06_p274_421.wav,6
/USERSPACE/DATASETS/CodecFake/train/F06_SSB17110187.wav,6
/USERSPACE/DATASETS/CodecFake/train/F06_SSB05020434.wav,6
/USERSPACE/DATASETS/CodecFake/train/F06_SSB10560025.wav,6
/USERSPACE/DATASETS/CodecFake/train/F06_SSB16300142.wav,6
/USERSPACE/DATASETS/CodecFake/train/F06_SSB05340381.wav,6
/USERSPACE/DATASETS/CodecFake/train/F06_p253_407.wav,6
/USERSPACE/DATASETS/CodecFake/train/F06_SSB07780246.wav,6
/USERSPACE/DATASETS/CodecFake/train/F06_SSB01120295.wav,6
/USERSPACE/DATASETS/CodecFake/train/F06_SSB03380035.wav,6
/USERSPACE/DATASETS/CodecFake/train/F06_p275_407.wav,6
/USERSPACE/DATASETS/CodecFake/train/F06_p351_020.wav,6
/USERSPACE/DATASETS/CodecFake/train/F06_SSB16070249.wav,6
/USERSPACE/DATASETS/CodecFake/train/F06_SSB12180387.wav,6
/USERSPACE/DATASETS/CodecFake/train/F06_SSB05900233.wav,6
/USERSPACE/DATASETS/CodecFake/train/F06_SSB06710240.wav,6
/USERSPACE/DATASETS/CodecFake/train/F06_p310_010.wav,6
/USERSPACE/DATASETS/CodecFake/train/F06_SSB16500265.wav,6
/USERSPACE/DATASETS/CodecFake/train/F06_SSB06010278.wav,6
/USERSPACE/DATASETS/CodecFake/train/F06_SSB03930091.wav,6
/USERSPACE/DATASETS/CodecFake/train/F06_SSB00730135.wav,6
/USERSPACE/DATASETS/CodecFake/train/F06_SSB03150164.wav,6
/USERSPACE/DATASETS/CodecFake/train/F06_SSB00120356.wav,6
/USERSPACE/DATASETS/CodecFake/train/F06_SSB03750028.wav,6
/USERSPACE/DATASETS/CodecFake/train/F06_p253_218.wav,6
/USERSPACE/DATASETS/CodecFake/train/F06_SSB11250115.wav,6
/USERSPACE/DATASETS/CodecFake/train/F06_SSB03820180.wav,6
/USERSPACE/DATASETS/CodecFake/train/F06_SSB06140180.wav,6
/USERSPACE/DATASETS/CodecFake/train/F06_SSB15850060.wav,6
/USERSPACE/DATASETS/CodecFake/train/F06_p313_102.wav,6
/USERSPACE/DATASETS/CodecFake/train/F06_SSB02410049.wav,6
/USERSPACE/DATASETS/CodecFake/train/F06_SSB07840125.wav,6
/USERSPACE/DATASETS/CodecFake/train/F06_SSB05020217.wav,6
/USERSPACE/DATASETS/CodecFake/train/F06_SSB05940245.wav,6
/USERSPACE/DATASETS/CodecFake/train/F06_SSB11870021.wav,6
/USERSPACE/DATASETS/CodecFake/train/F06_SSB15930294.wav,6
/USERSPACE/DATASETS/CodecFake/train/F06_SSB07800430.wav,6
/USERSPACE/DATASETS/CodecFake/train/F06_SSB02460221.wav,6
/USERSPACE/DATASETS/CodecFake/train/F06_SSB05390256.wav,6
/USERSPACE/DATASETS/CodecFake/train/F06_p272_013.wav,6
/USERSPACE/DATASETS/CodecFake/train/F06_SSB03390155.wav,6
/USERSPACE/DATASETS/CodecFake/train/F06_p247_228.wav,6
/USERSPACE/DATASETS/CodecFake/train/F06_SSB08220323.wav,6
/USERSPACE/DATASETS/CodecFake/train/F06_p297_140.wav,6
/USERSPACE/DATASETS/CodecFake/train/F06_SSB13200039.wav,6
/USERSPACE/DATASETS/CodecFake/train/F06_SSB18780077.wav,6
/USERSPACE/DATASETS/CodecFake/train/F06_SSB03950479.wav,6
/USERSPACE/DATASETS/CodecFake/train/F06_p264_130.wav,6
/USERSPACE/DATASETS/CodecFake/train/F06_SSB16500052.wav,6
/USERSPACE/DATASETS/CodecFake/train/F06_p272_403.wav,6
/USERSPACE/DATASETS/CodecFake/train/F06_p277_231.wav,6
/USERSPACE/DATASETS/CodecFake/train/F06_SSB13920045.wav,6
/USERSPACE/DATASETS/CodecFake/train/F06_p251_351.wav,6
/USERSPACE/DATASETS/CodecFake/train/F06_SSB08710304.wav,6
/USERSPACE/DATASETS/CodecFake/train/F06_p254_206.wav,6
/USERSPACE/DATASETS/CodecFake/train/F06_p271_142.wav,6
/USERSPACE/DATASETS/CodecFake/train/F06_SSB16250491.wav,6
/USERSPACE/DATASETS/CodecFake/train/F06_SSB06320334.wav,6
/USERSPACE/DATASETS/CodecFake/train/F06_SSB16240188.wav,6
/USERSPACE/DATASETS/CodecFake/train/F06_SSB16700078.wav,6
/USERSPACE/DATASETS/CodecFake/train/F06_p229_086.wav,6
/USERSPACE/DATASETS/CodecFake/train/F06_SSB13990464.wav,6
/USERSPACE/DATASETS/CodecFake/train/F06_SSB07200208.wav,6
/USERSPACE/DATASETS/CodecFake/train/F06_p278_137.wav,6
/USERSPACE/DATASETS/CodecFake/train/F06_SSB03930454.wav,6
/USERSPACE/DATASETS/CodecFake/train/F06_SSB05340371.wav,6
/USERSPACE/DATASETS/CodecFake/train/F06_p274_152.wav,6
/USERSPACE/DATASETS/CodecFake/train/F06_SSB03150382.wav,6
/USERSPACE/DATASETS/CodecFake/train/F06_SSB07600404.wav,6
/USERSPACE/DATASETS/CodecFake/train/F06_p264_434.wav,6
/USERSPACE/DATASETS/CodecFake/train/F06_SSB07460296.wav,6
/USERSPACE/DATASETS/CodecFake/train/F06_SSB04340356.wav,6
/USERSPACE/DATASETS/CodecFake/train/F06_SSB13280243.wav,6
/USERSPACE/DATASETS/CodecFake/train/F06_SSB07020004.wav,6
/USERSPACE/DATASETS/CodecFake/train/F06_SSB01390200.wav,6
/USERSPACE/DATASETS/CodecFake/train/F06_SSB13410203.wav,6
/USERSPACE/DATASETS/CodecFake/train/F06_SSB15850346.wav,6
/USERSPACE/DATASETS/CodecFake/train/F06_SSB02610217.wav,6
/USERSPACE/DATASETS/CodecFake/train/F06_SSB07100262.wav,6
/USERSPACE/DATASETS/CodecFake/train/F06_p230_176.wav,6
/USERSPACE/DATASETS/CodecFake/train/F06_p361_008.wav,6
/USERSPACE/DATASETS/CodecFake/train/F06_SSB05780110.wav,6
/USERSPACE/DATASETS/CodecFake/train/F06_p314_101.wav,6
/USERSPACE/DATASETS/CodecFake/train/F06_p241_174.wav,6
/USERSPACE/DATASETS/CodecFake/train/F06_p311_264.wav,6
/USERSPACE/DATASETS/CodecFake/train/F06_p250_130.wav,6
/USERSPACE/DATASETS/CodecFake/train/F06_p231_293.wav,6
/USERSPACE/DATASETS/CodecFake/train/F06_SSB06140115.wav,6
/USERSPACE/DATASETS/CodecFake/train/F06_SSB07840023.wav,6
/USERSPACE/DATASETS/CodecFake/train/F06_SSB13650141.wav,6
/USERSPACE/DATASETS/CodecFake/train/F06_p268_095.wav,6
/USERSPACE/DATASETS/CodecFake/train/F06_p336_287.wav,6
/USERSPACE/DATASETS/CodecFake/train/F06_p286_317.wav,6
/USERSPACE/DATASETS/CodecFake/train/F06_SSB09130267.wav,6
/USERSPACE/DATASETS/CodecFake/train/F06_p236_122.wav,6
/USERSPACE/DATASETS/CodecFake/train/F06_SSB13280219.wav,6
/USERSPACE/DATASETS/CodecFake/train/F06_p268_101.wav,6
/USERSPACE/DATASETS/CodecFake/train/F06_p307_295.wav,6
/USERSPACE/DATASETS/CodecFake/train/F06_SSB01220188.wav,6
/USERSPACE/DATASETS/CodecFake/train/F06_SSB18090383.wav,6
/USERSPACE/DATASETS/CodecFake/train/F06_p333_072.wav,6
/USERSPACE/DATASETS/CodecFake/train/F06_SSB07580346.wav,6
/USERSPACE/DATASETS/CodecFake/train/F06_SSB03940472.wav,6
/USERSPACE/DATASETS/CodecFake/train/F06_SSB00120443.wav,6
/USERSPACE/DATASETS/CodecFake/train/F06_p288_194.wav,6
/USERSPACE/DATASETS/CodecFake/train/F06_SSB04270386.wav,6
/USERSPACE/DATASETS/CodecFake/train/F06_SSB03930222.wav,6
/USERSPACE/DATASETS/CodecFake/train/F06_SSB06310258.wav,6
/USERSPACE/DATASETS/CodecFake/train/F06_SSB11610388.wav,6
/USERSPACE/DATASETS/CodecFake/train/F06_p237_093.wav,6
/USERSPACE/DATASETS/CodecFake/train/F06_SSB11100409.wav,6
/USERSPACE/DATASETS/CodecFake/train/F06_SSB15630021.wav,6
/USERSPACE/DATASETS/CodecFake/train/F06_SSB00050134.wav,6
/USERSPACE/DATASETS/CodecFake/train/F06_SSB07580146.wav,6
/USERSPACE/DATASETS/CodecFake/train/F06_SSB06930005.wav,6
/USERSPACE/DATASETS/CodecFake/train/F06_SSB00570325.wav,6
/USERSPACE/DATASETS/CodecFake/train/F06_SSB07000342.wav,6
/USERSPACE/DATASETS/CodecFake/train/F06_SSB15670155.wav,6
/USERSPACE/DATASETS/CodecFake/train/F06_p347_148.wav,6
/USERSPACE/DATASETS/CodecFake/train/F06_SSB03850116.wav,6
/USERSPACE/DATASETS/CodecFake/train/F06_p297_407.wav,6
/USERSPACE/DATASETS/CodecFake/train/F06_SSB03090452.wav,6
/USERSPACE/DATASETS/CodecFake/train/F06_p243_142.wav,6
/USERSPACE/DATASETS/CodecFake/train/F06_SSB03660143.wav,6
/USERSPACE/DATASETS/CodecFake/train/F06_SSB15850180.wav,6
/USERSPACE/DATASETS/CodecFake/train/F06_p240_045.wav,6
/USERSPACE/DATASETS/CodecFake/train/F06_SSB07370165.wav,6
/USERSPACE/DATASETS/CodecFake/train/F06_p341_117.wav,6
/USERSPACE/DATASETS/CodecFake/train/F06_p253_043.wav,6
/USERSPACE/DATASETS/CodecFake/train/F06_SSB15930385.wav,6
/USERSPACE/DATASETS/CodecFake/train/F06_SSB02000036.wav,6
/USERSPACE/DATASETS/CodecFake/train/F06_p339_338.wav,6
/USERSPACE/DATASETS/CodecFake/train/F06_SSB04270427.wav,6
/USERSPACE/DATASETS/CodecFake/train/F06_SSB14480316.wav,6
/USERSPACE/DATASETS/CodecFake/train/F06_SSB00120280.wav,6
/USERSPACE/DATASETS/CodecFake/train/F06_SSB05900253.wav,6
/USERSPACE/DATASETS/CodecFake/train/F06_SSB18630217.wav,6
/USERSPACE/DATASETS/CodecFake/train/F06_SSB07840047.wav,6
/USERSPACE/DATASETS/CodecFake/train/F06_p248_206.wav,6
/USERSPACE/DATASETS/CodecFake/train/F06_p258_128.wav,6
/USERSPACE/DATASETS/CodecFake/train/F06_SSB09150421.wav,6
/USERSPACE/DATASETS/CodecFake/train/F06_SSB00800197.wav,6
/USERSPACE/DATASETS/CodecFake/train/F06_p363_359.wav,6
/USERSPACE/DATASETS/CodecFake/train/F06_SSB07860452.wav,6
/USERSPACE/DATASETS/CodecFake/train/F06_SSB03410397.wav,6
/USERSPACE/DATASETS/CodecFake/train/F06_p280_370.wav,6
/USERSPACE/DATASETS/CodecFake/train/F06_SSB11870233.wav,6
/USERSPACE/DATASETS/CodecFake/train/F06_SSB18090242.wav,6
/USERSPACE/DATASETS/CodecFake/train/F06_p336_192.wav,6
/USERSPACE/DATASETS/CodecFake/train/F06_SSB08220265.wav,6
/USERSPACE/DATASETS/CodecFake/train/F06_p269_164.wav,6
/USERSPACE/DATASETS/CodecFake/train/F06_p244_089.wav,6
/USERSPACE/DATASETS/CodecFake/train/F06_SSB10640018.wav,6
/USERSPACE/DATASETS/CodecFake/train/F06_p360_107.wav,6
/USERSPACE/DATASETS/CodecFake/train/F06_SSB18090272.wav,6
/USERSPACE/DATASETS/CodecFake/train/F06_SSB13280488.wav,6
/USERSPACE/DATASETS/CodecFake/train/F06_SSB08170474.wav,6
/USERSPACE/DATASETS/CodecFake/train/F06_SSB09130007.wav,6
/USERSPACE/DATASETS/CodecFake/train/F06_SSB05940058.wav,6
/USERSPACE/DATASETS/CodecFake/train/F06_SSB04340094.wav,6
/USERSPACE/DATASETS/CodecFake/train/F06_p273_148.wav,6
/USERSPACE/DATASETS/CodecFake/train/F06_SSB18910417.wav,6
/USERSPACE/DATASETS/CodecFake/train/F06_p268_117.wav,6
/USERSPACE/DATASETS/CodecFake/train/F06_SSB01490251.wav,6
/USERSPACE/DATASETS/CodecFake/train/F06_SSB11250469.wav,6
/USERSPACE/DATASETS/CodecFake/train/F06_SSB13020412.wav,6
/USERSPACE/DATASETS/CodecFake/train/F06_SSB03750310.wav,6
/USERSPACE/DATASETS/CodecFake/train/F06_SSB18720462.wav,6
/USERSPACE/DATASETS/CodecFake/train/F06_SSB04270348.wav,6
/USERSPACE/DATASETS/CodecFake/train/F06_SSB13650408.wav,6
/USERSPACE/DATASETS/CodecFake/train/F06_p330_252.wav,6
/USERSPACE/DATASETS/CodecFake/train/F06_p272_033.wav,6
/USERSPACE/DATASETS/CodecFake/train/F06_p227_378.wav,6
/USERSPACE/DATASETS/CodecFake/train/F06_SSB12390269.wav,6
/USERSPACE/DATASETS/CodecFake/train/F06_SSB09870214.wav,6
/USERSPACE/DATASETS/CodecFake/train/F06_SSB07490236.wav,6
/USERSPACE/DATASETS/CodecFake/train/F06_p232_084.wav,6
/USERSPACE/DATASETS/CodecFake/train/F06_SSB16240492.wav,6
/USERSPACE/DATASETS/CodecFake/train/F06_p299_367.wav,6
/USERSPACE/DATASETS/CodecFake/train/F06_SSB07840089.wav,6
/USERSPACE/DATASETS/CodecFake/train/F06_SSB03070044.wav,6
/USERSPACE/DATASETS/CodecFake/train/F06_SSB07020043.wav,6
/USERSPACE/DATASETS/CodecFake/train/F06_SSB10240174.wav,6
/USERSPACE/DATASETS/CodecFake/train/F06_p275_195.wav,6
/USERSPACE/DATASETS/CodecFake/train/F06_SSB11970093.wav,6
/USERSPACE/DATASETS/CodecFake/train/F06_p253_005.wav,6
/USERSPACE/DATASETS/CodecFake/train/F06_SSB04270246.wav,6
/USERSPACE/DATASETS/CodecFake/train/F06_SSB02610306.wav,6
/USERSPACE/DATASETS/CodecFake/train/F06_p230_411.wav,6
/USERSPACE/DATASETS/CodecFake/train/F06_SSB11350160.wav,6
/USERSPACE/DATASETS/CodecFake/train/F06_p297_240.wav,6
/USERSPACE/DATASETS/CodecFake/train/F06_SSB04340198.wav,6
/USERSPACE/DATASETS/CodecFake/train/F06_p341_244.wav,6
/USERSPACE/DATASETS/CodecFake/train/F06_SSB07020171.wav,6
/USERSPACE/DATASETS/CodecFake/train/F06_p232_386.wav,6
/USERSPACE/DATASETS/CodecFake/train/F06_p258_182.wav,6
/USERSPACE/DATASETS/CodecFake/train/F06_SSB15630373.wav,6
/USERSPACE/DATASETS/CodecFake/train/F06_p316_052.wav,6
/USERSPACE/DATASETS/CodecFake/train/F06_p260_195.wav,6
/USERSPACE/DATASETS/CodecFake/train/F06_SSB10080211.wav,6
/USERSPACE/DATASETS/CodecFake/train/F06_SSB19180402.wav,6
/USERSPACE/DATASETS/CodecFake/train/F06_SSB04340238.wav,6
/USERSPACE/DATASETS/CodecFake/train/F06_p347_331.wav,6
/USERSPACE/DATASETS/CodecFake/train/F06_SSB13400021.wav,6
/USERSPACE/DATASETS/CodecFake/train/F06_p264_077.wav,6
/USERSPACE/DATASETS/CodecFake/train/F06_SSB03150185.wav,6
/USERSPACE/DATASETS/CodecFake/train/F06_p255_133.wav,6
/USERSPACE/DATASETS/CodecFake/train/F06_SSB11250272.wav,6
/USERSPACE/DATASETS/CodecFake/train/F06_SSB04350304.wav,6
/USERSPACE/DATASETS/CodecFake/train/F06_p339_379.wav,6
/USERSPACE/DATASETS/CodecFake/train/F06_SSB07840502.wav,6
/USERSPACE/DATASETS/CodecFake/train/F06_SSB06010495.wav,6
/USERSPACE/DATASETS/CodecFake/train/F06_p240_266.wav,6
/USERSPACE/DATASETS/CodecFake/train/F06_SSB11100264.wav,6
/USERSPACE/DATASETS/CodecFake/train/F06_SSB06320345.wav,6
/USERSPACE/DATASETS/CodecFake/train/F06_SSB13220510.wav,6
/USERSPACE/DATASETS/CodecFake/train/F06_SSB11610452.wav,6
/USERSPACE/DATASETS/CodecFake/train/F06_SSB11870347.wav,6
/USERSPACE/DATASETS/CodecFake/train/F06_SSB02460388.wav,6
/USERSPACE/DATASETS/CodecFake/train/F06_p347_105.wav,6
/USERSPACE/DATASETS/CodecFake/train/F06_SSB09930489.wav,6
/USERSPACE/DATASETS/CodecFake/train/F06_SSB00090513.wav,6
/USERSPACE/DATASETS/CodecFake/train/F06_SSB11150339.wav,6
/USERSPACE/DATASETS/CodecFake/train/F06_SSB03820481.wav,6
/USERSPACE/DATASETS/CodecFake/train/F06_SSB05880038.wav,6
/USERSPACE/DATASETS/CodecFake/train/F06_SSB11760177.wav,6
/USERSPACE/DATASETS/CodecFake/train/F06_p264_240.wav,6
/USERSPACE/DATASETS/CodecFake/train/F06_SSB01120383.wav,6
/USERSPACE/DATASETS/CodecFake/train/F06_p250_095.wav,6
/USERSPACE/DATASETS/CodecFake/train/F06_p326_132.wav,6
/USERSPACE/DATASETS/CodecFake/train/F06_SSB06290225.wav,6
/USERSPACE/DATASETS/CodecFake/train/F06_p333_100.wav,6
/USERSPACE/DATASETS/CodecFake/train/F06_SSB17810155.wav,6
/USERSPACE/DATASETS/CodecFake/train/F06_SSB10000360.wav,6
/USERSPACE/DATASETS/CodecFake/train/F06_p285_272.wav,6
/USERSPACE/DATASETS/CodecFake/train/F06_SSB13220016.wav,6
/USERSPACE/DATASETS/CodecFake/train/F06_p311_011.wav,6
/USERSPACE/DATASETS/CodecFake/train/F06_SSB03820433.wav,6
/USERSPACE/DATASETS/CodecFake/train/F06_SSB06660249.wav,6
/USERSPACE/DATASETS/CodecFake/train/F06_SSB00180049.wav,6
/USERSPACE/DATASETS/CodecFake/train/F06_p268_393.wav,6
/USERSPACE/DATASETS/CodecFake/train/F06_p295_206.wav,6
/USERSPACE/DATASETS/CodecFake/train/F06_SSB03150368.wav,6
/USERSPACE/DATASETS/CodecFake/train/F06_SSB03150415.wav,6
/USERSPACE/DATASETS/CodecFake/train/F06_SSB00730316.wav,6
/USERSPACE/DATASETS/CodecFake/train/F06_p257_176.wav,6
/USERSPACE/DATASETS/CodecFake/train/F06_SSB03800333.wav,6
/USERSPACE/DATASETS/CodecFake/train/F06_SSB05900100.wav,6
/USERSPACE/DATASETS/CodecFake/train/F06_p307_403.wav,6
/USERSPACE/DATASETS/CodecFake/train/F06_p360_052.wav,6
/USERSPACE/DATASETS/CodecFake/train/F06_SSB10240176.wav,6
/USERSPACE/DATASETS/CodecFake/train/F06_SSB07370216.wav,6
/USERSPACE/DATASETS/CodecFake/train/F06_SSB11250264.wav,6
/USERSPACE/DATASETS/CodecFake/train/F06_SSB00380039.wav,6
/USERSPACE/DATASETS/CodecFake/train/F06_p277_146.wav,6
/USERSPACE/DATASETS/CodecFake/train/F06_SSB03420282.wav,6
/USERSPACE/DATASETS/CodecFake/train/F06_SSB11610378.wav,6
/USERSPACE/DATASETS/CodecFake/train/F06_SSB18280033.wav,6
/USERSPACE/DATASETS/CodecFake/train/F06_SSB01390460.wav,6
/USERSPACE/DATASETS/CodecFake/train/F06_SSB06860050.wav,6
/USERSPACE/DATASETS/CodecFake/train/F06_SSB05880306.wav,6
/USERSPACE/DATASETS/CodecFake/train/F06_p330_412.wav,6
/USERSPACE/DATASETS/CodecFake/train/F06_p306_241.wav,6
/USERSPACE/DATASETS/CodecFake/train/F06_p297_316.wav,6
/USERSPACE/DATASETS/CodecFake/train/F06_p241_344.wav,6
/USERSPACE/DATASETS/CodecFake/train/F06_p312_311.wav,6
/USERSPACE/DATASETS/CodecFake/train/F06_SSB05340469.wav,6
/USERSPACE/DATASETS/CodecFake/train/F06_SSB18060367.wav,6
/USERSPACE/DATASETS/CodecFake/train/F06_p313_260.wav,6
/USERSPACE/DATASETS/CodecFake/train/F06_p267_367.wav,6
/USERSPACE/DATASETS/CodecFake/train/F06_SSB03790372.wav,6
/USERSPACE/DATASETS/CodecFake/train/F06_p374_304.wav,6
/USERSPACE/DATASETS/CodecFake/train/F06_p281_124.wav,6
/USERSPACE/DATASETS/CodecFake/train/F06_SSB02730343.wav,6
/USERSPACE/DATASETS/CodecFake/train/F06_SSB08220273.wav,6
/USERSPACE/DATASETS/CodecFake/train/F06_p318_394.wav,6
/USERSPACE/DATASETS/CodecFake/train/F06_SSB06010281.wav,6
/USERSPACE/DATASETS/CodecFake/train/F06_SSB07480121.wav,6
/USERSPACE/DATASETS/CodecFake/train/F06_p269_292.wav,6
/USERSPACE/DATASETS/CodecFake/train/F06_SSB04350081.wav,6
/USERSPACE/DATASETS/CodecFake/train/F06_p307_074.wav,6
/USERSPACE/DATASETS/CodecFake/train/F06_SSB06140413.wav,6
/USERSPACE/DATASETS/CodecFake/train/F06_SSB13400360.wav,6
/USERSPACE/DATASETS/CodecFake/train/F06_SSB05020267.wav,6
/USERSPACE/DATASETS/CodecFake/train/F06_p301_185.wav,6
/USERSPACE/DATASETS/CodecFake/train/F06_SSB13770470.wav,6
/USERSPACE/DATASETS/CodecFake/train/F06_SSB03660463.wav,6
/USERSPACE/DATASETS/CodecFake/train/F06_SSB06710458.wav,6
/USERSPACE/DATASETS/CodecFake/train/F06_SSB10720208.wav,6
/USERSPACE/DATASETS/CodecFake/train/F06_p297_330.wav,6
/USERSPACE/DATASETS/CodecFake/train/F06_p276_178.wav,6
/USERSPACE/DATASETS/CodecFake/train/F06_SSB03380139.wav,6
/USERSPACE/DATASETS/CodecFake/train/F06_p258_291.wav,6
/USERSPACE/DATASETS/CodecFake/train/F06_p251_254.wav,6
/USERSPACE/DATASETS/CodecFake/train/F06_SSB12740437.wav,6
/USERSPACE/DATASETS/CodecFake/train/F06_p284_285.wav,6
/USERSPACE/DATASETS/CodecFake/train/F06_SSB16700220.wav,6
/USERSPACE/DATASETS/CodecFake/train/F06_p253_047.wav,6
/USERSPACE/DATASETS/CodecFake/train/F06_p295_273.wav,6
/USERSPACE/DATASETS/CodecFake/train/F06_SSB03230285.wav,6
/USERSPACE/DATASETS/CodecFake/train/F06_SSB04820078.wav,6
/USERSPACE/DATASETS/CodecFake/train/F06_SSB00330439.wav,6
/USERSPACE/DATASETS/CodecFake/train/F06_SSB13830056.wav,6
/USERSPACE/DATASETS/CodecFake/train/F06_SSB02990494.wav,6
/USERSPACE/DATASETS/CodecFake/train/F06_p294_193.wav,6
/USERSPACE/DATASETS/CodecFake/train/F06_p266_030.wav,6
/USERSPACE/DATASETS/CodecFake/train/F06_SSB17280244.wav,6
/USERSPACE/DATASETS/CodecFake/train/F06_p336_350.wav,6
/USERSPACE/DATASETS/CodecFake/train/F06_SSB00120033.wav,6
/USERSPACE/DATASETS/CodecFake/train/F06_p284_118.wav,6
/USERSPACE/DATASETS/CodecFake/train/F06_p313_374.wav,6
/USERSPACE/DATASETS/CodecFake/train/F06_SSB12150017.wav,6
/USERSPACE/DATASETS/CodecFake/train/F06_p363_214.wav,6
/USERSPACE/DATASETS/CodecFake/train/F06_SSB11360259.wav,6
/USERSPACE/DATASETS/CodecFake/train/F06_p243_326.wav,6
/USERSPACE/DATASETS/CodecFake/train/F06_SSB10000357.wav,6
/USERSPACE/DATASETS/CodecFake/train/F06_SSB03660069.wav,6
/USERSPACE/DATASETS/CodecFake/train/F06_p347_092.wav,6
/USERSPACE/DATASETS/CodecFake/train/F06_SSB07800176.wav,6
/USERSPACE/DATASETS/CodecFake/train/F06_SSB06710017.wav,6
/USERSPACE/DATASETS/CodecFake/train/F06_p258_183.wav,6
/USERSPACE/DATASETS/CodecFake/train/F06_SSB03150100.wav,6
/USERSPACE/DATASETS/CodecFake/train/F06_SSB10560196.wav,6
/USERSPACE/DATASETS/CodecFake/train/F06_SSB10910079.wav,6
/USERSPACE/DATASETS/CodecFake/train/F06_SSB03950073.wav,6
/USERSPACE/DATASETS/CodecFake/train/F06_SSB06090421.wav,6
/USERSPACE/DATASETS/CodecFake/train/F06_SSB04270318.wav,6
/USERSPACE/DATASETS/CodecFake/train/F06_SSB07620021.wav,6
/USERSPACE/DATASETS/CodecFake/train/F06_SSB03380147.wav,6
/USERSPACE/DATASETS/CodecFake/train/F06_SSB10000229.wav,6
/USERSPACE/DATASETS/CodecFake/train/F06_SSB03070453.wav,6
/USERSPACE/DATASETS/CodecFake/train/F06_p300_127.wav,6
/USERSPACE/DATASETS/CodecFake/train/F06_SSB07200072.wav,6
/USERSPACE/DATASETS/CodecFake/train/F06_p306_012.wav,6
/USERSPACE/DATASETS/CodecFake/train/F06_SSB02880023.wav,6
/USERSPACE/DATASETS/CodecFake/train/F06_SSB13820492.wav,6
/USERSPACE/DATASETS/CodecFake/train/F06_SSB06680166.wav,6
/USERSPACE/DATASETS/CodecFake/train/F06_SSB11250197.wav,6
/USERSPACE/DATASETS/CodecFake/train/F06_SSB17810439.wav,6
/USERSPACE/DATASETS/CodecFake/train/F06_SSB01490058.wav,6
/USERSPACE/DATASETS/CodecFake/train/F06_p312_032.wav,6
/USERSPACE/DATASETS/CodecFake/train/F06_SSB01330359.wav,6
/USERSPACE/DATASETS/CodecFake/train/F06_SSB04070040.wav,6
/USERSPACE/DATASETS/CodecFake/train/F06_SSB05340282.wav,6
/USERSPACE/DATASETS/CodecFake/train/F06_SSB03230347.wav,6
/USERSPACE/DATASETS/CodecFake/train/F06_SSB13930420.wav,6
/USERSPACE/DATASETS/CodecFake/train/F06_SSB12180093.wav,6
/USERSPACE/DATASETS/CodecFake/train/F06_SSB09870009.wav,6
/USERSPACE/DATASETS/CodecFake/train/F06_SSB18280194.wav,6
/USERSPACE/DATASETS/CodecFake/train/F06_SSB11250169.wav,6
/USERSPACE/DATASETS/CodecFake/train/F06_p234_125.wav,6
/USERSPACE/DATASETS/CodecFake/train/F06_SSB12030453.wav,6
/USERSPACE/DATASETS/CodecFake/train/F06_SSB06090100.wav,6
/USERSPACE/DATASETS/CodecFake/train/F06_p262_194.wav,6
/USERSPACE/DATASETS/CodecFake/train/F06_SSB14570108.wav,6
/USERSPACE/DATASETS/CodecFake/train/F06_SSB05880289.wav,6
/USERSPACE/DATASETS/CodecFake/train/F06_SSB06310115.wav,6
/USERSPACE/DATASETS/CodecFake/train/F06_p308_344.wav,6
/USERSPACE/DATASETS/CodecFake/train/F06_p276_146.wav,6
/USERSPACE/DATASETS/CodecFake/train/F06_SSB05440252.wav,6
/USERSPACE/DATASETS/CodecFake/train/F06_p232_271.wav,6
/USERSPACE/DATASETS/CodecFake/train/F06_SSB18720067.wav,6
/USERSPACE/DATASETS/CodecFake/train/F06_SSB13650125.wav,6
/USERSPACE/DATASETS/CodecFake/train/F06_SSB19020033.wav,6
/USERSPACE/DATASETS/CodecFake/train/F06_p374_198.wav,6
/USERSPACE/DATASETS/CodecFake/train/F06_SSB03150057.wav,6
/USERSPACE/DATASETS/CodecFake/train/F06_p238_306.wav,6
/USERSPACE/DATASETS/CodecFake/train/F06_SSB16860355.wav,6
/USERSPACE/DATASETS/CodecFake/train/F06_SSB16860337.wav,6
/USERSPACE/DATASETS/CodecFake/train/F06_SSB03150209.wav,6
/USERSPACE/DATASETS/CodecFake/train/F06_p287_200.wav,6
/USERSPACE/DATASETS/CodecFake/train/F06_p276_406.wav,6
/USERSPACE/DATASETS/CodecFake/train/F06_SSB00050276.wav,6
/USERSPACE/DATASETS/CodecFake/train/F06_SSB06660111.wav,6
/USERSPACE/DATASETS/CodecFake/train/F06_SSB10500328.wav,6
/USERSPACE/DATASETS/CodecFake/train/F06_SSB03090240.wav,6
/USERSPACE/DATASETS/CodecFake/train/F06_SSB07860432.wav,6
/USERSPACE/DATASETS/CodecFake/train/F06_SSB13770372.wav,6
/USERSPACE/DATASETS/CodecFake/train/F06_SSB03660292.wav,6
/USERSPACE/DATASETS/CodecFake/train/F06_SSB10000041.wav,6
/USERSPACE/DATASETS/CodecFake/train/F06_SSB17450216.wav,6
/USERSPACE/DATASETS/CodecFake/train/F06_p314_067.wav,6
/USERSPACE/DATASETS/CodecFake/train/F06_SSB04350016.wav,6
/USERSPACE/DATASETS/CodecFake/train/F06_p288_260.wav,6
/USERSPACE/DATASETS/CodecFake/train/F06_SSB06290182.wav,6
/USERSPACE/DATASETS/CodecFake/train/F06_p297_291.wav,6
/USERSPACE/DATASETS/CodecFake/train/F06_SSB07580338.wav,6
/USERSPACE/DATASETS/CodecFake/train/F06_SSB19390334.wav,6
/USERSPACE/DATASETS/CodecFake/train/F06_SSB13770104.wav,6
/USERSPACE/DATASETS/CodecFake/train/F06_SSB07800488.wav,6
/USERSPACE/DATASETS/CodecFake/train/F06_SSB14370323.wav,6
/USERSPACE/DATASETS/CodecFake/train/F06_SSB05780141.wav,6
/USERSPACE/DATASETS/CodecFake/train/F06_SSB03660023.wav,6
/USERSPACE/DATASETS/CodecFake/train/F06_p293_081.wav,6
/USERSPACE/DATASETS/CodecFake/train/F06_SSB15670253.wav,6
/USERSPACE/DATASETS/CodecFake/train/F06_SSB07510078.wav,6
/USERSPACE/DATASETS/CodecFake/train/F06_SSB07940288.wav,6
/USERSPACE/DATASETS/CodecFake/train/F06_SSB09350065.wav,6
/USERSPACE/DATASETS/CodecFake/train/F06_SSB09350335.wav,6
/USERSPACE/DATASETS/CodecFake/train/F06_SSB01390035.wav,6
/USERSPACE/DATASETS/CodecFake/train/F06_SSB18100228.wav,6
/USERSPACE/DATASETS/CodecFake/train/F06_SSB18090124.wav,6
/USERSPACE/DATASETS/CodecFake/train/F06_SSB03230137.wav,6
/USERSPACE/DATASETS/CodecFake/train/F06_p340_114.wav,6
/USERSPACE/DATASETS/CodecFake/train/F06_SSB06030316.wav,6
/USERSPACE/DATASETS/CodecFake/train/F06_p288_007.wav,6
/USERSPACE/DATASETS/CodecFake/train/F06_p254_139.wav,6
/USERSPACE/DATASETS/CodecFake/train/F06_SSB00330363.wav,6
/USERSPACE/DATASETS/CodecFake/train/F06_SSB12160264.wav,6
/USERSPACE/DATASETS/CodecFake/train/F06_SSB13930218.wav,6
/USERSPACE/DATASETS/CodecFake/train/F06_SSB13650161.wav,6
/USERSPACE/DATASETS/CodecFake/train/F06_SSB00730123.wav,6
/USERSPACE/DATASETS/CodecFake/train/F06_p269_003.wav,6
/USERSPACE/DATASETS/CodecFake/train/F06_SSB10080022.wav,6
/USERSPACE/DATASETS/CodecFake/train/F06_SSB00120440.wav,6
/USERSPACE/DATASETS/CodecFake/train/F06_SSB09130413.wav,6
/USERSPACE/DATASETS/CodecFake/train/F06_SSB04260163.wav,6
/USERSPACE/DATASETS/CodecFake/train/F06_SSB03930090.wav,6
/USERSPACE/DATASETS/CodecFake/train/F06_SSB06070491.wav,6
/USERSPACE/DATASETS/CodecFake/train/F06_SSB15750385.wav,6
/USERSPACE/DATASETS/CodecFake/train/F06_p300_069.wav,6
/USERSPACE/DATASETS/CodecFake/train/F06_SSB03950365.wav,6
/USERSPACE/DATASETS/CodecFake/train/F06_SSB14020336.wav,6
/USERSPACE/DATASETS/CodecFake/train/F06_p302_147.wav,6
/USERSPACE/DATASETS/CodecFake/train/F06_p277_216.wav,6
/USERSPACE/DATASETS/CodecFake/train/F06_SSB03790281.wav,6
/USERSPACE/DATASETS/CodecFake/train/F06_p253_031.wav,6
/USERSPACE/DATASETS/CodecFake/train/F06_SSB06070267.wav,6
/USERSPACE/DATASETS/CodecFake/train/F06_p341_052.wav,6
/USERSPACE/DATASETS/CodecFake/train/F06_p276_099.wav,6
/USERSPACE/DATASETS/CodecFake/train/F06_p236_109.wav,6
/USERSPACE/DATASETS/CodecFake/train/F06_SSB06930233.wav,6
/USERSPACE/DATASETS/CodecFake/train/F06_p364_199.wav,6
/USERSPACE/DATASETS/CodecFake/train/F06_SSB12040118.wav,6
/USERSPACE/DATASETS/CodecFake/train/F06_SSB00050124.wav,6
/USERSPACE/DATASETS/CodecFake/train/F06_SSB19180211.wav,6
/USERSPACE/DATASETS/CodecFake/train/F06_SSB19180263.wav,6
/USERSPACE/DATASETS/CodecFake/train/F06_p330_187.wav,6
/USERSPACE/DATASETS/CodecFake/train/F06_SSB05880278.wav,6
/USERSPACE/DATASETS/CodecFake/train/F06_SSB10240105.wav,6
/USERSPACE/DATASETS/CodecFake/train/F06_p343_137.wav,6
/USERSPACE/DATASETS/CodecFake/train/F06_p258_300.wav,6
/USERSPACE/DATASETS/CodecFake/train/F06_p249_200.wav,6
/USERSPACE/DATASETS/CodecFake/train/F06_SSB19350218.wav,6
/USERSPACE/DATASETS/CodecFake/train/F06_SSB11080124.wav,6
/USERSPACE/DATASETS/CodecFake/train/F06_SSB02460312.wav,6
/USERSPACE/DATASETS/CodecFake/train/F06_SSB00120444.wav,6
/USERSPACE/DATASETS/CodecFake/train/F06_SSB10960364.wav,6
/USERSPACE/DATASETS/CodecFake/train/F06_p240_146.wav,6
/USERSPACE/DATASETS/CodecFake/train/F06_p234_111.wav,6
/USERSPACE/DATASETS/CodecFake/train/F06_p250_344.wav,6
/USERSPACE/DATASETS/CodecFake/train/F06_p364_109.wav,6
/USERSPACE/DATASETS/CodecFake/train/F06_SSB13280202.wav,6
/USERSPACE/DATASETS/CodecFake/train/F06_SSB04150202.wav,6
/USERSPACE/DATASETS/CodecFake/train/F06_SSB11870313.wav,6
/USERSPACE/DATASETS/CodecFake/train/F06_SSB11380300.wav,6
/USERSPACE/DATASETS/CodecFake/train/F06_SSB02670104.wav,6
/USERSPACE/DATASETS/CodecFake/train/F06_p286_162.wav,6
/USERSPACE/DATASETS/CodecFake/train/F06_p261_029.wav,6
/USERSPACE/DATASETS/CodecFake/train/F06_p299_093.wav,6
/USERSPACE/DATASETS/CodecFake/train/F06_SSB11000090.wav,6
/USERSPACE/DATASETS/CodecFake/train/F06_SSB08170438.wav,6
/USERSPACE/DATASETS/CodecFake/train/F06_SSB03150226.wav,6
/USERSPACE/DATASETS/CodecFake/train/F06_SSB10960460.wav,6
/USERSPACE/DATASETS/CodecFake/train/F06_SSB09660446.wav,6
/USERSPACE/DATASETS/CodecFake/train/F06_SSB09930409.wav,6
/USERSPACE/DATASETS/CodecFake/train/F06_SSB07490449.wav,6
/USERSPACE/DATASETS/CodecFake/train/F06_p310_190.wav,6
/USERSPACE/DATASETS/CodecFake/train/F06_p226_352.wav,6
/USERSPACE/DATASETS/CodecFake/train/F06_SSB16070011.wav,6
/USERSPACE/DATASETS/CodecFake/train/F06_p335_330.wav,6
/USERSPACE/DATASETS/CodecFake/train/F06_SSB05880137.wav,6
/USERSPACE/DATASETS/CodecFake/train/F06_SSB10910267.wav,6
/USERSPACE/DATASETS/CodecFake/train/F06_SSB02880084.wav,6
/USERSPACE/DATASETS/CodecFake/train/F06_p316_408.wav,6
/USERSPACE/DATASETS/CodecFake/train/F06_SSB05390152.wav,6
/USERSPACE/DATASETS/CodecFake/train/F06_p314_377.wav,6
/USERSPACE/DATASETS/CodecFake/train/F06_SSB19350338.wav,6
/USERSPACE/DATASETS/CodecFake/train/F06_p362_362.wav,6
/USERSPACE/DATASETS/CodecFake/train/F06_SSB03160491.wav,6
/USERSPACE/DATASETS/CodecFake/train/F06_SSB09660385.wav,6
/USERSPACE/DATASETS/CodecFake/train/F06_p254_156.wav,6
/USERSPACE/DATASETS/CodecFake/train/F06_SSB01390143.wav,6
/USERSPACE/DATASETS/CodecFake/train/F06_p259_376.wav,6
/USERSPACE/DATASETS/CodecFake/train/F06_SSB16500302.wav,6
/USERSPACE/DATASETS/CodecFake/train/F06_SSB02410223.wav,6
/USERSPACE/DATASETS/CodecFake/train/F06_p226_075.wav,6
/USERSPACE/DATASETS/CodecFake/train/F06_SSB05440480.wav,6
/USERSPACE/DATASETS/CodecFake/train/F06_p376_046.wav,6
/USERSPACE/DATASETS/CodecFake/train/F06_p351_103.wav,6
/USERSPACE/DATASETS/CodecFake/train/F06_p280_310.wav,6
/USERSPACE/DATASETS/CodecFake/train/F06_SSB15630254.wav,6
/USERSPACE/DATASETS/CodecFake/train/F06_p231_222.wav,6
/USERSPACE/DATASETS/CodecFake/train/F06_p268_322.wav,6
/USERSPACE/DATASETS/CodecFake/train/F06_p267_109.wav,6
/USERSPACE/DATASETS/CodecFake/train/F06_p286_257.wav,6
/USERSPACE/DATASETS/CodecFake/train/F06_SSB16500221.wav,6
/USERSPACE/DATASETS/CodecFake/train/F06_SSB10240440.wav,6
/USERSPACE/DATASETS/CodecFake/train/F06_SSB03940382.wav,6
/USERSPACE/DATASETS/CodecFake/train/F06_SSB09190086.wav,6
/USERSPACE/DATASETS/CodecFake/train/F06_p274_227.wav,6
/USERSPACE/DATASETS/CodecFake/train/F06_SSB02870073.wav,6
/USERSPACE/DATASETS/CodecFake/train/F06_SSB03950444.wav,6
/USERSPACE/DATASETS/CodecFake/train/F06_p360_293.wav,6
/USERSPACE/DATASETS/CodecFake/train/F06_p275_397.wav,6
/USERSPACE/DATASETS/CodecFake/train/F06_SSB06030458.wav,6
/USERSPACE/DATASETS/CodecFake/train/F06_SSB14080428.wav,6
/USERSPACE/DATASETS/CodecFake/train/F06_SSB00160228.wav,6
/USERSPACE/DATASETS/CodecFake/train/F06_SSB07780038.wav,6
/USERSPACE/DATASETS/CodecFake/train/F06_SSB16300211.wav,6
/USERSPACE/DATASETS/CodecFake/train/F06_p318_257.wav,6
/USERSPACE/DATASETS/CodecFake/train/F06_p300_010.wav,6
/USERSPACE/DATASETS/CodecFake/train/F06_p351_366.wav,6
/USERSPACE/DATASETS/CodecFake/train/F06_SSB01220429.wav,6
/USERSPACE/DATASETS/CodecFake/train/F06_SSB07580061.wav,6
/USERSPACE/DATASETS/CodecFake/train/F06_p274_062.wav,6
/USERSPACE/DATASETS/CodecFake/train/F06_p374_384.wav,6
/USERSPACE/DATASETS/CodecFake/train/F06_p316_056.wav,6
/USERSPACE/DATASETS/CodecFake/train/F06_SSB16240091.wav,6
/USERSPACE/DATASETS/CodecFake/train/F06_SSB03160194.wav,6
/USERSPACE/DATASETS/CodecFake/train/F06_p240_357.wav,6
/USERSPACE/DATASETS/CodecFake/train/F06_SSB02670226.wav,6
/USERSPACE/DATASETS/CodecFake/train/F06_SSB06140303.wav,6
/USERSPACE/DATASETS/CodecFake/train/F06_p376_276.wav,6
/USERSPACE/DATASETS/CodecFake/train/F06_SSB10640498.wav,6
/USERSPACE/DATASETS/CodecFake/train/F06_SSB00380238.wav,6
/USERSPACE/DATASETS/CodecFake/train/F06_SSB01220220.wav,6
/USERSPACE/DATASETS/CodecFake/train/F06_p271_177.wav,6
/USERSPACE/DATASETS/CodecFake/train/F06_SSB12190413.wav,6
/USERSPACE/DATASETS/CodecFake/train/F06_p301_225.wav,6
/USERSPACE/DATASETS/CodecFake/train/F06_p299_080.wav,6
/USERSPACE/DATASETS/CodecFake/train/F06_p288_232.wav,6
/USERSPACE/DATASETS/CodecFake/train/F06_SSB03820102.wav,6
/USERSPACE/DATASETS/CodecFake/train/F06_p232_290.wav,6
/USERSPACE/DATASETS/CodecFake/train/F06_SSB11100200.wav,6
/USERSPACE/DATASETS/CodecFake/train/F06_p351_231.wav,6
/USERSPACE/DATASETS/CodecFake/train/F06_p347_064.wav,6
/USERSPACE/DATASETS/CodecFake/train/F06_SSB14310457.wav,6
/USERSPACE/DATASETS/CodecFake/train/F06_SSB07600151.wav,6
/USERSPACE/DATASETS/CodecFake/train/F06_p251_350.wav,6
/USERSPACE/DATASETS/CodecFake/train/F06_SSB08090105.wav,6
/USERSPACE/DATASETS/CodecFake/train/F06_SSB01930107.wav,6
/USERSPACE/DATASETS/CodecFake/train/F06_SSB12190181.wav,6
/USERSPACE/DATASETS/CodecFake/train/F06_p230_142.wav,6
/USERSPACE/DATASETS/CodecFake/train/F06_p238_020.wav,6
/USERSPACE/DATASETS/CodecFake/train/F06_SSB02460172.wav,6
/USERSPACE/DATASETS/CodecFake/train/F06_SSB00120283.wav,6
/USERSPACE/DATASETS/CodecFake/train/F06_p283_292.wav,6
/USERSPACE/DATASETS/CodecFake/train/F06_SSB06660057.wav,6
/USERSPACE/DATASETS/CodecFake/train/F06_p252_206.wav,6
/USERSPACE/DATASETS/CodecFake/train/F06_p316_392.wav,6
/USERSPACE/DATASETS/CodecFake/train/F06_SSB14310464.wav,6
/USERSPACE/DATASETS/CodecFake/train/F06_SSB07370117.wav,6
/USERSPACE/DATASETS/CodecFake/train/F06_SSB12180300.wav,6
/USERSPACE/DATASETS/CodecFake/train/F06_SSB07170108.wav,6
/USERSPACE/DATASETS/CodecFake/train/F06_SSB05650205.wav,6
/USERSPACE/DATASETS/CodecFake/train/F06_SSB18910241.wav,6
/USERSPACE/DATASETS/CodecFake/train/F06_p276_400.wav,6
/USERSPACE/DATASETS/CodecFake/train/F06_SSB01490191.wav,6
/USERSPACE/DATASETS/CodecFake/train/F06_SSB01930483.wav,6
/USERSPACE/DATASETS/CodecFake/train/F06_p326_018.wav,6
/USERSPACE/DATASETS/CodecFake/train/F06_SSB16700136.wav,6
/USERSPACE/DATASETS/CodecFake/train/F06_p230_260.wav,6
/USERSPACE/DATASETS/CodecFake/train/F06_p292_233.wav,6
/USERSPACE/DATASETS/CodecFake/train/F06_p304_398.wav,6
/USERSPACE/DATASETS/CodecFake/train/F06_SSB06680366.wav,6
/USERSPACE/DATASETS/CodecFake/train/F06_p314_153.wav,6
/USERSPACE/DATASETS/CodecFake/train/F06_SSB00120344.wav,6
/USERSPACE/DATASETS/CodecFake/train/F06_SSB04150187.wav,6
/USERSPACE/DATASETS/CodecFake/train/F06_SSB13410108.wav,6
/USERSPACE/DATASETS/CodecFake/train/F06_SSB05350226.wav,6
/USERSPACE/DATASETS/CodecFake/train/F06_SSB01120156.wav,6
/USERSPACE/DATASETS/CodecFake/train/F06_p277_200.wav,6
/USERSPACE/DATASETS/CodecFake/train/F06_SSB03850333.wav,6
/USERSPACE/DATASETS/CodecFake/train/F06_p362_378.wav,6
/USERSPACE/DATASETS/CodecFake/train/F06_p362_279.wav,6
/USERSPACE/DATASETS/CodecFake/train/F06_p273_100.wav,6
/USERSPACE/DATASETS/CodecFake/train/F06_SSB07000431.wav,6
/USERSPACE/DATASETS/CodecFake/train/F06_SSB03800013.wav,6
/USERSPACE/DATASETS/CodecFake/train/F06_SSB13920303.wav,6
/USERSPACE/DATASETS/CodecFake/train/F06_SSB02610508.wav,6
/USERSPACE/DATASETS/CodecFake/train/F06_SSB13820322.wav,6
/USERSPACE/DATASETS/CodecFake/train/F06_p255_175.wav,6
/USERSPACE/DATASETS/CodecFake/train/F06_p305_365.wav,6
/USERSPACE/DATASETS/CodecFake/train/F06_SSB03850225.wav,6
/USERSPACE/DATASETS/CodecFake/train/F06_SSB00570200.wav,6
/USERSPACE/DATASETS/CodecFake/train/F06_SSB13280308.wav,6
/USERSPACE/DATASETS/CodecFake/train/F06_SSB01490098.wav,6
/USERSPACE/DATASETS/CodecFake/train/F06_SSB01220354.wav,6
/USERSPACE/DATASETS/CodecFake/train/F06_p257_055.wav,6
/USERSPACE/DATASETS/CodecFake/train/F06_p295_165.wav,6
/USERSPACE/DATASETS/CodecFake/train/F06_SSB06070076.wav,6
/USERSPACE/DATASETS/CodecFake/train/F06_p363_148.wav,6
/USERSPACE/DATASETS/CodecFake/train/F06_p326_311.wav,6
/USERSPACE/DATASETS/CodecFake/train/F06_p266_083.wav,6
/USERSPACE/DATASETS/CodecFake/train/F06_p254_345.wav,6
/USERSPACE/DATASETS/CodecFake/train/F06_SSB05340323.wav,6
/USERSPACE/DATASETS/CodecFake/train/F06_p264_346.wav,6
/USERSPACE/DATASETS/CodecFake/train/F06_SSB07110359.wav,6
/USERSPACE/DATASETS/CodecFake/train/F06_SSB17590449.wav,6
/USERSPACE/DATASETS/CodecFake/train/F06_p262_080.wav,6
/USERSPACE/DATASETS/CodecFake/train/F06_SSB09870501.wav,6
/USERSPACE/DATASETS/CodecFake/train/F06_SSB06010287.wav,6
/USERSPACE/DATASETS/CodecFake/train/F06_p273_317.wav,6
/USERSPACE/DATASETS/CodecFake/train/F06_p376_149.wav,6
/USERSPACE/DATASETS/CodecFake/train/F06_SSB14370065.wav,6
/USERSPACE/DATASETS/CodecFake/train/F06_p308_403.wav,6
/USERSPACE/DATASETS/CodecFake/train/F06_SSB13200263.wav,6
/USERSPACE/DATASETS/CodecFake/train/F06_p283_069.wav,6
/USERSPACE/DATASETS/CodecFake/train/F06_SSB07940033.wav,6
/USERSPACE/DATASETS/CodecFake/train/F06_SSB16840443.wav,6
/USERSPACE/DATASETS/CodecFake/train/F06_SSB03790199.wav,6
/USERSPACE/DATASETS/CodecFake/train/F06_p285_229.wav,6
/USERSPACE/DATASETS/CodecFake/train/F06_SSB01330037.wav,6
/USERSPACE/DATASETS/CodecFake/train/F06_SSB14020145.wav,6
/USERSPACE/DATASETS/CodecFake/train/F06_p329_024.wav,6
/USERSPACE/DATASETS/CodecFake/train/F06_SSB03410169.wav,6
/USERSPACE/DATASETS/CodecFake/train/F06_p259_207.wav,6
/USERSPACE/DATASETS/CodecFake/train/F06_p261_022.wav,6
/USERSPACE/DATASETS/CodecFake/train/F06_p237_127.wav,6
/USERSPACE/DATASETS/CodecFake/train/F06_SSB03380293.wav,6
/USERSPACE/DATASETS/CodecFake/train/F06_SSB15630252.wav,6
/USERSPACE/DATASETS/CodecFake/train/F06_SSB04340369.wav,6
/USERSPACE/DATASETS/CodecFake/train/F06_p251_183.wav,6
/USERSPACE/DATASETS/CodecFake/train/F06_p374_090.wav,6
/USERSPACE/DATASETS/CodecFake/train/F06_SSB03850320.wav,6
/USERSPACE/DATASETS/CodecFake/train/F06_SSB16500409.wav,6
/USERSPACE/DATASETS/CodecFake/train/F06_SSB10200329.wav,6
/USERSPACE/DATASETS/CodecFake/train/F06_p229_387.wav,6
/USERSPACE/DATASETS/CodecFake/train/F06_SSB01120080.wav,6
/USERSPACE/DATASETS/CodecFake/train/F06_SSB18630275.wav,6
/USERSPACE/DATASETS/CodecFake/train/F06_SSB06930317.wav,6
/USERSPACE/DATASETS/CodecFake/train/F06_SSB15930271.wav,6
/USERSPACE/DATASETS/CodecFake/train/F06_SSB13020437.wav,6
/USERSPACE/DATASETS/CodecFake/train/F06_SSB13660031.wav,6
/USERSPACE/DATASETS/CodecFake/train/F06_SSB13850229.wav,6
/USERSPACE/DATASETS/CodecFake/train/F06_SSB05700461.wav,6
/USERSPACE/DATASETS/CodecFake/train/F06_p341_060.wav,6
/USERSPACE/DATASETS/CodecFake/train/F06_SSB16990413.wav,6
/USERSPACE/DATASETS/CodecFake/train/F06_SSB17110030.wav,6
/USERSPACE/DATASETS/CodecFake/train/F06_p287_140.wav,6
/USERSPACE/DATASETS/CodecFake/train/F06_SSB18780436.wav,6
/USERSPACE/DATASETS/CodecFake/train/F06_SSB12160261.wav,6
/USERSPACE/DATASETS/CodecFake/train/F06_SSB05650385.wav,6
/USERSPACE/DATASETS/CodecFake/train/F06_p336_193.wav,6
/USERSPACE/DATASETS/CodecFake/train/F06_SSB06070270.wav,6
/USERSPACE/DATASETS/CodecFake/train/F06_SSB05350129.wav,6
/USERSPACE/DATASETS/CodecFake/train/F06_SSB04350241.wav,6
/USERSPACE/DATASETS/CodecFake/train/F06_SSB02670080.wav,6
/USERSPACE/DATASETS/CodecFake/train/F06_p275_037.wav,6
/USERSPACE/DATASETS/CodecFake/train/F06_SSB18280365.wav,6
/USERSPACE/DATASETS/CodecFake/train/F06_SSB03660440.wav,6
/USERSPACE/DATASETS/CodecFake/train/F06_SSB07200368.wav,6
/USERSPACE/DATASETS/CodecFake/train/F06_SSB11080321.wav,6
/USERSPACE/DATASETS/CodecFake/train/F06_SSB09970193.wav,6
/USERSPACE/DATASETS/CodecFake/train/F06_p258_114.wav,6
/USERSPACE/DATASETS/CodecFake/train/F06_SSB04070428.wav,6
/USERSPACE/DATASETS/CodecFake/train/F06_SSB06860260.wav,6
/USERSPACE/DATASETS/CodecFake/train/F06_SSB07780170.wav,6
/USERSPACE/DATASETS/CodecFake/train/F06_SSB06010024.wav,6
/USERSPACE/DATASETS/CodecFake/train/F06_SSB18320364.wav,6
/USERSPACE/DATASETS/CodecFake/train/F06_SSB09350310.wav,6
/USERSPACE/DATASETS/CodecFake/train/F06_SSB10960130.wav,6
/USERSPACE/DATASETS/CodecFake/train/F06_SSB16840403.wav,6
/USERSPACE/DATASETS/CodecFake/train/F06_p311_292.wav,6
/USERSPACE/DATASETS/CodecFake/train/F06_SSB04350010.wav,6
/USERSPACE/DATASETS/CodecFake/train/F06_SSB13990157.wav,6
/USERSPACE/DATASETS/CodecFake/train/F06_SSB06290272.wav,6
/USERSPACE/DATASETS/CodecFake/train/F06_SSB00180046.wav,6
/USERSPACE/DATASETS/CodecFake/train/F06_SSB05990389.wav,6
/USERSPACE/DATASETS/CodecFake/train/F06_SSB18720386.wav,6
/USERSPACE/DATASETS/CodecFake/train/F06_SSB18910474.wav,6
/USERSPACE/DATASETS/CodecFake/train/F06_p345_089.wav,6
/USERSPACE/DATASETS/CodecFake/train/F06_SSB09190142.wav,6
/USERSPACE/DATASETS/CodecFake/train/F06_SSB15630033.wav,6
/USERSPACE/DATASETS/CodecFake/train/F06_p263_379.wav,6
/USERSPACE/DATASETS/CodecFake/train/F06_SSB06290240.wav,6
/USERSPACE/DATASETS/CodecFake/train/F06_p294_074.wav,6
/USERSPACE/DATASETS/CodecFake/train/F06_SSB06090077.wav,6
/USERSPACE/DATASETS/CodecFake/train/F06_p253_382.wav,6
/USERSPACE/DATASETS/CodecFake/train/F06_p269_242.wav,6
/USERSPACE/DATASETS/CodecFake/train/F06_SSB10020026.wav,6
/USERSPACE/DATASETS/CodecFake/train/F06_SSB00800311.wav,6
/USERSPACE/DATASETS/CodecFake/train/F06_SSB13770274.wav,6
/USERSPACE/DATASETS/CodecFake/train/F06_p314_400.wav,6
/USERSPACE/DATASETS/CodecFake/train/F06_SSB16300333.wav,6
/USERSPACE/DATASETS/CodecFake/train/F06_SSB14480242.wav,6
/USERSPACE/DATASETS/CodecFake/train/F06_SSB04700045.wav,6
/USERSPACE/DATASETS/CodecFake/train/F06_SSB18720094.wav,6
/USERSPACE/DATASETS/CodecFake/train/F06_SSB04270079.wav,6
/USERSPACE/DATASETS/CodecFake/train/F06_p313_007.wav,6
/USERSPACE/DATASETS/CodecFake/train/F06_SSB07000182.wav,6
/USERSPACE/DATASETS/CodecFake/train/F06_SSB15670456.wav,6
/USERSPACE/DATASETS/CodecFake/train/F06_SSB03950190.wav,6
/USERSPACE/DATASETS/CodecFake/train/F06_SSB10010406.wav,6
/USERSPACE/DATASETS/CodecFake/train/F06_p286_366.wav,6
/USERSPACE/DATASETS/CodecFake/train/F06_SSB03750294.wav,6
/USERSPACE/DATASETS/CodecFake/train/F06_SSB06140480.wav,6
/USERSPACE/DATASETS/CodecFake/train/F06_SSB19560438.wav,6
/USERSPACE/DATASETS/CodecFake/train/F06_SSB02730436.wav,6
/USERSPACE/DATASETS/CodecFake/train/F06_SSB01490375.wav,6
/USERSPACE/DATASETS/CodecFake/train/F06_SSB07480292.wav,6
/USERSPACE/DATASETS/CodecFake/train/F06_p254_019.wav,6
/USERSPACE/DATASETS/CodecFake/train/F06_SSB07460184.wav,6
/USERSPACE/DATASETS/CodecFake/train/F06_SSB06680270.wav,6
/USERSPACE/DATASETS/CodecFake/train/F06_SSB10640459.wav,6
/USERSPACE/DATASETS/CodecFake/train/F06_p267_325.wav,6
/USERSPACE/DATASETS/CodecFake/train/F06_SSB19350094.wav,6
/USERSPACE/DATASETS/CodecFake/train/F06_p315_068.wav,6
/USERSPACE/DATASETS/CodecFake/train/F06_SSB11610323.wav,6
/USERSPACE/DATASETS/CodecFake/train/F06_SSB03410361.wav,6
/USERSPACE/DATASETS/CodecFake/train/F06_p261_319.wav,6
/USERSPACE/DATASETS/CodecFake/train/F06_SSB00180271.wav,6
/USERSPACE/DATASETS/CodecFake/train/F06_SSB05440351.wav,6
/USERSPACE/DATASETS/CodecFake/train/F06_p227_191.wav,6
/USERSPACE/DATASETS/CodecFake/train/F06_p313_414.wav,6
/USERSPACE/DATASETS/CodecFake/train/F06_SSB13650186.wav,6
/USERSPACE/DATASETS/CodecFake/train/F06_SSB07370042.wav,6
/USERSPACE/DATASETS/CodecFake/train/F06_p306_284.wav,6
/USERSPACE/DATASETS/CodecFake/train/F06_p238_426.wav,6
/USERSPACE/DATASETS/CodecFake/train/F06_SSB06070314.wav,6
/USERSPACE/DATASETS/CodecFake/train/F06_SSB06320283.wav,6
/USERSPACE/DATASETS/CodecFake/train/F06_SSB09970126.wav,6
/USERSPACE/DATASETS/CodecFake/train/F06_SSB03090199.wav,6
/USERSPACE/DATASETS/CodecFake/train/F06_p241_222.wav,6
/USERSPACE/DATASETS/CodecFake/train/F06_SSB16240062.wav,6
/USERSPACE/DATASETS/CodecFake/train/F06_p317_101.wav,6
/USERSPACE/DATASETS/CodecFake/train/F06_SSB15670034.wav,6
/USERSPACE/DATASETS/CodecFake/train/F06_SSB01930309.wav,6
/USERSPACE/DATASETS/CodecFake/train/F06_SSB11150494.wav,6
/USERSPACE/DATASETS/CodecFake/train/F06_p230_317.wav,6
/USERSPACE/DATASETS/CodecFake/train/F06_SSB11100415.wav,6
/USERSPACE/DATASETS/CodecFake/train/F06_SSB18630399.wav,6
/USERSPACE/DATASETS/CodecFake/train/F06_p247_003.wav,6
/USERSPACE/DATASETS/CodecFake/train/F06_SSB02610274.wav,6
/USERSPACE/DATASETS/CodecFake/train/F06_p360_102.wav,6
/USERSPACE/DATASETS/CodecFake/train/F06_SSB07460044.wav,6
/USERSPACE/DATASETS/CodecFake/train/F06_SSB10010443.wav,6
/USERSPACE/DATASETS/CodecFake/train/F06_p304_031.wav,6
/USERSPACE/DATASETS/CodecFake/train/F06_SSB09930159.wav,6
/USERSPACE/DATASETS/CodecFake/train/F06_p311_313.wav,6
/USERSPACE/DATASETS/CodecFake/train/F06_SSB13820113.wav,6
/USERSPACE/DATASETS/CodecFake/train/F06_SSB11310345.wav,6
/USERSPACE/DATASETS/CodecFake/train/F06_SSB03850001.wav,6
/USERSPACE/DATASETS/CodecFake/train/F06_p237_198.wav,6
/USERSPACE/DATASETS/CodecFake/train/F06_SSB06140314.wav,6
/USERSPACE/DATASETS/CodecFake/train/F06_p298_194.wav,6
/USERSPACE/DATASETS/CodecFake/train/F06_p336_411.wav,6
/USERSPACE/DATASETS/CodecFake/train/F06_SSB06930335.wav,6
/USERSPACE/DATASETS/CodecFake/train/F06_SSB05880128.wav,6
/USERSPACE/DATASETS/CodecFake/train/F06_p233_062.wav,6
/USERSPACE/DATASETS/CodecFake/train/F06_SSB12530124.wav,6
/USERSPACE/DATASETS/CodecFake/train/F06_p336_420.wav,6
/USERSPACE/DATASETS/CodecFake/train/F06_SSB19560165.wav,6
/USERSPACE/DATASETS/CodecFake/train/F06_SSB06070485.wav,6
/USERSPACE/DATASETS/CodecFake/train/F06_p244_209.wav,6
/USERSPACE/DATASETS/CodecFake/train/F06_SSB12180282.wav,6
/USERSPACE/DATASETS/CodecFake/train/F06_SSB01450040.wav,6
/USERSPACE/DATASETS/CodecFake/train/F06_SSB03800221.wav,6
/USERSPACE/DATASETS/CodecFake/train/F06_SSB03160500.wav,6
/USERSPACE/DATASETS/CodecFake/train/F06_SSB10240425.wav,6
/USERSPACE/DATASETS/CodecFake/train/F06_p273_066.wav,6
/USERSPACE/DATASETS/CodecFake/train/F06_p343_086.wav,6
/USERSPACE/DATASETS/CodecFake/train/F06_SSB05020144.wav,6
/USERSPACE/DATASETS/CodecFake/train/F06_SSB06070044.wav,6
/USERSPACE/DATASETS/CodecFake/train/F06_SSB07360282.wav,6
/USERSPACE/DATASETS/CodecFake/train/F06_SSB01120331.wav,6
/USERSPACE/DATASETS/CodecFake/train/F06_p240_330.wav,6
/USERSPACE/DATASETS/CodecFake/train/F06_SSB05880253.wav,6
/USERSPACE/DATASETS/CodecFake/train/F06_SSB04820083.wav,6
/USERSPACE/DATASETS/CodecFake/train/F06_SSB18370202.wav,6
/USERSPACE/DATASETS/CodecFake/train/F06_p267_236.wav,6
/USERSPACE/DATASETS/CodecFake/train/F06_p226_342.wav,6
/USERSPACE/DATASETS/CodecFake/train/F06_SSB12150363.wav,6
/USERSPACE/DATASETS/CodecFake/train/F06_SSB05940053.wav,6
/USERSPACE/DATASETS/CodecFake/train/F06_SSB16990071.wav,6
/USERSPACE/DATASETS/CodecFake/train/F06_SSB06290197.wav,6
/USERSPACE/DATASETS/CodecFake/train/F06_SSB02730484.wav,6
/USERSPACE/DATASETS/CodecFake/train/F06_p248_106.wav,6
/USERSPACE/DATASETS/CodecFake/train/F06_SSB10910323.wav,6
/USERSPACE/DATASETS/CodecFake/train/F06_SSB15930442.wav,6
/USERSPACE/DATASETS/CodecFake/train/F06_SSB19180450.wav,6
/USERSPACE/DATASETS/CodecFake/train/F06_SSB03410068.wav,6
/USERSPACE/DATASETS/CodecFake/train/F06_p241_027.wav,6
/USERSPACE/DATASETS/CodecFake/train/F06_SSB03820149.wav,6
/USERSPACE/DATASETS/CodecFake/train/F06_SSB12160317.wav,6
/USERSPACE/DATASETS/CodecFake/train/F06_SSB07780493.wav,6
/USERSPACE/DATASETS/CodecFake/train/F06_p275_116.wav,6
/USERSPACE/DATASETS/CodecFake/train/F06_SSB03150466.wav,6
/USERSPACE/DATASETS/CodecFake/train/F06_SSB10560125.wav,6
/USERSPACE/DATASETS/CodecFake/train/F06_p255_002.wav,6
/USERSPACE/DATASETS/CodecFake/train/F06_SSB07780078.wav,6
/USERSPACE/DATASETS/CodecFake/train/F06_SSB03820072.wav,6
/USERSPACE/DATASETS/CodecFake/train/F06_SSB00430093.wav,6
/USERSPACE/DATASETS/CodecFake/train/F06_SSB00050190.wav,6
/USERSPACE/DATASETS/CodecFake/train/F06_p238_244.wav,6
/USERSPACE/DATASETS/CodecFake/train/F06_SSB02670188.wav,6
/USERSPACE/DATASETS/CodecFake/train/F06_SSB10240054.wav,6
/USERSPACE/DATASETS/CodecFake/train/F06_SSB13820466.wav,6
/USERSPACE/DATASETS/CodecFake/train/F06_p257_124.wav,6
/USERSPACE/DATASETS/CodecFake/train/F06_p261_026.wav,6
/USERSPACE/DATASETS/CodecFake/train/F06_SSB03790288.wav,6
/USERSPACE/DATASETS/CodecFake/train/F06_SSB06310027.wav,6
/USERSPACE/DATASETS/CodecFake/train/F06_SSB10200387.wav,6
/USERSPACE/DATASETS/CodecFake/train/F06_p284_011.wav,6
/USERSPACE/DATASETS/CodecFake/train/F06_SSB00800167.wav,6
/USERSPACE/DATASETS/CodecFake/train/F06_p271_182.wav,6
/USERSPACE/DATASETS/CodecFake/train/F06_p280_150.wav,6
/USERSPACE/DATASETS/CodecFake/train/F06_p258_373.wav,6
/USERSPACE/DATASETS/CodecFake/train/F06_SSB09350349.wav,6
/USERSPACE/DATASETS/CodecFake/train/F06_SSB13280417.wav,6
/USERSPACE/DATASETS/CodecFake/train/F06_p274_424.wav,6
/USERSPACE/DATASETS/CodecFake/train/F06_SSB06310360.wav,6
/USERSPACE/DATASETS/CodecFake/train/F06_p280_100.wav,6
/USERSPACE/DATASETS/CodecFake/train/F06_SSB14020443.wav,6
/USERSPACE/DATASETS/CodecFake/train/F06_p275_282.wav,6
/USERSPACE/DATASETS/CodecFake/train/F06_SSB01970419.wav,6
/USERSPACE/DATASETS/CodecFake/train/F06_p361_082.wav,6
/USERSPACE/DATASETS/CodecFake/train/F06_SSB17280055.wav,6
/USERSPACE/DATASETS/CodecFake/train/F06_SSB02730020.wav,6
/USERSPACE/DATASETS/CodecFake/train/F06_SSB08510006.wav,6
/USERSPACE/DATASETS/CodecFake/train/F06_p276_152.wav,6
/USERSPACE/DATASETS/CodecFake/train/F06_SSB18100291.wav,6
/USERSPACE/DATASETS/CodecFake/train/F06_p230_070.wav,6
/USERSPACE/DATASETS/CodecFake/train/F06_p229_249.wav,6
/USERSPACE/DATASETS/CodecFake/train/F06_p286_392.wav,6
/USERSPACE/DATASETS/CodecFake/train/F06_SSB03540029.wav,6
/USERSPACE/DATASETS/CodecFake/train/F06_SSB01120379.wav,6
/USERSPACE/DATASETS/CodecFake/train/F06_p237_122.wav,6
/USERSPACE/DATASETS/CodecFake/train/F06_SSB10010251.wav,6
/USERSPACE/DATASETS/CodecFake/train/F06_p297_334.wav,6
/USERSPACE/DATASETS/CodecFake/train/F06_SSB00380351.wav,6
/USERSPACE/DATASETS/CodecFake/train/F06_SSB02990128.wav,6
/USERSPACE/DATASETS/CodecFake/train/F06_SSB18720304.wav,6
/USERSPACE/DATASETS/CodecFake/train/F06_p294_221.wav,6
/USERSPACE/DATASETS/CodecFake/train/F06_SSB05650220.wav,6
/USERSPACE/DATASETS/CodecFake/train/F06_SSB00730086.wav,6
/USERSPACE/DATASETS/CodecFake/train/F06_SSB17590292.wav,6
/USERSPACE/DATASETS/CodecFake/train/F06_SSB03380431.wav,6
/USERSPACE/DATASETS/CodecFake/train/F06_p247_354.wav,6
/USERSPACE/DATASETS/CodecFake/train/F06_p239_084.wav,6
/USERSPACE/DATASETS/CodecFake/train/F06_SSB10500450.wav,6
/USERSPACE/DATASETS/CodecFake/train/F06_SSB09350446.wav,6
/USERSPACE/DATASETS/CodecFake/train/F06_SSB02730205.wav,6
/USERSPACE/DATASETS/CodecFake/train/F06_SSB06230076.wav,6
/USERSPACE/DATASETS/CodecFake/train/F06_SSB10200425.wav,6
/USERSPACE/DATASETS/CodecFake/train/F06_p277_365.wav,6
/USERSPACE/DATASETS/CodecFake/train/F06_SSB15850135.wav,6
/USERSPACE/DATASETS/CodecFake/train/F06_p253_180.wav,6
/USERSPACE/DATASETS/CodecFake/train/F06_p310_231.wav,6
/USERSPACE/DATASETS/CodecFake/train/F06_SSB08710056.wav,6
/USERSPACE/DATASETS/CodecFake/train/F06_SSB07800149.wav,6
/USERSPACE/DATASETS/CodecFake/train/F06_p270_373.wav,6
/USERSPACE/DATASETS/CodecFake/train/F06_SSB00160030.wav,6
/USERSPACE/DATASETS/CodecFake/train/F06_p341_298.wav,6
/USERSPACE/DATASETS/CodecFake/train/F06_p376_099.wav,6
/USERSPACE/DATASETS/CodecFake/train/F06_p362_395.wav,6
/USERSPACE/DATASETS/CodecFake/train/F06_SSB03930492.wav,6
/USERSPACE/DATASETS/CodecFake/train/F06_SSB09970203.wav,6
/USERSPACE/DATASETS/CodecFake/train/F06_SSB03160131.wav,6
/USERSPACE/DATASETS/CodecFake/train/F06_p303_206.wav,6
/USERSPACE/DATASETS/CodecFake/train/F06_p304_106.wav,6
/USERSPACE/DATASETS/CodecFake/train/F06_p249_068.wav,6
/USERSPACE/DATASETS/CodecFake/train/F06_SSB02460113.wav,6
/USERSPACE/DATASETS/CodecFake/train/F06_SSB02460454.wav,6
/USERSPACE/DATASETS/CodecFake/train/F06_SSB07100268.wav,6
/USERSPACE/DATASETS/CodecFake/train/F06_SSB03750429.wav,6
/USERSPACE/DATASETS/CodecFake/train/F06_SSB18720426.wav,6
/USERSPACE/DATASETS/CodecFake/train/F06_p362_172.wav,6
/USERSPACE/DATASETS/CodecFake/train/F06_p260_002.wav,6
/USERSPACE/DATASETS/CodecFake/train/F06_SSB11250208.wav,6
/USERSPACE/DATASETS/CodecFake/train/F06_SSB07620493.wav,6
/USERSPACE/DATASETS/CodecFake/train/F06_SSB09350202.wav,6
/USERSPACE/DATASETS/CodecFake/train/F06_SSB16500451.wav,6
/USERSPACE/DATASETS/CodecFake/train/F06_SSB09660326.wav,6
/USERSPACE/DATASETS/CodecFake/train/F06_SSB12030318.wav,6
/USERSPACE/DATASETS/CodecFake/train/F06_SSB16840461.wav,6
/USERSPACE/DATASETS/CodecFake/train/F06_SSB05780489.wav,6
/USERSPACE/DATASETS/CodecFake/train/F06_p284_168.wav,6
/USERSPACE/DATASETS/CodecFake/train/F06_SSB13200248.wav,6
/USERSPACE/DATASETS/CodecFake/train/F06_p259_128.wav,6
/USERSPACE/DATASETS/CodecFake/train/F06_p294_102.wav,6
/USERSPACE/DATASETS/CodecFake/train/F06_SSB06860095.wav,6
/USERSPACE/DATASETS/CodecFake/train/F06_p326_047.wav,6
/USERSPACE/DATASETS/CodecFake/train/F06_SSB00330449.wav,6
/USERSPACE/DATASETS/CodecFake/train/F06_SSB04070068.wav,6
/USERSPACE/DATASETS/CodecFake/train/F06_SSB19390301.wav,6
/USERSPACE/DATASETS/CodecFake/train/F06_SSB03790451.wav,6
/USERSPACE/DATASETS/CodecFake/train/F06_p362_299.wav,6
/USERSPACE/DATASETS/CodecFake/train/F06_SSB13820392.wav,6
/USERSPACE/DATASETS/CodecFake/train/F06_p308_076.wav,6
/USERSPACE/DATASETS/CodecFake/train/F06_SSB06060276.wav,6
/USERSPACE/DATASETS/CodecFake/train/F06_SSB01930432.wav,6
/USERSPACE/DATASETS/CodecFake/train/F06_SSB11250032.wav,6
/USERSPACE/DATASETS/CodecFake/train/F06_SSB13820042.wav,6
/USERSPACE/DATASETS/CodecFake/train/F06_p304_323.wav,6
/USERSPACE/DATASETS/CodecFake/train/F06_SSB07480229.wav,6
/USERSPACE/DATASETS/CodecFake/train/F06_SSB04150361.wav,6
/USERSPACE/DATASETS/CodecFake/train/F06_SSB15750101.wav,6
/USERSPACE/DATASETS/CodecFake/train/F06_SSB03070202.wav,6
/USERSPACE/DATASETS/CodecFake/train/F06_SSB10960318.wav,6
/USERSPACE/DATASETS/CodecFake/train/F06_p301_109.wav,6
/USERSPACE/DATASETS/CodecFake/train/F06_SSB11380172.wav,6
/USERSPACE/DATASETS/CodecFake/train/F06_SSB18280286.wav,6
/USERSPACE/DATASETS/CodecFake/train/F06_p238_233.wav,6
/USERSPACE/DATASETS/CodecFake/train/F06_p312_234.wav,6
/USERSPACE/DATASETS/CodecFake/train/F06_p266_043.wav,6
/USERSPACE/DATASETS/CodecFake/train/F06_p260_356.wav,6
/USERSPACE/DATASETS/CodecFake/train/F06_SSB10640097.wav,6
/USERSPACE/DATASETS/CodecFake/train/F06_p306_079.wav,6
/USERSPACE/DATASETS/CodecFake/train/F06_p257_137.wav,6
/USERSPACE/DATASETS/CodecFake/train/F06_SSB02670452.wav,6
/USERSPACE/DATASETS/CodecFake/train/F06_p333_329.wav,6
/USERSPACE/DATASETS/CodecFake/train/F06_SSB17110464.wav,6
/USERSPACE/DATASETS/CodecFake/train/F06_SSB07000354.wav,6
/USERSPACE/DATASETS/CodecFake/train/F06_SSB06930010.wav,6
/USERSPACE/DATASETS/CodecFake/train/F06_p237_013.wav,6
/USERSPACE/DATASETS/CodecFake/train/F06_p326_227.wav,6
/USERSPACE/DATASETS/CodecFake/train/F06_p243_040.wav,6
/USERSPACE/DATASETS/CodecFake/train/F06_SSB10200168.wav,6
/USERSPACE/DATASETS/CodecFake/train/F06_SSB07940400.wav,6
/USERSPACE/DATASETS/CodecFake/train/F06_p288_085.wav,6
/USERSPACE/DATASETS/CodecFake/train/F06_SSB10560126.wav,6
/USERSPACE/DATASETS/CodecFake/train/F06_SSB18910267.wav,6
/USERSPACE/DATASETS/CodecFake/train/F06_SSB14570112.wav,6
/USERSPACE/DATASETS/CodecFake/train/F06_SSB01120402.wav,6
/USERSPACE/DATASETS/CodecFake/train/F06_SSB04150195.wav,6
/USERSPACE/DATASETS/CodecFake/train/F06_SSB07860094.wav,6
/USERSPACE/DATASETS/CodecFake/train/F06_SSB13850191.wav,6
/USERSPACE/DATASETS/CodecFake/train/F06_p288_198.wav,6
/USERSPACE/DATASETS/CodecFake/train/F06_SSB17810361.wav,6
/USERSPACE/DATASETS/CodecFake/train/F06_p231_150.wav,6
/USERSPACE/DATASETS/CodecFake/train/F06_p246_306.wav,6
/USERSPACE/DATASETS/CodecFake/train/F06_p351_038.wav,6
/USERSPACE/DATASETS/CodecFake/train/F06_SSB15850450.wav,6
/USERSPACE/DATASETS/CodecFake/train/F06_SSB03160120.wav,6
/USERSPACE/DATASETS/CodecFake/train/F06_p278_281.wav,6
/USERSPACE/DATASETS/CodecFake/train/F06_SSB18280170.wav,6
/USERSPACE/DATASETS/CodecFake/train/F06_SSB03420428.wav,6
/USERSPACE/DATASETS/CodecFake/train/F06_SSB05990294.wav,6
/USERSPACE/DATASETS/CodecFake/train/F06_p333_307.wav,6
/USERSPACE/DATASETS/CodecFake/train/F06_SSB00120246.wav,6
/USERSPACE/DATASETS/CodecFake/train/F06_SSB11150283.wav,6
/USERSPACE/DATASETS/CodecFake/train/F06_SSB10240156.wav,6
/USERSPACE/DATASETS/CodecFake/train/F06_SSB09190218.wav,6
/USERSPACE/DATASETS/CodecFake/train/F06_p285_015.wav,6
/USERSPACE/DATASETS/CodecFake/train/F06_p281_234.wav,6
/USERSPACE/DATASETS/CodecFake/train/F06_SSB06930011.wav,6
/USERSPACE/DATASETS/CodecFake/train/F06_SSB06320044.wav,6
/USERSPACE/DATASETS/CodecFake/train/F06_p292_367.wav,6
/USERSPACE/DATASETS/CodecFake/train/F06_SSB03230252.wav,6
/USERSPACE/DATASETS/CodecFake/train/F06_SSB01330002.wav,6
/USERSPACE/DATASETS/CodecFake/train/F06_p281_195.wav,6
/USERSPACE/DATASETS/CodecFake/train/F06_p292_199.wav,6
/USERSPACE/DATASETS/CodecFake/train/F06_p305_137.wav,6
/USERSPACE/DATASETS/CodecFake/train/F06_SSB02610124.wav,6
/USERSPACE/DATASETS/CodecFake/train/F06_p279_108.wav,6
/USERSPACE/DATASETS/CodecFake/train/F06_SSB03380413.wav,6
/USERSPACE/DATASETS/CodecFake/train/F06_SSB09150465.wav,6
/USERSPACE/DATASETS/CodecFake/train/F06_SSB10000272.wav,6
/USERSPACE/DATASETS/CodecFake/train/F06_p308_349.wav,6
/USERSPACE/DATASETS/CodecFake/train/F06_SSB13410188.wav,6
/USERSPACE/DATASETS/CodecFake/train/F06_SSB05350381.wav,6
/USERSPACE/DATASETS/CodecFake/train/F06_SSB19390427.wav,6
/USERSPACE/DATASETS/CodecFake/train/F06_SSB17110486.wav,6
/USERSPACE/DATASETS/CodecFake/train/F06_SSB11610381.wav,6
/USERSPACE/DATASETS/CodecFake/train/F06_p225_365.wav,6
/USERSPACE/DATASETS/CodecFake/train/F06_p326_202.wav,6
/USERSPACE/DATASETS/CodecFake/train/F06_p326_038.wav,6
/USERSPACE/DATASETS/CodecFake/train/F06_SSB07200039.wav,6
/USERSPACE/DATASETS/CodecFake/train/F06_SSB06010308.wav,6
/USERSPACE/DATASETS/CodecFake/train/F06_SSB10200506.wav,6
/USERSPACE/DATASETS/CodecFake/train/F06_SSB00120465.wav,6
/USERSPACE/DATASETS/CodecFake/train/F06_SSB00110147.wav,6
/USERSPACE/DATASETS/CodecFake/train/F06_SSB12180222.wav,6
/USERSPACE/DATASETS/CodecFake/train/F06_SSB07460248.wav,6
/USERSPACE/DATASETS/CodecFake/train/F06_SSB00050428.wav,6
/USERSPACE/DATASETS/CodecFake/train/F06_p326_326.wav,6
/USERSPACE/DATASETS/CodecFake/train/F06_SSB12210027.wav,6
/USERSPACE/DATASETS/CodecFake/train/F06_SSB04700494.wav,6
/USERSPACE/DATASETS/CodecFake/train/F06_p376_132.wav,6
/USERSPACE/DATASETS/CodecFake/train/F06_SSB06090425.wav,6
/USERSPACE/DATASETS/CodecFake/train/F06_SSB03940423.wav,6
/USERSPACE/DATASETS/CodecFake/train/F06_SSB16860345.wav,6
/USERSPACE/DATASETS/CodecFake/train/F06_p326_265.wav,6
/USERSPACE/DATASETS/CodecFake/train/F06_SSB12160054.wav,6
/USERSPACE/DATASETS/CodecFake/train/F06_p282_140.wav,6
/USERSPACE/DATASETS/CodecFake/train/F06_SSB03070080.wav,6
/USERSPACE/DATASETS/CodecFake/train/F06_SSB14520117.wav,6
/USERSPACE/DATASETS/CodecFake/train/F06_p307_010.wav,6
/USERSPACE/DATASETS/CodecFake/train/F06_SSB06310301.wav,6
/USERSPACE/DATASETS/CodecFake/train/F06_p311_112.wav,6
/USERSPACE/DATASETS/CodecFake/train/F06_p256_100.wav,6
/USERSPACE/DATASETS/CodecFake/train/F06_SSB00430314.wav,6
/USERSPACE/DATASETS/CodecFake/train/F06_p264_079.wav,6
/USERSPACE/DATASETS/CodecFake/train/F06_SSB13650330.wav,6
/USERSPACE/DATASETS/CodecFake/train/F06_SSB05780503.wav,6
/USERSPACE/DATASETS/CodecFake/train/F06_SSB03850445.wav,6
/USERSPACE/DATASETS/CodecFake/train/F06_SSB05350372.wav,6
/USERSPACE/DATASETS/CodecFake/train/F06_SSB12030307.wav,6
/USERSPACE/DATASETS/CodecFake/train/F06_SSB03090143.wav,6
/USERSPACE/DATASETS/CodecFake/train/F06_p360_323.wav,6
/USERSPACE/DATASETS/CodecFake/train/F06_p263_282.wav,6
/USERSPACE/DATASETS/CodecFake/train/F06_SSB04260018.wav,6
/USERSPACE/DATASETS/CodecFake/train/F06_SSB03090046.wav,6
/USERSPACE/DATASETS/CodecFake/train/F06_SSB15630445.wav,6
/USERSPACE/DATASETS/CodecFake/train/F06_p329_266.wav,6
/USERSPACE/DATASETS/CodecFake/train/F06_SSB05940436.wav,6
/USERSPACE/DATASETS/CodecFake/train/F06_SSB01490406.wav,6
/USERSPACE/DATASETS/CodecFake/train/F06_SSB05020024.wav,6
/USERSPACE/DATASETS/CodecFake/train/F06_p258_344.wav,6
/USERSPACE/DATASETS/CodecFake/train/F06_SSB10020337.wav,6
/USERSPACE/DATASETS/CodecFake/train/F06_SSB19180134.wav,6
/USERSPACE/DATASETS/CodecFake/train/F06_SSB02880189.wav,6
/USERSPACE/DATASETS/CodecFake/train/F06_SSB06060327.wav,6
/USERSPACE/DATASETS/CodecFake/train/F06_p363_226.wav,6
/USERSPACE/DATASETS/CodecFake/train/F06_SSB09660136.wav,6
/USERSPACE/DATASETS/CodecFake/train/F06_SSB00110365.wav,6
/USERSPACE/DATASETS/CodecFake/train/F06_SSB11000161.wav,6
/USERSPACE/DATASETS/CodecFake/train/F06_SSB03800472.wav,6
/USERSPACE/DATASETS/CodecFake/train/F06_SSB09350121.wav,6
/USERSPACE/DATASETS/CodecFake/train/F06_SSB07480126.wav,6
/USERSPACE/DATASETS/CodecFake/train/F06_SSB16860119.wav,6
/USERSPACE/DATASETS/CodecFake/train/F06_SSB18280273.wav,6
/USERSPACE/DATASETS/CodecFake/train/F06_p326_258.wav,6
/USERSPACE/DATASETS/CodecFake/train/F06_p362_144.wav,6
/USERSPACE/DATASETS/CodecFake/train/F06_p306_108.wav,6
/USERSPACE/DATASETS/CodecFake/train/F06_SSB09190417.wav,6
/USERSPACE/DATASETS/CodecFake/train/F06_p275_405.wav,6
/USERSPACE/DATASETS/CodecFake/train/F06_p297_133.wav,6
/USERSPACE/DATASETS/CodecFake/train/F06_SSB07840144.wav,6
/USERSPACE/DATASETS/CodecFake/train/F06_SSB10960006.wav,6
/USERSPACE/DATASETS/CodecFake/train/F06_SSB09660439.wav,6
/USERSPACE/DATASETS/CodecFake/train/F06_SSB05390070.wav,6
/USERSPACE/DATASETS/CodecFake/train/F06_SSB12740037.wav,6
/USERSPACE/DATASETS/CodecFake/train/F06_SSB11080112.wav,6
/USERSPACE/DATASETS/CodecFake/train/F06_SSB06060441.wav,6
/USERSPACE/DATASETS/CodecFake/train/F06_SSB07370299.wav,6
/USERSPACE/DATASETS/CodecFake/train/F06_SSB07600234.wav,6
/USERSPACE/DATASETS/CodecFake/train/F06_p258_097.wav,6
/USERSPACE/DATASETS/CodecFake/train/F06_SSB10020306.wav,6
/USERSPACE/DATASETS/CodecFake/train/F06_p279_047.wav,6
/USERSPACE/DATASETS/CodecFake/train/F06_SSB03660145.wav,6
/USERSPACE/DATASETS/CodecFake/train/F06_p265_148.wav,6
/USERSPACE/DATASETS/CodecFake/train/F06_SSB04150072.wav,6
/USERSPACE/DATASETS/CodecFake/train/F06_SSB13820326.wav,6
/USERSPACE/DATASETS/CodecFake/train/F06_p262_278.wav,6
/USERSPACE/DATASETS/CodecFake/train/F06_SSB18780130.wav,6
/USERSPACE/DATASETS/CodecFake/train/F06_p246_291.wav,6
/USERSPACE/DATASETS/CodecFake/train/F06_SSB02880106.wav,6
/USERSPACE/DATASETS/CodecFake/train/F06_SSB05020338.wav,6
/USERSPACE/DATASETS/CodecFake/train/F06_SSB13850378.wav,6
/USERSPACE/DATASETS/CodecFake/train/F06_p225_135.wav,6
/USERSPACE/DATASETS/CodecFake/train/F06_p305_099.wav,6
/USERSPACE/DATASETS/CodecFake/train/F06_p311_357.wav,6
/USERSPACE/DATASETS/CodecFake/train/F06_SSB11100308.wav,6
/USERSPACE/DATASETS/CodecFake/train/F06_SSB12040094.wav,6
/USERSPACE/DATASETS/CodecFake/train/F06_p301_307.wav,6
/USERSPACE/DATASETS/CodecFake/train/F06_SSB16300363.wav,6
/USERSPACE/DATASETS/CodecFake/train/F06_SSB09190091.wav,6
/USERSPACE/DATASETS/CodecFake/train/F06_SSB05650408.wav,6
/USERSPACE/DATASETS/CodecFake/train/F06_SSB00730448.wav,6
/USERSPACE/DATASETS/CodecFake/train/F06_SSB18630428.wav,6
/USERSPACE/DATASETS/CodecFake/train/F06_SSB18630337.wav,6
/USERSPACE/DATASETS/CodecFake/train/F06_SSB04700212.wav,6
/USERSPACE/DATASETS/CodecFake/train/F06_SSB00110262.wav,6
/USERSPACE/DATASETS/CodecFake/train/F06_p226_256.wav,6
/USERSPACE/DATASETS/CodecFake/train/F06_SSB03150033.wav,6
/USERSPACE/DATASETS/CodecFake/train/F06_p363_344.wav,6
/USERSPACE/DATASETS/CodecFake/train/F06_SSB17590105.wav,6
/USERSPACE/DATASETS/CodecFake/train/F06_p363_055.wav,6
/USERSPACE/DATASETS/CodecFake/train/F06_SSB19560104.wav,6
/USERSPACE/DATASETS/CodecFake/train/F06_SSB01220386.wav,6
/USERSPACE/DATASETS/CodecFake/train/F06_SSB03150421.wav,6
/USERSPACE/DATASETS/CodecFake/train/F06_SSB06320190.wav,6
/USERSPACE/DATASETS/CodecFake/train/F06_SSB06010465.wav,6
/USERSPACE/DATASETS/CodecFake/train/F06_p323_120.wav,6
/USERSPACE/DATASETS/CodecFake/train/F06_SSB02990302.wav,6
/USERSPACE/DATASETS/CodecFake/train/F06_SSB13990143.wav,6
/USERSPACE/DATASETS/CodecFake/train/F06_p237_149.wav,6
/USERSPACE/DATASETS/CodecFake/train/F06_p303_107.wav,6
/USERSPACE/DATASETS/CodecFake/train/F06_SSB18910354.wav,6
/USERSPACE/DATASETS/CodecFake/train/F06_p266_242.wav,6
/USERSPACE/DATASETS/CodecFake/train/F06_p361_404.wav,6
/USERSPACE/DATASETS/CodecFake/train/F06_p227_010.wav,6
/USERSPACE/DATASETS/CodecFake/train/F06_SSB06010333.wav,6
/USERSPACE/DATASETS/CodecFake/train/F06_SSB07480335.wav,6
/USERSPACE/DATASETS/CodecFake/train/F06_SSB00120433.wav,6
/USERSPACE/DATASETS/CodecFake/train/F06_SSB00160290.wav,6
/USERSPACE/DATASETS/CodecFake/train/F06_SSB04260389.wav,6
/USERSPACE/DATASETS/CodecFake/train/F06_p305_240.wav,6
/USERSPACE/DATASETS/CodecFake/train/F06_p267_292.wav,6
/USERSPACE/DATASETS/CodecFake/train/F06_SSB11080418.wav,6
/USERSPACE/DATASETS/CodecFake/train/F06_SSB11870029.wav,6
/USERSPACE/DATASETS/CodecFake/train/F06_SSB10080412.wav,6
/USERSPACE/DATASETS/CodecFake/train/F06_p307_069.wav,6
/USERSPACE/DATASETS/CodecFake/train/F06_SSB15930058.wav,6
/USERSPACE/DATASETS/CodecFake/train/F06_SSB00380357.wav,6
/USERSPACE/DATASETS/CodecFake/train/F06_SSB00050248.wav,6
/USERSPACE/DATASETS/CodecFake/train/F06_p273_230.wav,6
/USERSPACE/DATASETS/CodecFake/train/F06_SSB04340219.wav,6
/USERSPACE/DATASETS/CodecFake/train/F06_SSB05880143.wav,6
/USERSPACE/DATASETS/CodecFake/train/F06_SSB07600026.wav,6
/USERSPACE/DATASETS/CodecFake/train/F06_p257_420.wav,6
/USERSPACE/DATASETS/CodecFake/train/F06_SSB01220141.wav,6
/USERSPACE/DATASETS/CodecFake/train/F06_p246_215.wav,6
/USERSPACE/DATASETS/CodecFake/train/F06_SSB03410396.wav,6
/USERSPACE/DATASETS/CodecFake/train/F06_p229_363.wav,6
/USERSPACE/DATASETS/CodecFake/train/F06_SSB06090457.wav,6
/USERSPACE/DATASETS/CodecFake/train/F06_SSB15750193.wav,6
/USERSPACE/DATASETS/CodecFake/train/F06_p312_378.wav,6
/USERSPACE/DATASETS/CodecFake/train/F06_p300_043.wav,6
/USERSPACE/DATASETS/CodecFake/train/F06_p284_265.wav,6
/USERSPACE/DATASETS/CodecFake/train/F06_SSB12180423.wav,6
/USERSPACE/DATASETS/CodecFake/train/F06_SSB03380155.wav,6
/USERSPACE/DATASETS/CodecFake/train/F06_SSB07620204.wav,6
/USERSPACE/DATASETS/CodecFake/train/F06_SSB07600092.wav,6
/USERSPACE/DATASETS/CodecFake/train/F06_SSB04260353.wav,6
/USERSPACE/DATASETS/CodecFake/train/F06_SSB17590330.wav,6
/USERSPACE/DATASETS/CodecFake/train/F06_SSB17810368.wav,6
/USERSPACE/DATASETS/CodecFake/train/F06_SSB13850486.wav,6
/USERSPACE/DATASETS/CodecFake/train/F06_SSB03950142.wav,6
/USERSPACE/DATASETS/CodecFake/train/F06_SSB02000168.wav,6
/USERSPACE/DATASETS/CodecFake/train/F06_p277_122.wav,6
/USERSPACE/DATASETS/CodecFake/train/F06_SSB07100401.wav,6
/USERSPACE/DATASETS/CodecFake/train/F06_SSB09870165.wav,6
/USERSPACE/DATASETS/CodecFake/train/F06_SSB18780008.wav,6
/USERSPACE/DATASETS/CodecFake/train/F06_SSB06070001.wav,6
/USERSPACE/DATASETS/CodecFake/train/F06_p261_134.wav,6
/USERSPACE/DATASETS/CodecFake/train/F06_SSB06060107.wav,6
/USERSPACE/DATASETS/CodecFake/train/F06_SSB06140432.wav,6
/USERSPACE/DATASETS/CodecFake/train/F06_p230_017.wav,6
/USERSPACE/DATASETS/CodecFake/train/F06_p234_209.wav,6
/USERSPACE/DATASETS/CodecFake/train/F06_p252_137.wav,6
/USERSPACE/DATASETS/CodecFake/train/F06_SSB03660464.wav,6
/USERSPACE/DATASETS/CodecFake/train/F06_SSB06030170.wav,6
/USERSPACE/DATASETS/CodecFake/train/F06_SSB18720143.wav,6
/USERSPACE/DATASETS/CodecFake/train/F06_p314_233.wav,6
/USERSPACE/DATASETS/CodecFake/train/F06_p283_424.wav,6
/USERSPACE/DATASETS/CodecFake/train/F06_p227_371.wav,6
/USERSPACE/DATASETS/CodecFake/train/F06_SSB11870246.wav,6
/USERSPACE/DATASETS/CodecFake/train/F06_p232_105.wav,6
/USERSPACE/DATASETS/CodecFake/train/F06_SSB01970150.wav,6
/USERSPACE/DATASETS/CodecFake/train/F06_p345_329.wav,6
/USERSPACE/DATASETS/CodecFake/train/F06_SSB07360250.wav,6
/USERSPACE/DATASETS/CodecFake/train/F06_SSB07480293.wav,6
/USERSPACE/DATASETS/CodecFake/train/F06_p251_181.wav,6
/USERSPACE/DATASETS/CodecFake/train/F06_SSB00380160.wav,6
/USERSPACE/DATASETS/CodecFake/train/F06_SSB03380484.wav,6
/USERSPACE/DATASETS/CodecFake/train/F06_SSB02670076.wav,6
/USERSPACE/DATASETS/CodecFake/train/F06_p295_377.wav,6
/USERSPACE/DATASETS/CodecFake/train/F06_SSB01970464.wav,6
/USERSPACE/DATASETS/CodecFake/train/F06_SSB03850029.wav,6
/USERSPACE/DATASETS/CodecFake/train/F06_SSB09930495.wav,6
/USERSPACE/DATASETS/CodecFake/train/F06_SSB13660401.wav,6
/USERSPACE/DATASETS/CodecFake/train/F06_p362_292.wav,6
/USERSPACE/DATASETS/CodecFake/train/F06_SSB00110115.wav,6
/USERSPACE/DATASETS/CodecFake/train/F06_SSB02460300.wav,6
/USERSPACE/DATASETS/CodecFake/train/F06_SSB13400057.wav,6
/USERSPACE/DATASETS/CodecFake/train/F06_p345_001.wav,6
/USERSPACE/DATASETS/CodecFake/train/F06_p245_264.wav,6
/USERSPACE/DATASETS/CodecFake/train/F06_SSB03540068.wav,6
/USERSPACE/DATASETS/CodecFake/train/F06_p351_056.wav,6
/USERSPACE/DATASETS/CodecFake/train/F06_p239_262.wav,6
/USERSPACE/DATASETS/CodecFake/train/F06_SSB00380084.wav,6
/USERSPACE/DATASETS/CodecFake/train/F06_SSB12210262.wav,6
/USERSPACE/DATASETS/CodecFake/train/F06_SSB13650463.wav,6
/USERSPACE/DATASETS/CodecFake/train/F06_p268_067.wav,6
/USERSPACE/DATASETS/CodecFake/train/F06_p271_273.wav,6
/USERSPACE/DATASETS/CodecFake/train/F06_SSB11000346.wav,6
/USERSPACE/DATASETS/CodecFake/train/F06_p240_057.wav,6
/USERSPACE/DATASETS/CodecFake/train/F06_p297_368.wav,6
/USERSPACE/DATASETS/CodecFake/train/F06_SSB16500069.wav,6
/USERSPACE/DATASETS/CodecFake/train/F06_SSB06310296.wav,6
/USERSPACE/DATASETS/CodecFake/train/F06_p272_272.wav,6
/USERSPACE/DATASETS/CodecFake/train/F06_SSB05940430.wav,6
/USERSPACE/DATASETS/CodecFake/train/F06_SSB02990291.wav,6
/USERSPACE/DATASETS/CodecFake/train/F06_SSB05390330.wav,6
/USERSPACE/DATASETS/CodecFake/train/F06_SSB07940026.wav,6
/USERSPACE/DATASETS/CodecFake/train/F06_SSB19180216.wav,6
/USERSPACE/DATASETS/CodecFake/train/F06_p231_025.wav,6
/USERSPACE/DATASETS/CodecFake/train/F06_p360_110.wav,6
/USERSPACE/DATASETS/CodecFake/train/F06_p298_189.wav,6
/USERSPACE/DATASETS/CodecFake/train/F06_p241_238.wav,6
/USERSPACE/DATASETS/CodecFake/train/F06_p232_152.wav,6
/USERSPACE/DATASETS/CodecFake/train/F06_p232_292.wav,6
/USERSPACE/DATASETS/CodecFake/train/F06_SSB07800381.wav,6
/USERSPACE/DATASETS/CodecFake/train/F06_SSB11000466.wav,6
/USERSPACE/DATASETS/CodecFake/train/F06_SSB06320288.wav,6
/USERSPACE/DATASETS/CodecFake/train/F06_SSB05940232.wav,6
/USERSPACE/DATASETS/CodecFake/train/F06_p269_034.wav,6
/USERSPACE/DATASETS/CodecFake/train/F06_SSB18910285.wav,6
/USERSPACE/DATASETS/CodecFake/train/F06_p253_134.wav,6
/USERSPACE/DATASETS/CodecFake/train/F06_SSB18320046.wav,6
/USERSPACE/DATASETS/CodecFake/train/F06_SSB02410241.wav,6
/USERSPACE/DATASETS/CodecFake/train/F06_p274_260.wav,6
/USERSPACE/DATASETS/CodecFake/train/F06_p323_133.wav,6
/USERSPACE/DATASETS/CodecFake/train/F06_p244_033.wav,6
/USERSPACE/DATASETS/CodecFake/train/F06_p267_153.wav,6
/USERSPACE/DATASETS/CodecFake/train/F06_SSB12530137.wav,6
/USERSPACE/DATASETS/CodecFake/train/F06_SSB07230188.wav,6
/USERSPACE/DATASETS/CodecFake/train/F06_SSB01330377.wav,6
/USERSPACE/DATASETS/CodecFake/train/F06_SSB07110127.wav,6
/USERSPACE/DATASETS/CodecFake/train/F06_SSB08090419.wav,6
/USERSPACE/DATASETS/CodecFake/train/F06_p268_312.wav,6
/USERSPACE/DATASETS/CodecFake/train/F06_p287_092.wav,6
/USERSPACE/DATASETS/CodecFake/train/F06_p236_234.wav,6
/USERSPACE/DATASETS/CodecFake/train/F06_SSB05780251.wav,6
/USERSPACE/DATASETS/CodecFake/train/F06_SSB07940070.wav,6
/USERSPACE/DATASETS/CodecFake/train/F06_SSB07000075.wav,6
/USERSPACE/DATASETS/CodecFake/train/F06_SSB07480046.wav,6
/USERSPACE/DATASETS/CodecFake/train/F06_p262_341.wav,6
/USERSPACE/DATASETS/CodecFake/train/F06_SSB19560262.wav,6
/USERSPACE/DATASETS/CodecFake/train/F06_p282_179.wav,6
/USERSPACE/DATASETS/CodecFake/train/F06_p230_313.wav,6
/USERSPACE/DATASETS/CodecFake/train/F06_p263_148.wav,6
/USERSPACE/DATASETS/CodecFake/train/F06_SSB00110196.wav,6
/USERSPACE/DATASETS/CodecFake/train/F06_SSB15930200.wav,6
/USERSPACE/DATASETS/CodecFake/train/F06_SSB09190021.wav,6
/USERSPACE/DATASETS/CodecFake/train/F06_p312_199.wav,6
/USERSPACE/DATASETS/CodecFake/train/F06_SSB04700169.wav,6
/USERSPACE/DATASETS/CodecFake/train/F06_SSB03070066.wav,6
/USERSPACE/DATASETS/CodecFake/train/F06_p277_103.wav,6
/USERSPACE/DATASETS/CodecFake/train/F06_SSB18910269.wav,6
/USERSPACE/DATASETS/CodecFake/train/F06_p234_001.wav,6
/USERSPACE/DATASETS/CodecFake/train/F06_p234_094.wav,6
/USERSPACE/DATASETS/CodecFake/train/F06_SSB11870406.wav,6
/USERSPACE/DATASETS/CodecFake/train/F06_SSB03390147.wav,6
/USERSPACE/DATASETS/CodecFake/train/F06_SSB15670346.wav,6
/USERSPACE/DATASETS/CodecFake/train/F06_p376_186.wav,6
/USERSPACE/DATASETS/CodecFake/train/F06_SSB18370182.wav,6
/USERSPACE/DATASETS/CodecFake/train/F06_SSB04260345.wav,6
/USERSPACE/DATASETS/CodecFake/train/F06_p340_005.wav,6
/USERSPACE/DATASETS/CodecFake/train/F06_SSB03380107.wav,6
/USERSPACE/DATASETS/CodecFake/train/F06_SSB13020043.wav,6
/USERSPACE/DATASETS/CodecFake/train/F06_SSB17110213.wav,6
/USERSPACE/DATASETS/CodecFake/train/F06_p265_017.wav,6
/USERSPACE/DATASETS/CodecFake/train/F06_SSB13220425.wav,6
/USERSPACE/DATASETS/CodecFake/train/F06_SSB15630082.wav,6
/USERSPACE/DATASETS/CodecFake/train/F06_SSB16860426.wav,6
/USERSPACE/DATASETS/CodecFake/train/F06_SSB12040451.wav,6
/USERSPACE/DATASETS/CodecFake/train/F06_SSB10200166.wav,6
/USERSPACE/DATASETS/CodecFake/train/F06_SSB07600396.wav,6
/USERSPACE/DATASETS/CodecFake/train/F06_p276_438.wav,6
/USERSPACE/DATASETS/CodecFake/train/F06_SSB00160098.wav,6
/USERSPACE/DATASETS/CodecFake/train/F06_SSB05880262.wav,6
/USERSPACE/DATASETS/CodecFake/train/F06_SSB01970036.wav,6
/USERSPACE/DATASETS/CodecFake/train/F06_SSB03750405.wav,6
/USERSPACE/DATASETS/CodecFake/train/F06_SSB15850414.wav,6
/USERSPACE/DATASETS/CodecFake/train/F06_p255_355.wav,6
/USERSPACE/DATASETS/CodecFake/train/F06_SSB07000018.wav,6
/USERSPACE/DATASETS/CodecFake/train/F06_SSB07360400.wav,6
/USERSPACE/DATASETS/CodecFake/train/F06_SSB19020097.wav,6
/USERSPACE/DATASETS/CodecFake/train/F06_p347_382.wav,6
/USERSPACE/DATASETS/CodecFake/train/F06_SSB05650486.wav,6
/USERSPACE/DATASETS/CodecFake/train/F06_SSB06860120.wav,6
/USERSPACE/DATASETS/CodecFake/train/F06_p317_268.wav,6
/USERSPACE/DATASETS/CodecFake/train/F06_SSB13930078.wav,6
/USERSPACE/DATASETS/CodecFake/train/F06_SSB06030478.wav,6
/USERSPACE/DATASETS/CodecFake/train/F06_SSB07780070.wav,6
/USERSPACE/DATASETS/CodecFake/train/F06_SSB10720269.wav,6
/USERSPACE/DATASETS/CodecFake/train/F06_SSB02610272.wav,6
/USERSPACE/DATASETS/CodecFake/train/F06_SSB03950062.wav,6
/USERSPACE/DATASETS/CodecFake/train/F06_p300_239.wav,6
/USERSPACE/DATASETS/CodecFake/train/F06_SSB13660167.wav,6
/USERSPACE/DATASETS/CodecFake/train/F06_SSB06140198.wav,6
/USERSPACE/DATASETS/CodecFake/train/F06_SSB04820434.wav,6
/USERSPACE/DATASETS/CodecFake/train/F06_p273_382.wav,6
/USERSPACE/DATASETS/CodecFake/train/F06_p304_213.wav,6
/USERSPACE/DATASETS/CodecFake/train/F06_SSB03850158.wav,6
/USERSPACE/DATASETS/CodecFake/train/F06_p265_228.wav,6
/USERSPACE/DATASETS/CodecFake/train/F06_SSB06230361.wav,6
/USERSPACE/DATASETS/CodecFake/train/F06_p304_330.wav,6
/USERSPACE/DATASETS/CodecFake/train/F06_SSB05990405.wav,6
/USERSPACE/DATASETS/CodecFake/train/F06_SSB02000405.wav,6
/USERSPACE/DATASETS/CodecFake/train/F06_SSB14020259.wav,6
/USERSPACE/DATASETS/CodecFake/train/F06_SSB19560217.wav,6
/USERSPACE/DATASETS/CodecFake/train/F06_SSB02730062.wav,6
/USERSPACE/DATASETS/CodecFake/train/F06_SSB10200260.wav,6
/USERSPACE/DATASETS/CodecFake/train/F06_SSB00050031.wav,6
/USERSPACE/DATASETS/CodecFake/train/F06_SSB00430022.wav,6
/USERSPACE/DATASETS/CodecFake/train/F06_p267_413.wav,6
/USERSPACE/DATASETS/CodecFake/train/F06_SSB07100492.wav,6
/USERSPACE/DATASETS/CodecFake/train/F06_SSB02410202.wav,6
/USERSPACE/DATASETS/CodecFake/train/F06_p362_312.wav,6
/USERSPACE/DATASETS/CodecFake/train/F06_SSB03160461.wav,6
/USERSPACE/DATASETS/CodecFake/train/F06_p258_022.wav,6
/USERSPACE/DATASETS/CodecFake/train/F06_SSB08170399.wav,6
/USERSPACE/DATASETS/CodecFake/train/F06_p340_390.wav,6
/USERSPACE/DATASETS/CodecFake/train/F06_SSB16240232.wav,6
/USERSPACE/DATASETS/CodecFake/train/F06_SSB11610421.wav,6
/USERSPACE/DATASETS/CodecFake/train/F06_SSB03150452.wav,6
/USERSPACE/DATASETS/CodecFake/train/F06_p229_029.wav,6
/USERSPACE/DATASETS/CodecFake/train/F06_SSB11150460.wav,6
/USERSPACE/DATASETS/CodecFake/train/F06_SSB16250344.wav,6
/USERSPACE/DATASETS/CodecFake/train/F06_SSB07940175.wav,6
/USERSPACE/DATASETS/CodecFake/train/F06_SSB01490112.wav,6
/USERSPACE/DATASETS/CodecFake/train/F06_SSB07510111.wav,6
/USERSPACE/DATASETS/CodecFake/train/F06_p336_309.wav,6
/USERSPACE/DATASETS/CodecFake/train/F06_SSB10240073.wav,6
/USERSPACE/DATASETS/CodecFake/train/F06_p340_063.wav,6
/USERSPACE/DATASETS/CodecFake/train/F06_SSB07020164.wav,6
/USERSPACE/DATASETS/CodecFake/train/F06_SSB17810332.wav,6
/USERSPACE/DATASETS/CodecFake/train/F06_p329_394.wav,6
/USERSPACE/DATASETS/CodecFake/train/F06_SSB07600385.wav,6
/USERSPACE/DATASETS/CodecFake/train/F06_p257_087.wav,6
/USERSPACE/DATASETS/CodecFake/train/F06_p253_343.wav,6
/USERSPACE/DATASETS/CodecFake/train/F06_SSB13930319.wav,6
/USERSPACE/DATASETS/CodecFake/train/F06_p267_288.wav,6
/USERSPACE/DATASETS/CodecFake/train/F06_p363_370.wav,6
/USERSPACE/DATASETS/CodecFake/train/F06_SSB10960047.wav,6
/USERSPACE/DATASETS/CodecFake/train/F06_SSB10560142.wav,6
/USERSPACE/DATASETS/CodecFake/train/F06_p333_134.wav,6
/USERSPACE/DATASETS/CodecFake/train/F06_SSB05780315.wav,6
/USERSPACE/DATASETS/CodecFake/train/F06_p240_099.wav,6
/USERSPACE/DATASETS/CodecFake/train/F06_SSB07370471.wav,6
/USERSPACE/DATASETS/CodecFake/train/F06_SSB12150497.wav,6
/USERSPACE/DATASETS/CodecFake/train/F06_p295_399.wav,6
/USERSPACE/DATASETS/CodecFake/train/F06_SSB07490249.wav,6
/USERSPACE/DATASETS/CodecFake/train/F06_SSB16250167.wav,6
/USERSPACE/DATASETS/CodecFake/train/F06_p247_355.wav,6
/USERSPACE/DATASETS/CodecFake/train/F06_SSB17280479.wav,6
/USERSPACE/DATASETS/CodecFake/train/F06_SSB07510379.wav,6
/USERSPACE/DATASETS/CodecFake/train/F06_SSB07510258.wav,6
/USERSPACE/DATASETS/CodecFake/train/F06_p317_423.wav,6
/USERSPACE/DATASETS/CodecFake/train/F06_p253_089.wav,6
/USERSPACE/DATASETS/CodecFake/train/F06_SSB07940154.wav,6
/USERSPACE/DATASETS/CodecFake/train/F06_p347_394.wav,6
/USERSPACE/DATASETS/CodecFake/train/F06_SSB10960444.wav,6
/USERSPACE/DATASETS/CodecFake/train/F06_SSB08870402.wav,6
/USERSPACE/DATASETS/CodecFake/train/F06_SSB04350155.wav,6
/USERSPACE/DATASETS/CodecFake/train/F06_SSB00730012.wav,6
/USERSPACE/DATASETS/CodecFake/train/F06_p277_170.wav,6
/USERSPACE/DATASETS/CodecFake/train/F06_SSB05650324.wav,6
/USERSPACE/DATASETS/CodecFake/train/F06_SSB18630239.wav,6
/USERSPACE/DATASETS/CodecFake/train/F06_SSB13410099.wav,6
/USERSPACE/DATASETS/CodecFake/train/F06_SSB17820220.wav,6
/USERSPACE/DATASETS/CodecFake/train/F06_SSB06090058.wav,6
/USERSPACE/DATASETS/CodecFake/train/F06_p345_154.wav,6
/USERSPACE/DATASETS/CodecFake/train/F06_SSB11000401.wav,6
/USERSPACE/DATASETS/CodecFake/train/F06_p276_308.wav,6
/USERSPACE/DATASETS/CodecFake/train/F06_p287_026.wav,6
/USERSPACE/DATASETS/CodecFake/train/F06_p279_236.wav,6
/USERSPACE/DATASETS/CodecFake/train/F06_SSB17110366.wav,6
/USERSPACE/DATASETS/CodecFake/train/F06_p316_093.wav,6
/USERSPACE/DATASETS/CodecFake/train/F06_SSB10200510.wav,6
/USERSPACE/DATASETS/CodecFake/train/F06_SSB06010430.wav,6
/USERSPACE/DATASETS/CodecFake/train/F06_p248_223.wav,6
/USERSPACE/DATASETS/CodecFake/train/F06_SSB14080346.wav,6
/USERSPACE/DATASETS/CodecFake/train/F06_p260_174.wav,6
/USERSPACE/DATASETS/CodecFake/train/F06_SSB00380412.wav,6
/USERSPACE/DATASETS/CodecFake/train/F06_SSB07360241.wav,6
/USERSPACE/DATASETS/CodecFake/train/F06_p239_271.wav,6
/USERSPACE/DATASETS/CodecFake/train/F06_SSB19390079.wav,6
/USERSPACE/DATASETS/CodecFake/train/F06_SSB07020233.wav,6
/USERSPACE/DATASETS/CodecFake/train/F06_SSB09970297.wav,6
/USERSPACE/DATASETS/CodecFake/train/F06_SSB07020177.wav,6
/USERSPACE/DATASETS/CodecFake/train/F06_SSB03750124.wav,6
/USERSPACE/DATASETS/CodecFake/train/F06_SSB03380228.wav,6
/USERSPACE/DATASETS/CodecFake/train/F06_SSB02880131.wav,6
/USERSPACE/DATASETS/CodecFake/train/F06_SSB03540486.wav,6
/USERSPACE/DATASETS/CodecFake/train/F06_p278_136.wav,6
/USERSPACE/DATASETS/CodecFake/train/F06_SSB05700415.wav,6
/USERSPACE/DATASETS/CodecFake/train/F06_p272_217.wav,6
/USERSPACE/DATASETS/CodecFake/train/F06_SSB10500094.wav,6
/USERSPACE/DATASETS/CodecFake/train/F06_SSB13770304.wav,6
/USERSPACE/DATASETS/CodecFake/train/F06_p230_269.wav,6
/USERSPACE/DATASETS/CodecFake/train/F06_SSB10640434.wav,6
/USERSPACE/DATASETS/CodecFake/train/F06_SSB03410140.wav,6
/USERSPACE/DATASETS/CodecFake/train/F06_SSB02000402.wav,6
/USERSPACE/DATASETS/CodecFake/train/F06_SSB03940330.wav,6
/USERSPACE/DATASETS/CodecFake/train/F06_p336_263.wav,6
/USERSPACE/DATASETS/CodecFake/train/F06_SSB02990487.wav,6
/USERSPACE/DATASETS/CodecFake/train/F06_SSB09130419.wav,6
/USERSPACE/DATASETS/CodecFake/train/F06_SSB13850502.wav,6
/USERSPACE/DATASETS/CodecFake/train/F06_SSB05900504.wav,6
/USERSPACE/DATASETS/CodecFake/train/F06_SSB07110389.wav,6
/USERSPACE/DATASETS/CodecFake/train/F06_SSB03850246.wav,6
/USERSPACE/DATASETS/CodecFake/train/F06_p308_293.wav,6
/USERSPACE/DATASETS/CodecFake/train/F06_SSB05900278.wav,6
/USERSPACE/DATASETS/CodecFake/train/F06_SSB02000047.wav,6
/USERSPACE/DATASETS/CodecFake/train/F06_p230_215.wav,6
/USERSPACE/DATASETS/CodecFake/train/F06_SSB02870190.wav,6
/USERSPACE/DATASETS/CodecFake/train/F06_p256_008.wav,6
/USERSPACE/DATASETS/CodecFake/train/F06_p308_115.wav,6
/USERSPACE/DATASETS/CodecFake/train/F06_p234_360.wav,6
/USERSPACE/DATASETS/CodecFake/train/F06_p294_156.wav,6
/USERSPACE/DATASETS/CodecFake/train/F06_p360_051.wav,6
/USERSPACE/DATASETS/CodecFake/train/F06_p280_070.wav,6
/USERSPACE/DATASETS/CodecFake/train/F06_p240_349.wav,6
/USERSPACE/DATASETS/CodecFake/train/F06_SSB07370196.wav,6
/USERSPACE/DATASETS/CodecFake/train/F06_SSB06060007.wav,6
/USERSPACE/DATASETS/CodecFake/train/F06_p293_304.wav,6
/USERSPACE/DATASETS/CodecFake/train/F06_SSB01930198.wav,6
/USERSPACE/DATASETS/CodecFake/train/F06_SSB07360461.wav,6
/USERSPACE/DATASETS/CodecFake/train/F06_p299_290.wav,6
/USERSPACE/DATASETS/CodecFake/train/F06_SSB10200080.wav,6
/USERSPACE/DATASETS/CodecFake/train/F06_SSB10640086.wav,6
/USERSPACE/DATASETS/CodecFake/train/F06_SSB10960075.wav,6
/USERSPACE/DATASETS/CodecFake/train/F06_SSB09130126.wav,6
/USERSPACE/DATASETS/CodecFake/train/F06_SSB03790312.wav,6
/USERSPACE/DATASETS/CodecFake/train/F06_SSB16070434.wav,6
/USERSPACE/DATASETS/CodecFake/train/F06_SSB06660411.wav,6
/USERSPACE/DATASETS/CodecFake/train/F06_SSB03420303.wav,6
/USERSPACE/DATASETS/CodecFake/train/F06_p233_370.wav,6
/USERSPACE/DATASETS/CodecFake/train/F06_SSB04350107.wav,6
/USERSPACE/DATASETS/CodecFake/train/F06_p268_012.wav,6
/USERSPACE/DATASETS/CodecFake/train/F06_SSB10240391.wav,6
/USERSPACE/DATASETS/CodecFake/train/F06_SSB06090204.wav,6
/USERSPACE/DATASETS/CodecFake/train/F06_SSB00730036.wav,6
/USERSPACE/DATASETS/CodecFake/train/F06_SSB07860356.wav,6
/USERSPACE/DATASETS/CodecFake/train/F06_SSB11870142.wav,6
/USERSPACE/DATASETS/CodecFake/train/F06_SSB16860152.wav,6
/USERSPACE/DATASETS/CodecFake/train/F06_SSB01390114.wav,6
/USERSPACE/DATASETS/CodecFake/train/F06_SSB12210165.wav,6
/USERSPACE/DATASETS/CodecFake/train/F06_SSB11100291.wav,6
/USERSPACE/DATASETS/CodecFake/train/F06_p270_078.wav,6
/USERSPACE/DATASETS/CodecFake/train/F06_SSB06230120.wav,6
/USERSPACE/DATASETS/CodecFake/train/F06_SSB09930317.wav,6
/USERSPACE/DATASETS/CodecFake/train/F06_SSB07100354.wav,6
/USERSPACE/DATASETS/CodecFake/train/F06_p339_322.wav,6
/USERSPACE/DATASETS/CodecFake/train/F06_p360_011.wav,6
/USERSPACE/DATASETS/CodecFake/train/F06_SSB03750149.wav,6
/USERSPACE/DATASETS/CodecFake/train/F06_p276_161.wav,6
/USERSPACE/DATASETS/CodecFake/train/F06_SSB15550176.wav,6
/USERSPACE/DATASETS/CodecFake/train/F06_SSB01330244.wav,6
/USERSPACE/DATASETS/CodecFake/train/F06_SSB01450296.wav,6
/USERSPACE/DATASETS/CodecFake/train/F06_SSB02410464.wav,6
/USERSPACE/DATASETS/CodecFake/train/F06_p254_198.wav,6
/USERSPACE/DATASETS/CodecFake/train/F06_p275_140.wav,6
/USERSPACE/DATASETS/CodecFake/train/F06_SSB07460224.wav,6
/USERSPACE/DATASETS/CodecFake/train/F06_p254_347.wav,6
/USERSPACE/DATASETS/CodecFake/train/F06_p288_342.wav,6
/USERSPACE/DATASETS/CodecFake/train/F06_SSB03790497.wav,6
/USERSPACE/DATASETS/CodecFake/train/F06_SSB02990187.wav,6
/USERSPACE/DATASETS/CodecFake/train/F06_p315_346.wav,6
/USERSPACE/DATASETS/CodecFake/train/F06_SSB11250266.wav,6
/USERSPACE/DATASETS/CodecFake/train/F06_p255_155.wav,6
/USERSPACE/DATASETS/CodecFake/train/F06_SSB00430161.wav,6
/USERSPACE/DATASETS/CodecFake/train/F06_SSB07940164.wav,6
/USERSPACE/DATASETS/CodecFake/train/F06_p341_199.wav,6
/USERSPACE/DATASETS/CodecFake/train/F06_p341_258.wav,6
/USERSPACE/DATASETS/CodecFake/train/F06_p277_112.wav,6
/USERSPACE/DATASETS/CodecFake/train/F06_SSB09130458.wav,6
/USERSPACE/DATASETS/CodecFake/train/F06_p297_051.wav,6
/USERSPACE/DATASETS/CodecFake/train/F06_SSB15670208.wav,6
/USERSPACE/DATASETS/CodecFake/train/F06_SSB05780321.wav,6
/USERSPACE/DATASETS/CodecFake/train/F06_p306_261.wav,6
/USERSPACE/DATASETS/CodecFake/train/F06_SSB07800146.wav,6
/USERSPACE/DATASETS/CodecFake/train/F06_SSB06140088.wav,6
/USERSPACE/DATASETS/CodecFake/train/F06_SSB08710343.wav,6
/USERSPACE/DATASETS/CodecFake/train/F06_SSB01970129.wav,6
/USERSPACE/DATASETS/CodecFake/train/F06_p236_403.wav,6
/USERSPACE/DATASETS/CodecFake/train/F06_p256_016.wav,6
/USERSPACE/DATASETS/CodecFake/train/F06_p311_286.wav,6
/USERSPACE/DATASETS/CodecFake/train/F06_SSB07800131.wav,6
/USERSPACE/DATASETS/CodecFake/train/F06_SSB09190284.wav,6
/USERSPACE/DATASETS/CodecFake/train/F06_SSB12180150.wav,6
/USERSPACE/DATASETS/CodecFake/train/F06_SSB04070400.wav,6
/USERSPACE/DATASETS/CodecFake/train/F06_SSB00090453.wav,6
/USERSPACE/DATASETS/CodecFake/train/F06_SSB07490031.wav,6
/USERSPACE/DATASETS/CodecFake/train/F06_p362_027.wav,6
/USERSPACE/DATASETS/CodecFake/train/F06_SSB08090137.wav,6
/USERSPACE/DATASETS/CodecFake/train/F06_SSB00090373.wav,6
/USERSPACE/DATASETS/CodecFake/train/F06_p264_024.wav,6
/USERSPACE/DATASETS/CodecFake/train/F06_SSB19020018.wav,6
/USERSPACE/DATASETS/CodecFake/train/F06_SSB06290389.wav,6
/USERSPACE/DATASETS/CodecFake/train/F06_SSB16240234.wav,6
/USERSPACE/DATASETS/CodecFake/train/F06_SSB18310352.wav,6
/USERSPACE/DATASETS/CodecFake/train/F06_p248_346.wav,6
/USERSPACE/DATASETS/CodecFake/train/F06_SSB01390179.wav,6
/USERSPACE/DATASETS/CodecFake/train/F06_SSB04070143.wav,6
/USERSPACE/DATASETS/CodecFake/train/F06_p335_275.wav,6
/USERSPACE/DATASETS/CodecFake/train/F06_SSB18720189.wav,6
/USERSPACE/DATASETS/CodecFake/train/F06_p298_059.wav,6
/USERSPACE/DATASETS/CodecFake/train/F06_SSB11000077.wav,6
/USERSPACE/DATASETS/CodecFake/train/F06_SSB02460018.wav,6
/USERSPACE/DATASETS/CodecFake/train/F06_SSB03230418.wav,6
/USERSPACE/DATASETS/CodecFake/train/F06_SSB10960445.wav,6
/USERSPACE/DATASETS/CodecFake/train/F06_SSB05900139.wav,6
/USERSPACE/DATASETS/CodecFake/train/F06_SSB02730189.wav,6
/USERSPACE/DATASETS/CodecFake/train/F06_p340_223.wav,6
/USERSPACE/DATASETS/CodecFake/train/F06_SSB07460372.wav,6
/USERSPACE/DATASETS/CodecFake/train/F06_SSB00570159.wav,6
/USERSPACE/DATASETS/CodecFake/train/F06_SSB05340110.wav,6
/USERSPACE/DATASETS/CodecFake/train/F06_p231_125.wav,6
/USERSPACE/DATASETS/CodecFake/train/F06_SSB05020387.wav,6
/USERSPACE/DATASETS/CodecFake/train/F06_SSB05880353.wav,6
/USERSPACE/DATASETS/CodecFake/train/F06_SSB03660045.wav,6
/USERSPACE/DATASETS/CodecFake/train/F06_SSB02730245.wav,6
/USERSPACE/DATASETS/CodecFake/train/F06_p360_403.wav,6
/USERSPACE/DATASETS/CodecFake/train/F06_SSB10200474.wav,6
/USERSPACE/DATASETS/CodecFake/train/F06_SSB08870382.wav,6
/USERSPACE/DATASETS/CodecFake/train/F06_p232_128.wav,6
/USERSPACE/DATASETS/CodecFake/train/F06_SSB16240208.wav,6
/USERSPACE/DATASETS/CodecFake/train/F06_SSB13020459.wav,6
/USERSPACE/DATASETS/CodecFake/train/F06_SSB07460215.wav,6
/USERSPACE/DATASETS/CodecFake/train/F06_SSB08630402.wav,6
/USERSPACE/DATASETS/CodecFake/train/F06_p283_293.wav,6
/USERSPACE/DATASETS/CodecFake/train/F06_p286_410.wav,6
/USERSPACE/DATASETS/CodecFake/train/F06_p347_302.wav,6
/USERSPACE/DATASETS/CodecFake/train/F06_SSB02460052.wav,6
/USERSPACE/DATASETS/CodecFake/train/F06_SSB03750416.wav,6
/USERSPACE/DATASETS/CodecFake/train/F06_SSB01970005.wav,6
/USERSPACE/DATASETS/CodecFake/train/F06_p305_209.wav,6
/USERSPACE/DATASETS/CodecFake/train/F06_SSB07170476.wav,6
/USERSPACE/DATASETS/CodecFake/train/F06_SSB07490206.wav,6
/USERSPACE/DATASETS/CodecFake/train/F06_SSB06010127.wav,6
/USERSPACE/DATASETS/CodecFake/train/F06_p225_005.wav,6
/USERSPACE/DATASETS/CodecFake/train/F06_SSB16300247.wav,6
/USERSPACE/DATASETS/CodecFake/train/F06_p335_078.wav,6
/USERSPACE/DATASETS/CodecFake/train/F06_SSB13920439.wav,6
/USERSPACE/DATASETS/CodecFake/train/F06_SSB10720176.wav,6
/USERSPACE/DATASETS/CodecFake/train/F06_SSB03420311.wav,6
/USERSPACE/DATASETS/CodecFake/train/F06_p294_332.wav,6
/USERSPACE/DATASETS/CodecFake/train/F06_p244_398.wav,6
/USERSPACE/DATASETS/CodecFake/train/F06_SSB19350106.wav,6
/USERSPACE/DATASETS/CodecFake/train/F06_SSB11260045.wav,6
/USERSPACE/DATASETS/CodecFake/train/F06_SSB07230026.wav,6
/USERSPACE/DATASETS/CodecFake/train/F06_SSB18720354.wav,6
/USERSPACE/DATASETS/CodecFake/train/F06_SSB06070488.wav,6
/USERSPACE/DATASETS/CodecFake/train/F06_SSB03150046.wav,6
/USERSPACE/DATASETS/CodecFake/train/F06_SSB12210073.wav,6
/USERSPACE/DATASETS/CodecFake/train/F06_p318_203.wav,6
/USERSPACE/DATASETS/CodecFake/train/F06_p252_361.wav,6
/USERSPACE/DATASETS/CodecFake/train/F06_p281_189.wav,6
/USERSPACE/DATASETS/CodecFake/train/F06_SSB08510323.wav,6
/USERSPACE/DATASETS/CodecFake/train/F06_SSB17390088.wav,6
/USERSPACE/DATASETS/CodecFake/train/F06_p361_155.wav,6
/USERSPACE/DATASETS/CodecFake/train/F06_SSB02460219.wav,6
/USERSPACE/DATASETS/CodecFake/train/F06_p318_200.wav,6
/USERSPACE/DATASETS/CodecFake/train/F06_SSB13830374.wav,6
/USERSPACE/DATASETS/CodecFake/train/F06_SSB03950214.wav,6
/USERSPACE/DATASETS/CodecFake/train/F06_SSB00160248.wav,6
/USERSPACE/DATASETS/CodecFake/train/F06_SSB19180107.wav,6
/USERSPACE/DATASETS/CodecFake/train/F06_SSB05350305.wav,6
/USERSPACE/DATASETS/CodecFake/train/F06_SSB07620165.wav,6
/USERSPACE/DATASETS/CodecFake/train/F06_SSB00330214.wav,6
/USERSPACE/DATASETS/CodecFake/train/F06_SSB05350198.wav,6
/USERSPACE/DATASETS/CodecFake/train/F06_p326_179.wav,6
/USERSPACE/DATASETS/CodecFake/train/F06_SSB11250347.wav,6
/USERSPACE/DATASETS/CodecFake/train/F06_p260_189.wav,6
/USERSPACE/DATASETS/CodecFake/train/F06_p294_118.wav,6
/USERSPACE/DATASETS/CodecFake/train/F06_SSB10910227.wav,6
/USERSPACE/DATASETS/CodecFake/train/F06_SSB01330149.wav,6
/USERSPACE/DATASETS/CodecFake/train/F06_SSB15930267.wav,6
/USERSPACE/DATASETS/CodecFake/train/F06_SSB02000165.wav,6
/USERSPACE/DATASETS/CodecFake/train/F06_SSB03090155.wav,6
/USERSPACE/DATASETS/CodecFake/train/F06_SSB18630449.wav,6
/USERSPACE/DATASETS/CodecFake/train/F06_SSB06010500.wav,6
/USERSPACE/DATASETS/CodecFake/train/F06_SSB19180239.wav,6
/USERSPACE/DATASETS/CodecFake/train/F06_SSB06070008.wav,6
/USERSPACE/DATASETS/CodecFake/train/F06_SSB09870035.wav,6
/USERSPACE/DATASETS/CodecFake/train/F06_SSB00110310.wav,6
/USERSPACE/DATASETS/CodecFake/train/F06_p250_121.wav,6
/USERSPACE/DATASETS/CodecFake/train/F06_SSB03850325.wav,6
/USERSPACE/DATASETS/CodecFake/train/F06_SSB01120159.wav,6
/USERSPACE/DATASETS/CodecFake/train/F06_p269_204.wav,6
/USERSPACE/DATASETS/CodecFake/train/F06_SSB16500204.wav,6
/USERSPACE/DATASETS/CodecFake/train/F06_SSB14480275.wav,6
/USERSPACE/DATASETS/CodecFake/train/F06_SSB07360328.wav,6
/USERSPACE/DATASETS/CodecFake/train/F06_SSB00730084.wav,6
/USERSPACE/DATASETS/CodecFake/train/F06_SSB09660382.wav,6
/USERSPACE/DATASETS/CodecFake/train/F06_SSB03230127.wav,6
/USERSPACE/DATASETS/CodecFake/train/F06_SSB10010016.wav,6
/USERSPACE/DATASETS/CodecFake/train/F06_SSB00800358.wav,6
/USERSPACE/DATASETS/CodecFake/train/F06_SSB07160129.wav,6
/USERSPACE/DATASETS/CodecFake/train/F06_SSB05020222.wav,6
/USERSPACE/DATASETS/CodecFake/train/F06_p340_401.wav,6
/USERSPACE/DATASETS/CodecFake/train/F06_SSB07020159.wav,6
/USERSPACE/DATASETS/CodecFake/train/F06_SSB04070051.wav,6
/USERSPACE/DATASETS/CodecFake/train/F06_p244_008.wav,6
/USERSPACE/DATASETS/CodecFake/train/F06_SSB13770280.wav,6
/USERSPACE/DATASETS/CodecFake/train/F06_p252_089.wav,6
/USERSPACE/DATASETS/CodecFake/train/F06_SSB03950282.wav,6
/USERSPACE/DATASETS/CodecFake/train/F06_p284_335.wav,6
/USERSPACE/DATASETS/CodecFake/train/F06_SSB14570217.wav,6
/USERSPACE/DATASETS/CodecFake/train/F06_SSB15750495.wav,6
/USERSPACE/DATASETS/CodecFake/train/F06_p336_249.wav,6
/USERSPACE/DATASETS/CodecFake/train/F06_SSB02870030.wav,6
/USERSPACE/DATASETS/CodecFake/train/F06_p360_159.wav,6
/USERSPACE/DATASETS/CodecFake/train/F06_SSB19020109.wav,6
/USERSPACE/DATASETS/CodecFake/train/F06_SSB07940365.wav,6
/USERSPACE/DATASETS/CodecFake/train/F06_SSB07800039.wav,6
/USERSPACE/DATASETS/CodecFake/train/F06_SSB06680383.wav,6
/USERSPACE/DATASETS/CodecFake/train/F06_p293_292.wav,6
/USERSPACE/DATASETS/CodecFake/train/F06_SSB07200298.wav,6
/USERSPACE/DATASETS/CodecFake/train/F06_p271_378.wav,6
/USERSPACE/DATASETS/CodecFake/train/F06_SSB00380211.wav,6
/USERSPACE/DATASETS/CodecFake/train/F06_SSB10720301.wav,6
/USERSPACE/DATASETS/CodecFake/train/F06_p258_333.wav,6
/USERSPACE/DATASETS/CodecFake/train/F06_SSB02870097.wav,6
/USERSPACE/DATASETS/CodecFake/train/F06_SSB05780112.wav,6
/USERSPACE/DATASETS/CodecFake/train/F06_p285_187.wav,6
/USERSPACE/DATASETS/CodecFake/train/F06_SSB00180182.wav,6
/USERSPACE/DATASETS/CodecFake/train/F06_SSB11250424.wav,6
/USERSPACE/DATASETS/CodecFake/train/F06_SSB03930138.wav,6
/USERSPACE/DATASETS/CodecFake/train/F06_SSB14080029.wav,6
/USERSPACE/DATASETS/CodecFake/train/F06_SSB17390076.wav,6
/USERSPACE/DATASETS/CodecFake/train/F06_SSB15750356.wav,6
/USERSPACE/DATASETS/CodecFake/train/F06_SSB10550436.wav,6
/USERSPACE/DATASETS/CodecFake/train/F06_SSB06090285.wav,6
/USERSPACE/DATASETS/CodecFake/train/F06_p260_215.wav,6
/USERSPACE/DATASETS/CodecFake/train/F06_p247_122.wav,6
/USERSPACE/DATASETS/CodecFake/train/F06_SSB16240454.wav,6
/USERSPACE/DATASETS/CodecFake/train/F06_SSB01970111.wav,6
/USERSPACE/DATASETS/CodecFake/train/F06_SSB06140378.wav,6
/USERSPACE/DATASETS/CodecFake/train/F06_SSB00050480.wav,6
/USERSPACE/DATASETS/CodecFake/train/F06_p280_138.wav,6
/USERSPACE/DATASETS/CodecFake/train/F06_p334_279.wav,6
/USERSPACE/DATASETS/CodecFake/train/F06_p253_131.wav,6
/USERSPACE/DATASETS/CodecFake/train/F06_SSB13400381.wav,6
/USERSPACE/DATASETS/CodecFake/train/F06_p310_244.wav,6
/USERSPACE/DATASETS/CodecFake/train/F06_SSB13200228.wav,6
/USERSPACE/DATASETS/CodecFake/train/F06_p233_296.wav,6
/USERSPACE/DATASETS/CodecFake/train/F06_SSB11310129.wav,6
/USERSPACE/DATASETS/CodecFake/train/F06_SSB09660050.wav,6
/USERSPACE/DATASETS/CodecFake/train/F06_p364_092.wav,6
/USERSPACE/DATASETS/CodecFake/train/F06_SSB10020365.wav,6
/USERSPACE/DATASETS/CodecFake/train/F06_SSB19180022.wav,6
/USERSPACE/DATASETS/CodecFake/train/F06_p308_412.wav,6
/USERSPACE/DATASETS/CodecFake/train/F06_SSB12150117.wav,6
/USERSPACE/DATASETS/CodecFake/train/F06_SSB05900277.wav,6
/USERSPACE/DATASETS/CodecFake/train/F06_SSB05900289.wav,6
/USERSPACE/DATASETS/CodecFake/train/F06_SSB11250044.wav,6
/USERSPACE/DATASETS/CodecFake/train/F06_SSB01930420.wav,6
/USERSPACE/DATASETS/CodecFake/train/F06_p298_329.wav,6
/USERSPACE/DATASETS/CodecFake/train/F06_SSB14020507.wav,6
/USERSPACE/DATASETS/CodecFake/train/F06_SSB01390442.wav,6
/USERSPACE/DATASETS/CodecFake/train/F06_SSB03790264.wav,6
/USERSPACE/DATASETS/CodecFake/train/F06_p333_377.wav,6
/USERSPACE/DATASETS/CodecFake/train/F06_p351_091.wav,6
/USERSPACE/DATASETS/CodecFake/train/F06_SSB04350390.wav,6
/USERSPACE/DATASETS/CodecFake/train/F06_SSB07600021.wav,6
/USERSPACE/DATASETS/CodecFake/train/F06_p237_331.wav,6
/USERSPACE/DATASETS/CodecFake/train/F06_p229_189.wav,6
/USERSPACE/DATASETS/CodecFake/train/F06_p294_029.wav,6
/USERSPACE/DATASETS/CodecFake/train/F06_SSB00430324.wav,6
/USERSPACE/DATASETS/CodecFake/train/F06_SSB07860012.wav,6
/USERSPACE/DATASETS/CodecFake/train/F06_p260_322.wav,6
/USERSPACE/DATASETS/CodecFake/train/F06_p295_421.wav,6
/USERSPACE/DATASETS/CodecFake/train/F06_SSB01970044.wav,6
/USERSPACE/DATASETS/CodecFake/train/F06_p364_242.wav,6
/USERSPACE/DATASETS/CodecFake/train/F06_SSB00570475.wav,6
/USERSPACE/DATASETS/CodecFake/train/F06_SSB03950458.wav,6
/USERSPACE/DATASETS/CodecFake/train/F06_SSB05990390.wav,6
/USERSPACE/DATASETS/CodecFake/train/F06_SSB06140161.wav,6
/USERSPACE/DATASETS/CodecFake/train/F06_p295_093.wav,6
/USERSPACE/DATASETS/CodecFake/train/F06_SSB16860234.wav,6
/USERSPACE/DATASETS/CodecFake/train/F06_SSB03930470.wav,6
/USERSPACE/DATASETS/CodecFake/train/F06_p248_199.wav,6
/USERSPACE/DATASETS/CodecFake/train/F06_p243_085.wav,6
/USERSPACE/DATASETS/CodecFake/train/F06_SSB06710424.wav,6
/USERSPACE/DATASETS/CodecFake/train/F06_SSB06090238.wav,6
/USERSPACE/DATASETS/CodecFake/train/F06_p229_225.wav,6
/USERSPACE/DATASETS/CodecFake/train/F06_SSB07940297.wav,6
/USERSPACE/DATASETS/CodecFake/train/F06_SSB02000269.wav,6
/USERSPACE/DATASETS/CodecFake/train/F06_p345_002.wav,6
/USERSPACE/DATASETS/CodecFake/train/F06_SSB07370200.wav,6
/USERSPACE/DATASETS/CodecFake/train/F06_SSB13220345.wav,6
/USERSPACE/DATASETS/CodecFake/train/F06_SSB07200038.wav,6
/USERSPACE/DATASETS/CodecFake/train/F06_SSB15930021.wav,6
/USERSPACE/DATASETS/CodecFake/train/F06_SSB14370269.wav,6
/USERSPACE/DATASETS/CodecFake/train/F06_SSB11000225.wav,6
/USERSPACE/DATASETS/CodecFake/train/F06_SSB03800344.wav,6
/USERSPACE/DATASETS/CodecFake/train/F06_p227_040.wav,6
/USERSPACE/DATASETS/CodecFake/train/F06_p334_178.wav,6
/USERSPACE/DATASETS/CodecFake/train/F06_SSB10000155.wav,6
/USERSPACE/DATASETS/CodecFake/train/F06_p246_060.wav,6
/USERSPACE/DATASETS/CodecFake/train/F06_p263_076.wav,6
/USERSPACE/DATASETS/CodecFake/train/F06_SSB03940262.wav,6
/USERSPACE/DATASETS/CodecFake/train/F06_p261_224.wav,6
/USERSPACE/DATASETS/CodecFake/train/F06_SSB00570420.wav,6
/USERSPACE/DATASETS/CodecFake/train/F06_SSB01970059.wav,6
/USERSPACE/DATASETS/CodecFake/train/F06_p246_236.wav,6
/USERSPACE/DATASETS/CodecFake/train/F06_SSB01220061.wav,6
/USERSPACE/DATASETS/CodecFake/train/F06_p274_373.wav,6
/USERSPACE/DATASETS/CodecFake/train/F06_p345_212.wav,6
/USERSPACE/DATASETS/CodecFake/train/F06_SSB04340206.wav,6
/USERSPACE/DATASETS/CodecFake/train/F06_SSB01490469.wav,6
/USERSPACE/DATASETS/CodecFake/train/F06_SSB07110358.wav,6
/USERSPACE/DATASETS/CodecFake/train/F06_p278_024.wav,6
/USERSPACE/DATASETS/CodecFake/train/F06_p269_136.wav,6
/USERSPACE/DATASETS/CodecFake/train/F06_SSB16500127.wav,6
/USERSPACE/DATASETS/CodecFake/train/F06_SSB14480157.wav,6
/USERSPACE/DATASETS/CodecFake/train/F06_SSB15550384.wav,6
/USERSPACE/DATASETS/CodecFake/train/F06_SSB07460377.wav,6
/USERSPACE/DATASETS/CodecFake/train/F06_SSB11260146.wav,6
/USERSPACE/DATASETS/CodecFake/train/F06_p297_249.wav,6
/USERSPACE/DATASETS/CodecFake/train/F06_SSB13200162.wav,6
/USERSPACE/DATASETS/CodecFake/train/F06_p264_453.wav,6
/USERSPACE/DATASETS/CodecFake/train/F06_SSB18910045.wav,6
/USERSPACE/DATASETS/CodecFake/train/F06_SSB13280335.wav,6
/USERSPACE/DATASETS/CodecFake/train/F06_SSB03230326.wav,6
/USERSPACE/DATASETS/CodecFake/train/F06_p284_163.wav,6
/USERSPACE/DATASETS/CodecFake/train/F06_SSB03420460.wav,6
/USERSPACE/DATASETS/CodecFake/train/F06_SSB09350182.wav,6
/USERSPACE/DATASETS/CodecFake/train/F06_SSB07160193.wav,6
/USERSPACE/DATASETS/CodecFake/train/F06_SSB00430386.wav,6
/USERSPACE/DATASETS/CodecFake/train/F06_p231_468.wav,6
/USERSPACE/DATASETS/CodecFake/train/F06_SSB02870207.wav,6
/USERSPACE/DATASETS/CodecFake/train/F06_SSB13920471.wav,6
/USERSPACE/DATASETS/CodecFake/train/F06_SSB07480174.wav,6
/USERSPACE/DATASETS/CodecFake/train/F06_p243_011.wav,6
/USERSPACE/DATASETS/CodecFake/train/F06_p255_118.wav,6
/USERSPACE/DATASETS/CodecFake/train/F06_p271_333.wav,6
/USERSPACE/DATASETS/CodecFake/train/F06_p292_230.wav,6
/USERSPACE/DATASETS/CodecFake/train/F06_SSB00430317.wav,6
/USERSPACE/DATASETS/CodecFake/train/F06_SSB05940086.wav,6
/USERSPACE/DATASETS/CodecFake/train/F06_p312_033.wav,6
/USERSPACE/DATASETS/CodecFake/train/F06_SSB07460442.wav,6
/USERSPACE/DATASETS/CodecFake/train/F06_SSB14310266.wav,6
/USERSPACE/DATASETS/CodecFake/train/F06_SSB01490451.wav,6
/USERSPACE/DATASETS/CodecFake/train/F06_SSB00160285.wav,6
/USERSPACE/DATASETS/CodecFake/train/F06_p271_219.wav,6
/USERSPACE/DATASETS/CodecFake/train/F06_SSB19020465.wav,6
/USERSPACE/DATASETS/CodecFake/train/F06_p316_004.wav,6
/USERSPACE/DATASETS/CodecFake/train/F06_SSB07860302.wav,6
/USERSPACE/DATASETS/CodecFake/train/F06_p335_084.wav,6
/USERSPACE/DATASETS/CodecFake/train/F06_SSB15630434.wav,6
/USERSPACE/DATASETS/CodecFake/train/F06_p286_465.wav,6
/USERSPACE/DATASETS/CodecFake/train/F06_SSB07800118.wav,6
/USERSPACE/DATASETS/CodecFake/train/F06_SSB03800295.wav,6
/USERSPACE/DATASETS/CodecFake/train/F06_p311_044.wav,6
/USERSPACE/DATASETS/CodecFake/train/F06_SSB05780508.wav,6
/USERSPACE/DATASETS/CodecFake/train/F06_SSB04260005.wav,6
/USERSPACE/DATASETS/CodecFake/train/F06_SSB14480047.wav,6
/USERSPACE/DATASETS/CodecFake/train/F06_SSB13280021.wav,6
/USERSPACE/DATASETS/CodecFake/train/F06_SSB13020348.wav,6
/USERSPACE/DATASETS/CodecFake/train/F06_SSB01330051.wav,6
/USERSPACE/DATASETS/CodecFake/train/F06_SSB10020140.wav,6
/USERSPACE/DATASETS/CodecFake/train/F06_p239_328.wav,6
/USERSPACE/DATASETS/CodecFake/train/F06_SSB10640170.wav,6
/USERSPACE/DATASETS/CodecFake/train/F06_p292_305.wav,6
/USERSPACE/DATASETS/CodecFake/train/F06_SSB12530040.wav,6
/USERSPACE/DATASETS/CodecFake/train/F06_SSB14480173.wav,6
/USERSPACE/DATASETS/CodecFake/train/F06_SSB17820213.wav,6
/USERSPACE/DATASETS/CodecFake/train/F06_SSB09190216.wav,6
/USERSPACE/DATASETS/CodecFake/train/F06_SSB10720261.wav,6
/USERSPACE/DATASETS/CodecFake/train/F06_SSB18630472.wav,6
/USERSPACE/DATASETS/CodecFake/train/F06_p240_102.wav,6
/USERSPACE/DATASETS/CodecFake/train/F06_SSB07370209.wav,6
/USERSPACE/DATASETS/CodecFake/train/F06_p345_197.wav,6
/USERSPACE/DATASETS/CodecFake/train/F06_p241_071.wav,6
/USERSPACE/DATASETS/CodecFake/train/F06_SSB00800030.wav,6
/USERSPACE/DATASETS/CodecFake/train/F06_p252_379.wav,6
/USERSPACE/DATASETS/CodecFake/train/F06_p273_184.wav,6
/USERSPACE/DATASETS/CodecFake/train/F06_SSB06710293.wav,6
/USERSPACE/DATASETS/CodecFake/train/F06_p330_322.wav,6
/USERSPACE/DATASETS/CodecFake/train/F06_p239_370.wav,6
/USERSPACE/DATASETS/CodecFake/train/F06_SSB13850025.wav,6
/USERSPACE/DATASETS/CodecFake/train/F06_SSB07940060.wav,6
/USERSPACE/DATASETS/CodecFake/train/F06_SSB05020471.wav,6
/USERSPACE/DATASETS/CodecFake/train/F06_p362_029.wav,6
/USERSPACE/DATASETS/CodecFake/train/F06_p343_320.wav,6
/USERSPACE/DATASETS/CodecFake/train/F06_SSB15670230.wav,6
/USERSPACE/DATASETS/CodecFake/train/F06_SSB01970069.wav,6
/USERSPACE/DATASETS/CodecFake/train/F06_p280_197.wav,6
/USERSPACE/DATASETS/CodecFake/train/F06_SSB05940033.wav,6
/USERSPACE/DATASETS/CodecFake/train/F06_SSB00180408.wav,6
/USERSPACE/DATASETS/CodecFake/train/F06_SSB05700259.wav,6
/USERSPACE/DATASETS/CodecFake/train/F06_p312_171.wav,6
/USERSPACE/DATASETS/CodecFake/train/F06_p273_139.wav,6
/USERSPACE/DATASETS/CodecFake/train/F06_p276_036.wav,6
/USERSPACE/DATASETS/CodecFake/train/F06_SSB04070032.wav,6
/USERSPACE/DATASETS/CodecFake/train/F06_SSB01970147.wav,6
/USERSPACE/DATASETS/CodecFake/train/F06_SSB00090468.wav,6
/USERSPACE/DATASETS/CodecFake/train/F06_p314_248.wav,6
/USERSPACE/DATASETS/CodecFake/train/F06_SSB11250257.wav,6
/USERSPACE/DATASETS/CodecFake/train/F06_SSB10640041.wav,6
/USERSPACE/DATASETS/CodecFake/train/F06_SSB00380121.wav,6
/USERSPACE/DATASETS/CodecFake/train/F06_SSB13660209.wav,6
/USERSPACE/DATASETS/CodecFake/train/F06_p228_294.wav,6
/USERSPACE/DATASETS/CodecFake/train/F06_SSB01390440.wav,6
/USERSPACE/DATASETS/CodecFake/train/F06_SSB18060456.wav,6
/USERSPACE/DATASETS/CodecFake/train/F06_SSB00330067.wav,6
/USERSPACE/DATASETS/CodecFake/train/F06_SSB07230477.wav,6
/USERSPACE/DATASETS/CodecFake/train/F06_SSB15670380.wav,6
/USERSPACE/DATASETS/CodecFake/train/F06_p272_010.wav,6
/USERSPACE/DATASETS/CodecFake/train/F06_SSB11310155.wav,6
/USERSPACE/DATASETS/CodecFake/train/F06_SSB09130288.wav,6
/USERSPACE/DATASETS/CodecFake/train/F06_p257_324.wav,6
/USERSPACE/DATASETS/CodecFake/train/F06_p308_240.wav,6
/USERSPACE/DATASETS/CodecFake/train/F06_SSB07580385.wav,6
/USERSPACE/DATASETS/CodecFake/train/F06_SSB06230289.wav,6
/USERSPACE/DATASETS/CodecFake/train/F06_SSB02730336.wav,6
/USERSPACE/DATASETS/CodecFake/train/F06_SSB07860385.wav,6
/USERSPACE/DATASETS/CodecFake/train/F06_SSB15630006.wav,6
/USERSPACE/DATASETS/CodecFake/train/F06_SSB06860493.wav,6
/USERSPACE/DATASETS/CodecFake/train/F06_p244_166.wav,6
/USERSPACE/DATASETS/CodecFake/train/F06_SSB07100423.wav,6
/USERSPACE/DATASETS/CodecFake/train/F06_p343_269.wav,6
/USERSPACE/DATASETS/CodecFake/train/F06_SSB02870477.wav,6
/USERSPACE/DATASETS/CodecFake/train/F06_p267_415.wav,6
/USERSPACE/DATASETS/CodecFake/train/F06_SSB03790272.wav,6
/USERSPACE/DATASETS/CodecFake/train/F06_p292_022.wav,6
/USERSPACE/DATASETS/CodecFake/train/F06_SSB10550105.wav,6
/USERSPACE/DATASETS/CodecFake/train/F06_p250_221.wav,6
/USERSPACE/DATASETS/CodecFake/train/F06_SSB08510134.wav,6
/USERSPACE/DATASETS/CodecFake/train/F06_SSB00120170.wav,6
/USERSPACE/DATASETS/CodecFake/train/F06_SSB04350037.wav,6
/USERSPACE/DATASETS/CodecFake/train/F06_p302_069.wav,6
/USERSPACE/DATASETS/CodecFake/train/F06_SSB03820140.wav,6
/USERSPACE/DATASETS/CodecFake/train/F06_SSB06310414.wav,6
/USERSPACE/DATASETS/CodecFake/train/F06_SSB06860292.wav,6
/USERSPACE/DATASETS/CodecFake/train/F06_p264_050.wav,6
/USERSPACE/DATASETS/CodecFake/train/F06_SSB03660232.wav,6
/USERSPACE/DATASETS/CodecFake/train/F06_SSB03380298.wav,6
/USERSPACE/DATASETS/CodecFake/train/F06_p304_081.wav,6
/USERSPACE/DATASETS/CodecFake/train/F06_SSB17390284.wav,6
/USERSPACE/DATASETS/CodecFake/train/F06_p252_015.wav,6
/USERSPACE/DATASETS/CodecFake/train/F06_SSB07620096.wav,6
/USERSPACE/DATASETS/CodecFake/train/F06_p317_187.wav,6
/USERSPACE/DATASETS/CodecFake/train/F06_p277_213.wav,6
/USERSPACE/DATASETS/CodecFake/train/F06_SSB02410047.wav,6
/USERSPACE/DATASETS/CodecFake/train/F06_SSB05440352.wav,6
/USERSPACE/DATASETS/CodecFake/train/F06_SSB11310221.wav,6
/USERSPACE/DATASETS/CodecFake/train/F06_SSB07170205.wav,6
/USERSPACE/DATASETS/CodecFake/train/F06_p294_076.wav,6
/USERSPACE/DATASETS/CodecFake/train/F06_SSB10560322.wav,6
/USERSPACE/DATASETS/CodecFake/train/F06_SSB06310372.wav,6
/USERSPACE/DATASETS/CodecFake/train/F06_SSB15850247.wav,6
/USERSPACE/DATASETS/CodecFake/train/F06_p269_345.wav,6
/USERSPACE/DATASETS/CodecFake/train/F06_SSB11870031.wav,6
/USERSPACE/DATASETS/CodecFake/train/F06_p347_379.wav,6
/USERSPACE/DATASETS/CodecFake/train/F06_p266_418.wav,6
/USERSPACE/DATASETS/CodecFake/train/F06_SSB07000066.wav,6
/USERSPACE/DATASETS/CodecFake/train/F06_SSB12150424.wav,6
/USERSPACE/DATASETS/CodecFake/train/F06_SSB06290122.wav,6
/USERSPACE/DATASETS/CodecFake/train/F06_SSB02670505.wav,6
/USERSPACE/DATASETS/CodecFake/train/F06_SSB05390246.wav,6
/USERSPACE/DATASETS/CodecFake/train/F06_SSB10080338.wav,6
/USERSPACE/DATASETS/CodecFake/train/F06_SSB00800351.wav,6
/USERSPACE/DATASETS/CodecFake/train/F06_p345_161.wav,6
/USERSPACE/DATASETS/CodecFake/train/F06_SSB10240373.wav,6
/USERSPACE/DATASETS/CodecFake/train/F06_SSB14480251.wav,6
/USERSPACE/DATASETS/CodecFake/train/F06_SSB10240343.wav,6
/USERSPACE/DATASETS/CodecFake/train/F06_SSB06060376.wav,6
/USERSPACE/DATASETS/CodecFake/train/F06_SSB07170479.wav,6
/USERSPACE/DATASETS/CodecFake/train/F06_SSB03410070.wav,6
/USERSPACE/DATASETS/CodecFake/train/F06_SSB13770317.wav,6
/USERSPACE/DATASETS/CodecFake/train/F06_p271_311.wav,6
/USERSPACE/DATASETS/CodecFake/train/F06_SSB06680335.wav,6
/USERSPACE/DATASETS/CodecFake/train/F06_SSB10200026.wav,6
/USERSPACE/DATASETS/CodecFake/train/F06_SSB04350177.wav,6
/USERSPACE/DATASETS/CodecFake/train/F06_p248_044.wav,6
/USERSPACE/DATASETS/CodecFake/train/F06_p268_317.wav,6
/USERSPACE/DATASETS/CodecFake/train/F06_p297_237.wav,6
/USERSPACE/DATASETS/CodecFake/train/F06_SSB03160340.wav,6
/USERSPACE/DATASETS/CodecFake/train/F06_p313_084.wav,6
/USERSPACE/DATASETS/CodecFake/train/F06_SSB17390425.wav,6
/USERSPACE/DATASETS/CodecFake/train/F06_SSB00330198.wav,6
/USERSPACE/DATASETS/CodecFake/train/F06_SSB06010215.wav,6
/USERSPACE/DATASETS/CodecFake/train/F06_p286_262.wav,6
/USERSPACE/DATASETS/CodecFake/train/F06_SSB07020379.wav,6
/USERSPACE/DATASETS/CodecFake/train/F06_p277_461.wav,6
/USERSPACE/DATASETS/CodecFake/train/F06_p258_233.wav,6
/USERSPACE/DATASETS/CodecFake/train/F06_SSB03380158.wav,6
/USERSPACE/DATASETS/CodecFake/train/F06_p374_275.wav,6
/USERSPACE/DATASETS/CodecFake/train/F06_SSB18910111.wav,6
/USERSPACE/DATASETS/CodecFake/train/F06_SSB05350278.wav,6
/USERSPACE/DATASETS/CodecFake/train/F06_SSB02730337.wav,6
/USERSPACE/DATASETS/CodecFake/train/F06_p231_307.wav,6
/USERSPACE/DATASETS/CodecFake/train/F06_p230_091.wav,6
/USERSPACE/DATASETS/CodecFake/train/F06_p295_375.wav,6
/USERSPACE/DATASETS/CodecFake/train/F06_p275_193.wav,6
/USERSPACE/DATASETS/CodecFake/train/F06_SSB11150066.wav,6
/USERSPACE/DATASETS/CodecFake/train/F06_SSB16500247.wav,6
/USERSPACE/DATASETS/CodecFake/train/F06_SSB02880388.wav,6
/USERSPACE/DATASETS/CodecFake/train/F06_SSB16840071.wav,6
/USERSPACE/DATASETS/CodecFake/train/F06_SSB15550223.wav,6
/USERSPACE/DATASETS/CodecFake/train/F06_SSB10010300.wav,6
/USERSPACE/DATASETS/CodecFake/train/F06_SSB10560246.wav,6
/USERSPACE/DATASETS/CodecFake/train/F06_SSB03930365.wav,6
/USERSPACE/DATASETS/CodecFake/train/F06_p267_216.wav,6
/USERSPACE/DATASETS/CodecFake/train/F06_p306_113.wav,6
/USERSPACE/DATASETS/CodecFake/train/F06_p326_190.wav,6
/USERSPACE/DATASETS/CodecFake/train/F06_SSB08630250.wav,6
/USERSPACE/DATASETS/CodecFake/train/F06_SSB04260338.wav,6
/USERSPACE/DATASETS/CodecFake/train/F06_p278_203.wav,6
/USERSPACE/DATASETS/CodecFake/train/F06_p283_120.wav,6
/USERSPACE/DATASETS/CodecFake/train/F06_SSB09660421.wav,6
/USERSPACE/DATASETS/CodecFake/train/F06_SSB17280342.wav,6
/USERSPACE/DATASETS/CodecFake/train/F06_p293_080.wav,6
/USERSPACE/DATASETS/CodecFake/train/F06_p254_367.wav,6
/USERSPACE/DATASETS/CodecFake/train/F06_p269_359.wav,6
/USERSPACE/DATASETS/CodecFake/train/F06_p234_169.wav,6
/USERSPACE/DATASETS/CodecFake/train/F06_p244_134.wav,6
/USERSPACE/DATASETS/CodecFake/train/F06_SSB03800341.wav,6
/USERSPACE/DATASETS/CodecFake/train/F06_SSB15930220.wav,6
/USERSPACE/DATASETS/CodecFake/train/F06_SSB08090308.wav,6
/USERSPACE/DATASETS/CodecFake/train/F06_SSB14020222.wav,6
/USERSPACE/DATASETS/CodecFake/train/F06_SSB04820424.wav,6
/USERSPACE/DATASETS/CodecFake/train/F06_SSB05020462.wav,6
/USERSPACE/DATASETS/CodecFake/train/F06_p240_317.wav,6
/USERSPACE/DATASETS/CodecFake/train/F06_SSB07800160.wav,6
/USERSPACE/DATASETS/CodecFake/train/F06_p288_197.wav,6
/USERSPACE/DATASETS/CodecFake/train/F06_SSB12160220.wav,6
/USERSPACE/DATASETS/CodecFake/train/F06_SSB06140220.wav,6
/USERSPACE/DATASETS/CodecFake/train/F06_SSB18320136.wav,6
/USERSPACE/DATASETS/CodecFake/train/F06_SSB01450274.wav,6
/USERSPACE/DATASETS/CodecFake/train/F06_p275_013.wav,6
/USERSPACE/DATASETS/CodecFake/train/F06_SSB11360106.wav,6
/USERSPACE/DATASETS/CodecFake/train/F06_p228_264.wav,6
/USERSPACE/DATASETS/CodecFake/train/F06_SSB05350063.wav,6
/USERSPACE/DATASETS/CodecFake/train/F06_p317_116.wav,6
/USERSPACE/DATASETS/CodecFake/train/F06_SSB07170251.wav,6
/USERSPACE/DATASETS/CodecFake/train/F06_SSB07020168.wav,6
/USERSPACE/DATASETS/CodecFake/train/F06_SSB00730075.wav,6
/USERSPACE/DATASETS/CodecFake/train/F06_SSB07370355.wav,6
/USERSPACE/DATASETS/CodecFake/train/F06_p269_227.wav,6
/USERSPACE/DATASETS/CodecFake/train/F06_p334_266.wav,6
/USERSPACE/DATASETS/CodecFake/train/F06_SSB18910266.wav,6
/USERSPACE/DATASETS/CodecFake/train/F06_SSB00380328.wav,6
/USERSPACE/DATASETS/CodecFake/train/F06_SSB11380410.wav,6
/USERSPACE/DATASETS/CodecFake/train/F06_SSB02730461.wav,6
/USERSPACE/DATASETS/CodecFake/train/F06_p257_237.wav,6
/USERSPACE/DATASETS/CodecFake/train/F06_p283_433.wav,6
/USERSPACE/DATASETS/CodecFake/train/F06_SSB12210411.wav,6
/USERSPACE/DATASETS/CodecFake/train/F06_SSB11100411.wav,6
/USERSPACE/DATASETS/CodecFake/train/F06_SSB13660314.wav,6
/USERSPACE/DATASETS/CodecFake/train/F06_SSB06140142.wav,6
/USERSPACE/DATASETS/CodecFake/train/F06_p228_209.wav,6
/USERSPACE/DATASETS/CodecFake/train/F06_p343_174.wav,6
/USERSPACE/DATASETS/CodecFake/train/F06_SSB19350422.wav,6
/USERSPACE/DATASETS/CodecFake/train/F06_SSB07860220.wav,6
/USERSPACE/DATASETS/CodecFake/train/F06_SSB06930144.wav,6
/USERSPACE/DATASETS/CodecFake/train/F06_p362_026.wav,6
/USERSPACE/DATASETS/CodecFake/train/F06_SSB02880064.wav,6
/USERSPACE/DATASETS/CodecFake/train/F06_SSB10960361.wav,6
/USERSPACE/DATASETS/CodecFake/train/F06_p305_360.wav,6
/USERSPACE/DATASETS/CodecFake/train/F06_SSB04340142.wav,6
/USERSPACE/DATASETS/CodecFake/train/F06_SSB00430499.wav,6
/USERSPACE/DATASETS/CodecFake/train/F06_SSB11080399.wav,6
/USERSPACE/DATASETS/CodecFake/train/F06_p256_162.wav,6
/USERSPACE/DATASETS/CodecFake/train/F06_p317_310.wav,6
/USERSPACE/DATASETS/CodecFake/train/F06_SSB04820211.wav,6
/USERSPACE/DATASETS/CodecFake/train/F06_SSB07170067.wav,6
/USERSPACE/DATASETS/CodecFake/train/F06_SSB10200064.wav,6
/USERSPACE/DATASETS/CodecFake/train/F06_p340_050.wav,6
/USERSPACE/DATASETS/CodecFake/train/F06_p248_221.wav,6
/USERSPACE/DATASETS/CodecFake/train/F06_p306_135.wav,6
/USERSPACE/DATASETS/CodecFake/train/F06_SSB11360197.wav,6
/USERSPACE/DATASETS/CodecFake/train/F06_SSB06290138.wav,6
/USERSPACE/DATASETS/CodecFake/train/F06_SSB07200137.wav,6
/USERSPACE/DATASETS/CodecFake/train/F06_SSB19390119.wav,6
/USERSPACE/DATASETS/CodecFake/train/F06_SSB03410067.wav,6
/USERSPACE/DATASETS/CodecFake/train/F06_SSB12390381.wav,6
/USERSPACE/DATASETS/CodecFake/train/F06_SSB05390134.wav,6
/USERSPACE/DATASETS/CodecFake/train/F06_SSB03380186.wav,6
/USERSPACE/DATASETS/CodecFake/train/F06_p333_325.wav,6
/USERSPACE/DATASETS/CodecFake/train/F06_SSB03540393.wav,6
/USERSPACE/DATASETS/CodecFake/train/F06_p310_168.wav,6
/USERSPACE/DATASETS/CodecFake/train/F06_SSB02730036.wav,6
/USERSPACE/DATASETS/CodecFake/train/F06_p247_266.wav,6
/USERSPACE/DATASETS/CodecFake/train/F06_p255_109.wav,6
/USERSPACE/DATASETS/CodecFake/train/F06_SSB07490101.wav,6
/USERSPACE/DATASETS/CodecFake/train/F06_p238_164.wav,6
/USERSPACE/DATASETS/CodecFake/train/F06_SSB03230222.wav,6
/USERSPACE/DATASETS/CodecFake/train/F06_SSB05350434.wav,6
/USERSPACE/DATASETS/CodecFake/train/F06_SSB05780244.wav,6
/USERSPACE/DATASETS/CodecFake/train/F06_SSB04270007.wav,6
/USERSPACE/DATASETS/CodecFake/train/F06_SSB00730282.wav,6
/USERSPACE/DATASETS/CodecFake/train/F06_SSB13820026.wav,6
/USERSPACE/DATASETS/CodecFake/train/F06_p305_059.wav,6
/USERSPACE/DATASETS/CodecFake/train/F06_p345_313.wav,6
/USERSPACE/DATASETS/CodecFake/train/F06_SSB16300115.wav,6
/USERSPACE/DATASETS/CodecFake/train/F06_p228_159.wav,6
/USERSPACE/DATASETS/CodecFake/train/F06_SSB16250436.wav,6
/USERSPACE/DATASETS/CodecFake/train/F06_SSB07510195.wav,6
/USERSPACE/DATASETS/CodecFake/train/F06_p302_137.wav,6
/USERSPACE/DATASETS/CodecFake/train/F06_p278_360.wav,6
/USERSPACE/DATASETS/CodecFake/train/F06_SSB13660227.wav,6
/USERSPACE/DATASETS/CodecFake/train/F06_SSB15750247.wav,6
/USERSPACE/DATASETS/CodecFake/train/F06_p339_374.wav,6
/USERSPACE/DATASETS/CodecFake/train/F06_SSB07100014.wav,6
/USERSPACE/DATASETS/CodecFake/train/F06_SSB11250092.wav,6
/USERSPACE/DATASETS/CodecFake/train/F06_SSB13770227.wav,6
/USERSPACE/DATASETS/CodecFake/train/F06_SSB13650052.wav,6
/USERSPACE/DATASETS/CodecFake/train/F06_SSB07000142.wav,6
/USERSPACE/DATASETS/CodecFake/train/F06_SSB10000050.wav,6
/USERSPACE/DATASETS/CodecFake/train/F06_p228_248.wav,6
/USERSPACE/DATASETS/CodecFake/train/F06_SSB02990427.wav,6
/USERSPACE/DATASETS/CodecFake/train/F06_p255_093.wav,6
/USERSPACE/DATASETS/CodecFake/train/F06_p284_204.wav,6
/USERSPACE/DATASETS/CodecFake/train/F06_p311_049.wav,6
/USERSPACE/DATASETS/CodecFake/train/F06_p285_080.wav,6
/USERSPACE/DATASETS/CodecFake/train/F06_p254_069.wav,6
/USERSPACE/DATASETS/CodecFake/train/F06_SSB00330288.wav,6
/USERSPACE/DATASETS/CodecFake/train/F06_p345_123.wav,6
/USERSPACE/DATASETS/CodecFake/train/F06_p330_324.wav,6
/USERSPACE/DATASETS/CodecFake/train/F06_SSB04340471.wav,6
/USERSPACE/DATASETS/CodecFake/train/F06_SSB13660264.wav,6
/USERSPACE/DATASETS/CodecFake/train/F06_p293_204.wav,6
/USERSPACE/DATASETS/CodecFake/train/F06_SSB05990144.wav,6
/USERSPACE/DATASETS/CodecFake/train/F06_SSB16840345.wav,6
/USERSPACE/DATASETS/CodecFake/train/F06_p281_366.wav,6
/USERSPACE/DATASETS/CodecFake/train/F06_SSB12160079.wav,6
/USERSPACE/DATASETS/CodecFake/train/F06_SSB16250293.wav,6
/USERSPACE/DATASETS/CodecFake/train/F06_SSB00730471.wav,6
/USERSPACE/DATASETS/CodecFake/train/F06_SSB02880436.wav,6
/USERSPACE/DATASETS/CodecFake/train/F06_SSB11000341.wav,6
/USERSPACE/DATASETS/CodecFake/train/F06_SSB11310083.wav,6
/USERSPACE/DATASETS/CodecFake/train/F06_SSB06090129.wav,6
/USERSPACE/DATASETS/CodecFake/train/F06_SSB03940381.wav,6
/USERSPACE/DATASETS/CodecFake/train/F06_SSB19180209.wav,6
/USERSPACE/DATASETS/CodecFake/train/F06_p260_041.wav,6
/USERSPACE/DATASETS/CodecFake/train/F06_SSB15930177.wav,6
/USERSPACE/DATASETS/CodecFake/train/F06_SSB13650418.wav,6
/USERSPACE/DATASETS/CodecFake/train/F06_p276_440.wav,6
/USERSPACE/DATASETS/CodecFake/train/F06_SSB16250272.wav,6
/USERSPACE/DATASETS/CodecFake/train/F06_SSB02410439.wav,6
/USERSPACE/DATASETS/CodecFake/train/F06_p286_287.wav,6
/USERSPACE/DATASETS/CodecFake/train/F06_p232_191.wav,6
/USERSPACE/DATASETS/CodecFake/train/F06_SSB05900157.wav,6
/USERSPACE/DATASETS/CodecFake/train/F06_SSB07580081.wav,6
/USERSPACE/DATASETS/CodecFake/train/F06_p299_237.wav,6
/USERSPACE/DATASETS/CodecFake/train/F06_SSB13650311.wav,6
/USERSPACE/DATASETS/CodecFake/train/F06_p336_196.wav,6
/USERSPACE/DATASETS/CodecFake/train/F06_SSB18280219.wav,6
/USERSPACE/DATASETS/CodecFake/train/F06_SSB15670399.wav,6
/USERSPACE/DATASETS/CodecFake/train/F06_p323_092.wav,6
/USERSPACE/DATASETS/CodecFake/train/F06_SSB05020058.wav,6
/USERSPACE/DATASETS/CodecFake/train/F06_p310_337.wav,6
/USERSPACE/DATASETS/CodecFake/train/F06_SSB03070097.wav,6
/USERSPACE/DATASETS/CodecFake/train/F06_SSB11380414.wav,6
/USERSPACE/DATASETS/CodecFake/train/F06_SSB13200092.wav,6
/USERSPACE/DATASETS/CodecFake/train/F06_p303_143.wav,6
/USERSPACE/DATASETS/CodecFake/train/F06_SSB07200004.wav,6
/USERSPACE/DATASETS/CodecFake/train/F06_SSB05880434.wav,6
/USERSPACE/DATASETS/CodecFake/train/F06_p286_113.wav,6
/USERSPACE/DATASETS/CodecFake/train/F06_SSB04350314.wav,6
/USERSPACE/DATASETS/CodecFake/train/F06_p282_097.wav,6
/USERSPACE/DATASETS/CodecFake/train/F06_p272_145.wav,6
/USERSPACE/DATASETS/CodecFake/train/F06_SSB00120212.wav,6
/USERSPACE/DATASETS/CodecFake/train/F06_p335_146.wav,6
/USERSPACE/DATASETS/CodecFake/train/F06_p299_286.wav,6
/USERSPACE/DATASETS/CodecFake/train/F06_p258_263.wav,6
/USERSPACE/DATASETS/CodecFake/train/F06_p311_319.wav,6
/USERSPACE/DATASETS/CodecFake/train/F06_p238_297.wav,6
/USERSPACE/DATASETS/CodecFake/train/F06_p278_299.wav,6
/USERSPACE/DATASETS/CodecFake/train/F06_p288_375.wav,6
/USERSPACE/DATASETS/CodecFake/train/F06_SSB10720488.wav,6
/USERSPACE/DATASETS/CodecFake/train/F06_p251_126.wav,6
/USERSPACE/DATASETS/CodecFake/train/F06_SSB06660105.wav,6
/USERSPACE/DATASETS/CodecFake/train/F06_p307_018.wav,6
/USERSPACE/DATASETS/CodecFake/train/F06_p263_110.wav,6
/USERSPACE/DATASETS/CodecFake/train/F06_SSB08510074.wav,6
/USERSPACE/DATASETS/CodecFake/train/F06_SSB03540442.wav,6
/USERSPACE/DATASETS/CodecFake/train/F06_SSB06030091.wav,6
/USERSPACE/DATASETS/CodecFake/train/F06_SSB13820465.wav,6
/USERSPACE/DATASETS/CodecFake/train/F06_SSB05940069.wav,6
/USERSPACE/DATASETS/CodecFake/train/F06_SSB07360348.wav,6
/USERSPACE/DATASETS/CodecFake/train/F06_SSB16240367.wav,6
/USERSPACE/DATASETS/CodecFake/train/F06_SSB02610281.wav,6
/USERSPACE/DATASETS/CodecFake/train/F06_SSB07510303.wav,6
/USERSPACE/DATASETS/CodecFake/train/F06_SSB07600423.wav,6
/USERSPACE/DATASETS/CodecFake/train/F06_p253_363.wav,6
/USERSPACE/DATASETS/CodecFake/train/F06_p264_474.wav,6
/USERSPACE/DATASETS/CodecFake/train/F06_p261_269.wav,6
/USERSPACE/DATASETS/CodecFake/train/F06_p236_115.wav,6
/USERSPACE/DATASETS/CodecFake/train/F06_SSB09870429.wav,6
/USERSPACE/DATASETS/CodecFake/train/F06_SSB06710298.wav,6
/USERSPACE/DATASETS/CodecFake/train/F06_SSB07580476.wav,6
/USERSPACE/DATASETS/CodecFake/train/F06_SSB11250042.wav,6
/USERSPACE/DATASETS/CodecFake/train/F06_SSB10000090.wav,6
/USERSPACE/DATASETS/CodecFake/train/F06_SSB06320267.wav,6
/USERSPACE/DATASETS/CodecFake/train/F06_SSB18780285.wav,6
/USERSPACE/DATASETS/CodecFake/train/F06_p323_075.wav,6
/USERSPACE/DATASETS/CodecFake/train/F06_p234_323.wav,6
/USERSPACE/DATASETS/CodecFake/train/F06_SSB09350187.wav,6
/USERSPACE/DATASETS/CodecFake/train/F06_p260_028.wav,6
/USERSPACE/DATASETS/CodecFake/train/F06_p305_101.wav,6
/USERSPACE/DATASETS/CodecFake/train/F06_p256_209.wav,6
/USERSPACE/DATASETS/CodecFake/train/F06_p376_203.wav,6
/USERSPACE/DATASETS/CodecFake/train/F06_SSB13830124.wav,6
/USERSPACE/DATASETS/CodecFake/train/F06_SSB13850275.wav,6
/USERSPACE/DATASETS/CodecFake/train/F06_SSB07860386.wav,6
/USERSPACE/DATASETS/CodecFake/train/F06_SSB03160502.wav,6
/USERSPACE/DATASETS/CodecFake/train/F06_SSB11610073.wav,6
/USERSPACE/DATASETS/CodecFake/train/F06_SSB06320198.wav,6
/USERSPACE/DATASETS/CodecFake/train/F06_p269_006.wav,6
/USERSPACE/DATASETS/CodecFake/train/F06_p326_016.wav,6
/USERSPACE/DATASETS/CodecFake/train/F06_SSB01930039.wav,6
/USERSPACE/DATASETS/CodecFake/train/F06_p247_233.wav,6
/USERSPACE/DATASETS/CodecFake/train/F06_p236_253.wav,6
/USERSPACE/DATASETS/CodecFake/train/F06_p239_264.wav,6
/USERSPACE/DATASETS/CodecFake/train/F06_p238_259.wav,6
/USERSPACE/DATASETS/CodecFake/train/F06_SSB04820094.wav,6
/USERSPACE/DATASETS/CodecFake/train/F06_SSB11610059.wav,6
/USERSPACE/DATASETS/CodecFake/train/F06_SSB05780472.wav,6
/USERSPACE/DATASETS/CodecFake/train/F06_p273_198.wav,6
/USERSPACE/DATASETS/CodecFake/train/F06_SSB00800016.wav,6
/USERSPACE/DATASETS/CodecFake/train/F06_SSB18100365.wav,6
/USERSPACE/DATASETS/CodecFake/train/F06_p269_341.wav,6
/USERSPACE/DATASETS/CodecFake/train/F06_SSB07800395.wav,6
/USERSPACE/DATASETS/CodecFake/train/F06_p247_196.wav,6
/USERSPACE/DATASETS/CodecFake/train/F06_SSB10640057.wav,6
/USERSPACE/DATASETS/CodecFake/train/F06_SSB11250256.wav,6
/USERSPACE/DATASETS/CodecFake/train/F06_SSB02410239.wav,6
/USERSPACE/DATASETS/CodecFake/train/F06_p277_107.wav,6
/USERSPACE/DATASETS/CodecFake/train/F06_p345_224.wav,6
/USERSPACE/DATASETS/CodecFake/train/F06_SSB03230441.wav,6
/USERSPACE/DATASETS/CodecFake/train/F06_SSB17590141.wav,6
/USERSPACE/DATASETS/CodecFake/train/F06_SSB05780170.wav,6
/USERSPACE/DATASETS/CodecFake/train/F06_p234_046.wav,6
/USERSPACE/DATASETS/CodecFake/train/F06_p302_112.wav,6
/USERSPACE/DATASETS/CodecFake/train/F06_SSB00570093.wav,6
/USERSPACE/DATASETS/CodecFake/train/F06_SSB00050318.wav,6
/USERSPACE/DATASETS/CodecFake/train/F06_p316_238.wav,6
/USERSPACE/DATASETS/CodecFake/train/F06_SSB13660253.wav,6
/USERSPACE/DATASETS/CodecFake/train/F06_p297_424.wav,6
/USERSPACE/DATASETS/CodecFake/train/F06_SSB03070463.wav,6
/USERSPACE/DATASETS/CodecFake/train/F06_SSB13830008.wav,6
/USERSPACE/DATASETS/CodecFake/train/F06_SSB07840027.wav,6
/USERSPACE/DATASETS/CodecFake/train/F06_SSB07170121.wav,6
/USERSPACE/DATASETS/CodecFake/train/F06_SSB03660036.wav,6
/USERSPACE/DATASETS/CodecFake/train/F06_p268_365.wav,6
/USERSPACE/DATASETS/CodecFake/train/F06_SSB05390421.wav,6
/USERSPACE/DATASETS/CodecFake/train/F06_SSB11080049.wav,6
/USERSPACE/DATASETS/CodecFake/train/F06_p262_334.wav,6
/USERSPACE/DATASETS/CodecFake/train/F06_SSB05880163.wav,6
/USERSPACE/DATASETS/CodecFake/train/F06_p275_175.wav,6
/USERSPACE/DATASETS/CodecFake/train/F06_SSB02610399.wav,6
/USERSPACE/DATASETS/CodecFake/train/F06_SSB07780326.wav,6
/USERSPACE/DATASETS/CodecFake/train/F06_SSB05440436.wav,6
/USERSPACE/DATASETS/CodecFake/train/F06_SSB17810503.wav,6
/USERSPACE/DATASETS/CodecFake/train/F06_p252_055.wav,6
/USERSPACE/DATASETS/CodecFake/train/F06_SSB15930366.wav,6
/USERSPACE/DATASETS/CodecFake/train/F06_SSB15670053.wav,6
/USERSPACE/DATASETS/CodecFake/train/F06_SSB00570364.wav,6
/USERSPACE/DATASETS/CodecFake/train/F06_SSB09130284.wav,6
/USERSPACE/DATASETS/CodecFake/train/F06_p280_367.wav,6
/USERSPACE/DATASETS/CodecFake/train/F06_p281_374.wav,6
/USERSPACE/DATASETS/CodecFake/train/F06_SSB06860105.wav,6
/USERSPACE/DATASETS/CodecFake/train/F06_SSB00430165.wav,6
/USERSPACE/DATASETS/CodecFake/train/F06_p340_013.wav,6
/USERSPACE/DATASETS/CodecFake/train/F06_SSB11100113.wav,6
/USERSPACE/DATASETS/CodecFake/train/F06_SSB07160483.wav,6
/USERSPACE/DATASETS/CodecFake/train/F06_SSB17110345.wav,6
/USERSPACE/DATASETS/CodecFake/train/F06_p281_025.wav,6
/USERSPACE/DATASETS/CodecFake/train/F06_p259_392.wav,6
/USERSPACE/DATASETS/CodecFake/train/F06_SSB01490461.wav,6
/USERSPACE/DATASETS/CodecFake/train/F06_p270_155.wav,6
/USERSPACE/DATASETS/CodecFake/train/F06_p286_369.wav,6
/USERSPACE/DATASETS/CodecFake/train/F06_SSB07370073.wav,6
/USERSPACE/DATASETS/CodecFake/train/F06_p333_411.wav,6
/USERSPACE/DATASETS/CodecFake/train/F06_p297_239.wav,6
/USERSPACE/DATASETS/CodecFake/train/F06_p264_416.wav,6
/USERSPACE/DATASETS/CodecFake/train/F06_SSB11250103.wav,6
/USERSPACE/DATASETS/CodecFake/train/F06_SSB19180248.wav,6
/USERSPACE/DATASETS/CodecFake/train/F06_SSB07360156.wav,6
/USERSPACE/DATASETS/CodecFake/train/F06_p231_461.wav,6
/USERSPACE/DATASETS/CodecFake/train/F06_SSB03420076.wav,6
/USERSPACE/DATASETS/CodecFake/train/F06_SSB07230442.wav,6
/USERSPACE/DATASETS/CodecFake/train/F06_SSB03410092.wav,6
/USERSPACE/DATASETS/CodecFake/train/F06_SSB13400087.wav,6
/USERSPACE/DATASETS/CodecFake/train/F06_SSB03750376.wav,6
/USERSPACE/DATASETS/CodecFake/train/F06_SSB06660455.wav,6
/USERSPACE/DATASETS/CodecFake/train/F06_p374_363.wav,6
/USERSPACE/DATASETS/CodecFake/train/F06_p335_080.wav,6
/USERSPACE/DATASETS/CodecFake/train/F06_SSB10200239.wav,6
/USERSPACE/DATASETS/CodecFake/train/F06_SSB10000009.wav,6
/USERSPACE/DATASETS/CodecFake/train/F06_p274_109.wav,6
/USERSPACE/DATASETS/CodecFake/train/F06_SSB18320044.wav,6
/USERSPACE/DATASETS/CodecFake/train/F06_p286_415.wav,6
/USERSPACE/DATASETS/CodecFake/train/F06_SSB18060130.wav,6
/USERSPACE/DATASETS/CodecFake/train/F06_SSB16240187.wav,6
/USERSPACE/DATASETS/CodecFake/train/F06_SSB01450215.wav,6
/USERSPACE/DATASETS/CodecFake/train/F06_SSB03390118.wav,6
/USERSPACE/DATASETS/CodecFake/train/F06_p270_346.wav,6
/USERSPACE/DATASETS/CodecFake/train/F06_SSB00330353.wav,6
/USERSPACE/DATASETS/CodecFake/train/F06_SSB07620226.wav,6
/USERSPACE/DATASETS/CodecFake/train/F06_SSB14570031.wav,6
/USERSPACE/DATASETS/CodecFake/train/F06_p226_304.wav,6
/USERSPACE/DATASETS/CodecFake/train/F06_SSB13400062.wav,6
/USERSPACE/DATASETS/CodecFake/train/F06_p286_428.wav,6
/USERSPACE/DATASETS/CodecFake/train/F06_SSB02410169.wav,6
/USERSPACE/DATASETS/CodecFake/train/F06_SSB13850409.wav,6
/USERSPACE/DATASETS/CodecFake/train/F06_SSB13820014.wav,6
/USERSPACE/DATASETS/CodecFake/train/F06_SSB05990420.wav,6
/USERSPACE/DATASETS/CodecFake/train/F06_SSB00110300.wav,6
/USERSPACE/DATASETS/CodecFake/train/F06_p252_090.wav,6
/USERSPACE/DATASETS/CodecFake/train/F06_SSB04350185.wav,6
/USERSPACE/DATASETS/CodecFake/train/F06_p258_143.wav,6
/USERSPACE/DATASETS/CodecFake/train/F06_SSB19350451.wav,6
/USERSPACE/DATASETS/CodecFake/train/F06_p297_015.wav,6
/USERSPACE/DATASETS/CodecFake/train/F06_SSB14020412.wav,6
/USERSPACE/DATASETS/CodecFake/train/F06_SSB14310340.wav,6
/USERSPACE/DATASETS/CodecFake/train/F06_SSB03230322.wav,6
/USERSPACE/DATASETS/CodecFake/train/F06_SSB04350488.wav,6
/USERSPACE/DATASETS/CodecFake/train/F06_SSB12190262.wav,6
/USERSPACE/DATASETS/CodecFake/train/F06_SSB06710260.wav,6
/USERSPACE/DATASETS/CodecFake/train/F06_p340_263.wav,6
/USERSPACE/DATASETS/CodecFake/train/F06_p351_176.wav,6
/USERSPACE/DATASETS/CodecFake/train/F06_SSB05650110.wav,6
/USERSPACE/DATASETS/CodecFake/train/F06_p318_065.wav,6
/USERSPACE/DATASETS/CodecFake/train/F06_SSB04820260.wav,6
/USERSPACE/DATASETS/CodecFake/train/F06_SSB15550230.wav,6
/USERSPACE/DATASETS/CodecFake/train/F06_SSB06070063.wav,6
/USERSPACE/DATASETS/CodecFake/train/F06_p288_065.wav,6
/USERSPACE/DATASETS/CodecFake/train/F06_SSB09870196.wav,6
/USERSPACE/DATASETS/CodecFake/train/F06_SSB10080055.wav,6
/USERSPACE/DATASETS/CodecFake/train/F06_p311_284.wav,6
/USERSPACE/DATASETS/CodecFake/train/F06_SSB06010375.wav,6
/USERSPACE/DATASETS/CodecFake/train/F06_SSB16070232.wav,6
/USERSPACE/DATASETS/CodecFake/train/F06_p243_300.wav,6
/USERSPACE/DATASETS/CodecFake/train/F06_SSB03160329.wav,6
/USERSPACE/DATASETS/CodecFake/train/F06_p323_056.wav,6
/USERSPACE/DATASETS/CodecFake/train/F06_p263_012.wav,6
/USERSPACE/DATASETS/CodecFake/train/F06_SSB09660297.wav,6
/USERSPACE/DATASETS/CodecFake/train/F06_p243_138.wav,6
/USERSPACE/DATASETS/CodecFake/train/F06_SSB00380278.wav,6
/USERSPACE/DATASETS/CodecFake/train/F06_SSB03540115.wav,6
/USERSPACE/DATASETS/CodecFake/train/F06_SSB03930305.wav,6
/USERSPACE/DATASETS/CodecFake/train/F06_SSB04700394.wav,6
/USERSPACE/DATASETS/CodecFake/train/F06_SSB05990223.wav,6
/USERSPACE/DATASETS/CodecFake/train/F06_SSB18370307.wav,6
/USERSPACE/DATASETS/CodecFake/train/F06_p298_218.wav,6
/USERSPACE/DATASETS/CodecFake/train/F06_SSB03410211.wav,6
/USERSPACE/DATASETS/CodecFake/train/F06_SSB07480322.wav,6
/USERSPACE/DATASETS/CodecFake/train/F06_SSB02670381.wav,6
/USERSPACE/DATASETS/CodecFake/train/F06_p268_022.wav,6
/USERSPACE/DATASETS/CodecFake/train/F06_SSB19020357.wav,6
/USERSPACE/DATASETS/CodecFake/train/F06_p253_262.wav,6
/USERSPACE/DATASETS/CodecFake/train/F06_SSB03070254.wav,6
/USERSPACE/DATASETS/CodecFake/train/F06_SSB07110349.wav,6
/USERSPACE/DATASETS/CodecFake/train/F06_SSB15550036.wav,6
/USERSPACE/DATASETS/CodecFake/train/F06_SSB07940245.wav,6
/USERSPACE/DATASETS/CodecFake/train/F06_p236_016.wav,6
/USERSPACE/DATASETS/CodecFake/train/F06_p318_276.wav,6
/USERSPACE/DATASETS/CodecFake/train/F06_SSB00430051.wav,6
/USERSPACE/DATASETS/CodecFake/train/F06_p336_377.wav,6
/USERSPACE/DATASETS/CodecFake/train/F06_SSB09870213.wav,6
/USERSPACE/DATASETS/CodecFake/train/F06_p260_349.wav,6
/USERSPACE/DATASETS/CodecFake/train/F06_SSB01450013.wav,6
/USERSPACE/DATASETS/CodecFake/train/F06_SSB03160486.wav,6
/USERSPACE/DATASETS/CodecFake/train/F06_SSB17450218.wav,6
/USERSPACE/DATASETS/CodecFake/train/F06_p283_468.wav,6
/USERSPACE/DATASETS/CodecFake/train/F06_p261_225.wav,6
/USERSPACE/DATASETS/CodecFake/train/F06_SSB05900207.wav,6
/USERSPACE/DATASETS/CodecFake/train/F06_SSB03420371.wav,6
/USERSPACE/DATASETS/CodecFake/train/F06_SSB07860279.wav,6
/USERSPACE/DATASETS/CodecFake/train/F06_SSB07370309.wav,6
/USERSPACE/DATASETS/CodecFake/train/F06_p238_238.wav,6
/USERSPACE/DATASETS/CodecFake/train/F06_p270_349.wav,6
/USERSPACE/DATASETS/CodecFake/train/F06_SSB10010418.wav,6
/USERSPACE/DATASETS/CodecFake/train/F06_SSB08090116.wav,6
/USERSPACE/DATASETS/CodecFake/train/F06_SSB18280192.wav,6
/USERSPACE/DATASETS/CodecFake/train/F06_SSB05780499.wav,6
/USERSPACE/DATASETS/CodecFake/train/F06_p318_148.wav,6
/USERSPACE/DATASETS/CodecFake/train/F06_SSB18630347.wav,6
/USERSPACE/DATASETS/CodecFake/train/F06_p329_112.wav,6
/USERSPACE/DATASETS/CodecFake/train/F06_SSB01390063.wav,6
/USERSPACE/DATASETS/CodecFake/train/F06_p268_169.wav,6
/USERSPACE/DATASETS/CodecFake/train/F06_SSB04270270.wav,6
/USERSPACE/DATASETS/CodecFake/train/F06_p246_190.wav,6
/USERSPACE/DATASETS/CodecFake/train/F06_SSB10960180.wav,6
/USERSPACE/DATASETS/CodecFake/train/F06_p334_365.wav,6
/USERSPACE/DATASETS/CodecFake/train/F06_p351_205.wav,6
/USERSPACE/DATASETS/CodecFake/train/F06_SSB03390236.wav,6
/USERSPACE/DATASETS/CodecFake/train/F06_p314_023.wav,6
/USERSPACE/DATASETS/CodecFake/train/F06_SSB09870495.wav,6
/USERSPACE/DATASETS/CodecFake/train/F06_SSB11970013.wav,6
/USERSPACE/DATASETS/CodecFake/train/F06_SSB17810111.wav,6
/USERSPACE/DATASETS/CodecFake/train/F06_p336_153.wav,6
/USERSPACE/DATASETS/CodecFake/train/F06_SSB06140238.wav,6
/USERSPACE/DATASETS/CodecFake/train/F06_p315_214.wav,6
/USERSPACE/DATASETS/CodecFake/train/F06_SSB18460488.wav,6
/USERSPACE/DATASETS/CodecFake/train/F06_p339_148.wav,6
/USERSPACE/DATASETS/CodecFake/train/F06_p255_113.wav,6
/USERSPACE/DATASETS/CodecFake/train/F06_p318_105.wav,6
/USERSPACE/DATASETS/CodecFake/train/F06_p326_073.wav,6
/USERSPACE/DATASETS/CodecFake/train/F06_p253_169.wav,6
/USERSPACE/DATASETS/CodecFake/train/F06_SSB03090449.wav,6
/USERSPACE/DATASETS/CodecFake/train/F06_SSB04340430.wav,6
/USERSPACE/DATASETS/CodecFake/train/F06_SSB02410157.wav,6
/USERSPACE/DATASETS/CodecFake/train/F06_SSB07200415.wav,6
/USERSPACE/DATASETS/CodecFake/train/F06_p293_350.wav,6
/USERSPACE/DATASETS/CodecFake/train/F06_SSB13020245.wav,6
/USERSPACE/DATASETS/CodecFake/train/F06_SSB12390074.wav,6
/USERSPACE/DATASETS/CodecFake/train/F06_SSB18320257.wav,6
/USERSPACE/DATASETS/CodecFake/train/F06_SSB07160157.wav,6
/USERSPACE/DATASETS/CodecFake/train/F06_SSB00380461.wav,6
/USERSPACE/DATASETS/CodecFake/train/F06_SSB00180018.wav,6
/USERSPACE/DATASETS/CodecFake/train/F06_SSB05650247.wav,6
/USERSPACE/DATASETS/CodecFake/train/F06_SSB03750413.wav,6
/USERSPACE/DATASETS/CodecFake/train/F06_SSB07100270.wav,6
/USERSPACE/DATASETS/CodecFake/train/F06_SSB01390151.wav,6
/USERSPACE/DATASETS/CodecFake/train/F06_p376_274.wav,6
/USERSPACE/DATASETS/CodecFake/train/F06_SSB13660071.wav,6
/USERSPACE/DATASETS/CodecFake/train/F06_p300_312.wav,6
/USERSPACE/DATASETS/CodecFake/train/F06_p312_079.wav,6
/USERSPACE/DATASETS/CodecFake/train/F06_SSB01450340.wav,6
/USERSPACE/DATASETS/CodecFake/train/F06_SSB01490300.wav,6
/USERSPACE/DATASETS/CodecFake/train/F06_p263_210.wav,6
/USERSPACE/DATASETS/CodecFake/train/F06_SSB09350012.wav,6
/USERSPACE/DATASETS/CodecFake/train/F06_SSB09190282.wav,6
/USERSPACE/DATASETS/CodecFake/train/F06_SSB00110455.wav,6
/USERSPACE/DATASETS/CodecFake/train/F06_SSB19350017.wav,6
/USERSPACE/DATASETS/CodecFake/train/F06_p286_311.wav,6
/USERSPACE/DATASETS/CodecFake/train/F06_p326_400.wav,6
/USERSPACE/DATASETS/CodecFake/train/F06_p305_263.wav,6
/USERSPACE/DATASETS/CodecFake/train/F06_p282_130.wav,6
/USERSPACE/DATASETS/CodecFake/train/F06_SSB13830188.wav,6
/USERSPACE/DATASETS/CodecFake/train/F06_p339_318.wav,6
/USERSPACE/DATASETS/CodecFake/train/F06_SSB19390438.wav,6
/USERSPACE/DATASETS/CodecFake/train/F06_SSB10720371.wav,6
/USERSPACE/DATASETS/CodecFake/train/F06_SSB19350041.wav,6
/USERSPACE/DATASETS/CodecFake/train/F06_SSB11870007.wav,6
/USERSPACE/DATASETS/CodecFake/train/F06_SSB10010197.wav,6
/USERSPACE/DATASETS/CodecFake/train/F06_SSB11150415.wav,6
/USERSPACE/DATASETS/CodecFake/train/F06_SSB13820169.wav,6
/USERSPACE/DATASETS/CodecFake/train/F06_SSB05780197.wav,6
/USERSPACE/DATASETS/CodecFake/train/F06_p255_225.wav,6
/USERSPACE/DATASETS/CodecFake/train/F06_p295_264.wav,6
/USERSPACE/DATASETS/CodecFake/train/F06_SSB04820440.wav,6
/USERSPACE/DATASETS/CodecFake/train/F06_p334_108.wav,6
/USERSPACE/DATASETS/CodecFake/train/F06_SSB03940111.wav,6
/USERSPACE/DATASETS/CodecFake/train/F06_SSB12030249.wav,6
/USERSPACE/DATASETS/CodecFake/train/F06_SSB17450142.wav,6
/USERSPACE/DATASETS/CodecFake/train/F06_SSB01120435.wav,6
/USERSPACE/DATASETS/CodecFake/train/F06_SSB10080371.wav,6
/USERSPACE/DATASETS/CodecFake/train/F06_SSB03390345.wav,6
/USERSPACE/DATASETS/CodecFake/train/F06_SSB01120256.wav,6
/USERSPACE/DATASETS/CodecFake/train/F06_p298_038.wav,6
/USERSPACE/DATASETS/CodecFake/train/F06_SSB05990037.wav,6
/USERSPACE/DATASETS/CodecFake/train/F06_SSB03070016.wav,6
/USERSPACE/DATASETS/CodecFake/train/F06_SSB03160050.wav,6
/USERSPACE/DATASETS/CodecFake/train/F06_SSB07940190.wav,6
/USERSPACE/DATASETS/CodecFake/train/F06_SSB06310196.wav,6
/USERSPACE/DATASETS/CodecFake/train/F06_SSB07360079.wav,6
/USERSPACE/DATASETS/CodecFake/train/F06_SSB18320002.wav,6
/USERSPACE/DATASETS/CodecFake/train/F06_p301_339.wav,6
/USERSPACE/DATASETS/CodecFake/train/F06_SSB06070377.wav,6
/USERSPACE/DATASETS/CodecFake/train/F06_SSB18320143.wav,6
/USERSPACE/DATASETS/CodecFake/train/F06_p256_172.wav,6
/USERSPACE/DATASETS/CodecFake/train/F06_SSB13400320.wav,6
/USERSPACE/DATASETS/CodecFake/train/F06_p248_067.wav,6
/USERSPACE/DATASETS/CodecFake/train/F06_p311_180.wav,6
/USERSPACE/DATASETS/CodecFake/train/F06_p293_336.wav,6
/USERSPACE/DATASETS/CodecFake/train/F06_p267_362.wav,6
/USERSPACE/DATASETS/CodecFake/train/F06_SSB19180302.wav,6
/USERSPACE/DATASETS/CodecFake/train/F06_p284_409.wav,6
/USERSPACE/DATASETS/CodecFake/train/F06_p243_060.wav,6
/USERSPACE/DATASETS/CodecFake/train/F06_p276_047.wav,6
/USERSPACE/DATASETS/CodecFake/train/F06_p360_411.wav,6
/USERSPACE/DATASETS/CodecFake/train/F06_SSB07230211.wav,6
/USERSPACE/DATASETS/CodecFake/train/F06_SSB14520419.wav,6
/USERSPACE/DATASETS/CodecFake/train/F06_SSB02000277.wav,6
/USERSPACE/DATASETS/CodecFake/train/F06_SSB02880445.wav,6
/USERSPACE/DATASETS/CodecFake/train/F06_p246_205.wav,6
/USERSPACE/DATASETS/CodecFake/train/F06_p246_075.wav,6
/USERSPACE/DATASETS/CodecFake/train/F06_p343_343.wav,6
/USERSPACE/DATASETS/CodecFake/train/F06_SSB04340463.wav,6
/USERSPACE/DATASETS/CodecFake/train/F06_SSB00050455.wav,6
/USERSPACE/DATASETS/CodecFake/train/F06_SSB05340327.wav,6
/USERSPACE/DATASETS/CodecFake/train/F06_SSB05780367.wav,6
/USERSPACE/DATASETS/CodecFake/train/F06_SSB05350207.wav,6
/USERSPACE/DATASETS/CodecFake/train/F06_SSB03930141.wav,6
/USERSPACE/DATASETS/CodecFake/train/F06_SSB16860288.wav,6
/USERSPACE/DATASETS/CodecFake/train/F06_p345_200.wav,6
/USERSPACE/DATASETS/CodecFake/train/F06_SSB07860127.wav,6
/USERSPACE/DATASETS/CodecFake/train/F06_p243_376.wav,6
/USERSPACE/DATASETS/CodecFake/train/F06_p276_165.wav,6
/USERSPACE/DATASETS/CodecFake/train/F06_p361_188.wav,6
/USERSPACE/DATASETS/CodecFake/train/F06_p232_391.wav,6
/USERSPACE/DATASETS/CodecFake/train/F06_SSB07160090.wav,6
/USERSPACE/DATASETS/CodecFake/train/F06_SSB03820409.wav,6
/USERSPACE/DATASETS/CodecFake/train/F06_p280_303.wav,6
/USERSPACE/DATASETS/CodecFake/train/F06_p303_216.wav,6
/USERSPACE/DATASETS/CodecFake/train/F06_p326_375.wav,6
/USERSPACE/DATASETS/CodecFake/train/F06_SSB00730033.wav,6
/USERSPACE/DATASETS/CodecFake/train/F06_SSB05940322.wav,6
/USERSPACE/DATASETS/CodecFake/train/F06_SSB12390031.wav,6
/USERSPACE/DATASETS/CodecFake/train/F06_SSB09660315.wav,6
/USERSPACE/DATASETS/CodecFake/train/F06_SSB16700065.wav,6
/USERSPACE/DATASETS/CodecFake/train/F06_SSB13280031.wav,6
/USERSPACE/DATASETS/CodecFake/train/F06_SSB18280082.wav,6
/USERSPACE/DATASETS/CodecFake/train/F06_SSB06090233.wav,6
/USERSPACE/DATASETS/CodecFake/train/F06_p305_347.wav,6
/USERSPACE/DATASETS/CodecFake/train/F06_SSB06710287.wav,6
/USERSPACE/DATASETS/CodecFake/train/F06_p286_218.wav,6
/USERSPACE/DATASETS/CodecFake/train/F06_p271_404.wav,6
/USERSPACE/DATASETS/CodecFake/train/F06_SSB16250146.wav,6
/USERSPACE/DATASETS/CodecFake/train/F06_SSB02670258.wav,6
/USERSPACE/DATASETS/CodecFake/train/F06_SSB02410026.wav,6
/USERSPACE/DATASETS/CodecFake/train/F06_p250_026.wav,6
/USERSPACE/DATASETS/CodecFake/train/F06_SSB07800250.wav,6
/USERSPACE/DATASETS/CodecFake/train/F06_SSB07160095.wav,6
/USERSPACE/DATASETS/CodecFake/train/F06_SSB07940239.wav,6
/USERSPACE/DATASETS/CodecFake/train/F06_SSB10640083.wav,6
/USERSPACE/DATASETS/CodecFake/train/F06_SSB06060416.wav,6
/USERSPACE/DATASETS/CodecFake/train/F06_SSB13850073.wav,6
/USERSPACE/DATASETS/CodecFake/train/F06_p360_147.wav,6
/USERSPACE/DATASETS/CodecFake/train/F06_SSB00050030.wav,6
/USERSPACE/DATASETS/CodecFake/train/F06_SSB03160344.wav,6
/USERSPACE/DATASETS/CodecFake/train/F06_SSB11260003.wav,6
/USERSPACE/DATASETS/CodecFake/train/F06_SSB04070101.wav,6
/USERSPACE/DATASETS/CodecFake/train/F06_SSB04070172.wav,6
/USERSPACE/DATASETS/CodecFake/train/F06_SSB06710039.wav,6
/USERSPACE/DATASETS/CodecFake/train/F06_SSB03160410.wav,6
/USERSPACE/DATASETS/CodecFake/train/F06_SSB11610145.wav,6
/USERSPACE/DATASETS/CodecFake/train/F06_p258_355.wav,6
/USERSPACE/DATASETS/CodecFake/train/F06_SSB07460284.wav,6
/USERSPACE/DATASETS/CodecFake/train/F06_SSB05700154.wav,6
/USERSPACE/DATASETS/CodecFake/train/F06_SSB18280261.wav,6
/USERSPACE/DATASETS/CodecFake/train/F06_SSB07510366.wav,6
/USERSPACE/DATASETS/CodecFake/train/F06_SSB00110336.wav,6
/USERSPACE/DATASETS/CodecFake/train/F06_SSB09970458.wav,6
/USERSPACE/DATASETS/CodecFake/train/F06_SSB12390325.wav,6
/USERSPACE/DATASETS/CodecFake/train/F06_SSB07110503.wav,6
/USERSPACE/DATASETS/CodecFake/train/F06_SSB06320035.wav,6
/USERSPACE/DATASETS/CodecFake/train/F06_SSB04350412.wav,6
/USERSPACE/DATASETS/CodecFake/train/F06_p316_006.wav,6
/USERSPACE/DATASETS/CodecFake/train/F06_SSB13410282.wav,6
/USERSPACE/DATASETS/CodecFake/train/F06_SSB01220122.wav,6
/USERSPACE/DATASETS/CodecFake/train/F06_p233_333.wav,6
/USERSPACE/DATASETS/CodecFake/train/F06_SSB13220183.wav,6
/USERSPACE/DATASETS/CodecFake/train/F06_p240_125.wav,6
/USERSPACE/DATASETS/CodecFake/train/F06_p266_304.wav,6
/USERSPACE/DATASETS/CodecFake/train/F06_SSB05390137.wav,6
/USERSPACE/DATASETS/CodecFake/train/F06_SSB07840498.wav,6
/USERSPACE/DATASETS/CodecFake/train/F06_SSB05900355.wav,6
/USERSPACE/DATASETS/CodecFake/train/F06_SSB07940427.wav,6
/USERSPACE/DATASETS/CodecFake/train/F06_p233_363.wav,6
/USERSPACE/DATASETS/CodecFake/train/F06_p277_032.wav,6
/USERSPACE/DATASETS/CodecFake/train/F06_SSB13220336.wav,6
/USERSPACE/DATASETS/CodecFake/train/F06_p336_297.wav,6
/USERSPACE/DATASETS/CodecFake/train/F06_SSB03070283.wav,6
/USERSPACE/DATASETS/CodecFake/train/F06_SSB07370460.wav,6
/USERSPACE/DATASETS/CodecFake/train/F06_SSB03950087.wav,6
/USERSPACE/DATASETS/CodecFake/train/F06_p318_196.wav,6
/USERSPACE/DATASETS/CodecFake/train/F06_SSB06310003.wav,6
/USERSPACE/DATASETS/CodecFake/train/F06_p307_029.wav,6
/USERSPACE/DATASETS/CodecFake/train/F06_SSB01120357.wav,6
/USERSPACE/DATASETS/CodecFake/train/F06_SSB18780137.wav,6
/USERSPACE/DATASETS/CodecFake/train/F06_SSB05780293.wav,6
/USERSPACE/DATASETS/CodecFake/train/F06_SSB11260125.wav,6
/USERSPACE/DATASETS/CodecFake/train/F06_SSB06860263.wav,6
/USERSPACE/DATASETS/CodecFake/train/F06_SSB07200301.wav,6
/USERSPACE/DATASETS/CodecFake/train/F06_p295_239.wav,6
/USERSPACE/DATASETS/CodecFake/train/F06_SSB12030043.wav,6
/USERSPACE/DATASETS/CodecFake/train/F06_SSB03390204.wav,6
/USERSPACE/DATASETS/CodecFake/train/F06_p234_120.wav,6
/USERSPACE/DATASETS/CodecFake/train/F06_SSB11150008.wav,6
/USERSPACE/DATASETS/CodecFake/train/F06_SSB15670164.wav,6
/USERSPACE/DATASETS/CodecFake/train/F06_SSB09130137.wav,6
/USERSPACE/DATASETS/CodecFake/train/F06_SSB07490340.wav,6
/USERSPACE/DATASETS/CodecFake/train/F06_SSB07490208.wav,6
/USERSPACE/DATASETS/CodecFake/train/F06_p226_226.wav,6
/USERSPACE/DATASETS/CodecFake/train/F06_p294_263.wav,6
/USERSPACE/DATASETS/CodecFake/train/F06_SSB10720470.wav,6
/USERSPACE/DATASETS/CodecFake/train/F06_p255_249.wav,6
/USERSPACE/DATASETS/CodecFake/train/F06_SSB02610143.wav,6
/USERSPACE/DATASETS/CodecFake/train/F06_p313_036.wav,6
/USERSPACE/DATASETS/CodecFake/train/F06_SSB05020384.wav,6
/USERSPACE/DATASETS/CodecFake/train/F06_SSB07780407.wav,6
/USERSPACE/DATASETS/CodecFake/train/F06_SSB06010338.wav,6
/USERSPACE/DATASETS/CodecFake/train/F06_SSB05700293.wav,6
/USERSPACE/DATASETS/CodecFake/train/F06_SSB05940154.wav,6
/USERSPACE/DATASETS/CodecFake/train/F06_SSB11150149.wav,6
/USERSPACE/DATASETS/CodecFake/train/F06_p243_222.wav,6
/USERSPACE/DATASETS/CodecFake/train/F06_SSB16500093.wav,6
/USERSPACE/DATASETS/CodecFake/train/F06_SSB07170491.wav,6
/USERSPACE/DATASETS/CodecFake/train/F06_SSB10640026.wav,6
/USERSPACE/DATASETS/CodecFake/train/F06_SSB05700141.wav,6
/USERSPACE/DATASETS/CodecFake/train/F06_SSB17590184.wav,6
/USERSPACE/DATASETS/CodecFake/train/F06_SSB09130325.wav,6
/USERSPACE/DATASETS/CodecFake/train/F06_SSB10080298.wav,6
/USERSPACE/DATASETS/CodecFake/train/F06_p287_257.wav,6
/USERSPACE/DATASETS/CodecFake/train/F06_SSB13660043.wav,6
/USERSPACE/DATASETS/CodecFake/train/F06_SSB07840279.wav,6
/USERSPACE/DATASETS/CodecFake/train/F06_SSB18320426.wav,6
/USERSPACE/DATASETS/CodecFake/train/F06_SSB05350388.wav,6
/USERSPACE/DATASETS/CodecFake/train/F06_SSB11310256.wav,6
/USERSPACE/DATASETS/CodecFake/train/F06_SSB16240445.wav,6
/USERSPACE/DATASETS/CodecFake/train/F06_p232_186.wav,6
/USERSPACE/DATASETS/CodecFake/train/F06_p323_107.wav,6
/USERSPACE/DATASETS/CodecFake/train/F06_p318_299.wav,6
/USERSPACE/DATASETS/CodecFake/train/F06_SSB03940295.wav,6
/USERSPACE/DATASETS/CodecFake/train/F06_SSB18280109.wav,6
/USERSPACE/DATASETS/CodecFake/train/F06_p276_391.wav,6
/USERSPACE/DATASETS/CodecFake/train/F06_p280_294.wav,6
/USERSPACE/DATASETS/CodecFake/train/F06_SSB01930065.wav,6
/USERSPACE/DATASETS/CodecFake/train/F06_p231_185.wav,6
/USERSPACE/DATASETS/CodecFake/train/F06_p246_119.wav,6
/USERSPACE/DATASETS/CodecFake/train/F06_p263_063.wav,6
/USERSPACE/DATASETS/CodecFake/train/F06_p297_018.wav,6
/USERSPACE/DATASETS/CodecFake/train/F06_SSB07600350.wav,6
/USERSPACE/DATASETS/CodecFake/train/F06_p341_401.wav,6
/USERSPACE/DATASETS/CodecFake/train/F06_SSB16700165.wav,6
/USERSPACE/DATASETS/CodecFake/train/F06_p304_361.wav,6
/USERSPACE/DATASETS/CodecFake/train/F06_SSB06290287.wav,6
/USERSPACE/DATASETS/CodecFake/train/F06_p277_430.wav,6
/USERSPACE/DATASETS/CodecFake/train/F06_SSB14310345.wav,6
/USERSPACE/DATASETS/CodecFake/train/F06_SSB11250180.wav,6
/USERSPACE/DATASETS/CodecFake/train/F06_p229_184.wav,6
/USERSPACE/DATASETS/CodecFake/train/F06_p326_039.wav,6
/USERSPACE/DATASETS/CodecFake/train/F06_SSB10080380.wav,6
/USERSPACE/DATASETS/CodecFake/train/F06_p252_308.wav,6
/USERSPACE/DATASETS/CodecFake/train/F06_SSB11080364.wav,6
/USERSPACE/DATASETS/CodecFake/train/F06_SSB07800246.wav,6
/USERSPACE/DATASETS/CodecFake/train/F06_SSB12530205.wav,6
/USERSPACE/DATASETS/CodecFake/train/F06_SSB07510401.wav,6
/USERSPACE/DATASETS/CodecFake/train/F06_SSB03390065.wav,6
/USERSPACE/DATASETS/CodecFake/train/F06_p243_283.wav,6
/USERSPACE/DATASETS/CodecFake/train/F06_SSB10550125.wav,6
/USERSPACE/DATASETS/CodecFake/train/F06_SSB04150116.wav,6
/USERSPACE/DATASETS/CodecFake/train/F06_SSB17450001.wav,6
/USERSPACE/DATASETS/CodecFake/train/F06_p283_154.wav,6
/USERSPACE/DATASETS/CodecFake/train/F06_SSB14080041.wav,6
/USERSPACE/DATASETS/CodecFake/train/F06_SSB13770149.wav,6
/USERSPACE/DATASETS/CodecFake/train/F06_SSB07370389.wav,6
/USERSPACE/DATASETS/CodecFake/train/F06_SSB11350264.wav,6
/USERSPACE/DATASETS/CodecFake/train/F06_SSB04150404.wav,6
/USERSPACE/DATASETS/CodecFake/train/F06_SSB19020443.wav,6
/USERSPACE/DATASETS/CodecFake/train/F06_SSB07360129.wav,6
/USERSPACE/DATASETS/CodecFake/train/F06_p287_230.wav,6
/USERSPACE/DATASETS/CodecFake/train/F06_SSB15670300.wav,6
/USERSPACE/DATASETS/CodecFake/train/F06_SSB01970314.wav,6
/USERSPACE/DATASETS/CodecFake/train/F06_SSB06090337.wav,6
/USERSPACE/DATASETS/CodecFake/train/F06_SSB03540388.wav,6
/USERSPACE/DATASETS/CodecFake/train/F06_SSB06230293.wav,6
/USERSPACE/DATASETS/CodecFake/train/F06_p272_397.wav,6
/USERSPACE/DATASETS/CodecFake/train/F06_p312_251.wav,6
/USERSPACE/DATASETS/CodecFake/train/F06_p246_302.wav,6
/USERSPACE/DATASETS/CodecFake/train/F06_SSB11380353.wav,6
/USERSPACE/DATASETS/CodecFake/train/F06_SSB03420452.wav,6
/USERSPACE/DATASETS/CodecFake/train/F06_SSB16700295.wav,6
/USERSPACE/DATASETS/CodecFake/train/F06_SSB03090094.wav,6
/USERSPACE/DATASETS/CodecFake/train/F06_SSB06070195.wav,6
/USERSPACE/DATASETS/CodecFake/train/F06_SSB12740167.wav,6
/USERSPACE/DATASETS/CodecFake/train/F06_p260_154.wav,6
/USERSPACE/DATASETS/CodecFake/train/F06_SSB00090247.wav,6
/USERSPACE/DATASETS/CodecFake/train/F06_SSB04820470.wav,6
/USERSPACE/DATASETS/CodecFake/train/F06_SSB07020338.wav,6
/USERSPACE/DATASETS/CodecFake/train/F06_p250_097.wav,6
/USERSPACE/DATASETS/CodecFake/train/F06_SSB06030322.wav,6
/USERSPACE/DATASETS/CodecFake/train/F06_SSB00180458.wav,6
/USERSPACE/DATASETS/CodecFake/train/F06_p374_359.wav,6
/USERSPACE/DATASETS/CodecFake/train/F06_SSB19560017.wav,6
/USERSPACE/DATASETS/CodecFake/train/F06_SSB01930182.wav,6
/USERSPACE/DATASETS/CodecFake/train/F06_SSB07800113.wav,6
/USERSPACE/DATASETS/CodecFake/train/F06_SSB06010051.wav,6
/USERSPACE/DATASETS/CodecFake/train/F06_p239_399.wav,6
/USERSPACE/DATASETS/CodecFake/train/F06_SSB02610126.wav,6
/USERSPACE/DATASETS/CodecFake/train/F06_SSB06710406.wav,6
/USERSPACE/DATASETS/CodecFake/train/F06_p273_309.wav,6
/USERSPACE/DATASETS/CodecFake/train/F06_SSB16840307.wav,6
/USERSPACE/DATASETS/CodecFake/train/F06_SSB07020348.wav,6
/USERSPACE/DATASETS/CodecFake/train/F06_p345_379.wav,6
/USERSPACE/DATASETS/CodecFake/train/F06_SSB12180432.wav,6
/USERSPACE/DATASETS/CodecFake/train/F06_SSB02990488.wav,6
/USERSPACE/DATASETS/CodecFake/train/F06_p271_175.wav,6
/USERSPACE/DATASETS/CodecFake/train/F06_SSB13280404.wav,6
/USERSPACE/DATASETS/CodecFake/train/F06_p271_061.wav,6
/USERSPACE/DATASETS/CodecFake/train/F06_SSB06030174.wav,6
/USERSPACE/DATASETS/CodecFake/train/F06_p276_022.wav,6
/USERSPACE/DATASETS/CodecFake/train/F06_SSB07230390.wav,6
/USERSPACE/DATASETS/CodecFake/train/F06_p316_070.wav,6
/USERSPACE/DATASETS/CodecFake/train/F06_SSB13660048.wav,6
/USERSPACE/DATASETS/CodecFake/train/F06_SSB19350460.wav,6
/USERSPACE/DATASETS/CodecFake/train/F06_SSB17280392.wav,6
/USERSPACE/DATASETS/CodecFake/train/F06_SSB10550156.wav,6
/USERSPACE/DATASETS/CodecFake/train/F06_p302_261.wav,6
/USERSPACE/DATASETS/CodecFake/train/F06_SSB13280214.wav,6
/USERSPACE/DATASETS/CodecFake/train/F06_p310_204.wav,6
/USERSPACE/DATASETS/CodecFake/train/F06_SSB19020005.wav,6
/USERSPACE/DATASETS/CodecFake/train/F06_SSB11760236.wav,6
/USERSPACE/DATASETS/CodecFake/train/F06_SSB11000231.wav,6
/USERSPACE/DATASETS/CodecFake/train/F06_SSB11760313.wav,6
/USERSPACE/DATASETS/CodecFake/train/F06_SSB07860227.wav,6
/USERSPACE/DATASETS/CodecFake/train/F06_SSB05880337.wav,6
/USERSPACE/DATASETS/CodecFake/train/F06_p340_053.wav,6
/USERSPACE/DATASETS/CodecFake/train/F06_SSB06310295.wav,6
/USERSPACE/DATASETS/CodecFake/train/F06_SSB07780140.wav,6
/USERSPACE/DATASETS/CodecFake/train/F06_SSB00180316.wav,6
/USERSPACE/DATASETS/CodecFake/train/F06_p265_022.wav,6
/USERSPACE/DATASETS/CodecFake/train/F06_SSB01390176.wav,6
/USERSPACE/DATASETS/CodecFake/train/F06_p339_025.wav,6
/USERSPACE/DATASETS/CodecFake/train/F06_SSB11000215.wav,6
/USERSPACE/DATASETS/CodecFake/train/F06_SSB00330452.wav,6
/USERSPACE/DATASETS/CodecFake/train/F06_p225_006.wav,6
/USERSPACE/DATASETS/CodecFake/train/F06_SSB10010362.wav,6
/USERSPACE/DATASETS/CodecFake/train/F06_p306_270.wav,6
/USERSPACE/DATASETS/CodecFake/train/F06_p246_309.wav,6
/USERSPACE/DATASETS/CodecFake/train/F06_SSB11100212.wav,6
/USERSPACE/DATASETS/CodecFake/train/F06_SSB13200096.wav,6
/USERSPACE/DATASETS/CodecFake/train/F06_SSB00430235.wav,6
/USERSPACE/DATASETS/CodecFake/train/F06_p314_352.wav,6
/USERSPACE/DATASETS/CodecFake/train/F06_p264_128.wav,6
/USERSPACE/DATASETS/CodecFake/train/F06_p310_237.wav,6
/USERSPACE/DATASETS/CodecFake/train/F06_p347_073.wav,6
/USERSPACE/DATASETS/CodecFake/train/F06_p362_336.wav,6
/USERSPACE/DATASETS/CodecFake/train/F06_p264_094.wav,6
/USERSPACE/DATASETS/CodecFake/train/F06_p227_355.wav,6
/USERSPACE/DATASETS/CodecFake/train/F06_p231_369.wav,6
/USERSPACE/DATASETS/CodecFake/train/F06_SSB01930303.wav,6
/USERSPACE/DATASETS/CodecFake/train/F06_p288_288.wav,6
/USERSPACE/DATASETS/CodecFake/train/F06_SSB13200251.wav,6
/USERSPACE/DATASETS/CodecFake/train/F06_SSB07840182.wav,6
/USERSPACE/DATASETS/CodecFake/train/F06_SSB06070486.wav,6
/USERSPACE/DATASETS/CodecFake/train/F06_SSB03090431.wav,6
/USERSPACE/DATASETS/CodecFake/train/F06_p243_103.wav,6
/USERSPACE/DATASETS/CodecFake/train/F06_SSB08870234.wav,6
/USERSPACE/DATASETS/CodecFake/train/F06_SSB17590132.wav,6
/USERSPACE/DATASETS/CodecFake/train/F06_p285_368.wav,6
/USERSPACE/DATASETS/CodecFake/train/F06_SSB04350470.wav,6
/USERSPACE/DATASETS/CodecFake/train/F06_p303_149.wav,6
/USERSPACE/DATASETS/CodecFake/train/F06_SSB03230097.wav,6
/USERSPACE/DATASETS/CodecFake/train/F06_SSB13200231.wav,6
/USERSPACE/DATASETS/CodecFake/train/F06_SSB07110060.wav,6
/USERSPACE/DATASETS/CodecFake/train/F06_SSB00160417.wav,6
/USERSPACE/DATASETS/CodecFake/train/F06_SSB02870399.wav,6
/USERSPACE/DATASETS/CodecFake/train/F06_SSB02000444.wav,6
/USERSPACE/DATASETS/CodecFake/train/F06_p304_053.wav,6
/USERSPACE/DATASETS/CodecFake/train/F06_SSB07170379.wav,6
/USERSPACE/DATASETS/CodecFake/train/F06_SSB06070075.wav,6
/USERSPACE/DATASETS/CodecFake/train/F06_SSB07020407.wav,6
/USERSPACE/DATASETS/CodecFake/train/F06_SSB02670032.wav,6
/USERSPACE/DATASETS/CodecFake/train/F06_SSB12180047.wav,6
/USERSPACE/DATASETS/CodecFake/train/F06_SSB05700324.wav,6
/USERSPACE/DATASETS/CodecFake/train/F06_SSB03950008.wav,6
/USERSPACE/DATASETS/CodecFake/train/F06_SSB02670294.wav,6
/USERSPACE/DATASETS/CodecFake/train/F06_p305_163.wav,6
/USERSPACE/DATASETS/CodecFake/train/F06_p301_226.wav,6
/USERSPACE/DATASETS/CodecFake/train/F06_SSB00730394.wav,6
/USERSPACE/DATASETS/CodecFake/train/F06_SSB14370134.wav,6
/USERSPACE/DATASETS/CodecFake/train/F06_SSB14480011.wav,6
/USERSPACE/DATASETS/CodecFake/train/F06_SSB05700232.wav,6
/USERSPACE/DATASETS/CodecFake/train/F06_SSB14080330.wav,6
/USERSPACE/DATASETS/CodecFake/train/F06_SSB15750386.wav,6
/USERSPACE/DATASETS/CodecFake/train/F06_SSB10550136.wav,6
/USERSPACE/DATASETS/CodecFake/train/F06_SSB06710401.wav,6
/USERSPACE/DATASETS/CodecFake/train/F06_p303_020.wav,6
/USERSPACE/DATASETS/CodecFake/train/F06_SSB07580020.wav,6
/USERSPACE/DATASETS/CodecFake/train/F06_p245_220.wav,6
/USERSPACE/DATASETS/CodecFake/train/F06_SSB15630146.wav,6
/USERSPACE/DATASETS/CodecFake/train/F06_SSB05340117.wav,6
/USERSPACE/DATASETS/CodecFake/train/F06_SSB07580406.wav,6
/USERSPACE/DATASETS/CodecFake/train/F06_p330_056.wav,6
/USERSPACE/DATASETS/CodecFake/train/F06_p233_021.wav,6
/USERSPACE/DATASETS/CodecFake/train/F06_SSB06930268.wav,6
/USERSPACE/DATASETS/CodecFake/train/F06_SSB18780483.wav,6
/USERSPACE/DATASETS/CodecFake/train/F06_p257_242.wav,6
/USERSPACE/DATASETS/CodecFake/train/F06_SSB03940066.wav,6
/USERSPACE/DATASETS/CodecFake/train/F06_p238_446.wav,6
/USERSPACE/DATASETS/CodecFake/train/F06_p298_105.wav,6
/USERSPACE/DATASETS/CodecFake/train/F06_SSB07800075.wav,6
/USERSPACE/DATASETS/CodecFake/train/F06_SSB10960187.wav,6
/USERSPACE/DATASETS/CodecFake/train/F06_SSB06660027.wav,6
/USERSPACE/DATASETS/CodecFake/train/F06_p252_183.wav,6
/USERSPACE/DATASETS/CodecFake/train/F06_SSB14480460.wav,6
/USERSPACE/DATASETS/CodecFake/train/F06_p256_036.wav,6
/USERSPACE/DATASETS/CodecFake/train/F06_SSB03410479.wav,6
/USERSPACE/DATASETS/CodecFake/train/F06_SSB13930192.wav,6
/USERSPACE/DATASETS/CodecFake/train/F06_SSB06860117.wav,6
/USERSPACE/DATASETS/CodecFake/train/F06_SSB06320270.wav,6
/USERSPACE/DATASETS/CodecFake/train/F06_SSB03950069.wav,6
/USERSPACE/DATASETS/CodecFake/train/F06_SSB15630070.wav,6
/USERSPACE/DATASETS/CodecFake/train/F06_SSB03850385.wav,6
/USERSPACE/DATASETS/CodecFake/train/F06_SSB03750404.wav,6
/USERSPACE/DATASETS/CodecFake/train/F06_SSB18720173.wav,6
/USERSPACE/DATASETS/CodecFake/train/F06_SSB07800358.wav,6
/USERSPACE/DATASETS/CodecFake/train/F06_p268_070.wav,6
/USERSPACE/DATASETS/CodecFake/train/F06_SSB03850408.wav,6
/USERSPACE/DATASETS/CodecFake/train/F06_SSB00570091.wav,6
/USERSPACE/DATASETS/CodecFake/train/F06_SSB08510398.wav,6
/USERSPACE/DATASETS/CodecFake/train/F06_p273_212.wav,6
/USERSPACE/DATASETS/CodecFake/train/F06_SSB16250061.wav,6
/USERSPACE/DATASETS/CodecFake/train/F06_p299_181.wav,6
/USERSPACE/DATASETS/CodecFake/train/F06_SSB09350445.wav,6
/USERSPACE/DATASETS/CodecFake/train/F06_SSB03420163.wav,6
/USERSPACE/DATASETS/CodecFake/train/F06_SSB09190059.wav,6
/USERSPACE/DATASETS/CodecFake/train/F06_SSB03940081.wav,6
/USERSPACE/DATASETS/CodecFake/train/F06_p231_402.wav,6
/USERSPACE/DATASETS/CodecFake/train/F06_SSB18630218.wav,6
/USERSPACE/DATASETS/CodecFake/train/F06_SSB07110498.wav,6
/USERSPACE/DATASETS/CodecFake/train/F06_SSB06030220.wav,6
/USERSPACE/DATASETS/CodecFake/train/F06_SSB05700393.wav,6
/USERSPACE/DATASETS/CodecFake/train/F06_SSB00160063.wav,6
/USERSPACE/DATASETS/CodecFake/train/F06_p240_046.wav,6
/USERSPACE/DATASETS/CodecFake/train/F06_p305_224.wav,6
/USERSPACE/DATASETS/CodecFake/train/F06_p232_344.wav,6
/USERSPACE/DATASETS/CodecFake/train/F06_SSB07360099.wav,6
/USERSPACE/DATASETS/CodecFake/train/F06_SSB11870400.wav,6
/USERSPACE/DATASETS/CodecFake/train/F06_p241_053.wav,6
/USERSPACE/DATASETS/CodecFake/train/F06_SSB05700040.wav,6
/USERSPACE/DATASETS/CodecFake/train/F06_p253_190.wav,6
/USERSPACE/DATASETS/CodecFake/train/F06_p233_221.wav,6
/USERSPACE/DATASETS/CodecFake/train/F06_p273_169.wav,6
/USERSPACE/DATASETS/CodecFake/train/F06_SSB03540064.wav,6
/USERSPACE/DATASETS/CodecFake/train/F06_p266_073.wav,6
/USERSPACE/DATASETS/CodecFake/train/F06_SSB00180057.wav,6
/USERSPACE/DATASETS/CodecFake/train/F06_p300_327.wav,6
/USERSPACE/DATASETS/CodecFake/train/F06_p285_036.wav,6
/USERSPACE/DATASETS/CodecFake/train/F06_SSB18910182.wav,6
/USERSPACE/DATASETS/CodecFake/train/F06_SSB01220030.wav,6
/USERSPACE/DATASETS/CodecFake/train/F06_p374_149.wav,6
/USERSPACE/DATASETS/CodecFake/train/F06_SSB06660252.wav,6
/USERSPACE/DATASETS/CodecFake/train/F06_SSB17280077.wav,6
/USERSPACE/DATASETS/CodecFake/train/F06_p315_018.wav,6
/USERSPACE/DATASETS/CodecFake/train/F06_SSB10500474.wav,6
/USERSPACE/DATASETS/CodecFake/train/F06_p253_355.wav,6
/USERSPACE/DATASETS/CodecFake/train/F06_SSB04340007.wav,6
/USERSPACE/DATASETS/CodecFake/train/F06_SSB05650033.wav,6
/USERSPACE/DATASETS/CodecFake/train/F06_SSB18320093.wav,6
/USERSPACE/DATASETS/CodecFake/train/F06_p294_363.wav,6
/USERSPACE/DATASETS/CodecFake/train/F06_SSB07800338.wav,6
/USERSPACE/DATASETS/CodecFake/train/F06_p330_135.wav,6
/USERSPACE/DATASETS/CodecFake/train/F06_p262_270.wav,6
/USERSPACE/DATASETS/CodecFake/train/F06_p227_153.wav,6
/USERSPACE/DATASETS/CodecFake/train/F06_p251_068.wav,6
/USERSPACE/DATASETS/CodecFake/train/F06_SSB14020367.wav,6
/USERSPACE/DATASETS/CodecFake/train/F06_SSB19020363.wav,6
/USERSPACE/DATASETS/CodecFake/train/F06_SSB09350380.wav,6
/USERSPACE/DATASETS/CodecFake/train/F06_SSB09350033.wav,6
/USERSPACE/DATASETS/CodecFake/train/F06_SSB01120457.wav,6
/USERSPACE/DATASETS/CodecFake/train/F06_SSB01220103.wav,6
/USERSPACE/DATASETS/CodecFake/train/F06_p333_053.wav,6
/USERSPACE/DATASETS/CodecFake/train/F06_p280_079.wav,6
/USERSPACE/DATASETS/CodecFake/train/F06_SSB03660080.wav,6
/USERSPACE/DATASETS/CodecFake/train/F06_p240_182.wav,6
/USERSPACE/DATASETS/CodecFake/train/F06_SSB13020461.wav,6
/USERSPACE/DATASETS/CodecFake/train/F06_SSB03950115.wav,6
/USERSPACE/DATASETS/CodecFake/train/F06_SSB12210114.wav,6
/USERSPACE/DATASETS/CodecFake/train/F06_SSB07780427.wav,6
/USERSPACE/DATASETS/CodecFake/train/F06_p286_208.wav,6
/USERSPACE/DATASETS/CodecFake/train/F06_SSB10240288.wav,6
/USERSPACE/DATASETS/CodecFake/train/F06_SSB11360367.wav,6
/USERSPACE/DATASETS/CodecFake/train/F06_SSB03940437.wav,6
/USERSPACE/DATASETS/CodecFake/train/F06_p266_406.wav,6
/USERSPACE/DATASETS/CodecFake/train/F06_SSB01330246.wav,6
/USERSPACE/DATASETS/CodecFake/train/F06_p232_054.wav,6
/USERSPACE/DATASETS/CodecFake/train/F06_p275_340.wav,6
/USERSPACE/DATASETS/CodecFake/train/F06_SSB15550021.wav,6
/USERSPACE/DATASETS/CodecFake/train/F06_SSB07230451.wav,6
/USERSPACE/DATASETS/CodecFake/train/F06_p314_028.wav,6
/USERSPACE/DATASETS/CodecFake/train/F06_SSB05650488.wav,6
/USERSPACE/DATASETS/CodecFake/train/F06_p343_027.wav,6
/USERSPACE/DATASETS/CodecFake/train/F06_SSB19560009.wav,6
/USERSPACE/DATASETS/CodecFake/train/F06_SSB12030377.wav,6
/USERSPACE/DATASETS/CodecFake/train/F06_SSB06060038.wav,6
/USERSPACE/DATASETS/CodecFake/train/F06_SSB16990400.wav,6
/USERSPACE/DATASETS/CodecFake/train/F06_p253_113.wav,6
/USERSPACE/DATASETS/CodecFake/train/F06_SSB03390268.wav,6
/USERSPACE/DATASETS/CodecFake/train/F06_p259_108.wav,6
/USERSPACE/DATASETS/CodecFake/train/F06_p236_398.wav,6
/USERSPACE/DATASETS/CodecFake/train/F06_SSB14570396.wav,6
/USERSPACE/DATASETS/CodecFake/train/F06_p244_379.wav,6
/USERSPACE/DATASETS/CodecFake/train/F06_SSB07840191.wav,6
/USERSPACE/DATASETS/CodecFake/train/F06_SSB06320321.wav,6
/USERSPACE/DATASETS/CodecFake/train/F06_SSB07170410.wav,6
/USERSPACE/DATASETS/CodecFake/train/F06_SSB15930293.wav,6
/USERSPACE/DATASETS/CodecFake/train/F06_SSB07170414.wav,6
/USERSPACE/DATASETS/CodecFake/train/F06_p300_364.wav,6
/USERSPACE/DATASETS/CodecFake/train/F06_p310_145.wav,6
/USERSPACE/DATASETS/CodecFake/train/F06_SSB04070477.wav,6
/USERSPACE/DATASETS/CodecFake/train/F06_SSB00120148.wav,6
/USERSPACE/DATASETS/CodecFake/train/F06_p273_029.wav,6
/USERSPACE/DATASETS/CodecFake/train/F06_p297_202.wav,6
/USERSPACE/DATASETS/CodecFake/train/F06_SSB10720236.wav,6
/USERSPACE/DATASETS/CodecFake/train/F06_p263_420.wav,6
/USERSPACE/DATASETS/CodecFake/train/F06_SSB07020389.wav,6
/USERSPACE/DATASETS/CodecFake/train/F06_SSB07370227.wav,6
/USERSPACE/DATASETS/CodecFake/train/F06_p238_194.wav,6
/USERSPACE/DATASETS/CodecFake/train/F06_SSB07110266.wav,6
/USERSPACE/DATASETS/CodecFake/train/F06_p333_310.wav,6
/USERSPACE/DATASETS/CodecFake/train/F06_SSB19020471.wav,6
/USERSPACE/DATASETS/CodecFake/train/F06_SSB03790250.wav,6
/USERSPACE/DATASETS/CodecFake/train/F06_p241_001.wav,6
/USERSPACE/DATASETS/CodecFake/train/F06_SSB04340313.wav,6
/USERSPACE/DATASETS/CodecFake/train/F06_p311_009.wav,6
/USERSPACE/DATASETS/CodecFake/train/F06_SSB00380183.wav,6
/USERSPACE/DATASETS/CodecFake/train/F06_p304_148.wav,6
/USERSPACE/DATASETS/CodecFake/train/F06_p298_208.wav,6
/USERSPACE/DATASETS/CodecFake/train/F06_SSB06090034.wav,6
/USERSPACE/DATASETS/CodecFake/train/F06_SSB10550149.wav,6
/USERSPACE/DATASETS/CodecFake/train/F06_p262_128.wav,6
/USERSPACE/DATASETS/CodecFake/train/F06_p234_020.wav,6
/USERSPACE/DATASETS/CodecFake/train/F06_SSB01970189.wav,6
/USERSPACE/DATASETS/CodecFake/train/F06_SSB18720263.wav,6
/USERSPACE/DATASETS/CodecFake/train/F06_p247_437.wav,6
/USERSPACE/DATASETS/CodecFake/train/F06_SSB15750248.wav,6
/USERSPACE/DATASETS/CodecFake/train/F06_SSB03660152.wav,6
/USERSPACE/DATASETS/CodecFake/train/F06_SSB03850421.wav,6
/USERSPACE/DATASETS/CodecFake/train/F06_SSB13770040.wav,6
/USERSPACE/DATASETS/CodecFake/train/F06_p256_127.wav,6
/USERSPACE/DATASETS/CodecFake/train/F06_p259_164.wav,6
/USERSPACE/DATASETS/CodecFake/train/F06_SSB11000137.wav,6
/USERSPACE/DATASETS/CodecFake/train/F06_SSB02870137.wav,6
/USERSPACE/DATASETS/CodecFake/train/F06_SSB10000037.wav,6
/USERSPACE/DATASETS/CodecFake/train/F06_SSB07200380.wav,6
/USERSPACE/DATASETS/CodecFake/train/F06_SSB11610468.wav,6
/USERSPACE/DATASETS/CodecFake/train/F06_SSB00570331.wav,6
/USERSPACE/DATASETS/CodecFake/train/F06_SSB10080039.wav,6
/USERSPACE/DATASETS/CodecFake/train/F06_p281_069.wav,6
/USERSPACE/DATASETS/CodecFake/train/F06_SSB11100028.wav,6
/USERSPACE/DATASETS/CodecFake/train/F06_SSB03230217.wav,6
/USERSPACE/DATASETS/CodecFake/train/F06_p336_148.wav,6
/USERSPACE/DATASETS/CodecFake/train/F06_p272_080.wav,6
/USERSPACE/DATASETS/CodecFake/train/F06_p249_212.wav,6
/USERSPACE/DATASETS/CodecFake/train/F06_SSB10080228.wav,6
/USERSPACE/DATASETS/CodecFake/train/F06_SSB03070415.wav,6
/USERSPACE/DATASETS/CodecFake/train/F06_SSB09130171.wav,6
/USERSPACE/DATASETS/CodecFake/train/F06_SSB07460345.wav,6
/USERSPACE/DATASETS/CodecFake/train/F06_SSB03090211.wav,6
/USERSPACE/DATASETS/CodecFake/train/F06_SSB03850345.wav,6
/USERSPACE/DATASETS/CodecFake/train/F06_SSB09870433.wav,6
/USERSPACE/DATASETS/CodecFake/train/F06_p270_184.wav,6
/USERSPACE/DATASETS/CodecFake/train/F06_p257_424.wav,6
/USERSPACE/DATASETS/CodecFake/train/F06_p339_060.wav,6
/USERSPACE/DATASETS/CodecFake/train/F06_p374_341.wav,6
/USERSPACE/DATASETS/CodecFake/train/F06_p316_115.wav,6
/USERSPACE/DATASETS/CodecFake/train/F06_p254_249.wav,6
/USERSPACE/DATASETS/CodecFake/train/F06_SSB18280369.wav,6
/USERSPACE/DATASETS/CodecFake/train/F06_SSB11870486.wav,6
/USERSPACE/DATASETS/CodecFake/train/F06_p269_343.wav,6
/USERSPACE/DATASETS/CodecFake/train/F06_SSB09350129.wav,6
/USERSPACE/DATASETS/CodecFake/train/F06_p255_276.wav,6
/USERSPACE/DATASETS/CodecFake/train/F06_SSB11250316.wav,6
/USERSPACE/DATASETS/CodecFake/train/F06_SSB01220113.wav,6
/USERSPACE/DATASETS/CodecFake/train/F06_p278_038.wav,6
/USERSPACE/DATASETS/CodecFake/train/F06_SSB09970463.wav,6
/USERSPACE/DATASETS/CodecFake/train/F06_SSB09130116.wav,6
/USERSPACE/DATASETS/CodecFake/train/F06_SSB05880069.wav,6
/USERSPACE/DATASETS/CodecFake/train/F06_SSB11000086.wav,6
/USERSPACE/DATASETS/CodecFake/train/F06_p259_208.wav,6
/USERSPACE/DATASETS/CodecFake/train/F06_p250_128.wav,6
/USERSPACE/DATASETS/CodecFake/train/F06_SSB02870065.wav,6
/USERSPACE/DATASETS/CodecFake/train/F06_p251_148.wav,6
/USERSPACE/DATASETS/CodecFake/train/F06_p276_122.wav,6
/USERSPACE/DATASETS/CodecFake/train/F06_SSB04340131.wav,6
/USERSPACE/DATASETS/CodecFake/train/F06_SSB06310134.wav,6
/USERSPACE/DATASETS/CodecFake/train/F06_p281_386.wav,6
/USERSPACE/DATASETS/CodecFake/train/F06_p227_341.wav,6
/USERSPACE/DATASETS/CodecFake/train/F06_SSB03410391.wav,6
/USERSPACE/DATASETS/CodecFake/train/F06_p240_325.wav,6
/USERSPACE/DATASETS/CodecFake/train/F06_SSB11260354.wav,6
/USERSPACE/DATASETS/CodecFake/train/F06_p243_373.wav,6
/USERSPACE/DATASETS/CodecFake/train/F06_SSB00380480.wav,6
/USERSPACE/DATASETS/CodecFake/train/F06_SSB16070242.wav,6
/USERSPACE/DATASETS/CodecFake/train/F06_p236_268.wav,6
/USERSPACE/DATASETS/CodecFake/train/F06_SSB07170028.wav,6
/USERSPACE/DATASETS/CodecFake/train/F06_SSB07100493.wav,6
/USERSPACE/DATASETS/CodecFake/train/F06_p271_335.wav,6
/USERSPACE/DATASETS/CodecFake/train/F06_p239_098.wav,6
/USERSPACE/DATASETS/CodecFake/train/F06_SSB03420111.wav,6
/USERSPACE/DATASETS/CodecFake/train/F06_SSB11350133.wav,6
/USERSPACE/DATASETS/CodecFake/train/F06_p248_065.wav,6
/USERSPACE/DATASETS/CodecFake/train/F06_SSB18280390.wav,6
/USERSPACE/DATASETS/CodecFake/train/F06_SSB10200203.wav,6
/USERSPACE/DATASETS/CodecFake/train/F06_p330_001.wav,6
/USERSPACE/DATASETS/CodecFake/train/F06_SSB06860367.wav,6
/USERSPACE/DATASETS/CodecFake/train/F06_p282_082.wav,6
/USERSPACE/DATASETS/CodecFake/train/F06_p251_359.wav,6
/USERSPACE/DATASETS/CodecFake/train/F06_SSB18100322.wav,6
/USERSPACE/DATASETS/CodecFake/train/F06_SSB15930459.wav,6
/USERSPACE/DATASETS/CodecFake/train/F06_SSB01220084.wav,6
/USERSPACE/DATASETS/CodecFake/train/F06_SSB01120157.wav,6
/USERSPACE/DATASETS/CodecFake/train/F06_p237_090.wav,6
/USERSPACE/DATASETS/CodecFake/train/F06_SSB03790283.wav,6
/USERSPACE/DATASETS/CodecFake/train/F06_p293_309.wav,6
/USERSPACE/DATASETS/CodecFake/train/F06_p364_122.wav,6
/USERSPACE/DATASETS/CodecFake/train/F06_p241_296.wav,6
/USERSPACE/DATASETS/CodecFake/train/F06_SSB00090491.wav,6
/USERSPACE/DATASETS/CodecFake/train/F06_SSB13220385.wav,6
/USERSPACE/DATASETS/CodecFake/train/F06_SSB11080080.wav,6
/USERSPACE/DATASETS/CodecFake/train/F06_p316_338.wav,6
/USERSPACE/DATASETS/CodecFake/train/F06_p244_105.wav,6
/USERSPACE/DATASETS/CodecFake/train/F06_p363_237.wav,6
/USERSPACE/DATASETS/CodecFake/train/F06_SSB06090313.wav,6
/USERSPACE/DATASETS/CodecFake/train/F06_p295_062.wav,6
/USERSPACE/DATASETS/CodecFake/train/F06_SSB05700334.wav,6
/USERSPACE/DATASETS/CodecFake/train/F06_p231_201.wav,6
/USERSPACE/DATASETS/CodecFake/train/F06_SSB15850470.wav,6
/USERSPACE/DATASETS/CodecFake/train/F06_SSB13820156.wav,6
/USERSPACE/DATASETS/CodecFake/train/F06_SSB05940120.wav,6
/USERSPACE/DATASETS/CodecFake/train/F06_SSB12150068.wav,6
/USERSPACE/DATASETS/CodecFake/train/F06_SSB07170287.wav,6
/USERSPACE/DATASETS/CodecFake/train/F06_SSB06320316.wav,6
/USERSPACE/DATASETS/CodecFake/train/F06_SSB10000164.wav,6
/USERSPACE/DATASETS/CodecFake/train/F06_p335_222.wav,6
/USERSPACE/DATASETS/CodecFake/train/F06_SSB02870094.wav,6
/USERSPACE/DATASETS/CodecFake/train/F06_p326_392.wav,6
/USERSPACE/DATASETS/CodecFake/train/F06_SSB15850139.wav,6
/USERSPACE/DATASETS/CodecFake/train/F06_p269_101.wav,6
/USERSPACE/DATASETS/CodecFake/train/F06_SSB07480443.wav,6
/USERSPACE/DATASETS/CodecFake/train/F06_p277_091.wav,6
/USERSPACE/DATASETS/CodecFake/train/F06_p265_219.wav,6
/USERSPACE/DATASETS/CodecFake/train/F06_SSB03230169.wav,6
/USERSPACE/DATASETS/CodecFake/train/F06_SSB03800327.wav,6
/USERSPACE/DATASETS/CodecFake/train/F06_SSB11310044.wav,6
/USERSPACE/DATASETS/CodecFake/train/F06_SSB02410296.wav,6
/USERSPACE/DATASETS/CodecFake/train/F06_SSB07460255.wav,6
/USERSPACE/DATASETS/CodecFake/train/F06_SSB07100366.wav,6
/USERSPACE/DATASETS/CodecFake/train/F06_SSB03790295.wav,6
/USERSPACE/DATASETS/CodecFake/train/F06_SSB12030388.wav,6
/USERSPACE/DATASETS/CodecFake/train/F06_SSB19180287.wav,6
/USERSPACE/DATASETS/CodecFake/train/F06_SSB06090295.wav,6
/USERSPACE/DATASETS/CodecFake/train/F06_SSB05900505.wav,6
/USERSPACE/DATASETS/CodecFake/train/F06_SSB05780355.wav,6
/USERSPACE/DATASETS/CodecFake/train/F06_SSB15670168.wav,6
/USERSPACE/DATASETS/CodecFake/train/F06_SSB05700151.wav,6
/USERSPACE/DATASETS/CodecFake/train/F06_SSB03820434.wav,6
/USERSPACE/DATASETS/CodecFake/train/F06_SSB13410250.wav,6
/USERSPACE/DATASETS/CodecFake/train/F06_SSB00050183.wav,6
/USERSPACE/DATASETS/CodecFake/train/F06_p229_353.wav,6
/USERSPACE/DATASETS/CodecFake/train/F06_p334_030.wav,6
/USERSPACE/DATASETS/CodecFake/train/F06_p226_200.wav,6
/USERSPACE/DATASETS/CodecFake/train/F06_p284_010.wav,6
/USERSPACE/DATASETS/CodecFake/train/F06_p229_268.wav,6
/USERSPACE/DATASETS/CodecFake/train/F06_SSB00430242.wav,6
/USERSPACE/DATASETS/CodecFake/train/F06_p303_267.wav,6
/USERSPACE/DATASETS/CodecFake/train/F06_SSB05390296.wav,6
/USERSPACE/DATASETS/CodecFake/train/F06_SSB12530119.wav,6
/USERSPACE/DATASETS/CodecFake/train/F06_SSB18460154.wav,6
/USERSPACE/DATASETS/CodecFake/train/F06_SSB12740011.wav,6
/USERSPACE/DATASETS/CodecFake/train/F06_SSB06320184.wav,6
/USERSPACE/DATASETS/CodecFake/train/F06_SSB02460184.wav,6
/USERSPACE/DATASETS/CodecFake/train/F06_SSB06010136.wav,6
/USERSPACE/DATASETS/CodecFake/train/F06_SSB07580458.wav,6
/USERSPACE/DATASETS/CodecFake/train/F06_SSB07490282.wav,6
/USERSPACE/DATASETS/CodecFake/train/F06_p249_024.wav,6
/USERSPACE/DATASETS/CodecFake/train/F06_p339_244.wav,6
/USERSPACE/DATASETS/CodecFake/train/F06_p308_335.wav,6
/USERSPACE/DATASETS/CodecFake/train/F06_SSB05900074.wav,6
/USERSPACE/DATASETS/CodecFake/train/F06_SSB17810488.wav,6
/USERSPACE/DATASETS/CodecFake/train/F06_SSB07230110.wav,6
/USERSPACE/DATASETS/CodecFake/train/F06_SSB03790196.wav,6
/USERSPACE/DATASETS/CodecFake/train/F06_SSB10960162.wav,6
/USERSPACE/DATASETS/CodecFake/train/F06_p300_330.wav,6
/USERSPACE/DATASETS/CodecFake/train/F06_SSB11380419.wav,6
/USERSPACE/DATASETS/CodecFake/train/F06_SSB16070311.wav,6
/USERSPACE/DATASETS/CodecFake/train/F06_SSB13820394.wav,6
/USERSPACE/DATASETS/CodecFake/train/F06_SSB13650219.wav,6
/USERSPACE/DATASETS/CodecFake/train/F06_SSB11360487.wav,6
/USERSPACE/DATASETS/CodecFake/train/F06_p281_276.wav,6
/USERSPACE/DATASETS/CodecFake/train/F06_p335_184.wav,6
/USERSPACE/DATASETS/CodecFake/train/F06_SSB01970142.wav,6
/USERSPACE/DATASETS/CodecFake/train/F06_SSB05020368.wav,6
/USERSPACE/DATASETS/CodecFake/train/F06_SSB07780244.wav,6
/USERSPACE/DATASETS/CodecFake/train/F06_SSB00730014.wav,6
/USERSPACE/DATASETS/CodecFake/train/F06_SSB00330425.wav,6
/USERSPACE/DATASETS/CodecFake/train/F06_p307_036.wav,6
/USERSPACE/DATASETS/CodecFake/train/F06_p310_239.wav,6
/USERSPACE/DATASETS/CodecFake/train/F06_SSB12740456.wav,6
/USERSPACE/DATASETS/CodecFake/train/F06_p275_332.wav,6
/USERSPACE/DATASETS/CodecFake/train/F06_SSB00570122.wav,6
/USERSPACE/DATASETS/CodecFake/train/F06_SSB11080036.wav,6
/USERSPACE/DATASETS/CodecFake/train/F06_SSB02610463.wav,6
/USERSPACE/DATASETS/CodecFake/train/F06_SSB11150070.wav,6
/USERSPACE/DATASETS/CodecFake/train/F06_SSB05940386.wav,6
/USERSPACE/DATASETS/CodecFake/train/F06_SSB03950431.wav,6
/USERSPACE/DATASETS/CodecFake/train/F06_p262_050.wav,6
/USERSPACE/DATASETS/CodecFake/train/F06_SSB15550457.wav,6
/USERSPACE/DATASETS/CodecFake/train/F06_SSB11100187.wav,6
/USERSPACE/DATASETS/CodecFake/train/F06_SSB18910290.wav,6
/USERSPACE/DATASETS/CodecFake/train/F06_p334_312.wav,6
/USERSPACE/DATASETS/CodecFake/train/F06_SSB00120349.wav,6
/USERSPACE/DATASETS/CodecFake/train/F06_p334_383.wav,6
/USERSPACE/DATASETS/CodecFake/train/F06_SSB15930153.wav,6
/USERSPACE/DATASETS/CodecFake/train/F06_p247_239.wav,6
/USERSPACE/DATASETS/CodecFake/train/F06_SSB02410179.wav,6
/USERSPACE/DATASETS/CodecFake/train/F06_SSB18370414.wav,6
/USERSPACE/DATASETS/CodecFake/train/F06_SSB15750466.wav,6
/USERSPACE/DATASETS/CodecFake/train/F06_p316_341.wav,6
/USERSPACE/DATASETS/CodecFake/train/F06_SSB07370011.wav,6
/USERSPACE/DATASETS/CodecFake/train/F06_SSB01220418.wav,6
/USERSPACE/DATASETS/CodecFake/train/F06_SSB11610355.wav,6
/USERSPACE/DATASETS/CodecFake/train/F06_p305_184.wav,6
/USERSPACE/DATASETS/CodecFake/train/F06_SSB05780429.wav,6
/USERSPACE/DATASETS/CodecFake/train/F06_p283_128.wav,6
/USERSPACE/DATASETS/CodecFake/train/F06_SSB13930296.wav,6
/USERSPACE/DATASETS/CodecFake/train/F06_SSB00800398.wav,6
/USERSPACE/DATASETS/CodecFake/train/F06_SSB13850361.wav,6
/USERSPACE/DATASETS/CodecFake/train/F06_p340_336.wav,6
/USERSPACE/DATASETS/CodecFake/train/F06_SSB06030327.wav,6
/USERSPACE/DATASETS/CodecFake/train/F06_SSB06140059.wav,6
/USERSPACE/DATASETS/CodecFake/train/F06_SSB03930301.wav,6
/USERSPACE/DATASETS/CodecFake/train/F06_SSB03230104.wav,6
/USERSPACE/DATASETS/CodecFake/train/F06_SSB00110016.wav,6
/USERSPACE/DATASETS/CodecFake/train/F06_p295_199.wav,6
/USERSPACE/DATASETS/CodecFake/train/F06_SSB00160126.wav,6
/USERSPACE/DATASETS/CodecFake/train/F06_SSB08710169.wav,6
/USERSPACE/DATASETS/CodecFake/train/F06_SSB01930217.wav,6
/USERSPACE/DATASETS/CodecFake/train/F06_SSB09870412.wav,6
/USERSPACE/DATASETS/CodecFake/train/F06_SSB07600144.wav,6
/USERSPACE/DATASETS/CodecFake/train/F06_SSB00330401.wav,6
/USERSPACE/DATASETS/CodecFake/train/F06_SSB07230483.wav,6
/USERSPACE/DATASETS/CodecFake/train/F06_p284_121.wav,6
/USERSPACE/DATASETS/CodecFake/train/F06_p253_141.wav,6
/USERSPACE/DATASETS/CodecFake/train/F06_SSB05350299.wav,6
/USERSPACE/DATASETS/CodecFake/train/F06_SSB14080480.wav,6
/USERSPACE/DATASETS/CodecFake/train/F06_p265_070.wav,6
/USERSPACE/DATASETS/CodecFake/train/F06_SSB11000036.wav,6
/USERSPACE/DATASETS/CodecFake/train/F06_p239_045.wav,6
/USERSPACE/DATASETS/CodecFake/train/F06_p301_003.wav,6
/USERSPACE/DATASETS/CodecFake/train/F06_SSB18720028.wav,6
/USERSPACE/DATASETS/CodecFake/train/F06_SSB11000067.wav,6
/USERSPACE/DATASETS/CodecFake/train/F06_SSB00800093.wav,6
/USERSPACE/DATASETS/CodecFake/train/F06_SSB04270144.wav,6
/USERSPACE/DATASETS/CodecFake/train/F06_SSB07370255.wav,6
/USERSPACE/DATASETS/CodecFake/train/F06_SSB03930134.wav,6
/USERSPACE/DATASETS/CodecFake/train/F06_p267_390.wav,6
/USERSPACE/DATASETS/CodecFake/train/F06_SSB18320289.wav,6
/USERSPACE/DATASETS/CodecFake/train/F06_SSB07480133.wav,6
/USERSPACE/DATASETS/CodecFake/train/F06_p245_019.wav,6
/USERSPACE/DATASETS/CodecFake/train/F06_SSB00180217.wav,6
/USERSPACE/DATASETS/CodecFake/train/F06_p243_112.wav,6
/USERSPACE/DATASETS/CodecFake/train/F06_SSB03540255.wav,6
/USERSPACE/DATASETS/CodecFake/train/F06_p245_311.wav,6
/USERSPACE/DATASETS/CodecFake/train/F06_SSB14570375.wav,6
/USERSPACE/DATASETS/CodecFake/train/F06_SSB18370320.wav,6
/USERSPACE/DATASETS/CodecFake/train/F06_SSB02610297.wav,6
/USERSPACE/DATASETS/CodecFake/train/F06_SSB07230003.wav,6
/USERSPACE/DATASETS/CodecFake/train/F06_SSB00570465.wav,6
/USERSPACE/DATASETS/CodecFake/train/F06_p374_265.wav,6
/USERSPACE/DATASETS/CodecFake/train/F06_p323_153.wav,6
/USERSPACE/DATASETS/CodecFake/train/F06_p266_044.wav,6
/USERSPACE/DATASETS/CodecFake/train/F06_SSB08170071.wav,6
/USERSPACE/DATASETS/CodecFake/train/F06_p278_385.wav,6
/USERSPACE/DATASETS/CodecFake/train/F06_SSB05020329.wav,6
/USERSPACE/DATASETS/CodecFake/train/F06_p304_107.wav,6
/USERSPACE/DATASETS/CodecFake/train/F06_SSB16250486.wav,6
/USERSPACE/DATASETS/CodecFake/train/F06_SSB05350379.wav,6
/USERSPACE/DATASETS/CodecFake/train/F06_p246_257.wav,6
/USERSPACE/DATASETS/CodecFake/train/F06_SSB09130107.wav,6
/USERSPACE/DATASETS/CodecFake/train/F06_SSB13220114.wav,6
/USERSPACE/DATASETS/CodecFake/train/F06_SSB10010389.wav,6
/USERSPACE/DATASETS/CodecFake/train/F06_SSB00570454.wav,6
/USERSPACE/DATASETS/CodecFake/train/F06_SSB12040385.wav,6
/USERSPACE/DATASETS/CodecFake/train/F06_p360_252.wav,6
/USERSPACE/DATASETS/CodecFake/train/F06_p317_302.wav,6
/USERSPACE/DATASETS/CodecFake/train/F06_SSB06140495.wav,6
/USERSPACE/DATASETS/CodecFake/train/F06_p276_299.wav,6
/USERSPACE/DATASETS/CodecFake/train/F06_p299_344.wav,6
/USERSPACE/DATASETS/CodecFake/train/F06_SSB12390101.wav,6
/USERSPACE/DATASETS/CodecFake/train/F06_p303_203.wav,6
/USERSPACE/DATASETS/CodecFake/train/F06_p281_428.wav,6
/USERSPACE/DATASETS/CodecFake/train/F06_p279_324.wav,6
/USERSPACE/DATASETS/CodecFake/train/F06_SSB03850197.wav,6
/USERSPACE/DATASETS/CodecFake/train/F06_SSB03820359.wav,6
/USERSPACE/DATASETS/CodecFake/train/F06_SSB15550444.wav,6
/USERSPACE/DATASETS/CodecFake/train/F06_SSB18320361.wav,6
/USERSPACE/DATASETS/CodecFake/train/F06_SSB11250039.wav,6
/USERSPACE/DATASETS/CodecFake/train/F06_SSB00120383.wav,6
/USERSPACE/DATASETS/CodecFake/train/F06_p263_209.wav,6
/USERSPACE/DATASETS/CodecFake/train/F06_SSB07480208.wav,6
/USERSPACE/DATASETS/CodecFake/train/F06_p294_195.wav,6
/USERSPACE/DATASETS/CodecFake/train/F06_p273_150.wav,6
/USERSPACE/DATASETS/CodecFake/train/F06_SSB11350482.wav,6
/USERSPACE/DATASETS/CodecFake/train/F06_SSB07020181.wav,6
/USERSPACE/DATASETS/CodecFake/train/F06_SSB18100252.wav,6
/USERSPACE/DATASETS/CodecFake/train/F06_p238_008.wav,6
/USERSPACE/DATASETS/CodecFake/train/F06_SSB01120327.wav,6
/USERSPACE/DATASETS/CodecFake/train/F06_SSB11360173.wav,6
/USERSPACE/DATASETS/CodecFake/train/F06_SSB07510367.wav,6
/USERSPACE/DATASETS/CodecFake/train/F06_SSB05340400.wav,6
/USERSPACE/DATASETS/CodecFake/train/F06_p258_229.wav,6
/USERSPACE/DATASETS/CodecFake/train/F06_SSB05900349.wav,6
/USERSPACE/DATASETS/CodecFake/train/F06_p275_312.wav,6
/USERSPACE/DATASETS/CodecFake/train/F06_p265_122.wav,6
/USERSPACE/DATASETS/CodecFake/train/F06_SSB16990283.wav,6
/USERSPACE/DATASETS/CodecFake/train/F06_SSB11310434.wav,6
/USERSPACE/DATASETS/CodecFake/train/F06_SSB11360287.wav,6
/USERSPACE/DATASETS/CodecFake/train/F06_p262_156.wav,6
/USERSPACE/DATASETS/CodecFake/train/F06_SSB10640286.wav,6
/USERSPACE/DATASETS/CodecFake/train/F06_SSB06860159.wav,6
/USERSPACE/DATASETS/CodecFake/train/F06_SSB07360182.wav,6
/USERSPACE/DATASETS/CodecFake/train/F06_SSB00800241.wav,6
/USERSPACE/DATASETS/CodecFake/train/F06_SSB12150223.wav,6
/USERSPACE/DATASETS/CodecFake/train/F06_SSB16700257.wav,6
/USERSPACE/DATASETS/CodecFake/train/F06_SSB03790398.wav,6
/USERSPACE/DATASETS/CodecFake/train/F06_SSB06060233.wav,6
/USERSPACE/DATASETS/CodecFake/train/F06_p277_402.wav,6
/USERSPACE/DATASETS/CodecFake/train/F06_SSB13200157.wav,6
/USERSPACE/DATASETS/CodecFake/train/F06_SSB11310300.wav,6
/USERSPACE/DATASETS/CodecFake/train/F06_SSB09870265.wav,6
/USERSPACE/DATASETS/CodecFake/train/F06_p239_155.wav,6
/USERSPACE/DATASETS/CodecFake/train/F06_p361_215.wav,6
/USERSPACE/DATASETS/CodecFake/train/F06_p316_313.wav,6
/USERSPACE/DATASETS/CodecFake/train/F06_SSB05990176.wav,6
/USERSPACE/DATASETS/CodecFake/train/F06_SSB16070130.wav,6
/USERSPACE/DATASETS/CodecFake/train/F06_SSB05990322.wav,6
/USERSPACE/DATASETS/CodecFake/train/F06_p254_287.wav,6
/USERSPACE/DATASETS/CodecFake/train/F06_SSB18780187.wav,6
/USERSPACE/DATASETS/CodecFake/train/F06_p231_256.wav,6
/USERSPACE/DATASETS/CodecFake/train/F06_SSB03410193.wav,6
/USERSPACE/DATASETS/CodecFake/train/F06_SSB07000164.wav,6
/USERSPACE/DATASETS/CodecFake/train/F06_SSB07780301.wav,6
/USERSPACE/DATASETS/CodecFake/train/F06_p243_347.wav,6
/USERSPACE/DATASETS/CodecFake/train/F06_p345_206.wav,6
/USERSPACE/DATASETS/CodecFake/train/F06_SSB10020423.wav,6
/USERSPACE/DATASETS/CodecFake/train/F06_p243_291.wav,6
/USERSPACE/DATASETS/CodecFake/train/F06_p230_361.wav,6
/USERSPACE/DATASETS/CodecFake/train/F06_p266_123.wav,6
/USERSPACE/DATASETS/CodecFake/train/F06_SSB10080266.wav,6
/USERSPACE/DATASETS/CodecFake/train/F06_SSB18630278.wav,6
/USERSPACE/DATASETS/CodecFake/train/F06_p259_412.wav,6
/USERSPACE/DATASETS/CodecFake/train/F06_SSB02460382.wav,6
/USERSPACE/DATASETS/CodecFake/train/F06_SSB15850484.wav,6
/USERSPACE/DATASETS/CodecFake/train/F06_SSB11760237.wav,6
/USERSPACE/DATASETS/CodecFake/train/F06_SSB07620076.wav,6
/USERSPACE/DATASETS/CodecFake/train/F06_SSB07510436.wav,6
/USERSPACE/DATASETS/CodecFake/train/F06_p276_278.wav,6
/USERSPACE/DATASETS/CodecFake/train/F06_SSB10560178.wav,6
/USERSPACE/DATASETS/CodecFake/train/F06_SSB02670283.wav,6
/USERSPACE/DATASETS/CodecFake/train/F06_SSB07490179.wav,6
/USERSPACE/DATASETS/CodecFake/train/F06_SSB14020488.wav,6
/USERSPACE/DATASETS/CodecFake/train/F06_SSB07490225.wav,6
/USERSPACE/DATASETS/CodecFake/train/F06_p254_308.wav,6
/USERSPACE/DATASETS/CodecFake/train/F06_SSB04700359.wav,6
/USERSPACE/DATASETS/CodecFake/train/F06_SSB11150336.wav,6
/USERSPACE/DATASETS/CodecFake/train/F06_p287_216.wav,6
/USERSPACE/DATASETS/CodecFake/train/F06_p298_384.wav,6
/USERSPACE/DATASETS/CodecFake/train/F06_SSB10020291.wav,6
/USERSPACE/DATASETS/CodecFake/train/F06_p276_006.wav,6
/USERSPACE/DATASETS/CodecFake/train/F06_p339_152.wav,6
/USERSPACE/DATASETS/CodecFake/train/F06_SSB07510052.wav,6
/USERSPACE/DATASETS/CodecFake/train/F06_SSB03090385.wav,6
/USERSPACE/DATASETS/CodecFake/train/F06_p229_157.wav,6
/USERSPACE/DATASETS/CodecFake/train/F06_p261_127.wav,6
/USERSPACE/DATASETS/CodecFake/train/F06_p264_481.wav,6
/USERSPACE/DATASETS/CodecFake/train/F06_SSB02880253.wav,6
/USERSPACE/DATASETS/CodecFake/train/F06_SSB09130320.wav,6
/USERSPACE/DATASETS/CodecFake/train/F06_SSB18280041.wav,6
/USERSPACE/DATASETS/CodecFake/train/F06_p300_133.wav,6
/USERSPACE/DATASETS/CodecFake/train/F06_p257_383.wav,6
/USERSPACE/DATASETS/CodecFake/train/F06_SSB18280361.wav,6
/USERSPACE/DATASETS/CodecFake/train/F06_SSB06320258.wav,6
/USERSPACE/DATASETS/CodecFake/train/F06_SSB12040141.wav,6
/USERSPACE/DATASETS/CodecFake/train/F06_SSB04260111.wav,6
/USERSPACE/DATASETS/CodecFake/train/F06_SSB01930038.wav,6
/USERSPACE/DATASETS/CodecFake/train/F06_SSB00050487.wav,6
/USERSPACE/DATASETS/CodecFake/train/F06_p248_094.wav,6
/USERSPACE/DATASETS/CodecFake/train/F06_SSB11150340.wav,6
/USERSPACE/DATASETS/CodecFake/train/F06_SSB13660052.wav,6
/USERSPACE/DATASETS/CodecFake/train/F06_p229_269.wav,6
/USERSPACE/DATASETS/CodecFake/train/F06_p226_327.wav,6
/USERSPACE/DATASETS/CodecFake/train/F06_SSB04350380.wav,6
/USERSPACE/DATASETS/CodecFake/train/F06_SSB07490279.wav,6
/USERSPACE/DATASETS/CodecFake/train/F06_SSB15670284.wav,6
/USERSPACE/DATASETS/CodecFake/train/F06_SSB03660252.wav,6
/USERSPACE/DATASETS/CodecFake/train/F06_p262_155.wav,6
/USERSPACE/DATASETS/CodecFake/train/F06_SSB03660206.wav,6
/USERSPACE/DATASETS/CodecFake/train/F06_SSB19180384.wav,6
/USERSPACE/DATASETS/CodecFake/train/F06_SSB18370327.wav,6
/USERSPACE/DATASETS/CodecFake/train/F06_SSB10500325.wav,6
/USERSPACE/DATASETS/CodecFake/train/F06_SSB07200334.wav,6
/USERSPACE/DATASETS/CodecFake/train/F06_SSB18320151.wav,6
/USERSPACE/DATASETS/CodecFake/train/F06_p292_322.wav,6
/USERSPACE/DATASETS/CodecFake/train/F06_SSB10010343.wav,6
/USERSPACE/DATASETS/CodecFake/train/F06_p270_045.wav,6
/USERSPACE/DATASETS/CodecFake/train/F06_SSB19020103.wav,6
/USERSPACE/DATASETS/CodecFake/train/F06_SSB17280218.wav,6
/USERSPACE/DATASETS/CodecFake/train/F06_SSB05700140.wav,6
/USERSPACE/DATASETS/CodecFake/train/F06_p343_383.wav,6
/USERSPACE/DATASETS/CodecFake/train/F06_SSB19390242.wav,6
/USERSPACE/DATASETS/CodecFake/train/F06_SSB08090110.wav,6
/USERSPACE/DATASETS/CodecFake/train/F06_SSB09130229.wav,6
/USERSPACE/DATASETS/CodecFake/train/F06_p251_064.wav,6
/USERSPACE/DATASETS/CodecFake/train/F06_SSB03660431.wav,6
/USERSPACE/DATASETS/CodecFake/train/F06_SSB01490073.wav,6
/USERSPACE/DATASETS/CodecFake/train/F06_p258_203.wav,6
/USERSPACE/DATASETS/CodecFake/train/F06_p238_028.wav,6
/USERSPACE/DATASETS/CodecFake/train/F06_p268_303.wav,6
/USERSPACE/DATASETS/CodecFake/train/F06_SSB10500322.wav,6
/USERSPACE/DATASETS/CodecFake/train/F06_SSB01930019.wav,6
/USERSPACE/DATASETS/CodecFake/train/F06_SSB02670271.wav,6
/USERSPACE/DATASETS/CodecFake/train/F06_SSB01930268.wav,6
/USERSPACE/DATASETS/CodecFake/train/F06_SSB05350060.wav,6
/USERSPACE/DATASETS/CodecFake/train/F06_p252_123.wav,6
/USERSPACE/DATASETS/CodecFake/train/F06_SSB09930345.wav,6
/USERSPACE/DATASETS/CodecFake/train/F06_SSB15850471.wav,6
/USERSPACE/DATASETS/CodecFake/train/F06_SSB15750393.wav,6
/USERSPACE/DATASETS/CodecFake/train/F06_p250_038.wav,6
/USERSPACE/DATASETS/CodecFake/train/F06_SSB10550196.wav,6
/USERSPACE/DATASETS/CodecFake/train/F06_SSB03850237.wav,6
/USERSPACE/DATASETS/CodecFake/train/F06_SSB07480228.wav,6
/USERSPACE/DATASETS/CodecFake/train/F06_SSB03420079.wav,6
/USERSPACE/DATASETS/CodecFake/train/F06_SSB03660468.wav,6
/USERSPACE/DATASETS/CodecFake/train/F06_SSB02000288.wav,6
/USERSPACE/DATASETS/CodecFake/train/F06_SSB06320418.wav,6
/USERSPACE/DATASETS/CodecFake/train/F06_p311_037.wav,6
/USERSPACE/DATASETS/CodecFake/train/F06_p317_359.wav,6
/USERSPACE/DATASETS/CodecFake/train/F06_SSB02610273.wav,6
/USERSPACE/DATASETS/CodecFake/train/F06_SSB15670275.wav,6
/USERSPACE/DATASETS/CodecFake/train/F06_p299_382.wav,6
/USERSPACE/DATASETS/CodecFake/train/F06_p269_294.wav,6
/USERSPACE/DATASETS/CodecFake/train/F06_SSB19180234.wav,6
/USERSPACE/DATASETS/CodecFake/train/F06_p318_068.wav,6
/USERSPACE/DATASETS/CodecFake/train/F06_SSB00430268.wav,6
/USERSPACE/DATASETS/CodecFake/train/F06_p336_032.wav,6
/USERSPACE/DATASETS/CodecFake/train/F06_p311_030.wav,6
/USERSPACE/DATASETS/CodecFake/train/F06_p293_368.wav,6
/USERSPACE/DATASETS/CodecFake/train/F06_SSB06070423.wav,6
/USERSPACE/DATASETS/CodecFake/train/F06_p311_289.wav,6
/USERSPACE/DATASETS/CodecFake/train/F06_SSB01120166.wav,6
/USERSPACE/DATASETS/CodecFake/train/F06_p274_060.wav,6
/USERSPACE/DATASETS/CodecFake/train/F06_p314_384.wav,6
/USERSPACE/DATASETS/CodecFake/train/F06_SSB11100491.wav,6
/USERSPACE/DATASETS/CodecFake/train/F06_p295_244.wav,6
/USERSPACE/DATASETS/CodecFake/train/F06_SSB07480146.wav,6
/USERSPACE/DATASETS/CodecFake/train/F06_SSB12740259.wav,6
/USERSPACE/DATASETS/CodecFake/train/F06_SSB06320332.wav,6
/USERSPACE/DATASETS/CodecFake/train/F06_p229_109.wav,6
/USERSPACE/DATASETS/CodecFake/train/F06_SSB00380286.wav,6
/USERSPACE/DATASETS/CodecFake/train/F06_p253_012.wav,6
/USERSPACE/DATASETS/CodecFake/train/F06_SSB00160385.wav,6
/USERSPACE/DATASETS/CodecFake/train/F06_SSB10000314.wav,6
/USERSPACE/DATASETS/CodecFake/train/F06_SSB11080335.wav,6
/USERSPACE/DATASETS/CodecFake/train/F06_SSB14480314.wav,6
/USERSPACE/DATASETS/CodecFake/train/F06_SSB00570389.wav,6
/USERSPACE/DATASETS/CodecFake/train/F06_p362_407.wav,6
/USERSPACE/DATASETS/CodecFake/train/F06_SSB05700450.wav,6
/USERSPACE/DATASETS/CodecFake/train/F06_p303_006.wav,6
/USERSPACE/DATASETS/CodecFake/train/F06_SSB03380338.wav,6
/USERSPACE/DATASETS/CodecFake/train/F06_p297_012.wav,6
/USERSPACE/DATASETS/CodecFake/train/F06_SSB19560187.wav,6
/USERSPACE/DATASETS/CodecFake/train/F06_SSB10000189.wav,6
/USERSPACE/DATASETS/CodecFake/train/F06_SSB03800321.wav,6
/USERSPACE/DATASETS/CodecFake/train/F06_p306_093.wav,6
/USERSPACE/DATASETS/CodecFake/train/F06_p243_079.wav,6
/USERSPACE/DATASETS/CodecFake/train/F06_p376_208.wav,6
/USERSPACE/DATASETS/CodecFake/train/F06_p310_388.wav,6
/USERSPACE/DATASETS/CodecFake/train/F06_p258_103.wav,6
/USERSPACE/DATASETS/CodecFake/train/F06_SSB12190228.wav,6
/USERSPACE/DATASETS/CodecFake/train/F06_SSB00800117.wav,6
/USERSPACE/DATASETS/CodecFake/train/F06_SSB13280217.wav,6
/USERSPACE/DATASETS/CodecFake/train/F06_SSB03540375.wav,6
/USERSPACE/DATASETS/CodecFake/train/F06_p339_043.wav,6
/USERSPACE/DATASETS/CodecFake/train/F06_p275_064.wav,6
/USERSPACE/DATASETS/CodecFake/train/F06_SSB01970247.wav,6
/USERSPACE/DATASETS/CodecFake/train/F06_p232_059.wav,6
/USERSPACE/DATASETS/CodecFake/train/F06_SSB19390397.wav,6
/USERSPACE/DATASETS/CodecFake/train/F06_SSB11250037.wav,6
/USERSPACE/DATASETS/CodecFake/train/F06_SSB01930260.wav,6
/USERSPACE/DATASETS/CodecFake/train/F06_SSB11760238.wav,6
/USERSPACE/DATASETS/CodecFake/train/F06_SSB04150221.wav,6
/USERSPACE/DATASETS/CodecFake/train/F06_SSB17590328.wav,6
/USERSPACE/DATASETS/CodecFake/train/F06_SSB13770447.wav,6
/USERSPACE/DATASETS/CodecFake/train/F06_SSB16500216.wav,6
/USERSPACE/DATASETS/CodecFake/train/F06_SSB12740064.wav,6
/USERSPACE/DATASETS/CodecFake/train/F06_p229_081.wav,6
/USERSPACE/DATASETS/CodecFake/train/F06_SSB12030263.wav,6
/USERSPACE/DATASETS/CodecFake/train/F06_p234_291.wav,6
/USERSPACE/DATASETS/CodecFake/train/F06_SSB15670429.wav,6
/USERSPACE/DATASETS/CodecFake/train/F06_SSB07100290.wav,6
/USERSPACE/DATASETS/CodecFake/train/F06_p329_278.wav,6
/USERSPACE/DATASETS/CodecFake/train/F06_SSB07170154.wav,6
/USERSPACE/DATASETS/CodecFake/train/F06_p259_186.wav,6
/USERSPACE/DATASETS/CodecFake/train/F06_p258_029.wav,6
/USERSPACE/DATASETS/CodecFake/train/F06_SSB19180394.wav,6
/USERSPACE/DATASETS/CodecFake/train/F06_SSB13410392.wav,6
/USERSPACE/DATASETS/CodecFake/train/F06_SSB09660181.wav,6
/USERSPACE/DATASETS/CodecFake/train/F06_SSB07510443.wav,6
/USERSPACE/DATASETS/CodecFake/train/F06_SSB10240173.wav,6
/USERSPACE/DATASETS/CodecFake/train/F06_SSB06660353.wav,6
/USERSPACE/DATASETS/CodecFake/train/F06_SSB06860477.wav,6
/USERSPACE/DATASETS/CodecFake/train/F06_p274_291.wav,6
/USERSPACE/DATASETS/CodecFake/train/F06_p232_113.wav,6
/USERSPACE/DATASETS/CodecFake/train/F06_SSB18720334.wav,6
/USERSPACE/DATASETS/CodecFake/train/F06_p316_375.wav,6
/USERSPACE/DATASETS/CodecFake/train/F06_p285_007.wav,6
/USERSPACE/DATASETS/CodecFake/train/F06_p363_385.wav,6
/USERSPACE/DATASETS/CodecFake/train/F06_SSB02880022.wav,6
/USERSPACE/DATASETS/CodecFake/train/F06_SSB03160178.wav,6
/USERSPACE/DATASETS/CodecFake/train/F06_SSB07460194.wav,6
/USERSPACE/DATASETS/CodecFake/train/F06_p292_183.wav,6
/USERSPACE/DATASETS/CodecFake/train/F06_SSB14480214.wav,6
/USERSPACE/DATASETS/CodecFake/train/F06_SSB09970316.wav,6
/USERSPACE/DATASETS/CodecFake/train/F06_p318_012.wav,6
/USERSPACE/DATASETS/CodecFake/train/F06_SSB17590336.wav,6
/USERSPACE/DATASETS/CodecFake/train/F06_SSB11350135.wav,6
/USERSPACE/DATASETS/CodecFake/train/F06_p240_202.wav,6
/USERSPACE/DATASETS/CodecFake/train/F06_SSB17110219.wav,6
/USERSPACE/DATASETS/CodecFake/train/F06_p283_394.wav,6
/USERSPACE/DATASETS/CodecFake/train/F06_SSB18370459.wav,6
/USERSPACE/DATASETS/CodecFake/train/F06_SSB07460484.wav,6
/USERSPACE/DATASETS/CodecFake/train/F06_SSB00110028.wav,6
/USERSPACE/DATASETS/CodecFake/train/F06_SSB17280440.wav,6
/USERSPACE/DATASETS/CodecFake/train/F06_SSB05390282.wav,6
/USERSPACE/DATASETS/CodecFake/train/F06_p304_067.wav,6
/USERSPACE/DATASETS/CodecFake/train/F06_p259_006.wav,6
/USERSPACE/DATASETS/CodecFake/train/F06_SSB09190116.wav,6
/USERSPACE/DATASETS/CodecFake/train/F06_p288_175.wav,6
/USERSPACE/DATASETS/CodecFake/train/F06_SSB07170062.wav,6
/USERSPACE/DATASETS/CodecFake/train/F06_SSB02610098.wav,6
/USERSPACE/DATASETS/CodecFake/train/F06_SSB09190251.wav,6
/USERSPACE/DATASETS/CodecFake/train/F06_SSB06320158.wav,6
/USERSPACE/DATASETS/CodecFake/train/F06_p238_219.wav,6
/USERSPACE/DATASETS/CodecFake/train/F06_p260_249.wav,6
/USERSPACE/DATASETS/CodecFake/train/F06_p225_238.wav,6
/USERSPACE/DATASETS/CodecFake/train/F06_p287_368.wav,6
/USERSPACE/DATASETS/CodecFake/train/F06_SSB09130090.wav,6
/USERSPACE/DATASETS/CodecFake/train/F06_p305_061.wav,6
/USERSPACE/DATASETS/CodecFake/train/F06_p295_002.wav,6
/USERSPACE/DATASETS/CodecFake/train/F06_p336_383.wav,6
/USERSPACE/DATASETS/CodecFake/train/F06_SSB01220419.wav,6
/USERSPACE/DATASETS/CodecFake/train/F06_SSB03390157.wav,6
/USERSPACE/DATASETS/CodecFake/train/F06_SSB04350312.wav,6
/USERSPACE/DATASETS/CodecFake/train/F06_p261_473.wav,6
/USERSPACE/DATASETS/CodecFake/train/F06_SSB01120310.wav,6
/USERSPACE/DATASETS/CodecFake/train/F06_SSB03160117.wav,6
/USERSPACE/DATASETS/CodecFake/train/F06_SSB18320327.wav,6
/USERSPACE/DATASETS/CodecFake/train/F06_SSB06030094.wav,6
/USERSPACE/DATASETS/CodecFake/train/F06_SSB19020365.wav,6
/USERSPACE/DATASETS/CodecFake/train/F06_SSB02000159.wav,6
/USERSPACE/DATASETS/CodecFake/train/F06_p275_096.wav,6
/USERSPACE/DATASETS/CodecFake/train/F06_SSB13280332.wav,6
/USERSPACE/DATASETS/CodecFake/train/F06_p301_288.wav,6
/USERSPACE/DATASETS/CodecFake/train/F06_p226_230.wav,6
/USERSPACE/DATASETS/CodecFake/train/F06_SSB09970400.wav,6
/USERSPACE/DATASETS/CodecFake/train/F06_SSB18280199.wav,6
/USERSPACE/DATASETS/CodecFake/train/F06_SSB03820073.wav,6
/USERSPACE/DATASETS/CodecFake/train/F06_SSB10720109.wav,6
/USERSPACE/DATASETS/CodecFake/train/F06_p236_424.wav,6
/USERSPACE/DATASETS/CodecFake/train/F06_p229_039.wav,6
/USERSPACE/DATASETS/CodecFake/train/F06_p284_300.wav,6
/USERSPACE/DATASETS/CodecFake/train/F06_SSB03150218.wav,6
/USERSPACE/DATASETS/CodecFake/train/F06_p246_303.wav,6
/USERSPACE/DATASETS/CodecFake/train/F06_p238_386.wav,6
/USERSPACE/DATASETS/CodecFake/train/F06_SSB04350282.wav,6
/USERSPACE/DATASETS/CodecFake/train/F06_SSB09350436.wav,6
/USERSPACE/DATASETS/CodecFake/train/F06_p314_375.wav,6
/USERSPACE/DATASETS/CodecFake/train/F06_SSB03070222.wav,6
/USERSPACE/DATASETS/CodecFake/train/F06_p333_166.wav,6
/USERSPACE/DATASETS/CodecFake/train/F06_SSB19020455.wav,6
/USERSPACE/DATASETS/CodecFake/train/F06_SSB00180222.wav,6
/USERSPACE/DATASETS/CodecFake/train/F06_SSB10640385.wav,6
/USERSPACE/DATASETS/CodecFake/train/F06_p255_017.wav,6
/USERSPACE/DATASETS/CodecFake/train/F06_p299_006.wav,6
/USERSPACE/DATASETS/CodecFake/train/F06_SSB01930459.wav,6
/USERSPACE/DATASETS/CodecFake/train/F06_p347_039.wav,6
/USERSPACE/DATASETS/CodecFake/train/F06_SSB02410042.wav,6
/USERSPACE/DATASETS/CodecFake/train/F06_SSB01220384.wav,6
/USERSPACE/DATASETS/CodecFake/train/F06_SSB16860450.wav,6
/USERSPACE/DATASETS/CodecFake/train/F06_p310_412.wav,6
/USERSPACE/DATASETS/CodecFake/train/F06_SSB09930227.wav,6
/USERSPACE/DATASETS/CodecFake/train/F06_p310_290.wav,6
/USERSPACE/DATASETS/CodecFake/train/F06_p343_058.wav,6
/USERSPACE/DATASETS/CodecFake/train/F06_p268_194.wav,6
/USERSPACE/DATASETS/CodecFake/train/F06_SSB07000038.wav,6
/USERSPACE/DATASETS/CodecFake/train/F06_p339_326.wav,6
/USERSPACE/DATASETS/CodecFake/train/F06_p287_228.wav,6
/USERSPACE/DATASETS/CodecFake/train/F06_SSB10910296.wav,6
/USERSPACE/DATASETS/CodecFake/train/F06_SSB13770324.wav,6
/USERSPACE/DATASETS/CodecFake/train/F06_p374_178.wav,6
/USERSPACE/DATASETS/CodecFake/train/F06_p232_091.wav,6
/USERSPACE/DATASETS/CodecFake/train/F06_SSB03160289.wav,6
/USERSPACE/DATASETS/CodecFake/train/F06_SSB13020305.wav,6
/USERSPACE/DATASETS/CodecFake/train/F06_SSB17810448.wav,6
/USERSPACE/DATASETS/CodecFake/train/F06_SSB07860434.wav,6
/USERSPACE/DATASETS/CodecFake/train/F06_SSB03660136.wav,6
/USERSPACE/DATASETS/CodecFake/train/F06_SSB11610086.wav,6
/USERSPACE/DATASETS/CodecFake/train/F06_SSB18280184.wav,6
/USERSPACE/DATASETS/CodecFake/train/F06_SSB19350279.wav,6
/USERSPACE/DATASETS/CodecFake/train/F06_SSB12180469.wav,6
/USERSPACE/DATASETS/CodecFake/train/F06_SSB02870368.wav,6
/USERSPACE/DATASETS/CodecFake/train/F06_p269_011.wav,6
/USERSPACE/DATASETS/CodecFake/train/F06_p339_240.wav,6
/USERSPACE/DATASETS/CodecFake/train/F06_SSB11310369.wav,6
/USERSPACE/DATASETS/CodecFake/train/F06_SSB07600133.wav,6
/USERSPACE/DATASETS/CodecFake/train/F06_SSB04150235.wav,6
/USERSPACE/DATASETS/CodecFake/train/F06_SSB13770439.wav,6
/USERSPACE/DATASETS/CodecFake/train/F06_SSB10910107.wav,6
/USERSPACE/DATASETS/CodecFake/train/F06_p363_334.wav,6
/USERSPACE/DATASETS/CodecFake/train/F06_SSB18090398.wav,6
/USERSPACE/DATASETS/CodecFake/train/F06_p236_391.wav,6
/USERSPACE/DATASETS/CodecFake/train/F06_p341_036.wav,6
/USERSPACE/DATASETS/CodecFake/train/F06_SSB17110328.wav,6
/USERSPACE/DATASETS/CodecFake/train/F06_p303_244.wav,6
/USERSPACE/DATASETS/CodecFake/train/F06_SSB17820091.wav,6
/USERSPACE/DATASETS/CodecFake/train/F06_SSB04340258.wav,6
/USERSPACE/DATASETS/CodecFake/train/F06_SSB00800116.wav,6
/USERSPACE/DATASETS/CodecFake/train/F06_SSB08870374.wav,6
/USERSPACE/DATASETS/CodecFake/train/F06_p287_210.wav,6
/USERSPACE/DATASETS/CodecFake/train/F06_p333_282.wav,6
/USERSPACE/DATASETS/CodecFake/train/F06_SSB15630297.wav,6
/USERSPACE/DATASETS/CodecFake/train/F06_p280_049.wav,6
/USERSPACE/DATASETS/CodecFake/train/F06_SSB13280416.wav,6
/USERSPACE/DATASETS/CodecFake/train/F06_SSB12160358.wav,6
/USERSPACE/DATASETS/CodecFake/train/F06_p262_359.wav,6
/USERSPACE/DATASETS/CodecFake/train/F06_SSB10720270.wav,6
/USERSPACE/DATASETS/CodecFake/train/F06_SSB19020438.wav,6
/USERSPACE/DATASETS/CodecFake/train/F06_SSB04070039.wav,6
/USERSPACE/DATASETS/CodecFake/train/F06_p232_375.wav,6
/USERSPACE/DATASETS/CodecFake/train/F06_SSB08630394.wav,6
/USERSPACE/DATASETS/CodecFake/train/F06_SSB01970098.wav,6
/USERSPACE/DATASETS/CodecFake/train/F06_p351_062.wav,6
/USERSPACE/DATASETS/CodecFake/train/F06_p306_264.wav,6
/USERSPACE/DATASETS/CodecFake/train/F06_SSB18910019.wav,6
/USERSPACE/DATASETS/CodecFake/train/F06_SSB10560394.wav,6
/USERSPACE/DATASETS/CodecFake/train/F06_p240_058.wav,6
/USERSPACE/DATASETS/CodecFake/train/F06_p251_059.wav,6
/USERSPACE/DATASETS/CodecFake/train/F06_p330_264.wav,6
/USERSPACE/DATASETS/CodecFake/train/F06_SSB16840045.wav,6
/USERSPACE/DATASETS/CodecFake/train/F06_p285_228.wav,6
/USERSPACE/DATASETS/CodecFake/train/F06_SSB01120491.wav,6
/USERSPACE/DATASETS/CodecFake/train/F06_p238_196.wav,6
/USERSPACE/DATASETS/CodecFake/train/F06_p315_129.wav,6
/USERSPACE/DATASETS/CodecFake/train/F06_p313_174.wav,6
/USERSPACE/DATASETS/CodecFake/train/F06_SSB03230156.wav,6
/USERSPACE/DATASETS/CodecFake/train/F06_p239_233.wav,6
/USERSPACE/DATASETS/CodecFake/train/F06_p343_381.wav,6
/USERSPACE/DATASETS/CodecFake/train/F06_p232_173.wav,6
/USERSPACE/DATASETS/CodecFake/train/F06_SSB10200137.wav,6
/USERSPACE/DATASETS/CodecFake/train/F06_SSB07580052.wav,6
/USERSPACE/DATASETS/CodecFake/train/F06_SSB12040060.wav,6
/USERSPACE/DATASETS/CodecFake/train/F06_SSB02410112.wav,6
/USERSPACE/DATASETS/CodecFake/train/F06_SSB01970342.wav,6
/USERSPACE/DATASETS/CodecFake/train/F06_SSB03800421.wav,6
/USERSPACE/DATASETS/CodecFake/train/F06_SSB11250159.wav,6
/USERSPACE/DATASETS/CodecFake/train/F06_SSB08510278.wav,6
/USERSPACE/DATASETS/CodecFake/train/F06_SSB13280156.wav,6
/USERSPACE/DATASETS/CodecFake/train/F06_p274_111.wav,6
/USERSPACE/DATASETS/CodecFake/train/F06_p316_082.wav,6
/USERSPACE/DATASETS/CodecFake/train/F06_SSB03820060.wav,6
/USERSPACE/DATASETS/CodecFake/train/F06_SSB03150261.wav,6
/USERSPACE/DATASETS/CodecFake/train/F06_p333_218.wav,6
/USERSPACE/DATASETS/CodecFake/train/F06_SSB00090494.wav,6
/USERSPACE/DATASETS/CodecFake/train/F06_SSB10080253.wav,6
/USERSPACE/DATASETS/CodecFake/train/F06_SSB08090206.wav,6
/USERSPACE/DATASETS/CodecFake/train/F06_SSB05440222.wav,6
/USERSPACE/DATASETS/CodecFake/train/F06_p247_221.wav,6
/USERSPACE/DATASETS/CodecFake/train/F06_SSB11970253.wav,6
/USERSPACE/DATASETS/CodecFake/train/F06_SSB00330123.wav,6
/USERSPACE/DATASETS/CodecFake/train/F06_p347_309.wav,6
/USERSPACE/DATASETS/CodecFake/train/F06_p364_245.wav,6
/USERSPACE/DATASETS/CodecFake/train/F06_SSB16250121.wav,6
/USERSPACE/DATASETS/CodecFake/train/F06_p376_001.wav,6
/USERSPACE/DATASETS/CodecFake/train/F06_SSB16070411.wav,6
/USERSPACE/DATASETS/CodecFake/train/F06_SSB19350441.wav,6
/USERSPACE/DATASETS/CodecFake/train/F06_SSB03660046.wav,6
/USERSPACE/DATASETS/CodecFake/train/F06_SSB05390329.wav,6
/USERSPACE/DATASETS/CodecFake/train/F06_SSB03660453.wav,6
/USERSPACE/DATASETS/CodecFake/train/F06_p256_002.wav,6
/USERSPACE/DATASETS/CodecFake/train/F06_p268_167.wav,6
/USERSPACE/DATASETS/CodecFake/train/F06_SSB07000371.wav,6
/USERSPACE/DATASETS/CodecFake/train/F06_p292_142.wav,6
/USERSPACE/DATASETS/CodecFake/train/F06_SSB17280264.wav,6
/USERSPACE/DATASETS/CodecFake/train/F06_SSB01450336.wav,6
/USERSPACE/DATASETS/CodecFake/train/F06_SSB00800034.wav,6
/USERSPACE/DATASETS/CodecFake/train/F06_SSB00090063.wav,6
/USERSPACE/DATASETS/CodecFake/train/F06_SSB11610334.wav,6
/USERSPACE/DATASETS/CodecFake/train/F06_p230_316.wav,6
/USERSPACE/DATASETS/CodecFake/train/F06_p232_359.wav,6
/USERSPACE/DATASETS/CodecFake/train/F06_p301_175.wav,6
/USERSPACE/DATASETS/CodecFake/train/F06_SSB05880256.wav,6
/USERSPACE/DATASETS/CodecFake/train/F06_p345_381.wav,6
/USERSPACE/DATASETS/CodecFake/train/F06_SSB01970399.wav,6
/USERSPACE/DATASETS/CodecFake/train/F06_SSB11150478.wav,6
/USERSPACE/DATASETS/CodecFake/train/F06_p278_273.wav,6
/USERSPACE/DATASETS/CodecFake/train/F06_p246_048.wav,6
/USERSPACE/DATASETS/CodecFake/train/F06_SSB13280289.wav,6
/USERSPACE/DATASETS/CodecFake/train/F06_p347_008.wav,6
/USERSPACE/DATASETS/CodecFake/train/F06_p315_248.wav,6
/USERSPACE/DATASETS/CodecFake/train/F06_SSB00050353.wav,6
/USERSPACE/DATASETS/CodecFake/train/F06_SSB01220447.wav,6
/USERSPACE/DATASETS/CodecFake/train/F06_SSB03420150.wav,6
/USERSPACE/DATASETS/CodecFake/train/F06_SSB03230338.wav,6
/USERSPACE/DATASETS/CodecFake/train/F06_SSB04150155.wav,6
/USERSPACE/DATASETS/CodecFake/train/F06_p225_159.wav,6
/USERSPACE/DATASETS/CodecFake/train/F06_SSB07780411.wav,6
/USERSPACE/DATASETS/CodecFake/train/F06_p229_216.wav,6
/USERSPACE/DATASETS/CodecFake/train/F06_SSB18060066.wav,6
/USERSPACE/DATASETS/CodecFake/train/F06_p302_107.wav,6
/USERSPACE/DATASETS/CodecFake/train/F06_p225_081.wav,6
/USERSPACE/DATASETS/CodecFake/train/F06_SSB01390058.wav,6
/USERSPACE/DATASETS/CodecFake/train/F06_SSB04820430.wav,6
/USERSPACE/DATASETS/CodecFake/train/F06_SSB00050295.wav,6
/USERSPACE/DATASETS/CodecFake/train/F06_SSB03540233.wav,6
/USERSPACE/DATASETS/CodecFake/train/F06_p286_259.wav,6
/USERSPACE/DATASETS/CodecFake/train/F06_SSB01490262.wav,6
/USERSPACE/DATASETS/CodecFake/train/F06_SSB08710418.wav,6
/USERSPACE/DATASETS/CodecFake/train/F06_p301_320.wav,6
/USERSPACE/DATASETS/CodecFake/train/F06_p304_378.wav,6
/USERSPACE/DATASETS/CodecFake/train/F06_p243_160.wav,6
/USERSPACE/DATASETS/CodecFake/train/F06_SSB07110169.wav,6
/USERSPACE/DATASETS/CodecFake/train/F06_SSB10960499.wav,6
/USERSPACE/DATASETS/CodecFake/train/F06_SSB02670481.wav,6
/USERSPACE/DATASETS/CodecFake/train/F06_SSB07100254.wav,6
/USERSPACE/DATASETS/CodecFake/train/F06_SSB07480419.wav,6
/USERSPACE/DATASETS/CodecFake/train/F06_p248_032.wav,6
/USERSPACE/DATASETS/CodecFake/train/F06_SSB13820403.wav,6
/USERSPACE/DATASETS/CodecFake/train/F06_SSB07580355.wav,6
/USERSPACE/DATASETS/CodecFake/train/F06_p347_002.wav,6
/USERSPACE/DATASETS/CodecFake/train/F06_SSB03420401.wav,6
/USERSPACE/DATASETS/CodecFake/train/F06_p330_173.wav,6
/USERSPACE/DATASETS/CodecFake/train/F06_SSB07510365.wav,6
/USERSPACE/DATASETS/CodecFake/train/F06_SSB08630079.wav,6
/USERSPACE/DATASETS/CodecFake/train/F06_p318_360.wav,6
/USERSPACE/DATASETS/CodecFake/train/F06_p240_153.wav,6
/USERSPACE/DATASETS/CodecFake/train/F06_p244_200.wav,6
/USERSPACE/DATASETS/CodecFake/train/F06_p374_174.wav,6
/USERSPACE/DATASETS/CodecFake/train/F06_p362_036.wav,6
/USERSPACE/DATASETS/CodecFake/train/F06_SSB00050234.wav,6
/USERSPACE/DATASETS/CodecFake/train/F06_SSB03750268.wav,6
/USERSPACE/DATASETS/CodecFake/train/F06_p261_235.wav,6
/USERSPACE/DATASETS/CodecFake/train/F06_p314_235.wav,6
/USERSPACE/DATASETS/CodecFake/train/F06_p316_350.wav,6
/USERSPACE/DATASETS/CodecFake/train/F06_SSB00800055.wav,6
/USERSPACE/DATASETS/CodecFake/train/F06_p265_038.wav,6
/USERSPACE/DATASETS/CodecFake/train/F06_p251_098.wav,6
/USERSPACE/DATASETS/CodecFake/train/F06_p343_208.wav,6
/USERSPACE/DATASETS/CodecFake/train/F06_SSB04270401.wav,6
/USERSPACE/DATASETS/CodecFake/train/F06_p298_056.wav,6
/USERSPACE/DATASETS/CodecFake/train/F06_SSB15550228.wav,6
/USERSPACE/DATASETS/CodecFake/train/F06_SSB13850199.wav,6
/USERSPACE/DATASETS/CodecFake/train/F06_p287_109.wav,6
/USERSPACE/DATASETS/CodecFake/train/F06_p347_176.wav,6
/USERSPACE/DATASETS/CodecFake/train/F06_SSB06140158.wav,6
/USERSPACE/DATASETS/CodecFake/train/F06_SSB03420105.wav,6
/USERSPACE/DATASETS/CodecFake/train/F06_SSB00330016.wav,6
/USERSPACE/DATASETS/CodecFake/train/F06_SSB05020229.wav,6
/USERSPACE/DATASETS/CodecFake/train/F06_SSB03150270.wav,6
/USERSPACE/DATASETS/CodecFake/train/F06_p243_084.wav,6
/USERSPACE/DATASETS/CodecFake/train/F06_SSB02730222.wav,6
/USERSPACE/DATASETS/CodecFake/train/F06_SSB07370205.wav,6
/USERSPACE/DATASETS/CodecFake/train/F06_SSB13410256.wav,6
/USERSPACE/DATASETS/CodecFake/train/F06_p239_290.wav,6
/USERSPACE/DATASETS/CodecFake/train/F06_SSB03420197.wav,6
/USERSPACE/DATASETS/CodecFake/train/F06_p240_013.wav,6
/USERSPACE/DATASETS/CodecFake/train/F06_SSB14480328.wav,6
/USERSPACE/DATASETS/CodecFake/train/F06_SSB03150268.wav,6
/USERSPACE/DATASETS/CodecFake/train/F06_p313_029.wav,6
/USERSPACE/DATASETS/CodecFake/train/F06_SSB13020042.wav,6
/USERSPACE/DATASETS/CodecFake/train/F06_SSB10640186.wav,6
/USERSPACE/DATASETS/CodecFake/train/F06_SSB04070436.wav,6
/USERSPACE/DATASETS/CodecFake/train/F06_SSB07100242.wav,6
/USERSPACE/DATASETS/CodecFake/train/F06_p288_126.wav,6
/USERSPACE/DATASETS/CodecFake/train/F06_p318_351.wav,6
/USERSPACE/DATASETS/CodecFake/train/F06_p240_086.wav,6
/USERSPACE/DATASETS/CodecFake/train/F06_p361_284.wav,6
/USERSPACE/DATASETS/CodecFake/train/F06_SSB06290404.wav,6
/USERSPACE/DATASETS/CodecFake/train/F06_SSB11360082.wav,6
/USERSPACE/DATASETS/CodecFake/train/F06_SSB07940293.wav,6
/USERSPACE/DATASETS/CodecFake/train/F06_SSB11380286.wav,6
/USERSPACE/DATASETS/CodecFake/train/F06_SSB18630183.wav,6
/USERSPACE/DATASETS/CodecFake/train/F06_p246_149.wav,6
/USERSPACE/DATASETS/CodecFake/train/F06_SSB09350038.wav,6
/USERSPACE/DATASETS/CodecFake/train/F06_SSB07360197.wav,6
/USERSPACE/DATASETS/CodecFake/train/F06_SSB04820064.wav,6
/USERSPACE/DATASETS/CodecFake/train/F06_SSB03230368.wav,6
/USERSPACE/DATASETS/CodecFake/train/F06_SSB10010330.wav,6
/USERSPACE/DATASETS/CodecFake/train/F06_SSB08220247.wav,6
/USERSPACE/DATASETS/CodecFake/train/F06_SSB16840232.wav,6
/USERSPACE/DATASETS/CodecFake/train/F06_SSB00730041.wav,6
/USERSPACE/DATASETS/CodecFake/train/F06_SSB16300213.wav,6
/USERSPACE/DATASETS/CodecFake/train/F06_SSB05700452.wav,6
/USERSPACE/DATASETS/CodecFake/train/F06_SSB04270016.wav,6
/USERSPACE/DATASETS/CodecFake/train/F06_p249_295.wav,6
/USERSPACE/DATASETS/CodecFake/train/F06_SSB03160372.wav,6
/USERSPACE/DATASETS/CodecFake/train/F06_SSB03660092.wav,6
/USERSPACE/DATASETS/CodecFake/train/F06_p295_358.wav,6
/USERSPACE/DATASETS/CodecFake/train/F06_SSB17810480.wav,6
/USERSPACE/DATASETS/CodecFake/train/F06_p253_148.wav,6
/USERSPACE/DATASETS/CodecFake/train/F06_SSB09350195.wav,6
/USERSPACE/DATASETS/CodecFake/train/F06_SSB15930127.wav,6
/USERSPACE/DATASETS/CodecFake/train/F06_p239_333.wav,6
/USERSPACE/DATASETS/CodecFake/train/F06_SSB03160182.wav,6
/USERSPACE/DATASETS/CodecFake/train/F06_p307_362.wav,6
/USERSPACE/DATASETS/CodecFake/train/F06_SSB03930004.wav,6
/USERSPACE/DATASETS/CodecFake/train/F06_SSB11350380.wav,6
/USERSPACE/DATASETS/CodecFake/train/F06_SSB10550300.wav,6
/USERSPACE/DATASETS/CodecFake/train/F06_SSB11380492.wav,6
/USERSPACE/DATASETS/CodecFake/train/F06_SSB10960076.wav,6
/USERSPACE/DATASETS/CodecFake/train/F06_p281_354.wav,6
/USERSPACE/DATASETS/CodecFake/train/F06_SSB18630206.wav,6
/USERSPACE/DATASETS/CodecFake/train/F06_SSB01120455.wav,6
/USERSPACE/DATASETS/CodecFake/train/F06_SSB03420228.wav,6
/USERSPACE/DATASETS/CodecFake/train/F06_p306_346.wav,6
/USERSPACE/DATASETS/CodecFake/train/F06_p286_007.wav,6
/USERSPACE/DATASETS/CodecFake/train/F06_SSB00110445.wav,6
/USERSPACE/DATASETS/CodecFake/train/F06_SSB19390286.wav,6
/USERSPACE/DATASETS/CodecFake/train/F06_p281_418.wav,6
/USERSPACE/DATASETS/CodecFake/train/F06_SSB10500216.wav,6
/USERSPACE/DATASETS/CodecFake/train/F06_SSB03420155.wav,6
/USERSPACE/DATASETS/CodecFake/train/F06_p323_207.wav,6
/USERSPACE/DATASETS/CodecFake/train/F06_SSB09350266.wav,6
/USERSPACE/DATASETS/CodecFake/train/F06_p266_164.wav,6
/USERSPACE/DATASETS/CodecFake/train/F06_p294_106.wav,6
/USERSPACE/DATASETS/CodecFake/train/F06_SSB03940215.wav,6
/USERSPACE/DATASETS/CodecFake/train/F06_SSB18630255.wav,6
/USERSPACE/DATASETS/CodecFake/train/F06_p311_259.wav,6
/USERSPACE/DATASETS/CodecFake/train/F06_SSB00380069.wav,6
/USERSPACE/DATASETS/CodecFake/train/F06_SSB06930134.wav,6
/USERSPACE/DATASETS/CodecFake/train/F06_p262_055.wav,6
/USERSPACE/DATASETS/CodecFake/train/F06_p351_384.wav,6
/USERSPACE/DATASETS/CodecFake/train/F06_SSB07170057.wav,6
/USERSPACE/DATASETS/CodecFake/train/F06_SSB07370134.wav,6
/USERSPACE/DATASETS/CodecFake/train/F06_SSB00180077.wav,6
/USERSPACE/DATASETS/CodecFake/train/F06_p268_052.wav,6
/USERSPACE/DATASETS/CodecFake/train/F06_SSB00090353.wav,6
/USERSPACE/DATASETS/CodecFake/train/F06_p269_357.wav,6
/USERSPACE/DATASETS/CodecFake/train/F06_SSB06060298.wav,6
/USERSPACE/DATASETS/CodecFake/train/F06_SSB03940249.wav,6
/USERSPACE/DATASETS/CodecFake/train/F06_p251_144.wav,6
/USERSPACE/DATASETS/CodecFake/train/F06_SSB06320120.wav,6
/USERSPACE/DATASETS/CodecFake/train/F06_SSB03410111.wav,6
/USERSPACE/DATASETS/CodecFake/train/F06_p238_110.wav,6
/USERSPACE/DATASETS/CodecFake/train/F06_SSB18060386.wav,6
/USERSPACE/DATASETS/CodecFake/train/F06_p227_236.wav,6
/USERSPACE/DATASETS/CodecFake/train/F06_SSB05700445.wav,6
/USERSPACE/DATASETS/CodecFake/train/F06_p334_269.wav,6
/USERSPACE/DATASETS/CodecFake/train/F06_SSB19350044.wav,6
/USERSPACE/DATASETS/CodecFake/train/F06_SSB12040063.wav,6
/USERSPACE/DATASETS/CodecFake/train/F06_SSB05650265.wav,6
/USERSPACE/DATASETS/CodecFake/train/F06_SSB05390322.wav,6
/USERSPACE/DATASETS/CodecFake/train/F06_p259_247.wav,6
/USERSPACE/DATASETS/CodecFake/train/F06_p247_029.wav,6
/USERSPACE/DATASETS/CodecFake/train/F06_SSB04150038.wav,6
/USERSPACE/DATASETS/CodecFake/train/F06_SSB01390316.wav,6
/USERSPACE/DATASETS/CodecFake/train/F06_SSB18370369.wav,6
/USERSPACE/DATASETS/CodecFake/train/F06_SSB19390149.wav,6
/USERSPACE/DATASETS/CodecFake/train/F06_SSB17820052.wav,6
/USERSPACE/DATASETS/CodecFake/train/F06_p297_372.wav,6
/USERSPACE/DATASETS/CodecFake/train/F06_SSB19350298.wav,6
/USERSPACE/DATASETS/CodecFake/train/F06_p259_427.wav,6
/USERSPACE/DATASETS/CodecFake/train/F06_p257_007.wav,6
/USERSPACE/DATASETS/CodecFake/train/F06_SSB13220122.wav,6
/USERSPACE/DATASETS/CodecFake/train/F06_SSB10560026.wav,6
/USERSPACE/DATASETS/CodecFake/train/F06_p241_025.wav,6
/USERSPACE/DATASETS/CodecFake/train/F06_p273_360.wav,6
/USERSPACE/DATASETS/CodecFake/train/F06_SSB18060379.wav,6
/USERSPACE/DATASETS/CodecFake/train/F06_SSB19560348.wav,6
/USERSPACE/DATASETS/CodecFake/train/F06_SSB01390206.wav,6
/USERSPACE/DATASETS/CodecFake/train/F06_SSB00570105.wav,6
/USERSPACE/DATASETS/CodecFake/train/F06_SSB01970224.wav,6
/USERSPACE/DATASETS/CodecFake/train/F06_p255_040.wav,6
/USERSPACE/DATASETS/CodecFake/train/F06_p226_073.wav,6
/USERSPACE/DATASETS/CodecFake/train/F06_SSB04260390.wav,6
/USERSPACE/DATASETS/CodecFake/train/F06_SSB13660147.wav,6
/USERSPACE/DATASETS/CodecFake/train/F06_SSB18100154.wav,6
/USERSPACE/DATASETS/CodecFake/train/F06_SSB07490083.wav,6
/USERSPACE/DATASETS/CodecFake/train/F06_p280_045.wav,6
/USERSPACE/DATASETS/CodecFake/train/F06_SSB03380134.wav,6
/USERSPACE/DATASETS/CodecFake/train/F06_SSB03390375.wav,6
/USERSPACE/DATASETS/CodecFake/train/F06_SSB06030407.wav,6
/USERSPACE/DATASETS/CodecFake/train/F06_SSB13200467.wav,6
/USERSPACE/DATASETS/CodecFake/train/F06_SSB02410199.wav,6
/USERSPACE/DATASETS/CodecFake/train/F06_SSB05440457.wav,6
/USERSPACE/DATASETS/CodecFake/train/F06_SSB08870188.wav,6
/USERSPACE/DATASETS/CodecFake/train/F06_p283_073.wav,6
/USERSPACE/DATASETS/CodecFake/train/F06_SSB06680037.wav,6
/USERSPACE/DATASETS/CodecFake/train/F06_SSB13830055.wav,6
/USERSPACE/DATASETS/CodecFake/train/F06_SSB18910246.wav,6
/USERSPACE/DATASETS/CodecFake/train/F06_p272_007.wav,6
/USERSPACE/DATASETS/CodecFake/train/F06_SSB07110225.wav,6
/USERSPACE/DATASETS/CodecFake/train/F06_SSB03750200.wav,6
/USERSPACE/DATASETS/CodecFake/train/F06_SSB03160061.wav,6
/USERSPACE/DATASETS/CodecFake/train/F06_SSB18320432.wav,6
/USERSPACE/DATASETS/CodecFake/train/F06_SSB11100286.wav,6
/USERSPACE/DATASETS/CodecFake/train/F06_p259_088.wav,6
/USERSPACE/DATASETS/CodecFake/train/F06_SSB00160299.wav,6
/USERSPACE/DATASETS/CodecFake/train/F06_p256_123.wav,6
/USERSPACE/DATASETS/CodecFake/train/F06_p268_221.wav,6
/USERSPACE/DATASETS/CodecFake/train/F06_p326_111.wav,6
/USERSPACE/DATASETS/CodecFake/train/F06_SSB18720179.wav,6
/USERSPACE/DATASETS/CodecFake/train/F06_SSB07510065.wav,6
/USERSPACE/DATASETS/CodecFake/train/F06_SSB06060051.wav,6
/USERSPACE/DATASETS/CodecFake/train/F06_p313_241.wav,6
/USERSPACE/DATASETS/CodecFake/train/F06_p255_375.wav,6
/USERSPACE/DATASETS/CodecFake/train/F06_SSB05340503.wav,6
/USERSPACE/DATASETS/CodecFake/train/F06_p323_367.wav,6
/USERSPACE/DATASETS/CodecFake/train/F06_SSB11970181.wav,6
/USERSPACE/DATASETS/CodecFake/train/F06_SSB05900113.wav,6
/USERSPACE/DATASETS/CodecFake/train/F06_p250_321.wav,6
/USERSPACE/DATASETS/CodecFake/train/F06_SSB04700147.wav,6
/USERSPACE/DATASETS/CodecFake/train/F06_SSB12040049.wav,6
/USERSPACE/DATASETS/CodecFake/train/F06_p238_321.wav,6
/USERSPACE/DATASETS/CodecFake/train/F06_SSB15750418.wav,6
/USERSPACE/DATASETS/CodecFake/train/F06_SSB02670046.wav,6
/USERSPACE/DATASETS/CodecFake/train/F06_SSB17390232.wav,6
/USERSPACE/DATASETS/CodecFake/train/F06_SSB02870140.wav,6
/USERSPACE/DATASETS/CodecFake/train/F06_SSB15850113.wav,6
/USERSPACE/DATASETS/CodecFake/train/F06_SSB00180499.wav,6
/USERSPACE/DATASETS/CodecFake/train/F06_SSB14080376.wav,6
/USERSPACE/DATASETS/CodecFake/train/F06_SSB05020406.wav,6
/USERSPACE/DATASETS/CodecFake/train/F06_SSB11310185.wav,6
/USERSPACE/DATASETS/CodecFake/train/F06_SSB03090205.wav,6
/USERSPACE/DATASETS/CodecFake/train/F06_SSB05940381.wav,6
/USERSPACE/DATASETS/CodecFake/train/F06_SSB07480343.wav,6
/USERSPACE/DATASETS/CodecFake/train/F06_SSB15670464.wav,6
/USERSPACE/DATASETS/CodecFake/train/F06_SSB13820348.wav,6
/USERSPACE/DATASETS/CodecFake/train/F06_p236_264.wav,6
/USERSPACE/DATASETS/CodecFake/train/F06_SSB09350180.wav,6
/USERSPACE/DATASETS/CodecFake/train/F06_SSB04700033.wav,6
/USERSPACE/DATASETS/CodecFake/train/F06_SSB12740273.wav,6
/USERSPACE/DATASETS/CodecFake/train/F06_SSB07200101.wav,6
/USERSPACE/DATASETS/CodecFake/train/F06_SSB11380451.wav,6
/USERSPACE/DATASETS/CodecFake/train/F06_p236_166.wav,6
/USERSPACE/DATASETS/CodecFake/train/F06_SSB09870223.wav,6
/USERSPACE/DATASETS/CodecFake/train/F06_p286_013.wav,6
/USERSPACE/DATASETS/CodecFake/train/F06_SSB03070164.wav,6
/USERSPACE/DATASETS/CodecFake/train/F06_SSB07200054.wav,6
/USERSPACE/DATASETS/CodecFake/train/F06_SSB07840325.wav,6
/USERSPACE/DATASETS/CodecFake/train/F06_p362_404.wav,6
/USERSPACE/DATASETS/CodecFake/train/F06_SSB19560151.wav,6
/USERSPACE/DATASETS/CodecFake/train/F06_SSB13770142.wav,6
/USERSPACE/DATASETS/CodecFake/train/F06_p284_097.wav,6
/USERSPACE/DATASETS/CodecFake/train/F06_SSB10550266.wav,6
/USERSPACE/DATASETS/CodecFake/train/F06_p281_079.wav,6
/USERSPACE/DATASETS/CodecFake/train/F06_SSB05350126.wav,6
/USERSPACE/DATASETS/CodecFake/train/F06_SSB07840173.wav,6
/USERSPACE/DATASETS/CodecFake/train/F06_SSB08630169.wav,6
/USERSPACE/DATASETS/CodecFake/train/F06_SSB09970174.wav,6
/USERSPACE/DATASETS/CodecFake/train/F06_SSB03850295.wav,6
/USERSPACE/DATASETS/CodecFake/train/F06_p330_224.wav,6
/USERSPACE/DATASETS/CodecFake/train/F06_SSB09870443.wav,6
/USERSPACE/DATASETS/CodecFake/train/F06_SSB16070387.wav,6
/USERSPACE/DATASETS/CodecFake/train/F06_p268_119.wav,6
/USERSPACE/DATASETS/CodecFake/train/F06_SSB06710076.wav,6
/USERSPACE/DATASETS/CodecFake/train/F06_SSB18280097.wav,6
/USERSPACE/DATASETS/CodecFake/train/F06_p261_263.wav,6
/USERSPACE/DATASETS/CodecFake/train/F06_p256_236.wav,6
/USERSPACE/DATASETS/CodecFake/train/F06_p232_253.wav,6
/USERSPACE/DATASETS/CodecFake/train/F06_SSB04350059.wav,6
/USERSPACE/DATASETS/CodecFake/train/F06_SSB01120257.wav,6
/USERSPACE/DATASETS/CodecFake/train/F06_p306_256.wav,6
/USERSPACE/DATASETS/CodecFake/train/F06_SSB00380325.wav,6
/USERSPACE/DATASETS/CodecFake/train/F06_SSB05700182.wav,6
/USERSPACE/DATASETS/CodecFake/train/F06_SSB03230168.wav,6
/USERSPACE/DATASETS/CodecFake/train/F06_SSB07110319.wav,6
/USERSPACE/DATASETS/CodecFake/train/F06_SSB07940384.wav,6
/USERSPACE/DATASETS/CodecFake/train/F06_p306_260.wav,6
/USERSPACE/DATASETS/CodecFake/train/F06_SSB11100194.wav,6
/USERSPACE/DATASETS/CodecFake/train/F06_SSB07840101.wav,6
/USERSPACE/DATASETS/CodecFake/train/F06_SSB07840015.wav,6
/USERSPACE/DATASETS/CodecFake/train/F06_p253_133.wav,6
/USERSPACE/DATASETS/CodecFake/train/F06_SSB18280388.wav,6
/USERSPACE/DATASETS/CodecFake/train/F06_SSB08090125.wav,6
/USERSPACE/DATASETS/CodecFake/train/F06_p238_190.wav,6
/USERSPACE/DATASETS/CodecFake/train/F06_SSB09130324.wav,6
/USERSPACE/DATASETS/CodecFake/train/F06_SSB01490067.wav,6
/USERSPACE/DATASETS/CodecFake/train/F06_SSB07860475.wav,6
/USERSPACE/DATASETS/CodecFake/train/F06_SSB13200366.wav,6
/USERSPACE/DATASETS/CodecFake/train/F06_p323_151.wav,6
/USERSPACE/DATASETS/CodecFake/train/F06_SSB13650435.wav,6
/USERSPACE/DATASETS/CodecFake/train/F06_SSB07490119.wav,6
/USERSPACE/DATASETS/CodecFake/train/F06_p234_211.wav,6
/USERSPACE/DATASETS/CodecFake/train/F06_p310_009.wav,6
/USERSPACE/DATASETS/CodecFake/train/F06_SSB00730439.wav,6
/USERSPACE/DATASETS/CodecFake/train/F06_SSB13200431.wav,6
/USERSPACE/DATASETS/CodecFake/train/F06_SSB04260431.wav,6
/USERSPACE/DATASETS/CodecFake/train/F06_p250_318.wav,6
/USERSPACE/DATASETS/CodecFake/train/F06_SSB16070146.wav,6
/USERSPACE/DATASETS/CodecFake/train/F06_SSB06070046.wav,6
/USERSPACE/DATASETS/CodecFake/train/F06_SSB03150260.wav,6
/USERSPACE/DATASETS/CodecFake/train/F06_p288_305.wav,6
/USERSPACE/DATASETS/CodecFake/train/F06_SSB10720194.wav,6
/USERSPACE/DATASETS/CodecFake/train/F06_SSB05650412.wav,6
/USERSPACE/DATASETS/CodecFake/train/F06_p237_150.wav,6
/USERSPACE/DATASETS/CodecFake/train/F06_p282_280.wav,6
/USERSPACE/DATASETS/CodecFake/train/F06_SSB00730442.wav,6
/USERSPACE/DATASETS/CodecFake/train/F06_SSB12740479.wav,6
/USERSPACE/DATASETS/CodecFake/train/F06_p288_372.wav,6
/USERSPACE/DATASETS/CodecFake/train/F06_SSB13770244.wav,6
/USERSPACE/DATASETS/CodecFake/train/F06_SSB09930468.wav,6
/USERSPACE/DATASETS/CodecFake/train/F06_p310_387.wav,6
/USERSPACE/DATASETS/CodecFake/train/F06_p326_125.wav,6
/USERSPACE/DATASETS/CodecFake/train/F06_SSB03800220.wav,6
/USERSPACE/DATASETS/CodecFake/train/F06_SSB18370288.wav,6
/USERSPACE/DATASETS/CodecFake/train/F06_p270_331.wav,6
/USERSPACE/DATASETS/CodecFake/train/F06_SSB06090202.wav,6
/USERSPACE/DATASETS/CodecFake/train/F06_p323_273.wav,6
/USERSPACE/DATASETS/CodecFake/train/F06_SSB00090249.wav,6
/USERSPACE/DATASETS/CodecFake/train/F06_SSB06680046.wav,6
/USERSPACE/DATASETS/CodecFake/train/F06_p256_319.wav,6
/USERSPACE/DATASETS/CodecFake/train/F06_SSB03850200.wav,6
/USERSPACE/DATASETS/CodecFake/train/F06_SSB18630344.wav,6
/USERSPACE/DATASETS/CodecFake/train/F06_p276_443.wav,6
/USERSPACE/DATASETS/CodecFake/train/F06_SSB03230163.wav,6
/USERSPACE/DATASETS/CodecFake/train/F06_p247_145.wav,6
/USERSPACE/DATASETS/CodecFake/train/F06_SSB16860413.wav,6
/USERSPACE/DATASETS/CodecFake/train/F06_SSB07600447.wav,6
/USERSPACE/DATASETS/CodecFake/train/F06_SSB13820006.wav,6
/USERSPACE/DATASETS/CodecFake/train/F06_SSB02990099.wav,6
/USERSPACE/DATASETS/CodecFake/train/F06_p283_129.wav,6
/USERSPACE/DATASETS/CodecFake/train/F06_SSB13200480.wav,6
/USERSPACE/DATASETS/CodecFake/train/F06_SSB09660307.wav,6
/USERSPACE/DATASETS/CodecFake/train/F06_p274_129.wav,6
/USERSPACE/DATASETS/CodecFake/train/F06_SSB02880060.wav,6
/USERSPACE/DATASETS/CodecFake/train/F06_SSB06010426.wav,6
/USERSPACE/DATASETS/CodecFake/train/F06_SSB18370460.wav,6
/USERSPACE/DATASETS/CodecFake/train/F06_SSB10500047.wav,6
/USERSPACE/DATASETS/CodecFake/train/F06_p298_162.wav,6
/USERSPACE/DATASETS/CodecFake/train/F06_SSB14020265.wav,6
/USERSPACE/DATASETS/CodecFake/train/F06_SSB12740345.wav,6
/USERSPACE/DATASETS/CodecFake/train/F06_p243_176.wav,6
/USERSPACE/DATASETS/CodecFake/train/F06_SSB07020008.wav,6
/USERSPACE/DATASETS/CodecFake/train/F06_SSB07160387.wav,6
/USERSPACE/DATASETS/CodecFake/train/F06_SSB03420094.wav,6
/USERSPACE/DATASETS/CodecFake/train/F06_p288_074.wav,6
/USERSPACE/DATASETS/CodecFake/train/F06_p306_168.wav,6
/USERSPACE/DATASETS/CodecFake/train/F06_SSB13280201.wav,6
/USERSPACE/DATASETS/CodecFake/train/F06_SSB07940318.wav,6
/USERSPACE/DATASETS/CodecFake/train/F06_SSB05700088.wav,6
/USERSPACE/DATASETS/CodecFake/train/F06_SSB05350290.wav,6
/USERSPACE/DATASETS/CodecFake/train/F06_SSB06310280.wav,6
/USERSPACE/DATASETS/CodecFake/train/F06_SSB06290135.wav,6
/USERSPACE/DATASETS/CodecFake/train/F06_SSB03750252.wav,6
/USERSPACE/DATASETS/CodecFake/train/F06_p260_166.wav,6
/USERSPACE/DATASETS/CodecFake/train/F06_SSB07600179.wav,6
/USERSPACE/DATASETS/CodecFake/train/F06_SSB06660129.wav,6
/USERSPACE/DATASETS/CodecFake/train/F06_SSB13990380.wav,6
/USERSPACE/DATASETS/CodecFake/train/F06_SSB16840294.wav,6
/USERSPACE/DATASETS/CodecFake/train/F06_SSB09190326.wav,6
/USERSPACE/DATASETS/CodecFake/train/F06_SSB03420073.wav,6
/USERSPACE/DATASETS/CodecFake/train/F06_SSB06320155.wav,6
/USERSPACE/DATASETS/CodecFake/train/F06_p311_367.wav,6
/USERSPACE/DATASETS/CodecFake/train/F06_p275_331.wav,6
/USERSPACE/DATASETS/CodecFake/train/F06_SSB15670393.wav,6
/USERSPACE/DATASETS/CodecFake/train/F06_SSB05900013.wav,6
/USERSPACE/DATASETS/CodecFake/train/F06_p232_025.wav,6
/USERSPACE/DATASETS/CodecFake/train/F06_SSB07360335.wav,6
/USERSPACE/DATASETS/CodecFake/train/F06_SSB07370107.wav,6
/USERSPACE/DATASETS/CodecFake/train/F06_SSB06930181.wav,6
/USERSPACE/DATASETS/CodecFake/train/F06_SSB19560214.wav,6
/USERSPACE/DATASETS/CodecFake/train/F06_SSB09870147.wav,6
/USERSPACE/DATASETS/CodecFake/train/F06_SSB10240287.wav,6
/USERSPACE/DATASETS/CodecFake/train/F06_SSB08630080.wav,6
/USERSPACE/DATASETS/CodecFake/train/F06_SSB11870314.wav,6
/USERSPACE/DATASETS/CodecFake/train/F06_p225_244.wav,6
/USERSPACE/DATASETS/CodecFake/train/F06_p314_291.wav,6
/USERSPACE/DATASETS/CodecFake/train/F06_SSB04150467.wav,6
/USERSPACE/DATASETS/CodecFake/train/F06_SSB07230189.wav,6
/USERSPACE/DATASETS/CodecFake/train/F06_SSB00570002.wav,6
/USERSPACE/DATASETS/CodecFake/train/F06_SSB01220376.wav,6
/USERSPACE/DATASETS/CodecFake/train/F06_SSB08630166.wav,6
/USERSPACE/DATASETS/CodecFake/train/F06_SSB07160260.wav,6
/USERSPACE/DATASETS/CodecFake/train/F06_SSB04270110.wav,6
/USERSPACE/DATASETS/CodecFake/train/F06_SSB10010238.wav,6
/USERSPACE/DATASETS/CodecFake/train/F06_SSB13920405.wav,6
/USERSPACE/DATASETS/CodecFake/train/F06_SSB06310454.wav,6
/USERSPACE/DATASETS/CodecFake/train/F06_SSB11150062.wav,6
/USERSPACE/DATASETS/CodecFake/train/F06_SSB18630017.wav,6
/USERSPACE/DATASETS/CodecFake/train/F06_SSB06860375.wav,6
/USERSPACE/DATASETS/CodecFake/train/F06_SSB00090208.wav,6
/USERSPACE/DATASETS/CodecFake/train/F06_SSB12040214.wav,6
/USERSPACE/DATASETS/CodecFake/train/F06_p315_042.wav,6
/USERSPACE/DATASETS/CodecFake/train/F06_SSB09150228.wav,6
/USERSPACE/DATASETS/CodecFake/train/F06_p263_098.wav,6
/USERSPACE/DATASETS/CodecFake/train/F06_SSB00330292.wav,6
/USERSPACE/DATASETS/CodecFake/train/F06_SSB01970064.wav,6
/USERSPACE/DATASETS/CodecFake/train/F06_p265_209.wav,6
/USERSPACE/DATASETS/CodecFake/train/F06_p260_165.wav,6
/USERSPACE/DATASETS/CodecFake/train/F06_p233_373.wav,6
/USERSPACE/DATASETS/CodecFake/train/F06_SSB12160435.wav,6
/USERSPACE/DATASETS/CodecFake/train/F06_SSB19020449.wav,6
/USERSPACE/DATASETS/CodecFake/train/F06_p298_388.wav,6
/USERSPACE/DATASETS/CodecFake/train/F06_p374_197.wav,6
/USERSPACE/DATASETS/CodecFake/train/F06_p298_021.wav,6
/USERSPACE/DATASETS/CodecFake/train/F06_SSB00570343.wav,6
/USERSPACE/DATASETS/CodecFake/train/F06_SSB18370336.wav,6
/USERSPACE/DATASETS/CodecFake/train/F06_p323_269.wav,6
/USERSPACE/DATASETS/CodecFake/train/F06_SSB06860086.wav,6
/USERSPACE/DATASETS/CodecFake/train/F06_SSB06930205.wav,6
/USERSPACE/DATASETS/CodecFake/train/F06_SSB11380245.wav,6
/USERSPACE/DATASETS/CodecFake/train/F06_SSB14020111.wav,6
/USERSPACE/DATASETS/CodecFake/train/F06_SSB01390367.wav,6
/USERSPACE/DATASETS/CodecFake/train/F06_SSB03160278.wav,6
/USERSPACE/DATASETS/CodecFake/train/F06_p270_004.wav,6
/USERSPACE/DATASETS/CodecFake/train/F06_SSB16700186.wav,6
/USERSPACE/DATASETS/CodecFake/train/F06_SSB05700108.wav,6
/USERSPACE/DATASETS/CodecFake/train/F06_SSB09870321.wav,6
/USERSPACE/DATASETS/CodecFake/train/F06_SSB09150132.wav,6
/USERSPACE/DATASETS/CodecFake/train/F06_SSB08090191.wav,6
/USERSPACE/DATASETS/CodecFake/train/F06_SSB00330500.wav,6
/USERSPACE/DATASETS/CodecFake/train/F06_p240_162.wav,6
/USERSPACE/DATASETS/CodecFake/train/F06_SSB03790476.wav,6
/USERSPACE/DATASETS/CodecFake/train/F06_SSB13820182.wav,6
/USERSPACE/DATASETS/CodecFake/train/F06_p301_295.wav,6
/USERSPACE/DATASETS/CodecFake/train/F06_SSB19350208.wav,6
/USERSPACE/DATASETS/CodecFake/train/F06_SSB07480259.wav,6
/USERSPACE/DATASETS/CodecFake/train/F06_SSB07860009.wav,6
/USERSPACE/DATASETS/CodecFake/train/F06_p323_128.wav,6
/USERSPACE/DATASETS/CodecFake/train/F06_SSB16240098.wav,6
/USERSPACE/DATASETS/CodecFake/train/F06_SSB18320354.wav,6
/USERSPACE/DATASETS/CodecFake/train/F06_p351_290.wav,6
/USERSPACE/DATASETS/CodecFake/train/F06_SSB13770468.wav,6
/USERSPACE/DATASETS/CodecFake/train/F06_SSB10560352.wav,6
/USERSPACE/DATASETS/CodecFake/train/F06_p287_055.wav,6
/USERSPACE/DATASETS/CodecFake/train/F06_SSB13850002.wav,6
/USERSPACE/DATASETS/CodecFake/train/F06_SSB16240177.wav,6
/USERSPACE/DATASETS/CodecFake/train/F06_p241_172.wav,6
/USERSPACE/DATASETS/CodecFake/train/F06_SSB02000248.wav,6
/USERSPACE/DATASETS/CodecFake/train/F06_p294_030.wav,6
/USERSPACE/DATASETS/CodecFake/train/F06_SSB02670436.wav,6
/USERSPACE/DATASETS/CodecFake/train/F06_p340_240.wav,6
/USERSPACE/DATASETS/CodecFake/train/F06_SSB01220028.wav,6
/USERSPACE/DATASETS/CodecFake/train/F06_p283_067.wav,6
/USERSPACE/DATASETS/CodecFake/train/F06_SSB07160107.wav,6
/USERSPACE/DATASETS/CodecFake/train/F06_SSB01490397.wav,6
/USERSPACE/DATASETS/CodecFake/train/F06_SSB06010054.wav,6
/USERSPACE/DATASETS/CodecFake/train/F06_SSB00800436.wav,6
/USERSPACE/DATASETS/CodecFake/train/F06_SSB06680337.wav,6
/USERSPACE/DATASETS/CodecFake/train/F06_SSB10500346.wav,6
/USERSPACE/DATASETS/CodecFake/train/F06_SSB15930176.wav,6
/USERSPACE/DATASETS/CodecFake/train/F06_SSB05440342.wav,6
/USERSPACE/DATASETS/CodecFake/train/F06_SSB04150100.wav,6
/USERSPACE/DATASETS/CodecFake/train/F06_p293_363.wav,6
/USERSPACE/DATASETS/CodecFake/train/F06_p284_064.wav,6
/USERSPACE/DATASETS/CodecFake/train/F06_SSB05020378.wav,6
/USERSPACE/DATASETS/CodecFake/train/F06_SSB19020074.wav,6
/USERSPACE/DATASETS/CodecFake/train/F06_SSB07780018.wav,6
/USERSPACE/DATASETS/CodecFake/train/F06_SSB19390175.wav,6
/USERSPACE/DATASETS/CodecFake/train/F06_p360_167.wav,6
/USERSPACE/DATASETS/CodecFake/train/F06_p259_183.wav,6
/USERSPACE/DATASETS/CodecFake/train/F06_SSB10010180.wav,6
/USERSPACE/DATASETS/CodecFake/train/F06_SSB03660010.wav,6
/USERSPACE/DATASETS/CodecFake/train/F06_p295_064.wav,6
/USERSPACE/DATASETS/CodecFake/train/F06_SSB10640019.wav,6
/USERSPACE/DATASETS/CodecFake/train/F06_SSB05880174.wav,6
/USERSPACE/DATASETS/CodecFake/train/F06_p267_291.wav,6
/USERSPACE/DATASETS/CodecFake/train/F06_SSB13920036.wav,6
/USERSPACE/DATASETS/CodecFake/train/F06_SSB18630019.wav,6
/USERSPACE/DATASETS/CodecFake/train/F06_SSB02000335.wav,6
/USERSPACE/DATASETS/CodecFake/train/F06_p270_128.wav,6
/USERSPACE/DATASETS/CodecFake/train/F06_p292_298.wav,6
/USERSPACE/DATASETS/CodecFake/train/F06_p326_310.wav,6
/USERSPACE/DATASETS/CodecFake/train/F06_SSB11350291.wav,6
/USERSPACE/DATASETS/CodecFake/train/F06_p360_197.wav,6
/USERSPACE/DATASETS/CodecFake/train/F06_SSB06310210.wav,6
/USERSPACE/DATASETS/CodecFake/train/F06_SSB18280051.wav,6
/USERSPACE/DATASETS/CodecFake/train/F06_SSB01120364.wav,6
/USERSPACE/DATASETS/CodecFake/train/F06_SSB02610503.wav,6
/USERSPACE/DATASETS/CodecFake/train/F06_p310_210.wav,6
/USERSPACE/DATASETS/CodecFake/train/F06_SSB17110287.wav,6
/USERSPACE/DATASETS/CodecFake/train/F06_SSB02000283.wav,6
/USERSPACE/DATASETS/CodecFake/train/F06_SSB03160498.wav,6
/USERSPACE/DATASETS/CodecFake/train/F06_p245_129.wav,6
/USERSPACE/DATASETS/CodecFake/train/F06_p286_284.wav,6
/USERSPACE/DATASETS/CodecFake/train/F06_SSB09870029.wav,6
/USERSPACE/DATASETS/CodecFake/train/F06_SSB11000163.wav,6
/USERSPACE/DATASETS/CodecFake/train/F06_p311_318.wav,6
/USERSPACE/DATASETS/CodecFake/train/F06_SSB05350292.wav,6
/USERSPACE/DATASETS/CodecFake/train/F06_p282_209.wav,6
/USERSPACE/DATASETS/CodecFake/train/F06_SSB11380357.wav,6
/USERSPACE/DATASETS/CodecFake/train/F06_SSB16990236.wav,6
/USERSPACE/DATASETS/CodecFake/train/F06_p312_143.wav,6
/USERSPACE/DATASETS/CodecFake/train/F06_p299_405.wav,6
/USERSPACE/DATASETS/CodecFake/train/F06_p282_227.wav,6
/USERSPACE/DATASETS/CodecFake/train/F06_SSB11260017.wav,6
/USERSPACE/DATASETS/CodecFake/train/F06_p266_372.wav,6
/USERSPACE/DATASETS/CodecFake/train/F06_SSB06140199.wav,6
/USERSPACE/DATASETS/CodecFake/train/F06_SSB12530011.wav,6
/USERSPACE/DATASETS/CodecFake/train/F06_p301_010.wav,6
/USERSPACE/DATASETS/CodecFake/train/F06_SSB12530280.wav,6
/USERSPACE/DATASETS/CodecFake/train/F06_p283_222.wav,6
/USERSPACE/DATASETS/CodecFake/train/F06_SSB07170475.wav,6
/USERSPACE/DATASETS/CodecFake/train/F06_SSB13020240.wav,6
/USERSPACE/DATASETS/CodecFake/train/F06_SSB03410123.wav,6
/USERSPACE/DATASETS/CodecFake/train/F06_p238_272.wav,6
/USERSPACE/DATASETS/CodecFake/train/F06_SSB07110168.wav,6
/USERSPACE/DATASETS/CodecFake/train/F06_p226_252.wav,6
/USERSPACE/DATASETS/CodecFake/train/F06_SSB03950132.wav,6
/USERSPACE/DATASETS/CodecFake/train/F06_SSB07100237.wav,6
/USERSPACE/DATASETS/CodecFake/train/F06_SSB00050393.wav,6
/USERSPACE/DATASETS/CodecFake/train/F06_SSB02410263.wav,6
/USERSPACE/DATASETS/CodecFake/train/F06_SSB00090202.wav,6
/USERSPACE/DATASETS/CodecFake/train/F06_SSB07600200.wav,6
/USERSPACE/DATASETS/CodecFake/train/F06_SSB18060194.wav,6
/USERSPACE/DATASETS/CodecFake/train/F06_p240_280.wav,6
/USERSPACE/DATASETS/CodecFake/train/F06_SSB05350407.wav,6
/USERSPACE/DATASETS/CodecFake/train/F06_p279_284.wav,6
/USERSPACE/DATASETS/CodecFake/train/F06_p303_276.wav,6
/USERSPACE/DATASETS/CodecFake/train/F06_SSB17390406.wav,6
/USERSPACE/DATASETS/CodecFake/train/F06_p251_002.wav,6
/USERSPACE/DATASETS/CodecFake/train/F06_SSB11310391.wav,6
/USERSPACE/DATASETS/CodecFake/train/F06_SSB03540039.wav,6
/USERSPACE/DATASETS/CodecFake/train/F06_p239_471.wav,6
/USERSPACE/DATASETS/CodecFake/train/F06_SSB13920203.wav,6
/USERSPACE/DATASETS/CodecFake/train/F06_SSB10720290.wav,6
/USERSPACE/DATASETS/CodecFake/train/F06_SSB09660058.wav,6
/USERSPACE/DATASETS/CodecFake/train/F06_SSB07780314.wav,6
/USERSPACE/DATASETS/CodecFake/train/F06_p302_225.wav,6
/USERSPACE/DATASETS/CodecFake/train/F06_p250_350.wav,6
/USERSPACE/DATASETS/CodecFake/train/F06_SSB16070244.wav,6
/USERSPACE/DATASETS/CodecFake/train/F06_SSB02730031.wav,6
/USERSPACE/DATASETS/CodecFake/train/F06_p362_052.wav,6
/USERSPACE/DATASETS/CodecFake/train/F06_SSB07160429.wav,6
/USERSPACE/DATASETS/CodecFake/train/F06_p257_261.wav,6
/USERSPACE/DATASETS/CodecFake/train/F06_SSB13820048.wav,6
/USERSPACE/DATASETS/CodecFake/train/F06_p248_245.wav,6
/USERSPACE/DATASETS/CodecFake/train/F06_p351_093.wav,6
/USERSPACE/DATASETS/CodecFake/train/F06_SSB01970285.wav,6
/USERSPACE/DATASETS/CodecFake/train/F06_p361_103.wav,6
/USERSPACE/DATASETS/CodecFake/train/F06_p227_275.wav,6
/USERSPACE/DATASETS/CodecFake/train/F06_p246_296.wav,6
/USERSPACE/DATASETS/CodecFake/train/F06_SSB10010332.wav,6
/USERSPACE/DATASETS/CodecFake/train/F06_SSB01120481.wav,6
/USERSPACE/DATASETS/CodecFake/train/F06_p259_106.wav,6
/USERSPACE/DATASETS/CodecFake/train/F06_p304_181.wav,6
/USERSPACE/DATASETS/CodecFake/train/F06_p241_069.wav,6
/USERSPACE/DATASETS/CodecFake/train/F06_SSB03380192.wav,6
/USERSPACE/DATASETS/CodecFake/train/F06_p248_163.wav,6
/USERSPACE/DATASETS/CodecFake/train/F06_SSB07200189.wav,6
/USERSPACE/DATASETS/CodecFake/train/F06_p288_274.wav,6
/USERSPACE/DATASETS/CodecFake/train/F06_p239_206.wav,6
/USERSPACE/DATASETS/CodecFake/train/F06_SSB07940391.wav,6
/USERSPACE/DATASETS/CodecFake/train/F06_p279_221.wav,6
/USERSPACE/DATASETS/CodecFake/train/F06_p302_014.wav,6
/USERSPACE/DATASETS/CodecFake/train/F06_SSB17110291.wav,6
/USERSPACE/DATASETS/CodecFake/train/F06_SSB18320353.wav,6
/USERSPACE/DATASETS/CodecFake/train/F06_SSB09660374.wav,6
/USERSPACE/DATASETS/CodecFake/train/F06_SSB10020168.wav,6
/USERSPACE/DATASETS/CodecFake/train/F06_SSB03230114.wav,6
/USERSPACE/DATASETS/CodecFake/train/F06_SSB07780231.wav,6
/USERSPACE/DATASETS/CodecFake/train/F06_p305_032.wav,6
/USERSPACE/DATASETS/CodecFake/train/F06_SSB14520288.wav,6
/USERSPACE/DATASETS/CodecFake/train/F06_SSB07370500.wav,6
/USERSPACE/DATASETS/CodecFake/train/F06_SSB17280249.wav,6
/USERSPACE/DATASETS/CodecFake/train/F06_p245_131.wav,6
/USERSPACE/DATASETS/CodecFake/train/F06_SSB16500122.wav,6
/USERSPACE/DATASETS/CodecFake/train/F06_p257_241.wav,6
/USERSPACE/DATASETS/CodecFake/train/F06_SSB13850495.wav,6
/USERSPACE/DATASETS/CodecFake/train/F06_SSB07600228.wav,6
/USERSPACE/DATASETS/CodecFake/train/F06_p274_182.wav,6
/USERSPACE/DATASETS/CodecFake/train/F06_SSB01390010.wav,6
/USERSPACE/DATASETS/CodecFake/train/F06_p376_177.wav,6
/USERSPACE/DATASETS/CodecFake/train/F06_SSB02460309.wav,6
/USERSPACE/DATASETS/CodecFake/train/F06_SSB00180230.wav,6
/USERSPACE/DATASETS/CodecFake/train/F06_SSB10960165.wav,6
/USERSPACE/DATASETS/CodecFake/train/F06_SSB19390066.wav,6
/USERSPACE/DATASETS/CodecFake/train/F06_p336_063.wav,6
/USERSPACE/DATASETS/CodecFake/train/F06_p252_363.wav,6
/USERSPACE/DATASETS/CodecFake/train/F06_SSB03410434.wav,6
/USERSPACE/DATASETS/CodecFake/train/F06_SSB05350049.wav,6
/USERSPACE/DATASETS/CodecFake/train/F06_SSB00090164.wav,6
/USERSPACE/DATASETS/CodecFake/train/F06_p316_235.wav,6
/USERSPACE/DATASETS/CodecFake/train/F06_p303_254.wav,6
/USERSPACE/DATASETS/CodecFake/train/F06_p283_136.wav,6
/USERSPACE/DATASETS/CodecFake/train/F06_SSB03950364.wav,6
/USERSPACE/DATASETS/CodecFake/train/F06_SSB03150125.wav,6
/USERSPACE/DATASETS/CodecFake/train/F06_SSB10910031.wav,6
/USERSPACE/DATASETS/CodecFake/train/F06_SSB16250295.wav,6
/USERSPACE/DATASETS/CodecFake/train/F06_SSB16700278.wav,6
/USERSPACE/DATASETS/CodecFake/train/F06_SSB07000036.wav,6
/USERSPACE/DATASETS/CodecFake/train/F06_SSB19180346.wav,6
/USERSPACE/DATASETS/CodecFake/train/F06_p275_233.wav,6
/USERSPACE/DATASETS/CodecFake/train/F06_SSB15630271.wav,6
/USERSPACE/DATASETS/CodecFake/train/F06_SSB03820280.wav,6
/USERSPACE/DATASETS/CodecFake/train/F06_SSB00430392.wav,6
/USERSPACE/DATASETS/CodecFake/train/F06_SSB05940202.wav,6
/USERSPACE/DATASETS/CodecFake/train/F06_SSB10960143.wav,6
/USERSPACE/DATASETS/CodecFake/train/F06_p339_073.wav,6
/USERSPACE/DATASETS/CodecFake/train/F06_SSB06010265.wav,6
/USERSPACE/DATASETS/CodecFake/train/F06_SSB07160243.wav,6
/USERSPACE/DATASETS/CodecFake/train/F06_p298_051.wav,6
/USERSPACE/DATASETS/CodecFake/train/F06_SSB13650276.wav,6
/USERSPACE/DATASETS/CodecFake/train/F06_p363_068.wav,6
/USERSPACE/DATASETS/CodecFake/train/F06_SSB03950369.wav,6
/USERSPACE/DATASETS/CodecFake/train/F06_SSB16840465.wav,6
/USERSPACE/DATASETS/CodecFake/train/F06_p306_332.wav,6
/USERSPACE/DATASETS/CodecFake/train/F06_p229_131.wav,6
/USERSPACE/DATASETS/CodecFake/train/F06_SSB14020033.wav,6
/USERSPACE/DATASETS/CodecFake/train/F06_SSB11350420.wav,6
/USERSPACE/DATASETS/CodecFake/train/F06_SSB07580091.wav,6
/USERSPACE/DATASETS/CodecFake/train/F06_SSB07940334.wav,6
/USERSPACE/DATASETS/CodecFake/train/F06_SSB11100292.wav,6
/USERSPACE/DATASETS/CodecFake/train/F06_SSB01970312.wav,6
/USERSPACE/DATASETS/CodecFake/train/F06_SSB03940200.wav,6
/USERSPACE/DATASETS/CodecFake/train/F06_SSB00120252.wav,6
/USERSPACE/DATASETS/CodecFake/train/F06_SSB03420190.wav,6
/USERSPACE/DATASETS/CodecFake/train/F06_p307_078.wav,6
/USERSPACE/DATASETS/CodecFake/train/F06_p251_322.wav,6
/USERSPACE/DATASETS/CodecFake/train/F06_p251_017.wav,6
/USERSPACE/DATASETS/CodecFake/train/F06_SSB07940244.wav,6
/USERSPACE/DATASETS/CodecFake/train/F06_SSB02000127.wav,6
/USERSPACE/DATASETS/CodecFake/train/F06_p266_281.wav,6
/USERSPACE/DATASETS/CodecFake/train/F06_p336_071.wav,6
/USERSPACE/DATASETS/CodecFake/train/F06_SSB18780365.wav,6
/USERSPACE/DATASETS/CodecFake/train/F06_SSB05990271.wav,6
/USERSPACE/DATASETS/CodecFake/train/F06_SSB01970139.wav,6
/USERSPACE/DATASETS/CodecFake/train/F06_SSB15630355.wav,6
/USERSPACE/DATASETS/CodecFake/train/F06_SSB16070444.wav,6
/USERSPACE/DATASETS/CodecFake/train/F06_SSB18630200.wav,6
/USERSPACE/DATASETS/CodecFake/train/F06_SSB06060055.wav,6
/USERSPACE/DATASETS/CodecFake/train/F06_SSB13200430.wav,6
/USERSPACE/DATASETS/CodecFake/train/F06_p227_397.wav,6
/USERSPACE/DATASETS/CodecFake/train/F06_SSB10720197.wav,6
/USERSPACE/DATASETS/CodecFake/train/F06_p265_015.wav,6
/USERSPACE/DATASETS/CodecFake/train/F06_SSB07600465.wav,6
/USERSPACE/DATASETS/CodecFake/train/F06_SSB06930105.wav,6
/USERSPACE/DATASETS/CodecFake/train/F06_SSB11250398.wav,6
/USERSPACE/DATASETS/CodecFake/train/F06_p234_069.wav,6
/USERSPACE/DATASETS/CodecFake/train/F06_SSB13660408.wav,6
/USERSPACE/DATASETS/CodecFake/train/F06_p264_430.wav,6
/USERSPACE/DATASETS/CodecFake/train/F06_SSB06290229.wav,6
/USERSPACE/DATASETS/CodecFake/train/F06_SSB03540490.wav,6
/USERSPACE/DATASETS/CodecFake/train/F06_p232_115.wav,6
/USERSPACE/DATASETS/CodecFake/train/F06_SSB16500157.wav,6
/USERSPACE/DATASETS/CodecFake/train/F06_p275_225.wav,6
/USERSPACE/DATASETS/CodecFake/train/F06_SSB17590217.wav,6
/USERSPACE/DATASETS/CodecFake/train/F06_SSB02990224.wav,6
/USERSPACE/DATASETS/CodecFake/train/F06_SSB13280250.wav,6
/USERSPACE/DATASETS/CodecFake/train/F06_SSB02870222.wav,6
/USERSPACE/DATASETS/CodecFake/train/F06_SSB11250411.wav,6
/USERSPACE/DATASETS/CodecFake/train/F06_p231_036.wav,6
/USERSPACE/DATASETS/CodecFake/train/F06_SSB05440295.wav,6
/USERSPACE/DATASETS/CodecFake/train/F06_SSB09930220.wav,6
/USERSPACE/DATASETS/CodecFake/train/F06_SSB10020090.wav,6
/USERSPACE/DATASETS/CodecFake/train/F06_SSB13200330.wav,6
/USERSPACE/DATASETS/CodecFake/train/F06_p226_105.wav,6
/USERSPACE/DATASETS/CodecFake/train/F06_SSB03850172.wav,6
/USERSPACE/DATASETS/CodecFake/train/F06_p241_157.wav,6
/USERSPACE/DATASETS/CodecFake/train/F06_SSB08510183.wav,6
/USERSPACE/DATASETS/CodecFake/train/F06_p279_026.wav,6
/USERSPACE/DATASETS/CodecFake/train/F06_SSB10550208.wav,6
/USERSPACE/DATASETS/CodecFake/train/F06_SSB06660162.wav,6
/USERSPACE/DATASETS/CodecFake/train/F06_SSB01490242.wav,6
/USERSPACE/DATASETS/CodecFake/train/F06_p262_208.wav,6
/USERSPACE/DATASETS/CodecFake/train/F06_SSB07100494.wav,6
/USERSPACE/DATASETS/CodecFake/train/F06_p277_374.wav,6
/USERSPACE/DATASETS/CodecFake/train/F06_SSB06710009.wav,6
/USERSPACE/DATASETS/CodecFake/train/F06_p262_054.wav,6
/USERSPACE/DATASETS/CodecFake/train/F06_SSB07480242.wav,6
/USERSPACE/DATASETS/CodecFake/train/F06_SSB09870479.wav,6
/USERSPACE/DATASETS/CodecFake/train/F06_p312_297.wav,6
/USERSPACE/DATASETS/CodecFake/train/F06_SSB10560505.wav,6
/USERSPACE/DATASETS/CodecFake/train/F06_SSB01330249.wav,6
/USERSPACE/DATASETS/CodecFake/train/F06_SSB12390251.wav,6
/USERSPACE/DATASETS/CodecFake/train/F06_SSB13650024.wav,6
/USERSPACE/DATASETS/CodecFake/train/F06_SSB05340465.wav,6
/USERSPACE/DATASETS/CodecFake/train/F06_SSB17820359.wav,6
/USERSPACE/DATASETS/CodecFake/train/F06_SSB06140041.wav,6
/USERSPACE/DATASETS/CodecFake/train/F06_SSB05390066.wav,6
/USERSPACE/DATASETS/CodecFake/train/F06_p313_252.wav,6
/USERSPACE/DATASETS/CodecFake/train/F06_SSB03790110.wav,6
/USERSPACE/DATASETS/CodecFake/train/F06_p300_001.wav,6
/USERSPACE/DATASETS/CodecFake/train/F06_p345_264.wav,6
/USERSPACE/DATASETS/CodecFake/train/F06_SSB12530190.wav,6
/USERSPACE/DATASETS/CodecFake/train/F06_SSB05440315.wav,6
/USERSPACE/DATASETS/CodecFake/train/F06_SSB02000060.wav,6
/USERSPACE/DATASETS/CodecFake/train/F06_SSB03380222.wav,6
/USERSPACE/DATASETS/CodecFake/train/F06_SSB17450224.wav,6
/USERSPACE/DATASETS/CodecFake/train/F06_p248_041.wav,6
/USERSPACE/DATASETS/CodecFake/train/F06_p310_212.wav,6
/USERSPACE/DATASETS/CodecFake/train/F06_SSB19560087.wav,6
/USERSPACE/DATASETS/CodecFake/train/F06_p305_333.wav,6
/USERSPACE/DATASETS/CodecFake/train/F06_SSB07360337.wav,6
/USERSPACE/DATASETS/CodecFake/train/F06_SSB07360125.wav,6
/USERSPACE/DATASETS/CodecFake/train/F06_SSB05390035.wav,6
/USERSPACE/DATASETS/CodecFake/train/F06_p245_183.wav,6
/USERSPACE/DATASETS/CodecFake/train/F06_SSB07110258.wav,6
/USERSPACE/DATASETS/CodecFake/train/F06_SSB16240389.wav,6
/USERSPACE/DATASETS/CodecFake/train/F06_p257_179.wav,6
/USERSPACE/DATASETS/CodecFake/train/F06_SSB05940352.wav,6
/USERSPACE/DATASETS/CodecFake/train/F06_p281_102.wav,6
/USERSPACE/DATASETS/CodecFake/train/F06_SSB10550344.wav,6
/USERSPACE/DATASETS/CodecFake/train/F06_SSB00110357.wav,6
/USERSPACE/DATASETS/CodecFake/train/F06_p317_070.wav,6
/USERSPACE/DATASETS/CodecFake/train/F06_SSB16250082.wav,6
/USERSPACE/DATASETS/CodecFake/train/F06_SSB01220046.wav,6
/USERSPACE/DATASETS/CodecFake/train/F06_p279_183.wav,6
/USERSPACE/DATASETS/CodecFake/train/F06_SSB04270212.wav,6
/USERSPACE/DATASETS/CodecFake/train/F06_SSB06070240.wav,6
/USERSPACE/DATASETS/CodecFake/train/F06_p305_119.wav,6
/USERSPACE/DATASETS/CodecFake/train/F06_SSB09130240.wav,6
/USERSPACE/DATASETS/CodecFake/train/F06_SSB02460364.wav,6
/USERSPACE/DATASETS/CodecFake/train/F06_SSB00330038.wav,6
/USERSPACE/DATASETS/CodecFake/train/F06_p306_149.wav,6
/USERSPACE/DATASETS/CodecFake/train/F06_SSB11610014.wav,6
/USERSPACE/DATASETS/CodecFake/train/F06_p269_150.wav,6
/USERSPACE/DATASETS/CodecFake/train/F06_p232_188.wav,6
/USERSPACE/DATASETS/CodecFake/train/F06_SSB19390465.wav,6
/USERSPACE/DATASETS/CodecFake/train/F06_p293_218.wav,6
/USERSPACE/DATASETS/CodecFake/train/F06_p298_108.wav,6
/USERSPACE/DATASETS/CodecFake/train/F06_p261_004.wav,6
/USERSPACE/DATASETS/CodecFake/train/F06_SSB07580370.wav,6
/USERSPACE/DATASETS/CodecFake/train/F06_SSB13820277.wav,6
/USERSPACE/DATASETS/CodecFake/train/F06_SSB01120267.wav,6
/USERSPACE/DATASETS/CodecFake/train/F06_SSB06140186.wav,6
/USERSPACE/DATASETS/CodecFake/train/F06_SSB08630290.wav,6
/USERSPACE/DATASETS/CodecFake/train/F06_p326_169.wav,6
/USERSPACE/DATASETS/CodecFake/train/F06_SSB07860119.wav,6
/USERSPACE/DATASETS/CodecFake/train/F06_SSB15550173.wav,6
/USERSPACE/DATASETS/CodecFake/train/F06_p333_347.wav,6
/USERSPACE/DATASETS/CodecFake/train/F06_SSB06230128.wav,6
/USERSPACE/DATASETS/CodecFake/train/F06_p376_140.wav,6
/USERSPACE/DATASETS/CodecFake/train/F06_SSB00090378.wav,6
/USERSPACE/DATASETS/CodecFake/train/F06_SSB10910074.wav,6
/USERSPACE/DATASETS/CodecFake/train/F06_p339_261.wav,6
/USERSPACE/DATASETS/CodecFake/train/F06_p245_181.wav,6
/USERSPACE/DATASETS/CodecFake/train/F06_SSB01970351.wav,6
/USERSPACE/DATASETS/CodecFake/train/F06_p230_001.wav,6
/USERSPACE/DATASETS/CodecFake/train/F06_SSB10960430.wav,6
/USERSPACE/DATASETS/CodecFake/train/F06_p287_095.wav,6
/USERSPACE/DATASETS/CodecFake/train/F06_SSB03230211.wav,6
/USERSPACE/DATASETS/CodecFake/train/F06_SSB02990387.wav,6
/USERSPACE/DATASETS/CodecFake/train/F06_SSB13770352.wav,6
/USERSPACE/DATASETS/CodecFake/train/F06_SSB06060023.wav,6
/USERSPACE/DATASETS/CodecFake/train/F06_p314_118.wav,6
/USERSPACE/DATASETS/CodecFake/train/F06_SSB03160268.wav,6
/USERSPACE/DATASETS/CodecFake/train/F06_p278_098.wav,6
/USERSPACE/DATASETS/CodecFake/train/F06_p261_400.wav,6
/USERSPACE/DATASETS/CodecFake/train/F06_SSB05020327.wav,6
/USERSPACE/DATASETS/CodecFake/train/F06_SSB16250011.wav,6
/USERSPACE/DATASETS/CodecFake/train/F06_SSB14520222.wav,6
/USERSPACE/DATASETS/CodecFake/train/F06_SSB00570139.wav,6
/USERSPACE/DATASETS/CodecFake/train/F06_SSB16990427.wav,6
/USERSPACE/DATASETS/CodecFake/train/F06_SSB09130366.wav,6
/USERSPACE/DATASETS/CodecFake/train/F06_p283_121.wav,6
/USERSPACE/DATASETS/CodecFake/train/F06_p301_323.wav,6
/USERSPACE/DATASETS/CodecFake/train/F06_SSB05020291.wav,6
/USERSPACE/DATASETS/CodecFake/train/F06_SSB05990286.wav,6
/USERSPACE/DATASETS/CodecFake/train/F06_SSB15750295.wav,6
/USERSPACE/DATASETS/CodecFake/train/F06_SSB03390035.wav,6
/USERSPACE/DATASETS/CodecFake/train/F06_SSB14310213.wav,6
/USERSPACE/DATASETS/CodecFake/train/F06_SSB05390040.wav,6
/USERSPACE/DATASETS/CodecFake/train/F06_p283_209.wav,6
/USERSPACE/DATASETS/CodecFake/train/F06_p362_239.wav,6
/USERSPACE/DATASETS/CodecFake/train/F06_p335_183.wav,6
/USERSPACE/DATASETS/CodecFake/train/F06_SSB16070201.wav,6
/USERSPACE/DATASETS/CodecFake/train/F06_SSB16250039.wav,6
/USERSPACE/DATASETS/CodecFake/train/F06_SSB05440138.wav,6
/USERSPACE/DATASETS/CodecFake/train/F06_SSB01450417.wav,6
/USERSPACE/DATASETS/CodecFake/train/F06_SSB03660500.wav,6
/USERSPACE/DATASETS/CodecFake/train/F06_SSB07480426.wav,6
/USERSPACE/DATASETS/CodecFake/train/F06_p271_237.wav,6
/USERSPACE/DATASETS/CodecFake/train/F06_p252_348.wav,6
/USERSPACE/DATASETS/CodecFake/train/F06_SSB03150034.wav,6
/USERSPACE/DATASETS/CodecFake/train/F06_SSB05880243.wav,6
/USERSPACE/DATASETS/CodecFake/train/F06_p241_164.wav,6
/USERSPACE/DATASETS/CodecFake/train/F06_p361_353.wav,6
/USERSPACE/DATASETS/CodecFake/train/F06_SSB10910046.wav,6
/USERSPACE/DATASETS/CodecFake/train/F06_SSB06230497.wav,6
/USERSPACE/DATASETS/CodecFake/train/F06_SSB06030377.wav,6
/USERSPACE/DATASETS/CodecFake/train/F06_SSB18320091.wav,6
/USERSPACE/DATASETS/CodecFake/train/F06_p254_261.wav,6
/USERSPACE/DATASETS/CodecFake/train/F06_SSB14480101.wav,6
/USERSPACE/DATASETS/CodecFake/train/F06_SSB02990395.wav,6
/USERSPACE/DATASETS/CodecFake/train/F06_p265_151.wav,6
/USERSPACE/DATASETS/CodecFake/train/F06_p315_158.wav,6
/USERSPACE/DATASETS/CodecFake/train/F06_SSB06310439.wav,6
/USERSPACE/DATASETS/CodecFake/train/F06_p363_105.wav,6
/USERSPACE/DATASETS/CodecFake/train/F06_p334_233.wav,6
/USERSPACE/DATASETS/CodecFake/train/F06_p318_161.wav,6
/USERSPACE/DATASETS/CodecFake/train/F06_p238_169.wav,6
/USERSPACE/DATASETS/CodecFake/train/F06_SSB00330431.wav,6
/USERSPACE/DATASETS/CodecFake/train/F06_SSB13770037.wav,6
/USERSPACE/DATASETS/CodecFake/train/F06_SSB07170242.wav,6
/USERSPACE/DATASETS/CodecFake/train/F06_p225_268.wav,6
/USERSPACE/DATASETS/CodecFake/train/F06_SSB00570383.wav,6
/USERSPACE/DATASETS/CodecFake/train/F06_SSB04350228.wav,6
/USERSPACE/DATASETS/CodecFake/train/F06_p339_314.wav,6
/USERSPACE/DATASETS/CodecFake/train/F06_SSB09870269.wav,6
/USERSPACE/DATASETS/CodecFake/train/F06_p259_480.wav,6
/USERSPACE/DATASETS/CodecFake/train/F06_SSB06230156.wav,6
/USERSPACE/DATASETS/CodecFake/train/F06_p276_253.wav,6
/USERSPACE/DATASETS/CodecFake/train/F06_p312_071.wav,6
/USERSPACE/DATASETS/CodecFake/train/F06_SSB01220324.wav,6
/USERSPACE/DATASETS/CodecFake/train/F06_p341_133.wav,6
/USERSPACE/DATASETS/CodecFake/train/F06_p238_324.wav,6
/USERSPACE/DATASETS/CodecFake/train/F06_p230_008.wav,6
/USERSPACE/DATASETS/CodecFake/train/F06_SSB18630173.wav,6
/USERSPACE/DATASETS/CodecFake/train/F06_p335_055.wav,6
/USERSPACE/DATASETS/CodecFake/train/F06_p283_213.wav,6
/USERSPACE/DATASETS/CodecFake/train/F06_p271_171.wav,6
/USERSPACE/DATASETS/CodecFake/train/F06_p362_365.wav,6
/USERSPACE/DATASETS/CodecFake/train/F06_SSB07170059.wav,6
/USERSPACE/DATASETS/CodecFake/train/F06_p312_248.wav,6
/USERSPACE/DATASETS/CodecFake/train/F06_SSB13020454.wav,6
/USERSPACE/DATASETS/CodecFake/train/F06_p258_021.wav,6
/USERSPACE/DATASETS/CodecFake/train/F06_SSB04820377.wav,6
/USERSPACE/DATASETS/CodecFake/train/F06_SSB02460210.wav,6
/USERSPACE/DATASETS/CodecFake/train/F06_p292_350.wav,6
/USERSPACE/DATASETS/CodecFake/train/F06_SSB02730123.wav,6
/USERSPACE/DATASETS/CodecFake/train/F06_SSB00330204.wav,6
/USERSPACE/DATASETS/CodecFake/train/F06_SSB11100109.wav,6
/USERSPACE/DATASETS/CodecFake/train/F06_SSB04070288.wav,6
/USERSPACE/DATASETS/CodecFake/train/F06_SSB12030135.wav,6
/USERSPACE/DATASETS/CodecFake/train/F06_p308_405.wav,6
/USERSPACE/DATASETS/CodecFake/train/F06_p236_497.wav,6
/USERSPACE/DATASETS/CodecFake/train/F06_p274_278.wav,6
/USERSPACE/DATASETS/CodecFake/train/F06_SSB10010447.wav,6
/USERSPACE/DATASETS/CodecFake/train/F06_p305_058.wav,6
/USERSPACE/DATASETS/CodecFake/train/F06_p277_283.wav,6
/USERSPACE/DATASETS/CodecFake/train/F06_SSB16240205.wav,6
/USERSPACE/DATASETS/CodecFake/train/F06_SSB04350325.wav,6
/USERSPACE/DATASETS/CodecFake/train/F06_SSB02460433.wav,6
/USERSPACE/DATASETS/CodecFake/train/F06_p302_076.wav,6
/USERSPACE/DATASETS/CodecFake/train/F06_SSB13660028.wav,6
/USERSPACE/DATASETS/CodecFake/train/F06_p300_307.wav,6
/USERSPACE/DATASETS/CodecFake/train/F06_SSB06230121.wav,6
/USERSPACE/DATASETS/CodecFake/train/F06_SSB02880155.wav,6
/USERSPACE/DATASETS/CodecFake/train/F06_SSB06680005.wav,6
/USERSPACE/DATASETS/CodecFake/train/F06_SSB03160292.wav,6
/USERSPACE/DATASETS/CodecFake/train/F06_SSB03090263.wav,6
/USERSPACE/DATASETS/CodecFake/train/F06_SSB06090045.wav,6
/USERSPACE/DATASETS/CodecFake/train/F06_SSB19390112.wav,6
/USERSPACE/DATASETS/CodecFake/train/F06_SSB18370345.wav,6
/USERSPACE/DATASETS/CodecFake/train/F06_p280_316.wav,6
/USERSPACE/DATASETS/CodecFake/train/F06_SSB13820185.wav,6
/USERSPACE/DATASETS/CodecFake/train/F06_SSB03800113.wav,6
/USERSPACE/DATASETS/CodecFake/train/F06_p267_003.wav,6
/USERSPACE/DATASETS/CodecFake/train/F06_SSB06060012.wav,6
/USERSPACE/DATASETS/CodecFake/train/F06_p333_110.wav,6
/USERSPACE/DATASETS/CodecFake/train/F06_p237_170.wav,6
/USERSPACE/DATASETS/CodecFake/train/F06_SSB01330005.wav,6
/USERSPACE/DATASETS/CodecFake/train/F06_SSB05390357.wav,6
/USERSPACE/DATASETS/CodecFake/train/F06_SSB10960113.wav,6
/USERSPACE/DATASETS/CodecFake/train/F06_SSB09190132.wav,6
/USERSPACE/DATASETS/CodecFake/train/F06_p305_301.wav,6
/USERSPACE/DATASETS/CodecFake/train/F06_p345_085.wav,6
/USERSPACE/DATASETS/CodecFake/train/F06_p351_377.wav,6
/USERSPACE/DATASETS/CodecFake/train/F06_p336_162.wav,6
/USERSPACE/DATASETS/CodecFake/train/F06_p335_407.wav,6
/USERSPACE/DATASETS/CodecFake/train/F06_SSB06320224.wav,6
/USERSPACE/DATASETS/CodecFake/train/F06_p244_244.wav,6
/USERSPACE/DATASETS/CodecFake/train/F06_SSB10240409.wav,6
/USERSPACE/DATASETS/CodecFake/train/F06_SSB03820106.wav,6
/USERSPACE/DATASETS/CodecFake/train/F06_p311_171.wav,6
/USERSPACE/DATASETS/CodecFake/train/F06_p250_210.wav,6
/USERSPACE/DATASETS/CodecFake/train/F06_p313_184.wav,6
/USERSPACE/DATASETS/CodecFake/train/F06_SSB08630185.wav,6
/USERSPACE/DATASETS/CodecFake/train/F06_SSB00380122.wav,6
/USERSPACE/DATASETS/CodecFake/train/F06_SSB01490370.wav,6
/USERSPACE/DATASETS/CodecFake/train/F06_p347_116.wav,6
/USERSPACE/DATASETS/CodecFake/train/F06_SSB15930359.wav,6
/USERSPACE/DATASETS/CodecFake/train/F06_p280_094.wav,6
/USERSPACE/DATASETS/CodecFake/train/F06_SSB10720266.wav,6
/USERSPACE/DATASETS/CodecFake/train/F06_p299_371.wav,6
/USERSPACE/DATASETS/CodecFake/train/F06_p339_045.wav,6
/USERSPACE/DATASETS/CodecFake/train/F06_SSB13660106.wav,6
/USERSPACE/DATASETS/CodecFake/train/F06_SSB03150160.wav,6
/USERSPACE/DATASETS/CodecFake/train/F06_SSB06710300.wav,6
/USERSPACE/DATASETS/CodecFake/train/F06_SSB10200033.wav,6
/USERSPACE/DATASETS/CodecFake/train/F06_SSB07100004.wav,6
/USERSPACE/DATASETS/CodecFake/train/F06_SSB03410281.wav,6
/USERSPACE/DATASETS/CodecFake/train/F06_SSB12180287.wav,6
/USERSPACE/DATASETS/CodecFake/train/F06_SSB18060137.wav,6
/USERSPACE/DATASETS/CodecFake/train/F06_p314_327.wav,6
/USERSPACE/DATASETS/CodecFake/train/F06_SSB07780299.wav,6
/USERSPACE/DATASETS/CodecFake/train/F06_SSB04340419.wav,6
/USERSPACE/DATASETS/CodecFake/train/F06_p299_217.wav,6
/USERSPACE/DATASETS/CodecFake/train/F06_SSB07510148.wav,6
/USERSPACE/DATASETS/CodecFake/train/F06_SSB11360034.wav,6
/USERSPACE/DATASETS/CodecFake/train/F06_p314_200.wav,6
/USERSPACE/DATASETS/CodecFake/train/F06_p298_334.wav,6
/USERSPACE/DATASETS/CodecFake/train/F06_p345_017.wav,6
/USERSPACE/DATASETS/CodecFake/train/F06_p230_335.wav,6
/USERSPACE/DATASETS/CodecFake/train/F06_p286_252.wav,6
/USERSPACE/DATASETS/CodecFake/train/F06_SSB03750375.wav,6
/USERSPACE/DATASETS/CodecFake/train/F06_SSB05650023.wav,6
/USERSPACE/DATASETS/CodecFake/train/F06_SSB16500004.wav,6
/USERSPACE/DATASETS/CodecFake/train/F06_SSB00120060.wav,6
/USERSPACE/DATASETS/CodecFake/train/F06_p340_289.wav,6
/USERSPACE/DATASETS/CodecFake/train/F06_SSB11350428.wav,6
/USERSPACE/DATASETS/CodecFake/train/F06_SSB05780033.wav,6
/USERSPACE/DATASETS/CodecFake/train/F06_SSB07600318.wav,6
/USERSPACE/DATASETS/CodecFake/train/F06_SSB07370436.wav,6
/USERSPACE/DATASETS/CodecFake/train/F06_SSB08090360.wav,6
/USERSPACE/DATASETS/CodecFake/train/F06_p266_115.wav,6
/USERSPACE/DATASETS/CodecFake/train/F06_SSB07360018.wav,6
/USERSPACE/DATASETS/CodecFake/train/F06_SSB16990329.wav,6
/USERSPACE/DATASETS/CodecFake/train/F06_SSB07360030.wav,6
/USERSPACE/DATASETS/CodecFake/train/F06_SSB03540136.wav,6
/USERSPACE/DATASETS/CodecFake/train/F06_SSB10080230.wav,6
/USERSPACE/DATASETS/CodecFake/train/F06_SSB19020473.wav,6
/USERSPACE/DATASETS/CodecFake/train/F06_SSB07200353.wav,6
/USERSPACE/DATASETS/CodecFake/train/F06_SSB03540304.wav,6
/USERSPACE/DATASETS/CodecFake/train/F06_SSB03150228.wav,6
/USERSPACE/DATASETS/CodecFake/train/F06_SSB04700436.wav,6
/USERSPACE/DATASETS/CodecFake/train/F06_SSB02870124.wav,6
/USERSPACE/DATASETS/CodecFake/train/F06_SSB19560425.wav,6
/USERSPACE/DATASETS/CodecFake/train/F06_SSB17110286.wav,6
/USERSPACE/DATASETS/CodecFake/train/F06_SSB02870017.wav,6
/USERSPACE/DATASETS/CodecFake/train/F06_SSB11610089.wav,6
/USERSPACE/DATASETS/CodecFake/train/F06_SSB18910261.wav,6
/USERSPACE/DATASETS/CodecFake/train/F06_SSB06090225.wav,6
/USERSPACE/DATASETS/CodecFake/train/F06_p285_173.wav,6
/USERSPACE/DATASETS/CodecFake/train/F06_SSB12190142.wav,6
/USERSPACE/DATASETS/CodecFake/train/F06_SSB15670207.wav,6
/USERSPACE/DATASETS/CodecFake/train/F06_p360_191.wav,6
/USERSPACE/DATASETS/CodecFake/train/F06_SSB07360503.wav,6
/USERSPACE/DATASETS/CodecFake/train/F06_p232_202.wav,6
/USERSPACE/DATASETS/CodecFake/train/F06_p326_090.wav,6
/USERSPACE/DATASETS/CodecFake/train/F06_SSB13410309.wav,6
/USERSPACE/DATASETS/CodecFake/train/F06_SSB03070131.wav,6
/USERSPACE/DATASETS/CodecFake/train/F06_SSB09660491.wav,6
/USERSPACE/DATASETS/CodecFake/train/F06_p267_182.wav,6
/USERSPACE/DATASETS/CodecFake/train/F06_SSB03540241.wav,6
/USERSPACE/DATASETS/CodecFake/train/F06_SSB00430494.wav,6
/USERSPACE/DATASETS/CodecFake/train/F06_SSB05350346.wav,6
/USERSPACE/DATASETS/CodecFake/train/F06_SSB11250494.wav,6
/USERSPACE/DATASETS/CodecFake/train/F06_SSB07460021.wav,6
/USERSPACE/DATASETS/CodecFake/train/F06_SSB13660076.wav,6
/USERSPACE/DATASETS/CodecFake/train/F06_SSB16250256.wav,6
/USERSPACE/DATASETS/CodecFake/train/F06_p363_143.wav,6
/USERSPACE/DATASETS/CodecFake/train/F06_p294_228.wav,6
/USERSPACE/DATASETS/CodecFake/train/F06_p360_356.wav,6
/USERSPACE/DATASETS/CodecFake/train/F06_SSB08710147.wav,6
/USERSPACE/DATASETS/CodecFake/train/F06_SSB01970332.wav,6
/USERSPACE/DATASETS/CodecFake/train/F06_SSB12150331.wav,6
/USERSPACE/DATASETS/CodecFake/train/F06_p317_253.wav,6
/USERSPACE/DATASETS/CodecFake/train/F06_p276_244.wav,6
/USERSPACE/DATASETS/CodecFake/train/F06_SSB07860003.wav,6
/USERSPACE/DATASETS/CodecFake/train/F06_SSB09660033.wav,6
/USERSPACE/DATASETS/CodecFake/train/F06_SSB02460307.wav,6
/USERSPACE/DATASETS/CodecFake/train/F06_p279_064.wav,6
/USERSPACE/DATASETS/CodecFake/train/F06_SSB02870025.wav,6
/USERSPACE/DATASETS/CodecFake/train/F06_SSB07580154.wav,6
/USERSPACE/DATASETS/CodecFake/train/F06_SSB02410041.wav,6
/USERSPACE/DATASETS/CodecFake/train/F06_SSB00800261.wav,6
/USERSPACE/DATASETS/CodecFake/train/F06_SSB18910281.wav,6
/USERSPACE/DATASETS/CodecFake/train/F06_SSB10910161.wav,6
/USERSPACE/DATASETS/CodecFake/train/F06_SSB13920281.wav,6
/USERSPACE/DATASETS/CodecFake/train/F06_SSB09350278.wav,6
/USERSPACE/DATASETS/CodecFake/train/F06_SSB02000368.wav,6
/USERSPACE/DATASETS/CodecFake/train/F06_SSB13200419.wav,6
/USERSPACE/DATASETS/CodecFake/train/F06_p255_169.wav,6
/USERSPACE/DATASETS/CodecFake/train/F06_SSB06860377.wav,6
/USERSPACE/DATASETS/CodecFake/train/F06_SSB05700099.wav,6
/USERSPACE/DATASETS/CodecFake/train/F06_p311_168.wav,6
/USERSPACE/DATASETS/CodecFake/train/F06_SSB14310381.wav,6
/USERSPACE/DATASETS/CodecFake/train/F06_p250_276.wav,6
/USERSPACE/DATASETS/CodecFake/train/F06_p247_038.wav,6
/USERSPACE/DATASETS/CodecFake/train/F06_p299_403.wav,6
/USERSPACE/DATASETS/CodecFake/train/F06_p374_124.wav,6
/USERSPACE/DATASETS/CodecFake/train/F06_SSB07940046.wav,6
/USERSPACE/DATASETS/CodecFake/train/F06_SSB07200201.wav,6
/USERSPACE/DATASETS/CodecFake/train/F06_SSB19350462.wav,6
/USERSPACE/DATASETS/CodecFake/train/F06_SSB02000268.wav,6
/USERSPACE/DATASETS/CodecFake/train/F06_p345_082.wav,6
/USERSPACE/DATASETS/CodecFake/train/F06_SSB10080314.wav,6
/USERSPACE/DATASETS/CodecFake/train/F06_p297_198.wav,6
/USERSPACE/DATASETS/CodecFake/train/F06_p376_116.wav,6
/USERSPACE/DATASETS/CodecFake/train/F06_SSB09970165.wav,6
/USERSPACE/DATASETS/CodecFake/train/F06_p277_315.wav,6
/USERSPACE/DATASETS/CodecFake/train/F06_p330_062.wav,6
/USERSPACE/DATASETS/CodecFake/train/F06_SSB01120084.wav,6
/USERSPACE/DATASETS/CodecFake/train/F06_SSB06140470.wav,6
/USERSPACE/DATASETS/CodecFake/train/F06_p276_084.wav,6
/USERSPACE/DATASETS/CodecFake/train/F06_SSB16700443.wav,6
/USERSPACE/DATASETS/CodecFake/train/F06_p326_209.wav,6
/USERSPACE/DATASETS/CodecFake/train/F06_SSB14310014.wav,6
/USERSPACE/DATASETS/CodecFake/train/F06_SSB00050448.wav,6
/USERSPACE/DATASETS/CodecFake/train/F06_p267_400.wav,6
/USERSPACE/DATASETS/CodecFake/train/F06_SSB03070090.wav,6
/USERSPACE/DATASETS/CodecFake/train/F06_SSB06310139.wav,6
/USERSPACE/DATASETS/CodecFake/train/F06_SSB04150058.wav,6
/USERSPACE/DATASETS/CodecFake/train/F06_SSB08220084.wav,6
/USERSPACE/DATASETS/CodecFake/train/F06_p248_143.wav,6
/USERSPACE/DATASETS/CodecFake/train/F06_SSB19560339.wav,6
/USERSPACE/DATASETS/CodecFake/train/F06_p272_240.wav,6
/USERSPACE/DATASETS/CodecFake/train/F06_p317_092.wav,6
/USERSPACE/DATASETS/CodecFake/train/F06_SSB14080369.wav,6
/USERSPACE/DATASETS/CodecFake/train/F06_SSB02000086.wav,6
/USERSPACE/DATASETS/CodecFake/train/F06_SSB02610456.wav,6
/USERSPACE/DATASETS/CodecFake/train/F06_p312_393.wav,6
/USERSPACE/DATASETS/CodecFake/train/F06_p281_332.wav,6
/USERSPACE/DATASETS/CodecFake/train/F06_SSB13200050.wav,6
/USERSPACE/DATASETS/CodecFake/train/F06_p264_237.wav,6
/USERSPACE/DATASETS/CodecFake/train/F06_p341_382.wav,6
/USERSPACE/DATASETS/CodecFake/train/F06_SSB13990281.wav,6
/USERSPACE/DATASETS/CodecFake/train/F06_SSB01390085.wav,6
/USERSPACE/DATASETS/CodecFake/train/F06_p251_085.wav,6
/USERSPACE/DATASETS/CodecFake/train/F06_SSB18630174.wav,6
/USERSPACE/DATASETS/CodecFake/train/F06_SSB06860383.wav,6
/USERSPACE/DATASETS/CodecFake/train/F06_SSB11000397.wav,6
/USERSPACE/DATASETS/CodecFake/train/F06_p313_305.wav,6
/USERSPACE/DATASETS/CodecFake/train/F06_SSB09870254.wav,6
/USERSPACE/DATASETS/CodecFake/train/F06_SSB01120324.wav,6
/USERSPACE/DATASETS/CodecFake/train/F06_p351_001.wav,6
/USERSPACE/DATASETS/CodecFake/train/F06_p228_111.wav,6
/USERSPACE/DATASETS/CodecFake/train/F06_p259_410.wav,6
/USERSPACE/DATASETS/CodecFake/train/F06_SSB16700320.wav,6
/USERSPACE/DATASETS/CodecFake/train/F06_p276_172.wav,6
/USERSPACE/DATASETS/CodecFake/train/F06_SSB03790446.wav,6
/USERSPACE/DATASETS/CodecFake/train/F06_p374_131.wav,6
/USERSPACE/DATASETS/CodecFake/train/F06_SSB05900298.wav,6
/USERSPACE/DATASETS/CodecFake/train/F06_p273_329.wav,6
/USERSPACE/DATASETS/CodecFake/train/F06_p274_219.wav,6
/USERSPACE/DATASETS/CodecFake/train/F06_SSB15670276.wav,6
/USERSPACE/DATASETS/CodecFake/train/F06_SSB07620134.wav,6
/USERSPACE/DATASETS/CodecFake/train/F06_p323_103.wav,6
/USERSPACE/DATASETS/CodecFake/train/F06_p294_229.wav,6
/USERSPACE/DATASETS/CodecFake/train/F06_p247_301.wav,6
/USERSPACE/DATASETS/CodecFake/train/F06_SSB06290194.wav,6
/USERSPACE/DATASETS/CodecFake/train/F06_p240_221.wav,6
/USERSPACE/DATASETS/CodecFake/train/F06_SSB19350398.wav,6
/USERSPACE/DATASETS/CodecFake/train/F06_p251_278.wav,6
/USERSPACE/DATASETS/CodecFake/train/F06_p254_248.wav,6
/USERSPACE/DATASETS/CodecFake/train/F06_SSB03230049.wav,6
/USERSPACE/DATASETS/CodecFake/train/F06_SSB11100149.wav,6
/USERSPACE/DATASETS/CodecFake/train/F06_p282_224.wav,6
/USERSPACE/DATASETS/CodecFake/train/F06_SSB13400244.wav,6
/USERSPACE/DATASETS/CodecFake/train/F06_SSB13820089.wav,6
/USERSPACE/DATASETS/CodecFake/train/F06_SSB07200444.wav,6
/USERSPACE/DATASETS/CodecFake/train/F06_SSB13400219.wav,6
/USERSPACE/DATASETS/CodecFake/train/F06_p304_171.wav,6
/USERSPACE/DATASETS/CodecFake/train/F06_p316_422.wav,6
/USERSPACE/DATASETS/CodecFake/train/F06_SSB03850154.wav,6
/USERSPACE/DATASETS/CodecFake/train/F06_SSB17450276.wav,6
/USERSPACE/DATASETS/CodecFake/train/F06_SSB12160278.wav,6
/USERSPACE/DATASETS/CodecFake/train/F06_p261_135.wav,6
/USERSPACE/DATASETS/CodecFake/train/F06_SSB01930390.wav,6
/USERSPACE/DATASETS/CodecFake/train/F06_SSB02990333.wav,6
/USERSPACE/DATASETS/CodecFake/train/F06_SSB17390019.wav,6
/USERSPACE/DATASETS/CodecFake/train/F06_SSB02670010.wav,6
/USERSPACE/DATASETS/CodecFake/train/F06_SSB00330337.wav,6
/USERSPACE/DATASETS/CodecFake/train/F06_p339_076.wav,6
/USERSPACE/DATASETS/CodecFake/train/F06_SSB00730319.wav,6
/USERSPACE/DATASETS/CodecFake/train/F06_SSB17280488.wav,6
/USERSPACE/DATASETS/CodecFake/train/F06_SSB06860347.wav,6
/USERSPACE/DATASETS/CodecFake/train/F06_SSB09970183.wav,6
/USERSPACE/DATASETS/CodecFake/train/F06_SSB07620364.wav,6
/USERSPACE/DATASETS/CodecFake/train/F06_SSB10010341.wav,6
/USERSPACE/DATASETS/CodecFake/train/F06_SSB18320340.wav,6
/USERSPACE/DATASETS/CodecFake/train/F06_SSB02990332.wav,6
/USERSPACE/DATASETS/CodecFake/train/F06_SSB06710365.wav,6
/USERSPACE/DATASETS/CodecFake/train/F06_p271_080.wav,6
/USERSPACE/DATASETS/CodecFake/train/F06_SSB15850120.wav,6
/USERSPACE/DATASETS/CodecFake/train/F06_p226_237.wav,6
/USERSPACE/DATASETS/CodecFake/train/F06_SSB05650354.wav,6
/USERSPACE/DATASETS/CodecFake/train/F06_SSB18370124.wav,6
/USERSPACE/DATASETS/CodecFake/train/F06_SSB07170001.wav,6
/USERSPACE/DATASETS/CodecFake/train/F06_p231_110.wav,6
/USERSPACE/DATASETS/CodecFake/train/F06_SSB02670161.wav,6
/USERSPACE/DATASETS/CodecFake/train/F06_SSB05390351.wav,6
/USERSPACE/DATASETS/CodecFake/train/F06_p237_218.wav,6
/USERSPACE/DATASETS/CodecFake/train/F06_SSB11870466.wav,6
/USERSPACE/DATASETS/CodecFake/train/F06_SSB18370038.wav,6
/USERSPACE/DATASETS/CodecFake/train/F06_p232_369.wav,6
/USERSPACE/DATASETS/CodecFake/train/F06_p265_223.wav,6
/USERSPACE/DATASETS/CodecFake/train/F06_SSB02880235.wav,6
/USERSPACE/DATASETS/CodecFake/train/F06_SSB01450428.wav,6
/USERSPACE/DATASETS/CodecFake/train/F06_SSB06010238.wav,6
/USERSPACE/DATASETS/CodecFake/train/F06_SSB04350326.wav,6
/USERSPACE/DATASETS/CodecFake/train/F06_SSB01330373.wav,6
/USERSPACE/DATASETS/CodecFake/train/F06_SSB07020071.wav,6
/USERSPACE/DATASETS/CodecFake/train/F06_SSB07160058.wav,6
/USERSPACE/DATASETS/CodecFake/train/F06_p233_210.wav,6
/USERSPACE/DATASETS/CodecFake/train/F06_p252_220.wav,6
/USERSPACE/DATASETS/CodecFake/train/F06_SSB07460078.wav,6
/USERSPACE/DATASETS/CodecFake/train/F06_p301_132.wav,6
/USERSPACE/DATASETS/CodecFake/train/F06_SSB06030456.wav,6
/USERSPACE/DATASETS/CodecFake/train/F06_SSB03160296.wav,6
/USERSPACE/DATASETS/CodecFake/train/F06_p330_178.wav,6
/USERSPACE/DATASETS/CodecFake/train/F06_SSB00800364.wav,6
/USERSPACE/DATASETS/CodecFake/train/F06_p351_320.wav,6
/USERSPACE/DATASETS/CodecFake/train/F06_p275_142.wav,6
/USERSPACE/DATASETS/CodecFake/train/F06_SSB00090224.wav,6
/USERSPACE/DATASETS/CodecFake/train/F06_SSB01120098.wav,6
/USERSPACE/DATASETS/CodecFake/train/F06_SSB12160117.wav,6
/USERSPACE/DATASETS/CodecFake/train/F06_p230_258.wav,6
/USERSPACE/DATASETS/CodecFake/train/F06_p294_079.wav,6
/USERSPACE/DATASETS/CodecFake/train/F06_p305_072.wav,6
/USERSPACE/DATASETS/CodecFake/train/F06_SSB03420275.wav,6
/USERSPACE/DATASETS/CodecFake/train/F06_SSB06230424.wav,6
/USERSPACE/DATASETS/CodecFake/train/F06_p341_394.wav,6
/USERSPACE/DATASETS/CodecFake/train/F06_p288_360.wav,6
/USERSPACE/DATASETS/CodecFake/train/F06_SSB13280478.wav,6
/USERSPACE/DATASETS/CodecFake/train/F06_p264_118.wav,6
/USERSPACE/DATASETS/CodecFake/train/F06_SSB06930074.wav,6
/USERSPACE/DATASETS/CodecFake/train/F06_p282_207.wav,6
/USERSPACE/DATASETS/CodecFake/train/F06_SSB11310213.wav,6
/USERSPACE/DATASETS/CodecFake/train/F06_p245_309.wav,6
/USERSPACE/DATASETS/CodecFake/train/F06_SSB03390141.wav,6
/USERSPACE/DATASETS/CodecFake/train/F06_SSB00570203.wav,6
/USERSPACE/DATASETS/CodecFake/train/F06_p241_045.wav,6
/USERSPACE/DATASETS/CodecFake/train/F06_SSB06860254.wav,6
/USERSPACE/DATASETS/CodecFake/train/F06_SSB00180270.wav,6
/USERSPACE/DATASETS/CodecFake/train/F06_p273_079.wav,6
/USERSPACE/DATASETS/CodecFake/train/F06_SSB07510193.wav,6
/USERSPACE/DATASETS/CodecFake/train/F06_SSB15670292.wav,6
/USERSPACE/DATASETS/CodecFake/train/F06_SSB12390266.wav,6
/USERSPACE/DATASETS/CodecFake/train/F06_SSB03660399.wav,6
/USERSPACE/DATASETS/CodecFake/train/F06_SSB01490234.wav,6
/USERSPACE/DATASETS/CodecFake/train/F06_SSB00180507.wav,6
/USERSPACE/DATASETS/CodecFake/train/F06_SSB01450091.wav,6
/USERSPACE/DATASETS/CodecFake/train/F06_p230_259.wav,6
/USERSPACE/DATASETS/CodecFake/train/F06_SSB12030082.wav,6
/USERSPACE/DATASETS/CodecFake/train/F06_SSB03410403.wav,6
/USERSPACE/DATASETS/CodecFake/train/F06_p314_164.wav,6
/USERSPACE/DATASETS/CodecFake/train/F06_p293_365.wav,6
/USERSPACE/DATASETS/CodecFake/train/F06_p226_231.wav,6
/USERSPACE/DATASETS/CodecFake/train/F06_SSB13770005.wav,6
/USERSPACE/DATASETS/CodecFake/train/F06_p248_216.wav,6
/USERSPACE/DATASETS/CodecFake/train/F06_SSB07940055.wav,6
/USERSPACE/DATASETS/CodecFake/train/F06_SSB13770353.wav,6
/USERSPACE/DATASETS/CodecFake/train/F06_p277_265.wav,6
/USERSPACE/DATASETS/CodecFake/train/F06_p284_047.wav,6
/USERSPACE/DATASETS/CodecFake/train/F06_SSB19350389.wav,6
/USERSPACE/DATASETS/CodecFake/train/F06_p351_212.wav,6
/USERSPACE/DATASETS/CodecFake/train/F06_SSB19350077.wav,6
/USERSPACE/DATASETS/CodecFake/train/F06_SSB08630064.wav,6
/USERSPACE/DATASETS/CodecFake/train/F06_p280_258.wav,6
/USERSPACE/DATASETS/CodecFake/train/F06_p329_172.wav,6
/USERSPACE/DATASETS/CodecFake/train/F06_SSB07170482.wav,6
/USERSPACE/DATASETS/CodecFake/train/F06_p362_092.wav,6
/USERSPACE/DATASETS/CodecFake/train/F06_SSB00090473.wav,6
/USERSPACE/DATASETS/CodecFake/train/F06_SSB15670145.wav,6
/USERSPACE/DATASETS/CodecFake/train/F06_p273_054.wav,6
/USERSPACE/DATASETS/CodecFake/train/F06_p336_261.wav,6
/USERSPACE/DATASETS/CodecFake/train/F06_SSB07510102.wav,6
/USERSPACE/DATASETS/CodecFake/train/F06_SSB05780013.wav,6
/USERSPACE/DATASETS/CodecFake/train/F06_SSB09350386.wav,6
/USERSPACE/DATASETS/CodecFake/train/F06_SSB03800470.wav,6
/USERSPACE/DATASETS/CodecFake/train/F06_p227_149.wav,6
/USERSPACE/DATASETS/CodecFake/train/F06_p257_400.wav,6
/USERSPACE/DATASETS/CodecFake/train/F06_SSB09350289.wav,6
/USERSPACE/DATASETS/CodecFake/train/F06_p241_092.wav,6
/USERSPACE/DATASETS/CodecFake/train/F06_SSB16240392.wav,6
/USERSPACE/DATASETS/CodecFake/train/F06_SSB03940299.wav,6
/USERSPACE/DATASETS/CodecFake/train/F06_SSB18780249.wav,6
/USERSPACE/DATASETS/CodecFake/train/F06_p364_126.wav,6
/USERSPACE/DATASETS/CodecFake/train/F06_SSB06060151.wav,6
/USERSPACE/DATASETS/CodecFake/train/F06_SSB03930058.wav,6
/USERSPACE/DATASETS/CodecFake/train/F06_SSB08510245.wav,6
/USERSPACE/DATASETS/CodecFake/train/F06_SSB01390120.wav,6
/USERSPACE/DATASETS/CodecFake/train/F06_SSB02730291.wav,6
/USERSPACE/DATASETS/CodecFake/train/F06_SSB17450258.wav,6
/USERSPACE/DATASETS/CodecFake/train/F06_SSB13650014.wav,6
/USERSPACE/DATASETS/CodecFake/train/F06_p340_323.wav,6
/USERSPACE/DATASETS/CodecFake/train/F06_SSB11080081.wav,6
/USERSPACE/DATASETS/CodecFake/train/F06_SSB12180040.wav,6
/USERSPACE/DATASETS/CodecFake/train/F06_SSB01490051.wav,6
/USERSPACE/DATASETS/CodecFake/train/F06_SSB18060023.wav,6
/USERSPACE/DATASETS/CodecFake/train/F06_p333_126.wav,6
/USERSPACE/DATASETS/CodecFake/train/F06_p317_207.wav,6
/USERSPACE/DATASETS/CodecFake/train/F06_SSB12160238.wav,6
/USERSPACE/DATASETS/CodecFake/train/F06_SSB16240354.wav,6
/USERSPACE/DATASETS/CodecFake/train/F06_p295_400.wav,6
/USERSPACE/DATASETS/CodecFake/train/F06_p227_128.wav,6
/USERSPACE/DATASETS/CodecFake/train/F06_SSB12210350.wav,6
/USERSPACE/DATASETS/CodecFake/train/F06_p287_271.wav,6
/USERSPACE/DATASETS/CodecFake/train/F06_p260_012.wav,6
/USERSPACE/DATASETS/CodecFake/train/F06_p250_402.wav,6
/USERSPACE/DATASETS/CodecFake/train/F06_p247_427.wav,6
/USERSPACE/DATASETS/CodecFake/train/F06_SSB08090335.wav,6
/USERSPACE/DATASETS/CodecFake/train/F06_p318_365.wav,6
/USERSPACE/DATASETS/CodecFake/train/F06_SSB19390309.wav,6
/USERSPACE/DATASETS/CodecFake/train/F06_p303_205.wav,6
/USERSPACE/DATASETS/CodecFake/train/F06_p302_300.wav,6
/USERSPACE/DATASETS/CodecFake/train/F06_SSB17590465.wav,6
/USERSPACE/DATASETS/CodecFake/train/F06_SSB00180003.wav,6
/USERSPACE/DATASETS/CodecFake/train/F06_SSB00330232.wav,6
/USERSPACE/DATASETS/CodecFake/train/F06_SSB11250236.wav,6
/USERSPACE/DATASETS/CodecFake/train/F06_SSB19020299.wav,6
/USERSPACE/DATASETS/CodecFake/train/F06_p288_331.wav,6
/USERSPACE/DATASETS/CodecFake/train/F06_SSB05880367.wav,6
/USERSPACE/DATASETS/CodecFake/train/F06_p269_087.wav,6
/USERSPACE/DATASETS/CodecFake/train/F06_p295_168.wav,6
/USERSPACE/DATASETS/CodecFake/train/F06_SSB10910335.wav,6
/USERSPACE/DATASETS/CodecFake/train/F06_p302_031.wav,6
/USERSPACE/DATASETS/CodecFake/train/F06_p302_258.wav,6
/USERSPACE/DATASETS/CodecFake/train/F06_SSB07460250.wav,6
/USERSPACE/DATASETS/CodecFake/train/F06_SSB18460253.wav,6
/USERSPACE/DATASETS/CodecFake/train/F06_SSB00730360.wav,6
/USERSPACE/DATASETS/CodecFake/train/F06_p347_265.wav,6
/USERSPACE/DATASETS/CodecFake/train/F06_SSB02730083.wav,6
/USERSPACE/DATASETS/CodecFake/train/F06_SSB03930261.wav,6
/USERSPACE/DATASETS/CodecFake/train/F06_SSB07860339.wav,6
/USERSPACE/DATASETS/CodecFake/train/F06_SSB03850038.wav,6
/USERSPACE/DATASETS/CodecFake/train/F06_SSB11100038.wav,6
/USERSPACE/DATASETS/CodecFake/train/F06_SSB06090143.wav,6
/USERSPACE/DATASETS/CodecFake/train/F06_SSB08510345.wav,6
/USERSPACE/DATASETS/CodecFake/train/F06_p283_401.wav,6
/USERSPACE/DATASETS/CodecFake/train/F06_SSB11260416.wav,6
/USERSPACE/DATASETS/CodecFake/train/F06_p310_240.wav,6
/USERSPACE/DATASETS/CodecFake/train/F06_SSB13020210.wav,6
/USERSPACE/DATASETS/CodecFake/train/F06_SSB06030303.wav,6
/USERSPACE/DATASETS/CodecFake/train/F06_p265_347.wav,6
/USERSPACE/DATASETS/CodecFake/train/F06_SSB19560407.wav,6
/USERSPACE/DATASETS/CodecFake/train/F06_SSB01970437.wav,6
/USERSPACE/DATASETS/CodecFake/train/F06_SSB05650292.wav,6
/USERSPACE/DATASETS/CodecFake/train/F06_SSB03380110.wav,6
/USERSPACE/DATASETS/CodecFake/train/F06_SSB00570332.wav,6
/USERSPACE/DATASETS/CodecFake/train/F06_SSB07360108.wav,6
/USERSPACE/DATASETS/CodecFake/train/F06_SSB07020141.wav,6
/USERSPACE/DATASETS/CodecFake/train/F06_SSB13820094.wav,6
/USERSPACE/DATASETS/CodecFake/train/F06_p250_163.wav,6
/USERSPACE/DATASETS/CodecFake/train/F06_SSB02670385.wav,6
/USERSPACE/DATASETS/CodecFake/train/F06_SSB06660458.wav,6
/USERSPACE/DATASETS/CodecFake/train/F06_SSB10960126.wav,6
/USERSPACE/DATASETS/CodecFake/train/F06_SSB03660478.wav,6
/USERSPACE/DATASETS/CodecFake/train/F06_SSB11760136.wav,6
/USERSPACE/DATASETS/CodecFake/train/F06_SSB00570038.wav,6
/USERSPACE/DATASETS/CodecFake/train/F06_SSB06230384.wav,6
/USERSPACE/DATASETS/CodecFake/train/F06_SSB18370221.wav,6
/USERSPACE/DATASETS/CodecFake/train/F06_SSB06660340.wav,6
/USERSPACE/DATASETS/CodecFake/train/F06_SSB09970461.wav,6
/USERSPACE/DATASETS/CodecFake/train/F06_SSB02610041.wav,6
/USERSPACE/DATASETS/CodecFake/train/F06_SSB18630228.wav,6
/USERSPACE/DATASETS/CodecFake/train/F06_SSB07510017.wav,6
/USERSPACE/DATASETS/CodecFake/train/F06_SSB03940457.wav,6
/USERSPACE/DATASETS/CodecFake/train/F06_p256_304.wav,6
/USERSPACE/DATASETS/CodecFake/train/F06_p273_344.wav,6
/USERSPACE/DATASETS/CodecFake/train/F06_SSB06230461.wav,6
/USERSPACE/DATASETS/CodecFake/train/F06_p362_309.wav,6
/USERSPACE/DATASETS/CodecFake/train/F06_SSB00380116.wav,6
/USERSPACE/DATASETS/CodecFake/train/F06_SSB13410292.wav,6
/USERSPACE/DATASETS/CodecFake/train/F06_SSB11080162.wav,6
/USERSPACE/DATASETS/CodecFake/train/F06_SSB07020377.wav,6
/USERSPACE/DATASETS/CodecFake/train/F06_SSB17450347.wav,6
/USERSPACE/DATASETS/CodecFake/train/F06_p271_192.wav,6
/USERSPACE/DATASETS/CodecFake/train/F06_p294_019.wav,6
/USERSPACE/DATASETS/CodecFake/train/F06_SSB00120025.wav,6
/USERSPACE/DATASETS/CodecFake/train/F06_SSB16990214.wav,6
/USERSPACE/DATASETS/CodecFake/train/F06_p284_391.wav,6
/USERSPACE/DATASETS/CodecFake/train/F06_SSB10550387.wav,6
/USERSPACE/DATASETS/CodecFake/train/F06_p339_143.wav,6
/USERSPACE/DATASETS/CodecFake/train/F06_SSB00120070.wav,6
/USERSPACE/DATASETS/CodecFake/train/F06_SSB09130034.wav,6
/USERSPACE/DATASETS/CodecFake/train/F06_SSB11310030.wav,6
/USERSPACE/DATASETS/CodecFake/train/F06_SSB00570222.wav,6
/USERSPACE/DATASETS/CodecFake/train/F06_SSB18090295.wav,6
/USERSPACE/DATASETS/CodecFake/train/F06_p376_021.wav,6
/USERSPACE/DATASETS/CodecFake/train/F06_p305_162.wav,6
/USERSPACE/DATASETS/CodecFake/train/F06_SSB07360126.wav,6
/USERSPACE/DATASETS/CodecFake/train/F06_p313_011.wav,6
/USERSPACE/DATASETS/CodecFake/train/F06_SSB07490441.wav,6
/USERSPACE/DATASETS/CodecFake/train/F06_p294_175.wav,6
/USERSPACE/DATASETS/CodecFake/train/F06_SSB09660284.wav,6
/USERSPACE/DATASETS/CodecFake/train/F06_SSB01490283.wav,6
/USERSPACE/DATASETS/CodecFake/train/F06_p269_334.wav,6
/USERSPACE/DATASETS/CodecFake/train/F06_SSB14370203.wav,6
/USERSPACE/DATASETS/CodecFake/train/F06_SSB07100066.wav,6
/USERSPACE/DATASETS/CodecFake/train/F06_SSB08510064.wav,6
/USERSPACE/DATASETS/CodecFake/train/F06_p232_002.wav,6
/USERSPACE/DATASETS/CodecFake/train/F06_SSB08630059.wav,6
/USERSPACE/DATASETS/CodecFake/train/F06_SSB12530019.wav,6
/USERSPACE/DATASETS/CodecFake/train/F06_p251_136.wav,6
/USERSPACE/DATASETS/CodecFake/train/F06_SSB13770320.wav,6
/USERSPACE/DATASETS/CodecFake/train/F06_p252_235.wav,6
/USERSPACE/DATASETS/CodecFake/train/F06_p248_050.wav,6
/USERSPACE/DATASETS/CodecFake/train/F06_SSB11250133.wav,6
/USERSPACE/DATASETS/CodecFake/train/F06_SSB06070200.wav,6
/USERSPACE/DATASETS/CodecFake/train/F06_SSB03950031.wav,6
/USERSPACE/DATASETS/CodecFake/train/F06_SSB09130220.wav,6
/USERSPACE/DATASETS/CodecFake/train/F06_SSB16300342.wav,6
/USERSPACE/DATASETS/CodecFake/train/F06_p251_014.wav,6
/USERSPACE/DATASETS/CodecFake/train/F06_SSB02000398.wav,6
/USERSPACE/DATASETS/CodecFake/train/F06_p241_363.wav,6
/USERSPACE/DATASETS/CodecFake/train/F06_p284_051.wav,6
/USERSPACE/DATASETS/CodecFake/train/F06_p274_160.wav,6
/USERSPACE/DATASETS/CodecFake/train/F06_p263_162.wav,6
/USERSPACE/DATASETS/CodecFake/train/F06_SSB15630096.wav,6
/USERSPACE/DATASETS/CodecFake/train/F06_p313_370.wav,6
/USERSPACE/DATASETS/CodecFake/train/F06_SSB03940044.wav,6
/USERSPACE/DATASETS/CodecFake/train/F06_SSB08630351.wav,6
/USERSPACE/DATASETS/CodecFake/train/F06_SSB05880211.wav,6
/USERSPACE/DATASETS/CodecFake/train/F06_SSB04150007.wav,6
/USERSPACE/DATASETS/CodecFake/train/F06_SSB18630418.wav,6
/USERSPACE/DATASETS/CodecFake/train/F06_p304_135.wav,6
/USERSPACE/DATASETS/CodecFake/train/F06_SSB07110425.wav,6
/USERSPACE/DATASETS/CodecFake/train/F06_SSB19020370.wav,6
/USERSPACE/DATASETS/CodecFake/train/F06_SSB02730134.wav,6
/USERSPACE/DATASETS/CodecFake/train/F06_SSB11310384.wav,6
/USERSPACE/DATASETS/CodecFake/train/F06_SSB07840358.wav,6
/USERSPACE/DATASETS/CodecFake/train/F06_SSB02870316.wav,6
/USERSPACE/DATASETS/CodecFake/train/F06_SSB18780323.wav,6
/USERSPACE/DATASETS/CodecFake/train/F06_SSB11100198.wav,6
/USERSPACE/DATASETS/CodecFake/train/F06_p283_374.wav,6
/USERSPACE/DATASETS/CodecFake/train/F06_p260_102.wav,6
/USERSPACE/DATASETS/CodecFake/train/F06_p269_111.wav,6
/USERSPACE/DATASETS/CodecFake/train/F06_p362_126.wav,6
/USERSPACE/DATASETS/CodecFake/train/F06_SSB19560303.wav,6
/USERSPACE/DATASETS/CodecFake/train/F06_SSB05390422.wav,6
/USERSPACE/DATASETS/CodecFake/train/F06_SSB13200105.wav,6
/USERSPACE/DATASETS/CodecFake/train/F06_p228_260.wav,6
/USERSPACE/DATASETS/CodecFake/train/F06_SSB09870077.wav,6
/USERSPACE/DATASETS/CodecFake/train/F06_SSB06320452.wav,6
/USERSPACE/DATASETS/CodecFake/train/F06_SSB06290100.wav,6
/USERSPACE/DATASETS/CodecFake/train/F06_SSB18780045.wav,6
/USERSPACE/DATASETS/CodecFake/train/F06_p303_349.wav,6
/USERSPACE/DATASETS/CodecFake/train/F06_SSB07020397.wav,6
/USERSPACE/DATASETS/CodecFake/train/F06_SSB07370051.wav,6
/USERSPACE/DATASETS/CodecFake/train/F06_SSB05880274.wav,6
/USERSPACE/DATASETS/CodecFake/train/F06_SSB02610232.wav,6
/USERSPACE/DATASETS/CodecFake/train/F06_SSB05650199.wav,6
/USERSPACE/DATASETS/CodecFake/train/F06_SSB03090095.wav,6
/USERSPACE/DATASETS/CodecFake/train/F06_SSB18460129.wav,6
/USERSPACE/DATASETS/CodecFake/train/F06_SSB07490473.wav,6
/USERSPACE/DATASETS/CodecFake/train/F06_p286_016.wav,6
/USERSPACE/DATASETS/CodecFake/train/F06_SSB18460322.wav,6
/USERSPACE/DATASETS/CodecFake/train/F06_p270_308.wav,6
/USERSPACE/DATASETS/CodecFake/train/F06_p274_386.wav,6
/USERSPACE/DATASETS/CodecFake/train/F06_SSB10960341.wav,6
/USERSPACE/DATASETS/CodecFake/train/F06_SSB07620423.wav,6
/USERSPACE/DATASETS/CodecFake/train/F06_SSB13400439.wav,6
/USERSPACE/DATASETS/CodecFake/train/F06_SSB19350144.wav,6
/USERSPACE/DATASETS/CodecFake/train/F06_SSB01120443.wav,6
/USERSPACE/DATASETS/CodecFake/train/F06_SSB06070038.wav,6
/USERSPACE/DATASETS/CodecFake/train/F06_SSB03820209.wav,6
/USERSPACE/DATASETS/CodecFake/train/F06_SSB13930109.wav,6
/USERSPACE/DATASETS/CodecFake/train/F06_SSB18370097.wav,6
/USERSPACE/DATASETS/CodecFake/train/F06_SSB06320330.wav,6
/USERSPACE/DATASETS/CodecFake/train/F06_p298_170.wav,6
/USERSPACE/DATASETS/CodecFake/train/F06_p295_173.wav,6
/USERSPACE/DATASETS/CodecFake/train/F06_p275_189.wav,6
/USERSPACE/DATASETS/CodecFake/train/F06_SSB18630297.wav,6
/USERSPACE/DATASETS/CodecFake/train/F06_SSB12150234.wav,6
/USERSPACE/DATASETS/CodecFake/train/F06_p341_370.wav,6
/USERSPACE/DATASETS/CodecFake/train/F06_SSB18280352.wav,6
/USERSPACE/DATASETS/CodecFake/train/F06_p276_119.wav,6
/USERSPACE/DATASETS/CodecFake/train/F06_SSB11760010.wav,6
/USERSPACE/DATASETS/CodecFake/train/F06_SSB11350463.wav,6
/USERSPACE/DATASETS/CodecFake/train/F06_SSB05900487.wav,6
/USERSPACE/DATASETS/CodecFake/train/F06_SSB00120214.wav,6
/USERSPACE/DATASETS/CodecFake/train/F06_p257_177.wav,6
/USERSPACE/DATASETS/CodecFake/train/F06_SSB06320228.wav,6
/USERSPACE/DATASETS/CodecFake/train/F06_SSB05780451.wav,6
/USERSPACE/DATASETS/CodecFake/train/F06_p230_194.wav,6
/USERSPACE/DATASETS/CodecFake/train/F06_p298_081.wav,6
/USERSPACE/DATASETS/CodecFake/train/F06_p259_313.wav,6
/USERSPACE/DATASETS/CodecFake/train/F06_SSB11250284.wav,6
/USERSPACE/DATASETS/CodecFake/train/F06_SSB10200227.wav,6
/USERSPACE/DATASETS/CodecFake/train/F06_SSB02730026.wav,6
/USERSPACE/DATASETS/CodecFake/train/F06_p263_045.wav,6
/USERSPACE/DATASETS/CodecFake/train/F06_SSB14480059.wav,6
/USERSPACE/DATASETS/CodecFake/train/F06_SSB17820276.wav,6
/USERSPACE/DATASETS/CodecFake/train/F06_p312_177.wav,6
/USERSPACE/DATASETS/CodecFake/train/F06_SSB00730259.wav,6
/USERSPACE/DATASETS/CodecFake/train/F06_SSB00800342.wav,6
/USERSPACE/DATASETS/CodecFake/train/F06_SSB11260035.wav,6
/USERSPACE/DATASETS/CodecFake/train/F06_SSB03660219.wav,6
/USERSPACE/DATASETS/CodecFake/train/F06_SSB01490336.wav,6
/USERSPACE/DATASETS/CodecFake/train/F06_SSB03540300.wav,6
/USERSPACE/DATASETS/CodecFake/train/F06_SSB13920470.wav,6
/USERSPACE/DATASETS/CodecFake/train/F06_SSB19390249.wav,6
/USERSPACE/DATASETS/CodecFake/train/F06_p310_138.wav,6
/USERSPACE/DATASETS/CodecFake/train/F06_SSB00730434.wav,6
/USERSPACE/DATASETS/CodecFake/train/F06_p336_030.wav,6
/USERSPACE/DATASETS/CodecFake/train/F06_SSB16860214.wav,6
/USERSPACE/DATASETS/CodecFake/train/F06_p341_104.wav,6
/USERSPACE/DATASETS/CodecFake/train/F06_p273_332.wav,6
/USERSPACE/DATASETS/CodecFake/train/F06_SSB12530117.wav,6
/USERSPACE/DATASETS/CodecFake/train/F06_p285_320.wav,6
/USERSPACE/DATASETS/CodecFake/train/F06_p240_297.wav,6
/USERSPACE/DATASETS/CodecFake/train/F06_SSB05440137.wav,6
/USERSPACE/DATASETS/CodecFake/train/F06_p258_178.wav,6
/USERSPACE/DATASETS/CodecFake/train/F06_SSB01390086.wav,6
/USERSPACE/DATASETS/CodecFake/train/F06_SSB03380113.wav,6
/USERSPACE/DATASETS/CodecFake/train/F06_SSB11380100.wav,6
/USERSPACE/DATASETS/CodecFake/train/F06_p267_333.wav,6
/USERSPACE/DATASETS/CodecFake/train/F06_SSB18460473.wav,6
/USERSPACE/DATASETS/CodecFake/train/F06_p251_293.wav,6
/USERSPACE/DATASETS/CodecFake/train/F06_SSB01390093.wav,6
/USERSPACE/DATASETS/CodecFake/train/F06_SSB03940334.wav,6
/USERSPACE/DATASETS/CodecFake/train/F06_SSB13200322.wav,6
/USERSPACE/DATASETS/CodecFake/train/F06_p276_296.wav,6
/USERSPACE/DATASETS/CodecFake/train/F06_p298_389.wav,6
/USERSPACE/DATASETS/CodecFake/train/F06_SSB03540049.wav,6
/USERSPACE/DATASETS/CodecFake/train/F06_SSB07860174.wav,6
/USERSPACE/DATASETS/CodecFake/train/F06_SSB04700426.wav,6
/USERSPACE/DATASETS/CodecFake/train/F06_SSB02610114.wav,6
/USERSPACE/DATASETS/CodecFake/train/F06_SSB08510356.wav,6
/USERSPACE/DATASETS/CodecFake/train/F06_SSB17450484.wav,6
/USERSPACE/DATASETS/CodecFake/train/F06_SSB01220009.wav,6
/USERSPACE/DATASETS/CodecFake/train/F06_p334_385.wav,6
/USERSPACE/DATASETS/CodecFake/train/F06_p234_054.wav,6
/USERSPACE/DATASETS/CodecFake/train/F06_SSB12160018.wav,6
/USERSPACE/DATASETS/CodecFake/train/F06_SSB01220435.wav,6
/USERSPACE/DATASETS/CodecFake/train/F06_p245_298.wav,6
/USERSPACE/DATASETS/CodecFake/train/F06_SSB03390386.wav,6
/USERSPACE/DATASETS/CodecFake/train/F06_SSB18370406.wav,6
/USERSPACE/DATASETS/CodecFake/train/F06_p339_136.wav,6
/USERSPACE/DATASETS/CodecFake/train/F06_SSB07620479.wav,6
/USERSPACE/DATASETS/CodecFake/train/F06_p236_292.wav,6
/USERSPACE/DATASETS/CodecFake/train/F06_SSB04340137.wav,6
/USERSPACE/DATASETS/CodecFake/train/F06_p253_400.wav,6
/USERSPACE/DATASETS/CodecFake/train/F06_p333_342.wav,6
/USERSPACE/DATASETS/CodecFake/train/F06_SSB06230283.wav,6
/USERSPACE/DATASETS/CodecFake/train/F06_p336_080.wav,6
/USERSPACE/DATASETS/CodecFake/train/F06_SSB03410090.wav,6
/USERSPACE/DATASETS/CodecFake/train/F06_p270_224.wav,6
/USERSPACE/DATASETS/CodecFake/train/F06_p301_251.wav,6
/USERSPACE/DATASETS/CodecFake/train/F06_p300_305.wav,6
/USERSPACE/DATASETS/CodecFake/train/F06_SSB02730171.wav,6
/USERSPACE/DATASETS/CodecFake/train/F06_SSB00120310.wav,6
/USERSPACE/DATASETS/CodecFake/train/F06_p326_211.wav,6
/USERSPACE/DATASETS/CodecFake/train/F06_SSB16840062.wav,6
/USERSPACE/DATASETS/CodecFake/train/F06_SSB07360368.wav,6
/USERSPACE/DATASETS/CodecFake/train/F06_SSB16990097.wav,6
/USERSPACE/DATASETS/CodecFake/train/F06_p298_009.wav,6
/USERSPACE/DATASETS/CodecFake/train/F06_SSB16070091.wav,6
/USERSPACE/DATASETS/CodecFake/train/F06_p228_184.wav,6
/USERSPACE/DATASETS/CodecFake/train/F06_SSB04700365.wav,6
/USERSPACE/DATASETS/CodecFake/train/F06_SSB10720424.wav,6
/USERSPACE/DATASETS/CodecFake/train/F06_p345_016.wav,6
/USERSPACE/DATASETS/CodecFake/train/F06_SSB03850049.wav,6
/USERSPACE/DATASETS/CodecFake/train/F06_SSB03410369.wav,6
/USERSPACE/DATASETS/CodecFake/train/F06_SSB06070449.wav,6
/USERSPACE/DATASETS/CodecFake/train/F06_SSB00330251.wav,6
/USERSPACE/DATASETS/CodecFake/train/F06_SSB05440007.wav,6
/USERSPACE/DATASETS/CodecFake/train/F06_SSB01450058.wav,6
/USERSPACE/DATASETS/CodecFake/train/F06_SSB09930235.wav,6
/USERSPACE/DATASETS/CodecFake/train/F06_p283_284.wav,6
/USERSPACE/DATASETS/CodecFake/train/F06_p237_045.wav,6
/USERSPACE/DATASETS/CodecFake/train/F06_SSB10200170.wav,6
/USERSPACE/DATASETS/CodecFake/train/F06_p333_012.wav,6
/USERSPACE/DATASETS/CodecFake/train/F06_SSB03790432.wav,6
/USERSPACE/DATASETS/CodecFake/train/F06_p254_063.wav,6
/USERSPACE/DATASETS/CodecFake/train/F06_p292_206.wav,6
/USERSPACE/DATASETS/CodecFake/train/F06_SSB04700375.wav,6
/USERSPACE/DATASETS/CodecFake/train/F06_SSB07480027.wav,6
/USERSPACE/DATASETS/CodecFake/train/F06_SSB03820091.wav,6
/USERSPACE/DATASETS/CodecFake/train/F06_SSB18320469.wav,6
/USERSPACE/DATASETS/CodecFake/train/F06_SSB08630175.wav,6
/USERSPACE/DATASETS/CodecFake/train/F06_p248_328.wav,6
/USERSPACE/DATASETS/CodecFake/train/F06_SSB00730437.wav,6
/USERSPACE/DATASETS/CodecFake/train/F06_p270_259.wav,6
/USERSPACE/DATASETS/CodecFake/train/F06_p294_252.wav,6
/USERSPACE/DATASETS/CodecFake/train/F06_SSB05340460.wav,6
/USERSPACE/DATASETS/CodecFake/train/F06_SSB01970192.wav,6
/USERSPACE/DATASETS/CodecFake/train/F06_SSB19180483.wav,6
/USERSPACE/DATASETS/CodecFake/train/F06_SSB11310454.wav,6
/USERSPACE/DATASETS/CodecFake/train/F06_SSB03070336.wav,6
/USERSPACE/DATASETS/CodecFake/train/F06_SSB10560191.wav,6
/USERSPACE/DATASETS/CodecFake/train/F06_p250_365.wav,6
/USERSPACE/DATASETS/CodecFake/train/F06_SSB03090135.wav,6
/USERSPACE/DATASETS/CodecFake/train/F06_p247_037.wav,6
/USERSPACE/DATASETS/CodecFake/train/F06_SSB00110430.wav,6
/USERSPACE/DATASETS/CodecFake/train/F06_SSB00090443.wav,6
/USERSPACE/DATASETS/CodecFake/train/F06_SSB17450033.wav,6
/USERSPACE/DATASETS/CodecFake/train/F06_SSB11100463.wav,6
/USERSPACE/DATASETS/CodecFake/train/F06_SSB12530308.wav,6
/USERSPACE/DATASETS/CodecFake/train/F06_SSB03660419.wav,6
/USERSPACE/DATASETS/CodecFake/train/F06_SSB10240460.wav,6
/USERSPACE/DATASETS/CodecFake/train/F06_SSB04700457.wav,6
/USERSPACE/DATASETS/CodecFake/train/F06_SSB13280379.wav,6
/USERSPACE/DATASETS/CodecFake/train/F06_p303_330.wav,6
/USERSPACE/DATASETS/CodecFake/train/F06_SSB10910026.wav,6
/USERSPACE/DATASETS/CodecFake/train/F06_SSB14520307.wav,6
/USERSPACE/DATASETS/CodecFake/train/F06_SSB07840245.wav,6
/USERSPACE/DATASETS/CodecFake/train/F06_p293_397.wav,6
/USERSPACE/DATASETS/CodecFake/train/F06_p254_116.wav,6
/USERSPACE/DATASETS/CodecFake/train/F06_SSB02670270.wav,6
/USERSPACE/DATASETS/CodecFake/train/F06_SSB11150080.wav,6
/USERSPACE/DATASETS/CodecFake/train/F06_SSB00110180.wav,6
/USERSPACE/DATASETS/CodecFake/train/F06_p236_257.wav,6
/USERSPACE/DATASETS/CodecFake/train/F06_SSB08710230.wav,6
/USERSPACE/DATASETS/CodecFake/train/F06_p336_179.wav,6
/USERSPACE/DATASETS/CodecFake/train/F06_p310_354.wav,6
/USERSPACE/DATASETS/CodecFake/train/F06_SSB16700108.wav,6
/USERSPACE/DATASETS/CodecFake/train/F06_SSB13850011.wav,6
/USERSPACE/DATASETS/CodecFake/train/F06_p330_237.wav,6
/USERSPACE/DATASETS/CodecFake/train/F06_SSB01390044.wav,6
/USERSPACE/DATASETS/CodecFake/train/F06_SSB09870139.wav,6
/USERSPACE/DATASETS/CodecFake/train/F06_p360_101.wav,6
/USERSPACE/DATASETS/CodecFake/train/F06_SSB16300345.wav,6
/USERSPACE/DATASETS/CodecFake/train/F06_p345_353.wav,6
/USERSPACE/DATASETS/CodecFake/train/F06_SSB06660361.wav,6
/USERSPACE/DATASETS/CodecFake/train/F06_SSB06090219.wav,6
/USERSPACE/DATASETS/CodecFake/train/F06_SSB12530030.wav,6
/USERSPACE/DATASETS/CodecFake/train/F06_SSB15630214.wav,6
/USERSPACE/DATASETS/CodecFake/train/F06_SSB09130283.wav,6
/USERSPACE/DATASETS/CodecFake/train/F06_SSB05020148.wav,6
/USERSPACE/DATASETS/CodecFake/train/F06_SSB12040445.wav,6
/USERSPACE/DATASETS/CodecFake/train/F06_SSB08090425.wav,6
/USERSPACE/DATASETS/CodecFake/train/F06_SSB07160462.wav,6
/USERSPACE/DATASETS/CodecFake/train/F06_SSB03940289.wav,6
/USERSPACE/DATASETS/CodecFake/train/F06_p256_197.wav,6
/USERSPACE/DATASETS/CodecFake/train/F06_p265_217.wav,6
/USERSPACE/DATASETS/CodecFake/train/F06_SSB05020447.wav,6
/USERSPACE/DATASETS/CodecFake/train/F06_SSB02870495.wav,6
/USERSPACE/DATASETS/CodecFake/train/F06_SSB06320322.wav,6
/USERSPACE/DATASETS/CodecFake/train/F06_p351_064.wav,6
/USERSPACE/DATASETS/CodecFake/train/F06_SSB19180400.wav,6
/USERSPACE/DATASETS/CodecFake/train/F06_SSB11080130.wav,6
/USERSPACE/DATASETS/CodecFake/train/F06_SSB03800408.wav,6
/USERSPACE/DATASETS/CodecFake/train/F06_SSB02410212.wav,6
/USERSPACE/DATASETS/CodecFake/train/F06_p287_162.wav,6
/USERSPACE/DATASETS/CodecFake/train/F06_SSB18630035.wav,6
/USERSPACE/DATASETS/CodecFake/train/F06_p361_351.wav,6
/USERSPACE/DATASETS/CodecFake/train/F06_p271_057.wav,6
/USERSPACE/DATASETS/CodecFake/train/F06_p339_051.wav,6
/USERSPACE/DATASETS/CodecFake/train/F06_SSB04070425.wav,6
/USERSPACE/DATASETS/CodecFake/train/F06_SSB08870024.wav,6
/USERSPACE/DATASETS/CodecFake/train/F06_SSB09870405.wav,6
/USERSPACE/DATASETS/CodecFake/train/F06_SSB19390239.wav,6
/USERSPACE/DATASETS/CodecFake/train/F06_SSB09930443.wav,6
/USERSPACE/DATASETS/CodecFake/train/F06_SSB15750265.wav,6
/USERSPACE/DATASETS/CodecFake/train/F06_SSB19560003.wav,6
/USERSPACE/DATASETS/CodecFake/train/F06_SSB12530114.wav,6
/USERSPACE/DATASETS/CodecFake/train/F06_SSB07860004.wav,6
/USERSPACE/DATASETS/CodecFake/train/F06_SSB02610037.wav,6
/USERSPACE/DATASETS/CodecFake/train/F06_SSB03540377.wav,6
/USERSPACE/DATASETS/CodecFake/train/F06_SSB04270439.wav,6
/USERSPACE/DATASETS/CodecFake/train/F06_p316_069.wav,6
/USERSPACE/DATASETS/CodecFake/train/F06_SSB01930121.wav,6
/USERSPACE/DATASETS/CodecFake/train/F06_SSB03790273.wav,6
/USERSPACE/DATASETS/CodecFake/train/F06_SSB16990081.wav,6
/USERSPACE/DATASETS/CodecFake/train/F06_SSB11080234.wav,6
/USERSPACE/DATASETS/CodecFake/train/F06_SSB11150298.wav,6
/USERSPACE/DATASETS/CodecFake/train/F06_SSB03540023.wav,6
/USERSPACE/DATASETS/CodecFake/train/F06_p262_073.wav,6
/USERSPACE/DATASETS/CodecFake/train/F06_p244_181.wav,6
/USERSPACE/DATASETS/CodecFake/train/F06_p283_130.wav,6
/USERSPACE/DATASETS/CodecFake/train/F06_p303_338.wav,6
/USERSPACE/DATASETS/CodecFake/train/F06_SSB01220467.wav,6
/USERSPACE/DATASETS/CodecFake/train/F06_p293_245.wav,6
/USERSPACE/DATASETS/CodecFake/train/F06_SSB05940439.wav,6
/USERSPACE/DATASETS/CodecFake/train/F06_SSB17820092.wav,6
/USERSPACE/DATASETS/CodecFake/train/F06_p244_205.wav,6
/USERSPACE/DATASETS/CodecFake/train/F06_SSB13220362.wav,6
/USERSPACE/DATASETS/CodecFake/train/F06_SSB11260231.wav,6
/USERSPACE/DATASETS/CodecFake/train/F06_SSB07160163.wav,6
/USERSPACE/DATASETS/CodecFake/train/F06_SSB08630482.wav,6
/USERSPACE/DATASETS/CodecFake/train/F06_SSB05440031.wav,6
/USERSPACE/DATASETS/CodecFake/train/F06_SSB18720178.wav,6
/USERSPACE/DATASETS/CodecFake/train/F06_SSB05390475.wav,6
/USERSPACE/DATASETS/CodecFake/train/F06_p274_288.wav,6
/USERSPACE/DATASETS/CodecFake/train/F06_SSB04700114.wav,6
/USERSPACE/DATASETS/CodecFake/train/F06_p360_248.wav,6
/USERSPACE/DATASETS/CodecFake/train/F06_SSB18090253.wav,6
/USERSPACE/DATASETS/CodecFake/train/F06_p227_069.wav,6
/USERSPACE/DATASETS/CodecFake/train/F06_p268_257.wav,6
/USERSPACE/DATASETS/CodecFake/train/F06_SSB10200075.wav,6
/USERSPACE/DATASETS/CodecFake/train/F06_SSB00160504.wav,6
/USERSPACE/DATASETS/CodecFake/train/F06_SSB15750050.wav,6
/USERSPACE/DATASETS/CodecFake/train/F06_SSB13200115.wav,6
/USERSPACE/DATASETS/CodecFake/train/F06_SSB10500138.wav,6
/USERSPACE/DATASETS/CodecFake/train/F06_SSB03820235.wav,6
/USERSPACE/DATASETS/CodecFake/train/F06_p317_041.wav,6
/USERSPACE/DATASETS/CodecFake/train/F06_SSB13020342.wav,6
/USERSPACE/DATASETS/CodecFake/train/F06_SSB06660387.wav,6
/USERSPACE/DATASETS/CodecFake/train/F06_p287_305.wav,6
/USERSPACE/DATASETS/CodecFake/train/F06_p249_316.wav,6
/USERSPACE/DATASETS/CodecFake/train/F06_SSB08170440.wav,6
/USERSPACE/DATASETS/CodecFake/train/F06_SSB13410064.wav,6
/USERSPACE/DATASETS/CodecFake/train/F06_SSB05440051.wav,6
/USERSPACE/DATASETS/CodecFake/train/F06_p271_419.wav,6
/USERSPACE/DATASETS/CodecFake/train/F06_SSB12190382.wav,6
/USERSPACE/DATASETS/CodecFake/train/F06_SSB07510156.wav,6
/USERSPACE/DATASETS/CodecFake/train/F06_p250_094.wav,6
/USERSPACE/DATASETS/CodecFake/train/F06_SSB06680377.wav,6
/USERSPACE/DATASETS/CodecFake/train/F06_p273_236.wav,6
/USERSPACE/DATASETS/CodecFake/train/F06_SSB09350152.wav,6
/USERSPACE/DATASETS/CodecFake/train/F06_p304_205.wav,6
/USERSPACE/DATASETS/CodecFake/train/F06_SSB04340136.wav,6
/USERSPACE/DATASETS/CodecFake/train/F06_SSB11080276.wav,6
/USERSPACE/DATASETS/CodecFake/train/F06_SSB04270208.wav,6
/USERSPACE/DATASETS/CodecFake/train/F06_SSB11250323.wav,6
/USERSPACE/DATASETS/CodecFake/train/F06_SSB07160412.wav,6
/USERSPACE/DATASETS/CodecFake/train/F06_p276_159.wav,6
/USERSPACE/DATASETS/CodecFake/train/F06_p266_378.wav,6
/USERSPACE/DATASETS/CodecFake/train/F06_SSB10640360.wav,6
/USERSPACE/DATASETS/CodecFake/train/F06_p282_294.wav,6
/USERSPACE/DATASETS/CodecFake/train/F06_p335_008.wav,6
/USERSPACE/DATASETS/CodecFake/train/F06_SSB05900313.wav,6
/USERSPACE/DATASETS/CodecFake/train/F06_SSB16240007.wav,6
/USERSPACE/DATASETS/CodecFake/train/F06_SSB10080459.wav,6
/USERSPACE/DATASETS/CodecFake/train/F06_p295_236.wav,6
/USERSPACE/DATASETS/CodecFake/train/F06_p231_212.wav,6
/USERSPACE/DATASETS/CodecFake/train/F06_SSB17280198.wav,6
/USERSPACE/DATASETS/CodecFake/train/F06_SSB03540267.wav,6
/USERSPACE/DATASETS/CodecFake/train/F06_SSB06660121.wav,6
/USERSPACE/DATASETS/CodecFake/train/F06_SSB06660140.wav,6
/USERSPACE/DATASETS/CodecFake/train/F06_SSB15750271.wav,6
/USERSPACE/DATASETS/CodecFake/train/F06_SSB07940166.wav,6
/USERSPACE/DATASETS/CodecFake/train/F06_SSB17280283.wav,6
/USERSPACE/DATASETS/CodecFake/train/F06_SSB13770174.wav,6
/USERSPACE/DATASETS/CodecFake/train/F06_SSB11310353.wav,6
/USERSPACE/DATASETS/CodecFake/train/F06_SSB07780159.wav,6
/USERSPACE/DATASETS/CodecFake/train/F06_SSB17820290.wav,6
/USERSPACE/DATASETS/CodecFake/train/F06_SSB06320123.wav,6
/USERSPACE/DATASETS/CodecFake/train/F06_SSB10000268.wav,6
/USERSPACE/DATASETS/CodecFake/train/F06_SSB00380137.wav,6
/USERSPACE/DATASETS/CodecFake/train/F06_SSB18780160.wav,6
/USERSPACE/DATASETS/CodecFake/train/F06_SSB18320020.wav,6
/USERSPACE/DATASETS/CodecFake/train/F06_SSB10010039.wav,6
/USERSPACE/DATASETS/CodecFake/train/F06_p336_374.wav,6
/USERSPACE/DATASETS/CodecFake/train/F06_SSB03070413.wav,6
/USERSPACE/DATASETS/CodecFake/train/F06_SSB18060155.wav,6
/USERSPACE/DATASETS/CodecFake/train/F06_SSB00180438.wav,6
/USERSPACE/DATASETS/CodecFake/train/F06_p265_144.wav,6
/USERSPACE/DATASETS/CodecFake/train/F06_SSB09190415.wav,6
/USERSPACE/DATASETS/CodecFake/train/F06_SSB13990203.wav,6
/USERSPACE/DATASETS/CodecFake/train/F06_p278_121.wav,6
/USERSPACE/DATASETS/CodecFake/train/F06_p287_061.wav,6
/USERSPACE/DATASETS/CodecFake/train/F06_p345_202.wav,6
/USERSPACE/DATASETS/CodecFake/train/F06_SSB13200022.wav,6
/USERSPACE/DATASETS/CodecFake/train/F06_p351_390.wav,6
/USERSPACE/DATASETS/CodecFake/train/F06_SSB18780316.wav,6
/USERSPACE/DATASETS/CodecFake/train/F06_p292_231.wav,6
/USERSPACE/DATASETS/CodecFake/train/F06_SSB03930118.wav,6
/USERSPACE/DATASETS/CodecFake/train/F06_SSB13820366.wav,6
/USERSPACE/DATASETS/CodecFake/train/F06_SSB00180238.wav,6
/USERSPACE/DATASETS/CodecFake/train/F06_SSB18630432.wav,6
/USERSPACE/DATASETS/CodecFake/train/F06_SSB07840407.wav,6
/USERSPACE/DATASETS/CodecFake/train/F06_p362_224.wav,6
/USERSPACE/DATASETS/CodecFake/train/F06_SSB06320094.wav,6
/USERSPACE/DATASETS/CodecFake/train/F06_SSB00430440.wav,6
/USERSPACE/DATASETS/CodecFake/train/F06_SSB13220243.wav,6
/USERSPACE/DATASETS/CodecFake/train/F06_SSB00090375.wav,6
/USERSPACE/DATASETS/CodecFake/train/F06_p286_199.wav,6
/USERSPACE/DATASETS/CodecFake/train/F06_p249_167.wav,6
/USERSPACE/DATASETS/CodecFake/train/F06_p250_330.wav,6
/USERSPACE/DATASETS/CodecFake/train/F06_SSB03820245.wav,6
/USERSPACE/DATASETS/CodecFake/train/F06_SSB16250163.wav,6
/USERSPACE/DATASETS/CodecFake/train/F06_SSB14370027.wav,6
/USERSPACE/DATASETS/CodecFake/train/F06_SSB07840006.wav,6
/USERSPACE/DATASETS/CodecFake/train/F06_SSB16250426.wav,6
/USERSPACE/DATASETS/CodecFake/train/F06_SSB04150283.wav,6
/USERSPACE/DATASETS/CodecFake/train/F06_SSB02990367.wav,6
/USERSPACE/DATASETS/CodecFake/train/F06_p364_279.wav,6
/USERSPACE/DATASETS/CodecFake/train/F06_p284_407.wav,6
/USERSPACE/DATASETS/CodecFake/train/F06_SSB08090046.wav,6
/USERSPACE/DATASETS/CodecFake/train/F06_SSB10550248.wav,6
/USERSPACE/DATASETS/CodecFake/train/F06_p308_397.wav,6
/USERSPACE/DATASETS/CodecFake/train/F06_SSB05390383.wav,6
/USERSPACE/DATASETS/CodecFake/train/F06_SSB07940448.wav,6
/USERSPACE/DATASETS/CodecFake/train/F06_SSB05780064.wav,6
/USERSPACE/DATASETS/CodecFake/train/F06_SSB18310267.wav,6
/USERSPACE/DATASETS/CodecFake/train/F06_SSB02460139.wav,6
/USERSPACE/DATASETS/CodecFake/train/F06_SSB19180337.wav,6
/USERSPACE/DATASETS/CodecFake/train/F06_SSB12530219.wav,6
/USERSPACE/DATASETS/CodecFake/train/F06_SSB04070381.wav,6
/USERSPACE/DATASETS/CodecFake/train/F06_p318_384.wav,6
/USERSPACE/DATASETS/CodecFake/train/F06_p340_192.wav,6
/USERSPACE/DATASETS/CodecFake/train/F06_SSB03750030.wav,6
/USERSPACE/DATASETS/CodecFake/train/F06_SSB19020327.wav,6
/USERSPACE/DATASETS/CodecFake/train/F06_p262_112.wav,6
/USERSPACE/DATASETS/CodecFake/train/F06_SSB07580139.wav,6
/USERSPACE/DATASETS/CodecFake/train/F06_p310_191.wav,6
/USERSPACE/DATASETS/CodecFake/train/F06_p283_013.wav,6
/USERSPACE/DATASETS/CodecFake/train/F06_p339_121.wav,6
/USERSPACE/DATASETS/CodecFake/train/F06_SSB18280392.wav,6
/USERSPACE/DATASETS/CodecFake/train/F06_SSB17280164.wav,6
/USERSPACE/DATASETS/CodecFake/train/F06_SSB06680091.wav,6
/USERSPACE/DATASETS/CodecFake/train/F06_SSB06090046.wav,6
/USERSPACE/DATASETS/CodecFake/train/F06_p298_093.wav,6
/USERSPACE/DATASETS/CodecFake/train/F06_SSB02870018.wav,6
/USERSPACE/DATASETS/CodecFake/train/F06_p287_219.wav,6
/USERSPACE/DATASETS/CodecFake/train/F06_p307_039.wav,6
/USERSPACE/DATASETS/CodecFake/train/F06_SSB06860402.wav,6
/USERSPACE/DATASETS/CodecFake/train/F06_p311_187.wav,6
/USERSPACE/DATASETS/CodecFake/train/F06_SSB18320393.wav,6
/USERSPACE/DATASETS/CodecFake/train/F06_SSB05940315.wav,6
/USERSPACE/DATASETS/CodecFake/train/F06_SSB01930480.wav,6
/USERSPACE/DATASETS/CodecFake/train/F06_SSB05020141.wav,6
/USERSPACE/DATASETS/CodecFake/train/F06_SSB00730098.wav,6
/USERSPACE/DATASETS/CodecFake/train/F06_SSB05350118.wav,6
/USERSPACE/DATASETS/CodecFake/train/F06_p267_014.wav,6
/USERSPACE/DATASETS/CodecFake/train/F06_SSB00160326.wav,6
/USERSPACE/DATASETS/CodecFake/train/F06_SSB07460449.wav,6
/USERSPACE/DATASETS/CodecFake/train/F06_SSB07460376.wav,6
/USERSPACE/DATASETS/CodecFake/train/F06_SSB08870229.wav,6
/USERSPACE/DATASETS/CodecFake/train/F06_SSB07230165.wav,6
/USERSPACE/DATASETS/CodecFake/train/F06_SSB11870326.wav,6
/USERSPACE/DATASETS/CodecFake/train/F06_p270_410.wav,6
/USERSPACE/DATASETS/CodecFake/train/F06_p299_022.wav,6
/USERSPACE/DATASETS/CodecFake/train/F06_SSB07940165.wav,6
/USERSPACE/DATASETS/CodecFake/train/F06_SSB02990272.wav,6
/USERSPACE/DATASETS/CodecFake/train/F06_SSB05390307.wav,6
/USERSPACE/DATASETS/CodecFake/train/F06_SSB02880046.wav,6
/USERSPACE/DATASETS/CodecFake/train/F06_SSB13020383.wav,6
/USERSPACE/DATASETS/CodecFake/train/F06_SSB05700012.wav,6
/USERSPACE/DATASETS/CodecFake/train/F06_SSB03540392.wav,6
/USERSPACE/DATASETS/CodecFake/train/F06_SSB17110450.wav,6
/USERSPACE/DATASETS/CodecFake/train/F06_SSB01330255.wav,6
/USERSPACE/DATASETS/CodecFake/train/F06_p275_222.wav,6
/USERSPACE/DATASETS/CodecFake/train/F06_p281_448.wav,6
/USERSPACE/DATASETS/CodecFake/train/F06_SSB00800064.wav,6
/USERSPACE/DATASETS/CodecFake/train/F06_SSB04260456.wav,6
/USERSPACE/DATASETS/CodecFake/train/F06_p232_372.wav,6
/USERSPACE/DATASETS/CodecFake/train/F06_p245_275.wav,6
/USERSPACE/DATASETS/CodecFake/train/F06_SSB08510365.wav,6
/USERSPACE/DATASETS/CodecFake/train/F06_p275_055.wav,6
/USERSPACE/DATASETS/CodecFake/train/F06_SSB03850010.wav,6
/USERSPACE/DATASETS/CodecFake/train/F06_SSB05440167.wav,6
/USERSPACE/DATASETS/CodecFake/train/F06_p261_414.wav,6
/USERSPACE/DATASETS/CodecFake/train/F06_SSB06680354.wav,6
/USERSPACE/DATASETS/CodecFake/train/F06_p298_216.wav,6
/USERSPACE/DATASETS/CodecFake/train/F06_p275_250.wav,6
/USERSPACE/DATASETS/CodecFake/train/F06_SSB10240179.wav,6
/USERSPACE/DATASETS/CodecFake/train/F06_SSB00090023.wav,6
/USERSPACE/DATASETS/CodecFake/train/F06_SSB10020083.wav,6
/USERSPACE/DATASETS/CodecFake/train/F06_p233_358.wav,6
/USERSPACE/DATASETS/CodecFake/train/F06_SSB01220034.wav,6
/USERSPACE/DATASETS/CodecFake/train/F06_p228_215.wav,6
/USERSPACE/DATASETS/CodecFake/train/F06_p362_182.wav,6
/USERSPACE/DATASETS/CodecFake/train/F06_SSB09350212.wav,6
/USERSPACE/DATASETS/CodecFake/train/F06_SSB16700132.wav,6
/USERSPACE/DATASETS/CodecFake/train/F06_p275_075.wav,6
/USERSPACE/DATASETS/CodecFake/train/F06_SSB19180235.wav,6
/USERSPACE/DATASETS/CodecFake/train/F06_SSB13650256.wav,6
/USERSPACE/DATASETS/CodecFake/train/F06_SSB01490101.wav,6
/USERSPACE/DATASETS/CodecFake/train/F06_SSB11380430.wav,6
/USERSPACE/DATASETS/CodecFake/train/F06_SSB12030346.wav,6
/USERSPACE/DATASETS/CodecFake/train/F06_SSB04260058.wav,6
/USERSPACE/DATASETS/CodecFake/train/F06_SSB18630034.wav,6
/USERSPACE/DATASETS/CodecFake/train/F06_p323_160.wav,6
/USERSPACE/DATASETS/CodecFake/train/F06_SSB11610010.wav,6
/USERSPACE/DATASETS/CodecFake/train/F06_SSB15850240.wav,6
/USERSPACE/DATASETS/CodecFake/train/F06_SSB02460471.wav,6
/USERSPACE/DATASETS/CodecFake/train/F06_p304_160.wav,6
/USERSPACE/DATASETS/CodecFake/train/F06_SSB07800220.wav,6
/USERSPACE/DATASETS/CodecFake/train/F06_SSB16070298.wav,6
/USERSPACE/DATASETS/CodecFake/train/F06_SSB00380182.wav,6
/USERSPACE/DATASETS/CodecFake/train/F06_SSB10550008.wav,6
/USERSPACE/DATASETS/CodecFake/train/F06_SSB15930060.wav,6
/USERSPACE/DATASETS/CodecFake/train/F06_SSB07940404.wav,6
/USERSPACE/DATASETS/CodecFake/train/F06_SSB18910396.wav,6
/USERSPACE/DATASETS/CodecFake/train/F06_SSB07490060.wav,6
/USERSPACE/DATASETS/CodecFake/train/F06_p260_335.wav,6
/USERSPACE/DATASETS/CodecFake/train/F06_SSB07360048.wav,6
/USERSPACE/DATASETS/CodecFake/train/F06_SSB05020297.wav,6
/USERSPACE/DATASETS/CodecFake/train/F06_SSB11970150.wav,6
/USERSPACE/DATASETS/CodecFake/train/F06_SSB16700366.wav,6
/USERSPACE/DATASETS/CodecFake/train/F06_SSB03750185.wav,6
/USERSPACE/DATASETS/CodecFake/train/F06_SSB05020206.wav,6
/USERSPACE/DATASETS/CodecFake/train/F06_p283_315.wav,6
/USERSPACE/DATASETS/CodecFake/train/F06_SSB04070452.wav,6
/USERSPACE/DATASETS/CodecFake/train/F06_SSB00800501.wav,6
/USERSPACE/DATASETS/CodecFake/train/F06_p250_087.wav,6
/USERSPACE/DATASETS/CodecFake/train/F06_SSB11310020.wav,6
/USERSPACE/DATASETS/CodecFake/train/F06_SSB10200288.wav,6
/USERSPACE/DATASETS/CodecFake/train/F06_SSB15930370.wav,6
/USERSPACE/DATASETS/CodecFake/train/F06_p360_238.wav,6
/USERSPACE/DATASETS/CodecFake/train/F06_SSB09190313.wav,6
/USERSPACE/DATASETS/CodecFake/train/F06_p311_125.wav,6
/USERSPACE/DATASETS/CodecFake/train/F06_p308_044.wav,6
/USERSPACE/DATASETS/CodecFake/train/F06_p326_248.wav,6
/USERSPACE/DATASETS/CodecFake/train/F06_p323_052.wav,6
/USERSPACE/DATASETS/CodecFake/train/F06_SSB02610379.wav,6
/USERSPACE/DATASETS/CodecFake/train/F06_SSB05020081.wav,6
/USERSPACE/DATASETS/CodecFake/train/F06_SSB12740069.wav,6
/USERSPACE/DATASETS/CodecFake/train/F06_SSB07480266.wav,6
/USERSPACE/DATASETS/CodecFake/train/F06_SSB12740153.wav,6
/USERSPACE/DATASETS/CodecFake/train/F06_SSB09150255.wav,6
/USERSPACE/DATASETS/CodecFake/train/F06_SSB03660211.wav,6
/USERSPACE/DATASETS/CodecFake/train/F06_SSB08170179.wav,6
/USERSPACE/DATASETS/CodecFake/train/F06_p264_373.wav,6
/USERSPACE/DATASETS/CodecFake/train/F06_SSB10720496.wav,6
/USERSPACE/DATASETS/CodecFake/train/F06_SSB07480131.wav,6
/USERSPACE/DATASETS/CodecFake/train/F06_SSB03390387.wav,6
/USERSPACE/DATASETS/CodecFake/train/F06_SSB18780397.wav,6
/USERSPACE/DATASETS/CodecFake/train/F06_p317_316.wav,6
/USERSPACE/DATASETS/CodecFake/train/F06_SSB11610139.wav,6
/USERSPACE/DATASETS/CodecFake/train/F06_SSB08510214.wav,6
/USERSPACE/DATASETS/CodecFake/train/F06_SSB10080367.wav,6
/USERSPACE/DATASETS/CodecFake/train/F06_SSB07100176.wav,6
/USERSPACE/DATASETS/CodecFake/train/F06_SSB03090191.wav,6
/USERSPACE/DATASETS/CodecFake/train/F06_SSB04270291.wav,6
/USERSPACE/DATASETS/CodecFake/train/F06_SSB07510270.wav,6
/USERSPACE/DATASETS/CodecFake/train/F06_SSB05780268.wav,6
/USERSPACE/DATASETS/CodecFake/train/F06_p279_287.wav,6
/USERSPACE/DATASETS/CodecFake/train/F06_SSB01930430.wav,6
/USERSPACE/DATASETS/CodecFake/train/F06_SSB00570213.wav,6
/USERSPACE/DATASETS/CodecFake/train/F06_SSB18090185.wav,6
/USERSPACE/DATASETS/CodecFake/train/F06_SSB06060079.wav,6
/USERSPACE/DATASETS/CodecFake/train/F06_SSB02880026.wav,6
/USERSPACE/DATASETS/CodecFake/train/F06_p323_416.wav,6
/USERSPACE/DATASETS/CodecFake/train/F06_SSB07360214.wav,6
/USERSPACE/DATASETS/CodecFake/train/F06_SSB00180027.wav,6
/USERSPACE/DATASETS/CodecFake/train/F06_SSB04350163.wav,6
/USERSPACE/DATASETS/CodecFake/train/F06_SSB09660400.wav,6
/USERSPACE/DATASETS/CodecFake/train/F06_p323_218.wav,6
/USERSPACE/DATASETS/CodecFake/train/F06_p232_205.wav,6
/USERSPACE/DATASETS/CodecFake/train/F06_SSB03930113.wav,6
/USERSPACE/DATASETS/CodecFake/train/F06_p247_138.wav,6
/USERSPACE/DATASETS/CodecFake/train/F06_SSB09970300.wav,6
/USERSPACE/DATASETS/CodecFake/train/F06_SSB06060319.wav,6
/USERSPACE/DATASETS/CodecFake/train/F06_SSB00160101.wav,6
/USERSPACE/DATASETS/CodecFake/train/F06_SSB07020497.wav,6
/USERSPACE/DATASETS/CodecFake/train/F06_SSB07490234.wav,6
/USERSPACE/DATASETS/CodecFake/train/F06_SSB19180316.wav,6
/USERSPACE/DATASETS/CodecFake/train/F06_p351_420.wav,6
/USERSPACE/DATASETS/CodecFake/train/F06_p268_288.wav,6
/USERSPACE/DATASETS/CodecFake/train/F06_SSB18910286.wav,6
/USERSPACE/DATASETS/CodecFake/train/F06_SSB07480278.wav,6
/USERSPACE/DATASETS/CodecFake/train/F06_p285_376.wav,6
/USERSPACE/DATASETS/CodecFake/train/F06_p251_150.wav,6
/USERSPACE/DATASETS/CodecFake/train/F06_p341_018.wav,6
/USERSPACE/DATASETS/CodecFake/train/F06_SSB14310446.wav,6
/USERSPACE/DATASETS/CodecFake/train/F06_SSB10240122.wav,6
/USERSPACE/DATASETS/CodecFake/train/F06_p257_222.wav,6
/USERSPACE/DATASETS/CodecFake/train/F06_p238_047.wav,6
/USERSPACE/DATASETS/CodecFake/train/F06_SSB03540361.wav,6
/USERSPACE/DATASETS/CodecFake/train/F06_SSB10240038.wav,6
/USERSPACE/DATASETS/CodecFake/train/F06_SSB19390440.wav,6
/USERSPACE/DATASETS/CodecFake/train/F06_SSB03090426.wav,6
/USERSPACE/DATASETS/CodecFake/train/F06_SSB02610110.wav,6
/USERSPACE/DATASETS/CodecFake/train/F06_SSB04700216.wav,6
/USERSPACE/DATASETS/CodecFake/train/F06_SSB10550440.wav,6
/USERSPACE/DATASETS/CodecFake/train/F06_SSB06860169.wav,6
/USERSPACE/DATASETS/CodecFake/train/F06_SSB00430188.wav,6
/USERSPACE/DATASETS/CodecFake/train/F06_SSB14310215.wav,6
/USERSPACE/DATASETS/CodecFake/train/F06_p287_178.wav,6
/USERSPACE/DATASETS/CodecFake/train/F06_SSB12390122.wav,6
/USERSPACE/DATASETS/CodecFake/train/F06_SSB05900127.wav,6
/USERSPACE/DATASETS/CodecFake/train/F06_p351_074.wav,6
/USERSPACE/DATASETS/CodecFake/train/F06_SSB10010411.wav,6
/USERSPACE/DATASETS/CodecFake/train/F06_SSB06860433.wav,6
/USERSPACE/DATASETS/CodecFake/train/F06_p247_398.wav,6
/USERSPACE/DATASETS/CodecFake/train/F06_SSB11000247.wav,6
/USERSPACE/DATASETS/CodecFake/train/F06_SSB03750477.wav,6
/USERSPACE/DATASETS/CodecFake/train/F06_p230_083.wav,6
/USERSPACE/DATASETS/CodecFake/train/F06_p341_016.wav,6
/USERSPACE/DATASETS/CodecFake/train/F06_SSB18630161.wav,6
/USERSPACE/DATASETS/CodecFake/train/F06_p250_184.wav,6
/USERSPACE/DATASETS/CodecFake/train/F06_SSB11250233.wav,6
/USERSPACE/DATASETS/CodecFake/train/F06_SSB05390318.wav,6
/USERSPACE/DATASETS/CodecFake/train/F06_SSB03790290.wav,6
/USERSPACE/DATASETS/CodecFake/train/F06_SSB11610036.wav,6
/USERSPACE/DATASETS/CodecFake/train/F06_SSB13930457.wav,6
/USERSPACE/DATASETS/CodecFake/train/F06_p287_003.wav,6
/USERSPACE/DATASETS/CodecFake/train/F06_SSB10020137.wav,6
/USERSPACE/DATASETS/CodecFake/train/F06_SSB16240474.wav,6
/USERSPACE/DATASETS/CodecFake/train/F06_SSB07620482.wav,6
/USERSPACE/DATASETS/CodecFake/train/F06_SSB03150038.wav,6
/USERSPACE/DATASETS/CodecFake/train/F06_SSB04700382.wav,6
/USERSPACE/DATASETS/CodecFake/train/F06_p316_228.wav,6
/USERSPACE/DATASETS/CodecFake/train/F06_SSB07480018.wav,6
/USERSPACE/DATASETS/CodecFake/train/F06_SSB19180440.wav,6
/USERSPACE/DATASETS/CodecFake/train/F06_SSB00800236.wav,6
/USERSPACE/DATASETS/CodecFake/train/F06_SSB04070135.wav,6
/USERSPACE/DATASETS/CodecFake/train/F06_p255_058.wav,6
