{"_step":1,"Training_F1_Score":0.597988486289978,"Validating_Recall":0.8273718357086182,"Training_Accuracy":0.6152671575546265,"Training_AUROC":0.9304852485656738,"_timestamp":1.7376796564050226e+09,"Epoch":1,"Training_Recall":0.6152671575546265,"_runtime":55.772533785,"Validating_Accuracy":0.8273718357086182,"_wandb":{"runtime":55},"Validating_Precision":0.8306124210357666,"Validating_F1_Score":0.8038693070411682,"Training_Loss":1.0494565611724653,"Validating_AUROC":0.9755619764328003,"Validating_Loss":0.4585612532165315,"Training_Precision":0.6625243425369263}