{"Validating_F1_Score":0.8167861104011536,"Validating_Loss":0.5228091445234087,"Training_AUROC":0.9171807169914246,"Training_Loss":1.1496408199599395,"_timestamp":1.7376615996143088e+09,"Training_Precision":0.6431886553764343,"_wandb":{"runtime":56},"_step":1,"Validating_Recall":0.8360959887504578,"Training_F1_Score":0.5918886661529541,"Training_Recall":0.6016221046447754,"Training_Accuracy":0.6016221642494202,"Validating_Precision":0.8411727547645569,"_runtime":56.10203983,"Validating_AUROC":0.977401614189148,"Epoch":1,"Validating_Accuracy":0.8360959887504578}