{"_wandb":{"runtime":58},"Training_F1_Score":0.6246453523635864,"_runtime":46.113117573,"Training_Recall":0.6377862691879272,"_timestamp":1.737647464281989e+09,"Validating_Recall":0.849291205406189,"_step":0,"Validating_Precision":0.8533635139465332,"Validating_AUROC":0.9786032438278198,"Epoch":1,"Training_Precision":0.6872979998588562,"Validating_Accuracy":0.8492911458015442,"Validating_F1_Score":0.8223261833190918,"Training_AUROC":0.9358593821525574,"Validating_Loss":0.3198983644445737,"Training_Loss":0.9259323777845097,"Training_Accuracy":0.6377862691879272}