{"Training_Recall":0.9780942797660828,"Epoch":6,"Validating_Loss":0.08023533866637284,"Training_Precision":0.9780905246734619,"Training_F1_Score":0.9780921936035156,"Training_AUROC":0.9991616010665894,"_step":6,"Training_Accuracy":0.9780943393707275,"Validating_Precision":0.9718822240829468,"Validating_Recall":0.9713194966316223,"_timestamp":1.7376572674646885e+09,"Validating_F1_Score":0.9711600542068481,"Validating_AUROC":0.9992786645889282,"_wandb":{"runtime":220},"_runtime":220.770317692,"Training_Loss":0.058549062410557726,"Validating_Accuracy":0.9713194966316223}